:020000040800F2
:1000000000000824791E0008D9190008E119000829
:10001000E9190008F1190008F919000800000000AA
:10002000000000000000000000000000011A0008AD
:100030000F1A0008000000001D1A00082B1A000803
:10004000C91E0008C91E0008C91E0008C91E0008F4
:10005000C91E0008C91E0008C91E0008C91E0008E4
:10006000C91E0008C91E0008C91E0008C91E0008D4
:10007000C91E0008C91E0008C91E0008C91E0008C4
:10008000C91E0008C91E0008C91E0008C91E0008B4
:10009000C91E0008C91E0008C91E0008C91E0008A4
:1000A000C91E0008C91E0008C91E0008C91E000894
:1000B000C91E0008C91E0008C91E0008C91E000884
:1000C000C91E0008C91E0008C91E0008C91E000874
:1000D000391A0008C91E0008C91E0008C91E0008F8
:1000E000C91E0008C91E000800000000C91E000843
:1000F000C91E0008C91E0008C91E0008C91E000844
:10010000C91E0008C91E0008C91E0008C91E000833
:10011000C91E0008C91E0008C91E0008C91E000823
:10012000C91E0008C91E0008C91E0008C91E000813
:10013000C91E0008C91E0008C91E0008C91E000803
:1001400000000000000000000000000000000000AF
:10015000C91E0008C91E0008C91E0008C91E0008E3
:10016000C91E0008C91E0008C91E0008C91E0008D3
:10017000C91E0008C91E0008C91E000800000000B2
:10018000C91E0008C91E0008C91E0008C91E0008B3
:10019000C91E0008C91E0008C91E0008C91E0008A3
:1001A000C91E0008C91E0008C91E0008C91E000893
:1001B000C91E0008C91E0008C91E0008C91E000883
:1001C000C91E0008C91E0008C91E0008C91E000873
:1001D000C91E0008C91E0008C91E0008C91E000863
:1001E000C91E0008C91E0008C91E0008C91E000853
:1001F000C91E0008C91E0008C91E0008C91E000843
:10020000C91E0008C91E0008C91E0008C91E000832
:10021000C91E0008C91E0008C91E0008C91E000822
:10022000C91E0008C91E0008C91E00080000000001
:10023000C91E0008C91E000800000000C91E0008F1
:10024000C91E0008C91E0008C91E0008C91E0008F2
:10025000C91E0008C91E0008C91E0008C91E0008E2
:10026000C91E0008C91E0008C91E0008C91E0008D2
:10027000C91E0008C91E00084D1A00080000000031
:10028000C91E0008C91E0008C91E000800000000A1
:0802900000000000C91E000877
:1002A00010B5054C237833B9044B13B10448AFF3B0
:1002B00000800123237010BDE00100240000000035
:1002C000E0B2000808B5034B1BB103490348AFF384
:1002D000008008BD00000000E4010024E0B2000836
:1002E00001F0FF01102A2BDB10F0070F08D010F8E7
:1002F000013B013A8B422DD010F0070F42B3F6D1EB
:10030000F0B441EA012141EA014122F007047FF003
:1003100000070023F0E80256083C85EA010586EA5A
:10032000010685FA47F5A3FA87F586FA47F6A5FA96
:1003300087F68EB9EED1F0BC01F0FF0102F00702A2
:1003400032B110F8013B013A83EA010313B1F8D14D
:100350000020704701387047002D06BF354603382E
:10036000073815F0010F07D1013015F4807F02BF67
:10037000013015F4C03F0130F0BC0138704700BFB8
:10038000034613F8012B002AFBD1181A01387047D5
:1003900053B94AB9002908BF00281CBF4FF0FF31EC
:1003A0004FF0FF3000F06AB9ADF1080C6DE904CEF2
:1003B00000F006F8DDF804E0DDE9022304B0704740
:1003C0002DE9F047089D0C46002B4ED194468C45F4
:1003D0008646B2FA82F262D94AB1C2F12003914054
:1003E00020FA03F30CFA02FC194300FA02FE4FEA6A
:1003F0001C471FFA8CF6B1FBF7F44FEA1E4307FBCC
:10040000141143EA014304FB06F199420AD91CEB9B
:10041000030304F1FF3080F01281994240F20F8112
:10042000023C6344591A1FFA8EF3B1FBF7F007FB45
:10043000101143EA014300FB06F69E420AD91CEB69
:10044000030300F1FF3180F0FC809E4240F2F9800E
:10045000634402389B1B40EA044000211DB1D34095
:100460000022C5E90032BDE8F0878B4205D90DB105
:10047000C5E9000100210846F5E7B3FA83F1002938
:1004800046D1A34202D39042C0F0F080861A64EBBA
:1004900003030120002DE6D0C5E90063E3E7002A4D
:1004A00040F09080A1EB0C044FEA1C481FFA8CF737
:1004B0000121B4FBF8F64FEA1E4308FB164443EA59
:1004C000044307FB06F0984208D91CEB030306F12E
:1004D000FF3402D2984200F2CD8026461C1A1FFA41
:1004E0008EF3B4FBF8F008FB104443EA044300FB2E
:1004F00007F79F4208D91CEB030300F1FF3402D237
:100500009F4200F2B0802046DB1B40EA0640A5E790
:10051000C1F120068B4022FA06F71F4320FA06FCA1
:1005200004FA01F343EA0C03F44000FA01F8380C32
:100530004FEA1349B4FBF0FE1FFA87FC00FB1E4490
:1005400049EA04440EFB0CF9A14502FA01F20AD96A
:100550003C190EF1FF3A80F08480A14540F2818081
:10056000AEF1020E3C44A4EB09041FFA83F9B4FB7C
:10057000F0F300FB134449EA044403FB0CFCA445DC
:1005800007D93C1903F1FF3067D2A44565D9023B76
:100590003C4443EA0E40A0FB0293A4EB0C049C42B3
:1005A000CE469C4651D34ED055B1B8EB0E0364EB0A
:1005B0000C0404FA06F6CB401E43CC40C5E90064A7
:1005C000002150E7C2F1200320FA03F10CFA02FCEB
:1005D00024FA03F394400C434FEA1C4800FA02FE4D
:1005E0001FFA8CF7B3FBF8F008FB1031230C43EA39
:1005F000014300FB07F1994208D91CEB030300F10A
:10060000FF362CD299422AD9023863445B1AA4B22D
:10061000B3FBF8F108FB113344EA034401FB07F391
:10062000A34208D91CEB040401F1FF3613D2A34204
:1006300011D902396444E41A41EA004139E7044619
:10064000F0E6084606E7C845AED2B9EB020E63EB0A
:10065000070C0138A8E73146EDE7034699E7304635
:10066000D4E7D6467FE7634402384DE70646234683
:1006700008460FE7023E634430E700BF704700BF03
:1006800080B500AF094B1B780133DAB2074B1A7003
:10069000064B1B78142B07D9044B00221A704FF419
:1006A0000051034802F089FD00BF80BDFC01002419
:1006B0000008025880B500AF00F09CFC00F0C8FCB8
:1006C00000F090FEFFF7DCFF0A2001F091FC00BF74
:1006D000F6E780B582B000AF0346FB80FB88184682
:1006E00001F086FC00BF0837BD4680BD80B500AF75
:1006F00001224FF48051024802F046FD00BF80BD48
:100700000004025880B500AF00224FF48051024827
:1007100002F03AFD00BF80BD0004025880B584B0ED
:1007200000AF0346FB717F233B73FB797B73FFF7BD
:10073000E9FF07F10C010A230222044805F0C8FC76
:10074000FFF7D4FF00BF1037BD4680BD4402002430
:1007500080B584B000AF03460A46FB711346BB71F7
:10076000BB7963F07F03DBB2FB73FB791846FFF7BD
:10077000D5FFFFF7C7FF07F10F014FF47A7301228E
:10078000084805F0A5FC07F10E014FF47A73012229
:10079000044805F08BFEFFF7A9FFBB7B1846103716
:1007A000BD4680BD4402002480B584B000AF03463E
:1007B000FB710B46BB7113467B71BB793B737B7935
:1007C0007B73FB791846FFF7A9FFFFF79BFF07F143
:1007D0000C014FF47A730222044805F079FCFFF70C
:1007E00085FF00BF1037BD4680BD00BF4402002416
:1007F00080B584B000AF0346FB710B46BB71134656
:100800007B71BB7963F07F03DBB2FB737B79062BD3
:1008100001D9002318E0FB791846FFF77FFFFFF7A7
:1008200071FF07F10F014FF47A730122084805F0B8
:100830004FFC7B799AB24FF47A730649044805F06D
:1008400035FEFFF753FF034B18461037BD4680BDFA
:10085000440200243C02002480B584B000AF3A601A
:100860001A460346FB710B46BB7113467B71BB797D
:10087000FB73FB791846FFF751FFFFF743FF07F1C2
:100880000F014FF47A730122084805F021FC7B79AF
:100890009AB24FF47A733968044805F019FCFFF7EF
:1008A00025FF00BF1037BD4680BD00BF44020024B5
:1008B00080B582B000AF0346FB718C22032130204B
:1008C000FFF772FFFB791A4604213020FFF76CFF17
:1008D000812205213020FFF767FF0120FFF7F9FE95
:1008E0003B210020FFF734FF034618460837BD467A
:1008F00080BD80B582B000AF03460A46FB71134647
:10090000BB710C2203213020FFF74EFFFB791A4602
:1009100004213020FFF748FFBB791A46062130201A
:10092000FFF742FF812205213020FFF73DFF00BF86
:100930000837BD4680BD80B582B000AF03460A4689
:10094000FB711346BB718C2203213020FFF72CFF73
:10095000FB791A4604213020FFF726FFBB7963F0AC
:100960007F03DBB21A4605213020FFF71DFF01206F
:10097000FFF7AFFEBB791A463B210020FFF738FF97
:10098000034618460837BD4680BD80B500AFC1227A
:1009900006210020FFF708FF6420FFF79AFE00BF42
:1009A00080BD80B500AF01213220FFF7A2FF642097
:1009B000FFF78FFE00BF80BD80B582B000AF06217B
:1009C0000020FFF7C5FE0346FB71FB7923F04003CF
:1009D000FB71FB791A4606210020FFF7E5FE642033
:1009E000FFF777FE00BF0837BD4680BD80B582B0F7
:1009F00000AF03210020FFF7ABFE0346FB71FB793C
:100A000043F01003FB71FB791A4603210020FFF726
:100A1000CBFE00BF0837BD4680BD80B582B000AFB9
:100A200003210020FFF794FE0346FB71FB7943F09E
:100A30000203FB71FB791A4603210020FFF7B4FE85
:100A400000BF0837BD4680BD80B582B000AF03212E
:100A50000020FFF77DFE0346FB71FB7943F0200386
:100A6000FB71FB791A4603210020FFF79DFE6420ED
:100A7000FFF72FFE00BF0837BD4680BD80B584B0AC
:100A800000AF0346FB7101213020FFF761FE0346F2
:100A9000FB73FA7BFB791343FB73FB7B1A46012143
:100AA0003020FFF781FE00BF1037BD4680BD80B506
:100AB00084B000AF0346FB7106210020FFF748FE1B
:100AC0000346FB73FA7BFB791343FB73FB7B1A46EC
:100AD00006210020FFF768FE00BF1037BD4680BD2D
:100AE00080B500AF012209212020FFF75DFE00BF85
:100AF00080BD80B584B000AF0346FB71012120208A
:100B0000FFF726FE0346FB73FB79DB005AB297F929
:100B10000F3013435BB2FB73FB7B1A46012120208D
:100B2000FFF742FE00BF1037BD4680BD80B584B0E0
:100B300000AF0346FB7114212020FFF709FE034696
:100B4000FB73FB79DB005AB297F90F3013435BB2AA
:100B5000FB73FB7B1A4601212020FFF725FE00BF17
:100B60001037BD4680BD80B582B000AF0346FB7133
:100B7000FB791A4600212020FFF716FE00BF083738
:100B8000BD4680BD80B584B000AF0346FB80FB88C6
:100B90001B0A9BB2FB73FB88DBB203F00F03BB7332
:100BA000FB7B1A4610212020FFF7FEFDBB7B1A4677
:100BB00011212020FFF7F8FD00BF1037BD4680BD92
:100BC00080B582B000AF0346FB71FB791946312036
:100BD000FFF78FFE6420FFF77CFD00BF0837BD469E
:100BE00080BD000080B588B000AF07F10803002287
:100BF0001A605A609A6000233B600023BB80002388
:100C0000FB6116E007F11403184600F05FFABB68B9
:100C1000B7F914201344BB60FB68B7F916201344DE
:100C2000FB603B69B7F9182013443B61FB69013352
:100C3000FB61FB69632BE5DDBB682A4A82FB03127B
:100C40005211DB17D31ABB60FB68264A82FB0312E2
:100C50005211DB17D31AFB603B69224A82FB031255
:100C60005211DB17D31A3B61BB685B42002B00DAE1
:100C700003339B101B12DBB23B70BB685B42002B43
:100C800000DA03339B10DBB27B70FB685B42002B06
:100C900000DA03339B101B12DBB2BB70FB685B42B4
:100CA000002B00DA03339B10DBB2FB703B695B4225
:100CB000002B00DA03339B101B12DBB23B713B6944
:100CC0005B42002B00DA03339B10DBB27B713A46A8
:100CD000062303212020FFF7BFFD00BF2037BD46BC
:100CE00080BD00BF1F85EB5180B590B000AF07F10C
:100CF0001C0300221A605A609A6007F11003002258
:100D00001A605A609A600023BB600023BB810023F5
:100D1000FB6316E007F12803184600F00BFAFB69A5
:100D2000B7F928201344FB613B6AB7F92A20134422
:100D30003B627B6AB7F92C2013447B62FB6B013367
:100D4000FB63FB6B632BE5DDFB69604A82FB0312EF
:100D50005211DB17D31AFB613B6A5C4A82FB031218
:100D60005211DB17D31A3B627B6A584A82FB03128B
:100D70005211DB17D31A7B62554A3B1D126811468C
:100D800019800233120C1A70022214211020FFF76E
:100D90002FFDB863BB6B1B781B02BA6B0132127854
:100DA00013433B61BB6B01331B7803F00103DBB2E0
:100DB0003B71022217211020FFF71AFD78637B6B2D
:100DC0001B781B027A6B0132127813437B617B6BB9
:100DD00001331B7803F00103DBB27B7102221A217D
:100DE0001020FFF705FD38633B6B1B781B023A6B45
:100DF000013212781343BB613B6B01331B7803F064
:100E00000103DBB2BB713A69FB69002B00DA0733DF
:100E1000DB105B4213443B617A693B6A002B00DACA
:100E20000733DB105B4213447B61BA697B6A002B9A
:100E300000DA0733DB105B421344BB613B691B12D2
:100E4000DBB23B723B69DBB223F00103DBB27B72A6
:100E50007A7A3B791343DBB27B727B691B12DBB27C
:100E6000BB727B69DBB223F00103DBB2FB72FA7A5F
:100E70007B791343DBB2FB72BB691B12DBB23B73A2
:100E8000BB69DBB223F00103DBB27B737A7BBB79F6
:100E90001343DBB27B7307F10802022314211020F5
:100EA000FFF7DAFC07F108039A1C02231721102030
:100EB000FFF7D2FC07F108031A1D02231A211020A4
:100EC000FFF7CAFC00BF4037BD4680BD1F85EB5110
:100ED000F8B2000880B584B000AF0346FB71012171
:100EE0002020FFF735FC0346FB73FB79032B27D843
:100EF00001A252F823F000BF090F0008110F0008EB
:100F0000210F0008310F0008124B134A1A6017E036
:100F1000FB7B43F00203FB730E4B104A1A600FE099
:100F2000FB7B43F00403FB730A4B0D4A1A6007E096
:100F3000FB7B43F00603FB73064B0A4A1A6000BFB3
:100F4000FB7B1A4601212020FFF72EFC00BF103743
:100F5000BD4680BD00000024000003430000834222
:100F6000333303423333834180B584B000AF03464B
:100F7000FB7114212020FFF7EBFB0346FB73FB7989
:100F8000032B2BD801A252F823F000BF9D0F0008BD
:100F9000A70F0008B90F0008CB0F0008144B4FF043
:100FA0008D421A601AE0FB7B43F00203FB73104B87
:100FB0004FF08C421A6011E0FB7B43F00403FB739B
:100FC0000B4B4FF08B421A6008E0FB7B43F00603AB
:100FD000FB73074B4FF08A421A6000BFFB7B1A4637
:100FE00014212020FFF7E0FB00BF1037BD4680BD75
:100FF0000400002480B500AF00BF00F042F80346B3
:1010000083F00103DBB2002BF7D1FFF7BEFCFFF743
:10101000D3FC0120FFF74BFDFFF762FDFFF7E6FC75
:101020000020FFF766FD0020FFF780FD0020FFF79E
:101030009AFD0020FFF7A6FDFFF7D4FDFFF754FE51
:101040000320FFF747FF0320FFF78EFF00BF80BD9F
:1010500080B500AFFFF7E1FCFFF7F6FC0720FFF7D4
:101060000DFD00BF00F020F8034683F00103DBB262
:10107000002BF7D1FFF795FC0820FFF7A1FD00BF7B
:1010800080BD80B582B000AF00210020FFF760FB7B
:101090000346FB71FB79EA2B01D1012300E0002319
:1010A00018460837BD4680BD80B582B000AF01202C
:1010B000FFF7FEFB0346FB71FB79092B01D10123EE
:1010C00000E0002318460837BD4680BD80B584B0D7
:1010D00000AF7860062233210020FFF789FBF8601B
:1010E000FB681B781B021AB2FB6801331B781BB22A
:1010F00013431AB27B681A80FB6802331B781B0209
:101100001AB2FB6803331B781BB213431AB27B6815
:101110005A80FB6804331B781B021AB2FB68053344
:101120001B781BB213431AB27B689A8000BF10373A
:10113000BD4680BD80B584B000AF786006222D2109
:101140000020FFF755FBF860FB681B781B021AB202
:10115000FB6801331B781BB213431AB27B681A80F9
:10116000FB6802331B781B021AB2FB6803331B783F
:101170001BB213431AB27B685A80FB6804331B7896
:101180001B021AB2FB6805331B781BB213431BB258
:1011900007EE903AB8EEE77A074BD3ED007A77EE98
:1011A000277AFDEEE77A17EE903A1AB27B689A80BA
:1011B00000BF1037BD4680BD0400002480B586B056
:1011C00000AF78601020FFF773FB034603F00103C4
:1011D000FB75FB7D002B01D1002337E00621112098
:1011E000FFF7A9FB38611820FFF762FB034603F005
:1011F0000803FB73FB7B002B01D0002326E03B6937
:1012000001331B781B021AB23B691B781BB21343D4
:101210001AB27B681A803B6903331B781B021AB22F
:101220003B6902331B781BB213431AB27B685A80A6
:101230003B6905331B781B021AB23B6904331B78E8
:101240001BB213431AB27B689A80012318461837E1
:10125000BD4680BD80B582B000AF78601948FFF709
:1012600035FF184BB3F9003007EE903AF8EEE76A15
:10127000154B93ED007AC6EE877A7B68C3ED007A52
:10128000104BB3F9023007EE903AF8EEE76A0E4BD6
:1012900093ED007AC6EE877A7B68C3ED017A094B3D
:1012A000B3F9043007EE903AF8EEE76A064B93ED97
:1012B000007AC6EE877A7B68C3ED027A00BF0837F2
:1012C000BD4680BD240200240000002480B582B009
:1012D00000AF78601948FFF72DFF184BB3F90030C5
:1012E00007EE903AF8EEE76A154B93ED007AC6EEFA
:1012F000877A7B68C3ED007A104BB3F9023007EEB2
:10130000903AF8EEE76A0E4B93ED007AC6EE877AD4
:101310007B68C3ED017A094BB3F9043007EE903ACC
:10132000F8EEE76A064B93ED007AC6EE877A7B68A3
:10133000C3ED027A00BF0837BD4680BD2C020024F1
:10134000040000240000000080B584B000AF786085
:101350002348FFF733FF0346FB73FB7B83F0010356
:10136000DBB2002B01D0002330E01D4BB3F900307D
:1013700007EE903AB8EEE77B9FED176B27EE067B02
:10138000F7EEC77B7B68C3ED007A154BB3F90230EB
:1013900007EE903AB8EEE77B9FED0F6B27EE067BEA
:1013A000F7EEC77B7B68C3ED017A0D4BB3F90430D0
:1013B00007EE903AB8EEE77B9FED076B27EE067BD2
:1013C000F7EEC77B7B68C3ED027A0123184610371E
:1013D000BD4680BDAFF30080333333333333C33F77
:1013E0003402002480B584B004AF3048FFF732FFE8
:1013F0002F48FFF76BFF2F48FFF7A6FF2E4B1B88E8
:1014000001339AB22C4B1A802B4B1B88052B4AD9DF
:10141000294B00221A80264BD3ED007AB7EEE75A0B
:10142000234BD3ED017AB7EEE77A214BD3ED026A75
:10143000B7EEE66A8DED026B8DED007B53EC152B5C
:101440001E4808F043F8194BD3ED007AB7EEE75A7F
:10145000164BD3ED017AB7EEE77A144BD3ED026A5F
:10146000B7EEE66A8DED026B8DED007B53EC152B2C
:10147000134808F02BF80F4BD3ED007AB7EEE75A7C
:101480000C4BD3ED017AB7EEE77A0A4BD3ED026A43
:10149000B7EEE66A8DED026B8DED007B53EC152BFC
:1014A000084808F013F800BFBD4680BD00020024C4
:1014B0000C0200241802002442020024FCB200089E
:1014C00018B3000830B3000880B58AB000AF07F148
:1014D000140300221A605A609A60DA601A61354B70
:1014E000D3F8E030334A43F00403C2F8E030314B24
:1014F000D3F8E03003F004033B613B692D4BD3F894
:10150000E0302C4A43F08003C2F8E030294BD3F896
:10151000E03003F08003FB60FB68264BD3F8E0303B
:10152000244A43F00203C2F8E030224BD3F8E03003
:1015300003F00203BB60BB681E4BD3F8E0301D4ACA
:1015400043F00103C2F8E0301A4BD3F8E03003F067
:1015500001037B607B6800224FF40051164801F0C4
:1015600013FE00224FF48051144801F00DFE4FF499
:1015700000537B610123BB610023FB6100233B62BD
:1015800007F1140319460C4801F04EFC4FF4805348
:101590007B610123BB610023FB6100233B6207F1F8
:1015A00014031946054801F03FFC00BF2837BD462B
:1015B00080BD00BF004402580008025800040258D1
:1015C00080B500AF00F0CEF800F080FC00F00AF823
:1015D000FFF77AFF00F092FB00F0F6F8FFF76AF8E9
:1015E00000BFFDE780B59EB000AF07F12C034C2291
:1015F0000021184607F0BFFF07F10C03202200214D
:10160000184607F0B8FF022001F0F2FD0023BB608E
:10161000484BDB6A474A23F00103D362454BDB6A40
:1016200003F00103BB60444B9B69434A43F44043CE
:101630009361414B9B6903F44043BB60BB6800BFAF
:101640003D4B9B6903F40053B3F5005FF8D13B4B6E
:10165000D3F8F430394A43F00203C2F8F430374B80
:10166000D3F8F43003F002037B607B6800233B6017
:10167000314B9B69304A43F4404393612E4B9B6945
:1016800003F440433B602B4BDB6A2A4A43F00103DF
:10169000D362284BDB6A03F001033B603B6800BF69
:1016A000254B9B6903F40053B3F5005FF8D1012388
:1016B000FB624FF480333B6302233B6502237B656F
:1016C0000523BB65C023FB6502233B6605237B66C0
:1016D0000223BB660823FB6600233B6700237B676E
:1016E00007F12C03184601F0BDFD0346002B01D085
:1016F00000F064F83F23FB6003233B6100237B6120
:101700000823BB614023FB6140233B624FF48063AD
:101710007B624023BB6207F10C030421184602F0F0
:10172000FBF90346002B01D000F048F800BF7837E2
:10173000BD4680BD000400580048025800440258CD
:1017400080B582B000AF7860391D4FF6FF7301227B
:10175000034805F070FC7B6818460837BD4680BD1D
:10176000D002002480B584B000AF3B4600221A604E
:101770005A609A60DA6000F07BFD01233B70002321
:101780007B7000237B601F233B7287237B720023C7
:10179000BB720023FB7201233B7301237B73002385
:1017A000BB730023FB733B46184600F099FD0420F1
:1017B00000F076FD00BF1037BD4680BD80B400AF9D
:1017C00072B600BF00BFFDE780B500AF284B294AC5
:1017D0001A60274B4FF480025A60254B00229A6012
:1017E000234B0722DA60224B4FF000721A61204B24
:1017F0004FF080725A611E4B4FF080629A611C4B11
:101800004FF0E042DA611A4B00221A62184B0022B4
:101810005A62174B00229A62154B0022DA62144B6F
:101820004FF080425A63124B00229A63104B002201
:10183000DA630F4B00221A640D4B00225A640C4BE2
:1018400000229A640A4B0022DA64094B00221A65CE
:10185000074B00225A65064B00229A65044804F0A3
:1018600013FB0346002B01D0FFF7A8FF00BF80BD8C
:10187000440200240038004080B5BCB000AF78605E
:1018800007F1DC0300221A605A609A60DA601A617C
:1018900007F11803C0220021184607F06CFE7B6890
:1018A0001B683C4A934271D14FF480524FF00003C1
:1018B000C7E906230023BB6707F11803184602F0A7
:1018C000B7FC0346002B01D0FFF778FF324BD3F86B
:1018D000E830314A43F48043C2F8E8302E4BD3F865
:1018E000E83003F480437B617B692B4BD3F8E03015
:1018F000294A43F00403C2F8E030274BD3F8E03024
:1019000003F004033B613B69234BD3F8E030224AE8
:1019100043F00203C2F8E0301F4BD3F8E03003F08D
:101920000203FB60FB680C23C7F8DC300223C7F816
:10193000E0300023C7F8E4300023C7F8E83005237F
:10194000C7F8EC3007F1DC031946144801F06CFAD3
:101950004FF40053C7F8DC300223C7F8E03000230F
:10196000C7F8E4300023C7F8E8300523C7F8EC30A7
:1019700007F1DC0319460A4801F056FA002200215B
:10198000242000F040FC242000F057FC00BFF0377A
:10199000BD4680BD0038004000440258000802588F
:1019A0000004025880B483B000AF0A4BD3F8F4307F
:1019B000084A43F00203C2F8F430064BD3F8F4307F
:1019C00003F002037B607B6800BF0C37BD465DF807
:1019D000047B70470044025880B400AF00BFFDE7AD
:1019E00080B400AF00BFFDE780B400AF00BFFDE7EB
:1019F00080B400AF00BFFDE780B400AF00BFFDE7DB
:101A000080B400AF00BFBD465DF8047B704780B472
:101A100000AF00BFBD465DF8047B704780B400AFE7
:101A200000BFBD465DF8047B704780B500AF00F095
:101A3000BFFA00BF80BD000080B500AF024804F0CF
:101A4000A7FF00BF80BD00BF4402002480B500AFE7
:101A5000024805F07FFB00BF80BD00BFD00200241C
:101A600080B400AF01231846BD465DF8047B704783
:101A700080B582B000AF7860396007F0CFFD0346D3
:101A800016221A604FF0FF3318460837BD4680BD56
:101A900080B582B000AF78604FF0FF317868FFF713
:101AA000E7FF00BFFDE780B586B000AFF860B96022
:101AB0007A6000237B610AE0AFF300800146BB68D7
:101AC0005A1CBA60CAB21A707B6901337B617A69A9
:101AD0007B689A42F0DB7B6818461837BD4680BDAC
:101AE00080B586B000AFF860B9607A6000237B6192
:101AF00009E0BB685A1CBA601B781846FFF720FE45
:101B00007B6901337B617A697B689A42F1DB7B6890
:101B100018461837BD4680BD80B483B000AF7860EA
:101B20004FF0FF3318460C37BD465DF8047B704715
:101B300080B483B000AF786039603B684FF40052E6
:101B40005A60002318460C37BD465DF8047B704789
:101B500080B483B000AF7860012318460C37BD46CF
:101B60005DF8047B704780B485B000AFF860B96061
:101B70007A60002318461437BD465DF8047B704731
:101B800080B586B000AF7860144A154BD31A7B61DC
:101B90007B693B61134B1B68002B02D1114B124A2E
:101BA0001A60104B1A687B6813443A699A4207D24C
:101BB00007F034FD03460C221A604FF0FF3309E0B2
:101BC000084B1B68FB60074B1A687B681344054A87
:101BD0001360FB6818461837BD4680BD0000082416
:101BE00000040000CC020024B804002480B400AF3C
:101BF000374BD3F88830364A43F47003C2F8883044
:101C0000344B1B6803F00F03062B07D8314B1B68BE
:101C100023F00F032F4A43F0070313602E4B1B687A
:101C20002D4A43F0010313602B4B00221A612A4B0B
:101C30001A682949294B13400B60264B1B6803F097
:101C40000803002B07D0234B1B6823F00F03214A06
:101C500043F007031360204B00229A611E4B0022C1
:101C6000DA611D4B00221A621B4B1D4A9A621A4B05
:101C70001C4ADA62184B1C4A1A63174B00225A633B
:101C8000154B194A9A63144B0022DA63124B164A19
:101C90001A64114B00225A640F4B1B680E4A23F43E
:101CA000802313600C4B00221A66104B1A68104BED
:101CB0001340B3F1005F02D20E4B01221A600E4BAB
:101CC00043F2D2021A6000BFBD465DF8047B704744
:101CD00000ED00E000200052004402587FEDF6EADB
:101CE000000202020000FF01800201010010005CFE
:101CF0000000FFFF088100510040005280B500AF96
:101D0000224B234A1A60214B4FF4E1325A601F4B99
:101D100000229A601D4B0022DA601C4B00221A61DF
:101D20001A4B0C225A61194B00229A61174B002260
:101D30001A62164B00225A62144B00229A62134B0D
:101D400000225A66114805F026F90346002B01D0FF
:101D5000FFF734FD00210D4806F0F6FD0346002B89
:101D600001D0FFF72BFD0021084806F02BFE0346AB
:101D7000002B01D0FFF722FD044806F0ACFD03461E
:101D8000002B01D0FFF71AFD00BF80BDD002002458
:101D9000000C005880B5BAB000AF786007F1D403EA
:101DA00000221A605A609A60DA601A6107F1100323
:101DB000C0220021184607F0DEFB7B681B682B4A17
:101DC00093424ED14FF004024FF00003C7E90423C1
:101DD0000023C7F8A43007F11003184602F028FAD0
:101DE0000346002B01D0FFF7E9FC214BD3F8F43078
:101DF0001F4A43F00803C2F8F4301D4BD3F8F43007
:101E000003F00803FB60FB68194BD3F8E030184A75
:101E100043F00103C2F8E030154BD3F8E03003F093
:101E20000103BB60BB684FF4C063C7F8D430022322
:101E3000C7F8D8300023C7F8DC300023C7F8E030FB
:101E40000323C7F8E43007F1D4031946094800F02A
:101E5000EBFF002200218E2000F0D5F98E2000F04B
:101E6000ECF900BFE837BD4680BD00BF000C00584C
:101E70000044025800000258DFF834D0FFF7B6FEE5
:101E80000C480D490D4A002302E0D458C4500433D5
:101E9000C4188C42F9D30A4A0A4C002301E01360AB
:101EA0000432A242FBD307F0BFFBFFF789FB704768
:101EB0000000082400000024E001002400B700080E
:101EC000E0010024B4040024FEE7000080B582B0E5
:101ED00000AF032000F08CF901F0D4FF0246154B4F
:101EE0009B691B0A03F00F031349CB5C03F01F032C
:101EF00022FA03F37B600F4B9B6903F00F030E4A3A
:101F0000D35C03F01F037A6822FA03F30B4A1360D1
:101F10000B4A7B6813600F2000F014F80346002B77
:101F200001D0012302E0FFF73DFD002318460837EA
:101F3000BD4680BD0044025848B300080C00002490
:101F40000800002480B582B000AF7860154B1B7884
:101F5000002B01D1012321E0134B1A68114B1B7890
:101F600019464FF47A73B3FBF1F3B2FBF3F318465F
:101F700000F071F90346002B01D001230EE07B68CD
:101F80000F2B0AD8002279684FF0FF3000F03BF9A0
:101F9000064A7B681360002300E0012318460837D7
:101FA000BD4680BD14000024080000241000002459
:101FB00080B400AF064B1B781A46064B1B681344CF
:101FC000044A136000BFBD465DF8047B704700BF44
:101FD000140000246403002480B400AF034B1B688A
:101FE0001846BD465DF8047B704700BF64030024BB
:101FF00080B584B000AF7860FFF7EEFFB8607B6813
:10200000FB60FB68B3F1FF3F05D00A4B1B781A4613
:10201000FB681344FB6000BFFFF7DEFF0246BB68AE
:10202000D31AFA689A42F7D800BF00BF1037BD46EE
:1020300080BD00BF1400002480B400AF034B1B68B8
:102040001B0C1846BD465DF8047B70470010005C11
:1020500080B485B000AF78607B6803F00703FB6055
:102060000B4BDB68BB60BA684FF6FF031340BB60E5
:10207000FB681A02BB681A43064B1343BB60044A51
:10208000BB68D36000BF1437BD465DF8047B704762
:1020900000ED00E00000FA0580B400AF044BDB68FF
:1020A0001B0A03F007031846BD465DF8047B704722
:1020B00000ED00E080B483B000AF0346FB80B7F9C9
:1020C0000630002B0BDBFB8803F01F020749B7F932
:1020D00006305B09012000FA02F241F8232000BF1C
:1020E0000C37BD465DF8047B704700BF00E100E09F
:1020F00080B483B000AF03463960FB80B7F9063087
:10210000002B0ADB3B68DAB20C49B7F90630120142
:10211000D2B20B4483F800230AE03B68DAB20849E4
:10212000FB8803F00F03043B1201D2B20B441A7672
:1021300000BF0C37BD465DF8047B704700E100E04E
:1021400000ED00E080B489B000AFF860B9607A605B
:10215000FB6803F00703FB61FB69C3F10703042B72
:1021600028BF0423BB61FB690433062B02D9FB693A
:10217000033B00E000237B614FF0FF32BB6902FAB2
:1021800003F3DA43BB681A407B699A404FF0FF3192
:102190007B6901FA03F3D9437B680B40134318466C
:1021A0002437BD465DF8047B7047000080B582B0DF
:1021B00000AF78607B68013BB3F1807F01D30123DE
:1021C0000FE00A4A7B68013B53600F214FF0FF305C
:1021D000FFF78EFF054B00229A60044B07221A601E
:1021E000002318460837BD4680BD00BF10E000E060
:1021F00080B582B000AF78607868FFF729FF00BF34
:102200000837BD4680BD80B586B000AF0346B960D3
:102210007A60FB81FFF740FF78617A68B968786976
:10222000FFF790FF0246B7F90E3011461846FFF748
:102230005FFF00BF1837BD4680BD80B582B000AFDC
:102240000346FB80B7F906301846FFF733FF00BF9F
:102250000837BD4680BD80B582B000AF7860786831
:10226000FFF7A4FF034618460837BD4680BD0000AF
:1022700080B400AFBFF35F8F00BF074B5B6A064AB5
:1022800023F480335362054B00225A6000BFBD46E1
:102290005DF8047B704700BF00ED00E090ED00E0CA
:1022A00080B483B000AF78600B4A7B6843F00103D1
:1022B00053600A4B5B6A094A43F480335362BFF3AD
:1022C0004F8F00BFBFF36F8F00BF00BF0C37BD46FD
:1022D0005DF8047B704700BF90ED00E000ED00E08A
:1022E00080B483B000AF78607B685A781B4B9A60EB
:1022F0001A4B1B69194A23F001031361174A7B68C3
:102300005B68D3607B681B7B1A077B68DB7A1B06E4
:102310001A437B689B7ADB041A437B685B7B9B04D4
:102320001A437B689B7B5B041A437B68DB7B1B0443
:102330001A437B685B7A1B021A437B681B7A5B003B
:1023400013437A6812781146044A0B43136100BFA5
:102350000C37BD465DF8047B704700BF90ED00E090
:1023600080B586B000AF7860FFF736FE38617B68D5
:10237000002B01D10123DCE27B6893F83530DBB21E
:10238000022B08D07B6880225A657B68002283F884
:1023900034200123CDE27B681B68764A93424AD001
:1023A0007B681B68744A934245D07B681B68734AFC
:1023B000934240D07B681B68714A93423BD07B6854
:1023C0001B68704A934236D07B681B686E4A934202
:1023D00031D07B681B686D4A93422CD07B681B68A8
:1023E0006B4A934227D07B681B686A4A934222D08B
:1023F0007B681B68684A93421DD07B681B68674AEC
:10240000934218D07B681B68654A934213D07B685F
:102410001B68644A93420ED07B681B68624A9342F1
:1024200009D07B681B68614A934204D07B681B68B3
:102430005F4A934201D1012300E00023002B13D017
:102440007B681B681A687B681B6822F01E021A6092
:102450007B681B685A697B681B6822F080025A619E
:102460007B681B687B610AE07B681B681A687B6875
:102470001B6822F00E021A607B681B687B617B6818
:102480001B683C4A934272D07B681B683A4A93426D
:102490006DD07B681B68394A934268D07B681B68A3
:1024A000374A934263D07B681B68364A93425ED0BA
:1024B0007B681B68344A934259D07B681B68334A57
:1024C000934254D07B681B68314A93424FD07B685B
:1024D0001B68304A93424AD07B681B682E4A93425D
:1024E00045D07B681B682D4A934240D07B681B68AF
:1024F0002B4A93423BD07B681B682A4A934236D0D2
:102500007B681B68284A934231D07B681B68274A46
:1025100093422CD07B681B68254A934227D07B6866
:102520001B68244A934222D07B681B68224A93424C
:102530001DD07B681B68214A934218D07B681B68BA
:102540001F4A934213D07B681B681E4A93420ED0E9
:102550007B681B681C4A934209D07B681B681B4A36
:10256000934204D07B681B68194A934232D10123FD
:1025700031E000BF1000024028000240400002404D
:10258000580002407000024088000240A000024053
:10259000B8000240100402402804024040040240F7
:1025A000580402407004024088040240A004024023
:1025B000B8040240085402581C54025830540258BF
:1025C00044540258585402586C54025880540258CB
:1025D000945402580023002B07D07B681B6E1A68A6
:1025E0007B681B6E22F480721A607B681B686D4AE0
:1025F00093424AD07B681B686B4A934245D07B6804
:102600001B686A4A934240D07B681B68684A9342C1
:102610003BD07B681B68674A934236D07B681B6857
:10262000654A934231D07B681B68644A93422CD040
:102630007B681B68624A934227D07B681B68614AAB
:10264000934222D07B681B685F4A93421DD07B680F
:102650001B685E4A934218D07B681B685C4A9342B1
:1026600013D07B681B685B4A93420ED07B681B6863
:10267000594A934209D07B681B68584A934204D058
:102680007B681B68564A934208D17B681B681A68AE
:102690007B681B6822F001021A6007E07B681B68F8
:1026A0001A687B681B6822F001021A6013E0FFF7CA
:1026B00093FC02463B69D31A052B0CD97B68202278
:1026C0005A657B68032283F835207B68002283F8F3
:1026D000342001232DE17B691B6803F00103002BEB
:1026E000E5D17B681B682F4A93424AD07B681B6800
:1026F0002D4A934245D07B681B682C4A934240D0B8
:102700007B681B682A4A93423BD07B681B68294A36
:10271000934236D07B681B68274A934231D07B684E
:102720001B68264A93422CD07B681B68244A93423C
:1027300027D07B681B68234A934222D07B681B68A2
:10274000214A93421DD07B681B68204A934218D0CF
:102750007B681B681E4A934213D07B681B681D4A26
:1027600093420ED07B681B681B4A934209D07B685A
:102770001B681A4A934204D07B681B68184A93422C
:1027800001D1012300E00023002B2BD07B689B6D3F
:10279000BB607B68DB6D03F01F033F229A40BB6880
:1027A0009A602AE0100002402800024040000240E7
:1027B000580002407000024088000240A000024021
:1027C000B8000240100402402804024040040240C5
:1027D000580402407004024088040240A0040240F1
:1027E000B80402407B689B6DFB607B68DB6D03F087
:1027F0001F0301229A40FB685A607B681B684F4A9E
:10280000934272D07B681B684D4A93426DD07B68BF
:102810001B684C4A934268D07B681B684A4A9342C3
:1028200063D07B681B68494A93425ED07B681B6813
:10283000474A934259D07B681B68464A934254D01A
:102840007B681B68444A93424FD07B681B68434AAD
:1028500093424AD07B681B68414A934245D07B68CB
:102860001B68404A934240D07B681B683E4A9342B3
:102870003BD07B681B683D4A934236D07B681B681F
:102880003B4A934231D07B681B683A4A93422CD032
:102890007B681B68384A934227D07B681B68374A9D
:1028A000934222D07B681B68354A93421DD07B68D7
:1028B0001B68344A934218D07B681B68324A9342A3
:1028C00013D07B681B68314A93420ED07B681B682B
:1028D0002F4A934209D07B681B682E4A934204D04A
:1028E0007B681B682C4A934201D1012300E000233E
:1028F000002B15D07B685B6E7A68926E5A607B689D
:10290000DB6E002B0CD07B68DB6E1A687B68DB6E9D
:1029100022F480721A607B681B6F7A68526F5A606B
:102920007B68012283F835207B68002283F83420FD
:10293000002318461837BD4680BD00BF1000024076
:10294000280002404000024058000240700002404F
:1029500088000240A0000240B8000240100402407B
:10296000280402404004024058040240700402401F
:1029700088040240A0040240B804024008540258EF
:102980001C540258305402584454025858540258A7
:102990006C540258805402589454025880B584B044
:1029A00000AF78607B68002B01D1012337E27B68A0
:1029B00093F83530DBB2022B04D07B6880225A6555
:1029C00001232CE27B681B685C4A93424AD07B68F7
:1029D0001B685B4A934245D07B681B68594A934207
:1029E00040D07B681B68584A93423BD07B681B6889
:1029F000564A934236D07B681B68554A934231D081
:102A00007B681B68534A93422CD07B681B68524AF0
:102A1000934227D07B681B68504A934222D07B6840
:102A20001B684F4A93421DD07B681B684D4A9342F6
:102A300018D07B681B684C4A934213D07B681B6894
:102A40004A4A93420ED07B681B68494A934209D098
:102A50007B681B68474A934204D07B681B68464AE0
:102A6000934201D1012300E00023002B00F0868077
:102A70007B68042283F835207B681B682F4A9342C9
:102A80004AD07B681B682E4A934245D07B681B68FE
:102A90002C4A934240D07B681B682B4A93423BD020
:102AA0007B681B68294A934236D07B681B68284A9A
:102AB000934231D07B681B68264A93422CD07B68B6
:102AC0001B68254A934227D07B681B68234A9342A0
:102AD00022D07B681B68224A93421DD07B681B680A
:102AE000204A934218D07B681B681F4A934213D038
:102AF0007B681B681D4A93420ED07B681B681C4A8A
:102B0000934209D07B681B681A4A934204D07B68C1
:102B10001B68194A934208D17B681B681A687B6856
:102B20001B6822F001021A6078E17B681B681A6852
:102B30007B681B6822F001021A606FE110000240FE
:102B4000280002404000024058000240700002404D
:102B500088000240A0000240B80002401004024079
:102B6000280402404004024058040240700402401D
:102B700088040240A0040240B80402407B681B683D
:102B80001A687B681B6822F00E021A607B681B685B
:102B90006C4A93424AD07B681B686B4A934245D08B
:102BA0007B681B68694A934240D07B681B68684A0F
:102BB00093423BD07B681B68664A934236D07B6861
:102BC0001B68654A934231D07B681B68634A934215
:102BD0002CD07B681B68624A934227D07B681B68B5
:102BE000604A934222D07B681B685F4A93421DD0A3
:102BF0007B681B685D4A934218D07B681B685C4AFF
:102C0000934213D07B681B685A4A93420ED07B686C
:102C10001B68594A934209D07B681B68574A934204
:102C200004D07B681B68564A934208D17B681B68B6
:102C30001A687B681B6822F001021A6007E07B6853
:102C40001B681A687B681B6822F001021A607B68A7
:102C50001B683C4A934272D07B681B683A4A934295
:102C60006DD07B681B68394A934268D07B681B68CB
:102C7000374A934263D07B681B68364A93425ED0E2
:102C80007B681B68344A934259D07B681B68334A7F
:102C9000934254D07B681B68314A93424FD07B6883
:102CA0001B68304A93424AD07B681B682E4A934285
:102CB00045D07B681B682D4A934240D07B681B68D7
:102CC0002B4A93423BD07B681B682A4A934236D0FA
:102CD0007B681B68284A934231D07B681B68274A6F
:102CE00093422CD07B681B68254A934227D07B688F
:102CF0001B68244A934222D07B681B68224A934275
:102D00001DD07B681B68214A934218D07B681B68E2
:102D10001F4A934213D07B681B681E4A93420ED011
:102D20007B681B681C4A934209D07B681B681B4A5E
:102D3000934204D07B681B68194A934232D1012325
:102D400031E000BF10000240280002404000024075
:102D5000580002407000024088000240A00002407B
:102D6000B80002401004024028040240400402401F
:102D7000580402407004024088040240A00402404B
:102D8000B8040240085402581C54025830540258E7
:102D900044540258585402586C54025880540258F3
:102DA000945402580023002B28D07B681B6E1A68AD
:102DB0007B681B6E22F480721A607B689B6DFB60DF
:102DC0007B68DB6D03F01F0301229A40FB685A60A9
:102DD0007B685B6E7A68926E5A607B68DB6E002B54
:102DE0000CD07B68DB6E1A687B68DB6E22F4807225
:102DF0001A607B681B6F7A68526F5A607B68012289
:102E000083F835207B68002283F834207B681B6DB3
:102E1000002B03D07B681B6D786898470023184609
:102E20001037BD4680BD00BF80B489B000AF786068
:102E300039600023FB61894B7B6194E13B681A6830
:102E40000121FB6901FA03F313403B613B69002B4D
:102E500000F086813B685B6803F00303012B05D01B
:102E60003B685B6803F00303022B30D17B689B68EF
:102E7000BB61FB695B00032202FA03F3DB43BA691F
:102E80001340BB613B68DA68FB695B0002FA03F33D
:102E9000BA691343BB617B68BA699A607B685B68F7
:102EA000BB610122FB6902FA03F3DB43BA691340F9
:102EB000BB613B685B681B0903F00102FB6902FA16
:102EC00003F3BA691343BB617B68BA695A603B6814
:102ED0005B6803F00303032B17D07B68DB68BB61DF
:102EE000FB695B00032202FA03F3DB43BA69134078
:102EF000BB613B689A68FB695B0002FA03F3BA693D
:102F00001343BB617B68BA69DA603B685B6803F0B6
:102F10000303022B23D1FB69DA087B68083253F8DC
:102F20002230BB61FB6903F007039B000F2202FA0A
:102F300003F3DB43BA691340BB613B681A69FB6961
:102F400003F007039B0002FA03F3BA691343BB6162
:102F5000FB69DA087B680832B96943F822107B689C
:102F60001B68BB61FB695B00032202FA03F3DB43CE
:102F7000BA691340BB613B685B6803F00302FB69FD
:102F80005B0002FA03F3BA691343BB617B68BA6959
:102F90001A603B685B6803F44033002B00F0E0806C
:102FA0002F4BD3F8F4302E4A43F00203C2F8F4302A
:102FB0002B4BD3F8F43003F00203FB60FB68294A83
:102FC000FB699B08023352F82330BB61FB6903F0B5
:102FD00003039B000F2202FA03F3DB43BA69134099
:102FE000BB617B68204A934252D07B681F4A934260
:102FF00031D07B681E4A93422BD07B681D4A934296
:1030000025D07B681C4A93421FD07B681B4A9342A1
:1030100019D07B681A4A934213D07B68194A9342AD
:103020000DD07B68184A934207D07B68174A9342B9
:1030300001D109232DE00A232BE0082329E00723EF
:1030400027E0062325E0052323E0042321E00323D2
:103050001FE002231DE001231BE000BF8000005899
:1030600000440258000400580000025800040258AE
:1030700000080258000C02580010025800140258B0
:1030800000180258001C0258002002580024025860
:103090000023FA6902F0030292009340BA691343D5
:1030A000BB613849FB699B080233BA6941F82320A8
:1030B0004FF0B0431B68BB613B69DB43BA69134007
:1030C000BB613B685B6803F48013002B03D0BA69D3
:1030D0003B691343BB614FF0B042BB6913604FF0D3
:1030E000B0435B68BB613B69DB43BA691340BB61BA
:1030F0003B685B6803F40013002B03D0BA693B699B
:103100001343BB614FF0B042BB6953607B695B689E
:10311000BB613B69DB43BA691340BB613B685B68D9
:1031200003F40033002B03D0BA693B691343BB613E
:103130007B69BA695A607B691B68BB613B69DB4389
:10314000BA691340BB613B685B6803F48033002BB2
:1031500003D0BA693B691343BB617B69BA691A60E2
:10316000FB690133FB613B681A68FB6922FA03F3D0
:10317000002B7FF463AE00BF00BF2437BD465DF86F
:10318000047B70470004005880B483B000AF7860BF
:103190000B467B8013467B707B78002B03D07A88AC
:1031A0007B689A6103E07B881A047B689A6100BFA0
:1031B0000C37BD465DF8047B704780B485B000AF26
:1031C00078600B467B807B685B69FB607A88FB6874
:1031D00013401A04FB68D9437B880B401A437B6871
:1031E0009A6100BF1437BD465DF8047B704700004C
:1031F00080B584B000AF7860194BDB6803F004033E
:10320000042B0AD0164BDB6803F007037A689A4256
:1032100001D001231FE000231DE0114BDB6823F0E8
:1032200007020F497B681343CB60FEF7D5FEF860B9
:1032300009E0FEF7D1FE0246FB68D31AB3F57A7FA8
:1032400001D9012307E0064B5B6803F40053B3F593
:10325000005FEED1002318461037BD4680BD00BF89
:103260000048025880B58CB000AF78607B68002BB6
:1032700002D1012300F048BC7B681B6803F0010306
:10328000002B00F08880994B1B6903F03803FB6228
:10329000964B9B6ABB62FB6A102B07D0FB6A182B0C
:1032A00011D1BB6A03F00303022B0CD18F4B1B68B7
:1032B00003F40033002B6DD07B685B68002B69D171
:1032C000012300F021BC7B685B68B3F5803F06D129
:1032D000864B1B68854A43F4803313602EE07B687D
:1032E0005B68002B0CD1814B1B68804A23F4803330
:1032F00013607E4B1B687D4A23F4802313601DE01E
:103300007B685B68B3F5A02F0CD1784B1B68774ABC
:1033100043F480231360754B1B68744A43F4803375
:1033200013600BE0714B1B68704A23F48033136009
:103330006E4B1B686D4A23F4802313607B685B68C7
:10334000002B13D0FEF748FE786208E0FEF744FE3B
:1033500002467B6AD31A642B01D90323D4E3634B5F
:103360001B6803F40033002BF0D014E0FEF734FEAA
:10337000786208E0FEF730FE02467B6AD31A642BBF
:1033800001D90323C0E3594B1B6803F40033002B1E
:10339000F0D100E000BF7B681B6803F00203002B44
:1033A00000F0CA80514B1B6903F038033B624F4B5E
:1033B0009B6AFB613B6A002B07D03B6A182B56D1F6
:1033C000FB6903F00303002B51D1484B1B6803F04A
:1033D0000403002B05D07B68DB68002B01D101239F
:1033E00092E3424B1B6823F019027B68DB683F497C
:1033F00013430B60FEF7F0FD786208E0FEF7ECFD8A
:1034000002467B6AD31A022B01D903237CE3374B94
:103410001B6803F00403002BF0D0FEF70DFE0346FB
:1034200041F20302934217D87B681B69402B08D1F5
:103430002E4B5B6823F47C332C4A43F400335360F7
:103440007AE02A4B5B6823F47C327B681B691B03A0
:10345000264913434B606FE0244B5B6823F0FE4228
:103460007B681B691B06214913434B6064E07B6842
:10347000DB68002B47D01D4B1B6823F019027B68CB
:10348000DB681A4913430B60FEF7A6FD786208E07B
:10349000FEF7A2FD02467B6AD31A022B01D9032351
:1034A00032E3124B1B6803F00403002BF0D0FEF74D
:1034B000C3FD034641F20302934219D87B681B699E
:1034C000402B08D1094B5B6823F47C33074A43F453
:1034D0000033536030E0054B5B6823F47C327B683B
:1034E0001B691B03014913434B6025E0004402584C
:1034F0009A4B5B6823F0FE427B681B691B06974969
:1035000013434B6018E0954B1B68944A23F001036A
:103510001360FEF761FD786208E0FEF75DFD02468C
:103520007B6AD31A022B01D90323EDE28B4B1B6874
:1035300003F00403002BF0D17B681B6803F0100339
:10354000002B00F0A980854B1B6903F03803BB6199
:10355000824B9B6A7B61BB69082B07D0BB69182B28
:103560003AD17B6903F00303012B35D17B4B1B68F8
:1035700003F48073002B05D07B68DB69802B01D0BE
:103580000123C1E2FEF758FD034641F203029342D4
:1035900017D87B681B6A202B08D1704B5B6823F01F
:1035A000F8436E4A43F08043536075E06B4B5B68B1
:1035B00023F0F8427B681B6A9B06684913434B6003
:1035C0006AE0664BDB6823F07C527B681B6A1B0653
:1035D00062491343CB605FE07B68DB69002B42D01C
:1035E0005E4B1B685D4A43F080031360FEF7F4FCFA
:1035F000786208E0FEF7F0FC02467B6AD31A022BE1
:1036000001D9032380E2554B1B6803F48073002B20
:10361000F0D0FEF711FD034641F20302934217D8A2
:103620007B681B6A202B08D14C4B5B6823F0F84366
:103630004A4A43F0804353602EE0484B5B6823F0D6
:10364000F8427B681B6A9B06444913434B6023E0A6
:10365000424BDB6823F07C527B681B6A1B063F49A8
:103660001343CB6018E03D4B1B683C4A23F08003BA
:103670001360FEF7B1FC786208E0FEF7ADFC02468D
:103680007B6AD31A022B01D903233DE2334B1B681B
:1036900003F48073002BF0D17B681B6803F00803F0
:1036A000002B36D07B685B69002B19D02B4B5B6FEE
:1036B0002A4A43F001035367FEF78EFC786208E064
:1036C000FEF78AFC02467B6AD31A022B01D9032338
:1036D0001AE2224B5B6F03F00203002BF0D018E0DC
:1036E0001E4B5B6F1D4A23F001035367FEF774FC0A
:1036F000786208E0FEF770FC02467B6AD31A022B60
:1037000001D9032300E2154B5B6F03F00203002B8A
:10371000F0D17B681B6803F02003002B39D07B6855
:103720009B69002B1CD00D4B1B680C4A43F4805343
:103730001360FEF751FC786208E0FEF74DFC02468C
:103740007B6AD31A022B01D90323DDE1034B1B68EB
:1037500003F40053002BF0D01BE000BF00440258DC
:103760009B4B1B689A4A23F480531360FEF734FC8A
:10377000786208E0FEF730FC02467B6AD31A022B1F
:1037800001D90323C0E1924B1B6803F40053002BC3
:10379000F0D17B681B6803F00403002B00F08180EC
:1037A0008C4B1B688B4A43F480731360FEF714FC48
:1037B000786208E0FEF710FC02467B6AD31A642B9D
:1037C00001D90323A0E1834B1B6803F48073002B12
:1037D000F0D07B689B68012B06D17D4B1B6F7C4A28
:1037E00043F0010313672DE07B689B68002B0CD12D
:1037F000774B1B6F764A23F001031367744B1B6FE3
:10380000734A23F0040313671CE07B689B68052B55
:103810000CD16F4B1B6F6E4A43F0040313676C4B64
:103820001B6F6B4A43F0010313670BE0684B1B6F80
:10383000674A23F001031367654B1B6F644A23F04B
:10384000040313677B689B68002B15D0FEF7C4FB4D
:1038500078620AE0FEF7C0FB02467B6AD31A41F2A7
:103860008832934201D903234EE1594B1B6F03F079
:103870000203002BEED014E0FEF7AEFB78620AE004
:10388000FEF7AAFB02467B6AD31A41F288329342C2
:1038900001D9032338E14E4B1B6F03F00203002BC9
:1038A000EED17B685B6A002B00F02D81484B1B69D1
:1038B00003F03803182B00F0BD807B685B6A022B95
:1038C00040F09E80424B1B68414A23F08073136096
:1038D000FEF782FB786208E0FEF77EFB02467B6A19
:1038E000D31A022B01D903230EE1394B1B6803F0D5
:1038F0000073002BF0D1364B9A6A374B13407A682D
:10390000916A7A68D26A12010A43314913438B6281
:103910007B681B6B013BC3F308027B685B6B013B5D
:103920005B029BB21A437B689B6B013B1B0403F455
:10393000FE031A437B68DB6B013B1B0603F0FE436F
:10394000234913430B63224BDB6A214A23F0010313
:10395000D3621F4B5A6B214B13407A68926CD20092
:103960001B4913434B631A4BDB6A23F00C027B6841
:103970001B6C17491343CB62154BDB6A23F0020221
:103980007B685B6C12491343CB62114BDB6A104AB4
:1039900043F48033D3620E4BDB6A0D4A43F40033A9
:1039A000D3620B4BDB6A0A4A43F48023D362084B91
:1039B000DB6A074A43F00103D362054B1B68044AE4
:1039C00043F080731360FEF707FB786211E000BFDD
:1039D00000440258004802580CFCFFFF0700FFFF9C
:1039E000FEF7FAFA02467B6AD31A022B01D90323A7
:1039F0008AE0474B1B6803F00073002BF0D082E095
:103A0000434B1B68424A23F080731360FEF7E4FACD
:103A1000786208E0FEF7E0FA02467B6AD31A022BCE
:103A200001D9032370E03A4B1B6803F00073002BAD
:103A3000F0D168E0364B9B6A3B61354B1B6BFB60FA
:103A40007B685B6A012B31D03B6903F003027B6822
:103A50009B6A9A422AD13B691B0903F03F027B68AB
:103A6000DB6A9A4222D1FB68C3F308027B681B6BB6
:103A7000013B9A421AD1FB685B0A03F07F027B6824
:103A80005B6B013B9A4211D1FB681B0C03F07F0278
:103A90007B689B6B013B9A4208D1FB681B0E03F0CD
:103AA0007F027B68DB6B013B9A4201D001232BE054
:103AB000174B5B6BDB08C3F30C033B617B689B6CB0
:103AC0003A699A421FD0124BDB6A114A23F0010374
:103AD000D362FEF781FA786200BFFEF77DFA0246F4
:103AE0007B6A9342F9D00A4B5A6B0A4B13407A68AF
:103AF000926CD200064913434B63054BDB6A044AC0
:103B000043F00103D362002318463037BD4680BD21
:103B1000004402580700FFFF80B586B000AF786010
:103B200039607B68002B01D101239CE18A4B1B6823
:103B300003F00F033A689A4210D9874B1B6823F0B1
:103B40000F0285493B6813430B60834B1B6803F0EE
:103B50000F033A689A4201D0012384E17B681B6815
:103B600003F00403002B10D07B681A697B4B9B6920
:103B700003F070039A4208D9784B9B6923F07002D6
:103B80007B681B69754913438B617B681B6803F075
:103B90000803002B10D07B685A69704BDB6903F077
:103BA00070039A4208D96D4BDB6923F070027B6881
:103BB0005B696A491343CB617B681B6803F01003A0
:103BC000002B10D07B689A69644BDB6903F4E063D7
:103BD0009A4208D9614BDB6923F4E0627B689B69F8
:103BE0005E491343CB617B681B6803F02003002B05
:103BF00010D07B68DA69594B1B6A03F070039A4254
:103C000008D9564B1B6A23F070027B68DB69534965
:103C100013430B627B681B6803F00203002B10D078
:103C20007B68DA684D4B9B6903F00F039A4208D911
:103C30004A4B9B6923F00F027B68DB6847491343BB
:103C40008B617B681B6803F00103002B55D0434B4D
:103C50009B6923F470627B689B68404913438B61C6
:103C60007B685B68022B07D13C4B1B6803F4003375
:103C7000002B21D10123F6E07B685B68032B07D181
:103C8000364B1B6803F00073002B15D10123EAE0CB
:103C90007B685B68012B07D1304B1B6803F4807392
:103CA000002B09D10123DEE02C4B1B6803F0040339
:103CB000002B01D10123D6E0284B1B6923F007021A
:103CC0007B685B68254913430B61FEF785F97861D2
:103CD0000AE0FEF781F902467B69D31A41F2883285
:103CE000934201D90323BEE01C4B1B6903F0380249
:103CF0007B685B68DB009A42EBD17B681B6803F052
:103D00000203002B10D07B68DA68144B9B6903F028
:103D10000F039A4208D2114B9B6923F00F027B6874
:103D2000DB680E4913438B610B4B1B6803F00F03D9
:103D30003A689A4214D2084B1B6823F00F020649D6
:103D40003B6813430B60044B1B6803F00F033A6896
:103D50009A4205D0012386E0002000520044025818
:103D60007B681B6803F00403002B10D07B681A6982
:103D70003F4B9B6903F070039A4208D23C4B9B690E
:103D800023F070027B681B69394913438B617B68A0
:103D90001B6803F00803002B10D07B685A69344B72
:103DA000DB6903F070039A4208D2314BDB6923F0E0
:103DB00070027B685B692E491343CB617B681B688B
:103DC00003F01003002B10D07B689A69284BDB6945
:103DD00003F4E0639A4208D2254BDB6923F4E062E6
:103DE0007B689B6922491343CB617B681B6803F0A6
:103DF0002003002B10D07B68DA691D4B1B6A03F08F
:103E000070039A4208D21A4B1B6A23F070027B6837
:103E1000DB69174913430B6200F034F80246144B78
:103E20009B691B0A03F00F031249CB5C03F01F03CD
:103E300022FA03F33B610E4B9B6903F00F030D4A1B
:103E4000D35C03F01F033A6922FA03F30A4A1360B2
:103E50000A4A3B6913600A4B1B681846FEF772F862
:103E60000346FB73FB7B18461837BD4680BD00BF79
:103E70000044025848B300080C0000240800002445
:103E80001000002480B489B000AFB34B1B6903F06D
:103E90003803182B00F2558101A252F823F000BF1D
:103EA000053F000843410008434100084341000822
:103EB00043410008434100084341000843410008D2
:103EC0002B3F0008434100084341000843410008DC
:103ED00043410008434100084341000843410008B2
:103EE000313F0008434100084341000843410008B6
:103EF0004341000843410008434100084341000892
:103F0000373F0008944B1B6803F02003002B09D0B7
:103F1000914B1B68DB0803F00303904A22FA03F37A
:103F2000BB6111E18D4BBB610EE18D4BBB610BE1C0
:103F30008C4BBB6108E1884B9B6A03F003037B61F8
:103F4000854B9B6A1B0903F03F033B61824BDB6A95
:103F500003F00103FB60804B5B6BDB08C3F30C03D6
:103F6000FA6802FB03F307EE903AF8EE677AC7EDC2
:103F7000027A3B69002B00F0E1807B69022B00F0A4
:103F800083807B69022B00F2A1807B69002B03D028
:103F90007B69012B56D099E06F4B1B6803F020031F
:103FA000002B2DD06C4B1B68DB0803F003036B4A1E
:103FB00022FA03F37B607B6807EE903AF8EE676ABB
:103FC0003B6907EE903AF8EE677A86EEA77A624B85
:103FD0001B6BC3F3080307EE903AF8EE676A97EDA0
:103FE000026ADFED615AC6EE257A76EEA77AF7EE21
:103FF000006A77EEA67A67EE277AC7ED077A87E040
:104000003B6907EE903AF8EE677ADFED586A86EE84
:10401000A77A514B1B6BC3F3080307EE903AF8EEF7
:10402000676A97ED026ADFED505AC6EE257A76EEA2
:10403000A77AF7EE006A77EEA67A67EE277AC7EDE1
:10404000077A65E03B6907EE903AF8EE677ADFEDB4
:10405000486A86EEA77A404B1B6BC3F3080307EE52
:10406000903AF8EE676A97ED026ADFED3F5AC6EEC6
:10407000257A76EEA77AF7EE006A77EEA67A67EEF3
:10408000277AC7ED077A43E03B6907EE903AF8EEEE
:10409000677ADFED386A86EEA77A2F4B1B6BC3F386
:1040A000080307EE903AF8EE676A97ED026ADFEDD3
:1040B0002E5AC6EE257A76EEA77AF7EE006A77EEEC
:1040C000A67A67EE277AC7ED077A21E03B6907EE0B
:1040D000903AF8EE677ADFED266A86EEA77A1E4BF5
:1040E0001B6BC3F3080307EE903AF8EE676A97ED8F
:1040F000026ADFED1D5AC6EE257A76EEA77AF7EE54
:10410000006A77EEA67A67EE277AC7ED077A00BFD6
:10411000114B1B6B5B0A03F07F0301333B603B6871
:1041200007EE903AB8EE677AD7ED076AC6EE877A5F
:10413000FCEEE77A17EE903ABB6105E00023BB6125
:1041400002E0074BBB6100BFBB6918462437BD4680
:104150005DF8047B704700BF004402580090D00314
:1041600000093D0040787D01000000460024744CA9
:104170000024744A20BCBE4B80B582B000AFFFF76C
:1041800081FE0246104B9B691B0A03F00F030F4987
:10419000CB5C03F01F0322FA03F37B600A4B9B699D
:1041A00003F00F03094AD35C03F01F037A6822FA75
:1041B00003F3074A1360074A7B681360044B1B68CC
:1041C00018460837BD4680BD0044025848B3000871
:1041D0000C0000240800002480B500AFFFF7CCFFDE
:1041E0000246064BDB691B0903F007030449CB5C5D
:1041F00003F01F0322FA03F3184680BD004402585F
:1042000048B3000880B500AFFFF7B6FF0246064B83
:10421000DB691B0A03F007030449CB5C03F01F03AF
:1042200022FA03F3184680BD0044025848B3000840
:104230002DE9B04FCAB000AFC7F81401002387F8CA
:104240002731002387F82631D7F81431D3E900232A
:1042500002F00064002554EA050349D0D7F8143170
:104260009B6EB3F5401F2FD0B3F5401F28D8B3F590
:10427000001F1AD0B3F5001F22D8002B03D0B3F5CE
:10428000801F07D01CE0B84BDB6AB74A43F4003309
:10429000D3621AE0D7F8143108330221184601F02E
:1042A0008FFC034687F827310FE0D7F81431283305
:1042B0000221184601F036FD034687F8273104E055
:1042C000012387F8273100E000BF97F82731002B42
:1042D0000AD1A54B1B6D23F44011D7F814319B6E06
:1042E000A14A0B43136503E097F8273187F826317D
:1042F000D7F81431D3E9002302F480784FF0000995
:1043000058EA090347D0D7F814319B6D042B2AD8FB
:1043100001A252F823F000BF2D4300083B430008E0
:10432000514300086F4300086F4300088E4BDB6A5F
:104330008D4A43F40033D3621AE0D7F814310833BE
:104340000021184601F03CFC034687F827310FE0B6
:10435000D7F8143128330021184601F0E3FC034656
:1043600087F8273104E0012387F8273100E000BFF8
:1043700097F82731002B0AD17B4B1B6D23F00701E7
:10438000D7F814319B6D784A0B43136503E097F817
:10439000273187F82631D7F81431D3E9002302F406
:1043A000007A4FF0000B5AEA0B034CD0D7F81431C7
:1043B000DB6DB3F5807F30D0B3F5807F29D8C02B7B
:1043C0002DD0C02B25D8802B18D0802B21D8002BA6
:1043D00002D0402B07D01CE0634BDB6A624A43F4F7
:1043E0000033D3621CE0D7F814310833002118469B
:1043F00001F0E6FB034687F8273111E0D7F81431C6
:1044000028330021184601F08DFC034687F8273138
:1044100006E0012387F8273102E000BF00E000BF7B
:1044200097F82731002B0AD14F4B1B6D23F4E07115
:10443000D7F81431DB6D4C4A0B43136503E097F852
:10444000273187F82631D7F81431D3E9002302F455
:104450008063C7F808310023C7F80C31D7E942124E
:104460000B46134353D0D7F81431D3F8A830B3F523
:10447000000F35D0B3F5000F2ED8B3F5C00F31D0F3
:10448000B3F5C00F28D8B3F5800F1AD0B3F5800F5D
:1044900022D8002B03D0B3F5001F07D01CE0324B0D
:1044A000DB6A314A43F40033D3621CE0D7F814319D
:1044B00008330021184601F083FB034687F82731B3
:1044C00011E0D7F8143128330021184601F02AFCF6
:1044D000034687F8273106E0012387F8273102E0F9
:1044E00000BF00E000BF97F82731002B0BD11E4B17
:1044F0009B6D23F46001D7F81431D3F8A8301A4A21
:104500000B43936503E097F8273187F82631D7F8F6
:104510001431D3E9002302F40063C7F8003100230B
:10452000C7F80431D7E940120B46134356D0D7F8E9
:104530001431D3F8AC30B3F1806F38D0B3F1806F61
:1045400031D8B3F1407F34D0B3F1407F2BD8B3F1F1
:10455000007F1DD0B3F1007F25D8002B06D0B3F12A
:10456000807F0AD01FE000BF00440258A24BDB6AE4
:10457000A14A43F40033D3621CE0D7F81431083366
:104580000021184601F01CFB034687F8273111E093
:10459000D7F8143128330021184601F0C3FB034635
:1045A00087F8273106E0012387F8273102E000BFB2
:1045B00000E000BF97F82731002B0BD18E4B9B6D8D
:1045C00023F0E061D7F81431D3F8AC308A4A0B43BA
:1045D000936503E097F8273187F82631D7F814312F
:1045E000D3E9002302F00073C7F8F8300023C7F8BE
:1045F000FC30D7E93E120B4613433AD0D7F81431BA
:10460000DB6C302B1FD0302B19D8202B0CD0202B5B
:1046100015D8002B19D0102B11D1774BDB6A764AB5
:1046200043F40033D36211E0D7F814310833022188
:10463000184601F0C5FA034687F8273106E0012342
:1046400087F8273102E000BF00E000BF97F827316C
:10465000002B0AD1684BDB6C23F03001D7F8143102
:10466000DB6C654A0B43D36403E097F8273187F886
:104670002631D7F81431D3E9002302F48053C7F868
:10468000F0300023C7F8F430D7E93C120B4613434F
:1046900051D0D7F814311B6EB3F5804F35D0B3F538
:1046A000804F2ED8B3F5405F31D0B3F5405F28D8A6
:1046B000B3F5005F1AD0B3F5005F22D8002B03D00A
:1046C000B3F5805F07D01CE04B4BDB6A4A4A43F4EA
:1046D0000033D3621CE0D7F81431083300211846A8
:1046E00001F06EFA034687F8273111E0D7F814314C
:1046F00028330021184601F015FB034687F82731BF
:1047000006E0012387F8273102E000BF00E000BF88
:1047100097F82731002B0AD1374B1B6D23F4E0416A
:10472000D7F814311B6E344A0B43136503E097F836
:10473000273187F82631D7F81431D3E9002302F462
:104740000053C7F8E8300023C7F8EC30D7E93A1235
:104750000B46134356D0D7F814315B6EB3F5A02F38
:1047600033D0B3F5A02F2CD8B3F5802F2FD0B3F5CD
:10477000802F26D8B3F5403F2BD0B3F5403F20D84B
:10478000B3F5003F12D0B3F5003F1AD8002B22D06A
:10479000B3F5803F15D1D7F81431083301211846FD
:1047A00001F00EFA034687F8273115E0D7F81431E7
:1047B00028330121184601F0B5FA034687F827315E
:1047C0000AE0012387F8273106E000BF04E000BFBC
:1047D00002E000BF00E000BF97F82731002B0DD1A9
:1047E000054B1B6D23F4E021D7F814315B6E024AB0
:1047F0000B43136506E000BF0044025897F82731C9
:1048000087F82631D7F81431D3E9002302F4804326
:10481000C7F8E0300023C7F8E430D7E938120B4678
:10482000134355D0D7F81431D3F8B030B3F1A04FBB
:1048300033D0B3F1A04F2CD8B3F1804F2FD0B3F1C8
:10484000804F26D8B3F1405F2BD0B3F1405F20D822
:10485000B3F1005F12D0B3F1005F1AD8002B22D061
:10486000B3F1805F15D1D7F8143108330121184610
:1048700001F0A6F9034687F8273115E0D7F814317F
:1048800028330121184601F04DFA034687F82731F5
:104890000AE0012387F8273106E000BF04E000BFEB
:1048A00002E000BF00E000BF97F82731002B0BD1DA
:1048B000A34B9B6D23F0E041D7F81431D3F8B0300F
:1048C0009F4A0B43936503E097F8273187F8263119
:1048D000D7F81431D3E9002302F40043C7F8D830E5
:1048E0000023C7F8DC30D7E936120B46134337D024
:1048F000D7F814311B6FB3F1005F0ED0B3F1005F36
:1049000016D8002B18D0B3F1805F11D18C4BDB6A25
:104910008B4A43F40033D3620FE0D7F814310833E5
:104920000121184601F04CF9034687F8273104E0CD
:10493000012387F8273100E000BF97F82731002BCB
:104940000AD17F4B1B6D23F04051D7F814311B6FF8
:104950007B4A0B43136503E097F8273187F826312C
:10496000D7F81431D3E9002302F08073C7F8D030B0
:104970000023C7F8D430D7E934120B46134339D09B
:10498000D7F814319B6C032B1CD801A252F823F0EA
:10499000CD490008A1490008AF490008CD490008E9
:1049A000674BDB6A664A43F40033D3620FE0D7F803
:1049B000143108330221184601F002F9034687F842
:1049C000273104E0012387F8273100E000BF97F882
:1049D0002731002B0AD15A4BDB6C23F00301D7F8A7
:1049E00014319B6C564A0B43D36403E097F827318C
:1049F00087F82631D7F81431D3E9002302F4800375
:104A0000C7F8C8300023C7F8CC30D7E932120B46BC
:104A1000134300F09F804B4B1B684A4A43F480735A
:104A20001360FDF7D9FAC7F820010BE0FDF7D4FABF
:104A30000246D7F82031D31A642B03D9032387F811
:104A4000273105E03F4B1B6803F48073002BEDD04A
:104A500097F82731002B79D1394B1A6FD7F81431D9
:104A6000D3F8B430534003F44073002B15D0344BCB
:104A70001B6F23F44073C7F81C31314B1B6F304A56
:104A800043F4803313672E4B1B6F2D4A23F480337E
:104A900013672B4AD7F81C311367D7F81431D3F8B2
:104AA000B430B3F5807F18D1FDF796FAC7F820012E
:104AB0000DE0FDF791FA0246D7F82031D21A41F203
:104AC00088339A4203D9032387F8273105E01C4B2A
:104AD0001B6F03F00203002BEBD097F82731002B5C
:104AE00029D1D7F81431D3F8B43003F44073B3F5B7
:104AF000407F0ED1124B1B6923F47C51D7F814313F
:104B0000D3F8B4301A09104B13400D4A0B4313610C
:104B100005E00B4B1B690A4A23F47C531361084BD5
:104B2000196FD7F81431D3F8B430C3F30B03044A28
:104B30000B4313670EE097F8273187F8263109E019
:104B40000044025800480258CFFFFF0097F8273171
:104B500087F82631D7F81431D3E9002302F0010396
:104B6000C7F8C0300023C7F8C430D7E930120B466D
:104B7000134300F08980D7F81431DB6F282B6BD8F2
:104B800001A252F823F000BF614C0008594C000804
:104B9000594C0008594C0008594C0008594C000861
:104BA000594C0008594C00082D4C0008594C00087D
:104BB000594C0008594C0008594C0008594C000841
:104BC000594C0008594C0008434C0008594C000847
:104BD000594C0008594C0008594C0008594C000821
:104BE000594C0008594C0008614C0008594C000809
:104BF000594C0008594C0008594C0008594C000801
:104C0000594C0008594C0008614C0008594C0008E8
:104C1000594C0008594C0008594C0008594C0008E0
:104C2000594C0008594C0008614C0008D7F8143161
:104C300008330121184600F0C3FF034687F82731E7
:104C40000FE0D7F8143128330121184601F06AF833
:104C5000034687F8273104E0012387F8273100E075
:104C600000BF97F82731002B0AD1BF4B5B6D23F0B3
:104C70003801D7F81431DB6FBB4A0B43536503E0AF
:104C800097F8273187F82631D7F81431D3E9002374
:104C900002F00203C7F8B8300023C7F8BC30D7E9E8
:104CA0002E120B46134341D0D7F814319B6F052BBE
:104CB00024D801A252F823F0054D0008D14C000879
:104CC000E74C0008054D0008054D0008054D00089B
:104CD000D7F8143108330121184600F071FF03465C
:104CE00087F827310FE0D7F814312833012118460F
:104CF00001F018F8034687F8273104E0012387F80C
:104D0000273100E000BF97F82731002B0AD1964BDE
:104D10005B6D23F00701D7F814319B6F924A0B4368
:104D2000536503E097F8273187F82631D7F8143117
:104D3000D3E9002302F00403C7F8B0300023C7F81A
:104D4000B430D7E92C120B46134344D0D7F81431B2
:104D5000D3F89430052B25D801A252F823F000BFD8
:104D6000AD4D0008794D00088F4D0008AD4D00088D
:104D7000AD4D0008AD4D0008D7F8143108330121BE
:104D8000184600F01DFF034687F827310FE0D7F8DB
:104D9000143128330121184600F0C4FF034687F878
:104DA000273104E0012387F8273100E000BF97F89E
:104DB0002731002B0BD16C4B9B6D23F00701D7F8EB
:104DC0001431D3F89430684A0B43936503E097F8A5
:104DD000273187F82631D7F81431D3E9002302F0C0
:104DE0002003C7F8A8300023C7F8AC30D7E92A124F
:104DF0000B46134355D0D7F81431D3F89030B3F1A4
:104E0000A04F33D0B3F1A04F2CD8B3F1804F2FD0A7
:104E1000B3F1804F26D8B3F1405F2BD0B3F1405FA0
:104E200020D8B3F1005F12D0B3F1005F1AD8002B85
:104E300022D0B3F1805F15D1D7F8143108330021A7
:104E4000184600F0BDFE034687F8273115E0D7F875
:104E5000143128330221184600F064FF034687F816
:104E600027310AE0012387F8273106E000BF04E07C
:104E700000BF02E000BF00E000BF97F82731002B21
:104E80000BD1394B5B6D23F0E041D7F81431D3F8E7
:104E90009030354A0B43536503E097F8273187F884
:104EA0002631D7F81431D3E9002302F04003C7F8C4
:104EB000A0300023C7F8A430D7E928120B461343CB
:104EC00058D0D7F81431D3F89C30B3F5A05F33D065
:104ED000B3F5A05F2CD8B3F5805F2FD0B3F5805F1A
:104EE00026D8B3F5406F2BD0B3F5406F20D8B3F57B
:104EF000006F12D0B3F5006F1AD8002B22D0B3F593
:104F0000806F15D1D7F8143108330021184600F00E
:104F100057FE034687F8273115E0D7F814312833B8
:104F20000221184600F0FEFE034687F827310AE00A
:104F3000012387F8273106E000BF04E000BF02E04C
:104F400000BF00E000BF97F82731002B0ED1064BC1
:104F50009B6D23F4E051D7F81431D3F89C30024A0A
:104F60000B43936506E000BF0044025897F82731D1
:104F700087F82631D7F81431D3E9002302F08003F3
:104F8000C7F898300023C7F89C30D7E926120B46A3
:104F9000134355D0D7F81431D3F8A030B3F5204FD0
:104FA00033D0B3F5204F2CD8B3F5004F2FD0B3F545
:104FB000004F26D8B3F5C04F2BD0B3F5C04F20D843
:104FC000B3F5804F12D0B3F5804F1AD8002B22D002
:104FD000B3F5005F15D1D7F8143108330021184616
:104FE00000F0EEFD034687F8273115E0D7F81431BD
:104FF00028330221184600F095FE034687F8273132
:105000000AE0012387F8273106E000BF04E000BF73
:1050100002E000BF00E000BF97F82731002B0BD162
:10502000A14B9B6D23F46041D7F81431D3F8A03025
:105030009D4A0B43936503E097F8273187F82631A3
:10504000D7F81431D3E9002302F00803C7F89030F1
:105050000023C7F89430D7E924120B4613431ED01F
:10506000D7F81431D3F88430B3F5805F0CD1D7F87A
:10507000143128330221184600F054FE0346002B59
:1050800002D0012387F82631874B5B6D23F4405112
:10509000D7F81431D3F88430834A0B435365D7F8DB
:1050A0001431D3E9002302F01003C7F8883000233D
:1050B000C7F88C30D7E922120B4613431ED0D7F81D
:1050C0001431D3F89830B3F5807F0CD1D7F8143170
:1050D00028330221184600F025FE0346002B02D09B
:1050E000012387F82631704B9B6D23F44071D7F86C
:1050F0001431D3F898306C4A0B439365D7F81431C8
:10510000D3E9002302F40023C7F880300023C7F856
:105110008430D7E920120B4613433ED0D7F8143120
:10512000D3F8A430B3F5003F22D0B3F5003F1BD82D
:10513000002B03D0B3F5803F0BD015E0D7F8143126
:1051400008330021184600F03BFD034687F827315D
:105150000FE0D7F8143128330221184600F0E2FDA1
:10516000034687F8273104E0012387F8273100E060
:1051700000BF97F82731002B0BD14B4B9B6D23F4CD
:105180004031D7F81431D3F8A430474A0B43936524
:1051900003E097F8273187F82631D7F81431D3E99F
:1051A000002302F48023BB670023FB67D7E91E12AC
:1051B0000B4613433BD0D7F81431D3F88830B3F5FE
:1051C000401F1FD0B3F5401F18D8B3F5801F03D080
:1051D000B3F5001F07D011E0334BDB6A324A43F4CA
:1051E0000033D3620FE0D7F8143128330121184679
:1051F00000F098FD034687F8273104E0012387F883
:10520000273100E000BF97F82731002B0BD1264B48
:105210005B6D23F44011D7F81431D3F88830224A5B
:105220000B43536503E097F8273187F82631D7F809
:105230001431D3E9002302F480333B6700237B67FA
:10524000D7E91C120B46134334D0D7F814311B6D29
:10525000002B03D0B3F5803F07D011E0124BDB6A7F
:10526000114A43F40033D3620EE0D7F81431083307
:105270000221184600F0A4FC034687F8273103E01A
:10528000012387F8273100BF97F82731002B0DD174
:10529000054BDB6C23F48031D7F814311B6D024AC7
:1052A0000B43D36406E000BF0044025897F827314F
:1052B00087F82631D7F81431D3E9002302F00053E0
:1052C000BB660023FB66D7E91A120B4613430CD0CA
:1052D000D7F8143128330221184600F023FD034685
:1052E000002B02D0012387F82631D7F81431D3E9F7
:1052F000002302F400333B6600237B66D7E91812D3
:105300000B46134338D0D7F81431D3F88030B3F5B7
:10531000407F18D0B3F5407F11D8B3F5007F14D08B
:10532000B3F5007F0BD8002B11D0B3F5807F06D1E9
:10533000C34BDB6AC24A43F40033D36208E0012363
:1053400087F8273104E000BF02E000BF00E000BFA3
:1053500097F82731002B0BD1B94B5B6D23F44071CB
:10536000D7F81431D3F88030B54A0B43536503E0C6
:1053700097F8273187F82631D7F81431D3E900237D
:1053800002F48013BB650023FB65D7E916120B46B8
:10539000134309D0AA4B1B6D23F00041D7F81431F9
:1053A0005B6FA74A0B431365D7F81431D3E9002389
:1053B00002F080533B6500237B65D7E914120B464E
:1053C00013430AD09E4B1B6923F48041D7F8143154
:1053D000D3F8B8309A4A0B431361D7F81431D3E9A4
:1053E000002302F40013BB640023FB64D7E912120C
:1053F0000B46134309D0924B1B6D23F08071D7F8F5
:105400001431DB6E8E4A0B431365D7F81431D3E9A0
:10541000002302F080433B6400237B64D7E9101231
:105420000B4613430ED0864B1B69854A23F4004379
:105430001361834B1969D7F81431D3F8BC30804A13
:105440000B431361D7F81431D3E9002302F0004372
:10545000BB630023FB63D7E90E120B46134309D04D
:10546000774BDB6C23F04051D7F814315B6D744AF5
:105470000B43D364D7F81431D3E9002302F40003BB
:105480003B6300237B63D7E90C120B4613430AD01E
:105490006B4B5B6D23F44001D7F81431D3F88C309B
:1054A000674A0B435365D7F81431D3E90023002131
:1054B000B96203F00103FB62D7E90A120B461343FA
:1054C00011D0D7F8143108330021184600F078FBCA
:1054D000034687F8273197F82731002B03D097F838
:1054E000273187F82631D7F81431D3E9002300217A
:1054F000396203F002037B62D7E908120B461343BB
:1055000011D0D7F8143108330121184600F058FBA8
:10551000034687F8273197F82731002B03D097F8F7
:10552000273187F82631D7F81431D3E90023002139
:10553000B96103F00403FB61D7E906120B4613437C
:1055400011D0D7F8143108330221184600F038FB87
:10555000034687F8273197F82731002B03D097F8B7
:10556000273187F82631D7F81431D3E900230021F9
:10557000396103F008037B61D7E904120B4613433A
:1055800011D0D7F8143128330021184600F0CAFB97
:10559000034687F8273197F82731002B03D097F877
:1055A000273187F82631D7F81431D3E900230021B9
:1055B000B96003F01003FB60D7E902120B461343F6
:1055C00011D0D7F8143128330121184600F0AAFB76
:1055D000034687F8273197F82731002B03D097F837
:1055E000273187F82631D7F81431D3E90023002179
:1055F000396003F020037B60D7E900120B461343A8
:1056000011D0D7F8143128330221184600F08AFB54
:10561000034687F8273197F82731002B03D097F8F6
:10562000273187F8263197F82631002B01D1002346
:1056300000E00123184607F59477BD46BDE8B08F1A
:105640000044025880B500AFFEF796FD0246064BB7
:105650001B6A1B0903F007030449CB5C03F01F031B
:1056600022FA03F3184680BD0044025848B30008EC
:1056700080B489B000AF7860A14B9B6A03F003034C
:10568000BB619F4B9B6A1B0B03F03F037B619C4BF1
:10569000DB6A1B0903F001033B61994BDB6BDB0801
:1056A000C3F30C033A6902FB03F307EE903AF8EEFA
:1056B000677AC7ED037A7B69002B00F01181BB6923
:1056C000022B00F08380BB69022B00F2A180BB6932
:1056D000002B03D0BB69012B56D099E0884B1B6887
:1056E00003F02003002B2DD0854B1B68DB0803F053
:1056F0000303844A22FA03F3BB60BB6807EE903AC7
:10570000F8EE676A7B6907EE903AF8EE677A86EE04
:10571000A77A7B4B9B6BC3F3080307EE903AF8EE36
:10572000676A97ED036ADFED785AC6EE257A76EE62
:10573000A77AF7EE006A77EEA67A67EE277AC7EDCA
:10574000077A87E07B6907EE903AF8EE677ADFED3B
:105750006F6A86EEA77A6A4B9B6BC3F3080307EE6A
:10576000903AF8EE676A97ED036ADFED675AC6EE86
:10577000257A76EEA77AF7EE006A77EEA67A67EEDC
:10578000277AC7ED077A65E07B6907EE903AF8EE75
:10579000677ADFED5F6A86EEA77A594B9B6BC3F39E
:1057A000080307EE903AF8EE676A97ED036ADFEDBB
:1057B000565AC6EE257A76EEA77AF7EE006A77EEAD
:1057C000A67A67EE277AC7ED077A43E07B6907EE92
:1057D000903AF8EE677ADFED4F6A86EEA77A484B8B
:1057E0009B6BC3F3080307EE903AF8EE676A97EDF8
:1057F000036ADFED455AC6EE257A76EEA77AF7EE14
:10580000006A77EEA67A67EE277AC7ED077A21E07D
:105810007B6907EE903AF8EE677ADFED3D6A86EE37
:10582000A77A374B9B6BC3F3080307EE903AF8EE69
:10583000676A97ED036ADFED345AC6EE257A76EE95
:10584000A77AF7EE006A77EEA67A67EE277AC7EDB9
:10585000077A00BF2A4B9B6B5B0A03F07F0307EEBE
:10586000903AF8EE677AB7EE007A37EE877AD7ED9E
:10587000076AC6EE877AFCEEE77A17EE902A7B6815
:105880001A601F4B9B6B1B0C03F07F0307EE903AD3
:10589000F8EE677AB7EE007A37EE877AD7ED076AC7
:1058A000C6EE877AFCEEE77A17EE902A7B685A609C
:1058B000134B9B6B1B0E03F07F0307EE903AF8EE41
:1058C000677AB7EE007A37EE877AD7ED076AC6EEC9
:1058D000877AFCEEE77A17EE902A7B689A6008E0F8
:1058E0007B6800221A607B6800225A607B68002275
:1058F0009A6000BF2437BD465DF8047B704700BF47
:10590000004402580090D003000000460024744C6C
:105910000024744A20BCBE4B80B489B000AF7860CC
:10592000A14B9B6A03F00303BB619F4B9B6A1B0D5A
:1059300003F03F037B619C4BDB6A1B0A03F001030E
:105940003B61994B5B6CDB08C3F30C033A6902FBC8
:1059500003F307EE903AF8EE677AC7ED037A7B69B6
:10596000002B00F01181BB69022B00F08380BB6922
:10597000022B00F2A180BB69002B03D0BB69012B75
:1059800056D099E0884B1B6803F02003002B2DD0E4
:10599000854B1B68DB0803F00303844A22FA03F3F8
:1059A000BB60BB6807EE903AF8EE676A7B6907EE6A
:1059B000903AF8EE677A86EEA77A7B4B1B6CC3F3BE
:1059C000080307EE903AF8EE676A97ED036ADFED99
:1059D000785AC6EE257A76EEA77AF7EE006A77EE69
:1059E000A67A67EE277AC7ED077A87E07B6907EE2C
:1059F000903AF8EE677ADFED6F6A86EEA77A6A4B27
:105A00001B6CC3F3080307EE903AF8EE676A97ED54
:105A1000036ADFED675AC6EE257A76EEA77AF7EECF
:105A2000006A77EEA67A67EE277AC7ED077A65E017
:105A30007B6907EE903AF8EE677ADFED5F6A86EEF3
:105A4000A77A594B1B6CC3F3080307EE903AF8EEA4
:105A5000676A97ED036ADFED565AC6EE257A76EE51
:105A6000A77AF7EE006A77EEA67A67EE277AC7ED97
:105A7000077A43E07B6907EE903AF8EE677ADFED4C
:105A80004F6A86EEA77A484B1B6CC3F3080307EEF8
:105A9000903AF8EE676A97ED036ADFED455AC6EE75
:105AA000257A76EEA77AF7EE006A77EEA67A67EEA9
:105AB000277AC7ED077A21E07B6907EE903AF8EE86
:105AC000677ADFED3D6A86EEA77A374B1B6CC3F32E
:105AD000080307EE903AF8EE676A97ED036ADFED88
:105AE000345AC6EE257A76EEA77AF7EE006A77EE9C
:105AF000A67A67EE277AC7ED077A00BF2A4B1B6CA0
:105B00005B0A03F07F0307EE903AF8EE677AB7EE90
:105B1000007A37EE877AD7ED076AC6EE877AFCEE11
:105B2000E77A17EE902A7B681A601F4B1B6C1B0CE0
:105B300003F07F0307EE903AF8EE677AB7EE007A4B
:105B400037EE877AD7ED076AC6EE877AFCEEE77AFA
:105B500017EE902A7B685A60134B1B6C1B0E03F0E8
:105B60007F0307EE903AF8EE677AB7EE007A37EEE9
:105B7000877AD7ED076AC6EE877AFCEEE77A17EEEA
:105B8000902A7B689A6008E07B6800221A607B6834
:105B900000225A607B6800229A6000BF2437BD460D
:105BA0005DF8047B704700BF004402580090D003AA
:105BB000000000460024744C0024744A20BCBE4BF4
:105BC00080B584B000AF786039600023FB73534B1D
:105BD0009B6A03F00303032B01D1012399E04F4B90
:105BE0001B684E4A23F080631360FCF7F5F9B86038
:105BF00008E0FCF7F1F90246BB68D31A022B01D981
:105C0000032386E0454B1B6803F00063002BF0D1B3
:105C1000424B9B6A23F47C327B681B681B033F4921
:105C200013438B627B685B68013BC3F308027B68AC
:105C30009B68013B5B029BB21A437B68DB68013BBC
:105C40001B0403F4FE031A437B681B69013B1B061C
:105C500003F0FE43314913438B63304BDB6A23F07F
:105C6000C0027B685B692D491343CB622B4BDB6A17
:105C700023F020027B689B6928491343CB62274BA2
:105C8000DB6A264A23F01003D362244BDA6B244BE1
:105C900013407A68D269D20020491343CB631F4B6B
:105CA000DB6A1E4A43F01003D3623B68002B06D127
:105CB0001A4BDB6A194A43F40023D3620FE03B68B6
:105CC000012B06D1154BDB6A144A43F48013D362CF
:105CD00005E0124BDB6A114A43F40013D3620F4B09
:105CE0001B680E4A43F080631360FCF775F9B860D7
:105CF00008E0FCF771F90246BB68D31A022B01D900
:105D0000032306E0054B1B6803F00063002BF0D073
:105D1000FB7B18461037BD4680BD00BF00440258CB
:105D20000700FFFF80B584B000AF786039600023C2
:105D3000FB73534B9B6A03F00303032B01D1012335
:105D400099E04F4B1B684E4A23F080531360FCF7D9
:105D500043F9B86008E0FCF73FF90246BB68D31A84
:105D6000022B01D9032386E0454B1B6803F0005347
:105D7000002BF0D1424B9B6A23F07C727B681B683E
:105D80001B053F4913438B627B685B68013BC3F390
:105D900008027B689B68013B5B029BB21A437B68ED
:105DA000DB68013B1B0403F4FE031A437B681B6999
:105DB000013B1B0603F0FE43314913430B64304B98
:105DC000DB6A23F440627B685B692D491343CB6235
:105DD0002B4BDB6A23F400727B689B6928491343D1
:105DE000CB62274BDB6A264A23F48073D362244BB1
:105DF0005A6C244B13407A68D269D200204913436D
:105E00004B641F4BDB6A1E4A43F48073D3623B68CA
:105E1000002B06D11A4BDB6A194A43F48003D36284
:105E20000FE03B68012B06D1154BDB6A144A43F4A3
:105E30000003D36205E0124BDB6A114A43F0807322
:105E4000D3620F4B1B680E4A43F080531360FCF77C
:105E5000C3F8B86008E0FCF7BFF80246BB68D31A85
:105E6000022B01D9032306E0054B1B6803F0005306
:105E7000002BF0D0FB7B18461037BD4680BD00BF1D
:105E8000004402580700FFFF80B584B000AF78607F
:105E90007B68002B01D101230FE17B6800229A620D
:105EA0007B681B68874A93420FD07B681B68864AD1
:105EB00093420AD07B681B68844A934205D07B6872
:105EC000DB680F2B01D90123F7E0786801F048F86F
:105ED000F8607B681B687B4A93420CD07B681B6828
:105EE000794A934207D07B681B68784A934202D074
:105EF000FB68082B11D87B681B68724A934209D053
:105F00007B681B68704A934204D07B681B686F4AA9
:105F1000934204D1FB68102B01D90123CDE07B68AB
:105F200093F88130DBB2002B06D17B68002283F826
:105F300080207868FBF7A0FC7B68022283F8812030
:105F40007B681B681A687B681B6822F001021A6074
:105F50007B681B689B6803F4F813BB607B689B69D4
:105F6000B3F1806F19D17B685B68B3F5800F03D103
:105F70007B689B6B002B08D07B685B68002B0CD187
:105F80007B689B6BB3F1805F07D17B681B681A68E5
:105F90007B681B6842F480521A607B685B6803F47C
:105FA0008003002B0FD07B68DB68062B0BD97B6846
:105FB0001B681B6823F480717B681A6D7B681B6803
:105FC0000A431A6007E07B681B681A687B681B68D5
:105FD00022F480721A607B68DA697B689B6A1A43D4
:105FE000BB681A437B68DB6B42EA03017B68DA68B3
:105FF0007B681B680A439A607B685A6B7B685B6AA4
:106000001A437B689B6B1A437B689B691A437B68C6
:106010001B691A437B685B691A437B681B6A1A43D6
:106020007B685B681A437B68DB6C1A437B689B6800
:106030001A437B689B6C42EA03017B689A6D7B681C
:106040001B680A43DA607B685B68002B13D17B68AE
:106050001B689B6823F4C0527B681B6842F4006293
:106060009A607B681B689B6823F4C0627B681B682E
:1060700042F480629A607B681B681A6D7B681B68BB
:1060800022F001021A657B685B6803F48003002B31
:106090000AD07B681B68DB6823F000417B685A6D7F
:1060A0007B681B680A43DA607B680022C3F884209F
:1060B0007B68012283F88120002318461037BD46F3
:1060C00080BD00BF0030014000380040003C00406F
:1060D00080B588B002AFF860B9603B601346FB80C2
:1060E000FB681B6820337B61FBF776FF3861FB6838
:1060F00093F88130DBB2012B01D00223D1E1BB68E0
:10610000002B02D0FB88002B01D10123C9E1FB68E1
:1061100093F88030012B01D10223C2E1FB680122F8
:1061200083F88020FB68032283F88120FB6800222B
:10613000C3F88420FB68BA68DA65FB68FA88A3F8BC
:106140006020FB68FA88A3F86220FB6800225A6688
:10615000FB680022A3F86820FB680022A3F86A20ED
:10616000FB6800225A67FB6800221A67FB689B687D
:10617000B3F5C02F08D1FB681B681A68FB681B6861
:1061800042F400621A6009E0FB681B68DB6823F4D4
:10619000C022FB681B6842F40032DA60FB681B68AF
:1061A0005A68964B1340F988FA6812680B4353609B
:1061B000FB681B681A68FB681B6842F001021A60E2
:1061C000FB685B68B3F5800F07D1FB681B681A6832
:1061D000FB681B6842F400721A60FB68DB680F2BD7
:1061E00047D93FE0FB681B685B6903F00203022BA1
:1061F00014D1FB68DA6DFB681B6812681A62FB68D1
:10620000DB6D1A1DFB68DA65FB68B3F862309BB280
:10621000013B9AB2FB68A3F8622023E0FBF7DCFEA7
:1062200002463B69D31A3A689A4203D83B68B3F1F5
:10623000FF3F02D13B68002B14D1F86800F0C2FD8B
:10624000FB68D3F8843043F48072FB68C3F8842081
:10625000FB68012283F88120FB68002283F88020FC
:1062600003231EE1FB68B3F862309BB2002BB9D167
:10627000F1E0FB68DB68072B40F2E6805DE0FB683D
:106280001B685B6903F00203022B32D1FB68B3F891
:1062900062309BB2012B18D9FB68DB6B002B14D04A
:1062A000FB68DA6DFB681B6812681A62FB68DB6DBD
:1062B0001A1DFB68DA65FB68B3F862309BB2023BDB
:1062C0009AB2FB68A3F8622037E0FB68DB6D1A889E
:1062D0007B691A80FB68DB6D9A1CFB68DA65FB68DA
:1062E000B3F862309BB2013B9AB2FB68A3F862201C
:1062F00023E0FBF771FE02463B69D31A3A689A42E3
:1063000003D83B68B3F1FF3F02D13B68002B14D1A7
:10631000F86800F057FDFB68D3F8843043F48072CE
:10632000FB68C3F88420FB68012283F88120FB68A6
:10633000002283F880200323B3E0FB68B3F86230C7
:106340009BB2002B9BD186E0FB681B685B6903F066
:106350000203022B54D1FB68B3F862309BB2032BCB
:1063600018D9FB68DB6B402B14D9FB68DA6DFB682E
:106370001B6812681A62FB68DB6D1A1DFB68DA6520
:10638000FB68B3F862309BB2043B9AB2FB68A3F897
:10639000622059E0FB68B3F862309BB2012B17D939
:1063A000FB68DB6B002B13D0FB68DB6D1A887B6905
:1063B0001A80FB68DB6D9A1CFB68DA65FB68B3F832
:1063C00062309BB2023B9AB2FB68A3F862203BE0CA
:1063D000FB68DA6DFB681B68203312781A70FB6863
:1063E000DB6D5A1CFB68DA65FB68B3F862309BB260
:1063F000013B9AB2FB68A3F8622025E00000FFFF92
:10640000FBF7EAFD02463B69D31A3A689A4203D881
:106410003B68B3F1FF3F02D13B68002B14D1F86811
:1064200000F0D0FCFB68D3F8843043F48072FB6842
:10643000C3F88420FB68012283F88120FB680022D6
:1064400083F8802003232CE0FB68B3F862309BB212
:10645000002B7FF479AF3B6900933B680022082151
:10646000F86800F04FFD0346002B07D0FB68D3F817
:10647000843043F02002FB68C3F88420F86800F001
:10648000A1FCFB68012283F88120FB68002283F8CD
:106490008020FB68D3F88430002B01D0012300E07A
:1064A000002318461837BD4680BD00BF80B588B0B0
:1064B00000AFF860B9603B601346FB80FB68DB6BA4
:1064C0005B099BB20133FB83FB681B683033BB6104
:1064D000FBF782FD7861FB6893F88130DBB2012B1A
:1064E00001D0022350E2BB68002B02D0FB88002BB6
:1064F00001D1012348E2FB6893F88030012B01D1E0
:10650000022341E2FB68012283F88020FB68042219
:1065100083F88120FB680022C3F88420FB68BA68F6
:106520005A66FB68FA88A3F86820FB68FA88A3F823
:106530006A20FB680022DA65FB680022A3F860206D
:10654000FB680022A3F86220FB6800221A67FB6840
:1065500000225A67FB689B68B3F5C02F08D1FB681F
:106560001B681A68FB681B6822F400621A6009E065
:10657000FB681B68DB6823F4C022FB681B6842F4DD
:106580008022DA60FB681B685A68954B1340F988D3
:10659000FA6812680B435360FB681B681A68FB6853
:1065A0001B6842F001021A60FB685B68B3F5800F5C
:1065B00007D1FB681B681A68FB681B6842F400720D
:1065C0001A60FB68DB680F2B6CD964E0FB681B6802
:1065D0005B693B61FB681B685B6903F00103012B8E
:1065E00014D1FB681A68FB685B6E126B1A60FB685B
:1065F0005B6E1A1DFB685A66FB68B3F86A309BB283
:10660000013B9AB2FB68A3F86A2044E0FB68B3F848
:106610006A309BB2FA8B9A4219D93B6903F4004362
:10662000002B14D0FB681A68FB685B6E126B1A6053
:10663000FB685B6E1A1DFB685A66FB68B3F86A302C
:106640009BB2013B9AB2FB68A3F86A2023E0FBF7F8
:10665000C3FC02467B69D31A3A689A4203D83B6866
:10666000B3F1FF3F02D13B68002B14D1F86800F072
:10667000A9FBFB68D3F8843043F48072FB68C3F84D
:106680008420FB68012283F88120FB68002283F8C4
:106690008020032378E1FB68B3F86A309BB2002BBB
:1066A00094D15EE1FB68DB68072B40F253818FE0F9
:1066B000FB681B685B693B61FB681B685B6903F0F7
:1066C0000103012B14D1FB685B6EBA69128892B288
:1066D0001A80FB685B6E9A1CFB685A66FB68B3F80D
:1066E0006A309BB2013B9AB2FB68A3F86A206FE064
:1066F000FB68B3F86A309BB2FA8B9A4224D93B69A3
:1067000003F40043002B1FD0FB685B6EBA6912884C
:1067100092B21A80FB685B6E9A1CFB685A66FB6833
:106720005B6EBA69128892B21A80FB685B6E9A1C23
:10673000FB685A66FB68B3F86A309BB2023B9AB2B8
:10674000FB68A3F86A2043E0FB68B3F86A309BB2A9
:10675000012B19D13B6903F40053002B14D0FB68C3
:106760005B6EBA69128892B21A80FB685B6E9A1CE3
:10677000FB685A66FB68B3F86A309BB2013B9AB279
:10678000FB68A3F86A2023E0FBF726FC02467B693E
:10679000D31A3A689A4203D83B68B3F1FF3F02D15B
:1067A0003B68002B14D1F86800F00CFBFB68D3F8B1
:1067B000843043F48072FB68C3F88420FB680122B4
:1067C00083F88120FB68002283F880200323DBE02C
:1067D000FB68B3F86A309BB2002B7FF469AFC0E06E
:1067E0000000FFFFFB681B685B693B61FB681B687F
:1067F0005B6903F00103012B17D1FB681B6803F1F0
:106800003002FB685B6E1278D2B21A70FB685B6E66
:106810005A1CFB685A66FB68B3F86A309BB2013BAE
:106820009AB2FB68A3F86A2094E0FB68B3F86A3078
:106830009BB2FA8B9A4246D93B6903F40043002B82
:1068400041D0FB681B6803F13002FB685B6E127875
:10685000D2B21A70FB685B6E5A1CFB685A66FB6802
:106860001B6803F13002FB685B6E1278D2B21A70BB
:10687000FB685B6E5A1CFB685A66FB681B6803F179
:106880003002FB685B6E1278D2B21A70FB685B6EE6
:106890005A1CFB685A66FB681B6803F13002FB68F0
:1068A0005B6E1278D2B21A70FB685B6E5A1CFB6882
:1068B0005A66FB68B3F86A309BB2043B9AB2FB6835
:1068C000A3F86A2046E0FB68B3F86A309BB2032B5A
:1068D0001CD83B6903F4C043002B17D0FB681B682E
:1068E00003F13002FB685B6E1278D2B21A70FB685B
:1068F0005B6E5A1CFB685A66FB68B3F86A309BB241
:10690000013B9AB2FB68A3F86A2023E0FBF764FB23
:1069100002467B69D31A3A689A4203D83B68B3F1BE
:10692000FF3F02D13B68002B14D1F86800F04AFA0F
:10693000FB68D3F8843043F48072FB68C3F884208A
:10694000FB68012283F88120FB68002283F8802005
:10695000032319E0FB68B3F86A309BB2002B7FF485
:1069600041AFF86800F02EFAFB68012283F881201D
:10697000FB68002283F88020FB68D3F88430002B6A
:1069800001D0012300E0002318462037BD4680BD1A
:1069900080B58AB000AF78607B681B681B693B627A
:1069A0007B681B685B69FB613A6AFB691340BB61EA
:1069B0007B681B689B687B6100237B627B6893F824
:1069C0008130FB747B681B683033FB60FB6903F428
:1069D0000063002B10D03B6A03F00803002B0BD0A0
:1069E0007B681B689A697B681B6842F400629A6145
:1069F000786800F0C3F992E1BB6903F04003002B13
:106A000013D1BB6903F02003002B0ED1BB6903F047
:106A10000403002B09D07B685B6F786898477B681C
:106A20001B6F7868984701237B62BB6903F04003C2
:106A3000002B0FD1BB6903F00103002B0AD0BB6907
:106A400003F00403002B05D17B681B6F786898471F
:106A500001237B62BB6903F02003002B0FD1BB69CC
:106A600003F00203002B0AD0BB6903F00403002BE0
:106A700005D17B685B6F7868984701237B627B6AEE
:106A8000002B40F04781BB6903F00803002B00F0A6
:106A90008B807B681B689A697B681B6842F00802E0
:106AA0009A617B681B689A697B681B6842F01002D8
:106AB0009A617B681B689A697B681B6842F4006274
:106AC0009A617B681B681A697B681B6822F0080260
:106AD0001A617B681B689B6803F44043002B3DD11F
:106AE00036E07B68DB680F2B0BD97B681A687B6804
:106AF0005B6E126B1A607B685B6E1A1D7B685A6650
:106B00001DE07B68DB68072B0BD97B685B6EFA683E
:106B1000128892B21A807B685B6E9A1C7B685A66F8
:106B20000DE07B681B6803F130027B685B6E1278B6
:106B3000D2B21A707B685B6E5A1C7B685A667B689F
:106B4000B3F86A309BB2013B9AB27B68A3F86A2023
:106B50007B68B3F86A309BB2002BC2D1786800F032
:106B600031F97B68012283F881207B68D3F8843077
:106B7000002B03D0786800F0F7F8D0E0FB7C052B01
:106B800003D1786800F0E6F8C6E0FB7C042B03D163
:106B9000786800F0D5F8BFE0FB7C032B40F0BC80A8
:106BA000786800F0C3F8B7E0BB6903F45873002BB2
:106BB00000F0B580BB6903F04003002B0FD07B6869
:106BC000D3F8843043F004027B68C3F884207B68E8
:106BD0001B689A697B681B6842F040029A61BB6936
:106BE00003F40073002B0FD07B68D3F8843043F09C
:106BF00001027B68C3F884207B681B689A697B6804
:106C00001B6842F400729A61BB6903F48073002B25
:106C10000FD07B68D3F8843043F008027B68C3F858
:106C200084207B681B689A697B681B6842F48072C9
:106C30009A61BB6903F02003002B0FD07B68D3F867
:106C4000843043F080027B68C3F884207B681B6833
:106C50009A697B681B6842F020029A617B68D3F8CE
:106C60008430002B5AD07B681B681A687B681B68CD
:106C700022F001021A607B681B6819697B681A6838
:106C8000284B0B4013617B6903F44043B3F5404F3D
:106C900038D17B681B689A687B681B6822F4404285
:106CA0009A607B68DB6F002B13D07B68DB6F1E4A1A
:106CB0001A657B68DB6F1846FBF770FE0346002BF6
:106CC00007D07B68D3F8843043F040027B68C3F878
:106CD00084207B689B6F002B20D07B689B6F124ABF
:106CE0001A657B689B6F1846FBF758FE0346002B1E
:106CF00014D07B68D3F8843043F040027B68C3F83B
:106D000084200BE07B68012283F88120786800F002
:106D10002BF803E000BF02E000BF00E000BF28370F
:106D2000BD4680BD94FCFFFF916D000880B483B028
:106D300000AF786000BF0C37BD465DF8047B70473C
:106D400080B483B000AF786000BF0C37BD465DF8FB
:106D5000047B704780B483B000AF786000BF0C370D
:106D6000BD465DF8047B704780B483B000AF7860A7
:106D700000BF0C37BD465DF8047B704780B483B01C
:106D800000AF786000BF0C37BD465DF8047B7047EC
:106D900080B584B000AF78607B689B6BFB60FB685C
:106DA0000022A3F86A20FB680022A3F86220FB6897
:106DB000012283F88120F868FFF7D6FF00BF103763
:106DC000BD4680BD80B485B000AF78607B681B682D
:106DD0005B69FB607B681B689A697B681B6842F093
:106DE00008029A617B681B689A697B681B6842F09D
:106DF00010029A617B681B681A687B681B6822F026
:106E000001021A607B681B6819697B681A683C4B31
:106E10000B4013617B681B689A687B681B6822F4CF
:106E200040429A607B6893F88130DBB2042B14D027
:106E3000FB6803F02003002B0FD07B68D3F884306D
:106E400043F080027B68C3F884207B681B689A69E2
:106E50007B681B6842F020029A617B6893F881305E
:106E6000DBB2032B14D0FB6803F04003002B0FD0E0
:106E70007B68D3F8843043F004027B68C3F8842035
:106E80007B681B689A697B681B6842F040029A61C4
:106E9000FB6803F40073002B0FD07B68D3F88430B9
:106EA00043F001027B68C3F884207B681B689A6901
:106EB0007B681B6842F400729A61FB6803F480737C
:106EC000002B0FD07B68D3F8843043F008027B6836
:106ED000C3F884207B681B689A697B681B6842F44E
:106EE00080729A617B680022A3F862207B6800228E
:106EF000A3F86A2000BF1437BD465DF8047B7047D5
:106F000090FCFFFF80B584B000AFF860B9603B60D3
:106F10001346FB7110E0FBF75FF80246BB69D31A1A
:106F20003A689A4203D83B68B3F1FF3F02D13B680D
:106F3000002B01D103230FE0FB681B685A69BB6873
:106F40001340BA689A420CBF01230023DBB21A46F1
:106F5000FB799A42DFD0002318461037BD4680BD2A
:106F600080B485B000AF78607B68DB6B5B09013370
:106F7000FB607B68DB680133BB60BB680733DB0801
:106F8000BB60BB68FA6802FB03F318461437BD46C2
:106F90005DF8047B704780B582B000AF78607B6895
:106FA000002B01D1012342E07B68D3F88830002B0D
:106FB00006D17B68002283F884207868FAF7EAFE1D
:106FC0007B682422C3F888207B681B681A687B686A
:106FD0001B6822F001021A607B689B6A002B02D0BA
:106FE000786801F0F9F9786800F08EFC0346012B0F
:106FF00001D101231BE07B681B685A687B681B6812
:1070000022F490425A607B681B689A687B681B6810
:1070100022F02A029A607B681B681A687B681B68EA
:1070200042F001021A60786801F078FA03461846C7
:107030000837BD4680BD80B58AB002AFF860B96040
:107040003B601346FB80FB68D3F88830202B7BD154
:10705000BB68002B02D0FB88002B01D1012374E018
:10706000FB680022C3F89020FB682122C3F8882027
:10707000FAF7B2FF7861FB68FA88A3F85420FB683E
:10708000FA88A3F85620FB689B68B3F5805F08D1A7
:10709000FB681B69002B04D10023FB61BB68BB614B
:1070A00003E0BB68FB610023BB6130E03B680093F9
:1070B0007B6900228021F86801F0DAFA0346002B90
:1070C00005D0FB682022C3F8882003233DE0FB693C
:1070D000002B0BD1BB691B881A46FB681B68C2F3E7
:1070E00008029A62BB690233BB6107E0FB691A7848
:1070F000FB681B689A62FB690133FB61FB68B3F8AC
:1071000056309BB2013B9AB2FB68A3F85620FB684D
:10711000B3F856309BB2002BC8D13B6800937B6913
:1071200000224021F86801F0A3FA0346002B05D0A5
:10713000FB682022C3F88820032306E0FB68202296
:10714000C3F88820002300E0022318462037BD46FC
:1071500080BD000080B5BAB000AF78607B681B6866
:10716000DB69C7F8E4307B681B681B68C7F8E03050
:107170007B681B689B68C7F8DC30D7F8E42040F6D2
:107180000F031340C7F8D830D7F8D830002B1BD1E5
:10719000D7F8E43003F02003002B15D0D7F8E03007
:1071A00003F02003002B05D1D7F8DC3003F0805327
:1071B000002B09D07B685B6F002B00F077837B6826
:1071C0005B6F7868984771E3D7F8D830002B00F0F0
:1071D0002381D7F8DC208D4B1340002B06D1D7F844
:1071E000E0208B4B1340002B00F01681D7F8E430E1
:1071F00003F00103002B11D0D7F8E03003F48073C3
:10720000002B0BD07B681B6801221A627B68D3F8C5
:10721000903043F001027B68C3F89020D7F8E43047
:1072200003F00203002B11D0D7F8DC3003F0010388
:10723000002B0BD07B681B6802221A627B68D3F894
:10724000903043F004027B68C3F89020D7F8E43014
:1072500003F00403002B11D0D7F8DC3003F0010356
:10726000002B0BD07B681B6804221A627B68D3F862
:10727000903043F002027B68C3F89020D7F8E430E6
:1072800003F00803002B17D0D7F8E03003F02003F9
:10729000002B05D1D7F8DC205C4B1340002B0BD022
:1072A0007B681B6808221A627B68D3F8903043F031
:1072B00008027B68C3F89020D7F8E43003F4006339
:1072C000002B12D0D7F8E03003F08063002B0CD0F5
:1072D0007B681B684FF400621A627B68D3F89030B9
:1072E00043F020027B68C3F890207B68D3F890308D
:1072F000002B00F0DD82D7F8E43003F02003002BF0
:1073000013D0D7F8E03003F02003002B05D1D7F8D5
:10731000DC3003F08053002B07D07B685B6F002BC1
:1073200003D07B685B6F786898477B68D3F89030B0
:10733000C7F8D4307B681B689B6803F04003402B80
:1073400005D0D7F8D43003F02803002B54D0786848
:1073500001F0FCF97B681B689B6803F04003402B3D
:1073600046D17B681B680833C7F89C30D7F89C303F
:1073700053E8003FC7F89830D7F8983023F040031F
:10738000C7F8D0307B681B680833D7F8D020C7F81F
:10739000A820C7F8A430D7F8A410D7F8A82041E84F
:1073A0000023C7F8A030D7F8A030002BD9D17B68D4
:1073B000D3F88030002B17D07B68D3F88030154A83
:1073C0001A657B68D3F880301846FBF7E7FA034666
:1073D000002B19D07B68D3F880301B6D7A68D2F807
:1073E0008020104698470FE0786800F077FA0BE0AD
:1073F000786800F073FA07E0786800F06FFA7B684D
:107400000022C3F8902053E200BF51E201000010B7
:1074100020010004198800087B68DB6E012B40F016
:10742000E781D7F8E43003F01003002B00F0E0818F
:10743000D7F8E03003F01003002B00F0D9817B680F
:107440001B6810221A627B681B689B6803F040036C
:10745000402B40F051817B68D3F880301B68964AFE
:10746000934268D07B68D3F880301B68934A93427C
:1074700061D07B68D3F880301B68914A93425AD020
:107480007B68D3F880301B688E4A934253D07B6868
:10749000D3F880301B688C4A93424CD07B68D3F879
:1074A00080301B68894A934245D07B68D3F880308E
:1074B0001B68874A93423ED07B68D3F880301B68B4
:1074C000844A934237D07B68D3F880301B68824A65
:1074D000934230D07B68D3F880301B687F4A934258
:1074E00029D07B68D3F880301B687D4A934222D034
:1074F0007B68D3F880301B687A4A93421BD07B6844
:10750000D3F880301B68784A934214D07B68D3F854
:1075100080301B68754A93420DD07B68D3F8803069
:107520001B68734A934206D07B68D3F880301B688F
:10753000704A934206D17B68D3F880301B685B6841
:107540009BB205E07B68D3F880301B685B689BB218
:10755000A7F8BE30B7F8BE30002B00F0AB817B68D7
:10756000B3F85C30B7F8BE209A4280F0A3817B6804
:10757000B7F8BE20A3F85E207B68D3F88030DB69C3
:10758000B3F5807F00F087807B681B68C7F8883080
:10759000D7F8883053E8003FC7F88430D7F88430F4
:1075A00023F48073C7F8B8307B681B681A46D7F895
:1075B000B830C7F89430C7F89020D7F89010D7F8B3
:1075C000942041E80023C7F88C30D7F88C30002B8A
:1075D000DAD17B681B6808337B677B6F53E8003F19
:1075E0003B673B6F23F00103C7F8B4307B681B682F
:1075F0000833D7F8B420C7F88020FB67F96FD7F8B5
:10760000802041E80023BB67BB6F002BE1D17B6882
:107610001B6808333B663B6E53E8003FFB65FB6D20
:1076200023F04003C7F8B0307B681B680833D7F8F5
:10763000B020FA66BB66B96EFA6E41E800237B663D
:107640007B6E002BE3D17B682022C3F88C207B6803
:107650000022DA667B681B68FB64FB6C53E8003F22
:10766000BB64BB6C23F01003C7F8AC307B681B68AD
:107670001A46D7F8AC30BB657A65796DBA6D41E8CA
:1076800000233B653B6D002BE4D17B68D3F8803051
:107690001846FAF765FE7B6802221A677B68B3F822
:1076A0005C207B68B3F85E309BB2D31A9BB219465C
:1076B000786800F01DF9FDE010000240280002404B
:1076C0004000024058000240700002408800024022
:1076D000A0000240B800024010040240280402400A
:1076E00040040240580402407004024088040240F2
:1076F000A0040240B80402407B68B3F85C207B68B9
:10770000B3F85E309BB2D31AA7F8CE307B68B3F8DB
:107710005E309BB2002B00F0CF80B7F8CE30002B4C
:1077200000F0CA807B681B68BB63BB6B53E8003FFB
:107730007B637B6B23F49073C7F8C8307B681B684E
:107740001A46D7F8C8307B643A64396C7A6C41E8E1
:107750000023FB63FB6B002BE4D17B681B680833C1
:107760007B627B6A53E8003F3B623A6A554B1340A9
:10777000C7F8C4307B681B680833D7F8C4203A6365
:10778000FB62F96A3A6B41E80023BB62BB6A002BDB
:10779000E3D17B682022C3F88C207B680022DA6664
:1077A0007B6800225A677B681B683B613B6953E832
:1077B000003FFB60FB6823F01003C7F8C0307B6814
:1077C0001B681A46D7F8C030FB61BA61B969FA691B
:1077D00041E800237B617B69002BE4D17B680222B6
:1077E0001A67B7F8CE301946786800F081F863E080
:1077F000D7F8E43003F48013002B0ED0D7F8DC3038
:1078000003F48003002B08D07B681B684FF48012C0
:107810001A62786801F041F851E0D7F8E43003F0DB
:107820008003002B14D0D7F8E03003F08003002B46
:1078300005D1D7F8DC3003F40003002B08D07B68B7
:107840009B6F002B3AD07B689B6F7868984735E038
:10785000D7F8E43003F04003002B09D0D7F8E0302C
:1078600003F04003002B03D0786800F0EBFF26E024
:10787000D7F8E43003F40003002B09D0D7F8E03048
:1078800003F08043002B03D0786801F01AF816E06B
:10789000D7F8E43003F08073002B10D0D7F8E03035
:1078A000002B0CDA786801F002F808E000BF06E06F
:1078B00000BF04E000BF02E000BF00E000BFE83707
:1078C000BD4680BDFEFFFFEF80B483B000AF78609F
:1078D00000BF0C37BD465DF8047B704780B483B0B1
:1078E00000AF786000BF0C37BD465DF8047B704781
:1078F00080B483B000AF78600B467B8000BF0C374C
:10790000BD465DF8047B70472DE9B04F92B000AFE3
:107910007861002387F842307B699A687B691B692C
:107920001A437B695B691A437B69DB6913437B6498
:107930007B691B681A68BE4B13407A691268796CC0
:107940000B4313607B691B685B6823F440517B69C0
:10795000DA687B691B680A435A607B699B697B64B0
:107960007B691B68B34A934204D07B691B6A7A6CBB
:1079700013437B647B691B689A68AF4B13407A6939
:107980001268796C0B4393607B691B68DB6A23F098
:107990000F017B695A6A7B691B680A43DA627B695B
:1079A0001B68A64A934277D1A54B5B6D03F0380361
:1079B000282B6DD801A252F823F000BF617A00088D
:1079C000917A0008917A0008917A0008917A00086B
:1079D000917A0008917A0008917A0008697A000883
:1079E000917A0008917A0008917A0008917A00084B
:1079F000917A0008917A0008917A0008717A00085B
:107A0000917A0008917A0008917A0008917A00082A
:107A1000917A0008917A0008917A0008797A000832
:107A2000917A0008917A0008917A0008917A00080A
:107A3000917A0008917A0008917A0008817A00080A
:107A4000917A0008917A0008917A0008917A0008EA
:107A5000917A0008917A0008917A0008897A0008E2
:107A6000012387F8433022E2042387F843301EE2E3
:107A7000082387F843301AE2102387F8433016E2D0
:107A8000202387F8433012E2402387F843300EE288
:107A9000802387F843300AE27B691B68694A934276
:107AA00030D1674B5B6D03F00703052B26D801A28D
:107AB00052F823F0CD7A0008D57A0008DD7A000864
:107AC000E57A0008ED7A0008F57A0008002387F8C7
:107AD0004330ECE1042387F84330E8E1082387F8DA
:107AE0004330E4E1102387F84330E0E1202387F8B6
:107AF0004330DCE1402387F84330D8E1802387F826
:107B00004330D4E17B691B684F4A934230D14C4BE0
:107B10005B6D03F00703052B26D801A252F823F072
:107B2000397B0008417B0008497B0008517B000835
:107B3000597B0008617B0008002387F84330B6E1D9
:107B4000042387F84330B2E1082387F84330AEE1DD
:107B5000102387F84330AAE1202387F84330A6E1B9
:107B6000402387F84330A2E1802387F843309EE129
:107B70007B691B68354A934230D1314B5B6D03F012
:107B80000703052B26D801A252F823F0A57B000895
:107B9000AD7B0008B57B0008BD7B0008C57B0008F5
:107BA000CD7B0008002387F8433080E1042387F869
:107BB00043307CE1082387F8433078E1102387F8CD
:107BC000433074E1202387F8433070E1402387F885
:107BD00043306CE1802387F8433068E17B691B68A0
:107BE0001B4A934242D1164B5B6D03F00703052BF2
:107BF00038D801A252F823F0117C0008197C000843
:107C0000217C0008297C0008557C00085D7C000868
:107C1000002387F843304AE1042387F8433046E1E4
:107C2000082387F8433042E1102387F843303EE1D0
:107C3000F369FFCF000C0058FFF4FF110010014062
:107C4000004402580044004000480040004C0040FE
:107C500000500040202387F8433028E1402387F874
:107C6000433024E1802387F8433020E17B691B689F
:107C7000CB4A934276D1CB4B5B6D03F03803282B74
:107C80006CD801A252F823F02D7D00085D7D00081C
:107C90005D7D00085D7D00085D7D00085D7D00085C
:107CA0005D7D00085D7D0008357D00085D7D000874
:107CB0005D7D00085D7D00085D7D00085D7D00083C
:107CC0005D7D00085D7D00083D7D00085D7D00084C
:107CD0005D7D00085D7D00085D7D00085D7D00081C
:107CE0005D7D00085D7D0008457D00085D7D000824
:107CF0005D7D00085D7D00085D7D00085D7D0008FC
:107D00005D7D00085D7D00084D7D00085D7D0008FB
:107D10005D7D00085D7D00085D7D00085D7D0008DB
:107D20005D7D00085D7D0008557D0008012387F812
:107D30004330BCE0042387F84330B8E0082387F8D9
:107D40004330B4E0102387F84330B0E0202387F8B5
:107D50004330ACE0402387F84330A8E0802387F825
:107D60004330A4E07B691B688F4A934230D18D4B2E
:107D70005B6D03F00703052B26D801A252F823F010
:107D8000997D0008A17D0008A97D0008B17D00084B
:107D9000B97D0008C17D0008002387F8433086E0E4
:107DA000042387F8433082E0082387F843307EE0DD
:107DB000102387F843307AE0202387F8433076E0B9
:107DC000402387F8433072E0802387F843306EE029
:107DD0007B691B68754A934230D1724B5B6D03F02F
:107DE0000703052B26D801A252F823F0057E0008D0
:107DF0000D7E0008157E00081D7E0008257E000807
:107E00002D7E0008002387F8433050E0042387F8D4
:107E100043304CE0082387F8433048E0102387F8CC
:107E2000433044E0202387F8433040E0402387F884
:107E300043303CE0802387F8433038E07B691B689F
:107E40005B4A934230D1574B9B6D03F00703052BE0
:107E500026D801A252F823F0717E0008797E00082E
:107E6000817E0008897E0008917E0008997E0008C6
:107E7000022387F843301AE0042387F8433016E0E2
:107E8000082387F8433012E0102387F843300EE0D0
:107E9000202387F843300AE0402387F8433006E088
:107EA000802387F8433002E0802387F843307B69E2
:107EB0001B683F4A934240F0F88097F84330202BEC
:107EC00046DC022BC0F28280023B1E2B7ED801A230
:107ED00052F823F0577F0008CD7F00085F7F00082D
:107EE000CD7F0008CD7F0008CD7F00086F7F0008A0
:107EF000CD7F0008CD7F0008CD7F0008CD7F000832
:107F0000CD7F0008CD7F0008CD7F00087F7F00086F
:107F1000CD7F0008CD7F0008CD7F0008CD7F000811
:107F2000CD7F0008CD7F0008CD7F0008CD7F000801
:107F3000CD7F0008CD7F0008CD7F0008CD7F0008F1
:107F4000CD7F0008CD7F0008CD7F0008BF7F0008EF
:107F5000402B37D03AE0FDF775FBF8633CE007F1C2
:107F600024031846FDF784FBBB6AFB6334E007F18A
:107F700018031846FDF7D0FCFB69FB632CE0094BA6
:107F80001B6803F02003002B16D0064B1B68DB0890
:107F900003F00303074A22FA03F3FB631CE000BF6C
:107FA000001401400044025800780040007C00406A
:107FB000000C00580090D0039D4BFB630CE09D4BE0
:107FC000FB6309E04FF40043FB6305E00023FB6320
:107FD000012387F8423000BFFB6B002B00F0DE81ED
:107FE0007B695B6A944A32F813301A46FB6BB3FB29
:107FF000F2F33B637B695A6813465B0013443A6BA8
:108000009A4205D37B695B681B033A6B9A4203D99A
:10801000012387F84230C1E1FB6B0022BB60FA60AC
:108020007B695B6A844A32F813309BB200223B6062
:108030007A60D7E90023D7E90201F8F7A9F90246E7
:108040000B46104619464FF000024FF000030B029A
:1080500043EA1063020279694968490800200C4626
:10806000054612EB040843EB05097B695B680022B7
:108070009A46934652465B4640464946F8F788F989
:1080800002460B461346BB63BB6BB3F5407F08D378
:10809000BB6BB3F5801F04D27B691B68BA6BDA60D7
:1080A0007CE1012387F8423078E17B69DB69B3F535
:1080B000004F40F0C58097F84330202B48DC002B60
:1080C0007BDB202B79D801A252F823F057810008DE
:1080D0005F810008BB810008BB8100086781000840
:1080E000BB810008BB810008BB81000877810008C4
:1080F000BB810008BB810008BB810008BB81000870
:10810000BB810008BB810008BB8100088781000893
:10811000BB810008BB810008BB810008BB8100084F
:10812000BB810008BB810008BB810008BB8100083F
:10813000BB810008BB810008BB810008BB8100082F
:10814000BB810008BB810008BB810008AD8100082D
:10815000402B2ED031E0FCF73FF8F86333E0FCF71A
:1081600051F8F8632FE007F124031846FDF780FA71
:10817000BB6AFB6327E007F118031846FDF7CCFB49
:10818000FB69FB631FE02D4B1B6803F02003002BF2
:1081900009D02A4B1B68DB0803F00303244A22FAA8
:1081A00003F3FB630FE0224BFB630CE0214BFB630B
:1081B00009E04FF40043FB6305E00023FB63012368
:1081C00087F8423000BFFB6B002B00F0E7807B6933
:1081D0005B6A194A32F813301A46FB6BB3FBF2F3B1
:1081E0005A007B695B685B081A447B695B68B2FB79
:1081F000F3F3BB63BB6B0F2B16D9BB6BB3F5803F9F
:1082000012D2BB6B9BB223F00F03FB86BB6B5B08E8
:108210009BB203F007039AB2FB8E1343FB867B6984
:108220001B68FA8EDA60B9E0012387F84230B5E0C6
:108230000090D00300093D0058B3000800440258E4
:1082400097F84330202B49DC002B7CDB202B7AD89D
:1082500001A252F823F000BFE3820008EB8200087D
:108260004783000847830008F3820008478300081B
:1082700047830008478300080383000847830008FA
:1082800047830008478300084783000847830008A6
:1082900047830008478300081383000847830008CA
:1082A0004783000847830008478300084783000886
:1082B0004783000847830008478300084783000876
:1082C0004783000847830008478300084783000866
:1082D000478300084783000839830008402B2ED0CD
:1082E00031E0FBF779FFF86333E0FBF78BFFF863CE
:1082F0002FE007F124031846FDF7BAF9BB6AFB63C8
:1083000027E007F118031846FDF706FBFB69FB633E
:108310001FE02D4B1B6803F02003002B09D02A4BD4
:108320001B68DB0803F00303284A22FA03F3FB630C
:108330000FE0264BFB630CE0254BFB6309E04FF499
:108340000043FB6305E00023FB63012387F8423011
:1083500000BFFB6B002B21D07B695B6A1D4A32F8A2
:1083600013301A46FB6BB3FBF2F27B695B685B0868
:108370001A447B695B68B2FBF3F3BB63BB6B0F2BE7
:1083800009D9BB6BB3F5803F05D2BB6B9AB27B6951
:108390001B68DA6002E0012387F842307B69012222
:1083A000A3F86A207B690122A3F868207B69002278
:1083B0005A677B6900229A6797F842301846483717
:1083C000BD46BDE8B08F00BF004402580090D00306
:1083D00000093D0058B3000880B483B000AF786056
:1083E0007B689B6A03F00803002B0AD07B681B683C
:1083F0005B6823F400417B689A6B7B681B680A43C7
:108400005A607B689B6A03F00103002B0AD07B68EB
:108410001B685B6823F400317B68DA6A7B681B6841
:108420000A435A607B689B6A03F00203002B0AD060
:108430007B681B685B6823F480317B681A6B7B6800
:108440001B680A435A607B689B6A03F00403002B95
:108450000AD07B681B685B6823F480217B685A6BB9
:108460007B681B680A435A607B689B6A03F01003B1
:10847000002B0AD07B681B689B6823F480517B68C3
:10848000DA6B7B681B680A439A607B689B6A03F01F
:108490002003002B0AD07B681B689B6823F40051E3
:1084A0007B681A6C7B681B680A439A607B689B6ACE
:1084B00003F04003002B1AD07B681B685B6823F431
:1084C00080117B685A6C7B681B680A435A607B6822
:1084D0005B6CB3F5801F0AD17B681B685B6823F473
:1084E000C0017B689A6C7B681B680A435A607B6892
:1084F0009B6A03F08003002B0AD07B681B685B68D3
:1085000023F400217B68DA6C7B681B680A435A609D
:1085100000BF0C37BD465DF8047B704780B598B04E
:1085200002AF78607B680022C3F89020F9F754FD11
:1085300078657B681B681B6803F00803082B2FD144
:108540006FF07E4300937B6D00224FF4001178683A
:1085500000F08EF80346002B22D07B681B68BB63BB
:10856000BB6B53E8003F7B637B6B23F080033B6571
:108570007B681B681A463B6D7B643A64396C7A6C85
:1085800041E80023FB63FB6B002BE6D17B682022D4
:10859000C3F888207B68002283F88420032363E0EB
:1085A0007B681B681B6803F00403042B49D16FF040
:1085B0007E4300937B6D00224FF48001786800F0C9
:1085C00057F80346002B3CD07B681B687B627B6AB4
:1085D00053E8003F3B623B6A23F49073FB647B6883
:1085E0001B681A46FB6C3B63FA62F96A3A6B41E816
:1085F0000023BB62BB6A002BE6D17B681B68083393
:108600003B613B6953E8003FFB60FB6823F00103DB
:10861000BB647B681B680833BA6CFA61BB61B969DB
:10862000FA6941E800237B617B69002BE5D17B6817
:108630002022C3F88C207B68002283F88420032347
:1086400012E07B682022C3F888207B682022C3F8D0
:108650008C207B680022DA667B6800221A677B68C0
:10866000002283F88420002318465837BD4680BD79
:1086700080B584B000AFF860B9603B601346FB7111
:108680004FE0BB69B3F1FF3F4BD0F9F7A5FC0246C1
:108690003B68D31ABA699A4202D3BB69002B01D155
:1086A00003234EE0FB681B681B6803F00403002BE8
:1086B00037D0BB68802B34D0BB68402B31D0FB68EF
:1086C0001B68DB6903F00803082B10D1FB681B68EB
:1086D00008221A62F86800F039F8FB680822C3F82B
:1086E0009020FB68002283F88420012329E0FB68A6
:1086F0001B68DB6903F40063B3F5006F11D1FB68FD
:108700001B684FF400621A62F86800F01FF8FB68FB
:108710002022C3F89020FB68002283F884200323E2
:108720000FE0FB681B68DA69BB681340BA689A42BD
:108730000CBF01230023DBB21A46FB799A42A0D07A
:10874000002318461037BD4680BD000080B495B0A8
:1087500000AF78607B681B687B637B6B53E8003FEE
:108760003B633B6B23F49073FB647B681B681A4686
:10877000FB6C3B64FA63F96B3A6C41E80023BB6322
:10878000BB6B002BE6D17B681B6808333B623B6AFE
:1087900053E8003FFB61FA691E4B1340BB647B68E2
:1087A0001B680833BA6CFA62BB62B96AFA6A41E8BC
:1087B00000237B627B6A002BE5D17B68DB6E012B9B
:1087C00018D17B681B68FB60FB6853E8003FBB6007
:1087D000BB6823F010037B647B681B681A467B6CC4
:1087E000BB617A617969BA6941E800233B613B6901
:1087F000002BE6D17B682022C3F88C207B68002206
:10880000DA667B6800225A6700BF5437BD465DF8C0
:10881000047B7047FEFFFFEF80B584B000AF786047
:108820007B689B6BFB60FB680022A3F85E20FB6803
:108830000022A3F85620F868FFF750F800BF103761
:10884000BD4680BD80B588B000AF78607B681B688E
:10885000FB60FB6853E8003FBB60BB6823F040034C
:10886000FB617B681B681A46FB69BB617A617969A9
:10887000BA6941E800233B613B69002BE6D17B6884
:108880002022C3F888207B6800229A677868FFF767
:108890001BF800BF2037BD4680BD80B483B000AF59
:1088A000786000BF0C37BD465DF8047B704780B42C
:1088B00083B000AF786000BF0C37BD465DF8047B25
:1088C000704780B483B000AF786000BF0C37BD46FE
:1088D0005DF8047B704780B485B000AF78607B683A
:1088E00093F88430012B01D1022327E07B68012219
:1088F00083F884207B682422C3F888207B681B6867
:108900001B68FB607B681B681A687B681B6822F029
:1089100001021A60FB6823F00053FB607B680022B1
:108920005A667B681B68FA681A607B682022C3F865
:1089300088207B68002283F884200023184614379F
:10894000BD465DF8047B704780B584B000AF7860A9
:1089500039607B6893F88430012B01D102232DE02C
:108960007B68012283F884207B682422C3F8882056
:108970007B681B681B68FB607B681B681A687B68E8
:108980001B6822F001021A607B681B689B6823F059
:1089900060417B681B683A680A439A60786800F017
:1089A0004FF87B681B68FA681A607B682022C3F85E
:1089B00088207B68002283F8842000231846103723
:1089C000BD4680BD80B584B000AF786039607B68FB
:1089D00093F88430012B01D102232DE07B68012222
:1089E00083F884207B682422C3F888207B681B6876
:1089F0001B68FB607B681B681A687B681B6822F039
:108A000001021A607B681B689B6823F060617B68C9
:108A10001B683A680A439A60786800F011F87B682E
:108A20001B68FA681A607B682022C3F888207B687C
:108A3000002283F88420002318461037BD4680BDED
:108A400080B485B000AF78607B685B6E002B08D186
:108A50007B680122A3F86A207B680122A3F86820C2
:108A600031E01023FB731023BB737B681B689B688A
:108A70005B0EDBB203F007037B737B681B689B68AC
:108A80005B0FDBB203F007033B73BB7B3A7B1149FF
:108A90008A5C02FB03F33A7B0F498A5C93FBF2F397
:108AA0009AB27B68A3F86A20FB7B7A7B09498A5CCF
:108AB00002FB03F37A7B08498A5C93FBF2F39AB2D8
:108AC0007B68A3F8682000BF1437BD465DF8047BBF
:108AD000704700BF70B3000878B30008F0B52DED03
:108AE000028BB0EE408B85B017460D9D0C9E18EEA4
:108AF000902A25F02005002AB6BF2D220022B1EED3
:108B0000408B462D0C461A7004D0452D00D10134FF
:108B1000022100E0032103AB019302AB0093224644
:108B20003346B0EE480B00F02FFE472D14D1FB0763
:108B30000AD50219B5EE408BF1EE10FA08BF039288
:108B40003021039B934219D3039B0E9A1B1A136087
:108B500005B0BDEC028BF0BD462D00EB0402E9D15F
:108B60000378302B07D1B5EE408BF1EE10FA1CBF25
:108B7000C4F10104346033681A44DBE75C1C0394DD
:108B80001970DEE7F7B50029BABF49422D232B2320
:108B900009290270437029DD0DF107031D460A27DC
:108BA0001A46B1FBF7F607FB1614303402F8014CF5
:108BB0000C46632C03F1FF333146F1DC3031941E57
:108BC00003F8011C411C2346AB420AD30DF10903F3
:108BD0009B1AAC4288BF002302330344181A03B027
:108BE000F0BD13F8016B01F8016FEDE73023303170
:108BF0008370C170031DF1E72DE9F04F8DB00C4675
:108C0000DDF8588016461F46054600F0BDFCD0F83A
:108C100000B05846F7F7B4FB00230A93D8F80030A9
:108C200094F8189022680590073323F0070303F1A6
:108C30000801C8F8001093ED000B9FED976BB0EEA4
:108C4000C07BB4EE467BF1EE10FA84ED120B24DD0E
:108C5000B5EEC00BF1EE10FA02D52D2384F84330A7
:108C60008F49904BB9F1470F94BF8846984622F040
:108C700004020323236122604FF0000A0097334669
:108C80000BAA2146284600F0D1F9013040F0898036
:108C90004FF0FF300DB0BDE8F08FB4EE400BF1EEB9
:108CA00010FA09D710EE903A002BBCBF2D2384F8A0
:108CB00043307D497D4BD5E76368591C09F0DF0AD5
:108CC00039D10623636042F480620023226003935B
:108CD0000AABCDE9019309AB009361680DF1230361
:108CE0002846FFF7FBFEBAF1470F0999804629D1C4
:108CF000C81C02DB6368994241DDA9F102095FFAF1
:108D000089F901394A4604F150000991FFF73AFF09
:108D10000A9A1318012A8246236102DC2268D207CC
:108D200001D5013323619DF82330002BA6D02D23DC
:108D300084F84330A2E7BAF1470FC4D1002BC2D167
:108D40000123BFE7B9F1650FDBD9B9F1660F18D17F
:108D5000002963680BDD216113B92268D00702D5B1
:108D600001330B442361A1654FF0000ADBE713B91F
:108D70002268D20701D50233F4E70123F2E74FF06E
:108D800067090A9B994205DB23682161D807EAD568
:108D90004B1CE7E70029D4BFC1F1020201221344B2
:108DA000E0E723685A0507D423694246314628463E
:108DB000B84701302AD16BE7B9F1650F40F2E08086
:108DC00094ED127BB5EE407BF1EE10FA33D1384AC8
:108DD000012331462846B84701303FF459AFDDE959
:108DE0000938434502DB2368D8070FD5059B5A464F
:108DF00031462846B84701303FF44AAF4FF00009EA
:108E000008F1FF3804F11A0AC84509DC23689B07FA
:108E100000F10781E0680B9B9842B8BF184639E71C
:108E20000123524631462846B84701303FF430AF5F
:108E300009F10109E8E7099B002B3BDC1C4A0123EF
:108E400031462846B84701303FF422AFDDE9093901
:108E500059EA030302D12368D907D7D5059B5A469F
:108E600031462846B84701303FF412AF4FF0000AB0
:108E700004F11A0B099B5B42534501DC4B4694E716
:108E800001235A4631462846B84701303FF400AF27
:108E90000AF1010AEEE700BFFFFFFFFFFFFFEF7FD0
:108EA00080B3000884B3000888B300088CB30008BE
:108EB00090B30008A36DDDF828A05345A8BF534622
:108EC000002B994637DC0023079329EAE97904F15E
:108ED0001A02A36D07990693A3EB09038B4231DCB9
:108EE000099B9A453BDC2368DA0738D4099BAAEB37
:108EF0000309069BAAEB03039945A8BF9946B9F15C
:108F0000000F34DC4FF0000829EAE97904F11A0B6C
:108F1000099BAAEB0303A3EB090343457FF776AF55
:108F200001235A4631462846B84701303FF4B0AED7
:108F300008F10108ECE7424631462846B8470130BF
:108F4000C1D1A5E60123314628460692B847013033
:108F50003FF49EAE079B069A01330793B9E7059B42
:108F60005A4631462846B8470130BFD190E6069AA6
:108F70004B46424431462846B8470130C2D187E6C5
:108F8000DDF82890B9F1010F01DCDB0736D50123AC
:108F9000424631462846B84701303FF479AE059B3A
:108FA0005A4631462846B84701303FF471AE94ED39
:108FB000127BB5EE407BF1EE10FA09F1FF3918D0C3
:108FC0004B4608F1010231462846B84701300CD122
:108FD0005EE601235A4631462846B84701303FF441
:108FE00057AE08F10108C845F3DB534604F15002BF
:108FF000DCE64FF0000804F11A0BF4E701234246C7
:10900000E1E701234A4631462846B84701303FF49C
:109010003FAE08F10108E3680B995B1A4345F0DCA9
:10902000F8E64FF0000804F11909F4E72DE9F047DC
:10903000164698468A680B69DDF820909342B8BFBF
:109040001346336091F8432007460C460AB10133BA
:1090500033602368990642BF336802333360256862
:1090600015F0060506D104F1190AE36832689B1A67
:10907000AB4226DC94F843302268003B18BF012342
:1090800092062BD404F1430241463846C8470130CA
:109090001ED02368226903F00603042B02BFE56893
:1090A0003368ED1AA3680CBF25EAE57500259342E5
:1090B000C4BF9B1AED1800261A34B5421AD10020FD
:1090C00008E00123524641463846C847013003D1E3
:1090D0004FF0FF30BDE8F0870135C6E7E1185A1CB4
:1090E000302081F84300224494F8451082F8431060
:1090F0000233C7E70123224641463846C8470130BC
:10910000E6D00136D9E700002DE9FF470F7E0C9E1F
:10911000782F914680460C469A4601F1430207D8C3
:10912000622F0AD8002F00F0D280582F00F0B980AB
:1091300004F1420684F842703AE0A7F16303152B6C
:10914000F6D801A151F823F0A1910008B5910008CB
:1091500031910008319100083191000831910008E7
:10916000B591000831910008319100083191000853
:1091700031910008B5920008DF9100086F92000855
:109180003191000831910008D79200083191000810
:10919000DF910008319100083191000877920008B2
:1091A00033681A1D1B68326004F1420684F84230AD
:1091B00001239DE033682068191D3160060601D542
:1091C0001D6803E04506FBD5B3F90050002D03DA16
:1091D0002D236D4284F8433059480A2311E0216859
:1091E0003368080653F8045B02D4490648BFADB2A1
:1091F0006F2F5348336014BF0A230823002184F8DB
:1092000043106668A660002EA2BF216821F0040109
:1092100021600DB9002E4BD01646B5FBF3F103FBD0
:109220001157C75D06F8017D2F46BB420D46F4D9A4
:10923000082B0BD12368DF0708D5236961689942A1
:10924000DEBF302306F8013C06F1FF36921B226197
:10925000CDF800A04B4603AA21464046FFF7E6FEA4
:1092600001304AD14FF0FF3004B0BDE8F0872368E9
:1092700043F0200323603348782784F8457023683F
:1092800031681F0651F8045B02D45F0648BFADB2D7
:109290003160D90744BF43F0200323601DB1102380
:1092A000ACE72748E9E7236823F020032360F6E7CB
:1092B0001646BDE7336825686169181D30602E06C3
:1092C0001B6801D5196002E06806FBD519800023F0
:1092D00023611646BCE733681A1D32601E68626857
:1092E00000213046F6F7FCFF08B1801B6060636820
:1092F0002361002384F84330AAE7236932464946B4
:109300004046D0470130ADD023689B0713D4E068B6
:10931000039B9842B8BF1846A6E701233246494648
:109320004046D04701309DD00135E36803995B1A70
:10933000AB42F2DCEBE7002504F11906F5E700BFCC
:1093400092B30008A3B30008002310B50446C0E997
:109350000033C0E90433836081814366C281836145
:10936000194608225C3000F006F90D4B63620D4B84
:10937000A3620D4BE3620D4B23630D4B24629C42B1
:1093800006D003F16802944202D0D0339C4205D14A
:1093900004F15800BDE8104000F06AB910BD00BFEC
:1093A000F1940008139500084B9500086F9500088C
:1093B00068030024024A0349034800F069B800BF6B
:1093C00018000024C5AE00082800002441680C4B9A
:1093D000994210B5044601D001F074FDA168094B13
:1093E000994202D0204601F06DFDE168064B99429A
:1093F00004D02046BDE8104001F064BD10BD00BFA0
:1094000068030024D00300243804002410B50B4B5B
:109410000B4C0C4A1A60204600220421FFF794FFEF
:1094200004F1680001220921FFF78EFF04F1D0004A
:109430000222BDE810401221FFF786BFA0040024DD
:1094400068030024B5930008014800F012B900BF7A
:10945000A9040024014800F00DB900BFA9040024AC
:1094600010B50446FFF7F0FF236A1BB1BDE81040BA
:10947000FFF7F0BF044B2362044B1B68002BF5D1B0
:10948000FFF7C4FFF2E700BFCD930008A00400245B
:109490002DE9F8430746884614460026D4E901958D
:1094A000B9F1010905D52468002CF7D13046BDE893
:1094B000F883AB89012B07D9B5F90E30013303D0FE
:1094C00029463846C04706436835E9E70FB407B573
:1094D000064904AB086853F8042B8168019301F036
:1094E00055FB03B05DF804EB04B070472400002482
:1094F00010B50C46B1F90E1000F06CF80028ABBFA7
:10950000636DA3891B1823F48053ACBF6365A381EB
:1095100010BD2DE9F0411F468B89DB0505460C4641
:10952000164605D5B1F90E100223002200F040F8CE
:10953000A389B4F90E1023F48053A38132463B462D
:109540002846BDE8F04100F057B810B50C46B1F917
:109550000E1000F02DF8431CA38915BF606523F49D
:10956000805343F48053A38118BFA38110BDB1F988
:109570000E1000F00DB802440346934200D170472C
:1095800003F8011BF9E7000000487047640100245C
:1095900038B5064D0023044608462B60F8F7BCFAA0
:1095A000431C02D12B6803B1236038BDA4040024FE
:1095B00038B5074D04460846114600222A601A466F
:1095C000F8F7D1FA431C02D12B6803B1236038BDF0
:1095D000A404002438B5074D04460846114600226D
:1095E0002A601A46F8F75FFA431C02D12B6803B1D0
:1095F000236038BDA404002438B5074D044608464E
:10960000114600222A601A46F8F76AFA431C02D172
:109610002B6803B1236038BDA4040024014B1868F3
:10962000704700BF2400002470B50D4D0D4C641B25
:10963000A4100026A64209D10B4D0C4C01F050FE9F
:10964000641BA4100026A64205D170BD55F8043B4A
:1096500098470136EEE755F8043B98470136F2E7A4
:10966000F8B60008F8B60008F8B60008FCB600081E
:109670007047704770472DE9F74F03690C69A342A3
:1096800007467EDB013C01F11408A30000F114053C
:10969000009305EB8403019358F8243055F82420F7
:1096A00001339A4208EB8409B2FBF3F62ED34FF054
:1096B000000AC446AE46D3465CF8043B98B206FBAB
:1096C00000A0020C1B0C06FB0323DEF8002080B276
:1096D00092B2121A5A44DEF800004FEA134A9BB2C3
:1096E000C3EB224303EB104392B242EA0342E1454B
:1096F0004EF8042B4FEA234BDED2009BEB582BB9DC
:10970000019B043B9D421A462FD33C61384601F031
:109710000BF9002825DB2946002058F8042BD1F846
:1097200000C01FFA82FE1FFA8CF3A3EB0E03034462
:10973000120CC2EB234202EB1C429BB243EA0243EF
:10974000C14541F8043B4FEA2240E6D255F82420B7
:1097500005EB840322B9043B9D421A460BD33C61BE
:109760000136304603B0BDE8F08F1268043B002A92
:10977000CBD1013CC6E71268043B002AEFD1013C83
:10978000EAE70020EEE700002DE9F04F2DED028B17
:10979000C76991B08DED020B55EC104B1C9E0791E3
:1097A000814609920D937FB9102000F08DFD02468D
:1097B000C9F81C0020B9A04BEF21A04801F05CFCC7
:1097C000C0E901770760C760D9F81C30196859B142
:1097D0005A684A60012393408B60484600F06AFE55
:1097E000D9F81C3000221A602B1EBBBF23F00043A7
:1097F000039300230122ACBF33603260904B039E81
:10980000B34310D10D9A42F20F731360C6F31303E2
:10981000234300F0DE841D9B8A4F002B00F0E08480
:10982000FB1C00F0DBBC9DED028BB5EE408BF1EE36
:1098300010FA0AD10D9A012313601D9B13B11D9AD2
:10984000814B1360814F00F0CBBC0EAA0FA9484694
:10985000B0EE480B01F018F9C6F30A530E9A0190C6
:10986000002B45D0B0EE487B18EE901AC1F31301DF
:1098700041F07F5141F44011A3F2FF33002507EE80
:10988000901AB7EE086B9FED665B37EE467B9FED57
:10989000666BA7EE056B9FED665B07EE903AB8EE40
:1098A000E74BB0EE467BA4EE057BFDEEC76BB5EE55
:1098B000C07BF1EE10FA16EE908A08D5B8EEE66B92
:1098C000B4EE476BF1EE10FA18BF08F1FF38B8F1AB
:1098D000160F2BD85E4901EBC80191ED007BB4EE69
:1098E000C78BF1EE10FA01D508F1FF3800211EE018
:1098F0000F9B134403F232412029C1BFC1F1400143
:109900008E4003F2124124FA01F1D6BFC1F12001C9
:10991000314304FA01F107EE901AB8EE677B013B80
:1099200017EE901A0125A1F1F871A8E70121D21ACA
:10993000531E069345BFC2F1010305930023002384
:109940004CBF06930593B8F1000F0C9118DB069BF2
:10995000CDF82880434406930023079A092A49D862
:10996000052AC4BF043A0792079AA2F10202CCBFAB
:1099700000240124032A48D8DFE802F00B2E2C3AF9
:10998000059B0022A3EB080305930A92C8F100038C
:10999000E3E700220892099A002A39DC4FF0010B14
:1099A000DA465A46CDF824B0D9F81C7000210420BC
:1099B00000F11406964230D979604846049300F0CD
:1099C00039FD049B0746002846D1224B024640F24F
:1099D000AF11F2E60122DDE700220892099A08EBB6
:1099E000020B0BF1010A5246012AB8BF0122DBE744
:1099F0000122F2E701240022CDE907244FF0FF3BCA
:109A00000021DA4612220991CEE701220892F5E7F9
:109A1000DDF824B0DA465A46C6E701314000C7E710
:109A200061436F63A787D23FB3C8608B288AC63F64
:109A3000FB799F501344D33FC1B30008D8B300084B
:109A40000000F07FBDB3000891B3000890B3000898
:109A5000D0B4000830B40008D9F81C20BAF10E0FB9
:109A600010606FD8002C6DD0B8F1000F40F3C280A9
:109A7000CA4A08F00F0102EBC10218F4807F92ED90
:109A8000007B4FEA281100F0A980C54A92ED086BCF
:109A900088EE066B8DED026B01F00F010322C048CA
:109AA000002940F09D809DED026B86EE077B8DEDD9
:109AB000027B0C999DED027B002900F0C180B7EE7E
:109AC000006BB4EEC67BF1EE10FA40F1B980BAF14A
:109AD000000F00F0B580BBF1000F31DDB2EE046B7A
:109AE00027EE067B8DED027B08F1FF3104910132F8
:109AF0005C469DED026BB1EE0C5B07EE902AB8EE72
:109B0000E77BA7EE065B15EE902A51EC150BA2F150
:109B10005071002C40F09880B1EE047B36EE476B1C
:109B200041EC170BB4EEC76BF1EE10FA00F3618253
:109B3000B1EE477BB4EEC76BF1EE10FA00F1F580A1
:109B40008DED028B0F9A002AC0F22C81B8F10E0F16
:109B500000F32881914B03EBC80393ED006B099B45
:109B6000002B03DABAF1000F40F3D280B2EE044BBF
:109B70009DED027B3E4687EE065BBDEEC55B15EEB6
:109B8000103A303306F8013BF31B9A45B8EEC53B5B
:109B9000A3EE467B40F0F88037EE077BB4EEC67B41
:109BA000F1EE10FA00F3DD80B4EE467BF1EE10FA30
:109BB00004D115EE103ADB0700F1D3800199484635
:109BC00000F078FC00230D9A337008F10103136054
:109BD0001D9B002B00F004831E6001E302225EE760
:109BE000CC0704D590ED006B013227EE067B4910BF
:109BF000083055E722D0C8F10001684A01F00F0093
:109C000002EBC00292ED007B28EE077B8DED027B1C
:109C1000634809110024022229B9002C3FF449AFFE
:109C20008DED027B45E7CE0705D590ED006B013247
:109C3000012427EE067B49100830EDE7022238E7C1
:109C4000CDF81080544654E7544A02EBC40212ED9A
:109C5000024B089A41EC170B3C444AB3B6EE003B6A
:109C6000B7EE002B3E4683EE045BB2EE043B35EECE
:109C7000477BFDEEC64B14EE902AB8EEE45B303223
:109C800036EE456BB4EEC76BF1EE10FA06F8012B19
:109C900038D432EE465BB4EEC75BF1EE10FA62D414
:109CA000A6423FF44DAF27EE037B26EE036BE0E7C1
:109CB00021463E4627EE047BB2EE043BFDEEC64B4A
:109CC00014EE902A303206F8012BA642B8EEE45B7F
:109CD00036EE456B19D1B6EE005B37EE054BB4EEB0
:109CE000C46BF1EE10FA3EDC35EE475BB4EEC56BAB
:109CF000F1EE10FA7FF524AF0E46013916F8013C5B
:109D0000302BF9D0DDF8108058E726EE036BD5E74D
:109D10000BD1B1EE047B26EE076B9DED027BB4EE1A
:109D2000C76BF1EE10FAC0F2618100242546099B51
:109D3000DB4304933E464FF000082146484600F0BE
:109D4000B9FB002DDED0B8F1000F05D0A84503D037
:109D50004146484600F0AEFB2946484600F0AAFBC3
:109D6000D0E7CDF8108033461E4613F8012D392A6E
:109D700006D19F42F8D1049A0132049230223A70FF
:109D80001A7801321A70BDE727EE047BB5EE407BEE
:109D9000F1EE10FA7FF4EFAE10E700BFD0B4000888
:109DA000A8B400080899002900F0E3800799012968
:109DB00000F3C880002D00F0C18002F23342059EFE
:109DC0001C460493059B13440593069B01211344F1
:109DD0004846069300F022FC049B054666B1069AAD
:109DE000002A09DDB2420599A8BF3246891A0591B9
:109DF0000699B61A8A1A0692FBB1089A002A00F050
:109E0000BC809CB12946224648460B9300F0C6FC14
:109E1000019A01460546484600F016FC0199049057
:109E2000484600F047FB049A0B9B01921A1B04D092
:109E30000199484600F0B2FC01900121484600F02B
:109E4000EDFB0A9B0446002B00F0D0811A46014628
:109E5000484600F0A3FC079B012B044600F39580C5
:109E6000029B002B40F08B80039BC3F31302002A5C
:109E700040F0878023F00042120D1205002A00F006
:109E80008280059B01330593069B013306930123D2
:109E90000B930A9B002B00F0AF81226904EB820236
:109EA000106900F06FFBC0F12000069B184410F011
:109EB0001F0076D0C0F12002042A69DD059BC0F1A5
:109EC0001C0003440593069B064403440693059B2C
:109ED000002B05DD01991A46484600F0B9FC0190B7
:109EE000069B002B05DD21461A46484600F0B0FCD3
:109EF00004460C9B002B56D00198214600F014FD1F
:109F0000002850DA08F1FF330493019900230A2254
:109F1000484600F0F1FA089B0190002B00F06E819A
:109F2000294600230A22484600F0E6FABBF1000F5A
:109F3000054664DC079B022B3EDC60E00E9AC2F112
:109F400036023CE70AF1FF34A342BFBFE21A0A9B84
:109F50009B180A93AEBF1C1B23460024BAF1000FC6
:109F6000B5BF059A059EA2EB0A065246B8BF00226D
:109F700027E7059E089D1C4630E71A4658E7002350
:109F800086E7029B84E70B9283E700230B9384E729
:109F90009DD0059B1C3213440593069B1644134425
:109FA00094E70246F5E7BAF1000FCDF81080D346EA
:109FB00021DC079B022B1EDDBBF1000F7FF4B7AE47
:109FC00021465B460522484600F096FA01460446C3
:109FD000019800F0A9FC00287FF7A9AE3E46312386
:109FE00006F8013B049B01330493A4E6CDF81080EE
:109FF00054462546F2E7089B002B00F00381002E13
:10A0000005DD29463246484600F022FC05460B9BFA
:10A01000002B58D06968484600F00CFA064628B96B
:10A02000824B024640F2EF21FFF7C7BB2A6902329A
:10A03000920005F10C010C3001F010F801223146BC
:10A04000484600F005FC7B1C059307EB0B030993C6
:10A05000029B03F00103A84608930546059B01985F
:10A06000214603F1FF3BFFF706FB4146029000F15A
:10A07000300A019800F058FC2A46069021464846CE
:10A0800000F06EFCC2680646FAB90146019800F07D
:10A090004BFC0246314648460A9200F00BFA079BF9
:10A0A0000A9A059E43EA0201089B19430FD1BAF1AF
:10A0B000390F28D0069B002B02DD029B03F1310AE9
:10A0C0008BF800A039E62846BDE70122E2E7069BAF
:10A0D000002B04DB07990B4308990B4320D1002A7E
:10A0E000EEDD01990122484600F0B2FB21460190C5
:10A0F00000F01AFC002803DCE2D11AF0010FDFD0D7
:10A10000BAF1390FD9D139238BF8003033461E46C6
:10A11000013B16F8012C392A53D001321A700CE693
:10A12000002A07DDBAF1390FEDD00AF101038BF8EF
:10A13000003002E6059B059A03F801AC099B9342A7
:10A1400029D0019900230A22484600F0D5F9A845F4
:10A1500001904FF000034FF00A024146484607D1F4
:10A1600000F0CAF980460546059B0133059375E763
:10A1700000F0C2F92946804600230A22484600F032
:10A18000BBF90546F0E7BBF1000FCCBF5E460126E8
:10A190003E444FF0000801990122484600F058FB68
:10A1A0002146019000F0C0FB0028AFDC02D11AF07C
:10A1B000010FABD133461E4613F8012D302AFAD0D9
:10A1C000BBE59F42A3D1049B0133049331233B7031
:10A1D000B3E51D9B164F1BB107F108031D9A1360D1
:10A1E000384611B0BDEC028BBDE8F08F079B012B08
:10A1F0007FF736AE0A9B0B93012056E6BBF1000FAA
:10A200007FF7D7AE3E4601982146FFF734FA00F1BA
:10A21000300A06F801ABF21B9345B4DD0199002327
:10A220000A22484600F068F90190ECE730B40008D3
:10A23000B4B3000838B50546002941D051F8043CB4
:10A240000C1F002BB8BFE41800F0E8F81D4A136893
:10A2500033B9636014602846BDE8384000F0E4B8C4
:10A26000A34208D9206821188B4201BF19685B6896
:10A2700009182160EDE71A465B680BB1A342FAD9D1
:10A2800011685018A0420BD1206801445018834235
:10A290001160E0D118685B68536008441060DAE729
:10A2A00002D90C232B60D6E7206821188B4204BF0B
:10A2B00019685B68636004BF091821605460CAE7CD
:10A2C00038BD00BFB0040024024B0146186800F0FE
:10A2D00025B800BF2400002470B50F4E0C4631682D
:10A2E000054611B900F0AAFE30602146284600F06C
:10A2F000A5FE431C03D14FF0FF34204670BDC41CA3
:10A3000024F00304A042F8D0211A284600F096FE5B
:10A310000130F2D1EFE700BFAC0400242DE9F8438F
:10A32000CD1C25F0030508350C2D38BF0C25002D5C
:10A33000064601DBA94204D90C2333600020BDE8A6
:10A34000F883DFF8D48000F069F8D8F800301C46B4
:10A3500044BB29463046FFF7BFFF431C044658D193
:10A36000D8F800402746002F43D1002C4BD023685B
:10A370003946304604EB030900F060FE814542D1C6
:10A3800021686D1A29463046FFF7A6FF01303AD002
:10A3900023682B442360D8F800305A6862BBC8F8A1
:10A3A00000700FE02268521B20D40B2A17D96119C4
:10A3B000A342256018BF5960636808BFC8F8001041
:10A3C00062514B60304600F02FF804F10B00231D62
:10A3D00020F00700C21A1CBF1B1AA350AFE7626827
:10A3E000A3420CBFC8F800205A60EBE7234664681C
:10A3F000AEE73C467F68B6E71A465B68A342FBD1EE
:10A4000000235360DEE70C233360304600F00CF885
:10A4100094E70560D6E700BFB00400240148FFF7C9
:10A4200028B900BFA80400240148FFF723B900BFE2
:10A43000A804002470B5C66904460D4676B91020FC
:10A44000FFF742FF0246E06120B9184B18486B2124
:10A4500000F012FEC0E901660660C660E669F368B6
:10A4600083B1E369DB6853F82500B8B9012101FA2B
:10A4700005F6721D9200204600F01CFE60B1C0E996
:10A4800001560EE021220421204600F013FEE3696C
:10A49000F060DB68002BE4D1002070BD026843F857
:10A4A00025200023C0E90333F7E700BFC1B300084C
:10A4B00041B4000870B5C66905460C4676B910204F
:10A4C000FFF702FF0246E86120B9094B09488F21D6
:10A4D00000F0D2FDC0E901660660C6603CB1EB69E0
:10A4E0006268DB6853F82210216043F8224070BD97
:10A4F000C1B3000841B400082DE9F0410D690746D9
:10A500000C461E4601F1140C0020DCF8003099B214
:10A5100002FB01611E0C0B0C02FB063389B20130F9
:10A5200001EB034185424CF8041B4FEA1346ECDC77
:10A530000EB3A368AB4219DC616838460131FFF7FE
:10A5400079FF804628B902460C4B0D48BA2100F02D
:10A5500093FD2269023204F10C0192000C3000F0EC
:10A560007DFD21463846FFF7A5FF444604EB8503F1
:10A5700001355E6125612046BDE8F08130B40008F8
:10A5800041B40008B0F5803F034636BF0304002005
:10A590001020B3F1807F3CBF1B020830B3F1805F15
:10A5A0003CBF1B010430B3F1804F3CBF9B00023025
:10A5B000002B05DB13F0804F00F1010008BF2020C5
:10A5C00070470368024613F007000BD0D90721D467
:10A5D000980749BF5B089B08012013605CBF1360AC
:10A5E0000220704799B209B91B0C1020D9B209B9E1
:10A5F00008301B0A190704BF1B090430990704BF60
:10A600009B080230D90703D45B0800F1010003D096
:10A6100013607047002070472020704710B50C462B
:10A620000121FFF707FF024628B9054B054840F214
:10A63000451100F021FD01234461036110BD00BFFD
:10A6400030B4000841B400082DE9F04F14460A69FF
:10A6500023699A42A8BF23460F46A4BF0C461F4653
:10A66000D4F810A0D7F81090A36861680AEB090627
:10A67000B34285B0B8BF0131FFF7DCFE30B9024606
:10A68000444B45484FF4B17100F0F6FC00F114055D
:10A6900005EB86082B460022434521D307F1140120
:10A6A00004F1140202EB8A0201EB89030293131BEB
:10A6B000153B23F00303043304F11507BA4238BFF6
:10A6C00004230193029B03918B420CD8002E03DDDF
:10A6D00058F8043D002B5BD0066105B0BDE8F08F53
:10A6E00043F8042BD8E7B1F800A0BAF1000F24D04A
:10A6F00004F1140EA9464FF0000C5EF8047BD9F863
:10A7000000301FFA87FB9BB20AFB0B334FEA174B53
:10A71000D9F8007063444FEA174C0AFB0BC707EBEC
:10A7200013479BB243EA0743724549F8043B4FEA9B
:10A73000174CE2D8019B45F803C0039BB3F8029085
:10A740000431B9F1000F21D02B6804F1140CAE468E
:10A750004FF0000ABCF800B0BEF8027009FB0B779E
:10A7600057449BB243EA07434EF8043B5CF8043B72
:10A770004FEA134ABEF8003009FB0A3303EB1743D4
:10A7800062454FEA134AE5D8019FEB51043599E73A
:10A79000013E9BE730B4000841B400082DE9F843BE
:10A7A000154612F0030207460E4607D0254C013A23
:10A7B000002354F82220FFF79FFE0646AD103DD03F
:10A7C000FC697CB91020FFF77FFD0246F86128B9CB
:10A7D0001D4B1E4840F2B31100F04EFCC0E901448D
:10A7E0000460C460D7F81C80D8F808404CB940F227
:10A7F00071213846FFF712FF0023C8F8080004460D
:10A8000003604FF00009EB070AD53146224638466F
:10A81000FFF71AFF314680463846FFF74BFE4646A3
:10A820006D100BD0206838B9224621463846FFF714
:10A830000BFF2060C0F800900446E4E73046BDE816
:10A84000F88300BF9CB40008C1B3000841B40008FD
:10A850002DE9F0470C464968236903EB6218A368A9
:10A86000074691464FEA621A08F10106B3420BDB34
:10A870003846FFF7DFFD054648B90246284B294810
:10A880004FF4EF7100F0F8FB01315B00EEE70023BD
:10A8900000F1140100F110021846534533DB206922
:10A8A0002AEAEA7A04F1140319F01F0901EB8A017C
:10A8B00003EB800C2BD0C9F1200E8A4600221868C9
:10A8C00000FA09F010434AF8040B53F8042B9C4596
:10A8D00022FA0EF2F3D8ACEB0403153B23F003038A
:10A8E000043304F11500844538BF0423CA500AB16B
:10A8F00008F10206013E38462E612146FFF7DAFDD7
:10A900002846BDE8F08742F8040F0133C5E7043953
:10A9100053F8042B41F8042F9C45F9D8EAE700BF0F
:10A9200030B4000841B400080A6903460069801A7F
:10A9300030B50ED11433143103EB820401EB8201E4
:10A9400054F8045D51F8042D954203D005D24FF020
:10A95000FF3030BDA342F3D3FBE70120F9E700004D
:10A960002DE9F74F89460646114648461446FFF73B
:10A97000DBFF051E12D129463046FFF75BFD02467C
:10A9800028B93F4B40F237213E4800F075FB0123C8
:10A99000C0E90435104603B0BDE8F08FBCBF4B469C
:10A9A000A1463046D9F80410BABF1C46012500253F
:10A9B000FFF740FD024618B9314B40F24521E3E76D
:10A9C000D9F810702669C56009F1100309F1140562
:10A9D00004F1140E00F1140B05EB87080EEB86064C
:10A9E0000193D9464FF0000C019B5EF8040B53F81D
:10A9F00004AF01931FFA8AF3194683B2CB1A000CF5
:10AA00006344C0EB1A4000EB23409BB243EA00438F
:10AA1000764549F8043B4FEA204CE5D8331B153BFB
:10AA200023F0030315340433A64238BF04231D4426
:10AA30005B441E462C4644450ED308F10301491BD6
:10AA400021F00301033DA84538BF00210B4453F812
:10AA5000041D91B117619DE754F8041BE646080CEC
:10AA60001CFA81FC714400EB2C4089B241EA0041A0
:10AA700046F8041B4FEA204CDDE7013FE7E700BF43
:10AA800030B4000841B400082DE9F7430F46012116
:10AA900059EC108B1646FFF7CDFC044630B9024640
:10AAA000234B244840F20F3100F0E6FAC9F30A556F
:10AAB000C9F313030DB143F480130193B8F10003FC
:10AAC00023D068460093FFF77CFDDDE90012D0B18A
:10AAD000C0F1200302FA03F30B43C2406361019209
:10AAE000019BA361002B0CBF012202222261A5B1B0
:10AAF000A5F2334505443D60C0F135003060204685
:10AB000003B0BDE8F0836161EAE701A8FFF759FDF2
:10AB1000019B636120300122E8E704EB8203A0F28D
:10AB2000324038601869FFF72DFDC0EB4210E5E7B1
:10AB300030B4000841B400089368013B002B10B406
:10AB4000936008DA9469A34201DB0A2903D15DF816
:10AB5000044B00F0DFB91368581C106019700846E8
:10AB60005DF8044B7047F8B506460F461446D518F5
:10AB7000AC4201D1002007E014F8011B3A463046F0
:10AB8000FFF7DAFF431CF3D1F8BD00002DE9F04FC9
:10AB90000D469DB014469846064618B1036A0BB997
:10ABA000FEF75EFC6B6ED90705D4AB899A0502D41B
:10ABB000A86DFEF75EFDAB891B0701D52B699BB91C
:10ABC0002946304600F0E4F970B16B6EDC0704D51D
:10ABD0004FF0FF301DB0BDE8F08FAB899805F7D47A
:10ABE000A86DFEF747FDF3E70023099320238DF8B6
:10ABF0002930CDF80C803023DFF8AC818DF82A3075
:10AC00004FF0010923469A4613F8012B0AB1252A71
:10AC1000F9D1BAEB040B0BD05B46224629463046ED
:10AC2000FFF7A1FF013000F0A780099A5A4409926A
:10AC30009AF80030002B00F09F8000234FF0FF3285
:10AC4000CDE905230AF1010A049307938DF85330E7
:10AC50001A935446052214F8011B5348F5F740FB9C
:10AC6000049AD8B9D10644BF20238DF85330130776
:10AC700044BF2B238DF853309AF800302A2B15D07F
:10AC8000079A544600204FF00A0C214611F8013B68
:10AC9000303B092B4BD9B0B1079214E0A0EB08036D
:10ACA00009FA03F313430493A246D2E7039B191D49
:10ACB0001B680391002BBBBF5B4242F0020207936B
:10ACC0000793B8BF049223782E2B0AD163782A2BDE
:10ACD00032D1039B1A1D1B68039243EAE3730234CB
:10ACE0000593DFF8D4A0217803225046F5F7F8FA4F
:10ACF00038B1049BA0EB0A00402282401343013488
:10AD0000049314F8011B29488DF828100622F5F742
:10AD1000E7FA00283FD0264B1BBB039B073323F0E9
:10AD2000070308330393099B3B4409936AE70CFB31
:10AD300002320C460120A8E700230134059319468E
:10AD40004FF00A0C204610F8012B303A092A03D99B
:10AD5000002BC6D00591C4E70CFB0121044601235A
:10AD6000F0E703AB00932A46124B04A93046FDF7E7
:10AD700043FF0746781CD6D16B6ED90705D4AB8943
:10AD80009A0502D4A86DFEF775FCAB895B063FF50A
:10AD90001FAF09981EE703AB00932A46054B04A991
:10ADA0003046FEF7B1F9E4E798B50008A2B500080F
:10ADB000F98B000867AB00089EB50008B1F90C20BC
:10ADC0002DE9F041160705460C4654D44B68002B7C
:10ADD00002DC0B6C002B48DDE66A002E45D0002318
:10ADE00012F480522F68216A2B6030D0626DA389E3
:10ADF000590705D56368D21A636B0BB1236CD21A5D
:10AE00000023E66A216A2846B047431CA38906D17D
:10AE100029681D292BD82A4A0A41D60727D400229F
:10AE20006260D9042269226004D5421C01D12B68DA
:10AE300003B96065616B2F60B9B104F144039942B5
:10AE400002D02846FFF7F6F9002363630DE00123E3
:10AE50002846B0470246501CC9D12B68002BC6D0EB
:10AE60001D2B01D0162B1ED12F60002022E043F0B5
:10AE700040031BB21BE00F69002FF6D093070E684A
:10AE800008BF4B690F6018BF0023A6EB07088B6053
:10AE9000B8F1000FE9DD216AA66A43463A46284622
:10AEA000B047002808DCB4F90C3043F04003A3811C
:10AEB0004FF0FF30BDE8F0810744A8EB0008E7E75A
:10AEC000FEFFBFDF38B50B6905460C4613B90025F8
:10AED000284638BD18B1036A0BB9FEF7C1FAB4F9B8
:10AEE0000C30002BF3D0626ED00704D4990502D445
:10AEF000A06DFEF7BEFB28462146FFF75FFF636E9D
:10AF0000DA070546E4D4A3899B05E1D4A06DFEF7DA
:10AF1000B1FBDDE7F8B50E461446054618B1036AE5
:10AF20000BB9FEF79DFAA369A360A3891A0701D59F
:10AF3000236943B92146284600F02AF818B14FF09A
:10AF4000FF373846F8BD23682269981A6369F6B25C
:10AF50008342374605DC21462846FFF7B3FF002829
:10AF6000EDD1A368013BA36023685A1C22601E70C8
:10AF70006269431C9A4204D0A389DB07E1D50A2EFB
:10AF8000DFD121462846FFF79DFF0028D9D0D6E71C
:10AF900038B5294B054618680C4618B1036A0BB939
:10AFA000FEF75EFAB4F90C30190722D4DA0607D49A
:10AFB00009222A6043F04003A3814FF0FF3033E0C1
:10AFC000580712D5616B41B104F14403994202D094
:10AFD0002846FFF72FF900236363A38923F0240396
:10AFE000A3810023636023692360A38943F00803DE
:10AFF000A38123694BB9A38903F42073B3F5007FC0
:10B0000003D02146284600F0C1F8B4F90C3013F003
:10B0100001020AD00022A26062695242A261226942
:10B0200042B913F08000C5D138BD990758BF626995
:10B03000A260F4E70020F7E72400002438B5064DAD
:10B040000023044608462B60F6F79AFD431C02D104
:10B050002B6803B1236038BDA40400240A44914244
:10B0600000F1FF3300D1704710B511F8014B03F820
:10B07000014F9142F9D110BD1FB514461A46094B34
:10B080001B680546D86854B9074B1C46CDE9013406
:10B0900000912B46054900F041F800F0D5F8044B2B
:10B0A000F4E700BF24000024EEB50008C0B5000896
:10B0B000B3B5000870B5A1FB02543CB92946FFF7AF
:10B0C0002DF9064628B90026304670BD0C220260D4
:10B0D000F9E72A462146FEF74EFAF5E782B001B9B4
:10B0E00001A942B14BB113780B601278101E18BF42
:10B0F000012002B070471046FBE76FF00100F8E74F
:10B100000346084641B1FF2A04D98A221A604FF04B
:10B11000FF3070470A700120704700000EB403B57D
:10B12000014603AB054853F8042B00680193FFF771
:10B130002DFD02B05DF804EB03B07047240000243D
:10B1400070B50C46B1F90E10002996B015461E4692
:10B150000DDAA38913F0800F4FF0000114BF4023D4
:10B160004FF48063002031602B6016B070BD6A46DA
:10B1700000F048F80028ECDB019901F47041A1F5DA
:10B180000053594259414FF48063EBE78B89F7B57F
:10B190009D0706460C4607D504F14703236023614B
:10B1A0000123636103B0F0BD01AB6A46FFF7C8FF3E
:10B1B000009F054639463046FFF7B0F848B9B4F964
:10B1C0000C309A05EED423F0030343F00203A3816D
:10B1D000E2E7A389206043F08003A381019BC4E9D7
:10B1E00004075BB1B4F90E10304600F01DF828B129
:10B1F000A38923F0030343F00103A381A3891D4323
:10B20000A581CFE738B5074D00230446084611460F
:10B210002B60F6F78DFC431C02D12B6803B1236031
:10B2200038BD00BFA404002438B5064D00230446F1
:10B2300008462B60F6F78CFC431C02D12B6803B147
:10B24000236038BDA404002408B5062000F02CF8C3
:10B250000120F6F71DFC1F2938B505460C4604D918
:10B26000162303604FF0FF3038BDC26B12B152F8A5
:10B2700021304BB9284600F031F8224601462846D5
:10B28000BDE8384000F018B8012B0AD0591C03D192
:10B29000162303600120E7E7002142F8241020462E
:10B2A00098470020E0E70000024B01461868FFF7CE
:10B2B000D2BF00BF2400002438B5074D0023044648
:10B2C000084611462B60F6F7D3FB431C02D12B68CE
:10B2D00003B1236038BD00BFA4040024F6F7C0BB4F
:10B2E000F8B500BFF8BC08BC9E467047F8B500BF73
:08B2F000F8BC08BC9E46704743
:10B2F8000000000041786973657320416363656CE1
:10B308003A25662C0925662C0925660A00000000E6
:10B31800417869736573204779726F3A25662C09FD
:10B3280025662C0925660A00417869736573204DE6
:10B3380061673A25662C0925662C0925660A0000EE
:10B3480000000000010203040102030406070809C3
:10B35800010002000400060008000A000C001000AA
:10B3680020004000800000010101010307010000E6
:10B378000804020408010101494E4600696E66008E
:10B388004E414E006E616E0030003031323334353C
:10B398003637383941424344454600303132333438
:10B3A800353637383961626364656600496E6669A7
:10B3B8006E697479004E614E005245454E54206DB9
:10B3C800616C6C6F632073756363656564656400A5
:10B3D8002F6275696C642F676E752D746F6F6C734F
:10B3E8002D666F722D73746D33325F31322E332EAA
:10B3F80072656C312E32303234303631322D313381
:10B4080031352F7372632F6E65776C69622F6E65A5
:10B41800776C69622F6C6962632F7374646C6962FC
:10B428002F64746F612E630042616C6C6F632073CC
:10B438007563636565646564002F6275696C642F64
:10B44800676E752D746F6F6C732D666F722D7374C4
:10B458006D33325F31322E332E72656C312E3230BD
:10B468003234303631322D313331352F7372632F08
:10B478006E65776C69622F6E65776C69622F6C698F
:10B4880062632F7374646C69622F6D707265632ECA
:10B498006300000005000000190000007D000000A6
:10B4A8000080E03779C34143176E05B5B5B89346B8
:10B4B800F5F93FE9034F384D321D30F94877825A84
:10B4C8003CBF737FDD4F1575000000000000F03FA2
:10B4D8000000000000002440000000000000594067
:10B4E8000000000000408F40000000000088C340BA
:10B4F80000000000006AF8400000000080842E412F
:10B5080000000000D01263410000000084D797417A
:10B518000000000065CDCD41000000205FA0024280
:10B52800000000E876483742000000A2941A6D42F5
:10B53800000040E59C30A2420000901EC4BCD642E8
:10B5480000003426F56B0C430080E03779C3414393
:10B5580000A0D8855734764300C84E676DC1AB4309
:10B56800003D9160E458E143408CB5781DAF154427
:10B5780050EFE2D6E41A4B4492D54D06CFF0804402
:10B58800F64AE1C7022DB544B49DD9794378EA4417
:10B59800232D302B2000686C4C00656667454647B4
:10B5A800004300504F534958002E002C2066756EFA
:10B5B8006374696F6E3A2000617373657274696FA2
:10B5C8006E2022257322206661696C65643A2066C4
:10B5D800696C6520222573222C206C696E652025F4
:10B5E80064257325730A00002020202020202020B5
:10B5F800202828282828202020202020202020201B
:10B60800202020202020202088101010101010103A
:10B618001010101010101010040404040404040482
:10B628000404101010101010104141414141410113
:10B6380001010101010101010101010101010101F2
:10B648000101011010101010104242424242420201
:10B6580002020202020202020202020202020202C2
:10B66800020202101010102000000000000000006C
:10B6780000000000000000000000000000000000C2
:10B6880000000000000000000000000000000000B2
:10B6980000000000000000000000000000000000A2
:10B6A8000000000000000000000000000000000092
:10B6B8000000000000000000000000000000000082
:10B6C8000000000000000000000000000000000072
:10B6D8000000000000000000000000000000000062
:08B6E80000000000000000005A
:08B6F000F04BFF7F0100000098
:04B6F800C50200087F
:04B6FC00A10200089F
:10B700000000803F0000803F0090D0030090D003F5
:10B710001000000001000000000000000300000015
:10B7200068030024280000240000000068030024AF
:10B73000D0030024380400240000000000000000B2
:10B7400000000000000000000000000000000000F9
:10B7500000000000000000000000000000000000E9
:10B7600000000000000000000000000000000000D9
:10B770000000000043000000000000000000000086
:10B7800000000000000000000000000000000000B9
:10B790000000000043000000000000000000000066
:10B7A0000000000000000000000000000000000099
:10B7B0000000000043000000000000000000000046
:10B7C0000000000000000000000000000000000079
:10B7D0000000000043000000000000000000000026
:10B7E0000000000000000000000000000000000059
:10B7F0000000000043000000000000000000000006
:10B800000000000000000000000000000000000038
:10B8100000000000430000000000000000000000E5
:10B820000000000000000000000000000000000018
:10B8300000000000430000000000000000000000C5
:10B8400000000000000000000000000000000000F8
:10B850000000000001B10008DDB000080000000099
:10B86000EFB50008B1B50008EEB50008EEB5000868
:10B87000EEB50008EEB50008EEB50008EEB500081C
:10B88000EEB50008EEB50008EEB50008FFFFFFFFBB
:10B89000FFFFFFFFFFFFFFFFFFFF0000010041531D
:10B8A00043494900000000000000000000000000C3
:10B8B00000000000000000000000000000004153F4
:10B8C00043494900000000000000000000000000A3
:10B8D0000000000000000000000000000000000068
:0400000508001E7958
:00000001FF
