:020000040800F2
:100000000000082405190008951200089D12000838
:10001000A5120008AD120008B5120008000000008B
:10002000000000000000000000000000B1D3000844
:10003000BD1200080000000001D6000899AD0008BC
:1000400055190008551900085519000855190008D8
:1000500055190008551900085519000855190008C8
:10006000551900085519000855190008CD12000847
:10007000E112000855190008551900085519000823
:100080005519000855190008551900085519000898
:100090005519000855190008551900085519000888
:1000A0005519000855190008551900085519000878
:1000B0005519000855190008551900085519000868
:1000C0005519000855190008551900085519000858
:1000D00055190008F51200085519000855190008AF
:1000E00055190008551900080000000055190008AE
:1000F0005519000855190008551900085519000828
:100100005519000855190008551900085519000817
:100110005519000855190008551900080913000859
:1001200055190008551900085519000855190008F7
:1001300055190008551900085519000855190008E7
:1001400000000000000000000000000000000000AF
:1001500055190008551900085519000855190008C7
:1001600055190008551900085519000855190008B7
:10017000551900085519000855190008000000001D
:100180005519000855190008551900085519000897
:100190005519000855190008551900085519000887
:1001A0005519000855190008551900085519000877
:1001B0005519000855190008551900085519000867
:1001C0005519000855190008551900085519000857
:1001D0005519000855190008551900085519000847
:1001E0005519000855190008551900085519000837
:1001F0005519000855190008551900085519000827
:100200005519000855190008551900085519000816
:100210005519000855190008551900085519000806
:10022000551900085519000855190008000000006C
:10023000551900085519000800000000551900085C
:1002400055190008551900085519000855190008D6
:1002500055190008551900085519000855190008C6
:1002600055190008551900085519000855190008B6
:10027000551900085519000855190008000000001C
:10028000551900085519000855190008000000000C
:080290000000000055190008F0
:1002A00010B5054C237833B9044B13B10448AFF3B0
:1002B00000800123237010BD88020024000000008C
:1002C00018CE010808B5034B1BB103490348AFF32F
:1002D000008008BD000000008C02002418CE010838
:1002E00010F8012B11F8013B012A28BF9A42F7D0E0
:1002F000D01A70470000000000000000000000005D
:1003000001F0FF01102A2BDB10F0070F08D010F8C6
:10031000013B013A8B422DD010F0070F42B3F6D1CA
:10032000F0B441EA012141EA014122F007047FF0E3
:1003300000070023F0E80256083C85EA010586EA3A
:10034000010685FA47F5A3FA87F586FA47F6A5FA76
:1003500087F68EB9EED1F0BC01F0FF0102F0070282
:1003600032B110F8013B013A83EA010313B1F8D12D
:100370000020704701387047002D06BF354603380E
:10038000073815F0010F07D1013015F4807F02BF47
:10039000013015F4C03F0130F0BC0138704700BF98
:1003A000034613F8012B002AFBD1181A01387047B5
:1003B0007BB972B90029BEBF00204FF0004106E0B2
:1003C00008BF00281CBF6FF000414FF0FF3000F065
:1003D000B5B9ADF1080C6DE904CE002909DB002B9D
:1003E0001ADB00F04DF8DDF804E0DDE9022304B08B
:1003F0007047404261EB4101002B1BDB00F040F8ED
:10040000DDF804E0DDE9022304B0404261EB410184
:10041000524263EB43037047524263EB430300F0E5
:100420002FF8DDF804E0DDE9022304B0404261EB7F
:1004300041017047524263EB430300F021F8DDF8BD
:1004400004E0DDE9022304B0524263EB430370474A
:1004500053B94AB9002908BF00281CBF4FF0FF312B
:100460004FF0FF3000F06AB9ADF1080C6DE904CE31
:1004700000F006F8DDF804E0DDE9022304B070477F
:100480002DE9F047089D0C46002B4ED194468C4533
:100490008646B2FA82F262D94AB1C2F12003914093
:1004A00020FA03F30CFA02FC194300FA02FE4FEAA9
:1004B0001C471FFA8CF6B1FBF7F44FEA1E4307FB0B
:1004C000141143EA014304FB06F199420AD91CEBDB
:1004D000030304F1FF3080F01281994240F20F8152
:1004E000023C6344591A1FFA8EF3B1FBF7F007FB85
:1004F000101143EA014300FB06F69E420AD91CEBA9
:10050000030300F1FF3180F0FC809E4240F2F9804D
:10051000634402389B1B40EA044000211DB1D340D4
:100520000022C5E90032BDE8F0878B4205D90DB144
:10053000C5E9000100210846F5E7B3FA83F1002977
:1005400046D1A34202D39042C0F0F080861A64EBF9
:1005500003030120002DE6D0C5E90063E3E7002A8C
:1005600040F09080A1EB0C044FEA1C481FFA8CF776
:100570000121B4FBF8F64FEA1E4308FB164443EA98
:10058000044307FB06F0984208D91CEB030306F16D
:10059000FF3402D2984200F2CD8026461C1A1FFA80
:1005A0008EF3B4FBF8F008FB104443EA044300FB6D
:1005B00007F79F4208D91CEB030300F1FF3402D276
:1005C0009F4200F2B0802046DB1B40EA0640A5E7D0
:1005D000C1F120068B4022FA06F71F4320FA06FCE1
:1005E00004FA01F343EA0C03F44000FA01F8380C72
:1005F0004FEA1349B4FBF0FE1FFA87FC00FB1E44D0
:1006000049EA04440EFB0CF9A14502FA01F20AD9A9
:100610003C190EF1FF3A80F08480A14540F28180C0
:10062000AEF1020E3C44A4EB09041FFA83F9B4FBBB
:10063000F0F300FB134449EA044403FB0CFCA4451B
:1006400007D93C1903F1FF3067D2A44565D9023BB5
:100650003C4443EA0E40A0FB0293A4EB0C049C42F2
:10066000CE469C4651D34ED055B1B8EB0E0364EB49
:100670000C0404FA06F6CB401E43CC40C5E90064E6
:10068000002150E7C2F1200320FA03F10CFA02FC2A
:1006900024FA03F394400C434FEA1C4800FA02FE8C
:1006A0001FFA8CF7B3FBF8F008FB1031230C43EA78
:1006B000014300FB07F1994208D91CEB030300F149
:1006C000FF362CD299422AD9023863445B1AA4B26D
:1006D000B3FBF8F108FB113344EA034401FB07F3D1
:1006E000A34208D91CEB040401F1FF3613D2A34244
:1006F00011D902396444E41A41EA004139E7044659
:10070000F0E6084606E7C845AED2B9EB020E63EB49
:10071000070C0138A8E73146EDE7034699E7304674
:10072000D4E7D6467FE7634402384DE706462346C2
:1007300008460FE7023E634430E700BF704700BF42
:1007400080B500AF094B1B780133DAB2074B1A7042
:10075000064B1B78142B07D9044B00221A704FF458
:100760000051034804F0E5FA00BF80BDA402002454
:100770000008025880B582B000AF0BF005FE0346BA
:100780007B6007481AF0ACFAFFF7DAFF00F082F856
:100790003B1D0A2118460BF025FC00BFF4E700BF03
:1007A00030CE010880B483B000AF0346FB80044A1A
:1007B000FB88138000BF0C37BD465DF8047B704793
:1007C000A602002480B400AF034B1B881846BD4628
:1007D0005DF8047B704700BFA602002480B483B09C
:1007E00000AF0346FB71044AFB79137000BF0C375E
:1007F000BD465DF8047B7047A802002480B400AFBA
:10080000034B1B781846BD465DF8047B704700BF5C
:10081000A802002480B582B000AF0346FB80FB88AD
:10082000012B0BD10120FFF7D9FF0020FFF7BAFF02
:1008300001222021154804F063FA22E0FB88002BF6
:100840000BD10020FFF7CAFF0020FFF7ABFF00220B
:1008500020210E4804F054FA13E0FB88092B10D92C
:100860000220FFF7BBFFFB88094AA2FB0323DB083A
:100870009BB21846FFF796FF01222021034804F09F
:100880003FFA00BF0837BD4680BD00BF00100258C8
:10089000CDCCCCCC80B500AFFFF7B0FF0346022B28
:1008A00013D1FFF78FFF0346002B06D0084B1B88A0
:1008B000013B9AB2064B1A8007E00022202105482E
:1008C00004F01EFA0020FFF789FF00BF80BD00BFC3
:1008D000A602002400100258B0B500AF01F08CF859
:1008E000034600221C46154622462B461046194652
:1008F000B0BD0000B0B588B000AFFFF7EDFFC7E9AD
:1009000004010023FB770DE04FF47A7011F05EFED6
:10091000FB7F0133FB7711F033FE0346002B01D040
:100920000523FB77FB7F042BEED911F029FE03464C
:1009300083F00103DBB2002B12D04FF47A7011F078
:1009400045FEF860FB68002B0AD0FA6877210F4853
:100950001AF05EF90E4B05221A6000200BF0CEFA59
:1009600011F018FEC7E90001FFF7B6FFC7E904015F
:10097000D7E90001D7E90423841A61EB0305054B8D
:10098000C3E9004500BF2037BD46B0BD44CE0108D5
:10099000AC0200249003002480B586B000AF3B1D5C
:1009A000184610F029F80F4B7B600F4BBB600F4BC4
:1009B000FB600F4B3B613B1D184610F02BF80346C4
:1009C00083F00103DBB2002B06D09C2109481AF00A
:1009D0001FF94FF0FF3300E0002318461837BD46DB
:1009E00080BD00BFF1A9000835AA00086DAA000863
:1009F000D9AA000868CE010880B588B004AF786035
:100A00000023FB607B680293074B0193074B009325
:100A1000074B084A0849012010F04EFCF860FB68BB
:100A200018461037BD4680BD15A80008B9A70008B4
:100A300099A700086DA700089C04002480B500AFAA
:100A40000A4B1B680133094A1360084B1B68642B6F
:100A500008DD064B00221A600121642010F044FCDE
:100A6000034600E00023184680BD00BFA803002411
:100A700080B584B000AF78607B68FB60FB681B8842
:100A80007B817B89194605481AF0C2F87B89184694
:100A9000FFF7C0FE00BF1037BD4680BD90CE0108F5
:100AA000B0B5B4B002AF0023C7F8C430A14C07F111
:100AB000880318460FF0CCFF254607F188040FCCB9
:100AC0000FC523682B600EF03BF90346C7F8A4302E
:100AD000984B07F1A4046D4603F10C0292E8030061
:100AE00085E803000ECB20460EF02CF9C7F8C000B5
:100AF000D7F8C030002B0BD0D7F8C020DA218E48B1
:100B00001AF086F88D4B05221A6000200BF0F6F9DA
:100B10008B4B1B781A4607F1A403114618460EF0BA
:100B20000FFAC7F8BC00D7F8BC30002B0BD0D7F8B1
:100B3000BC20DB2180481AF06BF8804B05221A603C
:100B400000200BF0DBF907F1A40318460EF000FAC1
:100B5000C7F8B80032200AF015FA794B1B7819460D
:100B600078481AF055F8D7F8B800FFF745FFFFF7B7
:100B700013FF4FF4FA700AF005FA07F1A4036D4A67
:100B800000920022002170480DF022FEC7F8C40038
:100B9000D7F8C430002B03D06C481AF0A1F8E8E76E
:100BA00000BF6B481AF09CF8FFF7A4FE694C07F1F0
:100BB000880318460EF0F4F9224607F1880393E8FB
:100BC000030082E80300604B634A644961480DF00A
:100BD000C5FEC7F8B400D7F8B430002B0BD0D7F857
:100BE000B420EE2154481AF013F8544B05221A6031
:100BF00000200BF083F95A4B1B780133DAB2584BC3
:100C00001A7012F06DFA0246564B524956480DF0D2
:100C100057FFC7F8B000D7F8B030002B0BD0D7F88B
:100C2000B020F421444819F0F3FF444B05221A6028
:100C300000200BF063F94A4B1B7819464B4819F01A
:100C4000E7FF4B4C3B4618460DF0D6FA20463B4694
:100C5000882219461AF0DDFA414B1B781A46354BAB
:100C6000394943480DF0D4FAC7F8AC00D7F8AC3096
:100C7000002B0BD0D7F8AC20FD212F4819F0C8FF6E
:100C80002E4B05221A6000200BF038F90023009348
:100C9000384B394A344936480DF036FBC7F8A800BE
:100CA000D7F8A830002B0CD0D7F8A8204FF48171CA
:100CB000214819F0ADFF214B05221A6000200BF0EE
:100CC0001DF901224FF480412C4804F019F80BF073
:100CD0005BFB0346C7F8A03010E0294A4FF0000341
:100CE00023480DF03BFDFFF7A9FE0346002B0AD178
:100CF00007F1A0030A2118460BF074F90F4B1B688B
:100D0000022BEADD00E000BF00224FF480411B48C7
:100D100003F0F6FF1B4819F0E3FF1B4819F0E0FF52
:100D20000A200BF0DFF900F076FF00BFC837BD46A0
:100D3000B0BD00BFB802002444CE0108AC020024BC
:100D4000000000249CCE0108CC020024B0CE010893
:100D5000C8CE0108880300249C030024E0CE0108CB
:100D600098030024F0CE0108B0020024F8CE010858
:100D700000030024710A0008B4020024000802588D
:100D8000809698000CCF01081CCF010880B582B076
:100D900000AF114BD3F8D8300F4A43F00103C2F82B
:100DA000D8300D4BD3F8D83003F001037B607B685B
:100DB000002205210B2000F006FF0B2000F01DFF94
:100DC000002205210C2000F0FEFE0C2000F015FF93
:100DD00000BF0837BD4680BD0044025880B500AF53
:100DE000084A002108480AF03BF80346074A136006
:100DF000074A002107480AF033F80346064A136001
:100E000000BF80BDA0CF01081D0E0008AC03002468
:100E1000C4CF0108330E0008B003002480B582B0AF
:100E200000AF7860FFF7A6FC4FF47A700AF0AAF8DA
:100E3000FAE780B582B000AF786064200AF0A2F8CB
:100E4000FFF72EFE4FF47A700AF09CF8FAE70000E4
:100E500080B58AB000AF07F1140300221A605A600F
:100E60009A60DA601A61344BD3F8E030324A43F0CA
:100E70001003C2F8E030304BD3F8E03003F0100339
:100E80003B613B692C4BD3F8E0302B4A43F0040321
:100E9000C2F8E030284BD3F8E03003F00403FB60E5
:100EA000FB68254BD3F8E030234A43F08003C2F8B7
:100EB000E030214BD3F8E03003F08003BB60BB6827
:100EC0001D4BD3F8E0301C4A43F00103C2F8E03078
:100ED000194BD3F8E03003F001037B607B680022FC
:100EE0002021164803F00CFF00224FF4C0411448A3
:100EF00003F006FF20237B610123BB610023FB611C
:100F000000233B6207F1140319460C4803F048FD27
:100F10004FF4C0437B610123BB610023FB610023CD
:100F20003B6207F114031946054803F039FD00BF81
:100F30002837BD4680BD00BF00440258001002584B
:100F40000008025880B500AF00F0D6F800F004FDAC
:100F500000F010F8FFF77CFFFFF718FF00F05CFBD4
:100F600000F00EFB09F032FFFFF738FF09F052FFE7
:100F700000BFFDE780B59EB000AF07F12C034C2207
:100F8000002118461AF022F807F10C032022002154
:100F900018461AF01BF8022003F0E6FE0023BB609F
:100FA000484BDB6A474A23F00103D362454BDB6AB7
:100FB00003F00103BB60444B9B69434A43F4404345
:100FC0009361414B9B6903F44043BB60BB6800BF26
:100FD0003D4B9B6903F40053B3F5005FF8D13B4BE5
:100FE000D3F8F430394A43F00203C2F8F430374BF7
:100FF000D3F8F43003F002037B607B6800233B608E
:10100000314B9B69304A43F4404393612E4B9B69BB
:1010100003F440433B602B4BDB6A2A4A43F0010355
:10102000D362284BDB6A03F001033B603B6800BFDF
:10103000254B9B6903F40053B3F5005FF8D10123FE
:10104000FB624FF480333B6302233B6502237B65E5
:101050000523BB65C023FB6502233B6608237B6633
:101060000223BB660823FB6600233B6700237B67E4
:1010700007F12C03184603F0B1FE0346002B01D004
:1010800000F078F83F23FB6003233B6100237B6182
:101090000823BB614023FB6140233B624FF4806324
:1010A0007B624023BB6207F10C030421184604F065
:1010B000EFFA0346002B01D000F05CF800BF783750
:1010C000BD4680BD00040058004802580044025844
:1010D00080B584B000AFF860B9607A607B689AB27E
:1010E000FF23B968034806F0EBFF7B68184610370A
:1010F000BD4680BD0804002480B584B000AF3B46E7
:1011000000221A605A609A60DA6000F089FD0123BB
:101110003B7000237B7000237B601F233B7287237F
:101120007B720023BB720023FB7201233B730123FC
:101130007B730023BB730023FB733B46184600F010
:10114000A7FD042000F084FD00BF1037BD4680BD20
:1011500080B582B000AF78607B681B68044A934218
:1011600001D100F035FC00BF0837BD4680BD00BF8F
:101170000014004080B400AF72B600BF00BFFDE7AE
:1011800080B582B000AF0C4BD3F8F4300A4A43F07C
:101190000203C2F8F430084BD3F8F43003F0020332
:1011A0007B607B6800220F216FF0010000F00BFDD7
:1011B00000BF0837BD4680BD0044025880B590B0DE
:1011C00000AF78607B680F2B27D800227968372022
:1011D00000F0F9FC372000F010FD294A7B6813600D
:1011E000284BD3F8E830274A43F02003C2F8E83010
:1011F000244BD3F8E83003F02003FB60FB6807F1D1
:10120000100207F114031146184604F0CDFDBB6A25
:10121000BB63BB6B002B06D101E001232BE004F084
:1012200097FDF86304E004F093FD03465B00FB6365
:10123000FB6B154AA2FB03239B0C013B7B63134B07
:10124000134A1A60114B40F2E732DA600F4A7B6BA7
:1012500053600E4B00221A610C4B00229A600B481F
:1012600006F010FC0346002B04D1084806F06CFC85
:10127000034600E0012318464037BD4680BD00BF4D
:10128000100000240044025883DE1B43B4030024F2
:101290000014004080B400AF00BFFDE780B400AF91
:1012A00000BFFDE780B400AF00BFFDE780B400AF32
:1012B00000BFFDE780B400AF00BFFDE780B400AF22
:1012C00000BFBD465DF8047B7047000080B500AFED
:1012D000024802F047F800BF80BD00BF300500247F
:1012E00080B500AF024802F03DF800BF80BD00BFEE
:1012F000A805002480B500AF024807F0D1F800BF70
:1013000080BD00BF9C04002480B500AF024806F0F9
:1013100093FC00BF80BD00BFB403002480B400AFC5
:1013200001231846BD465DF8047B704780B582B046
:1013300000AF7860396019F037FF034616221A6053
:101340004FF0FF3318460837BD4680BD80B582B0E8
:1013500000AF78604FF0FF317868FFF7E7FF00BF1C
:10136000FDE780B586B000AFF860B9607A60002311
:101370007B610AE0AFF300800146BB685A1CBA608B
:10138000CAB21A707B6901337B617A697B689A42C1
:10139000F0DB7B6818461837BD4680BD80B483B04B
:1013A00000AF78604FF0FF3318460C37BD465DF84C
:1013B000047B704780B483B000AF786039603B68CD
:1013C0004FF400525A60002318460C37BD465DF8B2
:1013D000047B704780B483B000AF78600123184667
:1013E0000C37BD465DF8047B704780B485B000AF14
:1013F000F860B9607A60002318461437BD465DF87E
:10140000047B704780B586B000AF7860144A154BF6
:10141000D31A7B617B693B61134B1B68002B02D1A4
:10142000114B124A1A60104B1A687B6813443A69D0
:101430009A4207D219F0B8FE03460C221A604FF008
:10144000FF3309E0084B1B68FB60074B1A687B6899
:101450001344054A1360FB6818461837BD4680BD23
:10146000000008240004000004040024C8FC012437
:1014700080B400AF374BD3F88830364A43F470035A
:10148000C2F88830344B1B6803F00F03062B07D8D3
:10149000314B1B6823F00F032F4A43F007031360FF
:1014A0002E4B1B682D4A43F0010313602B4B002287
:1014B0001A612A4B1A682949294B13400B60264BA5
:1014C0001B6803F00803002B07D0234B1B6823F095
:1014D0000F03214A43F007031360204B00229A6157
:1014E0001E4B0022DA611D4B00221A621B4B1D4A63
:1014F0009A621A4B1C4ADA62184B1C4A1A63174B41
:1015000000225A63154B194A9A63144B0022DA637E
:10151000124B164A1A64114B00225A640F4B1B6877
:101520000E4A23F4802313600C4B00221A66104BE2
:101530001A68104B1340B3F1005F02D20E4B012228
:101540001A600E4B43F2D2021A6000BFBD465DF82E
:10155000047B704700ED00E0002000520044025878
:101560007FEDF6EA000202020000FF0180020101A5
:101570000010005C0000FFFF088100510040005295
:1015800080B500AF224B234A1A60214B4FF4E13261
:101590005A601F4B00229A601D4B0022DA601C4BE0
:1015A00000221A611A4B0C225A61194B00229A61CF
:1015B000174B0022DA61164B00221A62144B0022EC
:1015C0005A62134B00229A62114806F029FD034625
:1015D000002B01D0FFF7CEFD00210D4808F0ACFD37
:1015E0000346002B01D0FFF7C5FD0021084808F095
:1015F000E1FD0346002B01D0FFF7BCFD044808F0D5
:1016000062FD0346002B01D0FFF7B4FD00BF80BD93
:10161000080400240078004080B500AF224B234A24
:101620001A60214B224A5A601F4B00229A601E4BBF
:101630000022DA601C4B00221A611B4B0C225A61FB
:10164000194B00229A61184B0022DA61164B0022D6
:101650001A62154B00225A62134B00229A621248FA
:1016600006F0DEFC0346002B01D0FFF783FD0021CE
:101670000D4808F061FD0346002B01D0FFF77AFD0D
:101680000021094808F096FD0346002B01D0FFF722
:1016900071FD054808F017FD0346002B01D0FFF748
:1016A00069FD00BF80BD00BF9C0400240010014004
:1016B00080841E0080B5BCB000AF786007F1DC0309
:1016C00000221A605A609A60DA601A6107F1180302
:1016D000C0220021184619F079FC7B681B68804AFB
:1016E000934247D14FF002024FF00003C7E90623AF
:1016F0000023C7F8903007F11803184604F096FB52
:101700000346002B01D0FFF735FD764BD3F8E830C8
:10171000744A43F08043C2F8E830724BD3F8E830A3
:1017200003F080437B617B696E4BD3F8E0306D4AF8
:1017300043F01003C2F8E0306A4BD3F8E03003F016
:1017400010033B613B694FF4C073C7F8DC300223E0
:10175000C7F8E0300023C7F8E4300023C7F8E830CA
:101760000723C7F8EC3007F1DC0319465E4803F0A5
:1017700017F9B0E07B681B685C4A934240F0AB808D
:101780004FF001024FF00003C7E906230023C7F81A
:10179000943007F11803184604F048FB0346002B69
:1017A00001D0FFF7E7FC4F4BD3F8F0304D4A43F040
:1017B0001003C2F8F0304B4BD3F8F03003F01003B5
:1017C000FB60FB68474BD3F8E030464A43F0010327
:1017D000C2F8E030434BD3F8E03003F00103BB60C4
:1017E000BB684FF4C063C7F8DC300223C7F8E030B1
:1017F0000023C7F8E4300023C7F8E8300723C7F810
:10180000EC3007F1DC031946394803F0C9F8394BCD
:10181000394A1A60374B29225A60364B00229A60A7
:10182000344B0022DA60334B4FF480621A61314B43
:1018300000225A612F4B00229A612E4B4FF4807286
:10184000DA612C4B00221A622A4B00225A62294884
:1018500000F05EFA0346002B01D0FFF78BFC7B689B
:10186000244AC3F88020234A7B689363234B244A8D
:101870001A60224B2A225A60204B40229A601F4B4A
:101880000022DA601D4B4FF480621A611B4B00226C
:101890005A611A4B00229A61184B0022DA61174BE9
:1018A00000221A62154B00225A62144800F030FAE6
:1018B0000346002B01D0FFF75DFC7B680F4ADA6717
:1018C0000E4A7B68936300220521252000F07BF9F6
:1018D000252000F092F900BFF037BD4680BD00BF63
:1018E00000780040004402580010025800100140E7
:1018F000000002583005002410000240A805002412
:1019000028000240DFF834D0FFF7B2FD0C480D4943
:101910000D4A002302E0D458C4500433C4188C424A
:10192000F9D30A4A0A4C002301E013600432A242B0
:10193000FBD319F03FFCFFF705FB704700000824BC
:10194000000000248402002490DE010888020024A4
:10195000C4FC0124FEE7000080B582B000AF032084
:1019600000F026F904F04AF80246154B9B691B0A61
:1019700003F00F031349CB5C03F01F0322FA03F3B8
:101980007B600F4B9B6903F00F030E4AD35C03F09F
:101990001F037A6822FA03F30B4A13600B4A7B6831
:1019A00013600F20FFF70AFC0346002B01D0012330
:1019B00002E0FFF7E5FB002318460837BD4680BD6F
:1019C00000440258E8CF01080C000024080000245D
:1019D00080B400AF064B1B781A46064B1B681344B5
:1019E000044A136000BFBD465DF8047B704700BF2A
:1019F000140000242006002480B400AF034B1B68B1
:101A00001846BD465DF8047B704700BF20060024E1
:101A100080B400AF034B1B681B0C1846BD465DF835
:101A2000047B70470010005C80B485B000AF786024
:101A30007B6803F00703FB600B4BDB68BB60BA6895
:101A40004FF6FF031340BB60FB681A02BB681A43E2
:101A5000064B1343BB60044ABB68D36000BF143716
:101A6000BD465DF8047B704700ED00E00000FA051C
:101A700080B400AF044BDB681B0A03F00703184671
:101A8000BD465DF8047B704700ED00E080B483B094
:101A900000AF0346FB80B7F90630002B0BDBFB8859
:101AA00003F01F020749B7F906305B09012000FA6D
:101AB00002F241F8232000BF0C37BD465DF8047BDD
:101AC000704700BF00E100E080B483B000AF034680
:101AD0003960FB80B7F90630002B0ADB3B68DAB2CD
:101AE0000C49B7F906301201D2B20B4483F8002337
:101AF0000AE03B68DAB20849FB8803F00F03043BB5
:101B00001201D2B20B441A7600BF0C37BD465DF805
:101B1000047B704700E100E000ED00E080B489B094
:101B200000AFF860B9607A60FB6803F00703FB61FF
:101B3000FB69C3F10703042B28BF0423BB61FB69C6
:101B40000433062B02D9FB69033B00E000237B61D1
:101B50004FF0FF32BB6902FA03F3DA43BB681A4065
:101B60007B699A404FF0FF317B6901FA03F3D94357
:101B70007B680B40134318462437BD465DF8047B51
:101B80007047000080B400AFBFF34F8F00BF064B1B
:101B9000DB6803F4E0620449044B1343CB60BFF3FA
:101BA0004F8F00BF00BFFDE700ED00E00400FA0525
:101BB00080B582B000AF78607868FFF735FF00BF6E
:101BC0000837BD4680BD80B586B000AF0346B9601A
:101BD0007A60FB81FFF74CFF78617A68B9687869B1
:101BE000FFF79CFF0246B7F90E3011461846FFF783
:101BF0006BFF00BF1837BD4680BD80B582B000AF17
:101C00000346FB80B7F906301846FFF73FFF00BFD9
:101C10000837BD4680BD80B500AFFFF7B3FF0000B9
:101C200080B400AFBFF35F8F00BF074B5B6A064A0B
:101C300023F480335362054B00225A6000BFBD4637
:101C40005DF8047B704700BF00ED00E090ED00E020
:101C500080B483B000AF78600B4A7B6843F0010327
:101C600053600A4B5B6A094A43F480335362BFF303
:101C70004F8F00BFBFF36F8F00BF00BF0C37BD4653
:101C80005DF8047B704700BF90ED00E000ED00E0E0
:101C900080B483B000AF78607B685A781B4B9A6041
:101CA0001A4B1B69194A23F001031361174A7B6819
:101CB0005B68D3607B681B7B1A077B68DB7A1B063B
:101CC0001A437B689B7ADB041A437B685B7B9B042B
:101CD0001A437B689B7B5B041A437B68DB7B1B049A
:101CE0001A437B685B7A1B021A437B681B7A5B0092
:101CF00013437A6812781146044A0B43136100BFFC
:101D00000C37BD465DF8047B704700BF90ED00E0E6
:101D100080B586B000AF7860FFF76EFE38617B68F3
:101D2000002B01D1012316E37B681B68664A9342AE
:101D30004AD07B681B68654A934245D07B681B6824
:101D4000634A934240D07B681B68624A93423BD00F
:101D50007B681B68604A934236D07B681B685F4A89
:101D6000934231D07B681B685D4A93422CD07B68DC
:101D70001B685C4A934227D07B681B685A4A93428F
:101D800022D07B681B68594A93421DD07B681B6830
:101D9000574A934218D07B681B68564A934213D027
:101DA0007B681B68544A93420ED07B681B68534A79
:101DB000934209D07B681B68514A934204D07B68E8
:101DC0001B68504A934201D1012300E00023002BFD
:101DD00000F03B817B68022283F835207B6800227B
:101DE00083F834207B681B68374A93424AD07B686B
:101DF0001B68364A934245D07B681B68344A93423D
:101E000040D07B681B68334A93423BD07B681B6899
:101E1000314A934236D07B681B68304A934231D0B6
:101E20007B681B682E4A93422CD07B681B682D4A26
:101E3000934227D07B681B682B4A934222D07B6851
:101E40001B682A4A93421DD07B681B68284A93422C
:101E500018D07B681B68274A934213D07B681B68A5
:101E6000254A93420ED07B681B68244A934209D0CE
:101E70007B681B68224A934204D07B681B68214A16
:101E8000934208D17B681B681A687B681B6822F044
:101E900001021A6007E07B681B681A687B681B6890
:101EA00022F001021A602FE0FFF7A6FD02463B690F
:101EB000D31A052B28D97B6820225A657B68032218
:101EC00083F83520012346E210000240280002403A
:101ED000400002405800024070000240880002406A
:101EE000A0000240B8000240100402402804024052
:101EF000400402405804024070040240880402403A
:101F0000A0040240B80402407B681B681B6803F011
:101F10000103002BC8D17B681B681B687B617A6951
:101F2000834B13407B617B689A687B68DB681A434C
:101F30007B681B691A437B685B691A437B689B69F2
:101F40001A437B68DB691A437B681B6A13437A690F
:101F500013437B617B685B6A042B07D17B68DA6A79
:101F60007B681B6B13437A6913437B61714B1A685F
:101F7000714B1340B3F1005F28D37B685B68282B5B
:101F800003D97B685B682E2B17D97B685B683E2B77
:101F900003D97B685B68422B0FD97B685B68462B53
:101FA00003D97B685B68482B07D97B685B684E2B3D
:101FB00005D97B685B68522B01D8012300E0002320
:101FC000002B03D07B6943F480137B617B681B6823
:101FD0007A691A607B681B685B697B617B6923F0A7
:101FE00007037B617B685B6A7A6913437B617B686B
:101FF0005B6A042B17D17B689B6A7A6913437B6108
:102000007B68DB6A002B0ED0786802F03FFB03464A
:10201000002B08D07B6840225A657B68012283F838
:102020003520012397E17B681B687A695A617868DB
:1020300002F07AFA0346BB607B68DB6D03F01F0396
:102040003F229A40BB689A60CDE07B681B683B4AA0
:10205000934222D07B681B68394A93421DD07B682B
:102060001B68384A934218D07B681B68364A9342F3
:1020700013D07B681B68354A93420ED07B681B687F
:10208000334A934209D07B681B68324A934204D09A
:102090007B681B68304A934201D1012300E0002392
:1020A000002B00F097807B681B68244A934221D064
:1020B0007B681B68224A93421CD07B681B68214ABC
:1020C000934217D07B681B681F4A934212D07B68EB
:1020D0001B681E4A93420DD07B681B681C4A9342C2
:1020E00008D07B681B681B4A934203D07B681B683F
:1020F000194A93427B68022283F835207B680022CC
:1021000083F834207B681B681B687B617A69134BFA
:1021100013407B617B689B68402B21D07B689B6868
:10212000802B02D14FF480431BE0002319E000BF55
:102130003F8010FE0010005C0000FFFF08540258B2
:102140001C540258305402584454025858540258EF
:102150006C54025880540258945402580F00FEFFE9
:1021600010237A68D268D2081A437B681B69DB089F
:102170001A437B685B69DB081A437B689B69DB0851
:102180001A437B68DB69DB081A437B681B6A1B09FF
:1021900013437A6913437B617B681B687A691A6011
:1021A0007B681B681A466E4B13446E4AA2FB0323DE
:1021B0001B099A007B68DA65786802F0B5F9034676
:1021C000FB607B68DB6D03F01F0301229A40FB6814
:1021D0005A6008E07B6840225A657B68032283F8D6
:1021E00035200123B7E07B681B685F4A934272D0B9
:1021F0007B681B685D4A93426DD07B681B685C4AB4
:10220000934268D07B681B685A4A934263D07B68CC
:102210001B68594A93425ED07B681B68574A9342B9
:1022200059D07B681B68564A934254D07B681B6820
:10223000544A93424FD07B681B68534A93424AD01A
:102240007B681B68514A934245D07B681B68504AA3
:10225000934240D07B681B684E4A93423BD07B68D8
:102260001B684D4A934236D07B681B684B4A9342A9
:1022700031D07B681B684A4A93422CD07B681B682C
:10228000484A934227D07B681B68474A934222D032
:102290007B681B68454A93421DD07B681B68444A93
:1022A000934218D07B681B68424A934213D07B68E4
:1022B0001B68414A93420ED07B681B683F4A934299
:1022C00009D07B681B683E4A934204D07B681B6838
:1022D0003C4A934201D1012300E00023002B32D07D
:1022E000786802F04FFA7B689B68802B02D17B688C
:1022F00000225A607B685A687B681B6ED2B21A60F3
:102300007B685B6E7A68926E5A607B685B68002BB4
:1023100010D07B685B68082B0CD8786802F0CCFA88
:102320007B68DB6E00221A607B681B6F7A68526FD5
:102330005A6008E07B680022DA667B6800221A6730
:102340007B6800225A677B6800225A657B680122FD
:1023500083F83520002318461837BD4680BD00BFDE
:10236000F8ABFDA7CDCCCCCC100002402800024039
:1023700040000240580002407000024088000240C5
:10238000A0000240B80002401004024028040240AD
:102390004004024058040240700402408804024095
:1023A000A0040240B8040240085402581C540258C9
:1023B0003054025844540258585402586C5402582D
:1023C000805402589454025880B586B000AFF8602B
:1023D000B9607A603B600023FB75FB68002B01D17C
:1023E000012326E2FB6893F83430012B01D102234C
:1023F0001FE2FB68012283F83420FB6893F8353034
:10240000DBB2012B40F00A82FB68022283F8352000
:10241000FB6800225A65FB681B68684A93424AD0F1
:10242000FB681B68664A934245D0FB681B68654A97
:10243000934240D0FB681B68634A93423BD0FB68E1
:102440001B68624A934236D0FB681B68604A93421D
:1024500031D0FB681B685F4A93422CD0FB681B6835
:102460005D4A934227D0FB681B685C4A934222D0A6
:10247000FB681B685A4A93421DD0FB681B68594A87
:10248000934218D0FB681B68574A934213D0FB68ED
:102490001B68564A93420ED0FB681B68544A93420D
:1024A00009D0FB681B68534A934204D0FB681B6841
:1024B000514A934208D1FB681B681A68FB681B6885
:1024C00022F001021A6007E0FB681B681A68FB68CB
:1024D0001B6822F001021A603B687A68B968F868E4
:1024E00001F076FEFB681B68344A93424AD0FB68D1
:1024F0001B68334A934245D0FB681B68314A9342BC
:1025000040D0FB681B68304A93423BD0FB681B6895
:102510002E4A934236D0FB681B682D4A934231D035
:10252000FB681B682B4A93422CD0FB681B682A4A25
:10253000934227D0FB681B68284A934222D0FB684D
:102540001B68274A93421DD0FB681B68254A9342AB
:1025500018D0FB681B68244A934213D0FB681B68A1
:10256000224A93420ED0FB681B68214A934209D04D
:10257000FB681B681F4A934204D0FB681B681E4A15
:10258000934201D1012300E00023002B36D0FB68E9
:102590001B681B6823F01E02FB681B6842F01602D2
:1025A0001A60FB681B6C002B3ED0FB681B681A6826
:1025B000FB681B6842F008021A6035E01000024018
:1025C00028000240400002405800024070000240D3
:1025D00088000240A0000240B800024010040240FF
:1025E00028040240400402405804024070040240A3
:1025F00088040240A0040240B8040240FB681B6843
:102600001B6823F00E02FB681B6842F00A021A6086
:10261000FB681B6C002B07D0FB681B681A68FB6803
:102620001B6842F004021A60FB681B68834A9342ED
:1026300072D0FB681B68824A93426DD0FB681B68AE
:10264000804A934268D0FB681B687F4A934263D0FC
:10265000FB681B687D4A93425ED0FB681B687C4A1E
:10266000934259D0FB681B687A4A934254D0FB6866
:102670001B68794A93424FD0FB681B68774A9342A4
:102680004AD0FB681B68764A934245D0FB681B68BA
:10269000744A934240D0FB681B68734A93423BD014
:1026A000FB681B68714A934236D0FB681B68704A0E
:1026B000934231D0FB681B686E4A93422CD0FB6872
:1026C0001B686D4A934227D0FB681B686B4A934294
:1026D00022D0FB681B686A4A93421DD0FB681B68C6
:1026E000684A934218D0FB681B68674A934213D02C
:1026F000FB681B68654A93420ED0FB681B68644AFE
:10270000934209D0FB681B68624A934204D0FB687D
:102710001B68614A934201D1012300E00023002B92
:102720001AD0FB681B6E1B6803F48033002B07D0A4
:10273000FB681B6E1A68FB681B6E42F480721A609D
:10274000FB68DB6E002B07D0FB68DB6E1A68FB684A
:10275000DB6E42F480721A60FB681B68374A934252
:102760004AD0FB681B68364A934245D0FB681B6819
:10277000344A934240D0FB681B68334A93423BD0B3
:10278000FB681B68314A934236D0FB681B68304AAD
:10279000934231D0FB681B682E4A93422CD0FB68D1
:1027A0001B682D4A934227D0FB681B682B4A934233
:1027B00022D0FB681B682A4A93421DD0FB681B6825
:1027C000284A934218D0FB681B68274A934213D0CB
:1027D000FB681B68254A93420ED0FB681B68244A9D
:1027E000934209D0FB681B68224A934204D0FB68DD
:1027F0001B68214A934208D1FB681B681A68FB6872
:102800001B6842F001021A6012E0FB681B681A683C
:10281000FB681B6842F001021A6009E0FB684FF494
:1028200000625A65FB68002283F834200123FB759F
:10283000FB7D18461837BD4680BD00BF1000024022
:102840002800024040000240580002407000024050
:1028500088000240A0000240B8000240100402407C
:102860002804024040040240580402407004024020
:1028700088040240A0040240B804024008540258F0
:102880001C540258305402584454025858540258A8
:102890006C540258805402589454025880B586B043
:1028A00000AF7860FFF7A8F838617B68002B01D192
:1028B0000123DCE27B6893F83530DBB2022B08D0D1
:1028C0007B6880225A657B68002283F834200123CC
:1028D000CDE27B681B68764A93424AD07B681B68CE
:1028E000744A934245D07B681B68734A934240D038
:1028F0007B681B68714A93423BD07B681B68704AB7
:10290000934236D07B681B686E4A934231D07B6815
:102910001B686D4A93422CD07B681B686B4A9342BC
:1029200027D07B681B686A4A934222D07B681B6869
:10293000684A93421DD07B681B68674A934218D04F
:102940007B681B68654A934213D07B681B68644AA6
:1029500093420ED07B681B68624A934209D07B6821
:102960001B68614A934204D07B681B685F4A9342AC
:1029700001D1012300E00023002B13D07B681B68EA
:102980001A687B681B6822F01E021A607B681B684D
:102990005A697B681B6822F080025A617B681B6859
:1029A0007B610AE07B681B681A687B681B6822F001
:1029B0000E021A607B681B687B617B681B683C4A5F
:1029C000934272D07B681B683A4A93426DD07B6811
:1029D0001B68394A934268D07B681B68374A934228
:1029E00063D07B681B68364A93425ED07B681B6865
:1029F000344A934259D07B681B68334A934254D07F
:102A00007B681B68314A93424FD07B681B68304A11
:102A100093424AD07B681B682E4A934245D07B681C
:102A20001B682D4A934240D07B681B682B4A934217
:102A30003BD07B681B682A4A934236D07B681B6870
:102A4000284A934231D07B681B68274A93422CD096
:102A50007B681B68254A934227D07B681B68244A01
:102A6000934222D07B681B68224A93421DD07B6828
:102A70001B68214A934218D07B681B681F4A934207
:102A800013D07B681B681E4A93420ED07B681B687C
:102A90001C4A934209D07B681B681B4A934204D0AE
:102AA0007B681B68194A934232D1012331E000BF91
:102AB000100002402800024040000240580002403E
:102AC0007000024088000240A0000240B8000240AE
:102AD000100402402804024040040240580402400E
:102AE0007004024088040240A0040240B80402407E
:102AF000085402581C540258305402584454025886
:102B0000585402586C540258805402589454025835
:102B10000023002B07D07B681B6E1A687B681B6E36
:102B200022F480721A607B681B686D4A93424AD017
:102B30007B681B686B4A934245D07B681B686A4A76
:102B4000934240D07B681B68684A93423BD07B68C5
:102B50001B68674A934236D07B681B68654A93427C
:102B600031D07B681B68644A93422CD07B681B6819
:102B7000624A934227D07B681B68614A934222D005
:102B80007B681B685F4A93421DD07B681B685E4A66
:102B9000934218D07B681B685C4A934213D07B68D1
:102BA0001B685B4A93420ED07B681B68594A93426C
:102BB00009D07B681B68584A934204D07B681B6825
:102BC000564A934208D17B681B681A687B681B6869
:102BD00022F001021A6007E07B681B681A687B68B4
:102BE0001B6822F001021A6013E0FEF705FF02469F
:102BF0003B69D31A052B0CD97B6820225A657B6868
:102C0000032283F835207B68002283F834200123D7
:102C10002DE17B691B6803F00103002BE5D17B6884
:102C20001B682F4A93424AD07B681B682D4A934207
:102C300045D07B681B682C4A934240D07B681B6858
:102C40002A4A93423BD07B681B68294A934236D07C
:102C50007B681B68274A934231D07B681B68264AF1
:102C600093422CD07B681B68244A934227D07B6810
:102C70001B68234A934222D07B681B68214A9342F7
:102C80001DD07B681B68204A934218D07B681B6864
:102C90001E4A934213D07B681B681D4A93420ED094
:102CA0007B681B681B4A934209D07B681B681A4AE1
:102CB000934204D07B681B68184A934201D10123D8
:102CC00000E00023002B2BD07B689B6DBB607B68F2
:102CD000DB6D03F01F033F229A40BB689A602AE035
:102CE000100002402800024040000240580002400C
:102CF0007000024088000240A0000240B80002407C
:102D000010040240280402404004024058040240DB
:102D10007004024088040240A0040240B80402404B
:102D20007B689B6DFB607B68DB6D03F01F030122FA
:102D30009A40FB685A607B681B684F4A934272D086
:102D40007B681B684D4A93426DD07B681B684C4A78
:102D5000934268D07B681B684A4A934263D07B6881
:102D60001B68494A93425ED07B681B68474A93427E
:102D700059D07B681B68464A934254D07B681B68D5
:102D8000444A93424FD07B681B68434A93424AD0DF
:102D90007B681B68414A934245D07B681B68404A68
:102DA000934240D07B681B683E4A93423BD07B688D
:102DB0001B683D4A934236D07B681B683B4A93426E
:102DC00031D07B681B683A4A93422CD07B681B68E1
:102DD000384A934227D07B681B68374A934222D0F7
:102DE0007B681B68354A93421DD07B681B68344A58
:102DF000934218D07B681B68324A934213D07B6899
:102E00001B68314A93420ED07B681B682F4A93425D
:102E100009D07B681B682E4A934204D07B681B68EC
:102E20002C4A934201D1012300E00023002B15D04E
:102E30007B685B6E7A68926E5A607B68DB6E002BF3
:102E40000CD07B68DB6E1A687B68DB6E22F48072C4
:102E50001A607B681B6F7A68526F5A607B68012228
:102E600083F835207B68002283F83420002318463D
:102E70001837BD4680BD00BF100002402800024048
:102E800040000240580002407000024088000240AA
:102E9000A0000240B8000240100402402804024092
:102EA000400402405804024070040240880402407A
:102EB000A0040240B8040240085402581C540258AE
:102EC0003054025844540258585402586C54025812
:102ED000805402589454025880B584B000AF786092
:102EE0007B68002B01D1012337E27B6893F83530F2
:102EF000DBB2022B04D07B6880225A6501232CE2CE
:102F00007B681B685C4A93424AD07B681B685B4ABB
:102F1000934245D07B681B68594A934240D07B68F6
:102F20001B68584A93423BD07B681B68564A9342C1
:102F300036D07B681B68554A934231D07B681B684A
:102F4000534A93422CD07B681B68524A934227D045
:102F50007B681B68504A934222D07B681B684F4AAB
:102F600093421DD07B681B684D4A934218D07B6802
:102F70001B684C4A934213D07B681B684A4A9342B1
:102F80000ED07B681B68494A934209D07B681B6856
:102F9000474A934204D07B681B68464A934201D15A
:102FA000012300E00023002B00F086807B680422D0
:102FB00083F835207B681B682F4A93424AD07B6890
:102FC0001B682E4A934245D07B681B682C4A93426B
:102FD00040D07B681B682B4A93423BD07B681B68C0
:102FE000294A934236D07B681B68284A934231D0E5
:102FF0007B681B68264A93422CD07B681B68254A55
:10300000934227D07B681B68234A934222D07B6877
:103010001B68224A93421DD07B681B68204A93425A
:1030200018D07B681B681F4A934213D07B681B68CB
:103030001D4A93420ED07B681B681C4A934209D0FC
:103040007B681B681A4A934204D07B681B68194A44
:10305000934208D17B681B681A687B681B6822F062
:1030600001021A6078E17B681B681A687B681B683C
:1030700022F001021A606FE11000024028000240B5
:1030800040000240580002407000024088000240A8
:10309000A0000240B8000240100402402804024090
:1030A0004004024058040240700402408804024078
:1030B000A0040240B80402407B681B681A687B6861
:1030C0001B6822F00E021A607B681B686C4A9342F0
:1030D0004AD07B681B686B4A934245D07B681B686B
:1030E000694A934240D07B681B68684A93423BD050
:1030F0007B681B68664A934236D07B681B68654ACA
:10310000934231D07B681B68634A93422CD07B6822
:103110001B68624A934227D07B681B68604A9342CF
:1031200022D07B681B685F4A93421DD07B681B6876
:103130005D4A934218D07B681B685C4A934213D067
:103140007B681B685A4A93420ED07B681B68594AB9
:10315000934209D07B681B68574A934204D07B682E
:103160001B68564A934208D17B681B681A687B68C3
:103170001B6822F001021A6007E07B681B681A686E
:103180007B681B6822F001021A607B681B683C4A5E
:10319000934272D07B681B683A4A93426DD07B6839
:1031A0001B68394A934268D07B681B68374A934250
:1031B00063D07B681B68364A93425ED07B681B688D
:1031C000344A934259D07B681B68334A934254D0A7
:1031D0007B681B68314A93424FD07B681B68304A3A
:1031E00093424AD07B681B682E4A934245D07B6845
:1031F0001B682D4A934240D07B681B682B4A934240
:103200003BD07B681B682A4A934236D07B681B6898
:10321000284A934231D07B681B68274A93422CD0BE
:103220007B681B68254A934227D07B681B68244A29
:10323000934222D07B681B68224A93421DD07B6850
:103240001B68214A934218D07B681B681F4A93422F
:1032500013D07B681B681E4A93420ED07B681B68A4
:103260001C4A934209D07B681B681B4A934204D0D6
:103270007B681B68194A934232D1012331E000BFB9
:103280001000024028000240400002405800024066
:103290007000024088000240A0000240B8000240D6
:1032A0001004024028040240400402405804024036
:1032B0007004024088040240A0040240B8040240A6
:1032C000085402581C5402583054025844540258AE
:1032D000585402586C54025880540258945402585E
:1032E0000023002B28D07B681B6E1A687B681B6E3E
:1032F00022F480721A607B689B6DFB607B68DB6DDB
:1033000003F01F0301229A40FB685A607B685B6EE2
:103310007A68926E5A607B68DB6E002B0CD07B68FB
:10332000DB6E1A687B68DB6E22F480721A607B6841
:103330001B6F7A68526F5A607B68012283F83520D0
:103340007B68002283F834207B681B6D002B03D040
:103350007B681B6D78689847002318461037BD4678
:1033600080BD00BF80B58AB000AF78600023FB60ED
:10337000674B1B68674AA2FB03239B0A7B627B683F
:103380009B6D3B627B689B6DFB613B6A1B68BB610D
:10339000FB691B687B617B681B685F4A93424AD06C
:1033A0007B681B685D4A934245D07B681B685C4A1A
:1033B000934240D07B681B685A4A93423BD07B685B
:1033C0001B68594A934236D07B681B68574A934220
:1033D00031D07B681B68564A93422CD07B681B68AF
:1033E000544A934227D07B681B68534A934222D0A9
:1033F0007B681B68514A93421DD07B681B68504A0A
:10340000934218D07B681B684E4A934213D07B6866
:103410001B684D4A93420ED07B681B684B4A93420F
:1034200009D07B681B684A4A934204D07B681B68BA
:10343000484A934201D1012300E00023002B00F011
:103440002B847B68DB6D03F01F0308229A40BB6965
:103450001340002B00F0A2807B681B682E4A934229
:103460004AD07B681B682D4A934245D07B681B6815
:103470002B4A934240D07B681B682A4A93423BD038
:103480007B681B68284A934236D07B681B68274AB2
:10349000934231D07B681B68254A93422CD07B68CD
:1034A0001B68244A934227D07B681B68224A9342B8
:1034B00022D07B681B68214A93421DD07B681B6821
:1034C0001F4A934218D07B681B681E4A934213D050
:1034D0007B681B681C4A93420ED07B681B681B4AA2
:1034E000934209D07B681B68194A934204D07B68D9
:1034F0001B68184A93422FD17B681B681B6803F036
:103500000403002B14BF01230023DBB22EE000BF15
:1035100008000024B5814E1B100002402800024024
:103520004000024058000240700002408800024003
:10353000A0000240B80002401004024028040240EB
:1035400040040240580402407004024088040240D3
:10355000A0040240B80402407B681B681B6803F0AB
:103560000803002B14BF01230023DBB2002B15D06E
:103570007B681B681A687B681B6822F004021A606B
:103580007B68DB6D03F01F0308229A403B6A9A6058
:103590007B685B6D43F001027B685A657B68DB6D7D
:1035A00003F01F03BA6922FA03F303F00103002BAF
:1035B0006ED07B681B68694A93424AD07B681B685F
:1035C000674A934245D07B681B68664A934240D065
:1035D0007B681B68644A93423BD07B681B68634AE4
:1035E000934236D07B681B68614A934231D07B6836
:1035F0001B68604A93422CD07B681B685E4A9342EA
:1036000027D07B681B685D4A934222D07B681B6889
:103610005B4A93421DD07B681B685A4A934218D07C
:103620007B681B68584A934213D07B681B68574AD3
:1036300093420ED07B681B68554A934209D07B6841
:103640001B68544A934204D07B681B68524A9342D9
:103650000AD17B681B685B6903F08003002B14BFF1
:1036600001230023DBB203E07B681B681B68002397
:10367000002B0DD07B68DB6D03F01F0301229A4005
:103680003B6A9A607B685B6D43F002027B685A6517
:103690007B68DB6D03F01F0304229A40BB69134073
:1036A000002B00F08F807B681B682C4A93424AD025
:1036B0007B681B682A4A934245D07B681B68294A6D
:1036C000934240D07B681B68274A93423BD07B687B
:1036D0001B68264A934236D07B681B68244A934273
:1036E00031D07B681B68234A93422CD07B681B68CF
:1036F000214A934227D07B681B68204A934222D0FC
:103700007B681B681E4A93421DD07B681B681D4A5C
:10371000934218D07B681B681B4A934213D07B6886
:103720001B681A4A93420ED07B681B68184A934262
:1037300009D07B681B68174A934204D07B681B68DA
:10374000154A93422AD17B681B681B6803F0020369
:10375000002B14BF01230023DBB223E01000024042
:103760002800024040000240580002407000024021
:1037700088000240A0000240B8000240100402404D
:1037800028040240400402405804024070040240F1
:1037900088040240A0040240B80402407B681B6811
:1037A0001B680023002B0DD07B68DB6D03F01F032B
:1037B00004229A403B6A9A607B685B6D43F0040286
:1037C0007B685A657B68DB6D03F01F0310229A400B
:1037D000BB691340002B00F0A6807B681B68854AFC
:1037E00093424AD07B681B68834A934245D07B68EA
:1037F0001B68824A934240D07B681B68804A934290
:103800003BD07B681B687F4A934236D07B681B683D
:103810007D4A934231D07B681B687C4A93422CD00E
:103820007B681B687A4A934227D07B681B68794A79
:10383000934222D07B681B68774A93421DD07B68F5
:103840001B68764A934218D07B681B68744A93427F
:1038500013D07B681B68734A93420ED07B681B6849
:10386000714A934209D07B681B68704A934204D026
:103870007B681B686E4A93420AD17B681B681B6891
:1038800003F00803002B14BF01230023DBB209E07F
:103890007B681B681B6803F00403002B14BF012323
:1038A0000023DBB2002B3ED07B68DB6D03F01F03EF
:1038B00010229A403B6A9A607B681B681B6803F47D
:1038C0008023002B18D07B681B681B6803F400233F
:1038D000002B08D17B681B6C002B24D07B681B6CF1
:1038E000786898471FE07B689B6C002B1BD07B6837
:1038F0009B6C7868984716E07B681B681B6803F42C
:103900008073002B07D17B681B681A687B681B6873
:1039100022F008021A607B681B6C002B03D07B68C6
:103920001B6C786898477B68DB6D03F01F032022CF
:103930009A40BB691340002B00F010817B681B6824
:103940002C4A93424AD07B681B682B4A934245D04D
:103950007B681B68294A934240D07B681B68284AD1
:1039600093423BD07B681B68264A934236D07B68E3
:103970001B68254A934231D07B681B68234A9342D7
:103980002CD07B681B68224A934227D07B681B6837
:10399000204A934222D07B681B681F4A93421DD065
:1039A0007B681B681D4A934218D07B681B681C4AC1
:1039B000934213D07B681B681A4A93420ED07B68EF
:1039C0001B68194A934209D07B681B68174A9342C7
:1039D00004D07B681B68164A93422BD17B681B6816
:1039E0001B6803F01003002B14BF01230023DBB27C
:1039F0002AE000BF100002402800024040000240C0
:103A0000580002407000024088000240A0000240BE
:103A1000B800024010040240280402404004024062
:103A2000580402407004024088040240A00402408E
:103A3000B80402407B681B681B6803F00203002B7C
:103A400014BF01230023DBB2002B00F087807B68CA
:103A5000DB6D03F01F0320229A403B6A9A607B686B
:103A600093F83530DBB2042B39D17B681B681A68B8
:103A70007B681B6822F016021A607B681B685A6913
:103A80007B681B6822F080025A617B681B6C002BEC
:103A900003D17B689B6C002B07D07B681B681A687E
:103AA0007B681B6822F008021A607B68DB6D03F0FC
:103AB0001F033F229A403B6A9A607B68012283F889
:103AC00035207B68002283F834207B681B6D002B37
:103AD00000F04A837B681B6D7868984744E37B68F5
:103AE0001B681B6803F48023002B18D07B681B68BD
:103AF0001B6803F40023002B08D17B685B6C002B50
:103B00002CD07B685B6C7868984727E07B68DB6B20
:103B1000002B23D07B68DB6B786898471EE07B68BE
:103B20001B681B6803F48073002B0FD17B681B6834
:103B30001A687B681B6822F010021A607B680122F9
:103B400083F835207B68002283F834207B68DB6BA8
:103B5000002B03D07B68DB6B786898477B685B6DD4
:103B6000002B00F006837B685B6D03F00103002BE4
:103B700000F088807B68042283F835207B681B680E
:103B80007A4A93424AD07B681B68794A934245D06F
:103B90007B681B68774A934240D07B681B68764AF3
:103BA00093423BD07B681B68744A934236D07B6853
:103BB0001B68734A934231D07B681B68714A9342F9
:103BC0002CD07B681B68704A934227D07B681B68A7
:103BD0006E4A934222D07B681B686D4A93421DD087
:103BE0007B681B686B4A934218D07B681B686A4AE3
:103BF000934213D07B681B68684A93420ED07B685F
:103C00001B68674A934209D07B681B68654A9342E8
:103C100004D07B681B68644A934208D17B681B68A8
:103C20001A687B681B6822F001021A6007E07B6853
:103C30001B681A687B681B6822F001021A60FB6827
:103C40000133FB607A6A9A4207D37B681B681B6862
:103C500003F00103002BF2D100E000BF7B681B687A
:103C60001B6803F00103002B04D07B68032283F858
:103C7000352003E07B68012283F835207B68002231
:103C800083F834207B68DB6C002B00F072827B6849
:103C9000DB6C786898476CE27B681B68434A934208
:103CA00022D07B681B68424A93421DD07B681B6808
:103CB000404A934218D07B681B683F4A934213D016
:103CC0007B681B683D4A93420ED07B681B683C4A68
:103CD000934209D07B681B683A4A934204D07B68C0
:103CE0001B68394A934201D1012300E00023002BD5
:103CF00000F03F827B681B681B683B617B68DB6D63
:103D000003F01F0304229A407B691340002B00F04C
:103D1000CD803B6903F00403002B00F0C7807B6873
:103D2000DB6D03F01F0304229A40FB695A603B6974
:103D300003F40043002B49D03B6903F48033002B8C
:103D400009D17B689B6C002B00F010827B689B6C18
:103D5000786898470AE27B681B6C002B00F00682AB
:103D60007B681B6C7868984700E200BF1000024037
:103D7000280002404000024058000240700002400B
:103D800088000240A0000240B80002401004024037
:103D900028040240400402405804024070040240DB
:103DA00088040240A0040240B804024008540258AB
:103DB0001C54025830540258445402585854025863
:103DC0006C54025880540258945402583B6903F0D2
:103DD0002003002B60D17B681B687F4A93424AD046
:103DE0007B681B687D4A934245D07B681B687C4A90
:103DF000934240D07B681B687A4A93423BD07B68F1
:103E00001B68794A934236D07B681B68774A934295
:103E100031D07B681B68764A93422CD07B681B6844
:103E2000744A934227D07B681B68734A934222D01E
:103E30007B681B68714A93421DD07B681B68704A7F
:103E4000934218D07B681B686E4A934213D07B68FC
:103E50001B686D4A93420ED07B681B686B4A934285
:103E600009D07B681B686A4A934204D07B681B6850
:103E7000684A934208D17B681B681A687B681B6894
:103E800022F008021A6007E07B681B681A687B68EA
:103E90001B6822F004021A607B681B6C002B00F088
:103EA00065817B681B6C786898475FE17B68DB6D98
:103EB00003F01F0302229A407B691340002B00F09D
:103EC000C5803B6903F00203002B00F0BF807B68D4
:103ED000DB6D03F01F0302229A40FB695A603B69C5
:103EE00003F40043002B18D03B6903F48033002B0C
:103EF00009D17B685B6C002B00F03A817B685B6CBE
:103F00007868984734E17B68DB6B002B00F03081E8
:103F10007B68DB6B786898472AE13B6903F02003F4
:103F2000002B40F089807B681B682B4A93424AD063
:103F30007B681B68294A934245D07B681B68284AE6
:103F4000934240D07B681B68264A93423BD07B68F3
:103F50001B68254A934236D07B681B68234A9342EC
:103F600031D07B681B68224A93422CD07B681B6847
:103F7000204A934227D07B681B681F4A934222D075
:103F80007B681B681D4A93421DD07B681B681C4AD6
:103F9000934218D07B681B681A4A934213D07B68FF
:103FA0001B68194A93420ED07B681B68174A9342DC
:103FB00009D07B681B68164A934204D07B681B6853
:103FC000144A934228D17B681B681A687B681B6877
:103FD00022F014021A6027E010000240280002407C
:103FE0004000024058000240700002408800024039
:103FF000A0000240B8000240100402402804024021
:104000004004024058040240700402408804024008
:10401000A0040240B80402407B681B681A687B68F1
:104020001B6822F00A021A607B68012283F835209F
:104030007B68002283F834207B68DB6B002B00F068
:1040400097807B68DB6B7868984791E07B68DB6DD5
:1040500003F01F0308229A407B691340002B00F0F5
:1040600088803B6903F00803002B00F082807B68A6
:104070001B68414A93424AD07B681B683F4A93427F
:1040800045D07B681B683E4A934240D07B681B68E2
:104090003C4A93423BD07B681B683B4A934236D0F4
:1040A0007B681B68394A934231D07B681B68384A69
:1040B00093422CD07B681B68364A934227D07B689A
:1040C0001B68354A934222D07B681B68334A93426F
:1040D0001DD07B681B68324A934218D07B681B68EE
:1040E000304A934213D07B681B682F4A93420ED00C
:1040F0007B681B682D4A934209D07B681B682C4A59
:10410000934204D07B681B682A4A934208D17B689B
:104110001B681A687B681B6822F01C021A6007E0A3
:104120007B681B681A687B681B6822F00E021A60A5
:104130007B68DB6D03F01F0301229A40FB695A6024
:104140007B6801225A657B68012283F835207B68F1
:10415000002283F834207B68DB6C002B09D07B685D
:10416000DB6C7868984704E000BF02E000BF00E025
:1041700000BF2837BD4680BD100002402800024025
:104180004000024058000240700002408800024097
:10419000A0000240B800024010040240280402407F
:1041A0004004024058040240700402408804024067
:1041B000A0040240B804024080B483B000AF78602D
:1041C0007B685B6D18460C37BD465DF8047B704715
:1041D00080B487B000AFF860B9607A603B60FB687C
:1041E0009B6D7B61FB689B6D3B61FB681B687F4A35
:1041F000934272D0FB681B687D4A93426DD0FB6886
:104200001B687C4A934268D0FB681B687A4A9342D9
:1042100063D0FB681B68794A93425ED0FB681B68D9
:10422000774A934259D0FB681B68764A934254D030
:10423000FB681B68744A93424FD0FB681B68734A43
:1042400093424AD0FB681B68714A934245D0FB6891
:104250001B68704A934240D0FB681B686E4A9342C9
:104260003BD0FB681B686D4A934236D0FB681B68E5
:104270006B4A934231D0FB681B686A4A93422CD048
:10428000FB681B68684A934227D0FB681B68674A33
:10429000934222D0FB681B68654A93421DD0FB689D
:1042A0001B68644A934218D0FB681B68624A9342B9
:1042B00013D0FB681B68614A93420ED0FB681B68F1
:1042C0005F4A934209D0FB681B685E4A934204D060
:1042D000FB681B685C4A934201D1012300E0002384
:1042E000002B0DD0FB685B6EFA68926E5A60FB681B
:1042F000DB6E002B04D0FB681B6FFA68526F5A60AC
:10430000FB681B68394A93424AD0FB681B68384AED
:10431000934245D0FB681B68364A934240D0FB6805
:104320001B68354A93423BD0FB681B68334A934273
:1043300036D0FB681B68324A934231D0FB681B6859
:10434000304A93422CD0FB681B682F4A934227D0F7
:10435000FB681B682D4A934222D0FB681B682C4ADD
:1043600093421DD0FB681B682A4A934218D0FB6811
:104370001B68294A934213D0FB681B68274A934263
:104380000ED0FB681B68264A934209D0FB681B6865
:10439000244A934204D0FB681B68234A934201D10C
:1043A000012300E00023002B59D0FB68DB6D03F0F4
:1043B0001F033F229A407B699A60FB681B681A685A
:1043C000FB681B6822F480221A60FB681B683A684D
:1043D0005A60FB689B68402B38D1FB681B687A6881
:1043E0009A60FB681B68BA68DA6086E010000240D9
:1043F0002800024040000240580002407000024085
:1044000088000240A0000240B800024010040240B0
:104410002804024040040240580402407004024054
:1044200088040240A0040240B80402400854025824
:104430001C540258305402584454025858540258DC
:104440006C5402588054025894540258FB681B68FC
:10445000BA689A60FB681B687A68DA604DE0FB68AE
:104460001B68294A934222D0FB681B68274A934263
:104470001DD0FB681B68264A934218D0FB681B6856
:10448000244A934213D0FB681B68234A93420ED000
:10449000FB681B68214A934209D0FB681B68204ACD
:1044A000934204D0FB681B681E4A934201D101234A
:1044B00000E00023002B20D0FB68DB6D03F01F031E
:1044C00001229A403B695A60FB681B683A685A604F
:1044D000FB689B68402B08D1FB681B687A689A6070
:1044E000FB681B68BA68DA6007E0FB681B68BA689B
:1044F0009A60FB681B687A68DA6000BF1C37BD46AB
:104500005DF8047B704700BF085402581C540258E1
:104510003054025844540258585402586C540258AB
:10452000805402589454025880B485B000AF78602B
:104530007B681B68424A93424AD07B681B68414AA9
:10454000934245D07B681B683F4A934240D07B68CA
:104550001B683E4A93423BD07B681B683C4A9342AF
:1045600036D07B681B683B4A934231D07B681B681E
:10457000394A93422CD07B681B68384A934227D033
:104580007B681B68364A934222D07B681B68354A99
:1045900093421DD07B681B68334A934218D07B68D6
:1045A0001B68324A934213D07B681B68304A93429F
:1045B0000ED07B681B682F4A934209D07B681B682A
:1045C0002D4A934204D07B681B682C4A934201D148
:1045D000012300E00023002B24D07B681B68DBB2A2
:1045E000103B274AA2FB03231B09FB60FB6803F077
:1045F0000703244AD35C1A467B68DA65FB68032B01
:1046000008D97B681B681A461F4B13401A1D7B682C
:104610009A650DE07B681B681A461B4B13407A684D
:10462000936505E07B681B6823F0FF027B689A6551
:104630007B689B6D18461437BD465DF8047B704758
:104640001000024028000240400002405800024092
:104650007000024088000240A0000240B800024002
:104660001004024028040240400402405804024062
:104670007004024088040240A0040240B8040240D2
:10468000ABAAAAAAF8CF010800FCFFFF80B485B04E
:1046900000AF78600023FB737B689B69002B20D1FF
:1046A0007B689B6A032B58D801A252F823F000BF05
:1046B000C1460008D3460008C14600085B47000811
:1046C0007B68DB6A03F08073002B48D00123FB7307
:1046D00045E07B68DB6AB3F1C07F42D10123FB7305
:1046E0003FE07B689B69B3F5005F23D17B689B6AE1
:1046F000032B38D801A252F823F000BF0D47000861
:10470000134700080D470008254700080123FB73E5
:1047100030E07B68DB6A03F08073002B25D0012337
:10472000FB7322E07B68DB6AB3F1C07F1FD10123FA
:10473000FB731CE07B689B6A022B02D9032B03D01E
:1047400018E00123FB7315E07B68DB6A03F08073DC
:10475000002B0ED00123FB730BE000BF0AE000BF6B
:1047600008E000BF06E000BF04E000BF02E000BFB9
:1047700000E000BFFB7B18461437BD465DF8047BA4
:10478000704700BF80B485B000AF78607B681B685D
:10479000BB607B681B68384A934222D07B681B68E9
:1047A000364A93421DD07B681B68354A934218D025
:1047B0007B681B68334A934213D07B681B68324A7C
:1047C00093420ED07B681B68304A934209D07B68C5
:1047D0001B682F4A934204D07B681B682D4A934282
:1047E00001D1012300E00023002B1AD07B681B6855
:1047F000DBB2083B284AA2FB03231B09FB60FA68D3
:10480000264B13449B001A467B681A667B68244A31
:104810005A66FB6803F01F0301229A407B689A6680
:1048200024E07B681B68DBB2103B1E4AA2FB03231B
:104830001B09FB60BB681C4A934206D8BB681B4A35
:10484000934202D9FB680833FB60FA68184B1344A3
:104850009B001A467B681A667B68164A5A66FB6894
:1048600003F01F0301229A407B689A6600BF143749
:10487000BD465DF8047B7047085402581C5402582A
:104880003054025844540258585402586C54025838
:104890008054025894540258CDCCCCCC00960016CB
:1048A00080580258ABAAAAAAB80402400F040240DA
:1048B000008200108008024080B485B000AF7860AC
:1048C0007B685B68DBB2FB60FB68002B4AD0FB684F
:1048D000082B47D87B681B68254A934222D07B6807
:1048E0001B68244A93421DD07B681B68224A93426E
:1048F00018D07B681B68214A934213D07B681B68E1
:104900001F4A93420ED07B681B681E4A934209D00F
:104910007B681B681C4A934204D07B681B681B4A57
:10492000934201D1012300E00023002B0AD0FA6852
:10493000174B13449B001A467B68DA667B68154A5E
:104940001A6709E0FA68144B13449B001A467B6807
:10495000DA667B68114A1A67FB68013B01229A40BC
:104960007B685A6700BF1437BD465DF8047B70470B
:10497000085402581C5402583054025844540258E7
:10498000585402586C540258805402589454025897
:104990003F960016405902583F82001040090240DD
:1049A00080B489B000AF786039600023FB61894B27
:1049B0007B6194E13B681A680121FB6901FA03F30A
:1049C00013403B613B69002B00F086813B685B68CC
:1049D00003F00303012B05D03B685B6803F003037E
:1049E000022B30D17B689B68BB61FB695B000322B3
:1049F00002FA03F3DB43BA691340BB613B68DA6830
:104A0000FB695B0002FA03F3BA691343BB617B687D
:104A1000BA699A607B685B68BB610122FB6902FA34
:104A200003F3DB43BA691340BB613B685B681B0956
:104A300003F00102FB6902FA03F3BA691343BB6195
:104A40007B68BA695A603B685B6803F00303032B19
:104A500017D07B68DB68BB61FB695B00032202FA4D
:104A600003F3DB43BA691340BB613B689A68FB6997
:104A70005B0002FA03F3BA691343BB617B68BA694E
:104A8000DA603B685B6803F00303022B23D1FB6908
:104A9000DA087B68083253F82230BB61FB6903F007
:104AA00007039B000F2202FA03F3DB43BA691340AA
:104AB000BB613B681A69FB6903F007039B0002FABC
:104AC00003F3BA691343BB61FB69DA087B680832F8
:104AD000B96943F822107B681B68BB61FB695B0006
:104AE000032202FA03F3DB43BA691340BB613B685C
:104AF0005B6803F00302FB695B0002FA03F3BA6927
:104B00001343BB617B68BA691A603B685B6803F456
:104B10004033002B00F0E0802F4BD3F8F4302E4AC6
:104B200043F00203C2F8F4302B4BD3F8F43003F017
:104B30000203FB60FB68294AFB699B08023352F8B9
:104B40002330BB61FB6903F003039B000F2202FAD1
:104B500003F3DB43BA691340BB617B68204A93428D
:104B600052D07B681F4A934231D07B681E4A9342E1
:104B70002BD07B681D4A934225D07B681C4A934208
:104B80001FD07B681B4A934219D07B681A4A934214
:104B900013D07B68194A93420DD07B68184A934220
:104BA00007D07B68174A934201D109232DE00A23DD
:104BB0002BE0082329E0072327E0062325E005232F
:104BC00023E0042321E003231FE002231DE001234F
:104BD0001BE000BF80000058004402580004005849
:104BE000000002580004025800080258000C025845
:104BF000001002580014025800180258001C0258F5
:104C000000200258002402580023FA6902F003022F
:104C100092009340BA691343BB613849FB699B0812
:104C20000233BA6941F823204FF0B0431B68BB61DF
:104C30003B69DB43BA691340BB613B685B6803F4C3
:104C40008013002B03D0BA693B691343BB614FF05B
:104C5000B042BB6913604FF0B0435B68BB613B6916
:104C6000DB43BA691340BB613B685B6803F4001324
:104C7000002B03D0BA693B691343BB614FF0B042CC
:104C8000BB6953607B695B68BB613B69DB43BA69A5
:104C90001340BB613B685B6803F40033002B03D017
:104CA000BA693B691343BB617B69BA695A607B6926
:104CB0001B68BB613B69DB43BA691340BB613B685E
:104CC0005B6803F48033002B03D0BA693B6913435C
:104CD000BB617B69BA691A60FB690133FB613B68A0
:104CE0001A68FB6922FA03F3002B7FF463AE00BF5E
:104CF00000BF2437BD465DF8047B704700040058B0
:104D000080B483B000AF78600B467B8013467B7025
:104D10007B78002B03D07A887B689A6103E07B88DC
:104D20001A047B689A6100BF0C37BD465DF8047BAE
:104D3000704780B485B000AF78600B467B807B689D
:104D40005B69FB607A88FB6813401A04FB68D943EF
:104D50007B880B401A437B689A6100BF1437BD46BD
:104D60005DF8047B7047000080B584B000AF7860C8
:104D7000194BDB6803F00403042B0AD0164BDB68E5
:104D800003F007037A689A4201D001231FE0002351
:104D90001DE0114BDB6823F007020F497B681343CA
:104DA000CB60FCF729FEF86009E0FCF725FE02461F
:104DB000FB68D31AB3F57A7F01D9012307E0064BCC
:104DC0005B6803F40053B3F5005FEED1002318468F
:104DD0001037BD4680BD00BF0048025880B58CB07A
:104DE00000AF78607B68002B02D1012300F048BC43
:104DF0007B681B6803F00103002B00F08880994B4F
:104E00001B6903F03803FB62964B9B6ABB62FB6A2B
:104E1000102B07D0FB6A182B11D1BB6A03F00303D8
:104E2000022B0CD18F4B1B6803F40033002B6DD089
:104E30007B685B68002B69D1012300F021BC7B6893
:104E40005B68B3F5803F06D1864B1B68854A43F407
:104E5000803313602EE07B685B68002B0CD1814BA4
:104E60001B68804A23F4803313607E4B1B687D4AA5
:104E700023F4802313601DE07B685B68B3F5A02FEB
:104E80000CD1784B1B68774A43F480231360754B31
:104E90001B68744A43F4803313600BE0714B1B684A
:104EA000704A23F4803313606E4B1B686D4A23F401
:104EB000802313607B685B68002B13D0FCF79CFD9C
:104EC000786208E0FCF798FD02467B6AD31A642BEF
:104ED00001D90323D4E3634B1B6803F40033002B95
:104EE000F0D014E0FCF788FD786208E0FCF784FD60
:104EF00002467B6AD31A642B01D90323C0E3594BC2
:104F00001B6803F40033002BF0D100E000BF7B6886
:104F10001B6803F00203002B00F0CA80514B1B6991
:104F200003F038033B624F4B9B6AFB613B6A002BEB
:104F300007D03B6A182B56D1FB6903F00303002B03
:104F400051D1484B1B6803F00403002B05D07B684C
:104F5000DB68002B01D1012392E3424B1B6823F055
:104F600019027B68DB683F4913430B60FCF744FD83
:104F7000786208E0FCF740FD02467B6AD31A022BF8
:104F800001D903237CE3374B1B6803F00403002B98
:104F9000F0D0FCF73DFD034641F20302934217D8DF
:104FA0007B681B69402B08D12E4B5B6823F47C3354
:104FB0002C4A43F4003353607AE02A4B5B6823F4B5
:104FC0007C327B681B691B03264913434B606FE0EF
:104FD000244B5B6823F0FE427B681B691B0621495A
:104FE00013434B6064E07B68DB68002B47D01D4BAC
:104FF0001B6823F019027B68DB681A4913430B60B6
:10500000FCF7FAFC786208E0FCF7F6FC02467B6AE3
:10501000D31A022B01D9032332E3124B1B6803F08E
:105020000403002BF0D0FCF7F3FC034641F203022B
:10503000934219D87B681B69402B08D1094B5B68E8
:1050400023F47C33074A43F40033536030E0054BCC
:105050005B6823F47C327B681B691B0301491343A3
:105060004B6025E0004402589A4B5B6823F0FE42F7
:105070007B681B691B06974913434B6018E0954BEF
:105080001B68944A23F001031360FCF7B5FC7862B7
:1050900008E0FCF7B1FC02467B6AD31A022B01D967
:1050A0000323EDE28B4B1B6803F00403002BF0D1CC
:1050B0007B681B6803F01003002B00F0A980854B70
:1050C0001B6903F03803BB61824B9B6A7B61BB6940
:1050D000082B07D0BB69182B3AD17B6903F0030377
:1050E000012B35D17B4B1B6803F48073002B05D05B
:1050F0007B68DB69802B01D00123C1E2FCF788FCCF
:10510000034641F20302934217D87B681B6A202BA7
:1051100008D1704B5B6823F0F8436E4A43F080433C
:10512000536075E06B4B5B6823F0F8427B681B6A49
:105130009B06684913434B606AE0664BDB6823F0CB
:105140007C527B681B6A1B0662491343CB605FE09D
:105150007B68DB69002B42D05E4B1B685D4A43F0E5
:1051600080031360FCF748FC786208E0FCF744FC1D
:1051700002467B6AD31A022B01D9032380E2554BE6
:105180001B6803F48073002BF0D0FCF741FC03464E
:1051900041F20302934217D87B681B6A202B08D187
:1051A0004C4B5B6823F0F8434A4A43F0804353601A
:1051B0002EE0484B5B6823F0F8427B681B6A9B0635
:1051C000444913434B6023E0424BDB6823F07C529D
:1051D0007B681B6A1B063F491343CB6018E03D4BBD
:1051E0001B683C4A23F080031360FCF705FC7862DF
:1051F00008E0FCF701FC02467B6AD31A022B01D9B6
:1052000003233DE2334B1B6803F48073002BF0D182
:105210007B681B6803F00803002B36D07B685B6952
:10522000002B19D02B4B5B6F2A4A43F001035367C5
:10523000FCF7E2FB786208E0FCF7DEFB02467B6AE3
:10524000D31A022B01D903231AE2224B5B6F03F01E
:105250000203002BF0D018E01E4B5B6F1D4A23F0B9
:1052600001035367FCF7C8FB786208E0FCF7C4FB56
:1052700002467B6AD31A022B01D9032300E2154BA5
:105280005B6F03F00203002BF0D17B681B6803F017
:105290002003002B39D07B689B69002B1CD00D4B61
:1052A0001B680C4A43F480531360FCF7A5FB78623B
:1052B00008E0FCF7A1FB02467B6AD31A022B01D956
:1052C0000323DDE1034B1B6803F40053002BF0D0F4
:1052D0001BE000BF004402589B4B1B689A4A23F412
:1052E00080531360FCF788FB786208E0FCF784FBCE
:1052F00002467B6AD31A022B01D90323C0E1924BE9
:105300001B6803F40053002BF0D17B681B6803F08B
:105310000403002B00F081808C4B1B688B4A43F404
:1053200080731360FCF768FB786208E0FCF764FBAD
:1053300002467B6AD31A642B01D90323A0E1834B75
:105340001B6803F48073002BF0D07B689B68012BF3
:1053500006D17D4B1B6F7C4A43F0010313672DE0A0
:105360007B689B68002B0CD1774B1B6F764A23F030
:1053700001031367744B1B6F734A23F00403136715
:105380001CE07B689B68052B0CD16F4B1B6F6E4A32
:1053900043F0040313676C4B1B6F6B4A43F001032C
:1053A00013670BE0684B1B6F674A23F00103136719
:1053B000654B1B6F644A23F0040313677B689B688B
:1053C000002B15D0FCF718FB78620AE0FCF714FB01
:1053D00002467B6AD31A41F28832934201D90323F1
:1053E0004EE1594B1B6F03F00203002BEED014E08B
:1053F000FCF702FB78620AE0FCF7FEFA02467B6AE1
:10540000D31A41F28832934201D9032338E14E4B3B
:105410001B6F03F00203002BEED17B685B6A002B4D
:1054200000F02D81484B1B6903F03803182B00F066
:10543000BD807B685B6A022B40F09E80424B1B68FC
:10544000414A23F080731360FCF7D6FA786208E0D3
:10545000FCF7D2FA02467B6AD31A022B01D9032346
:105460000EE1394B1B6803F00073002BF0D1364B73
:105470009A6A374B13407A68916A7A68D26A120145
:105480000A43314913438B627B681B6B013BC3F3B7
:1054900008027B685B6B013B5B029BB21A437B6833
:1054A0009B6B013B1B0403F4FE031A437B68DB6B1D
:1054B000013B1B0603F0FE43234913430B63224BBE
:1054C000DB6A214A23F00103D3621F4B5A6B214B45
:1054D00013407A68926CD2001B4913434B631A4BFA
:1054E000DB6A23F00C027B681B6C17491343CB6209
:1054F000154BDB6A23F002027B685B6C1249134395
:10550000CB62114BDB6A104A43F48033D3620E4BFB
:10551000DB6A0D4A43F40033D3620B4BDB6A0A4A61
:1055200043F48023D362084BDB6A074A43F001034C
:10553000D362054B1B68044A43F080731360FCF789
:105540005BFA786211E000BF00440258004802583C
:105550000CFCFFFF0700FFFFFCF74EFA02467B6AD8
:10556000D31A022B01D903238AE0474B1B6803F0AF
:105570000073002BF0D082E0434B1B68424A23F0BB
:1055800080731360FCF738FA786208E0FCF734FAAD
:1055900002467B6AD31A022B01D9032370E03A4BEF
:1055A0001B6803F00073002BF0D168E0364B9B6A58
:1055B0003B61354B1B6BFB607B685B6A012B31D019
:1055C0003B6903F003027B689B6A9A422AD13B69DC
:1055D0001B0903F03F027B68DB6A9A4222D1FB6819
:1055E000C3F308027B681B6B013B9A421AD1FB682C
:1055F0005B0A03F07F027B685B6B013B9A4211D12F
:10560000FB681B0C03F07F027B689B6B013B9A429B
:1056100008D1FB681B0E03F07F027B68DB6B013B4C
:105620009A4201D001232BE0174B5B6BDB08C3F3DD
:105630000C033B617B689B6C3A699A421FD0124B0A
:10564000DB6A114A23F00103D362FCF7D5F97862D3
:1056500000BFFCF7D1F902467B6A9342F9D00A4BAE
:105660005A6B0A4B13407A68926CD2000649134376
:105670004B63054BDB6A044A43F00103D36200230A
:1056800018463037BD4680BD004402580700FFFF72
:1056900080B586B000AF786039607B68002B01D19F
:1056A00001239CE18A4B1B6803F00F033A689A427E
:1056B00010D9874B1B6823F00F0285493B681343C1
:1056C0000B60834B1B6803F00F033A689A4201D0CA
:1056D000012384E17B681B6803F00403002B10D0D6
:1056E0007B681A697B4B9B6903F070039A4208D967
:1056F000784B9B6923F070027B681B6975491343E3
:105700008B617B681B6803F00803002B10D07B685B
:105710005A69704BDB6903F070039A4208D96D4BEC
:10572000DB6923F070027B685B696A491343CB61D4
:105730007B681B6803F01003002B10D07B689A690C
:10574000644BDB6903F4E0639A4208D9614BDB697F
:1057500023F4E0627B689B695E491343CB617B68FD
:105760001B6803F02003002B10D07B68DA69594BCB
:105770001B6A03F070039A4208D9564B1B6A23F048
:1057800070027B68DB69534913430B627B681B68BB
:1057900003F00203002B10D07B68DA684D4B9B6945
:1057A00003F00F039A4208D94A4B9B6923F00F027A
:1057B0007B68DB68474913438B617B681B6803F098
:1057C0000103002B55D0434B9B6923F470627B6827
:1057D0009B68404913438B617B685B68022B07D150
:1057E0003C4B1B6803F40033002B21D10123F6E06E
:1057F0007B685B68032B07D1364B1B6803F0007393
:10580000002B15D10123EAE07B685B68012B07D1EF
:10581000304B1B6803F48073002B09D10123DEE0B9
:105820002C4B1B6803F00403002B01D10123D6E0AD
:10583000284B1B6923F007027B685B6825491343EB
:105840000B61FCF7D9F878610AE0FCF7D5F802465D
:105850007B69D31A41F28832934201D90323BEE017
:105860001C4B1B6903F038027B685B68DB009A42C3
:10587000EBD17B681B6803F00203002B10D07B6820
:10588000DA68144B9B6903F00F039A4208D2114B5C
:105890009B6923F00F027B68DB680E4913438B6121
:1058A0000B4B1B6803F00F033A689A4214D2084B63
:1058B0001B6823F00F0206493B6813430B60044B3F
:1058C0001B6803F00F033A689A4205D0012386E073
:1058D00000200052004402587B681B6803F0040358
:1058E000002B10D07B681A693F4B9B6903F0700353
:1058F0009A4208D23C4B9B6923F070027B681B697B
:10590000394913438B617B681B6803F00803002B44
:1059100010D07B685A69344BDB6903F070039A42FC
:1059200008D2314BDB6923F070027B685B692E493A
:105930001343CB617B681B6803F01003002B10D06E
:105940007B689A69284BDB6903F4E0639A4208D2CA
:10595000254BDB6923F4E0627B689B692249134392
:10596000CB617B681B6803F02003002B10D07B68A1
:10597000DA691D4B1B6A03F070039A4208D21A4B76
:105980001B6A23F070027B68DB69174913430B62C3
:1059900000F034F80246144B9B691B0A03F00F0316
:1059A0001249CB5C03F01F0322FA03F33B610E4B59
:1059B0009B6903F00F030D4AD35C03F01F033A69A0
:1059C00022FA03F30A4A13600A4A3B6913600A4B3E
:1059D0001B681846FBF7F2FB0346FB73FB7B18467C
:1059E0001837BD4680BD00BF00440258E8CF01080B
:1059F0000C000024080000241000002480B489B0AA
:105A000000AFB34B1B6903F03803182B00F255812C
:105A100001A252F823F000BF7D5A0008BB5C0008C9
:105A2000BB5C0008BB5C0008BB5C0008BB5C0008FA
:105A3000BB5C0008BB5C0008A35A0008BB5C000804
:105A4000BB5C0008BB5C0008BB5C0008BB5C0008DA
:105A5000BB5C0008BB5C0008A95A0008BB5C0008DE
:105A6000BB5C0008BB5C0008BB5C0008BB5C0008BA
:105A7000BB5C0008BB5C0008AF5A0008944B1B6875
:105A800003F02003002B09D0914B1B68DB0803F0C7
:105A90000303904A22FA03F3BB6111E18D4BBB6112
:105AA0000EE18D4BBB610BE18C4BBB6108E1884B78
:105AB0009B6A03F003037B61854B9B6A1B0903F020
:105AC0003F033B61824BDB6A03F00103FB60804BC9
:105AD0005B6BDB08C3F30C03FA6802FB03F307EE0E
:105AE000903AF8EE677AC7ED027A3B69002B00F036
:105AF000E1807B69022B00F083807B69022B00F23E
:105B0000A1807B69002B03D07B69012B56D099E0E3
:105B10006F4B1B6803F02003002B2DD06C4B1B68D0
:105B2000DB0803F003036B4A22FA03F37B607B6814
:105B300007EE903AF8EE676A3B6907EE903AF8EEA6
:105B4000677A86EEA77A624B1B6BC3F3080307EEF6
:105B5000903AF8EE676A97ED026ADFED615AC6EE99
:105B6000257A76EEA77AF7EE006A77EEA67A67EEE8
:105B7000277AC7ED077A87E03B6907EE903AF8EE9F
:105B8000677ADFED586A86EEA77A514B1B6BC3F339
:105B9000080307EE903AF8EE676A97ED026ADFEDC8
:105BA000505AC6EE257A76EEA77AF7EE006A77EEBF
:105BB000A67A67EE277AC7ED077A65E03B6907EEBC
:105BC000903AF8EE677ADFED486A86EEA77A404BA6
:105BD0001B6BC3F3080307EE903AF8EE676A97ED84
:105BE000026ADFED3F5AC6EE257A76EEA77AF7EE27
:105BF000006A77EEA67A67EE277AC7ED077A43E068
:105C00003B6907EE903AF8EE677ADFED386A86EE88
:105C1000A77A2F4B1B6BC3F3080307EE903AF8EEFD
:105C2000676A97ED026ADFED2E5AC6EE257A76EEA8
:105C3000A77AF7EE006A77EEA67A67EE277AC7EDC5
:105C4000077A21E03B6907EE903AF8EE677ADFEDDC
:105C5000266A86EEA77A1E4B1B6BC3F3080307EE7A
:105C6000903AF8EE676A97ED026ADFED1D5AC6EECC
:105C7000257A76EEA77AF7EE006A77EEA67A67EED7
:105C8000277AC7ED077A00BF114B1B6B5B0A03F045
:105C90007F0301333B603B6807EE903AB8EE677ACA
:105CA000D7ED076AC6EE877AFCEEE77A17EE903AF0
:105CB000BB6105E00023BB6102E0074BBB6100BF95
:105CC000BB6918462437BD465DF8047B704700BFAA
:105CD000004402580090D00300093D0040787D0147
:105CE000000000460024744C0024744A20BCBE4BC3
:105CF00080B582B000AFFFF781FE0246104B9B6972
:105D00001B0A03F00F030F49CB5C03F01F0322FAB9
:105D100003F37B600A4B9B6903F00F03094AD35CD2
:105D200003F01F037A6822FA03F3074A1360074A55
:105D30007B681360044B1B6818460837BD4680BD5E
:105D400000440258E8CF01080C0000240800002499
:105D500080B500AFFFF7CCFF0246064BDB691B099D
:105D600003F007030449CB5C03F01F0322FA03F39B
:105D7000184680BD00440258E8CF010880B500AF46
:105D8000FFF7B6FF0246064BDB691B0A03F0070369
:105D90000449CB5C03F01F0322FA03F3184680BDCD
:105DA00000440258E8CF010880B483B000AF7860A7
:105DB00039607B683F221A601A4B1B6903F00702A7
:105DC0007B685A60174B9B6903F470627B689A602A
:105DD000144B9B6903F00F027B68DA60114B9B69DF
:105DE00003F070027B681A610E4BDB6903F07002EE
:105DF0007B685A610B4BDB6903F4E0627B689A6154
:105E0000084B1B6A03F070027B68DA61064B1B6863
:105E100003F00F023B681A6000BF0C37BD465DF807
:105E2000047B704700440258002000522DE9B04F17
:105E3000CAB000AFC7F81401002387F82731002348
:105E400087F82631D7F81431D3E9002302F0006433
:105E5000002554EA050349D0D7F814319B6EB3F5F9
:105E6000401F2FD0B3F5401F28D8B3F5001F1AD01C
:105E7000B3F5001F22D8002B03D0B3F5801F07D045
:105E80001CE0B84BDB6AB74A43F40033D3621AE034
:105E9000D7F8143108330221184601F08FFC03466D
:105EA00087F827310FE0D7F814312833022118463C
:105EB00001F036FD034687F8273104E0012387F817
:105EC000273100E000BF97F82731002B0AD1A54BFE
:105ED0001B6D23F44011D7F814319B6EA14A0B437C
:105EE000136503E097F8273187F82631D7F8143186
:105EF000D3E9002302F480784FF0000958EA09033F
:105F000047D0D7F814319B6D042B2AD801A252F840
:105F100023F000BF295F0008375F00084D5F0008CD
:105F20006B5F00086B5F00088E4BDB6A8D4A43F4A1
:105F30000033D3621AE0D7F8143108330021184631
:105F400001F03CFC034687F827310FE0D7F8143105
:105F500028330021184601F0E3FC034687F8273177
:105F600004E0012387F8273100E000BF97F82731CC
:105F7000002B0AD17B4B1B6D23F00701D7F814319E
:105F80009B6D784A0B43136503E097F8273187F838
:105F90002631D7F81431D3E9002302F4007A4FF008
:105FA000000B5AEA0B034CD0D7F81431DB6DB3F574
:105FB000807F30D0B3F5807F29D8C02B2DD0C02B67
:105FC00025D8802B18D0802B21D8002B02D0402B35
:105FD00007D01CE0634BDB6A624A43F40033D362B0
:105FE0001CE0D7F8143108330021184601F0E6FB15
:105FF000034687F8273111E0D7F814312833002100
:10600000184601F08DFC034687F8273106E001238E
:1060100087F8273102E000BF00E000BF97F8273182
:10602000002B0AD14F4B1B6D23F4E071D7F81431CC
:10603000DB6D4C4A0B43136503E097F8273187F873
:106040002631D7F81431D3E9002302F48063C7F86E
:1060500008310023C7F80C31D7E942120B4613432D
:1060600053D0D7F81431D3F8A830B3F5000F35D09A
:10607000B3F5000F2ED8B3F5C00F31D0B3F5C00F74
:1060800028D8B3F5800F1AD0B3F5800F22D8002B93
:1060900003D0B3F5001F07D01CE0324BDB6A314A56
:1060A00043F40033D3621CE0D7F8143108330021E5
:1060B000184601F083FB034687F8273111E0D7F833
:1060C000143128330021184601F02AFC034687F8D2
:1060D000273106E0012387F8273102E000BF00E006
:1060E00000BF97F82731002B0BD11E4B9B6D23F47B
:1060F0006001D7F81431D3F8A8301A4A0B439365DE
:1061000003E097F8273187F82631D7F81431D3E91F
:10611000002302F40063C7F800310023C7F80431FC
:10612000D7E940120B46134356D0D7F81431D3F8B1
:10613000AC30B3F1806F38D0B3F1806F31D8B3F1A8
:10614000407F34D0B3F1407F2BD8B3F1007F1DD016
:10615000B3F1007F25D8002B06D0B3F1807F0AD0A1
:106160001FE000BF00440258A24BDB6AA14A43F47F
:106170000033D3621CE0D7F81431083300211846ED
:1061800001F01CFB034687F8273111E0D7F81431E2
:1061900028330021184601F0C3FB034687F8273156
:1061A00006E0012387F8273102E000BF00E000BFCE
:1061B00097F82731002B0BD18E4B9B6D23F0E061BC
:1061C000D7F81431D3F8AC308A4A0B43936503E017
:1061D00097F8273187F82631D7F81431D3E900230F
:1061E00002F00073C7F8F8300023C7F8FC30D7E995
:1061F0003E120B4613433AD0D7F81431DB6C302BE8
:106200001FD0302B19D8202B0CD0202B15D8002BC9
:1062100019D0102B11D1774BDB6A764A43F4003347
:10622000D36211E0D7F8143108330221184601F087
:10623000C5FA034687F8273106E0012387F827319E
:1062400002E000BF00E000BF97F82731002B0AD121
:10625000684BDB6C23F03001D7F81431DB6C654AF6
:106260000B43D36403E097F8273187F82631D7F83A
:106270001431D3E9002302F48053C7F8F03000232F
:10628000C7F8F430D7E93C120B46134351D0D7F886
:1062900014311B6EB3F5804F35D0B3F5804F2ED837
:1062A000B3F5405F31D0B3F5405F28D8B3F5005F58
:1062B0001AD0B3F5005F22D8002B03D0B3F5805F6E
:1062C00007D01CE04B4BDB6A4A4A43F40033D362ED
:1062D0001CE0D7F8143108330021184601F06EFA9B
:1062E000034687F8273111E0D7F81431283300210D
:1062F000184601F015FB034687F8273106E0012315
:1063000087F8273102E000BF00E000BF97F827318F
:10631000002B0AD1374B1B6D23F4E041D7F8143121
:106320001B6E344A0B43136503E097F8273187F857
:106330002631D7F81431D3E9002302F40053C7F80B
:10634000E8300023C7F8EC30D7E93A120B46134384
:1063500056D0D7F814315B6EB3F5A02F33D0B3F518
:10636000A02F2CD8B3F5802F2FD0B3F5802F26D8AF
:10637000B3F5403F2BD0B3F5403F20D8B3F5003FF5
:1063800012D0B3F5003F1AD8002B22D0B3F5803FCE
:1063900015D1D7F8143108330121184601F00EFA4F
:1063A000034687F8273115E0D7F814312833012147
:1063B000184601F0B5FA034687F827310AE00123B1
:1063C00087F8273106E000BF04E000BF02E000BF0D
:1063D00000E000BF97F82731002B0DD1054B1B6D56
:1063E00023F4E021D7F814315B6E024A0B431365A6
:1063F00006E000BF0044025897F8273187F826319D
:10640000D7F81431D3E9002302F48043C7F8E03011
:106410000023C7F8E430D7E938120B46134355D0B0
:10642000D7F81431D3F8B030B3F1A04F33D0B3F173
:10643000A04F2CD8B3F1804F2FD0B3F1804F26D886
:10644000B3F1405F2BD0B3F1405F20D8B3F1005FD0
:1064500012D0B3F1005F1AD8002B22D0B3F1805FC5
:1064600015D1D7F8143108330121184601F0A6F9E7
:10647000034687F8273115E0D7F814312833012176
:10648000184601F04DFA034687F827310AE0012348
:1064900087F8273106E000BF04E000BF02E000BF3C
:1064A00000E000BF97F82731002B0BD1A34B9B6D69
:1064B00023F0E041D7F81431D3F8B0309F4A0B43B2
:1064C000936503E097F8273187F82631D7F8143120
:1064D000D3E9002302F40043C7F8D8300023C7F8FB
:1064E000DC30D7E936120B46134337D0D7F81431D6
:1064F0001B6FB3F1005F0ED0B3F1005F16D8002B15
:1065000018D0B3F1805F11D18C4BDB6A8B4A43F416
:106510000033D3620FE0D7F8143108330121184655
:1065200001F04CF9034687F8273104E0012387F88E
:10653000273100E000BF97F82731002B0AD17F4BAD
:106540001B6D23F04051D7F814311B6F7B4A0B436E
:10655000136503E097F8273187F82631D7F814310F
:10656000D3E9002302F08073C7F8D0300023C7F8C6
:10657000D430D7E934120B46134339D0D7F814314D
:106580009B6C032B1CD801A252F823F0C9650008AC
:106590009D650008AB650008C9650008674BDB6AAC
:1065A000664A43F40033D3620FE0D7F8143108335E
:1065B0000221184601F002F9034687F8273104E06A
:1065C000012387F8273100E000BF97F82731002B1F
:1065D0000AD15A4BDB6C23F00301D7F814319B6CC2
:1065E000564A0B43D36403E097F8273187F82631E6
:1065F000D7F81431D3E9002302F48003C7F8C83078
:106600000023C7F8CC30D7E932120B46134300F011
:106610009F804B4B1B684A4A43F480731360FBF71F
:10662000EBF9C7F820010BE0FBF7E6F90246D7F8D3
:106630002031D31A642B03D9032387F8273105E0CF
:106640003F4B1B6803F48073002BEDD097F8273184
:10665000002B79D1394B1A6FD7F81431D3F8B430F5
:10666000534003F44073002B15D0344B1B6F23F4BD
:106670004073C7F81C31314B1B6F304A43F48033F1
:1066800013672E4B1B6F2D4A23F4803313672B4A5D
:10669000D7F81C311367D7F81431D3F8B430B3F5F9
:1066A000807F18D1FBF7A8F9C7F820010DE0FBF7B0
:1066B000A3F90246D7F82031D21A41F288339A4220
:1066C00003D9032387F8273105E01C4B1B6F03F028
:1066D0000203002BEBD097F82731002B29D1D7F8F4
:1066E0001431D3F8B43003F44073B3F5407F0ED1C6
:1066F000124B1B6923F47C51D7F81431D3F8B43012
:106700001A09104B13400D4A0B43136105E00B4B64
:106710001B690A4A23F47C531361084B196FD7F89D
:106720001431D3F8B430C3F30B03044A0B4313679B
:106730000EE097F8273187F8263109E00044025827
:1067400000480258CFFFFF0097F8273187F826311D
:10675000D7F81431D3E9002302F00103C7F8C030A1
:106760000023C7F8C430D7E930120B46134300F0BA
:106770008980D7F81431DB6F282B6BD801A252F82F
:1067800023F000BF5D6800085568000855680008E0
:1067900055680008556800085568000855680008E5
:1067A0005568000829680008556800085568000801
:1067B00055680008556800085568000855680008C5
:1067C000556800083F6800085568000855680008CB
:1067D00055680008556800085568000855680008A5
:1067E000556800085D68000855680008556800088D
:1067F0005568000855680008556800085568000885
:10680000556800085D68000855680008556800086C
:106810005568000855680008556800085568000864
:10682000556800085D680008D7F814310833012165
:10683000184600F0C3FF034687F827310FE0D7F86A
:10684000143128330121184601F06AF8034687F80D
:10685000273104E0012387F8273100E000BF97F8D3
:106860002731002B0AD1BF4B5B6D23F03801D7F8DD
:106870001431DB6FBB4A0B43536503E097F82731B4
:1068800087F82631D7F81431D3E9002302F0020348
:10689000C7F8B8300023C7F8BC30D7E92E120B4632
:1068A000134341D0D7F814319B6F052B24D801A294
:1068B00052F823F001690008CD680008E368000879
:1068C000016900080169000801690008D7F814315E
:1068D00008330121184600F071FF034687F827317D
:1068E0000FE0D7F8143128330121184601F018F8C9
:1068F000034687F8273104E0012387F8273100E0B9
:1069000000BF97F82731002B0AD1964B5B6D23F01F
:106910000701D7F814319B6F924A0B43536503E08C
:1069200097F8273187F82631D7F81431D3E90023B7
:1069300002F00403C7F8B0300023C7F8B430D7E939
:106940002C120B46134344D0D7F81431D3F89430AB
:10695000052B25D801A252F823F000BFA969000831
:10696000756900088B690008A9690008A969000811
:10697000A9690008D7F8143108330121184600F03E
:106980001DFF034687F827310FE0D7F8143128336D
:106990000121184600F0C4FF034687F8273104E0C0
:1069A000012387F8273100E000BF97F82731002B3B
:1069B0000BD16C4B9B6D23F00701D7F81431D3F842
:1069C0009430684A0B43936503E097F8273187F8C2
:1069D0002631D7F81431D3E9002302F02003C7F899
:1069E000A8300023C7F8AC30D7E92A120B4613436E
:1069F00055D0D7F81431D3F89030B3F1A04F33D03D
:106A0000B3F1A04F2CD8B3F1804F2FD0B3F1804F0A
:106A100026D8B3F1405F2BD0B3F1405F20D8B3F15B
:106A2000005F12D0B3F1005F1AD8002B22D0B3F16F
:106A3000805F15D1D7F8143108330021184600F0D3
:106A4000BDFE034687F8273115E0D7F81431283307
:106A50000221184600F064FF034687F827310AE058
:106A6000012387F8273106E000BF04E000BF02E001
:106A700000BF00E000BF97F82731002B0BD1394B46
:106A80005B6D23F0E041D7F81431D3F89030354AEC
:106A90000B43536503E097F8273187F82631D7F881
:106AA0001431D3E9002302F04003C7F8A0300023DB
:106AB000C7F8A430D7E928120B46134358D0D7F8AB
:106AC0001431D3F89C30B3F5A05F33D0B3F5A05F99
:106AD0002CD8B3F5805F2FD0B3F5805F26D8B3F5FF
:106AE000406F2BD0B3F5406F20D8B3F5006F12D0B4
:106AF000B3F5006F1AD8002B22D0B3F5806F15D1F3
:106B0000D7F8143108330021184600F057FE034629
:106B100087F8273115E0D7F81431283302211846B9
:106B200000F0FEFE034687F827310AE0012387F8CC
:106B3000273106E000BF04E000BF02E000BF00E034
:106B400000BF97F82731002B0ED1064B9B6D23F425
:106B5000E051D7F81431D3F89C30024A0B439365C7
:106B600006E000BF0044025897F8273187F8263125
:106B7000D7F81431D3E9002302F08003C7F8983026
:106B80000023C7F89C30D7E926120B46134355D093
:106B9000D7F81431D3F8A030B3F5204F33D0B3F584
:106BA000204F2CD8B3F5004F2FD0B3F5004F26D887
:106BB000B3F5C04F2BD0B3F5C04F20D8B3F5804FFD
:106BC00012D0B3F5804F1AD8002B22D0B3F5005F56
:106BD00015D1D7F8143108330021184600F0EEFD26
:106BE000034687F8273115E0D7F8143128330221FE
:106BF000184600F095FE034687F827310AE0012386
:106C000087F8273106E000BF04E000BF02E000BFC4
:106C100000E000BF97F82731002B0BD1A14B9B6DF3
:106C200023F46041D7F81431D3F8A0309D4A0B43C8
:106C3000936503E097F8273187F82631D7F81431A8
:106C4000D3E9002302F00803C7F890300023C7F807
:106C50009430D7E924120B4613431ED0D7F81431D1
:106C6000D3F88430B3F5805F0CD1D7F814312833D2
:106C70000221184600F054FE0346002B02D00123E7
:106C800087F82631874B5B6D23F44051D7F81431D8
:106C9000D3F88430834A0B435365D7F81431D3E9D2
:106CA000002302F01003C7F888300023C7F88C30A7
:106CB000D7E922120B4613431ED0D7F81431D3F86C
:106CC0009830B3F5807F0CD1D7F8143128330221E6
:106CD000184600F025FE0346002B02D0012387F85A
:106CE0002631704B9B6D23F44071D7F81431D3F8E3
:106CF00098306C4A0B439365D7F81431D3E90023DD
:106D000002F40023C7F880300023C7F88430D7E9A5
:106D100020120B4613433ED0D7F81431D3F8A430D9
:106D2000B3F5003F22D0B3F5003F1BD8002B03D0B2
:106D3000B3F5803F0BD015E0D7F8143108330021AC
:106D4000184600F03BFD034687F827310FE0D7F8DF
:106D5000143128330221184600F0E2FD034687F87B
:106D6000273104E0012387F8273100E000BF97F8BE
:106D70002731002B0BD14B4B9B6D23F44031D7F8BF
:106D80001431D3F8A430474A0B43936503E097F8D6
:106D9000273187F82631D7F81431D3E9002302F4DC
:106DA0008023BB670023FB67D7E91E120B46134302
:106DB0003BD0D7F81431D3F88830B3F5401F1FD03B
:106DC000B3F5401F18D8B3F5801F03D0B3F5001FEB
:106DD00007D011E0334BDB6A324A43F40033D3620D
:106DE0000FE0D7F8143128330121184600F098FD40
:106DF000034687F8273104E0012387F8273100E0B4
:106E000000BF97F82731002B0BD1264B5B6D23F485
:106E10004011D7F81431D3F88830224A0B43536518
:106E200003E097F8273187F82631D7F81431D3E9F2
:106E3000002302F480333B6700237B67D7E91C12F1
:106E40000B46134334D0D7F814311B6D002B03D0FD
:106E5000B3F5803F07D011E0124BDB6A114A43F4CF
:106E60000033D3620EE0D7F81431083302211846FC
:106E700000F0A4FC034687F8273103E0012387F8DC
:106E8000273100BF97F82731002B0DD1054BDB6C64
:106E900023F48031D7F814311B6D024A0B43D364BD
:106EA00006E000BF0044025897F8273187F82631E2
:106EB000D7F81431D3E9002302F00053BB66002356
:106EC000FB66D7E91A120B4613430CD0D7F81431DE
:106ED00028330221184600F023FD0346002B02D080
:106EE000012387F82631D7F81431D3E9002302F4BF
:106EF00000333B6600237B66D7E918120B46134329
:106F000038D0D7F81431D3F88030B3F5407F18D09B
:106F1000B3F5407F11D8B3F5007F14D0B3F5007FEF
:106F20000BD8002B11D0B3F5807F06D1C34BDB6AA1
:106F3000C24A43F40033D36208E0012387F82731C3
:106F400004E000BF02E000BF00E000BF97F8273177
:106F5000002B0BD1B94B5B6D23F44071D7F8143182
:106F6000D3F88030B54A0B43536503E097F82731D7
:106F700087F82631D7F81431D3E9002302F48013BF
:106F8000BB650023FB65D7E916120B46134309D0F6
:106F9000AA4B1B6D23F00041D7F814315B6FA74A51
:106FA0000B431365D7F81431D3E9002302F0805363
:106FB0003B6500237B65D7E914120B4613430AD0C7
:106FC0009E4B1B6923F48041D7F81431D3F8B830B5
:106FD0009A4A0B431361D7F81431D3E9002302F422
:106FE0000013BB640023FB64D7E912120B46134362
:106FF00009D0924B1B6D23F08071D7F81431DB6EF2
:107000008E4A0B431365D7F81431D3E9002302F0FD
:1070100080433B6400237B64D7E910120B46134383
:107020000ED0864B1B69854A23F400431361834BC2
:107030001969D7F81431D3F8BC30804A0B43136177
:10704000D7F81431D3E9002302F00043BB630023D7
:10705000FB63D7E90E120B46134309D0774BDB6C69
:1070600023F04051D7F814315B6D744A0B43D3645D
:10707000D7F81431D3E9002302F400033B63002363
:107080007B63D7E90C120B4613430AD06B4B5B6D45
:1070900023F44001D7F81431D3F88C30674A0B43FE
:1070A0005365D7F81431D3E900230021B96203F006
:1070B0000103FB62D7E90A120B46134311D0D7F83C
:1070C000143108330021184600F078FB034687F896
:1070D000273197F82731002B03D097F8273187F80D
:1070E0002631D7F81431D3E900230021396203F0A7
:1070F00002037B62D7E908120B46134311D0D7F87D
:10710000143108330121184600F058FB034687F874
:10711000273197F82731002B03D097F8273187F8CC
:107120002631D7F81431D3E900230021B96103F0E7
:107130000403FB61D7E906120B46134311D0D7F8BD
:10714000143108330221184600F038FB034687F853
:10715000273197F82731002B03D097F8273187F88C
:107160002631D7F81431D3E900230021396103F027
:1071700008037B61D7E904120B46134311D0D7F8FB
:10718000143128330021184600F0CAFB034687F863
:10719000273197F82731002B03D097F8273187F84C
:1071A0002631D7F81431D3E900230021B96003F068
:1071B0001003FB60D7E902120B46134311D0D7F836
:1071C000143128330121184600F0AAFB034687F842
:1071D000273197F82731002B03D097F8273187F80C
:1071E0002631D7F81431D3E900230021396003F0A8
:1071F00020037B60D7E900120B46134311D0D7F868
:10720000143128330221184600F08AFB034687F820
:10721000273197F82731002B03D097F8273187F8CB
:10722000263197F82631002B01D1002300E00123FD
:10723000184607F59477BD46BDE8B08F0044025864
:1072400080B500AFFEF754FD0246064B1B6A1B09D2
:1072500003F007030449CB5C03F01F0322FA03F396
:10726000184680BD00440258E8CF010880B489B0B8
:1072700000AF7860A14B9B6A03F00303BB619F4B97
:107280009B6A1B0B03F03F037B619C4BDB6A1B0972
:1072900003F001033B61994BDB6BDB08C3F30C0389
:1072A0003A6902FB03F307EE903AF8EE677AC7ED0E
:1072B000037A7B69002B00F01181BB69022B00F07F
:1072C0008380BB69022B00F2A180BB69002B03D035
:1072D000BB69012B56D099E0884B1B6803F0200353
:1072E000002B2DD0854B1B68DB0803F00303844A79
:1072F00022FA03F3BB60BB6807EE903AF8EE676AC8
:107300007B6907EE903AF8EE677A86EEA77A7B4BB8
:107310009B6BC3F3080307EE903AF8EE676A97EDAC
:10732000036ADFED785AC6EE257A76EEA77AF7EE95
:10733000006A77EEA67A67EE277AC7ED077A87E0CC
:107340007B6907EE903AF8EE677ADFED6F6A86EEBA
:10735000A77A6A4B9B6BC3F3080307EE903AF8EEEB
:10736000676A97ED036ADFED675AC6EE257A76EE17
:10737000A77AF7EE006A77EEA67A67EE277AC7ED6E
:10738000077A65E07B6907EE903AF8EE677ADFED01
:107390005F6A86EEA77A594B9B6BC3F3080307EE2F
:1073A000903AF8EE676A97ED036ADFED565AC6EE3B
:1073B000257A76EEA77AF7EE006A77EEA67A67EE80
:1073C000277AC7ED077A43E07B6907EE903AF8EE3B
:1073D000677ADFED4F6A86EEA77A484B9B6BC3F363
:1073E000080307EE903AF8EE676A97ED036ADFED5F
:1073F000455AC6EE257A76EEA77AF7EE006A77EE62
:10740000A67A67EE277AC7ED077A21E07B6907EE57
:10741000903AF8EE677ADFED3D6A86EEA77A374B51
:107420009B6BC3F3080307EE903AF8EE676A97ED9B
:10743000036ADFED345AC6EE257A76EEA77AF7EEC8
:10744000006A77EEA67A67EE277AC7ED077A00BF63
:107450002A4B9B6B5B0A03F07F0307EE903AF8EE32
:10746000677AB7EE007A37EE877AD7ED076AC6EE0D
:10747000877AFCEEE77A17EE902A7B681A601F4B3A
:107480009B6B1B0C03F07F0307EE903AF8EE677AD4
:10749000B7EE007A37EE877AD7ED076AC6EE877ABD
:1074A000FCEEE77A17EE902A7B685A60134B9B6BD1
:1074B0001B0E03F07F0307EE903AF8EE677AB7EE03
:1074C000007A37EE877AD7ED076AC6EE877AFCEE48
:1074D000E77A17EE902A7B689A6008E07B680022C2
:1074E0001A607B6800225A607B6800229A6000BFA5
:1074F0002437BD465DF8047B704700BF0044025846
:107500000090D003000000460024744C0024744A0C
:1075100020BCBE4B80B489B000AF7860A14B9B6AA1
:1075200003F00303BB619F4B9B6A1B0D03F03F03FA
:107530007B619C4BDB6A1B0A03F001033B61994BA7
:107540005B6CDB08C3F30C033A6902FB03F307EE41
:10755000903AF8EE677AC7ED037A7B69002B00F06A
:107560001181BB69022B00F08380BB69022B00F202
:10757000A180BB69002B03D0BB69012B56D099E0D9
:10758000884B1B6803F02003002B2DD0854B1B6814
:10759000DB0803F00303844A22FA03F3BB60BB68F1
:1075A00007EE903AF8EE676A7B6907EE903AF8EEDC
:1075B000677A86EEA77A7B4B1B6CC3F3080307EE52
:1075C000903AF8EE676A97ED036ADFED785AC6EEF7
:1075D000257A76EEA77AF7EE006A77EEA67A67EE5E
:1075E000277AC7ED077A87E07B6907EE903AF8EED5
:1075F000677ADFED6F6A86EEA77A6A4B1B6CC3F37E
:10760000080307EE903AF8EE676A97ED036ADFED3C
:10761000675AC6EE257A76EEA77AF7EE006A77EE1D
:10762000A67A67EE277AC7ED077A65E07B6907EEF1
:10763000903AF8EE677ADFED5F6A86EEA77A594BEB
:107640001B6CC3F3080307EE903AF8EE676A97EDF8
:10765000036ADFED565AC6EE257A76EEA77AF7EE84
:10766000006A77EEA67A67EE277AC7ED077A43E0DD
:107670007B6907EE903AF8EE677ADFED4F6A86EEA7
:10768000A77A484B1B6CC3F3080307EE903AF8EE59
:10769000676A97ED036ADFED455AC6EE257A76EE06
:1076A000A77AF7EE006A77EEA67A67EE277AC7ED3B
:1076B000077A21E07B6907EE903AF8EE677ADFED12
:1076C0003D6A86EEA77A374B1B6CC3F3080307EEBF
:1076D000903AF8EE676A97ED036ADFED345AC6EE2A
:1076E000257A76EEA77AF7EE006A77EEA67A67EE4D
:1076F000277AC7ED077A00BF2A4B1B6C5B0A03F0A1
:107700007F0307EE903AF8EE677AB7EE007A37EE2D
:10771000877AD7ED076AC6EE877AFCEEE77A17EE2E
:10772000902A7B681A601F4B1B6C1B0C03F07F03B5
:1077300007EE903AF8EE677AB7EE007A37EE877A7E
:10774000D7ED076AC6EE877AFCEEE77A17EE902A45
:107750007B685A60134B1B6C1B0E03F07F0307EE14
:10776000903AF8EE677AB7EE007A37EE877AD7ED7F
:10777000076AC6EE877AFCEEE77A17EE902A7B68F6
:107780009A6008E07B6800221A607B6800225A60D9
:107790007B6800229A6000BF2437BD465DF8047BF9
:1077A000704700BF004402580090D003000000461C
:1077B0000024744C0024744A20BCBE4B80B584B0B5
:1077C00000AF786039600023FB73534B9B6A03F072
:1077D0000303032B01D1012399E04F4B1B684E4A51
:1077E00023F080631360FAF707F9B86008E0FAF74E
:1077F00003F90246BB68D31A022B01D9032386E0A2
:10780000454B1B6803F00063002BF0D1424B9B6A91
:1078100023F47C327B681B681B033F4913438B6254
:107820007B685B68013BC3F308027B689B68013B94
:107830005B029BB21A437B68DB68013B1B0403F4C9
:10784000FE031A437B681B69013B1B0603F0FE43E2
:10785000314913438B63304BDB6A23F0C0027B68F2
:107860005B692D491343CB622B4BDB6A23F020026B
:107870007B689B6928491343CB62274BDB6A264A06
:1078800023F01003D362244BDA6B244B13407A6845
:10789000D269D20020491343CB631F4BDB6A1E4AD7
:1078A00043F01003D3623B68002B06D11A4BDB6A0E
:1078B000194A43F40023D3620FE03B68012B06D141
:1078C000154BDB6A144A43F48013D36205E0124B74
:1078D000DB6A114A43F40013D3620F4B1B680E4A54
:1078E00043F080631360FAF787F8B86008E0FAF7AE
:1078F00083F80246BB68D31A022B01D9032306E0A2
:10790000054B1B6803F00063002BF0D0FB7B18468F
:107910001037BD4680BD00BF004402580700FFFF7E
:1079200080B584B000AF786039600023FB73534B9F
:107930009B6A03F00303032B01D1012399E04F4B12
:107940001B684E4A23F080531360FAF755F8B8606D
:1079500008E0FAF751F80246BB68D31A022B01D9A6
:10796000032386E0454B1B6803F00053002BF0D146
:10797000424B9B6A23F07C727B681B681B053F4966
:1079800013438B627B685B68013BC3F308027B682F
:107990009B68013B5B029BB21A437B68DB68013B3F
:1079A0001B0403F4FE031A437B681B69013B1B069F
:1079B00003F0FE43314913430B64304BDB6A23F47D
:1079C00040627B685B692D491343CB622B4BDB6ABA
:1079D00023F400727B689B6928491343CB62274BD1
:1079E000DB6A264A23F48073D362244B5A6C244BFF
:1079F00013407A68D269D200204913434B641F4B6D
:107A0000DB6A1E4A43F48073D3623B68002B06D1C5
:107A10001A4BDB6A194A43F48003D3620FE03B68D8
:107A2000012B06D1154BDB6A144A43F40003D362E1
:107A300005E0124BDB6A114A43F08073D3620F4BAF
:107A40001B680E4A43F080531360F9F7D5FFB86006
:107A500008E0F9F7D1FF0246BB68D31A022B01D91F
:107A6000032306E0054B1B6803F00053002BF0D006
:107A7000FB7B18461037BD4680BD00BF004402584E
:107A80000700FFFF80B582B000AF78607B68002BF5
:107A900001D1012349E07B6893F83D30DBB2002B34
:107AA00006D17B68002283F83C20786800F041F81A
:107AB0007B68022283F83D207B681A687B68043368
:107AC0001946104600F0E8F97B68012283F8482047
:107AD0007B68012283F83E207B68012283F83F20E7
:107AE0007B68012283F840207B68012283F84120D3
:107AF0007B68012283F842207B68012283F84320BF
:107B00007B68012283F844207B68012283F84520AA
:107B10007B68012283F846207B68012283F8472096
:107B20007B68012283F83D20002318460837BD46B4
:107B300080BD80B483B000AF786000BF0C37BD4615
:107B40005DF8047B7047000080B485B000AF7860BA
:107B50007B6893F83D30DBB2012B01D0012354E068
:107B60007B68022283F83D207B681B68DA687B68AB
:107B70001B6842F00102DA607B681B68264A934268
:107B800022D07B681B68B3F1804F1DD07B681B68D7
:107B9000224A934218D07B681B68214A934213D033
:107BA0007B681B681F4A93420ED07B681B681E4A85
:107BB000934209D07B681B681C4A934204D07B68BF
:107BC0001B681B4A934215D17B681B689A68194B46
:107BD0001340FB60FB68062B15D0FB68B3F5803FB4
:107BE00011D07B681B681A687B681B6842F0010231
:107BF0001A6008E07B681B681A687B681B6842F0A3
:107C000001021A6000E000BF002318461437BD4689
:107C10005DF8047B704700BF000001400004004095
:107C200000080040000C0040000401400018004023
:107C3000004001400700010080B584B000AF7860CB
:107C40007B681B68DB68FB607B681B681B69BB602B
:107C5000BB6803F00203002B20D0FB6803F0020393
:107C6000002B1BD07B681B686FF002021A617B68D7
:107C700001221A777B681B689B6903F00303002BC2
:107C800003D0786800F0E9F805E0786800F0DBF8E8
:107C9000786800F0ECF87B6800221A77BB6803F084
:107CA0000403002B20D0FB6803F00403002B1BD03F
:107CB0007B681B686FF004021A617B6802221A77E6
:107CC0007B681B689B6903F44073002B03D07868C2
:107CD00000F0C3F805E0786800F0B5F8786800F0C7
:107CE000C6F87B6800221A77BB6803F00803002BF4
:107CF00020D0FB6803F00803002B1BD07B681B68B7
:107D00006FF008021A617B6804221A777B681B688F
:107D1000DB6903F00303002B03D0786800F09DF8C3
:107D200005E0786800F08FF8786800F0A0F87B68CC
:107D300000221A77BB6803F01003002B20D0FB68E9
:107D400003F01003002B1BD07B681B686FF0100240
:107D50001A617B6808221A777B681B68DB6903F469
:107D60004073002B03D0786800F077F805E078685E
:107D700000F069F8786800F07AF87B6800221A77DA
:107D8000BB6803F00103002B0CD0FB6803F0010378
:107D9000002B07D07B681B686FF001021A617868BE
:107DA000F9F7D6F9BB6803F08003002B04D1BB6858
:107DB00003F40053002B0CD0FB6803F08003002B6E
:107DC00007D07B681B686FF402521A61786800F074
:107DD00013F9BB6803F48073002B0CD0FB6803F02D
:107DE0008003002B07D07B681B686FF480721A61D8
:107DF000786800F00BF9BB6803F04003002B0CD04F
:107E0000FB6803F04003002B07D07B681B686FF012
:107E100040021A61786800F034F8BB6803F0200370
:107E2000002B0CD0FB6803F02003002B07D07B68ED
:107E30001B686FF020021A61786800F0D3F800BF69
:107E40001037BD4680BD80B483B000AF786000BFFE
:107E50000C37BD465DF8047B704780B483B000AF3B
:107E6000786000BF0C37BD465DF8047B704780B476
:107E700083B000AF786000BF0C37BD465DF8047B6F
:107E8000704780B483B000AF786000BF0C37BD4648
:107E90005DF8047B7047000080B485B000AF786067
:107EA00039607B681B68FB607B68464A934213D04D
:107EB0007B68B3F1804F0FD07B68434A93420BD06D
:107EC0007B68424A934207D07B68414A934203D081
:107ED0007B68404A934208D1FB6823F07003FB6043
:107EE0003B685B68FA681343FB607B68354A9342E2
:107EF0001FD07B68B3F1804F1BD07B68324A93421E
:107F000017D07B68314A934213D07B68304A934242
:107F10000FD07B682F4A93420BD07B682E4A934246
:107F200007D07B682D4A934203D07B682C4A93424A
:107F300008D1FB6823F44073FB603B68DB68FA6898
:107F40001343FB60FB6823F080023B685B691343CB
:107F5000FB607B68FA681A603B689A687B68DA6243
:107F60003B681A687B689A627B68164A93420FD016
:107F70007B68184A93420BD07B68174A934207D01C
:107F80007B68164A934203D07B68154A934203D11B
:107F90003B681A697B681A637B6801225A617B68B7
:107FA0001B6903F00103012B05D17B681B6923F0DA
:107FB00001027B681A6100BF1437BD465DF8047B7F
:107FC000704700BF0000014000040040000800406E
:107FD000000C00400004014000400140004401400A
:107FE0000048014080B483B000AF786000BF0C3718
:107FF000BD465DF8047B704780B483B000AF786005
:1080000000BF0C37BD465DF8047B704780B483B079
:1080100000AF786000BF0C37BD465DF8047B704749
:1080200080B582B000AF78607B68002B01D101235E
:1080300042E07B68D3F88830002B06D17B680022B1
:1080400083F884207868F9F735FB7B682422C3F82D
:1080500088207B681B681A687B681B6822F0010215
:108060001A607B689B6A002B02D0786801F078FB6D
:10807000786800F00DFE0346012B01D101231BE0BF
:108080007B681B685A687B681B6822F490425A60C0
:108090007B681B689A687B681B6822F02A029A60DA
:1080A0007B681B681A687B681B6842F001021A60D3
:1080B000786801F0F7FB034618460837BD4680BDD7
:1080C00080B58AB002AFF860B9603B601346FB80B0
:1080D000FB68D3F88830202B7BD1BB68002B02D003
:1080E000FB88002B01D1012374E0FB680022C3F858
:1080F0009020FB682122C3F88820F9F77DFC786185
:10810000FB68FA88A3F85420FB68FA88A3F8562085
:10811000FB689B68B3F5805F08D1FB681B69002B87
:1081200004D10023FB61BB68BB6103E0BB68FB615A
:108130000023BB6130E03B6800937B690022802113
:10814000F86801F059FC0346002B05D0FB6820229B
:10815000C3F8882003233DE0FB69002B0BD1BB69EA
:108160001B881A46FB681B68C2F308029A62BB6947
:108170000233BB6107E0FB691A78FB681B689A62EF
:10818000FB690133FB61FB68B3F856309BB2013BDE
:108190009AB2FB68A3F85620FB68B3F856309BB23E
:1081A000002BC8D13B6800937B6900224021F8680E
:1081B00001F022FC0346002B05D0FB682022C3F807
:1081C0008820032306E0FB682022C3F888200023D0
:1081D00000E0022318462037BD4680BD80B58AB036
:1081E00000AFF860B9601346FB80FB68D3F88830B5
:1081F000202B67D1BB68002B02D0FB88002B01D15C
:10820000012360E0FB68BA681A65FB68FA88A3F886
:108210005420FB68FA88A3F85620FB680022C3F8B4
:108220009020FB682122C3F88820FB68DB6F002BBD
:1082300028D0FB68DB6F264ADA63FB68DB6F254AD0
:108240001A64FB68DB6F244ADA64FB68DB6F002288
:108250001A65FB68D86FFB681B6D1946FB681B68C5
:1082600028331A46FB88FAF7AFF80346002B09D0EB
:10827000FB681022C3F89020FB682022C3F88820F6
:10828000012320E0FB681B6840221A62FB681B6820
:1082900008337B617B6953E8003F3B613B6943F0F6
:1082A00080037B62FB681B6808337A6A3A62FB6171
:1082B000F9693A6A41E80023BB61BB69002BE5D14B
:1082C000002300E0022318462837BD4680BD00BFCA
:1082D000719D0008079E0008899F000880B58AB03C
:1082E00000AFF860B9601346FB80FB68D3F88C30B0
:1082F000202B37D1BB68002B02D0FB88002B01D18B
:10830000012330E0FB680022DA66FB681B68184A2C
:1083100093421FD0FB681B685B6803F40003002BCB
:1083200018D0FB681B687B617B6953E8003F3B61A9
:108330003B6943F080637B62FB681B681A467B6A7B
:108340003B62FA61F9693A6A41E80023BB61BB69A3
:10835000002BE6D1FB881A46B968F86801F0BAFB31
:10836000034600E0022318462837BD4680BD00BF03
:10837000000C005880B590B000AF78607B68D3F8EF
:108380008830FB637B68D3F88C30BB637B681B68E9
:108390009B6803F08003802B39D1FB6B212B36D1F6
:1083A0007B681B6808333B623B6A53E8003FFB6114
:1083B000FB6923F080037B637B681B6808337A6B5F
:1083C000FA62BB62B96AFA6A41E800237B627B6A9F
:1083D000002BE5D17B68DB6F002B15D07B68DB6F52
:1083E0001846FAF75BFA0346002B0DD07B68DB6F6B
:1083F0001846FBF7E1FE0346202B05D17B681022CF
:10840000C3F89020032347E0786801F009FC7B68FB
:108410001B689B6803F04003402B3CD1BB6B222BB5
:1084200039D17B681B680833FB60FB6853E8003F69
:10843000BB60BB6823F040033B637B681B68083369
:108440003A6BBA617B617969BA6941E800233B61A3
:108450003B69002BE5D17B68D3F88030002B17D027
:108460007B68D3F880301846FAF718FA0346002BD9
:108470000ED07B68D3F880301846FBF79DFE03468C
:10848000202B05D17B681022C3F89020032303E042
:10849000786801F007FC002318464037BD4680BDD0
:1084A00080B5BAB000AF78607B681B68DB69C7F83D
:1084B000E4307B681B681B68C7F8E0307B681B688A
:1084C0009B68C7F8DC30D7F8E42040F60F03134070
:1084D000C7F8D830D7F8D830002B1BD1D7F8E43004
:1084E00003F02003002B15D0D7F8E03003F0200371
:1084F000002B05D1D7F8DC3003F08053002B09D0D6
:108500007B685B6F002B00F077837B685B6F78681C
:10851000984771E3D7F8D830002B00F02381D7F8C3
:10852000DC208D4B1340002B06D1D7F8E0208B4B7D
:108530001340002B00F01681D7F8E43003F001035C
:10854000002B11D0D7F8E03003F48073002B0BD050
:108550007B681B6801221A627B68D3F8903043F075
:1085600001027B68C3F89020D7F8E43003F00203DF
:10857000002B11D0D7F8DC3003F00103002B0BD017
:108580007B681B6802221A627B68D3F8903043F044
:1085900004027B68C3F89020D7F8E43003F00403AA
:1085A000002B11D0D7F8DC3003F00103002B0BD0E7
:1085B0007B681B6804221A627B68D3F8903043F012
:1085C00002027B68C3F89020D7F8E43003F0080378
:1085D000002B17D0D7F8E03003F02003002B05D193
:1085E000D7F8DC205C4B1340002B0BD07B681B685A
:1085F00008221A627B68D3F8903043F008027B6847
:10860000C3F89020D7F8E43003F40063002B12D0B5
:10861000D7F8E03003F08063002B0CD07B681B6838
:108620004FF400621A627B68D3F8903043F0200266
:108630007B68C3F890207B68D3F89030002B00F063
:10864000DD82D7F8E43003F02003002B13D0D7F8F5
:10865000E03003F02003002B05D1D7F8DC3003F025
:108660008053002B07D07B685B6F002B03D07B68A7
:108670005B6F786898477B68D3F89030C7F8D43040
:108680007B681B689B6803F04003402B05D0D7F83C
:10869000D43003F02803002B54D0786801F002FB9B
:1086A0007B681B689B6803F04003402B46D17B68C6
:1086B0001B680833C7F89C30D7F89C3053E8003F5C
:1086C000C7F89830D7F8983023F04003C7F8D03077
:1086D0007B681B680833D7F8D020C7F8A820C7F8F4
:1086E000A430D7F8A410D7F8A82041E80023C7F891
:1086F000A030D7F8A030002BD9D17B68D3F88030D8
:10870000002B17D07B68D3F88030154A1A657B6838
:10871000D3F880301846FAF7DFFB0346002B19D058
:108720007B68D3F880301B6D7A68D2F880201046C1
:1087300098470FE0786800F095FA0BE0786800F051
:1087400091FA07E0786800F08DFA7B680022C3F8A0
:10875000902053E200BF51E201000010200100040C
:1087600009A000087B68DB6E012B40F0E781D7F899
:10877000E43003F01003002B00F0E081D7F8E03084
:1087800003F01003002B00F0D9817B681B681022D6
:108790001A627B681B689B6803F04003402B40F023
:1087A00051817B68D3F880301B68964A934268D029
:1087B0007B68D3F880301B68934A934261D07B6812
:1087C000D3F880301B68914A93425AD07B68D3F823
:1087D00080301B688E4A934253D07B68D3F8803038
:1087E0001B688C4A93424CD07B68D3F880301B685E
:1087F000894A934245D07B68D3F880301B68874A0A
:1088000093423ED07B68D3F880301B68844A934201
:1088100037D07B68D3F880301B68824A934230D0CF
:108820007B68D3F880301B687F4A934229D07B68ED
:10883000D3F880301B687D4A934222D07B68D3F8FE
:1088400080301B687A4A93421BD07B68D3F8803013
:108850001B68784A934214D07B68D3F880301B6839
:10886000754A93420DD07B68D3F880301B68734AF9
:10887000934206D07B68D3F880301B68704A9342DD
:1088800006D17B68D3F880301B685B689BB205E03B
:108890007B68D3F880301B685B689BB2A7F8BE305A
:1088A000B7F8BE30002B00F0AB817B68B3F85C30CA
:1088B000B7F8BE209A4280F0A3817B68B7F8BE204B
:1088C000A3F85E207B68D3F88030DB69B3F5807F46
:1088D00000F087807B681B68C7F88830D7F888303D
:1088E00053E8003FC7F88430D7F8843023F480730E
:1088F000C7F8B8307B681B681A46D7F8B830C7F895
:108900009430C7F89020D7F89010D7F8942041E819
:108910000023C7F88C30D7F88C30002BDAD17B6875
:108920001B6808337B677B6F53E8003F3B673B6FF7
:1089300023F00103C7F8B4307B681B680833D7F80D
:10894000B420C7F88020FB67F96FD7F8802041E892
:108950000023BB67BB6F002BE1D17B681B6808332A
:108960003B663B6E53E8003FFB65FB6D23F0400325
:10897000C7F8B0307B681B680833D7F8B020FA66B8
:10898000BB66B96EFA6E41E800237B667B6E002BF6
:10899000E3D17B682022C3F88C207B680022DA6652
:1089A0007B681B68FB64FB6C53E8003FBB64BB6CDB
:1089B00023F01003C7F8AC307B681B681A46D7F861
:1089C000AC30BB657A65796DBA6D41E800233B65D3
:1089D0003B6D002BE4D17B68D3F880301846F9F763
:1089E0005DFF7B6802221A677B68B3F85C207B68B6
:1089F000B3F85E309BB2D31A9BB21946786800F088
:108A00003BF9FDE010000240280002404000024017
:108A1000580002407000024088000240A00002405E
:108A2000B800024010040240280402404004024002
:108A3000580402407004024088040240A00402402E
:108A4000B80402407B68B3F85C207B68B3F85E3002
:108A50009BB2D31AA7F8CE307B68B3F85E309BB2D6
:108A6000002B00F0CF80B7F8CE30002B00F0CA808A
:108A70007B681B68BB63BB6B53E8003F7B637B6B0E
:108A800023F49073C7F8C8307B681B681A46D7F880
:108A9000C8307B643A64396C7A6C41E80023FB632C
:108AA000FB6B002BE4D17B681B6808337B627B6A1D
:108AB00053E8003F3B623A6A554B1340C7F8C43055
:108AC0007B681B680833D7F8C4203A63FB62F96AF5
:108AD0003A6B41E80023BB62BB6A002BE3D17B68A1
:108AE0002022C3F88C207B680022DA667B68002293
:108AF0005A677B681B683B613B6953E8003FFB603A
:108B0000FB6823F01003C7F8C0307B681B681A4667
:108B1000D7F8C030FB61BA61B969FA6941E800234E
:108B20007B617B69002BE4D17B6802221A67B7F86E
:108B3000CE301946786800F09FF863E0D7F8E4304B
:108B400003F48013002B0ED0D7F8DC3003F480033D
:108B5000002B08D07B681B684FF480121A6278687B
:108B600001F093FA51E0D7F8E43003F08003002BD2
:108B700014D0D7F8E03003F08003002B05D1D7F8EC
:108B8000DC3003F40003002B08D07B689B6F002BC4
:108B90003AD07B689B6F7868984735E0D7F8E43027
:108BA00003F04003002B09D0D7F8E03003F0400376
:108BB000002B03D0786801F03DFA26E0D7F8E430C6
:108BC00003F40003002B09D0D7F8E03003F0804312
:108BD000002B03D0786801F06CFA16E0D7F8E43087
:108BE00003F08073002B10D0D7F8E030002B0CDAA4
:108BF000786801F054FA08E000BF06E000BF04E026
:108C000000BF02E000BF00E000BFE837BD4680BD06
:108C1000FEFFFFEF80B483B000AF786000BF0C3779
:108C2000BD465DF8047B704780B483B000AF7860C8
:108C300000BF0C37BD465DF8047B704780B483B03D
:108C400000AF786000BF0C37BD465DF8047B70470D
:108C500080B483B000AF786000BF0C37BD465DF8CC
:108C6000047B704780B483B000AF786000BF0C37DE
:108C7000BD465DF8047B704780B483B000AF786078
:108C80000B467B8000BF0C37BD465DF8047B704708
:108C90002DE9B04F92B000AF7861002387F84230E1
:108CA0007B699A687B691B691A437B695B691A4314
:108CB0007B69DB6913437B647B691B681A68BE4B65
:108CC00013407A691268796C0B4313607B691B68E7
:108CD0005B6823F440517B69DA687B691B680A434F
:108CE0005A607B699B697B647B691B68B34A9342CA
:108CF00004D07B691B6A7A6C13437B647B691B68B5
:108D00009A68AF4B13407A691268796C0B43936091
:108D10007B691B68DB6A23F00F017B695A6A7B69F8
:108D20001B680A43DA627B691B68A64A934277D1C3
:108D3000A54B5B6D03F03803282B6DD801A252F8C8
:108D400023F000BFE98D0008198E0008198E000875
:108D5000198E0008198E0008198E0008198E000857
:108D6000198E0008F18D0008198E0008198E000870
:108D7000198E0008198E0008198E0008198E000837
:108D8000198E0008F98D0008198E0008198E000848
:108D9000198E0008198E0008198E0008198E000817
:108DA000198E0008018E0008198E0008198E00081F
:108DB000198E0008198E0008198E0008198E0008F7
:108DC000198E0008098E0008198E0008198E0008F7
:108DD000198E0008198E0008198E0008198E0008D7
:108DE000198E0008118E0008012387F8433022E213
:108DF000042387F843301EE2082387F843301AE241
:108E0000102387F8433016E2202387F8433012E21C
:108E1000402387F843300EE2802387F843300AE28C
:108E20007B691B68694A934230D1674B5B6D03F0E5
:108E30000703052B26D801A252F823F0558E00080F
:108E40005D8E0008658E00086D8E0008758E000826
:108E50007D8E0008002387F84330ECE1042387F877
:108E60004330E8E1082387F84330E4E1102387F832
:108E70004330E0E1202387F84330DCE1402387F8EA
:108E80004330D8E1802387F84330D4E17B691B6805
:108E90004F4A934230D14C4B5B6D03F00703052BD7
:108EA00026D801A252F823F0C18E0008C98E00080E
:108EB000D18E0008D98E0008E18E0008E98E0008E6
:108EC000002387F84330B6E1042387F84330B2E14A
:108ED000082387F84330AEE1102387F84330AAE136
:108EE000202387F84330A6E1402387F84330A2E1EE
:108EF000802387F843309EE17B691B68354A9342A3
:108F000030D1314B5B6D03F00703052B26D801A24E
:108F100052F823F02D8F0008358F00083D8F000890
:108F2000458F00084D8F0008558F0008002387F8F3
:108F3000433080E1042387F843307CE1082387F83D
:108F4000433078E1102387F8433074E1202387F819
:108F5000433070E1402387F843306CE1802387F889
:108F6000433068E17B691B681B4A934242D1164B30
:108F70005B6D03F00703052B38D801A252F823F0EC
:108F8000998F0008A18F0008A98F0008B18F0008F1
:108F9000DD8F0008E58F0008002387F843304AE1A1
:108FA000042387F8433046E1082387F8433042E141
:108FB000102387F843303EE1F369FFCF000C0058DF
:108FC000FFF4FF110010014000440258004400402B
:108FD00000480040004C004000500040202387F82B
:108FE000433028E1402387F8433024E1802387F889
:108FF000433020E17B691B68CB4A934276D1CB4B4F
:109000005B6D03F03803282B6CD801A252F823F0D3
:10901000B5900008E5900008E5900008E59000088C
:10902000E5900008E5900008E5900008E59000084C
:10903000BD900008E5900008E5900008E590000864
:10904000E5900008E5900008E5900008E59000082C
:10905000C5900008E5900008E5900008E59000083C
:10906000E5900008E5900008E5900008E59000080C
:10907000CD900008E5900008E5900008E590000814
:10908000E5900008E5900008E5900008E5900008EC
:10909000D5900008E5900008E5900008E5900008EC
:1090A000E5900008E5900008E5900008E5900008CC
:1090B000DD900008012387F84330BCE0042387F8E3
:1090C0004330B8E0082387F84330B4E0102387F832
:1090D0004330B0E0202387F84330ACE0402387F8EA
:1090E0004330A8E0802387F84330A4E07B691B6805
:1090F0008F4A934230D18D4B5B6D03F00703052BF4
:1091000026D801A252F823F02191000829910008E5
:1091100031910008399100084191000849910008F7
:10912000002387F8433086E0042387F8433082E049
:10913000082387F843307EE0102387F843307AE035
:10914000202387F8433076E0402387F8433072E0ED
:10915000802387F843306EE07B691B68754A934231
:1091600030D1724B5B6D03F00703052B26D801A2AB
:1091700052F823F08D910008959100089D91000808
:10918000A5910008AD910008B5910008002387F86B
:10919000433050E0042387F843304CE0082387F83D
:1091A000433048E0102387F8433044E0202387F819
:1091B000433040E0402387F843303CE0802387F889
:1091C000433038E07B691B685B4A934230D1574B90
:1091D0009B6D03F00703052B26D801A252F823F05C
:1091E000F991000801920008099200081192000804
:1091F0001992000821920008022387F843301AE0F0
:10920000042387F8433016E0082387F8433012E040
:10921000102387F843300EE0202387F843300AE01C
:10922000402387F8433006E0802387F8433002E08C
:10923000802387F843307B691B683F4A934240F0A4
:10924000F88097F84330202B46DC022BC0F2828056
:10925000023B1E2B7ED801A252F823F0DF920008B9
:1092600055930008E79200085593000855930008AD
:1092700055930008F792000855930008559300088D
:10928000559300085593000855930008559300081E
:10929000559300080793000855930008559300085C
:1092A00055930008559300085593000855930008FE
:1092B00055930008559300085593000855930008EE
:1092C00055930008559300085593000855930008DE
:1092D0005593000847930008402B37D03AE0FDF73C
:1092E000AFFFF8633CE007F124031846FDF7BEFF2B
:1092F000BB6AFB6334E007F118031846FEF70AF96E
:10930000FB69FB632CE0094B1B6803F02003002B77
:1093100016D0064B1B68DB0803F00303074A22FA4A
:1093200003F3FB631CE000BF00140140004402583B
:1093300000780040007C0040000C00580090D003F2
:109340009D4BFB630CE09D4BFB6309E04FF4004336
:10935000FB6305E00023FB63012387F8423000BF75
:10936000FB6B002B00F0DE817B695B6A944A32F86C
:1093700013301A46FB6BB3FBF2F33B637B695A680D
:1093800013465B0013443A6B9A4205D37B695B68D2
:109390001B033A6B9A4203D9012387F84230C1E19B
:1093A000FB6B0022BB60FA607B695B6A844A32F81F
:1093B00013309BB200223B607A60D7E90023D7E9E3
:1093C0000201F7F745F802460B46104619464FF0E2
:1093D00000024FF000030B0243EA106302027969B6
:1093E0004968490800200C46054612EB040843EB87
:1093F00005097B695B6800229A46934652465B46A4
:1094000040464946F7F724F802460B461346BB632D
:10941000BB6BB3F5407F08D3BB6BB3F5801F04D2A1
:109420007B691B68BA6BDA607CE1012387F8423004
:1094300078E17B69DB69B3F5004F40F0C58097F8B0
:109440004330202B48DC002B7BDB202B79D801A27A
:1094500052F823F0DF940008E794000843950008D1
:1094600043950008EF9400084395000843950008D1
:1094700043950008FF9400084395000843950008B1
:10948000439500084395000843950008439500085C
:10949000439500080F950008439500084395000880
:1094A000439500084395000843950008439500083C
:1094B000439500084395000843950008439500082C
:1094C000439500084395000843950008439500081C
:1094D0004395000835950008402B2ED031E0FCF76D
:1094E00037FCF86333E0FCF749FCF8632FE007F141
:1094F00024031846FDF7BAFEBB6AFB6327E007F1B9
:1095000018031846FEF706F8FB69FB631FE02D4BB6
:109510001B6803F02003002B09D02A4B1B68DB08D3
:1095200003F00303244A22FA03F3FB630FE0224B08
:10953000FB630CE0214BFB6309E04FF40043FB634A
:1095400005E00023FB63012387F8423000BFFB6B7B
:10955000002B00F0E7807B695B6A194A32F8133010
:109560001A46FB6BB3FBF2F35A007B695B685B083E
:109570001A447B695B68B2FBF3F3BB63BB6B0F2BD5
:1095800016D9BB6BB3F5803F12D2BB6B9BB223F0F5
:109590000F03FB86BB6B5B089BB203F007039AB219
:1095A000FB8E1343FB867B691B68FA8EDA60B9E099
:1095B000012387F84230B5E00090D00300093D0058
:1095C00000D001080044025897F84330202B49DCB2
:1095D000002B7CDB202B7AD801A252F823F000BFAD
:1095E0006B96000873960008CF960008CF96000887
:1095F0007B960008CF960008CF960008CF9600080B
:109600008B960008CF960008CF960008CF960008EA
:10961000CF960008CF960008CF960008CF96000896
:109620009B960008CF960008CF960008CF960008BA
:10963000CF960008CF960008CF960008CF96000876
:10964000CF960008CF960008CF960008CF96000866
:10965000CF960008CF960008CF960008CF96000856
:10966000C1960008402B2ED031E0FCF771FBF86367
:1096700033E0FCF783FBF8632FE007F1240318467F
:10968000FDF7F4FDBB6AFB6327E007F118031846FA
:10969000FDF740FFFB69FB631FE02D4B1B6803F0E8
:1096A0002003002B09D02A4B1B68DB0803F00303BF
:1096B000284A22FA03F3FB630FE0264BFB630CE01E
:1096C000254BFB6309E04FF40043FB6305E00023F7
:1096D000FB63012387F8423000BFFB6B002B21D0D6
:1096E0007B695B6A1D4A32F813301A46FB6BB3FB89
:1096F000F2F27B695B685B081A447B695B68B2FBCA
:10970000F3F3BB63BB6B0F2B09D9BB6BB3F5803F86
:1097100005D2BB6B9AB27B691B68DA6002E0012359
:1097200087F842307B690122A3F86A207B69012215
:10973000A3F868207B6900225A677B6900229A6738
:1097400097F8423018464837BD46BDE8B08F00BF95
:10975000004402580090D00300093D0000D00108E9
:1097600080B483B000AF78607B689B6A03F0080325
:10977000002B0AD07B681B685B6823F400417B6880
:109780009A6B7B681B680A435A607B689B6A03F08C
:109790000103002B0AD07B681B685B6823F400314F
:1097A0007B68DA6A7B681B680A435A607B689B6A3D
:1097B00003F00203002B0AD07B681B685B6823F46C
:1097C00080317B681A6B7B681B680A435A607B6830
:1097D0009B6A03F00403002B0AD07B681B685B685C
:1097E00023F480217B685A6B7B681B680A435A60AC
:1097F0007B689B6A03F01003002B0AD07B681B6810
:109800009B6823F480517B68DA6B7B681B680A4392
:109810009A607B689B6A03F02003002B0AD07B6868
:109820001B689B6823F400517B681A6C7B681B687B
:109830000A439A607B689B6A03F04003002B1AD0AE
:109840007B681B685B6823F480117B685A6C7B68BB
:109850001B680A435A607B685B6CB3F5801F0AD1B2
:109860007B681B685B6823F4C0017B689A6C7B682B
:109870001B680A435A607B689B6A03F08003002BD5
:109880000AD07B681B685B6823F400217B68DA6C74
:109890007B681B680A435A6000BF0C37BD465DF801
:1098A000047B704780B598B002AF78607B68002277
:1098B000C3F89020F8F7A0F878657B681B681B68F0
:1098C00003F00803082B2FD16FF07E4300937B6DCC
:1098D00000224FF40011786800F08EF80346002B48
:1098E00022D07B681B68BB63BB6B53E8003F7B6384
:1098F0007B6B23F080033B657B681B681A463B6DDE
:109900007B643A64396C7A6C41E80023FB63FB6B3F
:10991000002BE6D17B682022C3F888207B680022D8
:1099200083F88420032363E07B681B681B6803F0D3
:109930000403042B49D16FF07E4300937B6D00221A
:109940004FF48001786800F057F80346002B3CD0B4
:109950007B681B687B627B6A53E8003F3B623B6A23
:1099600023F49073FB647B681B681A46FB6C3B63B3
:10997000FA62F96A3A6B41E80023BB62BB6A002BCA
:10998000E6D17B681B6808333B613B6953E8003FC5
:10999000FB60FB6823F00103BB647B681B68083332
:1099A000BA6CFA61BB61B969FA6941E800237B616D
:1099B0007B69002BE5D17B682022C3F88C207B6873
:1099C000002283F88420032312E07B682022C3F85E
:1099D00088207B682022C3F88C207B680022DA660E
:1099E0007B6800221A677B68002283F884200023AA
:1099F00018465837BD4680BD80B584B000AFF860CA
:109A0000B9603B601346FB714FE0BB69B3F1FF3FA8
:109A10004BD0F7F7F1FF02463B68D31ABA699A4276
:109A200002D3BB69002B01D103234EE0FB681B6806
:109A30001B6803F00403002B37D0BB68802B34D0A5
:109A4000BB68402B31D0FB681B68DB6903F008035F
:109A5000082B10D1FB681B6808221A62F86800F016
:109A600021F9FB680822C3F89020FB68002283F8E4
:109A70008420012329E0FB681B68DB6903F4006391
:109A8000B3F5006F11D1FB681B684FF400621A62D6
:109A9000F86800F007F9FB682022C3F89020FB6803
:109AA000002283F8842003230FE0FB681B68DA6937
:109AB000BB681340BA689A420CBF01230023DBB293
:109AC0001A46FB799A42A0D0002318461037BD46AB
:109AD00080BD000080B596B000AFF860B960134655
:109AE000FB80FB68BA689A65FB68FA88A3F85C207B
:109AF000FB680022C3F89020FB682222C3F88C2068
:109B0000FB68D3F88030002B2DD0FB68D3F8803071
:109B1000404ADA63FB68D3F880303F4A1A64FB6836
:109B2000D3F880303D4ADA64FB68D3F880300022F5
:109B30001A65FB68D3F88000FB681B68243319465C
:109B4000FB689B6D1A46FB88F8F73EFC0346002B2A
:109B500009D0FB681022C3F89020FB682022C3F8CC
:109B60008C20012351E0FB681B69002B18D0FB6897
:109B70001B68FB63FB6B53E8003FBB63BB6B43F4A9
:109B800080737B65FB681B681A467B6DBB647A64D7
:109B9000796CBA6C41E800233B643B6C002BE6D146
:109BA000FB681B680833BB62BB6A53E8003F7B62FB
:109BB0007B6A43F001033B65FB681B6808333A6D21
:109BC0007A633B63396B7A6B41E80023FB62FB6A83
:109BD000002BE5D1FB681B6808337B617B6953E888
:109BE000003F3B613B6943F04003FB64FB681B683B
:109BF0000833FA6C3A62FB61F9693A6A41E800237A
:109C0000BB61BB69002BE5D1002318465837BD4620
:109C100080BD00BF239E00084B9F0008899F00085D
:109C200080B48FB000AF78607B681B683B623B6A92
:109C300053E8003FFB61FB6923F0C0037B637B6853
:109C40001B681A467B6BFB62BA62B96AFA6A41E822
:109C500000237B627B6A002BE6D17B681B6808339C
:109C6000FB60FB6853E8003FBB60BB6823F4000364
:109C70003B637B681B6808333A6BBA617B61796927
:109C8000BA6941E800233B613B69002BE5D17B6861
:109C90002022C3F8882000BF3C37BD465DF8047B16
:109CA0007047000080B495B000AF78607B681B6897
:109CB0007B637B6B53E8003F3B633B6B23F4907308
:109CC000FB647B681B681A46FB6C3B64FA63F96BA8
:109CD0003A6C41E80023BB63BB6B002BE6D17B6889
:109CE0001B6808333B623B6A53E8003FFB61FA693B
:109CF0001E4B1340BB647B681B680833BA6CFA6266
:109D0000BB62B96AFA6A41E800237B627B6A002B76
:109D1000E5D17B68DB6E012B18D17B681B68FB608B
:109D2000FB6853E8003FBB60BB6823F010037B6413
:109D30007B681B681A467B6CBB617A617969BA697A
:109D400041E800233B613B69002BE6D17B68202280
:109D5000C3F88C207B680022DA667B6800225A6791
:109D600000BF5437BD465DF8047B7047FEFFFFEF30
:109D700080B590B000AF78607B689B6BFB637B68BD
:109D8000DB69B3F5807F37D0FB6B0022A3F8562048
:109D9000FB6B1B6808337B627B6A53E8003F3B62C6
:109DA0003B6A23F08003BB63FB6B1B680833BA6B11
:109DB0003A63FB62F96A3A6B41E80023BB62BB6A13
:109DC000002BE5D1FB6B1B683B613B6953E8003F0F
:109DD000FB60FB6843F040037B63FB6B1B681A4628
:109DE0007B6BFB61BA61B969FA6941E800237B6169
:109DF0007B69002BE6D102E0F86BFEF70BFF00BF9A
:109E00004037BD4680BD80B584B000AF78607B68C8
:109E10009B6BFB60F868FEF707FF00BF1037BD467D
:109E200080BD80B59CB000AF78607B689B6BFB66A3
:109E30007B68DB69B3F5807F71D0FB6E0022A3F8ED
:109E40005E20FB6E1B68FB64FB6C53E8003FBB6449
:109E5000BB6C23F48073BB66FB6E1B681A46BB6E3B
:109E6000BB657A65796DBA6D41E800233B653B6D52
:109E7000002BE6D1FB6E1B680833BB63BB6B53E85A
:109E8000003F7B637B6B23F001037B66FB6E1B68EB
:109E900008337A6E7A643B64396C7A6C41E800234B
:109EA000FB63FB6B002BE5D1FB6E1B6808337B6209
:109EB0007B6A53E8003F3B623B6A23F040033B660A
:109EC000FB6E1B6808333A6E3A63FB62F96A3A6BC1
:109ED00041E80023BB62BB6A002BE5D1FB6E202268
:109EE000C3F88C20FB6EDB6E012B18D1FB6E1B6858
:109EF0003B613B6953E8003FFB60FB6823F01003C4
:109F0000FB65FB6E1B681A46FB6DFB61BA61B969A4
:109F1000FA6941E800237B617B69002BE6D1FB6E87
:109F200000221A67FB6EDB6E012B07D1FB6EB3F8C4
:109F30005C301946F86EFEF79FFE02E0F86EFEF701
:109F40007DFE00BF7037BD4680BD80B584B000AFD8
:109F500078607B689B6BFB60FB6801221A67FB687B
:109F6000DB6E012B09D1FB68B3F85C305B089BB258
:109F70001946F868FEF780FE02E0F868FEF768FE12
:109F800000BF1037BD4680BD80B586B000AF786099
:109F90007B689B6B7B617B69D3F888303B617B6915
:109FA000D3F88C30FB607B691B689B6803F08003EF
:109FB000802B09D13B69212B06D17B690022A3F8B4
:109FC00056207869FFF72CFE7B691B689B6803F0BD
:109FD0004003402B09D1FB68222B06D17B6900226C
:109FE000A3F85E207869FFF75DFE7B69D3F89030B7
:109FF00043F010027B69C3F890207869FEF732FEC7
:10A0000000BF1837BD4680BD80B584B000AF786012
:10A010007B689B6BFB60FB680022A3F85E20FB68FB
:10A020000022A3F85620F868FEF71CFE00BF103788
:10A03000BD4680BD80B588B000AF78607B681B6886
:10A04000FB60FB6853E8003FBB60BB6823F0400344
:10A05000FB617B681B681A46FB69BB617A617969A1
:10A06000BA6941E800233B613B69002BE6D17B687C
:10A070002022C3F888207B6800229A677868FEF760
:10A08000C9FD00BF2037BD4680BD80B483B000AF9E
:10A09000786000BF0C37BD465DF8047B704780B424
:10A0A00083B000AF786000BF0C37BD465DF8047B1D
:10A0B000704780B483B000AF786000BF0C37BD46F6
:10A0C0005DF8047B704780B485B000AF78607B6832
:10A0D00093F88430012B01D1022327E07B68012211
:10A0E00083F884207B682422C3F888207B681B685F
:10A0F0001B68FB607B681B681A687B681B6822F022
:10A1000001021A60FB6823F00053FB607B680022A9
:10A110005A667B681B68FA681A607B682022C3F85D
:10A1200088207B68002283F8842000231846143797
:10A13000BD465DF8047B704780B584B000AF7860A1
:10A1400039607B6893F88430012B01D102232DE024
:10A150007B68012283F884207B682422C3F888204E
:10A160007B681B681B68FB607B681B681A687B68E0
:10A170001B6822F001021A607B681B689B6823F051
:10A1800060417B681B683A680A439A60786800F00F
:10A190004FF87B681B68FA681A607B682022C3F856
:10A1A00088207B68002283F884200023184610371B
:10A1B000BD4680BD80B584B000AF786039607B68F3
:10A1C00093F88430012B01D102232DE07B6801221A
:10A1D00083F884207B682422C3F888207B681B686E
:10A1E0001B68FB607B681B681A687B681B6822F031
:10A1F00001021A607B681B689B6823F060617B68C2
:10A200001B683A680A439A60786800F011F87B6826
:10A210001B68FA681A607B682022C3F888207B6874
:10A22000002283F88420002318461037BD4680BDE5
:10A2300080B485B000AF78607B685B6E002B08D17E
:10A240007B680122A3F86A207B680122A3F86820BA
:10A2500031E01023FB731023BB737B681B689B6882
:10A260005B0EDBB203F007037B737B681B689B68A4
:10A270005B0FDBB203F007033B73BB7B3A7B1149F7
:10A280008A5C02FB03F33A7B0F498A5C93FBF2F38F
:10A290009AB27B68A3F86A20FB7B7A7B09498A5CC7
:10A2A00002FB03F37A7B08498A5C93FBF2F39AB2D0
:10A2B0007B68A3F8682000BF1437BD465DF8047BB7
:10A2C000704700BF18D0010820D0010880B58AB0BF
:10A2D00000AF78600023FB6101F0AAFF5A4B1B68B6
:10A2E000002B01D100F086F9584B1A687B681340A7
:10A2F000002B40F090807B68002B1ED008227B68EA
:10A3000013447B607B6803F00703002B15D07B6848
:10A3100023F0070308337B607B6803F00703002BFF
:10A320000BD04FF0500383F31188BFF36F8FBFF34F
:10A330004F8F7B6100BF00BFFDE77B68002B6AD0B9
:10A34000434B1B687A689A4265D8424B3B62414B4B
:10A350001B687B6204E07B6A3B627B6A1B687B62F2
:10A360007B6A5B687A689A4203D97B6A1B68002B18
:10A37000F1D1354B1B687A6A9A424CD03B6A1B6814
:10A3800008221344FB617B6A1A683B6A1A607B6A85
:10A390005A687B68D21A08235B009A4220D97A6AED
:10A3A0007B681344BB61BB6903F00703002B0BD030
:10A3B0004FF0500383F31188BFF36F8FBFF34F8FBC
:10A3C0003B6100BF00BFFDE77B6A5A687B68D21A19
:10A3D000BB695A607B6A7A685A60B86900F06CF9A8
:10A3E0001B4B1A687B6A5B68D31A194A1360184BB7
:10A3F0001A68194B1B689A4203D2154B1B68164A00
:10A4000013607B6A5A68114B1B681A437B6A5A6057
:10A410007B6A00221A6001F019FFFB6903F0070351
:10A42000002B0BD04FF0500383F31188BFF36F8FD5
:10A43000BFF34F8FFB6000BF00BFFDE7FB6918460D
:10A440002837BD4680BD00BF7CC9002488C90024D0
:10A4500080C9002474C9002484C9002480B586B052
:10A4600000AF78607B687B617B68002B4AD0082353
:10A470005B427A6913447B617B693B613B695A6843
:10A48000224B1B681340002B0BD14FF0500383F37A
:10A490001188BFF36F8FBFF34F8FFB6000BF00BF0A
:10A4A000FDE73B691B68002B0BD04FF0500383F393
:10A4B0001188BFF36F8FBFF34F8FBB6000BF00BF2A
:10A4C000FDE73B695A68114B1B681340002B19D0FC
:10A4D0003B691B68002B15D13B695A680B4B1B6805
:10A4E000DB431A403B695A6001F0A2FE3B695A689F
:10A4F000074B1B681344064A1360386900F0DCF808
:10A5000001F0A4FE00BF1837BD4680BD88C90024F5
:10A5100080C9002480B487B000AF78607B687B611D
:10A5200008235B427A6913447B617B693B613B6929
:10A530005A68064B1B68DB431340FB60FB681846F8
:10A540001C37BD465DF8047B704700BF88C90024F6
:10A5500080B584B000AF7860396001F069FE38687A
:10A56000FFF7B4FEB860BB68002B17D07B68002BE8
:10A5700014D07868FFF7CEFF034608229B1AFB60D1
:10A580003A68FB689A4201D23B68FB60FA687968D6
:10A59000B86810F03EFE7868FFF760FF01F056FEE5
:10A5A000BB6818461037BD4680BD80B586B000AF89
:10A5B0007860396001F03CFE3B687A6802FB03F387
:10A5C0007B617869FFF782FEF860FB683B6104E01D
:10A5D0003B695A1C3A6100221A707B695A1E7A61E3
:10A5E000002BF5D101F032FEFB6818461837BD4646
:10A5F00080BD000080B485B000AF4CF25033BB602A
:10A60000274BFB60FB6803F00703002B0CD0FB68B3
:10A610000733FB60FB6823F00703FB60BA68FB6845
:10A62000D31A1F4A1344BB60FB687B601D4A7B68DA
:10A6300013601C4B00225A607B68BA681344FB60AD
:10A640000822FB689B1AFB60FB6823F00703FB6092
:10A65000FB68154A1360144B1B6800225A60124BAA
:10A660001B6800221A607B683B603B68FA68D21A5C
:10A670003B685A600C4B1A683B681A603B685B6821
:10A680000A4A13603B685B68094A1360094B4FF044
:10A6900000421A6000BF1437BD465DF8047B704766
:10A6A0002406002474C900247CC9002484C9002421
:10A6B00080C9002488C9002480B485B000AF7860C8
:10A6C000284BFB6002E0FB681B68FB60FB681B68B3
:10A6D0007A689A42F7D8FB68BB60FB685B68BA6827
:10A6E00013447A689A4208D1FB685A687B685B68B1
:10A6F0001A44FB685A60FB687B607B68BB607B68C0
:10A700005B68BA681A44FB681B689A4218D1FB68F8
:10A710001A68154B1B689A420DD07B685A68FB6813
:10A720001B685B681A447B685A60FB681B681A6880
:10A730007B681A6008E00C4B1A687B681A6003E0BB
:10A74000FB681A687B681A60FA687B689A4202D0D4
:10A75000FB687A681A6000BF1437BD465DF8047B59
:10A76000704700BF74C900247CC9002480B584B040
:10A7700000AF78607B68D3F88C32FB604FF40062E6
:10A780000449F868FDF7AAFD012318461037BD46B5
:10A7900080BD00BF8CC9002480B584B000AF786054
:10A7A0007B68D3F88C32FB60F868FDF7E3FD01238A
:10A7B00018461037BD4680BD80B586B000AFF86042
:10A7C000B9607A603B60FB68D3F88C327B617B694F
:10A7D000D3F88830202B18D17B689BB21A46B96811
:10A7E0007869FDF7FBFC0346FB7400BFFB7C002B84
:10A7F00004D17B69D3F88830202BF7D1FB7C002B68
:10A8000001D17B6802E0002300E0002318461837DE
:10A81000BD4680BD80B588B000AFF860B9607A6091
:10A820003B60FB68D3F88C327B610023FB61002323
:10A83000BB6172B600BF7B69D3F880301B68594A90
:10A84000934268D07B69D3F880301B68564A9342A4
:10A8500061D07B69D3F880301B68544A93425AD048
:10A860007B69D3F880301B68514A934253D07B698F
:10A87000D3F880301B684F4A93424CD07B69D3F8A1
:10A8800080301B684C4A934245D07B69D3F88030B6
:10A890001B684A4A93423ED07B69D3F880301B68DC
:10A8A000474A934237D07B69D3F880301B68454ACA
:10A8B000934230D07B69D3F880301B68424A934280
:10A8C00029D07B69D3F880301B68404A934222D05C
:10A8D0007B69D3F880301B683D4A93421BD07B696B
:10A8E000D3F880301B683B4A934214D07B69D3F87D
:10A8F00080301B68384A93420DD07B69D3F8803092
:10A900001B68364A934206D07B69D3F880301B68B7
:10A91000334A934207D17B69D3F880301B685B6868
:10A92000C3F5006306E07B69D3F880301B685B6881
:10A93000C3F500632B4A136062B600BFFB690133A5
:10A94000FB61012000F01EFB274B1A68254B1B689A
:10A950009A4217D1FA693B689A42FFF66AAF11E052
:10A96000214B1A68B968BB690B4420498A5C1A708C
:10A970001D4B1B680133C3F30A031B4A1360BB69F9
:10A980000133BB61184B1A68164B1B689A4203D0FF
:10A99000BA697B689A42E3D3BB6918462037BD4643
:10A9A00080BD00BF1000024028000240400002406D
:10A9B000580002407000024088000240A00002409F
:10A9C000B800024010040240280402404004024043
:10A9D000580402407004024088040240A00402406F
:10A9E000B804024090D100248CD100248CC90024EA
:10A9F00080B582B000AF786039600C4B1B681A4696
:10AA00007B6813441A46094B1A60094B1B681A46A7
:10AA10007B6813441A46064B1A607868FFF756FCA9
:10AA2000034618460837BD4680BD00BF94D10024B8
:10AA300098D1002480B582B000AF786039607B681F
:10AA4000002B0CD07868FFF765FD0346064A1268B4
:10AA5000D31A1A46044B1A607868FFF7FFFC00BF50
:10AA60000837BD4680BD00BF98D1002480B584B0B2
:10AA700000AFF860B9607A60154B1B681A46BB6876
:10AA800013441A46124B1A60124B1B681A46BB68D5
:10AA900013441A460F4B1A60FB68002B04D1B868A8
:10AAA000FFF714FC03460EE0F868FFF733FD03469A
:10AAB000084A1268D31A1A46064B1A60B968F86831
:10AAC000FFF746FD034618461037BD4680BD00BF60
:10AAD00094D1002498D1002480B584B000AFF860F0
:10AAE000B9607A60FB68BA6802FB03F30C4A12682B
:10AAF00013441A460A4B1A60FB68BA6802FB03F358
:10AB0000084A126813441A46064B1A60B968F86876
:10AB1000FFF74BFD034618461037BD4680BD00BF0A
:10AB200094D1002498D100242DE9B04386B000AF21
:10AB3000C7E902017A6000237B61D7E9020120A303
:10AB4000D3E90023F5F734FC02460B467968C1E9E6
:10AB50000023D7E902011AA3D3E90023F5F728FC63
:10AB60007B689A607B689B68002B20DA7B689B6817
:10AB7000114A82FB03121217DB17D31A01337B61D0
:10AB80007B68D3E900237969C8170C460546B2EB08
:10AB9000040863EB05097B68C3E900897B689A6850
:10ABA0007B69064901FB03F31A447B689A6000BF86
:10ABB0001837BD46BDE8B083A12FB84400CA9A3B00
:10ABC00000CA9A3B000000002DE9B04F8EB000AFE4
:10ABD0007862396207F128020023136053604FF056
:10ABE00000024FF00003C7E90C2307F128031846C1
:10ABF00001F0B0FDBB6ADA17BB61FA614FF00002E9
:10AC00004FF00003B9690B000022C7E90C23FB6A6F
:10AC100000221C461546D7E90C231119B9606B4177
:10AC2000FB60D7E90234C7E90C34D7E90C010246CE
:10AC30000B464FF000044FF000055D0145EAD26578
:10AC4000540122462B46B2EB000863EB01094FF09A
:10AC500000024FF000034FEA492343EAD8534FEA7A
:10AC600048229046994618EB000A49EB010B4FF039
:10AC700000024FF000034FEA8B1343EA9A634FEA56
:10AC80008A12B2EB0A043C6063EB0B037B60D7E9EA
:10AC9000004523461B183B612B4641EB03037B61B8
:10ACA0003A6AD7E90401FFF73FFF00231846383717
:10ACB000BD46BDE8B08F80B483B000AF78607B68DC
:10ACC000002B01D1002300E0012318460C37BD46BC
:10ACD0005DF8047B704780B483B000AF78607B6818
:10ACE000002B0C37BD465DF8047B704780B582B001
:10ACF00000AF78600B46FB707868FFF7DCFF00BFA1
:10AD00000837BD4680BD80B582B000AF78607868F6
:10AD1000FFF7E1FF00BF0837BD4680BD80B400AF3C
:10AD2000064B1B68002B03D1054B1B68034A1360BD
:10AD3000024B1846BD465DF8047B70475400002462
:10AD40007800002480B483B000AF03463960FB80F4
:10AD5000B7F90630002B0ADB3B68DAB20C49B7F9C9
:10AD600006301201D2B20B4483F800230AE03B689C
:10AD7000DAB20849FB8803F00F03043B1201D2B298
:10AD80000B441A7600BF0C37BD465DF8047B704754
:10AD900000E100E000ED00E080B500AF054B1B686E
:10ADA00001F062FE0346012B01D002F05DFC00BF02
:10ADB00080BD00BF10E000E080B500AF00216FF063
:10ADC0000400FFF7BFFF00BF80BD000080B483B068
:10ADD00000AFEFF305833B603B68002B03D06FF0BF
:10ADE00005037B600CE00A4B1B68002B05D1084B68
:10ADF00001221A6000237B6002E04FF0FF337B608A
:10AE00007B6818460C37BD465DF8047B704700BF71
:10AE10009CD1002480B582B000AFEFF305833B6086
:10AE20003B68002B03D06FF005037B6010E00B4BF9
:10AE30001B68012B09D1FFF7BFFF084B02221A60E4
:10AE400001F086F900237B6002E04FF0FF337B6066
:10AE50007B6818460837BD4680BD00BF9CD10024E2
:10AE600080B58EB004AFF860B9607A6000233B61B2
:10AE7000EFF305837B617B69002B7ED1FB68002BA0
:10AE80007BD080233B621823FB6100237B624FF061
:10AE9000FF33BB617B68002B45D07B681B68002BB0
:10AEA00002D07B681B687B627B689B69002B02D0A9
:10AEB0007B689B69FB61FB69002B08D0FB69382B21
:10AEC00005D87B685B6803F00103002B01D00023E9
:10AED00054E07B685B69002B03D07B685B699B084F
:10AEE0003B627B689B68002B0ED07B68DB68A72BDE
:10AEF0000AD97B681B69002B06D07B685B69002B35
:10AF000002D00123BB6110E07B689B68002B0CD151
:10AF10007B68DB68002B08D17B681B69002B04D1A0
:10AF20000023BB6101E00023BB61BB69012B10D191
:10AF30007B681B697A68926802920193FB690093AF
:10AF4000BB683A6A796AF86800F01AFE03463B610A
:10AF500013E0BB69002B10D13B6A9AB207F11003D2
:10AF60000193FB690093BB68796AF86800F068FE9A
:10AF70000346012B01D000233B613B69184628376B
:10AF8000BD4680BD80B584B000AF7860EFF3058327
:10AF9000BB60BB68002B03D06FF00503FB6007E0CC
:10AFA0000023FB607B68002B02D0786801F09AF8E0
:10AFB000FB6818461037BD4680BD000080B485B0E0
:10AFC00000AFF860B9607A60FB68074A1A60BB6836
:10AFD000064A1A607B6880221A6000BF1437BD469B
:10AFE0005DF8047B704700BFA0D1002448D2002444
:10AFF00080B485B000AFF860B9607A60FB68074A3A
:10B000001A60BB68064A1A607B684FF480721A6047
:10B0100000BF1437BD465DF8047B704748D4002458
:10B02000F0D4002480B483B000AF78607B6803F173
:10B0300008027B685A607B684FF0FF329A607B6839
:10B0400003F108027B68DA607B6803F108027B6821
:10B050001A617B6800221A6000BF0C37BD465DF89C
:10B06000047B704780B483B000AF78607B680022B7
:10B070001A6100BF0C37BD465DF8047B704780B491
:10B0800085B000AF786039607B685B68FB603B68C7
:10B09000FA685A60FB689A683B689A60FB689B682C
:10B0A0003A685A60FB683A689A603B687A681A6145
:10B0B0007B681B685A1C7B681A6000BF1437BD464A
:10B0C0005DF8047B704780B485B000AF786039606C
:10B0D0003B681B68BB60BB68B3F1FF3F03D17B6873
:10B0E0001B69FB600CE07B680833FB6002E0FB68D7
:10B0F0005B68FB60FB685B681B68BA689A42F6D2C3
:10B10000FB685A683B685A603B685B683A689A60BB
:10B110003B68FA689A60FB683A685A603B687A68EC
:10B120001A617B681B685A1C7B681A6000BF143761
:10B13000BD465DF8047B704780B485B000AF786091
:10B140007B681B69FB607B685B687A6892689A60C1
:10B150007B689B687A6852685A60FB685B687A68AB
:10B160009A4203D17B689A68FB685A607B68002228
:10B170001A61FB681B685A1EFB681A60FB681B6833
:10B1800018461437BD465DF8047B704780B584B01F
:10B1900000AF786039607B68FB60FB68002B0BD1E7
:10B1A0004FF0500383F31188BFF36F8FBFF34F8FBE
:10B1B000BB6000BF00BFFDE702F0C6F9FB681A687C
:10B1C000FB68DB6BF968096C01FB03F31A44FB684D
:10B1D0009A60FB6800229A63FB681A68FB685A60F1
:10B1E000FB681A68FB68DB6B013BF968096C01FBC3
:10B1F00003F31A44FB68DA60FB68FF2283F84420FB
:10B20000FB68FF2283F845203B68002B14D1FB68C4
:10B210001B69002B1AD0FB681033184601F036FA70
:10B220000346002B12D00D4B4FF080521A60BFF333
:10B230004F8FBFF36F8F09E0FB6810331846FFF79D
:10B24000F1FEFB6824331846FFF7ECFE02F0AEF97E
:10B25000012318461037BD4680BD00BF04ED00E055
:10B2600080B58EB002AFF860B9607A603B60FB6871
:10B27000002B0BD14FF0500383F31188BFF36F8F76
:10B28000BFF34F8FBB6200BF00BFFDE73B68002BE1
:10B290000BD14FF0500383F31188BFF36F8FBFF3CF
:10B2A0004F8F7B6200BF00BFFDE77B68002B02D0A1
:10B2B000BB68002B01D0012300E00023002B0BD141
:10B2C0004FF0500383F31188BFF36F8FBFF34F8F9D
:10B2D0003B6200BF00BFFDE77B68002B02D1BB686B
:10B2E000002B01D1012300E00023002B0BD14FF0F4
:10B2F000500383F31188BFF36F8FBFF34F8FFB6150
:10B3000000BF00BFFDE750237B617B69502B0BD052
:10B310004FF0500383F31188BFF36F8FBFF34F8F4C
:10B32000BB6100BF00BFFDE77B693B68FB62FB6A56
:10B33000002B0DD0FB6A012283F8462097F83820B5
:10B34000FB6A009313467A68B968F86800F005F85C
:10B35000FB6A18463037BD4680BD80B584B000AF6B
:10B36000F860B9607A60FB70BB68002B03D1BB69E1
:10B37000BA691A6002E0BB697A681A60BB69FA6848
:10B38000DA63BB69BA681A640121B869FFF7FEFE87
:10B39000BB69FA7883F84C2000BF1037BD4680BDEA
:10B3A00080B58EB000AFF860B9607A603B60002372
:10B3B0007B63FB683B633B6B002B0BD14FF050036F
:10B3C00083F31188BFF36F8FBFF34F8FBB6200BF52
:10B3D00000BFFDE7BB68002B03D13B6B1B6C002B50
:10B3E00001D1012300E00023002B0BD14FF05003CB
:10B3F00083F31188BFF36F8FBFF34F8F7B6200BF62
:10B4000000BFFDE73B68022B03D13B6BDB6B012BDD
:10B4100001D1012300E00023002B0BD14FF050039A
:10B4200083F31188BFF36F8FBFF34F8F3B6200BF71
:10B4300000BFFDE701F018FB0346002B02D17B683B
:10B44000002B01D1012300E00023002B0BD14FF092
:10B45000500383F31188BFF36F8FBFF34F8FFB61EE
:10B4600000BF00BFFDE702F06FF83B6B9A6B3B6BD0
:10B47000DB6B9A4202D33B68022B29D13A68B96848
:10B48000386B00F00FFAF8623B6B5B6A002B10D050
:10B490003B6B2433184601F0F9F80346002B13D018
:10B4A0003F4B4FF080521A60BFF34F8FBFF36F8F47
:10B4B0000AE0FB6A002B07D0394B4FF080521A602C
:10B4C000BFF34F8FBFF36F8F02F070F8012363E07B
:10B4D0007B68002B03D102F069F800235CE07B6BF2
:10B4E000002B06D107F11403184601F05BF9012384
:10B4F0007B6302F05BF800F09BFE02F025F83B6BEB
:10B5000093F844305BB2B3F1FF3F03D13B6B0022B1
:10B5100083F844203B6B93F845305BB2B3F1FF3FB7
:10B5200003D13B6B002283F8452002F03FF83A1D1F
:10B5300007F114031146184601F04AF90346002B9F
:10B5400024D1386B00F0A6FA0346002B18D03B6BD1
:10B5500010337A681146184601F046F8386B00F04F
:10B5600031FA00F073FE0346002B7FF47CAF0C4BE6
:10B570004FF080521A60BFF34F8FBFF36F8F72E7A7
:10B58000386B00F01FFA00F061FE6CE7386B00F0DA
:10B5900019FA00F05BFE002318463837BD4680BD1F
:10B5A00004ED00E080B590B000AFF860B9607A605B
:10B5B0003B60FB68BB63BB6B002B0BD14FF05003B0
:10B5C00083F31188BFF36F8FBFF34F8FBB6200BF50
:10B5D00000BFFDE7BB68002B03D1BB6B1B6C002BCE
:10B5E00001D1012300E00023002B0BD14FF05003C9
:10B5F00083F31188BFF36F8FBFF34F8F7B6200BF60
:10B6000000BFFDE73B68022B03D1BB6BDB6B012B5B
:10B6100001D1012300E00023002B0BD14FF0500398
:10B6200083F31188BFF36F8FBFF34F8F3B6200BF6F
:10B6300000BFFDE702F068F8EFF311824FF050030E
:10B6400083F31188BFF36F8FBFF34F8FFA61BB6134
:10B65000FB697B63BB6B9A6BBB6BDB6B9A4202D360
:10B660003B68022B2FD1BB6B93F8453087F8333002
:10B67000BB6B9B6BFB623A68B968B86B00F012F960
:10B6800097F93330B3F1FF3F12D1BB6B5B6A002BEC
:10B6900016D0BB6B2433184600F0F8FF0346002B8E
:10B6A0000ED07B68002B0BD07B6801221A6007E06C
:10B6B00097F833300133DBB25AB2BB6B83F84520C5
:10B6C0000123FB6301E00023FB637B6B7B617B69F0
:10B6D00083F3118800BFFB6B18464037BD4680BD21
:10B6E00080B58CB000AFF860B9607A600023FB626F
:10B6F000FB68BB62BB6A002B0BD14FF0500383F396
:10B700001188BFF36F8FBFF34F8F3B6200BF00BF45
:10B71000FDE7BB68002B03D1BB6A1B6C002B01D17A
:10B72000012300E00023002B0BD14FF0500383F3E3
:10B730001188BFF36F8FBFF34F8FFB6100BF00BF56
:10B74000FDE701F091F90346002B02D17B68002B45
:10B7500001D1012300E00023002B0BD14FF0500357
:10B7600083F31188BFF36F8FBFF34F8FBB6100BFAF
:10B7700000BFFDE701F0E8FEBB6A9B6B7B627B6A62
:10B78000002B1FD0B968B86A00F0F6F87B6A5A1E21
:10B79000BB6A9A63BB6A1B69002B0FD0BB6A10336C
:10B7A000184600F073FF0346002B07D03C4B4FF0C8
:10B7B00080521A60BFF34F8FBFF36F8F01F0F6FE18
:10B7C000012369E07B68002B03D101F0EFFE002329
:10B7D00062E0FB6A002B06D107F11003184600F067
:10B7E000E1FF0123FB6201F0E1FE00F021FD01F029
:10B7F000ABFEBB6A93F844305BB2B3F1FF3F03D1B9
:10B80000BB6A002283F84420BB6A93F845305BB2E0
:10B81000B3F1FF3F03D1BB6A002283F8452001F05A
:10B82000C5FE3A1D07F110031146184600F0D0FF7F
:10B830000346002B23D1B86A00F016F90346002B0B
:10B8400017D0BB6A24337A681146184600F0CCFE44
:10B85000B86A00F0B7F800F0F9FC0346002B89D174
:10B860000F4B4FF080521A60BFF34F8FBFF36F8FB3
:10B8700080E7B86A00F0A6F800F0E8FC7AE7B86A5A
:10B8800000F0A0F800F0E2FCB86A00F0EDF8034622
:10B89000002B3FF46FAF002318463037BD4680BD04
:10B8A00004ED00E080B586B000AFF860B9607A6062
:10B8B00000237B61FB689B6B3B61FB681B6C002B6F
:10B8C0000DD1FB681B68002B4DD1FB689B681846A7
:10B8D00001F0E8F87861FB6800229A6043E07B6839
:10B8E000002B19D1FB685868FB681B6C1A46B968B5
:10B8F0000FF08FFCFB685A68FB681B6C1A44FB68EE
:10B900005A60FB685A68FB689B689A422BD3FB68B5
:10B910001A68FB685A6026E0FB68D868FB681B6CF5
:10B920001A46B9680FF075FCFB68DA68FB681B6C97
:10B930005B421A44FB68DA60FB68DA68FB681B68E4
:10B940009A4207D2FB689A68FB681B6C5B421A44F8
:10B95000FB68DA607B68022B05D13B69002B02D0C3
:10B960003B69013B3B613B695A1CFB689A637B69FD
:10B9700018461837BD4680BD80B582B000AF7860EC
:10B9800039607B681B6C002B18D07B68DA687B6899
:10B990001B6C1A447B68DA607B68DA687B689B689A
:10B9A0009A4203D37B681A687B68DA607B68D9683F
:10B9B0007B681B6C1A4638680FF02BFC00BF0837F9
:10B9C000BD4680BD80B584B000AF786001F0BCFD9D
:10B9D0007B6893F84530FB7311E07B685B6A002B52
:10B9E00012D07B682433184600F050FE0346002B2B
:10B9F00001D000F051FFFB7B013BDBB2FB7397F9F9
:10BA00000F30002BE9DC00E000BF7B68FF2283F8E9
:10BA1000452001F0CBFD01F097FD7B6893F84430A1
:10BA2000BB7311E07B681B69002B12D07B6810335D
:10BA3000184600F02BFE0346002B01D000F02CFF2F
:10BA4000BB7B013BDBB2BB7397F90E30002BE9DC0B
:10BA500000E000BF7B68FF2283F8442001F0A6FDD0
:10BA600000BF1037BD4680BD80B584B000AF7860A0
:10BA700001F06AFD7B689B6B002B02D10123FB6008
:10BA800001E00023FB6001F091FDFB6818461037D0
:10BA9000BD4680BD80B584B000AF786001F054FD34
:10BAA0007B689A6B7B68DB6B9A4202D10123FB6057
:10BAB00001E00023FB6001F079FDFB6818461037B8
:10BAC000BD4680BD80B485B000AF7860396000238A
:10BAD000FB6014E00F4AFB6852F83330002B0BD1A7
:10BAE0000C49FB683A6841F833200A4AFB68DB00DE
:10BAF00013447A685A6006E0FB680133FB60FB6818
:10BB0000072BE7D900BF00BF1437BD465DF8047BA3
:10BB1000704700BFF0D8002480B586B000AFF86051
:10BB2000B9607A60FB687B6101F00EFD7B6993F878
:10BB300044305BB2B3F1FF3F03D17B69002283F84D
:10BB400044207B6993F845305BB2B3F1FF3F03D1EA
:10BB50007B69002283F8452001F028FD7B699B6BFF
:10BB6000002B06D17B6924337A68B968184600F047
:10BB700061FD7869FFF726FF00BF1837BD4680BD1D
:10BB800080B58EB004AFF860B9607A603B607B6BC3
:10BB9000002B0BD14FF0500383F31188BFF36F8F4D
:10BBA000BFF34F8F3B6200BF00BFFDE7BB6B002BB5
:10BBB0000BD14FF0500383F31188BFF36F8FBFF3A6
:10BBC0004F8FFB6100BF00BFFDE7A8233B613B69CE
:10BBD000A82B0BD04FF0500383F31188BFF36F8F66
:10BBE000BFF34F8FBB6100BF00BFFDE73B69BB6B7D
:10BBF000002B1ED07B6B002B1BD0BB6B7B627B6A48
:10BC00007A6B1A637B6A022283F8A52000230393D0
:10BC10007B6A029307F1140301933B6B00933B682B
:10BC20007A68B968F86800F051F8786A00F0F6F8B8
:10BC300001E000237B617B6918462837BD4680BD43
:10BC400080B58CB004AFF860B9603B601346FB80F0
:10BC5000FB889B00184601F099FD78617B69002BF9
:10BC60000ED0A82001F092FDF861FB69002B03D0F3
:10BC7000FB697A691A6305E0786901F055FE01E015
:10BC80000023FB61FB69002B17D0FB69002283F8BE
:10BC9000A520FA8800230393FB690293FB6A0193B2
:10BCA000BB6A00933B68B968F86800F00FF8F86960
:10BCB00000F0B4F80123BB6102E04FF0FF33BB6139
:10BCC000BB6918462037BD4680BD000080B588B0EE
:10BCD00000AFF860B9607A603B603B6B186B7B68C3
:10BCE0009B001A46A5210FF071F93B6B1A6B79681E
:10BCF0006FF040430B449B001344BB61BB6923F0CE
:10BD00000703BB61BB6903F00703002B0BD04FF0A7
:10BD1000500383F31188BFF36F8FBFF34F8F7B61A5
:10BD200000BF00BFFDE7BB68002B1FD00023FB61F5
:10BD300012E0BA68FB69134419783A6BFB69134443
:10BD400034330A461A70BA68FB6913441B78002B17
:10BD500006D0FB690133FB61FB690F2BE9D900E0D9
:10BD600000BF3B6B002283F8432003E03B6B0022C3
:10BD700083F83420BB6A372B01D93723BB623B6B76
:10BD8000BA6ADA623B6BBA6ADA643B6B00221A6504
:10BD90003B6B04331846FFF765F93B6B18331846C5
:10BDA000FFF760F93B6B3A6B1A61BB6AC3F138026B
:10BDB0003B6B9A613B6B3A6B5A623B6B0022C3F858
:10BDC000A0203B6B002283F8A4203B6B54334C2211
:10BDD000002118460FF0FAF83B6B0D4A9A653B6B51
:10BDE0000C4ADA653B6B0C4A1A663A68F968B8691E
:10BDF00001F076FA02463B6B1A60FB6A002B02D018
:10BE0000FB6A3A6B1A6000BF2037BD4680BD00BF99
:10BE100080FB0124E8FB012450FC012480B582B0A2
:10BE200000AF786001F090FB2D4B1B6801332C4A6A
:10BE300013602C4B1B68002B09D12A4A7B681360C6
:10BE4000274B1B68012B10D100F04AFD0DE0264B5B
:10BE50001B68002B09D1234B1B68DA6A7B68DB6AFD
:10BE60009A4202D81F4A7B681360204B1B6801333B
:10BE70001E4A13601D4B1A687B685A647B68DA6A35
:10BE80001B4B1B689A4203D97B68DB6A184A136014
:10BE90007B68DA6A13469B0013449B00154A1A44D8
:10BEA0007B68043319461046FFF7E9F801F07EFB82
:10BEB0000D4B1B68002B0ED00A4B1B68DA6A7B689F
:10BEC000DB6A9A4207D20C4B4FF080521A60BFF3E4
:10BED0004F8FBFF36F8F00BF0837BD4680BD00BFD7
:10BEE00004DE002430D9002410DE002420DE0024EB
:10BEF0000CDE002434D9002404ED00E080B584B0C9
:10BF000000AF786001F020FB7B68002B02D12D4B45
:10BF10001B6800E07B68FB60FB6804331846FFF792
:10BF20000BF9FB689B6A002B04D0FB68183318469A
:10BF3000FFF702F9244B1B680133234A1360214B9E
:10BF40001B68FA689A420BD1FB68043319461F48F4
:10BF5000FFF795F81E4B1B6801331D4A136009E07B
:10BF60001C4B1B68013B1B4A1360F86800F026FD60
:10BF700000F05AFD01F01AFB174B1B68002B1CD078
:10BF8000104B1B68FA689A4217D1144B1B68002BA0
:10BF90000BD04FF0500383F31188BFF36F8FBFF3C3
:10BFA0004F8FBB6000BF00BFFDE70D4B4FF08052CD
:10BFB0001A60BFF34F8FBFF36F8F00BF1037BD46BE
:10BFC00080BD00BF30D9002420DE0024D8DD00244D
:10BFD000ECDD002404DE002410DE00242CDE00242E
:10BFE00004ED00E080B58AB000AF786039600023CE
:10BFF0007B627B68002B0BD14FF0500383F31188D9
:10C00000BFF36F8FBFF34F8F7B6100BF00BFFDE7B2
:10C010003B68002B0BD14FF0500383F31188BFF323
:10C020006F8FBFF34F8F3B6100BF00BFFDE72A4B0F
:10C030001B68002B0BD04FF0500383F31188BFF324
:10C040006F8FBFF34F8FFB6000BF00BFFDE700F0B5
:10C05000EFF8224B1B683B627B681B683A6813440D
:10C06000FB617B681B683A6A9A420BD27B681B684B
:10C07000FA699A4211D2FA693B6A9A420DD90123B0
:10C080007B620AE07B681B68FA699A4203D3FA690B
:10C090003B6A9A4201D901237B627B68FA691A6084
:10C0A0007B6A002B06D0FA693B6AD31A0021184636
:10C0B00000F068FD00F0CAF8B861BB69002B07D139
:10C0C000074B4FF080521A60BFF34F8FBFF36F8F53
:10C0D00000BF2837BD4680BD2CDE002408DE0024CA
:10C0E00004ED00E080B584B000AF78600023FB6011
:10C0F0007B68002B18D0144B1B68002B0BD04FF023
:10C10000500383F31188BFF36F8FBFF34F8FBB6072
:10C1100000BF00BFFDE700F08BF80021786800F059
:10C1200031FD00F093F8F860FB68002B07D1074B56
:10C130004FF080521A60BFF34F8FBFF36F8F00BF75
:10C140001037BD4680BD00BF2CDE002404ED00E0AA
:10C1500080B58AB004AF0023BB6000237B603A4601
:10C16000391D07F108031846FEF728FF39687B6878
:10C17000BA68029201930023009300230A462449DF
:10C180002448FFF7FDFC0346234A1360224B1B683B
:10C19000002B02D001237B6101E000237B617B69DE
:10C1A000012B02D100F042FD78617B69012B1BD18C
:10C1B0004FF0500383F31188BFF36F8FBFF34F8F9E
:10C1C0003B6100BF154B1B685433154A1360154B78
:10C1D0004FF0FF321A60144B01221A60134B0022F9
:10C1E0001A6001F00DF90FE07B69B3F1FF3F0BD14D
:10C1F0004FF0500383F31188BFF36F8FBFF34F8F5E
:10C20000FB6000BF00BFFDE700BF1837BD4680BD23
:10C2100068CF0108B1C8000828DE002430D9002406
:10C22000C800002424DE002410DE002408DE0024E0
:10C2300080B400AF044B1B680133034A136000BF96
:10C24000BD465DF8047B70472CDE002480B584B0C9
:10C2500000AF0023FB600023BB60424B1B68002B38
:10C260000BD14FF0500383F31188BFF36F8FBFF3EF
:10C270004F8F3B6000BF00BFFDE701F065F9394B10
:10C280001B68013B374A1360364B1B68002B62D199
:10C29000354B1B68002B5ED02FE0344BDB68DB682E
:10C2A000FB60FB6818331846FEF746FFFB68043353
:10C2B0001846FEF741FFFB68DA6A2D4B1B689A426D
:10C2C00003D9FB68DB6A2A4A1360FB68DA6A134603
:10C2D0009B0013449B00274A1A44FB680433194609
:10C2E0001046FEF7CCFEFB68DA6A234B1B68DB6A5C
:10C2F0009A4202D3214B01221A601C4B1B68002B6F
:10C30000CBD1FB68002B01D000F08EFB1C4B1B68CF
:10C310007B607B68002B10D000F046F80346002BB2
:10C3200002D0164B01221A607B68013B7B607B6860
:10C33000002BF1D1124B00221A60104B1B68002B0E
:10C3400009D00123BB600F4B4FF080521A60BFF33E
:10C350004F8FBFF36F8F01F029F9BB681846103774
:10C36000BD4680BD2CDE002404DE0024C4DD002494
:10C370000CDE002434D9002430D9002418DE002437
:10C3800014DE002404ED00E080B483B000AF054B60
:10C390001B687B607B6818460C37BD465DF8047BE4
:10C3A000704700BF08DE002480B586B000AF0023D0
:10C3B0007B614F4B1B68002B40F090804D4B1B68FE
:10C3C00001333B614B4A3B6913603B69002B21D130
:10C3D000494B1B681B68002B0BD04FF0500383F3B5
:10C3E0001188BFF36F8FBFF34F8F3B6000BF00BF5B
:10C3F000FDE7414B1B68FB60404B1B683E4A1360E6
:10C400003E4AFB6813603E4B1B6801333C4A136095
:10C4100000F00AFB3B4B1B683A699A4249D3364B02
:10C420001B681B68002B04D1364B4FF0FF321A609B
:10C430003FE0314B1B68DB68DB68BB60BB685B6857
:10C440007B603A697B689A4203D22E4A7B6813600C
:10C450002FE0BB6804331846FEF76EFEBB689B6A8C
:10C46000002B04D0BB6818331846FEF765FEBB6886
:10C47000DA6A254B1B689A4203D9BB68DB6A224AF9
:10C480001360BB68DA6A13469B0013449B001F4A83
:10C490001A44BB68043319461046FEF7F0FDBB682A
:10C4A000DA6A1B4B1B68DB6A9A42B8D301237B61B3
:10C4B000B5E7174B1B68DA6A144913469B0013440F
:10C4C0009B000B441B68012B01D901237B61114B9D
:10C4D0001B68002B07D001237B6104E00E4B1B6817
:10C4E00001330D4A13607B6918461837BD4680BD7D
:10C4F0002CDE002408DE0024BCDD0024C0DD002486
:10C500001CDE002424DE00240CDE002434D90024A8
:10C5100030D9002418DE002414DE002480B485B055
:10C5200000AF2B4B1B68002B03D02A4B01221A6053
:10C5300047E0284B00221A60274B1B68FB6011E084
:10C54000FB68002B0BD14FF0500383F31188BFF32E
:10C550006F8FBFF34F8F7B6000BF00BFFDE7FB68AD
:10C56000013BFB601D49FA6813469B0013449B0086
:10C570000B441B68002BE3D0FA6813469B0013445E
:10C580009B00164A1344BB60BB685B685A68BB6873
:10C590005A60BB685A68BB6808339A4204D1BB68CA
:10C5A0005B685A68BB685A60BB685B68DB680C4AAA
:10C5B0001360094AFB681360094B1B685433094A2E
:10C5C000136000BF1437BD465DF8047B704700BFA1
:10C5D0002CDE002418DE00240CDE002434D90024D4
:10C5E00030D90024C800002480B584B000AF786042
:10C5F00039607B68002B0BD14FF0500383F3118817
:10C60000BFF36F8FBFF34F8FFB6000BF00BFFDE72D
:10C61000074B1B68183319467868FEF754FD012153
:10C62000386800F0AFFA00BF1037BD4680BD00BFCC
:10C6300030D9002480B586B000AFF860B9607A6068
:10C64000FB68002B0BD14FF0500383F31188BFF32D
:10C650006F8FBFF34F8F7B6100BF00BFFDE70A4BB9
:10C660001B6818331946F868FEF709FD7B68002B34
:10C6700002D04FF0FF33BB607968B86800F082FAEF
:10C6800000BF1837BD4680BD30D9002480B586B0C4
:10C6900000AF78607B68DB68DB683B613B69002B3F
:10C6A0000BD14FF0500383F31188BFF36F8FBFF3AB
:10C6B0004F8FFB6000BF00BFFDE73B691833184692
:10C6C000FEF73AFD1D4B1B68002B1DD13B6904335F
:10C6D0001846FEF731FD3B69DA6A194B1B689A422E
:10C6E00003D93B69DB6A164A13603B69DA6A134671
:10C6F0009B0013449B00134A1A443B6904331946B8
:10C700001046FEF7BCFC05E03B69183319460E489D
:10C71000FEF7B5FC3B69DA6A0C4B1B68DB6A9A4290
:10C7200005D901237B610A4B01221A6001E0002335
:10C730007B617B6918461837BD4680BD2CDE00241E
:10C740000CDE002434D90024C4DD002430D90024B8
:10C7500018DE002480B584B000AF78607B68002BC1
:10C760000BD14FF0500383F31188BFF36F8FBFF3EA
:10C770004F8FFB6000BF00BFFDE700F0E5FE074BF9
:10C780001A687B681A60064B1A687B685A6000F06A
:10C790000DFF00BF1037BD4680BD00BF1CDE00246A
:10C7A00008DE002480B483B000AF7860064B1A68BE
:10C7B0007B681A60054B1A687B685A6000BF0C37AB
:10C7C000BD465DF8047B70471CDE002408DE0024B3
:10C7D00080B588B000AF786039607B68002B0BD1E2
:10C7E0004FF0500383F31188BFF36F8FBFF34F8F68
:10C7F0003B6100BF00BFFDE73B68002B0BD14FF052
:10C80000500383F31188BFF36F8FBFF34F8FFB602B
:10C8100000BF00BFFDE700F097FE1D4B1B68BB612A
:10C820007B685B68BA69D31A7B613B681B68B3F1AC
:10C83000FF3F02D10023FB6123E07B681A68154BA0
:10C840001B689A4207D07B685B68BA699A4202D338
:10C850000123FB6115E03B681B687A699A420BD2A1
:10C860003B681A687B69D21A3B681A607868FFF7E0
:10C8700099FF0023FB6104E03B6800221A6001235A
:10C88000FB6100F093FEFB6918462037BD4680BD72
:10C8900008DE00241CDE002480B400AF034B01221C
:10C8A0001A6000BFBD465DF8047B704718DE0024A7
:10C8B00080B582B000AF786000F052F8064B1B687C
:10C8C000012BF9D9054B4FF080521A60BFF34F8FFF
:10C8D000BFF36F8FF0E700BF34D9002404ED00E010
:10C8E00080B582B000AF00237B600CE07A6813460D
:10C8F0009B0013449B00124A13441846FEF792FB18
:10C900007B6801337B607B68372BEFD90D48FEF7DE
:10C9100089FB0D48FEF786FB0C48FEF783FB0C48AD
:10C92000FEF780FB0B48FEF77DFB0B4B054A1A60B8
:10C930000A4B054A1A6000BF0837BD4680BD00BFDC
:10C9400034D9002494DD0024A8DD0024C4DD0024B3
:10C95000D8DD0024F0DD0024BCDD0024C0DD00248F
:10C9600080B582B000AF19E000F0EEFD104BDB683F
:10C97000DB687B607B6804331846FEF7DDFB0D4BFC
:10C980001B68013B0B4A13600B4B1B68013B0A4AB7
:10C99000136000F00BFE786800F010F8064B1B687F
:10C9A000002BE1D100BF00BF0837BD4680BD00BFEE
:10C9B000D8DD002404DE0024ECDD002480B584B042
:10C9C00000AF78607B68543318460EF051FB7B68EB
:10C9D00093F8A530002B08D17B681B6B184600F03C
:10C9E000A3FF786800F0A0FF19E07B6893F8A530FA
:10C9F000012B03D1786800F097FF10E07B6893F873
:10CA0000A530022B0BD04FF0500383F31188BFF3F6
:10CA10006F8FBFF34F8FFB6000BF00BFFDE700BF0C
:10CA20001037BD4680BD000080B483B000AF0C4B12
:10CA30001B681B68002B04D10A4B4FF0FF321A60B1
:10CA400008E0074B1B68DB68DB687B607B685B6822
:10CA5000044A136000BF0C37BD465DF8047B704785
:10CA6000BCDD002424DE002480B483B000AF0B4B77
:10CA70001B68002B02D101237B6008E0084B1B6878
:10CA8000002B02D102237B6001E000237B607B68E6
:10CA900018460C37BD465DF8047B704710DE002455
:10CAA0002CDE002480B586B000AF78607B683B61E7
:10CAB00000237B617B68002B58D02F4B1B683A69A1
:10CAC0009A420BD04FF0500383F31188BFF36F8F5E
:10CAD000BFF34F8FFB6000BF00BFFDE73B691B6DDD
:10CAE000002B0BD14FF0500383F31188BFF36F8FEE
:10CAF000BFF34F8FBB6000BF00BFFDE73B691B6DFD
:10CB00005A1E3B691A653B69DA6A3B69DB6C9A42DB
:10CB10002CD03B691B6D002B28D13B690433184690
:10CB2000FEF70AFB3B69DA6C3B69DA623B69DB6A58
:10CB3000C3F138023B699A613B69DA6A0F4B1B68A3
:10CB40009A4203D93B69DB6A0C4A13603B69DA6A93
:10CB500013469B0013449B00094A1A443B69043363
:10CB600019461046FEF78BFA01237B617B69184654
:10CB70001837BD4680BD00BF30D900240CDE00242C
:10CB800034D9002480B584B000AF78603960214B7F
:10CB90001B68FB60204B1B6804331846FEF7CCFA79
:10CBA0007B68B3F1FF3F0AD13B68002B07D01A4BDB
:10CBB0001B68043319461948FEF761FA26E0FA6843
:10CBC0007B681344BB60144B1B68BA685A60BA6830
:10CBD000FB689A4209D2124B1A680F4B1B68043348
:10CBE00019461046FEF76FFA10E00E4B1A680A4B12
:10CBF0001B68043319461046FEF765FA0A4B1B689A
:10CC0000BA689A4202D2084ABB68136000BF103764
:10CC1000BD4680BD08DE002430D90024F0DD0024AC
:10CC2000C0DD0024BCDD002424DE002480B58AB0F1
:10CC300004AF00237B6100F013FB1D4B1B68002B2E
:10CC400021D00023FB600023BB603A1D07F10801DF
:10CC500007F10C031846FEF7CBF97968BB68FA6850
:10CC6000029201930223009300230A4611491248BD
:10CC7000FEF786FF0346114A1360104B1B68002B1A
:10CC800001D001237B617B69002B0BD14FF0500356
:10CC900083F31188BFF36F8FBFF34F8F3B6100BFEA
:10CCA00000BFFDE77B6918461837BD4680BD00BF51
:10CCB00060DE002470CF0108F9CD000864DE002496
:10CCC00080B58AB000AFF860B9607A603B6000233D
:10CCD0007B62FB68002B0BD14FF0500383F311886C
:10CCE000BFF36F8FBFF34F8F3B6200BF00BFFDE705
:10CCF000194B1B68002B2AD0BB683B617B687B61AA
:10CD0000FB68BB61BB68052B18DCFFF7ADFE034673
:10CD1000022B09D1104B186807F1100100233A6B60
:10CD2000FEF73EFB786212E00B4B186807F110012A
:10CD300000230022FEF734FB786208E0064B1868F7
:10CD400007F1100100233A68FEF72CFC78627B6A39
:10CD500018462837BD4680BD60DE002480B588B007
:10CD600002AF78603960234B1B68DB68DB687B614E
:10CD70007B6904331846FEF7DFF97B6993F82830A6
:10CD800003F00403002B23D07B699A697B68D118D8
:10CD90007B683A68786900F0D5F80346002B20D00C
:10CDA0000023009300237A6800217869FFF788FF49
:10CDB00038613B69002B14D14FF0500383F3118885
:10CDC000BFF36F8FBFF34F8FFB6000BF00BFFDE766
:10CDD0007B6993F8283023F00103DAB27B6983F88A
:10CDE00028207B691B6A7869984700BF1837BD46C1
:10CDF00080BD00BF58DE002480B584B000AF7860ED
:10CE000007F10803184600F059F8F860BB681946A6
:10CE1000F86800F005F800F0D7F800BFF0E7000070
:10CE200080B584B000AF78603960FFF701FA07F190
:10CE30000803184600F066F8F860BB68002B30D194
:10CE40003B68002B0AD17A68FB689A4206D8FFF744
:10CE5000FDF9F9687868FFF781FF24E03B68002B53
:10CE600008D0134B1B681B68002B01D1012300E085
:10CE700000233B600F4B18687A68FB68D31A3A6846
:10CE80001946FEF749FEFFF7E1F90346002B0AD1E8
:10CE9000094B4FF080521A60BFF34F8FBFF36F8F73
:10CEA00001E0FFF7D3F900BF1037BD4680BD00BFDA
:10CEB0005CDE002460DE002404ED00E080B485B078
:10CEC00000AF78600E4B1B681B68002B01D101225C
:10CED00000E000227B681A607B681B68002B05D18C
:10CEE000074B1B68DB681B68FB6001E00023FB60ED
:10CEF000FB6818461437BD465DF8047B704700BFD9
:10CF000058DE002480B584B000AF7860FFF73CFAAB
:10CF1000F8600B4B1B68FA689A4205D200F03AF9A8
:10CF20007B6801221A6002E07B6800221A60044AD2
:10CF3000FB681360FB6818461037BD4680BD00BF14
:10CF400068DE002480B586B000AFF860B9607A6012
:10CF50003B6000237B61FB68BA685A60FB68FA6833
:10CF60001A61BA687B689A4212D87A683B68D21A0A
:10CF7000FB689B699A4202D301237B611BE0104B43
:10CF80001A68FB68043319461046FEF79CF812E055
:10CF90007A683B689A4206D2BA683B689A4202D3E2
:10CFA00001237B6107E0074B1A68FB6804331946CD
:10CFB0001046FEF788F87B6918461837BD4680BDD5
:10CFC0005CDE002458DE002480B58EB002AFCEE0D7
:10CFD0007B68002B19DA3B1D0433FB62FB6A002BD4
:10CFE0000BD14FF0500383F31188BFF36F8FBFF362
:10CFF0004F8FFB6100BF00BFFDE7FB6A1B68FA6A49
:10D000005068FA6A9268114698477B68002BC0F214
:10D01000AE80FB68BB62BB6A5B69002B04D0BB6A55
:10D0200004331846FEF788F83B461846FFF76AFFB8
:10D0300078627B68092B00F2978001A252F823F0F6
:10D0400069D0000869D0000869D00008DFD0000866
:10D05000F3D000083FD1000869D0000869D000086B
:10D06000DFD00008F3D00008BB6A93F8283043F003
:10D070000103DAB2BB6A83F82820BA68BB6A9B69ED
:10D08000D118BB687A6AB86AFFF75CFF0346002BC9
:10D090006CD0BB6A1B6AB86A9847BB6A93F82830A1
:10D0A00003F00403002B61D0BA68BB6A9B691A4481
:10D0B0000023009300230021B86AFFF701FE3862C5
:10D0C0003B6A002B52D14FF0500383F31188BFF31A
:10D0D0006F8FBFF34F8FBB6100BF00BFFDE7BB6A1F
:10D0E00093F8283023F00103DAB2BB6A83F82820D2
:10D0F0003DE0BB6A93F8283043F00103DAB2BB6A23
:10D1000083F82820BA68BB6A9A61BB6A9B69002BC6
:10D110000BD14FF0500383F31188BFF36F8FBFF330
:10D120004F8F7B6100BF00BFFDE7BB6A9A697B6AD6
:10D13000D1187B6A7A6AB86AFFF704FF17E0BB6A06
:10D1400093F8283003F00203002B03D1B86A00F0F3
:10D15000EBFB0CE0BB6A93F8283023F00103DAB252
:10D16000BB6A83F8282002E000BF00E000BF084B44
:10D170001B68391D00221846FEF7B2FA0346002B41
:10D180007FF426AF00BF00BF3037BD4680BD00BF73
:10D1900060DE002480B588B002AF49E02E4B1B68EA
:10D1A000DB681B683B612C4B1B68DB68DB68FB6042
:10D1B000FB6804331846FDF7BFFFFB681B6AF8687D
:10D1C0009847FB6893F8283003F00403002B2FD016
:10D1D000FB689B693A691344BB60BA683B699A4231
:10D1E0000ED9FB68BA685A60FB68FA681A611A4B74
:10D1F0001A68FB68043319461046FDF764FF17E010
:10D200000023009300233A690021F868FFF758FDD6
:10D2100078607B68002B0BD14FF0500383F31188AB
:10D22000BFF36F8FBFF34F8F3B6000BF00BFFDE7C1
:10D23000094B1B681B68002BB0D1074B1B687B6137
:10D24000064B1B68044A1360044A7B69136000BFE5
:10D250001837BD4680BD00BF58DE00245CDE0024C8
:10D2600080B582B002AF00F06FF9154B1B68002B40
:10D2700020D11448FDF7D6FE1348FDF7D3FE134B1B
:10D28000104A1A60124B104A1A6000230093114B87
:10D29000114A10210A20FDF7E3FF0346084A1360F4
:10D2A000074B1B68002B05D0054B1B680B49184624
:10D2B000FEF708FC00F07AF900BFBD4680BD00BF54
:10D2C00060DE002430DE002444DE002458DE00242A
:10D2D0005CDE00240CDF00246CDE002478CF010823
:10D2E00080B485B000AFF860B9607A60FB68043B39
:10D2F000FB60FB684FF080721A60FB68043BFB60C8
:10D30000BB6823F00102FB681A60FB68043BFB600A
:10D310000C4AFB681A60FB68143BFB607A68FB6888
:10D320001A60FB68043BFB60FB686FF002021A6046
:10D33000FB68203BFB60FB6818461437BD465DF870
:10D34000047B704749D3000880B485B000AF002348
:10D350007B60134B1B68B3F1FF3F0BD04FF05003C2
:10D3600083F31188BFF36F8FBFF34F8FFB6000BF54
:10D3700000BFFDE74FF0500383F31188BFF36F8FB9
:10D38000BFF34F8FBB6000BF00BF7B68002BFCD09A
:10D3900000BF00BF1437BD465DF8047B704700BF77
:10D3A00060000024000000000000000000000000F9
:10D3B000074B19680868B0E8F04F80F30988BFF39D
:10D3C0006F8F4FF0000080F311887047AFF300803B
:10D3D00030D9002400BF00BF08480068006880F30F
:10D3E00008884FF0000080F3148862B661B6BFF37E
:10D3F0004F8FBFF36F8F00DF00BF00BF08ED00E06D
:10D4000080B586B000AF474B1B68474A93420BD1AB
:10D410004FF0500383F31188BFF36F8FBFF34F8F2B
:10D420003B6100BF00BFFDE73E4B1B683F4A934294
:10D430000BD14FF0500383F31188BFF36F8FBFF30D
:10D440004F8FFB6000BF00BFFDE7394B7B617B69FD
:10D450001B78DBB27B607B69FF221A707B691B78CB
:10D46000DBB2FB70FB78DBB203F05003DAB2314B76
:10D470001A70314B07221A6009E02F4B1B68013BE1
:10D480002D4A1360FB78DBB25B00DBB2FB70FB78EC
:10D49000DBB203F08003802BEFD0274B1B68C3F176
:10D4A0000703042B0BD04FF0500383F31188BFF315
:10D4B0006F8FBFF34F8FBB6000BF00BFFDE71E4BF8
:10D4C0001B681B021C4A13601B4B1B6803F4E063C0
:10D4D000194A13607B68DAB27B691A70174B1B68B4
:10D4E000164A43F470031360144B1B68134A43F04D
:10D4F0007043136000F0DAF8114B00221A6000F05C
:10D50000F9F8104B1B680F4A43F040431360FFF7D4
:10D5100063FFFFF703F8FFF717FF002318461837DC
:10D52000BD4680BD00ED00E071C20F4170C20F41E9
:10D5300000E400E05CDF002460DF002420ED00E078
:10D540006000002434EF00E080B483B000AF4FF0FF
:10D55000500383F31188BFF36F8FBFF34F8F7B604E
:10D5600000BF104B1B6801330E4A13600D4B1B6844
:10D57000012B10D10C4B1B68DBB2002B0BD04FF0F2
:10D58000500383F31188BFF36F8FBFF34F8F3B605E
:10D5900000BF00BFFDE700BF0C37BD465DF8047B50
:10D5A000704700BF6000002404ED00E080B483B049
:10D5B00000AF124B1B68002B0BD14FF0500383F3CD
:10D5C0001188BFF36F8FBFF34F8F7B6000BF00BF29
:10D5D000FDE70A4B1B68013B084A1360074B1B68B9
:10D5E000002B05D100233B603B6883F3118800BF0B
:10D5F00000BF0C37BD465DF8047B70476000002417
:10D60000EFF30980BFF36F8F154B1A681EF0100FF0
:10D6100008BF20ED108A20E9F04F10602DE90900C5
:10D620004FF0500080F31188BFF34F8FBFF36F8F1F
:10D63000FEF774FF4FF0000080F3118809BC1968F1
:10D640000868B0E8F04F1EF0100F08BFB0EC108A69
:10D6500080F30988BFF36F8F704700BFAFF300807E
:10D6600030D9002400BF00BF80B582B000AF4FF0BA
:10D67000500383F31188BFF36F8FBFF34F8F7B602D
:10D6800000BFFEF791FE0346002B03D0064B4FF080
:10D6900080521A6000233B603B6883F3118800BF0F
:10D6A00000BF0837BD4680BD04ED00E080B400AF88
:10D6B0000B4B00221A600B4B00221A600A4B1B68AE
:10D6C0000A4AA2FB03239B09094A013B1360044B4E
:10D6D00007221A6000BFBD465DF8047B704700BF9B
:10D6E00010E000E018E000E008000024D34D6210D4
:10D6F00014E000E0DFF80C00016841F47001016003
:10D70000704700BF88ED00E080B485B000AFEFF354
:10D710000583FB60FB680F2B15D9184AFB6813447F
:10D720001B78FB72164B1B78FA7A9A420BD24FF099
:10D73000500383F31188BFF36F8FBFF34F8F7B606C
:10D7400000BF00BFFDE70F4B1B6803F4E0620E4B08
:10D750001B689A420BD94FF0500383F31188BFF333
:10D760006F8FBFF34F8F3B6000BF00BFFDE700BF6F
:10D770001437BD465DF8047B704700BFF0E300E05E
:10D780005CDF00240CED00E060DF002480B58AB08F
:10D7900000AF78600023FB61FEF74AFD5C4B1B681D
:10D7A000002B01D100F024F95A4B1A687B68134012
:10D7B000002B40F095807B68002B1ED008227B68F0
:10D7C00013447B607B6803F00703002B15D07B6854
:10D7D00023F0070308337B607B6803F00703002B0B
:10D7E0000BD04FF0500383F31188BFF36F8FBFF35B
:10D7F0004F8F7B6100BF00BFFDE77B68002B6FD0C0
:10D80000454B1B687A689A426AD8444B3B62434B4B
:10D810001B687B6204E07B6A3B627B6A1B687B62FD
:10D820007B6A5B687A689A4203D97B6A1B68002B23
:10D83000F1D1374B1B687A6A9A4251D03B6A1B6818
:10D8400008221344FB617B6A1A683B6A1A607B6A90
:10D850005A687B68D21A08235B009A4220D97A6AF8
:10D860007B681344BB61BB6903F00703002B0BD03B
:10D870004FF0500383F31188BFF36F8FBFF34F8FC7
:10D880003B6100BF00BFFDE77B6A5A687B68D21A24
:10D89000BB695A607B6A7A685A60B86900F00AF915
:10D8A0001D4B1A687B6A5B68D31A1B4A13601A4BBC
:10D8B0001A681B4B1B689A4203D2174B1B68184A05
:10D8C00013607B6A5A68134B1B681A437B6A5A6061
:10D8D0007B6A00221A60134B1B680133114A1360E4
:10D8E000FEF7B4FCFB6903F00703002B0BD04FF0ED
:10D8F000500383F31188BFF36F8FBFF34F8FFB602B
:10D9000000BF00BFFDE7FB6918462837BD4680BD54
:10D91000BCA20124D0A20124C0A20124B4A20124EB
:10D92000C4A20124C8A2012480B586B000AF7860EB
:10D930007B687B617B68002B4FD008235B427A6950
:10D9400013447B617B693B613B695A68254B1B68CB
:10D950001340002B0BD14FF0500383F31188BFF31A
:10D960006F8FBFF34F8FFB6000BF00BFFDE73B69C8
:10D970001B68002B0BD04FF0500383F31188BFF3CB
:10D980006F8FBFF34F8FBB6000BF00BFFDE73B69E8
:10D990005A68144B1B681340002B1ED03B691B6850
:10D9A000002B1AD13B695A680E4B1B68DB431A40A7
:10D9B0003B695A60FEF73CFC3B695A680A4B1B689E
:10D9C0001344094A1360386900F074F8074B1B6868
:10D9D0000133064A1360FEF739FC00BF1837BD4615
:10D9E00080BD00BFD0A20124C0A20124CCA201248A
:10D9F00080B485B000AF4CF25033BB60274BFB6066
:10DA0000FB6803F00703002B0CD0FB680733FB60B7
:10DA1000FB6823F00703FB60BA68FB68D31A1F4A50
:10DA20001344BB60FB687B601D4A7B6813601C4B22
:10DA300000225A607B68BA681344FB600822FB68C6
:10DA40009B1AFB60FB6823F00703FB60FB68154A29
:10DA50001360144B1B6800225A60124B1B68002293
:10DA60001A607B683B603B68FA68D21A3B685A6070
:10DA70000C4B1A683B681A603B685B680A4A136083
:10DA80003B685B68094A1360094B4FF000421A601B
:10DA900000BF1437BD465DF8047B704764DF002487
:10DAA000B4A20124BCA20124C4A20124C0A2012466
:10DAB000D0A2012480B485B000AF7860284BFB6011
:10DAC00002E0FB681B68FB60FB681B687A689A428F
:10DAD000F7D8FB68BB60FB685B68BA6813447A6878
:10DAE0009A4208D1FB685A687B685B681A44FB68F5
:10DAF0005A60FB687B607B68BB607B685B68BA6868
:10DB00001A44FB681B689A4218D1FB681A68154BC7
:10DB10001B689A420DD07B685A68FB681B685B687B
:10DB20001A447B685A60FB681B681A687B681A6035
:10DB300008E00C4B1A687B681A6003E0FB681A68FF
:10DB40007B681A60FA687B689A4202D0FB687A6840
:10DB50001A6000BF1437BD465DF8047B704700BFF4
:10DB6000B4A20124BCA20124002846D0034630B54B
:10DB7000027885B00A2A42D8DFE802F0121218149F
:10DB8000140606061A2E16000A6A596B002052F86F
:10DB90002120121A18BF012283F8392005B030BDA8
:10DBA0000A68F2E78A69F0E78A68EEE70A69ECE753
:10DBB0005C68084604F1430204F1440304F14205A1
:10DBC00004F11001CDE90132009504F1410304F1A3
:10DBD00040020AF097F8E1E75C68084604F1220287
:10DBE00004F1230104F12103CDE9002104F1200215
:10DBF00004F110010AF0A0FAD0E70B2070470120D1
:10DC0000CCE700BFF0B59BB0002800F08880037817
:10DC100004460A2B00F26781DFE803F02D2D15443E
:10DC2000441919195A061500406890F82030002B45
:10DC300040F0B28090F82230002B40F0E48090F861
:10DC40002130002B6FD1002528461BB0F0BD426B60
:10DC50000B6A53F82230002BF5D0826800F11001D6
:10DC6000406801F021FD05460028ECD040F2592320
:10DC7000984213D029E0426B0B6853F82230002BF6
:10DC8000E1D000230AAAD0E9010101F051FE0546C6
:10DC90000028D9D040F29113984216D1002384F87D
:10DCA0003930D1E7426B8B6953F82230002BCAD050
:10DCB000826800F11001406800F0FEFD0546002872
:10DCC000C1D040F2F5139842BED002F0B1FFBBE7DD
:10DCD000406890F84230002B7DD1C3691BB190F8A9
:10DCE0004030002B44D190F84430002B40F0AC8001
:10DCF00090F84330002BA6D0C26A0AA9103009F070
:10DD0000D9FE05460028E0D16068DDE90E230AF05F
:10DD100043FB002898D0012380F8233094E70B259B
:10DD200028461BB0F0BD04AE10300AAA31460AF0F6
:10DD300037F905460028C8D10AA960680AF0ECFA4C
:10DD40000746002800F0BB80012190F908000AF086
:10DD50006DFA0328844640F0A78007F158040FCEDF
:10DD60000FC496E8030084E8030087F808C06BE757
:10DD7000816A103009F01EFF05460028A5D16068B1
:10DD8000816A0AF0C9FA0346002800F0A380012244
:10DD9000606883F82220A6E70AF098FA06466068D1
:10DDA000002E3FF447AF706006F12801F269103091
:10DDB0000AF03EF80546002840F08E80F7690FCF44
:10DDC0003572C6F80900C6F80D106068C6F8112053
:10DDD000C6F815302EE704AA0AA9103009F0F2FDA2
:10DDE000054600287FF471AF6068DDE90E230AF074
:10DDF000C1FA30B19DF81030012280F8213080F84E
:10DE00002020606869E7103004AA0AA90AF088F89F
:10DE1000054600287FF459AF04A960680AF07CFA2F
:10DE2000074660B10AAD00F140064FF0020C0FCD7D
:10DE30000FC695E8030086E8030087F808C060680D
:10DE4000002380F82230FAE600F130020AA91030EF
:10DE500009F070FE054600287FF437AF6068DDE901
:10DE60000E230AF0ABFA06466068002E3FF440AF7E
:10DE70000127836BB784002B3FF43AAF436B05EB6C
:10DE8000450103EBC1010AF047FA38B1606801357A
:10DE900086F82570836BAB42F0D829E760680135BE
:10DEA000836BAB42EAD823E706AB0FCB8DE80F00BC
:10DEB0000321606896E80C000AF0F6FAC4E606ABA7
:10DEC0000FCB8DE80F000221606896E80C000AF085
:10DED000EBFAB9E6606806E7314660680AF006FAD0
:10DEE00002F0A6FEB0E60125AEE600BFF0B503786D
:10DEF00085B004460A2B00F23981DFE803F068425E
:10DF00004D5BA70606061D726200062B00F02681F7
:10DF1000072B036B40F01C8104F11005D0E90A12B5
:10DF200080689847A26A2946606801F0FDFB0446B4
:10DF300078B302F07DFE2CE0406890F84230002B70
:10DF400000F08E800026012704E00AF099F998B9C4
:10DF50002F7260680AF044FA054600287FD0636893
:10DF6000E26A9B6995F8211085F82060984795F83A
:10DF700021302846002BE8D1606829460AF0B6F91E
:10DF8000E7E790F83900D4E90B1300B1A06800244A
:10DF90009847204605B0F0BD406801F0DDFD40F235
:10DFA00021330446984201D00028C2D100242046E3
:10DFB00005B0F0BD0024036B80689847204605B08B
:10DFC000F0BD0024036B9847204605B0F0BD90F8E3
:10DFD0003900236B00B1A06800249847204605B0A3
:10DFE000F0BD406890F824303BBB90F82030002B07
:10DFF0007DD040F63406012707E028460AF008FAEB
:10E00000294660680AF072F9606800210AF09AF9FE
:10E010000546002868D06368E16A9B699847B0426A
:10E020004FF00001E9D1012128460AF0F1F92F72E1
:10E03000EAE748680AF05AF960680AF08FF9014681
:10E040000028F6D1606880F82410CEE70024036B26
:10E0500000F1100180689847204605B0F0BD606867
:10E0600090F840308BB1C5682DB3002695F822306A
:10E0700043B1C36985F8226023B1816A2846E26A08
:10E08000984760682D68002DF0D190F8443093B126
:10E09000C56885B1002695F824304BB1436A85F8F0
:10E0A00024602BB1284695F82510E26A98476068ED
:10E0B0002D68002DEFD190F84330002B3FF476AF60
:10E0C00000270BE06368E26AD96A1E6A85F823704C
:10E0D000B047606829460AF009F960680AF08CF9CF
:10E0E00005460028EED161E7606880F8205090F87E
:10E0F0002130002B3FF45AAFC568B5B1022601E0CC
:10E100002D6895B195F90830032BF9D1C3692846DC
:10E11000E16A9847034605F16002284685F82530F4
:10E1200043B10AF095F96068EAE700231C4680F8DD
:10E1300021302EE70FCA05F158078DE80F000121A5
:10E140006068D7E900230AF0AFF92E726068D7E75C
:10E15000816A04F1100580689847E3E600F1100534
:10E16000036B826A294680689847DBE6012410E742
:10E1700000283DD000293CD0034690F8380000220A
:10E18000002835D030B493F800C0BCF1080F1DD181
:10E190005C68256C35F07F4505D194F8440010B9D2
:10E1A00094F8430028B130BC704793F83900002838
:10E1B000F9D101324033914217D093F8380000284A
:10E1C000F1D093F800C0BCF1080FE1D0BCF1090F09
:10E1D000EBD15C68256A002DE5D194F82400002875
:10E1E000E1D1013240339142E7D1002030BC704789
:10E1F00070470846704700BF10B5044688220249A0
:10E200000DF007F8204610BD48D0010800000000BE
:10E2100000296AD02DE9F0410546B0B000285CD055
:10E220001646184688461F4602F020FC002E54D0A1
:10E2300080F0010414F0FF044FD1882230490EA869
:10E240000CF0E7FF0EA9882228460CF0E2FF684692
:10E25000C5F80080AE6001F0F5FDEC4605F1140E46
:10E26000D7F80080BCE80F00AEE80F00BCE80F0054
:10E27000AEE80F00BCE80F009FED1F7BAEE80F007B
:10E28000DCF80030B0013969CEF800302F6185ED3F
:10E290001A7BC047686008B929E0686800EB841001
:10E2A0000134314600F07CFAA642F6D805F1480068
:10E2B00000F06AFA134A00236868C5E91E2368B1B2
:10E2C000AB6873B12A69B2FA82F35B094AB11846A6
:10E2D00085F8803030B0BDE8F0810B2030B0BDE86B
:10E2E000F081002030B0BDE8F0810B2070470A209B
:10E2F000F4E700BFAFF3008000CA9A3B00000000C3
:10E3000048D0010871E10008002B18BF002A70B541
:10E3100004460CBF012000209DF810C0002908BF52
:10E3200040F0010028BBB4FA84F56D090CB3D4E9C0
:10E330000206864201D3012070BD60684FEA861E46
:10E3400000F80E5000EB8610013603630123C5620E
:10E3500004F1140580F801C00387C0E901122846C2
:10E36000E66001F083FD30B9A36C00200133A364A3
:10E3700070BD0B2070BD284601F07EFD0028F3D053
:10E3800070BD00BF002844D0F0B500F114059BB06B
:10E390000446284601F06AFD10B100201BB0F0BD14
:10E3A000284601F069FD002830D10CA804AE01F028
:10E3B00049FD0DF1300CAE462769BCE80F00AEE810
:10E3C0000F00BCE80F00AEE80F00BCE80F00AEE89D
:10E3D0000F00DCF80030CEF800300FCF0FC63B68DE
:10E3E000284622683360636E616DCDE90232D4E95C
:10E3F0001332CDE90021226EA16C02F03DF8002815
:10E40000CCD00B9002F014FC0B98C7E702F010FC84
:10E41000CBE70B20704700BF2DE9F84F054691462A
:10E420009846FFF7AFFF05F11406304601F0F0FD06
:10E430000746002840F0A880AB680BB30446696823
:10E44000A20101EB841C9CF83830CBB18B5C0A2B09
:10E4500000F2DE80DFE803F09D9DA98D8D060606A3
:10E46000CEC1B5000CF13402DCF80410304602F0E5
:10E470001FF9002840F087800134AB689C42DED34E
:10E4800043464A46304602F03FF995F88030002B6B
:10E4900000F0C680012B40F0BB80AB68002B00F081
:10E4A0005981002440F29119A0460AE0FFF75CFB75
:10E4B000044610B1484540F0B180AB68984580F003
:10E4C00026816A68314602EB881008F1010890F84D
:10E4D00038C0BCF1000FE9D119461046D5E91E320B
:10E4E0009847002800F09A80AB68002B00F09680D7
:10E4F0004FF0000840F2911909E0FFF783FB044652
:10E5000010B1484540F08A80AB68984509D26868E8
:10E51000314600EB881008F1010890F83820002AF5
:10E52000EBD1002B7AD000260EE012F80C20082A3E
:10E5300000F0FC80092A00F0EE8090F839208AB9BA
:10E5400001369E4267D200246A684FEA861C02EBBD
:10E55000861090F83810002960D041780029E4D066
:10E560000129EDD1FFF7C2FC002840F0B580AB686F
:10E57000E6E70CF13402DCF80410304602F06CF8E7
:10E5800000283FF479AF074602F052FB3846BDE859
:10E59000F88F0CF13402DCF80410304601F00CFD69
:10E5A00000283FF469AF0746EEE70CF13402DCF8CF
:10E5B0000410304602F020F800283FF45DAF074613
:10E5C000E2E70CF13402DCF80410304601F0E8FF19
:10E5D00000283FF451AF0746D6E7DCF804100CF1F1
:10E5E00034023046103109F053FD00283FF444AFA7
:10E5F0000746C9E7DCF8041000230CF1340230466A
:10E60000103109F01BFB00283FF436AF0746BBE78B
:10E61000012702F00DFB3846BDE8F88F2746FAE7E0
:10E62000AB68002B00F09380002440F29119A046C3
:10E6300008E0FFF799FA044608B14845EED1AB6807
:10E64000984566D26A68314602EB881008F10108E5
:10E6500090F838C0BCF1000FEBD119461046D5E94F
:10E660001E3298470028D9D0AB68002BD6D04FF087
:10E67000000A40F2911840F259290EE013F80B30CD
:10E68000082B34D0092B29D090F8393003BB0AF17C
:10E69000010AAB689A45BED2002468684FEA8A1B1B
:10E6A00000EB8A1090F83830002BB7D03146FFF7D6
:10E6B000A9FA002818BF404501D048450CD16B6825
:10E6C00013EB0B0021D04278002AD7D0012ADED1EB
:10E6D000FFF70CFC0028DAD007469CE743681A6A6B
:10E6E000002AF5D193F82430002BD0D0F0E743680E
:10E6F0001A6C32F07F42EBD193F84420002AE7D124
:10E7000093F84330002BC2D0E2E70B2783E76A6817
:10E71000E2E66A68A1E74268116A00297FF422AF45
:10E7200092F82420002A3FF40BAF1BE74268116CDB
:10E7300031F07F417FF416AF92F8441000297FF446
:10E7400011AF92F84320002A3FF4FAAE0AE76A6854
:10E750001C4682E76A681C46BEE600BF90B170B5F1
:10E760000446006816461D4600F044F930B13246B2
:10E770002B462046BDE87040FFF74EBE02F058FA27
:10E78000012070BD0B20704730B12022002108B558
:10E790000CF01CFC002008BD0B207047000000009E
:10E7A000034678B100224FF00B0C41631046A3F8EA
:10E7B00000C01A631A879FED047BC3E9012283ED31
:10E7C0000A7B70470B20704700000000000000002B
:10E7D0002DE9F04383B00A9F002B18BF002F27D0EC
:10E7E000044628B3E9461D460E469046484600F0CA
:10E7F000F7F82A46234699E8030084E803004146D7
:10E80000304600F097F9054660B93A4604F10C012C
:10E810000320A76001F00CF9054618B9284603B09B
:10E82000BDE8F08302F004FA284603B0BDE8F083A7
:10E830000B25284603B0BDE8F08300BF18B100687F
:10E8400008B1D0F80801704770B582B0F8B104463D
:10E850000068E0B1D0F80831CBB10E46E1B1154601
:10E86000D2B1052100F5887002F00EF902460B4680
:10E870003146C5E9002323682A46D3F8080103F08E
:10E8800091F9064660B10126304602B070BD4FF4E2
:10E89000FA76304602B070BD0B26304602B070BD2D
:10E8A00020680521D5E9002300F58870009102F069
:10E8B00057F9304602B070BD70B58E468CB00C462C
:10E8C00016460DF1180C0546BEE80F00ACE80F0027
:10E8D0009EE803008CE803005DB32B684BB3D3F8CC
:10E8E000080130B346B30023324602A98DF8073041
:10E8F0000DF107039FED127B8DED027B8DED047B07
:10E9000003F058FA0546C8B99DF8072040F2F51300
:10E91000002A08BF1D460DF1180EA446BEE80F00E0
:10E92000ACE80F009EE803008CE8030028460CB01A
:10E9300070BD4FF4FA75EEE70B25ECE70125EAE729
:10E94000000000000000000030B1006820B1D0F8E5
:10E950000801003818BF0120704700BF002B18BF06
:10E96000002A2DE9F04316460CBF01220022A1B077
:10E97000002908BF42F0010222BB044610B30DF18A
:10E9800010081F460D460DF11809404600F008FB1F
:10E9900098E8030084E80300484600F07BFC40460A
:10E9A00000F0FEFACDF800903B46324698E80300AE
:10E9B00084E803002946204600F0FCFA30B921B073
:10E9C000BDE8F0830B2021B0BDE8F083039002F096
:10E9D0002FF902F02DF9039821B0BDE8F08300BFB4
:10E9E000034A034692E8030083E803001846704791
:10E9F000D0D0010818B14068003818BF0120704716
:10EA00002DE9F8430646002300687360002849D0CA
:10EA10004769D0F80480D0F8109037B1143000F076
:10EA2000F7F90746002844D13068036B43B128301A
:10EA300002F01CFF18B1002F3ED002F0F9F8306848
:10EA4000036ADBB1D0E9062C012A7CF1000111DB5D
:10EA50000024254653F824004946B8B1C04733681E
:10EA60000134D3E9062C45F100051B6A944275EB8D
:10EA70000C01EFDB18464946C04730684946C0479D
:10EA800000233846C6E90033BDE8F883013445F178
:10EA90000005944275EB0C01DCDB18464946C04783
:10EAA0003068EBE7074600233846C6E90033BDE887
:10EAB000F88302F0BDF8B7E709F016FD0746BCE79A
:10EAC000002B18BF002A2DE9F04116460CBF012289
:10EAD0000022A0B0002908BF42F001021ABB044680
:10EAE00008B30DF110081F460D4600F03FFE2060F0
:10EAF000404600F0EFFE50220D4940460CF089FBE5
:10EB00003B46324629462046CDF8008000F034FED0
:10EB100010B920B0BDE8F081039002F089F80398A5
:10EB200020B0BDE8F0810B2020B0BDE8F08100BF2F
:10EB3000D8D001082DE9F047051E9EB00E4690463C
:10EB40001F4640F39F80002900F09F80A1F1040E32
:10EB50004FF0000C5EF8044F0CF1010C002C00F09B
:10EB600094806545F6D1B8F1000F00F08E80D8F89A
:10EB70000040002C00F089800DF1640C0FCCACE853
:10EB80000F00236819A8CCF8003001F06FFF80F067
:10EB90000100C0B2002878D1002F76D03B68002B4E
:10EBA00078D178210120DDE91C329847044638608D
:10EBB000002800F0B68002A802F05AFB02A904F176
:10EBC000280050220CF025FB19ACD7F800E00FCC40
:10EBD000F446ACE80F0023680EF114014046CCF86F
:10EBE000003000F03FF90446002844D1D7F80090E7
:10EBF0004FEAE578C9F82000C9F81850C9F81C8018
:10EC0000002D4ED0002E4CD004212846DDE91C32C8
:10EC10009847C9F82000D7F80090D9F82030CA46A4
:10EC200043B3012D78F100033BDB0024043EA146F1
:10EC30000BE031680CF0EDFA013449F10009C845E8
:10EC400008BFA5422BD0D7F800A056F8040FF1F763
:10EC5000A7FB421C199B10461D99DAF820A00192CF
:10EC600098473B684AF824001B6A019A53F824002D
:10EC70000028DED10A243846FFF7C2FE20461EB027
:10EC8000BDE8F08700293FF46EAF0B2420461EB08C
:10EC9000BDE8F087642420461EB0BDE8F087D7F8B1
:10ECA000009026490B68013336D01A4600240B60C9
:10ECB000D9F814007B60436A0133C0E9062434D0DC
:10ECC00090F830303BB9303000F048F90446002865
:10ECD000D1D13B68586918AA17A9406B01F0A0F878
:10ECE00004460028C7D1179BEBB939684B6903F17B
:10ECF0002802586B00F080FC04460028BBD139681C
:10ED000048692831183002F07BFC04460028BDD049
:10ED100009F0EAFB0446AEE701221C460A601346EE
:10ED2000C6E70A24B2E70124A5E7243009F0F0FB86
:10ED3000044600289FD13B685869C1E7D4A201244A
:10ED40000020704784B0F0B597B01DAE86E80E0085
:10ED5000002858D00368054633B16424204617B014
:10ED6000BDE8F04004B07047304601F07FFE002857
:10ED700049D0B44611ACBCE80F000FC4DCF8003039
:10ED80005020219923601D9B984704462860002845
:10ED90003BD00DF1440C8646BCE80F00AEE80F00F6
:10EDA000DCF8003002A8CEF8003002F075FA0DF160
:10EDB000080E04F1180C2F6820ACBEE80F00ACE878
:10EDC0000F00BEE80F00ACE80F00BEE80F00ACE893
:10EDD0000F009EE803008CE8030094E803008DE830
:10EDE000030096E80E0007F1180002F00BFB044642
:10EDF0000028B3D021991E9B28689847204609F027
:10EE000073FB0446AAE70B24A8E70A24A6E700BF81
:10EE100030B587B0F0B103680446DBB19C460DF114
:10EE2000040EBCE80F00AEE80F00DCF8003001A8CB
:10EE3000CEF8003001F01AFE60B12068183002F000
:10EE40009BFB054650B92068029B059998472846C8
:10EE500007B030BD0B25284607B030BD09F044FB94
:10EE60000546F8E72DE9F04194B000285BD0044650
:10EE70000068002857D00E4601F0F8FD002E52D051
:10EE800080F00100C0B200284DD1336823B1642462
:10EE9000204614B0BDE8F08127680FADBC46D7F816
:10EEA0000080BCE80F000FC5DCF800305020194688
:10EEB0002B60C04705463060D0B30DF13C0C864650
:10EEC000BCE80F00AEE80F00DCF800306846CEF872
:10EED000003002F0E1F9EE4605F1180C24683568BF
:10EEE000BEE80F00ACE80F00BEE80F00ACE80F0072
:10EEF000BEE80F00ACE80F009EE803008CE80300BA
:10EF000004F1180005F1180102F0E4FA04460028A3
:10EF1000BED001F075FE01F08BFE3046FFF778FFA2
:10EF200040B10446B4E70B24204614B0BDE8F0819C
:10EF30000A24ADE7204614B0BDE8F04109F0D4BA88
:10EF400020B1036813B10020596270470B2070474D
:10EF500010B1006800B11830704700BF10B5002331
:10EF600082B00193B8B1044601A90C4801F030FE0B
:10EF700010B1012002B010BD019B13B11A78312AE3
:10EF800004D002230020237002B010BD5B78002B58
:10EF9000F7D10123F6E70B2002B010BD28D10108FC
:10EFA000034A034692E8030083E8030018467047CB
:10EFB00058D101082DE9F04FA9B004460E46154678
:10EFC000DDF8C88023A81F4609F0C8FCB8F1000F7F
:10EFD00000F0F380404601F049FD002D18BF002CE1
:10EFE00080F001000CBF4FF0010C4FF0000C002E20
:10EFF00008BF4CF0010C4CEA000C1CF0FF0940F07B
:10F00000DC80D4F804A0BAF1000F40F0FC80002F9F
:10F0100000F0D3803846FFF7EDFC8346002800F06F
:10F02000D2805246304622A9CDF888A003F0ECFFEA
:10F030008246002840F0C3802298002840F0F180EA
:10F040002846F1F7ADF9002840F0C080794D22A99B
:10F050000022284603F0BAFF8246002840F0AF8025
:10F060002298002840F0D580D8F800307820D8F8D1
:10F070001010984782466060002800F0CF80002280
:10F08000002308A8CAE91A23CAE91C2300F002F9E0
:10F0900008A9504668220CF0BCF861684046276019
:10F0A00000F006F9002858D12846F1F779F92844EC
:10F0B00010F8013CCDE903562F2BD8F810300093FF
:10F0C0000CBF5D4B5D4B02934FF400630193D4F88A
:10F0D00004A098E80F0001F0D7FD2368CAF8740077
:10F0E000314618682A466668283002F071FC636869
:10F0F000B066986E002832D002F0FAFC824660B307
:10F10000D8F800300820D8F810106668984763686F
:10F11000F066D3F86CB0BBF1000F20D006A823AE88
:10F1200009F090FB06A86368C44603C8D3F86CE0F6
:10F130008BE80300BCE80F000FC6DCF8003033603A
:10F1400028AB13E90F008DE80F0051463A46704690
:10F15000239B09F081FB824628B36368F3B1586FA3
:10F1600028B1D8F80430D8F8101098476368986E22
:10F1700010B102F03FFC6368D86E48B109F0C8FBDB
:10F180006368D8F81010D86ED8F8043098476368D0
:10F190001846D8F81010D8F80430984700234FF0DC
:10F1A000010AC4E90033B9F1000F08D0D8F80430DF
:10F1B0002846D8F81010984701E04FF00B0A504647
:10F1C00029B0BDE8F08F4FF0650AF8E72B782F2BB8
:10F1D0003FF43DAF0395D8F810300093184B0293DD
:10F1E0004FF40063019398E80F0001F04DFD0546D0
:10F1F000E0B1002222A9229203F0E8FE8246002814
:10F20000D4D1D9462CE74FF0640A504629B0BDE866
:10F21000F08F4FF0CA0A03F0EBFEC4E74FF00A0A82
:10F22000C1E74FF0C90A03F043FFC8E74FF00A0AED
:10F23000C5E700BF40D1010848D1010850D10108FD
:10F2400044D1010830B1436823B19B6E13B100680B
:10F25000FFF7D0BB0020704720B1406810B1806E2E
:10F2600000B18068704700BF20B1406810B1806E67
:10F2700000B1C068704700BF28B1406818B1836E04
:10F28000002B08BF0020704710B1406800B1806EAD
:10F29000704700BF10B50446682200210BF096FEAF
:10F2A000204601F0D5FB01232046237510BD00BF89
:10F2B000002818BF88421BD0F8B5B1FA81F60C4679
:10F2C000760999B10546878A84468E460FCDAEE809
:10F2D0000F002B6850220CF1180104F11800CEF831
:10F2E0000030A7820BF095FF3046F8BD0B20F8BD2B
:10F2F0000B20704782B02DE9F04F91B01AAC9DF809
:10F300007C8084E80C0000283DD00C460546FFF7C1
:10F31000B3FF00283AD02846FFF79EFF064628464E
:10F320000BADFFF7A1FF0DF1680E0746AC46BEE836
:10F330000F00ACE80F00DEF80030CCF80030219B65
:10F340000BB38946DDF878A001F016FE10AB0890EB
:10F3500013E907008DE80700002108A895E80C00D4
:10F3600001F080FE8346A0B101F04AFC01F060FC90
:10F37000BBF10A0F18BF4FF0010B584611B0BDE8A2
:10F38000F04F02B070474FF00B0BF6E74FF0010B58
:10F39000F3E70990079008A809F04EFA834680B178
:10F3A0000A2808A818BF4FF0010B01F09BFE044685
:10F3B00000285BD151460998C84751462046C847A6
:10F3C000DBE709ABEC4605930FCDACE80F002B68EB
:10F3D0003A4631462046CCF8003008AB09F0CCF86C
:10F3E0008346D8B9099C024609900AA9204603F031
:10F3F0001DFD50BB0A9D002D40D1219B08A81C601B
:10F4000001F070FE8346002843D001F0F9FBA846C6
:10F410004FF0010B2C4601F00BFC0AE0672814BFEB
:10F420004FF0000808F00108079C08A801F05AFEF8
:10F4300050BB51460998C84751462046C847B8F1C5
:10F44000000F18BF4FF0680B97E701F0D9FB01F0F0
:10F45000EFFB08A801F046FE98B951460998C84745
:10F46000514620464FF0010BC84786E7DDF81C8067
:10F4700001F0C6FB01F0DCFB4446DAE74FF0670B16
:10F48000D3E7D8464FF0010B01F0BAFB01F0D0FBF7
:10F49000CFE751460998C84751465846C8476CE7D8
:10F4A000F0B502F108070B4685B01446064697E80A
:10F4B00007008DE807001846194994E80C0001F090
:10F4C000D5FB337805462F2B23D004F10C0393E8AA
:10F4D00003008DE80300701C94E80E0001F0CCFBE3
:10F4E000064697E807008DE807003146284694E86D
:10F4F0000C0001F0BBFB0346304662681E462169E2
:10F50000904728463546636821699847284605B0E4
:10F51000F0BD7378002BD8D1284605B0F0BD00BFF0
:10F520009CD101082DE9F04385B068B10746084633
:10F530000C4601F09BFA38B100232D4803A9039330
:10F5400001F046FB054620B10025284605B0BDE880
:10F55000F083039B1A78002AF6D004F10C0999E88D
:10F5600003008DE80300184694E80E0001F0C6FC85
:10F5700080460028E8D003A91E48039501F028FB27
:10F5800060B1002630466368216998474046636849
:10F5900021699847284605B0BDE8F083039B1E7893
:10F5A000F6B199E803008DE80300184694E80E00D0
:10F5B00001F0A4FC06460028E3D022464146FFF7AE
:10F5C0006FFF0546002DDDD0284601F04DFB0346B8
:10F5D0000028D7D1284621691D4663689847D1E79E
:10F5E000224638464146FFF75BFF0546EAE700BF83
:10F5F000A8D10108C0D101082DE9F04182B0002353
:10F6000006460F46214801A99046019301F0E0FA11
:10F6100020B10125284602B0BDE8F08104461C490E
:10F620000198F0F75DFE0546F0B90190B8F1000FC2
:10F6300021D001A9174801F0CBFA0028E9D11649D9
:10F640000198F0F74DFE034639463046B3FA83F38E
:10F650005B0988F80030FFF765FF70B1C8F8040057
:10F66000284602B0BDE8F081254688F800402846CB
:10F6700002B0BDE8F0810B25CCE798F80050A5F169
:10F680000105B5FA85F56D09C4E700BF60D1010831
:10F6900074D101087CD1010894D1010818B1006827
:10F6A00008B1D0F80801704770B58E468CB00C4692
:10F6B00016460DF1180C0546BEE80F00ACE80F0029
:10F6C0009EE803008CE803000DB32B68FBB1D3F870
:10F6D0000801E0B136B30023324602A98DF80730A5
:10F6E0000DF1070302F0ACFA054698B10A2818BFDD
:10F6F00001250DF1180EA446BEE80F00ACE80F007E
:10F700009EE803008CE8030028460CB070BD4FF45F
:10F710001675EEE79DF8072040F25923002A08BF2E
:10F720001D46E6E70B25E4E770B1006860B1D0F84C
:10F73000080148B169B110B54AB102F0DFFA10B161
:10F74000022818BF012010BD4FF4167070470B201F
:10F7500010BD0B20704700BF30B1006820B1D0F859
:10F760000801003818BF0120704700BF014B18681E
:10F77000704700BFE0D101082DE9F04788B0109F25
:10F78000FFB107F1500A05460E469146504698468D
:10F7900001F06CF980F00104E4B294B98DB1304607
:10F7A000FFF750FD002855D0B9F1000F09D0B8F18E
:10F7B000000F06D02B684BB16424204608B0BDE88A
:10F7C000F0870B24204608B0BDE8F087CDE903336D
:10F7D00007AA079307F15803059293E807008DE8FD
:10F7E0000700414630469AE80C00FFF783FD0028E9
:10F7F0005FD1C8210120D7E9173298472860002837
:10F800005FD03046FFF740FD07F164034946079A91
:10F8100000933B462C6802F059FBC4F8C0002C68EA
:10F82000D4F8C00048B304F1700102F045FC04466E
:10F83000A8B92868702297F84830394680F8B8305F
:10F840000BF0E7FC07987B6D396E9847204608B0AF
:10F85000BDE8F087C824204608B0BDE8F0872C68D2
:10F860006CB3D4F8C0304BB13046FFF70DFD2B68B8
:10F87000D3F8C01002F034FC2C6894B104F15006A7
:10F88000304601F0F3F858B1E06E48B1314603F06C
:10F890001DFA0646C8B9636D216EE06E9847E666AC
:10F8A0002C687B6D2046396E0124984700232B601D
:10F8B000C8E7672807D0692805D00A2801D00124A5
:10F8C000C0E70A24BEE76724BCE708F00DFE2C68F9
:10F8D000E7E700BF70B5144D8AB0044650221349C3
:10F8E00028460BF096FC04A801F0B2F80DF1100CBC
:10F8F00005F1500E6E46BCE80F00AEE80F00DCF8D4
:10F9000000303046CEF8003003F0FAF905F1640318
:10F9100096E8070083E807007022294620460BF08E
:10F9200078FC20460AB070BDD8A20124E8D10108B5
:10F93000002849D02DE9F04115460268A4B00446DC
:10F94000002A39D01F46D2F8C030ABB30E4600298A
:10F9500038D0002D3CD002A84FF0000803F05EFA2A
:10F960000DF1080CAE46BCE80F00AEE80F00BCE895
:10F970000F00AEE80F00BCE80F00AEE80F009CE8F7
:10F980000F008EE80F008DF84F802B4620680DF198
:10F990004F023146D0F8C000009702F003FC034646
:10F9A000C0B99DF84F1040F29112002908BF1346CC
:10F9B000184624B0BDE8F0814FF4C873184624B04F
:10F9C000BDE8F0810B23F3E74FF4C8731846704786
:10F9D00014ADC0E708F088FD0346E9E718B10068F8
:10F9E00008B1D0F8C000704730B1006820B1D0F83D
:10F9F000C000003818BF0120704700BF084601F062
:10FA0000E9BB00BF084601F00BBC00BF037A10B58C
:10FA10000C4643B1052101F037F802460B460020A1
:10FA2000C4E9002310BD0846BDE8104001F0D2BB78
:10FA3000F8B50546104614460E4601F017F828B1F1
:10FA4000032D03D8DFE805F01F3059064FF00B0CEB
:10FA50006046F8BD002CF9D0B6FA86F35B09002E9B
:10FA6000F4D033619C4606F11405324F4FF0030E7B
:10FA7000C6E901330FCC0FC5236860462B60F760E1
:10FA800086F800E0F8BD002EE0D0002306F1140552
:10FA900033709C46C6E90133C6E903330FCC0FC56A
:10FAA000236860462B60F8BD002CCFD0B6FA86F5EF
:10FAB0006D09002ECAD0A646357006F1140CBEE8BA
:10FAC0000F00C6E90155C6E90355ACE80F00DEF8A2
:10FAD00000301020CCF8003023682169984730614D
:10FAE00020B300220023AC460572C0E90023124A6D
:10FAF00001236046F2603370F8BD002CA6D0B6FA40
:10FB000086F35B09002EA1D033619C4606F11405F3
:10FB1000DFF828E00227C6E901330FCC0FC52368C0
:10FB200060462B60C6F80CE03770F8BD4FF00A0C49
:10FB30008EE700BF05FA00080DFA0008FDF900087D
:10FB400040B139B103781BB1C3680BB100691847E4
:10FB5000012070470B2070472DE9F04F87B0002837
:10FB60006CD003680446002B62D0BFF35B8F93F820
:10FB70003830BFF35B8F002B4FD1036804A918689E
:10FB8000FFF7DEFF0546002849D1DDE90423002BFD
:10FB900049DB052620680096203000F0E1FF23684D
:10FBA0008046BFF35B8FD3F810B0BFF35B8F206844
:10FBB00089463146283000F067FF0F463146064639
:10FBC0002068183000F060FF024604980B46B61813
:10FBD000DDF814C0924647EB0107864277EB0C0133
:10FBE00004DA53EA02012ED1064667462068052151
:10FBF00032463B462830009100F07CFFBBF1000FFD
:10FC00000DD0049A2046059BB2EB080263EB090372
:10FC1000D847284607B0BDE8F08F40F22135284686
:10FC200007B0BDE8F08F0125284607B0BDE8F08F8A
:10FC30004FF44875284607B0BDE8F08F0B252846DD
:10FC400007B0BDE8F08F801B6CEB0701013861F154
:10FC50000001CDE90232F0F7ABFB029B013041F12C
:10FC6000000100FB03F301FB0A33A0FB0A0A86191B
:10FC7000534443EB0707B9E770B582B080B303681C
:10FC800004468BB30D4659B3BFF35B8F93F83830FE
:10FC9000BFF35B8F53B9036869461868FFF750FFDD
:10FCA000064648B140F22133984202D100231E4655
:10FCB0002B70304602B070BD20680521283000F05E
:10FCC000E3FE009BC01A019B61EB03010128304653
:10FCD00071F10003B4BF012300232B7002B070BD8B
:10FCE0000B26304602B070BD4FF44876E1E700BF06
:10FCF00070B582B030B3036804463BB30D4609B318
:10FD0000BFF35B8F93F83830BFF35B8FABB90368F9
:10FD100069461868FFF714FF064658B920680521A0
:10FD2000283000F0B1FE009BC01A019B61EB03017B
:10FD300028606960304602B070BD40F2213630461E
:10FD400002B070BD0B26304602B070BD4FF448764D
:10FD5000F0E700BF30B1006820B1C3680BB10830D4
:10FD600070471846704700BF002849D070B5154647
:10FD7000C2B09AB11E466A4601AB0C4603F0D2F8F7
:10FD80008446B8B9009971B1072919D04B1E052BCB
:10FD90003AD8DFE803F026292C2F321D4FF00B0C48
:10FDA000604642B070BD07290AD0002360462B6030
:10FDB00042B070BD08F098FB8446604642B070BD0A
:10FDC000FF2CF2D92960002EEAD0FE233360E7E74A
:10FDD00006232B60002EE3D0019B6046336042B0C7
:10FDE00070BD01232B60F5E702232B60F2E70323AC
:10FDF0002B60EFE704232B60ECE705232B60E9E79A
:10FE00004FF00B0C604670470B46044A4FF480716C
:10FE100002A801F025F84FF0010CC1E738D2010823
:10FE200068B170B50D4616460446F0F7B9FA334688
:10FE300001462A462046BDE87040FFF795BF0B20DB
:10FE4000704700BF10B5084C864684460FCCACE81E
:10FE50000F000FCCACE80F000FCCACE80F0023680C
:10FE60007046CCF8003010BD98D2010818B1006B74
:10FE7000003818BF012070472DE9F04182B00028FA
:10FE800000F09580066B0446002E00F08C80F06B2D
:10FE900002F062FB256B061E18BF4FF46176002D41
:10FEA00000F0818000272068D5F84C80A96D67603C
:10FEB0002F6020B10191C047256B01992760A86888
:10FEC00020B1C047256B0023C5E901334FF000087E
:10FED000A068EF6CA96DC4F80C80C5F80C8028B13F
:10FEE000B847256BC4F80880EF6CA96D4FF0000887
:10FEF0006869C5F8108028B1B847C5F81480256B2B
:10FF0000EF6CA96D4FF000082069C4F81480C5F8A3
:10FF1000408028B1B847256BC4F81080EF6CA96DFC
:10FF20004FF00008A069C4F81C80C5F8188028B1FB
:10FF30000191B847256B0199C4F81880286A20B14F
:10FF4000B847256B0023C5E907330027206AD5F899
:10FF50004C80A96D67626F6220B10191C047256B2B
:10FF600001992762E86A20B1C047256B0023C5E9E3
:10FF70000A330027A06AD5F84C80A96DE7622F6389
:10FF800020B10191C047256B0199A762A86B20B1F0
:10FF9000C047256B0023C5E90D33EB6C2846A96DDE
:10FFA000984700232363304602B0BDE8F0810B265A
:10FFB000304602B0BDE8F08118B338B5036B044693
:10FFC0000BB319B31D684068854217D2681C1860CE
:10FFD000236843F8251002B115600846FFF7FEFCC0
:10FFE00050B1236B426800209B6843F82520226BA8
:10FFF00053680133536038BD012038BD40F286306C
:020000040801F1
:1000000038BD0B2070474FF4617038BD0B2038BDF0
:10001000002874D0036B10B50446002B71D0006823
:1000200038B16268002192000AF0D0FF236B0022F1
:100030001A60A06838B1E268002192000AF0C6FF99
:10004000236B0022DA60A06938B1E26900219200D6
:100050000AF0BCFF236B00229A61206A38B1626A01
:10006000002192000AF0B2FF236B00225A62A06ABC
:1000700038B1E26A002192000AF0A8FF236B002247
:100080001A63206938B16269002192000AF09EFF6C
:10009000236B00221A64986838B15A6800219200D4
:1000A0000AF094FF236B00225A60586938B11A692C
:1000B000002192000AF08AFF236B00221A61186A5D
:1000C00038B1DA69002192000AF080FF236B002228
:1000D000DA61D86A38B19A6A002192000AF076FF94
:1000E000236B00229A62986B40B15A6B00219200F8
:1000F0000AF06CFF0023226B1846536310BD0B20DF
:1001000070474FF4617010BD002800F080812DE928
:10011000F04F046B83B00546002C00F07A814FF05D
:1001200000091F46D4F858A088461646D4E913B3F0
:10013000C0F80490C4F80090002900F0BF808C0043
:1001400052460068214601939847019B2860002889
:1001500000F0F6802246494601930AF037FFC5F8C1
:1001600004805246D5F830802146019BD8F808001B
:10017000C8F8049098472B6BC8F808009B68002BC0
:1001800000F04A812246494618460AF01FFF2C6BB0
:100190004FF00008D4F85890D4E91323C5F80C8028
:1001A000C4F80C80002E40F09B80A86828B1494616
:1001B00090472C6BAE60D4F858904FF00008F619B9
:1001C000C4F8108040F0A280606930B14946E36C09
:1001D000984766612C6BD4F858900026D4E913A890
:1001E0006E612664002F40F0AF80286938B149461F
:1001F000D0472C6B2F61D4F85890D4E913A800266F
:100200000C9BEE61A661002B40F09380A86920B1A1
:100210004946D0470C9B2C6BAB61206A28B14946FC
:10022000D0472C6B0023C4E9073300260D9BA76D34
:10023000D4E913896E626662002B00F098804FEA61
:10024000830A3A46286A5146C8472862002877D070
:10025000524631460AF0BAFE2C6B0D9B3A46E06AD4
:1002600051466B62A662C8472B6BE062DC6A002CC9
:1002700000F0F2802046524631460AF0A7FE2C6B71
:1002800000260E9BA76DD4E91389EE622663002B2E
:1002900040F09780A86A20B13946C0470E9B2C6B6E
:1002A000AB62A06B00284CD03946C04700232A6BB4
:1002B0001846C2E90D3303B0BDE8F08F006820B1E5
:1002C0005146D8472C6BC5F80080A06800283FF441
:1002D0005FAF5146D8472C6B0023C4E9013357E781
:1002E000B4004A46A86821469847A86040B3224611
:1002F00041460AF06BFE4FF000082C6BEE60F619D9
:10030000D4F85890C4F810803FF45EAFB6004A4667
:10031000236D60693146984781466061002800F08E
:100320008480324641460AF051FE2C6BD4F8589036
:1003300053E79C004A46A8692146C047A86140BBD4
:100340000A2003B0BDE8F08FBC004A462869214668
:10035000C04728610028F3D0224631460AF036FE15
:100360002C6B6F61D4F85890D4E913A847E7286A3A
:1003700020B13946C0470D9B2C6B2B62E06A0028E8
:100380003FF47EAF3946C0472C6B0023C4E90A33E3
:1003900076E7224631460AF019FE2F6B0C9B4A463F
:1003A000386A2146EB61FE61C0472B6B38621F6AD9
:1003B000002F4AD02246314638460AF007FE2C6B01
:1003C00033E79C003A46A86A2146C847A86200283D
:1003D000B6D0224631460AF0F9FDD5F830A00E9B82
:1003E0003A462146DAF83800EB62CAF83460C8476A
:1003F0002B6BCAF838009B6B002B34D02246314659
:1004000018460AF0E3FD304603B0BDE8F08F0B203C
:1004100070474FF4617094E7286851460193D847BC
:10042000019B0A20C5E900338BE72B6BA868996D07
:10043000DB6C98472B6B2869DA6C996DC5E90299DA
:1004400090470A20C5E904997BE7A8694946D04747
:100450000A20C5E9067774E7286A3946C0470A20AA
:10046000C5E908446DE7A86A39460193C047019B76
:100470000A20C5E90A3364E72DE9F04F85B0054647
:100480000E46174612A89846DDF8449000F0EEFAA2
:10049000002D72D080F00100C0B200286DD1D5F8D7
:1004A00030A0BAF1000F04D06424204605B0BDE8A6
:1004B000F08FB9F1000F60D04846FEF79BFA002894
:1004C00068D0129B5C20169998472863002863D057
:1004D0005C2251460AF07AFD12ACD5F830B0DDE965
:1004E0000F320BF1480CCBF8449003EB020E0E9B3D
:1004F000D9F800909E440FCCCBE901AACBE904AA1D
:10050000CBE907AACBE90AAACBE90DAABE44ACE81D
:100510000F0023680EEB460109F12800CCF80030EB
:1005200002F010F82B6BCBF83C00D86B50B3109C4A
:1005300043463A463146029428460F9C01940E9C4D
:100540000094FFF7E1FD04460028AED02B6B2BBBD7
:10055000002628463346324631460096CDE90166EC
:10056000FFF7D2FD286B00289FD0C36C816D9847A0
:1005700020462E6305B0BDE8F08F0B24204605B061
:10058000BDE8F08F012401F0E7FF002818BF4FF409
:100590006174DDE7652488E70A2486E7D86BF2E713
:1005A00018B338B5036B04460BB319B3DD68C068E4
:1005B000854217D2681CD860A36843F8251002B1A1
:1005C0001560084608F0E6F950B1236B4268002038
:1005D0005B6943F82520226B13690133136138BD31
:1005E000012038BD40F2863038BD0B2070474FF4F3
:1005F000617038BD0B2038BD28B338B5036B044695
:100600001BB329B3186C6569A84219D2451C1D6437
:10061000236943F8201002B110600846FFF79AFBE7
:1006200068B1226BE368156C013B1D4408F0B2F918
:1006300080B1236B426800205B6943F8252038BDF8
:1006400040F2863038BD0B2070474FF4617038BDE2
:100650000B2038BD012038BD18B338B5036B0446F4
:100660000BB319B39D69C069854217D2681C9861A4
:10067000A36943F8251002B115600846FEF7DEF8BD
:1006800050B1236B426800201B6A43F82520226B7F
:10069000D3690133D36138BD012038BD40F28630C3
:1006A00038BD0B2070474FF4617038BD0B2038BD4A
:1006B00018B338B5036B04460BB319B35D6A406ACF
:1006C000854217D2681C5862236A43F8251002B18C
:1006D00015600846FEF7E2FF50B1236B4268002028
:1006E000DB6A43F82520226B936A0133936238BD9D
:1006F000012038BD40F2863038BD0B2070474FF4E2
:10070000617038BD0B2038BD2DE9F04F2DED028B07
:100710008DB0CDE90423002800F04F81066B05461B
:10072000002E00F01A81436883B9EB6873B96B69D6
:1007300063B9EB6953B96B6A43B9EB6A33B940F2F9
:1007400085300DB0BDEC028BBDE8F08F049B326CA0
:10075000012B059B73F10003C0F2F880DDE90487EB
:10076000002A00F00F810024134640F2213932465E
:10077000A246A3469FED988B14E00028E1D1DDE965
:100780000823424573EB070103DA90461F464FF0FA
:10079000010B2A6B136C01344AF1000A9C427AF176
:1007A000000128D2286908A9A60050F824000028D2
:1007B000F1D0EB68D2F814C023445CF823E0BEF11A
:1007C000000F06D013694CF823E0013313612B6945
:1007D00098598DED088BFFF78BFA4845CDD12B69E1
:1007E000002201349A512A6B4AF1000A136C9C4290
:1007F0007AF10001D6D359461646DDE90432134397
:1008000040F0B480002300220C46CDE90823CDE956
:100810000A2308AB029306F13403F26B06F11001D0
:100820000093301D06F11C03019206F1280201F02D
:1008300025FD2B6B80461A6CE2B14FF000094F4644
:100840002A690DF11F014FEA890652F8290060B1AB
:100850008DF81F70FFF710FA00287FF472AF9DF833
:100860001F300BB92A6993512B6B09F101091A6CDE
:100870004A45E5D838F0020076D16F687FB102466C
:1008800002E00132BA420AD0996851F822100029D8
:10089000F7D12E6846F822100132BA42F4D1EF683F
:1008A0007FB1002202E00132BA420AD0596951F800
:1008B00022100029F7D1AE6846F822100132BA4260
:1008C000F4D1EF697FB1002202E00132BA420AD0CE
:1008D000196A51F822100029F7D1AE6946F82210A2
:1008E0000132BA42F4D16F6A7FB1002202E00132D4
:1008F000BA420AD0D96A51F822100029F7D12E6ADB
:1009000046F822100132BA42F4D1EF6A7FB10022D8
:1009100002E00132BA420AD0996B51F82210002944
:10092000F7D1AE6A46F822100132BA42F4D1B8F1DA
:10093000020F7FF406AF84F00103DBB2002B18BF77
:1009400002200DB0BDEC028BBDE8F08F002A3AD03A
:100950004FF0FF386FF0004705E74FF461700DB0BE
:10096000BDEC028BBDE8F08F0120EAE6049B0C464B
:10097000012B059B73F10003A8BF44F0010414B9D7
:10098000234647E71146002F02DA4FF0000847469A
:100990000C464046394612A3D3E90023EFF708FD81
:1009A0000FA3D3E90023CDE9080140463946EFF70C
:1009B000FFFCCDE90A2308AB2CE70B200DB0BDEC02
:1009C000028BBDE8F08F11464FF0FF386FF0004703
:1009D00013E700BFAFF30080FFFFFFFFFFFFFF7FC4
:1009E00000CA9A3B0000000009F0CAB909F056BBE2
:1009F00009F032BA09F028BA10B5054C864684468B
:100A00000FCCACE80F0023687046CCF8003010BD66
:100A1000CCD20108A8B10268A2B14168A1B110B45A
:100A2000C46864B1806838B1084B1A600022C3E919
:100A300001100120C3E903425DF8044B70472046D2
:100A4000FAE7704710467047084670476400002474
:100A500010B5054C864684460FCCACE80F002368E1
:100A60007046CCF8003010BD6400002458B1036813
:100A700043B1436833B1C36823B18068003818BFFD
:100A8000012070471846704780EA1041164A174BFC
:100A90004FF0010C81F03D0101EBC10181EA111120
:100AA00002FB01F181EAD131A3FB01231B0903EB16
:100AB0004302C3EBC203D0B4C91A0D4C6218D2E88A
:100AC0004F3FC2E846CF002EF9D1DBB2BFF35B8FB8
:100AD000002BF4D1D0E90067BFF35B8F635430463D
:100AE0003946D0BC704700BF2DEBD427C94216B29F
:100AF00048A3012470B580EA104E1649164C8EF0BA
:100B00003D0E0EEBCE0E8EEA1E1E01FB0EFE1349AD
:100B10008EEADE3EA1FB0E514FF00105090901EB03
:100B2000410CC1EBCC01AEEB010E04EB0E0CDCE88A
:100B30004F1FCCE8465F002EF9D1C9B2BFF35B8FDF
:100B40000029F4D1C0E90023BFF35B8F04F80E1035
:100B500070BD00BF2DEBD42748A30124C94216B2B3
:100B600080EA104C17498CF03D0C0CEBCC0C8CEA55
:100B70001C1C01FB0CFC14498CEADC3C70B586465D
:100B8000A1FB0C01114D4FF00100090901EB4104DB
:100B9000C1EBC401ACEB010C05EB0C01D1E84F4FEC
:100BA000C1E8460F002EF9D1E4B2BFF35B8F002CF1
:100BB000F4D1DEE90001CEE90023BFF35B8F05F835
:100BC0000C4070BD2DEBD427C94216B248A30124B6
:100BD00068B110B50C4629B109F0EEF820B12060DB
:100BE000002010BD034810BD034B236010BD034817
:100BF000704700BFFCD2010868D40108E0D20108A8
:100C0000064B1B783BB1064B1A780AB901221A70C1
:100C1000044B18787047044B187870475FA3012481
:100C200071A3012470A3012418D30108000000005F
:100C30009FED077B0023084A08481380084903708A
:100C40000B7082ED027B074A13707047AFF3008090
:100C5000000000000000000060A3012471A3012433
:100C600070A301245FA301240020704782B00020FC
:100C70008DE80C0002B0704784B000200DF1040C28
:100C800004B08CE80E0070470FB4F0B583B008AC28
:100C90000E9E84E80F0026B308A8FFF7E7FE00B316
:100CA00000210FAB32460846CDE9003300F006F9CB
:100CB000431C054615D0471C0D9B9F4201D95D1E64
:100CC0001F46089B38460C999847044648B132465F
:100CD0003946019B00F0F2F8002809DB0023635538
:100CE00000E00024204603B0BDE8F04004B07047A7
:100CF0002046099B0C9900249847F3E72DE9F04F13
:100D00002DED028B87B0002680468A46009008466B
:100D100008EE102A99461025EFF742FB3746B346F6
:100D200001901EE00BF1010B019B5E4504EB0308F3
:100D300011D22E44D9F80830D9F8102005EB45051A
:100D4000B1009847002800F08880B5F5801F07465D
:100D500028BF4FF48015009A07EB8B03A41A43F8C1
:100D6000044C514640460AF058F904463846002CD7
:100D7000D8D14046EFF714FB009BA8EB030808EB23
:100D800000040294BBF1000F45D018EE100AEFF7F3
:100D900007FB019A0646D9F80030821AD9F81010DC
:100DA0000BFB0242501C059298478246002854D003
:100DB0003A683D46009901240AF02BFA3B68CDE9D8
:100DC000037A0AEB030818EE107ADDF800A0CDF8DC
:100DD0000090DDF80490324639464046B0440AF0AF
:100DE00018FA55F8042BA3454A440AEB02012AD00D
:100DF0002868821A404690440AF00BFA621CA34508
:100E00001446E8D8DDF80090DDE9037A0023059A5E
:100E10000AF802300BE02046D9F80030D9F810105B
:100E200001309847824610B100990AF0EAF9384635
:100E3000D9F80430D9F810109847504607B0BDECE7
:100E4000028BBDE8F08F029B4046DDF800909A1AB5
:100E5000DDE9037A0AF0DDF9D8E74FF0000AE6E7AA
:100E60000CB430B583B006AB53F8042B0193E2B158
:100E7000B0FA80F4B1FA81F550EA010C4FEA54144B
:100E80004FEA551508D084B97DB909F0D3FF03B0F6
:100E9000BDE8304002B070476146604609F0CAFFC5
:100EA00003B0BDE8304002B070470AF07DF9162269
:100EB00003464FF0FF301A60E9E700BF70B5B2B1EA
:100EC000B0FA80F4B1FA81F550EA010C4FEA5414FB
:100ED0004FEA551505D054B94DB9BDE8704009F039
:100EE000A9BF61466046BDE8704009F0A3BF0AF0A3
:100EF0005BF9162303604FF0FF3070BD84B070B50E
:100F000082B0054607AC84E80E00B0B1EFF748FAAE
:100F1000421C079B06460B991046019298470446CF
:100F200028B1019A29460AF074F90023A3552046F6
:100F300002B0BDE8704004B070470446F7E700BF58
:100F400082B0F8B506AC054684E80C0088B14F1CA9
:100F50000E460A9938469047044628B13A46294633
:100F60000AF057F90023A3552046BDE8F84002B027
:100F700070470446F8E700BF0020014B1860704737
:100F800074A3012400285ED02DE9F0410C460168CD
:100F900082B0054629B1CB68A34206D91C46002978
:100FA000F9D11F2002B0BDE8F0818B68A34246D082
:100FB0000E6A002C33D0B4F1804F42D2A700D1F892
:100FC0001880086832463946C047002839D02B6857
:100FD0003246394618605868C047002831D02D681D
:100FE000AB686860A34225D22A6800EB070C990021
:100FF00002EB830E00EB8306E64503D202EB070CFF
:10100000664522D3E31A704600219A00019209F046
:10101000DDFF019A0021304609F0D8FF0AE04F6950
:1010200008683146B8472B68314658681C60B84795
:101030002D686C600020AC6002B0BDE8F08100203B
:10104000B0E70A20AEE70B2070470B1F184413448B
:10105000043A1744002243F8042FBB4240F8042FFF
:10106000F9D1E7E782B070B504AC84E80C0080B336
:10107000066804462EB11E252846BDE8704002B021
:10108000704704A80D46FFF7F1FC10B3049B242021
:1010900008999847206010B30DF1100E00F1100C64
:1010A000C0E90066C0E90266BEE80F00ACE80F00C8
:1010B000DEF8003029462046CCF80030FFF762FF0A
:1010C00005460028D8D0059B0899206898472660D7
:1010D000D2E70B252846BDE8704002B070470A25CC
:1010E000CAE700BF2DE9F04182B000283AD0046879
:1010F0000646002C32D0A3682BB3002522682F4669
:1011000052F82500E0B1216AD4F814800191C0475B
:101110000199D4E9003243F8257052F82500C04700
:10112000E3686268013B42F825700135E36034688A
:10113000A3689D4207D2226852F825000028E2D118
:1011400001359D42DCD300213046FFF71BFF0446EA
:1011500020B930684369016A98473460204602B07C
:10116000BDE8F0810B24204602B0BDE8F08100BF4D
:1011700078B32DE9F84FD0F800B0BBF1000F1FD0C5
:10118000B1FA81F488466409D1B1DBF80870DBF864
:101190000060AFB19146043E56F8045F4FEA840AFE
:1011A0000134284655B1EFF7FBF802462946404680
:1011B0004A4538BF4A4609F01EFF20B1A742EBD18D
:1011C0000020BDE8F88FDBF8043053F80A00BDE8D2
:1011D000F88F704700B370B584B0044601206946AB
:1011E000F9F7F2FCDDE90031002912DB53EA0102D4
:1011F000029D01D1002D0CDB084E0020A3FB06321E
:101200005B1906FB012242EBE572C4E9003204B02F
:1012100070BD022004B070BD0B20704700CA9A3B1D
:1012200000B370B584B0044600206946F9F7CCFCE1
:10123000DDE90031002912DB53EA0102029D01D1F0
:10124000002D0CDB084E0020A3FB06325B1906FBC9
:10125000012242EBE572C4E9003204B070BD022005
:1012600004B070BD0B20704700CA9A3B000000001C
:1012700010B50446103000F00FF800232046A3609C
:10128000A364E3649FED027B84ED007B10BD00BF8F
:10129000000000000000000010B5044638220021C4
:1012A00009F094FE04F1100001F00CFD4FF0FF3343
:1012B0002046E36010BD00BF70B4059CDDE9036506
:1012C0007AB173B1002E18BF002D0AD04CB1646BF7
:1012D000207400206562C4E90512C4E9073670BCB9
:1012E00070470B2070BC70471F4B1A7B70B50546CA
:1012F000ADF5247D0E4692B11C6884B1A0683246DB
:10130000294600F5287003F0C9F9646880F00103EC
:10131000D8B20CB10028F1D10DF5247D70BD134B6E
:1013200000211A7818698DF800225A689C90A392BF
:101330005869DA689B689B926A469D9008469A9322
:1013400000F084FF0028E7D1324629469EA803F02A
:10135000F1F90446684603F06DF984F00103D8B250
:101360000DF5247D70BD00BF70FA012478A301241F
:1013700070B528B1044600680D4601F095FC10B91F
:101380000124204670BD6368002BF9D0002DF7D0F2
:10139000286801F089FC0028F2D06E68002EEFD09A
:1013A000646832692069D0F8883300F528701968BC
:1013B00003F0B2FA02462069D0F89033D0F88813CF
:1013C00001F0F8FB20693269D0F8883300F5287005
:1013D000196802F019FF02462069D0F89033D0F85E
:1013E000881301F0E7FB03462846002B14BF0024B6
:1013F000022401F0BDFAC4E7014B1868704700BF32
:1014000098DA010884B0F0B583B009AD85E80E0024
:1014100030B104462846FFF729FB08B1A6682EB173
:101420000B2003B0BDE8F04004B070470022002359
:1014300004F1200CDFF898E06F46C4E90023204B4C
:101440001B68A3600FCDACE80F002B683846CCF8C2
:101450000030C4F81CE0E66001F034FC04F1100335
:10146000032297E8030083E803001648164926760E
:1014700001F0BEF9134807F08BFCF0B1134A836802
:101480005168636310785961D1681874D961116922
:1014900019625169926859629A6105F077FA08F009
:1014A00091FD08F0BDFD636B98620028F9D0002023
:1014B00003B0BDE8F04004B070470120B1E700BFC1
:1014C00098DA010830FA012428A5012478A3012420
:1014D00040D10108002847D070B50D4649B10446F7
:1014E000806820B1224B1968EEF7FAFEA8BBAB6802
:1014F0001BB14FF00B0C604670BD23462A4604F129
:101500003006D3F800E0103353F80CCC103253F807
:10151000080C53F8041CB34242F810EC42F80CCC0F
:1015200042F8080C42F8041CEBD119685B681148BA
:101530001160536007F02CFC98B183684FF0000CE9
:101540006B63656B03F1100410350FCD0FC495E884
:10155000070084E80700604670BD4FF00C0C604641
:1015600070BD4FF0010CC6E74FF00B0C60467047A2
:1015700098DA010830FA012410B58EB088B3044619
:101580002030FFF773FA60B3A06820B11A4B1968D6
:10159000EEF7A6FE68BB194B196831B3626B01E028
:1015A000496811B38B689A42FAD1144807F000FCDD
:1015B0006846FFF771FEEE46A4460024BEE80F0021
:1015C000ACE80F00BEE80F00ACE80F00BEE80F006B
:1015D000ACE80F009EE803008CE8030020460EB044
:1015E00010BD0B2420460EB010BD012420460EB0C5
:1015F00010BD0C24F2E700BF98DA010830FA01248C
:101600002DE9F04383B0002800F0D3800E46002976
:1016100000F0CF80436B0546002B00F0CA80784B6A
:1016200080681F6828B13946EEF75AFE002840F05E
:10163000CA80744C4FF0000873497448D5E9002300
:10164000B760C6E90023EB680122B36401F070F8CB
:10165000204606226E4901F0ABF86C4884F80D80F4
:1016600007F096FB002800F0A9808468686B04F1FD
:101670001009416A90F810C0D0E906230191614633
:10168000006A0090484602F097FF4FF47A7204F522
:10169000805360496048C4E9E32204F55E72C4E9FE
:1016A000E122C3F894850122C3F89885C3F89C858C
:1016B000C3F8A085C4E9DA78F46401F019F80622C9
:1016C0005649574800F0F4FF06225649564800F0A4
:1016D000CFFF01225549564800F08AFF01225549A3
:1016E000554800F0A5FF0C225449554801F040F838
:1016F00003225449544801F07BF8042253495448CA
:1017000001F096F853495448042201F0B1F84246DA
:10171000696BF06C00F09AFD0746002858D16B6B9E
:1017200004F5287504F522719A6A284603F078FAC0
:1017300022464A49284603F097FA3A46484928463D
:1017400003F08EFA3A464749284603F091FA3A46A2
:101750004549284603F090FAB4F89822042304F58A
:1017600065719200284603F0C7FAB4F89822042362
:1017700004F694319200C4F87403284603F092FAF8
:10178000C4F87803284603F0B1FA41F29431C4F862
:10179000800328462144B4F8982203F071FAC4F873
:1017A0007C03284604F08AF8F8B1384603B0BDE857
:1017B000F0830B27384603B0BDE8F0830127384695
:1017C00003B0BDE8F0830C27384603B0BDE8F083D2
:1017D000484602F02FFF21460C4807F0E9FA384648
:1017E000C6F84C8003B0BDE8F083484602F022FF03
:1017F0002146064807F0DCFAF7640127D5E700BF69
:1018000098DA010880FA012428AC012470FA012436
:10181000D0C10124ACA5012440FA012450F30124D5
:1018200090FA012450A6012450FA012460AB01244F
:1018300060FA0124E0A30124D0A3012460F801246C
:10184000A0FA012428A5012430FA0124B0F90124CA
:10185000B0FA0124A8A4012420FA0124C98B0108AC
:10186000C18B0108618C0108FD8C0108174BC16C0C
:1018700070B51C68054634B30026D4E901400269FE
:101880008A4218D0002CF8D189B1D1F8883301F5FB
:1018900028709B78012B14BF0A21002103F0E6FF7A
:1018A000E86C01F005F8E86C103002F0C3FE00238C
:1018B0003046EB6470BD183000F09CF8E96C0646C9
:1018C000002CDAD1E0E72646DEE700BF40FA01242B
:1018D0002DE9F04383B0002B64D0064638480F460C
:1018E00090461D4607F054FA00285BD08468EB6CE4
:1018F00004F12C0904F118052361FFF77DFDC4F8FC
:101900002090C4E906043046EEF74AFD421C3C2A0A
:1019100040D8484604F16809314609F07AFC384657
:10192000C4F82490EEF73CFD421C3C2A32D83946DC
:10193000484609F06EFC2369012103F58053B3F892
:1019400094054218A3F8942502F078FE60613B7874
:101950002F2B2CD17B7853BB33461A4A3C211A4893
:1019600009F0C6F9206906211FFA88F3D0F884230C
:1019700000F528700191144900911168626902F024
:101980008FFC02462069D0F88C33D0F8841301F024
:1019900011F918B92846002500F090FF284603B039
:1019A000BDE8F0830025284603B0BDE8F0833B4640
:1019B000064A3C210096044809F09AF9D2E700BF94
:1019C00040FA012450D3010894A3012450D1010806
:1019D0008C461146BCF1000F0AD09CF800303BB198
:1019E00032B1137823B10346826C6046FFF770BFB3
:1019F00000207047F8B528B30746006820B1374B80
:101A00001968EEF76DFCE8B97D68DDB1344B1C68F0
:101A1000002C60D00026D4E90141D1F880309D42ED
:101A200013D0002CF7D12F4B1C68C4B1D4E901416D
:101A30000B6A9D42F9D17C31384600F051FB0128F8
:101A40000646F2D101263046F8BD8431384600F012
:101A500055F801280646F5D0002CDCD1E3E7224BEF
:101A60001C686CB1D4E901418B6F9D42F9D17C3186
:101A7000384600F0E7F901280646E3D0002CF1D102
:101A80001A4B1C686CB1D4E901418B6F9D42F9D1AE
:101A90007C313846FFF76CFC01280646D2D0002C7A
:101AA000F1D128696A69D0F8883300F5287019687F
:101AB00002F0AAFB02462869D0F88813D0F89033C8
:101AC00001F078F803463846002B08BF022600F0E4
:101AD000F5FE3046F8BD2646A5E700BF98DA0108B6
:101AE00050FA012490FA012460FA0124D0A30124C1
:101AF0004368186900F55A70704700BF2DE9F0413E
:101B000028B1044600680D4601F0CEF818B901244A
:101B10002046BDE8F0816368002BF8D0B5FA85F463
:101B20006409002DF3D0286801F0BEF80028EED03B
:101B30006E68002EEBD0706AD6F8807007F0C6F998
:101B4000D6F8803072691869D0F8883300F52870AB
:101B5000196802F059FBD6F880308046326918695E
:101B6000D0F8883300F52870196802F04DFB06465E
:101B700038694246D0F89033D0F8881301F01AF84B
:101B80003F6932460646D7F890333846D7F888136F
:101B900001F010F826B118B1284600F0A7FEB7E70B
:101BA0000224F9E72DE9F043044600688BB00E46A5
:101BB000154628B1214B1968EEF792FB002839D160
:101BC000646800276369D4F878809B689847D0F8E8
:101BD00004903046D9F810309847D8F8103000906B
:101BE00003F52870226902AB216F04F0E5FEC5E918
:101BF000000798B1D9F8083002A93046984794F800
:101C00007230D8F81000012B0CD0616F00F52870ED
:101C100003F064FC38460BB0BDE8F08301200BB044
:101C2000BDE8F08300F5287003F09EF838460BB04D
:101C3000BDE8F0830C200BB0BDE8F08398DA010812
:101C40002DE9F0430546006889B00C4690461E46D3
:101C500028B1284B1968EEF743FB002846D10EB196
:101C600000233370D5F8049000F026FF484600F0BA
:101C7000FBFE0746B0B38568D5F83828D5F83C3860
:101C8000C4E9083295F837382374B5F8342895F844
:101C90003638A4F81120E374D5F82818D5F82C2884
:101CA000D5F830386161A261E361D9F814309B68DE
:101CB00098474468D5F8102805F11001684602F0ED
:101CC0002FFA4146E36868469847394604460A4871
:101CD00007F06EF806B1347084F00100C0B209B0AC
:101CE000BDE8F083012009B0BDE8F0830C2009B005
:101CF000BDE8F08398DA010880FA0124F0B50546C2
:101D0000006891B00C46164628B1294B1968EEF7C9
:101D1000E7FA002841D16D68A1686068AF6FD4E927
:101D2000043207932346069213F8012B9B788DF813
:101D300017208DF81630B4F80130E268ADF8143091
:101D400002AB6C6907C3E36898474468304623696F
:101D5000984700F118033869009308AB00F5287024
:101D60002A69296F04F028FE10B9012011B0F0BDD6
:101D700002A908A805F0D6FDA36808A9304698472F
:101D800095F872303869012B0AD0696F00F5287018
:101D900003F0A4FB002011B0F0BD0C2011B0F0BD89
:101DA00000F5287002F0E0FF002011B0F0BD00BF88
:101DB00098DA01082DE9F0410446006888B00F4622
:101DC00090461D4620B11D4B1968EEF789FA68BB95
:101DD0000DB100232B70646800F06EFE204600F009
:101DE00043FE064630B363698468DB6804F503622A
:101DF00052E90201C7E9080198474768D4F810285A
:101E000004F11001684602F08BF94146FB68684610
:101E10009847314604460A4806F0CAFF05B12C70BF
:101E200084F00100C0B208B0BDE8F0810C2008B019
:101E3000BDE8F081012008B0BDE8F08198DA010822
:101E400080FA012470B528B1044600680D4600F000
:101E50002BFF10B90124204670BD6368002BF9D018
:101E6000002DF7D0286800F01FFF0028F2D06E6820
:101E7000002EEFD0646832692069D0F8883300F50D
:101E80002870196802F048FD02462069D0F89033A6
:101E9000D0F8881300F08EFE20693269D0F88833BC
:101EA00000F52870196802F0AFF902462069D0F8F1
:101EB0009033D0F8881300F07DFE03462846002BAF
:101EC00014BF0024022400F03DFDC4E72DE9F04FCB
:101ED0008DB0002900F0D8800446002800F0D4809E
:101EE00000680E4615461F4600F0DEFE80F0010039
:101EF000C0B2002840F0C880002D00F0C5802B78CB
:101F0000002B00F0C180002F00F0BE806748D4F89D
:101F1000049006F03DFF0446002800F0B680D0F89B
:101F2000088008F1980AC8F88080FFF765FAC8F8B9
:101F30007C00C8F884A02846EEF732FA013008F198
:101F40007C043C2800F2A5802B46594A3C2150468F
:101F500008F0CEFE3946502208F12800C8F820903B
:101F600009F057F93046534901F0AEF8002800F067
:101F700090804268C8F81820002A00F08A8029461C
:101F80003B46484606F052FFC8F81C00002800F007
:101F90008580D9F810300421062503F58053B3F865
:101FA0009C05421CA3F89C2502F048FBC8F81000D1
:101FB000D9F81000D0F8843300F52870009519681E
:101FC000D8F81020D9F8143002F0D2F90246D9F826
:101FD0001000D0F88C33D0F8841300F0EBFD00280B
:101FE00057D0D9F81030294608AE03F58053B3F81E
:101FF0009E05421CA3F89E2502F020FBD9F810A0F4
:10200000D8F81C303946C8F814003046DAF884B3E2
:10201000059300F0EBFD0395059B96E80300019006
:102020000AF52870ADF808101B690093DBF8001062
:10203000D8E9043202F0CCF90246D9F81000D0F801
:102040008C33D0F8841300F0B5FD10B33B7A4FF613
:10205000FF72D9F81000022B0A92D0F884134FF0C7
:10206000000208BFD0F8803300F5287018BFD0F800
:10207000D4300B9207930AAB0093079BD8F8142037
:10208000096802F00FFC00E0002420460DB0BDE816
:10209000F08FD8F81C0008B100F080FC2046002426
:1020A00000F03AFC20460DB0BDE8F08F90FA012414
:1020B00050D301081CD3010878B110B5B1FA81F4EE
:1020C000640941B143685022084603F1280109F030
:1020D000A0F8204610BD0B2010BD0B20704700BF9C
:1020E0002DE9F04128B1044600680D4600F0DCFD02
:1020F00018B901242046BDE8F0816368002BF8D0B0
:10210000B5FA85F46409002DF3D0286800F0CCFD01
:102110000028EED06E68002EEBD0376A72693869FD
:10212000D0F8883300F52870196802F0F5FB0246F4
:102130003869D0F89033D0F8881300F03BFDF0698F
:1021400006F0C4FE336A72691869D0F8883300F566
:102150002870196802F058F8336A804632691869A5
:10216000D0F8883300F52870196802F04DF806465B
:1021700038694246D0F89033D0F8881300F01AFD41
:102180003F6932460646D7F890333846D7F8881369
:1021900000F010FD26B118B1284600F0BDFBA9E7FC
:1021A0000224F9E7F0B50446006889B00F461546E9
:1021B00028B1244B1968EEF793F800283ED105B3F7
:1021C000002364682B7000F077FC204600F04CFC84
:1021D0000646F0B181686846D1F81028103101F048
:1021E0009FFFA36939466846DB6898470446314635
:1021F000154806F0DDFD2C7084F00100C0B209B076
:10220000F0BD646800F058FC204600F02DFC054647
:1022100010B9012009B0F0BDA9686846D1F81028AE
:10222000103101F07DFFA36939466846DB689847A5
:1022300029460446044806F0BBFDDDE70C2009B042
:10224000F0BD00BF98DA010880FA012408B508B192
:1022500000F1100239B14969104602F0B7F980F077
:102260000100C0B208BD044B1046596802F0AEF937
:1022700080F00100C0B208BD78A301242DE9F0432D
:10228000984640EA010389B048EA0303129C1343CD
:1022900000F0068105460E4691466CB1A64B04AF90
:1022A0000FCB87E80F008DE80F0094E80F0000F0D7
:1022B0002DFD002800F00B814FF0FF3700F0FCFBF4
:1022C0009E4B1C684CB123460021D3E9013202F534
:1022D000805282F8A415002BF7D1B9F1000F11D06C
:1022E000D9F8001071B1D9F804C0002301205CF8BE
:1022F00023200133926F9942126902F5805282F8CD
:10230000A405F4D1B8F1000F11D0D8F8001071B1C4
:10231000D8F804C0002301205CF823200133926F19
:102320009942126902F5805282F8A405F4D185B170
:10233000296871B1D5F804C0002301205CF823207E
:102340000133126A9942126902F5805282F8A4059B
:10235000F4D144B322460023D2E9012101F5805192
:1023600091F8A4150B44DBB2002AF5D1002B5FD005
:102370007A1C0DD007EE907AF8EEE76A07EE903AF5
:10238000F8EE677A86EEA77AFDEEC77A17EE907AB6
:10239000A06800F5805393F8A435002B40F08D80A1
:1023A0006468002CF4D1B9F1000F00F0A180D9F8D5
:1023B0000070002F00F0A48000242746D9F80430D4
:1023C00053F8240000F050FB00283BD00134D9F82A
:1023D00000300127A342F1D80127B8F1000F10D037
:1023E000D8F800306BB10024D8F8043053F824003A
:1023F00000F03AFB70B30134D8F800300127A34253
:10240000F2D8002D35D02B689BB300246B6853F8AD
:10241000240000F029FB28B301342B680127A342D4
:10242000F4D8002E3CD03468002C39D0012723E0AA
:10243000A068002100F5287003F016F86468002CED
:10244000F6D1B0E7D9E9003242F824000134A342C2
:10245000B4D8C2E7D8E9003242F8240001349C42E3
:10246000C2D3CEE7D5E9003242F824000134A342BA
:10247000CCD8A6B1346894B100231D4604E040F8DE
:1024800023200133A3420AD0706850F823100A7C3D
:10249000002AF4D0013317460D74A342F4D147B19A
:1024A000002009B0BDE8F0831EB134682F46002C2F
:1024B000E2D1022009B0BDE8F083394600F528706A
:1024C00002F0ECFF6468002C7FF462AF6BE794E8E5
:1024D0000F0000F071FC0023194AEDF7B9FFB0F1CD
:1024E000004F074671F10003A8BF6FF00047E5E613
:1024F000B8F1000F0FD0D8F8003093B14F4672E713
:10250000B8F1000F07D0D8F80030002B7FF46BAF84
:1025100055B11F4677E7002DC6D02B6843B147461B
:1025200073E70DB14F466EE72F46002EA2D1C0E7EC
:102530004746002E9ED1BCE780CF010870FA0124E7
:1025400040420F0008B5034806F022FC08B180683D
:10255000103008BDB0FA012408B5084B196811B94C
:102560000AE0496841B18B6810339842F9D10348B9
:1025700006F01EFC002008BD012008BDB0FA0124B1
:10258000034B186810B1836893F84003704700BF8D
:1025900070FA0124054B1B6823B1986800F5287078
:1025A00002F0C6BB00200021704700BF70FA012472
:1025B000054B1B6823B1986800F5287002F0CABB70
:1025C00000200021704700BF70FA012408B5074BB6
:1025D0001B684BB10146986800F5287002F0F8FFBF
:1025E00080F00100C0B208BD012008BD70FA0124CE
:1025F000E2B12DE9F041057B0646ADB9C823174687
:102600000C46A846836040F20113C0E9005583815F
:1026100001352146304606F0CBFBAF42A46004F101
:10262000C80404F8BC8CF3D1BDE8F081704700BF4A
:10263000E2B12DE9F041057B0646ADB9C823174646
:102640000C46A846836040F20113C0E9005583811F
:1026500001352146304606F0ABFBAF42A46004F1E1
:10266000C80404F8BC8CF3D1BDE8F081704700BF0A
:10267000E2B12DE9F041057B0646ADB9D8231746F6
:102680000C46A846836040F20113C0E900558381DF
:1026900001352146304606F08BFBAF42A46004F1C1
:1026A000D80404F8CC8CF3D1BDE8F081704700BFAA
:1026B000E2B12DE9F041057B0646ADB9D8231746B6
:1026C0000C46A846836040F20113C0E9005583819F
:1026D00001352146304606F06BFBAF42A46004F1A1
:1026E000D80404F8CC8CF3D1BDE8F081704700BF6A
:1026F000E2B12DE9F041057B0646ADB9A4231746AA
:102700000C46A846836040F20113C0E9005583815E
:1027100001352146304606F04BFBAF42A46004F180
:10272000A40404F8988CF3D1BDE8F081704700BF91
:10273000EAB12DE9F843057B0646B5B941F2A85840
:1027400040F2011317460C46A946C0F80880838161
:10275000C0E9005501352146304606F029FBAF425D
:10276000A46084F80C904444F4D1BDE8F883704729
:10277000E2B12DE9F041057B0646ADB91C231746B1
:102780000C46A846836040F20113C0E900558381DE
:1027900001352146304606F00BFBAF42A46004F140
:1027A0001C0404F8108CF3D1BDE8F081704700BF21
:1027B000EAB12DE9F041057B0646B5B94FF4046353
:1027C00017460C46A846836040F20113C0E9005545
:1027D000838101352146304606F0EAFAAF42A46013
:1027E00084F80C8004F50464F3D1BDE8F0817047EF
:1027F000E2B12DE9F041057B0646ADB92C23174621
:102800000C46A846836040F20113C0E9005583815D
:1028100001352146304606F0CBFAAF42A46004F100
:102820002C0404F8208CF3D1BDE8F081704700BF80
:10283000E2B12DE9F041057B0646ADB91C231746F0
:102840000C46A846836040F20113C0E9005583811D
:1028500001352146304606F0ABFAAF42A46004F1E0
:102860001C0404F8108CF3D1BDE8F081704700BF60
:10287000E2B12DE9F041057B0646ADB920231746AC
:102880000C46A846836040F20113C0E900558381DD
:1028900001352146304606F08BFAAF42A46004F1C0
:1028A000200404F8148CF3D1BDE8F081704700BF18
:1028B0000146014806F07CBA70FA012438B5044696
:1028C000006828B1074B1968EDF70AFD40B9206090
:1028D000616829B1002504480D6106F069FA656058
:1028E00038BD00BF98DA010840FA012410B504464B
:1028F000006828B1064B1968EDF7F2FC38B9206082
:10290000616821B1034806F053FA0023636010BDEB
:1029100098DA010850FA012410B50446006828B17D
:10292000064B1968EDF7DCFC38B92060616821B10D
:10293000034806F03DFA0023636010BD98DA0108F1
:1029400090FA012410B50446006828B1064B1968B6
:10295000EDF7C6FC38B92060616821B1034806F084
:1029600027FA0023636010BD98DA010860FA012499
:1029700010B50446006828B1064B1968EDF7B0FCA5
:1029800038B92060616821B1034806F011FA0023CC
:10299000636010BD98DA0108D0A3012410B5044685
:1029A0000348214606F004FA0023A36110BD00BFCE
:1029B000A0FA012482B02B4930B50D6803AC84E83D
:1029C0000C001C46002D4BD02B4600219A685B68FA
:1029D000D2F81428904208BF0131002BF6D19DF89F
:1029E0000C30022B29D020D88C4228D8B4FA84F29B
:1029F000520924B3DDB14FF0FF3C6FF0004401E019
:102A00006D68ADB1AB68D3F814188842F8D1D3F82B
:102A1000181803F50263614553F8043C73EB040E88
:102A2000EEDA8C461C462A46EAE7032BDCD000226D
:102A30001046BDE8304002B070478C4205D90948C5
:102A4000BDE8304002B006F0A3B9B4FA84F25209EE
:102A5000002CEDD10348BDE8304002B006F098B933
:102A60002946BCE780FA0124124B1B6830B5F3B14C
:102A70004FF0FF3E6FF0004C002401E05B68A3B113
:102A80009A68D2F814188842F8D1D2F8181802F5CA
:102A90000262714552F8042C72EB0C05EEDA1C460A
:102AA0005B688E469446002BEAD1204630BD1C461A
:102AB000204630BD80FA01243D4B2DE9F04F1F68C0
:102AC0002DED068B8DB0FFF773FD002F5DD0B8465E
:102AD00081468A4604ACD8F8085095F82038042B73
:102AE0009FED2D8B9FED2EAB9FED2F9B3FD0052BA8
:102AF00044D0032B3BD08DED048B8DED06AB08ABA2
:102B00008DED088B8DED0A8B0FCB8DE80F0094E8CF
:102B10000F0000F0FBF818B18DED049B8DED068BD6
:102B2000D5F8186805F5026555F8047CD8F804B0A6
:102B300094E80F0000F040F9301847EB01014845D8
:102B400071EB0A0305DB55E9022391457AEB030398
:102B500003DA4146164806F02BF9BBF1000F14D0FA
:102B6000D846D8F8085095F82038042BBFD1D5F8AE
:102B7000143840330FCB84E80F00C0E7D5F8143881
:102B800048330FCB84E80F00B9E70DB0BDEC068BDE
:102B9000BDE8F08FAFF300800000000000000000EF
:102BA00001000000000000001E0000000000000006
:102BB00080FA012410B58C7886B0012CADF80E2077
:102BC0000CD0012419460DF10E020DF117030094EB
:102BD00000F5287002F0A6FC06B010BD00F52870C4
:102BE00002F0C2F8204606B010BD00BF4A7A91F844
:102BF00008C0022A18BF00220270ACF10202B2FA29
:102C000082F2520942700A788988A2F10202818018
:102C1000B2FA82F252098270704700BF002330B5C9
:102C20000B7087B003681446BBB10E4A1546009579
:102C300003920D4D426808460C4904920591029199
:102C400021460B4A019508F053F80028A8BF84429A
:102C5000CCBF0120002007B030BD064B014A1D4605
:102C6000E5E700BF40D3010858D3010854D3010859
:102C700044D3010868D4010830B5144683B0054632
:102C8000074B084A08460095214608F031F800280D
:102C9000A8BF8442CCBF0120002003B030BD00BFDC
:102CA0005CD3010848D1010810B5044640B1FEF7D5
:102CB000A3FB01462046EDF713FBB0FA80F0400974
:102CC00010BD00BF0022027042607047B0B138B53D
:102CD000044608460D46FDF7C9FE68B1206820B1DC
:102CE0006B682969984700232360201D05F03EFF8B
:102CF000003818BF012038BD0B2038BD0B207047AD
:102D00000022C0E900228260704700BFF0B484B0A6
:102D100004AC04E90F0003462549019D1046994281
:102D20004FF00202039EAA4130D3224C6FF00041C3
:102D3000A3FB043204FB0522DD438C1A8542B44117
:102D400032D310EB030C42EB0601194802220A9D14
:102D50000B9FDDE908369842B2411CD3154C6FF049
:102D60000040A3FB043204FB0622DE43841AAE4279
:102D7000BC4115D35B1942EB07028A4208BF634589
:102D80000CBF0120002004B0F0BC70474FF0FF3CA6
:102D90006FF00041D9E74FF0FF336FF00042ECE7EE
:102DA0004FF0FF330246E8E74FF0FF3CCDE700BFAE
:102DB000047DC12500CA9A3B70B485B004AC04E917
:102DC0000F0003461349019D104699424FF002023D
:102DD000039EAA4111D3104C6FF00041A3FB0432B3
:102DE00004FB0522DD438C1A8542B4410CD318182C
:102DF00042EB060105B070BC70474FF0FF306FF03A
:102E0000004105B070BC70474FF0FF3005B070BC9A
:102E1000704700BF047DC12500CA9A3B10B5044627
:102E20004022002108F0D2F8204610BD00285DD0D5
:102E30002DE9F0410D4600295AD004461646EDF71B
:102E4000AFFA50B123782F2B0ED002232B6046B15E
:102E5000002318463360BDE8F08101232B60002E6B
:102E6000F6D10020BDE8F081431EE25C2F2A41D05C
:102E7000621EC4F1010E02EB00080EEB020712F80D
:102E8000013F23F02001A3F12F0C413919290FD95B
:102E9000BCF10A0F0CD9A3F15F03B3FA83F35B090A
:102EA00033B904222A60002EDBD018463760D2E7FF
:102EB0004245E2D101231A4F04E0984204F1010493
:102EC00013461CD9984203F10102F6D021782F292C
:102ED000F3D161782F291ED0C95D4907EDD50622AF
:102EE0002A60002EBDD000203360B4E70B2070476D
:102EF0000B20B0E703222A60002EF4D1B1E7F728B7
:102F000003D8002318462B60A5E707232B60002E6B
:102F1000A7D0F623E7E705222A60002EE3D1A0E739
:102F20005DDB0108002843D070B51446C2B02AB357
:102F300001290D461E4602D103782F2B12D001AA7B
:102F40006946FFF773FF80B9009A4AB1072A07D094
:102F5000531E052B2ED8DFE803F01C1F2225281452
:102F6000F52D04D800231846236042B070BD072316
:102F70002360002EF9D0F4233360F6E70B2042B033
:102F800070BD06232360002EEFD0019B336042B05A
:102F900070BD01232360F6E702232360F3E70323D8
:102FA0002360F0E704232360EDE705232360EAE7CD
:102FB0000B20704713464FF48071034A02A8FDF7B7
:102FC0004FFF0120D1E700BF60D3010868B170B5A1
:102FD0000D4616460446EDF7E3F9334601462A4608
:102FE0002046BDE87040FFF79DBF0B20704700BF33
:102FF000072803D8024B53F8200070470148704758
:1030000058D50108B0D30108002842D02DE9F0417D
:103010000D4600293FD004461646EDF7C1F910B31E
:10302000631EC4F1010103EB0008CF1813F801EF90
:10303000AEF130022EF0200C092AACF1410C05D97A
:10304000BCF1190F02D9BEF15F0F14D19845ECD134
:103050002278164BD35C13F0040313D1FF281CD83D
:1030600018462B600CE001232B607EB1002318462C
:103070003360BDE8F08102232B603EB10020376051
:10308000BDE8F08103232B60002EEFD10020BDE8C6
:10309000F0810B2070470B20F2E704222A60002EFB
:1030A000F4D0FE2218463260EAE700BF5DDB01087B
:1030B000042803D8024B53F820007047014870479A
:1030C00064D6010878D501088368184710B504460E
:1030D0000068EDF705F900280CBF2046002010BD60
:1030E000044B1A680AB103487047034A0148126842
:1030F0001A60704784000024B8000024024A034B81
:1031000012681A60704700BFB800002484000024D1
:103110000221002008B501F007F8023008BD00BF09
:1031200009B100F07DB90846704700BF38B108B555
:103130000B460221184600F0F7FF023008BD704729
:103140000A4618B10188104600F06AB8704700BFFF
:1031500030B10221002008B500F0E6FF023008BDC2
:10316000704700BF004870479000002438B50D46F6
:103170000121044600F08CFF48B1A36801211D70B5
:10318000A26823690A4461750B44A2602361A07D93
:1031900080F0010038BD00BF38B50D46012104465E
:1031A00000F076FF60B1A2680121236912F8010BDB
:1031B0000B44003818BF01202870A260236161759C
:1031C000A07D80F0010038BD38B50D4601210446D0
:1031D00000F05EFF48B1A36801211D70A268236959
:1031E0000A4461750B44A2602361A07D80F0010058
:1031F00038BD00BF38B50D460121044600F048FF38
:1032000050B1A36801211B782B70A26823690A447E
:1032100061750B44A2602361A07D80F0010038BD80
:103220002DE9F0410B4682B004460221ADF806308C
:1032300000F082FF01462046677D00F0C5FF0221B5
:10324000204600F019FF78BBD4E90135AB4226D9FE
:103250005E1BA36023692046C6F102083344414641
:10326000236100F015FF00283BD0237D012B4AD0BD
:103270009DF807302B70002E40D09DF806306B7003
:1032800023690221A2680233A07D424461759E1B1E
:1032900080F00100A260266102B0BDE8F081022149
:1032A000204600F0F5FE90B1237D012BA36814D0D9
:1032B0009DF807109DF806201970A3685A70022126
:1032C000A26823690A4461750B44A2602361A07D52
:1032D00080F0010002B0BDE8F081BDF806201A8040
:1032E000EDE7A2682369A07D921B9B1B677580F0A8
:1032F0000100A260236102B0BDE8F081A3689DF8DF
:1033000006201A70BCE728460DF10605324629460C
:1033100007F07FFF4246A919A06807F07AFFAFE7E0
:103320002DE9F043044683B00D460221ADF8062096
:1033300000F002FF0146204694F8158000F044FF9B
:103340000221204600F098FE70BBD4E90167BE421E
:1033500025D923692046A660F61B3344C6F102092D
:103360002361494600F094FE002839D0012D4AD04F
:103370009DF807303B70002E40D09DF806307B70E2
:1033800023690221A268A07D02334A4461759B1B18
:1033900080F00100A260236103B0BDE8F083022148
:1033A000204600F075FE88B1012DA36814D09DF869
:1033B00007109DF806201970A3685A700221A268B0
:1033C00023690A4461750B44A2602361A07D80F0EB
:1033D000010003B0BDE8F083BDF806201A80EDE7D8
:1033E000A2682369A07D921B9B1B84F8158080F046
:1033F0000100A260236103B0BDE8F083A3689DF8DB
:1034000006201A70BCE70DF10605324638462946FB
:1034100007F0FFFE4A46A919A06807F0FAFEAFE7D9
:103420002DE9F84304460D46022100F085FE0146D1
:10343000204694F8158000F0C7FE0221204600F0D7
:103440001BFE60BBD4E90167BE4223D92369204635
:10345000A660F61B3344C6F102092361494600F019
:1034600017FE002834D0237D012B42D07B782B70AF
:10347000002E3AD03B786B7023690221A268023398
:10348000A07D4A4461759B1B80F00100A26023610E
:10349000BDE8F8830221204600F0FAFD80B1237DCB
:1034A000012BA36811D05B782B70A3681B786B701D
:1034B0000221A26823690A4461750B44A26023615A
:1034C000A07D80F00100BDE8F8831B882B80EFE72A
:1034D000A2682369921BA07D9B1B84F8158080F055
:1034E0000100A2602361BDE8F883A3681B786B70BC
:1034F000C2E739463246284607F08BFE4A46A819ED
:10350000A16807F086FEB7E72DE9F04704460E46AE
:103510000221154600F010FE0146204694F8158061
:1035200000F052FE0221204600F0A6FD70BBD4E957
:1035300001794F4525D923692046A760A7EB0907E4
:103540003B44C7F1020A2361514600F0A1FD002867
:1035500034D0012E43D099F801302B70002F3AD08F
:1035600099F800306B7023690221A2680233A07DB4
:1035700052446175DB1B80F00100A2602361BDE84D
:10358000F0870221204600F083FD78B1012EA36868
:1035900011D05B782B70A3681B786B700221A26836
:1035A00023690A4461750B44A2602361A07D80F009
:1035B0000100BDE8F0871B882B80EFE7A268236934
:1035C000D21BA07DDB1B84F8158080F00100A26077
:1035D0002361BDE8F087A3681B786B70C3E7494699
:1035E0003A46284607F015FE5246E819A16807F04A
:1035F00010FEB8E72DE9F04182B0044601910421A4
:1036000000F09AFD01462046677D00F0DDFD0421B3
:10361000204600F031FD002839D1D4E90135AB4214
:1036200030D95E1BA36023692046C6F104083344E9
:103630004146236100F02CFD00284CD0237D012B56
:1036400063D09DF807302B70002E51D09DF80630C6
:10365000012E6B7050D09DF80530022EAB704FD00C
:103660009DF80430EB7023690421A2680433A07D27
:10367000424461759E1B80F00100A260266102B089
:10368000BDE8F0810421204600F002FDD0B1237D89
:10369000012BA3681CD09DF807009DF806209DF81B
:1036A00005101870A3685A70A3689DF804209970DB
:1036B000A368DA700421A26823690A4461750B4487
:1036C000A2602361A07D80F0010002B0BDE8F0811E
:1036D000019A1A60EEE7A2682369A07D921B9B1BEA
:1036E000677580F00100A260236102B0BDE8F0813F
:1036F000A3689DF806201A70A3689DF805201A702B
:10370000A3689DF804201A70ADE7284601AD324643
:10371000294607F07EFD4246A919A06807F079FD09
:10372000A1E700BF2DE9F043044683B00D46042114
:10373000019200F001FD0146204694F8158000F04A
:1037400043FD0421204600F097FC002838D1D4E93D
:103750000176B7422FD923692046A760BF1B3B449F
:10376000C7F104092361494600F092FC00284AD0C1
:10377000012D63D09DF807303370002F51D09DF894
:103780000630012F737050D09DF80530022FB370B2
:103790004FD09DF80430F37023690421A268A07D06
:1037A00004334A446175DB1B80F00100A260236191
:1037B00003B0BDE8F0830421204600F069FCC8B1E5
:1037C000012DA3681CD09DF807009DF806209DF8E8
:1037D00005101870A3685A70A3689DF804209970AA
:1037E000A368DA700421A26823690A4461750B4456
:1037F000A2602361A07D80F0010003B0BDE8F083EA
:10380000019A1A60EEE7A2682369A07DD21BDB1B38
:1038100084F8158080F00100A260236103B0BDE848
:10382000F083A3689DF806201A70A3689DF8052010
:103830001A70A3689DF804201A70ADE701AD3A46EE
:103840003046294607F0E5FC4A46E919A06807F02A
:10385000E0FCA1E72DE9F84304460D46042100F001
:103860006BFC0146204694F8158000F0ADFC042165
:10387000204600F001FC002838D1D4E90176B74297
:103880002FD923692046A760BF1B3B44C7F1040919
:103890002361494600F0FCFB002846D0237D012B24
:1038A0005CD0F3782B70002F4CD0B378012F6B7065
:1038B00005F102034AD07378022FAB7005F10303C0
:1038C00048D03378EB7023690421A2680433A07DCB
:1038D0004A446175DB1B80F00100A2602361BDE8F2
:1038E000F8830421204600F0D3FBB0B1237D012BE7
:1038F000A36817D0DB782B70A3689B786B70A368E4
:103900005B78AB70A3681B78EB700421A268236915
:103910000A4461750B44A2602361A07D80F0010020
:10392000BDE8F8831B682B60EFE7A2682369D21B10
:10393000A07DDB1B84F8158080F00100A26023616C
:10394000BDE8F883A3689B786B70AB1CA2685278C3
:1039500003F8012BA26812781A70B4E731463A4690
:10396000284607F056FC4A46E819A16807F051FCC2
:10397000A9E700BF2DE9F04704460E46042115468D
:1039800000F0DAFB0146204694F8158000F01CFC9C
:103990000421204600F070FB00283CD1D4E9013717
:1039A000BB4233D9A3EB0709A36023692046C9F1C1
:1039B000040A4B445146236100F06AFB002848D0BA
:1039C000012E61D0FB782B70B9F1000F50D0BB787D
:1039D000B9F1010F6B7005F102034DD07B78B9F19D
:1039E000020FAB7005F103034AD03B78EB702369FB
:1039F0000421A2680433A07D52446175A3EB09033E
:103A000080F00100A2602361BDE8F0870421204618
:103A100000F03EFBA8B1012EA36817D0DB782B7015
:103A2000A3689B786B70A3685B78AB70A3681B7806
:103A3000EB700421A26823690A4461750B44A260FB
:103A40002361A07D80F00100BDE8F0871B682B603A
:103A5000EFE7A2682369A2EB0902A07DA3EB0903AB
:103A600084F8158080F00100A2602361BDE8F08732
:103A7000A3689B786B70AB1CA268527803F8012B8B
:103A8000A26812781A70B2E739464A46284607F00B
:103A9000C0FB524605EB0900A16807F0BAFBA6E798
:103AA0002DE9F041044682B00821CDE9002300F061
:103AB00043FB01462046677D00F086FB0821204637
:103AC00000F0DAFA00284ED1D4E90135AB4245D9ED
:103AD0005E1BA36023692046C6F1080833444146B3
:103AE000236100F0D5FA002874D0237D012B00F06B
:103AF0009B809DF807302B70002E78D09DF8063003
:103B0000012E6B7077D09DF80530022EAB7076D009
:103B10009DF80430032EEB7075D09DF80330042E11
:103B20002B7174D09DF80230052E6B7173D09DF807
:103B30000130062EAB7172D09DF80030EB71236915
:103B40000821A2680833A07D424461759E1B80F065
:103B50000100A260266102B0BDE8F0810821204684
:103B600000F096FA50B3237D012B2DD0A3689DF869
:103B700007009DF806209DF805101870A3685A707C
:103B8000A3689DF804209DF803009970A368DA707B
:103B9000A3689DF802209DF801101871A3685A715E
:103BA000A3689DF800209971A368DA710821A268C2
:103BB00023690A4461750B44A2602361A07D80F0F3
:103BC000010002B0BDE8F0816B46A26803CB106033
:103BD0005160EBE7A2682369A07D921B9B1B677570
:103BE00080F00100A260236102B0BDE8F081A3680B
:103BF0009DF806201A70A3689DF805201A70A36826
:103C00009DF804201A70A3689DF803201A70A36819
:103C10009DF802201A70A3689DF801201A70A3680D
:103C20009DF800201A708AE728466D4632462946DC
:103C300007F0EFFA4246A919A06807F0EAFA7EE712
:103C40002DE9F0410B4682B004460221ADF8063062
:103C500000F072FA01462046677D00F0B5FA0221B5
:103C6000204600F009FA78BBD4E90135AB4226D9E9
:103C70005E1BA36023692046C6F102083344414617
:103C8000236100F005FA00283BD0237D012B4AD0A8
:103C90009DF807302B70002E40D09DF806306B70D9
:103CA00023690221A2680233A07D424461759E1BF4
:103CB00080F00100A260266102B0BDE8F08102211F
:103CC000204600F0E5F990B1237D012BA36814D0C4
:103CD0009DF807109DF806201970A3685A700221FC
:103CE000A26823690A4461750B44A2602361A07D28
:103CF00080F0010002B0BDE8F081BDF806201A8016
:103D0000EDE7A2682369A07D921B9B1B677580F07D
:103D10000100A260236102B0BDE8F081A3689DF8B4
:103D200006201A70BCE728460DF1060532462946E2
:103D300007F06FFA4246A919A06807F06AFAAFE7E0
:103D40002DE9F84304460D46022100F0F5F901463D
:103D5000204694F8158000F037FA0221204600F042
:103D60008BF960BBD4E90167BE4223D923692046A1
:103D7000A660F61B3344C6F102092361494600F0F0
:103D800087F9002834D0237D012B42D07B782B701B
:103D9000002E3AD03B786B7023690221A26802336F
:103DA000A07D4A4461759B1B80F00100A2602361E5
:103DB000BDE8F8830221204600F06AF980B1237D36
:103DC000012BA36811D05B782B70A3681B786B70F4
:103DD0000221A26823690A4461750B44A260236131
:103DE000A07D80F00100BDE8F8831B882B80EFE701
:103DF000A2682369921BA07D9B1B84F8158080F02C
:103E00000100A2602361BDE8F883A3681B786B7092
:103E1000C2E739463246284607F0FBF94A46A81958
:103E2000A16807F0F6F9B7E72DE9F04182B0044642
:103E30000191042100F080F901462046677D00F0E1
:103E4000C3F90421204600F017F9002839D1D4E93C
:103E50000135AB4230D95E1BA36023692046C6F111
:103E6000040833444146236100F012F900284CD085
:103E7000237D012B63D09DF807302B70002E51D08D
:103E80009DF80630012E6B7050D09DF80530022E43
:103E9000AB704FD09DF80430EB7023690421A26809
:103EA0000433A07D424461759E1B80F00100A26036
:103EB000266102B0BDE8F0810421204600F0E8F858
:103EC000D0B1237D012BA3681CD09DF807009DF87D
:103ED00006209DF805101870A3685A70A3689DF815
:103EE00004209970A368DA700421A26823690A4447
:103EF00061750B44A2602361A07D80F0010002B0D7
:103F0000BDE8F081019A1A60EEE7A2682369A07DFE
:103F1000921B9B1B677580F00100A260236102B0B9
:103F2000BDE8F081A3689DF806201A70A3689DF88B
:103F300005201A70A3689DF804201A70ADE7284682
:103F400001AD3246294607F064F94246A919A06836
:103F500007F05FF9A1E700BF2DE9F84304460D46DD
:103F6000042100F0E9F80146204694F8158000F09D
:103F70002BF90421204600F07FF8002838D1D4E93D
:103F80000176B7422FD923692046A760BF1B3B4467
:103F9000C7F104092361494600F07AF8002846D0A9
:103FA000237D012B5CD0F3782B70002F4CD0B3789D
:103FB000012F6B7005F102034AD07378022FAB70AA
:103FC00005F1030348D03378EB7023690421A2681C
:103FD0000433A07D4A446175DB1B80F00100A260C0
:103FE0002361BDE8F8830421204600F051F8B0B108
:103FF000237D012BA36817D0DB782B70A3689B78F7
:104000006B70A3685B78AB70A3681B78EB700421BE
:10401000A26823690A4461750B44A2602361A07DF4
:1040200080F00100BDE8F8831B682B60EFE7A26811
:104030002369D21BA07DDB1B84F8158080F0010072
:10404000A2602361BDE8F883A3689B786B70AB1C0A
:10405000A268527803F8012BA26812781A70B4E7AC
:1040600031463A46284607F0D4F84A46E819A1688E
:1040700007F0CFF8A9E700BF837D3BB9D0E9010382
:104080001944884234BF0020012070470020704747
:10409000837D43B9D0E9012110B59142044605D290
:1040A0000123184610BD00231846704782693AB1B3
:1040B000C169904780F00103A075DBB2184610BDBE
:1040C0000120A075FAE700BFC0E90612704700BFE3
:1040D00010B4019C0A44016042600A191C448260C9
:1040E0000022C0E903349DF8083042755DF8044BA6
:1040F00082750375C0E90622704700BF10B582B013
:10410000049C009401240194FFF7E2FF02B010BD6B
:1041100010B5002482B00094FFF7F0FF02B010BD8C
:104120000023FFF7F5BF00BFB0FBF1F202FB110067
:104130004B1E081A18407047437D8B4209D2036911
:104140004A1EB3FBF1F001FB1030091A01EA02002C
:1041500070470020704700BF38B504460D46FFF792
:10416000EBFFA36865751A182369184463689342C6
:10417000206128BF1346A36038BD00BF8268006875
:10418000101A7047D0E90120101A704738B5837DA6
:10419000A3B904460D46D0E901329A4200D331B9A1
:1041A0002046FFF7EFFFA84228BF284638BD8369A5
:1041B00033B1C1699847A0750028F1D0002038BDFF
:1041C00001238375FAE700BF38B504460D46FFF7B3
:1041D00053FF78B12369A2682B442A442361012349
:1041E000A260637538BDA2682D1A23690244184481
:1041F000A2602061294601222046FFF7C7FF002860
:10420000F1D10123637538BD10B500238EB004468B
:104210000391CDE9013203230422009306AB01F0A0
:104220002BFC18B9044620460EB010BD029905AA11
:10423000204601F05DFD044605A906A803F014FA26
:1042400020460EB010BD00BFC2F3074C10B5BCF144
:10425000010F8CB0044602920CBF03F00102002251
:104260000E3303919DF838101A4404AB01910121DB
:1042700092B20091039901F0FFFB18B90446204661
:104280000CB010BD029920460F9A01F031FD044692
:104290000F9904A803F02CF920460CB010BD00BF04
:1042A00070B5ADF5167D054611ACADF8543203235B
:1042B0009DF86C62CDE902212372002301228DF862
:1042C00014309A9B2271CBB18DF81C2008934FF4C7
:1042D000007215A909A8FFF723FF05A909A802F094
:1042E000CDFD0D9B009628460194E3609BB2DDE96D
:1042F0000221FFF7A9FF0DF5167D70BD8DF81C306A
:10430000E5E700BF70B5ADF5187D05461846059187
:1043100097A99DF8786213ACCDE9033202238DF89A
:10432000503000F0ADF99C9B4FF4007217A90BA818
:1043300006939D9B0A9303238DF8543001238DF837
:10434000243000238DF81C30FFF7EAFE06A90BA8E5
:1043500002F0B6FD0F9B2846009616939BB201947F
:10436000DDE90421FFF770FF0DF5187D70BD00BF7A
:1043700070B5ADF5916D05461846059192A99DF869
:1043800098640EACCDE9033204238DF83C3000F084
:1043900077F900234FF4007212A906A88DF84C3269
:1043A0008DF8543203238DF84030FFF7B9FE93A9FE
:1043B00006A802F039FE0A9B2846009611939BB28C
:1043C0000194DDE90421FFF73FFF0DF5916D70BD0C
:1043D0002DE9F041ADF5247D0646184603271FACB4
:1043E000BDF8B0520591A3A99DF8B482CDE903327E
:1043F0000623237100F044F90EA9AA98277200F051
:104400003FF90023ADF84450003D9DF8AD228DF8F2
:10441000703018BF01258DF864308DF846308DF866
:104420004C308DF85430ADF8403001238DF84250B7
:104430008DF83A308ABB4FF0230E4FF0130C0B254A
:10444000212211210920ADF840309DF8AE3223B968
:10445000724661462846ADF840709DF8AC32012B9B
:1044600025D0032B29D02BB34FF4007223A906A823
:10447000FFF756FE0EA906A802F04CFE0A9BCDF8E7
:10448000008030460194E3609BB2DDE90421FFF730
:10449000DBFE0DF5247DBDE8F0814FF0220E4FF0DC
:1044A000120C0A252022102108200227CDE7ADF8A2
:1044B0004010D9E7ADF84000D6E7ADF84020D3E78B
:1044C000014B1878704700BFC0FA01242DE9F04F66
:1044D000934689B0002204468A4605938DF81E2033
:1044E00090F8002222B300F202290DF11F0805AF57
:1044F0000DF11E064FF4007502E0059B002B0FDD49
:10450000D4F87412234622464846CDE90278CDE914
:10451000005601F003FE0028EFD09DF81E30B3B125
:104520000F4B00209DF81F201A7009B0BDE8F08FD6
:104530000DF11F02014600924FF40072D0F8745240
:10454000A8470028ECD09DF81E30002BE8D1CBF80E
:1045500000000120CAF8004009B0BDE8F08F00BF9C
:10456000C0FA012430B590F8005287B0144695B9CE
:10457000D0F870520DF11703A847031E18BF01238E
:10458000A04218BF00231BB90A4A9DF817101170EA
:10459000184607B030BD0B4600220DF117010094FC
:1045A000CDE901210246D0F8701200F2022001F09C
:1045B000D7FBE2E7C0FA012480F800120199C0E9B4
:1045C0009A23009BC0E99C31704700BF38B5D0F8F2
:1045D000683203B3D0F86C220446E2B1D0F87022FE
:1045E000CAB1D0F87422B2B1C0F88C12984705460F
:1045F00088B194F800328BB90B4B28460B490C4A12
:10460000C4F880324FF40073C4F88422A4F88832CE
:10461000C4E99E4138BD0025284638BD002104F27A
:10462000022001F097FBE7E7CD440108654501084A
:10463000C1440108D0F86C32184700BF82B0002393
:104640008DF8061060F30F03BDF8062062F31F43D8
:10465000184602B0704700BF437882B0017800204E
:104660001A0903F00F0302EB01128DF80630BDF8B2
:10467000063062F30F0063F31F4002B0704700BFC3
:104680000246C0F3034382B0C2F30B1C03EB0210DB
:1046900081F800C0487002B0704700BF2DE9F043B8
:1046A000174691B010220646884608A80DEB020175
:1046B0000025FFF735FD1E4B02242A461B8808A85B
:1046C0000095ADF80A304FF420633178ADF808302A
:1046D0002B46039402F0A0F921462B46082208A895
:1046E00002F0F2F8044602A908A802F091FF04B112
:1046F00018B9002011B0BDE8F08308A8FFF73EFD0F
:1047000081460DE0336FD3E90004A04704464146DB
:10471000304600F0B1FF04EA000C1CF0FF00E9D1C4
:10472000AF424A4604A905F10105EBD1E1E700BF1C
:1047300090CF01082DE9F04F2DED028BD3B0064646
:104740008A4600240CA910A805921022FFF7E8FC65
:10475000534B022522461B88802110A80094ADF8F7
:1047600082304FF420632195ADF88030234602F06B
:1047700053F923462946082210A802F0A5F88146DD
:1047800020A910A802F044FF09EA000010F0FF0978
:1047900007D14FF0000B584653B0BDEC028BBDE87B
:1047A000F08F10A80494FFF7E9FC08EE100ADDE989
:1047B00004239342EDD018EE102A0CA955464FF071
:1047C0000008D6E90003984702F0C4F803900BE014
:1047D00002F0C0F8039BC01A2D1A02F0BBF8039038
:1047E000002D30DD002F2ED0534609AA08A93068CD
:1047F000B4684F46CDF82080A04783460028E7D014
:1048000018A8DDE90812FFF78BFC07AB0DF11902C0
:1048100018A90AA8CDE90A8801F022FAC8220021C5
:1048200020A806F0D3FB18A8FFF7ACFC042816D884
:104830009DF83531002B13BF4FF0010B4FF0000BEB
:1048400001270027C4E7049B01330493BBF1000F49
:10485000ADD0584653B0BDEC028BBDE8F08F0DF1E2
:104860001E030DF11B020DF11A0118A88DF81A8014
:10487000ADF81E808DF81B8002F020F918A8FFF714
:1048800081FCBDF81E309842D2D39DF81A30062B19
:10489000CED118A920A88DF8358100F0D9FAC7E744
:1048A00090CF010830B595B00446189D0393002DB4
:1048B0008DF81C30CDE904214FF0000214BF012116
:1048C00011468DF81D208DF81E208DF8241021D062
:1048D0006B6810222968CDF82A30CDF826100823FD
:1048E00000212046CDE900310CAB059901F0C4F858
:1048F00018B90446204615B030BD049906AA2046D2
:1049000001F0F6F9044606A90CA802F057FF20466C
:1049100015B030BD0822E2E710B5002394B004467C
:1049200005920193ADF81C308DF81E30CDF826307D
:10493000CDF82A300823CDE90221012200930CABE7
:104940008DF82420102201F097F818B9044620466B
:1049500014B010BD059906AA204601F0C9F9044615
:1049600006A90CA802F02AFF204614B010BD00BF13
:104970002DE9F04395B0BDF8787013B115B0BDE8DE
:10498000F08306461C980C461546049099461D98DF
:104990009DF8768005900CA8D1E90121521AFFF705
:1049A000BFFB0CA8D4E90612FFF78EFBE2699AB1AF
:1049B000B8F1070F82F8149040D0B8F1080F2ED04C
:1049C000B8F1060F11D00123137529462046FFF7D1
:1049D000FBFB15B0BDE8F083B8F1070F2ED0B8F19E
:1049E000080F1CD0B8F1060FEFD1D6F88880B8F1C7
:1049F000000F11D00CAB01953A46304600930623C8
:104A00008DF81630D6F88C300293DDE90431C047BA
:104A10000123E26986F8B430002AD4D1D5E7D6F86C
:104A2000A430002BF8D00CA806A9DDF8408002F0D5
:104A30009FFFA0B9E269002AC5D1C6E7D6F8AC301D
:104A40003BB106A90CA8DDF8408002F041FC60BB38
:104A5000E269A3682B44A360002AB4D1B5E7109B98
:104A60000CA8A8EB0308DDE90D21A844521AFFF7B2
:104A700057FB0CA81FFA88F8D4E90612FFF724FBAD
:104A80000CAB0821CDF8048000933A468DF816103F
:104A900006ABD6F8A810304602910599D6F8A47056
:104AA000B847012386F8B430C4E7DDE90D21109B37
:104AB0000CA8521AA8EB0308FFF732FB0CA8A84475
:104AC000D4E90612FFF700FB0CAB9DF818101FFA93
:104AD00088F800933A469DF819303046CDF80480A6
:104AE00003EB012307218DF816109BB2D6F8B01006
:104AF00002910599D6F8AC70B847012386F8B43016
:104B0000A6E700BF00B58BB00146042202A8FFF75C
:104B100007FB0DF105030DF1060201A902A801F042
:104B2000EDFE9DF804300D2B03D000200BB05DF896
:104B300004FB9DF8053013F0020F14BF0220012082
:104B40000BB05DF804FB00BF70B50025ADF5347DFA
:104B50000E4604464FF42472294610A80395049586
:104B600006F034FA03A9304602F068FDBDF80C30B7
:104B70002046ADF8403001F0B3F82B460C2205A9D1
:104B8000009008A8FFF7BAFA10A908A802F0CAFD19
:104B9000089B2A462946204601F04EF808A8FFF750
:104BA000EDFA236F024605A9D3E90004A0470DF5ED
:104BB000347D70BD70B592B005460E46144601F0C6
:104BC0008FF805A9009000230AA81122FFF796FA92
:104BD000182200230A2102FB04540AA8052250349B
:104BE00001F072FE03A9204604F0FCFC40BA03A9C0
:104BF0008DF81060ADF80E000AA802F005FE002244
:104C00000A9B2846114601F017F80AA8FFF7B6FAE2
:104C10002B6F024605A9D3E90004A04712B070BD6E
:104C20009FED0D7B002310B5044680F8A030C0E94D
:104C30001C13C0E91E33C0E92033C0E92233C0E9A8
:104C4000243380ED267B812100F05AFF04F1080017
:104C5000BDE8104001F054BD00000000000000005D
:104C6000C0E92012704700BFC0E92212704700BFA0
:104C7000C0E92912704700BFC0E92B12704700BF7E
:104C800010B5044684B0CDE9002101F029F80346AF
:104C900004F10800DDE9002104B0BDE8104001F096
:104CA00075BD00BF30B589B00446CDE9042103933A
:104CB00001F016F80546059904F108000095DDE9B4
:104CC000033201F077FD00225FFA80FCC0F3072475
:104CD000C0F30741030E6CF3070264F30F2261F384
:104CE000174263F31F62104609B030BD82B008302E
:104CF00002B001F079BD00BF10B50C4C84B0083093
:104D0000009401F087FD00225FFA80FEC0F3072CBB
:104D1000C0F30741030E6EF307026CF30F2261F339
:104D2000174263F31F62104604B010BD054B010823
:104D300010B5044601F02AFE054AD4E92634C01A0B
:104D40004FF0000361EB0401EBF732FB10BD00BF35
:104D500040420F0010B5044601F018FED4E9263297
:104D6000C01A61EB020110BD2DE9F047037E84B04B
:104D70000446FBB14FF000090DF1020803AF02AE8B
:104D80004846012204EB00151146083501F05EFC8F
:104D9000844643463A4631462846CDF804C004F0DE
:104DA000ABFC00283DD109F10109237E5FFA89F0AF
:104DB0008342E6D894F8483083B34FF000090DF1F0
:104DC000020803AF02AE484600EB80050122022133
:104DD00004EBC50501F03AFC019020350CE0BDF86C
:104DE00002209DF80410029B00F026FF236FDDE9EE
:104DF0000212D3E9000AD04743463A4631462846D4
:104E000004F09EFE03462046002BE8D109F101097B
:104E100094F848305FFA89F08342D5D804B0BDE8F1
:104E2000F087029B2046BDF8022009F101099DF898
:104E3000041000F001FF236F039A5D68186802995F
:104E4000A847237E5FFA89F083429AD8B2E700BF71
:104E50002DE9F0410D46ADF5247D0646694628460C
:104E600002F0E8FA044602A928469DF80570FEF70C
:104E700093F99DF808300440E4B25BB987A928464D
:104E8000FEF78AF99DF81C3280464BB90DF5247D5A
:104E9000BDE8F08103A9284602F078F90440EDE767
:104EA00088A92846FEF7A6F914EA080FEED00028D4
:104EB000ECD09DF820320D2BE8D18AA92846FEF7C8
:104EC0003FFF38B1BDF92832002B06DD002F14BF9B
:104ED0000120022086F8B500D8E70020FAE700BFDD
:104EE0002DE9F04F044697B00D46C14E09920DF1E1
:104EF0002F030CAA0DF12E01284601F0FFFC00281B
:104F000000F042819DF82E309DF82620023B0D2BAB
:104F1000EDD801A151F823F07F510108EF4E0108AF
:104F20006F5101080D51010803510108EF4E0108AE
:104F3000EF4E010859500108EB4F0108AB4F010833
:104F4000EF4E0108EF4E0108EF4E0108514F0108E6
:104F500010A9284602F0BAFCD4F89080B8F1000FEE
:104F600000F01A8101F012FD02460B46D4F89400BD
:104F70000021149F06908C461598C7FB060C109FC5
:104F8000CDE9040C8C461198C7FB060CCDE9020C48
:104F9000DDE91270C7FB0601CDE900012046C047DC
:104FA0004FF0010384F8A030A1E710A9284602F0D1
:104FB0006BFC00219DF8440001F076FBC0F307284C
:104FC0000F9004F10800414601F05CFC00288ED0EF
:104FD000BDF84010BDF8422004F0F8FA42469DF8B2
:104FE0003C102046FFF7E6FD81E710A9284602F0B5
:104FF00023FC00219DF8440001F056FBC0F307217B
:105000000D9004F1080001F027FC804600283FF4D1
:105010006EAF9DF842300DF1380A9DF84310BDF88F
:10502000402001EB032189B204F032FE404604F037
:10503000F3FDADF8320005E0236FDDE90E12D3E990
:105040000009C8470DF132030FAA5146404604F04B
:10505000E5FD0028F0D14AE79DF825300DF1380A2A
:10506000BDF8308028468DF8353051469DF8273000
:10507000A8F104089DF82F908DF837301FFA88F8B2
:105080009DF8243009F00E098DF836208DF8343063
:1050900002F01EF950460FA90DF1320200F048FE51
:1050A0000F99D4F880B0BDF832A01091BBF1000F79
:1050B00006D0D4F884305246204600930023D847C7
:1050C000E26F82B1616F4FF0000C023903E00CF126
:1050D000010C944507D031F8023F5345F7D1A36F37
:1050E000002203F80C20BDF832104B464246204601
:1050F00002910F9901910D9900912946FFF738FC13
:10510000F5E629462046FFF7A3FEF0E6002A3ED04A
:1051100010A9284602F0E8FA0EA90DAA10A800F07E
:1051200007FE0E99D4F880A09DF84490BDF8348015
:105130000F91BAF1000F06D0D4F8843042462046D1
:1051400000934B46D047E26F002A3FF4D0AE606F29
:105150000021023803E0013191423FF4C8AE30F83B
:10516000023F4345F7D1A36F03F80190BFE6002A41
:105170007FF4BDAE2946204600F01EFDB7E6294665
:105180002046FFF7E1FCB2E617B0BDE8F08F2946F4
:10519000204600F01FFDAAE601F0F8FB4246149FEE
:1051A000159BC7FB06321818129F42EB0101139B97
:1051B0004246C7FB06329C46DDE91037C3FB067842
:1051C00043461CEB070C42EB0302B0EB0C0361EB14
:1051D0000202002A08DB5B0843EAC2735210C4F8DB
:1051E0009830C4F89C20DBE6013342F10002F2E77C
:1051F00000CA9A3B0B1E2DE9F04FB8BF6FF0004379
:105200009DB08046059301F0A5FB98F848208146A3
:10521000002A00F09A8000266FF000434FF0FF3B19
:105220000F46304603930EE09A6B0136DB6B5A450E
:105230000399F0B273EB010101DA9346039398F8F6
:10524000483083425FD900EB800402210122E40050
:1052500001F0FCF9014604F120053B464A4609915C
:105260004544284604F0ACFC08EB04030028DBD0DE
:105270009DF825500DF1500A9DF824304046013527
:105280004444049300F02CFD05EB85050023112216
:105290000CA908EBC505009050460136FEF72EFF1D
:1052A000002305220B21504601F00EFB01216889E5
:1052B00004F028FD2B8902460AA9ADF82A30504691
:1052C000049BADF828208DF82C3002F0C9FA00229A
:1052D000149B4046114600F0AFFC5046FEF74EFFCF
:1052E000D8F8703002460CA9D3E90005A847039905
:1052F000F0B2D4E90E235A4573EB01019DDB98F817
:10530000483083429FD86FF00043039A9A4208BF07
:10531000BBF1FF3F19D0ABEB0903002B059DD8F87B
:10532000700008AA08BF012307A984689D4200688D
:10533000A8BF1D462B46A04748B9059B5B1B002B09
:1053400005933FF760AF044612E0059BE5E7DDE912
:105350000712044600250CA8FEF7E2FE0DF11A0321
:1053600006AA0CA940468DF8185000F079FC18B92F
:1053700020461DB0BDE8F08F29469DF8180001F0C9
:1053800093F9C0F30746BDF81AA0C0F30725012E14
:10539000CDE909004BD0022E0FD0002EE8D13146C6
:1053A000304601F081F902460CA940460A92FFF707
:1053B00097FD20461DB0BDE8F08F294608F1080092
:1053C0009DF8249001F05EFA074638B30E9A0CA8B7
:1053D0000392FEF7D7FE03460DF11900039A5146DA
:1053E0000090384603F0F6FFC0B19DF8193093B332
:1053F00014AE4FF0020A0AE08DF8289031468DF87D
:10540000295040468DF82AA00A9AFFF769FD042228
:105410003146384604F060F80028EDD140462A466F
:105420004946FFF7C7FB20461DB0BDE8F08F29466F
:1054300008F1080001F01CFA002899D0514603F049
:105440003FFF002894D08DF82A600CA90A9A4046A4
:10545000FFF746FD8CE78DF82A600CA90A9A4046B2
:10546000FFF73EFDC4E700BF70B504460D4601F0EE
:1054700071FA06462046FFF777FC29462046FFF7DB
:10548000B9FE01F067FA831BE91A0029F6DC04F182
:105490000800BDE8704001F001BA00BF70B50446D5
:1054A0000D4601F057FA06462046FFF75DFC002343
:1054B000294684F8B43005E001F04CFA831BE91A60
:1054C000002907DD2046FFF795FE94F8B400002878
:1054D000F2D070BD94F8B40070BD00BF2DE9F0416A
:1054E00006460D4601F036FA0746304606F1080832
:1054F000FFF73AFC002D10DB2C4606E0FFF77AFEA2
:1055000001F028FAC31BEC1A07D4404601F0C6F993
:10551000034621463046002BF0D04046BDE8F0411E
:1055200001F0BCB92DE9F84FDDF828B006468846F1
:1055300092461F46FFF718FCBBF1000F04D05A46F5
:10554000FF21384605F042FDC6F87CB07D1EC6E955
:105550001DA701F0FFF9414681463046FFF74AFE9C
:1055600001F0F8F9A0EB0900A8EB0001BBF1000F76
:1055700029D0AE464FF0000C1EF8014FFF2C15D07D
:105580000CF1010CE345F7D80023F36700E058B1B4
:105590002B4615F8010F02330128A3EB07038CBF3C
:1055A000002001209B45F2D8BDE8F88F3AF81C3066
:1055B0000CF1010CDC4501D2002BDDD00029E3DD2C
:1055C000002BCAD1E0E70120C6F87CB0BDE8F88F17
:1055D000F0B593B004460D4600F082FB1422002380
:1055E00000900AA80DEB0201FEF788FD00230822B7
:1055F0000E210AA801F068F901F0C8F90E46074625
:105600001BA3D3E90023EAF7D3FE314603903846C3
:1056100017A3D3E90023EAF7CBFE03A90AA8049253
:1056200002F046F900220A9B2046114600F004FBD6
:105630000AA8FEF7A3FD236F024605A9D3E90006D9
:10564000B04701F087F900230646294684F8A030C8
:1056500000E050B92046FFF7CDFD01F07BF9831B38
:1056600094F8A000E91A0029F3DC13B0F0BD00BFE4
:1056700000CA9A3B0000000070B504460D4601F0D8
:1056800069F906462046FFF76FFB0023294684F898
:10569000B53005E001F05EF9831BE91A00290CDD45
:1056A0002046FFF7A7FD94F8B5000028F2D0A0F13E
:1056B0000100B0FA80F0400970BD94F8B500A0F187
:1056C0000100B0FA80F0400970BD00BF2DE9F04F35
:1056D00004469DB0FF2003936071002B00F0B6805C
:1056E000894692464FF0000B236F52464946D3E954
:1056F0000005A84701F02EF94FF47A73054609E03A
:1057000001F028F9401BC0F57A73002B40DD607969
:10571000FF2845D1226F08A99668106809AAB047EA
:105720000028EDD00CA80026DDE90812FEF7F8FCF1
:105730000DF11E0307AA0CA920468DF81C6000F08D
:105740008FFA0028DCD031469DF81C0000F0ACFF39
:10575000C0F30747BDF81E30C0F30726012F0293A0
:10576000CDE90A005CD0022F20D0002FC8D13946E5
:10577000384600F099FF0CA902460B902046FFF72F
:10578000AFFB01F0E7F8401BC0F57A73002BBEDCDD
:105790000BF1010B039B60795B4501D0FF28A3D07F
:1057A000FF3818BF01201DB0BDE8F08F9DF82830EC
:1057B000314604F10800049301F064F8804648B3D0
:1057C0000E9A0CA80592FEF7DDFC03460DF11D00B4
:1057D000059A00904046029903F0FCFDD0B19DF877
:1057E0001D30002B3AD0049F0AE04FF002038DF8E1
:1057F0002C708DF82D608DF82E300B9AFFF770FB12
:1058000014A90422404603F067FE034614A920466B
:10581000002BEAD1324604992046FFF7CBF96FE717
:10582000314604F1080001F023F800283FF468AF86
:10583000029903F045FD00283FF462AF8DF82E7009
:105840000CA90B9A2046FFF74BFB59E7236FD3E9CE
:105850000004A04701201DB0BDE8F08F8DF82E7028
:105860000CA90B9A2046FFF73BFBBCE730B58FB085
:1058700004460D4600F034FA0023102202A90090DD
:1058800006A8FEF73BFC06A9204600F079F90022A5
:10589000069B2046114600F0CFF906A8FEF76EFCE5
:1058A0002B46024602A92046FFF710FF18B1607987
:1058B000B0FA80F040090FB030BD00BF2DE9F04FC5
:1058C00000F1080B0446ABB058465E4600F022FFDC
:1058D000204600F005FA00231C220BA9009012A814
:1058E000FEF70CFC236F12A920461A8A043A92B2E2
:1058F00000F01CF91299204600F08AF912A8FEF770
:105900003DFCFF23814663710A230393236F4A46BC
:105910000BA9D3E90005A84701F01CF84FF47A73EE
:10592000054609E001F016F8401B6279C0F57A736C
:10593000002B38DDFF2A3CD1226F07A99768106839
:1059400008AAB8470028EDD01AA80027DDE90712F9
:10595000FEF7E6FB0DF11A0306AA1AA920468DF8F8
:10596000187000F07DF90028DCD039469DF8180049
:1059700000F09AFEC0F30747BDF81AB0C0F307283D
:10598000012FCDE9090053D0022F18D0002FC9D123
:105990003946384600F088FE1AA902460A90204689
:1059A000FFF79EFABEE7039B013B039301D0FF2A5A
:1059B000ACD0002A51D000202BB0BDE8F08F9DF86C
:1059C000243041463046049300F05CFF824648B3E1
:1059D0001C9A1AA80592FEF7D5FB03460DF1190093
:1059E000059A59460090504603F0F4FCD0B19DF85A
:1059F0001930002B38D0049F0AE04FF002038DF8D5
:105A000028708DF829808DF82A300A9AFFF768FAF5
:105A100022A90422504603F05FFD034622A9204636
:105A2000002BEAD1424604992046FFF7C3F879E7F4
:105A30004146304600F01CFF00283FF473AF594642
:105A400003F03EFC00283FF46DAF8DF82A701AA9D0
:105A50000A9A2046FFF744FA64E7304600F05AFEFF
:105A600001202BB0BDE8F08F8DF82A701AA90A9A90
:105A70002046FFF735FABEE72DE9F04782B004462D
:105A8000104615461E46C1F3072A9DF8287005F1F9
:105A900004099DF82C80019100F056FF9DF8063016
:105AA0008144012B1DD0022B16D104F10800514670
:105AB00000F0D2FE044658B14946324603F0D2FE09
:105AC00004462CB14346AAB23946304600F0FCFEEB
:105AD000204602B0BDE8F0870024204602B0BDE8B1
:105AE000F08704F10800514600F0AEFE044600289D
:105AF000EED04946324603F0DFFD0446E1E700BF41
:105B00004FEA126CFF23027180F801C0C2F3074C08
:105B1000C2F30722017080F802C04371C27000B561
:105B20004FF0090EA0F806E05DF804FB30B5002345
:105B300089B0124D0C4607931946ADF81C2001227E
:105B40000193C2808DF804202A6803930092AA88EA
:105B50000693ADF80620D0F8012002920278204684
:105B60008DF80C201022CDE9043300F0ADFE69461B
:105B7000204601F0BBFC09B030BD00BF94CF010846
:105B80000C4A02234FF4007C10B50C4682B01189F8
:105B90000422C3800023ADF8061020460321ADF88F
:105BA00004C000F091FE01A9204601F05DFD02B0A5
:105BB00010BD00BF94CF010810B50B4688B0044655
:105BC00001A9184601F060FD9DF80430637108B02A
:105BD00010BD00BF10B584B00446084602A901F00C
:105BE00083FDE388022B01D004B010BD0DF10A0043
:105BF000FEF732FD9DF808209DF8093003EB0223E3
:105C00009BB2022BF0D19DF80C306371ECE700BF22
:105C100010B508228AB004460DEB0200FEF780FAA8
:105C200014F8011B002302A801F0800100941A4619
:105C300000F0F2FE0AB010BD30B58DB004460D463E
:105C4000194604A803920822FEF76AFA14F8011B09
:105C5000039B2A4604A8009400F0DEFE0DB030BD80
:105C60002DE9F041074684B008460C4615461E460D
:105C7000FEF788FA082803D8002004B0BDE8F081B8
:105C80000DF10C0833462A4620460DF10B01CDF8E4
:105C9000008000F0DFFE3A789DF80B309342EBD1A4
:105CA0001B061BD49DF80C207B789A4203D0012060
:105CB00080F00100E1E79DF80D20B81CBB789A4206
:105CC000F5D19DF80E2010F8013F9A42EFD19DF8D2
:105CD0000F2043789A42EAD10020E9E70120CCE77F
:105CE00090F90030002BACBF08200420704700BFA3
:105CF00010B582B04FF6F4740191C388A3F10A0184
:105D000089B2A1420FD801339CB2C3F3072CDBB296
:105D1000C480911C019882F800C05370FEF7B0FC5B
:105D2000204602B010BD0A234FF0000C1C46EFE7DE
:105D300070B5044602300D461646FEF78DFCC0F3E2
:105D40000F4328806B802278637803EB0223338033
:105D500070BD00BF0023417003708385704700BF92
:105D60002DE9F04F174642780E4683B0A2F17D012F
:105D70009B467E2304460129DDF838A080F83830A0
:105D80009DF8340040F21581A0F17D0184F839209E
:105D90000222012984F8622052D90C9B032184F845
:105DA0003A00DDB284F86210A5F17D02012A5CD9C7
:105DB0000C9B62180131C3F3072082F8385084F835
:105DC0006210A0F17D02012A61D94A1C2144D2B29D
:105DD00081F8380084F86220002B6AD04FF0000868
:105DE000C14616E0292A68D8A018013280F8381078
:105DF00084F8622088EA01017D4B09F10109C9B2EA
:105E000033F8112082EA18280C9B4B4569D994F885
:105E100062201BF80910A1F17D000128E2D8501C76
:105E2000C0B2292849D8A0184FF07D03023281F072
:105E3000200580F8383080F8395084F86220D9E79E
:105E400004214FF0030C0C9B22444FF07D0EA44420
:105E5000DDB280F0200082F838E0A5F17D028CF8F8
:105E6000380084F86210012AA2D862187D200C9BA9
:105E700085F0200582F838000231C3F3072082F84C
:105E8000395084F86210A0F17D02012A9DD84D1C82
:105E90008A1C80F02000214454FA85F5D2B24FF0DC
:105EA0007D0C81F838C085F8380084F86220002B1A
:105EB00094D11946ADF8043019E0002500E060B136
:105EC00005F13801521B534638462144B04794F837
:105ED000622005449542F2D366D0002003B0BDE8AD
:105EE000F08F5FFA88F194F86220ADF804804FF0EB
:105EF00000094FF07D0BC84613E0292A24D8A318C7
:105F0000013283F8381084F8622009F10109B9F1EF
:105F1000020F2DD009F1080394F862206B4413F8A6
:105F2000041CA1F17D03012BE7D8531CDBB2292B04
:105F30000AD8A31881F02001023283F8391083F8BF
:105F400038B084F86220E0E7002501E00028C4D0E2
:105F500005F13801521B534638462144B04794F8A6
:105F6000622005449542F1D3B7D184F86280D1E72D
:105F700094F862209AB1002501E00028ADD005F127
:105F80003801521B534638462144B04794F86220EA
:105F900005449542F1D3A0D1002384F862300C9BD4
:105FA00098B203B0BDE8F08F4FF0000384F8623080
:105FB0002AE77D2182F0200284F83910A0F17D01CA
:105FC00084F83A200322012984F8622003D80521AD
:105FD0004FF0040C37E70C9B042184F83B00DDB242
:105FE00084F86210A5F17D02012A3FF6E1AE3CE79C
:105FF00094D701082DE9F04F044685B092468946B2
:106000001D460F9E00F0A6FC94F82C2094F82D70ED
:106010008046BA425FD017D8013FBA1A0027D2B2E1
:10602000B2421AD8D319B34252D8D2B9002600F0DE
:1060300091FC2B68A0EB08001B1A304623EAE3739F
:106040002B6005B0BDE8F08F002F60D0C2F12A02AE
:10605000013FD2B2FFB2B242E4D9F2B20027002A25
:10606000E4D00E9B50460392009394F82C102B68BA
:106070000231DFF8A4B02144C84794F82C3006461A
:1060800003445908ABFB01212A22890802FB113184
:1060900084F82C100028C9D0039A9042C7D1002F51
:1060A000C5D00E9B02313A4650462144009300234E
:1060B000C84794F82C20064413185A08ABFB021B5F
:1060C0002A224FEA9B0B02FB1B3384F82C30AEE7ED
:1060D000B61AF7B2A9E70023282EA385BDD90E9BD7
:1060E0002922A11C504600932B68C84794F82C30F5
:1060F00006462A21034408485A08A0FB02029208D7
:1061000001FB123384F82C30002E8FD08FE7C2F1C0
:106110002902D2B284E700BF310CC3302DE9F04F21
:106120001E4690F82C5090F82D3083B004468846D7
:106130009D42914600F08C812378C34DC34F072BBD
:10614000FDD8DFE813F01C01FB00D900BA008F0076
:1061500051003200080094F82C1094F82D30994228
:1061600000F04D81E21892787D2A00F0B881013369
:106170002A217E2A4FEA5300A5FB00C04FEA900077
:1061800001FB103384F82D3000F05782A38E0020DD
:10619000E18E03EB022320709BB29942A38600F0AC
:1061A0007881002003B0BDE8F08F94F82C0094F8BB
:1061B0002D30984200F03281E21891787D2900F06C
:1061C000708101332A207E294FEA5302A5FB02C2C7
:1061D0004FEA920200FB123384F82D3000F01D824A
:1061E0000723A1862370AAE7638EB4F830E09E45AA
:1061F00027D832E0A5FB01B19CF802C04FF02A0B72
:106200008908BCF17D0F0BFB110100F0D480BCF1BB
:106210007E0F84F82D1000F0CB8006F803C0E08ECE
:10622000638E80EA0C01B4F830E00133C9B29BB24E
:1062300037F811207345638682EA1022E28680F0E7
:106240001D8194F82D2094F82CA0501C04EB020C16
:1062500092454FEA5001CDD19E4540F0148106236E
:1062600023706CE794F82C0094F82D30984200F0DD
:10627000C680E21891787D2900F0938101332A20AD
:106280007E294FEA5302A5FB02C24FEA920200FBAD
:10629000123384F82D3000F0D081238E002003EBE0
:1062A00001230C9960869BB2E0868B42238640F2E4
:1062B000E280207003B0BDE8F08F94F82C0094F8D1
:1062C0002D30984200F0AA80E21891787D2900F0E4
:1062D000868101332A207E294FEA5302A5FB02C2A0
:1062E0004FEA920200FB123384F82D3000F09581C2
:1062F00004232186237022E794F82C0094F82D20A3
:10630000904200F0B480A31899787D2900F00781AD
:1063100001322A237E294FEA5200A5FB00C04FEA32
:10632000900003FB102284F82D2000F08A8163780E
:106330008B420CBF03230023237000E7002394F853
:106340002C1084F82E3094F82D3099426AD0E2183F
:1063500090787D2800F0008101332A217E2884F87E
:106360002E004FEA5302A5FB02C24FEA920201FB44
:10637000123384F82D3055D002232370DFE694F8D1
:106380002CC04FF02A0E94F82D305A1C9C4504EB7B
:1063900003014FEA52033FF404AFA5FB03038978DE
:1063A0009B087E290EFB1323DBB284F82D30ECD141
:1063B00001232370C3E6501C4FF02A0B0232410820
:1063C000A5FB01C189080BFB11016018C9B28A4500
:1063D0003FF442AF51088078A5FB01A17E2880F0F0
:1063E000200C4FEA91010BFB112284F82D207FF441
:1063F00014AF9E453FF433AF012323709FE60F9BFC
:106400000093012301934A460E9B41462046FFF725
:10641000F1FD00283FF4C5AE237890E60F9B009372
:106420000223EFE70F9B4A46414620460093042390
:1064300001930E9BFFF7DEFD0028EDD194F82E307E
:106440007E2BE9D0ADE600BF310CC33094D70108F4
:106450000F9B0093052301930E9BFFF7CBFD94F850
:106460002D2094F82C309A423FF49BAE64E60F9BAB
:1064700000930323C6E70523237060E63FF4EFAEE5
:10648000BCF17E0F94D0AEEB03030F9A023300925F
:10649000B8E794F82E300D9A1370208E03B0BDE843
:1064A000F08F591C4FF02A0C4A08A5FB02E2920813
:1064B0000CFB1212D1B28842B0D002332244917840
:1064C0005A08A5FB02027E294FEA92020CFB123306
:1064D00084F82D3000F0A18081F0200180E603F1E6
:1064E000010C2A204FEA5C02A5FB02E2920800FBA5
:1064F00012C25FFA82FC614581D0023322445908FE
:106500009278A5FB01C17E2A4FEA910100FB11336D
:1065100084F82D3000F0918082F0200236E6511C84
:106520004FF02A0C4B08A5FB03E39B080CFB13134D
:10653000D9B288429BD00232234450089B78A5FBF5
:1065400000107E2B4FEA90000CFB102284F82D20C7
:1065500077D083F02001EAE603F1010C2A204FEA0C
:106560005C02A5FB02E2920800FB12C25FFA82FC09
:1065700061453FF457AF0233224491785A08A5FB96
:1065800002C27E2984F82E104FEA920200FB1233D9
:1065900084F82D303FF446AF81F0200184F82E10AE
:1065A000EAE6591C4FF02A0C4A08A5FB02E29208C1
:1065B0000CFB1212D1B288423FF421AF02332244C5
:1065C00091785A08A5FB02027E294FEA92020CFB41
:1065D000123384F82D3030D081F020015DE6591C53
:1065E0004FF02A0C4A08A5FB02E292080CFB12129B
:1065F000D1B288423FF412AF0233224491785A0854
:10660000A5FB02027E294FEA92020CFB123384F8AA
:106610002D3002D081F020016AE60F9B0093022307
:1066200001934A460E9B41462046FFF7E3FC0028B3
:106630007FF4F2AE0123237081E50F9B00930123C9
:10664000EEE70F9B00930323EAE700BF012984468E
:1066500000B583B01FD002294FF0000E20D00023D8
:1066600000206EF307036CF30F2361F3174362F30B
:106670001F635FFA83FCC3F30721C3F307421B0EBA
:106680006CF3070061F30F2062F3174063F31F60A0
:1066900003B05DF804FB00F1010E5FFA8EFEDEE749
:1066A00080F0800EDBE700BF82B030B1030621D45A
:1066B000421E4FF0010CD2B201E084460246002394
:1066C00060F30703002062F30F236CF3174361F3B9
:1066D0001F635FFA83FCC3F30721C3F307421B0E5A
:1066E0006CF3070061F30F2062F3174063F31F6040
:1066F00002B0704780F080024FF0020CDFE700BF6D
:106700000023037480F8403080F8443080F8603013
:10671000704700BF70B5037C04464BB106460025A8
:106720003046013502F0C2FF237C1036AB42F7D869
:1067300094F844305BB104F142060025304601353F
:1067400002F0BAFD94F844300236AB42F6D894F821
:1067500040305BB104F1180600253046013503F0E6
:1067600053F894F840302836AB42F6D894F86030AD
:106770005BB104F1480600253046013502F008FE01
:1067800094F860301836AB42F6D870BD10B5047C72
:1067900082B004F1010C80F810C000EB041002F08C
:1067A0007BFF01222046114602B0BDE81040FFF7F2
:1067B0004DBF00BF10B584B0844628209DF8184016
:1067C00000949CF8404000FB04C004F1010E183016
:1067D0008CF840E002F0E0FF01220221204604B0E4
:1067E000BDE81040FFF732BF10B590F8444082B0CA
:1067F000621C04F1210380F8442000EB430002F006
:1068000057FD00220121204602B0BDE81040FFF7ED
:106810001DBF00BF10B584B084461820069C0094AC
:106820009CF8604000FB04C004F1010E48308CF875
:1068300060E002F087FD00220221204604B0BDE89E
:106840001040FFF703BF00BF037C8B428CBF00EBFF
:1068500001100020704700BF90F840308B4204D9EF
:10686000282303FB0100183070470020704700BF49
:1068700090F844308B4203D9213100EB410070473E
:106880000020704790F860308B4204D9182303FB36
:106890000100483070470020704700BF90F840303A
:1068A00083B170B5064600F11805002400E040B140
:1068B0002846013403F01CFA96F840302835A342EC
:1068C000F5D870BD01207047F8B50E460421044686
:1068D00015461F46FDF740FC01233146204647EA96
:1068E000030223752B4600F0D5F82046FDF74AFC3D
:1068F000A84234BF00200120F8BD00BF2DE9F041BF
:1069000004460D46042116469846FDF725FC204610
:10691000FDF738FC03288CBF0127002702D8384632
:10692000BDE8F081334642462046294600F0C6F8CD
:1069300098F80030384603F0010203F0FE0388F8AF
:1069400000302275BDE8F08110F0030018BFC0F1DF
:106950000400704710B584B001206946F4F734F99B
:1069600008499DE81500A0FB0103001901FB023155
:10697000054A4FF0000341EBE471E9F719FD04B05B
:1069800010BD00BF00CA9A3B40420F0010B584B052
:1069900001206946F4F718F9064A00980299A0FB0D
:1069A0000203019C401802FB043343EBE17104B085
:1069B00010BD00BF00CA9A3BF0B587B0072700257D
:1069C0001C460646CDE902210C9ACDE90075043239
:1069D000FFF752F880F00102D2B2A27512B1284638
:1069E00007B0F0BD05AA02993046FFF781F905A965
:1069F0000546204600F0F8FEA669E7692046D4E97E
:106A00000121521AFDF78CFB20463A463146FDF72C
:106A10005BFB284607B0F0BDF0B5164683B00446D0
:106A20000D460193089FFCF7CFFB31462046FCF74B
:106A3000CBFB019A01212046FCF772FC2B0601D505
:106A400003B0F0BD04223946204603B0BDE8F04053
:106A500002F0F2BAF0B5164683B004460D46019333
:106A6000089FFCF7C7FB31462046FCF7C3FB019AA1
:106A700001212046FCF748FD95F90030002B01DA92
:106A800003B0F0BD04223946204603B0BDE8F04013
:106A900002F036BB30B5154683B004460193FCF7CF
:106AA00093FB29462046FCF78FFB019A01212046E3
:106AB00003B0BDE83040FCF733BC00BF30B515462D
:106AC00083B004460193FCF795FB29462046FCF76A
:106AD00091FB019A0121204603B0BDE83040FCF74C
:106AE00013BD00BF2DE9F84304220E46054602F00F
:106AF000A3FA07460222311D284602F09DFA3840CB
:106B00000222B11DC7B2284602F096FA04220740BD
:106B100006F10801284602F08FFA0740317B28462B
:106B2000FCF752FB717B07402846FCF71FFB737B89
:106B300007EA00083BB9B18B2846FCF771FB08EA6D
:106B40000000BDE8F88331692846FCF753FD33693E
:106B5000E3B1C0B137464FF0000900E09CB179695C
:106B6000284602F08DFBB9690446284602F088FBEE
:106B700009F101093369044008379945E4B2EDD3BE
:106B800008EA0408D7E74FF00008D4E708EA00084D
:106B9000D1E700BF2DE9F84304220C46054602F078
:106BA000AFFA07460222211D284602F0A9FA384012
:106BB0000222A11DC6B2284602F0A2FA0422064013
:106BC00004F10801284602F09BFA064004F10C018A
:106BD0002846FCF70FFB04F10D0106EA00072846E2
:106BE000FCF7DAFA637B07403BB904F11C01284645
:106BF000FCF716FC3840BDE8F88304F11001284684
:106C0000FCF728FE2369012B03D901230027AB756C
:106C1000EBE70BB3F0B1A0464FF0000900E0CEB1B6
:106C2000D8F8141008F108084FF40072284602F052
:106C300037FBD8F8101006464FF40072284609F1C9
:106C4000010902F02DFB236906409945F6B2E6D30F
:106C50003740CAE70027C8E70740C6E72DE9F843F1
:106C600004220F46054602F0E7F904460222391DC8
:106C7000284602F0E1F920400222B91DC4B228469C
:106C800002F0DAF9397A04402846FCF76FFA3B7AC9
:106C900000EA040813B94046BDE8F883F9682846BD
:106CA000FCF7A8FCFB6803B3D0B13E464FF00009E7
:106CB00000E0ACB13169284602F0E2FA716904469D
:106CC000284602F0DDFA09F10109FB6804400836A4
:106CD0009945E4B2EDD308EA04084046BDE8F883DC
:106CE0004FF000084046BDE8F88308EA0008D2E704
:106CF00070B50D4609780646FCF766FA044630B1D1
:106D00002B78022B0CD0032B10D0012B08D00222A1
:106D100005F50271304602F08FF92040C0B270BD17
:106D20006968304602F0ACFA0446F0E7294630467E
:106D300051F8042F043102F077FA0446E7E700BF68
:106D400070B50B780C460546013B0D2B54D8DFE897
:106D500003F030071B1B07070707530C0C0C4E49A9
:106D60000431BDE87040FFF7C3BF0979FCF72CFA86
:106D7000E8B12379012B01D0022B3DD1A16828462F
:106D8000BDE8704002F07CBA0979FCF71DFA0646AE
:106D900020B12379022B39D0032B2FD0022204F506
:106DA0000371284602F048F93040C0B270BD00209F
:106DB00070BD0979FCF708FA064658B12379022B11
:106DC00003D0032B28D0012B04D1A168284602F060
:106DD00057FA0646B4F90C122846FCF731FF30404A
:106DE000C0B270BD0431BDE87040FFF77BBE043116
:106DF000BDE87040FFF732BF012070BDA26804F10A
:106E00000C01284602F010FA0646C7E7A16828469A
:106E100002F036FA0646C1E7A26804F10C012846E2
:106E200002F002FA0646D5E770B506460D46FCF7B5
:106E3000E1F9044630B12B78022B0CD0032B12D091
:106E4000012B08D0022205F50271304602F058F9F4
:106E50002040C0B270BD4FF400726968304602F045
:106E60001FFA0446EEE72B1D4FF4007205F10801EE
:106E7000304602F0EBF90446E4E700BF70B50D467A
:106E800009780646FCF772F92B7804464BB9297A43
:106E90003046FCF76BF92B7A0440E4B243B9204644
:106EA00070BD6968304602F0EBF90440E4B2EEE7E9
:106EB000E968304602F0E4F90440204670BD00BFA6
:106EC00070B50D460646096802F0DAF904462979DC
:106ED0003046FCF74BF92B790440E4B243B9297BE7
:106EE0003046FCF743F92B7B04403BB9204670BD8C
:106EF000A968304602F0C4F90440F0E72969304639
:106F000002F0BEF90440E4B2204670BD2DE9F04124
:106F10000C4609780646FCF729F9237805466BB933
:106F200094F828103046FCF721F994F828300540F1
:106F3000EDB2002B69D12846BDE8F081616830468A
:106F4000FCF758FB6368002B6BD0002867D0A16862
:106F5000304602F095F96368012B53D900285ED0C2
:106F6000E168304602F08CF96368022B4AD90028A8
:106F700055D02169304602F083F96368032B41D96B
:106F800000284CD06169304602F07AF96368042B1E
:106F900038D9002843D0A169304602F071F96368FE
:106FA000052B2FD900283AD0E169304602F068F964
:106FB0006368062B26D990B3216A304602F060F947
:106FC0006368072B1ED950B3616A304602F058F946
:106FD0006368082B16D910B3A16A304602F050F945
:106FE0006368092B0ED9D0B104F12C08092700E001
:106FF000A8B158F8041B304602F042F90137626824
:107000009742F5D30540EDB28AE7E26A04F1300118
:10701000304602F009F905402846BDE8F081002518
:107020007EE72840C5B27BE770B50D460978064675
:10703000FCF79CF82B7804464BB9297A3046FCF7CC
:1070400095F82B7A0440E4B243B9204670BD6968D4
:10705000304602F015F90440E4B2EEE705F10C0108
:107060003046FFF753FF0440204670BD2DE96843CA
:10707000884681460988FCF7D3F8064698F802103E
:107080004846FCF773F898F802300640F5B2EBB9C1
:1070900098F806104846FCF769F898F8063005405D
:1070A0007BBB98F80C104846FCF760F898F80C3059
:1070B0000540F3B998F814104846FCF757F898F8CB
:1070C000143005404BB92846BDE86883B8F8041071
:1070D0004846FCF7A5F80540DAE7D8F8182008F18B
:1070E0001C01484602F0A0F82840C5B22846BDE879
:1070F0006883D8F810104846FCF77CFA2840C5B2DF
:10710000D8E7D8F808104846FCF774FA2840C5B20A
:10711000C7E700BFF8B502220C46064601F08CFF17
:107120000546A1783046FCF721F8A3780540EDB27A
:107130000BB92846F8BD04F108013046FFF796FF69
:10714000074694F82C103046FCF710F894F82C30D1
:107150003840C7B25BB994F838103046FCF706F8EF
:1071600094F8383007404BB93D402846F8BDD4E983
:107170000C233046FCF794FC0740ECE7E16B30460B
:1071800002F07EF80740FFB2EEE700BF70B505469B
:107190000E46FCF72FF868B133780446013B0D2BFF
:1071A00009D8DFE803F0410A23230A0A0A0A081073
:1071B00010105C560024204670BD311D2846BDE8E5
:1071C0007040FFF731BE311D2846FCF713F8002848
:1071D000F0D03379012B01D0022BECD1B1682846D5
:1071E0004FF40072BDE8704002F05AB8311D2846D5
:1071F000FCF700F8044670B13379022B4CD0032B16
:1072000009D106F108034FF4007206F10C0128467B
:1072100002F01CF80446022206F50371284601F02C
:107220006FFF2040C4B2C6E7311D2846FBF7E2FFDE
:10723000044630B13379022B36D0032B3CD0012BDE
:1072400032D006F503712846FCF77AFD2040C4B21F
:10725000B1E7311D2846BDE87040FFF79BBC042212
:107260002846B11801F04CFF0446022206F108013D
:10727000284601F045FF0440022206F10A01284693
:10728000E4B201F03DFF034606F10C0128461C4024
:10729000FBF782FF04408EE74FF40072B168284686
:1072A00001F0FEFF0446B6E74FF40072B1682846CD
:1072B00001F0F6FF0446C4E706F108034FF400723C
:1072C00006F10C01284601F0C1FF0446B9E700BFF2
:1072D00070B5022205460E4601F012FF0222044656
:1072E0002846B11801F00CFF2040C0B270BD00BFAD
:1072F0002DE9F0470E4609788046FBF765FF074603
:1073000038B13378062B00F081800D2B14D0052B7B
:1073100002D03846BDE8F087B6F908104046FCF7C1
:107320008FFC07464046D6E90423FCF7B9FB3840FA
:10733000C7B23846BDE8F087B6F908104046FCF7FA
:107340007FFCF16807464046FCF754F9F368002BD0
:10735000EDD018B306F10C09002404EB440506EB4C
:10736000C505297C4046FBF72FFF4FEA440A04EB92
:107370004401002851D02B7CC900032B54D8DFE8EE
:1073800003F033210F0249444046896801F078FF39
:107390000134F268944244D20028DED10027B8E7D5
:1073A0000831A24410224046494406EBCA0A01F0C3
:1073B00043FE0546DAF824104046FCF71BF9284046
:1073C000C0B2E5E70831A24404224046494406EB36
:1073D000CA0A01F031FE0546BAF818104046FBF71C
:1073E0001FFF2840C0B2D3E70831A2440222404622
:1073F000494406EBCA0A01F01FFE05469AF816102A
:107400004046FBF7E1FE2840C0B2C1E7B6F90810DC
:107410004046BDE8F047FCF713BC0134F268A242D5
:10742000BCD80740FFB274E70134F36818359C42BA
:1074300097D36EE72DE9F041022206460F4601F090
:107440005FFE022205463046B91801F059FE80461B
:10745000391D3046FBF7CEFE05EA08050446791DC6
:1074600030462C40FBF7C6FE2040C0B2BDE8F0819C
:10747000F8B50E4607460978FBF7A6FE0446717874
:107480003846FBF7A1FE0440B1783846FBF76EFEA4
:10749000B378E4B2044043B9317A3846FBF766FE6C
:1074A000337A04403BB92046F8BD7168384601F094
:1074B000E7FE0440F0E771893846FBF7B1FE054668
:1074C000B1893846FBF7ACFE0540F1893846EDB28C
:1074D000FBF7A6FE318A2540044638462540FBF7D7
:1074E0009FFE00EA05042046F8BD00BFFFF7FABA88
:1074F000F8B5022207460E4601F09EFD022205461F
:107500003846B11801F098FD317904463846FBF74A
:107510005BFE70B133792C40013BE4B20D2B09D8EE
:10752000DFE803F04C0A23230A0A0A0A081212129F
:10753000453E00242046F8BD06F108013846FFF715
:10754000D7FB04402046F8BD317A3846FBF73CFEB5
:107550000028EED0337A012B01D0022BEAD1F1685A
:10756000384601F08DFE0440E4E7317A3846FBF7F7
:107570002BFE054658B1337A022B34D0032B06D1AB
:10758000F26806F11001384601F04EFE054602226F
:1075900006F50471384601F04FFD28400440C9E764
:1075A00006F108013846FFF79DFA0440C2E706F1EC
:1075B00008013846FFF752FB0440BBE7317A3846F2
:1075C000FBF702FE054630B1337A022B11D0032BB4
:1075D00015D0012B0DD0B6F910123846FCF730FB50
:1075E00028400440A6E7F168384601F049FE054608
:1075F000CDE7F168384601F043FE0546EBE7F26857
:1076000006F11001384601F00FFE0546E3E700BF22
:1076100070B5022205460E4601F00EFD0222044618
:107620002846B11801F008FD0346716828461C4041
:10763000FBF7E0FFE4B2204070BD00BF70B502224E
:1076400005460E4601F05CFD022204462846B118AC
:1076500001F056FD0346311D28461C40FCF7FAF8A0
:10766000E4B2204070BD00BF70B5022205460E4650
:1076700001F0E2FC022204462846B11801F0DCFCCD
:107680002040C0B270BD00BF2DE9F8430E4605464C
:10769000FBF7B0FD0446711C2846FBF7ABFD042246
:1076A00081462846B11801F02BFD06F108018046FD
:1076B0000222284601F024FD04EA090307460222BB
:1076C000DBB206F10A01284603EA080401F018FDBE
:1076D000034628463C4006F10C011D46FBF75CFDC5
:1076E00025402840BDE8F8832DE9F04102220646F6
:1076F0000F4601F005FD022205463046B91801F09B
:10770000FFFC8046391D3046FBF774FD05EA08058D
:107710000446791D30462C40FBF76CFD2040C0B27A
:10772000BDE8F0812DE9F04102220C46054601F04A
:1077300083FC022280462846A11801F07DFC074602
:1077400021792846FBF740FD08EA070806466179DB
:10775000284606EA0806FBF737FD217A3040C7B213
:107760002846FBF703FD237A06466BB994F81C12F2
:107770002846FBF7FBFC94F81C323040C6B283B9B4
:1077800006EA0700BDE8F081217B2846FBF71CFDD7
:1077900088B104F10C012846FFF7D2FA3040C6B296
:1077A000E4E704F508712846FFF7A2FD064006EA63
:1077B0000700BDE8F0810646D8E700BF70B5022299
:1077C00005460E4601F038FC022204462846B11850
:1077D00001F032FC0346311D28461C40FFF748FEED
:1077E000E4B2204070BD00BF70B5022205460E46CF
:1077F00001F022FC022204462846B11801F01CFCCC
:107800002040C0B270BD00BF70B50C4605460E46A4
:1078100034F8021BFBF704FD0222214604462846E9
:1078200001F00AFC0346317928461C40FBF7CCFCEA
:10783000E4B2204070BD00BF70B50E460546FBF7B0
:10784000EFFD022204462846B11801F059FC034618
:10785000311D28461C40FBF7CDFCE4B2204070BD32
:1078600070B50D4606460988FBF7DAFC69880446C0
:107870003046FBF7D5FC0346297930461C40FBF720
:10788000A3FCE4B2204070BD70B50E460546FBF780
:10789000C7FD0446B11C2846FBF7C2FD0346311D57
:1078A00028461C40FBF7A6FCE4B2204070BD00BF98
:1078B00070B50D4606460968FCF7B6FA04466968D5
:1078C0003046FBF797FE2040C0B270BD2DE9F04175
:1078D0000E460546FCF740FB0746311D2846FBF7E0
:1078E000B9FF804606F108012846FCF735FB07EA98
:1078F0000807044606F10C0128463C40FBF7AAFFA6
:1079000006F1100104402846FCF726FB0346E4B2CA
:1079100028461D4606F11401FBF79CFF2C40204031
:10792000BDE8F0812DE9F04104460D460C2201F03E
:1079300083FB032205F10C010746204601F07CFB86
:10794000E97B80462046FBF73FFC29690646204636
:10795000FCF76AFA07EA0807034620463E406969D1
:107960001C46FBF747FE34402040C0B2BDE8F08122
:107970002DE9F04104460D460C2201F0C1FB032223
:1079800005F10C010746204601F0BAFB05F10F0195
:1079900080462046FBF72EFC05F1100106462046E6
:1079A000FCF7DAFA07EA0807034620463E4005F1ED
:1079B00014011C46FBF74EFF34402040C0B2BDE826
:1079C000F08100BF002839D070B50446006880B34C
:1079D0000E461546F6F7B8FF30B320680430F6F7C8
:1079E000B3FF08B320680830F6F7AEFFE0B12068B7
:1079F0000C30F7F7F9FFB8B120681030F7F7F4FF53
:107A000090B1CDB1C6B12A4631462068F6F754FF91
:107A100048B10A2807D040F2F51240F637039042E9
:107A20000CBF1846012070BDF9F702F940F6360088
:107A300070BD40F6360070BD0B2070BD40F63600BC
:107A4000704700BF90B370B50446006848B30E4657
:107A50001546F6F779FFF8B120680430F6F774FFA1
:107A6000D0B120680830F6F76FFFA8B120680C305D
:107A7000F7F7BAFF80B120681030F7F7B5FF58B1BB
:107A800095B18EB120682A4631460830F6F7DCFE03
:107A9000003818BF012070BDF9F7CAF840F636006B
:107AA00070BD40F6360070BD0B2070BD40F636004C
:107AB000704700BF00283AD070B50446006888B30C
:107AC0000E461546F6F740FF38B320680430F6F747
:107AD0003BFF10B320680830F6F736FFE8B12068A6
:107AE0000C30F7F781FFC0B120681030F7F77CFF4A
:107AF00098B1D5B1CEB120682A4631460830F6F7A4
:107B0000DBFE48B10A2807D040F2F51240F63703F1
:107B100090420CBF1846012070BDF9F789F840F675
:107B2000360070BD40F6360070BD0B2070BD40F6CB
:107B30003600704700283AD070B50446006888B314
:107B40000E461546F6F700FF38B320680430F6F706
:107B5000FBFE10B320680830F6F7F6FEE8B12068A7
:107B60000C30F7F741FFC0B120681030F7F73CFF49
:107B700098B1D5B1CEB120682A4631460430F6F727
:107B80009BFE48B10A2807D040F2F51240F63703B1
:107B900090420CBF1846012070BDF9F749F840F635
:107BA000360070BD40F6360070BD0B2070BD40F64B
:107BB00036007047002838D030B50446006891B0D0
:107BC00078B30D46F6F7C0FE28B320680430F6F708
:107BD000BBFE00B320680830F6F7B6FED8B12068C7
:107BE0000C30F7F701FFB0B120681030F7F7FCFE5A
:107BF00088B1EDB1206800236A4629460C30F7F7BA
:107C000097FE60B140F29113984214D00A2818BF31
:107C1000012011B030BDF9F70BF840F6360011B075
:107C200030BD40F6360011B030BD40F6360070472A
:107C30000B2011B030BD40F63700F0E7002848D0E7
:107C4000F8B50C4600293CD005460868002838D015
:107C500017461E46F6F778FEB0B320680430F6F7F4
:107C600073FE88B320680830F6F76EFE60B32068B4
:107C70000C30F7F7B9FE38B320681030F7F7B4FED0
:107C800010B32168284601F5E272F8F7E5FCB8B9AF
:107C90002168284601F5E4720431F8F7DDFC78B973
:107CA0002168284601F5E6720831F8F7D5FC38B9A5
:107CB0002168284601F5E8720C31F8F77DF958B1D2
:107CC000F8BD40F63600F8BDF8F7B2FF40F63600D2
:107CD000F8BD4FF4617070472168284601F5EA72DB
:107CE0001031F8F769F90028EAD11FB12368D3F8F9
:107CF000C4313B60002EE3D02368D3F8D031336029
:107D0000F8BD00BF002850D02DE9F8430C460029EB
:107D10003ED00546086800283AD016461F46F6F7BA
:107D200013FE002838D020680430F6F70DFE002836
:107D300032D020680830F6F707FE68B320680C30B0
:107D4000F7F752FE40B320681030F7F74DFE18B336
:107D5000DDE90932002A18BF002B089B0CBF012166
:107D60000021002B08BF41F00101002F08BF41F0A6
:107D70000101B9B9B6B123686C68D3E974218A42AC
:107D8000104638BF0846844212D80120BDE8F88367
:107D900040F63600BDE8F883F8F74AFF40F63600B3
:107DA000BDE8F8830B20BDE8F8834FF4617070479D
:107DB000D3E9718ED3F8CCC1F0454046EC6938BFA9
:107DC0007046604538BF60468442DED9D5F81890C9
:107DD0002D6859F8280055F8214055F82250181AF6
:107DE00059F82C2003F10C0C59F82E10B0FA80F041
:107DF000A5EB0C054009B5FA85F56D09357003F161
:107E00001005641B089DB4FA84F464093C701C1DC1
:107E100008332870091B0020D31A099AB1FA81F19E
:107E2000B3FA83F349095B0911700A9A1370B1E739
:107E3000002839D070B50446006880B30E46154658
:107E4000F7F78AFC30B320680430F7F785FC08B3F5
:107E500020680830F7F780FCE0B120680C3000F0B3
:107E60009FFDB8B12068103000F09AFD90B1CDB1FF
:107E7000C6B12A4631462068F7F716FC48B10A28F1
:107E800007D040F2592240F6990390420CBF1846A1
:107E9000012070BDF8F7CCFE40F6980070BD40F6AA
:107EA000980070BD0B2070BD40F69800704700BF71
:107EB00090B370B50446006848B30E461546F7F710
:107EC0004BFCF8B120680430F7F746FCD0B12068CD
:107ED0000830F7F741FCA8B120680C3000F060FDD5
:107EE00080B12068103000F05BFD58B195B18EB1C3
:107EF0002A4631462068F7F717FC10B1022818BF50
:107F0000012070BDF8F794FE40F6980070BD40F671
:107F1000980070BD0B2070BD40F69800704700BF00
:107F200000283AD070B50446006888B30E4615465E
:107F3000F7F712FC38B320680430F7F70DFC10B3E4
:107F400020680830F7F708FCE8B120680C3000F032
:107F500027FDC0B12068103000F022FD98B1D5B1E6
:107F6000CEB120682A4631460830F7F79DFB48B16C
:107F70000A2807D040F2592240F6990390420CBFDC
:107F80001846012070BDF8F753FE40F6980070BD0A
:107F900040F6980070BD0B2070BD40F69800704709
:107FA00000283AD070B50446006888B30E461546DE
:107FB000F7F7D2FB38B320680430F7F7CDFB10B3E6
:107FC00020680830F7F7C8FBE8B120680C3000F0F3
:107FD000E7FCC0B12068103000F0E2FC98B1D5B1E8
:107FE000CEB120682A4631460430F7F75DFB48B130
:107FF0000A2807D040F2592240F6990390420CBF5C
:108000001846012070BDF8F713FE40F6980070BDC9
:1080100040F6980070BD0B2070BD40F69800704788
:1080200098B370B50446006850B30E461546F7F78E
:1080300093FB00B320680430F7F78EFBD8B12068BB
:108040000830F7F789FBB0B120680C3000F0A8FCCD
:1080500088B12068103000F0A3FC60B19DB196B1EA
:1080600020682A4631460430F7F75EFB10B102283B
:1080700018BF012070BDF8F7DBFD40F6980070BD19
:1080800040F6980070BD0B2070BD40F69800704718
:1080900000284DD070B50C4659B10546086840B16E
:1080A0001646F7F759FB20B120680430F7F754FB68
:1080B00010B940F6980070BD20680830F7F74CFB07
:1080C0000028F6D020680C3000F082FC0028F0D0A8
:1080D0002068103000F07CFC0028EAD02168284697
:1080E00001F5EE72F8F7E4FA0028E4D12168284699
:1080F00001F5F0720431F8F7DBFA0028DBD12168D2
:10810000284601F5F2720831F8F7D2FA0028D2D1E8
:108110002168284601F5F4721431F8F76DFA002849
:10812000C9D1002EC7D02368D3F8DC31336070BDCD
:108130004FF46170704700BF002867D02DE9F0410F
:108140000C4661B10546086848B116469846F7F7EF
:1081500003FB20B120680430F7F7FEFA18B940F6A7
:108160009800BDE8F08120680830F7F7F5FA00289C
:10817000F5D020680C3000F02BFC0028EFD02068F0
:10818000103000F025FC0028E9D0DDE90623002AA4
:1081900018BF002B0CBF01210021B8F1000F08BF50
:1081A00041F00101A9BBA6B3216800202C69D1F8D8
:1081B000E8212F6A54F82220D1F8DC41D1F8E031CF
:1081C00057F8244057F82350641AD1F8E431B4FA30
:1081D00084F457F82330640934700C1D2C1BB4FA56
:1081E00084F4640988F8004001F108041B1B069C14
:1081F000B3FA83F35B09237001F11403D31A079ACE
:10820000B3FA83F35B091370BDE8F0814FF461703A
:1082100070470B20BDE8F0810220704703207047B3
:10822000042070470620704705207047C2B2062A16
:1082300010D804290ED800EB800210B45318064C55
:1082400054F8233013B15DF8044B184700205DF853
:10825000044B70470020704794D9010810B5074CB3
:10826000864684460FCCACE80F000FCCACE80F007C
:1082700023687046CCF8003010BD00BF20DA01083A
:10828000D0B18446D0F8090000B587B0DCF80D10F5
:10829000DCF81120DCF815300DF1080EAEE80F0007
:1082A000DCF804000CF1400202A91030FFF7CAFB11
:1082B00020B907B05DF804FB0B2070470190F8F778
:1082C000B7FC019807B05DF804FB00BF60B183689C
:1082D00043B11968002281601A72C1681A629A84D7
:1082E0001960C360184670470346FBE780B179B157
:1082F000C36899420DD02BB11A68914203D013463E
:10830000002BF9D170470A681A6083680B6081609E
:1083100070470B68C360F8E738B581B178B1C468BD
:108320000D4614B909E024683CB104F1090010229B
:10833000294602F021FE0028F5D1204638BD002450
:10834000204638BD40B1C06810B905E0006818B1DA
:1083500090F908308B42F9D1704700BF40B1C06836
:1083600010B905E0006818B190F90830032BF9DD69
:10837000704700BF70B1C06860B110B401E0006820
:1083800028B1D0E90A41994208BF9442F7D15DF87B
:10839000044B7047704700BF70B1C06860B110B443
:1083A00001E0006828B1D0E91041994208BF944229
:1083B000F7D15DF8044B7047704700BF70B1C068DB
:1083C00060B110B401E0006828B1D0E916419942CB
:1083D00008BF9442F7D15DF8044B7047704700BF67
:1083E00040B1C06810B905E0006818B190F82030BD
:1083F000002BF9D0704700BF40B1C06810B905E04C
:10840000006818B190F82330002BF9D0704700BFF6
:1084100098B100220B4600F1280110B5446886B0DF
:1084200004F110000592CDE9032203AA8DF80C3067
:10843000FFF73EFD18B906B010BD0B207047019044
:10844000F8F7F6FB019806B010BD00BF0000000071
:1084500010B310B590B0044606A8FFF7FFFE002346
:10846000D4F80900EC46D4F80D10D4F811208DF89A
:108470001830D4F81530CDF81CD0ACE80F009FEDC3
:10848000087B606806AA04F1580110308DED087B66
:10849000FFF7C6FD10B010BD0B207047AFF3008092
:1084A000010000000100000082B030B58BB00EACBE
:1084B00084E80C0088B1044601A80D46FFF7CEFE03
:1084C00001AA0EA904F110008DF80450FFF7A8FDD1
:1084D0000BB0BDE8304002B070470B200BB0BDE8D8
:1084E000304002B0704700BF0B280DDC002809DBCC
:1084F0000B2807D8DFE800F0070606070606060681
:108500000606070701207047CB2818BF01207047D7
:1085100030B5002383B00093D0B1044669461548B6
:10852000F8F756FB024610B1012003B030BD009BA6
:108530008BB118780028F8D001A91846019201F0F3
:1085400051FE054650B1431C0DD000202560ECE7DC
:108550000B2003B030BD184603B030BD019B1B7823
:10856000002BF2D0E0E702F01FFE0368222BECD1D3
:10857000DAE700BF44DA01082DE9F04F8DB09846E4
:108580001B9B0792002B18BFB8F1000F0CBF0123F3
:108590000023002A08BF43F00103002908BF43F06D
:1085A0000103002B3DD1B0FA80F2044652090028A5
:1085B00037D00F460BA900F015FA054668BB0B9B98
:1085C000002B37D102460BA93846FAF71DFD68BBD0
:1085D0000B9B002B33D12A460BA90798FAF7F6FC20
:1085E00020BB0B9D002D40F0A2807B21204602F095
:1085F000F5FC2378814620BB2F2B22D119AB93E8C1
:10860000030016AB8DE8030020460ECBF8F776FC8E
:1086100000281B9B08BF0A25186028460DB0BDE83E
:10862000F08F0B2528460DB0BDE8F08FFFF75CFFFB
:108630000546F2E7672528460DB0BDE8F08FC9254D
:10864000EBE77E2B75D0B9F1000F00F0C28000235C
:10865000A2461E46089555460994B2464C46DDF89A
:108660001CB0002C00F0AE807D21284602F0B6FC44
:10867000A0EB04092146694809F10106324602F0DF
:10868000BAFC002851D032462146654802F0B3FCBE
:1086900028B132462146634802F0ADFC38BBD946CA
:1086A00018AB93E8070016AB8DE80700204631466B
:1086B0000CCBF8F745FC0446002800F0A3804A469E
:1086C000284616AB2146F8F719FB1A990546179B61
:1086D000204698475046179B1A999847002D6CD012
:1086E0007B21284602F07AFCAA460446B9E709F144
:1086F000FF32611C4046F8F73BFD81460028CFD190
:108700001B9B18AA6925186016AB07CA8DE80700DD
:10871000314620460CCBF8F713FC1A99179B984763
:10872000179B1A995046984777E7B946B8E7CA2584
:1087300073E7079E3046E7F733FE3B4A3B4B039611
:10874000012818BF1346049702931A9B0093631CD9
:1087500005934FF40063019316AB0FCBF8F794FA2F
:10876000064650B3B9F1000F05D07B21B24602F0A6
:1087700035FC81466EE733782F2B1BD0079C2046B3
:10878000E7F70EFE4FF40063294A01931A9B049603
:108790000093284B0394012818BF1346029316AB8D
:1087A0000FCBF8F771FA0346179A30461A991E460E
:1087B000904716B11B9B1E602FE700231B9A0A25CA
:1087C00013602AE753465646DDE90854002BD2D100
:1087D00023782F2B1ED0079E3046E7F7E1FD1A9A2B
:1087E0004FF4006303960494CDE90023104A114B23
:1087F000012818BF1346029316AB0FCBF8F744FAC3
:108800000646D6E7DDE91A125046179B14600A2582
:10881000984702E700231E46CCE700BF5CDA010858
:1088200064DA01086CDA010854DA01084CD3010853
:1088300050D1010848D1010800280CBF0B200020AE
:10884000704700BF034A034692E8030083E8030031
:108850001846704778DA010882B02DE9F04186B0F9
:1088600004460E4615460DF1300C0DF1040E4CF881
:10887000043FBCE80F00AEE80F00DCF8003001A8B0
:10888000CEF80030F8F7F2F880F00103DBB23BBB22
:1088900034B3D4F80480B8F1000F1AD105B32846D8
:1088A000F6F7A8F8F0B1019B1C20059998470746F8
:1088B000606020B3C6B1066080F8048001AC07F1A7
:1088C000080C00250FCCACE80F002368CCF8003072
:1088D00000E06425284606B0BDE8F04102B07047CC
:1088E0000B25F7E76525F5E72868283000F074FACE
:1088F000386067683E6826B101233B71DEE70A25D0
:10890000E8E7029B38460599012598476660E1E74C
:1089100070B582B0F0B14368044663B11868DE6890
:10892000996960B11D7965B91846B047002328469A
:10893000636002B070BD1D46284602B070BD05469A
:10894000F2E7019100F05EFA051E6368019918BF15
:108950000125E9E70B25284602B070BDF0B587B0C8
:1089600006460B4C6846F8F773F8EE46A4462546D3
:108970003446BEE80F00ACE80F000FCDDEF8007003
:108980000FC43046CCF80070276007B0F0BD00BFC0
:10899000C4FA012410B1406800B10068704700BFFC
:1089A000A0B1036810B5044673B1D3F8C4205AB11E
:1089B000D3F8C000F6F71EF830B12368D3F8C4002E
:1089C000003818BF012010BD002010BD00207047E6
:1089D00030B1006820B1D0F8C400003818BF0120C1
:1089E000704700BF002800F089802DE9F0470E464F
:1089F000002900F0858004461746E7F7D1FCB0B1A6
:108A000094F800E0DFF860C11CF80E3013F00403A6
:108A100039D100F1FF3814F808202F2A0FD1022293
:108A20003260A7B31846C7F80080BDE8F08701237D
:108A3000336067B3002318463B60BDE8F08704F15C
:108A4000FF3A1D4619461AF8012FA2F13009B9F173
:108A5000090F1FD922F02009A9F14109B9F1190F15
:108A600018D95F2A24D02F2A58D07E2A4AD07B2AB0
:108A70005BD07D2A69D1002D5CD10523336037B1ED
:108A800000203960D9E704233360002FD2D10020C1
:108A9000BDE8F0871CF80220520709D500290CBF59
:108AA000002205F001021AB14D1E9D4231D015463B
:108AB00001318842C7D1002D42D1284601230CE064
:108AC000BEF17E0F01D1012847D05A1C8B4200F124
:108AD000010004F1010413462ED28045F5D022781E
:108AE0002F2AEDD162781CF802205207EDD504221E
:108AF0003260002FCBD000203B609EE70B207047F8
:108B00000B209AE70029D3D006233360002FB7D17A
:108B1000BDE709233360002FB2D1B8E7002DC7D0DD
:108B200008233360002FABD1B1E7002DF8D10B46FD
:108B30000125BDE70025BBE70023184633607CE72D
:108B400005223260002FD6D1A1E7002D14BF0823E3
:108B500003233360002F93D199E707233360002F5D
:108B600095D00123C7E700BF5DDB010828B370B5CE
:108B700004464068E0B104F10800F7F777FFC0B1A0
:108B80002368C3B1002560682E4650F82500E368CD
:108B9000A1699847D4E9003040F8256001359D422D
:108BA000F3D3E368A169984700231846C4E900336A
:108BB00070BD0B2070BD6068F3E70B20704700BFED
:108BC00082B002B0704700BF234A2DE9F04112681D
:108BD00094B01A9EBDF86C5013911293C2B3BDF8B5
:108BE0004C109DF84E0001E052688AB39468A38A45
:108BF0008B42F9D1A37D8342F6D1482204F13001A2
:108C0000684602F006FB04F1280320460CCBF9F776
:108C1000D1FE0746E0B1D0F808802A46304608F178
:108C2000100100F06DFA30B939460C4814B0BDE8B7
:108C3000F04100F0BDB8C8F81448C8F81058F9F76A
:108C4000B7FC08F50262052342E9020188F82038E2
:108C500014B0BDE8F08100BF90FA012480FA01242D
:108C600024482DE9F041006894B01A9EBDF86C705C
:108C7000139100283BD01D4601E04068B8B38468DA
:108C8000218B9142F9D1482204F12801684602F073
:108C9000C0FA04F1200320460CCBF9F78BFE804686
:108CA00028B33046D8F808603A4606F1100100F0C3
:108CB00027FA30B94146104814B0BDE8F04100F041
:108CC00077B80FCD06F6280CC6F81448C6F8107809
:108CD000ACE80F0095E803008CE80300F9F768FCA6
:108CE00006F50262032342E9020186F8203814B037
:108CF000BDE8F08160FA012480FA012422482DE9C0
:108D0000F041006894B01A9EBDF86C701391B8B32E
:108D10001D4601E0406898B38468218B9142F9D1E7
:108D2000482204F12801684602F073FA04F1200396
:108D300020460CCBF9F73EFE804608B33046D8F803
:108D400008603A4606F1100100F0DAF930B9414600
:108D50000E4814B0BDE8F04100F02AB80022C6F871
:108D60001448C6F81078C6F82C28C6F82858F9F721
:108D70001FFC06F50262042342E9020186F820384E
:108D800014B0BDE8F08100BFD0A3012480FA012413
:108D90000346406858B142685A600AB10021116028
:108DA0001A68426002B110600022026018607047C9
:108DB0000B680BB14A685A604A6802B113600368D5
:108DC0008B42436808BF02604B6003B11960002307
:108DD0000B604160704700BF38B505460848FFF793
:108DE000D7FF034648B184680023E5612374F8F790
:108DF00003FB04F11403C4E90504184638BD00BFA1
:108E000020FA012408B5084B196811B90AE049682D
:108E100041B18B6814339842F9D10348FFF7C8FF7A
:108E2000002008BD012008BD20FA01242DE9F041F1
:108E3000054684B022480F461646FFF7A9FF0446B0
:108E4000002839D02B690221846803F58053DFF8AC
:108E50007880B3F89605421CC4E90565A3F8962509
:108E6000FBF7ECFB3C22206141463846F9F704FF52
:108E7000F0B1144F304664223946F9F7CFFEB8B14D
:108E8000286906216B69D0F8842300F52870CDF895
:108E90000080CDE9017111682269FBF733FA0246BF
:108EA0002869D0F88C33D0F88413F9F783FE18B909
:108EB00020460024F9F772FD204604B0BDE8F08199
:108EC000A0FA012414FB0124D8FA012438B58569DD
:108ED000DDB104462869D0F8883300F5287022698E
:108EE0001968FBF791F902462869D0F88813D0F881
:108EF0009033F9F75FFE03462046002B14BF002491
:108F00000224F9F74BFD204638BD0124204638BD28
:108F10002DE9F041056804460E462846E7F7E0F9DA
:108F2000C8B1114B1B689D4212D1D4F80480D8F807
:108F300000406CB1D8F808500027043D314655F880
:108F4000040FE7F7CDF9BB0040B10137BC42F5D1C2
:108F50000020BDE8F0812046BDE8F081D8F810205F
:108F6000BDE8F041D3581847B80000242DE9F0417E
:108F700019461F4605469046FBF77EF8E0B93E4687
:108F80000BE04144A8682246361B02F042F9AB6868
:108F9000286923442044AB602861314601222846D9
:108FA000FBF7F4F8B91B04460028EAD10123A87D99
:108FB0006B755840BDE8F0813A464146A86802F01A
:108FC00028F9AA682B693A443B44AA602B61EDE773
:108FD0002DE9F04119461F4605469046FBF74CF82F
:108FE000E8B93E460CE008EB0300A9682246361BB0
:108FF00002F00FF9AB68286923442044AB60286174
:10900000314601222846FBF7C1F8BB1B0446002865
:10901000E9D10123A87D6B755840BDE8F0813A463F
:10902000A968404602F0F5F8AA682B693A443B4427
:10903000AA602B61EDE700BF2DE9F041884611469B
:1090400017460546FBF718F8E0B93E460BE04144E9
:10905000A8682246361B02F0DCF8AB682869234476
:109060002044AB602861314601222846FBF78EF888
:10907000B91B04460028EAD10123A87D6B7558402E
:10908000BDE8F0813A464146A86802F0C2F8AA68F5
:109090002B693A443B44AA602B61EDE72DE9F0418E
:1090A00019461F4605469046FAF7E6FFE0B93E46E8
:1090B0000BE04144A8682246361B02F0AAF8AB68D0
:1090C000286923442044AB602861314601222846A8
:1090D000FBF75CF8B91B04460028EAD10123A87D00
:1090E0006B755840BDE8F0813A464146A86802F0E9
:1090F00090F8AA682B693A443B44AA602B61EDE7DB
:109100002DE9F0418846114617460546FAF7B4FFA7
:10911000E8B93E460CE008EB0300A9682246361B7E
:1091200002F077F8AB68286923442044AB602861DB
:10913000314601222846FBF729F8BB1B04460028CC
:10914000E9D10123A87D6B755840BDE8F0813A460E
:10915000A968404602F05DF8AA682B693A443B448E
:10916000AA602B61EDE700BF2DE9F04119461F46CB
:1091700005469046FAF780FFE8B93E460CE008EB5A
:109180000300A9682246361B02F043F8AB68286941
:1091900023442044AB602861314601222846FAF777
:1091A000F5FFBB1B04460028E9D10123A87D6B75A0
:1091B0005840BDE8F0813A46A968404602F029F8D7
:1091C000AA682B693A443B44AA602B61EDE700BFD3
:1091D00070B515460E46017D0446FAF7A3FA0DB99F
:1091E000012070BD2B463246217D2046BDE87040EF
:1091F000FFF7BCBE2DE9F0411D4616460F461A4644
:10920000017D0446FAF7B6FB2B689E4201D201228B
:10921000A27513B90120BDE8F0813A46217D2046B0
:10922000BDE8F041FFF7D4BE70B515460E46017D8E
:109230000446FAF777FA0DB9012070BD2B46324685
:10924000217D2046BDE87040FFF728BF2DE9F041A1
:109250001D4616460F461A46017D0446FAF78AFB5C
:109260002B689E4201D20122A27513B90120BDE8EC
:10927000F0813A46217D2046BDE8F041FFF774BFFA
:1092800010B582B0044608460191E7F789F8024616
:1092900001992046013202B0BDE81040FFF798BFA7
:1092A00000B583B001ABFFF7A5FF03B05DF804FB89
:1092B0004FF6FF73038070474FF6FF7303807047CC
:1092C00038B5044600880D4600F024FD0346C00F63
:1092D000002BB8BF258038BD70B50C4605460889FF
:1092E0002B68267DD1E90012B2FBF0F2A3EB010C52
:1092F000BCFBF2FC0CF1010C1FFA8CF3B3FBF0FC8D
:1093000000FB1C339BB202FB03F3181D084450F80A
:10931000042C16B1002640F8046C032A01D8012061
:1093200070BD08332846043A19442B69FAF7F0FE59
:10933000284622460249FAF7C7FE002070BD00BF4A
:10934000D992010810B5C0E900120024029A0381E5
:1093500002610475C3B10C600189012914D94FF071
:10936000010C43680CF1010EBCFBF1F2B3FBF1F30D
:1093700001FB12C21FFA8EFC92B202FB03F30268D9
:10938000D45001896145ECD84FF0FF33C36010BD64
:109390000189D9B110B54FF0000EF4467446436808
:1093A0000EF1010EBCFBF1F2B3FBF1F301FB12C2B3
:1093B0001FFA8EFC92B202FB03F30268D4500189BB
:1093C0006145ECD84FF0FF33C36010BD4FF0FF3361
:1093D000C36070472DE9F84304460D4601891746DE
:1093E0008089984600F08EFC29460646A08900F048
:1093F00091FC00280ADB00262946E08900F08AFC5F
:10940000002800DAE5813046BDE8F8833046294679
:1094100000F080FC0028EEDB23693846984781463F
:109420000121A08900F06EFCB9F1000F08BF854250
:109430000CBF0126002604D10023089AA0811370D6
:10944000DAE722896368B5FBF2F0B3FBF2F302FBC3
:10945000105080B203FB00F023680430184450F829
:10946000043C002BC7D13946424601F0D2FE218987
:109470006368B5FBF1F2B3FBF1F301FB125292B258
:1094800002FB03F3226842F803800123089A137059
:10949000B9F1000FAFD0A6890121304600F032FCAF
:1094A000218963680646B0FBF1F2B3FBF1F301FBDF
:1094B0001202206892B202FB03F30433184450F8FE
:1094C000043C002B97D023699847022802D001283A
:1094D000E2D090E701268FE72DE9F04704460F46DA
:1094E00080890121904600F00DFC22896668B0FB5E
:1094F000F2F3B6FBF2F602FB13039BB203FB06F694
:10950000236804361E4456F8049CB9F1000F23D09A
:109510000546236930469847824600B3B4F80CA04C
:109520000121504600F0EEFB2189824663682068E5
:10953000BAFBF1F2B3FBF1F301FB12A292B202FB10
:1095400003F30433184450F8043C2BB123699847C3
:1095500002281BD00128E3D00020BDE8F0874A464E
:1095600031463846FAF7DCFD218963680120B5FBF6
:10957000F1F2B3FBF1F301FB125292B202FB03F3DF
:10958000226842F803A0A581BDE8F087208906EB98
:1095900008016368A9EB0802B5FBF0F6B3FBF0F332
:1095A00000FB16550020ADB203FB05F523685851AA
:1095B0003846FAF7B5FD384622460349FAF784FDE6
:1095C0000120A4F80CA0C8E7D992010838B51146CB
:1095D0000446C089154600F09DFB0028B8BFE58110
:1095E00038BD00BF2DE9F843038904460F4685893D
:1095F000DBB12846012604E0664506F1010614D2D7
:10960000A089B1B200F07EFBB4F808C0B0FBFCF258
:10961000D4E900130CFB1202B3FBFCF392B202FB81
:1096200003F3CB58002BE7D105463D800121E689A5
:10963000284600F06BFB0146304600F067FB06460B
:1096400028B34FF000094FF001084D461FFA89F189
:10965000388800F057FBB4F808C0616808FA09FEC2
:10966000226809F101094EEA050EB0FBFCF3B1FBDB
:10967000FCF103FB1C0083B201FB03F3D3580BB9CD
:109680001FFA8EF54E45E1D12846BDE8F883054620
:109690002846BDE8F88300BF4FF6FF7C01600373E6
:1096A000A0F80EC0C0E90132704700BF4FF6FF724C
:1096B000037BC28143607047F0B5044683B04068C5
:1096C0000D461646FDF740F963681844A368421931
:1096D00093422CBF0127002702D2384603B0F0BDC9
:1096E0000090002330462168FAF708FD616838468B
:1096F0002944616003B0F0BD2DE9F04104461D46E8
:109700004068237B98428CBF0126002602D8304651
:10971000BDE8F0818846E0890121174600F0F2FAA1
:109720002368E08128803046C8F8003063683B60D9
:10973000237B6360BDE8F081F8B5B1F808C00C4642
:1097400003680546267BD1E90012B2FBFCF2A3EBCD
:10975000010E0369BEFBF2FE0EF1010E1FFA8EFE32
:10976000BEFBFCF70CFB17EC1FFA8CFC02FB0CFC9D
:1097700051F80C20B444921B0CF1080C043A6144DB
:10978000FAF7C6FC284622460249FAF79DFC00205B
:10979000F8BD00BF3997010830B59DF80C40038132
:1097A0000473C0E90012E3B10C60B0F808C0BCF16A
:1097B000010F16D94FF0010E43680EF10105047B2D
:1097C0000168BEFBFCF2B3FBFCF30CFB12E21FFAD8
:1097D00085FE92B202FB03F3CC50B0F808C0F4450A
:1097E000EAD8074B4FF6FF724FF0FF346FF0004599
:1097F000C0F80E30002342820384C0E9064530BD24
:109800000000FFFF00000000018910B5B1B14FF06A
:10981000000EF44643680EF1010E047BBCFBF1F22E
:10982000B3FBF1F301FB12C21FFA8EFC92B202FBF2
:1098300003F30268D45001896145EBD8084B4FF619
:10984000FF729FED057BC0F80E3000234282038437
:1098500080ED067B10BD00BFFFFFFFFFFFFFFF7F16
:109860000000FFFF2DE9F04F044691B000898B46C0
:10987000E68904926568236894F80C90B6FBF0F2D0
:10988000B5FBF0F500FB12622F1F92B205FB02320E
:10989000111DD2F800800391002800F04A814FF09A
:1098A000000CE24661460CF1010CB1FBF0F200FB4A
:1098B00012121FFA8CF192B205FB02F29A584A4535
:1098C00003D10AF1010A1FFA8AFA8142EBD340461A
:1098D0000421CDF814A0FAF727FC804408EB0B0212
:1098E000BA4240F2CA80227B5A44BA4240F2B28065
:1098F0004FF6FC72BBB2A2EB09021A4492B20AFB09
:1099000002F90592D9450692C0F0B38008F104022D
:10991000BA4280F0DA80A3F10409059BA9EB08099B
:109920001FFA89F9ABEB090BBBFBF3F203FB12B394
:10993000002B40F0C48093B2534500F29A80002B74
:1099400000F0F980CDF81C804FF0000ADDF814809B
:109950000DF1200B05951D4600E0C14622895846B1
:1099600063680AF1010AB6FBF2F1B3FBF2F302FB02
:1099700011613A4689B203FB01F1236804311944AD
:10998000002351F804CCCDF800C0FAF7B7FB4A46E3
:1099900000230D215846FCF797FF21896368304664
:1099A000B6FBF1F2B3FBF1F301FB1262012192B2BB
:1099B00002FB03F32268D75000F0A4F906461FFA11
:1099C0008AF39D42C9D8DDF81C80059D20893A465E
:1099D0006368B6FBF0F1B3FBF0F300FB116158468E
:1099E00089B201FB03F3216804331944002351F8C1
:1099F000047C0097FAF782FB069F58460223BAB20E
:109A00000D21FCF761FF08F10401039BA5F1080299
:109A100025890B44A2EB0802B6FBF5F019466368F2
:109A200005FB1060B3FBF5F380B2256800FB03F380
:109A3000207B04303844E850049D2846FAF770FB38
:109A4000284622463D49FAF73FFB0120E68111B046
:109A5000BDE8F08F0121E08900F054F90546218925
:109A6000608A00F04FF90146284600F053F90028BB
:109A700044DD002011B0BDE8F08F2189608A059295
:109A800000F040F90146304600F044F90028059AFC
:109A9000EFDC2589D4E90073B6FBF5F4B3FBF5F3ED
:109AA00005FB1464A4B204FB03F3DDE90310FA50D0
:109AB0000023CDF80080FAF721FB0120DAE701321C
:109AC000069393B25345D4D839E730460121079322
:109AD00000F018F9064620896268B6FBF0F1B2FB87
:109AE000F0F200FB116189B201FB02F2216804323D
:109AF0008B1853F8048C0393079B0CE72189636848
:109B00000498B5FBF1F2B3FBF1F301FB12522168AB
:109B100092B202FB03F3227B04335A44194441F806
:109B2000042C237B00930023FAF7E8FA0120E58157
:109B3000A0E78246CBE60DF1200B47E739970108F5
:109B4000F8B504461D460F46008A0121164600F06E
:109B5000D9F8288022896368B0FBF2F1B3FBF2F3F5
:109B600002FB110CE1891FFA8CFC0CFB03FC23683F
:109B70000CF1040C63443B6023689C445CF8043C97
:109B8000336000F0C7F8002801DD0020F8BD237B1A
:109B900032689A42F9D9618A208A00F0B7F823899D
:109BA0008342F2D02888E3892082984201D00120A4
:109BB000F8BD012100F0A6F803460120E381F8BDBD
:109BC00070B5018A0446408A15461E4600F0A2F888
:109BD000002807DB4FF0FF326FF000430020C4E99C
:109BE000062370BD94F8200040B9012384F820308A
:109BF000643546F10006C4E9065670BDD4E9062373
:109C0000954276EB030304DB431C012084F82030EB
:109C1000EEE70020ECE700BF408A70472DE9F041F5
:109C200090F8217097B180460D4616461C4618885C
:109C3000012100F067F82080B8F8101000F06AF8F1
:109C4000002806DD00231F4688F821303846BDE88D
:109C5000F081B8F808202088D8F80410B0FBF2F39F
:109C6000B1FBF2FC02FB13039BB203FB0CFCD8F824
:109C700000300CF1040C63442B60D8F800306344CE
:109C800053F8043C336098F80C209A42D0D0DDE7BA
:109C9000F8B504460E461046012100F037F8618AF7
:109CA00000F034F8C8B1054600270121608A00F0B1
:109CB00029F823896268013794F80CC02168BD42F5
:109CC0006082B0FBF3FEB2FBF3F203FB1E039BB218
:109CD00002FB03F341F803C0E7D1003E4FF000035D
:109CE00018BF012684F8203084F82160F8BD00BF39
:109CF000018A408A08B500F00DF8B0FA80F04009FA
:109D000008BD00BF084480B2704700BF401A80B24F
:109D1000704700BF884211D009D3884210D9401A39
:109D2000B0F5004FD4BF01204FF0FF3070470B1A41
:109D3000B3F5004FF1DA4FF0FF3070470020704765
:109D4000012070471FB514461A46094B1B6805468B
:109D5000D86854B9074B1C46CDE9013400912B4615
:109D6000054900F025FF01F062FA044BF4E700BF5B
:109D7000C8000024ECDA0108BEDA0108B1DA0108F3
:109D8000024B0A460146186800F002B8C8000024D9
:109D900070B5A1FB02543CB9294600F087F806468D
:109DA00028B90026304670BD0C220260F9E72A4629
:109DB000214601F00BF9F5E707B5044B014601AA6E
:109DC000186800F005F803B05DF804FBC800002433
:109DD0002DE9F84FDFF86CA006468946174602F0D9
:109DE0000DF8DAF8004034B14B46984613F8012BD1
:109DF0003AB13D2AF9D1304602F006F80020BDE81C
:109E0000F88FA8EB0908A34654F8040B0028F2D0F9
:109E10004246494601F0EFF80028F4D154F8043CDA
:109E200003EB080513F808303D2BECD1DAF80030CD
:109E3000ABEB03039B1030463B6001F0E5FF681C71
:109E4000DDE700BF04000024024B0146186800F063
:109E50002DB800BFC8000024024B0146186801F06D
:109E6000D9BF00BFC800002470B50F4E0C46316842
:109E7000054611B901F076F930602146284601F017
:109E800071F9431C03D14FF0FF34204670BDC41C50
:109E900024F00304A042F8D0211A284601F062F908
:109EA0000130F2D1EFE700BF78FB01242DE9F84340
:109EB000CD1C25F0030508350C2D38BF0C25002DD1
:109EC000064601DBA94204D90C2333600020BDE81B
:109ED000F883DFF8D48000F069F8D8F800301C4629
:109EE00044BB29463046FFF7BFFF431C044658D108
:109EF000D8F800402746002F43D1002C4BD02368D0
:109F00003946304604EB030901F02CF9814542D172
:109F100021686D1A29463046FFF7A6FF01303AD076
:109F200023682B442360D8F800305A6862BBC8F815
:109F300000700FE02268521B20D40B2A17D9611938
:109F4000A342256018BF5960636808BFC8F80010B5
:109F500062514B60304600F02FF804F10B00231DD6
:109F600020F00700C21A1CBF1B1AA350AFE762689B
:109F7000A3420CBFC8F800205A60EBE72346646890
:109F8000AEE73C467F68B6E71A465B68A342FBD162
:109F900000235360DEE70C233360304600F00CF8FA
:109FA00094E70560D6E700BF7CFB0124014801F07F
:109FB00026B900BFC1FC0124014801F021B900BF4E
:109FC000C1FC012438B5104B1D682B6B0446B3B996
:109FD0001820FFF739FF0246286320B90B4B0C48C5
:109FE0004621FFF7AFFE0B490B4BC0E900130B4BAB
:109FF00083600B23838100210120C2E904012B6BC4
:10A0000000221C615A6138BDC8000024EDDA010845
:10A0100004DB01080E33CDAB34126DE6ECDE050037
:10A02000164B10B51C68236BB3B91820FFF70CFF53
:10A030000246206320B9124B12485221FFF782FEDC
:10A040001149124BC0E90013114B83600B2383812C
:10A0500000210120C2E90401216B0E480B694C6903
:10A060000D4A584302FB0400A3FB0232013340EBCC
:10A070000200C1E9043020F0004010BDC8000024F7
:10A08000EDDA010804DB01080E33CDAB34126DE6C6
:10A09000ECDE05002DF451582D7F954C024B0A46FD
:10A0A0000146186800F002B8C80000242DE9F0410C
:10A0B000804615460C4621B9BDE8F0411146FFF730
:10A0C000F5BE2AB901F0A6FE00242046BDE8F081C5
:10A0D00002F06CFA8542064602D8B5EB500FF4D870
:10A0E00029464046FFF7E2FE07460028ECD0B5427D
:10A0F0002A46214628BF324601F08BF821464046C9
:10A1000001F088FE3C46E0E72DE9F043344E8646F8
:10A110000D46284615F8014B375D17F00807F8D1B2
:10A120002D2C2FD12C780127851C33F0100009D15C
:10A13000302C2CD1287800F0DF00582827D16C78FB
:10A14000102302354FF0FF380026B8FBF3F803FB6D
:10A1500008F96FEA09093046A4F1300CBCF1090F87
:10A160001CD86446A3422ADDB6F1FF3F07D08045E4
:10A1700022D301D1A1451FDB00FB0340012615F8C6
:10A18000014BE9E72B2C04BF2C78851CCDE7002B75
:10A19000D8D1302C0CBF08230A23D3E7A4F1410CFB
:10A1A000BCF1190F01D8373CDCE7A4F1610CBCF11C
:10A1B000190F04D8573CD5E74FF0FF36DFE7731C83
:10A1C00006D12223CEF80030304632B9BDE8F08304
:10A1D00007B14042002AF9D006B1691E1160F5E7C7
:10A1E0005DDB010813460A46014602480068FFF796
:10A1F0008BBF00BFC8000024F0B52DED028BB0EE80
:10A20000408B85B017460D9D0C9E18EE902A25F0C8
:10A210002005002AB6BF2D220022B1EE408B462D2C
:10A220000C461A7004D0452D00D10134022100E003
:10A23000032103AB019302AB009322463346B0EEF9
:10A24000480B01F085F8472D14D1FB070AD50219F8
:10A25000B5EE408BF1EE10FA08BF03923021039B5C
:10A26000934219D3039B0E9A1B1A136005B0BDECE1
:10A27000028BF0BD462D00EB0402E9D10378302BB0
:10A2800007D1B5EE408BF1EE10FA1CBFC4F101040A
:10A29000346033681A44DBE75C1C03941970DEE712
:10A2A000F7B50029BABF49422D232B230929027093
:10A2B000437029DD0DF107031D460A271A46B1FB3D
:10A2C000F7F607FB1614303402F8014C0C46632CE9
:10A2D00003F1FF333146F1DC3031941E03F8011CE9
:10A2E000411C2346AB420AD30DF109039B1AAC4231
:10A2F00088BF002302330344181A03B0F0BD13F8DB
:10A30000016B01F8016FEDE7302330318370C170CC
:10A31000031DF1E7000000002DE9F04F8DB00C4661
:10A32000DDF8588016461F46054600F08DFED0F831
:10A3300000B05846E6F734F800230A93D8F8003006
:10A3400094F8189022680590073323F0070303F16F
:10A350000801C8F8001093ED000B9FED976BB0EE6D
:10A36000C07BB4EE467BF1EE10FA84ED120B24DDD7
:10A37000B5EEC00BF1EE10FA02D52D2384F8433070
:10A380008F49904BB9F1470F94BF8846984622F009
:10A3900004020323236122604FF0000A0097334632
:10A3A0000BAA2146284600F0D1F9013040F08980FF
:10A3B0004FF0FF300DB0BDE8F08FB4EE400BF1EE82
:10A3C00010FA09D710EE903A002BBCBF2D2384F869
:10A3D00043307D497D4BD5E76368591C09F0DF0A9E
:10A3E00039D10623636042F4806200232260039324
:10A3F0000AABCDE9019309AB009361680DF123032A
:10A400002846FFF7F9FEBAF1470F0999804629D18E
:10A41000C81C02DB6368994241DDA9F102095FFAB9
:10A4200089F901394A4604F150000991FFF738FFD4
:10A430000A9A1318012A8246236102DC2268D20795
:10A4400001D5013323619DF82330002BA6D02D23A5
:10A4500084F84330A2E7BAF1470FC4D1002BC2D130
:10A460000123BFE7B9F1650FDBD9B9F1660F18D148
:10A47000002963680BDD216113B92268D00702D57A
:10A4800001330B442361A1654FF0000ADBE713B9E8
:10A490002268D20701D50233F4E70123F2E74FF037
:10A4A00067090A9B994205DB23682161D807EAD531
:10A4B0004B1CE7E70029D4BFC1F10202012213447B
:10A4C000E0E723685A0507D4236942463146284607
:10A4D000B84701302AD16BE7B9F1650F40F2E0804F
:10A4E00094ED127BB5EE407BF1EE10FA33D1384A91
:10A4F000012331462846B84701303FF459AFDDE922
:10A500000938434502DB2368D8070FD5059B5A4617
:10A5100031462846B84701303FF44AAF4FF00009B2
:10A5200008F1FF3804F11A0AC84509DC23689B07C3
:10A5300000F10781E0680B9B9842B8BF184639E7E5
:10A540000123524631462846B84701303FF430AF28
:10A5500009F10109E8E7099B002B3BDC1C4A0123B8
:10A5600031462846B84701303FF422AFDDE90939CA
:10A5700059EA030302D12368D907D7D5059B5A4668
:10A5800031462846B84701303FF412AF4FF0000A79
:10A5900004F11A0B099B5B42534501DC4B4694E7DF
:10A5A00001235A4631462846B84701303FF400AFF0
:10A5B0000AF1010AEEE700BFFFFFFFFFFFFFEF7F99
:10A5C0005DDC010861DC010865DC010869DC01086B
:10A5D0006DDC0108A36DDDF828A05345A8BF5346E4
:10A5E000002B994637DC0023079329EAE97904F127
:10A5F0001A02A36D07990693A3EB09038B4231DC82
:10A60000099B9A453BDC2368DA0738D4099BAAEBFF
:10A610000309069BAAEB03039945A8BF9946B9F124
:10A62000000F34DC4FF0000829EAE97904F11A0B35
:10A63000099BAAEB0303A3EB090343457FF776AF1E
:10A6400001235A4631462846B84701303FF4B0AEA0
:10A6500008F10108ECE7424631462846B847013088
:10A66000C1D1A5E60123314628460692B8470130FC
:10A670003FF49EAE079B069A01330793B9E7059B0B
:10A680005A4631462846B8470130BFD190E6069A6F
:10A690004B46424431462846B8470130C2D187E68E
:10A6A000DDF82890B9F1010F01DCDB0736D5012375
:10A6B000424631462846B84701303FF479AE059B03
:10A6C0005A4631462846B84701303FF471AE94ED02
:10A6D000127BB5EE407BF1EE10FA09F1FF3918D08C
:10A6E0004B4608F1010231462846B84701300CD1EB
:10A6F0005EE601235A4631462846B84701303FF40A
:10A7000057AE08F10108C845F3DB534604F1500287
:10A71000DCE64FF0000804F11A0BF4E7012342468F
:10A72000E1E701234A4631462846B84701303FF465
:10A730003FAE08F10108E3680B995B1A4345F0DC72
:10A74000F8E64FF0000804F11909F4E72DE9F047A5
:10A75000164698468A680B69DDF820909342B8BF88
:10A760001346336091F8432007460C460AB1013383
:10A7700033602368990642BF33680233336025682B
:10A7800015F0060506D104F1190AE36832689B1A30
:10A79000AB4226DC94F843302268003B18BF01230B
:10A7A00092062BD404F1430241463846C847013093
:10A7B0001ED02368226903F00603042B02BFE5685C
:10A7C0003368ED1AA3680CBF25EAE57500259342AE
:10A7D000C4BF9B1AED1800261A34B5421AD10020C6
:10A7E00008E00123524641463846C847013003D1AC
:10A7F0004FF0FF30BDE8F0870135C6E7E1185A1C7D
:10A80000302081F84300224494F8451082F8431028
:10A810000233C7E70123224641463846C847013084
:10A82000E6D00136D9E700002DE9FF470F7E0C9EE8
:10A83000782F914680460C469A4601F1430207D88C
:10A84000622F0AD8002F00F0D280582F00F0B98074
:10A8500004F1420684F842703AE0A7F16303152B35
:10A86000F6D801A151F823F0C1A80108D5A8010824
:10A8700051A8010851A8010851A8010851A80108D0
:10A88000D5A8010851A8010851A8010851A801083C
:10A8900051A80108D5A90108FFA801088FA901083E
:10A8A00051A8010851A80108F7A9010851A80108F9
:10A8B000FFA8010851A8010851A8010897A901089B
:10A8C00033681A1D1B68326004F1420684F8423076
:10A8D00001239DE033682068191D3160060601D50B
:10A8E0001D6803E04506FBD5B3F90050002D03DADF
:10A8F0002D236D4284F8433059480A2311E0216822
:10A900003368080653F8045B02D4490648BFADB269
:10A910006F2F5348336014BF0A230823002184F8A3
:10A9200043106668A660002EA2BF216821F00401D2
:10A9300021600DB9002E4BD01646B5FBF3F103FB99
:10A940001157C75D06F8017D2F46BB420D46F4D96D
:10A95000082B0BD12368DF0708D52369616899426A
:10A96000DEBF302306F8013C06F1FF36921B226160
:10A97000CDF800A04B4603AA21464046FFF7E6FE6D
:10A9800001304AD14FF0FF3004B0BDE8F0872368B2
:10A9900043F0200323603348782784F84570236808
:10A9A00031681F0651F8045B02D45F0648BFADB2A0
:10A9B0003160D90744BF43F0200323601DB1102349
:10A9C000ACE72748E9E7236823F020032360F6E794
:10A9D0001646BDE7336825686169181D30602E068C
:10A9E0001B6801D5196002E06806FBD519800023B9
:10A9F00023611646BCE733681A1D32601E68626820
:10AA000000213046E5F77CFC08B1801B606063687C
:10AA10002361002384F84330AAE72369324649467C
:10AA20004046D0470130ADD023689B0713D4E0687F
:10AA3000039B9842B8BF1846A6E701233246494611
:10AA40004046D04701309DD00135E36803995B1A39
:10AA5000AB42F2DCEBE7002504F11906F5E700BF95
:10AA60006FDC010880DC0108002310B50446C0E952
:10AA70000033C0E90433836081814366C28183610E
:10AA8000194608225C3000F0A1FA0D4B63620D4BB1
:10AA9000A3620D4BE3620D4B23630D4B24629C427A
:10AAA00006D003F16802944202D0D0339C4205D113
:10AAB00004F15800BDE8104000F0A0BB10BD00BF7D
:10AAC00059AD01087BAD0108B3AD0108D7AD010850
:10AAD00080FB0124024A0349034800F07BB800BF11
:10AAE000BC000024F9CB0108CC00002441680C4BC9
:10AAF000994210B5044601D002F07EF8A168094BD6
:10AB0000994202D0204602F077F8E168064B99425C
:10AB100004D02046BDE8104002F06EB810BD00BF62
:10AB200080FB0124E8FB012450FC012410B50B4BF1
:10AB30000B4C0C4A1A60204600220421FFF794FFB8
:10AB400004F1680001220921FFF78EFF04F1D00013
:10AB50000222BDE810401221FFF786BFB8FC012495
:10AB600080FB0124D5AA0108014800F048BB00BFC2
:10AB7000C2FC0124014800F043BB00BFC2FC012419
:10AB800010B50446FFF7F0FF236A1BB1BDE8104083
:10AB9000FFF7F0BF044B2362044B1B68002BF5D179
:10ABA000FFF7C4FFF2E700BFEDAA0108B8FC0124DB
:10ABB0000EB403B5014603AB054853F8042B0068F7
:10ABC000019301F07DFE02B05DF804EB03B0704725
:10ABD000C80000242DE9F84307468846144600269D
:10ABE000D4E90195B9F1010905D52468002CF7D104
:10ABF0003046BDE8F883AB89012B07D9B5F90E3093
:10AC0000013303D029463846C04706436835E9E793
:10AC10000FB407B5064904AB086853F8042B8168E4
:10AC2000019301F04DFE03B05DF804EB04B07047F2
:10AC3000C8000024036A70B5846805460E460BB947
:10AC4000FFF79EFF636EDB0705D4A389980502D446
:10AC5000A06D00F0D4FAA389190702D52369002B4F
:10AC600035D12146284600F031F980B34FF0FF3549
:10AC7000636EDA0705D4A3899B0502D4A06D00F0AA
:10AC8000BFFA284670BD002B04DAA2699A4217DC8D
:10AC90000A2915D023685A1C22601970A36816F877
:10ACA000011F013BA3600029EDD1002B11DA2246E0
:10ACB0000A21284600F0CCF80130D7D00A25D7E782
:10ACC0002246284600F0C4F80130E7D1CEE7013E25
:10ACD000E4E723685A1C22600A221A70EEE700009B
:10ACE000024B01461868FFF7A5BF00BFC80000244B
:10ACF0000CB430B5174B0C1E1D689DB008DA8B23C1
:10AD00002B604FF0FF301DB0BDE8304002B07047FF
:10AD10004FF40273ADF8143014BF04F1FF3323462F
:10AD2000049307934FF6FF7302900690ADF8163028
:10AD3000209A21AB02A92846019301F09BFC431CF9
:10AD4000BCBF8B232B60002CDDD0029B00221A702D
:10AD5000D9E700BFC800002410B50C46B1F90E10A9
:10AD600000F0EEF90028ABBF636DA3891B1823F434
:10AD70008053ACBF6365A38110BD2DE9F0411F4630
:10AD80008B89DB0505460C46164605D5B1F90E1034
:10AD90000223002200F0C2F9A389B4F90E1023F4B3
:10ADA0008053A38132463B462846BDE8F04100F07F
:10ADB000E9B910B50C46B1F90E1000F0AFF9431C1B
:10ADC000A38915BF606523F4805343F48053A381A6
:10ADD00018BFA38110BDB1F90E1000F039B930B51C
:10ADE0001446002C9BB005461A4605DA8B230360F7
:10ADF0004FF0FF301BB030BD4FF40273ADF80C3094
:10AE000014BF04F1FF332346029305934FF6FF73FB
:10AE100000910491ADF80E3069461E9B01F02AFCAA
:10AE2000431CBCBF8B232B60002CE3D0009B002273
:10AE30001A70DFE707B5009313460A460146034838
:10AE40000068FFF7CCFF03B05DF804FBC8000024E6
:10AE5000F8B50E461446054618B1036A0BB9FFF75C
:10AE60008FFEA369A360A3891A0701D5236943B99B
:10AE70002146284600F02AF818B14FF0FF3738462F
:10AE8000F8BD23682269981A6369F6B2834237468F
:10AE900005DC2146284601F0AFFE0028EDD1A3686D
:10AEA000013BA36023685A1C22601E706269431C28
:10AEB0009A4204D0A389DB07E1D50A2EDFD12146CF
:10AEC000284601F099FE0028D9D0D6E738B5294B9D
:10AED000054618680C4618B1036A0BB9FFF750FE17
:10AEE000B4F90C30190722D4DA0607D409222A60F3
:10AEF00043F04003A3814FF0FF3033E0580712D5F1
:10AF0000616B41B104F14403994202D0284600F03C
:10AF100081FF00236363A38923F02403A38100231B
:10AF2000636023692360A38943F00803A381236935
:10AF30004BB9A38903F42073B3F5007F03D02146F6
:10AF4000284601F0A7FEB4F90C3013F001020AD034
:10AF50000022A26062695242A261226942B913F0E2
:10AF60008000C5D138BD990758BF6269A260F4E777
:10AF70000020F7E7C800002410B5013902449042D0
:10AF800001D1002005E0037811F8014FA34201D060
:10AF9000181B10BD0130F2E7884210B501EB020426
:10AFA00002D98442234607D8431EA14208D011F893
:10AFB000012B03F8012FF8E7024401468A4200D131
:10AFC00010BD13F8014D02F8014DF7E702440346A6
:10AFD000934200D1704703F8011BF9E7C9B2034659
:10AFE000184613F8012B12B18A42F9D17047002993
:10AFF00018BF0020704710B56AB10139841810F8E5
:10B00000012B11F8013F9A4203D1A04201D0002A3E
:10B01000F5D1D01A10BD1046FCE70A7870B56AB9B0
:10B0200070BD9A4209D10C46054614F8013F002B29
:10B03000F6D015F8016F9E42F7D001300378002B4F
:10B04000EFD11846ECE700000048704708020024E2
:10B0500038B5064D0023044608462B60E6F79EF9F6
:10B06000431C02D12B6803B1236038BDBCFC012412
:10B07000294B1B68834270B504464BD0C369ABB102
:10B08000DB686BB10025E369DB68595900293BD1C6
:10B090000435802DF7D1E3692046D96800F0BAFE67
:10B0A000E369196811B1204600F0B4FE616911B17D
:10B0B000204600F0AFFEE16911B1204600F0AAFE83
:10B0C000216B11B1204600F0A5FE616B11B1204645
:10B0D00000F0A0FEA16B11B1204600F09BFEA16C18
:10B0E00011B1204600F096FE616C11B1204600F0CF
:10B0F00091FEE16A11B1204600F08CFE236A4BB14B
:10B100002046BDE8704018470E68204600F082FED9
:10B110003146BBE770BD00BFC800002438B5074DFD
:10B1200004460846114600222A601A46E6F75DF9F1
:10B13000431C02D12B6803B1236038BDBCFC012441
:10B1400038B5074D04460846114600222A601A46C3
:10B15000E6F707F9431C02D12B6803B1236038BD21
:10B16000BCFC012438B5064D0023044608462B607C
:10B17000E6F748F9431C02D12B6803B1236038BDC0
:10B18000BCFC012438B5074D044608461146002290
:10B190002A601A46E5F79CFF431C02D12B6803B1D5
:10B1A000236038BDBCFC0124014B1868704700BF08
:10B1B000C800002470B50D4D0D4C641BA410002672
:10B1C000A64209D10B4D0C4C01F026FE641BA410C5
:10B1D0000026A64205D170BD55F8043B98470136BC
:10B1E000EEE755F8043B98470136F2E784DE0108A4
:10B1F00084DE010884DE01088CDE01087047704798
:10B200007047034611F8012B03F8012B002AF9D1EE
:10B2100070470A44914200F1FF3300D1704710B5E6
:10B2200011F8014B03F8014F9142F9D110BD08B557
:10B23000062001F093FD0120E6F788F82DE9F74F8D
:10B2400003690C69A34207467EDB013C01F1140847
:10B25000A30000F11405009305EB8403019358F853
:10B26000243055F8242001339A4208EB8409B2FBBC
:10B27000F3F62ED34FF0000AC446AE46D3465CF830
:10B28000043B98B206FB00A0020C1B0C06FB032338
:10B29000DEF8002080B292B2121A5A44DEF80000A2
:10B2A0004FEA134A9BB2C3EB224303EB104392B223
:10B2B00042EA0342E1454EF8042B4FEA234BDED22B
:10B2C000009BEB582BB9019B043B9D421A462FD3A0
:10B2D0003C61384601F062F8002825DB2946002051
:10B2E00058F8042BD1F800C01FFA82FE1FFA8CF325
:10B2F000A3EB0E030344120CC2EB234202EB1C42ED
:10B300009BB243EA0243C14541F8043B4FEA224065
:10B31000E6D255F8242005EB840322B9043B9D4274
:10B320001A460BD33C610136304603B0BDE8F08FBE
:10B330001268043B002ACBD1013CC6E71268043BEB
:10B34000002AEFD1013CEAE70020EEE70000000010
:10B350002DE9F04F2DED028BC76991B08DED020BF9
:10B3600055EC104B1C9E0791814609920D937FB9B5
:10B370001020FEF769FD0246C9F81C0020B9A04B59
:10B38000EF21A048FEF7DEFCC0E901770760C76047
:10B39000D9F81C30196859B15A684A6001239340A2
:10B3A0008B60484600F0C0FDD9F81C3000221A60BE
:10B3B0002B1EBBBF23F00043039300230122ACBF2D
:10B3C00033603260904B039EB34310D10D9A42F22A
:10B3D0000F731360C6F31303234300F0DE841D9B39
:10B3E0008A4F002B00F0E084FB1C00F0DBBC9DEDDD
:10B3F000028BB5EE408BF1EE10FA0AD10D9A0123C3
:10B4000013601D9B13B11D9A814B1360814F00F097
:10B41000CBBC0EAA0FA94846B0EE480B01F06EF85F
:10B42000C6F30A530E9A0190002B45D0B0EE487B2C
:10B4300018EE901AC1F3130141F07F5141F440110D
:10B44000A3F2FF33002507EE901AB7EE086B9FEDCD
:10B45000665B37EE467B9FED666BA7EE056B9FED57
:10B46000665B07EE903AB8EEE74BB0EE467BA4EE93
:10B47000057BFDEEC76BB5EEC07BF1EE10FA16EE64
:10B48000908A08D5B8EEE66BB4EE476BF1EE10FA91
:10B4900018BF08F1FF38B8F1160F2BD85E4901EB41
:10B4A000C80191ED007BB4EEC78BF1EE10FA01D527
:10B4B00008F1FF3800211EE00F9B134403F23241D4
:10B4C0002029C1BFC1F140018E4003F2124124FA8C
:10B4D00001F1D6BFC1F12001314304FA01F107EEB9
:10B4E000901AB8EE677B013B17EE901A0125A1F187
:10B4F000F871A8E70121D21A531E069345BFC2F185
:10B5000001030593002300234CBF06930593B8F174
:10B51000000F0C9118DB069BCDF82880434406935E
:10B520000023079A092A49D8052AC4BF043A07927A
:10B53000079AA2F10202CCBF00240124032A48D8B2
:10B54000DFE802F00B2E2C3A059B0022A3EB080348
:10B5500005930A92C8F10003E3E700220892099AD2
:10B56000002A39DC4FF0010BDA465A46CDF824B0F8
:10B57000D9F81C700021042000F11406964230D93D
:10B5800079604846049300F08FFC049B074600282E
:10B5900046D1224B024640F2AF11F2E60122DDE72E
:10B5A00000220892099A08EB020B0BF1010A52469D
:10B5B000012AB8BF0122DBE70122F2E701240022C1
:10B5C000CDE907244FF0FF3B0021DA461222099112
:10B5D000CEE701220892F5E7DDF824B0DA465A46B4
:10B5E000C6E701314000C7E761436F63A787D23FD9
:10B5F000B3C8608B288AC63FFB799F501344D33F62
:10B60000EDDA01089EDC01080000F07F9ADC0108F9
:10B610006EDC01086DDC010898DD0108F6DC01082C
:10B62000D9F81C20BAF10E0F10606FD8002C6DD025
:10B63000B8F1000F40F3C280CA4A08F00F0102EBD4
:10B64000C10218F4807F92ED007B4FEA281100F0D0
:10B65000A980C54A92ED086B88EE066B8DED026BF2
:10B6600001F00F010322C048002940F09D809DEDAC
:10B67000026B86EE077B8DED027B0C999DED027BC4
:10B68000002900F0C180B7EE006BB4EEC67BF1EE8E
:10B6900010FA40F1B980BAF1000F00F0B580BBF1AB
:10B6A000000F31DDB2EE046B27EE067B8DED027BE1
:10B6B00008F1FF31049101325C469DED026BB1EE61
:10B6C0000C5B07EE902AB8EEE77BA7EE065B15EE63
:10B6D000902A51EC150BA2F15071002C40F098808B
:10B6E000B1EE047B36EE476B41EC170BB4EEC76B43
:10B6F000F1EE10FA00F36182B1EE477BB4EEC76B56
:10B70000F1EE10FA00F1F5808DED028B0F9A002A10
:10B71000C0F22C81B8F10E0F00F32881914B03EB9E
:10B72000C80393ED006B099B002B03DABAF1000FFD
:10B7300040F3D280B2EE044B9DED027B3E4687EE95
:10B74000065BBDEEC55B15EE103A303306F8013BE3
:10B75000F31B9A45B8EEC53BA3EE467B40F0F8805C
:10B7600037EE077BB4EEC67BF1EE10FA00F3DD8016
:10B77000B4EE467BF1EE10FA04D115EE103ADB0779
:10B7800000F1D3800199484600F0CEFB00230D9ACA
:10B79000337008F1010313601D9B002B00F004833C
:10B7A0001E6001E302225EE7CC0704D590ED006B3A
:10B7B000013227EE067B4910083055E722D0C8F148
:10B7C0000001684A01F00F0002EBC00292ED007B1D
:10B7D00028EE077B8DED027B6348091100240222CD
:10B7E00029B9002C3FF449AF8DED027B45E7CE0728
:10B7F00005D590ED006B0132012427EE067B491040
:10B800000830EDE7022238E7CDF81080544654E7BF
:10B81000544A02EBC40212ED024B089A41EC170B9A
:10B820003C444AB3B6EE003BB7EE002B3E4683EEF7
:10B83000045BB2EE043B35EE477BFDEEC64B14EEE7
:10B84000902AB8EEE45B303236EE456BB4EEC76B4F
:10B85000F1EE10FA06F8012B38D432EE465BB4EE66
:10B86000C75BF1EE10FA62D4A6423FF44DAF27EE6B
:10B87000037B26EE036BE0E721463E4627EE047B82
:10B88000B2EE043BFDEEC64B14EE902A303206F8C1
:10B89000012BA642B8EEE45B36EE456B19D1B6EE4D
:10B8A000005B37EE054BB4EEC46BF1EE10FA3EDCF4
:10B8B00035EE475BB4EEC56BF1EE10FA7FF524AFC1
:10B8C0000E46013916F8013C302BF9D0DDF8108016
:10B8D00058E726EE036BD5E70BD1B1EE047B26EEDD
:10B8E000076B9DED027BB4EEC76BF1EE10FAC0F270
:10B8F000618100242546099BDB4304933E464FF0BB
:10B9000000082146484600F00FFB002DDED0B8F1BC
:10B91000000F05D0A84503D04146484600F004FB7F
:10B920002946484600F000FBD0E7CDF810803346AA
:10B930001E4613F8012D392A06D19F42F8D1049AE8
:10B940000132049230223A701A7801321A70BDE73F
:10B9500027EE047BB5EE407BF1EE10FA7FF4EFAEFC
:10B9600010E700BF98DD010870DD01080899002983
:10B9700000F0E3800799012900F3C880002D00F052
:10B98000C18002F23342059E1C460493059B13447A
:10B990000593069B012113444846069300F078FB6B
:10B9A000049B054666B1069A002A09DDB242059954
:10B9B000A8BF3246891A05910699B61A8A1A0692C4
:10B9C000FBB1089A002A00F0BC809CB129462246AF
:10B9D00048460B9300F01CFC019A01460546484678
:10B9E00000F06CFB01990490484600F09DFA049A1F
:10B9F0000B9B01921A1B04D00199484600F008FCE9
:10BA000001900121484600F043FB0A9B0446002BAD
:10BA100000F0D0811A460146484600F0F9FB079B2A
:10BA2000012B044600F39580029B002B40F08B8095
:10BA3000039BC3F31302002A40F0878023F00042E7
:10BA4000120D1205002A00F08280059B0133059338
:10BA5000069B0133069301230B930A9B002B00F0F6
:10BA6000AF81226904EB8202106900F0C5FAC0F1CF
:10BA70002000069B184410F01F0076D0C0F1200271
:10BA8000042A69DD059BC0F11C0003440593069B55
:10BA9000064403440693059B002B05DD01991A46D5
:10BAA000484600F00FFC0190069B002B05DD214667
:10BAB0001A46484600F006FC04460C9B002B56D064
:10BAC0000198214600F06AFC002850DA08F1FF33A3
:10BAD0000493019900230A22484600F047FA089B84
:10BAE0000190002B00F06E81294600230A2248466F
:10BAF00000F03CFABBF1000F054664DC079B022B0B
:10BB00003EDC60E00E9AC2F136023CE70AF1FF34F7
:10BB1000A342BFBFE21A0A9B9B180A93AEBF1C1B2D
:10BB200023460024BAF1000FB5BF059A059EA2EB8B
:10BB30000A065246B8BF002227E7059E089D1C460C
:10BB400030E71A4658E7002386E7029B84E70B920A
:10BB500083E700230B9384E79DD0059B1C3213449D
:10BB60000593069B1644134494E70246F5E7BAF1A1
:10BB7000000FCDF81080D34621DC079B022B1EDD81
:10BB8000BBF1000F7FF4B7AE21465B460522484665
:10BB900000F0ECF901460446019800F0FFFB002894
:10BBA0007FF7A9AE3E46312306F8013B049B0133E3
:10BBB0000493A4E6CDF8108054462546F2E7089B8E
:10BBC000002B00F00381002E05DD29463246484651
:10BBD00000F078FB05460B9B002B58D0696848465F
:10BBE00000F062F9064628B9824B024640F2EF2186
:10BBF000FFF7C7BB2A690232920005F10C010C3035
:10BC0000FFF707FB01223146484600F05BFB7B1C37
:10BC1000059307EB0B030993029B03F00103A8466E
:10BC200008930546059B0198214603F1FF3BFFF76A
:10BC300005FB4146029000F1300A019800F0AEFB8E
:10BC40002A4606902146484600F0C4FBC2680646D4
:10BC5000FAB90146019800F0A1FB02463146484678
:10BC60000A9200F061F9079B0A9A059E43EA0201D5
:10BC7000089B19430FD1BAF1390F28D0069B002B2E
:10BC800002DD029B03F1310A8BF800A039E6284659
:10BC9000BDE70122E2E7069B002B04DB07990B437B
:10BCA00008990B4320D1002AEEDD01990122484674
:10BCB00000F008FB2146019000F070FB002803DC37
:10BCC000E2D11AF0010FDFD0BAF1390FD9D13923FF
:10BCD0008BF8003033461E46013B16F8012C392AFA
:10BCE00053D001321A700CE6002A07DDBAF1390F81
:10BCF000EDD00AF101038BF8003002E6059B059AAE
:10BD000003F801AC099B934229D0019900230A2230
:10BD1000484600F02BF9A84501904FF000034FF082
:10BD20000A024146484607D100F020F98046054600
:10BD3000059B0133059375E700F018F92946804605
:10BD400000230A22484600F011F90546F0E7BBF14E
:10BD5000000FCCBF5E4601263E444FF0000801991B
:10BD60000122484600F0AEFA2146019000F016FB91
:10BD70000028AFDC02D11AF0010FABD133461E46CA
:10BD800013F8012D302AFAD0BBE59F42A3D1049BC2
:10BD90000133049331233B70B3E51D9B164F1BB158
:10BDA00007F108031D9A1360384611B0BDEC028BF1
:10BDB000BDE8F08F079B012B7FF736AE0A9B0B93F4
:10BDC000012056E6BBF1000F7FF7D7AE3E46019843
:10BDD0002146FFF733FA00F1300A06F801ABF21BF7
:10BDE0009345B4DD019900230A22484600F0BEF8CD
:10BDF0000190ECE7F6DC010891DC01080148FFF74F
:10BE0000FEB900BFC0FC01240148FFF7F9B900BF2B
:10BE1000C0FC012438B50546002941D051F8043C46
:10BE20000C1F002BB8BFE418FEF7C0F81D4A1368BA
:10BE300033B9636014602846BDE83840FEF7BCB8EB
:10BE4000A34208D9206821188B4201BF19685B689A
:10BE500009182160EDE71A465B680BB1A342FAD9D5
:10BE600011685018A0420BD1206801445018834239
:10BE70001160E0D118685B68536008441060DAE72D
:10BE800002D90C232B60D6E7206821188B4204BF0F
:10BE900019685B68636004BF091821605460CAE7D1
:10BEA00038BD00BF7CFB012470B5C66904460D4651
:10BEB00076B91020FDF7C8FF0246E06120B9184BA3
:10BEC00018486B21FDF73EFFC0E901660660C660B9
:10BED000E669F36883B1E369DB6853F82500B8B914
:10BEE000012101FA05F6721D92002046FDF750FF70
:10BEF00060B1C0E901560EE0212204212046FDF781
:10BF000047FFE369F060DB68002BE4D1002070BDDF
:10BF1000026843F825200023C0E90333F7E700BF98
:10BF2000EDDA010807DD010870B5C66905460C4663
:10BF300076B91020FDF788FF0246E86120B9094B69
:10BF400009488F21FDF7FEFEC0E901660660C66064
:10BF50003CB1EB696268DB6853F82210216043F85A
:10BF6000224070BDEDDA010807DD01082DE9F0413E
:10BF70000D6907460C461E4601F1140C0020DCF842
:10BF8000003099B202FB01611E0C0B0C02FB063360
:10BF900089B2013001EB034185424CF8041B4FEAA2
:10BFA0001346ECDC0EB3A368AB4219DC616838467B
:10BFB0000131FFF779FF804628B902460C4B0D4846
:10BFC000BA21FDF7BFFE2269023204F10C01920092
:10BFD0000C30FFF71EF921463846FFF7A5FF44460F
:10BFE00004EB850301355E6125612046BDE8F081E3
:10BFF000F6DC010807DD0108B0F5803F034636BFD7
:10C00000030400201020B3F1807F3CBF1B020830E6
:10C01000B3F1805F3CBF1B010430B3F1804F3CBFE4
:10C020009B000230002B05DB13F0804F00F1010074
:10C0300008BF202070470368024613F007000BD0AA
:10C04000D90721D4980749BF5B089B0801201360DA
:10C050005CBF13600220704799B209B91B0C102015
:10C06000D9B209B908301B0A190704BF1B090430EB
:10C07000990704BF9B080230D90703D45B0800F17D
:10C08000010003D0136070470020704720207047E4
:10C0900010B50C460121FFF707FF024628B9054BF2
:10C0A000054840F24511FDF74DFE0123446103614F
:10C0B00010BD00BFF6DC010807DD01082DE9F04FD7
:10C0C00014460A6923699A42A8BF23460F46A4BFB3
:10C0D0000C461F46D4F810A0D7F81090A3686168EA
:10C0E0000AEB0906B34285B0B8BF0131FFF7DCFEA9
:10C0F00030B90246444B45484FF4B171FDF722FE7A
:10C1000000F1140505EB86082B460022434521D398
:10C1100007F1140104F1140202EB8A0201EB890316
:10C120000293131B153B23F00303043304F115079B
:10C13000BA4238BF04230193029B03918B420CD86F
:10C14000002E03DD58F8043D002B5BD0066105B0DE
:10C15000BDE8F08F43F8042BD8E7B1F800A0BAF19E
:10C16000000F24D004F1140EA9464FF0000C5EF825
:10C17000047BD9F800301FFA87FB9BB20AFB0B3314
:10C180004FEA174BD9F8007063444FEA174C0AFB8B
:10C190000BC707EB13479BB243EA0743724549F8C5
:10C1A000043B4FEA174CE2D8019B45F803C0039BC0
:10C1B000B3F802900431B9F1000F21D02B6804F1DB
:10C1C000140CAE464FF0000ABCF800B0BEF8027086
:10C1D00009FB0B7757449BB243EA07434EF8043BF5
:10C1E0005CF8043B4FEA134ABEF8003009FB0A33FF
:10C1F00003EB174362454FEA134AE5D8019FEB5121
:10C20000043599E7013E9BE7F6DC010807DD0108EC
:10C210002DE9F843154612F0030207460E4607D0F3
:10C22000254C013A002354F82220FFF79FFE0646D2
:10C23000AD103DD0FC697CB91020FDF705FE02462B
:10C24000F86128B91D4B1E4840F2B311FDF77AFD85
:10C25000C0E901440460C460D7F81C80D8F80840E5
:10C260004CB940F271213846FFF712FF0023C8F89D
:10C270000800044603604FF00009EB070AD5314679
:10C2800022463846FFF71AFF314680463846FFF708
:10C290004BFE46466D100BD0206838B92246214629
:10C2A0003846FFF70BFF2060C0F800900446E4E733
:10C2B0003046BDE8F88300BF60DD0108EDDA010813
:10C2C00007DD01082DE9F0470C464968236903EBB7
:10C2D0006218A368074691464FEA621A08F1010600
:10C2E000B3420BDB3846FFF7DFFD054648B902468F
:10C2F000284B29484FF4EF71FDF724FD01315B0015
:10C30000EEE7002300F1140100F110021846534536
:10C3100033DB20692AEAEA7A04F1140319F01F09D1
:10C3200001EB8A0103EB800C2BD0C9F1200E8A4669
:10C330000022186800FA09F010434AF8040B53F879
:10C34000042B9C4522FA0EF2F3D8ACEB0403153B08
:10C3500023F00303043304F11500844538BF04239C
:10C36000CA500AB108F10206013E38462E61214644
:10C37000FFF7DAFD2846BDE8F08742F8040F0133E5
:10C38000C5E7043953F8042B41F8042F9C45F9D82C
:10C39000EAE700BFF6DC010807DD01080A69034689
:10C3A0000069801A30B50ED11433143103EB8204C6
:10C3B00001EB820154F8045D51F8042D954203D03D
:10C3C00005D24FF0FF3030BDA342F3D3FBE701208D
:10C3D000F9E700002DE9F74F894606461146484621
:10C3E0001446FFF7DBFF051E12D129463046FFF742
:10C3F0005BFD024628B93F4B40F237213E48FDF72E
:10C40000A1FC0123C0E90435104603B0BDE8F08F5C
:10C41000BCBF4B46A1463046D9F80410BABF1C46F3
:10C4200001250025FFF740FD024618B9314B40F2C7
:10C430004521E3E7D9F810702669C56009F11003BA
:10C4400009F1140504F1140E00F1140B05EB870833
:10C450000EEB86060193D9464FF0000C019B5EF867
:10C46000040B53F804AF01931FFA8AF3194683B201
:10C47000CB1A000C6344C0EB1A4000EB23409BB284
:10C4800043EA0043764549F8043B4FEA204CE5D89F
:10C49000331B153B23F0030315340433A64238BF86
:10C4A00004231D445B441E462C4644450ED308F12C
:10C4B0000301491B21F00301033DA84538BF0021BA
:10C4C0000B4453F8041D91B117619DE754F8041B08
:10C4D000E646080C1CFA81FC714400EB2C4089B242
:10C4E00041EA004146F8041B4FEA204CDDE7013FDA
:10C4F000E7E700BFF6DC010807DD01082DE9F74397
:10C500000F46012159EC108B1646FFF7CDFC04466F
:10C5100030B90246234B244840F20F31FDF712FC9C
:10C52000C9F30A55C9F313030DB143F48013019302
:10C53000B8F1000323D068460093FFF77CFDDDE9E6
:10C540000012D0B1C0F1200302FA03F30B43C24042
:10C5500063610192019BA361002B0CBF01220222A7
:10C560002261A5B1A5F2334505443D60C0F1350017
:10C570003060204603B0BDE8F0836161EAE701A8BE
:10C58000FFF759FD019B636120300122E8E704EBCE
:10C590008203A0F2324038601869FFF72DFDC0EB2E
:10C5A0004210E5E7F6DC010807DD010851F8043C1C
:10C5B000181F002BBCBF0B58C01870472DE9F0475F
:10C5C0008E681F46BE420B6882460C4690462DD8A8
:10C5D000B1F90C2012F4906F26D06569096905EB5A
:10C5E0004505A3EB010905EBD5757B1C4B446D108C
:10C5F0009D4238BF1D46530527D52946FDF756FCF9
:10C60000064660B321694A46FEF703FEA38923F478
:10C61000906343F08003A381266165614E44A5EBDE
:10C6200009052660A5603E46BE4200D93E46206808
:10C6300032464146FEF7B0FCA3689B1BA36023680B
:10C64000334423600020BDE8F0872A46FDF72EFD25
:10C6500006460028E0D121695046FFF7DBFB0C239A
:10C66000CAF80030A38943F04003A3814FF0FF30A4
:10C67000E9E700002DE9F04F98468B891B069DB035
:10C6800007460D46144610D50B6973B94021FDF7D6
:10C690000DFC2860286130B90C233B604FF0FF305F
:10C6A0001DB0BDE8F08F40236B6100230993202368
:10C6B0008DF82930CDF80C803023DFF89C818DF87F
:10C6C0002A304FF0010923469A4613F8012B0AB18C
:10C6D000252AF9D1BAEB040B0BD05B46224629463A
:10C6E0003846FFF76BFF013000F0A780099A5A44E3
:10C6F00009929AF80030002B00F09F8000234FF041
:10C70000FF32CDE905230AF1010A049307938DF85E
:10C7100053301A935446052214F8011B4E48E3F790
:10C72000EFFD049AD8B9D00644BF20238DF85330CA
:10C73000110744BF2B238DF853309AF800302A2B71
:10C7400015D0079A544600204FF00A0C214611F8E4
:10C75000013B303B092B4BD9B0B1079214E0A0EB61
:10C76000080309FA03F313430493A246D2E7039B99
:10C77000191D1B680391002BBBBF5B4242F00202F4
:10C7800007930793B8BF049223782E2B0AD16378BE
:10C790002A2B32D1039B1A1D1B68039243EAE373D1
:10C7A00002340593DFF8C0A0217803225046E3F756
:10C7B000A7FD38B1049BA0EB0A004022824013433E
:10C7C0000134049314F8011B24488DF82810062224
:10C7D000E3F796FD002836D0214B1BBB039B0733A4
:10C7E00023F0070308330393099B334409936AE753
:10C7F0000CFB02320C460120A8E70023013405930C
:10C8000019464FF00A0C204610F8012B303A092A3D
:10C8100003D9002BC6D00591C4E70CFB01210446C7
:10C820000123F0E703AB00932A460E4B04A93846D8
:10C83000FDF772FD421C0646D6D1AB895B063FF57B
:10C840002DAF09982CE703AB00932A46054B04A9AA
:10C850003846FDF7E9FFEDE760DE01086ADE010812
:10C8600019A30108BDC5010866DE01089368013BF4
:10C87000002B10B4936008DA9469A34201DB0A2903
:10C8800003D15DF8044BFEF7E3BA1368581C10603F
:10C89000197008465DF8044B7047F8B506460F4618
:10C8A0001446D518AC4201D1002007E014F8011B52
:10C8B0003A463046FFF7DAFF431CF3D1F8BD0000DB
:10C8C0002DE9F04F0D469DB014469846064618B126
:10C8D000036A0BB9FEF754F96B6ED90705D4AB891F
:10C8E0009A0502D4A86DFEF78AFCAB891B0701D517
:10C8F0002B699BB929463046FEF7E8FA70B16B6E9A
:10C90000DC0704D54FF0FF301DB0BDE8F08FAB89D8
:10C910009805F7D4A86DFEF773FCF3E7002309939D
:10C9200020238DF82930CDF80C803023DFF8AC813E
:10C930008DF82A304FF0010923469A4613F8012B4F
:10C940000AB1252AF9D1BAEB040B0BD05B4622467B
:10C9500029463046FFF7A1FF013000F0A780099A71
:10C960005A4409929AF80030002B00F09F8000236F
:10C970004FF0FF32CDE905230AF1010A0493079332
:10C980008DF853301A935446052214F8011B53486E
:10C99000E3F7B6FC049AD8B9D10644BF20238DF83A
:10C9A0005330130744BF2B238DF853309AF80030CF
:10C9B0002A2B15D0079A544600204FF00A0C214626
:10C9C00011F8013B303B092B4BD9B0B1079214E071
:10C9D000A0EB080309FA03F313430493A246D2E73A
:10C9E000039B191D1B680391002BBBBF5B4242F0E8
:10C9F000020207930793B8BF049223782E2B0AD123
:10CA000063782A2B32D1039B1A1D1B68039243EAD9
:10CA1000E37302340593DFF8D4A021780322504653
:10CA2000E3F76EFC38B1049BA0EB0A004022824081
:10CA300013430134049314F8011B29488DF828107E
:10CA40000622E3F75DFC00283FD0264B1BBB039B6F
:10CA5000073323F0070308330393099B3B440993EF
:10CA60006AE70CFB02320C460120A8E700230134E0
:10CA7000059319464FF00A0C204610F8012B303A66
:10CA8000092A03D9002BC6D00591C4E70CFB01216C
:10CA900004460123F0E703AB00932A46124B04A996
:10CAA0003046FDF739FC0746781CD6D16B6ED907A6
:10CAB00005D4AB899A0502D4A86DFEF7A1FBAB891A
:10CAC0005B063FF51FAF09981EE703AB00932A46AC
:10CAD000054B04A93046FDF7A7FEE4E760DE010838
:10CAE0006ADE010819A301089BC8010866DE010877
:10CAF000B1F90C202DE9F041160705460C4654D437
:10CB00004B68002B02DC0B6C002B48DDE66A002E24
:10CB100045D0002312F480522F68216A2B6030D058
:10CB2000626DA389590705D56368D21A636B0BB18F
:10CB3000236CD21A0023E66A216A2846B047431CB8
:10CB4000A38906D129681D292BD82A4A0A41D6076C
:10CB500027D400226260D9042269226004D5421CD5
:10CB600001D12B6803B96065616B2F60B9B104F125
:10CB70004403994202D02846FFF74CF9002363632F
:10CB80000DE001232846B0470246501CC9D12B684E
:10CB9000002BC6D01D2B01D0162B1ED12F600020DC
:10CBA00022E043F040031BB21BE00F69002FF6D0D8
:10CBB00093070E6808BF4B690F6018BF0023A6EBF0
:10CBC00007088B60B8F1000FE9DD216AA66A4346C9
:10CBD0003A462846B047002808DCB4F90C3043F048
:10CBE0004003A3814FF0FF30BDE8F0810744A8EB7C
:10CBF0000008E7E7FEFFBFDF38B50B6905460C46C6
:10CC000013B90025284638BD18B1036A0BB9FDF7E2
:10CC1000B7FFB4F90C30002BF3D0626ED00704D408
:10CC2000990502D4A06DFEF7EAFA28462146FFF7DF
:10CC30005FFF636EDA070546E4D4A3899B05E1D460
:10CC4000A06DFEF7DDFADDE770B50C46B1F90E1008
:10CC5000002996B015461E460DDAA38913F0800F01
:10CC60004FF0000114BF40234FF480630020316077
:10CC70002B6016B070BD6A4600F078F80028ECDB37
:10CC8000019901F47041A1F50053594259414FF403
:10CC90008063EBE78B89F7B59D0706460C4607D501
:10CCA00004F14703236023610123636103B0F0BDF6
:10CCB00001AB6A46FFF7C8FF009F0546394630467C
:10CCC000FDF7F4F848B9B4F90C309A05EED423F026
:10CCD000030343F00203A381E2E7A389206043F04A
:10CCE0008003A381019BC4E904075BB1B4F90E1072
:10CCF000304600F04DF828B1A38923F0030343F038
:10CD00000103A381A3891D43A581CFE71F2938B55E
:10CD100005460C4604D9162303604FF0FF3038BD9A
:10CD2000C26B12B152F821304BB9284600F052F8CC
:10CD3000224601462846BDE8384000F039B8012BAC
:10CD40000AD0591C03D1162303600120E7E7002114
:10CD500042F82410204698470020E0E7024B0146A5
:10CD60001868FFF7D3BF00BFC800002438B5074DCF
:10CD700000230446084611462B60E4F71BFB431CC6
:10CD800002D12B6803B1236038BD00BFBCFC012475
:10CD900038B5064D0023044608462B60E4F71AFB1D
:10CDA000431C02D12B6803B1236038BDBCFC0124B5
:10CDB00038B5074D00230446084611462B60E4F7BA
:10CDC000B5FA431C02D12B6803B1236038BD00BF04
:10CDD000BCFC0124E4F7A2BA82B001B901A942B1B6
:10CDE0004BB113780B601278101E18BF012002B0EF
:10CDF00070471046FBE76FF00100F8E7034608466E
:10CE000041B1FF2A04D98A221A604FF0FF307047DF
:10CE10000A70012070470000F8B500BFF8BC08BCDC
:10CE20009E467047F8B500BFF8BC08BC9E467047E8
:10CE30007374617274204150502048616E646C6557
:10CE4000000000004572726F72206F6E206C696E78
:10CE5000652025643A2025642E2041626F72746932
:10CE60006E672E0A000000004572726F72206F6EAE
:10CE70002064656661756C7420616C6C6F636174AD
:10CE80006F727320286C696E65202564290A000082
:10CE9000626565703A25640A00000000524F532015
:10CEA000446F6D61696E2049443A25640A000000B0
:10CEB0005265636F6E6E656374696E672061676546
:10CEC0006E742E2E2E00000053746172742059422D
:10CED0005F4578616D706C655F4E6F646500000042
:10CEE00059425F4578616D706C655F4E6F64650097
:10CEF00062656570000000006578656375746F7227
:10CF00005F636F756E743A25640A0000524F5320B8
:10CF10005461736B20456E640000000052657374A9
:10CF20006172742053797374656D212121000000B2
:10CF300064656661756C745461736B006D795461DE
:10CF4000736B526F73000000646174610000000035
:10CF50007374645F6D7367735F5F6D736700000068
:10CF600055496E743136000049444C4500000000BC
:10CF7000546D722053766300546D725100000000AE
:10CF8000047DC12502000000FFD7F232000000003E
:10CF9000FFFD000058524345010F0000FFFE000056
:10CFA00030CF010800000000000000000000000079
:10CFB00000000000D0070000080000000000000092
:10CFC000000000003CCF010800000000000000004D
:10CFD0000000000000000000E02E0000180000002B
:10CFE0000000000000000000000000000102030437
:10CFF00001020304060708090006101600061016B1
:10D00000010002000400060008000A000C001000E5
:10D010002000400080000001010101030701000021
:10D02000080402040801010150CF010860CF010883
:10D03000010000000200000018000024EDAC000810
:10D0400007AD000800000000000000000000000024
:10D0500000000000000000000000000000000000D0
:10D0600000000000000000000000000000000000C0
:10D0700000000000000000000000000000000000B0
:10D0800000000000000000000000000000000000A0
:10D090000000000000000000000000000000000090
:10D0A0000000000000000000000000000000000080
:10D0B0000000000000000000000000000000000070
:10D0C0000000000000000000000000000000000060
:10D0D0000000000000000000010000000A00000045
:10D0E000010200000000000000000000000000003D
:10D0F0000000000000000000000000000000000030
:10D10000000000000000000000000000000000001F
:10D11000000000000000000000000000000000000F
:10D120000000000000000000524F535F4C4F43418D
:10D130004C484F53545F4F4E4C5900002E00000096
:10D140002F0000002F2573002573257300000000B9
:10D1500025732F2573000000000000000000000070
:10D16000524F535F53454355524954595F454E41C1
:10D17000424C45007472756500000000524F535FC9
:10D1800053454355524954595F53545241544547AE
:10D1900059000000456E666F72636500656E636CD2
:10D1A0006176657300000000524F535F534543554D
:10D1B000524954595F4B455953544F524500000052
:10D1C000524F535F53454355524954595F454E435F
:10D1D0004C4156455F4F5645525249444500000068
:10D1E0000000000000000000010000000A00000034
:10D1F000010200000000000000000000000000002C
:10D20000000000000000000000000000000000001E
:10D21000000000000000000000000000000000000E
:10D2200000000000000000000000000000000000FE
:10D23000000000000000000072636C5F76616C69A2
:10D24000646174655F656E636C6176655F6E616D68
:10D25000655F776974685F73697A6528293A207514
:10D260006E6B6E6F776E20726D775F76616C69643E
:10D270006174655F6E616D6573706163655F776929
:10D2800074685F73697A65282920726573756C7498
:10D290002027256427000000000000000000000097
:10D2A000000000000000000000000000000000007E
:10D2B000000000000000000000000000000000006E
:10D2C000000000000000000000000000000000005E
:10D2D000000000000000000000000000000000004E
:10D2E000617267756D656E7420656E765F6E616DD7
:10D2F00065206973206E756C6C0000006172677543
:10D300006D656E7420656E765F76616C75652069FB
:10D3100073206E756C6C000065000000726F73699D
:10D32000646C5F74797065737570706F72745F6D23
:10D330006963726F787263656464735F6300000091
:10D340003A3A0000257325732573257325732573D9
:10D35000257300005F0000006464730072740000B5
:10D36000726D775F76616C69646174655F6E616D23
:10D3700065737061636528293A20756E6B6E6F77EF
:10D380006E20726D775F76616C69646174655F664B
:10D39000756C6C5F746F7069635F6E616D65282971
:10D3A00020726573756C74202725642700000000C7
:10D3B000756E6B6E6F776E20726573756C7420631B
:10D3C0006F646520666F7220726D77206E616D6587
:10D3D00073706163652076616C69646174696F6EF6
:10D3E000000000006E616D657370616365206D758E
:10D3F0007374206E6F7420626520656D707479009F
:10D400006E616D657370616365206D757374206204
:10D4100065206162736F6C7574652C206974206D72
:10D42000757374206C65616420776974682061206D
:10D43000272F27006E616D657370616365206D75C0
:10D440007374206E6F7420656E6420776974682031
:10D450006120272F272C20756E6C657373206F6EEB
:10D460006C79206120272F27000000006E616D6518
:10D470007370616365206D757374206E6F742063C3
:10D480006F6E7461696E2063686172616374657246
:10D4900073206F74686572207468616E20616C70AF
:10D4A00068616E756D65726963732C20275F272C28
:10D4B000206F7220272F27006E616D657370616386
:10D4C00065206D757374206E6F7420636F6E746168
:10D4D000696E20726570656174656420272F27006E
:10D4E0006E616D657370616365206D757374206E18
:10D4F0006F742068617665206120746F6B656E20A3
:10D5000074686174207374617274732077697468CD
:10D510002061206E756D6265720000006E616D6540
:10D5200073706163652073686F756C64206E6F74CF
:10D53000206578636565642027524D575F4E414DE5
:10D540004553504143455F4D41585F4E414D455F06
:10D550004C454E475448270000000000E4D3010822
:10D5600000D4010834D401086CD40108B8D40108EF
:10D57000E0D401081CD50108756E6B6E6F776E20C4
:10D58000726573756C7420636F646520666F7220BA
:10D59000726D77206E6F6465206E616D65207661B7
:10D5A0006C69646174696F6E000000006E6F646581
:10D5B000206E616D65206D757374206E6F742062CE
:10D5C0006520656D707479006E6F6465206E616DA5
:10D5D00065206D757374206E6F7420636F6E746157
:10D5E000696E2063686172616374657273206F7421
:10D5F000686572207468616E20616C7068616E7518
:10D600006D6572696373206F7220275F27000000C9
:10D610006E6F6465206E616D65206D757374206E2C
:10D620006F7420737461727420776974682061204C
:10D630006E756D62657200006E6F6465206E616D5F
:10D6400065206C656E6774682073686F756C642004
:10D650006E6F7420657863656564202732353527E1
:10D660000000000000000000ACD50108C8D501088A
:10D6700010D6010838D60108726F7369646C5F7444
:10D68000797065737570706F72745F696E74726FA4
:10D690007370656374696F6E5F6300007374645FB9
:10D6A0006D73677300000000726F7369646C5F7460
:10D6B000797065737570706F72745F696E74726F74
:10D6C0007370656374696F6E5F635F5F6765745FD6
:10D6D0006D6573736167655F747970655F7375708D
:10D6E000706F72745F68616E646C655F5F737464A1
:10D6F0005F6D7367735F5F6D73675F5F55496E74CE
:10D7000031360000726F7369646C5F747970657391
:10D710007570706F72745F6D6963726F7872636534
:10D720006464735F635F5F6765745F6D6573736186
:10D7300067655F747970655F737570706F72745F21
:10D7400068616E646C655F5F7374645F6D7367734B
:10D750005F5F6D73675F5F55496E7431360000001F
:10D7600078D601081CD30108020000009CD60108ED
:10D7700060D701087CD701087C000024A8D60108E6
:10D7800004D701087374645F6D7367733A3A6D73FD
:10D79000670000000000C1C081C1400101C3C00397
:10D7A000800241C201C6C006800741C70005C1C54D
:10D7B00081C4400401CCC00C800D41CD000FC1CF0D
:10D7C00081CE400E000AC1CA81CB400B01C9C009FD
:10D7D000800841C801D8C018801941D9001BC1DB9D
:10D7E00081DA401A001EC1DE81DF401F01DDC01D4D
:10D7F000801C41DC0014C1D481D5401501D7C0176D
:10D80000801641D601D2C012801341D30011C1D17C
:10D8100081D0401001F0C030803141F10033C1F3BC
:10D8200081F240320036C1F681F7403701F5C0354C
:10D83000803441F4003CC1FC81FD403D01FFC03F0C
:10D84000803E41FE01FAC03A803B41FB0039C1F9FC
:10D8500081F840380028C1E881E9402901EBC02B5C
:10D86000802A41EA01EEC02E802F41EF002DC1ED4C
:10D8700081EC402C01E4C024802541E50027C1E76C
:10D8800081E640260022C1E281E3402301E1C0217C
:10D89000802041E001A0C060806141A10063C1A37C
:10D8A00081A240620066C1A681A7406701A5C0654C
:10D8B000806441A4006CC1AC81AD406D01AFC06F0C
:10D8C000806E41AE01AAC06A806B41AB0069C1A9FC
:10D8D00081A840680078C1B881B9407901BBC07B9C
:10D8E000807A41BA01BEC07E807F41BF007DC1BD4C
:10D8F00081BC407C01B4C074807541B50077C1B76C
:10D9000081B640760072C1B281B3407301B1C0717B
:10D91000807041B00050C190819140510193C0533B
:10D92000805241920196C056805741970055C1954B
:10D9300081944054019CC05C805D419D005FC19F0B
:10D94000819E405E005AC19A819B405B0199C059FB
:10D95000805841980188C04880494189004BC18B5B
:10D96000818A404A004EC18E818F404F018DC04D4B
:10D97000804C418C0044C184818540450187C0476B
:10D98000804641860182C042804341830041C1817B
:10D990008180404000000000000000000000000006
:10D9A0000000000000000000198201081D8201082B
:10D9B0000000000000000000000000000000000067
:10D9C0001D82010821820108258201080000000053
:10D9D00000000000000000002182010825820108EB
:10D9E0002982010800000000000000000000000083
:10D9F0000000000000000000000000000000000027
:10DA00000000000000000000000000000000000016
:10DA10000000000000000000000000000000000006
:10DA200000000000000000000000000000000000F6
:10DA300000000000000000000000000000000000E6
:10DA400000000000524F535F444F4D41494E5F4923
:10DA50004400000025732F25732573007B6E6F64CF
:10DA6000657D00007B6E737D000000007B6E616D44
:10DA70006573706163657D000000000000000000B8
:10DA800063647200726D775F6D6963726F78726341
:10DA9000656464730000000084DA0108726F7369C2
:10DAA000646C5F74797065737570706F72745F63A6
:10DAB000002C2066756E6374696F6E3A2000617386
:10DAC00073657274696F6E20222573222066616906
:10DAD0006C65643A2066696C6520222573222C20CF
:10DAE0006C696E65202564257325730A00524545CF
:10DAF0004E54206D616C6C6F632073756363656554
:10DB0000646564002F6275696C642F676E752D748F
:10DB10006F6F6C732D666F722D73746D33325F315E
:10DB2000322E332E72656C312E3230323430363133
:10DB3000322D313331352F7372632F6E65776C69F7
:10DB4000622F6E65776C69622F6C6962632F7374E4
:10DB5000646C69622F72616E642E63000020202065
:10DB6000202020202020282828282820202020208D
:10DB7000202020202020202020202020208810105D
:10DB800010101010101010101010101010040404B9
:10DB90000404040404040410101010101010414177
:10DBA0004141414101010101010101010101010165
:10DBB0000101010101010101101010101010424279
:10DBC0004242424202020202020202020202020235
:10DBD00002020202020202021010101020000000D5
:10DBE0000000000000000000000000000000000035
:10DBF0000000000000000000000000000000000025
:10DC00000000000000000000000000000000000014
:10DC10000000000000000000000000000000000004
:10DC200000000000000000000000000000000000F4
:10DC300000000000000000000000000000000000E4
:10DC400000000000000000000000000000000000D4
:10DC500000000000000000000000000000494E46E7
:10DC600000696E66004E414E006E616E00300030FD
:10DC70003132333435363738394142434445460032
:10DC80003031323334353637383961626364656632
:10DC900000496E66696E697479004E614E002F62AC
:10DCA00075696C642F676E752D746F6F6C732D665C
:10DCB0006F722D73746D33325F31322E332E726575
:10DCC0006C312E32303234303631322D3133313501
:10DCD0002F7372632F6E65776C69622F6E65776C38
:10DCE00069622F6C6962632F7374646C69622F645C
:10DCF000746F612E630042616C6C6F632073756397
:10DD0000636565646564002F6275696C642F676E76
:10DD1000752D746F6F6C732D666F722D73746D3308
:10DD2000325F31322E332E72656C312E3230323406
:10DD3000303631322D313331352F7372632F6E65AA
:10DD4000776C69622F6E65776C69622F6C696263AC
:10DD50002F7374646C69622F6D707265632E63003B
:10DD600005000000190000007D0000000000000018
:10DD70000080E03779C34143176E05B5B5B89346C7
:10DD8000F5F93FE9034F384D321D30F94877825A93
:10DD90003CBF737FDD4F1575000000000000F03FB1
:10DDA0000000000000002440000000000000594076
:10DDB0000000000000408F40000000000088C340C9
:10DDC00000000000006AF8400000000080842E413E
:10DDD00000000000D01263410000000084D797418A
:10DDE0000000000065CDCD41000000205FA0024290
:10DDF000000000E876483742000000A2941A6D4205
:10DE0000000040E59C30A2420000901EC4BCD642F7
:10DE100000003426F56B0C430080E03779C34143A2
:10DE200000A0D8855734764300C84E676DC1AB4318
:10DE3000003D9160E458E143408CB5781DAF154436
:10DE400050EFE2D6E41A4B4492D54D06CFF0804411
:10DE5000F64AE1C7022DB544B49DD9794378EA4426
:10DE6000232D302B2000686C4C00656667454647C3
:0CDE7000004300504F534958002E0000A2
:08DE7C006424FE7F0100000098
:08DE8400C5020008FD30010891
:04DE8C00A1020008E7
:10DE90001E000000000400240090D0030090D00376
:10DEA000100000000100000048CF01080A00000037
:10DEB0000000000000000000000000000000000062
:10DEC0000000000000000000000000000000000052
:10DED0000000000000000000000000000000000042
:10DEE000000000000000000028D00108CD3001082B
:10DEF000AAAAAAAAF5090108F1090108ED09010871
:10DF0000E90901080000000078D601081DAD0008ED
:10DF1000653101080000000068D70108118F010871
:10DF20001CD301089C000024CD30010884D70108CF
:10DF3000FCD60108413101082131010851310108A5
:10DF40002D310108113101089CDA010800000000A0
:10DF50000300000080FB0124CC000024000000002E
:10DF600080FB0124E8FB012450FC01240000000098
:10DF700000000000000000000000000000000000A1
:10DF80000000000000000000000000000000000091
:10DF90000000000000000000000000000000000081
:10DFA000000000000000000043000000000000002E
:10DFB0000000000000000000000000000000000061
:10DFC000000000000000000043000000000000000E
:10DFD0000000000000000000000000000000000041
:10DFE00000000000000000004300000000000000EE
:10DFF0000000000000000000000000000000000021
:10E0000000000000000000004300000000000000CD
:10E010000000000000000000000000000000000000
:10E0200000000000000000004300000000000000AD
:10E0300000000000000000000000000000000000E0
:10E04000000000000000000043000000000000008D
:10E0500000000000000000000000000000000000C0
:10E06000000000000000000043000000000000006D
:10E0700000000000000000000000000000000000A0
:10E080000000000000000000FDCD0108D9CD01080E
:10E09000000000005CDB010879DE0108ECDA010811
:10E0A000ECDA0108ECDA0108ECDA0108ECDA010834
:10E0B000ECDA0108ECDA0108ECDA0108ECDA010824
:10E0C000FFFFFFFFFFFFFFFFFFFFFFFFFFFF00005E
:10E0D00001004153434949000000000000000000D6
:10E0E0000000000000000000000000000000000030
:10E0F00000004153434949000000000000000000B7
:10E10000000000000000000000000000000000000F
:04E11000000000000B
:0400000508001905D1
:00000001FF
