:020000040800F2
:100000000000082435250008011C0008091C000810
:10001000111C0008191C0008211C00080000000029
:1000200000000000000000000000000091E3000854
:10003000291C000800000000E1E500087DBD000863
:1000400085250008852500088525000885250008E8
:1000500085250008852500088525000885250008D8
:10006000852500088525000885250008391C00081D
:100070004D1C0008611C0008751C0008852500083F
:1000800085250008852500088525000885250008A8
:100090008525000885250008852500088525000898
:1000A0008525000885250008852500088525000888
:1000B0008525000885250008852500088525000878
:1000C0008525000885250008852500088525000868
:1000D00085250008891C000885250008852500085D
:1000E00085250008852500080000000085250008FA
:1000F0008525000885250008852500088525000838
:100100008525000885250008852500088525000827
:100110009D1C0008B11C000885250008C51C0008AE
:100120008525000885250008852500088525000807
:1001300085250008852500088525000885250008F7
:1001400000000000000000000000000000000000AF
:1001500085250008852500088525000885250008D7
:1001600085250008852500088525000885250008C7
:100170008525000885250008852500080000000069
:1001800085250008852500088525000885250008A7
:100190008525000885250008852500088525000897
:1001A0008525000885250008852500088525000887
:1001B0008525000885250008852500088525000877
:1001C0008525000885250008852500088525000867
:1001D0008525000885250008852500088525000857
:1001E0008525000885250008852500088525000847
:1001F0008525000885250008852500088525000837
:100200008525000885250008852500088525000826
:100210008525000885250008852500088525000816
:1002200085250008852500088525000800000000B8
:1002300085250008852500080000000085250008A8
:1002400085250008852500088525000885250008E6
:1002500085250008852500088525000885250008D6
:1002600085250008852500088525000885250008C6
:100270008525000885250008852500080000000068
:100280008525000885250008852500080000000058
:080290000000000085250008B4
:1002A00010B5054C237833B9044B13B10448AFF3B0
:1002B00000800123237010BDF80500240000000019
:1002C000C0EF010808B5034B1BB103490348AFF366
:1002D000008008BD00000000FC050024C0EF0108FC
:1002E00010F8012B11F8013B012A28BF9A42F7D0E0
:1002F000D01A70470000000000000000000000005D
:1003000001F0FF01102A2BDB10F0070F08D010F8C6
:10031000013B013A8B422DD010F0070F42B3F6D1CA
:10032000F0B441EA012141EA014122F007047FF0E3
:1003300000070023F0E80256083C85EA010586EA3A
:10034000010685FA47F5A3FA87F586FA47F6A5FA76
:1003500087F68EB9EED1F0BC01F0FF0102F0070282
:1003600032B110F8013B013A83EA010313B1F8D12D
:100370000020704701387047002D06BF354603380E
:10038000073815F0010F07D1013015F4807F02BF47
:10039000013015F4C03F0130F0BC0138704700BF98
:1003A000034613F8012B002AFBD1181A01387047B5
:1003B0007BB972B90029BEBF00204FF0004106E0B2
:1003C00008BF00281CBF6FF000414FF0FF3000F065
:1003D000B5B9ADF1080C6DE904CE002909DB002B9D
:1003E0001ADB00F04DF8DDF804E0DDE9022304B08B
:1003F0007047404261EB4101002B1BDB00F040F8ED
:10040000DDF804E0DDE9022304B0404261EB410184
:10041000524263EB43037047524263EB430300F0E5
:100420002FF8DDF804E0DDE9022304B0404261EB7F
:1004300041017047524263EB430300F021F8DDF8BD
:1004400004E0DDE9022304B0524263EB430370474A
:1004500053B94AB9002908BF00281CBF4FF0FF312B
:100460004FF0FF3000F06AB9ADF1080C6DE904CE31
:1004700000F006F8DDF804E0DDE9022304B070477F
:100480002DE9F047089D0C46002B4ED194468C4533
:100490008646B2FA82F262D94AB1C2F12003914093
:1004A00020FA03F30CFA02FC194300FA02FE4FEAA9
:1004B0001C471FFA8CF6B1FBF7F44FEA1E4307FB0B
:1004C000141143EA014304FB06F199420AD91CEBDB
:1004D000030304F1FF3080F01281994240F20F8152
:1004E000023C6344591A1FFA8EF3B1FBF7F007FB85
:1004F000101143EA014300FB06F69E420AD91CEBA9
:10050000030300F1FF3180F0FC809E4240F2F9804D
:10051000634402389B1B40EA044000211DB1D340D4
:100520000022C5E90032BDE8F0878B4205D90DB144
:10053000C5E9000100210846F5E7B3FA83F1002977
:1005400046D1A34202D39042C0F0F080861A64EBF9
:1005500003030120002DE6D0C5E90063E3E7002A8C
:1005600040F09080A1EB0C044FEA1C481FFA8CF776
:100570000121B4FBF8F64FEA1E4308FB164443EA98
:10058000044307FB06F0984208D91CEB030306F16D
:10059000FF3402D2984200F2CD8026461C1A1FFA80
:1005A0008EF3B4FBF8F008FB104443EA044300FB6D
:1005B00007F79F4208D91CEB030300F1FF3402D276
:1005C0009F4200F2B0802046DB1B40EA0640A5E7D0
:1005D000C1F120068B4022FA06F71F4320FA06FCE1
:1005E00004FA01F343EA0C03F44000FA01F8380C72
:1005F0004FEA1349B4FBF0FE1FFA87FC00FB1E44D0
:1006000049EA04440EFB0CF9A14502FA01F20AD9A9
:100610003C190EF1FF3A80F08480A14540F28180C0
:10062000AEF1020E3C44A4EB09041FFA83F9B4FBBB
:10063000F0F300FB134449EA044403FB0CFCA4451B
:1006400007D93C1903F1FF3067D2A44565D9023BB5
:100650003C4443EA0E40A0FB0293A4EB0C049C42F2
:10066000CE469C4651D34ED055B1B8EB0E0364EB49
:100670000C0404FA06F6CB401E43CC40C5E90064E6
:10068000002150E7C2F1200320FA03F10CFA02FC2A
:1006900024FA03F394400C434FEA1C4800FA02FE8C
:1006A0001FFA8CF7B3FBF8F008FB1031230C43EA78
:1006B000014300FB07F1994208D91CEB030300F149
:1006C000FF362CD299422AD9023863445B1AA4B26D
:1006D000B3FBF8F108FB113344EA034401FB07F3D1
:1006E000A34208D91CEB040401F1FF3613D2A34244
:1006F00011D902396444E41A41EA004139E7044659
:10070000F0E6084606E7C845AED2B9EB020E63EB49
:10071000070C0138A8E73146EDE7034699E7304674
:10072000D4E7D6467FE7634402384DE706462346C2
:1007300008460FE7023E634430E700BF704700BF42
:1007400080B500AF094B1B780133DAB2074B1A7042
:10075000064B1B78142B07D9044B00221A704FF458
:100760000051034805F0FDF800BF80BD14060024C9
:100770000008025880B582B000AF0CF0F7FD0346C8
:100780007B600A481CF082FB094B1B68022B07DCCC
:10079000FFF7D6FF3B1D0A2118460CF015FCF3E7C6
:1007A00000BF00BF0837BD4680BD00BFD8EF0108BD
:1007B0003C47002480B582B000AF78600B467B8058
:1007C0007A884FF6FF737968034808F091FA00BF02
:1007D0000837BD4680BD00BFE048002480B582B028
:1007E00000AF46F2A503BB803B1D02211846FFF770
:1007F000E1FF00BF0837BD4680BD80B582B000AFC5
:1008000046F2A553BB803B1D02211846FFF7D2FFDD
:1008100000BF0837BD4680BD80B582B000AF03463B
:10082000FB71744B1B780A2B00F2E08001A252F896
:1008300023F000BF61080008770800088D08000851
:10084000A7080008F30800080D0900082709000898
:10085000410900085B090008750900088F090008B4
:10086000FB79AA2B40F0BB80624B01221A70624BCD
:10087000AA221A70B3E0FB79552B40F0B2805D4B91
:1008800002221A705C4B55225A70AAE0594B1B7811
:100890001946594AFB795354564B1B780133DAB247
:1008A000544B1A70A2E0534B1B781946524AFB79FD
:1008B0005354504B1B780133DAB24E4B1A70FB790C
:1008C0009BB21A46520013449AB24C4B1A804B4BBF
:1008D0001B88F52B40F28780484B00221A80454B3D
:1008E00000221A704FF48072002143481CF044FC2F
:1008F00079E0404B1B7819463F4AFB7953543D4BF6
:100900001B780133DAB23B4B1A706FE0394B1B781E
:100910001946394AFB795354364B1B780133DAB206
:10092000344B1A7062E0334B1B781946324AFB791C
:100930005354304B1B780133DAB22E4B1A7055E00A
:100940002C4B1B7819462C4AFB795354294B1B78A6
:100950000133DAB2274B1A7048E0264B1B78194650
:10096000254AFB795354234B1B780133DAB2214BD0
:100970001A703BE01F4B1B7819461F4AFB795354F2
:100980001C4B1B780133DAB21A4B1A702EE0194B4C
:100990001B781A461A4B1B7813441749FA79CA5424
:1009A000174B1B780133DAB2154B1A70144B1B78B6
:1009B0001A46124B1B889A4217D300F023F8104BAB
:1009C00000221A700D4B00221A800A4B00221A7066
:1009D0004FF48072002108481CF0CEFB05E000BFF8
:1009E00004E000BF02E000BF00E000BF00BF083726
:1009F000BD4680BD34470024180600243647002435
:100A00003847002480B584B000AF414BBB60414BF8
:100A1000DB781A4652001344FB800023FB733D4BE6
:100A20005B781B021AB23B4B1B781BB213431BB201
:100A30009AB2BB681A80374B9A78BB689A70354B6C
:100A4000DA78BB68DA70334B5B791B021AB2314B30
:100A50001B791BB213431BB29AB2BB689A802D4B11
:100A6000DB791B021AB22B4B9B791BB213431BB2CF
:100A70009AB2BB68DA80274B5B7A1B021AB2254B0D
:100A80001B7A1BB213431BB29AB2BB681A810023B4
:100A9000BB8125E0BB890A331E4AD25CFB7B114631
:100AA000BA6802339B0013440A465A80BB890C3350
:100AB000184AD35C1B021AB2BB890B331549CB5CB5
:100AC0001BB213431AB2FB7B591CF97391B2BA687B
:100AD00002339B0013440A469A80BB890333BB81CF
:100AE000BA89FB889A42D5D3B86800F02FF903463B
:100AF000002B06D040F20A420021B8681CF03CFBF3
:100B000002E0054B01221A701037BD4680BD00BFC0
:100B1000203B0024180600242A3F00240000000087
:100B200090B58FB000AF786039607B689B881846BD
:100B300000F06AF987ED080B7B689B89184600F086
:100B40004DF9F8617FA3D3E90023C7E9042397EDAA
:100B5000085B97ED046B85EE067BFCEEC77B17EE1A
:100B6000903AFB81FB895A087349A1FB0212120AD1
:100B700040F29A2101FB02F29B1AFB817B68DB7831
:100B8000012B2DD86D4AFB8913803B68FA699A6066
:100B90003968D7E90823C1E9002300233B631AE041
:100BA0003B6B1B013A681344FA699A603B6B1B016B
:100BB0003A68D118D7E90823C1E900233B6B1B0130
:100BC0003A6813449B6819465D4A3B6B42F8231010
:100BD0003B6B01333B63FB893A6B9A42E0DBA7E056
:100BE000FA89564B1B8801339A4237DD534B1B88D9
:100BF000FA89D31A9BB2013BBB810023FB6229E037
:100C00004E4B1B885A1CFB6A13441B013A68134461
:100C1000FA699A60494B1B885A1CFB6A13441B01F2
:100C20003A68D118D7E90823C1E90023434B1B8850
:100C30005A1CFB6A13441B013A68134499683F4BE2
:100C40001B885A1CFB6A13443D4A42F82310FB6A76
:100C50000133FB62BB89FA6A9A42D1DBFB891B0133
:100C60003A681344FA699A60FB891B013A68D11803
:100C7000D7E90823C1E90023FB891B013A68134423
:100C80009A68FB8911462E4A42F82310012387F8FF
:100C90002B3044E0FA8997F82B301344264A82FB24
:100CA00003121A445112DA178A1A40F29A2101FBF0
:100CB00002F29A1A1346FB8697F82B307A680233B1
:100CC0009B0013449988FB8E1B013A68D418084690
:100CD00000F084F80346A36097F82B3007EE903AB3
:100CE000B8EEE76B97ED047B26EE076BFB8E1B01DE
:100CF0003A68134497ED087B36EE077B83ED007B63
:100D0000FB8E1B013A6813449A68FB8E11460C4A0D
:100D100042F8231097F82B30013387F82B307B688B
:100D2000DB7897F82B209A42B4D3044AFB8E1380C9
:100D30003C37BD4690BD00BFB107CEC43A47002442
:100D40001807002400000040DF4FE13F80B485B069
:100D500000AF78600023FB817B68DB781B021AB24E
:100D60007B689B781BB213431BB27B817B68DB786B
:100D70007B737B681A887B8953409AB27B689B8817
:100D800053409AB27B68DB885340FB817B7B013BFD
:100D90007A6802339B0013445A88FB895340FB81D5
:100DA0007B7B013B7A6802339B0013449A88FB8962
:100DB0005340FB817B7B013B7B737B7B002BE5D12D
:100DC0007B681B89FA899A4201D0012300E0002345
:100DD00018461437BD465DF8047B704780B483B075
:100DE00000AF0346FB80FB881B0A9BB29A01FB887D
:100DF0009B1003F03F03134318460C37BD465DF8C4
:100E0000047B70470000000080B485B000AF03464B
:100E1000FB80FB885B089BB207EE903AB8EEE76B6D
:100E20009FED095B86EE057B87ED027BD7E9022308
:100E300043EC172BB0EE470B1437BD465DF8047B2F
:100E4000704700BFAFF3008000000000000050407A
:100E500080B500AF02490348FFF762FE00BF80BDC6
:100E600080110024203B002480B582B000AF002315
:100E7000FB804FF400625F495F4808F047F8FFF7D6
:100E8000BCFCC8200BF070F8FFF7A8FC5A4BD3F855
:100E900080301B68594A934268D0574BD3F8803052
:100EA0001B68574A934261D0534BD3F880301B687C
:100EB000544A93425AD0504BD3F880301B68524A60
:100EC000934253D04C4BD3F880301B684F4A934227
:100ED0004CD0494BD3F880301B684D4A934245D0E3
:100EE000454BD3F880301B684A4A93423ED0424B70
:100EF000D3F880301B68484A934237D03E4BD3F832
:100F000080301B68454A934230D03B4BD3F8803049
:100F10001B68434A934229D0374BD3F880301B6873
:100F2000404A934222D0344BD3F880301B683E4A6B
:100F300093421BD0304BD3F880301B683B4A93421E
:100F400014D02D4BD3F880301B68394A93420DD012
:100F5000294BD3F880301B68364A934206D0264B83
:100F6000D3F880301B68344A934207D1224BD3F820
:100F700080301B685B68C3F5006306E01E4BD3F846
:100F800080301B685B68C3F500632C4A1360002344
:100F9000FB8018E02A4B1B68164AD35C1846FFF703
:100FA0003BFC274B1B680133C3F30A03244A13603D
:100FB000244B1B78002B0DD1FB880133FB80FB8871
:100FC000B3F5807F08D81E4B1A681C4B1B689A42E9
:100FD000E0D102E000BF00E000BF1A4B1B78002BFD
:100FE00004D0FFF735FF174B00221A7001200AF0DA
:100FF000BBFF4BE72C3F0024E048002410000240D8
:1010000028000240400002405800024070000240A8
:1010100088000240A0000240B800024010040240D4
:101020002804024040040240580402407004024078
:1010300088040240A0040240B80402403047002463
:101040002C4700242A3F0024B0B500AF01F0ECFA91
:10105000034600221C46154622462B4610461946DA
:10106000B0BD0000B0B588B000AFFFF7EDFFC7E935
:1010700004010023FB770DE04FF47A7012F040FD7D
:10108000FB7F0133FB7712F015FD0346002B01D0E7
:101090000523FB77FB7F042BEED912F00BFD0346F3
:1010A00083F00103DBB2002B12D04FF47A7012F000
:1010B00027FDF860FB68002B0AD0FA686E210F4804
:1010C0001BF07CFE0E4B05221A6000200BF008FF7F
:1010D00012F0FAFCC7E90001FFF7B6FFC7E9040107
:1010E000D7E90001D7E90423841A61EB0305054B16
:1010F000C3E9004500BF2037BD46B0BDECEF010895
:101100003C47002468480024B0B588B000AF786040
:101110004FF000024FF00003C7E9022300233B61B8
:10112000FFF792FF154BD3E90023841841EB030529
:10113000C7E90645D7E906014FF47A724FF000037C
:10114000FFF736F902460B46C7E90223D7E9060145
:101150004FF47A724FF00003FFF72AF9084B02FBB5
:1011600003F33B617B681C4607F108030FCB84E85F
:101170000F0078682037BD46B0BD00BF6848002426
:1011800040420F0080B586B000AF3B1D184610F0FE
:10119000BFFE0F4B7B600F4BBB600F4BFB600F4BD9
:1011A0003B613B1D184610F0C1FE034683F001036E
:1011B000DBB2002B06D0932109481BF0FFFD4FF056
:1011C000FF3300E0002318461837BD4680BD00BF3E
:1011D00021B6000865B600089DB6000809B70008EA
:1011E00010F0010880B588B004AF78600023FB6080
:1011F0007B680293074B0193074B0093074B084A08
:101200000849012011F0E4FAF860FB68184610372D
:10121000BD4680BD45B40008E9B30008C9B3000865
:101220009DB30008084A002490B589B002AF00239E
:101230007B61214B4FF000025A611F4B1F4A9A619C
:101240001D4B1F4ADA611C4B1E4A9A621A4B1E4AFA
:10125000DA6240F668201AF073FE03461A46164B0F
:101260001A63154B40F29A225A6300237B610AE00D
:10127000114B1A6B7B699B0013444FF000021A60FC
:101280007B6901337B610C4B5A6B7B699A42EFD8C7
:10129000094C3846084B0D4A009208330ECB0DF02E
:1012A00053FC04F108033A4607CA83E8070000BF6D
:1012B0001C37BD4690BD00BF44470024DB0FC9402A
:1012C00097B31ABCCDCC4C3D0000404138F001082A
:1012D00080B588B000AF0023BB610023FB6119E03B
:1012E000FB69BB61244ABB6952F8233007EE903A90
:1012F000B8EE676B9FED1E5B86EE057B1F4B1A6B8E
:10130000FB699B001344F7EEC77BC3ED007AFB69D2
:101310000133FB61194B5A6BFB699A42E0D83B469B
:101320001846FFF7F1FED7E90023144B1A60BB689B
:101330001A46124B5A600022104911480FF0B6F9B4
:1013400078617B69002B0AD00E4B1B6801330D4A74
:1013500013607A69E1210C481BF030FD02E0094B73
:1013600000221A6000BF2037BD4680BDAFF3008069
:101370000000000000408F4018070024444700246C
:10138000404700243C47002444F0010880B584B065
:1013900000AFF860C7E90023FB68002B01D0FFF71E
:1013A00097FF00BF1037BD4680BD00000000000061
:1013B000B0B5B6B002AF0023C7F8CC30AE4C07F1E1
:1013C0008803184610F0D0FD254607F188040FCC9D
:1013D0000FC523682B600EF0EBFC0346C7F8A8305E
:1013E000A54B07F1A8046D4603F10C0292E8030037
:1013F00085E803000ECB20460EF0DCFCC7F8C800E1
:10140000D7F8C830002B0BD0D7F8C820F4219B4860
:101410001BF0D4FC9A4B05221A6000200BF060FDF3
:10142000984B1B781A4607F1A803114618460EF090
:10143000BFFDC7F8C400D7F8C430002B0BD0D7F8D5
:10144000C420F5218D481BF0B9FC8D4B05221A6094
:1014500000200BF045FD07F1A80318460EF0B0FD83
:10146000C7F8C00032200AF07FFD864B1B78194672
:1014700085481BF0A3FCD7F8C000FFF7B3FEFFF7C9
:1014800081FE4FF4FA700AF06FFD07F1A8037A4A63
:101490000092002200217D480EF0A2F9C7F8CC008E
:1014A000D7F8CC30002B03D079481BF0EFFCE8E7ED
:1014B00000BF78481BF0EAFCFFF7D4FD764C07F13B
:1014C000880318460EF0A4FD224607F1880393E82E
:1014D000030082E803006D4B704A71496E480EF0BC
:1014E00045FAC7F8BC00D7F8BC30002B0CD0D7F8B1
:1014F000BC204FF4847161481BF060FC604B0522F6
:101500001A6000200BF0ECFCFFF78EFE654B1B7899
:101510000133DAB2634B1A7013F0ECF80246624BF7
:101520005D4962480EF0D4FAC7F8B800D7F8B83071
:10153000002B0CD0D7F8B82040F20D114F481BF00B
:101540003DFC4F4B05221A6000200BF0C9FC584BA4
:10155000009347A3D3E900234C4956480EF0F2FA12
:10156000C7F8B400D7F8B430002B0CD0D7F8B420AB
:1015700040F2131141481BF021FC414B05221A6037
:1015800000200BF0ADFC474B1B7819464A481BF076
:1015900015FC4A4C3B4618460DF048FE20463B469B
:1015A000882219461BF00BFF3E4B1B781A46324B24
:1015B000364942480DF044FEC7F8B000D7F8B030C5
:1015C000002B0CD0D7F8B02040F21B112B481BF099
:1015D000F5FB2B4B05221A6000200BF081FC3549EE
:1015E00036480DF0A9FEC7F8AC00D7F8AC30002B98
:1015F0000CD0D7F8AC204FF48F7120481BF0DEFBE5
:101600001F4B05221A6000200BF06AFC01224FF4E8
:1016100080412B4804F08CF90BF0A8FE0346C7F874
:10162000A4300BE0274A4FF0000324480EF09EF848
:1016300007F1A4030A2118460BF0C6FC104B1B68E7
:10164000022BEFDD00224FF480411D4804F070F9B9
:101650001D481BF01BFC1D481BF018FC0A200BF05A
:1016600033FD01F0F0F800BFD037BD46B0BD00BF7C
:10167000003B58080000000090470024ECEF0108F0
:101680003C4700240000002468F00108A44700241F
:101690007CF0010894F0010860480024744800249C
:1016A000ACF0010870480024BCF001084047002459
:1016B0008D1300088C470024C4F00108D84700248B
:1016C0000008025880969800D8F00108E8F0010858
:1016D00080B582B000AF194BD3F8D830174A43F029
:1016E0000103C2F8D830154BD3F8D83003F001030A
:1016F0007B607B68002205210B2001F07CF80B2029
:1017000001F093F8002205210C2001F074F80C2060
:1017100001F08BF8002205210D2001F06CF80D205E
:1017200001F083F8002205210E2001F064F80E205C
:1017300001F07BF800BF0837BD4680BD0044025869
:1017400080B500AF0C4A00210C480AF07BFB034631
:101750000B4A13600B4A00210B480AF073FB034647
:101760000A4A13600A4A00210A480AF06BFB034642
:10177000094A136000BF80BD44F201089D170008AC
:101780008048002468F20108B31700088448002448
:101790008CF20108CF1700088848002480B582B079
:1017A00000AF7860FEF7E6FF4FF47A700AF0DCFBDA
:1017B000FAE780B582B000AF786064200AF0D4FB0D
:1017C000FFF7F6FD4FF47A700AF0CEFBFAE780B52A
:1017D00082B000AF7860FFF747FB4FF47A700AF0F1
:1017E000C3FBFAE780B58AB000AF07F1140300220B
:1017F0001A605A609A60DA601A612A4BD3F8E030B6
:10180000284A43F00403C2F8E030264BD3F8E03016
:1018100003F004033B613B69224BD3F8E030214ADB
:1018200043F08003C2F8E0301E4BD3F8E03003F001
:101830008003FB60FB681B4BD3F8E030194A43F090
:101840000103C2F8E030174BD3F8E03003F0010396
:10185000BB60BB68134BD3F8E030124A43F0080377
:10186000C2F8E0300F4BD3F8E03003F008037B60A0
:101870007B6800224FF4C0410B4804F059F84FF444
:10188000C0437B610123BB610023FB6100233B62FA
:1018900007F114031946044803F09AFE00BF2837E5
:1018A000BD4680BD004402580008025880B500AF14
:1018B00000F0D8F800F068FE00F012F8FFF792FF91
:1018C000FFF706FF00F0D2FB00F038FB00F082FBD0
:1018D0000AF06EFAFFF734FF0AF08EFA00BFFDE758
:1018E00080B59EB000AF07F12C034C2200211846B2
:1018F0001BF042FC07F10C032022002118461BF0CC
:101900003BFC022004F048F80023BB60484BDB6A34
:10191000474A23F00103D362454BDB6A03F001031E
:10192000BB60444B9B69434A43F440439361414B42
:101930009B6903F44043BB60BB6800BF3D4B9B69A0
:1019400003F40053B3F5005FF8D13B4BD3F8F43008
:10195000394A43F00203C2F8F430374BD3F8F4307D
:1019600003F002037B607B6800233B60314B9B6983
:10197000304A43F4404393612E4B9B6903F4404348
:101980003B602B4BDB6A2A4A43F00103D362284BAE
:10199000DB6A03F001033B603B6800BF254B9B699A
:1019A00003F40053B3F5005FF8D10123FB624FF459
:1019B00080333B6302233B6502237B650523BB65C4
:1019C000C023FB6502233B6608237B660223BB66BC
:1019D0000823FB6600233B6700237B6707F12C038A
:1019E000184604F013F80346002B01D000F078F8F5
:1019F0003F23FB6003233B6100237B610823BB6122
:101A00004023FB6140233B624FF480637B624023B1
:101A1000BB6207F10C030421184604F051FC034695
:101A2000002B01D000F05CF800BF7837BD4680BDC8
:101A300000040058004802580044025880B584B0A1
:101A400000AFF860B9607A607B689AB2FF23B9682A
:101A5000034807F04DF97B6818461037BD4680BD36
:101A60007449002480B584B000AF3B4600221A6060
:101A70005A609A60DA6000F0EBFE01233B700023AD
:101A80007B7000237B601F233B7287237B720023C4
:101A9000BB720023FB7201233B7301237B73002382
:101AA000BB730023FB733B46184600F009FF04207C
:101AB00000F0E6FE00BF1037BD4680BD80B582B0A5
:101AC00000AF78607B681B68044A934201D100F044
:101AD00097FD00BF0837BD4680BD00BF0014004021
:101AE00080B400AF72B600BF00BFFDE780B582B022
:101AF00000AF0C4BD3F8F4300A4A43F00203C2F8AB
:101B0000F430084BD3F8F43003F002037B607B68B9
:101B100000220F216FF0010000F06DFE00BF0837BA
:101B2000BD4680BD0044025880B590B000AF7860DB
:101B30007B680F2B27D800227968372000F05BFEE6
:101B4000372000F072FE294A7B681360284BD3F8D7
:101B5000E830274A43F02003C2F8E830244BD3F89A
:101B6000E83003F02003FB60FB6807F1100207F187
:101B700014031146184604F02FFFBB6ABB63BB6B0E
:101B8000002B06D101E001232BE004F0F9FEF863FD
:101B900004E004F0F5FE03465B00FB63FB6B154AB3
:101BA000A2FB03239B0C013B7B63134B134A1A607C
:101BB000114B40F2E732DA600F4A7B6B53600E4BF9
:101BC00000221A610C4B00229A600B4806F072FD4D
:101BD0000346002B04D1084806F0CEFD034600E082
:101BE000012318464037BD4680BD00BF10000024C9
:101BF0000044025883DE1B438C480024001400403C
:101C000080B400AF00BFFDE780B400AF00BFFDE7C8
:101C100080B400AF00BFFDE780B400AF00BFFDE7B8
:101C200080B400AF00BFFDE780B400AF00BFBD4689
:101C30005DF8047B7047000080B500AF024802F0F9
:101C4000A9F900BF80BD00BF8C4B002480B500AF58
:101C5000024802F09FF900BF80BD00BF044C002481
:101C600080B500AF024802F095F900BF80BD00BF0B
:101C70009C4A002480B500AF024802F08BF900BFF7
:101C800080BD00BF144B002480B500AF024807F0B0
:101C90001FFA00BF80BD00BF084A002480B500AF16
:101CA000024807F015FA00BF80BD00BFE0480024DD
:101CB00080B500AF024807F00BFA00BF80BD00BF3F
:101CC0007449002480B500AF024806F0CDFD00BF86
:101CD00080BD00BF8C48002480B400AF01231846AB
:101CE000BD465DF8047B704780B582B000AF786078
:101CF00039601BF02FFB034616221A604FF0FF33AA
:101D000018460837BD4680BD80B582B000AF786008
:101D10004FF0FF317868FFF7E7FF00BFFDE780B5C0
:101D200086B000AFF860B9607A6000237B610AE09A
:101D3000AFF300800146BB685A1CBA60CAB21A7081
:101D40007B6901337B617A697B689A42F0DB7B684F
:101D500018461837BD4680BD80B483B000AF7860A8
:101D60004FF0FF3318460C37BD465DF8047B7047D3
:101D700080B483B000AF786039603B684FF40052A4
:101D80005A60002318460C37BD465DF8047B704747
:101D900080B483B000AF7860012318460C37BD468D
:101DA0005DF8047B704780B485B000AFF860B9601F
:101DB0007A60002318461437BD465DF8047B7047EF
:101DC00080B586B000AF7860144A154BD31A7B619A
:101DD0007B693B61134B1B68002B02D1114B124AEC
:101DE0001A60104B1A687B6813443A699A4207D20A
:101DF0001BF0B0FA03460C221A604FF0FF3309E0E3
:101E0000084B1B68FB60074B1A687B681344054A44
:101E10001360FB6818461837BD4680BD00000824D3
:101E200000040000DC4800242843022480B400AFF2
:101E3000374BD3F88830364A43F47003C2F8883001
:101E4000344B1B6803F00F03062B07D8314B1B687C
:101E500023F00F032F4A43F0070313602E4B1B6838
:101E60002D4A43F0010313602B4B00221A612A4BC9
:101E70001A682949294B13400B60264B1B6803F055
:101E80000803002B07D0234B1B6823F00F03214AC4
:101E900043F007031360204B00229A611E4B00227F
:101EA000DA611D4B00221A621B4B1D4A9A621A4BC3
:101EB0001C4ADA62184B1C4A1A63174B00225A63F9
:101EC000154B194A9A63144B0022DA63124B164AD7
:101ED0001A64114B00225A640F4B1B680E4A23F4FC
:101EE000802313600C4B00221A66104B1A68104BAB
:101EF0001340B3F1005F02D20E4B01221A600E4B69
:101F000043F2D2021A6000BFBD465DF8047B704701
:101F100000ED00E000200052004402587FEDF6EA98
:101F2000000202020000FF01800201010010005CBB
:101F30000000FFFF088100510040005280B500AF53
:101F4000224B234A1A60214B4FF461325A601F4BD7
:101F500000229A601D4B0022DA601C4B00221A619D
:101F60001A4B0C225A61194B00229A61174B00221E
:101F7000DA61164B00221A62144B00225A62134B8C
:101F800000229A62114806F063FE0346002B01D03E
:101F9000FFF7A6FD00210D4808F0E6FE0346002BE2
:101FA00001D0FFF79DFD0021084808F01BFF034604
:101FB000002B01D0FFF794FD044808F09CFE034677
:101FC000002B01D0FFF78CFD00BF80BDE04800244E
:101FD000004C004080B500AF224B234A1A60214BD1
:101FE0004FF461325A601F4B00229A601D4B002251
:101FF000DA601C4B00221A611A4B0C225A61194BF1
:1020000000229A61174B0022DA61164B00221A62F5
:10201000144B00225A62134B00229A62114806F0B8
:1020200017FE0346002B01D0FFF75AFD00210D4893
:1020300008F09AFE0346002B01D0FFF751FD002166
:10204000084808F0CFFE0346002B01D0FFF748FDFB
:10205000044808F050FE0346002B01D0FFF740FD76
:1020600000BF80BD744900240050004080B500AF1F
:10207000224B234A1A60214B224A5A601F4B0022EE
:102080009A601E4B0022DA601C4B00221A611B4B27
:102090000C225A61194B00229A61184B0022DA6116
:1020A000164B00221A62154B00225A62134B002273
:1020B0009A62124806F0CCFD0346002B01D0FFF7D0
:1020C0000FFD00210D4808F04FFE0346002B01D004
:1020D000FFF706FD0021094808F084FE0346002BA7
:1020E00001D0FFF7FDFC054808F005FE0346002B74
:1020F00001D0FFF7F5FC00BF80BD00BF084A0024F7
:102100000010014080841E0080B5C0B000AF786030
:1021100007F1EC0300221A605A609A60DA601A61D3
:1021200007F12803C022002118461BF025F87B6820
:102130001B68954A93427ED14FF002024FF0000394
:10214000C7E90A230023C7F8A03007F1280318467F
:1021500004F084FC0346002B01D0FFF7C1FC8B4B3D
:10216000D3F8E830894A43F40023C2F8E830874BBB
:10217000D3F8E83003F400237B627B6A834BD3F807
:10218000E030824A43F00403C2F8E0307F4BD3F8DA
:10219000E03003F004033B623B6A4FF44063C7F84E
:1021A000EC300223C7F8F0300023C7F8F4300023E6
:1021B000C7F8F8300823C7F8FC3007F1EC031946DC
:1021C000734803F005FA734B734A1A60714B3F2250
:1021D0005A60704B00229A606E4B0022DA606D4BA1
:1021E0004FF480621A616B4B00225A61694B0022E6
:1021F0009A61684B4FF48072DA61664B00221A6272
:10220000644B00225A62634800F09AFB0346002B9D
:1022100001D0FFF765FC7B685E4AC3F880205D4A09
:102220007B68936300220521342000F0E4FA342017
:1022300000F0FBFA6BE17B681B68584A934240F060
:10224000B5804FF002024FF00003C7E90A230023D4
:10225000C7F8A03007F12803184604F0FFFB034637
:10226000002B01D0FFF73CFC484BD3F8E830474A3D
:1022700043F48013C2F8E830444BD3F8E83003F459
:102280008013FB61FB69414BD3F8E0303F4A43F0D8
:102290000403C2F8E0303D4BD3F8E03003F0040310
:1022A000BB61BB69394BD3F8E030384A43F00803CF
:1022B000C2F8E030354BD3F8E03003F008037B611F
:1022C0007B694FF48053C7F8EC300223C7F8F03035
:1022D0000023C7F8F4300023C7F8F8300823C7F804
:1022E000FC3007F1EC031946294803F071F9042387
:1022F000C7F8EC300223C7F8F0300023C7F8F430F9
:102300000023C7F8F8300823C7F8FC3007F1EC03C6
:102310001946234803F05CF9224B234A1A60214BEB
:1023200041225A601F4B00229A601E4B0022DA6045
:102330001C4B4FF480621A611A4B00225A61194BF0
:1023400000229A61174B4FF48072DA61154B00221C
:102350001A62144B00225A62124800F0F1FA034646
:10236000002B01D0FFF7BCFB7B680E4AC3F880202E
:102370000C4A7B68936300220521352000F03BFA6C
:10238000352000F052FAC2E0004C004000440258F0
:10239000000802589C4A00244000024000500040BF
:1023A000000C0258144B0024580002407B681B6844
:1023B000594A934240F0AB804FF001024FF00003C6
:1023C000C7E90A230023C7F8A43007F128031846F9
:1023D00004F044FB0346002B01D0FFF781FB4F4B79
:1023E000D3F8F0304D4A43F01003C2F8F0304B4BB5
:1023F000D3F8F03003F010033B613B69474BD3F84F
:10240000E030464A43F00103C2F8E030434BD3F8D2
:10241000E03003F00103FB60FB684FF4C063C7F8D2
:10242000EC300223C7F8F0300023C7F8F430002363
:10243000C7F8F8300723C7F8FC3007F1EC0319465A
:10244000374803F0C5F8374B374A1A60354B292215
:102450005A60344B00229A60324B0022DA60314BD2
:102460004FF480621A612F4B00225A612D4B0022DB
:102470009A612C4B4FF48072DA612A4B00221A6267
:10248000284B00225A62274800F05AFA0346002BD4
:1024900001D0FFF725FB7B68224AC3F88020214A40
:1024A0007B689363214B224A1A60204B2A225A6090
:1024B0001E4B40229A601D4B0022DA601B4B4FF4EA
:1024C00080621A61194B00225A61184B00229A61EE
:1024D000164B0022DA61154B00221A62134B0022C0
:1024E0005A62124800F02CFA0346002B01D0FFF785
:1024F000F7FA7B680D4ADA670C4A7B68936300221F
:102500000521252000F077F9252000F08EF900BF85
:1025100007F58077BD4680BD001001400044025899
:10252000000002588C4B002410000240044C002490
:1025300028000240DFF834D0FFF778FC0C480D4942
:102540000D4A002302E0D458C4500433C4188C420E
:10255000F9D30A4A0A4C002301E013600432A24274
:10256000FBD31AF0FDFEFFF7A1F970470000082425
:1025700000000024F8050024D8020208F805002411
:1025800024430224FEE7000080B582B000AF0320A0
:1025900000F026F904F04AF80246154B9B691B0A25
:1025A00003F00F031349CB5C03F01F0322FA03F37C
:1025B0007B600F4B9B6903F00F030E4AD35C03F063
:1025C0001F037A6822FA03F30B4A13600B4A7B68F5
:1025D00013600F20FFF7A8FA0346002B01D0012358
:1025E00002E0FFF783FA002318460837BD4680BD96
:1025F00000440258B0F201080C0000240800002436
:1026000080B400AF064B1B781A46064B1B68134478
:10261000044A136000BFBD465DF8047B704700BFED
:10262000140000247C4C002480B400AF034B1B68D2
:102630001846BD465DF8047B704700BF7C4C002403
:1026400080B400AF034B1B681B0C1846BD465DF8F9
:10265000047B70470010005C80B485B000AF7860E8
:102660007B6803F00703FB600B4BDB68BB60BA6859
:102670004FF6FF031340BB60FB681A02BB681A43A6
:10268000064B1343BB60044ABB68D36000BF1437DA
:10269000BD465DF8047B704700ED00E00000FA05E0
:1026A00080B400AF044BDB681B0A03F00703184635
:1026B000BD465DF8047B704700ED00E080B483B058
:1026C00000AF0346FB80B7F90630002B0BDBFB881D
:1026D00003F01F020749B7F906305B09012000FA31
:1026E00002F241F8232000BF0C37BD465DF8047BA1
:1026F000704700BF00E100E080B483B000AF034644
:102700003960FB80B7F90630002B0ADB3B68DAB290
:102710000C49B7F906301201D2B20B4483F80023FA
:102720000AE03B68DAB20849FB8803F00F03043B78
:102730001201D2B20B441A7600BF0C37BD465DF8C9
:10274000047B704700E100E000ED00E080B489B058
:1027500000AFF860B9607A60FB6803F00703FB61C3
:10276000FB69C3F10703042B28BF0423BB61FB698A
:102770000433062B02D9FB69033B00E000237B6195
:102780004FF0FF32BB6902FA03F3DA43BB681A4029
:102790007B699A404FF0FF317B6901FA03F3D9431B
:1027A0007B680B40134318462437BD465DF8047B15
:1027B0007047000080B400AFBFF34F8F00BF064BDF
:1027C000DB6803F4E0620449044B1343CB60BFF3BE
:1027D0004F8F00BF00BFFDE700ED00E00400FA05E9
:1027E00080B582B000AF78607868FFF735FF00BF32
:1027F0000837BD4680BD80B586B000AF0346B960DE
:102800007A60FB81FFF74CFF78617A68B968786974
:10281000FFF79CFF0246B7F90E3011461846FFF746
:102820006BFF00BF1837BD4680BD80B582B000AFDA
:102830000346FB80B7F906301846FFF73FFF00BF9D
:102840000837BD4680BD80B500AFFFF7B3FF00007D
:1028500080B400AFBFF35F8F00BF074B5B6A064ACF
:1028600023F480335362054B00225A6000BFBD46FB
:102870005DF8047B704700BF00ED00E090ED00E0E4
:1028800080B483B000AF78600B4A7B6843F00103EB
:1028900053600A4B5B6A094A43F480335362BFF3C7
:1028A0004F8F00BFBFF36F8F00BF00BF0C37BD4617
:1028B0005DF8047B704700BF90ED00E000ED00E0A4
:1028C00080B483B000AF78607B685A781B4B9A6005
:1028D0001A4B1B69194A23F001031361174A7B68DD
:1028E0005B68D3607B681B7B1A077B68DB7A1B06FF
:1028F0001A437B689B7ADB041A437B685B7B9B04EF
:102900001A437B689B7B5B041A437B68DB7B1B045D
:102910001A437B685B7A1B021A437B681B7A5B0055
:1029200013437A6812781146044A0B43136100BFBF
:102930000C37BD465DF8047B704700BF90ED00E0AA
:1029400080B586B000AF7860FFF76EFE38617B68B7
:10295000002B01D1012316E37B681B68664A934272
:102960004AD07B681B68654A934245D07B681B68E8
:10297000634A934240D07B681B68624A93423BD0D3
:102980007B681B68604A934236D07B681B685F4A4D
:10299000934231D07B681B685D4A93422CD07B68A0
:1029A0001B685C4A934227D07B681B685A4A934253
:1029B00022D07B681B68594A93421DD07B681B68F4
:1029C000574A934218D07B681B68564A934213D0EB
:1029D0007B681B68544A93420ED07B681B68534A3D
:1029E000934209D07B681B68514A934204D07B68AC
:1029F0001B68504A934201D1012300E00023002BC1
:102A000000F03B817B68022283F835207B6800223E
:102A100083F834207B681B68374A93424AD07B682E
:102A20001B68364A934245D07B681B68344A934200
:102A300040D07B681B68334A93423BD07B681B685D
:102A4000314A934236D07B681B68304A934231D07A
:102A50007B681B682E4A93422CD07B681B682D4AEA
:102A6000934227D07B681B682B4A934222D07B6815
:102A70001B682A4A93421DD07B681B68284A9342F0
:102A800018D07B681B68274A934213D07B681B6869
:102A9000254A93420ED07B681B68244A934209D092
:102AA0007B681B68224A934204D07B681B68214ADA
:102AB000934208D17B681B681A687B681B6822F008
:102AC00001021A6007E07B681B681A687B681B6854
:102AD00022F001021A602FE0FFF7A6FD02463B69D3
:102AE000D31A052B28D97B6820225A657B680322DC
:102AF00083F83520012346E21000024028000240FE
:102B0000400002405800024070000240880002402D
:102B1000A0000240B8000240100402402804024015
:102B200040040240580402407004024088040240FD
:102B3000A0040240B80402407B681B681B6803F0D5
:102B40000103002BC8D17B681B681B687B617A6915
:102B5000834B13407B617B689A687B68DB681A4310
:102B60007B681B691A437B685B691A437B689B69B6
:102B70001A437B68DB691A437B681B6A13437A69D3
:102B800013437B617B685B6A042B07D17B68DA6A3D
:102B90007B681B6B13437A6913437B61714B1A6823
:102BA000714B1340B3F1005F28D37B685B68282B1F
:102BB00003D97B685B682E2B17D97B685B683E2B3B
:102BC00003D97B685B68422B0FD97B685B68462B17
:102BD00003D97B685B68482B07D97B685B684E2B01
:102BE00005D97B685B68522B01D8012300E00023E4
:102BF000002B03D07B6943F480137B617B681B68E7
:102C00007A691A607B681B685B697B617B6923F06A
:102C100007037B617B685B6A7A6913437B617B682E
:102C20005B6A042B17D17B689B6A7A6913437B61CB
:102C30007B68DB6A002B0ED0786802F03FFB03460E
:102C4000002B08D07B6840225A657B68012283F8FC
:102C50003520012397E17B681B687A695A6178689F
:102C600002F07AFA0346BB607B68DB6D03F01F035A
:102C70003F229A40BB689A60CDE07B681B683B4A64
:102C8000934222D07B681B68394A93421DD07B68EF
:102C90001B68384A934218D07B681B68364A9342B7
:102CA00013D07B681B68354A93420ED07B681B6843
:102CB000334A934209D07B681B68324A934204D05E
:102CC0007B681B68304A934201D1012300E0002356
:102CD000002B00F097807B681B68244A934221D028
:102CE0007B681B68224A93421CD07B681B68214A80
:102CF000934217D07B681B681F4A934212D07B68AF
:102D00001B681E4A93420DD07B681B681C4A934285
:102D100008D07B681B681B4A934203D07B681B6802
:102D2000194A93427B68022283F835207B6800228F
:102D300083F834207B681B681B687B617A69134BBE
:102D400013407B617B689B68402B21D07B689B682C
:102D5000802B02D14FF480431BE0002319E000BF19
:102D60003F8010FE0010005C0000FFFF0854025876
:102D70001C540258305402584454025858540258B3
:102D80006C54025880540258945402580F00FEFFAD
:102D900010237A68D268D2081A437B681B69DB0863
:102DA0001A437B685B69DB081A437B689B69DB0815
:102DB0001A437B68DB69DB081A437B681B6A1B09C3
:102DC00013437A6913437B617B681B687A691A60D5
:102DD0007B681B681A466E4B13446E4AA2FB0323A2
:102DE0001B099A007B68DA65786802F0B5F903463A
:102DF000FB607B68DB6D03F01F0301229A40FB68D8
:102E00005A6008E07B6840225A657B68032283F899
:102E100035200123B7E07B681B685F4A934272D07C
:102E20007B681B685D4A93426DD07B681B685C4A77
:102E3000934268D07B681B685A4A934263D07B6890
:102E40001B68594A93425ED07B681B68574A93427D
:102E500059D07B681B68564A934254D07B681B68E4
:102E6000544A93424FD07B681B68534A93424AD0DE
:102E70007B681B68514A934245D07B681B68504A67
:102E8000934240D07B681B684E4A93423BD07B689C
:102E90001B684D4A934236D07B681B684B4A93426D
:102EA00031D07B681B684A4A93422CD07B681B68F0
:102EB000484A934227D07B681B68474A934222D0F6
:102EC0007B681B68454A93421DD07B681B68444A57
:102ED000934218D07B681B68424A934213D07B68A8
:102EE0001B68414A93420ED07B681B683F4A93425D
:102EF00009D07B681B683E4A934204D07B681B68FC
:102F00003C4A934201D1012300E00023002B32D040
:102F1000786802F04FFA7B689B68802B02D17B684F
:102F200000225A607B685A687B681B6ED2B21A60B6
:102F30007B685B6E7A68926E5A607B685B68002B78
:102F400010D07B685B68082B0CD8786802F0CCFA4C
:102F50007B68DB6E00221A607B681B6F7A68526F99
:102F60005A6008E07B680022DA667B6800221A67F4
:102F70007B6800225A677B6800225A657B680122C1
:102F800083F83520002318461837BD4680BD00BFA2
:102F9000F8ABFDA7CDCCCCCC1000024028000240FD
:102FA0004000024058000240700002408800024089
:102FB000A0000240B8000240100402402804024071
:102FC0004004024058040240700402408804024059
:102FD000A0040240B8040240085402581C5402588D
:102FE0003054025844540258585402586C540258F1
:102FF000805402589454025880B586B000AFF860EF
:10300000B9607A603B600023FB75FB68002B01D13F
:10301000012326E2FB6893F83430012B01D102230F
:103020001FE2FB68012283F83420FB6893F83530F7
:10303000DBB2012B40F00A82FB68022283F83520C4
:10304000FB6800225A65FB681B68684A93424AD0B5
:10305000FB681B68664A934245D0FB681B68654A5B
:10306000934240D0FB681B68634A93423BD0FB68A5
:103070001B68624A934236D0FB681B68604A9342E1
:1030800031D0FB681B685F4A93422CD0FB681B68F9
:103090005D4A934227D0FB681B685C4A934222D06A
:1030A000FB681B685A4A93421DD0FB681B68594A4B
:1030B000934218D0FB681B68574A934213D0FB68B1
:1030C0001B68564A93420ED0FB681B68544A9342D1
:1030D00009D0FB681B68534A934204D0FB681B6805
:1030E000514A934208D1FB681B681A68FB681B6849
:1030F00022F001021A6007E0FB681B681A68FB688F
:103100001B6822F001021A603B687A68B968F868A7
:1031100001F076FEFB681B68344A93424AD0FB6894
:103120001B68334A934245D0FB681B68314A93427F
:1031300040D0FB681B68304A93423BD0FB681B6859
:103140002E4A934236D0FB681B682D4A934231D0F9
:10315000FB681B682B4A93422CD0FB681B682A4AE9
:10316000934227D0FB681B68284A934222D0FB6811
:103170001B68274A93421DD0FB681B68254A93426F
:1031800018D0FB681B68244A934213D0FB681B6865
:10319000224A93420ED0FB681B68214A934209D011
:1031A000FB681B681F4A934204D0FB681B681E4AD9
:1031B000934201D1012300E00023002B36D0FB68AD
:1031C0001B681B6823F01E02FB681B6842F0160296
:1031D0001A60FB681B6C002B3ED0FB681B681A68EA
:1031E000FB681B6842F008021A6035E010000240DC
:1031F0002800024040000240580002407000024097
:1032000088000240A0000240B800024010040240C2
:103210002804024040040240580402407004024066
:1032200088040240A0040240B8040240FB681B6806
:103230001B6823F00E02FB681B6842F00A021A604A
:10324000FB681B6C002B07D0FB681B681A68FB68C7
:103250001B6842F004021A60FB681B68834A9342B1
:1032600072D0FB681B68824A93426DD0FB681B6872
:10327000804A934268D0FB681B687F4A934263D0C0
:10328000FB681B687D4A93425ED0FB681B687C4AE2
:10329000934259D0FB681B687A4A934254D0FB682A
:1032A0001B68794A93424FD0FB681B68774A934268
:1032B0004AD0FB681B68764A934245D0FB681B687E
:1032C000744A934240D0FB681B68734A93423BD0D8
:1032D000FB681B68714A934236D0FB681B68704AD2
:1032E000934231D0FB681B686E4A93422CD0FB6836
:1032F0001B686D4A934227D0FB681B686B4A934258
:1033000022D0FB681B686A4A93421DD0FB681B6889
:10331000684A934218D0FB681B68674A934213D0EF
:10332000FB681B68654A93420ED0FB681B68644AC1
:10333000934209D0FB681B68624A934204D0FB6841
:103340001B68614A934201D1012300E00023002B56
:103350001AD0FB681B6E1B6803F48033002B07D068
:10336000FB681B6E1A68FB681B6E42F480721A6061
:10337000FB68DB6E002B07D0FB68DB6E1A68FB680E
:10338000DB6E42F480721A60FB681B68374A934216
:103390004AD0FB681B68364A934245D0FB681B68DD
:1033A000344A934240D0FB681B68334A93423BD077
:1033B000FB681B68314A934236D0FB681B68304A71
:1033C000934231D0FB681B682E4A93422CD0FB6895
:1033D0001B682D4A934227D0FB681B682B4A9342F7
:1033E00022D0FB681B682A4A93421DD0FB681B68E9
:1033F000284A934218D0FB681B68274A934213D08F
:10340000FB681B68254A93420ED0FB681B68244A60
:10341000934209D0FB681B68224A934204D0FB68A0
:103420001B68214A934208D1FB681B681A68FB6835
:103430001B6842F001021A6012E0FB681B681A6800
:10344000FB681B6842F001021A6009E0FB684FF458
:1034500000625A65FB68002283F834200123FB7563
:10346000FB7D18461837BD4680BD00BF10000240E6
:103470002800024040000240580002407000024014
:1034800088000240A0000240B80002401004024040
:1034900028040240400402405804024070040240E4
:1034A00088040240A0040240B804024008540258B4
:1034B0001C5402583054025844540258585402586C
:1034C0006C540258805402589454025880B586B007
:1034D00000AF7860FFF7A8F838617B68002B01D156
:1034E0000123DCE27B6893F83530DBB2022B08D095
:1034F0007B6880225A657B68002283F83420012390
:10350000CDE27B681B68764A93424AD07B681B6891
:10351000744A934245D07B681B68734A934240D0FB
:103520007B681B68714A93423BD07B681B68704A7A
:10353000934236D07B681B686E4A934231D07B68D9
:103540001B686D4A93422CD07B681B686B4A934280
:1035500027D07B681B686A4A934222D07B681B682D
:10356000684A93421DD07B681B68674A934218D013
:103570007B681B68654A934213D07B681B68644A6A
:1035800093420ED07B681B68624A934209D07B68E5
:103590001B68614A934204D07B681B685F4A934270
:1035A00001D1012300E00023002B13D07B681B68AE
:1035B0001A687B681B6822F01E021A607B681B6811
:1035C0005A697B681B6822F080025A617B681B681D
:1035D0007B610AE07B681B681A687B681B6822F0C5
:1035E0000E021A607B681B687B617B681B683C4A23
:1035F000934272D07B681B683A4A93426DD07B68D5
:103600001B68394A934268D07B681B68374A9342EB
:1036100063D07B681B68364A93425ED07B681B6828
:10362000344A934259D07B681B68334A934254D042
:103630007B681B68314A93424FD07B681B68304AD5
:1036400093424AD07B681B682E4A934245D07B68E0
:103650001B682D4A934240D07B681B682B4A9342DB
:103660003BD07B681B682A4A934236D07B681B6834
:10367000284A934231D07B681B68274A93422CD05A
:103680007B681B68254A934227D07B681B68244AC5
:10369000934222D07B681B68224A93421DD07B68EC
:1036A0001B68214A934218D07B681B681F4A9342CB
:1036B00013D07B681B681E4A93420ED07B681B6840
:1036C0001C4A934209D07B681B681B4A934204D072
:1036D0007B681B68194A934232D1012331E000BF55
:1036E0001000024028000240400002405800024002
:1036F0007000024088000240A0000240B800024072
:1037000010040240280402404004024058040240D1
:103710007004024088040240A0040240B804024041
:10372000085402581C540258305402584454025849
:10373000585402586C5402588054025894540258F9
:103740000023002B07D07B681B6E1A687B681B6EFA
:1037500022F480721A607B681B686D4A93424AD0DB
:103760007B681B686B4A934245D07B681B686A4A3A
:10377000934240D07B681B68684A93423BD07B6889
:103780001B68674A934236D07B681B68654A934240
:1037900031D07B681B68644A93422CD07B681B68DD
:1037A000624A934227D07B681B68614A934222D0C9
:1037B0007B681B685F4A93421DD07B681B685E4A2A
:1037C000934218D07B681B685C4A934213D07B6895
:1037D0001B685B4A93420ED07B681B68594A934230
:1037E00009D07B681B68584A934204D07B681B68E9
:1037F000564A934208D17B681B681A687B681B682D
:1038000022F001021A6007E07B681B681A687B6877
:103810001B6822F001021A6013E0FEF705FF024662
:103820003B69D31A052B0CD97B6820225A657B682B
:10383000032283F835207B68002283F8342001239B
:103840002DE17B691B6803F00103002BE5D17B6848
:103850001B682F4A93424AD07B681B682D4A9342CB
:1038600045D07B681B682C4A934240D07B681B681C
:103870002A4A93423BD07B681B68294A934236D040
:103880007B681B68274A934231D07B681B68264AB5
:1038900093422CD07B681B68244A934227D07B68D4
:1038A0001B68234A934222D07B681B68214A9342BB
:1038B0001DD07B681B68204A934218D07B681B6828
:1038C0001E4A934213D07B681B681D4A93420ED058
:1038D0007B681B681B4A934209D07B681B681A4AA5
:1038E000934204D07B681B68184A934201D101239C
:1038F00000E00023002B2BD07B689B6DBB607B68B6
:10390000DB6D03F01F033F229A40BB689A602AE0F8
:1039100010000240280002404000024058000240CF
:103920007000024088000240A0000240B80002403F
:10393000100402402804024040040240580402409F
:103940007004024088040240A0040240B80402400F
:103950007B689B6DFB607B68DB6D03F01F030122BE
:103960009A40FB685A607B681B684F4A934272D04A
:103970007B681B684D4A93426DD07B681B684C4A3C
:10398000934268D07B681B684A4A934263D07B6845
:103990001B68494A93425ED07B681B68474A934242
:1039A00059D07B681B68464A934254D07B681B6899
:1039B000444A93424FD07B681B68434A93424AD0A3
:1039C0007B681B68414A934245D07B681B68404A2C
:1039D000934240D07B681B683E4A93423BD07B6851
:1039E0001B683D4A934236D07B681B683B4A934232
:1039F00031D07B681B683A4A93422CD07B681B68A5
:103A0000384A934227D07B681B68374A934222D0BA
:103A10007B681B68354A93421DD07B681B68344A1B
:103A2000934218D07B681B68324A934213D07B685C
:103A30001B68314A93420ED07B681B682F4A934221
:103A400009D07B681B682E4A934204D07B681B68B0
:103A50002C4A934201D1012300E00023002B15D012
:103A60007B685B6E7A68926E5A607B68DB6E002BB7
:103A70000CD07B68DB6E1A687B68DB6E22F4807288
:103A80001A607B681B6F7A68526F5A607B680122EC
:103A900083F835207B68002283F834200023184601
:103AA0001837BD4680BD00BF10000240280002400C
:103AB000400002405800024070000240880002406E
:103AC000A0000240B8000240100402402804024056
:103AD000400402405804024070040240880402403E
:103AE000A0040240B8040240085402581C54025872
:103AF0003054025844540258585402586C540258D6
:103B0000805402589454025880B584B000AF786055
:103B10007B68002B01D1012337E27B6893F83530B5
:103B2000DBB2022B04D07B6880225A6501232CE291
:103B30007B681B685C4A93424AD07B681B685B4A7F
:103B4000934245D07B681B68594A934240D07B68BA
:103B50001B68584A93423BD07B681B68564A934285
:103B600036D07B681B68554A934231D07B681B680E
:103B7000534A93422CD07B681B68524A934227D009
:103B80007B681B68504A934222D07B681B684F4A6F
:103B900093421DD07B681B684D4A934218D07B68C6
:103BA0001B684C4A934213D07B681B684A4A934275
:103BB0000ED07B681B68494A934209D07B681B681A
:103BC000474A934204D07B681B68464A934201D11E
:103BD000012300E00023002B00F086807B68042294
:103BE00083F835207B681B682F4A93424AD07B6854
:103BF0001B682E4A934245D07B681B682C4A93422F
:103C000040D07B681B682B4A93423BD07B681B6883
:103C1000294A934236D07B681B68284A934231D0A8
:103C20007B681B68264A93422CD07B681B68254A18
:103C3000934227D07B681B68234A934222D07B683B
:103C40001B68224A93421DD07B681B68204A93421E
:103C500018D07B681B681F4A934213D07B681B688F
:103C60001D4A93420ED07B681B681C4A934209D0C0
:103C70007B681B681A4A934204D07B681B68194A08
:103C8000934208D17B681B681A687B681B6822F026
:103C900001021A6078E17B681B681A687B681B6800
:103CA00022F001021A606FE1100002402800024079
:103CB000400002405800024070000240880002406C
:103CC000A0000240B8000240100402402804024054
:103CD000400402405804024070040240880402403C
:103CE000A0040240B80402407B681B681A687B6825
:103CF0001B6822F00E021A607B681B686C4A9342B4
:103D00004AD07B681B686B4A934245D07B681B682E
:103D1000694A934240D07B681B68684A93423BD013
:103D20007B681B68664A934236D07B681B68654A8D
:103D3000934231D07B681B68634A93422CD07B68E6
:103D40001B68624A934227D07B681B68604A934293
:103D500022D07B681B685F4A93421DD07B681B683A
:103D60005D4A934218D07B681B685C4A934213D02B
:103D70007B681B685A4A93420ED07B681B68594A7D
:103D8000934209D07B681B68574A934204D07B68F2
:103D90001B68564A934208D17B681B681A687B6887
:103DA0001B6822F001021A6007E07B681B681A6832
:103DB0007B681B6822F001021A607B681B683C4A22
:103DC000934272D07B681B683A4A93426DD07B68FD
:103DD0001B68394A934268D07B681B68374A934214
:103DE00063D07B681B68364A93425ED07B681B6851
:103DF000344A934259D07B681B68334A934254D06B
:103E00007B681B68314A93424FD07B681B68304AFD
:103E100093424AD07B681B682E4A934245D07B6808
:103E20001B682D4A934240D07B681B682B4A934203
:103E30003BD07B681B682A4A934236D07B681B685C
:103E4000284A934231D07B681B68274A93422CD082
:103E50007B681B68254A934227D07B681B68244AED
:103E6000934222D07B681B68224A93421DD07B6814
:103E70001B68214A934218D07B681B681F4A9342F3
:103E800013D07B681B681E4A93420ED07B681B6868
:103E90001C4A934209D07B681B681B4A934204D09A
:103EA0007B681B68194A934232D1012331E000BF7D
:103EB000100002402800024040000240580002402A
:103EC0007000024088000240A0000240B80002409A
:103ED00010040240280402404004024058040240FA
:103EE0007004024088040240A0040240B80402406A
:103EF000085402581C540258305402584454025872
:103F0000585402586C540258805402589454025821
:103F10000023002B28D07B681B6E1A687B681B6E01
:103F200022F480721A607B689B6DFB607B68DB6D9E
:103F300003F01F0301229A40FB685A607B685B6EA6
:103F40007A68926E5A607B68DB6E002B0CD07B68BF
:103F5000DB6E1A687B68DB6E22F480721A607B6805
:103F60001B6F7A68526F5A607B68012283F8352094
:103F70007B68002283F834207B681B6D002B03D004
:103F80007B681B6D78689847002318461037BD463C
:103F900080BD00BF80B58AB000AF78600023FB60B1
:103FA000674B1B68674AA2FB03239B0A7B627B6803
:103FB0009B6D3B627B689B6DFB613B6A1B68BB61D1
:103FC000FB691B687B617B681B685F4A93424AD030
:103FD0007B681B685D4A934245D07B681B685C4ADE
:103FE000934240D07B681B685A4A93423BD07B681F
:103FF0001B68594A934236D07B681B68574A9342E4
:1040000031D07B681B68564A93422CD07B681B6872
:10401000544A934227D07B681B68534A934222D06C
:104020007B681B68514A93421DD07B681B68504ACD
:10403000934218D07B681B684E4A934213D07B682A
:104040001B684D4A93420ED07B681B684B4A9342D3
:1040500009D07B681B684A4A934204D07B681B687E
:10406000484A934201D1012300E00023002B00F0D5
:104070002B847B68DB6D03F01F0308229A40BB6929
:104080001340002B00F0A2807B681B682E4A9342ED
:104090004AD07B681B682D4A934245D07B681B68D9
:1040A0002B4A934240D07B681B682A4A93423BD0FC
:1040B0007B681B68284A934236D07B681B68274A76
:1040C000934231D07B681B68254A93422CD07B6891
:1040D0001B68244A934227D07B681B68224A93427C
:1040E00022D07B681B68214A93421DD07B681B68E5
:1040F0001F4A934218D07B681B681E4A934213D014
:104100007B681B681C4A93420ED07B681B681B4A65
:10411000934209D07B681B68194A934204D07B689C
:104120001B68184A93422FD17B681B681B6803F0F9
:104130000403002B14BF01230023DBB22EE000BFD9
:1041400008000024B5814E1B1000024028000240E8
:1041500040000240580002407000024088000240C7
:10416000A0000240B80002401004024028040240AF
:104170004004024058040240700402408804024097
:10418000A0040240B80402407B681B681B6803F06F
:104190000803002B14BF01230023DBB2002B15D032
:1041A0007B681B681A687B681B6822F004021A602F
:1041B0007B68DB6D03F01F0308229A403B6A9A601C
:1041C0007B685B6D43F001027B685A657B68DB6D41
:1041D00003F01F03BA6922FA03F303F00103002B73
:1041E0006ED07B681B68694A93424AD07B681B6823
:1041F000674A934245D07B681B68664A934240D029
:104200007B681B68644A93423BD07B681B68634AA7
:10421000934236D07B681B68614A934231D07B68F9
:104220001B68604A93422CD07B681B685E4A9342AD
:1042300027D07B681B685D4A934222D07B681B684D
:104240005B4A93421DD07B681B685A4A934218D040
:104250007B681B68584A934213D07B681B68574A97
:1042600093420ED07B681B68554A934209D07B6805
:104270001B68544A934204D07B681B68524A93429D
:104280000AD17B681B685B6903F08003002B14BFB5
:1042900001230023DBB203E07B681B681B6800235B
:1042A000002B0DD07B68DB6D03F01F0301229A40C9
:1042B0003B6A9A607B685B6D43F002027B685A65DB
:1042C0007B68DB6D03F01F0304229A40BB69134037
:1042D000002B00F08F807B681B682C4A93424AD0E9
:1042E0007B681B682A4A934245D07B681B68294A31
:1042F000934240D07B681B68274A93423BD07B683F
:104300001B68264A934236D07B681B68244A934236
:1043100031D07B681B68234A93422CD07B681B6892
:10432000214A934227D07B681B68204A934222D0BF
:104330007B681B681E4A93421DD07B681B681D4A20
:10434000934218D07B681B681B4A934213D07B684A
:104350001B681A4A93420ED07B681B68184A934226
:1043600009D07B681B68174A934204D07B681B689E
:10437000154A93422AD17B681B681B6803F002032D
:10438000002B14BF01230023DBB223E01000024006
:1043900028000240400002405800024070000240E5
:1043A00088000240A0000240B80002401004024011
:1043B00028040240400402405804024070040240B5
:1043C00088040240A0040240B80402407B681B68D5
:1043D0001B680023002B0DD07B68DB6D03F01F03EF
:1043E00004229A403B6A9A607B685B6D43F004024A
:1043F0007B685A657B68DB6D03F01F0310229A40CF
:10440000BB691340002B00F0A6807B681B68854ABF
:1044100093424AD07B681B68834A934245D07B68AD
:104420001B68824A934240D07B681B68804A934253
:104430003BD07B681B687F4A934236D07B681B6801
:104440007D4A934231D07B681B687C4A93422CD0D2
:104450007B681B687A4A934227D07B681B68794A3D
:10446000934222D07B681B68774A93421DD07B68B9
:104470001B68764A934218D07B681B68744A934243
:1044800013D07B681B68734A93420ED07B681B680D
:10449000714A934209D07B681B68704A934204D0EA
:1044A0007B681B686E4A93420AD17B681B681B6855
:1044B00003F00803002B14BF01230023DBB209E043
:1044C0007B681B681B6803F00403002B14BF0123E7
:1044D0000023DBB2002B3ED07B68DB6D03F01F03B3
:1044E00010229A403B6A9A607B681B681B6803F441
:1044F0008023002B18D07B681B681B6803F4002303
:10450000002B08D17B681B6C002B24D07B681B6CB4
:10451000786898471FE07B689B6C002B1BD07B68FA
:104520009B6C7868984716E07B681B681B6803F4EF
:104530008073002B07D17B681B681A687B681B6837
:1045400022F008021A607B681B6C002B03D07B688A
:104550001B6C786898477B68DB6D03F01F03202293
:104560009A40BB691340002B00F010817B681B68E8
:104570002C4A93424AD07B681B682B4A934245D011
:104580007B681B68294A934240D07B681B68284A95
:1045900093423BD07B681B68264A934236D07B68A7
:1045A0001B68254A934231D07B681B68234A93429B
:1045B0002CD07B681B68224A934227D07B681B68FB
:1045C000204A934222D07B681B681F4A93421DD029
:1045D0007B681B681D4A934218D07B681B681C4A85
:1045E000934213D07B681B681A4A93420ED07B68B3
:1045F0001B68194A934209D07B681B68174A93428B
:1046000004D07B681B68164A93422BD17B681B68D9
:104610001B6803F01003002B14BF01230023DBB23F
:104620002AE000BF10000240280002404000024083
:10463000580002407000024088000240A000024082
:10464000B800024010040240280402404004024026
:10465000580402407004024088040240A004024052
:10466000B80402407B681B681B6803F00203002B40
:1046700014BF01230023DBB2002B00F087807B688E
:10468000DB6D03F01F0320229A403B6A9A607B682F
:1046900093F83530DBB2042B39D17B681B681A687C
:1046A0007B681B6822F016021A607B681B685A69D7
:1046B0007B681B6822F080025A617B681B6C002BB0
:1046C00003D17B689B6C002B07D07B681B681A6842
:1046D0007B681B6822F008021A607B68DB6D03F0C0
:1046E0001F033F229A403B6A9A607B68012283F84D
:1046F00035207B68002283F834207B681B6D002BFB
:1047000000F04A837B681B6D7868984744E37B68B8
:104710001B681B6803F48023002B18D07B681B6880
:104720001B6803F40023002B08D17B685B6C002B13
:104730002CD07B685B6C7868984727E07B68DB6BE4
:10474000002B23D07B68DB6B786898471EE07B6882
:104750001B681B6803F48073002B0FD17B681B68F8
:104760001A687B681B6822F010021A607B680122BD
:1047700083F835207B68002283F834207B68DB6B6C
:10478000002B03D07B68DB6B786898477B685B6D98
:10479000002B00F006837B685B6D03F00103002BA8
:1047A00000F088807B68042283F835207B681B68D2
:1047B0007A4A93424AD07B681B68794A934245D033
:1047C0007B681B68774A934240D07B681B68764AB7
:1047D00093423BD07B681B68744A934236D07B6817
:1047E0001B68734A934231D07B681B68714A9342BD
:1047F0002CD07B681B68704A934227D07B681B686B
:104800006E4A934222D07B681B686D4A93421DD04A
:104810007B681B686B4A934218D07B681B686A4AA6
:10482000934213D07B681B68684A93420ED07B6822
:104830001B68674A934209D07B681B68654A9342AC
:1048400004D07B681B68644A934208D17B681B686C
:104850001A687B681B6822F001021A6007E07B6817
:104860001B681A687B681B6822F001021A60FB68EB
:104870000133FB607A6A9A4207D37B681B681B6826
:1048800003F00103002BF2D100E000BF7B681B683E
:104890001B6803F00103002B04D07B68032283F81C
:1048A000352003E07B68012283F835207B680022F5
:1048B00083F834207B68DB6C002B00F072827B680D
:1048C000DB6C786898476CE27B681B68434A9342CC
:1048D00022D07B681B68424A93421DD07B681B68CC
:1048E000404A934218D07B681B683F4A934213D0DA
:1048F0007B681B683D4A93420ED07B681B683C4A2C
:10490000934209D07B681B683A4A934204D07B6883
:104910001B68394A934201D1012300E00023002B98
:1049200000F03F827B681B681B683B617B68DB6D26
:1049300003F01F0304229A407B691340002B00F010
:10494000CD803B6903F00403002B00F0C7807B6837
:10495000DB6D03F01F0304229A40FB695A603B6938
:1049600003F40043002B49D03B6903F48033002B50
:1049700009D17B689B6C002B00F010827B689B6CDC
:10498000786898470AE27B681B6C002B00F006826F
:104990007B681B6C7868984700E200BF10000240FB
:1049A00028000240400002405800024070000240CF
:1049B00088000240A0000240B800024010040240FB
:1049C000280402404004024058040240700402409F
:1049D00088040240A0040240B8040240085402586F
:1049E0001C54025830540258445402585854025827
:1049F0006C54025880540258945402583B6903F096
:104A00002003002B60D17B681B687F4A93424AD009
:104A10007B681B687D4A934245D07B681B687C4A53
:104A2000934240D07B681B687A4A93423BD07B68B4
:104A30001B68794A934236D07B681B68774A934259
:104A400031D07B681B68764A93422CD07B681B6808
:104A5000744A934227D07B681B68734A934222D0E2
:104A60007B681B68714A93421DD07B681B68704A43
:104A7000934218D07B681B686E4A934213D07B68C0
:104A80001B686D4A93420ED07B681B686B4A934249
:104A900009D07B681B686A4A934204D07B681B6814
:104AA000684A934208D17B681B681A687B681B6858
:104AB00022F008021A6007E07B681B681A687B68AE
:104AC0001B6822F004021A607B681B6C002B00F04C
:104AD00065817B681B6C786898475FE17B68DB6D5C
:104AE00003F01F0302229A407B691340002B00F061
:104AF000C5803B6903F00203002B00F0BF807B6898
:104B0000DB6D03F01F0302229A40FB695A603B6988
:104B100003F40043002B18D03B6903F48033002BCF
:104B200009D17B685B6C002B00F03A817B685B6C81
:104B30007868984734E17B68DB6B002B00F03081AC
:104B40007B68DB6B786898472AE13B6903F02003B8
:104B5000002B40F089807B681B682B4A93424AD027
:104B60007B681B68294A934245D07B681B68284AAA
:104B7000934240D07B681B68264A93423BD07B68B7
:104B80001B68254A934236D07B681B68234A9342B0
:104B900031D07B681B68224A93422CD07B681B680B
:104BA000204A934227D07B681B681F4A934222D039
:104BB0007B681B681D4A93421DD07B681B681C4A9A
:104BC000934218D07B681B681A4A934213D07B68C3
:104BD0001B68194A93420ED07B681B68174A9342A0
:104BE00009D07B681B68164A934204D07B681B6817
:104BF000144A934228D17B681B681A687B681B683B
:104C000022F014021A6027E010000240280002403F
:104C100040000240580002407000024088000240FC
:104C2000A0000240B80002401004024028040240E4
:104C300040040240580402407004024088040240CC
:104C4000A0040240B80402407B681B681A687B68B5
:104C50001B6822F00A021A607B68012283F8352063
:104C60007B68002283F834207B68DB6B002B00F02C
:104C700097807B68DB6B7868984791E07B68DB6D99
:104C800003F01F0308229A407B691340002B00F0B9
:104C900088803B6903F00803002B00F082807B686A
:104CA0001B68414A93424AD07B681B683F4A934243
:104CB00045D07B681B683E4A934240D07B681B68A6
:104CC0003C4A93423BD07B681B683B4A934236D0B8
:104CD0007B681B68394A934231D07B681B68384A2D
:104CE00093422CD07B681B68364A934227D07B685E
:104CF0001B68354A934222D07B681B68334A934233
:104D00001DD07B681B68324A934218D07B681B68B1
:104D1000304A934213D07B681B682F4A93420ED0CF
:104D20007B681B682D4A934209D07B681B682C4A1C
:104D3000934204D07B681B682A4A934208D17B685F
:104D40001B681A687B681B6822F01C021A6007E067
:104D50007B681B681A687B681B6822F00E021A6069
:104D60007B68DB6D03F01F0301229A40FB695A60E8
:104D70007B6801225A657B68012283F835207B68B5
:104D8000002283F834207B68DB6C002B09D07B6821
:104D9000DB6C7868984704E000BF02E000BF00E0E9
:104DA00000BF2837BD4680BD1000024028000240E9
:104DB000400002405800024070000240880002405B
:104DC000A0000240B8000240100402402804024043
:104DD000400402405804024070040240880402402B
:104DE000A0040240B804024080B483B000AF7860F1
:104DF0007B685B6D18460C37BD465DF8047B7047D9
:104E000080B487B000AFF860B9607A603B60FB683F
:104E10009B6D7B61FB689B6D3B61FB681B687F4AF8
:104E2000934272D0FB681B687D4A93426DD0FB6849
:104E30001B687C4A934268D0FB681B687A4A93429D
:104E400063D0FB681B68794A93425ED0FB681B689D
:104E5000774A934259D0FB681B68764A934254D0F4
:104E6000FB681B68744A93424FD0FB681B68734A07
:104E700093424AD0FB681B68714A934245D0FB6855
:104E80001B68704A934240D0FB681B686E4A93428D
:104E90003BD0FB681B686D4A934236D0FB681B68A9
:104EA0006B4A934231D0FB681B686A4A93422CD00C
:104EB000FB681B68684A934227D0FB681B68674AF7
:104EC000934222D0FB681B68654A93421DD0FB6861
:104ED0001B68644A934218D0FB681B68624A93427D
:104EE00013D0FB681B68614A93420ED0FB681B68B5
:104EF0005F4A934209D0FB681B685E4A934204D024
:104F0000FB681B685C4A934201D1012300E0002347
:104F1000002B0DD0FB685B6EFA68926E5A60FB68DE
:104F2000DB6E002B04D0FB681B6FFA68526F5A606F
:104F3000FB681B68394A93424AD0FB681B68384AB1
:104F4000934245D0FB681B68364A934240D0FB68C9
:104F50001B68354A93423BD0FB681B68334A934237
:104F600036D0FB681B68324A934231D0FB681B681D
:104F7000304A93422CD0FB681B682F4A934227D0BB
:104F8000FB681B682D4A934222D0FB681B682C4AA1
:104F900093421DD0FB681B682A4A934218D0FB68D5
:104FA0001B68294A934213D0FB681B68274A934227
:104FB0000ED0FB681B68264A934209D0FB681B6829
:104FC000244A934204D0FB681B68234A934201D1D0
:104FD000012300E00023002B59D0FB68DB6D03F0B8
:104FE0001F033F229A407B699A60FB681B681A681E
:104FF000FB681B6822F480221A60FB681B683A6811
:105000005A60FB689B68402B38D1FB681B687A6844
:105010009A60FB681B68BA68DA6086E0100002409C
:105020002800024040000240580002407000024048
:1050300088000240A0000240B80002401004024074
:105040002804024040040240580402407004024018
:1050500088040240A0040240B804024008540258E8
:105060001C540258305402584454025858540258A0
:105070006C5402588054025894540258FB681B68C0
:10508000BA689A60FB681B687A68DA604DE0FB6872
:105090001B68294A934222D0FB681B68274A934227
:1050A0001DD0FB681B68264A934218D0FB681B681A
:1050B000244A934213D0FB681B68234A93420ED0C4
:1050C000FB681B68214A934209D0FB681B68204A91
:1050D000934204D0FB681B681E4A934201D101230E
:1050E00000E00023002B20D0FB68DB6D03F01F03E2
:1050F00001229A403B695A60FB681B683A685A6013
:10510000FB689B68402B08D1FB681B687A689A6033
:10511000FB681B68BA68DA6007E0FB681B68BA685E
:105120009A60FB681B687A68DA6000BF1C37BD466E
:105130005DF8047B704700BF085402581C540258A5
:105140003054025844540258585402586C5402586F
:10515000805402589454025880B485B000AF7860EF
:105160007B681B68424A93424AD07B681B68414A6D
:10517000934245D07B681B683F4A934240D07B688E
:105180001B683E4A93423BD07B681B683C4A934273
:1051900036D07B681B683B4A934231D07B681B68E2
:1051A000394A93422CD07B681B68384A934227D0F7
:1051B0007B681B68364A934222D07B681B68354A5D
:1051C00093421DD07B681B68334A934218D07B689A
:1051D0001B68324A934213D07B681B68304A934263
:1051E0000ED07B681B682F4A934209D07B681B68EE
:1051F0002D4A934204D07B681B682C4A934201D10C
:10520000012300E00023002B24D07B681B68DBB265
:10521000103B274AA2FB03231B09FB60FB6803F03A
:105220000703244AD35C1A467B68DA65FB68032BC4
:1052300008D97B681B681A461F4B13401A1D7B68F0
:105240009A650DE07B681B681A461B4B13407A6811
:10525000936505E07B681B6823F0FF027B689A6515
:105260007B689B6D18461437BD465DF8047B70471C
:105270001000024028000240400002405800024056
:105280007000024088000240A0000240B8000240C6
:105290001004024028040240400402405804024026
:1052A0007004024088040240A0040240B804024096
:1052B000ABAAAAAAC0F2010800FCFFFF80B485B027
:1052C00000AF78600023FB737B689B69002B20D1C3
:1052D0007B689B6A032B58D801A252F823F000BFC9
:1052E000F152000803530008F15200088B530008E4
:1052F0007B68DB6A03F08073002B48D00123FB73CB
:1053000045E07B68DB6AB3F1C07F42D10123FB73C8
:105310003FE07B689B69B3F5005F23D17B689B6AA4
:10532000032B38D801A252F823F000BF3D530008E8
:10533000435300083D530008555300080123FB73F5
:1053400030E07B68DB6A03F08073002B25D00123FB
:10535000FB7322E07B68DB6AB3F1C07F1FD10123BE
:10536000FB731CE07B689B6A022B02D9032B03D0E2
:1053700018E00123FB7315E07B68DB6A03F08073A0
:10538000002B0ED00123FB730BE000BF0AE000BF2F
:1053900008E000BF06E000BF04E000BF02E000BF7D
:1053A00000E000BFFB7B18461437BD465DF8047B68
:1053B000704700BF80B485B000AF78607B681B6821
:1053C000BB607B681B68384A934222D07B681B68AD
:1053D000364A93421DD07B681B68354A934218D0E9
:1053E0007B681B68334A934213D07B681B68324A40
:1053F00093420ED07B681B68304A934209D07B6889
:105400001B682F4A934204D07B681B682D4A934245
:1054100001D1012300E00023002B1AD07B681B6818
:10542000DBB2083B284AA2FB03231B09FB60FA6896
:10543000264B13449B001A467B681A667B68244AF5
:105440005A66FB6803F01F0301229A407B689A6644
:1054500024E07B681B68DBB2103B1E4AA2FB0323DF
:105460001B09FB60BB681C4A934206D8BB681B4AF9
:10547000934202D9FB680833FB60FA68184B134467
:105480009B001A467B681A667B68164A5A66FB6858
:1054900003F01F0301229A407B689A6600BF14370D
:1054A000BD465DF8047B7047085402581C540258EE
:1054B0003054025844540258585402586C540258FC
:1054C0008054025894540258CDCCCCCC009600168F
:1054D00080580258ABAAAAAAB80402400F0402409E
:1054E000008200108008024080B485B000AF786070
:1054F0007B685B68DBB2FB60FB68002B4AD0FB6813
:10550000082B47D87B681B68254A934222D07B68CA
:105510001B68244A93421DD07B681B68224A934231
:1055200018D07B681B68214A934213D07B681B68A4
:105530001F4A93420ED07B681B681E4A934209D0D3
:105540007B681B681C4A934204D07B681B681B4A1B
:10555000934201D1012300E00023002B0AD0FA6816
:10556000174B13449B001A467B68DA667B68154A22
:105570001A6709E0FA68144B13449B001A467B68CB
:10558000DA667B68114A1A67FB68013B01229A4080
:105590007B685A6700BF1437BD465DF8047B7047CF
:1055A000085402581C5402583054025844540258AB
:1055B000585402586C54025880540258945402585B
:1055C0003F960016405902583F82001040090240A1
:1055D00080B489B000AF786039600023FB61894BEB
:1055E0007B6194E13B681A680121FB6901FA03F3CE
:1055F00013403B613B69002B00F086813B685B6890
:1056000003F00303012B05D03B685B6803F0030341
:10561000022B30D17B689B68BB61FB695B00032276
:1056200002FA03F3DB43BA691340BB613B68DA68F3
:10563000FB695B0002FA03F3BA691343BB617B6841
:10564000BA699A607B685B68BB610122FB6902FAF8
:1056500003F3DB43BA691340BB613B685B681B091A
:1056600003F00102FB6902FA03F3BA691343BB6159
:105670007B68BA695A603B685B6803F00303032BDD
:1056800017D07B68DB68BB61FB695B00032202FA11
:1056900003F3DB43BA691340BB613B689A68FB695B
:1056A0005B0002FA03F3BA691343BB617B68BA6912
:1056B000DA603B685B6803F00303022B23D1FB69CC
:1056C000DA087B68083253F82230BB61FB6903F0CB
:1056D00007039B000F2202FA03F3DB43BA6913406E
:1056E000BB613B681A69FB6903F007039B0002FA80
:1056F00003F3BA691343BB61FB69DA087B680832BC
:10570000B96943F822107B681B68BB61FB695B00C9
:10571000032202FA03F3DB43BA691340BB613B681F
:105720005B6803F00302FB695B0002FA03F3BA69EA
:105730001343BB617B68BA691A603B685B6803F41A
:105740004033002B00F0E0802F4BD3F8F4302E4A8A
:1057500043F00203C2F8F4302B4BD3F8F43003F0DB
:105760000203FB60FB68294AFB699B08023352F87D
:105770002330BB61FB6903F003039B000F2202FA95
:1057800003F3DB43BA691340BB617B68204A934251
:1057900052D07B681F4A934231D07B681E4A9342A5
:1057A0002BD07B681D4A934225D07B681C4A9342CC
:1057B0001FD07B681B4A934219D07B681A4A9342D8
:1057C00013D07B68194A93420DD07B68184A9342E4
:1057D00007D07B68174A934201D109232DE00A23A1
:1057E0002BE0082329E0072327E0062325E00523F3
:1057F00023E0042321E003231FE002231DE0012313
:105800001BE000BF8000005800440258000400580C
:10581000000002580004025800080258000C025808
:10582000001002580014025800180258001C0258B8
:1058300000200258002402580023FA6902F00302F3
:1058400092009340BA691343BB613849FB699B08D6
:105850000233BA6941F823204FF0B0431B68BB61A3
:105860003B69DB43BA691340BB613B685B6803F487
:105870008013002B03D0BA693B691343BB614FF01F
:10588000B042BB6913604FF0B0435B68BB613B69DA
:10589000DB43BA691340BB613B685B6803F40013E8
:1058A000002B03D0BA693B691343BB614FF0B04290
:1058B000BB6953607B695B68BB613B69DB43BA6969
:1058C0001340BB613B685B6803F40033002B03D0DB
:1058D000BA693B691343BB617B69BA695A607B69EA
:1058E0001B68BB613B69DB43BA691340BB613B6822
:1058F0005B6803F48033002B03D0BA693B69134320
:10590000BB617B69BA691A60FB690133FB613B6863
:105910001A68FB6922FA03F3002B7FF463AE00BF21
:1059200000BF2437BD465DF8047B70470004005873
:1059300080B483B000AF78600B467B8013467B70E9
:105940007B78002B03D07A887B689A6103E07B88A0
:105950001A047B689A6100BF0C37BD465DF8047B72
:10596000704780B485B000AF78600B467B807B6861
:105970005B69FB607A88FB6813401A04FB68D943B3
:105980007B880B401A437B689A6100BF1437BD4681
:105990005DF8047B7047000080B584B000AF78608C
:1059A000194BDB6803F00403042B0AD0164BDB68A9
:1059B00003F007037A689A4201D001231FE0002315
:1059C0001DE0114BDB6823F007020F497B6813438E
:1059D000CB60FCF729FEF86009E0FCF725FE0246E3
:1059E000FB68D31AB3F57A7F01D9012307E0064B90
:1059F0005B6803F40053B3F5005FEED10023184653
:105A00001037BD4680BD00BF0048025880B58CB03D
:105A100000AF78607B68002B02D1012300F048BC06
:105A20007B681B6803F00103002B00F08880994B12
:105A30001B6903F03803FB62964B9B6ABB62FB6AEF
:105A4000102B07D0FB6A182B11D1BB6A03F003039C
:105A5000022B0CD18F4B1B6803F40033002B6DD04D
:105A60007B685B68002B69D1012300F021BC7B6857
:105A70005B68B3F5803F06D1864B1B68854A43F4CB
:105A8000803313602EE07B685B68002B0CD1814B68
:105A90001B68804A23F4803313607E4B1B687D4A69
:105AA00023F4802313601DE07B685B68B3F5A02FAF
:105AB0000CD1784B1B68774A43F480231360754BF5
:105AC0001B68744A43F4803313600BE0714B1B680E
:105AD000704A23F4803313606E4B1B686D4A23F4C5
:105AE000802313607B685B68002B13D0FCF79CFD60
:105AF000786208E0FCF798FD02467B6AD31A642BB3
:105B000001D90323D4E3634B1B6803F40033002B58
:105B1000F0D014E0FCF788FD786208E0FCF784FD23
:105B200002467B6AD31A642B01D90323C0E3594B85
:105B30001B6803F40033002BF0D100E000BF7B684A
:105B40001B6803F00203002B00F0CA80514B1B6955
:105B500003F038033B624F4B9B6AFB613B6A002BAF
:105B600007D03B6A182B56D1FB6903F00303002BC7
:105B700051D1484B1B6803F00403002B05D07B6810
:105B8000DB68002B01D1012392E3424B1B6823F019
:105B900019027B68DB683F4913430B60FCF744FD47
:105BA000786208E0FCF740FD02467B6AD31A022BBC
:105BB00001D903237CE3374B1B6803F00403002B5C
:105BC000F0D0FCF73DFD034641F20302934217D8A3
:105BD0007B681B69402B08D12E4B5B6823F47C3318
:105BE0002C4A43F4003353607AE02A4B5B6823F479
:105BF0007C327B681B691B03264913434B606FE0B3
:105C0000244B5B6823F0FE427B681B691B0621491D
:105C100013434B6064E07B68DB68002B47D01D4B6F
:105C20001B6823F019027B68DB681A4913430B6079
:105C3000FCF7FAFC786208E0FCF7F6FC02467B6AA7
:105C4000D31A022B01D9032332E3124B1B6803F052
:105C50000403002BF0D0FCF7F3FC034641F20302EF
:105C6000934219D87B681B69402B08D1094B5B68AC
:105C700023F47C33074A43F40033536030E0054B90
:105C80005B6823F47C327B681B691B030149134367
:105C90004B6025E0004402589A4B5B6823F0FE42BB
:105CA0007B681B691B06974913434B6018E0954BB3
:105CB0001B68944A23F001031360FCF7B5FC78627B
:105CC00008E0FCF7B1FC02467B6AD31A022B01D92B
:105CD0000323EDE28B4B1B6803F00403002BF0D190
:105CE0007B681B6803F01003002B00F0A980854B34
:105CF0001B6903F03803BB61824B9B6A7B61BB6904
:105D0000082B07D0BB69182B3AD17B6903F003033A
:105D1000012B35D17B4B1B6803F48073002B05D01E
:105D20007B68DB69802B01D00123C1E2FCF788FC92
:105D3000034641F20302934217D87B681B6A202B6B
:105D400008D1704B5B6823F0F8436E4A43F0804300
:105D5000536075E06B4B5B6823F0F8427B681B6A0D
:105D60009B06684913434B606AE0664BDB6823F08F
:105D70007C527B681B6A1B0662491343CB605FE061
:105D80007B68DB69002B42D05E4B1B685D4A43F0A9
:105D900080031360FCF748FC786208E0FCF744FCE1
:105DA00002467B6AD31A022B01D9032380E2554BAA
:105DB0001B6803F48073002BF0D0FCF741FC034612
:105DC00041F20302934217D87B681B6A202B08D14B
:105DD0004C4B5B6823F0F8434A4A43F080435360DE
:105DE0002EE0484B5B6823F0F8427B681B6A9B06F9
:105DF000444913434B6023E0424BDB6823F07C5261
:105E00007B681B6A1B063F491343CB6018E03D4B80
:105E10001B683C4A23F080031360FCF705FC7862A2
:105E200008E0FCF701FC02467B6AD31A022B01D979
:105E300003233DE2334B1B6803F48073002BF0D146
:105E40007B681B6803F00803002B36D07B685B6916
:105E5000002B19D02B4B5B6F2A4A43F00103536789
:105E6000FCF7E2FB786208E0FCF7DEFB02467B6AA7
:105E7000D31A022B01D903231AE2224B5B6F03F0E2
:105E80000203002BF0D018E01E4B5B6F1D4A23F07D
:105E900001035367FCF7C8FB786208E0FCF7C4FB1A
:105EA00002467B6AD31A022B01D9032300E2154B69
:105EB0005B6F03F00203002BF0D17B681B6803F0DB
:105EC0002003002B39D07B689B69002B1CD00D4B25
:105ED0001B680C4A43F480531360FCF7A5FB7862FF
:105EE00008E0FCF7A1FB02467B6AD31A022B01D91A
:105EF0000323DDE1034B1B6803F40053002BF0D0B8
:105F00001BE000BF004402589B4B1B689A4A23F4D5
:105F100080531360FCF788FB786208E0FCF784FB91
:105F200002467B6AD31A022B01D90323C0E1924BAC
:105F30001B6803F40053002BF0D17B681B6803F04F
:105F40000403002B00F081808C4B1B688B4A43F4C8
:105F500080731360FCF768FB786208E0FCF764FB71
:105F600002467B6AD31A642B01D90323A0E1834B39
:105F70001B6803F48073002BF0D07B689B68012BB7
:105F800006D17D4B1B6F7C4A43F0010313672DE064
:105F90007B689B68002B0CD1774B1B6F764A23F0F4
:105FA00001031367744B1B6F734A23F004031367D9
:105FB0001CE07B689B68052B0CD16F4B1B6F6E4AF6
:105FC00043F0040313676C4B1B6F6B4A43F00103F0
:105FD00013670BE0684B1B6F674A23F001031367DD
:105FE000654B1B6F644A23F0040313677B689B684F
:105FF000002B15D0FCF718FB78620AE0FCF714FBC5
:1060000002467B6AD31A41F28832934201D90323B4
:106010004EE1594B1B6F03F00203002BEED014E04E
:10602000FCF702FB78620AE0FCF7FEFA02467B6AA4
:10603000D31A41F28832934201D9032338E14E4BFF
:106040001B6F03F00203002BEED17B685B6A002B11
:1060500000F02D81484B1B6903F03803182B00F02A
:10606000BD807B685B6A022B40F09E80424B1B68C0
:10607000414A23F080731360FCF7D6FA786208E097
:10608000FCF7D2FA02467B6AD31A022B01D903230A
:106090000EE1394B1B6803F00073002BF0D1364B37
:1060A0009A6A374B13407A68916A7A68D26A120109
:1060B0000A43314913438B627B681B6B013BC3F37B
:1060C00008027B685B6B013B5B029BB21A437B68F7
:1060D0009B6B013B1B0403F4FE031A437B68DB6BE1
:1060E000013B1B0603F0FE43234913430B63224B82
:1060F000DB6A214A23F00103D3621F4B5A6B214B09
:1061000013407A68926CD2001B4913434B631A4BBD
:10611000DB6A23F00C027B681B6C17491343CB62CC
:10612000154BDB6A23F002027B685B6C1249134358
:10613000CB62114BDB6A104A43F48033D3620E4BBF
:10614000DB6A0D4A43F40033D3620B4BDB6A0A4A25
:1061500043F48023D362084BDB6A074A43F0010310
:10616000D362054B1B68044A43F080731360FCF74D
:106170005BFA786211E000BF004402580048025800
:106180000CFCFFFF0700FFFFFCF74EFA02467B6A9C
:10619000D31A022B01D903238AE0474B1B6803F073
:1061A0000073002BF0D082E0434B1B68424A23F07F
:1061B00080731360FCF738FA786208E0FCF734FA71
:1061C00002467B6AD31A022B01D9032370E03A4BB3
:1061D0001B6803F00073002BF0D168E0364B9B6A1C
:1061E0003B61354B1B6BFB607B685B6A012B31D0DD
:1061F0003B6903F003027B689B6A9A422AD13B69A0
:106200001B0903F03F027B68DB6A9A4222D1FB68DC
:10621000C3F308027B681B6B013B9A421AD1FB68EF
:106220005B0A03F07F027B685B6B013B9A4211D1F2
:10623000FB681B0C03F07F027B689B6B013B9A425F
:1062400008D1FB681B0E03F07F027B68DB6B013B10
:106250009A4201D001232BE0174B5B6BDB08C3F3A1
:106260000C033B617B689B6C3A699A421FD0124BCE
:10627000DB6A114A23F00103D362FCF7D5F9786297
:1062800000BFFCF7D1F902467B6A9342F9D00A4B72
:106290005A6B0A4B13407A68926CD200064913433A
:1062A0004B63054BDB6A044A43F00103D3620023CE
:1062B00018463037BD4680BD004402580700FFFF36
:1062C00080B586B000AF786039607B68002B01D163
:1062D00001239CE18A4B1B6803F00F033A689A4242
:1062E00010D9874B1B6823F00F0285493B68134385
:1062F0000B60834B1B6803F00F033A689A4201D08E
:10630000012384E17B681B6803F00403002B10D099
:106310007B681A697B4B9B6903F070039A4208D92A
:10632000784B9B6923F070027B681B6975491343A6
:106330008B617B681B6803F00803002B10D07B681F
:106340005A69704BDB6903F070039A4208D96D4BB0
:10635000DB6923F070027B685B696A491343CB6198
:106360007B681B6803F01003002B10D07B689A69D0
:10637000644BDB6903F4E0639A4208D9614BDB6943
:1063800023F4E0627B689B695E491343CB617B68C1
:106390001B6803F02003002B10D07B68DA69594B8F
:1063A0001B6A03F070039A4208D9564B1B6A23F00C
:1063B00070027B68DB69534913430B627B681B687F
:1063C00003F00203002B10D07B68DA684D4B9B6909
:1063D00003F00F039A4208D94A4B9B6923F00F023E
:1063E0007B68DB68474913438B617B681B6803F05C
:1063F0000103002B55D0434B9B6923F470627B68EB
:106400009B68404913438B617B685B68022B07D113
:106410003C4B1B6803F40033002B21D10123F6E031
:106420007B685B68032B07D1364B1B6803F0007356
:10643000002B15D10123EAE07B685B68012B07D1B3
:10644000304B1B6803F48073002B09D10123DEE07D
:106450002C4B1B6803F00403002B01D10123D6E071
:10646000284B1B6923F007027B685B6825491343AF
:106470000B61FCF7D9F878610AE0FCF7D5F8024621
:106480007B69D31A41F28832934201D90323BEE0DB
:106490001C4B1B6903F038027B685B68DB009A4287
:1064A000EBD17B681B6803F00203002B10D07B68E4
:1064B000DA68144B9B6903F00F039A4208D2114B20
:1064C0009B6923F00F027B68DB680E4913438B61E5
:1064D0000B4B1B6803F00F033A689A4214D2084B27
:1064E0001B6823F00F0206493B6813430B60044B03
:1064F0001B6803F00F033A689A4205D0012386E037
:1065000000200052004402587B681B6803F004031B
:10651000002B10D07B681A693F4B9B6903F0700316
:106520009A4208D23C4B9B6923F070027B681B693E
:10653000394913438B617B681B6803F00803002B08
:1065400010D07B685A69344BDB6903F070039A42C0
:1065500008D2314BDB6923F070027B685B692E49FE
:106560001343CB617B681B6803F01003002B10D032
:106570007B689A69284BDB6903F4E0639A4208D28E
:10658000254BDB6923F4E0627B689B692249134356
:10659000CB617B681B6803F02003002B10D07B6865
:1065A000DA691D4B1B6A03F070039A4208D21A4B3A
:1065B0001B6A23F070027B68DB69174913430B6287
:1065C00000F034F80246144B9B691B0A03F00F03DA
:1065D0001249CB5C03F01F0322FA03F33B610E4B1D
:1065E0009B6903F00F030D4AD35C03F01F033A6964
:1065F00022FA03F30A4A13600A4A3B6913600A4B02
:106600001B681846FBF790FA0346FB73FB7B1846A2
:106610001837BD4680BD00BF00440258B0F20108E3
:106620000C000024080000241000002480B489B06D
:1066300000AFB34B1B6903F03803182B00F25581F0
:1066400001A252F823F000BFAD660008EB68000815
:10665000EB680008EB680008EB680008EB680008CE
:10666000EB680008EB680008D3660008EB680008D8
:10667000EB680008EB680008EB680008EB680008AE
:10668000EB680008EB680008D9660008EB680008B2
:10669000EB680008EB680008EB680008EB6800088E
:1066A000EB680008EB680008DF660008944B1B6885
:1066B00003F02003002B09D0914B1B68DB0803F08B
:1066C0000303904A22FA03F3BB6111E18D4BBB61D6
:1066D0000EE18D4BBB610BE18C4BBB6108E1884B3C
:1066E0009B6A03F003037B61854B9B6A1B0903F0E4
:1066F0003F033B61824BDB6A03F00103FB60804B8D
:106700005B6BDB08C3F30C03FA6802FB03F307EED1
:10671000903AF8EE677AC7ED027A3B69002B00F0F9
:10672000E1807B69022B00F083807B69022B00F201
:10673000A1807B69002B03D07B69012B56D099E0A7
:106740006F4B1B6803F02003002B2DD06C4B1B6894
:10675000DB0803F003036B4A22FA03F37B607B68D8
:1067600007EE903AF8EE676A3B6907EE903AF8EE6A
:10677000677A86EEA77A624B1B6BC3F3080307EEBA
:10678000903AF8EE676A97ED026ADFED615AC6EE5D
:10679000257A76EEA77AF7EE006A77EEA67A67EEAC
:1067A000277AC7ED077A87E03B6907EE903AF8EE63
:1067B000677ADFED586A86EEA77A514B1B6BC3F3FD
:1067C000080307EE903AF8EE676A97ED026ADFED8C
:1067D000505AC6EE257A76EEA77AF7EE006A77EE83
:1067E000A67A67EE277AC7ED077A65E03B6907EE80
:1067F000903AF8EE677ADFED486A86EEA77A404B6A
:106800001B6BC3F3080307EE903AF8EE676A97ED47
:10681000026ADFED3F5AC6EE257A76EEA77AF7EEEA
:10682000006A77EEA67A67EE277AC7ED077A43E02B
:106830003B6907EE903AF8EE677ADFED386A86EE4C
:10684000A77A2F4B1B6BC3F3080307EE903AF8EEC1
:10685000676A97ED026ADFED2E5AC6EE257A76EE6C
:10686000A77AF7EE006A77EEA67A67EE277AC7ED89
:10687000077A21E03B6907EE903AF8EE677ADFEDA0
:10688000266A86EEA77A1E4B1B6BC3F3080307EE3E
:10689000903AF8EE676A97ED026ADFED1D5AC6EE90
:1068A000257A76EEA77AF7EE006A77EEA67A67EE9B
:1068B000277AC7ED077A00BF114B1B6B5B0A03F009
:1068C0007F0301333B603B6807EE903AB8EE677A8E
:1068D000D7ED076AC6EE877AFCEEE77A17EE903AB4
:1068E000BB6105E00023BB6102E0074BBB6100BF59
:1068F000BB6918462437BD465DF8047B704700BF6E
:10690000004402580090D00300093D0040787D010A
:10691000000000460024744C0024744A20BCBE4B86
:1069200080B582B000AFFFF781FE0246104B9B6935
:106930001B0A03F00F030F49CB5C03F01F0322FA7D
:1069400003F37B600A4B9B6903F00F03094AD35C96
:1069500003F01F037A6822FA03F3074A1360074A19
:106960007B681360044B1B6818460837BD4680BD22
:1069700000440258B0F201080C0000240800002472
:1069800080B500AFFFF7CCFF0246064BDB691B0961
:1069900003F007030449CB5C03F01F0322FA03F35F
:1069A000184680BD00440258B0F2010880B500AF1F
:1069B000FFF7B6FF0246064BDB691B0A03F007032D
:1069C0000449CB5C03F01F0322FA03F3184680BD91
:1069D00000440258B0F2010880B483B000AF786080
:1069E00039607B683F221A601A4B1B6903F007026B
:1069F0007B685A60174B9B6903F470627B689A60EE
:106A0000144B9B6903F00F027B68DA60114B9B69A2
:106A100003F070027B681A610E4BDB6903F07002B1
:106A20007B685A610B4BDB6903F4E0627B689A6117
:106A3000084B1B6A03F070027B68DA61064B1B6827
:106A400003F00F023B681A6000BF0C37BD465DF8CB
:106A5000047B704700440258002000522DE9B04FDB
:106A6000CAB000AFC7F81401002387F8273100230C
:106A700087F82631D7F81431D3E9002302F00064F7
:106A8000002554EA050349D0D7F814319B6EB3F5BD
:106A9000401F2FD0B3F5401F28D8B3F5001F1AD0E0
:106AA000B3F5001F22D8002B03D0B3F5801F07D009
:106AB0001CE0B84BDB6AB74A43F40033D3621AE0F8
:106AC000D7F8143108330221184601F08FFC034631
:106AD00087F827310FE0D7F8143128330221184600
:106AE00001F036FD034687F8273104E0012387F8DB
:106AF000273100E000BF97F82731002B0AD1A54BC2
:106B00001B6D23F44011D7F814319B6EA14A0B433F
:106B1000136503E097F8273187F82631D7F8143149
:106B2000D3E9002302F480784FF0000958EA090302
:106B300047D0D7F814319B6D042B2AD801A252F804
:106B400023F000BF596B0008676B00087D6B0008DD
:106B50009B6B00089B6B00088E4BDB6A8D4A43F4ED
:106B60000033D3621AE0D7F81431083300211846F5
:106B700001F03CFC034687F827310FE0D7F81431C9
:106B800028330021184601F0E3FC034687F827313B
:106B900004E0012387F8273100E000BF97F8273190
:106BA000002B0AD17B4B1B6D23F00701D7F8143162
:106BB0009B6D784A0B43136503E097F8273187F8FC
:106BC0002631D7F81431D3E9002302F4007A4FF0CC
:106BD000000B5AEA0B034CD0D7F81431DB6DB3F538
:106BE000807F30D0B3F5807F29D8C02B2DD0C02B2B
:106BF00025D8802B18D0802B21D8002B02D0402BF9
:106C000007D01CE0634BDB6A624A43F40033D36273
:106C10001CE0D7F8143108330021184601F0E6FBD8
:106C2000034687F8273111E0D7F8143128330021C3
:106C3000184601F08DFC034687F8273106E0012352
:106C400087F8273102E000BF00E000BF97F8273146
:106C5000002B0AD14F4B1B6D23F4E071D7F8143190
:106C6000DB6D4C4A0B43136503E097F8273187F837
:106C70002631D7F81431D3E9002302F48063C7F832
:106C800008310023C7F80C31D7E942120B461343F1
:106C900053D0D7F81431D3F8A830B3F5000F35D05E
:106CA000B3F5000F2ED8B3F5C00F31D0B3F5C00F38
:106CB00028D8B3F5800F1AD0B3F5800F22D8002B57
:106CC00003D0B3F5001F07D01CE0324BDB6A314A1A
:106CD00043F40033D3621CE0D7F8143108330021A9
:106CE000184601F083FB034687F8273111E0D7F8F7
:106CF000143128330021184601F02AFC034687F896
:106D0000273106E0012387F8273102E000BF00E0C9
:106D100000BF97F82731002B0BD11E4B9B6D23F43E
:106D20006001D7F81431D3F8A8301A4A0B439365A1
:106D300003E097F8273187F82631D7F81431D3E9E3
:106D4000002302F40063C7F800310023C7F80431C0
:106D5000D7E940120B46134356D0D7F81431D3F875
:106D6000AC30B3F1806F38D0B3F1806F31D8B3F16C
:106D7000407F34D0B3F1407F2BD8B3F1007F1DD0DA
:106D8000B3F1007F25D8002B06D0B3F1807F0AD065
:106D90001FE000BF00440258A24BDB6AA14A43F443
:106DA0000033D3621CE0D7F81431083300211846B1
:106DB00001F01CFB034687F8273111E0D7F81431A6
:106DC00028330021184601F0C3FB034687F827311A
:106DD00006E0012387F8273102E000BF00E000BF92
:106DE00097F82731002B0BD18E4B9B6D23F0E06180
:106DF000D7F81431D3F8AC308A4A0B43936503E0DB
:106E000097F8273187F82631D7F81431D3E90023D2
:106E100002F00073C7F8F8300023C7F8FC30D7E958
:106E20003E120B4613433AD0D7F81431DB6C302BAB
:106E30001FD0302B19D8202B0CD0202B15D8002B8D
:106E400019D0102B11D1774BDB6A764A43F400330B
:106E5000D36211E0D7F8143108330221184601F04B
:106E6000C5FA034687F8273106E0012387F8273162
:106E700002E000BF00E000BF97F82731002B0AD1E5
:106E8000684BDB6C23F03001D7F81431DB6C654ABA
:106E90000B43D36403E097F8273187F82631D7F8FE
:106EA0001431D3E9002302F48053C7F8F0300023F3
:106EB000C7F8F430D7E93C120B46134351D0D7F84A
:106EC00014311B6EB3F5804F35D0B3F5804F2ED8FB
:106ED000B3F5405F31D0B3F5405F28D8B3F5005F1C
:106EE0001AD0B3F5005F22D8002B03D0B3F5805F32
:106EF00007D01CE04B4BDB6A4A4A43F40033D362B1
:106F00001CE0D7F8143108330021184601F06EFA5E
:106F1000034687F8273111E0D7F8143128330021D0
:106F2000184601F015FB034687F8273106E00123D8
:106F300087F8273102E000BF00E000BF97F8273153
:106F4000002B0AD1374B1B6D23F4E041D7F81431E5
:106F50001B6E344A0B43136503E097F8273187F81B
:106F60002631D7F81431D3E9002302F40053C7F8CF
:106F7000E8300023C7F8EC30D7E93A120B46134348
:106F800056D0D7F814315B6EB3F5A02F33D0B3F5DC
:106F9000A02F2CD8B3F5802F2FD0B3F5802F26D873
:106FA000B3F5403F2BD0B3F5403F20D8B3F5003FB9
:106FB00012D0B3F5003F1AD8002B22D0B3F5803F92
:106FC00015D1D7F8143108330121184601F00EFA13
:106FD000034687F8273115E0D7F81431283301210B
:106FE000184601F0B5FA034687F827310AE0012375
:106FF00087F8273106E000BF04E000BF02E000BFD1
:1070000000E000BF97F82731002B0DD1054B1B6D19
:1070100023F4E021D7F814315B6E024A0B43136569
:1070200006E000BF0044025897F8273187F8263160
:10703000D7F81431D3E9002302F48043C7F8E030D5
:107040000023C7F8E430D7E938120B46134355D074
:10705000D7F81431D3F8B030B3F1A04F33D0B3F137
:10706000A04F2CD8B3F1804F2FD0B3F1804F26D84A
:10707000B3F1405F2BD0B3F1405F20D8B3F1005F94
:1070800012D0B3F1005F1AD8002B22D0B3F1805F89
:1070900015D1D7F8143108330121184601F0A6F9AB
:1070A000034687F8273115E0D7F81431283301213A
:1070B000184601F04DFA034687F827310AE001230C
:1070C00087F8273106E000BF04E000BF02E000BF00
:1070D00000E000BF97F82731002B0BD1A34B9B6D2D
:1070E00023F0E041D7F81431D3F8B0309F4A0B4376
:1070F000936503E097F8273187F82631D7F81431E4
:10710000D3E9002302F40043C7F8D8300023C7F8BE
:10711000DC30D7E936120B46134337D0D7F8143199
:107120001B6FB3F1005F0ED0B3F1005F16D8002BD8
:1071300018D0B3F1805F11D18C4BDB6A8B4A43F4DA
:107140000033D3620FE0D7F8143108330121184619
:1071500001F04CF9034687F8273104E0012387F852
:10716000273100E000BF97F82731002B0AD17F4B71
:107170001B6D23F04051D7F814311B6F7B4A0B4332
:10718000136503E097F8273187F82631D7F81431D3
:10719000D3E9002302F08073C7F8D0300023C7F88A
:1071A000D430D7E934120B46134339D0D7F8143111
:1071B0009B6C032B1CD801A252F823F0F971000834
:1071C000CD710008DB710008F9710008674BDB6ABC
:1071D000664A43F40033D3620FE0D7F81431083322
:1071E0000221184601F002F9034687F8273104E02E
:1071F000012387F8273100E000BF97F82731002BE3
:107200000AD15A4BDB6C23F00301D7F814319B6C85
:10721000564A0B43D36403E097F8273187F82631A9
:10722000D7F81431D3E9002302F48003C7F8C8303B
:107230000023C7F8CC30D7E932120B46134300F0D5
:107240009F804B4B1B684A4A43F480731360FBF7E3
:10725000EBF9C7F820010BE0FBF7E6F90246D7F897
:107260002031D31A642B03D9032387F8273105E093
:107270003F4B1B6803F48073002BEDD097F8273148
:10728000002B79D1394B1A6FD7F81431D3F8B430B9
:10729000534003F44073002B15D0344B1B6F23F481
:1072A0004073C7F81C31314B1B6F304A43F48033B5
:1072B00013672E4B1B6F2D4A23F4803313672B4A21
:1072C000D7F81C311367D7F81431D3F8B430B3F5BD
:1072D000807F18D1FBF7A8F9C7F820010DE0FBF774
:1072E000A3F90246D7F82031D21A41F288339A42E4
:1072F00003D9032387F8273105E01C4B1B6F03F0EC
:107300000203002BEBD097F82731002B29D1D7F8B7
:107310001431D3F8B43003F44073B3F5407F0ED189
:10732000124B1B6923F47C51D7F81431D3F8B430D5
:107330001A09104B13400D4A0B43136105E00B4B28
:107340001B690A4A23F47C531361084B196FD7F861
:107350001431D3F8B430C3F30B03044A0B4313675F
:107360000EE097F8273187F8263109E000440258EB
:1073700000480258CFFFFF0097F8273187F82631E1
:10738000D7F81431D3E9002302F00103C7F8C03065
:107390000023C7F8C430D7E930120B46134300F07E
:1073A0008980D7F81431DB6F282B6BD801A252F8F3
:1073B00023F000BF8D7400088574000885740008F0
:1073C00085740008857400088574000885740008B9
:1073D00085740008597400088574000885740008D5
:1073E0008574000885740008857400088574000899
:1073F000857400086F74000885740008857400089F
:107400008574000885740008857400088574000878
:10741000857400088D740008857400088574000860
:107420008574000885740008857400088574000858
:10743000857400088D740008857400088574000840
:107440008574000885740008857400088574000838
:10745000857400088D740008D7F8143108330121B1
:10746000184600F0C3FF034687F827310FE0D7F82E
:10747000143128330121184601F06AF8034687F8D1
:10748000273104E0012387F8273100E000BF97F897
:107490002731002B0AD1BF4B5B6D23F03801D7F8A1
:1074A0001431DB6FBB4A0B43536503E097F8273178
:1074B00087F82631D7F81431D3E9002302F002030C
:1074C000C7F8B8300023C7F8BC30D7E92E120B46F6
:1074D000134341D0D7F814319B6F052B24D801A258
:1074E00052F823F031750008FD7400081375000888
:1074F000317500083175000831750008D7F814316E
:1075000008330121184600F071FF034687F8273140
:107510000FE0D7F8143128330121184601F018F88C
:10752000034687F8273104E0012387F8273100E07C
:1075300000BF97F82731002B0AD1964B5B6D23F0E3
:107540000701D7F814319B6F924A0B43536503E050
:1075500097F8273187F82631D7F81431D3E900237B
:1075600002F00403C7F8B0300023C7F8B430D7E9FD
:107570002C120B46134344D0D7F81431D3F894306F
:10758000052B25D801A252F823F000BFD9750008B9
:10759000A5750008BB750008D9750008D9750008E5
:1075A000D9750008D7F8143108330121184600F0C6
:1075B0001DFF034687F827310FE0D7F81431283331
:1075C0000121184600F0C4FF034687F8273104E084
:1075D000012387F8273100E000BF97F82731002BFF
:1075E0000BD16C4B9B6D23F00701D7F81431D3F806
:1075F0009430684A0B43936503E097F8273187F886
:107600002631D7F81431D3E9002302F02003C7F85C
:10761000A8300023C7F8AC30D7E92A120B46134331
:1076200055D0D7F81431D3F89030B3F1A04F33D000
:10763000B3F1A04F2CD8B3F1804F2FD0B3F1804FCE
:1076400026D8B3F1405F2BD0B3F1405F20D8B3F11F
:10765000005F12D0B3F1005F1AD8002B22D0B3F133
:10766000805F15D1D7F8143108330021184600F097
:10767000BDFE034687F8273115E0D7F814312833CB
:107680000221184600F064FF034687F827310AE01C
:10769000012387F8273106E000BF04E000BF02E0C5
:1076A00000BF00E000BF97F82731002B0BD1394B0A
:1076B0005B6D23F0E041D7F81431D3F89030354AB0
:1076C0000B43536503E097F8273187F82631D7F845
:1076D0001431D3E9002302F04003C7F8A03000239F
:1076E000C7F8A430D7E928120B46134358D0D7F86F
:1076F0001431D3F89C30B3F5A05F33D0B3F5A05F5D
:107700002CD8B3F5805F2FD0B3F5805F26D8B3F5C2
:10771000406F2BD0B3F5406F20D8B3F5006F12D077
:10772000B3F5006F1AD8002B22D0B3F5806F15D1B6
:10773000D7F8143108330021184600F057FE0346ED
:1077400087F8273115E0D7F814312833022118467D
:1077500000F0FEFE034687F827310AE0012387F890
:10776000273106E000BF04E000BF02E000BF00E0F8
:1077700000BF97F82731002B0ED1064B9B6D23F4E9
:10778000E051D7F81431D3F89C30024A0B4393658B
:1077900006E000BF0044025897F8273187F82631E9
:1077A000D7F81431D3E9002302F08003C7F89830EA
:1077B0000023C7F89C30D7E926120B46134355D057
:1077C000D7F81431D3F8A030B3F5204F33D0B3F548
:1077D000204F2CD8B3F5004F2FD0B3F5004F26D84B
:1077E000B3F5C04F2BD0B3F5C04F20D8B3F5804FC1
:1077F00012D0B3F5804F1AD8002B22D0B3F5005F1A
:1078000015D1D7F8143108330021184600F0EEFDE9
:10781000034687F8273115E0D7F8143128330221C1
:10782000184600F095FE034687F827310AE0012349
:1078300087F8273106E000BF04E000BF02E000BF88
:1078400000E000BF97F82731002B0BD1A14B9B6DB7
:1078500023F46041D7F81431D3F8A0309D4A0B438C
:10786000936503E097F8273187F82631D7F814316C
:10787000D3E9002302F00803C7F890300023C7F8CB
:107880009430D7E924120B4613431ED0D7F8143195
:10789000D3F88430B3F5805F0CD1D7F81431283396
:1078A0000221184600F054FE0346002B02D00123AB
:1078B00087F82631874B5B6D23F44051D7F814319C
:1078C000D3F88430834A0B435365D7F81431D3E996
:1078D000002302F01003C7F888300023C7F88C306B
:1078E000D7E922120B4613431ED0D7F81431D3F830
:1078F0009830B3F5807F0CD1D7F8143128330221AA
:10790000184600F025FE0346002B02D0012387F81D
:107910002631704B9B6D23F44071D7F81431D3F8A6
:1079200098306C4A0B439365D7F81431D3E90023A0
:1079300002F40023C7F880300023C7F88430D7E969
:1079400020120B4613433ED0D7F81431D3F8A4309D
:10795000B3F5003F22D0B3F5003F1BD8002B03D076
:10796000B3F5803F0BD015E0D7F814310833002170
:10797000184600F03BFD034687F827310FE0D7F8A3
:10798000143128330221184600F0E2FD034687F83F
:10799000273104E0012387F8273100E000BF97F882
:1079A0002731002B0BD14B4B9B6D23F44031D7F883
:1079B0001431D3F8A430474A0B43936503E097F89A
:1079C000273187F82631D7F81431D3E9002302F4A0
:1079D0008023BB670023FB67D7E91E120B461343C6
:1079E0003BD0D7F81431D3F88830B3F5401F1FD0FF
:1079F000B3F5401F18D8B3F5801F03D0B3F5001FAF
:107A000007D011E0334BDB6A324A43F40033D362D0
:107A10000FE0D7F8143128330121184600F098FD03
:107A2000034687F8273104E0012387F8273100E077
:107A300000BF97F82731002B0BD1264B5B6D23F449
:107A40004011D7F81431D3F88830224A0B435365DC
:107A500003E097F8273187F82631D7F81431D3E9B6
:107A6000002302F480333B6700237B67D7E91C12B5
:107A70000B46134334D0D7F814311B6D002B03D0C1
:107A8000B3F5803F07D011E0124BDB6A114A43F493
:107A90000033D3620EE0D7F81431083302211846C0
:107AA00000F0A4FC034687F8273103E0012387F8A0
:107AB000273100BF97F82731002B0DD1054BDB6C28
:107AC00023F48031D7F814311B6D024A0B43D36481
:107AD00006E000BF0044025897F8273187F82631A6
:107AE000D7F81431D3E9002302F00053BB6600231A
:107AF000FB66D7E91A120B4613430CD0D7F81431A2
:107B000028330221184600F023FD0346002B02D043
:107B1000012387F82631D7F81431D3E9002302F482
:107B200000333B6600237B66D7E918120B461343EC
:107B300038D0D7F81431D3F88030B3F5407F18D05F
:107B4000B3F5407F11D8B3F5007F14D0B3F5007FB3
:107B50000BD8002B11D0B3F5807F06D1C34BDB6A65
:107B6000C24A43F40033D36208E0012387F8273187
:107B700004E000BF02E000BF00E000BF97F827313B
:107B8000002B0BD1B94B5B6D23F44071D7F8143146
:107B9000D3F88030B54A0B43536503E097F827319B
:107BA00087F82631D7F81431D3E9002302F4801383
:107BB000BB650023FB65D7E916120B46134309D0BA
:107BC000AA4B1B6D23F00041D7F814315B6FA74A15
:107BD0000B431365D7F81431D3E9002302F0805327
:107BE0003B6500237B65D7E914120B4613430AD08B
:107BF0009E4B1B6923F48041D7F81431D3F8B83079
:107C00009A4A0B431361D7F81431D3E9002302F4E5
:107C10000013BB640023FB64D7E912120B46134325
:107C200009D0924B1B6D23F08071D7F81431DB6EB5
:107C30008E4A0B431365D7F81431D3E9002302F0C1
:107C400080433B6400237B64D7E910120B46134347
:107C50000ED0864B1B69854A23F400431361834B86
:107C60001969D7F81431D3F8BC30804A0B4313613B
:107C7000D7F81431D3E9002302F00043BB6300239B
:107C8000FB63D7E90E120B46134309D0774BDB6C2D
:107C900023F04051D7F814315B6D744A0B43D36421
:107CA000D7F81431D3E9002302F400033B63002327
:107CB0007B63D7E90C120B4613430AD06B4B5B6D09
:107CC00023F44001D7F81431D3F88C30674A0B43C2
:107CD0005365D7F81431D3E900230021B96203F0CA
:107CE0000103FB62D7E90A120B46134311D0D7F800
:107CF000143108330021184600F078FB034687F85A
:107D0000273197F82731002B03D097F8273187F8D0
:107D10002631D7F81431D3E900230021396203F06A
:107D200002037B62D7E908120B46134311D0D7F840
:107D3000143108330121184600F058FB034687F838
:107D4000273197F82731002B03D097F8273187F890
:107D50002631D7F81431D3E900230021B96103F0AB
:107D60000403FB61D7E906120B46134311D0D7F881
:107D7000143108330221184600F038FB034687F817
:107D8000273197F82731002B03D097F8273187F850
:107D90002631D7F81431D3E900230021396103F0EB
:107DA00008037B61D7E904120B46134311D0D7F8BF
:107DB000143128330021184600F0CAFB034687F827
:107DC000273197F82731002B03D097F8273187F810
:107DD0002631D7F81431D3E900230021B96003F02C
:107DE0001003FB60D7E902120B46134311D0D7F8FA
:107DF000143128330121184600F0AAFB034687F806
:107E0000273197F82731002B03D097F8273187F8CF
:107E10002631D7F81431D3E900230021396003F06B
:107E200020037B60D7E900120B46134311D0D7F82B
:107E3000143128330221184600F08AFB034687F8E4
:107E4000273197F82731002B03D097F8273187F88F
:107E5000263197F82631002B01D1002300E00123C1
:107E6000184607F59477BD46BDE8B08F0044025828
:107E700080B500AFFEF754FD0246064B1B6A1B0996
:107E800003F007030449CB5C03F01F0322FA03F35A
:107E9000184680BD00440258B0F2010880B489B091
:107EA00000AF7860A14B9B6A03F00303BB619F4B5B
:107EB0009B6A1B0B03F03F037B619C4BDB6A1B0936
:107EC00003F001033B61994BDB6BDB08C3F30C034D
:107ED0003A6902FB03F307EE903AF8EE677AC7EDD2
:107EE000037A7B69002B00F01181BB69022B00F043
:107EF0008380BB69022B00F2A180BB69002B03D0F9
:107F0000BB69012B56D099E0884B1B6803F0200316
:107F1000002B2DD0854B1B68DB0803F00303844A3C
:107F200022FA03F3BB60BB6807EE903AF8EE676A8B
:107F30007B6907EE903AF8EE677A86EEA77A7B4B7C
:107F40009B6BC3F3080307EE903AF8EE676A97ED70
:107F5000036ADFED785AC6EE257A76EEA77AF7EE59
:107F6000006A77EEA67A67EE277AC7ED077A87E090
:107F70007B6907EE903AF8EE677ADFED6F6A86EE7E
:107F8000A77A6A4B9B6BC3F3080307EE903AF8EEAF
:107F9000676A97ED036ADFED675AC6EE257A76EEDB
:107FA000A77AF7EE006A77EEA67A67EE277AC7ED32
:107FB000077A65E07B6907EE903AF8EE677ADFEDC5
:107FC0005F6A86EEA77A594B9B6BC3F3080307EEF3
:107FD000903AF8EE676A97ED036ADFED565AC6EEFF
:107FE000257A76EEA77AF7EE006A77EEA67A67EE44
:107FF000277AC7ED077A43E07B6907EE903AF8EEFF
:10800000677ADFED4F6A86EEA77A484B9B6BC3F326
:10801000080307EE903AF8EE676A97ED036ADFED22
:10802000455AC6EE257A76EEA77AF7EE006A77EE25
:10803000A67A67EE277AC7ED077A21E07B6907EE1B
:10804000903AF8EE677ADFED3D6A86EEA77A374B15
:108050009B6BC3F3080307EE903AF8EE676A97ED5F
:10806000036ADFED345AC6EE257A76EEA77AF7EE8C
:10807000006A77EEA67A67EE277AC7ED077A00BF27
:108080002A4B9B6B5B0A03F07F0307EE903AF8EEF6
:10809000677AB7EE007A37EE877AD7ED076AC6EED1
:1080A000877AFCEEE77A17EE902A7B681A601F4BFE
:1080B0009B6B1B0C03F07F0307EE903AF8EE677A98
:1080C000B7EE007A37EE877AD7ED076AC6EE877A81
:1080D000FCEEE77A17EE902A7B685A60134B9B6B95
:1080E0001B0E03F07F0307EE903AF8EE677AB7EEC7
:1080F000007A37EE877AD7ED076AC6EE877AFCEE0C
:10810000E77A17EE902A7B689A6008E07B68002285
:108110001A607B6800225A607B6800229A6000BF68
:108120002437BD465DF8047B704700BF0044025809
:108130000090D003000000460024744C0024744AD0
:1081400020BCBE4B80B489B000AF7860A14B9B6A65
:1081500003F00303BB619F4B9B6A1B0D03F03F03BE
:108160007B619C4BDB6A1B0A03F001033B61994B6B
:108170005B6CDB08C3F30C033A6902FB03F307EE05
:10818000903AF8EE677AC7ED037A7B69002B00F02E
:108190001181BB69022B00F08380BB69022B00F2C6
:1081A000A180BB69002B03D0BB69012B56D099E09D
:1081B000884B1B6803F02003002B2DD0854B1B68D8
:1081C000DB0803F00303844A22FA03F3BB60BB68B5
:1081D00007EE903AF8EE676A7B6907EE903AF8EEA0
:1081E000677A86EEA77A7B4B1B6CC3F3080307EE16
:1081F000903AF8EE676A97ED036ADFED785AC6EEBB
:10820000257A76EEA77AF7EE006A77EEA67A67EE21
:10821000277AC7ED077A87E07B6907EE903AF8EE98
:10822000677ADFED6F6A86EEA77A6A4B1B6CC3F341
:10823000080307EE903AF8EE676A97ED036ADFED00
:10824000675AC6EE257A76EEA77AF7EE006A77EEE1
:10825000A67A67EE277AC7ED077A65E07B6907EEB5
:10826000903AF8EE677ADFED5F6A86EEA77A594BAF
:108270001B6CC3F3080307EE903AF8EE676A97EDBC
:10828000036ADFED565AC6EE257A76EEA77AF7EE48
:10829000006A77EEA67A67EE277AC7ED077A43E0A1
:1082A0007B6907EE903AF8EE677ADFED4F6A86EE6B
:1082B000A77A484B1B6CC3F3080307EE903AF8EE1D
:1082C000676A97ED036ADFED455AC6EE257A76EECA
:1082D000A77AF7EE006A77EEA67A67EE277AC7EDFF
:1082E000077A21E07B6907EE903AF8EE677ADFEDD6
:1082F0003D6A86EEA77A374B1B6CC3F3080307EE83
:10830000903AF8EE676A97ED036ADFED345AC6EEED
:10831000257A76EEA77AF7EE006A77EEA67A67EE10
:10832000277AC7ED077A00BF2A4B1B6C5B0A03F064
:108330007F0307EE903AF8EE677AB7EE007A37EEF1
:10834000877AD7ED076AC6EE877AFCEEE77A17EEF2
:10835000902A7B681A601F4B1B6C1B0C03F07F0379
:1083600007EE903AF8EE677AB7EE007A37EE877A42
:10837000D7ED076AC6EE877AFCEEE77A17EE902A09
:108380007B685A60134B1B6C1B0E03F07F0307EED8
:10839000903AF8EE677AB7EE007A37EE877AD7ED43
:1083A000076AC6EE877AFCEEE77A17EE902A7B68BA
:1083B0009A6008E07B6800221A607B6800225A609D
:1083C0007B6800229A6000BF2437BD465DF8047BBD
:1083D000704700BF004402580090D00300000046E0
:1083E0000024744C0024744A20BCBE4B80B584B079
:1083F00000AF786039600023FB73534B9B6A03F036
:108400000303032B01D1012399E04F4B1B684E4A14
:1084100023F080631360FAF707F9B86008E0FAF711
:1084200003F90246BB68D31A022B01D9032386E065
:10843000454B1B6803F00063002BF0D1424B9B6A55
:1084400023F47C327B681B681B033F4913438B6218
:108450007B685B68013BC3F308027B689B68013B58
:108460005B029BB21A437B68DB68013B1B0403F48D
:10847000FE031A437B681B69013B1B0603F0FE43A6
:10848000314913438B63304BDB6A23F0C0027B68B6
:108490005B692D491343CB622B4BDB6A23F020022F
:1084A0007B689B6928491343CB62274BDB6A264ACA
:1084B00023F01003D362244BDA6B244B13407A6809
:1084C000D269D20020491343CB631F4BDB6A1E4A9B
:1084D00043F01003D3623B68002B06D11A4BDB6AD2
:1084E000194A43F40023D3620FE03B68012B06D105
:1084F000154BDB6A144A43F48013D36205E0124B38
:10850000DB6A114A43F40013D3620F4B1B680E4A17
:1085100043F080631360FAF787F8B86008E0FAF771
:1085200083F80246BB68D31A022B01D9032306E065
:10853000054B1B6803F00063002BF0D0FB7B184653
:108540001037BD4680BD00BF004402580700FFFF42
:1085500080B584B000AF786039600023FB73534B63
:108560009B6A03F00303032B01D1012399E04F4BD6
:108570001B684E4A23F080531360FAF755F8B86031
:1085800008E0FAF751F80246BB68D31A022B01D96A
:10859000032386E0454B1B6803F00053002BF0D10A
:1085A000424B9B6A23F07C727B681B681B053F492A
:1085B00013438B627B685B68013BC3F308027B68F3
:1085C0009B68013B5B029BB21A437B68DB68013B03
:1085D0001B0403F4FE031A437B681B69013B1B0663
:1085E00003F0FE43314913430B64304BDB6A23F441
:1085F00040627B685B692D491343CB622B4BDB6A7E
:1086000023F400727B689B6928491343CB62274B94
:10861000DB6A264A23F48073D362244B5A6C244BC2
:1086200013407A68D269D200204913434B641F4B30
:10863000DB6A1E4A43F48073D3623B68002B06D189
:108640001A4BDB6A194A43F48003D3620FE03B689C
:10865000012B06D1154BDB6A144A43F40003D362A5
:1086600005E0124BDB6A114A43F08073D3620F4B73
:108670001B680E4A43F080531360F9F7D5FFB860CA
:1086800008E0F9F7D1FF0246BB68D31A022B01D9E3
:10869000032306E0054B1B6803F00053002BF0D0CA
:1086A000FB7B18461037BD4680BD00BF0044025812
:1086B0000700FFFF80B582B000AF78607B68002BB9
:1086C00001D1012349E07B6893F83D30DBB2002BF8
:1086D00006D17B68002283F83C20786800F041F8DE
:1086E0007B68022283F83D207B681A687B6804332C
:1086F0001946104600F0E8F97B68012283F848200B
:108700007B68012283F83E207B68012283F83F20AA
:108710007B68012283F840207B68012283F8412096
:108720007B68012283F842207B68012283F8432082
:108730007B68012283F844207B68012283F845206E
:108740007B68012283F846207B68012283F847205A
:108750007B68012283F83D20002318460837BD4678
:1087600080BD80B483B000AF786000BF0C37BD46D9
:108770005DF8047B7047000080B485B000AF78607E
:108780007B6893F83D30DBB2012B01D0012354E02C
:108790007B68022283F83D207B681B68DA687B686F
:1087A0001B6842F00102DA607B681B68264A93422C
:1087B00022D07B681B68B3F1804F1DD07B681B689B
:1087C000224A934218D07B681B68214A934213D0F7
:1087D0007B681B681F4A93420ED07B681B681E4A49
:1087E000934209D07B681B681C4A934204D07B6883
:1087F0001B681B4A934215D17B681B689A68194B0A
:108800001340FB60FB68062B15D0FB68B3F5803F77
:1088100011D07B681B681A687B681B6842F00102F4
:108820001A6008E07B681B681A687B681B6842F066
:1088300001021A6000E000BF002318461437BD464D
:108840005DF8047B704700BF000001400004004059
:1088500000080040000C00400004014000180040E7
:10886000004001400700010080B584B000AF78608F
:108870007B681B68DB68FB607B681B681B69BB60EF
:10888000BB6803F00203002B20D0FB6803F0020357
:10889000002B1BD07B681B686FF002021A617B689B
:1088A00001221A777B681B689B6903F00303002B86
:1088B00003D0786800F0E9F805E0786800F0DBF8AC
:1088C000786800F0ECF87B6800221A77BB6803F048
:1088D0000403002B20D0FB6803F00403002B1BD003
:1088E0007B681B686FF004021A617B6802221A77AA
:1088F0007B681B689B6903F44073002B03D0786886
:1089000000F0C3F805E0786800F0B5F8786800F08A
:10891000C6F87B6800221A77BB6803F00803002BB7
:1089200020D0FB6803F00803002B1BD07B681B687A
:108930006FF008021A617B6804221A777B681B6853
:10894000DB6903F00303002B03D0786800F09DF887
:1089500005E0786800F08FF8786800F0A0F87B6890
:1089600000221A77BB6803F01003002B20D0FB68AD
:1089700003F01003002B1BD07B681B686FF0100204
:108980001A617B6808221A777B681B68DB6903F42D
:108990004073002B03D0786800F077F805E0786822
:1089A00000F069F8786800F07AF87B6800221A779E
:1089B000BB6803F00103002B0CD0FB6803F001033C
:1089C000002B07D07B681B686FF001021A61786882
:1089D000F9F774F8BB6803F08003002B04D1BB687F
:1089E00003F40053002B0CD0FB6803F08003002B32
:1089F00007D07B681B686FF402521A61786800F038
:108A000013F9BB6803F48073002B0CD0FB6803F0F0
:108A10008003002B07D07B681B686FF480721A619B
:108A2000786800F00BF9BB6803F04003002B0CD012
:108A3000FB6803F04003002B07D07B681B686FF0D6
:108A400040021A61786800F034F8BB6803F0200334
:108A5000002B0CD0FB6803F02003002B07D07B68B1
:108A60001B686FF020021A61786800F0D3F800BF2D
:108A70001037BD4680BD80B483B000AF786000BFC2
:108A80000C37BD465DF8047B704780B483B000AFFF
:108A9000786000BF0C37BD465DF8047B704780B43A
:108AA00083B000AF786000BF0C37BD465DF8047B33
:108AB000704780B483B000AF786000BF0C37BD460C
:108AC0005DF8047B7047000080B485B000AF78602B
:108AD00039607B681B68FB607B68464A934213D011
:108AE0007B68B3F1804F0FD07B68434A93420BD031
:108AF0007B68424A934207D07B68414A934203D045
:108B00007B68404A934208D1FB6823F07003FB6006
:108B10003B685B68FA681343FB607B68354A9342A5
:108B20001FD07B68B3F1804F1BD07B68324A9342E1
:108B300017D07B68314A934213D07B68304A934206
:108B40000FD07B682F4A93420BD07B682E4A93420A
:108B500007D07B682D4A934203D07B682C4A93420E
:108B600008D1FB6823F44073FB603B68DB68FA685C
:108B70001343FB60FB6823F080023B685B6913438F
:108B8000FB607B68FA681A603B689A687B68DA6207
:108B90003B681A687B689A627B68164A93420FD0DA
:108BA0007B68184A93420BD07B68174A934207D0E0
:108BB0007B68164A934203D07B68154A934203D1DF
:108BC0003B681A697B681A637B6801225A617B687B
:108BD0001B6903F00103012B05D17B681B6923F09E
:108BE00001027B681A6100BF1437BD465DF8047B43
:108BF000704700BF00000140000400400008004032
:108C0000000C0040000401400040014000440140CD
:108C10000048014080B483B000AF786000BF0C37DB
:108C2000BD465DF8047B704780B483B000AF7860C8
:108C300000BF0C37BD465DF8047B704780B483B03D
:108C400000AF786000BF0C37BD465DF8047B70470D
:108C500080B582B000AF78607B68002B01D1012322
:108C600042E07B68D3F88830002B06D17B68002275
:108C700083F884207868F9F747FA7B682422C3F8E0
:108C800088207B681B681A687B681B6822F00102D9
:108C90001A607B689B6A002B02D0786801F078FB31
:108CA000786800F00DFE0346012B01D101231BE083
:108CB0007B681B685A687B681B6822F490425A6084
:108CC0007B681B689A687B681B6822F02A029A609E
:108CD0007B681B681A687B681B6842F001021A6097
:108CE000786801F0F7FB034618460837BD4680BD9B
:108CF00080B58AB002AFF860B9603B601346FB8074
:108D0000FB68D3F88830202B7BD1BB68002B02D0C6
:108D1000FB88002B01D1012374E0FB680022C3F81B
:108D20009020FB682122C3F88820F9F77DFC786148
:108D3000FB68FA88A3F85420FB68FA88A3F8562049
:108D4000FB689B68B3F5805F08D1FB681B69002B4B
:108D500004D10023FB61BB68BB6103E0BB68FB611E
:108D60000023BB6130E03B6800937B6900228021D7
:108D7000F86801F059FC0346002B05D0FB6820225F
:108D8000C3F8882003233DE0FB69002B0BD1BB69AE
:108D90001B881A46FB681B68C2F308029A62BB690B
:108DA0000233BB6107E0FB691A78FB681B689A62B3
:108DB000FB690133FB61FB68B3F856309BB2013BA2
:108DC0009AB2FB68A3F85620FB68B3F856309BB202
:108DD000002BC8D13B6800937B6900224021F868D2
:108DE00001F022FC0346002B05D0FB682022C3F8CB
:108DF0008820032306E0FB682022C3F88820002394
:108E000000E0022318462037BD4680BD80B58AB0F9
:108E100000AFF860B9601346FB80FB68D3F8883078
:108E2000202B67D1BB68002B02D0FB88002B01D11F
:108E3000012360E0FB68BA681A65FB68FA88A3F84A
:108E40005420FB68FA88A3F85620FB680022C3F878
:108E50009020FB682122C3F88820FB68DB6F002B81
:108E600028D0FB68DB6F264ADA63FB68DB6F254A94
:108E70001A64FB68DB6F244ADA64FB68DB6F00224C
:108E80001A65FB68D86FFB681B6D1946FB681B6889
:108E900028331A46FB88FAF7AFF80346002B09D0AF
:108EA000FB681022C3F89020FB682022C3F88820BA
:108EB000012320E0FB681B6840221A62FB681B68E4
:108EC00008337B617B6953E8003F3B613B6943F0BA
:108ED00080037B62FB681B6808337A6A3A62FB6135
:108EE000F9693A6A41E80023BB61BB69002BE5D10F
:108EF000002300E0022318462837BD4680BD00BF8E
:108F0000A1A9000837AA0008B9AB000880B58AB04B
:108F100000AFF860B9601346FB80FB68D3F88C3073
:108F2000202B37D1BB68002B02D0FB88002B01D14E
:108F3000012330E0FB680022DA66FB681B68184AF0
:108F400093421FD0FB681B685B6803F40003002B8F
:108F500018D0FB681B687B617B6953E8003F3B616D
:108F60003B6943F080637B62FB681B681A467B6A3F
:108F70003B62FA61F9693A6A41E80023BB61BB6967
:108F8000002BE6D1FB881A46B968F86801F0BAFBF5
:108F9000034600E0022318462837BD4680BD00BFC7
:108FA000000C005880B590B000AF78607B68D3F8B3
:108FB0008830FB637B68D3F88C30BB637B681B68AD
:108FC0009B6803F08003802B39D1FB6B212B36D1BA
:108FD0007B681B6808333B623B6A53E8003FFB61D8
:108FE000FB6923F080037B637B681B6808337A6B23
:108FF000FA62BB62B96AFA6A41E800237B627B6A63
:10900000002BE5D17B68DB6F002B15D07B68DB6F15
:109010001846FAF75BFA0346002B0DD07B68DB6F2E
:109020001846FBF7E1FE0346202B05D17B68102292
:10903000C3F89020032347E0786801F009FC7B68BF
:109040001B689B6803F04003402B3CD1BB6B222B79
:1090500039D17B681B680833FB60FB6853E8003F2D
:10906000BB60BB6823F040033B637B681B6808332D
:109070003A6BBA617B617969BA6941E800233B6167
:109080003B69002BE5D17B68D3F88030002B17D0EB
:109090007B68D3F880301846FAF718FA0346002B9D
:1090A0000ED07B68D3F880301846FBF79DFE034650
:1090B000202B05D17B681022C3F89020032303E006
:1090C000786801F007FC002318464037BD4680BD94
:1090D00080B5BAB000AF78607B681B68DB69C7F801
:1090E000E4307B681B681B68C7F8E0307B681B684E
:1090F0009B68C7F8DC30D7F8E42040F60F03134034
:10910000C7F8D830D7F8D830002B1BD1D7F8E430C7
:1091100003F02003002B15D0D7F8E03003F0200334
:10912000002B05D1D7F8DC3003F08053002B09D099
:109130007B685B6F002B00F077837B685B6F7868E0
:10914000984771E3D7F8D830002B00F02381D7F887
:10915000DC208D4B1340002B06D1D7F8E0208B4B41
:109160001340002B00F01681D7F8E43003F0010320
:10917000002B11D0D7F8E03003F48073002B0BD014
:109180007B681B6801221A627B68D3F8903043F039
:1091900001027B68C3F89020D7F8E43003F00203A3
:1091A000002B11D0D7F8DC3003F00103002B0BD0DB
:1091B0007B681B6802221A627B68D3F8903043F008
:1091C00004027B68C3F89020D7F8E43003F004036E
:1091D000002B11D0D7F8DC3003F00103002B0BD0AB
:1091E0007B681B6804221A627B68D3F8903043F0D6
:1091F00002027B68C3F89020D7F8E43003F008033C
:10920000002B17D0D7F8E03003F02003002B05D156
:10921000D7F8DC205C4B1340002B0BD07B681B681D
:1092200008221A627B68D3F8903043F008027B680A
:10923000C3F89020D7F8E43003F40063002B12D079
:10924000D7F8E03003F08063002B0CD07B681B68FC
:109250004FF400621A627B68D3F8903043F020022A
:109260007B68C3F890207B68D3F89030002B00F027
:10927000DD82D7F8E43003F02003002B13D0D7F8B9
:10928000E03003F02003002B05D1D7F8DC3003F0E9
:109290008053002B07D07B685B6F002B03D07B686B
:1092A0005B6F786898477B68D3F89030C7F8D43004
:1092B0007B681B689B6803F04003402B05D0D7F800
:1092C000D43003F02803002B54D0786801F002FB5F
:1092D0007B681B689B6803F04003402B46D17B688A
:1092E0001B680833C7F89C30D7F89C3053E8003F20
:1092F000C7F89830D7F8983023F04003C7F8D0303B
:109300007B681B680833D7F8D020C7F8A820C7F8B7
:10931000A430D7F8A410D7F8A82041E80023C7F854
:10932000A030D7F8A030002BD9D17B68D3F880309B
:10933000002B17D07B68D3F88030154A1A657B68FC
:10934000D3F880301846FAF7DFFB0346002B19D01C
:109350007B68D3F880301B6D7A68D2F88020104685
:1093600098470FE0786800F095FA0BE0786800F015
:1093700091FA07E0786800F08DFA7B680022C3F864
:10938000902053E200BF51E20100001020010004D0
:1093900039AC00087B68DB6E012B40F0E781D7F821
:1093A000E43003F01003002B00F0E081D7F8E03048
:1093B00003F01003002B00F0D9817B681B6810229A
:1093C0001A627B681B689B6803F04003402B40F0E7
:1093D00051817B68D3F880301B68964A934268D0ED
:1093E0007B68D3F880301B68934A934261D07B68D6
:1093F000D3F880301B68914A93425AD07B68D3F8E7
:1094000080301B688E4A934253D07B68D3F88030FB
:109410001B688C4A93424CD07B68D3F880301B6821
:10942000894A934245D07B68D3F880301B68874ACD
:1094300093423ED07B68D3F880301B68844A9342C5
:1094400037D07B68D3F880301B68824A934230D093
:109450007B68D3F880301B687F4A934229D07B68B1
:10946000D3F880301B687D4A934222D07B68D3F8C2
:1094700080301B687A4A93421BD07B68D3F88030D7
:109480001B68784A934214D07B68D3F880301B68FD
:10949000754A93420DD07B68D3F880301B68734ABD
:1094A000934206D07B68D3F880301B68704A9342A1
:1094B00006D17B68D3F880301B685B689BB205E0FF
:1094C0007B68D3F880301B685B689BB2A7F8BE301E
:1094D000B7F8BE30002B00F0AB817B68B3F85C308E
:1094E000B7F8BE209A4280F0A3817B68B7F8BE200F
:1094F000A3F85E207B68D3F88030DB69B3F5807F0A
:1095000000F087807B681B68C7F88830D7F8883000
:1095100053E8003FC7F88430D7F8843023F48073D1
:10952000C7F8B8307B681B681A46D7F8B830C7F858
:109530009430C7F89020D7F89010D7F8942041E8DD
:109540000023C7F88C30D7F88C30002BDAD17B6839
:109550001B6808337B677B6F53E8003F3B673B6FBB
:1095600023F00103C7F8B4307B681B680833D7F8D1
:10957000B420C7F88020FB67F96FD7F8802041E856
:109580000023BB67BB6F002BE1D17B681B680833EE
:109590003B663B6E53E8003FFB65FB6D23F04003E9
:1095A000C7F8B0307B681B680833D7F8B020FA667C
:1095B000BB66B96EFA6E41E800237B667B6E002BBA
:1095C000E3D17B682022C3F88C207B680022DA6616
:1095D0007B681B68FB64FB6C53E8003FBB64BB6C9F
:1095E00023F01003C7F8AC307B681B681A46D7F825
:1095F000AC30BB657A65796DBA6D41E800233B6597
:109600003B6D002BE4D17B68D3F880301846F9F726
:109610005DFF7B6802221A677B68B3F85C207B6879
:10962000B3F85E309BB2D31A9BB21946786800F04B
:109630003BF9FDE0100002402800024040000240DB
:10964000580002407000024088000240A000024022
:10965000B8000240100402402804024040040240C6
:10966000580402407004024088040240A0040240F2
:10967000B80402407B68B3F85C207B68B3F85E30C6
:109680009BB2D31AA7F8CE307B68B3F85E309BB29A
:10969000002B00F0CF80B7F8CE30002B00F0CA804E
:1096A0007B681B68BB63BB6B53E8003F7B637B6BD2
:1096B00023F49073C7F8C8307B681B681A46D7F844
:1096C000C8307B643A64396C7A6C41E80023FB63F0
:1096D000FB6B002BE4D17B681B6808337B627B6AE1
:1096E00053E8003F3B623A6A554B1340C7F8C43019
:1096F0007B681B680833D7F8C4203A63FB62F96AB9
:109700003A6B41E80023BB62BB6A002BE3D17B6864
:109710002022C3F88C207B680022DA667B68002256
:109720005A677B681B683B613B6953E8003FFB60FD
:10973000FB6823F01003C7F8C0307B681B681A462B
:10974000D7F8C030FB61BA61B969FA6941E8002312
:109750007B617B69002BE4D17B6802221A67B7F832
:10976000CE301946786800F09FF863E0D7F8E4300F
:1097700003F48013002B0ED0D7F8DC3003F4800301
:10978000002B08D07B681B684FF480121A6278683F
:1097900001F093FA51E0D7F8E43003F08003002B96
:1097A00014D0D7F8E03003F08003002B05D1D7F8B0
:1097B000DC3003F40003002B08D07B689B6F002B88
:1097C0003AD07B689B6F7868984735E0D7F8E430EB
:1097D00003F04003002B09D0D7F8E03003F040033A
:1097E000002B03D0786801F03DFA26E0D7F8E4308A
:1097F00003F40003002B09D0D7F8E03003F08043D6
:10980000002B03D0786801F06CFA16E0D7F8E4304A
:1098100003F08073002B10D0D7F8E030002B0CDA67
:10982000786801F054FA08E000BF06E000BF04E0E9
:1098300000BF02E000BF00E000BFE837BD4680BDCA
:10984000FEFFFFEF80B483B000AF786000BF0C373D
:10985000BD465DF8047B704780B483B000AF78608C
:1098600000BF0C37BD465DF8047B704780B483B001
:1098700000AF786000BF0C37BD465DF8047B7047D1
:1098800080B483B000AF786000BF0C37BD465DF890
:10989000047B704780B483B000AF786000BF0C37A2
:1098A000BD465DF8047B704780B483B000AF78603C
:1098B0000B467B8000BF0C37BD465DF8047B7047CC
:1098C0002DE9B04F92B000AF7861002387F84230A5
:1098D0007B699A687B691B691A437B695B691A43D8
:1098E0007B69DB6913437B647B691B681A68BE4B29
:1098F00013407A691268796C0B4313607B691B68AB
:109900005B6823F440517B69DA687B691B680A4312
:109910005A607B699B697B647B691B68B34A93428D
:1099200004D07B691B6A7A6C13437B647B691B6878
:109930009A68AF4B13407A691268796C0B43936055
:109940007B691B68DB6A23F00F017B695A6A7B69BC
:109950001B680A43DA627B691B68A64A934277D187
:10996000A54B5B6D03F03803282B6DD801A252F88C
:1099700023F000BF199A0008499A0008499A000884
:10998000499A0008499A0008499A0008499A00082B
:10999000499A0008219A0008499A0008499A000843
:1099A000499A0008499A0008499A0008499A00080B
:1099B000499A0008299A0008499A0008499A00081B
:1099C000499A0008499A0008499A0008499A0008EB
:1099D000499A0008319A0008499A0008499A0008F3
:1099E000499A0008499A0008499A0008499A0008CB
:1099F000499A0008399A0008499A0008499A0008CB
:109A0000499A0008499A0008499A0008499A0008AA
:109A1000499A0008419A0008012387F8433022E25E
:109A2000042387F843301EE2082387F843301AE204
:109A3000102387F8433016E2202387F8433012E2E0
:109A4000402387F843300EE2802387F843300AE250
:109A50007B691B68694A934230D1674B5B6D03F0A9
:109A60000703052B26D801A252F823F0859A000897
:109A70008D9A0008959A00089D9A0008A59A0008FA
:109A8000AD9A0008002387F84330ECE1042387F8FF
:109A90004330E8E1082387F84330E4E1102387F8F6
:109AA0004330E0E1202387F84330DCE1402387F8AE
:109AB0004330D8E1802387F84330D4E17B691B68C9
:109AC0004F4A934230D14C4B5B6D03F00703052B9B
:109AD00026D801A252F823F0F19A0008F99A00085A
:109AE000019B0008099B0008119B0008199B0008B6
:109AF000002387F84330B6E1042387F84330B2E10E
:109B0000082387F84330AEE1102387F84330AAE1F9
:109B1000202387F84330A6E1402387F84330A2E1B1
:109B2000802387F843309EE17B691B68354A934266
:109B300030D1314B5B6D03F00703052B26D801A212
:109B400052F823F05D9B0008659B00086D9B0008A0
:109B5000759B00087D9B0008859B0008002387F803
:109B6000433080E1042387F843307CE1082387F801
:109B7000433078E1102387F8433074E1202387F8DD
:109B8000433070E1402387F843306CE1802387F84D
:109B9000433068E17B691B681B4A934242D1164BF4
:109BA0005B6D03F00703052B38D801A252F823F0B0
:109BB000C99B0008D19B0008D99B0008E19B0008C5
:109BC0000D9C0008159C0008002387F843304AE1EB
:109BD000042387F8433046E1082387F8433042E105
:109BE000102387F843303EE1F369FFCF000C0058A3
:109BF000FFF4FF11001001400044025800440040EF
:109C000000480040004C004000500040202387F8EE
:109C1000433028E1402387F8433024E1802387F84C
:109C2000433020E17B691B68CB4A934276D1CB4B12
:109C30005B6D03F03803282B6CD801A252F823F097
:109C4000E59C0008159D0008159D0008159D00085D
:109C5000159D0008159D0008159D0008159D00081C
:109C6000ED9C0008159D0008159D0008159D000835
:109C7000159D0008159D0008159D0008159D0008FC
:109C8000F59C0008159D0008159D0008159D00080D
:109C9000159D0008159D0008159D0008159D0008DC
:109CA000FD9C0008159D0008159D0008159D0008E5
:109CB000159D0008159D0008159D0008159D0008BC
:109CC000059D0008159D0008159D0008159D0008BC
:109CD000159D0008159D0008159D0008159D00089C
:109CE0000D9D0008012387F84330BCE0042387F86A
:109CF0004330B8E0082387F84330B4E0102387F8F6
:109D00004330B0E0202387F84330ACE0402387F8AD
:109D10004330A8E0802387F84330A4E07B691B68C8
:109D20008F4A934230D18D4B5B6D03F00703052BB7
:109D300026D801A252F823F0519D0008599D000831
:109D4000619D0008699D0008719D0008799D0008CB
:109D5000002387F8433086E0042387F8433082E00D
:109D6000082387F843307EE0102387F843307AE0F9
:109D7000202387F8433076E0402387F8433072E0B1
:109D8000802387F843306EE07B691B68754A9342F5
:109D900030D1724B5B6D03F00703052B26D801A26F
:109DA00052F823F0BD9D0008C59D0008CD9D000818
:109DB000D59D0008DD9D0008E59D0008002387F87B
:109DC000433050E0042387F843304CE0082387F801
:109DD000433048E0102387F8433044E0202387F8DD
:109DE000433040E0402387F843303CE0802387F84D
:109DF000433038E07B691B685B4A934230D1574B54
:109E00009B6D03F00703052B26D801A252F823F01F
:109E1000299E0008319E0008399E0008419E0008D6
:109E2000499E0008519E0008022387F843301AE03B
:109E3000042387F8433016E0082387F8433012E004
:109E4000102387F843300EE0202387F843300AE0E0
:109E5000402387F8433006E0802387F8433002E050
:109E6000802387F843307B691B683F4A934240F068
:109E7000F88097F84330202B46DC022BC0F282801A
:109E8000023B1E2B7ED801A252F823F00F9F000840
:109E9000859F0008179F0008859F0008859F000880
:109EA000859F0008279F0008859F0008859F000860
:109EB000859F0008859F0008859F0008859F0008F2
:109EC000859F0008379F0008859F0008859F000830
:109ED000859F0008859F0008859F0008859F0008D2
:109EE000859F0008859F0008859F0008859F0008C2
:109EF000859F0008859F0008859F0008859F0008B2
:109F0000859F0008779F0008402B37D03AE0FDF787
:109F1000AFFFF8633CE007F124031846FDF7BEFFEE
:109F2000BB6AFB6334E007F118031846FEF70AF931
:109F3000FB69FB632CE0094B1B6803F02003002B3B
:109F400016D0064B1B68DB0803F00303074A22FA0E
:109F500003F3FB631CE000BF0014014000440258FF
:109F600000780040007C0040000C00580090D003B6
:109F70009D4BFB630CE09D4BFB6309E04FF40043FA
:109F8000FB6305E00023FB63012387F8423000BF39
:109F9000FB6B002B00F0DE817B695B6A944A32F830
:109FA00013301A46FB6BB3FBF2F33B637B695A68D1
:109FB00013465B0013443A6B9A4205D37B695B6896
:109FC0001B033A6B9A4203D9012387F84230C1E15F
:109FD000FB6B0022BB60FA607B695B6A844A32F8E3
:109FE00013309BB200223B607A60D7E90023D7E9A7
:109FF0000201F6F72DFA02460B46104619464FF0BD
:10A0000000024FF000030B0243EA10630202796979
:10A010004968490800200C46054612EB040843EB4A
:10A0200005097B695B6800229A46934652465B4667
:10A0300040464946F6F70CFA02460B461346BB6308
:10A04000BB6BB3F5407F08D3BB6BB3F5801F04D265
:10A050007B691B68BA6BDA607CE1012387F84230C8
:10A0600078E17B69DB69B3F5004F40F0C58097F874
:10A070004330202B48DC002B7BDB202B79D801A23E
:10A0800052F823F00FA1000817A1000873A10008DF
:10A0900073A100081FA1000873A1000873A10008A4
:10A0A00073A100082FA1000873A1000873A1000884
:10A0B00073A1000873A1000873A1000873A1000830
:10A0C00073A100083FA1000873A1000873A1000854
:10A0D00073A1000873A1000873A1000873A1000810
:10A0E00073A1000873A1000873A1000873A1000800
:10A0F00073A1000873A1000873A1000873A10008F0
:10A1000073A1000865A10008402B2ED031E0FCF7B8
:10A1100037FCF86333E0FCF749FCF8632FE007F104
:10A1200024031846FDF7BAFEBB6AFB6327E007F17C
:10A1300018031846FEF706F8FB69FB631FE02D4B7A
:10A140001B6803F02003002B09D02A4B1B68DB0897
:10A1500003F00303244A22FA03F3FB630FE0224BCC
:10A16000FB630CE0214BFB6309E04FF40043FB630E
:10A1700005E00023FB63012387F8423000BFFB6B3F
:10A18000002B00F0E7807B695B6A194A32F81330D4
:10A190001A46FB6BB3FBF2F35A007B695B685B0802
:10A1A0001A447B695B68B2FBF3F3BB63BB6B0F2B99
:10A1B00016D9BB6BB3F5803F12D2BB6B9BB223F0B9
:10A1C0000F03FB86BB6B5B089BB203F007039AB2DD
:10A1D000FB8E1343FB867B691B68FA8EDA60B9E05D
:10A1E000012387F84230B5E00090D00300093D001C
:10A1F000C8F201080044025897F84330202B49DC8C
:10A20000002B7CDB202B7AD801A252F823F000BF70
:10A210009BA20008A3A20008FFA20008FFA200085A
:10A22000ABA20008FFA20008FFA20008FFA20008DE
:10A23000BBA20008FFA20008FFA20008FFA20008BE
:10A24000FFA20008FFA20008FFA20008FFA200086A
:10A25000CBA20008FFA20008FFA20008FFA200088E
:10A26000FFA20008FFA20008FFA20008FFA200084A
:10A27000FFA20008FFA20008FFA20008FFA200083A
:10A28000FFA20008FFA20008FFA20008FFA200082A
:10A29000F1A20008402B2ED031E0FCF771FBF863EF
:10A2A00033E0FCF783FBF8632FE007F12403184643
:10A2B000FDF7F4FDBB6AFB6327E007F118031846BE
:10A2C000FDF740FFFB69FB631FE02D4B1B6803F0AC
:10A2D0002003002B09D02A4B1B68DB0803F0030383
:10A2E000284A22FA03F3FB630FE0264BFB630CE0E2
:10A2F000254BFB6309E04FF40043FB6305E00023BB
:10A30000FB63012387F8423000BFFB6B002B21D099
:10A310007B695B6A1D4A32F813301A46FB6BB3FB4C
:10A32000F2F27B695B685B081A447B695B68B2FB8D
:10A33000F3F3BB63BB6B0F2B09D9BB6BB3F5803F4A
:10A3400005D2BB6B9AB27B691B68DA6002E001231D
:10A3500087F842307B690122A3F86A207B690122D9
:10A36000A3F868207B6900225A677B6900229A67FC
:10A3700097F8423018464837BD46BDE8B08F00BF59
:10A38000004402580090D00300093D00C8F20108C3
:10A3900080B483B000AF78607B689B6A03F00803E9
:10A3A000002B0AD07B681B685B6823F400417B6844
:10A3B0009A6B7B681B680A435A607B689B6A03F050
:10A3C0000103002B0AD07B681B685B6823F4003113
:10A3D0007B68DA6A7B681B680A435A607B689B6A01
:10A3E00003F00203002B0AD07B681B685B6823F430
:10A3F00080317B681A6B7B681B680A435A607B68F4
:10A400009B6A03F00403002B0AD07B681B685B681F
:10A4100023F480217B685A6B7B681B680A435A606F
:10A420007B689B6A03F01003002B0AD07B681B68D3
:10A430009B6823F480517B68DA6B7B681B680A4356
:10A440009A607B689B6A03F02003002B0AD07B682C
:10A450001B689B6823F400517B681A6C7B681B683F
:10A460000A439A607B689B6A03F04003002B1AD072
:10A470007B681B685B6823F480117B685A6C7B687F
:10A480001B680A435A607B685B6CB3F5801F0AD176
:10A490007B681B685B6823F4C0017B689A6C7B68EF
:10A4A0001B680A435A607B689B6A03F08003002B99
:10A4B0000AD07B681B685B6823F400217B68DA6C38
:10A4C0007B681B680A435A6000BF0C37BD465DF8C5
:10A4D000047B704780B598B002AF78607B6800223B
:10A4E000C3F89020F8F7A0F878657B681B681B68B4
:10A4F00003F00803082B2FD16FF07E4300937B6D90
:10A5000000224FF40011786800F08EF80346002B0B
:10A5100022D07B681B68BB63BB6B53E8003F7B6347
:10A520007B6B23F080033B657B681B681A463B6DA1
:10A530007B643A64396C7A6C41E80023FB63FB6B03
:10A54000002BE6D17B682022C3F888207B6800229C
:10A5500083F88420032363E07B681B681B6803F097
:10A560000403042B49D16FF07E4300937B6D0022DE
:10A570004FF48001786800F057F80346002B3CD078
:10A580007B681B687B627B6A53E8003F3B623B6AE7
:10A5900023F49073FB647B681B681A46FB6C3B6377
:10A5A000FA62F96A3A6B41E80023BB62BB6A002B8E
:10A5B000E6D17B681B6808333B613B6953E8003F89
:10A5C000FB60FB6823F00103BB647B681B680833F6
:10A5D000BA6CFA61BB61B969FA6941E800237B6131
:10A5E0007B69002BE5D17B682022C3F88C207B6837
:10A5F000002283F88420032312E07B682022C3F822
:10A6000088207B682022C3F88C207B680022DA66D1
:10A610007B6800221A677B68002283F8842000236D
:10A6200018465837BD4680BD80B584B000AFF8608D
:10A63000B9603B601346FB714FE0BB69B3F1FF3F6C
:10A640004BD0F7F7F1FF02463B68D31ABA699A423A
:10A6500002D3BB69002B01D103234EE0FB681B68CA
:10A660001B6803F00403002B37D0BB68802B34D069
:10A67000BB68402B31D0FB681B68DB6903F0080323
:10A68000082B10D1FB681B6808221A62F86800F0DA
:10A6900021F9FB680822C3F89020FB68002283F8A8
:10A6A0008420012329E0FB681B68DB6903F4006355
:10A6B000B3F5006F11D1FB681B684FF400621A629A
:10A6C000F86800F007F9FB682022C3F89020FB68C7
:10A6D000002283F8842003230FE0FB681B68DA69FB
:10A6E000BB681340BA689A420CBF01230023DBB257
:10A6F0001A46FB799A42A0D0002318461037BD466F
:10A7000080BD000080B596B000AFF860B960134618
:10A71000FB80FB68BA689A65FB68FA88A3F85C203E
:10A72000FB680022C3F89020FB682222C3F88C202B
:10A73000FB68D3F88030002B2DD0FB68D3F8803035
:10A74000404ADA63FB68D3F880303F4A1A64FB68FA
:10A75000D3F880303D4ADA64FB68D3F880300022B9
:10A760001A65FB68D3F88000FB681B682433194620
:10A77000FB689B6D1A46FB88F8F73EFC0346002BEE
:10A7800009D0FB681022C3F89020FB682022C3F890
:10A790008C20012351E0FB681B69002B18D0FB685B
:10A7A0001B68FB63FB6B53E8003FBB63BB6B43F46D
:10A7B00080737B65FB681B681A467B6DBB647A649B
:10A7C000796CBA6C41E800233B643B6C002BE6D10A
:10A7D000FB681B680833BB62BB6A53E8003F7B62BF
:10A7E0007B6A43F001033B65FB681B6808333A6DE5
:10A7F0007A633B63396B7A6B41E80023FB62FB6A47
:10A80000002BE5D1FB681B6808337B617B6953E84B
:10A81000003F3B613B6943F04003FB64FB681B68FE
:10A820000833FA6C3A62FB61F9693A6A41E800233D
:10A83000BB61BB69002BE5D1002318465837BD46E4
:10A8400080BD00BF53AA00087BAB0008B9AB00086D
:10A8500080B48FB000AF78607B681B683B623B6A56
:10A8600053E8003FFB61FB6923F0C0037B637B6817
:10A870001B681A467B6BFB62BA62B96AFA6A41E8E6
:10A8800000237B627B6A002BE6D17B681B68083360
:10A89000FB60FB6853E8003FBB60BB6823F4000328
:10A8A0003B637B681B6808333A6BBA617B617969EB
:10A8B000BA6941E800233B613B69002BE5D17B6825
:10A8C0002022C3F8882000BF3C37BD465DF8047BDA
:10A8D0007047000080B495B000AF78607B681B685B
:10A8E0007B637B6B53E8003F3B633B6B23F49073CC
:10A8F000FB647B681B681A46FB6C3B64FA63F96B6C
:10A900003A6C41E80023BB63BB6B002BE6D17B684C
:10A910001B6808333B623B6A53E8003FFB61FA69FE
:10A920001E4B1340BB647B681B680833BA6CFA6229
:10A93000BB62B96AFA6A41E800237B627B6A002B3A
:10A94000E5D17B68DB6E012B18D17B681B68FB604F
:10A95000FB6853E8003FBB60BB6823F010037B64D7
:10A960007B681B681A467B6CBB617A617969BA693E
:10A9700041E800233B613B69002BE6D17B68202244
:10A98000C3F88C207B680022DA667B6800225A6755
:10A9900000BF5437BD465DF8047B7047FEFFFFEFF4
:10A9A00080B590B000AF78607B689B6BFB637B6881
:10A9B000DB69B3F5807F37D0FB6B0022A3F856200C
:10A9C000FB6B1B6808337B627B6A53E8003F3B628A
:10A9D0003B6A23F08003BB63FB6B1B680833BA6BD5
:10A9E0003A63FB62F96A3A6B41E80023BB62BB6AD7
:10A9F000002BE5D1FB6B1B683B613B6953E8003FD3
:10AA0000FB60FB6843F040037B63FB6B1B681A46EB
:10AA10007B6BFB61BA61B969FA6941E800237B612C
:10AA20007B69002BE6D102E0F86BFEF70BFF00BF5D
:10AA30004037BD4680BD80B584B000AF78607B688C
:10AA40009B6BFB60F868FEF707FF00BF1037BD4641
:10AA500080BD80B59CB000AF78607B689B6BFB6667
:10AA60007B68DB69B3F5807F71D0FB6E0022A3F8B1
:10AA70005E20FB6E1B68FB64FB6C53E8003FBB640D
:10AA8000BB6C23F48073BB66FB6E1B681A46BB6EFF
:10AA9000BB657A65796DBA6D41E800233B653B6D16
:10AAA000002BE6D1FB6E1B680833BB63BB6B53E81E
:10AAB000003F7B637B6B23F001037B66FB6E1B68AF
:10AAC00008337A6E7A643B64396C7A6C41E800230F
:10AAD000FB63FB6B002BE5D1FB6E1B6808337B62CD
:10AAE0007B6A53E8003F3B623B6A23F040033B66CE
:10AAF000FB6E1B6808333A6E3A63FB62F96A3A6B85
:10AB000041E80023BB62BB6A002BE5D1FB6E20222B
:10AB1000C3F88C20FB6EDB6E012B18D1FB6E1B681B
:10AB20003B613B6953E8003FFB60FB6823F0100387
:10AB3000FB65FB6E1B681A46FB6DFB61BA61B96968
:10AB4000FA6941E800237B617B69002BE6D1FB6E4B
:10AB500000221A67FB6EDB6E012B07D1FB6EB3F888
:10AB60005C301946F86EFEF79FFE02E0F86EFEF7C5
:10AB70007DFE00BF7037BD4680BD80B584B000AF9C
:10AB800078607B689B6BFB60FB6801221A67FB683F
:10AB9000DB6E012B09D1FB68B3F85C305B089BB21C
:10ABA0001946F868FEF780FE02E0F868FEF768FED6
:10ABB00000BF1037BD4680BD80B586B000AF78605D
:10ABC0007B689B6B7B617B69D3F888303B617B69D9
:10ABD000D3F88C30FB607B691B689B6803F08003B3
:10ABE000802B09D13B69212B06D17B690022A3F878
:10ABF00056207869FFF72CFE7B691B689B6803F081
:10AC00004003402B09D1FB68222B06D17B6900222F
:10AC1000A3F85E207869FFF75DFE7B69D3F890307A
:10AC200043F010027B69C3F890207869FEF732FE8A
:10AC300000BF1837BD4680BD80B584B000AF7860D6
:10AC40007B689B6BFB60FB680022A3F85E20FB68BF
:10AC50000022A3F85620F868FEF71CFE00BF10374C
:10AC6000BD4680BD80B588B000AF78607B681B684A
:10AC7000FB60FB6853E8003FBB60BB6823F0400308
:10AC8000FB617B681B681A46FB69BB617A61796965
:10AC9000BA6941E800233B613B69002BE6D17B6840
:10ACA0002022C3F888207B6800229A677868FEF724
:10ACB000C9FD00BF2037BD4680BD80B483B000AF62
:10ACC000786000BF0C37BD465DF8047B704780B4E8
:10ACD00083B000AF786000BF0C37BD465DF8047BE1
:10ACE000704780B483B000AF786000BF0C37BD46BA
:10ACF0005DF8047B704780B485B000AF78607B68F6
:10AD000093F88430012B01D1022327E07B680122D4
:10AD100083F884207B682422C3F888207B681B6822
:10AD20001B68FB607B681B681A687B681B6822F0E5
:10AD300001021A60FB6823F00053FB607B6800226D
:10AD40005A667B681B68FA681A607B682022C3F821
:10AD500088207B68002283F884200023184614375B
:10AD6000BD465DF8047B704780B584B000AF786065
:10AD700039607B6893F88430012B01D102232DE0E8
:10AD80007B68012283F884207B682422C3F8882012
:10AD90007B681B681B68FB607B681B681A687B68A4
:10ADA0001B6822F001021A607B681B689B6823F015
:10ADB00060417B681B683A680A439A60786800F0D3
:10ADC0004FF87B681B68FA681A607B682022C3F81A
:10ADD00088207B68002283F88420002318461037DF
:10ADE000BD4680BD80B584B000AF786039607B68B7
:10ADF00093F88430012B01D102232DE07B680122DE
:10AE000083F884207B682422C3F888207B681B6831
:10AE10001B68FB607B681B681A687B681B6822F0F4
:10AE200001021A607B681B689B6823F060617B6885
:10AE30001B683A680A439A60786800F011F87B68EA
:10AE40001B68FA681A607B682022C3F888207B6838
:10AE5000002283F88420002318461037BD4680BDA9
:10AE600080B485B000AF78607B685B6E002B08D142
:10AE70007B680122A3F86A207B680122A3F868207E
:10AE800031E01023FB731023BB737B681B689B6846
:10AE90005B0EDBB203F007037B737B681B689B6868
:10AEA0005B0FDBB203F007033B73BB7B3A7B1149BB
:10AEB0008A5C02FB03F33A7B0F498A5C93FBF2F353
:10AEC0009AB27B68A3F86A20FB7B7A7B09498A5C8B
:10AED00002FB03F37A7B08498A5C93FBF2F39AB294
:10AEE0007B68A3F8682000BF1437BD465DF8047B7B
:10AEF000704700BFE0F20108E8F2010880B58AB0AF
:10AF000000AF78600023FB6102F084F95A4B1B68A4
:10AF1000002B01D100F086F9584B1A687B6813406A
:10AF2000002B40F090807B68002B1ED008227B68AD
:10AF300013447B607B6803F00703002B15D07B680C
:10AF400023F0070308337B607B6803F00703002BC3
:10AF50000BD04FF0500383F31188BFF36F8FBFF313
:10AF60004F8F7B6100BF00BFFDE77B68002B6AD07D
:10AF7000434B1B687A689A4265D8424B3B62414B0F
:10AF80001B687B6204E07B6A3B627B6A1B687B62B6
:10AF90007B6A5B687A689A4203D97B6A1B68002BDC
:10AFA000F1D1354B1B687A6A9A424CD03B6A1B68D8
:10AFB00008221344FB617B6A1A683B6A1A607B6A49
:10AFC0005A687B68D21A08235B009A4220D97A6AB1
:10AFD0007B681344BB61BB6903F00703002B0BD0F4
:10AFE0004FF0500383F31188BFF36F8FBFF34F8F80
:10AFF0003B6100BF00BFFDE77B6A5A687B68D21ADD
:10B00000BB695A607B6A7A685A60B86900F06CF96B
:10B010001B4B1A687B6A5B68D31A194A1360184B7A
:10B020001A68194B1B689A4203D2154B1B68164AC3
:10B0300013607B6A5A68114B1B681A437B6A5A601B
:10B040007B6A00221A6002F0F3F8FB6903F0070341
:10B05000002B0BD04FF0500383F31188BFF36F8F99
:10B06000BFF34F8FFB6000BF00BFFDE7FB691846D1
:10B070002837BD4680BD00BFD80F0124E40F01244E
:10B08000DC0F0124D00F0124E00F012480B586B02D
:10B0900000AF78607B687B617B68002B4AD0082317
:10B0A0005B427A6913447B617B693B613B695A6807
:10B0B000224B1B681340002B0BD14FF0500383F33E
:10B0C0001188BFF36F8FBFF34F8FFB6000BF00BFCE
:10B0D000FDE73B691B68002B0BD04FF0500383F357
:10B0E0001188BFF36F8FBFF34F8FBB6000BF00BFEE
:10B0F000FDE73B695A68114B1B681340002B19D0C0
:10B100003B691B68002B15D13B695A680B4B1B68C8
:10B11000DB431A403B695A6002F07CF83B695A688D
:10B12000074B1B681344064A1360386900F0DCF8CB
:10B1300002F07EF800BF1837BD4680BDE40F012441
:10B14000DC0F012480B487B000AF78607B687B613E
:10B1500008235B427A6913447B617B693B613B69ED
:10B160005A68064B1B68DB431340FB60FB681846BC
:10B170001C37BD465DF8047B704700BFE40F012417
:10B1800080B584B000AF7860396002F043F8386869
:10B19000FFF7B4FEB860BB68002B17D07B68002BAC
:10B1A00014D07868FFF7CEFF034608229B1AFB6095
:10B1B0003A68FB689A4201D23B68FB60FA6879689A
:10B1C000B86812F0FCF87868FFF760FF02F030F81A
:10B1D000BB6818461037BD4680BD80B586B000AF4D
:10B1E0007860396002F016F83B687A6802FB03F376
:10B1F0007B617869FFF782FEF860FB683B6104E0E1
:10B200003B695A1C3A6100221A707B695A1E7A61A6
:10B21000002BF5D102F00CF8FB6818461837BD4634
:10B2200080BD000080B485B000AF4CF25033BB60ED
:10B23000274BFB60FB6803F00703002B0CD0FB6877
:10B240000733FB60FB6823F00703FB60BA68FB6809
:10B25000D31A1F4A1344BB60FB687B601D4A7B689E
:10B2600013601C4B00225A607B68BA681344FB6071
:10B270000822FB689B1AFB60FB6823F00703FB6056
:10B28000FB68154A1360144B1B6800225A60124B6E
:10B290001B6800221A607B683B603B68FA68D21A20
:10B2A0003B685A600C4B1A683B681A603B685B68E5
:10B2B0000A4A13603B685B68094A1360094B4FF008
:10B2C00000421A6000BF1437BD465DF8047B70472A
:10B2D000804C0024D00F0124D80F0124E00F01245A
:10B2E000DC0F0124E40F012480B485B000AF786046
:10B2F000284BFB6002E0FB681B68FB60FB681B6877
:10B300007A689A42F7D8FB68BB60FB685B68BA68EA
:10B3100013447A689A4208D1FB685A687B685B6874
:10B320001A44FB685A60FB687B607B68BB607B6883
:10B330005B68BA681A44FB681B689A4218D1FB68BC
:10B340001A68154B1B689A420DD07B685A68FB68D7
:10B350001B685B681A447B685A60FB681B681A6844
:10B360007B681A6008E00C4B1A687B681A6003E07F
:10B37000FB681A687B681A60FA687B689A4202D098
:10B38000FB687A681A6000BF1437BD465DF8047B1D
:10B39000704700BFD00F0124D80F012480B584B0BE
:10B3A00000AF78607B68D3F88C32FB604FF40062AA
:10B3B0000449F868FDF7AAFD012318461037BD4679
:10B3C00080BD00BFE80F012480B584B000AF786075
:10B3D0007B68D3F88C32FB60F868FDF7E3FD01234E
:10B3E00018461037BD4680BD80B586B000AFF86006
:10B3F000B9607A603B60FB68D3F88C327B617B6913
:10B40000D3F88830202B18D17B689BB21A46B968D4
:10B410007869FDF7FBFC0346FB7400BFFB7C002B47
:10B4200004D17B69D3F88830202BF7D1FB7C002B2B
:10B4300001D17B6802E0002300E0002318461837A2
:10B44000BD4680BD80B588B000AFF860B9607A6055
:10B450003B60FB68D3F88C327B610023FB610023E7
:10B46000BB6172B600BF7B69D3F880301B68594A54
:10B47000934268D07B69D3F880301B68564A934268
:10B4800061D07B69D3F880301B68544A93425AD00C
:10B490007B69D3F880301B68514A934253D07B6953
:10B4A000D3F880301B684F4A93424CD07B69D3F865
:10B4B00080301B684C4A934245D07B69D3F880307A
:10B4C0001B684A4A93423ED07B69D3F880301B68A0
:10B4D000474A934237D07B69D3F880301B68454A8E
:10B4E000934230D07B69D3F880301B68424A934244
:10B4F00029D07B69D3F880301B68404A934222D020
:10B500007B69D3F880301B683D4A93421BD07B692E
:10B51000D3F880301B683B4A934214D07B69D3F840
:10B5200080301B68384A93420DD07B69D3F8803055
:10B530001B68364A934206D07B69D3F880301B687B
:10B54000334A934207D17B69D3F880301B685B682C
:10B55000C3F5006306E07B69D3F880301B685B6845
:10B56000C3F500632B4A136062B600BFFB69013369
:10B57000FB61012000F0F8FC274B1A68254B1B6883
:10B580009A4217D1FA693B689A42FFF66AAF11E016
:10B59000214B1A68B968BB690B4420498A5C1A7050
:10B5A0001D4B1B680133C3F30A031B4A1360BB69BD
:10B5B0000133BB61184B1A68164B1B689A4203D0C3
:10B5C000BA697B689A42E3D3BB6918462037BD4607
:10B5D00080BD00BF10000240280002404000024031
:10B5E000580002407000024088000240A000024063
:10B5F000B800024010040240280402404004024007
:10B60000580402407004024088040240A004024032
:10B61000B8040240EC170124E8170124E80F0124C4
:10B6200080B582B000AF786039600C4B1B681A4659
:10B630007B6813441A46094B1A60094B1B681A466B
:10B640007B6813441A46064B1A607868FFF756FC6D
:10B65000034618460837BD4680BD00BFF0170124D9
:10B66000F417012480B582B000AF786039607B6840
:10B67000002B0CD07868FFF765FD0346064A126878
:10B68000D31A1A46044B1A607868FFF7FFFC00BF14
:10B690000837BD4680BD00BFF417012480B584B0D3
:10B6A00000AFF860B9607A60154B1B681A46BB683A
:10B6B00013441A46124B1A60124B1B681A46BB6899
:10B6C00013441A460F4B1A60FB68002B04D1B8686C
:10B6D000FFF714FC03460EE0F868FFF733FD03465E
:10B6E000084A1268D31A1A46064B1A60B968F868F5
:10B6F000FFF746FD034618461037BD4680BD00BF24
:10B70000F0170124F417012480B584B000AFF8606D
:10B71000B9607A60FB68BA6802FB03F30C4A1268EE
:10B7200013441A460A4B1A60FB68BA6802FB03F31B
:10B73000084A126813441A46064B1A60B968F8683A
:10B74000FFF74BFD034618461037BD4680BD00BFCE
:10B75000F0170124F41701242DE9B04386B000AF9F
:10B76000C7E902017A6000237B61D7E9020120A3C7
:10B77000D3E90023F4F71CFE02460B467968C1E9C1
:10B780000023D7E902011AA3D3E90023F4F710FE3E
:10B790007B689A607B689B68002B20DA7B689B68DB
:10B7A000114A82FB03121217DB17D31A01337B6194
:10B7B0007B68D3E900237969C8170C460546B2EBCC
:10B7C000040863EB05097B68C3E900897B689A6814
:10B7D0007B69064901FB03F31A447B689A6000BF4A
:10B7E0001837BD46BDE8B083A12FB84400CA9A3BC4
:10B7F00000CA9A3B000000002DE9B04F8EB000AFA8
:10B800007862396207F128020023136053604FF019
:10B8100000024FF00003C7E90C2307F12803184684
:10B8200001F08AFFBB6ADA17BB61FA614FF00002D0
:10B830004FF00003B9690B000022C7E90C23FB6A33
:10B8400000221C461546D7E90C231119B9606B413B
:10B85000FB60D7E90234C7E90C34D7E90C01024692
:10B860000B464FF000044FF000055D0145EAD2653C
:10B87000540122462B46B2EB000863EB01094FF05E
:10B8800000024FF000034FEA492343EAD8534FEA3E
:10B8900048229046994618EB000A49EB010B4FF0FD
:10B8A00000024FF000034FEA8B1343EA9A634FEA1A
:10B8B0008A12B2EB0A043C6063EB0B037B60D7E9AE
:10B8C000004523461B183B612B4641EB03037B617C
:10B8D0003A6AD7E90401FFF73FFF002318463837DB
:10B8E000BD46BDE8B08F80B483B000AF78607B68A0
:10B8F000002B01D1002300E0012318460C37BD4680
:10B900005DF8047B704780B483B000AF78607B68DB
:10B91000002B0C37BD465DF8047B704780B582B0C4
:10B9200000AF78600B46FB707868FFF7DCFF00BF64
:10B930000837BD4680BD80B582B000AF78607868BA
:10B94000FFF7E1FF00BF0837BD4680BD80B400AF00
:10B95000064B1B68002B03D1054B1B68034A136081
:10B96000024B1846BD465DF8047B704790000024EA
:10B970009C03002480B582B000AF78607B68002B08
:10B9800001D1002331E07B68184600F05BF90346E3
:10B9900083F00103DBB2002B04D0786800F029F8B3
:10B9A000002322E07B6830330021184608F018FE9F
:10B9B000034683F00103DBB2002B04D0786800F06B
:10B9C00018F8002311E07B683C330021184608F08A
:10B9D00007FE034683F00103DBB2002B04D0786836
:10B9E00000F007F8002300E0012318460837BD46A1
:10B9F00080BD80B582B000AF78607B68002B0ED030
:10BA00007B68184600F04BF97B683033184608F025
:10BA1000FFFD7B683C33184608F0FAFD00E000BFEC
:10BA20000837BD4680BD80B582B000AF78600B4658
:10BA3000FB707868FFF79EFF00BF0837BD4680BDEA
:10BA400080B582B000AF78607868FFF7D2FF00BFA2
:10BA50000837BD4680BD80B485B000AF78607B6894
:10BA6000FB60FB685B6818461437BD465DF8047BD5
:10BA7000704780B485B000AF786039607B68FB6048
:10BA8000FB681A683B689B00134418461437BD4690
:10BA90005DF8047B704780B485B000AF7860396092
:10BAA0007B68FB60FB681A683B689B001344184680
:10BAB0001437BD465DF8047B704780B586B000AF93
:10BAC000F860B9607A60B968F868FFF7D2FF78610A
:10BAD0007B683B617B691A683B691A6000BF183755
:10BAE000BD4680BD80B586B000AFF860B9607A60B1
:10BAF000B968F868FFF7CFFF78617B683B613B6905
:10BB00001A687B691A6000BF1837BD4680BD80B5D2
:10BB100084B000AF786039607B68FB60F86808F03B
:10BB200077FD3968F86808F05BFD03461846103762
:10BB3000BD4680BD80B485B000AF78607B68FB6097
:10BB4000FB685B6818461437BD465DF8047B704798
:10BB500080B485B000AF786039607B68FB60FB68BB
:10BB60001A683B689B00134418461437BD465DF8BD
:10BB7000047B704780B485B000AF786039607B6823
:10BB8000FB60FB681A683B689B0013441846143737
:10BB9000BD465DF8047B704780B586B000AFF860A5
:10BBA000B9607A60B968F868FFF7D2FF78617B689E
:10BBB0003B617B691A683B691A6000BF1837BD4654
:10BBC00080BD80B586B000AFF860B9607A60B968B2
:10BBD000F868FFF7CFFF78617B683B613B691A68C3
:10BBE0007B691A6000BF1837BD4680BD80B584B040
:10BBF00000AF786039607B68FB60F86808F008FD8A
:10BC00003968F86808F0ECFC034618461037BD4662
:10BC100080BD000080B500AF00F06EF80346064A14
:10BC2000D360064B1B68002B03D1054B1B68034AEE
:10BC30001360024B184680BD9C000024F4020024CF
:10BC40009C03002480B582B000AF78607B68002B35
:10BC500001D100231FE07B681846FFF744FE03462E
:10BC600083F00103DBB2002B04D0786800F017F8F2
:10BC7000002310E07B680833184608F0DDFC03461B
:10BC800083F00103DBB2002B04D0786800F007F8E2
:10BC9000002300E0012318460837BD4680BD80B56B
:10BCA00082B000AF78607B68002B09D07B681846B3
:10BCB000FFF729FE7B680833184608F0D3FC00E044
:10BCC00000BF0837BD4680BD80B582B000AF786048
:10BCD0000B46FB707868FFF7B5FF00BF0837BD461D
:10BCE00080BD80B582B000AF78607868FFF7D7FF7D
:10BCF00000BF0837BD4680BD80B500AFFFF726FE08
:10BD00000346064AD360064B1B68002B03D1054B44
:10BD10001B68034A1360024B184680BD00030024D1
:10BD2000780300249C03002480B483B000AF034652
:10BD30003960FB80B7F90630002B0ADB3B68DAB2CA
:10BD40000C49B7F906301201D2B20B4483F8002334
:10BD50000AE03B68DAB20849FB8803F00F03043BB2
:10BD60001201D2B20B441A7600BF0C37BD465DF803
:10BD7000047B704700E100E000ED00E080B500AF1B
:10BD8000054B1B6801F062FE0346012B01D002F057
:10BD90005BFC00BF80BD00BF10E000E080B500AFDD
:10BDA00000216FF00400FFF7BFFF00BF80BD00005F
:10BDB00080B483B000AFEFF305833B603B68002B9A
:10BDC00003D06FF005037B600CE00A4B1B68002B6F
:10BDD00005D1084B01221A6000237B6002E04FF07E
:10BDE000FF337B607B6818460C37BD465DF8047BEB
:10BDF000704700BFF817012480B582B000AFEFF3A1
:10BE000005833B603B68002B03D06FF005037B602C
:10BE100010E00B4B1B68012B09D1FFF7BFFF084B4C
:10BE200002221A6001F086F900237B6002E04FF0E5
:10BE3000FF337B607B6818460837BD4680BD00BF76
:10BE4000F817012480B58EB004AFF860B9607A604D
:10BE500000233B61EFF305837B617B69002B7ED17F
:10BE6000FB68002B7BD080233B621823FB610023FF
:10BE70007B624FF0FF33BB617B68002B45D07B6852
:10BE80001B68002B02D07B681B687B627B689B6908
:10BE9000002B02D07B689B69FB61FB69002B08D0FB
:10BEA000FB69382B05D87B685B6803F00103002B26
:10BEB00001D0002354E07B685B69002B03D07B68D2
:10BEC0005B699B083B627B689B68002B0ED07B689C
:10BED000DB68A72B0AD97B681B69002B06D07B681F
:10BEE0005B69002B02D00123BB6110E07B689B687B
:10BEF000002B0CD17B68DB68002B08D17B681B69A9
:10BF0000002B04D10023BB6101E00023BB61BB69AE
:10BF1000012B10D17B681B697A68926802920193A9
:10BF2000FB690093BB683A6A796AF86800F01AFE08
:10BF300003463B6113E0BB69002B10D13B6A9AB208
:10BF400007F110030193FB690093BB68796AF868F5
:10BF500000F068FE0346012B01D000233B613B69E2
:10BF600018462837BD4680BD80B584B000AF7860E4
:10BF7000EFF30583BB60BB68002B03D06FF00503B4
:10BF8000FB6007E00023FB607B68002B02D0786831
:10BF900001F09AF8FB6818461037BD4680BD0000D6
:10BFA00080B485B000AFF860B9607A60FB68074A7A
:10BFB0001A60BB68064A1A607B6880221A6000BF5C
:10BFC0001437BD465DF8047B704700BFFC170124A1
:10BFD000A418012480B485B000AFF860B9607A601D
:10BFE000FB68074A1A60BB68064A1A607B684FF410
:10BFF00080721A6000BF1437BD465DF8047B70473D
:10C00000A41A01244C1B012480B483B000AF7860D3
:10C010007B6803F108027B685A607B684FF0FF324F
:10C020009A607B6803F108027B68DA607B6803F141
:10C0300008027B681A617B6800221A6000BF0C3717
:10C04000BD465DF8047B704780B483B000AF786074
:10C050007B6800221A6100BF0C37BD465DF8047B87
:10C06000704780B485B000AF786039607B685B68EA
:10C07000FB603B68FA685A60FB689A683B689A60A4
:10C08000FB689B683A685A60FB683A689A603B684C
:10C090007A681A617B681B685A1C7B681A6000BF4B
:10C0A0001437BD465DF8047B704780B485B000AF9F
:10C0B000786039603B681B68BB60BB68B3F1FF3FC9
:10C0C00003D17B681B69FB600CE07B680833FB6075
:10C0D00002E0FB685B68FB60FB685B681B68BA6832
:10C0E0009A42F6D2FB685A683B685A603B685B68C4
:10C0F0003A689A603B68FA689A60FB683A685A60E6
:10C100003B687A681A617B681B685A1C7B681A60F6
:10C1100000BF1437BD465DF8047B704780B485B01E
:10C1200000AF78607B681B69FB607B685B687A683E
:10C1300092689A607B689B687A6852685A60FB686C
:10C140005B687A689A4203D17B689A68FB685A6098
:10C150007B6800221A61FB681B685A1EFB681A6024
:10C16000FB681B6818461437BD465DF8047B7047B2
:10C1700080B584B000AF786039607B68FB60FB6895
:10C18000002B0BD14FF0500383F31188BFF36F8F57
:10C19000BFF34F8FBB6000BF00BFFDE702F0C4F9E3
:10C1A000FB681A68FB68DB6BF968096C01FB03F339
:10C1B0001A44FB689A60FB6800229A63FB681A685D
:10C1C000FB685A60FB681A68FB68DB6B013BF96827
:10C1D000096C01FB03F31A44FB68DA60FB68FF2279
:10C1E00083F84420FB68FF2283F845203B68002B3E
:10C1F00014D1FB681B69002B1AD0FB68103318465A
:10C2000001F036FA0346002B12D00D4B4FF080524E
:10C210001A60BFF34F8FBFF36F8F09E0FB681033D5
:10C220001846FFF7F1FEFB6824331846FFF7ECFED3
:10C2300002F0ACF9012318461037BD4680BD00BF9F
:10C2400004ED00E080B58EB002AFF860B9607A60AE
:10C250003B60FB68002B0BD14FF0500383F3118838
:10C26000BFF36F8FBFF34F8FBB6200BF00BFFDE70F
:10C270003B68002B0BD14FF0500383F31188BFF3C1
:10C280006F8FBFF34F8F7B6200BF00BFFDE77B68FE
:10C29000002B02D0BB68002B01D0012300E000235B
:10C2A000002B0BD14FF0500383F31188BFF36F8F36
:10C2B000BFF34F8F3B6200BF00BFFDE77B68002BE1
:10C2C00002D1BB68002B01D1012300E00023002B29
:10C2D0000BD14FF0500383F31188BFF36F8FBFF37F
:10C2E0004F8FFB6100BF00BFFDE750237B617B697F
:10C2F000502B0BD04FF0500383F31188BFF36F8F97
:10C30000BFF34F8FBB6100BF00BFFDE77B693B6898
:10C31000FB62FB6A002B0DD0FB6A012283F84620EA
:10C3200097F83820FB6A009313467A68B968F86872
:10C3300000F005F8FB6A18463037BD4680BD80B571
:10C3400084B000AFF860B9607A60FB70BB68002B06
:10C3500003D1BB69BA691A6002E0BB697A681A60E6
:10C36000BB69FA68DA63BB69BA681A640121B86903
:10C37000FFF7FEFEBB69FA7883F84C2000BF103748
:10C38000BD4680BD80B58EB000AFF860B9607A6000
:10C390003B6000237B63FB683B633B6B002B0BD153
:10C3A0004FF0500383F31188BFF36F8FBFF34F8FAC
:10C3B000BB6200BF00BFFDE7BB68002B03D13B6B36
:10C3C0001B6C002B01D1012300E00023002B0BD1BB
:10C3D0004FF0500383F31188BFF36F8FBFF34F8F7C
:10C3E0007B6200BF00BFFDE73B68022B03D13B6BC4
:10C3F000DB6B012B01D1012300E00023002B0BD1CB
:10C400004FF0500383F31188BFF36F8FBFF34F8F4B
:10C410003B6200BF00BFFDE701F018FB0346002BA5
:10C4200002D17B68002B01D1012300E00023002B07
:10C430000BD14FF0500383F31188BFF36F8FBFF31D
:10C440004F8FFB6100BF00BFFDE702F06DF83B6B53
:10C450009A6B3B6BDB6B9A4202D33B68022B29D170
:10C460003A68B968386B00F00FFAF8623B6B5B6AA8
:10C47000002B10D03B6B2433184601F0F9F803462B
:10C48000002B13D03F4B4FF080521A60BFF34F8FF9
:10C49000BFF36F8F0AE0FB6A002B07D0394B4FF0D8
:10C4A00080521A60BFF34F8FBFF36F8F02F06EF8A8
:10C4B000012363E07B68002B03D102F067F80023BF
:10C4C0005CE07B6B002B06D107F11403184601F0EA
:10C4D0005BF901237B6302F059F800F09BFE02F048
:10C4E00023F83B6B93F844305BB2B3F1FF3F03D1C9
:10C4F0003B6B002283F844203B6B93F845305BB2E2
:10C50000B3F1FF3F03D13B6B002283F8452002F0DB
:10C510003DF83A1D07F114031146184601F04AF997
:10C520000346002B24D1386B00F0A6FA0346002BFB
:10C5300018D03B6B10337A681146184601F046F864
:10C54000386B00F031FA00F073FE0346002B7FF4E5
:10C550007CAF0C4B4FF080521A60BFF34F8FBFF38C
:10C560006F8F72E7386B00F01FFA00F061FE6CE726
:10C57000386B00F019FA00F05BFE002318463837DC
:10C58000BD4680BD04ED00E080B590B000AFF8601E
:10C59000B9607A603B60FB68BB63BB6B002B0BD15F
:10C5A0004FF0500383F31188BFF36F8FBFF34F8FAA
:10C5B000BB6200BF00BFFDE7BB68002B03D1BB6BB4
:10C5C0001B6C002B01D1012300E00023002B0BD1B9
:10C5D0004FF0500383F31188BFF36F8FBFF34F8F7A
:10C5E0007B6200BF00BFFDE73B68022B03D1BB6B42
:10C5F000DB6B012B01D1012300E00023002B0BD1C9
:10C600004FF0500383F31188BFF36F8FBFF34F8F49
:10C610003B6200BF00BFFDE702F066F8EFF3118256
:10C620004FF0500383F31188BFF36F8FBFF34F8F29
:10C63000FA61BB61FB697B63BB6B9A6BBB6BDB6BAA
:10C640009A4202D33B68022B2FD1BB6B93F8453043
:10C6500087F83330BB6B9B6BFB623A68B968B86B89
:10C6600000F012F997F93330B3F1FF3F12D1BB6BF1
:10C670005B6A002B16D0BB6B2433184600F0F8FF22
:10C680000346002B0ED07B68002B0BD07B68012269
:10C690001A6007E097F833300133DBB25AB2BB6B54
:10C6A00083F845200123FB6301E00023FB637B6BE0
:10C6B0007B617B6983F3118800BFFB6B18464037B1
:10C6C000BD4680BD80B58CB000AFF860B9607A60BF
:10C6D0000023FB62FB68BB62BB6A002B0BD14FF0EF
:10C6E000500383F31188BFF36F8FBFF34F8F3B620B
:10C6F00000BF00BFFDE7BB68002B03D1BB6A1B6C0A
:10C70000002B01D1012300E00023002B0BD14FF0BF
:10C71000500383F31188BFF36F8FBFF34F8FFB611B
:10C7200000BF00BFFDE701F091F90346002B02D1E5
:10C730007B68002B01D1012300E00023002B0BD1EB
:10C740004FF0500383F31188BFF36F8FBFF34F8F08
:10C75000BB6100BF00BFFDE701F0E6FEBB6A9B6B5B
:10C760007B627B6A002B1FD0B968B86A00F0F6F8CC
:10C770007B6A5A1EBB6A9A63BB6A1B69002B0FD087
:10C78000BB6A1033184600F073FF0346002B07D036
:10C790003C4B4FF080521A60BFF34F8FBFF36F8F47
:10C7A00001F0F4FE012369E07B68002B03D101F066
:10C7B000EDFE002362E0FB6A002B06D107F11003B7
:10C7C000184600F0E1FF0123FB6201F0DFFE00F0FC
:10C7D00021FD01F0A9FEBB6A93F844305BB2B3F1CE
:10C7E000FF3F03D1BB6A002283F84420BB6A93F861
:10C7F00045305BB2B3F1FF3F03D1BB6A002283F83F
:10C80000452001F0C3FE3A1D07F1100311461846FA
:10C8100000F0D0FF0346002B23D1B86A00F016F9D0
:10C820000346002B17D0BB6A24337A68114618469A
:10C8300000F0CCFEB86A00F0B7F800F0F9FC03464F
:10C84000002B89D10F4B4FF080521A60BFF34F8FEE
:10C85000BFF36F8F80E7B86A00F0A6F800F0E8FC3D
:10C860007AE7B86A00F0A0F800F0E2FCB86A00F0DD
:10C87000EDF80346002B3FF46FAF00231846303726
:10C88000BD4680BD04ED00E080B586B000AFF86025
:10C89000B9607A6000237B61FB689B6B3B61FB683E
:10C8A0001B6C002B0DD1FB681B68002B4DD1FB6866
:10C8B0009B68184601F0E8F87861FB6800229A60EE
:10C8C00043E07B68002B19D1FB685868FB681B6C40
:10C8D0001A46B96810F073FDFB685A68FB681B6C58
:10C8E0001A44FB685A60FB685A68FB689B689A4266
:10C8F0002BD3FB681A68FB685A6026E0FB68D8688F
:10C90000FB681B6C1A46B96810F059FDFB68DA68C1
:10C91000FB681B6C5B421A44FB68DA60FB68DA68F0
:10C92000FB681B689A4207D2FB689A68FB681B6C1D
:10C930005B421A44FB68DA607B68022B05D13B69D5
:10C94000002B02D03B69013B3B613B695A1CFB68F1
:10C950009A637B6918461837BD4680BD80B582B0A2
:10C9600000AF786039607B681B6C002B18D07B6847
:10C97000DA687B681B6C1A447B68DA607B68DA686B
:10C980007B689B689A4203D37B681A687B68DA608D
:10C990007B68D9687B681B6C1A46386810F00FFDFD
:10C9A00000BF0837BD4680BD80B584B000AF786059
:10C9B00001F0BAFD7B6893F84530FB7311E07B68AA
:10C9C0005B6A002B12D07B682433184600F050FEBF
:10C9D0000346002B01D000F051FFFB7B013BDBB293
:10C9E000FB7397F90F30002BE9DC00E000BF7B6898
:10C9F000FF2283F8452001F0C9FD01F095FD7B6819
:10CA000093F84430BB7311E07B681B69002B12D094
:10CA10007B681033184600F02BFE0346002B01D034
:10CA200000F02CFFBB7B013BDBB2BB7397F90E30F0
:10CA3000002BE9DC00E000BF7B68FF2283F8442084
:10CA400001F0A4FD00BF1037BD4680BD80B584B0A5
:10CA500000AF786001F068FD7B689B6B002B02D112
:10CA60000123FB6001E00023FB6001F08FFDFB6808
:10CA700018461037BD4680BD80B584B000AF7860E1
:10CA800001F052FD7B689A6B7B68DB6B9A4202D1A6
:10CA90000123FB6001E00023FB6001F077FDFB68F0
:10CAA00018461037BD4680BD80B485B000AF7860B1
:10CAB00039600023FB6014E00F4AFB6852F8333002
:10CAC000002B0BD10C49FB683A6841F833200A4A25
:10CAD000FB68DB0013447A685A6006E0FB680133A8
:10CAE000FB60FB68072BE7D900BF00BF1437BD46CA
:10CAF0005DF8047B704700BF4C1F012480B586B0F1
:10CB000000AFF860B9607A60FB687B6101F00CFDF2
:10CB10007B6993F844305BB2B3F1FF3F03D17B698B
:10CB2000002283F844207B6993F845305BB2B3F16F
:10CB3000FF3F03D17B69002283F8452001F026FDE9
:10CB40007B699B6B002B06D17B6924337A68B968BB
:10CB5000184600F061FD7869FFF726FF00BF18371F
:10CB6000BD4680BD80B58EB004AFF860B9607A6014
:10CB70003B607B6B002B0BD14FF0500383F311888C
:10CB8000BFF36F8FBFF34F8F3B6200BF00BFFDE766
:10CB9000BB6B002B0BD14FF0500383F31188BFF315
:10CBA0006F8FBFF34F8FFB6100BF00BFFDE7A8236E
:10CBB0003B613B69A82B0BD04FF0500383F31188E6
:10CBC000BFF36F8FBFF34F8FBB6100BF00BFFDE7A7
:10CBD0003B69BB6B002B1ED07B6B002B1BD0BB6B50
:10CBE0007B627B6A7A6B1A637B6A022283F8A520D8
:10CBF000002303937B6A029307F1140301933B6BB9
:10CC000000933B687A68B968F86800F051F8786A70
:10CC100000F0F6F801E000237B617B6918462837B5
:10CC2000BD4680BD80B58CB004AFF860B9603B6094
:10CC30001346FB80FB889B00184601F097FD786146
:10CC40007B69002B0ED0A82001F090FDF861FB69F4
:10CC5000002B03D0FB697A691A6305E0786901F05B
:10CC600053FE01E00023FB61FB69002B17D0FB6939
:10CC7000002283F8A520FA8800230393FB6902931E
:10CC8000FB6A0193BB6A00933B68B968F86800F0DF
:10CC90000FF8F86900F0B4F80123BB6102E04FF02F
:10CCA000FF33BB61BB6918462037BD4680BD00001D
:10CCB00080B588B000AFF860B9607A603B603B6BCC
:10CCC000186B7B689B001A46A52110F055FA3B6B48
:10CCD0001A6B79686FF040430B449B001344BB61AF
:10CCE000BB6923F00703BB61BB6903F00703002B9B
:10CCF0000BD04FF0500383F31188BFF36F8FBFF356
:10CD00004F8F7B6100BF00BFFDE7BB68002B1FD0CA
:10CD10000023FB6112E0BA68FB69134419783A6B8F
:10CD2000FB69134434330A461A70BA68FB6913442A
:10CD30001B78002B06D0FB690133FB61FB690F2BCD
:10CD4000E9D900E000BF3B6B002283F8432003E0F9
:10CD50003B6B002283F83420BB6A372B01D9372381
:10CD6000BB623B6BBA6ADA623B6BBA6ADA643B6BF2
:10CD700000221A653B6B04331846FFF765F93B6BDD
:10CD800018331846FFF760F93B6B3A6B1A61BB6AC0
:10CD9000C3F138023B6B9A613B6B3A6B5A623B6B57
:10CDA0000022C3F8A0203B6B002283F8A4203B6B39
:10CDB00054334C220021184610F0DEF93B6B0D4A2B
:10CDC0009A653B6B0C4ADA653B6B0C4A1A663A680B
:10CDD000F968B86901F076FA02463B6B1A60FB6AA3
:10CDE000002B02D0FB6A3A6B1A6000BF2037BD46A9
:10CDF00080BD00BFE041022448420224B042022428
:10CE000080B582B000AF786001F08EFB2D4B1B68BF
:10CE100001332C4A13602C4B1B68002B09D12A4A82
:10CE20007B681360274B1B68012B10D100F04AFD73
:10CE30000DE0264B1B68002B09D1234B1B68DA6AD7
:10CE40007B68DB6A9A4202D81F4A7B681360204BDA
:10CE50001B6801331E4A13601D4B1A687B685A64B5
:10CE60007B68DA6A1B4B1B689A4203D97B68DB6AD2
:10CE7000184A13607B68DA6A13469B0013449B00D0
:10CE8000154A1A447B68043319461046FFF7E9F83F
:10CE900001F07CFB0D4B1B68002B0ED00A4B1B686E
:10CEA000DA6A7B68DB6A9A4207D20C4B4FF08052F9
:10CEB0001A60BFF34F8FBFF36F8F00BF0837BD46B7
:10CEC00080BD00BF602401248C1F01246C24012438
:10CED0007C24012468240124901F012404ED00E037
:10CEE00080B584B000AF786001F01EFB7B68002B3A
:10CEF00002D12D4B1B6800E07B68FB60FB680433AC
:10CF00001846FFF70BF9FB689B6A002B04D0FB68FF
:10CF100018331846FFF702F9244B1B680133234AE4
:10CF20001360214B1B68FA689A420BD1FB680433EB
:10CF300019461F48FFF795F81E4B1B6801331D4A21
:10CF4000136009E01C4B1B68013B1B4A1360F86827
:10CF500000F026FD00F05AFD01F018FB174B1B688E
:10CF6000002B1CD0104B1B68FA689A4217D1144B47
:10CF70001B68002B0BD04FF0500383F31188BFF3D5
:10CF80006F8FBFF34F8FBB6000BF00BFFDE70D4B3E
:10CF90004FF080521A60BFF34F8FBFF36F8F00BF07
:10CFA0001037BD4680BD00BF8C1F01247C240124A6
:10CFB0003424012448240124602401246C24012405
:10CFC0008824012404ED00E080B58AB000AF7860C9
:10CFD000396000237B627B68002B0BD14FF050033C
:10CFE00083F31188BFF36F8FBFF34F8F7B6100BF57
:10CFF00000BFFDE73B68002B0BD14FF0500383F3DC
:10D000001188BFF36F8FBFF34F8F3B6100BF00BF2D
:10D01000FDE72A4B1B68002B0BD04FF0500383F326
:10D020001188BFF36F8FBFF34F8FFB6000BF00BF4E
:10D03000FDE700F0EFF8224B1B683B627B681B6842
:10D040003A681344FB617B681B683A6A9A420BD2C8
:10D050007B681B68FA699A4211D2FA693B6A9A4264
:10D060000DD901237B620AE07B681B68FA699A424A
:10D0700003D3FA693B6A9A4201D901237B627B6838
:10D08000FA691A607B6A002B06D0FA693B6AD31AE8
:10D090000021184600F068FD00F0CAF8B861BB69CD
:10D0A000002B07D1074B4FF080521A60BFF34F8F10
:10D0B000BFF36F8F00BF2837BD4680BD8824012491
:10D0C0006424012404ED00E080B584B000AF7860F2
:10D0D0000023FB607B68002B18D0144B1B68002BCF
:10D0E0000BD04FF0500383F31188BFF36F8FBFF362
:10D0F0004F8FBB6000BF00BFFDE700F08BF8002141
:10D10000786800F031FD00F093F8F860FB68002BC0
:10D1100007D1074B4FF080521A60BFF34F8FBFF318
:10D120006F8F00BF1037BD4680BD00BF882401242B
:10D1300004ED00E080B58AB004AF0023BB6000239B
:10D140007B603A46391D07F108031846FEF728FFB1
:10D1500039687B68BA680292019300230093002328
:10D160000A4624492448FFF7FDFC0346234A13607E
:10D17000224B1B68002B02D001237B6101E00023BE
:10D180007B617B69012B02D100F042FD78617B69F4
:10D19000012B1BD14FF0500383F31188BFF36F8F26
:10D1A000BFF34F8F3B6100BF154B1B685433154ACB
:10D1B0001360154B4FF0FF321A60144B01221A60B6
:10D1C000134B00221A6001F00BF90FE07B69B3F1F9
:10D1D000FF3F0BD14FF0500383F31188BFF36F8FE4
:10D1E000BFF34F8FFB6000BF00BFFDE700BF1837E4
:10D1F000BD4680BD10F2010895D8000884240124A2
:10D200008C1F01243C040024802401246C2401246C
:10D210006424012480B400AF044B1B680133034A2B
:10D22000136000BFBD465DF8047B7047882401246D
:10D2300080B584B000AF0023FB600023BB60424B8D
:10D240001B68002B0BD14FF0500383F31188BFF301
:10D250006F8FBFF34F8F3B6000BF00BFFDE701F052
:10D2600063F9394B1B68013B374A1360364B1B6827
:10D27000002B62D1354B1B68002B5ED02FE0344B66
:10D28000DB68DB68FB60FB6818331846FEF746FF77
:10D29000FB6804331846FEF741FFFB68DA6A2D4B42
:10D2A0001B689A4203D9FB68DB6A2A4A1360FB6851
:10D2B000DA6A13469B0013449B00274A1A44FB6812
:10D2C000043319461046FEF7CCFEFB68DA6A234B9E
:10D2D0001B68DB6A9A4202D3214B01221A601C4B65
:10D2E0001B68002BCBD1FB68002B01D000F08EFB1C
:10D2F0001C4B1B687B607B68002B10D000F046F84D
:10D300000346002B02D0164B01221A607B68013BBA
:10D310007B607B68002BF1D1124B00221A60104B0E
:10D320001B68002B09D00123BB600F4B4FF08052CC
:10D330001A60BFF34F8FBFF36F8F01F027F9BB68FF
:10D3400018461037BD4680BD88240124602401247E
:10D350002024012468240124901F01248C1F01240F
:10D36000742401247024012404ED00E080B483B00F
:10D3700000AF054B1B687B607B6818460C37BD46C9
:10D380005DF8047B704700BF6424012480B586B03B
:10D3900000AF00237B614F4B1B68002B40F0908057
:10D3A0004D4B1B6801333B614B4A3B6913603B6942
:10D3B000002B21D1494B1B681B68002B0BD04FF071
:10D3C000500383F31188BFF36F8FBFF34F8F3B6020
:10D3D00000BF00BFFDE7414B1B68FB60404B1B6873
:10D3E0003E4A13603E4AFB6813603E4B1B680133A4
:10D3F0003C4A136000F00AFB3B4B1B683A699A42B7
:10D4000049D3364B1B681B68002B04D1364B4FF0B9
:10D41000FF321A603FE0314B1B68DB68DB68BB60A2
:10D42000BB685B687B603A697B689A4203D22E4A8C
:10D430007B6813602FE0BB6804331846FEF76EFE6E
:10D44000BB689B6A002B04D0BB6818331846FEF7F4
:10D4500065FEBB68DA6A254B1B689A4203D9BB6834
:10D46000DB6A224A1360BB68DA6A13469B001344E6
:10D470009B001F4A1A44BB68043319461046FEF746
:10D48000F0FDBB68DA6A1B4B1B68DB6A9A42B8D3B3
:10D4900001237B61B5E7174B1B68DA6A1449134611
:10D4A0009B0013449B000B441B68012B01D90123F3
:10D4B0007B61114B1B68002B07D001237B6104E0CB
:10D4C0000E4B1B6801330D4A13607B6918461837F1
:10D4D000BD4680BD8824012464240124182401242D
:10D4E0001C2401247824012480240124682401249C
:10D4F000901F01248C1F0124742401247024012412
:10D5000080B485B000AF2B4B1B68002B03D02A4B97
:10D5100001221A6047E0284B00221A60274B1B6843
:10D52000FB6011E0FB68002B0BD14FF0500383F33D
:10D530001188BFF36F8FBFF34F8F7B6000BF00BFB9
:10D54000FDE7FB68013BFB601D49FA6813469B0041
:10D5500013449B000B441B68002BE3D0FA6813466E
:10D560009B0013449B00164A1344BB60BB685B6876
:10D570005A68BB685A60BB685A68BB6808339A42ED
:10D5800004D1BB685B685A68BB685A60BB685B685B
:10D59000DB680C4A1360094AFB681360094B1B687F
:10D5A0005433094A136000BF1437BD465DF8047B4D
:10D5B000704700BF882401247424012468240124B6
:10D5C000901F01248C1F01243C04002480B584B0EA
:10D5D00000AF786039607B68002B0BD14FF05003AF
:10D5E00083F31188BFF36F8FBFF34F8FFB6000BFD2
:10D5F00000BFFDE7074B1B68183319467868FEF734
:10D6000054FD0121386800F0AFFA00BF1037BD4665
:10D6100080BD00BF8C1F012480B586B000AFF860CC
:10D62000B9607A60FB68002B0BD14FF0500383F395
:10D630001188BFF36F8FBFF34F8F7B6100BF00BFB7
:10D64000FDE70A4B1B6818331946F868FEF709FD19
:10D650007B68002B02D04FF0FF33BB607968B8685D
:10D6600000F082FA00BF1837BD4680BD8C1F012430
:10D6700080B586B000AF78607B68DB68DB683B61B3
:10D680003B69002B0BD14FF0500383F31188BFF39C
:10D690006F8FBFF34F8FFB6000BF00BFFDE73B699B
:10D6A00018331846FEF73AFD1D4B1B68002B1DD1A1
:10D6B0003B6904331846FEF731FD3B69DA6A194BC2
:10D6C0001B689A4203D93B69DB6A164A13603B69BF
:10D6D000DA6A13469B0013449B00134A1A443B69C1
:10D6E000043319461046FEF7BCFC05E03B691833CD
:10D6F00019460E48FEF7B5FC3B69DA6A0C4B1B680D
:10D70000DB6A9A4205D901237B610A4B01221A6028
:10D7100001E000237B617B6918461837BD4680BD58
:10D720008824012468240124901F0124202401243A
:10D730008C1F01247424012480B584B000AF78606C
:10D740007B68002B0BD14FF0500383F31188BFF39C
:10D750006F8FBFF34F8FFB6000BF00BFFDE700F08E
:10D76000E3FE074B1A687B681A60064B1A687B68F1
:10D770005A6000F00BFF00BF1037BD4680BD00BFF0
:10D78000782401246424012480B483B000AF78603D
:10D79000064B1A687B681A60054B1A687B685A60EA
:10D7A00000BF0C37BD465DF8047B70477824012428
:10D7B0006424012480B588B000AF786039607B684C
:10D7C000002B0BD14FF0500383F31188BFF36F8F01
:10D7D000BFF34F8F3B6100BF00BFFDE73B68002BED
:10D7E0000BD14FF0500383F31188BFF36F8FBFF35A
:10D7F0004F8FFB6000BF00BFFDE700F095FE1D4BA3
:10D800001B68BB617B685B68BA69D31A7B613B6844
:10D810001B68B3F1FF3F02D10023FB6123E07B686B
:10D820001A68154B1B689A4207D07B685B68BA6917
:10D830009A4202D30123FB6115E03B681B687A69B9
:10D840009A420BD23B681A687B69D21A3B681A600D
:10D850007868FFF799FF0023FB6104E03B68002232
:10D860001A600123FB6100F091FEFB691846203726
:10D87000BD4680BD642401247824012480B400AF17
:10D88000034B01221A6000BFBD465DF8047B704760
:10D890007424012480B582B000AF786000F052F8A3
:10D8A000064B1B68012BF9D9054B4FF080521A60CB
:10D8B000BFF34F8FBFF36F8FF0E700BF901F0124BE
:10D8C00004ED00E080B582B000AF00237B600CE087
:10D8D0007A6813469B0013449B00124A134418466F
:10D8E000FEF792FB7B6801337B607B68372BEFD9B7
:10D8F0000D48FEF789FB0D48FEF786FB0C48FEF746
:10D9000083FB0C48FEF780FB0B48FEF77DFB0B4BBF
:10D91000054A1A600A4B054A1A6000BF0837BD461F
:10D9200080BD00BF901F0124F023012404240124A2
:10D9300020240124342401244C240124182401240B
:10D940001C24012480B582B000AF19E000F0ECFD8A
:10D95000104BDB68DB687B607B6804331846FEF79E
:10D96000DDFB0D4B1B68013B0B4A13600B4B1B6827
:10D97000013B0A4A136000F009FE786800F010F8D5
:10D98000064B1B68002BE1D100BF00BF0837BD4626
:10D9900080BD00BF342401246024012448240124D4
:10D9A00080B584B000AF78607B68543318460FF0C0
:10D9B00035FC7B6893F8A530002B08D17B681B6B86
:10D9C000184600F0A1FF786800F09EFF19E07B6820
:10D9D00093F8A530012B03D1786800F095FF10E093
:10D9E0007B6893F8A530022B0BD04FF0500383F3E4
:10D9F0001188BFF36F8FBFF34F8FFB6000BF00BF75
:10DA0000FDE700BF1037BD4680BD000080B483B085
:10DA100000AF0C4B1B681B68002B04D10A4B4FF066
:10DA2000FF321A6008E0074B1B68DB68DB687B602D
:10DA30007B685B68044A136000BF0C37BD465DF825
:10DA4000047B7047182401248024012480B483B00F
:10DA500000AF0B4B1B68002B02D101237B6008E059
:10DA6000084B1B68002B02D102237B6001E00023DE
:10DA70007B607B6818460C37BD465DF8047B7047B9
:10DA80006C2401248824012480B586B000AF78601E
:10DA90007B683B6100237B617B68002B58D02F4B58
:10DAA0001B683A699A420BD04FF0500383F31188F8
:10DAB000BFF36F8FBFF34F8FFB6000BF00BFFDE769
:10DAC0003B691B6D002B0BD14FF0500383F3118882
:10DAD000BFF36F8FBFF34F8FBB6000BF00BFFDE789
:10DAE0003B691B6D5A1E3B691A653B69DA6A3B69E3
:10DAF000DB6C9A422CD03B691B6D002B28D13B6913
:10DB000004331846FEF70AFB3B69DA6C3B69DA62BC
:10DB10003B69DB6AC3F138023B699A613B69DA6AA7
:10DB20000F4B1B689A4203D93B69DB6A0C4A1360AE
:10DB30003B69DA6A13469B0013449B00094A1A4466
:10DB40003B69043319461046FEF78BFA01237B61CB
:10DB50007B6918461837BD4680BD00BF8C1F012465
:10DB600068240124901F012480B584B000AF786040
:10DB70003960214B1B68FB60204B1B68043318463F
:10DB8000FEF7CCFA7B68B3F1FF3F0AD13B68002B6C
:10DB900007D01A4B1B68043319461948FEF761FA7F
:10DBA00026E0FA687B681344BB60144B1B68BA68B4
:10DBB0005A60BA68FB689A4209D2124B1A680F4B36
:10DBC0001B68043319461046FEF76FFA10E00E4B3F
:10DBD0001A680A4B1B68043319461046FEF765FAAB
:10DBE0000A4B1B68BA689A4202D2084ABB681360A3
:10DBF00000BF1037BD4680BD642401248C1F012462
:10DC00004C2401241C2401241824012480240124F0
:10DC100080B58AB004AF00237B6100F013FB1D4B7D
:10DC20001B68002B21D00023FB600023BB603A1D42
:10DC300007F1080107F10C031846FEF7CBF97968E4
:10DC4000BB68FA68029201930223009300230A46FC
:10DC500011491248FEF786FF0346114A1360104B24
:10DC60001B68002B01D001237B617B69002B0BD14A
:10DC70004FF0500383F31188BFF36F8FBFF34F8FC3
:10DC80003B6100BF00BFFDE77B6918461837BD4602
:10DC900080BD00BFBC24012418F20108DDDD0008AE
:10DCA000C024012480B58AB000AFF860B9607A6002
:10DCB0003B6000237B62FB68002B0BD14FF05003CD
:10DCC00083F31188BFF36F8FBFF34F8F3B6200BFA9
:10DCD00000BFFDE7194B1B68002B2AD0BB683B61D6
:10DCE0007B687B61FB68BB61BB68052B18DCFFF7B9
:10DCF000ADFE0346022B09D1104B186807F1100145
:10DD000000233A6BFEF73EFB786212E00B4B18687B
:10DD100007F1100100230022FEF734FB786208E0CF
:10DD2000064B186807F1100100233A68FEF72CFC37
:10DD300078627B6A18462837BD4680BDBC24012422
:10DD400080B588B002AF78603960234B1B68DB6810
:10DD5000DB687B617B6904331846FEF7DFF97B697A
:10DD600093F8283003F00403002B23D07B699A69D1
:10DD70007B68D1187B683A68786900F0D5F803466B
:10DD8000002B20D00023009300237A6800217869BB
:10DD9000FFF788FF38613B69002B14D14FF0500327
:10DDA00083F31188BFF36F8FBFF34F8FFB6000BF0A
:10DDB00000BFFDE77B6993F8283023F00103DAB256
:10DDC0007B6983F828207B691B6A7869984700BFC4
:10DDD0001837BD4680BD00BFB424012480B584B08F
:10DDE00000AF786007F10803184600F059F8F860B2
:10DDF000BB681946F86800F005F800F0D7F800BFD6
:10DE0000F0E7000080B584B000AF78603960FFF7BC
:10DE100001FA07F10803184600F066F8F860BB68DD
:10DE2000002B30D13B68002B0AD17A68FB689A42FC
:10DE300006D8FFF7FDF9F9687868FFF781FF24E05D
:10DE40003B68002B08D0134B1B681B68002B01D1CB
:10DE5000012300E000233B600F4B18687A68FB68E1
:10DE6000D31A3A681946FEF749FEFFF7E1F903466F
:10DE7000002B0AD1094B4FF080521A60BFF34F8F2D
:10DE8000BFF36F8F01E0FFF7D3F900BF1037BD4636
:10DE900080BD00BFB8240124BC24012404ED00E0AF
:10DEA00080B485B000AF78600E4B1B681B68002BF8
:10DEB00001D1012200E000227B681A607B681B68A8
:10DEC000002B05D1074B1B68DB681B68FB6001E07A
:10DED0000023FB60FB6818461437BD465DF8047BE1
:10DEE000704700BFB424012480B584B000AF7860CF
:10DEF000FFF73CFAF8600B4B1B68FA689A4205D2B0
:10DF000000F03AF97B6801221A6002E07B68002287
:10DF10001A60044AFB681360FB6818461037BD4658
:10DF200080BD00BFC424012480B586B000AFF86076
:10DF3000B9607A603B6000237B61FB68BA685A6015
:10DF4000FB68FA681A61BA687B689A4212D87A68E4
:10DF50003B68D21AFB689B699A4202D301237B611A
:10DF60001BE0104B1A68FB68043319461046FEF795
:10DF70009CF812E07A683B689A4206D2BA683B681D
:10DF80009A4202D301237B6107E0074B1A68FB68C2
:10DF9000043319461046FEF788F87B69184618378F
:10DFA000BD4680BDB8240124B424012480B58EB0C0
:10DFB00002AFCEE07B68002B19DA3B1D0433FB6215
:10DFC000FB6A002B0BD14FF0500383F31188BFF392
:10DFD0006F8FBFF34F8FFB6100BF00BFFDE7FB6A90
:10DFE0001B68FA6A5068FA6A9268114698477B681B
:10DFF000002BC0F2AE80FB68BB62BB6A5B69002B82
:10E0000004D0BB6A04331846FEF788F83B4618462E
:10E01000FFF76AFF78627B68092B00F2978001A204
:10E0200052F823F04DE000084DE000084DE00008F4
:10E03000C3E00008D7E0000823E100084DE0000835
:10E040004DE00008C3E00008D7E00008BB6A93F881
:10E05000283043F00103DAB2BB6A83F82820BA689B
:10E06000BB6A9B69D118BB687A6AB86AFFF75CFF24
:10E070000346002B6CD0BB6A1B6AB86A9847BB6A20
:10E0800093F8283003F00403002B61D0BA68BB6A10
:10E090009B691A440023009300230021B86AFFF70C
:10E0A00001FE38623B6A002B52D14FF0500383F3DC
:10E0B0001188BFF36F8FBFF34F8FBB6100BF00BFED
:10E0C000FDE7BB6A93F8283023F00103DAB2BB6A9C
:10E0D00083F828203DE0BB6A93F8283043F0010321
:10E0E000DAB2BB6A83F82820BA68BB6A9A61BB6A55
:10E0F0009B69002B0BD14FF0500383F31188BFF3C2
:10E100006F8FBFF34F8F7B6100BF00BFFDE7BB6A1E
:10E110009A697B6AD1187B6A7A6AB86AFFF704FF4A
:10E1200017E0BB6A93F8283003F00203002B03D1F9
:10E13000B86A00F0E9FB0CE0BB6A93F8283023F0E2
:10E140000103DAB2BB6A83F8282002E000BF00E0D6
:10E1500000BF084B1B68391D00221846FEF7B2FAB3
:10E160000346002B7FF426AF00BF00BF3037BD460B
:10E1700080BD00BFBC24012480B588B002AF49E057
:10E180002E4B1B68DB681B683B612C4B1B68DB68F4
:10E19000DB68FB60FB6804331846FDF7BFFFFB68D4
:10E1A0001B6AF8689847FB6893F8283003F004036B
:10E1B000002B2FD0FB689B693A691344BB60BA6897
:10E1C0003B699A420ED9FB68BA685A60FB68FA68E4
:10E1D0001A611A4B1A68FB68043319461046FDF79A
:10E1E00064FF17E00023009300233A690021F868D8
:10E1F000FFF758FD78607B68002B0BD14FF0500380
:10E2000083F31188BFF36F8FBFF34F8F3B6000BF65
:10E2100000BFFDE7094B1B681B68002BB0D1074B03
:10E220001B687B61064B1B68044A1360044A7B69C8
:10E23000136000BF1837BD4680BD00BFB424012461
:10E24000B824012480B582B002AF00F06DF9154BFF
:10E250001B68002B20D11448FDF7D6FE1348FDF7AC
:10E26000D3FE134B104A1A60124B104A1A60002357
:10E270000093114B114A10210A20FDF7E3FF0346DA
:10E28000084A1360074B1B68002B05D0054B1B6821
:10E290000B491846FEF708FC00F078F900BFBD46B0
:10E2A00080BD00BFBC2401248C240124A0240124AF
:10E2B000B4240124B824012468250124C82401249D
:10E2C00020F2010880B485B000AFF860B9607A60D0
:10E2D000FB68043BFB60FB684FF080721A60FB68D0
:10E2E000043BFB60BB6823F00102FB681A60FB681B
:10E2F000043BFB600C4AFB681A60FB68143BFB6044
:10E300007A68FB681A60FB68043BFB60FB686FF08F
:10E3100002021A60FB68203BFB60FB68184614375A
:10E32000BD465DF8047B70472DE3000880B485B0DE
:10E3300000AF00237B60134B1B68B3F1FF3F0BD092
:10E340004FF0500383F31188BFF36F8FBFF34F8FEC
:10E35000FB6000BF00BFFDE74FF0500383F311885F
:10E36000BFF36F8FBFF34F8FBB6000BF00BF7B68F1
:10E37000002BFCD000BF00BF1437BD465DF8047B06
:10E38000704700BF8403002400000000000000006C
:10E39000074B19680868B0E8F04F80F30988BFF3AD
:10E3A0006F8F4FF0000080F311887047AFF300804B
:10E3B0008C1F012400BF00BF08480068006880F37C
:10E3C00008884FF0000080F3148862B661B6BFF38E
:10E3D0004F8FBFF36F8F00DF00BF00BF08ED00E07D
:10E3E00080B586B000AF474B1B68474A93420BD1BC
:10E3F0004FF0500383F31188BFF36F8FBFF34F8F3C
:10E400003B6100BF00BFFDE73E4B1B683F4A9342A4
:10E410000BD14FF0500383F31188BFF36F8FBFF31D
:10E420004F8FFB6000BF00BFFDE7394B7B617B690D
:10E430001B78DBB27B607B69FF221A707B691B78DB
:10E44000DBB2FB70FB78DBB203F05003DAB2314B86
:10E450001A70314B07221A6009E02F4B1B68013BF1
:10E460002D4A1360FB78DBB25B00DBB2FB70FB78FC
:10E47000DBB203F08003802BEFD0274B1B68C3F186
:10E480000703042B0BD04FF0500383F31188BFF325
:10E490006F8FBFF34F8FBB6000BF00BFFDE71E4B08
:10E4A0001B681B021C4A13601B4B1B6803F4E063D0
:10E4B000194A13607B68DAB27B691A70174B1B68C4
:10E4C000164A43F470031360144B1B68134A43F05D
:10E4D0007043136000F0DAF8114B00221A6000F06C
:10E4E000F9F8104B1B680F4A43F040431360FFF7E5
:10E4F00063FFFFF705F8FFF719FF002318461837E9
:10E50000BD4680BD00ED00E071C20F4170C20F41F9
:10E5100000E400E0B8250124BC25012420ED00E042
:10E520008403002434EF00E080B483B000AF4FF0E8
:10E53000500383F31188BFF36F8FBFF34F8F7B605E
:10E5400000BF104B1B6801330E4A13600D4B1B6854
:10E55000012B10D10C4B1B68DBB2002B0BD04FF002
:10E56000500383F31188BFF36F8FBFF34F8F3B606E
:10E5700000BF00BFFDE700BF0C37BD465DF8047B60
:10E58000704700BF8403002404ED00E080B483B032
:10E5900000AF124B1B68002B0BD14FF0500383F3DD
:10E5A0001188BFF36F8FBFF34F8F7B6000BF00BF39
:10E5B000FDE70A4B1B68013B084A1360074B1B68C9
:10E5C000002B05D100233B603B6883F3118800BF1B
:10E5D00000BF0C37BD465DF8047B70478403002400
:10E5E000EFF30980BFF36F8F154B1A681EF0100F01
:10E5F00008BF20ED108A20E9F04F10602DE90900D6
:10E600004FF0500080F31188BFF34F8FBFF36F8F2F
:10E61000FEF776FF4FF0000080F3118809BC1968FF
:10E620000868B0E8F04F1EF0100F08BFB0EC108A79
:10E6300080F30988BFF36F8F704700BFAFF300808E
:10E640008C1F012400BF00BF80B582B000AF4FF027
:10E65000500383F31188BFF36F8FBFF34F8F7B603D
:10E6600000BFFEF793FE0346002B03D0064B4FF08E
:10E6700080521A6000233B603B6883F3118800BF1F
:10E6800000BF0837BD4680BD04ED00E080B400AF98
:10E690000B4B00221A600B4B00221A600A4B1B68BE
:10E6A0000A4AA2FB03239B09094A013B1360044B5E
:10E6B00007221A6000BFBD465DF8047B704700BFAB
:10E6C00010E000E018E000E008000024D34D6210E4
:10E6D00014E000E0DFF80C00016841F47001016013
:10E6E000704700BF88ED00E080B485B000AFEFF365
:10E6F0000583FB60FB680F2B15D9184AFB68134490
:10E700001B78FB72164B1B78FA7A9A420BD24FF0A9
:10E71000500383F31188BFF36F8FBFF34F8F7B607C
:10E7200000BF00BFFDE70F4B1B6803F4E0620E4B18
:10E730001B689A420BD94FF0500383F31188BFF343
:10E740006F8FBFF34F8F3B6000BF00BFFDE700BF7F
:10E750001437BD465DF8047B704700BFF0E300E06E
:10E76000B82501240CED00E0BC25012480B58AB059
:10E7700000AF78600023FB61FEF74CFD5C4B1B682B
:10E78000002B01D100F024F95A4B1A687B68134022
:10E79000002B40F095807B68002B1ED008227B6800
:10E7A00013447B607B6803F00703002B15D07B6864
:10E7B00023F0070308337B607B6803F00703002B1B
:10E7C0000BD04FF0500383F31188BFF36F8FBFF36B
:10E7D0004F8F7B6100BF00BFFDE77B68002B6FD0D0
:10E7E000454B1B687A689A426AD8444B3B62434B5C
:10E7F0001B687B6204E07B6A3B627B6A1B687B620E
:10E800007B6A5B687A689A4203D97B6A1B68002B33
:10E81000F1D1374B1B687A6A9A4251D03B6A1B6828
:10E8200008221344FB617B6A1A683B6A1A607B6AA0
:10E830005A687B68D21A08235B009A4220D97A6A08
:10E840007B681344BB61BB6903F00703002B0BD04B
:10E850004FF0500383F31188BFF36F8FBFF34F8FD7
:10E860003B6100BF00BFFDE77B6A5A687B68D21A34
:10E87000BB695A607B6A7A685A60B86900F00AF925
:10E880001D4B1A687B6A5B68D31A1B4A13601A4BCC
:10E890001A681B4B1B689A4203D2174B1B68184A15
:10E8A00013607B6A5A68134B1B681A437B6A5A6071
:10E8B0007B6A00221A60134B1B680133114A1360F4
:10E8C000FEF7B6FCFB6903F00703002B0BD04FF0FB
:10E8D000500383F31188BFF36F8FBFF34F8FFB603B
:10E8E00000BF00BFFDE7FB6918462837BD4680BD65
:10E8F00018E901242CE901241CE9012410E9012470
:10E9000020E9012424E9012480B586B000AF7860B5
:10E910007B687B617B68002B4FD008235B427A6960
:10E9200013447B617B693B613B695A68254B1B68DB
:10E930001340002B0BD14FF0500383F31188BFF32A
:10E940006F8FBFF34F8FFB6000BF00BFFDE73B69D8
:10E950001B68002B0BD04FF0500383F31188BFF3DB
:10E960006F8FBFF34F8FBB6000BF00BFFDE73B69F8
:10E970005A68144B1B681340002B1ED03B691B6860
:10E98000002B1AD13B695A680E4B1B68DB431A40B7
:10E990003B695A60FEF73EFC3B695A680A4B1B68AC
:10E9A0001344094A1360386900F074F8074B1B6878
:10E9B0000133064A1360FEF73BFC00BF1837BD4623
:10E9C00080BD00BF2CE901241CE9012428E90124B1
:10E9D00080B485B000AF4CF25033BB60274BFB6076
:10E9E000FB6803F00703002B0CD0FB680733FB60C8
:10E9F000FB6823F00703FB60BA68FB68D31A1F4A61
:10EA00001344BB60FB687B601D4A7B6813601C4B32
:10EA100000225A607B68BA681344FB600822FB68D6
:10EA20009B1AFB60FB6823F00703FB60FB68154A39
:10EA30001360144B1B6800225A60124B1B680022A3
:10EA40001A607B683B603B68FA68D21A3B685A6080
:10EA50000C4B1A683B681A603B685B680A4A136093
:10EA60003B685B68094A1360094B4FF000421A602B
:10EA700000BF1437BD465DF8047B7047C0250124F4
:10EA800010E9012418E9012420E901241CE90124EA
:10EA90002CE9012480B485B000AF7860284BFB607E
:10EAA00002E0FB681B68FB60FB681B687A689A429F
:10EAB000F7D8FB68BB60FB685B68BA6813447A6888
:10EAC0009A4208D1FB685A687B685B681A44FB6805
:10EAD0005A60FB687B607B68BB607B685B68BA6878
:10EAE0001A44FB681B689A4218D1FB681A68154BD8
:10EAF0001B689A420DD07B685A68FB681B685B688C
:10EB00001A447B685A60FB681B681A687B681A6045
:10EB100008E00C4B1A687B681A6003E0FB681A680F
:10EB20007B681A60FA687B689A4202D0FB687A6850
:10EB30001A6000BF1437BD465DF8047B704700BF04
:10EB400010E9012418E901242DE9F0418AB00446B6
:10EB500001ADDDF8408005A885E80E0003F004FA59
:10EB6000039F4046019EF1F71BFCB84205460BD8B7
:10EB7000421C414630460EF022FC2046A760C4E904
:10EB800000650AB0BDE8F081471C099A3046079B32
:10EB9000394698473A460646EBE700BF002846D07C
:10EBA000034630B5027885B00A2A42D8DFE802F081
:10EBB00012121814140606061A2E16000A6A596B49
:10EBC000002052F82120121A18BF012283F83920A0
:10EBD00005B030BD0A68F2E78A69F0E78A68EEE7B7
:10EBE0000A69ECE75C68084604F1430204F1440357
:10EBF00004F1420504F11001CDE90132009504F160
:10EC0000410304F140020BF051F8E1E75C6808466B
:10EC100004F1220204F1230104F12103CDE90021D2
:10EC200004F1200204F110010BF05AFAD0E70B2096
:10EC300070470120CCE700BFF0B59BB0002800F082
:10EC40008880037804460A2B00F26781DFE803F02E
:10EC50002D2D1544441919195A061500406890F8CD
:10EC60002030002B40F0B28090F82230002B40F092
:10EC7000E48090F82130002B6FD1002528461BB08E
:10EC8000F0BD426B0B6A53F82230002BF5D082683E
:10EC900000F11001406801F053FE05460028ECD059
:10ECA00040F25923984213D029E0426B0B6853F885
:10ECB0002230002BE1D000230AAAD0E9010101F0A3
:10ECC000A1FE05460028D9D040F29113984216D1F2
:10ECD000002384F83930D1E7426B8B6953F8223036
:10ECE000002BCAD0826800F11001406800F0ECFDF2
:10ECF00005460028C1D040F2F5139842BED003F07B
:10ED000023FABBE7406890F84230002B7DD1C369FD
:10ED10001BB190F84030002B44D190F84430002BC8
:10ED200040F0AC8090F84330002BA6D0C26A0AA90C
:10ED300010300AF093FE05460028E0D16068DDE956
:10ED40000E230BF0FDFA002898D0012380F8233021
:10ED500094E70B2528461BB0F0BD04AE10300AAA7C
:10ED600031460BF0F1F805460028C8D10AA96068C1
:10ED70000BF0A6FA0746002800F0BB80012190F9AD
:10ED800008000BF027FA0328844640F0A78007F11B
:10ED900058040FCE0FC496E8030084E8030087F8F8
:10EDA00008C06BE7816A10300AF0D8FE05460028DB
:10EDB000A5D16068816A0BF083FA0346002800F051
:10EDC000A3800122606883F82220A6E70BF052FAA4
:10EDD00006466068002E3FF447AF706006F12801D8
:10EDE000F26910300AF0F8FF0546002840F08E80E6
:10EDF000F7690FCF3572C6F80900C6F80D106068C4
:10EE0000C6F81120C6F815302EE704AA0AA910305A
:10EE10000AF0ACFD054600287FF471AF6068DDE9BB
:10EE20000E230BF07BFA30B19DF81030012280F8F0
:10EE3000213080F82020606869E7103004AA0AA910
:10EE40000BF042F8054600287FF459AF04A960682A
:10EE50000BF036FA074660B10AAD00F140064FF0FC
:10EE6000020C0FCD0FC695E8030086E8030087F873
:10EE700008C06068002380F82230FAE600F1300212
:10EE80000AA910300AF02AFE054600287FF437AFA1
:10EE90006068DDE90E230BF065FA06466068002E17
:10EEA0003FF440AF0127836BB784002B3FF43AAFA8
:10EEB000436B05EB450103EBC1010BF001FA38B1DF
:10EEC0006068013586F82570836BAB42F0D829E77E
:10EED00060680135836BAB42EAD823E706AB0FCB02
:10EEE0008DE80F000321606896E80C000BF0B0FA83
:10EEF000C4E606AB0FCB8DE80F000221606896E8F0
:10EF00000C000BF0A5FAB9E6606806E731466068C8
:10EF10000BF0C0F903F018F9B0E60125AEE600BF2A
:10EF2000F0B5037885B004460A2B00F23981DFE89A
:10EF300003F068424D5BA70606061D726200062BB1
:10EF400000F02681072B036B40F01C8104F11005B3
:10EF5000D0E90A1280689847A26A2946606801F0E1
:10EF60002FFD044678B303F0EFF82CE0406890F8EA
:10EF70004230002B00F08E800026012704E00BF0C9
:10EF800053F998B92F7260680BF0FEF90546002816
:10EF90007FD06368E26A9B6995F8211085F820604C
:10EFA000984795F821302846002BE8D1606829461B
:10EFB0000BF070F9E7E790F83900D4E90B1300B1D2
:10EFC000A06800249847204605B0F0BD406802F0D4
:10EFD0004DF840F221330446984201D00028C2D1B6
:10EFE0000024204605B0F0BD0024036B80689847DC
:10EFF000204605B0F0BD0024036B9847204605B0BD
:10F00000F0BD90F83900236B00B1A0680024984748
:10F01000204605B0F0BD406890F824303BBB90F826
:10F020002030002B7DD040F63406012707E028462B
:10F030000BF0C2F9294660680BF02CF960680021DA
:10F040000BF054F90546002868D06368E16A9B69B3
:10F050009847B0424FF00001E9D1012128460BF05A
:10F06000ABF92F72EAE748680BF014F960680BF00F
:10F0700049F901460028F6D1606880F82410CEE7EF
:10F080000024036B00F1100180689847204605B00A
:10F09000F0BD606890F840308BB1C5682DB3002694
:10F0A00095F8223043B1C36985F8226023B1816AA3
:10F0B0002846E26A984760682D68002DF0D190F8E4
:10F0C000443093B1C56885B1002695F824304BB122
:10F0D000436A85F824602BB1284695F82510E26A2A
:10F0E000984760682D68002DEFD190F84330002BD1
:10F0F0003FF476AF00270BE06368E26AD96A1E6AC4
:10F1000085F82370B047606829460BF0C3F8606843
:10F110000BF046F905460028EED161E7606880F8FB
:10F12000205090F82130002B3FF45AAFC568B5B19C
:10F13000022601E02D6895B195F90830032BF9D12D
:10F14000C3692846E16A9847034605F160022846EC
:10F1500085F8253043B10BF04FF96068EAE70023EA
:10F160001C4680F821302EE70FCA05F158078DE8BC
:10F170000F0001216068D7E900230BF069F92E72B6
:10F180006068D7E7816A04F1100580689847E3E674
:10F1900000F11005036B826A294680689847DBE618
:10F1A000012410E700283DD000293CD0034690F808
:10F1B00038000022002835D030B493F800C0BCF1EC
:10F1C000080F1DD15C68256C35F07F4505D194F89A
:10F1D000440010B994F8430028B130BC704793F84C
:10F1E00039000028F9D101324033914217D093F809
:10F1F00038000028F1D093F800C0BCF1080FE1D02E
:10F20000BCF1090FEBD15C68256A002DE5D194F8BB
:10F2100024000028E1D1013240339142E7D100209F
:10F2200030BC704770470846704700BF10B50446B1
:10F23000882202490EF0C3F8204610BD48F30108A9
:10F2400000296AD02DE9F0410546B0B000285CD015
:10F250001646184688461F4602F094FE002E54D0EB
:10F2600080F0010414F0FF044FD1882230490EA829
:10F270000EF0A5F80EA9882228460EF0A0F86846E0
:10F28000C5F80080AE6002F067F8EC4605F1140E98
:10F29000D7F80080BCE80F00AEE80F00BCE80F0014
:10F2A000AEE80F00BCE80F009FED1F7BAEE80F003B
:10F2B000DCF80030B0013969CEF800302F6185EDFF
:10F2C0001A7BC047686008B929E0686800EB8410C1
:10F2D0000134314600F06CFAA642F6D805F1480038
:10F2E00000F05AFA134A00236868C5E91E2368B182
:10F2F000AB6873B12A69B2FA82F35B094AB1184666
:10F3000085F8803030B0BDE8F0810B2030B0BDE82A
:10F31000F081002030B0BDE8F0810B2070470A205A
:10F32000F4E700BFAFF3008000CA9A3B0000000082
:10F3300048F30108A5F1000851B3B0FA80F270B5A6
:10F3400052090446E0B1D0E90203834201D301200F
:10F3500070BD60689D015E1C00EB83135960022143
:10F360004153012104F11405DA6219872846E66049
:10F3700002F006F830B9E36C00200133E36470BD9D
:10F380000B2070BD284602F001F80028F3D070BDB4
:10F390000B207047002844D0F0B500F114059BB055
:10F3A0000446284601F0ECFF10B100201BB0F0BD70
:10F3B000284601F0EBFF002830D10CA804AE01F084
:10F3C000CBFF0DF1300CAE462769BCE80F00AEE86C
:10F3D0000F00BCE80F00AEE80F00BCE80F00AEE87D
:10F3E0000F00DCF80030CEF800300FCF0FC63B68BE
:10F3F000284622683360636E616DCDE90232D4E93C
:10F400001332CDE90021226EA16C02F0BFFA002870
:10F41000CCD00B9002F098FE0B98C7E702F094FE58
:10F42000CBE70B20704700BF2DE9F84F054691460A
:10F430009846FFF7AFFF05F11406304602F072F868
:10F440000746002840F0A880AB680BB30446696803
:10F45000A20101EB841C9CF83830CBB18B5C0A2BE9
:10F4600000F2DE80DFE803F09D9DA98D8D06060683
:10F47000CEC1B5000CF13402DCF80410304602F0C5
:10F48000A1FB002840F087800134AB689C42DED3AA
:10F4900043464A46304602F0C3FB95F88030002BC5
:10F4A00000F0C680012B40F0BB80AB68002B00F061
:10F4B0005981002440F29119A0460AE0FFF76EFB43
:10F4C000044610B1484540F0B180AB68984580F0E3
:10F4D00026816A68314602EB881008F1010890F82D
:10F4E00038C0BCF1000FE9D119461046D5E91E32EB
:10F4F0009847002800F09A80AB68002B00F09680B7
:10F500004FF0000840F2911909E0FFF795FB04461F
:10F5100010B1484540F08A80AB68984509D26868C8
:10F52000314600EB881008F1010890F83820002AD5
:10F53000EBD1002B7AD000260EE012F80C20082A1E
:10F5400000F0FC80092A00F0EE8090F839208AB99A
:10F5500001369E4267D200246A684FEA861C02EB9D
:10F56000861090F83810002960D041780029E4D046
:10F570000129EDD1FFF7D4FC002840F0B580AB683D
:10F58000E6E70CF13402DCF80410304602F0EEFA43
:10F5900000283FF479AF074602F0D6FD3846BDE8B3
:10F5A000F88F0CF13402DCF80410304601F08EFFC5
:10F5B00000283FF469AF0746EEE70CF13402DCF8AF
:10F5C0000410304602F0A2FA00283FF45DAF07466F
:10F5D000E2E70CF13402DCF80410304602F06AFA7B
:10F5E00000283FF451AF0746D6E7DCF804100CF1D1
:10F5F0003402304610310AF01FFD00283FF444AFBA
:10F600000746C9E7DCF8041000230CF13402304649
:10F6100010310AF0E7FA00283FF436AF0746BBE79F
:10F62000012702F091FD3846BDE8F88F2746FAE73A
:10F63000AB68002B00F09380002440F29119A046A3
:10F6400008E0FFF7ABFA044608B14845EED1AB68D5
:10F65000984566D26A68314602EB881008F10108C5
:10F6600090F838C0BCF1000FEBD119461046D5E92F
:10F670001E3298470028D9D0AB68002BD6D04FF067
:10F68000000A40F2911840F259290EE013F80B30AD
:10F69000082B34D0092B29D090F8393003BB0AF15C
:10F6A000010AAB689A45BED2002468684FEA8A1BFB
:10F6B00000EB8A1090F83830002BB7D03146FFF7B6
:10F6C000BBFA002818BF404501D048450CD16B68F3
:10F6D00013EB0B0021D04278002AD7D0012ADED1CB
:10F6E000FFF71EFC0028DAD007469CE743681A6A39
:10F6F000002AF5D193F82430002BD0D0F0E74368EE
:10F700001A6C32F07F42EBD193F84420002AE7D103
:10F7100093F84330002BC2D0E2E70B2783E76A68F7
:10F72000E2E66A68A1E74268116A00297FF422AF25
:10F7300092F82420002A3FF40BAF1BE74268116CBB
:10F7400031F07F417FF416AF92F8441000297FF426
:10F7500011AF92F84320002A3FF4FAAE0AE76A6834
:10F760001C4682E76A681C46BEE600BF90B170B5D1
:10F770000446006816461D4600F044F930B1324692
:10F780002B462046BDE87040FFF74EBE02F0DCFC81
:10F79000012070BD0B20704730B12022002108B538
:10F7A0000DF0EAFC002008BD0B20704700000000AF
:10F7B000034678B100224FF00B0C41631046A3F8CA
:10F7C00000C01A631A879FED047BC3E9012283ED11
:10F7D0000A7B70470B20704700000000000000000B
:10F7E0002DE9F04383B00A9F002B18BF002F27D0CC
:10F7F000044628B3E9461D460E469046484600F0AA
:10F80000F7F82A46234699E8030084E803004146B6
:10F81000304600F0C7F9054660B93A4604F10C01DC
:10F820000320A76001F06EF9054618B9284603B019
:10F83000BDE8F08302F088FC284603B0BDE8F08301
:10F840000B25284603B0BDE8F08300BF18B100685F
:10F8500008B1D0F80801704770B582B0F8B104461D
:10F860000068E0B1D0F80831CBB10E46E1B11546E1
:10F87000D2B1052100F5887002F092FB02460B46DA
:10F880003146C5E9002323682A46D3F8080103F06E
:10F890002DFD064660B10126304602B070BD4FF422
:10F8A000FA76304602B070BD0B26304602B070BD0D
:10F8B00020680521D5E9002300F58870009102F049
:10F8C000DBFB304602B070BD70B58E468CB00C4686
:10F8D00016460DF1180C0546BEE80F00ACE80F0007
:10F8E0009EE803008CE803005DB32B684BB3D3F8AC
:10F8F000080130B346B30023324602A98DF8073021
:10F900000DF107039FED127B8DED027B8DED047BE6
:10F9100003F0F4FD0546C8B99DF8072040F2F51341
:10F92000002A08BF1D460DF1180EA446BEE80F00C0
:10F93000ACE80F009EE803008CE8030028460CB0FA
:10F9400070BD4FF4FA75EEE70B25ECE70125EAE709
:10F95000000000000000000030B1006820B1D0F8C5
:10F960000801003818BF0120704700BF002B18BFE6
:10F97000002A2DE9F04316460CBF01220022A1B057
:10F98000002908BF42F0010222BB044610B30DF16A
:10F9900010081F460D460DF11809404600F038FBCF
:10F9A00098E8030084E80300484600F0ABFC4046BA
:10F9B00000F02EFBCDF800903B46324698E803005D
:10F9C00084E803002946204600F02CFB30B921B022
:10F9D000BDE8F0830B2021B0BDE8F083039002F076
:10F9E000B3FB02F0B1FB039821B0BDE8F08300BF88
:10F9F000034A034692E8030083E803001846704771
:10FA0000D0F3010818B14068003818BF01207047D2
:10FA10002DE9F8430646002300687360002849D0AA
:10FA20004769D0F80480D0F8109037B1143000F056
:10FA300027FA0746002844D13068036B43B12830C9
:10FA400003F05CF918B1002F3ED002F07DFB306866
:10FA5000036ADBB1D0E9062C012A7CF1000111DB3D
:10FA60000024254653F824004946B8B1C0473368FE
:10FA70000134D3E9062C45F100051B6A944275EB6D
:10FA80000C01EFDB18464946C04730684946C0477D
:10FA900000233846C6E90033BDE8F883013445F158
:10FAA0000005944275EB0C01DCDB18464946C04763
:10FAB0003068EBE7074600233846C6E90033BDE867
:10FAC000F88302F041FBB7E70AF0E2FC0746BCE727
:10FAD000002B18BF002A2DE9F04116460CBF012269
:10FAE0000022A0B0002908BF42F001021ABB044660
:10FAF00008B30DF110081F460D4600F009FD206007
:10FB0000404600F0A5FD50220D4940460DF057FC3F
:10FB10003B46324629462046CDF8008000F0FEFCE8
:10FB200010B920B0BDE8F081039002F00DFB0398FE
:10FB300020B0BDE8F0810B2020B0BDE8F08100BF0F
:10FB4000D8F3010861B32DE9F04106468AB018B335
:10FB50000D4690461F4601F0CDF9AC680DF10C0C36
:10FB600030600FCCACE80F0023682A4605F10C0189
:10FB70003046CCF80030109BCDE90087029301F0AD
:10FB8000BFF910B90AB0BDE8F081099002F0DCFAC3
:10FB900009980AB0BDE8F0810B200AB0BDE8F081F9
:10FBA0000B2070472DE9F047051E9EB00E4690468B
:10FBB0001F4640F39F80002900F09F80A1F1040EB2
:10FBC0004FF0000C5EF8044F0CF1010C002C00F01B
:10FBD00094806545F6D1B8F1000F00F08E80D8F81A
:10FBE0000040002C00F089800DF1640C0FCCACE8D3
:10FBF0000F00236819A8CCF8003002F0C3F980F098
:10FC00000100C0B2002878D1002F76D03B68002BCD
:10FC100078D178210120DDE91C329847044638600C
:10FC2000002800F0B68002A802F0AEFD02A904F19F
:10FC3000280050220DF0C3FB19ACD7F800E00FCC20
:10FC4000F446ACE80F0023680EF114014046CCF8EE
:10FC5000003000F03FF90446002844D1D7F8009066
:10FC60004FEAE578C9F82000C9F81850C9F81C8097
:10FC7000002D4ED0002E4CD004212846DDE91C3248
:10FC80009847C9F82000D7F80090D9F82030CA4624
:10FC900043B3012D78F100033BDB0024043EA14671
:10FCA0000BE031680DF08BFB013449F10009C845C8
:10FCB00008BFA5422BD0D7F800A056F8040FF0F7E4
:10FCC0006FFB421C199B10461D99DAF820A0019287
:10FCD00098473B684AF824001B6A019A53F82400AD
:10FCE0000028DED10A243846FFF792FE20461EB0D7
:10FCF000BDE8F08700293FF46EAF0B2420461EB00C
:10FD0000BDE8F087642420461EB0BDE8F087D7F830
:10FD1000009026490B68013336D01A4600240B6048
:10FD2000D9F814007B60436A0133C0E9062434D05B
:10FD300090F830303BB9303000F048F904460028E4
:10FD4000D1D13B68586918AA17A9406B01F0F2FAA3
:10FD500004460028C7D1179BEBB939684B6903F1FA
:10FD60002802586B00F094FD04460028BBD1396886
:10FD700048692831183002F08BFE04460028BDD0B7
:10FD80000AF086FB0446AEE701221C460A601346D1
:10FD9000C6E70A24B2E70124A5E724300AF08CFB69
:10FDA000044600289FD13B685869C1E730E9012427
:10FDB0000020704784B0F0B597B01DAE86E80E0005
:10FDC000002858D00368054633B16424204617B094
:10FDD000BDE8F04004B07047304602F0D3F8002888
:10FDE00049D0B44611ACBCE80F000FC4DCF80030B9
:10FDF0005020219923601D9B9847044628600028C5
:10FE00003BD00DF1440C8646BCE80F00AEE80F0075
:10FE1000DCF8003002A8CEF8003002F0C9FC0DF189
:10FE2000080E04F1180C2F6820ACBEE80F00ACE8F7
:10FE30000F00BEE80F00ACE80F00BEE80F00ACE812
:10FE40000F009EE803008CE8030094E803008DE8AF
:10FE5000030096E80E0007F1180002F01BFD0446AF
:10FE60000028B3D021991E9B2868984720460AF0A5
:10FE70000FFB0446AAE70B24A8E70A24A6E700BF65
:10FE800030B587B0F0B103680446DBB19C460DF194
:10FE9000040EBCE80F00AEE80F00DCF8003001A84B
:10FEA000CEF8003002F06EF860B12068183002F031
:10FEB000ABFD054650B92068029B05999847284636
:10FEC00007B030BD0B25284607B030BD0AF0E0FA78
:10FED0000546F8E72DE9F04194B000285BD00446D0
:10FEE0000068002857D00E4602F04CF8002E52D081
:10FEF00080F00100C0B200284DD1336823B16424E2
:10FF0000204614B0BDE8F08127680FADBC46D7F895
:10FF10000080BCE80F000FC5DCF800305020194607
:10FF20002B60C04705463060D0B30DF13C0C8646CF
:10FF3000BCE80F00AEE80F00DCF800306846CEF8F1
:10FF4000003002F035FCEE4605F1180C24683568E7
:10FF5000BEE80F00ACE80F00BEE80F00ACE80F00F1
:10FF6000BEE80F00ACE80F009EE803008CE8030039
:10FF700004F1180005F1180102F0F4FC0446002811
:10FF8000BED002F0C9F802F0DFF83046FFF778FF84
:10FF900040B10446B4E70B24204614B0BDE8F0811C
:10FFA0000A24ADE7204614B0BDE8F0410AF070BA6B
:10FFB00020B1036813B10020596270470B207047CD
:10FFC00010B1006800B11830704700BF10B50023B1
:10FFD00082B00193B8B1044601A90C4802F084F83C
:10FFE00010B1012002B010BD019B13B11A78312A63
:10FFF00004D002230020237002B010BD5B78002BD8
:020000040801F1
:10000000F7D10123F6E70B2002B010BD28F4010858
:10001000034A034692E8030083E80300184670474A
:1000200058F401082DE9F04FA9B004460E461546D4
:10003000DDF8C88023A81F460AF0B2FCB8F1000F13
:1000400000F0F380404601F09DFF002D18BF002C0A
:1000500080F001000CBF4FF0010C4FF0000C002E9F
:1000600008BF4CF0010C4CEA000C1CF0FF0940F0FA
:10007000DC80D4F804A0BAF1000F40F0FC80002F1F
:1000800000F0D3803846FFF7BDFC8346002800F01F
:10009000D2805246304622A9CDF888A004F034FA26
:1000A0008246002840F0C3802298002840F0F1806A
:1000B0002846F0F775F9002840F0C080794D22A954
:1000C0000022284604F002FA8246002840F0AF8061
:1000D0002298002840F0D580D8F800307820D8F851
:1000E0001010984782466060002800F0CF80002200
:1000F000002308A8CAE91A23CAE91C2300F002F960
:1001000008A9504668220DF05AF9616840462760F8
:1001100000F006F9002858D12846F0F741F92844A4
:1001200010F8013CCDE903562F2BD8F8103000937E
:100130000CBF5D4B5D4B02934FF400630193D4F809
:1001400004A098E80F0002F02BF82368CAF87400A6
:10015000314618682A466668283002F081FE6368D6
:10016000B066986E002832D002F00AFF824660B373
:10017000D8F800300820D8F81010666898476368EF
:10018000F066D3F86CB0BBF1000F20D006A823AE08
:100190000AF02CFB06A86368C44603C8D3F86CE0D9
:1001A0008BE80300BCE80F000FC6DCF800303360BA
:1001B00028AB13E90F008DE80F0051463A46704610
:1001C000239B0AF06BFB824628B36368F3B1586F38
:1001D00028B1D8F80430D8F8101098476368986EA2
:1001E00010B102F04FFE6368D86E48B10AF0B2FB5E
:1001F0006368D8F81010D86ED8F804309847636850
:100200001846D8F81010D8F80430984700234FF05B
:10021000010AC4E90033B9F1000F08D0D8F804305E
:100220002846D8F81010984701E04FF00B0A5046C6
:1002300029B0BDE8F08F4FF0650AF8E72B782F2B37
:100240003FF43DAF0395D8F810300093184B02935C
:100250004FF40063019398E80F0001F0A1FF0546F9
:10026000E0B1002222A9229204F030F9824600284F
:10027000D4D1D9462CE74FF0640A504629B0BDE8E6
:10028000F08F4FF0CA0A04F033F9C4E74FF00A0ABE
:10029000C1E74FF0C90A04F08BF9C8E74FF00A0A2A
:1002A000C5E700BF40F4010848F4010850F4010814
:1002B00044F4010830B1436823B19B6E13B1006868
:1002C000FFF7A0BB0020704720B1406810B1806EDE
:1002D00000B18068704700BF20B1406810B1806EE7
:1002E00000B1C068704700BF28B1406818B1836E84
:1002F000002B08BF0020704710B1406800B1806E2D
:10030000704700BF10B50446682200210CF034FF8E
:10031000204601F029FE01232046237510BD00BFB1
:10032000002818BF88421BD0F8B5B1FA81F60C46F8
:10033000760999B10546878A84468E460FCDAEE888
:100340000F002B6850220CF1180104F11800CEF8B0
:100350000030A7820DF033F83046F8BD0B20F8BD11
:100360000B20704782B02DE9F04F91B01AAC9DF888
:100370007C8084E80C0000283DD00C460546FFF741
:10038000B3FF00283AD02846FFF79EFF06462846CE
:100390000BADFFF7A1FF0DF1680E0746AC46BEE8B6
:1003A0000F00ACE80F00DEF80030CCF80030219BE5
:1003B0000BB38946DDF878A002F06AF810AB08901C
:1003C00013E907008DE80700002108A895E80C0054
:1003D00002F0D4F88346A0B101F09EFE01F0B4FE15
:1003E000BBF10A0F18BF4FF0010B584611B0BDE822
:1003F000F04F02B070474FF00B0BF6E74FF0010BD8
:10040000F3E70990079008A80AF0EAF9834680B15B
:100410000A2808A818BF4FF0010B02F0EFF80446B5
:1004200000285BD151460998C84751462046C84725
:10043000DBE709ABEC4605930FCDACE80F002B686A
:100440003A4631462046CCF8003008AB0AF068F84E
:100450008346D8B9099C024609900AA9204603F0B0
:1004600065FF50BB0A9D002D40D1219B08A81C6050
:1004700002F0C4F88346002843D001F04DFEA846A0
:100480004FF0010B2C4601F05FFE0AE0672814BF15
:100490004FF0000808F00108079C08A802F0AEF829
:1004A00050BB51460998C84751462046C847B8F145
:1004B000000F18BF4FF0680B97E701F02DFE01F019
:1004C00043FE08A802F09AF898B951460998C8471F
:1004D000514620464FF0010BC84786E7DDF81C80E7
:1004E00001F01AFE01F030FE4446DAE74FF0670BE8
:1004F000D3E7D8464FF0010B01F00EFE01F024FEC9
:10050000CFE751460998C84751465846C8476CE757
:10051000014B1868704700BF60F401082DE9F047EF
:1005200088B0109E002E6BD006F1500A05460F468B
:1005300090465046994601F025FD80F00104E4B252
:10054000002C5DD1002D5BD02B6823B164242046A4
:1005500008B0BDE8F0873846FFF7ACFE002854D05D
:10056000B8F1000F4CD0B9FA89F35B09B9F1000F6B
:1005700046D007AA0793CDE9033306F15803059245
:1005800093E807008DE80700494638469AE80C00D2
:10059000FFF7E8FE00284FD1336DC820316E984731
:1005A0002860002850D03846FFF7A6FE06F1640305
:1005B0004146079A009333462C6802F04BFD2B68A6
:1005C000C4F8C400D3F8C40070B303F1700102F0A2
:1005D00025FE2B680446D0B996F8482031461846C7
:1005E00083F8B82070220CF0EAFE3A68C0F8C02008
:1005F0000798736D316E9847204608B0BDE8F087C4
:100600000B24204608B0BDE8F087C8249FE7CBB193
:10061000D3F8C42042B13846FFF76EFE2B68D3F8FA
:10062000C41002F00FFE2B681846726D316E012463
:10063000904700232B60DBE7672807D0692805D0A7
:100640000A2801D00124D3E70A24D1E76724CFE7A1
:1006500070B5144D88B004465022134928460CF05A
:10066000AEFE02A801F080FC0DF1080C05F1500E61
:100670006E46BCE80F00AEE80F00DCF800303046F4
:10068000CEF8003003F0BAFD05F16403702296E85D
:10069000030083E80300294620460CF090FE204624
:1006A00008B070BD38E9012468F40108F8B10368A6
:1006B00070B50446B3B11646D3F8C42092B1D3F84E
:1006C000C0000D46FFF79EF960B12368D3F8C4005F
:1006D00040B155B13246294602F05CFC003818BFE3
:1006E000012070BD4FF4967070BD0B2070BD4FF4AB
:1006F00096707047A0B1036810B5044673B1D3F883
:10070000C4205AB1D3F8C000FFF77CF930B1236898
:10071000D3F8C400003818BF012010BD002010BD60
:100720000020704730B1006820B1D0F8C400003814
:1007300018BF0120704700BFF0B502F108070B4653
:1007400085B01446064697E807008DE8070018466E
:10075000194994E80C0001F015FD337805462F2B5C
:1007600023D004F10C0393E803008DE80300701C10
:1007700094E80E0001F00CFD064697E807008DE8AE
:1007800007003146284694E80C0001F0FBFC0346C4
:10079000304662681E4621699047284635466368A0
:1007A00021699847284605B0F0BD7378002BD8D151
:1007B000284605B0F0BD00BFF4F401082DE9F04370
:1007C00085B068B1074608460C4601F0DBFB38B13E
:1007D00000232D4803A9039301F086FC054620B1B0
:1007E0000025284605B0BDE8F083039B1A78002A4F
:1007F000F6D004F10C0999E803008DE803001846CF
:1008000094E80E0001F006FE80460028E8D003A917
:100810001E48039501F068FC60B10026304663680D
:10082000216998474046636821699847284605B082
:10083000BDE8F083039B1E78F6B199E803008DE8CC
:100840000300184694E80E0001F0E4FD0646002877
:10085000E3D022464146FFF76FFF0546002DDDD06D
:10086000284601F08DFC03460028D7D1284621698F
:100870001D4663689847D1E7224638464146FFF750
:100880005BFF0546EAE700BF00F5010818F501081F
:100890002DE9F04182B0002306460F46214801A908
:1008A0009046019301F020FC20B10125284602B0BA
:1008B000BDE8F08104461C490198EFF711FD05469B
:1008C000F0B90190B8F1000F21D001A9174801F04B
:1008D0000BFC0028E9D116490198EFF701FD03460A
:1008E00039463046B3FA83F35B0988F80030FFF7E6
:1008F00065FF70B1C8F80400284602B0BDE8F08179
:10090000254688F80040284602B0BDE8F0810B2556
:10091000CCE798F80050A5F10105B5FA85F56D0909
:10092000C4E700BFB8F40108CCF40108D4F401080E
:10093000ECF4010818B1006808B1D0F8080170475C
:1009400070B58E468CB00C4616460DF1180C054657
:10095000BEE80F00ACE80F009EE803008CE803003F
:100960000DB32B68FBB1D3F80801E0B136B3002317
:10097000324602A98DF807300DF1070302F004FD9D
:10098000054698B10A2818BF01250DF1180EA44696
:10099000BEE80F00ACE80F009EE803008CE80300FF
:1009A00028460CB070BD4FF41675EEE79DF8072091
:1009B00040F25923002A08BF1D46E6E70B25E4E76D
:1009C00070B1006860B1D0F8080148B169B110B5E4
:1009D0004AB102F037FD10B1022818BF012010BD46
:1009E0004FF4167070470B2010BD0B20704700BFEE
:1009F00030B1006820B1D0F80801003818BF0120DC
:100A0000704700BF002849D02DE9F0411546026823
:100A1000A4B00446002A39D01F46D2F8C030ABB388
:100A20000E46002938D0002D3CD002A84FF0000817
:100A300003F074FC0DF1080CAE46BCE80F00AEE804
:100A40000F00BCE80F00AEE80F00BCE80F00AEE8F6
:100A50000F009CE80F008EE80F008DF84F802B46AA
:100A600020680DF14F023146D0F8C000009702F027
:100A700033FE0346C0B99DF84F1040F29112002991
:100A800008BF1346184624B0BDE8F0814FF4C87380
:100A9000184624B0BDE8F0810B23F3E74FF4C87388
:100AA0001846704714ADC0E709F0F2FC0346E9E7C9
:100AB00018B1006808B1D0F8C000704730B10068C4
:100AC00020B1D0F8C000003818BF0120704700BF27
:100AD000084601F00BBE00BF084601F02DBE00BF66
:100AE000037A10B50C4643B1052101F059FA0246CC
:100AF0000B460020C4E9002310BD0846BDE81040A5
:100B000001F0F4BDF8B50546104614460E4601F056
:100B100039FA28B1032D03D8DFE805F01F30590654
:100B20004FF00B0C6046F8BD002CF9D0B6FA86F3F6
:100B30005B09002EF4D033619C4606F11405324F58
:100B40004FF0030EC6E901330FCC0FC52368604692
:100B50002B60F76086F800E0F8BD002EE0D000239F
:100B600006F1140533709C46C6E90133C6E9033328
:100B70000FCC0FC5236860462B60F8BD002CCFD08A
:100B8000B6FA86F56D09002ECAD0A646357006F174
:100B9000140CBEE80F00C6E90155C6E90355ACE8E0
:100BA0000F00DEF800301020CCF8003023682169F7
:100BB0009847306120B300220023AC460572C0E99B
:100BC0000023124A01236046F2603370F8BD002C06
:100BD000A6D0B6FA86F35B09002EA1D033619C46FD
:100BE00006F11405DFF828E00227C6E901330FCC2F
:100BF0000FC5236860462B60C6F80CE03770F8BD5F
:100C00004FF00A0C8EE700BFD90A0108E10A01087B
:100C1000D10A010840B139B103781BB1C3680BB1E7
:100C200000691847012070470B20704782B02DE9FA
:100C3000F04106A9DDE90C5681E80C0030B304460A
:100C4000143001F09FF90DB380F0010313F0FF039E
:100C50001CD1099A002A19DBDDE90A12012972F177
:100C6000000213DAD4E90107002F40D0024603E066
:100C7000BB4202F1280210D011680133A942F7D11A
:100C8000116AB142F4D14FF0010E01E04FF00B0EAA
:100C90007046BDE8F04102B07047013303EB8303B7
:100CA000D900E369626A9847F0B1A3680DF1180CA6
:100CB00060604FF0000E03EB830203F1010840F87F
:100CC000325000EBC205BCE80F0005F108070FC762
:100CD0009CE8030087E8030070462E62C4F8088091
:100CE000BDE8F04102B070474FF00A0ED0E728216E
:100CF000D7E700BF00285FD02DE9F0470546143044
:100D00000F46924601F03EF980F00100C0B2002883
:100D10003FD1002F3DD0D5F80880B8F1000F0CD09E
:100D2000D5F8049008EB88064C4609EBC606236804
:100D3000BB4205D02834A642F9D10120BDE8F08796
:100D4000236A2834A6422FD05345F0D1A646A4F1F9
:100D5000280C2834BEE80F00ACE80F00BEE80F00F6
:100D6000A642ACE80F009EE803008CE80300EDD13A
:100D700008F1FF34AC607CB104EB8404EB696A6A6F
:100D80004846E10098470346C0B100206B60BDE8CB
:100D9000F0870B20BDE8F0874846AB69696A984741
:100DA00020466C60BDE8F0875345C6D108F1FF349A
:100DB000AC60002CE0D1EFE70B2070470A20E9E798
:100DC0002DE9F047054684B0144631B10378023B63
:100DD000012B3FD904B0BDE8F087136802A9186859
:100DE000FFF718FF0028F5D120680521203001F019
:100DF000D7F823688146884603F12800052101F0D1
:100E0000CFF8074620680E460521183001F0C8F8D3
:100E10002B7882460D46023B029A012B039B37D961
:100E2000BA4273EB060160DA4A4573EB0801D1DA86
:100E30001AEB0202206843EB0503052528300095D4
:100E400001F0E4F8206800952030DDE9022301F08C
:100E5000DDF8BFE7136802A91868FFF7DBFE00287A
:100E6000B8D1DDE902231343B4D02068052128302E
:100E700001F096F8029D0246039B2068521B00F188
:100E8000300061EB03030521009101F0BFF8A1E7F9
:100E900013439FD020684FF0050800230022303014
:100EA000CDF8008001F0E8F851EA000306460F464D
:100EB00090D0029A039B121ACDF80080206863EB51
:100EC000010312EB0A0200F1280043EB050301F0D5
:100ED0009DF8CDF800802068DDE902232030921BC8
:100EE00063EB070301F092F874E72068083009F01B
:100EF00073FD6FE7014B1868704700BF38F50108B4
:100F00002DE9F04FABB00D460446924637A8359F09
:100F1000DDF8D08001F036F8B5FA85F35B0943EAD5
:100F2000D773002C08BF43F00103002B64D180F07D
:100F30000100C0B200285FD1236823B16426304687
:100F40002BB0BDE8F08F08A92846FFF763FE0646E0
:100F50000028F4D10DF1180B0BAE0DF160095846C5
:100F6000CDE9165A09F042FC9BE8030089E803002A
:100F7000304609F015FD0DAB93E807008DE807003A
:100F80005146484696E80C0009F03AFC064600280F
:100F9000D5D1169B1B78012B33D0369942463B4660
:100FA0000DF1DC0E1A910DF1940C4FF0000ACDE911
:100FB0001C23DDE908239FED2A7B12EB080047EB99
:100FC00003018DED227BCDE91E23CDE92001BEE892
:100FD0000F00ACE80F00DEF8003050208DF890A034
:100FE0001946CCF80030379B9847206058B3502200
:100FF00016A90CF0E4F9A2E70B2630462BB0BDE8A9
:10100000F08F012000218DF8403012AB164A0DF10F
:10101000400C05940492CDE912014FF0FF304FF0DF
:10102000FF31CDE914010FCB8DE80F0028469CE875
:101030000C00FFF7FBFD03460028AED048461E46D5
:1010400009F088FC7BE748460A2609F083FC224623
:1010500005492846FFF74EFE71E700BFAFF3008059
:101060000000000000000000C10D01082DE9F04F54
:1010700087B000286CD003680446002B62D0BFF311
:101080005B8F93F83830BFF35B8F002B4FD1036831
:1010900004A91868FFF7BEFD0546002849D1DDE91F
:1010A0000423002B49DB052620680096203000F041
:1010B000E3FF23688046BFF35B8FD3F810B0BFF324
:1010C0005B8F206889463146283000F069FF0F4663
:1010D000314606462068183000F062FF0246049848
:1010E0000B46B618DDF814C0924647EB010786425E
:1010F00077EB0C0104DA53EA02012ED1064667466B
:101100002068052132463B462830009100F07EFFE2
:10111000BBF1000F0DD0049A2046059BB2EB0802EC
:1011200063EB0903D847284607B0BDE8F08F40F2CB
:101130002135284607B0BDE8F08F0125284607B0C5
:10114000BDE8F08F4FF44875284607B0BDE8F08F32
:101150000B25284607B0BDE8F08F801B6CEB07011C
:10116000013861F10001CDE90232EFF721F9029B6C
:10117000013041F1000100FB03F301FB0A33A0FB46
:101180000A0A8619534443EB0707B9E770B582B0E2
:1011900080B3036804468BB30D4659B3BFF35B8F2E
:1011A00093F83830BFF35B8F53B90368694618680A
:1011B000FFF730FD064648B140F22133984202D194
:1011C00000231E462B70304602B070BD20680521FA
:1011D000283000F0E5FE009BC01A019B61EB030183
:1011E0000128304671F10003B4BF012300232B70A6
:1011F00002B070BD0B26304602B070BD4FF4487689
:10120000E1E700BF70B582B030B3036804463BB37A
:101210000D4609B3BFF35B8F93F83830BFF35B8F94
:10122000ABB9036869461868FFF7F4FC064658B97D
:1012300020680521283000F0B3FE009BC01A019BF6
:1012400061EB030128606960304602B070BD40F276
:101250002136304602B070BD0B26304602B070BD5C
:101260004FF44876F0E700BF30B1006820B1C368A2
:101270000BB1083070471846704700BF002849D0AE
:1012800070B51546C2B09AB11E466A4601AB0C460F
:1012900003F0C8F88446B8B9009971B1072919D08C
:1012A0004B1E052B3AD8DFE803F026292C2F321DE0
:1012B0004FF00B0C604642B070BD07290AD00023E6
:1012C00060462B6042B070BD09F0E2F8844660468B
:1012D00042B070BDFF2CF2D92960002EEAD0FE2367
:1012E0003360E7E706232B60002EE3D0019B6046C6
:1012F000336042B070BD01232B60F5E702232B6001
:10130000F2E703232B60EFE704232B60ECE70523D0
:101310002B60E9E74FF00B0C604670470B46044A20
:101320004FF4807102A801F027F84FF0010CC1E7DB
:101330003CF5010868B170B50D4616460446EFF756
:101340002FF8334601462A462046BDE87040FFF795
:1013500095BF0B20704700BF10B5084C86468446E9
:101360000FCCACE80F000FCCACE80F000FCCACE812
:101370000F0023687046CCF8003010BD9CF50108C2
:1013800018B1006B003818BF012070472DE9F041FB
:1013900082B0002800F09580066B0446002E00F015
:1013A0008C80F06B02F072FB256B061E18BF4FF4A9
:1013B0006176002D00F0818000272068D5F84C80F0
:1013C000A96D67602F6020B10191C047256B01991D
:1013D0002760A86820B1C047256B0023C5E9013309
:1013E0004FF00008A068EF6CA96DC4F80C80C5F838
:1013F0000C8028B1B847256BC4F80880EF6CA96D44
:101400004FF000086869C5F8108028B1B847C5F8E2
:101410001480256BEF6CA96D4FF000082069C4F8AB
:101420001480C5F8408028B1B847256BC4F81080F7
:10143000EF6CA96D4FF00008A069C4F81C80C5F8D6
:10144000188028B10191B847256B0199C4F818801C
:10145000286A20B1B847256B0023C5E90733002768
:10146000206AD5F84C80A96D67626F6220B1019146
:10147000C047256B01992762E86A20B1C047256BF8
:101480000023C5E90A330027A06AD5F84C80A96D6E
:10149000E7622F6320B10191C047256B0199A762D4
:1014A000A86B20B1C047256B0023C5E90D33EB6C59
:1014B0002846A96D984700232363304602B0BDE853
:1014C000F0810B26304602B0BDE8F08118B338B584
:1014D000036B04460BB319B31D684068854217D2ED
:1014E000681C1860236843F8251002B1156008468F
:1014F000FFF7DEFA50B1236B426800209B6843F887
:101500002520226B53680133536038BD012038BD5C
:1015100040F2863038BD0B2070474FF4617038BD03
:101520000B2038BD002874D0036B10B50446002B87
:1015300071D0006838B16268002192000BF01CFE87
:10154000236B00221A60A06838B1E2680021920083
:101550000BF012FE236B0022DA60A06938B1E26959
:10156000002192000BF008FE236B00229A61206A92
:1015700038B1626A002192000BF0FEFD236B00225D
:101580005A62A06A38B1E26A002192000BF0F4FDC1
:10159000236B00221A63206938B16269002192002E
:1015A0000BF0EAFD236B00221A64986838B15A6880
:1015B000002192000BF0E0FD236B00225A60586975
:1015C00038B11A69002192000BF0D6FD236B00227E
:1015D0001A61186A38B1DA69002192000BF0CCFD6B
:1015E000236B0022DA61D86A38B19A6A002192002E
:1015F0000BF0C2FD236B00229A62986B40B15A6BCC
:10160000002192000BF0B8FD0023226B18465363B3
:1016100010BD0B2070474FF4617010BD002800F022
:1016200080812DE9F04F046B83B00546002C00F05B
:101630007A814FF000091F46D4F858A08846164614
:10164000D4E913B3C0F80490C4F80090002900F066
:10165000BF808C0052460068214601939847019B49
:101660002860002800F0F6802246494601930BF0DE
:1016700083FDC5F804805246D5F830802146019B91
:10168000D8F80800C8F8049098472B6BC8F80800F1
:101690009B68002B00F04A812246494618460BF011
:1016A0006BFD2C6B4FF00008D4F85890D4E913234D
:1016B000C5F80C80C4F80C80002E40F09B80A86810
:1016C00028B1494690472C6BAE60D4F858904FF043
:1016D0000008F619C4F8108040F0A280606930B1AB
:1016E0004946E36C984766612C6BD4F85890002605
:1016F000D4E913A86E612664002F40F0AF802869FA
:1017000038B14946D0472C6B2F61D4F85890D4E9B2
:1017100013A800260C9BEE61A661002B40F093807D
:10172000A86920B14946D0470C9B2C6BAB61206A5D
:1017300028B14946D0472C6B0023C4E90733002663
:101740000D9BA76DD4E913896E626662002B00F0D1
:1017500098804FEA830A3A46286A5146C847286269
:10176000002877D0524631460BF006FD2C6B0D9BBE
:101770003A46E06A51466B62A662C8472B6BE0624C
:10178000DC6A002C00F0F2802046524631460BF015
:10179000F3FC2C6B00260E9BA76DD4E91389EE6237
:1017A0002663002B40F09780A86A20B13946C047D5
:1017B0000E9B2C6BAB62A06B00284CD03946C04707
:1017C00000232A6B1846C2E90D3303B0BDE8F08F41
:1017D000006820B15146D8472C6BC5F80080A0683E
:1017E00000283FF45FAF5146D8472C6B0023C4E973
:1017F000013357E7B4004A46A86821469847A860D5
:1018000040B3224641460BF0B7FC4FF000082C6B6A
:10181000EE60F619D4F85890C4F810803FF45EAF2B
:10182000B6004A46236D606931469847814660613B
:10183000002800F08480324641460BF09DFC2C6B62
:10184000D4F8589053E79C004A46A8692146C047FF
:10185000A86140BB0A2003B0BDE8F08FBC004A4637
:1018600028692146C04728610028F3D02246314626
:101870000BF082FC2C6B6F61D4F85890D4E913A85C
:1018800047E7286A20B13946C0470D9B2C6B2B6275
:10189000E06A00283FF47EAF3946C0472C6B002336
:1018A000C4E90A3376E7224631460BF065FC2F6B1C
:1018B0000C9B4A46386A2146EB61FE61C0472B6BA0
:1018C00038621F6A002F4AD02246314638460BF054
:1018D00053FC2C6B33E79C003A46A86A2146C84764
:1018E000A8620028B6D0224631460BF045FCD5F858
:1018F00030A00E9B3A462146DAF83800EB62CAF86F
:101900003460C8472B6BCAF838009B6B002B34D06F
:101910002246314618460BF02FFC304603B0BDE896
:10192000F08F0B2070474FF4617094E728685146A0
:101930000193D847019B0A20C5E900338BE72B6B45
:10194000A868996DDB6C98472B6B2869DA6C996DE8
:10195000C5E9029990470A20C5E904997BE7A8697F
:101960004946D0470A20C5E9067774E7286A394610
:10197000C0470A20C5E908446DE7A86A39460193C3
:10198000C047019B0A20C5E90A3364E72DE9F04FFF
:1019900085B005460E46174612A89846DDF84490D5
:1019A00000F0F0FA002D72D080F00100C0B20028E3
:1019B0006DD1D5F830A0BAF1000F04D064242046D0
:1019C00005B0BDE8F08FB9F1000F60D04846FEF7D2
:1019D00019F8002868D0129B5C2016999847286354
:1019E000002863D05C2251460BF0C6FB12ACD5F840
:1019F00030B0DDE90F320BF1480CCBF8449003EB2B
:101A0000020E0E9BD9F800909E440FCCCBE901AAA0
:101A1000CBE904AACBE907AACBE90AAACBE90DAA2C
:101A2000BE44ACE80F0023680EEB460109F1280024
:101A3000CCF8003002F020F82B6BCBF83C00D86BD0
:101A400050B3109C43463A463146029428460F9CB8
:101A500001940E9C0094FFF7E1FD04460028AED0EF
:101A60002B6B2BBB00262846334632463146009668
:101A7000CDE90166FFF7D2FD286B00289FD0C36C2B
:101A8000816D984720462E6305B0BDE8F08F0B248A
:101A9000204605B0BDE8F08F012401F0F7FF0028D3
:101AA00018BF4FF46174DDE7652488E70A2486E7F0
:101AB000D86BF2E718B338B5036B04460BB319B310
:101AC000DD68C068854217D2681CD860A36843F8F7
:101AD000251002B11560084608F08EFF50B1236B47
:101AE000426800205B6943F82520226B13690133AB
:101AF000136138BD012038BD40F2863038BD0B205F
:101B000070474FF4617038BD0B2038BD28B338B52D
:101B1000036B04461BB329B3186C6569A84219D23C
:101B2000451C1D64236943F8201002B1106008466B
:101B3000FFF79AFB68B1226BE368156C013B1D440B
:101B400008F05AFF80B1236B426800205B6943F8BC
:101B5000252038BD40F2863038BD0B2070474FF449
:101B6000617038BD0B2038BD012038BD18B338B5C1
:101B7000036B04460BB319B39D69C069854217D244
:101B8000681C9861A36943F8251002B115600846E6
:101B9000FDF75CFE50B1236B426800201B6A43F8DE
:101BA0002520226BD3690133D36138BD012038BDB4
:101BB00040F2863038BD0B2070474FF4617038BD5D
:101BC0000B2038BD18B338B5036B04460BB319B3FB
:101BD0005D6A406A854217D2681C5862236A43F8DE
:101BE000251002B115600846FEF7A4FE50B1236B24
:101BF00042680020DB6A43F82520226B936A013398
:101C0000936238BD012038BD40F2863038BD0B20CC
:101C100070474FF4617038BD0B2038BD00000000E4
:101C20002DE9F04F2DED028B8DB0CDE90423002876
:101C300000F04F81066B0546002E00F01A814368C4
:101C400083B9EB6873B96B6963B9EB6953B96B6AB4
:101C500043B9EB6A33B940F285300DB0BDEC028B6D
:101C6000BDE8F08F049B326C012B059B73F10003E0
:101C7000C0F2F880DDE90487002A00F00F8100241B
:101C8000134640F221393246A246A3469FED988B77
:101C900014E00028E1D1DDE90823424573EB070198
:101CA00003DA90461F464FF0010B2A6B136C013488
:101CB0004AF1000A9C427AF1000128D2286908A959
:101CC000A60050F824000028F1D0EB68D2F814C028
:101CD00023445CF823E0BEF1000F06D013694CF8F2
:101CE00023E0013313612B6998598DED088BFFF7C1
:101CF00089FA4845CDD12B69002201349A512A6BCB
:101D00004AF1000A136C9C427AF10001D6D359467D
:101D10001646DDE90432134340F0B480002300226C
:101D20000C46CDE90823CDE90A2308AB029306F15E
:101D30003403F26B06F110010093301D06F11C0311
:101D4000019206F1280201F033FD2B6B80461A6CDC
:101D5000E2B14FF000094F462A690DF11F014FEA29
:101D6000890652F8290060B18DF81F70FFF70EFA4E
:101D700000287FF472AF9DF81F300BB92A69935188
:101D80002B6B09F101091A6C4A45E5D838F00200BD
:101D900076D16F687FB1024602E00132BA420AD0C2
:101DA000996851F822100029F7D12E6846F82210C0
:101DB0000132BA42F4D1EF687FB1002202E0013271
:101DC000BA420AD0596951F822100029F7D1AE68F9
:101DD00046F822100132BA42F4D1EF697FB10022F5
:101DE00002E00132BA420AD0196A51F822100029E1
:101DF000F7D1AE6946F822100132BA42F4D16F6AC7
:101E00007FB1002202E00132BA420AD0D96A51F809
:101E100022100029F7D12E6A46F822100132BA4268
:101E2000F4D1EF6A7FB1002202E00132BA420AD057
:101E3000996B51F822100029F7D1AE6A46F82210AA
:101E40000132BA42F4D1B8F1020F7FF406AF84F048
:101E50000103DBB2002B18BF02200DB0BDEC028BDA
:101E6000BDE8F08F002A3AD04FF0FF386FF00047FE
:101E700005E74FF461700DB0BDEC028BBDE8F08F4B
:101E80000120EAE6049B0C46012B059B73F100033D
:101E9000A8BF44F0010414B9234647E71146002FB8
:101EA00002DA4FF0000847460C464046394612A376
:101EB000D3E90023EEF77CFA0FA3D3E90023CDE9A1
:101EC000080140463946EEF773FACDE90A2308AB1C
:101ED0002CE70B200DB0BDEC028BBDE8F08F114656
:101EE0004FF0FF386FF0004713E700BFAFF30080FB
:101EF000FFFFFFFFFFFFFF7F00CA9A3B00000000CB
:101F000009F0A8BF0AF046B90AF022B80AF018B8DA
:101F100010B5054C864684460FCCACE80F0023680C
:101F20007046CCF8003010BDD0F50108A8B10268A9
:101F3000A2B14168A1B110B4C46864B1806838B17D
:101F4000084B1A600022C3E901100120C3E90342D3
:101F50005DF8044B70472046FAE77047104670471B
:101F6000084670478803002410B5054C8646844611
:101F70000FCCACE80F0023687046CCF8003010BDE1
:101F80008803002458B1036843B1436833B1C36880
:101F900023B18068003818BF012070471846704789
:101FA00080EA1041164A174B4FF0010C81F03D01B9
:101FB00001EBC10181EA111102FB01F181EAD1318A
:101FC000A3FB01231B0903EB4302C3EBC203D0B401
:101FD000C91A0D4C6218D2E84F3FC2E846CF002E16
:101FE000F9D1DBB2BFF35B8F002BF4D1D0E90067EE
:101FF000BFF35B8F635430463946D0BC704700BF97
:102000002DEBD427C94216B2A8E9012470B580EAA5
:10201000104E1649164C8EF03D0E0EEBCE0E8EEA8B
:102020001E1E01FB0EFE13498EEADE3EA1FB0E5181
:102030004FF00105090901EB410CC1EBCC01AEEBFE
:10204000010E04EB0E0CDCE84F1FCCE8465F002EBF
:10205000F9D1C9B2BFF35B8F0029F4D1C0E90023E5
:10206000BFF35B8F04F80E1070BD00BF2DEBD427BB
:10207000A8E90124C94216B280EA104C17498CF035
:102080003D0C0CEBCC0C8CEA1C1C01FB0CFC144929
:102090008CEADC3C70B58646A1FB0C01114D4FF07B
:1020A0000100090901EB4104C1EBC401ACEB010CD7
:1020B00005EB0C01D1E84F4FC1E8460F002EF9D1D6
:1020C000E4B2BFF35B8F002CF4D1DEE90001CEE96E
:1020D0000023BFF35B8F05F80C4070BD2DEBD427B8
:1020E000C94216B2A8E9012468B110B50C4629B15D
:1020F00009F0DEFE20B12060002010BD034810BDB5
:10210000034B236010BD0348704700BF00F6010871
:10211000C8F90108E4F50108064B1B783BB1064BF2
:102120001A780AB901221A70044B18787047044BC8
:1021300018787047BFE90124D1E90124D0E90124CE
:102140001CF60108000000009FED077B0023084AF1
:1021500008481380084903700B7082ED027B074A20
:1021600013707047AFF30080000000000000000013
:10217000C0E90124D1E90124D0E90124BFE9012407
:102180000020704782B000208DE80C0002B070473C
:1021900084B000200DF1040C04B08CE80E007047F0
:1021A0000FB4F0B583B008AC0E9E84E80F0026B3E0
:1021B00008A8FFF7E7FE00B300210FAB3246084640
:1021C000CDE9003300F006F9431C054615D0471C45
:1021D0000D9B9F4201D95D1E1F46089B38460C99F6
:1021E0009847044648B132463946019B00F0F2F860
:1021F000002809DB0023635500E00024204603B0DB
:10220000BDE8F04004B070472046099B0C990024BB
:102210009847F3E72DE9F04F2DED028B87B00026AC
:1022200080468A460090084608EE102A99461025F6
:10223000EEF7B6F83746B34601901EE00BF1010BFE
:10224000019B5E4504EB030811D22E44D9F80830F7
:10225000D9F8102005EB4505B1009847002800F09B
:102260008880B5F5801F074628BF4FF48015009A77
:1022700007EB8B03A41A43F8044C514640460AF07E
:10228000A2FF04463846002CD8D14046EEF788F825
:10229000009BA8EB030808EB00040294BBF1000FBD
:1022A00045D018EE100AEEF77BF8019A0646D9F8E9
:1022B0000030821AD9F810100BFB0242501C059214
:1022C00098478246002854D03A683D460099012438
:1022D0000BF075F83B68CDE9037A0AEB030818EEBA
:1022E000107ADDF800A0CDF80090DDF804903246B9
:1022F00039464046B0440BF062F855F8042BA3452C
:102300004A440AEB02012AD02868821A40469044C7
:102310000BF055F8621CA3451446E8D8DDF8009090
:10232000DDE9037A0023059A0AF802300BE0204623
:10233000D9F80030D9F8101001309847824610B112
:1023400000990BF034F83846D9F80430D9F8101059
:102350009847504607B0BDEC028BBDE8F08F029B5A
:102360004046DDF800909A1ADDE9037A0BF027F871
:10237000D8E74FF0000AE6E70CB430B583B006ABFF
:1023800053F8042B0193E2B1B0FA80F4B1FA81F56D
:1023900050EA010C4FEA54144FEA551508D084B99D
:1023A0007DB90AF01DFE03B0BDE8304002B07047B1
:1023B000614660460AF014FE03B0BDE8304002B04A
:1023C00070470AF0C7FF162203464FF0FF301A602D
:1023D000E9E700BF70B5B2B1B0FA80F4B1FA81F5A7
:1023E00050EA010C4FEA54144FEA551505D054B980
:1023F0004DB9BDE870400AF0F3BD61466046BDE8E6
:1024000070400AF0EDBD0AF0A5FF162303604FF0FF
:10241000FF3070BD84B070B582B0054607AC84E86B
:102420000E00B0B1EDF7BCFF421C079B06460B99AE
:10243000104601929847044628B1019A29460AF0AD
:10244000BEFF0023A355204602B0BDE8704004B093
:1024500070470446F7E700BF82B0F8B506AC054602
:1024600084E80C0088B14F1C0E460A993846904704
:10247000044628B13A4629460AF0A1FF0023A35595
:102480002046BDE8F84002B070470446F8E700BFB8
:102490000020014B18607047D4E9012400285ED069
:1024A0002DE9F0410C46016882B0054629B1CB68A0
:1024B000A34206D91C460029F9D11F2002B0BDE86D
:1024C000F0818B68A34246D00E6A002C33D0B4F161
:1024D000804F42D2A700D1F81880086832463946AA
:1024E000C047002839D02B683246394618605868F2
:1024F000C047002831D02D68AB686860A34225D260
:102500002A6800EB070C990002EB830E00EB8306B0
:10251000E64503D202EB070C664522D3E31A704668
:1025200000219A0001920AF027FE019A002130460C
:102530000AF022FE0AE04F6908683146B8472B6866
:10254000314658681C60B8472D686C600020AC604C
:1025500002B0BDE8F0810020B0E70A20AEE70B2012
:1025600070470B1F18441344043A1744002243F8E1
:10257000042FBB4240F8042FF9D1E7E782B070B5D1
:1025800004AC84E80C0080B3066804462EB11E2516
:102590002846BDE8704002B0704704A80D46FFF71A
:1025A000F1FC10B3049B242008999847206010B3D5
:1025B0000DF1100E00F1100CC0E90066C0E90266D2
:1025C000BEE80F00ACE80F00DEF8003029462046D8
:1025D000CCF80030FFF762FF05460028D8D0059BF5
:1025E0000899206898472660D2E70B252846BDE861
:1025F000704002B070470A25CAE700BF2DE9F041DC
:1026000082B000283AD004680646002C32D0A36875
:102610002BB3002522682F4652F82500E0B1216A2D
:10262000D4F814800191C0470199D4E9003243F8ED
:10263000257052F82500C047E3686268013B42F804
:1026400025700135E3603468A3689D4207D2226893
:1026500052F825000028E2D101359D42DCD300214B
:102660003046FFF71BFF044620B930684369016A12
:1026700098473460204602B0BDE8F0810B24204624
:1026800002B0BDE8F08100BF78B32DE9F84FD0F873
:1026900000B0BBF1000F1FD0B1FA81F48846640985
:1026A000D1B1DBF80870DBF80060AFB19146043EB1
:1026B00056F8045F4FEA840A0134284655B1EDF715
:1026C0006FFE0246294640464A4538BF4A460AF050
:1026D00068FD20B1A742EBD10020BDE8F88FDBF800
:1026E000043053F80A00BDE8F88F704700B370B5A6
:1026F00084B0044601206946F9F77EF8DDE900312F
:10270000002912DB53EA0102029D01D1002D0CDBEE
:10271000084E0020A3FB06325B1906FB012242EBA8
:10272000E572C4E9003204B070BD022004B070BD8F
:102730000B20704700CA9A3B00B370B584B00446C2
:1027400000206946F9F758F8DDE90031002912DB6D
:1027500053EA0102029D01D1002D0CDB084E00203E
:10276000A3FB06325B1906FB012242EBE572C4E9CA
:10277000003204B070BD022004B070BD0B20704761
:1027800000CA9A3B0000000010B50446103000F06B
:102790000FF800232046A360A364E3649FED027B4F
:1027A00084ED007B10BD00BF0000000000000000B1
:1027B00010B50446382200210AF0DEFC04F11000B6
:1027C00001F020FD4FF0FF332046E36010BD00BF55
:1027D00070B4059CDDE903657AB173B1002E18BFB2
:1027E000002D0AD04CB1646B207400206562C4E9EE
:1027F0000512C4E9073670BC70470B2070BC7047E7
:1028000070B528B1044600680D4601F0E9FC10B926
:102810000124204670BD6368002BF9D0002DF7D04D
:10282000286801F0DDFC0028F2D06E68002EEFD0A1
:10283000646832692069D0F8883300F52870196817
:1028400003F038FF02462069D0F89033D0F888139F
:1028500001F04CFC20693269D0F8883300F528700B
:10286000196803F0DFFC02462069D0F89033D0F8F5
:10287000881301F03BFC03462846002B14BF0024BC
:10288000022401F00FFBC4E7014B1868704700BF3A
:10289000E4FE010884B0F0B583B009AD85E80E0010
:1028A00030B104462846FFF76DFB08B1A6682EB18B
:1028B0000B2003B0BDE8F04004B0704700220023B5
:1028C00004F1200CDFF898E06F46C4E90023204BA8
:1028D0001B68A3600FCDACE80F002B683846CCF81E
:1028E0000030C4F81CE0E66001F08CFC04F1100339
:1028F000032297E8030083E803001648164926766A
:1029000001F010FA134808F029FAF0B1134A83686D
:102910005168636310785961D1681874D96111697D
:1029200019625169926859629A6105F0D5FE09F001
:10293000C5FB09F0F1FB636B98620028F9D0002019
:1029400003B0BDE8F04004B070470120B1E700BF1C
:10295000E4FE01089040022488EB0124D8E9012418
:1029600040F40108002847D070B50D4649B104462F
:10297000806820B1224B1968EDF7B2FCA8BBAB68A8
:102980001BB14FF00B0C604670BD23462A4604F184
:102990003006D3F800E0103353F80CCC103253F863
:1029A000080C53F8041CB34242F810EC42F80CCC6B
:1029B00042F8080C42F8041CEBD119685B68114816
:1029C0001160536008F0CAF998B183684FF0000CA9
:1029D0006B63656B03F1100410350FCD0FC495E8E0
:1029E000070084E80700604670BD4FF00C0C60469D
:1029F00070BD4FF0010CC6E74FF00B0C60467047FE
:102A0000E4FE01089040022410B58EB088B304465D
:102A10002030FFF7B7FA60B3A06820B11A4B1968ED
:102A2000EDF75EFC68BB194B196831B3626B01E0CE
:102A3000496811B38B689A42FAD1144808F09EF99C
:102A40006846FFF7B5FEEE46A4460024BEE80F0038
:102A5000ACE80F00BEE80F00ACE80F00BEE80F00C6
:102A6000ACE80F009EE803008CE8030020460EB09F
:102A700010BD0B2420460EB010BD012420460EB020
:102A800010BD0C24F2E700BFE4FE010890400224D0
:102A90002DE9F04383B0002800F0D3800E460029D2
:102AA00000F0CF80436B0546002B00F0CA80784BC6
:102AB00080681F6828B13946EDF712FC002840F005
:102AC000CA80744C4FF0000873497448D5E900235C
:102AD000B760C6E90023EB680122B36401F0C2F8D5
:102AE000204606226E4901F0FDF86C4884F80D80FE
:102AF00008F034F9002800F0A9808468686B04F1BC
:102B00001009416A90F810C0D0E90623019161468E
:102B1000006A0090484603F05BFD4FF47A7204F5BA
:102B2000805360496048C4E9E32204F55E72C4E959
:102B3000E122C3F894850122C3F89885C3F89C85E7
:102B4000C3F8A085C4E9DA78F46401F06BF80622D2
:102B50005649574801F046F806225649564801F0B2
:102B600021F801225549564800F0DCFF0122554961
:102B7000554800F0F7FF0C225449554801F092F8EF
:102B800003225449544801F0CDF8042253495448D3
:102B900001F0E8F853495448042201F003F9424691
:102BA000696BF06C00F0ECFD0746002858D16B6BA8
:102BB00004F5287504F522719A6A284603F000FF8F
:102BC00022464A49284603F01FFF3A46484928460C
:102BD00003F016FF3A464749284603F019FF3A46E4
:102BE0004549284603F018FFB4F89822042304F559
:102BF00065719200284603F04FFFB4F89822042331
:102C000004F694319200C4F87403284603F01AFFC6
:102C1000C4F87803284603F039FF41F29431C4F830
:102C2000800328462144B4F8982203F0F9FEC4F842
:102C30007C03284604F0E8FCF8B1384603B0BDE850
:102C4000F0830B27384603B0BDE8F08301273846F0
:102C500003B0BDE8F0830C27384603B0BDE8F0832D
:102C6000484603F0F3FC21460C4808F087F8384644
:102C7000C6F84C8003B0BDE8F083484603F0E6FC9C
:102C80002146064808F07AF8F7640127D5E700BF27
:102C9000E4FE0108E040022488F20124D04002242E
:102CA000300802240CEC0124A0400224B039022494
:102CB000F0400224B0EC0124B0400224C0F1012411
:102CC000C040022440EA012430EA0124C03E02242C
:102CD0000041022488EB0124904002241040022489
:102CE0001041022408EB01248040022495AB010826
:102CF0008DAB01082DAC0108C9AC0108174BC16CA4
:102D000070B51C68054634B30026D4E90140026959
:102D10008A4218D0002CF8D189B1D1F8883301F556
:102D200028709B78012B14BF0A21002104F044FC79
:102D3000E86C01F057F8E86C103003F087FC0023D2
:102D40003046EB6470BD183000F09CF8E96C064624
:102D5000002CDAD1E0E72646DEE700BFA0400224DF
:102D60002DE9F04383B0002B64D0064638480F4667
:102D700090461D4607F0F2FF00285BD08468EB6C9C
:102D800004F12C0904F118052361FFF77DFDC4F857
:102D90002090C4E906043046EDF702FB421C3C2AB1
:102DA00040D8484604F1680931460AF008FB384625
:102DB000C4F82490EDF7F4FA421C3C2A32D8394684
:102DC00048460AF0FCFA2369012103F58053B3F861
:102DD00094054218A3F8942503F03CFC60613B780D
:102DE0002F2B2CD17B7853BB33461A4A3C211A48EF
:102DF0000AF054F8206906211FFA88F3D0F88423DA
:102E000000F528700191144900911168626903F07E
:102E100055FA02462069D0F88C33D0F8841301F0BB
:102E200065F918B92846002500F0E2FF284603B0EE
:102E3000BDE8F0830025284603B0BDE8F0833B469B
:102E4000064A3C21009604480AF028F8D2E700BF61
:102E5000A040022454F60108F4E9012450F40108CA
:102E60008C461146BCF1000F0AD09CF800303BB1F3
:102E700032B1137823B10346826C6046FFF770BF0E
:102E800000207047F8B528B30746006820B1374BDB
:102E90001968EDF725FAE8B97D68DDB1344B1C6897
:102EA000002C60D00026D4E90141D1F880309D4249
:102EB00013D0002CF7D12F4B1C68C4B1D4E90141C9
:102EC0000B6A9D42F9D17C31384600F0A3FB012802
:102ED0000646F2D101263046F8BD8431384600F06E
:102EE000B1F901280646F5D0002CDCD1E3E7224BEE
:102EF0001C686CB1D4E901418B6F9D42F9D17C31E2
:102F0000384600F043FB01280646E3D0002CF1D1FF
:102F10001A4B1C686CB1D4E901418B6F9D42F9D109
:102F20007C313846FFF76CFC01280646D2D0002CD5
:102F3000F1D128696A69D0F8883300F528701968DA
:102F400003F070F902462869D0F88813D0F890335E
:102F500001F0CCF803463846002B08BF022600F0EB
:102F600047FF3046F8BD2646A5E700BFE4FE01084E
:102F7000B0400224F0400224C040022430EA012480
:102F80004368186900F55A70704700BFC96F04F0B4
:102F900075B900BF002853D070B50D468EB000291A
:102FA0004BD00446006801F01BF9002845D0666844
:102FB000002E42D0B469284623699847F3690590EA
:102FC00013B105A898470598D6F880301B69009082
:102FD00003F52870726906ABB16F05F01DFCD8B11E
:102FE000A36806A928469847336A04460BB106A889
:102FF000984796F87A30012BD6F8803022D018699D
:10300000F16F00F5287004F039F92040C4B284F063
:103010000100C0B20EB070BDD6F880301869059BB3
:10302000029600F528700093094B019306AB726974
:10303000B16F05F021FC0028D2D101200EB070BD87
:1030400001207047186900F5287003F05DFDDEE788
:103050008D2F01082DE9F04F87B0002800F0D280B5
:103060000E46002900F0CE800446006815461F4633
:1030700001F0B6F880F00100C0B2002840F0C28034
:10308000002D00F0BF802B78002B00F0BB80002FBC
:1030900000F0B8805E48D4F8049007F05FFE002886
:1030A00000F0B080846804F19C0AC4F88840FFF7FF
:1030B000EBFBC4F88400C4F88CA02846EDF770F947
:1030C000013004F184083C2800F28F802B46514ADD
:1030D0003C21504609F0E2FE4FF47A733946502203
:1030E000E36704F12800C4F880900AF068F93B7A9D
:1030F00030464949022BD9F810300CBFD3F87C3345
:10310000D3F87833A3670023C4E9073301F05CFAEE
:1031100000286AD04268A261002A66D029463B4650
:10312000484607F069FE6062002862D0D9F8103086
:103130000321062503F58053B3F89805421CA3F834
:10314000982503F087FAD4F88020D9F81030206150
:10315000D3F884331069009500F528701968226946
:10316000D9F8143003F012F90246D9F81000D0F85B
:103170008C33D0F8841300F0B9FFB0B3D9F8103015
:1031800005210DF1100A03F58053B3F89A05421C8E
:10319000A3F89A2503F05EFAD4F8803039466061CE
:1031A0001E695046D9F81030D4F824B006F52876B8
:1031B000D3F8847300F0B6FF03959AE803000190FA
:1031C0003046ADF80810DBF8103000933968D4E9C8
:1031D000043203F00BF90246D9F81000D0F88C3312
:1031E000D0F8841300F082FF70B9606A08B100F073
:1031F0006FFE40464FF0000800F012FE404607B058
:10320000BDE8F08F4FF00008404607B0BDE8F08FF2
:10321000B040022454F6010820F6010878B110B538
:10322000B1FA81F4640941B143685022084603F1C0
:1032300028010AF0C4F8204610BD0B2010BD0B2059
:10324000704700BF2DE9F04128B1044600680D46E3
:1032500000F0C6FF18B901242046BDE8F08163687C
:10326000002BF8D0B5FA85F46409002DF3D0286856
:1032700000F0B6FF0028EED06E68002EEBD0706A2A
:10328000D6F8807007F008FED6F8803072691869A9
:10329000D0F8883300F52870196802F0C3FFD6F81B
:1032A0008030804632691869D0F8883300F528707C
:1032B000196802F0B7FF064638694246D0F89033E5
:1032C000D0F8881300F012FF3F6932460646D7F85F
:1032D00090333846D7F8881300F008FF26B118B1AC
:1032E000284600F09DFDB7E70224F9E72DE9F043F9
:1032F000044600688BB00E46154628B1214B19686C
:10330000ECF7EEFF002839D1646800276369D4F830
:1033100078809B689847D0F804903046D9F81030F0
:103320009847D8F81030009003F52870226902AB56
:10333000216F05F071FAC5E9000798B1D9F8083096
:1033400002A93046984794F87230D8F81000012B43
:103350000CD0616F00F5287003F090FF38460BB079
:10336000BDE8F08301200BB0BDE8F08300F52870C4
:1033700003F0CAFB38460BB0BDE8F0830C200BB05D
:10338000BDE8F083E4FE01082DE9F043054600683E
:1033900089B00C4690461E4628B1284B1968ECF7B8
:1033A0009FFF002846D10EB100233370D5F804905A
:1033B00000F01EFE484600F0F1FD0746B0B38568F8
:1033C000D5F83828D5F83C38C4E9083295F83738AC
:1033D0002374B5F8342895F83638A4F81120E3742E
:1033E000D5F82818D5F82C28D5F830386161A261B5
:1033F000E361D9F814309B6898474468D5F81028E1
:1034000005F11001684602F015FE4146E368684682
:103410009847394604460A4807F0B0FC06B13470B4
:1034200084F00100C0B209B0BDE8F083012009B00A
:10343000BDE8F0830C2009B0BDE8F083E4FE01088C
:10344000E0400224F0B50546006891B00C461646EF
:1034500028B1294B1968ECF743FF002841D16D686A
:10346000A1686068AF6FD4E90432079323460692DF
:1034700013F8012B9B788DF817208DF81630B4F8CF
:103480000130E268ADF8143002AB6C6907C3E36841
:103490009847446830462369984700F11803386913
:1034A000009308AB00F528702A69296F05F0B4F97C
:1034B00010B9012011B0F0BD02A908A806F006FA63
:1034C000A36808A93046984795F872303869012BEF
:1034D0000AD0696F00F5287003F0D0FE002011B00B
:1034E000F0BD0C2011B0F0BD00F5287003F00CFB0E
:1034F000002011B0F0BD00BFE4FE01082DE9F0414D
:103500000446006888B00F4690461D4620B11D4B0A
:103510001968ECF7E5FE68BB0DB100232B706468F9
:1035200000F066FD204600F039FD064630B36369C1
:103530008468DB6804F5036252E90201C7E9080107
:1035400098474768D4F8102804F11001684602F043
:1035500071FD4146FB6868469847314604460A4873
:1035600007F00CFC05B12C7084F00100C0B208B06B
:10357000BDE8F0810C2008B0BDE8F081012008B062
:10358000BDE8F081E4FE0108E040022470B528B1F6
:10359000044600680D4600F023FE10B901242046C1
:1035A00070BD6368002BF9D0002DF7D0286800F0BB
:1035B00017FE0028F2D06E68002EEFD064683269E2
:1035C0002069D0F8883300F52870196803F072F884
:1035D00002462069D0F89033D0F8881300F086FDB9
:1035E00020693269D0F8883300F52870196802F034
:1035F00019FE02462069D0F89033D0F8881300F005
:1036000075FD03462846002B14BF0024022400F059
:1036100033FCC4E72DE9F04128B1044600680D46AB
:1036200000F0DEFD18B901242046BDE8F081636892
:10363000002BF8D0B5FA85F46409002DF3D0286882
:1036400000F0CEFD0028EED06E68002EEBD0376A79
:1036500072693869D0F8883300F52870196803F06A
:1036600029F802463869D0F89033D0F8881300F072
:103670003DFDF06907F010FC336A72691869D0F8F3
:10368000883300F52870196802F0CCFD336A804653
:1036900032691869D0F8883300F52870196802F08B
:1036A000C1FD064638694246D0F89033D0F88813F9
:1036B00000F01CFD3F6932460646D7F89033384685
:1036C000D7F8881300F012FD26B118B1284600F093
:1036D000BDFBA9E70224F9E7F0B50446006889B00C
:1036E0000F46154628B1244B1968ECF7F9FD002860
:1036F0003ED105B3002364682B7000F079FC2046AE
:1037000000F04CFC0646F0B181686846D1F81028FC
:10371000103102F08FFCA36939466846DB68984790
:1037200004463146154807F029FB2C7084F001004F
:10373000C0B209B0F0BD646800F05AFC204600F049
:103740002DFC054610B9012009B0F0BDA9686846F6
:10375000D1F81028103102F06DFCA3693946684693
:10376000DB68984729460446044807F007FBDDE775
:103770000C2009B0F0BD00BFE4FE0108E0400224C7
:1037800008B508B100F1100239B14969104602F0DC
:1037900029FF80F00100C0B208BD044B10465968F3
:1037A00002F020FF80F00100C0B208BDD8E901247A
:1037B0002DE9F043984640EA010389B048EA030343
:1037C000129C134300F0068105460E4691466CB1EB
:1037D000A64B04AF0FCB87E80F008DE80F0094E8ED
:1037E0000F0000F013FD002800F00B814FF0FF37B1
:1037F00000F0FEFB9E4B1C684CB123460021D3E930
:10380000013202F5805282F8A415002BF7D1B9F1EC
:10381000000F11D0D9F8001071B1D9F804C00023FD
:1038200001205CF823200133926F9942126902F55E
:10383000805282F8A405F4D1B8F1000F11D0D8F865
:10384000001071B1D8F804C0002301205CF82320D7
:103850000133926F9942126902F5805282F8A405F1
:10386000F4D185B1296871B1D5F804C000230120D5
:103870005CF823200133126A9942126902F58052E2
:1038800082F8A405F4D144B322460023D2E90121F1
:1038900001F5805191F8A4150B44DBB2002AF5D153
:1038A000002B5FD07A1C0DD007EE907AF8EEE76A15
:1038B00007EE903AF8EE677A86EEA77AFDEEC77AC1
:1038C00017EE907AA06800F5805393F8A435002B8A
:1038D00040F08D806468002CF4D1B9F1000F00F045
:1038E000A180D9F80070002F00F0A48000242746A2
:1038F000D9F8043053F8240000F050FB00283BD0E6
:103900000134D9F800300127A342F1D80127B8F1DA
:10391000000F10D0D8F800306BB10024D8F8043074
:1039200053F8240000F03AFB70B30134D8F80030AB
:103930000127A342F2D8002D35D02B689BB3002479
:103940006B6853F8240000F029FB28B301342B687E
:103950000127A342F4D8002E3CD03468002C39D083
:10396000012723E0A068002100F5287003F04CFC3B
:103970006468002CF6D1B0E7D9E9003242F824009F
:103980000134A342B4D8C2E7D8E9003242F8240097
:1039900001349C42C2D3CEE7D5E9003242F824007C
:1039A0000134A342CCD8A6B1346894B100231D469B
:1039B00004E040F823200133A3420AD0706850F895
:1039C00023100A7C002AF4D0013317460D74A34259
:1039D000F4D147B1002009B0BDE8F0831EB13468CE
:1039E0002F46002CE2D1022009B0BDE8F083394611
:1039F00000F5287003F022FC6468002C7FF462AFAD
:103A00006BE794E80F0000F057FC0023194AECF72D
:103A10001FFDB0F1004F074671F10003A8BF6FF022
:103A20000047E5E6B8F1000F0FD0D8F8003093B1A9
:103A30004F4672E7B8F1000F07D0D8F80030002BDE
:103A40007FF46BAF55B11F4677E7002DC6D02B68CA
:103A500043B1474673E70DB14F466EE72F46002E40
:103A6000A2D1C0E74746002E9ED1BCE728F201084C
:103A7000D040022440420F0008B5034807F06EF919
:103A800008B18068103008BD1041022408B5084B09
:103A9000196811B90AE0496841B18B68103398423E
:103AA000F9D1034807F06AF9002008BD012008BDDC
:103AB00010410224034B186810B1836893F8400347
:103AC000704700BFD0400224054B1B6823B19868A3
:103AD00000F5287002F0FCBF00200021704700BFF5
:103AE000D0400224054B1B6823B1986800F528706C
:103AF00003F000B800200021704700BFD04002242E
:103B000008B5074B1B684BB10146986800F5287053
:103B100003F02EFC80F00100C0B208BD012008BDFA
:103B2000D0400224E2B12DE9F041057B0646ADB953
:103B3000C82317460C46A846836040F20113C0E92B
:103B40000055838101352146304607F017F9AF4211
:103B5000A46004F1C80404F8BC8CF3D1BDE8F08182
:103B6000704700BFE2B12DE9F041057B0646ADB9D3
:103B7000C82317460C46A846836040F20113C0E9EB
:103B80000055838101352146304607F0F7F8AF42F2
:103B9000A46004F1C80404F8BC8CF3D1BDE8F08142
:103BA000704700BFE2B12DE9F041057B0646ADB993
:103BB000D82317460C46A846836040F20113C0E99B
:103BC0000055838101352146304607F0D7F8AF42D2
:103BD000A46004F1D80404F8CC8CF3D1BDE8F081E2
:103BE000704700BFE2B12DE9F041057B0646ADB953
:103BF000D82317460C46A846836040F20113C0E95B
:103C00000055838101352146304607F0B7F8AF42B1
:103C1000A46004F1D80404F8CC8CF3D1BDE8F081A1
:103C2000704700BFE2B12DE9F041057B0646ADB912
:103C3000A42317460C46A846836040F20113C0E94E
:103C40000055838101352146304607F097F8AF4291
:103C5000A46004F1A40404F8988CF3D1BDE8F081C9
:103C6000704700BFEAB12DE9F843057B0646B5B9B8
:103C700041F2A85840F2011317460C46A946C0F875
:103C800008808381C0E9005501352146304607F0A0
:103C900075F8AF42A46084F80C904444F4D1BDE8B8
:103CA000F8837047E2B12DE9F041057B0646ADB9D6
:103CB0001C2317460C46A846836040F20113C0E956
:103CC0000055838101352146304607F057F8AF4251
:103CD000A46004F11C0404F8108CF3D1BDE8F08159
:103CE000704700BFEAB12DE9F041057B0646B5B942
:103CF0004FF4046317460C46A846836040F2011354
:103D0000C0E90055838101352146304607F036F879
:103D1000AF42A46084F80C8004F50464F3D1BDE8DC
:103D2000F0817047E2B12DE9F041057B0646ADB95F
:103D30002C2317460C46A846836040F20113C0E9C5
:103D40000055838101352146304607F017F8AF4210
:103D5000A46004F12C0404F8208CF3D1BDE8F081B8
:103D6000704700BFE2B12DE9F041057B0646ADB9D1
:103D70001C2317460C46A846836040F20113C0E995
:103D80000055838101352146304606F0F7FFAF42EA
:103D9000A46004F11C0404F8108CF3D1BDE8F08198
:103DA000704700BFE2B12DE9F041057B0646ADB991
:103DB000202317460C46A846836040F20113C0E951
:103DC0000055838101352146304606F0D7FFAF42CA
:103DD000A46004F1200404F8148CF3D1BDE8F08150
:103DE000704700BF0146014806F0C8BFD04002241A
:103DF00038B50446006828B1074B1968ECF770FA2B
:103E000040B92060616829B1002504480D6106F0C1
:103E1000B5FF656038BD00BFE4FE0108A040022484
:103E200010B50446006828B1064B1968ECF758FA3B
:103E300038B92060616821B1034806F09FFF002374
:103E4000636010BDE4FE0108B040022410B50446D2
:103E5000006828B1064B1968ECF742FA38B92060BF
:103E6000616821B1034806F089FF0023636010BD3B
:103E7000E4FE0108F040022410B50446006828B1B1
:103E8000064B1968ECF72CFA38B92060616821B14B
:103E9000034806F073FF0023636010BDE4FE0108D1
:103EA000C040022410B50446006828B1064B1968CA
:103EB000ECF716FA38B92060616821B1034806F0C2
:103EC0005DFF0023636010BDE4FE010830EA0124B9
:103ED00010B504460348214606F050FF0023A361B5
:103EE00010BD00BF0041022482B02B4930B50D68DF
:103EF00003AC84E80C001C46002D4BD02B4600215F
:103F00009A685B68D2F81428904208BF0131002BF0
:103F1000F6D19DF80C30022B29D020D88C4228D81D
:103F2000B4FA84F2520924B3DDB14FF0FF3C6FF0D4
:103F3000004401E06D68ADB1AB68D3F81418884255
:103F4000F8D1D3F8181803F50263614553F8043C1F
:103F500073EB040EEEDA8C461C462A46EAE7032B86
:103F6000DCD000221046BDE8304002B070478C42E1
:103F700005D90948BDE8304002B006F0EFBEB4FAFA
:103F800084F25209002CEDD10348BDE8304002B064
:103F900006F0E4BE2946BCE7E0400224124B1B6851
:103FA00030B5F3B14FF0FF3E6FF0004C002401E05C
:103FB0005B68A3B19A68D2F814188842F8D1D2F895
:103FC000181802F50262714552F8042C72EB0C05C8
:103FD000EEDA1C465B688E469446002BEAD12046FA
:103FE00030BD1C46204630BDE040022400000000E9
:103FF0003D4B2DE9F04F1F682DED068B8DB0FFF77F
:1040000071FD002F5DD0B84681468A4604ACD8F8D1
:10401000085095F82038042B9FED2D8B9FED2EAB8B
:104020009FED2F9B3FD0052B44D0032B3BD08DED34
:10403000048B8DED06AB08AB8DED088B8DED0A8BF7
:104040000FCB8DE80F0094E80F0000F0DFF818B1F7
:104050008DED049B8DED068BD5F8186805F502658E
:1040600055F8047CD8F804B094E80F0000F024F967
:10407000301847EB0101484571EB0A0305DB55E9B0
:10408000022391457AEB030303DA4146164806F012
:1040900075FEBBF1000F14D0D846D8F8085095F83B
:1040A0002038042BBFD1D5F8143840330FCB84E827
:1040B0000F00C0E7D5F8143848330FCB84E80F0061
:1040C000B9E70DB0BDEC068BBDE8F08FAFF3008013
:1040D00000000000000000000100000000000000DF
:1040E0001E00000000000000E040022410B58C78A3
:1040F00086B0012CADF80E200CD0012419460DF12C
:104100000E020DF11703009400F5287003F0DAF8A1
:1041100006B010BD00F5287002F0F6FC204606B08F
:1041200010BD00BF4A7A91F808C0022A18BF0022C9
:104130000270ACF10202B2FA82F2520942700A78BD
:104140008988A2F102028180B2FA82F25209827059
:10415000704700BF002330B50B7087B0036814466A
:10416000BBB10E4A1546009503920D4D42680846B4
:104170000C4904920591029121460B4A019508F0E1
:104180008DFE0028A8BF8442CCBF0120002007B0CC
:1041900030BD064B014A1D46E5E700BF44F6010865
:1041A0005CF6010858F6010848F60108C8F901084C
:1041B00030B5144683B00546074B084A08460095BB
:1041C000214608F06BFE0028A8BF8442CCBF012026
:1041D000002003B030BD00BF60F6010848F40108BC
:1041E00010B5044640B1FEF74FFB01462046ECF700
:1041F00077F8B0FA80F0400910BD00BF00220260DD
:10420000027170470022027042607047F0B484B0BF
:1042100004AC04E90F0003462549019D104699426C
:104220004FF00202039EAA4130D3224C6FF00041AE
:10423000A3FB043204FB0522DD438C1A8542B44102
:1042400032D310EB030C42EB0601194802220A9DFF
:104250000B9FDDE908369842B2411CD3154C6FF034
:104260000040A3FB043204FB0622DE43841AAE4264
:10427000BC4115D35B1942EB07028A4208BF634574
:104280000CBF0120002004B0F0BC70474FF0FF3C91
:104290006FF00041D9E74FF0FF336FF00042ECE7D9
:1042A0004FF0FF330246E8E74FF0FF3CCDE700BF99
:1042B000047DC12500CA9A3B70B485B004AC04E902
:1042C0000F0003461349019D104699424FF0020228
:1042D000039EAA4111D3104C6FF00041A3FB04329E
:1042E00004FB0522DD438C1A8542B4410CD3181817
:1042F00042EB060105B070BC70474FF0FF306FF025
:10430000004105B070BC70474FF0FF3005B070BC85
:10431000704700BF047DC12500CA9A3B10B5044612
:104320004022002108F028FF204610BD00285DD063
:104330002DE9F0410D4600295AD004461646ECF707
:104340002FF850B123782F2B0ED002232B6046B1CB
:10435000002318463360BDE8F08101232B60002E56
:10436000F6D10020BDE8F081431EE25C2F2A41D047
:10437000621EC4F1010E02EB00080EEB020712F8F8
:10438000013F23F02001A3F12F0C413919290FD946
:10439000BCF10A0F0CD9A3F15F03B3FA83F35B09F5
:1043A00033B904222A60002EDBD018463760D2E7EA
:1043B0004245E2D101231A4F04E0984204F101047E
:1043C00013461CD9984203F10102F6D021782F2917
:1043D000F3D161782F291ED0C95D4907EDD506229A
:1043E0002A60002EBDD000203360B4E70B20704758
:1043F0000B20B0E703222A60002EF4D1B1E7F728A2
:1044000003D8002318462B60A5E707232B60002E56
:10441000A7D0F623E7E705222A60002EE3D1A0E724
:10442000A9FF0108002843D070B51446C2B02AB3D2
:1044300001290D461E4602D103782F2B12D001AA66
:104440006946FFF773FF80B9009A4AB1072A07D07F
:10445000531E052B2ED8DFE803F01C1F222528143D
:10446000F52D04D800231846236042B070BD072301
:104470002360002EF9D0F4233360F6E70B2042B01E
:1044800070BD06232360002EEFD0019B336042B045
:1044900070BD01232360F6E702232360F3E70323C3
:1044A0002360F0E704232360EDE705232360EAE7B8
:1044B0000B20704713464FF48071034A02A8FDF7A2
:1044C0005BFF0120D1E700BF64F6010868B170B559
:1044D0000D4616460446EBF763FF334601462A466F
:1044E0002046BDE87040FFF79DBF0B20704700BF1E
:1044F000072803D8024B53F8200070470148704743
:104500005CF80108B4F60108002842D02DE9F0411A
:104510000D4600293FD004461646EBF741FF10B385
:10452000631EC4F1010103EB0008CF1813F801EF7B
:10453000AEF130022EF0200C092AACF1410C05D965
:10454000BCF1190F02D9BEF15F0F14D19845ECD11F
:104550002278164BD35C13F0040313D1FF281CD828
:1045600018462B600CE001232B607EB10023184617
:104570003360BDE8F08102232B603EB1002037603C
:10458000BDE8F08103232B60002EEFD10020BDE8B1
:10459000F0810B2070470B20F2E704222A60002EE6
:1045A000F4D0FE2218463260EAE700BFA9FF0108F6
:1045B000042803D8024B53F8200070470148704785
:1045C00068F901087CF801088368184710B50446AB
:1045D0000068EBF785FE00280CBF2046002010BDC8
:1045E00030B5044687B030B10D4631B90B460120D5
:1045F000A560C4E9003507B030BD01A8FDF7B4FCE3
:10460000019B0599A800984703460028EFD1F2E7DF
:1046100088B1036810B5044686B053B101A8FDF710
:10462000A3FC029B0599206898470023C4E9003346
:10463000A36006B010BD704710B5044686B070B1D7
:1046400001A8FDF791FC019B059901209847206086
:1046500028B10021012201701046C4E9011206B000
:1046600010BD00BF20B3036810B5044686B073B117
:104670008368F3B101A8FDF777FC029B05992068D8
:1046800098470023C4E90033A36006B010BD436817
:10469000DBB98368002BF8D0124B5122012112485C
:1046A0001B68DB6808F07CFB4FF0FF3007F0EEFB87
:1046B00070470C4B4C2201210C481B68DB6808F04A
:1046C0006FFB4FF0FF3007F0E1FB064B4E2201215C
:1046D00007481B68DB6808F063FB4FF0FF3007F00A
:1046E000D5FB00BF3C0400241CFA01087CF901083A
:1046F000CCF90108044B1A680AB103487047034A11
:10470000014812681A607047A80300242C04002492
:10471000024A034B12681A60704700BF2C04002441
:10472000A80300242DE9F0410D46074600F060F98A
:1047300004212E18304601F081FC04214418344431
:10474000204601F07BFC042146183444204601F049
:1047500075FC042146182644304601F06FFC042104
:1047600008440644304601F069FC042108448419D9
:10477000204601F063FC042146182644304601F02F
:104780005DFC0421D7F8348044182644304601F0FB
:1047900055FC041D3444B8F1000F0AD12046042111
:1047A0003E6C01F04BFC0444043456B9601BBDE878
:1047B000F081204604EB8804042101F03FFC04440E
:1047C000ECE7204604EB8604042101F037FC0444A6
:1047D000601BBDE8F08100BF08B1FFF7A3BF7047C1
:1047E00010B10021FFF79EBF704700BFF0B50C4627
:1047F00083B0002959D0064600F07EF903462146D1
:1048000030465B68DB68984704F11401304601F0DC
:1048100097FA04F11801304601F092FA04F11C01F4
:10482000304601F08DFA04F12001304601F088FA9B
:1048300004F12401304601F083FA04F128013046E6
:1048400001F07EFA04F12C01304601F079FAA56BF3
:1048500001AB216B2A46304601F0CAFC80B9019AAF
:10486000954226D3676C01ABE16B30463A4601F0C6
:10487000BFFC019B054630B12364284603B0F0BD60
:10488000019B6363EEE79F42F7D201233046B57583
:1048900004217375256401F0E9FB01993046890014
:1048A00001F01CFC284603B0F0BD0D46284603B0BD
:1048B000F0BD0122B075042172756063304601F0CD
:1048C000D5FB01993046890001F008FCCAE700BF1A
:1048D000C8B338B504460D4600F00EF90346294624
:1048E00020465B689B68984794ED050A284601F0CE
:1048F000F5F894ED060A284601F0F0F894ED070A61
:10490000284601F0EBF894ED080A284601F0E6F895
:1049100094ED090A284601F0E1F894ED0A0A2846C8
:1049200001F0DCF894ED0B0A284601F0D7F8284690
:10493000D4E90C1201F04AFC2846D4E90F12BDE874
:10494000384001F043BC7047F8B501230C460746D8
:10495000037000F0C7F826180421C4F1040430469F
:1049600001F06CFB042145183544284601F066FB34
:10497000042146183544284601F060FB0421084410
:104980000544284601F05AFB042146182E443046BF
:1049900001F054FB042145182E44304601F04EFB33
:1049A000042145183544284601F048FB00232044E3
:1049B0003B702844F8BD00BF00B583B000210DF165
:1049C0000700FFF7C1FF03B05DF804FB0048704724
:1049D000B403002400B583B0012300210DF10700CA
:1049E0008DF8073000F0DCF803B05DF804FB00BF81
:1049F00070B5054668B10C4600F082F8042126180F
:104A0000C4F10504304601F019FBE9680C44044484
:104A1000A01970BDF0B50C4683B0E9B1064600F0B0
:104A2000D3F80346214630465B68DB689847276920
:104A300001ABA1683A46304601F082FB019B054676
:104A400020B99F420CD3284603B0F0BD03B1013B0F
:104A50002846E36003B0F0BD0D46284603B0F0BD24
:104A600001213046B5757175E56001F0FFFA3046F9
:104A7000019901F033FB284603B0F0BD08B370B5CF
:104A800004460D4600F0A0F80346294620465B6820
:104A90009B689847A6685EB13046EBF781FC0346F9
:104AA000421C31462846E360BDE8704001F036BB49
:104AB0003346324631462846E360BDE8704001F097
:104AC0002DBB704738B5044650B1002100F018F8EE
:104AD0000421054601F0B2FAE26805325319184480
:104AE00038BD00BF012310B50370044600F058F82C
:104AF0000023237010BD00BF00487047DC03002472
:104B000080B138B50D460421284601F097FA2B1DD7
:104B1000C5F1040504211C18204601F08FFA284431
:104B2000204438BD704700BF38B50C4641B105463A
:104B300000F044FF211D2846BDE8384000F0BCBB12
:104B4000084638BD60B138B50D46044601682846B0
:104B500000F09CFE61682846BDE8384000F07CBA51
:104B6000704700BF60B10421002010B501F066FA63
:104B700004214418204601F061FA0430204410BD9D
:104B8000704700BF10B50421002001F057FA04213E
:104B90004418204601F052FA0430204410BD00BFF2
:104BA00038B50C4601230421251D03702046C4F1AD
:104BB000040401F043FA05440421284601F03EFABA
:104BC0002044284438BD00BF004870470404002436
:104BD00038B50D460121044601F0E4F948B1A36857
:104BE00001211D70A26823690A4461750B44A2600B
:104BF0002361A07D80F0010038BD00BF38B50D46AF
:104C00000121044601F0CEF960B1A26801212369B7
:104C100012F8010B0B44003818BF01202870A26065
:104C200023616175A07D80F0010038BD38B50D4667
:104C30000121044601F0B6F948B1A36801211D70B5
:104C4000A26823690A4461750B44A2602361A07DB8
:104C500080F0010038BD00BF38B50D460121044683
:104C600001F0A0F950B1A36801211B782B70A26854
:104C700023690A4461750B44A2602361A07D80F022
:104C8000010038BD2DE9F0410B4682B004460221F7
:104C9000ADF8063001F0DAF901462046677D01F0F3
:104CA0001DFA0221204601F071F978BBD4E90135E3
:104CB000AB4226D95E1BA36023692046C6F10208D9
:104CC00033444146236101F06DF900283BD0237D38
:104CD000012B4AD09DF807302B70002E40D09DF854
:104CE00006306B7023690221A2680233A07D424422
:104CF00061759E1B80F00100A260266102B0BDE8D4
:104D0000F0810221204601F04DF990B1237D012B65
:104D1000A36814D09DF807109DF806201970A368A9
:104D20005A700221A26823690A4461750B44A2608B
:104D30002361A07D80F0010002B0BDE8F081BDF8E4
:104D400006201A80EDE7A2682369A07D921B9B1BB9
:104D5000677580F00100A260236102B0BDE8F081B8
:104D6000A3689DF806201A70BCE728460DF10605D9
:104D70003246294608F023FB4246A919A06808F0EC
:104D80001EFBAFE72DE9F043044683B00D46022138
:104D9000ADF8062001F05AF90146204694F8158036
:104DA00001F09CF90221204601F0F0F870BBD4E933
:104DB0000167BE4225D923692046A660F61B33440D
:104DC000C6F102092361494601F0ECF8002839D008
:104DD000012D4AD09DF807303B70002E40D09DF841
:104DE00006307B7023690221A268A07D02334A4409
:104DF00061759B1B80F00100A260236103B0BDE8D8
:104E0000F0830221204601F0CDF888B1012DA3687E
:104E100014D09DF807109DF806201970A3685A70E9
:104E20000221A26823690A4461750B44A2602361D0
:104E3000A07D80F0010003B0BDE8F083BDF806203E
:104E40001A80EDE7A2682369A07D921B9B1B84F862
:104E5000158080F00100A260236103B0BDE8F083FB
:104E6000A3689DF806201A70BCE70DF106053246CE
:104E70003846294608F0A3FA4A46A919A06808F05E
:104E80009EFAAFE72DE9F84304460D46022101F0F2
:104E9000DDF80146204694F8158001F01FF9022143
:104EA000204601F073F860BBD4E90167BE4223D904
:104EB00023692046A660F61B3344C6F1020923612C
:104EC000494601F06FF8002834D0237D012B42D0F1
:104ED0007B782B70002E3AD03B786B7023690221CF
:104EE000A2680233A07D4A4461759B1B80F00100DB
:104EF000A2602361BDE8F8830221204601F052F848
:104F000080B1237D012BA36811D05B782B70A3683F
:104F10001B786B700221A26823690A4461750B44F7
:104F2000A2602361A07D80F00100BDE8F8831B88AA
:104F30002B80EFE7A2682369921BA07D9B1B84F85E
:104F4000158080F00100A2602361BDE8F883A368AA
:104F50001B786B70C2E739463246284608F02FFAB4
:104F60004A46A819A16808F02AFAB7E72DE9F047E0
:104F700004460E460221154601F068F80146204617
:104F800094F8158001F0AAF80221204600F0FEFFF7
:104F900070BBD4E901794F4525D923692046A76024
:104FA000A7EB09073B44C7F1020A2361514600F011
:104FB000F9FF002834D0012E43D099F801302B702E
:104FC000002F3AD099F800306B7023690221A26853
:104FD0000233A07D52446175DB1B80F00100A260AA
:104FE0002361BDE8F0870221204600F0DBFF78B1A5
:104FF000012EA36811D05B782B70A3681B786B70AF
:105000000221A26823690A4461750B44A2602361EE
:10501000A07D80F00100BDE8F0871B882B80EFE7C2
:10502000A2682369D21BA07DDB1B84F8158080F069
:105030000100A2602361BDE8F087A3681B786B7054
:10504000C3E749463A46284608F0B9F95246E819F6
:10505000A16808F0B4F9B8E72DE9F04182B0044640
:105060000191042100F0F2FF01462046677D01F026
:1050700035F80421204600F089FF002839D1D4E911
:105080000135AB4230D95E1BA36023692046C6F1CF
:10509000040833444146236100F084FF00284CD0CB
:1050A000237D012B63D09DF807302B70002E51D04B
:1050B0009DF80630012E6B7050D09DF80530022E01
:1050C000AB704FD09DF80430EB7023690421A268C7
:1050D0000433A07D424461759E1B80F00100A260F4
:1050E000266102B0BDE8F0810421204600F05AFF9D
:1050F000D0B1237D012BA3681CD09DF807009DF83B
:1051000006209DF805101870A3685A70A3689DF8D2
:1051100004209970A368DA700421A26823690A4404
:1051200061750B44A2602361A07D80F0010002B094
:10513000BDE8F081019A1A60EEE7A2682369A07DBC
:10514000921B9B1B677580F00100A260236102B077
:10515000BDE8F081A3689DF806201A70A3689DF849
:1051600005201A70A3689DF804201A70ADE7284640
:1051700001AD3246294608F022F94246A919A06835
:1051800008F01DF9A1E700BF2DE9F043044683B004
:105190000D460421019200F059FF0146204694F883
:1051A000158000F09BFF0421204600F0EFFE002850
:1051B00038D1D4E90176B7422FD923692046A760B8
:1051C000BF1B3B44C7F104092361494600F0EAFED6
:1051D00000284AD0012D63D09DF807303370002F8E
:1051E00051D09DF80630012F737050D09DF80530D6
:1051F000022FB3704FD09DF80430F370236904215F
:10520000A268A07D04334A446175DB1B80F0010075
:10521000A260236103B0BDE8F0830421204600F0C2
:10522000C1FEC8B1012DA3681CD09DF807009DF8F0
:1052300006209DF805101870A3685A70A3689DF8A1
:1052400004209970A368DA700421A26823690A44D3
:1052500061750B44A2602361A07D80F0010003B062
:10526000BDE8F083019A1A60EEE7A2682369A07D89
:10527000D21BDB1B84F8158080F00100A260236143
:1052800003B0BDE8F083A3689DF806201A70A368F8
:105290009DF805201A70A3689DF804201A70ADE7E8
:1052A00001AD3A463046294608F089F84A46E919E0
:1052B000A06808F084F8A1E72DE9F84304460D46FC
:1052C000042100F0C3FE0146204694F8158000F04A
:1052D00005FF0421204600F059FE002838D1D4E90A
:1052E0000176B7422FD923692046A760BF1B3B44F4
:1052F000C7F104092361494600F054FE002846D056
:10530000237D012B5CD0F3782B70002F4CD0B37829
:10531000012F6B7005F102034AD07378022FAB7036
:1053200005F1030348D03378EB7023690421A268A8
:105330000433A07D4A446175DB1B80F00100A2604C
:105340002361BDE8F8830421204600F02BFEB0B1B4
:10535000237D012BA36817D0DB782B70A3689B7883
:105360006B70A3685B78AB70A3681B78EB7004214B
:10537000A26823690A4461750B44A2602361A07D81
:1053800080F00100BDE8F8831B682B60EFE7A2689E
:105390002369D21BA07DDB1B84F8158080F00100FF
:1053A000A2602361BDE8F883A3689B786B70AB1C97
:1053B000A268527803F8012BA26812781A70B4E739
:1053C00031463A46284607F0FAFF4A46E819A168EE
:1053D00007F0F5FFA9E700BF2DE9F04704460E46A8
:1053E0000421154600F032FE0146204694F815804F
:1053F00000F074FE0421204600F0C8FD00283CD1D6
:10540000D4E90137BB4233D9A3EB0709A360236971
:105410002046C9F1040A4B445146236100F0C2FD05
:10542000002848D0012E61D0FB782B70B9F1000F15
:1054300050D0BB78B9F1010F6B7005F102034DD06C
:105440007B78B9F1020FAB7005F103034AD03B78CA
:10545000EB7023690421A2680433A07D5244617576
:10546000A3EB090380F00100A2602361BDE8F0878F
:105470000421204600F096FDA8B1012EA36817D0A4
:10548000DB782B70A3689B786B70A3685B78AB703C
:10549000A3681B78EB700421A26823690A44617534
:1054A0000B44A2602361A07D80F00100BDE8F0877D
:1054B0001B682B60EFE7A2682369A2EB0902A07DBD
:1054C000A3EB090384F8158080F00100A26023613A
:1054D000BDE8F087A3689B786B70AB1CA26852781C
:1054E00003F8012BA26812781A70B2E739464A46CF
:1054F000284607F064FF524605EB0900A16807F053
:105500005EFFA6E72DE9F041044682B00821CDE90F
:10551000002300F09BFD01462046677D00F0DEFD84
:105520000821204600F032FD00284ED1D4E9013593
:10553000AB4245D95E1BA36023692046C6F108082B
:1055400033444146236100F02DFD002874D0237DB3
:10555000012B00F09B809DF807302B70002E78D037
:105560009DF80630012E6B7077D09DF80530022E25
:10557000AB7076D09DF80430032EEB7075D09DF89B
:105580000330042E2B7174D09DF80230052E6B7100
:1055900073D09DF80130062EAB7172D09DF80030AB
:1055A000EB7123690821A2680833A07D424461752C
:1055B0009E1B80F00100A260266102B0BDE8F08170
:1055C0000821204600F0EEFC50B3237D012B2DD0A6
:1055D000A3689DF807009DF806209DF80510187037
:1055E000A3685A70A3689DF804209DF80300997081
:1055F000A368DA70A3689DF802209DF80110187165
:10560000A3685A71A3689DF800209971A368DA71A4
:105610000821A26823690A4461750B44A2602361D2
:10562000A07D80F0010002B0BDE8F0816B46A26869
:1056300003CB10605160EBE7A2682369A07D921B49
:105640009B1B677580F00100A260236102B0BDE87A
:10565000F081A3689DF806201A70A3689DF80520C4
:105660001A70A3689DF804201A70A3689DF803209F
:105670001A70A3689DF802201A70A3689DF8012093
:105680001A70A3689DF800201A708AE728466D46B4
:105690003246294607F093FE4246A919A06807F052
:1056A0008EFE7EE72DE9F0410B4682B004460221D2
:1056B000ADF8063000F0CAFC01462046677D00F0D8
:1056C0000DFD0221204600F061FC78BBD4E90135D4
:1056D000AB4226D95E1BA36023692046C6F10208AF
:1056E00033444146236100F05DFC00283BD0237D1C
:1056F000012B4AD09DF807302B70002E40D09DF82A
:1057000006306B7023690221A2680233A07D4244F7
:1057100061759E1B80F00100A260266102B0BDE8A9
:10572000F0810221204600F03DFC90B1237D012B49
:10573000A36814D09DF807109DF806201970A3687F
:105740005A700221A26823690A4461750B44A26061
:105750002361A07D80F0010002B0BDE8F081BDF8BA
:1057600006201A80EDE7A2682369A07D921B9B1B8F
:10577000677580F00100A260236102B0BDE8F0818E
:10578000A3689DF806201A70BCE728460DF10605AF
:105790003246294607F013FE4246A919A06807F0D1
:1057A0000EFEAFE72DE9F84304460D46022100F056
:1057B0004DFC0146204694F8158000F08FFC022134
:1057C000204600F0E3FB60BBD4E90167BE4223D969
:1057D00023692046A660F61B3344C6F10209236103
:1057E000494600F0DFFB002834D0237D012B42D056
:1057F0007B782B70002E3AD03B786B7023690221A6
:10580000A2680233A07D4A4461759B1B80F00100B1
:10581000A2602361BDE8F8830221204600F0C2FBAC
:1058200080B1237D012BA36811D05B782B70A36816
:105830001B786B700221A26823690A4461750B44CE
:10584000A2602361A07D80F00100BDE8F8831B8881
:105850002B80EFE7A2682369921BA07D9B1B84F835
:10586000158080F00100A2602361BDE8F883A36881
:105870001B786B70C2E739463246284607F09FFD19
:105880004A46A819A16807F09AFDB7E72DE9F0414B
:1058900082B004460191042100F0D8FB0146204665
:1058A000677D00F01BFC0421204600F06FFB002800
:1058B00039D1D4E90135AB4230D95E1BA3602369ED
:1058C0002046C6F1040833444146236100F06AFBD8
:1058D00000284CD0237D012B63D09DF807302B701E
:1058E000002E51D09DF80630012E6B7050D09DF8DF
:1058F0000530022EAB704FD09DF80430EB70236959
:105900000421A2680433A07D424461759E1B80F08F
:105910000100A260266102B0BDE8F08104212046AA
:1059200000F040FBD0B1237D012BA3681CD09DF873
:1059300007009DF806209DF805101870A3685A709E
:10594000A3689DF804209970A368DA700421A26806
:1059500023690A4461750B44A2602361A07D80F035
:10596000010002B0BDE8F081019A1A60EEE7A2687A
:105970002369A07D921B9B1B677580F00100A260CC
:10598000236102B0BDE8F081A3689DF806201A707B
:10599000A3689DF805201A70A3689DF804201A706A
:1059A000ADE7284601AD3246294607F008FD4246DC
:1059B000A919A06807F003FDA1E700BF2DE9F8438E
:1059C00004460D46042100F041FB0146204694F8B0
:1059D000158000F083FB0421204600F0D7FA002850
:1059E00038D1D4E90176B7422FD923692046A76080
:1059F000BF1B3B44C7F104092361494600F0D2FABA
:105A0000002846D0237D012B5CD0F3782B70002F2B
:105A10004CD0B378012F6B7005F102034AD0737834
:105A2000022FAB7005F1030348D03378EB70236984
:105A30000421A2680433A07D4A446175DB1B80F019
:105A40000100A2602361BDE8F8830421204600F034
:105A5000A9FAB0B1237D012BA36817D0DB782B7096
:105A6000A3689B786B70A3685B78AB70A3681B78A6
:105A7000EB700421A26823690A4461750B44A2609B
:105A80002361A07D80F00100BDE8F8831B682B60D6
:105A9000EFE7A2682369D21BA07DDB1B84F8158089
:105AA00080F00100A2602361BDE8F883A3689B78C1
:105AB0006B70AB1CA268527803F8012BA2681278B5
:105AC0001A70B4E731463A46284607F078FC4A4651
:105AD000E819A16807F073FCA9E700BF2DE9F041C0
:105AE000044682B004218DED010A00F0AFFA0146B0
:105AF0002046677D00F0F2FA0421204600F046FAC5
:105B0000002839D1D4E90135AB4230D95E1BA360FE
:105B100023692046C6F1040833444146236100F05E
:105B200041FA00284CD0237D012B63D09DF807302B
:105B30002B70002E51D09DF80630012E6B7050D086
:105B40009DF80530022EAB704FD09DF80430EB70FD
:105B500023690421A2680433A07D424461759E1B21
:105B600080F00100A260266102B0BDE8F08104214E
:105B7000204600F017FAD0B1237D012BA3681CD07A
:105B80009DF807009DF806209DF805101870A36881
:105B90005A70A3689DF804209970A368DA700421F4
:105BA000A26823690A4461750B44A2602361A07D49
:105BB00080F0010002B0BDE8F081019A1A60EEE7C2
:105BC000A2682369A07D921B9B1B677580F0010072
:105BD000A260236102B0BDE8F081A3689DF80620B1
:105BE0001A70A3689DF805201A70A3689DF8042018
:105BF0001A70ADE7284601AD3246294607F0DFFBB3
:105C00004246A919A06807F0DAFBA1E72DE9F043A5
:105C1000044683B00D4604218DED010A00F016FA0A
:105C20000146204694F8158000F058FA04212046D9
:105C300000F0ACF9002838D1D4E90176B7422FD969
:105C400023692046A760BF1B3B44C7F104092361B9
:105C5000494600F0A7F900284AD0012D63D09DF8ED
:105C600007303370002F51D09DF80630012F73702C
:105C700050D09DF80530022FB3704FD09DF80430FE
:105C8000F37023690421A268A07D04334A4461753E
:105C9000DB1B80F00100A260236103B0BDE8F0834C
:105CA0000421204600F07EF9C8B1012DA3681CD064
:105CB0009DF807009DF806209DF805101870A36850
:105CC0005A70A3689DF804209970A368DA700421C3
:105CD000A26823690A4461750B44A2602361A07D18
:105CE00080F0010003B0BDE8F083019A1A60EEE78E
:105CF000A2682369A07DD21BDB1B84F8158080F08D
:105D00000100A260236103B0BDE8F083A3689DF8A1
:105D100006201A70A3689DF805201A70A3689DF8E4
:105D200004201A70ADE701AD3A463046294607F027
:105D300046FB4A46E919A06807F041FBA1E700BF0E
:105D40002DE9F84304460D46042100F07FF9014691
:105D5000204694F8158000F0C1F90421204600F097
:105D600015F9002838D1D4E90176B7422FD9236933
:105D70002046A760BF1B3B44C7F104092361494685
:105D800000F010F9002846D0237D012B5CD0F37879
:105D90002B70002F4CD0B378012F6B7005F10203EC
:105DA0004AD07378022FAB7005F1030348D03378E3
:105DB000EB7023690421A2680433A07D4A44617515
:105DC000DB1B80F00100A2602361BDE8F8830421A1
:105DD000204600F0E7F8B0B1237D012BA36817D06F
:105DE000DB782B70A3689B786B70A3685B78AB70D3
:105DF000A3681B78EB700421A26823690A446175CB
:105E00000B44A2602361A07D80F00100BDE8F8830F
:105E10001B682B60EFE7A2682369D21BA07DDB1B08
:105E200084F8158080F00100A2602361BDE8F8834A
:105E3000A3689B786B70AB1CA268527803F8012BA7
:105E4000A26812781A70B4E731463A46284607F03D
:105E5000B6FA4A46E819A16807F0B1FAA9E700BF07
:105E60002DE9F04704460E460421154600F0EEF8F1
:105E70000146204694F8158000F030F904212046B0
:105E800000F084F800283CD1D4E90137BB4233D973
:105E9000A3EB0709A36023692046C9F1040A4B4418
:105EA0005146236100F07EF8002848D0012E61D0D1
:105EB000FB782B70B9F1000F50D0BB78B9F1010F0E
:105EC0006B7005F102034DD07B78B9F1020FAB7016
:105ED00005F103034AD03B78EB7023690421A268E3
:105EE0000433A07D52446175A3EB090380F00100E7
:105EF000A2602361BDE8F0870421204600F052F83B
:105F0000A8B1012EA36817D0DB782B70A3689B780B
:105F10006B70A3685B78AB70A3681B78EB7004218F
:105F2000A26823690A4461750B44A2602361A07DC5
:105F300080F00100BDE8F0871B682B60EFE7A268E6
:105F40002369A2EB0902A07DA3EB090384F8158065
:105F500080F00100A2602361BDE8F087A3689B7810
:105F60006B70AB1CA268527803F8012BA268127800
:105F70001A70B2E739464A46284607F020FA5246D8
:105F800005EB0900A16807F01AFAA6E7837D3BB983
:105F9000D0E901031944884234BF00200120704732
:105FA00000207047837D43B9D0E9012110B59142AB
:105FB000044605D20123184610BD00231846704739
:105FC00082693AB1C169904780F00103A075DBB2E4
:105FD000184610BD0120A075FAE700BFC0E90612FF
:105FE000704700BF10B4019C0A44016042600A1966
:105FF0001C4482600022C0E903349DF808304275D9
:106000005DF8044B82750375C0E90622704700BF36
:1060100010B582B0049C009401240194FFF7E2FFC4
:1060200002B010BD10B5002482B00094FFF7F0FF5D
:1060300002B010BD0023FFF7F5BF00BFB0FBF1F2C7
:1060400002FB11004B1E081A18407047437D8B421B
:1060500009D203694A1EB3FBF1F001FB1030091AA3
:1060600001EA020070470020704700BF38B50446BF
:106070000D46FFF7EBFFA36865751A1823691844EE
:1060800063689342206128BF1346A36038BD00BFF8
:1060900082680068101A7047D0E90120101A704712
:1060A00038B5837DA3B904460D46D0E901329A4242
:1060B00000D331B92046FFF7EFFFA84228BF28469A
:1060C00038BD836933B1C1699847A0750028F1D004
:1060D000002038BD01238375FAE700BF38B50446B8
:1060E0000D46FFF753FF78B12369A2682B442A4479
:1060F00023610123A260637538BDA2682D1A23694C
:1061000002441844A2602061294601222046FFF77C
:10611000C7FF0028F1D10123637538BD70B515465E
:106120000E46017D0446FFF72FF80DB9012070BD22
:106130002B463246217D2046BDE8704004F00CBF5E
:106140002DE9F0411D4616460F461A46017D0446CC
:10615000FFF742F92B689E4201D20122A27513B9C2
:106160000120BDE8F0813A46217D2046BDE8F0419E
:1061700004F024BF70B515460E46017D0446FFF7B6
:1061800003F80DB9012070BD2B463246217D204613
:10619000BDE8704004F078BF2DE9F0411D46164679
:1061A0000F461A46017D0446FFF716F92B689E42FA
:1061B00001D20122A27513B90120BDE8F0813A464F
:1061C000217D2046BDE8F04104F0C4BF70B51546FE
:1061D0000E46017D0446FEF7D7FF0DB9012070BDC4
:1061E0002B463246217D2046BDE8704004F0E6BFD4
:1061F0002DE9F0411D4616460F461A46017D04461C
:10620000FFF7EAF82B689E4201D20122A27513B96A
:106210000120BDE8F0813A46217D2046BDE8F041ED
:1062200005F020B810B500238EB004460391CDE9E7
:10623000013203230422009306AB01F0C3FA18B91C
:10624000044620460EB010BD029905AA204601F072
:10625000F5FB044605A906A803F0DAF920460EB0BE
:1062600010BD00BFC2F3074C10B5BCF1010F8CB0DC
:10627000044602920CBF03F0010200220E33039188
:106280009DF838101A4404AB0191012192B200919B
:10629000039901F097FA18B9044620460CB010BDD6
:1062A000029920460F9A01F0C9FB04460F9904A8F1
:1062B00003F008F920460CB010BD00BF70B5ADF575
:1062C000167D054611ACADF8543203239DF86C627F
:1062D000CDE902212372002301228DF814309A9B0C
:1062E0002271CBB18DF81C2008934FF4007215A9D0
:1062F00009A8FFF79FFE05A909A802F0B9FD0D9BAB
:10630000009628460194E3609BB2DDE90221FFF785
:10631000A9FF0DF5167D70BD8DF81C30E5E700BFB7
:1063200070B5ADF5187D05461846059197A99DF8FD
:10633000786213ACCDE9033202238DF8503000F0BF
:10634000ABF99C9B4FF4007217A90BA806939D9B79
:106350000A9303238DF8543001238DF82430002351
:106360008DF81C30FFF766FE06A90BA802F0A2FD0F
:106370000F9B2846009616939BB20194DDE90421F9
:10638000FFF770FF0DF5187D70BD00BFF0B5ADF2E1
:106390008C4D032605461846059192A99DF8A074D8
:1063A0000EAC8DF83C60CDE9033200F075F90023A6
:1063B0004FF4007212A906A88DF84C328DF85432B1
:1063C0008DF84060FFF736FE93A906A802F026FE7E
:1063D0000A9B2846009711939BB20194DDE90421A2
:1063E000FFF740FF0DF28C4DF0BD00BF2DE9F041ED
:1063F000ADF5227D0646184603271DACBDF8A85210
:106400000591A1A99DF8AC82CDE903320523237142
:1064100000F042F90EA9A898277200F03DF9002378
:10642000ADF84450003D9DF8A5228DF8643018BFAA
:1064300001258DF846308DF84C308DF85430ADF88C
:10644000403001238DF842508DF83A308ABB4FF02E
:10645000230E4FF0130C0B25212211210920ADF83A
:1064600040309DF8A63223B9724661462846ADF801
:1064700040709DF8A432012B25D0032B29D02BB3DB
:106480004FF4007221A906A8FFF7D4FD0EA906A8B3
:1064900002F03AFE0A9BCDF8008030460194E3609A
:1064A0009BB2DDE90421FFF7DDFE0DF5227DBDE89D
:1064B000F0814FF0220E4FF0120C0A2520221021FD
:1064C00008200227CDE7ADF84010D9E7ADF840002D
:1064D000D6E7ADF84020D3E7014B1878704700BFEE
:1064E000204102242DE9F04F934689B00022044652
:1064F0008A4605938DF81E2090F8002222B300F200
:1065000002290DF11F0805AF0DF11E064FF40075AD
:1065100002E0059B002B0FDDD4F8741223462246BF
:106520004846CDE90278CDE9005601F09DFC0028EF
:10653000EFD09DF81E30B3B10F4B00209DF81F2007
:106540001A7009B0BDE8F08F0DF11F0201460092EC
:106550004FF40072D0F87452A8470028ECD09DF890
:106560001E30002BE8D1CBF800000120CAF8004013
:1065700009B0BDE8F08F00BF2041022430B590F88B
:10658000005287B0144695B9D0F870520DF1170338
:10659000A847031E18BF0123A04218BF00231BB940
:1065A0000A4A9DF817101170184607B030BD0B4607
:1065B00000220DF117010094CDE901210246D0F827
:1065C000701200F2022001F071FAE2E72041022489
:1065D00080F800120199C0E99A23009BC0E99C3120
:1065E000704700BF38B5D0F8683203B3D0F86C22DA
:1065F0000446E2B1D0F87022CAB1D0F87422B2B128
:10660000C0F88C129847054688B194F800328BB9CF
:106610000B4B28460B490C4AC4F880324FF40073E8
:10662000C4F88422A4F88832C4E99E4138BD00250C
:10663000284638BD002104F2022001F031FAE7E7D4
:10664000E56401087D650108D9640108D0F86C3261
:10665000184700BF82B000238DF8061060F30F03C7
:10666000BDF8062062F31F43184602B0704700BF12
:10667000437882B0017800201A0903F00F0302EB7F
:1066800001128DF80630BDF8063062F30F0063F397
:106690001F4002B0704700BF0246C0F3034382B000
:1066A000C2F30B1C03EB021081F800C0487002B06B
:1066B000704700BF10B5002394B0044605920193C3
:1066C000ADF81C308DF81E30CDF82630CDF82A30CC
:1066D0000823CDE90221012200930CAB8DF8242080
:1066E000102201F06FF818B90446204614B010BD0E
:1066F000059906AA204601F0A1F9044606A90CA8AE
:1067000003F030F8204614B010BD00BF2DE9F0436F
:1067100095B0BDF8787013B115B0BDE8F0830646AA
:106720001C980C461546049099461D989DF8768055
:1067300005900CA8D1E90121521AFFF77BFC0CA8A7
:10674000D4E90612FFF74AFCE2699AB1B8F1070FE3
:1067500082F8149040D0B8F1080F2ED0B8F1060F8F
:1067600011D00123137529462046FFF7B7FC15B059
:10677000BDE8F083B8F1070F2ED0B8F1080F1CD098
:10678000B8F1060FEFD1D6F88880B8F1000F11D01C
:106790000CAB01953A463046009306238DF816302F
:1067A000D6F88C300293DDE90431C0470123E26959
:1067B00086F8B430002AD4D1D5E7D6F8A430002B1F
:1067C000F8D00CA806A9DDF8408003F0A5F8A0B920
:1067D000E269002AC5D1C6E7D6F8AC303BB106A9BC
:1067E0000CA8DDF8408002F05DFD60BBE269A368A3
:1067F0002B44A360002AB4D1B5E7109B0CA8A8EBEA
:106800000308DDE90D21A844521AFFF713FC0CA878
:106810001FFA88F8D4E90612FFF7E0FB0CAB082159
:10682000CDF8048000933A468DF8161006ABD6F8E2
:10683000A810304602910599D6F8A470B8470123F4
:1068400086F8B430C4E7DDE90D21109B0CA8521A7C
:10685000A8EB0308FFF7EEFB0CA8A844D4E9061246
:10686000FFF7BCFB0CAB9DF818101FFA88F80093DB
:106870003A469DF819303046CDF8048003EB0123E9
:1068800007218DF816109BB2D6F8B0100291059929
:10689000D6F8AC70B847012386F8B430A6E700BF3D
:1068A00000B58BB00146042202A8FFF7C3FB0DF12F
:1068B00005030DF1060201A902A801F0C5FE9DF82D
:1068C00004300D2B03D000200BB05DF804FB9DF8C5
:1068D000053013F0020F14BF022001200BB05DF849
:1068E00004FB00BF70B50025ADF5347D0E460446AF
:1068F0004FF42472294610A80395049506F03CFC39
:1069000003A9304602F06EFEBDF80C302046ADF80B
:10691000403001F08BF82B460C2205A9009008A806
:10692000FFF776FB10A908A802F0D0FE089B2A46C4
:106930002946204601F026F808A8FFF7A9FB236F97
:10694000024605A9D3E90004A0470DF5347D70BDCA
:1069500070B592B005460E46144601F067F805A9D9
:10696000009000230AA81122FFF752FB18220023EF
:106970000A2102FB04540AA80522503401F04AFE01
:1069800003A9204604F076FE40BA03A98DF81060F2
:10699000ADF80E000AA802F00BFF00220A9B284661
:1069A000114600F0EFFF0AA8FFF772FB2B6F0246BB
:1069B00005A9D3E90004A04712B070BD0000000093
:1069C0009FED0D7B002310B5044680F8A030C0E990
:1069D0001C13C0E91E33C0E92033C0E92233C0E9EB
:1069E000243380ED267B812100F030FF04F1080084
:1069F000BDE8104001F02ABD0000000000000000CA
:106A0000C0E92012704700BFC0E92212704700BFE2
:106A1000C0E92912704700BFC0E92B12704700BFC0
:106A200010B5044684B0CDE9002100F0FFFF034615
:106A300004F10800DDE9002104B0BDE8104001F0D8
:106A40004BBD00BF30B589B00446CDE904210393A6
:106A500000F0ECFF0546059904F108000095DDE91A
:106A6000033201F04DFD00225FFA80FCC0F30724E1
:106A7000C0F30741030E6CF3070264F30F2261F3C6
:106A8000174263F31F62104609B030BD82B0083070
:106A900002B001F04FBD00BF10B50C4C84B00830FF
:106AA000009401F05DFD00225FFA80FEC0F3072C28
:106AB000C0F30741030E6EF307026CF30F2261F37C
:106AC000174263F31F62104604B010BDA1680108AD
:106AD00010B5044601F000FE054AD4E92634C01A78
:106AE0004FF0000361EB0401E9F762FC10BD00BF49
:106AF00040420F0010B5044601F0EEFDD4E9263205
:106B0000C01A61EB020110BD2DE9F047037E84B08D
:106B10000446FBB14FF000090DF1020803AF02AECD
:106B20004846012204EB00151146083501F034FCFB
:106B3000844643463A4631462846CDF804C004F020
:106B400023FE00283DD109F10109237E5FFA89F077
:106B50008342E6D894F8483083B34FF000090DF132
:106B6000020803AF02AE484600EB80050122022175
:106B700004EBC50501F010FC019020350CE0BDF8D8
:106B800002209DF80410029B00F0FCFE236FDDE95B
:106B90000212D3E9000AD04743463A463146284616
:106BA00005F016F803462046002BE8D109F101094B
:106BB00094F848305FFA89F08342D5D804B0BDE834
:106BC000F087029B2046BDF8022009F101099DF8DB
:106BD000041000F0D7FE236F039A5D6818680299CD
:106BE000A847237E5FFA89F083429AD8B2E700BFB4
:106BF0002DE9F0410D46ADF5247D0646694628464F
:106C000002F002FC044602A928469DF80570FDF733
:106C1000F5FF9DF808300440E4B25BB987A9284627
:106C2000FDF7ECFF9DF81C3280464BB90DF5247D35
:106C3000BDE8F08103A9284602F092FA0440EDE78E
:106C400088A92846FEF708F814EA080FEED00028B5
:106C5000ECD09DF820320D2BE8D18AA92846FEF70A
:106C6000A1FD38B1BDF92832002B06DD002F14BF7D
:106C70000120022086F8B500D8E70020FAE700BF1F
:106C80002DE9F04F044697B00D46C14E09920DF123
:106C90002F030CAA0DF12E01284601F0D5FC002887
:106CA00000F042819DF82E309DF82620023B0D2BEE
:106CB000EDD801A151F823F01F6F01088F6C010876
:106CC0000F6F0108AD6E0108A36E01088F6C0108FB
:106CD0008F6C0108F96D01088B6D01084B6D01087F
:106CE0008F6C01088F6C01088F6C0108F16C010832
:106CF00010A9284602F0BEFDD4F89080B8F1000F2C
:106D000000F01A8101F0E8FC02460B46D4F894002A
:106D10000021149F06908C461598C7FB060C109F07
:106D2000CDE9040C8C461198C7FB060CCDE9020C8A
:106D3000DDE91270C7FB0601CDE900012046C0471E
:106D40004FF0010384F8A030A1E710A9284602F013
:106D50006FFD00219DF8440001F04CFBC0F30728B3
:106D60000F9004F10800414601F032FC00288ED05B
:106D7000BDF84010BDF8422004F070FC42469DF87A
:106D80003C102046FFF7E4FD81E710A9284602F0F9
:106D900027FD00219DF8440001F02CFBC0F30721E2
:106DA0000D9004F1080001F0FDFB804600283FF43F
:106DB0006EAF9DF842300DF1380A9DF84310BDF8D2
:106DC000402001EB032189B204F0AAFF404604F001
:106DD0006BFFADF8320005E0236FDDE90E12D3E959
:106DE0000009C8470DF132030FAA5146404604F08E
:106DF0005DFF0028F0D14AE79DF825300DF1380AF3
:106E0000BDF8308028468DF8353051469DF8273042
:106E1000A8F104089DF82F908DF837301FFA88F8F4
:106E20009DF8243009F00E098DF836208DF83430A5
:106E300002F038FA50460FA90DF1320200F01EFEA2
:106E40000F99D4F880B0BDF832A01091BBF1000FBB
:106E500006D0D4F884305246204600930023D84709
:106E6000E26F82B1616F4FF0000C023903E00CF168
:106E7000010C944507D031F8023F5345F7D1A36F79
:106E8000002203F80C20BDF832104B464246204643
:106E900002910F9901910D9900912946FFF736FC57
:106EA000F5E629462046FFF7A3FEF0E6002A3ED08D
:106EB00010A9284602F0ECFB0EA90DAA10A800F0BC
:106EC000DDFD0E99D4F880A09DF84490BDF8348083
:106ED0000F91BAF1000F06D0D4F884304246204614
:106EE00000934B46D047E26F002A3FF4D0AE606F6C
:106EF0000021023803E0013191423FF4C8AE30F87E
:106F0000023F4345F7D1A36F03F80190BFE6002A83
:106F10007FF4BDAE2946204600F0F4FCB7E62946D2
:106F20002046FFF7DFFCB2E617B0BDE8F08F294638
:106F3000204600F0F5FCAAE601F0CEFB4246149F85
:106F4000159BC7FB06321818129F42EB0101139BD9
:106F50004246C7FB06329C46DDE91037C3FB067884
:106F600043461CEB070C42EB0302B0EB0C0361EB56
:106F70000202002A08DB5B0843EAC2735210C4F81D
:106F80009830C4F89C20DBE6013342F10002F2E7BE
:106F900000CA9A3B0B1E2DE9F04FB8BF6FF00043BB
:106FA0009DB08046059301F07BFB98F84820814610
:106FB000002A00F09A8000266FF000434FF0FF3B5C
:106FC0000F46304603930EE09A6B0136DB6B5A4551
:106FD0000399F0B273EB010101DA9346039398F839
:106FE000483083425FD900EB800402210122E40093
:106FF00001F0D2F9014604F120053B464A460991C9
:107000004544284604F024FE08EB04030028DBD0A6
:107010009DF825500DF1500A9DF824304046013569
:107020004444049300F002FD05EB85050023112282
:107030000CA908EBC505009050460136FEF7E8FFA5
:10704000002305220B21504601F0E4FA0121688952
:1070500004F0C2FE2B8902460AA9ADF82A30504638
:10706000049BADF828208DF82C3002F0CDFB0022D7
:10707000149B4046114600F085FC5046FFF708F887
:10708000D8F8703002460CA9D3E90005A847039947
:10709000F0B2D4E90E235A4573EB01019DDB98F859
:1070A000483083429FD86FF00043039A9A4208BF4A
:1070B000BBF1FF3F19D0ABEB0903002B059DD8F8BE
:1070C000700008AA08BF012307A984689D420068D0
:1070D000A8BF1D462B46A04748B9059B5B1B002B4C
:1070E00005933FF760AF044612E0059BE5E7DDE955
:1070F0000712044600250CA8FEF79CFF0DF11A03A9
:1071000006AA0CA940468DF8185000F04FFC18B99B
:1071100020461DB0BDE8F08F29469DF8180001F00B
:1071200069F9C0F30746BDF81AA0C0F30725012E80
:10713000CDE909004BD0022E0FD0002EE8D1314608
:10714000304601F057F902460CA940460A92FFF773
:1071500097FD20461DB0BDE8F08F294608F10800D4
:107160009DF8249001F034FA074638B30E9A0CA823
:107170000392FEF791FF03460DF11900039A514661
:107180000090384604F06EF9C0B19DF8193093B301
:1071900014AE4FF0020A0AE08DF8289031468DF8BF
:1071A000295040468DF82AA00A9AFFF769FD04226B
:1071B0003146384604F0D8F90028EDD140462A4639
:1071C0004946FFF7C5FB20461DB0BDE8F08F2946B4
:1071D00008F1080001F0F2F9002899D0514604F0B6
:1071E000B7F8002894D08DF82A600CA90A9A404676
:1071F000FFF746FD8CE78DF82A600CA90A9A4046F5
:10720000FFF73EFDC4E700BF70B504460D4601F030
:1072100047FA06462046FFF777FC29462046FFF747
:10722000B9FE01F03DFA831BE91A0029F6DC04F1EE
:107230000800BDE8704001F0D7B900BF70B5044642
:107240000D4601F02DFA06462046FFF75DFC0023AF
:10725000294684F8B43005E001F022FA831BE91ACC
:10726000002907DD2046FFF795FE94F8B4000028BA
:10727000F2D070BD94F8B40070BD00BF2DE9F041AC
:1072800006460D4601F00CFA0746304606F108089E
:10729000FFF73AFC002D10DB2C4606E0FFF77AFEE4
:1072A00001F0FEF9C31BEC1A07D4404601F09CF92B
:1072B000034621463046002BF0D04046BDE8F04161
:1072C00001F092B92DE9F84FDDF828B0064688465E
:1072D00092461F46FFF718FCBBF1000F04D05A4638
:1072E000FF21384605F048FFC6F87CB07D1EC6E990
:1072F0001DA701F0D5F9414681463046FFF74AFE09
:1073000001F0CEF9A0EB0900A8EB0001BBF1000FE2
:1073100029D0AE464FF0000C1EF8014FFF2C15D0BF
:107320000CF1010CE345F7D80023F36700E058B1F6
:107330002B4615F8010F02330128A3EB07038CBF7E
:10734000002001209B45F2D8BDE8F88F3AF81C30A8
:107350000CF1010CDC4501D2002BDDD00029E3DD6E
:10736000002BCAD1E0E70120C6F87CB0BDE8F88F59
:10737000F0B593B004460D4600F058FB14220023EC
:1073800000900AA80DEB0201FEF742FE002308223E
:107390000E210AA801F03EF901F09EF90E460746BB
:1073A0001BA3D3E90023E9F703F8314603903846DD
:1073B00017A3D3E90023E8F7FBFF03A90AA8049267
:1073C00002F04AFA00220A9B2046114600F0DAFA3F
:1073D0000AA8FEF75DFE236F024605A9D3E9000661
:1073E000B04701F05DF900230646294684F8A03035
:1073F00000E050B92046FFF7CDFD01F051F9831BA5
:1074000094F8A000E91A0029F3DC13B0F0BD00BF26
:1074100000CA9A3B000000002DE9F04F04469DB0E1
:10742000FF2003936071002B00F0B68089469246DE
:107430004FF0000B236F52464946D3E90005A84799
:1074400001F02EF94FF47A73054609E001F028F9AE
:10745000401BC0F57A73002B40DD6079FF2845D1D1
:10746000226F08A99668106809AAB0470028EDD0D5
:107470000CA80026DDE90812FEF7DCFD0DF11E0365
:1074800007AA0CA920468DF81C6000F08FFA00288E
:10749000DCD031469DF81C0000F0ACFFC0F307477C
:1074A000BDF81E30C0F30726012F0293CDE90A0074
:1074B0005CD0022F20D0002FC8D13946384600F0CA
:1074C00099FF0CA902460B902046FFF7D9FB01F06B
:1074D000E7F8401BC0F57A73002BBEDC0BF1010B03
:1074E000039B60795B4501D0FF28A3D0FF3818BF0C
:1074F00001201DB0BDE8F08F9DF82830314604F121
:107500000800049301F064F8804648B30E9A0CA872
:107510000592FEF7C1FD03460DF11D00059A00908E
:107520004046029903F09EFFD0B19DF81D30002B1C
:107530003AD0049F0AE04FF002038DF82C708DF8CA
:107540002D608DF82E300B9AFFF79AFB14A90422B8
:10755000404604F009F8034614A92046002BEAD15E
:10756000324604992046FFF7F3F96FE7314604F1FC
:10757000080001F023F800283FF468AF029903F0F7
:10758000E7FE00283FF462AF8DF82E700CA90B9A2D
:107590002046FFF775FB59E7236FD3E90004A047A6
:1075A00001201DB0BDE8F08F8DF82E700CA90B9A4C
:1075B0002046FFF765FBBCE730B58FB004460D46AB
:1075C00000F034FA0023102202A9009006A8FEF76A
:1075D0001FFD06A9204600F079F90022069B2046EF
:1075E000114600F0CFF906A8FEF752FD2B460246E1
:1075F00002A92046FFF710FF18B16079B0FA80F0B9
:1076000040090FB030BD00BF2DE9F04F00F1080B6D
:107610000446ABB058465E4600F022FF204600F01C
:1076200005FA00231C220BA9009012A8FEF7F0FC1B
:10763000236F12A920461A8A043A92B200F01CF96C
:107640001299204600F08AF912A8FEF721FDFF23C7
:10765000814663710A230393236F4A460BA9D3E93A
:107660000005A84701F01CF84FF47A73054609E0BD
:1076700001F016F8401B6279C0F57A73002B38DDF3
:10768000FF2A3CD1226F07A99768106808AAB8475B
:107690000028EDD01AA80027DDE90712FEF7CAFC82
:1076A0000DF11A0306AA1AA920468DF8187000F0E9
:1076B0007DF90028DCD039469DF8180000F09AFECC
:1076C000C0F30747BDF81AB0C0F30728012FCDE972
:1076D000090053D0022F18D0002FC9D1394638469F
:1076E00000F088FE1AA902460A902046FFF7C8FA61
:1076F000BEE7039B013B039301D0FF2AACD0002AD5
:1077000051D000202BB0BDE8F08F9DF824304146C9
:107710003046049300F05CFF824648B31C9A1AA8D6
:107720000592FEF7B9FC03460DF11900059A59467A
:107730000090504603F096FED0B19DF81930002B12
:1077400038D0049F0AE04FF002038DF828708DF8BE
:1077500029808DF82A300A9AFFF792FA22A904228A
:10776000504603F001FF034622A92046002BEAD130
:10777000424604992046FFF7EBF879E74146304648
:1077800000F01CFF00283FF473AF594603F0E0FD02
:1077900000283FF46DAF8DF82A701AA90A9A204686
:1077A000FFF76EFA64E7304600F05AFE01202BB076
:1077B000BDE8F08F8DF82A701AA90A9A2046FFF7C3
:1077C0005FFABEE72DE9F04782B004461046154641
:1077D0001E46C1F3072A9DF8287005F104099DF89B
:1077E0002C80019100F056FF9DF806308144012B5A
:1077F0001DD0022B16D104F10800514600F0D2FE34
:10780000044658B14946324604F074F804462CB197
:107810004346AAB23946304600F0FCFE204602B08C
:10782000BDE8F0870024204602B0BDE8F08704F1EF
:107830000800514600F0AEFE04460028EED049464E
:10784000324603F081FF0446E1E700BF4FEA126CC5
:10785000FF23027180F801C0C2F3074CC2F3072274
:10786000017080F802C04371C27000B54FF0090E7C
:10787000A0F806E05DF804FB30B5002389B0124D96
:107880000C4607931946ADF81C2001220193C280D3
:107890008DF804202A6803930092AA880693ADF815
:1078A0000620D0F801200292027820468DF80C20A4
:1078B0001022CDE9043300F0ADFE6946204601F008
:1078C000FFFD09B030BD00BF38F201080C4A0223A9
:1078D0004FF4007C10B50C4682B011890422C3809D
:1078E0000023ADF8061020460321ADF804C000F0D7
:1078F00091FE01A9204601F08BFE02B010BD00BF31
:1079000038F2010810B50B4688B0044601A91846A4
:1079100001F08EFE9DF80430637108B010BD00BF09
:1079200010B584B00446084602A901F0B1FEE38810
:10793000022B01D004B010BD0DF10A00FEF798FE35
:107940009DF808209DF8093003EB02239BB2022B1F
:10795000F0D19DF80C306371ECE700BF10B5082240
:107960008AB004460DEB0200FEF764FB14F8011B1D
:10797000002302A801F0800100941A4601F046F8A5
:107980000AB010BD30B58DB004460D46194604A8A6
:1079900003920822FEF74EFB14F8011B039B2A46B4
:1079A00004A8009401F032F80DB030BD2DE9F0418B
:1079B000074684B008460C4615461E46FEF76CFB8B
:1079C000082803D8002004B0BDE8F0810DF10C08B0
:1079D00033462A4620460DF10B01CDF8008001F018
:1079E00033F83A789DF80B309342EBD11B061BD449
:1079F0009DF80C207B789A4203D0012080F0010092
:107A0000E1E79DF80D20B81CBB789A42F5D19DF8AE
:107A10000E2010F8013F9A42EFD19DF80F204378D5
:107A20009A42EAD10020E9E70120CCE790F9003042
:107A3000002BACBF08200420704700BF10B582B0F7
:107A40004FF6F4740191C388A3F10A0189B2A142EF
:107A50000FD801339CB2C3F3072CDBB2C480911C56
:107A6000019882F800C05370FEF716FE204602B05F
:107A700010BD0A234FF0000C1C46EFE770B504461A
:107A800002300D461646FEF7F3FDC0F30F43288083
:107A90006B802278637803EB0223338070BD00BFD4
:107AA0000023417003708385704700BF2DE9F04FBC
:107AB000174642780E4683B0A2F17D019B467E2395
:107AC00004460129DDF838A080F838309DF83400EC
:107AD00040F21581A0F17D0184F8392002220129AC
:107AE00084F8622052D90C9B032184F83A00DDB25D
:107AF00084F86210A5F17D02012A5CD90C9B621802
:107B00000131C3F3072082F8385084F86210A0F1E5
:107B10007D02012A61D94A1C2144D2B281F8380081
:107B200084F86220002B6AD04FF00008C14616E0AE
:107B3000292A68D8A018013280F8381084F8622009
:107B400088EA01017D4B09F10109C9B233F811201E
:107B500082EA18280C9B4B4569D994F862201BF8DF
:107B60000910A1F17D000128E2D8501CC0B22928DB
:107B700049D8A0184FF07D03023281F0200580F82B
:107B8000383080F8395084F86220D9E704214FF06A
:107B9000030C0C9B22444FF07D0EA444DDB280F018
:107BA000200082F838E0A5F17D028CF8380084F8D6
:107BB0006210012AA2D862187D200C9B85F0200556
:107BC00082F838000231C3F3072082F8395084F874
:107BD0006210A0F17D02012A9DD84D1C8A1C80F004
:107BE0002000214454FA85F5D2B24FF07D0C81F883
:107BF00038C085F8380084F86220002B94D11946EB
:107C0000ADF8043019E0002500E060B105F138015D
:107C1000521B534638462144B04794F8622005442D
:107C20009542F2D366D0002003B0BDE8F08F5FFA32
:107C300088F194F86220ADF804804FF000094FF00D
:107C40007D0BC84613E0292A24D8A318013283F8F3
:107C5000381084F8622009F10109B9F1020F2DD022
:107C600009F1080394F862206B4413F8041CA1F195
:107C70007D03012BE7D8531CDBB2292B0AD8A318AC
:107C800081F02001023283F8391083F838B084F88B
:107C90006220E0E7002501E00028C4D005F13801AA
:107CA000521B534638462144B04794F8622005449D
:107CB0009542F1D3B7D184F86280D1E794F862207D
:107CC0009AB1002501E00028ADD005F13801521B22
:107CD000534638462144B04794F862200544954203
:107CE000F1D3A0D1002384F862300C9B98B203B08A
:107CF000BDE8F08F4FF0000384F862302AE77D2161
:107D000082F0200284F83910A0F17D0184F83A2035
:107D10000322012984F8622003D805214FF0040CC6
:107D200037E70C9B042184F83B00DDB284F8621035
:107D3000A5F17D02012A3FF6E1AE3CE7E0FB010838
:107D40002DE9F04F044685B0924689461D460F9EA8
:107D500000F0A6FC94F82C2094F82D708046BA42CE
:107D60005FD017D8013FBA1A0027D2B2B2421AD850
:107D7000D319B34252D8D2B9002600F091FC2B6837
:107D8000A0EB08001B1A304623EAE3732B6005B012
:107D9000BDE8F08F002F60D0C2F12A02013FD2B2BD
:107DA000FFB2B242E4D9F2B20027002AE4D00E9B1F
:107DB00050460392009394F82C102B680231DFF8A0
:107DC000A4B02144C84794F82C300646034459080F
:107DD000ABFB01212A22890802FB113184F82C1007
:107DE0000028C9D0039A9042C7D1002FC5D00E9B5E
:107DF00002313A465046214400930023C84794F884
:107E00002C20064413185A08ABFB021B2A224FEA07
:107E10009B0B02FB1B3384F82C30AEE7B61AF7B28B
:107E2000A9E70023282EA385BDD90E9B2922A11CDA
:107E3000504600932B68C84794F82C3006462A21F8
:107E4000034408485A08A0FB0202920801FB1233BF
:107E500084F82C30002E8FD08FE7C2F12902D2B2E5
:107E600084E700BF310CC3302DE9F04F1E4690F877
:107E70002C5090F82D3083B0044688469D429146A0
:107E800000F08C812378C34DC34F072BFDD8DFE86A
:107E900013F01C01FB00D900BA008F005100320022
:107EA000080094F82C1094F82D30994200F04D8180
:107EB000E21892787D2A00F0B88101332A217E2AC7
:107EC0004FEA5300A5FB00C04FEA900001FB1033BE
:107ED00084F82D3000F05782A38E0020E18E03EB52
:107EE000022320709BB29942A38600F07881002083
:107EF00003B0BDE8F08F94F82C0094F82D30984230
:107F000000F03281E21891787D2900F07081013310
:107F10002A207E294FEA5302A5FB02C24FEA9202B1
:107F200000FB123384F82D3000F01D820723A18658
:107F30002370AAE7638EB4F830E09E4527D832E07C
:107F4000A5FB01B19CF802C04FF02A0B8908BCF1D7
:107F50007D0F0BFB110100F0D480BCF17E0F84F883
:107F60002D1000F0CB8006F803C0E08E638E80EA0F
:107F70000C01B4F830E00133C9B29BB237F81120DC
:107F80007345638682EA1022E28680F01D8194F8B0
:107F90002D2094F82CA0501C04EB020C92454FEAC3
:107FA0005001CDD19E4540F01481062323706CE72B
:107FB00094F82C0094F82D30984200F0C680E21816
:107FC00091787D2900F0938101332A207E294FEAA0
:107FD0005302A5FB02C24FEA920200FB123384F85F
:107FE0002D3000F0D081238E002003EB01230C996B
:107FF00060869BB2E0868B42238640F2E28020704E
:1080000003B0BDE8F08F94F82C0094F82D3098421E
:1080100000F0AA80E21891787D2900F08681013372
:108020002A207E294FEA5302A5FB02C24FEA9202A0
:1080300000FB123384F82D3000F095810423218653
:10804000237022E794F82C0094F82D20904200F041
:10805000B480A31899787D2900F0078101322A2382
:108060007E294FEA5200A5FB00C04FEA900003FBB7
:10807000102284F82D2000F08A8163788B420CBF97
:1080800003230023237000E7002394F82C1084F8C6
:108090002E3094F82D3099426AD0E21890787D28DD
:1080A00000F0008101332A217E2884F82E004FEA57
:1080B0005302A5FB02C24FEA920201FB123384F87D
:1080C0002D3055D002232370DFE694F82CC04FF0FA
:1080D0002A0E94F82D305A1C9C4504EB03014FEAFC
:1080E00052033FF404AFA5FB030389789B087E2964
:1080F0000EFB1323DBB284F82D30ECD10123237067
:10810000C3E6501C4FF02A0B02324108A5FB01C107
:1081100089080BFB11016018C9B28A453FF442AFD0
:1081200051088078A5FB01A17E2880F0200C4FEA41
:1081300091010BFB112284F82D207FF414AF9E4592
:108140003FF433AF012323709FE60F9B009301237D
:1081500001934A460E9B41462046FFF7F1FD002859
:108160003FF4C5AE237890E60F9B00930223EFE720
:108170000F9B4A46414620460093042301930E9BE1
:10818000FFF7DEFD0028EDD194F82E307E2BE9D0EC
:10819000ADE600BF310CC330E0FB01080F9B00933C
:1081A000052301930E9BFFF7CBFD94F82D2094F847
:1081B0002C309A423FF49BAE64E60F9B009303235E
:1081C000C6E70523237060E63FF4EFAEBCF17E0FF7
:1081D00094D0AEEB03030F9A02330092B8E794F801
:1081E0002E300D9A1370208E03B0BDE8F08F591C0D
:1081F0004FF02A0C4A08A5FB02E292080CFB12126F
:10820000D1B28842B0D00233224491785A08A5FBFB
:1082100002027E294FEA92020CFB123384F82D30C1
:1082200000F0A18081F0200180E603F1010C2A20FA
:108230004FEA5C02A5FB02E2920800FB12C25FFA61
:1082400082FC614581D00233224459089278A5FB13
:1082500001C17E2A4FEA910100FB113384F82D30D1
:1082600000F0918082F0200236E6511C4FF02A0C7B
:108270004B08A5FB03E39B080CFB1313D9B2884200
:108280009BD00232234450089B78A5FB00107E2B24
:108290004FEA90000CFB102284F82D2077D083F059
:1082A0002001EAE603F1010C2A204FEA5C02A5FB5B
:1082B00002E2920800FB12C25FFA82FC61453FF4C1
:1082C00057AF0233224491785A08A5FB02C27E2997
:1082D00084F82E104FEA920200FB123384F82D30FE
:1082E0003FF446AF81F0200184F82E10EAE6591CD5
:1082F0004FF02A0C4A08A5FB02E292080CFB12126E
:10830000D1B288423FF421AF0233224491785A0817
:10831000A5FB02027E294FEA92020CFB123384F87D
:108320002D3030D081F020015DE6591C4FF02A0C31
:108330004A08A5FB02E292080CFB1212D1B2884255
:108340003FF412AF0233224491785A08A5FB02028F
:108350007E294FEA92020CFB123384F82D3002D0B2
:1083600081F020016AE60F9B0093022301934A46A5
:108370000E9B41462046FFF7E3FC00287FF4F2AE57
:108380000123237081E50F9B00930123EEE70F9BF0
:1083900000930323EAE700BF0129844600B583B0B8
:1083A0001FD002294FF0000E20D0002300206EF3D2
:1083B00007036CF30F2361F3174362F31F635FFA44
:1083C00083FCC3F30721C3F307421B0E6CF30700C2
:1083D00061F30F2062F3174063F31F6003B05DF891
:1083E00004FB00F1010E5FFA8EFEDEE780F0800EE6
:1083F000DBE700BF82B030B1030621D4421E4FF04C
:10840000010CD2B201E084460246002360F3070368
:10841000002062F30F236CF3174361F31F635FFACD
:1084200083FCC3F30721C3F307421B0E6CF3070061
:1084300061F30F2062F3174063F31F6002B07047CF
:1084400080F080024FF0020CDFE700BF00230374CE
:1084500080F8403080F8443080F86030704700BFCA
:1084600070B5037C04464BB1064600253046013505
:1084700003F064F9237C1036AB42F7D894F844300B
:108480005BB104F1420600253046013502F05CFF85
:1084900094F844300236AB42F6D894F840305BB1E1
:1084A00004F1180600253046013503F0F5F994F87B
:1084B00040302836AB42F6D894F860305BB104F116
:1084C000480600253046013502F0AAFF94F86030D6
:1084D0001836AB42F6D870BD10B5047C82B004F1FA
:1084E000010C80F810C000EB041003F01DF901220C
:1084F0002046114602B0BDE81040FFF74DBF00BF57
:1085000010B584B0844628209DF8184000949CF84B
:10851000404000FB04C004F1010E18308CF840E02C
:1085200003F082F901220221204604B0BDE8104088
:10853000FFF732BF10B590F8444082B0621C04F1DE
:10854000210380F8442000EB430002F0F9FE0022F2
:108550000121204602B0BDE81040FFF71DBF00BF5B
:1085600010B584B084461820069C00949CF86040A6
:1085700000FB04C004F1010E48308CF860E002F00A
:1085800029FF00220221204604B0BDE81040FFF779
:1085900003BF00BF037C8B428CBF00EB01100020A7
:1085A000704700BF90F840308B4204D9282303FB6A
:1085B0000100183070470020704700BF90F8443029
:1085C0008B4203D9213100EB4100704700207047F6
:1085D00090F860308B4204D9182303FB0100483027
:1085E00070470020704700BF90F8403083B170B5ED
:1085F000064600F11805002400E040B12846013489
:1086000003F0BEFB96F840302835A342F5D870BD84
:1086100001207047F8B50E460421044615461F4652
:10862000FDF724FD01233146204647EA0302237566
:108630002B4600F029FA2046FDF72EFDA84234BF54
:1086400000200120F8BD00BF2DE9F04104460D4691
:10865000042116469846FDF709FD2046FDF71CFD4E
:1086600003288CBF0127002702D83846BDE8F081D7
:10867000334642462046294600F01AFA98F8003060
:10868000384603F0010203F0FE0388F8003022753B
:10869000BDE8F08110F0030018BFC0F1040070477E
:1086A00010B584B001206946F3F7A6F808499DE8A3
:1086B0001500A0FB0103001901FB0231054A4FF030
:1086C000000341EBE471E7F773FE04B010BD00BF97
:1086D00000CA9A3B40420F0010B584B001206946A1
:1086E000F3F78AF8064A00980299A0FB0203019C5E
:1086F000401802FB043343EBE17104B010BD00BF2E
:1087000000CA9A3B2DE9F0410C468AB0064691F822
:10871000C11004F10800FFF745FF054603F03AFBDE
:1087200068B92046D4E92E31984718B901200AB01B
:10873000BDE8F081284603F02DFB0028F6D02989FA
:108740004FF6FC72EB89287B6F68121AB3FBF1F0CD
:10875000B7FBF1F701FB1031D4F8C43089B207FB45
:1087600001F1043F3A4404311FFA82F83A46A3EB80
:108770000803C4F8C4302B681944002351F8040CD2
:10878000009002A8FDF744FCD4F8C42002F10803CD
:10879000BB4227D9424600230D2102A8FFF73AFF2A
:1087A0002989EB896A68B3FBF1F0B2FBF1F201FBB6
:1087B00010339BB202FB03F32A68D7500121E889EA
:1087C00003F00AFB0499039AE8813046521AFDF738
:1087D00031FC304622460F49FDF700FC00200AB06C
:1087E000BDE8F08192B202230D2102A8FFF712FF2B
:1087F0002889EB896968D4F8C420B3FBF0F7B1FB92
:10880000F0F100FB173308329BB201FB03F3296838
:10881000CA50D3E705870108F0B587B007270025C0
:108820001C460646CDE902210C9ACDE900750432BA
:10883000FEF7C8FF80F00102D2B2A27512B128463D
:1088400007B0F0BD05AA02993046FFF7F7F805A971
:108850000546204600F09CFFA669E7692046D4E95A
:108860000121521AFDF7E6FB20463A463146FDF754
:10887000B5FB284607B0F0BD2DE9F04F91B0054695
:1088800008301E460591C1F307210492FFF78AFEC6
:108890009DF81630012B00F093800446002800F06C
:1088A0008F8003F077FA002800F085802389E7891C
:1088B0006268B7FBF3F9B2FBF3F203FB19792368A3
:1088C000A2F1040B03921FFA89F902FB09F909F1DD
:1088D00004099944237B59F8048C43457CD3ABF1BC
:1088E000040A5A46494608A8AAEB030A1A9BCDF87F
:1088F000008008331FFA8AFA02930023FDF788FBF1
:10890000029B52460D215B4534BF0223002308A879
:10891000FFF780FE218963683846B7FBF1F2B3FBAD
:10892000F1F301FB1272012192B202FB03F3226800
:1089300042F803B003F050FA039B08F10401074624
:10894000A3F1080230464944A2EB0802FDF772FB8E
:108950001A9B0721E7811A1D00233046B2F5803F9C
:1089600028BF1A4692B2FFF755FE07AA0499284677
:10897000FFF764F8044620B307A9304600F008FF6B
:108980003046D6E90121521AFDF754FB059B029AA5
:108990003046C5F8C0301B9BC5F8C4202A46C5F830
:1089A000B8301C9B1849C5F8BC30FDF717FB2046B2
:1089B00011B0BDE8F08F1C9928461B9B984720B941
:1089C0000024204611B0BDE8F08F204603F0E2F904
:1089D00000287FF46BAFF3E73846012103F0FCF980
:1089E000228963680746B3FBF2F9B0FBF2F302FB9E
:1089F00013039BB203FB09F9236809F104099944A5
:108A0000237B59F8048C6AE705870108F0B5164600
:108A100083B004460D460193089FFCF707F93146E1
:108A20002046FCF703F9019A01212046FCF7AAF938
:108A30002B0601D503B0F0BD04223946204603B011
:108A4000BDE8F04002F0EEBAF0B5164683B0044639
:108A50000D460193089FFCF7FFF831462046FCF7CE
:108A6000FBF8019A01212046FCF780FA95F90030C5
:108A7000002B01DA03B0F0BD04223946204603B0D2
:108A8000BDE8F04002F032BB30B5154683B0044675
:108A90000193FCF7CBF829462046FCF7C7F8019A6A
:108AA0000121204603B0BDE83040FCF76BB900BFA0
:108AB00030B5154683B004460193FCF7CDF829463E
:108AC0002046FCF7C9F8019A0121204603B0BDE811
:108AD0003040FCF74BBA00BF2DE9F84304220E46A4
:108AE000054602F09FFA07460222311D284602F091
:108AF00099FA38400222B11DC7B2284602F092FA14
:108B00000422074006F10801284602F08BFA0740CC
:108B1000317B2846FCF78AF8717B07402846FCF732
:108B200057F8737B07EA00083BB9B18B2846FCF77E
:108B3000A9F808EA0000BDE8F88331692846FCF787
:108B40008BFA3369E3B1C0B137464FF0000900E05A
:108B50009CB17969284602F0DBFBB96904462846D6
:108B600002F0D6FB09F10109336904400837994541
:108B7000E4B2EDD308EA0408D7E74FF00008D4E7E1
:108B800008EA0008D1E700BF2DE9F84304220C46AB
:108B9000054602F0ABFA07460222211D284602F0E4
:108BA000A5FA38400222A11DC6B2284602F09EFA5C
:108BB0000422064004F10801284602F097FA064014
:108BC00004F10C012846FCF747F804F10D0106EA10
:108BD00000072846FCF712F8637B07403BB904F115
:108BE0001C012846FCF74EF93840BDE8F88304F133
:108BF00010012846FCF760FB2369012B03D90123F0
:108C00000027AB75EBE70BB3F0B1A0464FF00009BE
:108C100000E0CEB1D8F8141008F108084FF4007243
:108C2000284602F085FBD8F8101006464FF4007273
:108C3000284609F1010902F07BFB236906409945AA
:108C4000F6B2E6D33740CAE70027C8E70740C6E7D1
:108C50002DE9F84304220F46054602F0E3F90446E5
:108C60000222391D284602F0DDF920400222B91DFA
:108C7000C4B2284602F0D6F9397A04402846FBF7F8
:108C8000A7FF3B7A00EA040813B94046BDE8F88321
:108C9000F9682846FCF7E0F9FB6803B3D0B13E461B
:108CA0004FF0000900E0ACB13169284602F030FB1A
:108CB00071690446284602F02BFB09F10109FB68A3
:108CC000044008369945E4B2EDD308EA040840466A
:108CD000BDE8F8834FF000084046BDE8F88308EA95
:108CE0000008D2E770B50D4609780646FBF79EFFEF
:108CF000044630B12B78022B0CD0032B10D0012B63
:108D000008D0022205F50271304602F08BF92040AE
:108D1000C0B270BD6968304602F0FAFA0446F0E766
:108D20002946304651F8042F0431FDF723FA044652
:108D3000E7E700BF70B50B780C460546013B0D2BED
:108D400054D8DFE803F030071B1B07070707530C55
:108D50000C0C4E490431BDE87040FFF7C3BF0979E0
:108D6000FBF764FFE8B12379012B01D0022B3DD141
:108D7000A1682846BDE8704002F0CABA0979FBF73D
:108D800055FF064620B12379022B39D0032B2FD073
:108D9000022204F50371284602F044F93040C0B2C3
:108DA00070BD002070BD0979FBF740FF064658B141
:108DB0002379022B03D0032B28D0012B04D1A168E7
:108DC000284602F0A5FA0646B4F90C122846FCF72C
:108DD00069FC3040C0B270BD0431BDE87040FFF79F
:108DE0007BBE0431BDE87040FFF732BF012070BD8B
:108DF000A26804F10C012846FDF7BCF90646C7E756
:108E0000A168284602F084FA0646C1E7A26804F188
:108E10000C012846FDF7AEF90646D5E770B50646C3
:108E20000D46FBF719FF044630B12B78022B0CD00E
:108E3000032B12D0012B08D0022205F50271304617
:108E400002F054F92040C0B270BD4FF4007269685E
:108E5000304602F06DFA0446EEE72B1D4FF4007227
:108E600005F108013046FDF797F90446E4E700BF35
:108E700070B50D4609780646FBF7AAFE2B78044626
:108E80004BB9297A3046FBF7A3FE2B7A0440E4B2B3
:108E900043B9204670BD6968304602F039FA044093
:108EA000E4B2EEE7E968304602F032FA04402046C8
:108EB00070BD00BF70B50D460646096802F028FA7D
:108EC000044629793046FBF783FE2B790440E4B24F
:108ED00043B9297B3046FBF77BFE2B7B04403BB933
:108EE000204670BDA968304602F012FA0440F0E74F
:108EF0002969304602F00CFA0440E4B2204670BD05
:108F00002DE9F0410C4609780646FBF761FE23780F
:108F100005466BB994F828103046FBF759FE94F8D3
:108F200028300540EDB2002B69D12846BDE8F0811C
:108F300061683046FCF790F86368002B6BD000281E
:108F400067D0A168304602F0E3F96368012B53D97A
:108F500000285ED0E168304602F0DAF96368022B3F
:108F60004AD9002855D02169304602F0D1F963680A
:108F7000032B41D900284CD06169304602F0C8F972
:108F80006368042B38D9002843D0A169304602F029
:108F9000BFF96368052B2FD900283AD0E169304624
:108FA00002F0B6F96368062B26D990B3216A3046E1
:108FB00002F0AEF96368072B1ED950B3616A3046E0
:108FC00002F0A6F96368082B16D910B3A16A3046DF
:108FD00002F09EF96368092B0ED9D0B104F12C0878
:108FE000092700E0A8B158F8041B304602F090F9B8
:108FF000013762689742F5D30540EDB28AE7E26A2D
:1090000004F130013046FDF7B5F805402846BDE8CB
:10901000F08100257EE72840C5B27BE770B50D469C
:1090200009780646FBF7D4FD2B7804464BB9297A1C
:109030003046FBF7CDFD2B7A0440E4B243B920461D
:1090400070BD6968304602F063F90440E4B2EEE7AF
:1090500005F10C013046FFF753FF0440204670BD78
:109060002DE96843884681460988FBF70BFE0646D2
:1090700098F802104846FBF7ABFD98F8023006401E
:10908000F5B2EBB998F806104846FBF7A1FD98F841
:10909000063005407BBB98F80C104846FBF798FD5E
:1090A00098F80C300540F3B998F814104846FBF7CF
:1090B0008FFD98F8143005404BB92846BDE8688309
:1090C000B8F804104846FBF7DDFD0540DAE7D8F8AC
:1090D000182008F11C014846FDF74CF82840C5B29D
:1090E0002846BDE86883D8F810104846FBF7B4FF5F
:1090F0002840C5B2D8E7D8F808104846FBF7ACFFBF
:109100002840C5B2C7E700BFF8B502220D460646A3
:1091100001F088FF0446A9783046FBF759FDAB788B
:109120000440E4B20BB92046F8BD05F10801304611
:10913000FFF796FF074695F82C103046FBF748FDE1
:1091400095F82C303840C7B213B93C402046F8BDE2
:10915000D5E90C233046FCF7D5F90740F5E700BF09
:1091600070B505460E46FBF777FD68B133780446C7
:10917000013B0D2B09D8DFE803F0410A23230A0A3B
:109180000A0A081010105C560024204670BD311DDC
:109190002846BDE87040FFF741BE311D2846FBF769
:1091A0005BFD0028F0D03379012B01D0022BECD1EC
:1091B000B16828464FF40072BDE8704002F0B8B8BC
:1091C000311D2846FBF748FD044670B13379022B68
:1091D0004CD0032B09D106F108034FF4007206F1BD
:1091E0000C012846FCF7D8FF0446022206F503715D
:1091F000284601F07BFF2040C4B2C6E7311D284657
:10920000FBF72AFD044630B13379022B36D0032B0D
:109210003CD0012B32D006F503712846FCF7C2FA88
:109220002040C4B2B1E7311D2846BDE87040FFF7C9
:10923000ABBC04222846B11801F058FF04460222B4
:1092400006F10801284601F051FF0440022206F110
:109250000A012846E4B201F049FF034606F10C0179
:1092600028461C40FBF7CAFC04408EE74FF400720E
:10927000B168284602F05CF80446B6E74FF4007285
:10928000B168284602F054F80446C4E706F1080322
:109290004FF4007206F10C012846FCF77DFF0446EE
:1092A000B9E700BF70B5022205460E4601F01EFF69
:1092B000022204462846B11801F018FF2040C0B22F
:1092C00070BD00BF2DE9F0470E4609788046FBF7D8
:1092D000ADFC074638B13378062B00F081800D2BAA
:1092E00014D0052B02D03846BDE8F087B6F9081037
:1092F0004046FCF7D7F907464046D6E90423FCF779
:1093000001F93840C7B23846BDE8F087B6F9081011
:109310004046FCF7C7F9F16807464046FBF79CFE5C
:10932000F368002BEDD018B306F10C09002404EB10
:10933000440506EBC505297C4046FBF777FC4FEA60
:10934000440A04EB4401002851D02B7CC900032BB4
:1093500054D8DFE803F033210F02494440468968BE
:1093600001F0D6FF0134F268944244D20028DED1E5
:109370000027B8E70831A24410224046494406EBD2
:10938000CA0A01F04FFE0546DAF824104046FBF702
:1093900063FE2840C0B2E5E70831A24404224046FB
:1093A000494406EBCA0A01F03DFE0546BAF818101A
:1093B0004046FBF767FC2840C0B2D3E70831A2441F
:1093C00002224046494406EBCA0A01F02BFE05463C
:1093D0009AF816104046FBF729FC2840C0B2C1E7B6
:1093E000B6F908104046BDE8F047FCF75BB9013418
:1093F000F268A242BCD80740FFB274E70134F368B8
:1094000018359C4297D36EE72DE9F04102220646BB
:109410000F4601F06BFE022205463046B91801F0F6
:1094200065FE8046391D3046FBF716FC05EA080547
:109430000446791D30462C40FBF70EFC2040C0B29C
:10944000BDE8F081F8B50E4607460978FBF7EEFB5C
:10945000044671783846FBF7E9FB0440B17838469A
:10946000FBF7B6FBB378E4B2044043B9317A38462F
:10947000FBF7AEFB337A04403BB92046F8BD716878
:10948000384601F045FF0440F0E771893846FBF7A4
:10949000F9FB0546B1893846FBF7F4FB0540F18935
:1094A0003846EDB2FBF7EEFB318A254004463846DC
:1094B0002540FBF7E7FB00EA05042046F8BD00BFA6
:1094C000FFF70ABBF8B5022207460E4601F0AAFDD7
:1094D000022205463846B11801F0A4FD3179044650
:1094E0003846FBF7A3FB70B133792C40013BE4B263
:1094F0000D2B09D8DFE803F04C0A23230A0A0A0AD5
:1095000008121212453E00242046F8BD06F108015B
:109510003846FFF7E7FB04402046F8BD317A38466D
:10952000FBF784FB0028EED0337A012B01D0022B0D
:10953000EAD1F168384601F0EBFE0440E4E7317A05
:109540003846FBF773FB054658B1337A022B34D00B
:10955000032B06D1F26806F110013846FCF70AFE2B
:109560000546022206F50471384601F05BFD2840ED
:109570000440C9E706F108013846FFF7ADFA044098
:10958000C2E706F108013846FFF762FB0440BBE77B
:10959000317A3846FBF74AFB054630B1337A022B65
:1095A00011D0032B15D0012B0DD0B6F9101238466F
:1095B000FCF778F828400440A6E7F168384601F047
:1095C000A7FE0546CDE7F168384601F0A1FE054645
:1095D000EBE7F26806F110013846FCF7CBFD0546D3
:1095E000E3E700BF70B5022205460E4601F07EFD9E
:1095F000022204462846B11801F078FD0346311DC9
:1096000028461C40FBF758FEE4B2204070BD00BF66
:1096100070B5022205460E4601F004FD0222044602
:109620002846B11801F0FEFC2040C0B270BD00BF5A
:109630002DE9F8430E460546FBF70EFB0446711C68
:109640002846FBF709FB042281462846B11801F0A1
:109650004DFD06F1080180460222284601F046FD34
:1096600004EA090307460222DBB206F10A01284692
:1096700003EA080401F03AFD034628463C4006F19F
:109680000C011D46FBF7BAFA25402840BDE8F883D7
:109690002DE9F041022206460F4601F027FD022285
:1096A00005463046B91801F021FD8046391D304687
:1096B000FBF7D2FA05EA08050446791D30462C402E
:1096C000FBF7CAFA2040C0B2BDE8F0812DE9F041B5
:1096D00002220C46054601F0A5FC022280462846DF
:1096E000A11801F09FFC074621792846FBF79EFA56
:1096F00008EA070806466179284606EA0806FBF7E5
:1097000095FA217A3040C7B22846FBF761FA237AEE
:1097100006466BB994F81C122846FBF759FA94F8E0
:109720001C323040C6B283B906EA0700BDE8F081BA
:10973000217B2846FBF77AFA88B104F10C01284610
:10974000FFF7F8FA3040C6B2E4E704F5087128469E
:10975000FFF7B8FD064006EA0700BDE8F0810646BF
:10976000D8E700BF70B5022205460E4601F05AFC4C
:10977000022204462846B11801F054FC0346311D6C
:1097800028461C40FFF75EFEE4B2204070BD00BFDB
:1097900070B5022205460E4601F044FC0222044642
:1097A0002846B11801F03EFC2040C0B270BD00BF99
:1097B00070B50C4605460E4634F8021BFBF762FAFC
:1097C000022221460446284601F02CFC034631794A
:1097D00028461C40FBF72AFAE4B2204070BD00BFC7
:1097E00070B50E460546FBF74DFB0222044628469F
:1097F000B11801F07BFC0346311D28461C40FBF7E5
:109800002BFAE4B2204070BD70B50D4606460988BB
:10981000FBF738FA698804463046FBF733FA03460B
:10982000297930461C40FBF701FAE4B2204070BDB4
:1098300070B50E460546FBF725FB0446B11C2846CD
:10984000FBF720FB0346311D28461C40FBF704FABA
:10985000E4B2204070BD00BF70B50D4606460968F1
:10986000FCF714F8044669683046FBF7F5FB204026
:10987000C0B270BD2DE9F0410E460546FCF79EF8DA
:109880000746311D2846FBF717FD804606F1080103
:109890002846FCF793F807EA0807044606F10C018E
:1098A00028463C40FBF708FD06F11001044028461D
:1098B000FCF784F80346E4B228461D4606F114017D
:1098C000FBF7FAFC2C402040BDE8F0812DE9F04187
:1098D00004460D460C2201F0A5FB032205F10C0104
:1098E0000746204601F09EFBE97B80462046FBF7B9
:1098F0009DF9296906462046FBF7C8FF07EA0807D5
:10990000034620463E4069691C46FBF7A5FB3440F0
:109910002040C0B2BDE8F0812DE9F04104460D467B
:109920000C2201F0E3FB032205F10C01074620465F
:1099300001F0DCFB05F10F0180462046FBF78CF9B6
:1099400005F1100106462046FCF738F807EA08073B
:10995000034620463E4005F114011C46FBF7ACFCD3
:1099600034402040C0B2BDE8F08100BF002839D0AB
:1099700070B50446006880B30E461546F5F7ECFF57
:1099800030B320680430F5F7E7FF08B320680830EB
:10999000F5F7E2FFE0B120680C30F7F78FF8B8B1C7
:1099A00020681030F7F78AF890B1CDB1C6B12A46D9
:1099B00031462068F5F788FF48B10A2807D040F201
:1099C000F51240F6370390420CBF1846012070BDD7
:1099D000F8F7BAFB40F6360070BD40F6360070BDB1
:1099E0000B2070BD40F63600704700BF90B370B5D5
:1099F0000446006848B30E461546F5F7ADFFF8B1CA
:109A000020680430F5F7A8FFD0B120680830F5F7DA
:109A1000A3FFA8B120680C30F7F750F880B1206898
:109A20001030F7F74BF858B195B18EB120682A463F
:109A300031460830F5F710FF003818BF012070BD1F
:109A4000F8F782FB40F6360070BD40F6360070BD78
:109A50000B2070BD40F63600704700BF00283AD09A
:109A600070B50446006888B30E461546F5F774FFD6
:109A700038B320680430F5F76FFF10B32068083062
:109A8000F5F76AFFE8B120680C30F7F717F8C0B1B6
:109A900020681030F7F712F898B1D5B1CEB1206830
:109AA0002A4631460830F5F70FFF48B10A2807D09B
:109AB00040F2F51240F6370390420CBF18460120E1
:109AC00070BDF8F741FB40F6360070BD40F6360039
:109AD00070BD0B2070BD40F63600704700283AD0AC
:109AE00070B50446006888B30E461546F5F734FF96
:109AF00038B320680430F5F72FFF10B32068083022
:109B0000F5F72AFFE8B120680C30F6F7D7FFC0B1AF
:109B100020681030F6F7D2FF98B1D5B1CEB12068E9
:109B20002A4631460430F5F7CFFE48B10A2807D05F
:109B300040F2F51240F6370390420CBF1846012060
:109B400070BDF8F701FB40F6360070BD40F63600F8
:109B500070BD0B2070BD40F636007047002838D02D
:109B600030B50446006891B078B30D46F5F7F4FEC1
:109B700028B320680430F5F7EFFE00B32068083002
:109B8000F5F7EAFED8B120680C30F6F797FFB0B1D0
:109B900020681030F6F792FF88B1EDB120680023FD
:109BA0006A4629460C30F6F72DFF60B140F291135A
:109BB000984214D00A2818BF012011B030BDF8F720
:109BC000C3FA40F6360011B030BD40F6360011B091
:109BD00030BD40F6360070470B2011B030BD40F666
:109BE0003700F0E7002848D0F8B50C4600293CD0F3
:109BF00005460868002838D017461E46F5F7ACFE23
:109C0000B0B320680430F5F7A7FE88B320680830A9
:109C1000F5F7A2FE60B320680C30F6F74FFF38B3BB
:109C200020681030F6F74AFF10B32168284601F586
:109C3000E272F7F79BFFB8B92168284601F5E47294
:109C40000431F7F793FF78B92168284601F5E672E9
:109C50000831F7F78BFF38B92168284601F5E8721B
:109C60000C31F7F733FC58B1F8BD40F63600F8BDBB
:109C7000F8F76AFA40F63600F8BD4FF461707047A5
:109C80002168284601F5EA721031F7F71FFC002819
:109C9000EAD11FB12368D3F8C4313B60002EE3D072
:109CA0002368D3F8D0313360F8BD00BF002850D00E
:109CB0002DE9F8430C4600293ED0054608680028E7
:109CC0003AD016461F46F5F747FE002838D02068E0
:109CD0000430F5F741FE002832D020680830F5F74F
:109CE0003BFE68B320680C30F6F7E8FE40B320680E
:109CF0001030F6F7E3FE18B3DDE90932002A18BF89
:109D0000002B089B0CBF01210021002B08BF41F054
:109D10000101002F08BF41F00101B9B9B6B12368B4
:109D20006C68D3E974218A42104638BF08468442E1
:109D300012D80120BDE8F88340F63600BDE8F8836C
:109D4000F8F702FA40F63600BDE8F8830B20BDE8CC
:109D5000F8834FF461707047D3E9718ED3F8CCC1AA
:109D6000F0454046EC6938BF7046604538BF6046F4
:109D70008442DED9D5F818902D6859F8280055F896
:109D8000214055F82250181A59F82C2003F10C0CD8
:109D900059F82E10B0FA80F0A5EB0C054009B5FA81
:109DA00085F56D09357003F11005641B089DB4FA43
:109DB00084F464093C701C1D08332870091B0020C2
:109DC000D31A099AB1FA81F1B3FA83F349095B090D
:109DD00011700A9A1370B1E7002839D070B50446A3
:109DE000006880B30E461546F6F702FE30B32068D1
:109DF0000430F6F7FDFD08B320680830F6F7F8FDEB
:109E0000E0B120680C30F6F775FCB8B1206810306E
:109E1000F6F770FC90B1CDB1C6B12A463146206844
:109E2000F6F78EFD48B10A2807D040F2592240F6D5
:109E3000990390420CBF1846012070BDF8F784F9D1
:109E400040F6980070BD40F6980070BD0B2070BDC4
:109E500040F69800704700BF90B370B504460068A4
:109E600048B30E461546F6F7C3FDF8B12068043036
:109E7000F6F7BEFDD0B120680830F6F7B9FDA8B1FD
:109E800020680C30F6F736FC80B120681030F6F709
:109E900031FC58B195B18EB12A4631462068F6F7AB
:109EA0008FFD10B1022818BF012070BDF8F74CF9E2
:109EB00040F6980070BD40F6980070BD0B2070BD54
:109EC00040F69800704700BF00283AD070B50446AD
:109ED000006888B30E461546F6F78AFD38B3206849
:109EE0000430F6F785FD10B320680830F6F780FDE2
:109EF000E8B120680C30F6F7FDFBC0B120681030E7
:109F0000F6F7F8FB98B1D5B1CEB120682A463146B4
:109F10000830F6F715FD48B10A2807D040F259225B
:109F200040F6990390420CBF1846012070BDF8F727
:109F30000BF940F6980070BD40F6980070BD0B20FC
:109F400070BD40F69800704700283AD070B50446BE
:109F5000006888B30E461546F6F74AFD38B3206808
:109F60000430F6F745FD10B320680830F6F740FDE1
:109F7000E8B120680C30F6F7BDFBC0B120681030A6
:109F8000F6F7B8FB98B1D5B1CEB120682A46314674
:109F90000430F6F7D5FC48B10A2807D040F2592220
:109FA00040F6990390420CBF1846012070BDF8F7A7
:109FB000CBF840F6980070BD40F6980070BD0B20BD
:109FC00070BD40F69800704798B370B504460068BD
:109FD00050B30E461546F6F70BFD00B3206804306B
:109FE000F6F706FDD8B120680830F6F701FDB0B1EC
:109FF00020680C30F6F77EFB88B120681030F6F749
:10A0000079FB60B19DB196B120682A463146043093
:10A01000F6F7D6FC10B1022818BF012070BDF8F782
:10A0200093F840F6980070BD40F6980070BD0B2084
:10A0300070BD40F69800704700284DD070B50C46B2
:10A0400059B10546086840B11646F6F7D1FC20B173
:10A0500020680430F6F7CCFC10B940F6980070BDCB
:10A0600020680830F6F7C4FC0028F6D020680C30D1
:10A07000F6F758FB0028F0D020681030F6F752FBB6
:10A080000028EAD02168284601F5EE72F7F79AFD1C
:10A090000028E4D12168284601F5F0720431F7F771
:10A0A00091FD0028DBD12168284601F5F2720831C4
:10A0B000F7F788FD0028D2D12168284601F5F4720F
:10A0C0001431F7F723FD0028C9D1002EC7D023682B
:10A0D000D3F8DC31336070BD4FF46170704700BF5E
:10A0E000002867D02DE9F0410C4661B105460868AB
:10A0F00048B116469846F6F77BFC20B1206804303C
:10A10000F6F776FC18B940F69800BDE8F0812068B3
:10A110000830F6F76DFC0028F5D020680C30F6F713
:10A1200001FB0028EFD020681030F6F7FBFA00287A
:10A13000E9D0DDE90623002A18BF002B0CBF01215E
:10A140000021B8F1000F08BF41F00101A9BBA6B37F
:10A15000216800202C69D1F8E8212F6A54F82220C8
:10A16000D1F8DC41D1F8E03157F8244057F82350BA
:10A17000641AD1F8E431B4FA84F457F8233064094E
:10A1800034700C1D2C1BB4FA84F4640988F8004068
:10A1900001F108041B1B069CB3FA83F35B092370CF
:10A1A00001F11403D31A079AB3FA83F35B0913700E
:10A1B000BDE8F0814FF4617070470B20BDE8F0817D
:10A1C0000220704703207047042070470620704724
:10A1D00005207047C2B2062A10D804290ED800EB19
:10A1E000800210B45318064C54F8233013B15DF8B4
:10A1F000044B184700205DF8044B7047002070475F
:10A20000E0FD010810B5074C864684460FCCACE84B
:10A210000F000FCCACE80F0023687046CCF800307C
:10A2200010BD00BF6CFE0108D0B18446D0F8090013
:10A2300000B587B0DCF80D10DCF81120DCF8153023
:10A240000DF1080EAEE80F00DCF804000CF140023E
:10A2500002A91030FFF7CAFB20B907B05DF804FB74
:10A260000B2070470190F7F76FFF019807B05DF87A
:10A2700004FB00BF60B1836843B1196800228160AC
:10A280001A72C1681A629A841960C36018467047CE
:10A290000346FBE780B179B1C36899420DD02BB179
:10A2A0001A68914203D01346002BF9D170470A680F
:10A2B0001A6083680B60816070470B68C360F8E7C1
:10A2C00038B581B178B1C4680D4614B909E0246885
:10A2D0003CB104F109001022294602F023FF0028B6
:10A2E000F5D1204638BD0024204638BD40B1C068B5
:10A2F00010B905E0006818B190F908308B42F9D127
:10A30000704700BF40B1C06810B905E0006818B1DF
:10A3100090F90830032BF9DD704700BF70B1C068B9
:10A3200060B110B401E0006828B1D0E90A41994257
:10A3300008BF9442F7D15DF8044B7047704700BFE7
:10A3400070B1C06860B110B401E0006828B1D0E914
:10A350001041994208BF9442F7D15DF8044B704711
:10A36000704700BF70B1C06860B110B401E0006810
:10A3700028B1D0E91641994208BF9442F7D15DF85F
:10A38000044B7047704700BF40B1C06810B905E08A
:10A39000006818B190F82030002BF9D0704700BF4A
:10A3A00040B1C06810B905E0006818B190F82330DA
:10A3B000002BF9D0704700BF98B100220B4600F186
:10A3C000280110B5446886B004F110000592CDE96B
:10A3D000032203AA8DF80C30FFF73EFD18B906B032
:10A3E00010BD0B2070470190F7F7AEFE019806B044
:10A3F00010BD00BF0000000010B310B590B00446BF
:10A4000006A8FFF7FFFE0023D4F80900EC46D4F8B5
:10A410000D10D4F811208DF81830D4F81530CDF87F
:10A420001CD0ACE80F009FED087B606806AA04F121
:10A43000580110308DED087BFFF7C6FD10B010BD40
:10A440000B207047AFF30080010000000100000006
:10A4500082B030B58BB00EAC84E80C0088B10446F5
:10A4600001A80D46FFF7CEFE01AA0EA904F11000C7
:10A470008DF80450FFF7A8FD0BB0BDE8304002B0E6
:10A4800070470B200BB0BDE8304002B0704700BFF2
:10A490000B280DDC002809DB0B2807D8DFE800F0CB
:10A4A0000706060706060606060607070120704788
:10A4B000CB2818BF0120704730B5002383B000932C
:10A4C000D0B1044669461548F7F70EFE024610B1B2
:10A4D000012003B030BD009B8BB118780028F8D064
:10A4E00001A91846019201F0F9FE054650B1431C3E
:10A4F0000DD000202560ECE70B2003B030BD1846DE
:10A5000003B030BD019B1B78002BF2D0E0E702F0D6
:10A5100021FF0368222BECD1DAE700BF90FE01088F
:10A520002DE9F04F8DB098461B9B0792002B18BF6A
:10A53000B8F1000F0CBF01230023002A08BF43F02D
:10A540000103002908BF43F00103002B3DD1B0FAFD
:10A5500080F204465209002837D00F460BA900F0BC
:10A5600051FA054668BB0B9B002B37D102460BA95D
:10A570003846F9F7C9FF68BB0B9B002B33D12A463D
:10A580000BA90798F9F7A2FF20BB0B9D002D40F007
:10A59000A2807B21204602F0F7FD2378814620BB74
:10A5A0002F2B22D119AB93E8030016AB8DE80300E3
:10A5B00020460ECBF7F72EFF00281B9B08BF0A256D
:10A5C000186028460DB0BDE8F08F0B2528460DB069
:10A5D000BDE8F08FFFF75CFF0546F2E767252846E8
:10A5E0000DB0BDE8F08FC925EBE77E2B75D0B9F132
:10A5F000000F00F0C2800023A2461E460895554673
:10A600000994B2464C46DDF81CB0002C00F0AE8038
:10A610007D21284602F0B8FDA0EB040921466948D7
:10A6200009F10106324602F0BCFD002851D0324645
:10A630002146654802F0B5FD28B1324621466348FF
:10A6400002F0AFFD38BBD94618AB93E8070016AB54
:10A650008DE80700204631460CCBF7F7FDFE044697
:10A66000002800F0A3804A46284616AB2146F7F79B
:10A67000D1FD1A990546179B204698475046179BCF
:10A680001A999847002D6CD07B21284602F07CFD5A
:10A69000AA460446B9E709F1FF32611C4046F7F7C4
:10A6A000F3FF81460028CFD11B9B18AA69251860AB
:10A6B00016AB07CA8DE80700314620460CCBF7F7EA
:10A6C000CBFE1A99179B9847179B1A9950469847A3
:10A6D00077E7B946B8E7CA2573E7079E3046E5F73E
:10A6E0005FFE3B4A3B4B0396012818BF1346049775
:10A6F00002931A9B0093631C05934FF4006301932C
:10A7000016AB0FCBF7F74CFD064650B3B9F1000F6F
:10A7100005D07B21B24602F037FD81466EE73378E3
:10A720002F2B1BD0079C2046E5F73AFE4FF4006321
:10A73000294A01931A9B04960093284B03940128FD
:10A7400018BF1346029316AB0FCBF7F729FD03464C
:10A75000179A30461A991E46904716B11B9B1E60E9
:10A760002FE700231B9A0A2513602AE75346564613
:10A77000DDE90854002BD2D123782F2B1ED0079E61
:10A780003046E5F70DFE1A9A4FF4006303960494E1
:10A79000CDE90023104A114B012818BF134602933C
:10A7A00016AB0FCBF7F7FCFC0646D6E7DDE91A122D
:10A7B0005046179B14600A25984702E700231E465F
:10A7C000CCE700BFA8FE0108B0FE0108B8FE0108F2
:10A7D000A0FE010850F6010850F4010848F40108F1
:10A7E00000280CBF0B200020704700BF034A03461F
:10A7F00092E8030083E8030018467047C4FE01088E
:10A8000082B0F0B587B004460D460DF1300E0DF163
:10A81000040CCEE90023BEE80F00ACE80F00DEF820
:10A82000003001A8CCF80030F7F7ACFB54B380F04F
:10A830000103DBB233BB6668EEB91DB32846F5F7FA
:10A84000E1F808B3019B1C20059998470746606012
:10A8500010B32868283000F0A5FA386060680768EF
:10A86000A7B1012301AC00F1080703710FCC0FC79A
:10A8700023683B6000E06426304607B0BDE8F04046
:10A8800002B070470B26F7E76526F5E7029B012625
:10A89000059998476760EFE70A26EDE782B02DE952
:10A8A000F04186B004460E4615460DF1300C0DF110
:10A8B000040E4CF8043FBCE80F00AEE80F00DCF8D3
:10A8C000003001A8CEF80030F7F75CFB80F0010300
:10A8D000DBB23BBB34B3D4F80480B8F1000F1AD11B
:10A8E00005B32846F5F78EF8F0B1019B1C200599B9
:10A8F00098470746606020B3C6B1066080F80480C0
:10A9000001AC07F1080C00250FCCACE80F00236860
:10A91000CCF8003000E06425284606B0BDE8F041E0
:10A9200002B070470B25F7E76525F5E72868283062
:10A9300000F038FA386067683E6826B101233B7141
:10A94000DEE70A25E8E7029B384605990125984786
:10A950006660E1E770B582B0F0B14368044663B168
:10A960001868DE68996960B11D7965B91846B04705
:10A9700000232846636002B070BD1D46284602B021
:10A9800070BD0546F2E7019100F022FA051E6368EA
:10A99000019918BF0125E9E70B25284602B070BDD3
:10A9A000F0B587B006460B4C6846F7F7DDFAEE4681
:10A9B000A44625463446BEE80F00ACE80F000FCD94
:10A9C000DEF800700FC43046CCF80070276007B086
:10A9D000F0BD00BF2441022448B108B5436843B12B
:10A9E000186800F07BFA003818BF012008BD0B2062
:10A9F00070470B2008BD00BF10B1406800B100686F
:10AA0000704700BF002800F089802DE9F0470E460E
:10AA1000002900F0858004461746E5F7C1FCB0B177
:10AA200094F800E0DFF860C11CF80E3013F0040366
:10AA300039D100F1FF3814F808202F2A0FD1022253
:10AA40003260A7B31846C7F80080BDE8F08701233D
:10AA5000336067B3002318463B60BDE8F08704F11C
:10AA6000FF3A1D4619461AF8012FA2F13009B9F133
:10AA7000090F1FD922F02009A9F14109B9F1190FD5
:10AA800018D95F2A24D02F2A58D07E2A4AD07B2A70
:10AA90005BD07D2A69D1002D5CD10523336037B1AD
:10AAA00000203960D9E704233360002FD2D1002081
:10AAB000BDE8F0871CF80220520709D500290CBF19
:10AAC000002205F001021AB14D1E9D4231D01546FB
:10AAD00001318842C7D1002D42D1284601230CE024
:10AAE000BEF17E0F01D1012847D05A1C8B4200F1E4
:10AAF000010004F1010413462ED28045F5D02278DE
:10AB00002F2AEDD162781CF802205207EDD50422DD
:10AB10003260002FCBD000203B609EE70B207047B7
:10AB20000B209AE70029D3D006233360002FB7D13A
:10AB3000BDE709233360002FB2D1B8E7002DC7D09D
:10AB400008233360002FABD1B1E7002DF8D10B46BD
:10AB50000125BDE70025BBE70023184633607CE7ED
:10AB600005223260002FD6D1A1E7002D14BF0823A3
:10AB700003233360002F93D199E707233360002F1D
:10AB800095D00123C7E700BFA9FF010882B002B03A
:10AB9000704700BF234A2DE9F041126894B01A9E15
:10ABA000BDF86C5013911293C2B3BDF84C109DF8D0
:10ABB0004E0001E052688AB39468A38A8B42F9D1AF
:10ABC000A37D8342F6D1482204F13001684602F0A9
:10ABD000F6FB04F1280320460CCBF9F785F907466C
:10ABE000E0B1D0F808802A46304608F1100100F0A4
:10ABF0007DFA30B939460C4814B0BDE8F04100F098
:10AC0000BDB8C8F81448C8F81058F8F76BFF08F535
:10AC10000262052342E9020188F8203814B0BDE839
:10AC2000F08100BFF0400224E040022424482DE9D6
:10AC3000F041006894B01A9EBDF86C701391002822
:10AC40003BD01D4601E04068B8B38468218B914237
:10AC5000F9D1482204F12801684602F0B0FB04F162
:10AC6000200320460CCBF9F73FF9804628B3304645
:10AC7000D8F808603A4606F1100100F037FA30B90A
:10AC80004146104814B0BDE8F04100F077B80FCD50
:10AC900006F6280CC6F81448C6F81078ACE80F0081
:10ACA00095E803008CE80300F8F71CFF06F5026244
:10ACB000032342E9020186F8203814B0BDE8F08190
:10ACC000C0400224E040022422482DE9F0410068FF
:10ACD00094B01A9EBDF86C701391B8B31D4601E094
:10ACE000406898B38468218B9142F9D1482204F1DD
:10ACF0002801684602F063FB04F1200320460CCBD8
:10AD0000F9F7F2F8804608B33046D8F808603A46BA
:10AD100006F1100100F0EAF930B941460E4814B0CE
:10AD2000BDE8F04100F02AB80022C6F81448C6F881
:10AD30001078C6F82C28C6F82858F8F7D3FE06F580
:10AD40000262042342E9020186F8203814B0BDE80B
:10AD5000F08100BF30EA0124E0400224034640684D
:10AD600058B142685A600AB1002111601A68426005
:10AD700002B1106000220260186070470B680BB1CE
:10AD80004A685A604A6802B1136003688B4243689C
:10AD900008BF02604B6003B1196000230B60416083
:10ADA000704700BF38B505460848FFF7D7FF034690
:10ADB00048B184680023E5612374F7F765FD04F169
:10ADC0001403C4E90504184638BD00BF80400224BE
:10ADD00008B5084B196811B90AE0496841B18B6898
:10ADE00014339842F9D10348FFF7C8FF002008BD8B
:10ADF000012008BD804002242DE9F041054684B0C1
:10AE000022480F461646FFF7A9FF0446002839D00E
:10AE10002B690221846803F58053DFF87880B3F84A
:10AE20009605421CC4E90565A3F89625FBF712FCBC
:10AE30003C22206141463846F9F7BAF9F0B1144F87
:10AE4000304664223946F9F785F9B8B128690621F8
:10AE50006B69D0F8842300F52870CDF80080CDE927
:10AE6000017111682269FBF75BFA02462869D0F884
:10AE70008C33D0F88413F9F739F918B92046002437
:10AE8000F9F726F8204604B0BDE8F081004102241D
:10AE9000744102243841022438B58569DDB1044685
:10AEA0002869D0F8883300F5287022691968FBF703
:10AEB000B9F902462869D0F88813D0F89033F9F729
:10AEC00015F903462046002B14BF00240224F8F78E
:10AED000FFFF204638BD0124204638BD60B110B5C3
:10AEE00004460068F9F77CF908B9012010BD6368D1
:10AEF000012200201A7410BD012070472DE9F04195
:10AF0000056804460E462846E5F7EAF9C8B1114B34
:10AF10001B689D4212D1D4F80480D8F800406CB16F
:10AF2000D8F808500027043D314655F8040FE5F7DE
:10AF3000D7F9BB0040B10137BC42F5D10020BDE8D4
:10AF4000F0812046BDE8F081D8F81020BDE8F0413E
:10AF5000D35818472C0400242DE9F04119461F4608
:10AF600005469046FBF712F8E0B93E460BE0414437
:10AF7000A8682246361B02F022FAAB6828692344EF
:10AF80002044AB602861314601222846FBF788F84F
:10AF9000B91B04460028EAD10123A87D6B755840EF
:10AFA000BDE8F0813A464146A86802F008FAAA686E
:10AFB0002B693A443B44AA602B61EDE72DE9F0414F
:10AFC00019461F4605469046FAF7E0FFE8B93E46A7
:10AFD0000CE008EB0300A9682246361B02F0EFF9EB
:10AFE000AB68286923442044AB60286131460122C4
:10AFF0002846FBF755F8BB1B04460028E9D101237E
:10B00000A87D6B755840BDE8F0813A46A968404676
:10B0100002F0D5F9AA682B693A443B44AA602B6137
:10B02000EDE700BF2DE9F041884611461746054679
:10B03000FAF7ACFFE0B93E460BE04144A86822466F
:10B04000361B02F0BCF9AB68286923442044AB608E
:10B050002861314601222846FBF722F8B91B044635
:10B060000028EAD10123A87D6B755840BDE8F08126
:10B070003A464146A86802F0A2F9AA682B693A4408
:10B080003B44AA602B61EDE72DE9F04119461F46CC
:10B0900005469046FAF77AFFE0B93E460BE0414498
:10B0A000A8682246361B02F08AF9AB682869234457
:10B0B0002044AB602861314601222846FAF7F0FFB0
:10B0C000B91B04460028EAD10123A87D6B755840BE
:10B0D000BDE8F0813A464146A86802F070F9AA68D6
:10B0E0002B693A443B44AA602B61EDE72DE9F0411E
:10B0F0008846114617460546FAF748FFE8B93E4626
:10B100000CE008EB0300A9682246361B02F057F951
:10B11000AB68286923442044AB6028613146012292
:10B120002846FAF7BDFFBB1B04460028E9D10123DE
:10B13000A87D6B755840BDE8F0813A46A968404645
:10B1400002F03DF9AA682B693A443B44AA602B619E
:10B15000EDE700BF2DE9F04119461F460546904630
:10B16000FAF714FFE8B93E460CE008EB0300A968C3
:10B170002246361B02F023F9AB6828692344204499
:10B18000AB602861314601222846FAF789FFBB1BD4
:10B1900004460028E9D10123A87D6B755840BDE81D
:10B1A000F0813A46A968404602F009F9AA682B697D
:10B1B0003A443B44AA602B61EDE700BF2DE9F04122
:10B1C00004468846042116461F46FAF73FFF01460B
:10B1D0002046657DFAF782FFB8F1010F65750FD043
:10B1E0004FB100250135B6EC010A41462046FAF779
:10B1F0000DFDAF42F6D1A07D80F00100BDE8F081E9
:10B20000BF0020463946FAF7C1FEF8B9B8460CE04F
:10B210002A463144A068A8EB050802F0D0F8A268DD
:10B2200023692A442B44A26023614146042220461C
:10B23000FAF736FFA7EB080105460028E8D10423FA
:10B24000A07D637580F00100BDE8F0813A4631468B
:10B25000A06802F0B4F8A26823693A441F44A260CF
:10B260002761ECE72DE9F0410546884604211446A4
:10B270001F46FAF7EBFE014628466E7DFAF72EFFD1
:10B28000B8F1010F6E7510D057B100260136224675
:10B2900041462846FAF7E4FDB74204F10404F5D12B
:10B2A000A87D80F00100BDE8F081BF002846394646
:10B2B000FAF76CFEF8B9B8460CE0E0183246A96817
:10B2C000A8EB060802F07BF8AA682B6932443344E5
:10B2D000AA602B61414604222846FAF7E1FEA7EB5B
:10B2E000080306460028E8D10423A87D6B7580F08A
:10B2F0000100BDE8F0813A46A968204602F05FF8F7
:10B30000AA682B693A441F44AA602F61ECE700BF8A
:10B3100010B582B0044608460191E5F741F80246AF
:10B3200001992046013202B0BDE81040FAF7F6BE9E
:10B3300000B583B001ABFAF703FF03B05DF804FB7F
:10B340004FF6FF73038070474FF6FF73038070471B
:10B3500038B5044600880D4600F046FD0346C00F90
:10B36000002BB8BF258038BD70B50C46054608894E
:10B370002B68267DD1E90012B2FBF0F2A3EB010CA1
:10B38000BCFBF2FC0CF1010C1FFA8CF3B3FBF0FCDC
:10B3900000FB1C339BB202FB03F3181D084450F85A
:10B3A000042C16B1002640F8046C032A01D80120B1
:10B3B00070BD08332846043A19442B69FAF732FE67
:10B3C000284622460249FAF709FE002070BD00BF58
:10B3D00069B3010810B5C0E900120024029A038184
:10B3E00002610475C3B10C600189012914D94FF0C1
:10B3F000010C43680CF1010EBCFBF1F2B3FBF1F35D
:10B4000001FB12C21FFA8EFC92B202FB03F3026828
:10B41000D45001896145ECD84FF0FF33C36010BDB3
:10B420000189D9B110B54FF0000EF4467446436857
:10B430000EF1010EBCFBF1F2B3FBF1F301FB12C202
:10B440001FFA8EFC92B202FB03F30268D45001890A
:10B450006145ECD84FF0FF33C36010BD4FF0FF33B0
:10B46000C36070472DE9F84304460D46018917462D
:10B470008089984600F0B0FC29460646A08900F075
:10B48000B3FC00280ADB00262946E08900F0ACFC6A
:10B49000002800DAE5813046BDE8F88330462946C9
:10B4A00000F0A2FC0028EEDB23693846984781466D
:10B4B0000121A08900F090FCB9F1000F08BF85427E
:10B4C0000CBF0126002604D10023089AA081137026
:10B4D000DAE722896368B5FBF2F0B3FBF2F302FB13
:10B4E000105080B203FB00F023680430184450F879
:10B4F000043C002BC7D13946424601F060FF218948
:10B500006368B5FBF1F2B3FBF1F301FB125292B2A7
:10B5100002FB03F3226842F803800123089A1370A8
:10B52000B9F1000FAFD0A6890121304600F054FCDC
:10B53000218963680646B0FBF1F2B3FBF1F301FB2E
:10B540001202206892B202FB03F30433184450F84D
:10B55000043C002B97D023699847022802D0012889
:10B56000E2D090E701268FE72DE9F04704460F4629
:10B5700080890121904600F02FFC22896668B0FB8B
:10B58000F2F3B6FBF2F602FB13039BB203FB06F6E3
:10B59000236804361E4456F8049CB9F1000F23D0EA
:10B5A0000546236930469847824600B3B4F80CA09C
:10B5B0000121504600F010FC218982466368206812
:10B5C000BAFBF1F2B3FBF1F301FB12A292B202FB60
:10B5D00003F30433184450F8043C2BB12369984713
:10B5E00002281BD00128E3D00020BDE8F0874A469E
:10B5F00031463846FAF71EFD218963680120B5FB04
:10B60000F1F2B3FBF1F301FB125292B202FB03F32E
:10B61000226842F803A0A581BDE8F087208906EBE7
:10B6200008016368A9EB0802B5FBF0F6B3FBF0F381
:10B6300000FB16550020ADB203FB05F523685851F9
:10B640003846FAF7F7FC384622460349FAF7C6FCB3
:10B650000120A4F80CA0C8E769B3010838B5114669
:10B660000446C089154600F0BFFB0028B8BFE5813D
:10B6700038BD00BF2DE9F843038904460F4685898C
:10B68000DBB12846012604E0664506F1010614D226
:10B69000A089B1B200F0A0FBB4F808C0B0FBFCF286
:10B6A000D4E900130CFB1202B3FBFCF392B202FBD1
:10B6B00003F3CB58002BE7D105463D800121E689F5
:10B6C000284600F08DFB0146304600F089FB064617
:10B6D00028B34FF000094FF001084D461FFA89F1D9
:10B6E000388800F079FBB4F808C0616808FA09FEF0
:10B6F000226809F101094EEA050EB0FBFCF3B1FB2B
:10B70000FCF103FB1C0083B201FB03F3D3580BB91C
:10B710001FFA8EF54E45E1D12846BDE8F88305466F
:10B720002846BDE8F88300BF4FF6FF7C0160037335
:10B73000A0F80EC0C0E90132704700BF4FF6FF729B
:10B74000037BC28143607047F0B5044683B0406814
:10B750000D461646FCF79EFF63681844A36842191D
:10B7600093422CBF0127002702D2384603B0F0BD18
:10B770000090002330462168FAF74AFC6168384699
:10B780002944616003B0F0BD2DE9F04104461D4637
:10B790004068237B98428CBF0126002602D83046A1
:10B7A000BDE8F0818846E0890121174600F014FBCE
:10B7B0002368E08128803046C8F8003063683B6029
:10B7C000237B6360BDE8F081F8B5B1F808C00C4692
:10B7D00003680546267BD1E90012B2FBFCF2A3EB1D
:10B7E000010E0369BEFBF2FE0EF1010E1FFA8EFE82
:10B7F000BEFBFCF70CFB17EC1FFA8CFC02FB0CFCED
:10B8000051F80C20B444921B0CF1080C043A61442A
:10B81000FAF708FC284622460249FAF7DFFB002027
:10B82000F8BD00BFC9B7010830B59DF80C400381D1
:10B830000473C0E90012E3B10C60B0F808C0BCF1B9
:10B84000010F16D94FF0010E43680EF10105047B7C
:10B850000168BEFBFCF2B3FBFCF30CFB12E21FFA27
:10B8600085FE92B202FB03F3CC50B0F808C0F44559
:10B87000EAD8074B4FF6FF724FF0FF346FF00045E8
:10B88000C0F80E30002342820384C0E9064530BD73
:10B890000000FFFF00000000018910B5B1B14FF0BA
:10B8A000000EF44643680EF1010E047BBCFBF1F27E
:10B8B000B3FBF1F301FB12C21FFA8EFC92B202FB42
:10B8C00003F30268D45001896145EBD8084B4FF669
:10B8D000FF729FED057BC0F80E3000234282038487
:10B8E00080ED067B10BD00BFFFFFFFFFFFFFFF7F66
:10B8F0000000FFFF2DE9F04F044691B000898B4610
:10B90000E68904926568236894F80C90B6FBF0F21F
:10B91000B5FBF0F500FB12622F1F92B205FB02325D
:10B92000111DD2F800800391002800F04A814FF0E9
:10B93000000CE24661460CF1010CB1FBF0F200FB99
:10B9400012121FFA8CF192B205FB02F29A584A4584
:10B9500003D10AF1010A1FFA8AFA8142EBD3404669
:10B960000421CDF814A0FAF769FB804408EB0B0220
:10B97000BA4240F2CA80227B5A44BA4240F2B280B4
:10B980004FF6FC72BBB2A2EB09021A4492B20AFB58
:10B9900002F90592D9450692C0F0B38008F104027D
:10B9A000BA4280F0DA80A3F10409059BA9EB0809EB
:10B9B0001FFA89F9ABEB090BBBFBF3F203FB12B3E4
:10B9C000002B40F0C48093B2534500F29A80002BC4
:10B9D00000F0F980CDF81C804FF0000ADDF81480EB
:10B9E0000DF1200B05951D4600E0C1462289584601
:10B9F00063680AF1010AB6FBF2F1B3FBF2F302FB52
:10BA000011613A4689B203FB01F1236804311944FC
:10BA1000002351F804CCCDF800C0FAF7F9FA4A46F1
:10BA200000230D215846FCF7F5FD21896368304657
:10BA3000B6FBF1F2B3FBF1F301FB1262012192B20A
:10BA400002FB03F32268D75000F0C6F906461FFA3E
:10BA50008AF39D42C9D8DDF81C80059D20893A46AD
:10BA60006368B6FBF0F1B3FBF0F300FB11615846DD
:10BA700089B201FB03F3216804331944002351F810
:10BA8000047C0097FAF7C4FA069F58460223BAB21C
:10BA90000D21FCF7BFFD08F10401039BA5F108028D
:10BAA00025890B44A2EB0802B6FBF5F01946636842
:10BAB00005FB1060B3FBF5F380B2256800FB03F3D0
:10BAC000207B04303844E850049D2846FAF7B2FA47
:10BAD000284622463D49FAF781FA0120E68111B055
:10BAE000BDE8F08F0121E08900F076F90546218953
:10BAF000608A00F071F90146284600F075F90028C7
:10BB000044DD002011B0BDE8F08F2189608A0592E4
:10BB100000F062F90146304600F066F90028059A07
:10BB2000EFDC2589D4E90073B6FBF5F4B3FBF5F33C
:10BB300005FB1464A4B204FB03F3DDE90310FA501F
:10BB40000023CDF80080FAF763FA0120DAE701322A
:10BB5000069393B25345D4D839E730460121079371
:10BB600000F03AF9064620896268B6FBF0F1B2FBB4
:10BB7000F0F200FB116189B201FB02F2216804328C
:10BB80008B1853F8048C0393079B0CE72189636897
:10BB90000498B5FBF1F2B3FBF1F301FB12522168FB
:10BBA00092B202FB03F3227B04335A44194441F856
:10BBB000042C237B00930023FAF72AFA0120E58165
:10BBC000A0E78246CBE60DF1200B47E7C9B7010895
:10BBD000F8B504461D460F46008A0121164600F0BE
:10BBE000FBF8288022896368B0FBF2F1B3FBF2F323
:10BBF00002FB110CE1891FFA8CFC0CFB03FC23688F
:10BC00000CF1040C63443B6023689C445CF8043CE6
:10BC1000336000F0E9F8002801DD0020F8BD237B47
:10BC200032689A42F9D9618A208A00F0D9F82389CA
:10BC30008342F2D02888E3892082984201D00120F3
:10BC4000F8BD012100F0C8F803460120E381F8BDEA
:10BC500070B5018A0446408A15461E4600F0C4F8B5
:10BC6000002807DB4FF0FF326FF000430020C4E9EB
:10BC7000062370BD94F8200040B9012384F82030D9
:10BC8000643546F10006C4E9065670BDD4E90623C2
:10BC9000954276EB030304DB431C012084F820303B
:10BCA000EEE70020ECE700BF408A70472DE9F04145
:10BCB00090F8217097B180460D4616461C461888AC
:10BCC000012100F089F82080B8F8101000F08CF8FD
:10BCD000002806DD00231F4688F821303846BDE8DD
:10BCE000F081B8F808202088D8F80410B0FBF2F3EF
:10BCF000B1FBF2FC02FB13039BB203FB0CFCD8F874
:10BD000000300CF1040C63442B60D8F8003063441D
:10BD100053F8043C336098F80C209A42D0D0DDE709
:10BD2000F8B504460E461046012100F059F8618A24
:10BD300000F056F8C8B1054600270121608A00F0DE
:10BD40004BF823896268013794F80CC02168BD4222
:10BD50006082B0FBF3FEB2FBF3F203FB1E039BB267
:10BD600002FB03F341F803C0E7D1003E4FF00003AC
:10BD700018BF012684F8203084F82160F8BD00BF88
:10BD8000018A408A08B500F02FF8B0FA80F0400927
:10BD900008BD00BF0189E1B143684FF0000C30B528
:10BDA000B3FBF1FE05686246047B60460CF1010CB2
:10BDB000B2FBF1F301FB13231FFA8CF29BB20EFBD3
:10BDC00003F3EB589C4201D1013080B28A42EDD39B
:10BDD00030BD0846704700BF084480B2704700BFBE
:10BDE000401A80B2704700BF884211D009D3884200
:10BDF00010D9401AB0F5004FD4BF01204FF0FF30EA
:10BE000070470B1AB3F5004FF1DA4FF0FF3070476F
:10BE100000207047012070471FB514461A46094B91
:10BE20001B680546D86854B9074B1C46CDE9013458
:10BE300000912B46054900F037FF01F0CEFA044B84
:10BE4000F4E700BF3C04002438FF01080AFF0108A2
:10BE5000FDFE0108024B0A460146186800F002B8D0
:10BE60003C04002470B5A1FB02543CB9294600F003
:10BE700099F8064628B90026304670BD0C220260AB
:10BE8000F9E72A46214601F077F9F5E708B5064BB0
:10BE9000044613B10021AFF30080044B1B6803B1CB
:10BEA00098472046E5F730FF0000000018430224C1
:10BEB00007B5044B014601AA186800F005F803B065
:10BEC0005DF804FB3C0400242DE9F84FDFF86CA07A
:10BED00006468946174602F065F8DAF8004034B1A4
:10BEE0004B46984613F8012B3AB13D2AF9D130461A
:10BEF00002F05EF80020BDE8F88FA8EB0908A34621
:10BF000054F8040B0028F2D04246494601F049F9A2
:10BF10000028F4D154F8043C03EB080513F808306A
:10BF20003D2BECD1DAF80030ABEB03039B1030462D
:10BF30003B6002F03DF8681CDDE700BF0400002410
:10BF4000024B0146186800F02DB800BF3C040024E5
:10BF5000024B0146186802F031B800BF3C040024CF
:10BF600070B50F4E0C463168054611B901F0D0F995
:10BF700030602146284601F0CBF9431C03D14FF035
:10BF8000FF34204670BDC41C24F00304A042F8D046
:10BF9000211A284601F0BCF90130F2D1EFE700BFC9
:10BFA000D84102242DE9F843CD1C25F003050835BE
:10BFB0000C2D38BF0C25002D064601DBA94204D903
:10BFC0000C2333600020BDE8F883DFF8D48000F054
:10BFD00069F8D8F800301C4644BB29463046FFF7C4
:10BFE000BFFF431C044658D1D8F800402746002F15
:10BFF00043D1002C4BD023683946304604EB03096B
:10C0000001F086F9814542D121686D1A29463046F2
:10C01000FFF7A6FF01303AD023682B442360D8F8FD
:10C0200000305A6862BBC8F800700FE02268521BEB
:10C0300020D40B2A17D96119A342256018BF596073
:10C04000636808BFC8F8001062514B60304600F0CA
:10C050002FF804F10B00231D20F00700C21A1CBFAB
:10C060001B1AA350AFE76268A3420CBFC8F80020B8
:10C070005A60EBE723466468AEE73C467F68B6E764
:10C080001A465B68A342FBD100235360DEE70C2312
:10C090003360304600F00CF894E70560D6E700BF47
:10C0A000DC410224014801F080B900BF2143022491
:10C0B000014801F07BB900BF2143022438B5104B81
:10C0C0001D682B6B0446B3B91820FFF739FF0246F1
:10C0D000286320B90B4B0C484621FFF79DFE0B4906
:10C0E0000B4BC0E900130B4B83600B2383810021B2
:10C0F0000120C2E904012B6B00221C615A6138BD8A
:10C100003C04002439FF010850FF01080E33CDAB79
:10C1100034126DE6ECDE0500164B10B51C68236B7F
:10C12000B3B91820FFF70CFF0246206320B9124B69
:10C1300012485221FFF770FE1149124BC0E900135B
:10C14000114B83600B23838100210120C2E904018C
:10C15000216B0E480B694C690D4A584302FB0400E1
:10C16000A3FB0232013340EB0200C1E9043020F0AE
:10C17000004010BD3C04002439FF010850FF0108B5
:10C180000E33CDAB34126DE6ECDE05002DF45158C4
:10C190002D7F954C024B0A460146186800F002B804
:10C1A0003C0400242DE9F041804615460C4621B997
:10C1B000BDE8F0411146FFF7F5BE2AB901F0FEFED9
:10C1C00000242046BDE8F08102F0C4FA854206460C
:10C1D00002D8B5EB500FF4D829464046FFF7E2FEEF
:10C1E00007460028ECD0B5422A46214628BF3246F1
:10C1F00001F0E5F82146404601F0E0FE3C46E0E76C
:10C200002DE9F043344E86460D46284615F8014B7D
:10C21000375D17F00807F8D12D2C2FD12C78012786
:10C22000851C33F0100009D1302C2CD1287800F077
:10C23000DF00582827D16C78102302354FF0FF38E3
:10C240000026B8FBF3F803FB08F96FEA090930464A
:10C25000A4F1300CBCF1090F1CD86446A3422ADDBE
:10C26000B6F1FF3F07D0804522D301D1A1451FDBA6
:10C2700000FB0340012615F8014BE9E72B2C04BF16
:10C280002C78851CCDE7002BD8D1302C0CBF08238F
:10C290000A23D3E7A4F1410CBCF1190F01D8373CB4
:10C2A000DCE7A4F1610CBCF1190F04D8573CD5E7C9
:10C2B0004FF0FF36DFE7731C06D12223CEF80030A3
:10C2C000304632B9BDE8F08307B14042002AF9D0C8
:10C2D00006B1691E1160F5E7A9FF010813460A4679
:10C2E000014602480068FFF78BBF00BF3C040024F2
:10C2F000F0B52DED028BB0EE408B85B017460D9D4D
:10C300000C9E18EE902A25F02005002AB6BF2D229B
:10C310000022B1EE408B462D0C461A7004D0452DFC
:10C3200000D10134022100E0032103AB019302ABF1
:10C33000009322463346B0EE480B01F0DDF8472D5E
:10C3400014D1FB070AD50219B5EE408BF1EE10FAB5
:10C3500008BF03923021039B934219D3039B0E9A8B
:10C360001B1A136005B0BDEC028BF0BD462D00EB2F
:10C370000402E9D10378302B07D1B5EE408BF1EE02
:10C3800010FA1CBFC4F10104346033681A44DBE7BF
:10C390005C1C03941970DEE7F7B50029BABF494267
:10C3A0002D232B2309290270437029DD0DF107038A
:10C3B0001D460A271A46B1FBF7F607FB1614303460
:10C3C00002F8014C0C46632C03F1FF333146F1DCDB
:10C3D0003031941E03F8011C411C2346AB420AD3A2
:10C3E0000DF109039B1AAC4288BF002302330344BA
:10C3F000181A03B0F0BD13F8016B01F8016FEDE7F7
:10C40000302330318370C170031DF1E7000000005C
:10C410002DE9F04F8DB00C46DDF8588016461F46CA
:10C42000054600F0E7FED0F800B05846E3F7B8FF45
:10C4300000230A93D8F8003094F8189022680590E9
:10C44000073323F0070303F10801C8F8001093ED48
:10C45000000B9FED976BB0EEC07BB4EE467BF1EE28
:10C4600010FA84ED120B24DDB5EEC00BF1EE10FADC
:10C4700002D52D2384F843308F49904BB9F1470FF3
:10C4800094BF8846984622F0040203232361226069
:10C490004FF0000A009733460BAA2146284600F0C9
:10C4A000D1F9013040F089804FF0FF300DB0BDE888
:10C4B000F08FB4EE400BF1EE10FA09D710EE903A7F
:10C4C000002BBCBF2D2384F843307D497D4BD5E73D
:10C4D0006368591C09F0DF0A39D10623636042F40E
:10C4E00080620023226003930AABCDE9019309AB7C
:10C4F000009361680DF123032846FFF7F9FEBAF1B6
:10C50000470F0999804629D1C81C02DB636899420C
:10C5100041DDA9F102095FFA89F901394A4604F1BE
:10C5200050000991FFF738FF0A9A1318012A824632
:10C53000236102DC2268D20701D5013323619DF813
:10C540002330002BA6D02D2384F84330A2E7BAF184
:10C55000470FC4D1002BC2D10123BFE7B9F1650F4A
:10C56000DBD9B9F1660F18D1002963680BDD2161B1
:10C5700013B92268D00702D501330B442361A165AA
:10C580004FF0000ADBE713B92268D20701D5023366
:10C59000F4E70123F2E74FF067090A9B994205DBB4
:10C5A00023682161D807EAD54B1CE7E70029D4BFEF
:10C5B000C1F1020201221344E0E723685A0507D4BF
:10C5C0002369424631462846B84701302AD16BE7F5
:10C5D000B9F1650F40F2E08094ED127BB5EE407B3F
:10C5E000F1EE10FA33D1384A012331462846B847D4
:10C5F00001303FF459AFDDE90938434502DB2368D8
:10C60000D8070FD5059B5A4631462846B847013012
:10C610003FF44AAF4FF0000908F1FF3804F11A0A5D
:10C62000C84509DC23689B0700F10781E0680B9B84
:10C630009842B8BF184639E701235246314628468A
:10C64000B84701303FF430AF09F10109E8E7099B31
:10C65000002B3BDC1C4A012331462846B8470130F9
:10C660003FF422AFDDE9093959EA030302D1236817
:10C67000D907D7D5059B5A4631462846B8470130D9
:10C680003FF412AF4FF0000A04F11A0B099B5B4212
:10C69000534501DC4B4694E701235A463146284670
:10C6A000B84701303FF400AF0AF1010AEEE700BFDE
:10C6B000FFFFFFFFFFFFEF7FA9000208AD000208A8
:10C6C000B1000208B5000208B9000208A36DDDF848
:10C6D00028A05345A8BF5346002B994637DC0023BA
:10C6E000079329EAE97904F11A02A36D07990693E1
:10C6F000A3EB09038B4231DC099B9A453BDC2368A1
:10C70000DA0738D4099BAAEB0309069BAAEB0303BB
:10C710009945A8BF9946B9F1000F34DC4FF00008E5
:10C7200029EAE97904F11A0B099BAAEB0303A3EBAD
:10C73000090343457FF776AF01235A463146284621
:10C74000B84701303FF4B0AE08F10108ECE74246CB
:10C7500031462846B8470130C1D1A5E6012331460C
:10C7600028460692B84701303FF49EAE079B069AD2
:10C7700001330793B9E7059B5A4631462846B84727
:10C780000130BFD190E6069A4B46424431462846D6
:10C79000B8470130C2D187E6DDF82890B9F1010F22
:10C7A00001DCDB0736D50123424631462846B8472F
:10C7B00001303FF479AE059B5A4631462846B847CA
:10C7C00001303FF471AE94ED127BB5EE407BF1EE9B
:10C7D00010FA09F1FF3918D04B4608F10102314631
:10C7E0002846B84701300CD15EE601235A4631464F
:10C7F0002846B84701303FF457AE08F10108C84554
:10C80000F3DB534604F15002DCE64FF0000804F17C
:10C810001A0BF4E701234246E1E701234A46314679
:10C820002846B84701303FF43FAE08F10108E368FD
:10C830000B995B1A4345F0DCF8E64FF0000804F171
:10C840001909F4E72DE9F047164698468A680B69FE
:10C85000DDF820909342B8BF1346336091F843202F
:10C8600007460C460AB1013333602368990642BF7C
:10C87000336802333360256815F0060506D104F1EC
:10C88000190AE36832689B1AAB4226DC94F84330FD
:10C890002268003B18BF012392062BD404F1430207
:10C8A00041463846C84701301ED02368226903F04C
:10C8B0000603042B02BFE5683368ED1AA3680CBFBA
:10C8C00025EAE57500259342C4BF9B1AED180026A2
:10C8D0001A34B5421AD1002008E0012352464146DD
:10C8E0003846C847013003D14FF0FF30BDE8F0872C
:10C8F0000135C6E7E1185A1C302081F84300224474
:10C9000094F8451082F843100233C7E7012322460A
:10C9100041463846C8470130E6D00136D9E7000025
:10C920002DE9FF470F7E0C9E782F914680460C46DE
:10C930009A4601F1430207D8622F0AD8002F00F06F
:10C94000D280582F00F0B98004F1420684F842707A
:10C950003AE0A7F16303152BF6D801A151F823F0B3
:10C96000B9C90108CDC9010849C9010849C9010867
:10C9700049C9010849C90108CDC9010849C90108C7
:10C9800049C9010849C9010849C90108CDCA0108B6
:10C99000F7C9010887CA010849C9010849C901083E
:10C9A000EFCA010849C90108F7C9010849C90108C6
:10C9B00049C901088FCA010833681A1D1B68326013
:10C9C00004F1420684F8423001239DE03368206878
:10C9D000191D3160060601D51D6803E04506FBD52B
:10C9E000B3F90050002D03DA2D236D4284F8433053
:10C9F00059480A2311E021683368080653F8045B9C
:10CA000002D4490648BFADB26F2F5348336014BFFC
:10CA10000A230823002184F843106668A660002ECC
:10CA2000A2BF216821F0040121600DB9002E4BD076
:10CA30001646B5FBF3F103FB1157C75D06F8017D00
:10CA40002F46BB420D46F4D9082B0BD12368DF07D4
:10CA500008D5236961689942DEBF302306F8013C9E
:10CA600006F1FF36921B2261CDF800A04B4603AAC7
:10CA700021464046FFF7E6FE01304AD14FF0FF3035
:10CA800004B0BDE8F087236843F0200323603348F7
:10CA9000782784F84570236831681F0651F8045BD5
:10CAA00002D45F0648BFADB23160D90744BF43F03E
:10CAB000200323601DB11023ACE72748E9E7236872
:10CAC00023F020032360F6E71646BDE733682568A8
:10CAD0006169181D30602E061B6801D5196002E0DF
:10CAE0006806FBD51980002323611646BCE733682E
:10CAF0001A1D32601E68626800213046E3F700FCB0
:10CB000008B1801B606063682361002384F84330B0
:10CB1000AAE72369324649464046D0470130ADD0A6
:10CB200023689B0713D4E068039B9842B8BF18465C
:10CB3000A6E70123324649464046D04701309DD002
:10CB40000135E36803995B1AAB42F2DCEBE70025A1
:10CB500004F11906F5E700BFBB000208CC0002088B
:10CB6000002310B50446C0E90033C0E904338360F4
:10CB700081814366C2818361194608225C3000F0DE
:10CB8000FBFA0D4B63620D4BA3620D4BE3620D4B41
:10CB900023630D4B24629C4206D003F16802944249
:10CBA00002D0D0339C4205D104F15800BDE81040BA
:10CBB00000F0FABB10BD00BF05CF010827CF010868
:10CBC0005FCF010883CF0108E0410224024A0349F4
:10CBD000034800F07BB800BF30040024A1ED010839
:10CBE0004004002441680C4B994210B5044601D022
:10CBF00002F0D6F8A168094B994202D0204602F013
:10CC0000CFF8E168064B994204D02046BDE81040B9
:10CC100002F0C6B810BD00BFE04102244842022421
:10CC2000B042022410B50B4B0B4C0C4A1A60204644
:10CC300000220421FFF794FF04F16800012209217A
:10CC4000FFF78EFF04F1D0000222BDE81040122150
:10CC5000FFF786BF18430224E0410224CDCB010830
:10CC6000014800F0A2BB00BF22430224014800F0AB
:10CC70009DBB00BF2243022410B50446FFF7F0FF1E
:10CC8000236A1BB1BDE81040FFF7F0BF044B2362DD
:10CC9000044B1B68002BF5D1FFF7C4FFF2E700BF80
:10CCA000E5CB0108184302240EB403B5014603ABDB
:10CCB000054853F8042B0068019301F0D5FE02B03B
:10CCC0005DF804EB03B070473C0400242DE9F84301
:10CCD0000746884614460026D4E90195B9F10109B2
:10CCE00005D52468002CF7D13046BDE8F883AB8920
:10CCF000012B07D9B5F90E30013303D02946384648
:10CD0000C04706436835E9E72DE9F047089C8A46A5
:10CD1000904602FB03F9064618B1036A0BB9FFF708
:10CD2000ABFF636EDD0705D4A389980502D4A06D1F
:10CD300000F03BFBA389190716D52369A3B1002591
:10CD40004D451FD0A7681AF80510013F002FA760B6
:10CD500004DAA3699F420FDB0A290DD023685A1C0D
:10CD6000226019700135EBE72146304600F084F966
:10CD70000028E4D0002505E02246304600F03EF9C8
:10CD80000130EFD1636EDA0705D4A3899B0502D485
:10CD9000A06D00F00BFBB5FBF8F0BDE8F0870000DC
:10CDA00007B5009313460A46014603480068FFF79B
:10CDB000ABFF03B05DF804FB3C0400240FB407B5DF
:10CDC000064904AB086853F8042B8168019301F00D
:10CDD0004BFE03B05DF804EB04B070473C04002444
:10CDE000036A70B5846805460E460BB9FFF744FF29
:10CDF000636EDB0705D4A389980502D4A06D00F00B
:10CE0000D4FAA389190702D52369002B35D121460D
:10CE1000284600F031F980B34FF0FF35636EDA0732
:10CE200005D4A3899B0502D4A06D00F0BFFA284663
:10CE300070BD002B04DAA2699A4217DC0A2915D0CA
:10CE400023685A1C22601970A36816F8011F013B61
:10CE5000A3600029EDD1002B11DA22460A212846D1
:10CE600000F0CCF80130D7D00A25D7E72246284673
:10CE700000F0C4F80130E7D1CEE7013EE4E72368D3
:10CE80005A1C22600A221A70EEE70000024B01468B
:10CE90001868FFF7A5BF00BF3C0400240CB430B5F0
:10CEA000174B0C1E1D689DB008DA8B232B604FF0CA
:10CEB000FF301DB0BDE8304002B070474FF4027340
:10CEC000ADF8143014BF04F1FF33234604930793E5
:10CED0004FF6FF7302900690ADF81630209A21AB02
:10CEE00002A92846019301F099FC431CBCBF8B2387
:10CEF0002B60002CDDD0029B00221A70D9E700BF06
:10CF00003C04002410B50C46B1F90E1000F0EEF907
:10CF10000028ABBF636DA3891B1823F48053ACBFFB
:10CF20006365A38110BD2DE9F0411F468B89DB05A8
:10CF300005460C46164605D5B1F90E10022300220F
:10CF400000F0C2F9A389B4F90E1023F48053A38131
:10CF500032463B462846BDE8F04100F0E9B910B53D
:10CF60000C46B1F90E1000F0AFF9431CA38915BFB0
:10CF7000606523F4805343F48053A38118BFA381D9
:10CF800010BDB1F90E1000F039B930B51446002CBF
:10CF90009BB005461A4605DA8B2303604FF0FF303D
:10CFA0001BB030BD4FF40273ADF80C3014BF04F168
:10CFB000FF332346029305934FF6FF7300910491CC
:10CFC000ADF80E3069461E9B01F028FC431CBCBF27
:10CFD0008B232B60002CE3D0009B00221A70DFE72C
:10CFE00007B5009313460A46014603480068FFF759
:10CFF000CCFF03B05DF804FB3C040024F8B50E46FA
:10D000001446054618B1036A0BB9FFF735FEA3694C
:10D01000A360A3891A0701D5236943B9214628468D
:10D0200000F02AF818B14FF0FF373846F8BD2368F2
:10D030002269981A6369F6B28342374605DC2146B5
:10D04000284601F0ADFE0028EDD1A368013BA360A6
:10D0500023685A1C22601E706269431C9A4204D0E5
:10D06000A389DB07E1D50A2EDFD12146284601F04E
:10D0700097FE0028D9D0D6E738B5294B0546186861
:10D080000C4618B1036A0BB9FFF7F6FDB4F90C3082
:10D09000190722D4DA0607D409222A6043F0400394
:10D0A000A3814FF0FF3033E0580712D5616B41B1D7
:10D0B00004F14403994202D0284600F07FFF002388
:10D0C0006363A38923F02403A3810023636023699E
:10D0D0002360A38943F00803A38123694BB9A38983
:10D0E00003F42073B3F5007F03D02146284601F0F6
:10D0F000A5FEB4F90C3013F001020AD00022A260A0
:10D1000062695242A261226942B913F08000C5D11E
:10D1100038BD990758BF6269A260F4E70020F7E7BD
:10D120003C04002410B501390244904201D1002092
:10D1300005E0037811F8014FA34201D0181B10BD80
:10D140000130F2E7884210B501EB020402D98442B3
:10D15000234607D8431EA14208D011F8012B03F83B
:10D16000012FF8E7024401468A4200D110BD13F8AE
:10D17000014D02F8014DF7E702440346934200D106
:10D18000704703F8011BF9E7C9B20346184613F8C4
:10D19000012B12B18A42F9D17047002918BF002033
:10D1A000704710B56AB10139841810F8012B11F8D5
:10D1B000013F9A4203D1A04201D0002AF5D1D01AF2
:10D1C00010BD1046FCE70A7870B56AB970BD9A4286
:10D1D00009D10C46054614F8013F002BF6D015F88E
:10D1E000016F9E42F7D001300378002BEFD1184633
:10D1F000ECE70000004870477C05002438B5064D78
:10D200000023044608462B60E4F7A6FD431C02D128
:10D210002B6803B1236038BD1C430224294B1B68D3
:10D22000834270B504464BD0C369ABB1DB686BB1C8
:10D230000025E369DB68595900293BD10435802D6D
:10D24000F7D1E3692046D96800F0B8FEE3691968B0
:10D2500011B1204600F0B2FE616911B1204600F024
:10D26000ADFEE16911B1204600F0A8FE216B11B1BD
:10D27000204600F0A3FE616B11B1204600F09EFE37
:10D28000A16B11B1204600F099FEA16C11B12046AE
:10D2900000F094FE616C11B1204600F08FFEE16A4F
:10D2A00011B1204600F08AFE236A4BB12046BDE84A
:10D2B000704018470E68204600F080FE3146BBE7FC
:10D2C00070BD00BF3C04002438B5074D0446084635
:10D2D000114600222A601A46E4F765FD431C02D17C
:10D2E0002B6803B1236038BD1C43022438B5074DB9
:10D2F00004460846114600222A601A46E4F70FFD4C
:10D30000431C02D12B6803B1236038BD1C430224A7
:10D3100038B5064D0023044608462B60E4F750FD5F
:10D32000431C02D12B6803B1236038BD1C43022487
:10D3300038B5074D04460846114600222A601A46B1
:10D34000E4F77CFB431C02D12B6803B1236038BD9A
:10D350001C430224014B1868704700BF3C040024A2
:10D3600070B50D4D0D4C641BA4100026A64209D1CA
:10D370000B4D0C4C01F024FE641BA4100026A642A9
:10D3800005D170BD55F8043B98470136EEE755F8D6
:10D39000043B98470136F2E7CC020208CC020208AF
:10D3A000CC020208D4020208704770477047034657
:10D3B00011F8012B03F8012B002AF9D170470A4418
:10D3C000914200F1FF3300D1704710B511F8014BC5
:10D3D00003F8014F9142F9D110BD08B5062001F0C4
:10D3E00091FD0120E4F790FC2DE9F74F03690C69EA
:10D3F000A34207467EDB013C01F11408A30000F1C3
:10D400001405009305EB8403019358F8243055F874
:10D41000242001339A4208EB8409B2FBF3F62ED3A1
:10D420004FF0000AC446AE46D3465CF8043B98B2BF
:10D4300006FB00A0020C1B0C06FB0323DEF80020F9
:10D4400080B292B2121A5A44DEF800004FEA134A30
:10D450009BB2C3EB224303EB104392B242EA034276
:10D46000E1454EF8042B4FEA234BDED2009BEB58EC
:10D470002BB9019B043B9D421A462FD33C61384691
:10D4800001F060F8002825DB2946002058F8042B1D
:10D49000D1F800C01FFA82FE1FFA8CF3A3EB0E0333
:10D4A0000344120CC2EB234202EB1C429BB243EA40
:10D4B0000243C14541F8043B4FEA2240E6D255F809
:10D4C000242005EB840322B9043B9D421A460BD36A
:10D4D0003C610136304603B0BDE8F08F1268043B72
:10D4E000002ACBD1013CC6E71268043B002AEFD1E9
:10D4F000013CEAE70020EEE72DE9F04F2DED028B2D
:10D50000C76991B08DED020B55EC104B1C9E079135
:10D51000814609920D937FB91020FEF711FD024656
:10D52000C9F81C0020B9A04BEF21A048FEF774FCFD
:10D53000C0E901770760C760D9F81C30196859B194
:10D540005A684A60012393408B60484600F0C0FD52
:10D55000D9F81C3000221A602B1EBBBF23F00043F9
:10D56000039300230122ACBF33603260904B039ED3
:10D57000B34310D10D9A42F20F731360C6F3130335
:10D58000234300F0DE841D9B8A4F002B00F0E084D3
:10D59000FB1C00F0DBBC9DED028BB5EE408BF1EE89
:10D5A00010FA0AD10D9A012313601D9B13B11D9A25
:10D5B000814B1360814F00F0CBBC0EAA0FA94846E7
:10D5C000B0EE480B01F06EF8C6F30A530E9A0190C4
:10D5D000002B45D0B0EE487B18EE901AC1F3130132
:10D5E00041F07F5141F44011A3F2FF33002507EED3
:10D5F000901AB7EE086B9FED665B37EE467B9FEDAA
:10D60000666BA7EE056B9FED665B07EE903AB8EE92
:10D61000E74BB0EE467BA4EE057BFDEEC76BB5EEA7
:10D62000C07BF1EE10FA16EE908A08D5B8EEE66BE4
:10D63000B4EE476BF1EE10FA18BF08F1FF38B8F1FD
:10D64000160F2BD85E4901EBC80191ED007BB4EEBB
:10D65000C78BF1EE10FA01D508F1FF3800211EE06A
:10D660000F9B134403F232412029C1BFC1F1400195
:10D670008E4003F2124124FA01F1D6BFC1F120011C
:10D68000314304FA01F107EE901AB8EE677B013BD3
:10D6900017EE901A0125A1F1F871A8E70121D21A1D
:10D6A000531E069345BFC2F10103059300230023D7
:10D6B0004CBF06930593B8F1000F0C9118DB069B45
:10D6C000CDF82880434406930023079A092A49D8B5
:10D6D000052AC4BF043A0792079AA2F10202CCBFFE
:10D6E00000240124032A48D8DFE802F00B2E2C3A4C
:10D6F000059B0022A3EB080305930A92C8F10003DF
:10D70000E3E700220892099A002A39DC4FF0010B66
:10D71000DA465A46CDF824B0D9F81C70002104200E
:10D7200000F11406964230D979604846049300F01F
:10D730008FFC049B0746002846D1224B024640F24C
:10D74000AF11F2E60122DDE700220892099A08EB08
:10D75000020B0BF1010A5246012AB8BF0122DBE796
:10D760000122F2E701240022CDE907244FF0FF3B1C
:10D770000021DA4612220991CEE701220892F5E74C
:10D78000DDF824B0DA465A46C6E701314000C7E763
:10D7900061436F63A787D23FB3C8608B288AC63FB7
:10D7A000FB799F501344D33F39FF0108EA00020878
:10D7B0000000F07FE6000208BA000208B900020883
:10D7C000E001020842010208D9F81C20BAF10E0F4C
:10D7D00010606FD8002C6DD0B8F1000F40F3C280FC
:10D7E000CA4A08F00F0102EBC10218F4807F92EDE3
:10D7F000007B4FEA281100F0A980C54A92ED086B22
:10D8000088EE066B8DED026B01F00F010322C0481C
:10D81000002940F09D809DED026B86EE077B8DED2B
:10D82000027B0C999DED027B002900F0C180B7EED0
:10D83000006BB4EEC67BF1EE10FA40F1B980BAF19C
:10D84000000F00F0B580BBF1000F31DDB2EE046BCC
:10D8500027EE067B8DED027B08F1FF31049101324A
:10D860005C469DED026BB1EE0C5B07EE902AB8EEC4
:10D87000E77BA7EE065B15EE902A51EC150BA2F1A3
:10D880005071002C40F09880B1EE047B36EE476B6F
:10D8900041EC170BB4EEC76BF1EE10FA00F36182A6
:10D8A000B1EE477BB4EEC76BF1EE10FA00F1F580F4
:10D8B0008DED028B0F9A002AC0F22C81B8F10E0F69
:10D8C00000F32881914B03EBC80393ED006B099B98
:10D8D000002B03DABAF1000F40F3D280B2EE044B12
:10D8E0009DED027B3E4687EE065BBDEEC55B15EE09
:10D8F000103A303306F8013BF31B9A45B8EEC53BAE
:10D90000A3EE467B40F0F88037EE077BB4EEC67B93
:10D91000F1EE10FA00F3DD80B4EE467BF1EE10FA82
:10D9200004D115EE103ADB0700F1D3800199484687
:10D9300000F0CEFB00230D9A337008F10103136051
:10D940001D9B002B00F004831E6001E302225EE7B2
:10D95000CC0704D590ED006B013227EE067B491011
:10D96000083055E722D0C8F10001684A01F00F00E5
:10D9700002EBC00292ED007B28EE077B8DED027B6F
:10D98000634809110024022229B9002C3FF449AF51
:10D990008DED027B45E7CE0705D590ED006B01329A
:10D9A000012427EE067B49100830EDE7022238E714
:10D9B000CDF81080544654E7544A02EBC40212EDED
:10D9C000024B089A41EC170B3C444AB3B6EE003BBD
:10D9D000B7EE002B3E4683EE045BB2EE043B35EE21
:10D9E000477BFDEEC64B14EE902AB8EEE45B303276
:10D9F00036EE456BB4EEC76BF1EE10FA06F8012B6C
:10DA000038D432EE465BB4EEC75BF1EE10FA62D466
:10DA1000A6423FF44DAF27EE037B26EE036BE0E713
:10DA200021463E4627EE047BB2EE043BFDEEC64B9C
:10DA300014EE902A303206F8012BA642B8EEE45BD1
:10DA400036EE456B19D1B6EE005B37EE054BB4EE02
:10DA5000C46BF1EE10FA3EDC35EE475BB4EEC56BFD
:10DA6000F1EE10FA7FF524AF0E46013916F8013CAD
:10DA7000302BF9D0DDF8108058E726EE036BD5E7A0
:10DA80000BD1B1EE047B26EE076B9DED027BB4EE6D
:10DA9000C76BF1EE10FAC0F2618100242546099BA4
:10DAA000DB4304933E464FF000082146484600F011
:10DAB0000FFB002DDED0B8F1000F05D0A84503D034
:10DAC0004146484600F004FB2946484600F000FB6A
:10DAD000D0E7CDF8108033461E4613F8012D392AC1
:10DAE00006D19F42F8D1049A0132049230223A7052
:10DAF0001A7801321A70BDE727EE047BB5EE407B41
:10DB0000F1EE10FA7FF4EFAE10E700BFE00102087B
:10DB1000B80102080899002900F0E380079901295B
:10DB200000F3C880002D00F0C18002F23342059E50
:10DB30001C460493059B13440593069B0121134443
:10DB40004846069300F078FB049B054666B1069AAA
:10DB5000002A09DDB2420599A8BF3246891A05910B
:10DB60000699B61A8A1A0692FBB1089A002A00F0A2
:10DB7000BC809CB12946224648460B9300F01CFC11
:10DB8000019A01460546484600F06CFB0199049055
:10DB9000484600F09DFA049A0B9B01921A1B04D090
:10DBA0000199484600F008FC01900121484600F028
:10DBB00043FB0A9B0446002B00F0D0811A46014625
:10DBC000484600F0F9FB079B012B044600F39580C3
:10DBD000029B002B40F08B80039BC3F31302002AAF
:10DBE00040F0878023F00042120D1205002A00F059
:10DBF0008280059B01330593069B01330693012325
:10DC00000B930A9B002B00F0AF81226904EB820288
:10DC1000106900F0C5FAC0F12000069B184410F00E
:10DC20001F0076D0C0F12002042A69DD059BC0F1F7
:10DC30001C0003440593069B064403440693059B7E
:10DC4000002B05DD01991A46484600F00FFC0190B3
:10DC5000069B002B05DD21461A46484600F006FCCF
:10DC600004460C9B002B56D00198214600F06AFC1C
:10DC7000002850DA08F1FF330493019900230A22A7
:10DC8000484600F047FA089B0190002B00F06E8197
:10DC9000294600230A22484600F03CFABBF1000F57
:10DCA000054664DC079B022B3EDC60E00E9AC2F165
:10DCB00036023CE70AF1FF34A342BFBFE21A0A9BD7
:10DCC0009B180A93AEBF1C1B23460024BAF1000F19
:10DCD000B5BF059A059EA2EB0A065246B8BF0022C0
:10DCE00027E7059E089D1C4630E71A4658E70023A3
:10DCF00086E7029B84E70B9283E700230B9384E77C
:10DD00009DD0059B1C3213440593069B1644134477
:10DD100094E70246F5E7BAF1000FCDF81080D3463C
:10DD200021DC079B022B1EDDBBF1000F7FF4B7AE99
:10DD300021465B460522484600F0ECF901460446C0
:10DD4000019800F0FFFB00287FF7A9AE3E46312383
:10DD500006F8013B049B01330493A4E6CDF8108040
:10DD600054462546F2E7089B002B00F00381002E65
:10DD700005DD29463246484600F078FB05460B9BF8
:10DD8000002B58D06968484600F062F9064628B969
:10DD9000824B024640F2EF21FFF7C7BB2A690232ED
:10DDA000920005F10C010C30FFF709FB012231460E
:10DDB000484600F05BFB7B1C059307EB0B030993C4
:10DDC000029B03F00103A84608930546059B0198B2
:10DDD000214603F1FF3BFFF707FB4146029000F1AC
:10DDE000300A019800F0AEFB2A46069021464846CC
:10DDF00000F0C4FBC2680646FAB90146019800F07B
:10DE0000A1FB0246314648460A9200F061F9079BA1
:10DE10000A9A059E43EA0201089B19430FD1BAF101
:10DE2000390F28D0069B002B02DD029B03F1310A3B
:10DE30008BF800A039E62846BDE70122E2E7069B01
:10DE4000002B04DB07990B4308990B4320D1002AD0
:10DE5000EEDD01990122484600F008FB21460190C1
:10DE600000F070FB002803DCE2D11AF0010FDFD0D4
:10DE7000BAF1390FD9D139238BF8003033461E4619
:10DE8000013B16F8012C392A53D001321A700CE6E6
:10DE9000002A07DDBAF1390FEDD00AF101038BF842
:10DEA000003002E6059B059A03F801AC099B9342FA
:10DEB00029D0019900230A22484600F02BF9A845F1
:10DEC00001904FF000034FF00A024146484607D147
:10DED00000F020F980460546059B0133059375E760
:10DEE00000F018F92946804600230A22484600F02F
:10DEF00011F90546F0E7BBF1000FCCBF5E460126E5
:10DF00003E444FF0000801990122484600F0AEFA65
:10DF10002146019000F016FB0028AFDC02D11AF078
:10DF2000010FABD133461E4613F8012D302AFAD02B
:10DF3000BBE59F42A3D1049B0133049331233B7083
:10DF4000B3E51D9B164F1BB107F108031D9A136023
:10DF5000384611B0BDEC028BBDE8F08F079B012B5A
:10DF60007FF736AE0A9B0B93012056E6BBF1000FFC
:10DF70007FF7D7AE3E4601982146FFF735FA00F10C
:10DF8000300A06F801ABF21B9345B4DD019900237A
:10DF90000A22484600F0BEF80190ECE74201020870
:10DFA000DD0002080148FFF700BA00BF2043022449
:10DFB0000148FFF7FBB900BF2043022438B50546EE
:10DFC000002941D051F8043C0C1F002BB8BFE418C5
:10DFD000FEF768F81D4A136833B963601460284679
:10DFE000BDE83840FEF764B8A34208D9206821187C
:10DFF0008B4201BF19685B6809182160EDE71A467A
:10E000005B680BB1A342FAD911685018A0420BD13A
:10E0100020680144501883421160E0D118685B68A1
:10E02000536008441060DAE702D90C232B60D6E76E
:10E03000206821188B4204BF19685B68636004BFC5
:10E04000091821605460CAE738BD00BFDC410224D2
:10E0500070B5C66904460D4676B91020FDF770FF0D
:10E060000246E06120B9184B18486B21FDF7D4FE39
:10E07000C0E901660660C660E669F36883B1E369DA
:10E08000DB6853F82500B8B9012101FA05F6721DC5
:10E0900092002046FDF7E6FE60B1C0E901560EE0B1
:10E0A000212204212046FDF7DDFEE369F060DB68F4
:10E0B000002BE4D1002070BD026843F82520002326
:10E0C000C0E90333F7E700BF39FF01085301020835
:10E0D00070B5C66905460C4676B91020FDF730FFCD
:10E0E0000246E86120B9094B09488F21FDF794FEEB
:10E0F000C0E901660660C6603CB1EB696268DB6836
:10E1000053F82210216043F8224070BD39FF010806
:10E11000530102082DE9F0410D6907460C461E46E1
:10E1200001F1140C0020DCF8003099B202FB01610F
:10E130001E0C0B0C02FB063389B2013001EB0341CC
:10E1400085424CF8041B4FEA1346ECDC0EB3A3687F
:10E15000AB4219DC616838460131FFF779FF804630
:10E1600028B902460C4B0D48BA21FDF755FE22692D
:10E17000023204F10C0192000C30FFF720F9214625
:10E180003846FFF7A5FF444604EB850301355E6181
:10E1900025612046BDE8F0814201020853010208D2
:10E1A000B0F5803F034636BF030400201020B3F1D2
:10E1B000807F3CBF1B020830B3F1805F3CBF1B0176
:10E1C0000430B3F1804F3CBF9B000230002B05DBD5
:10E1D00013F0804F00F1010008BF20207047036852
:10E1E000024613F007000BD0D90721D4980749BF86
:10E1F0005B089B08012013605CBF1360022070471E
:10E2000099B209B91B0C1020D9B209B908301B0A00
:10E21000190704BF1B090430990704BF9B0802308B
:10E22000D90703D45B0800F1010003D013607047E5
:10E23000002070472020704710B50C460121FFF7E1
:10E2400007FF024628B9054B054840F24511FDF786
:10E25000E3FD01234461036110BD00BF42010208D8
:10E26000530102082DE9F04F14460A6923699A42C6
:10E27000A8BF23460F46A4BF0C461F46D4F810A0E3
:10E28000D7F81090A36861680AEB0906B34285B01D
:10E29000B8BF0131FFF7DCFE30B90246444B4548B8
:10E2A0004FF4B171FDF7B8FD00F1140505EB8608D8
:10E2B0002B460022434521D307F1140104F1140237
:10E2C00002EB8A0201EB89030293131B153B23F037
:10E2D0000303043304F11507BA4238BF0423019342
:10E2E000029B03918B420CD8002E03DD58F8043DAD
:10E2F000002B5BD0066105B0BDE8F08F43F8042B1E
:10E30000D8E7B1F800A0BAF1000F24D004F1140E40
:10E31000A9464FF0000C5EF8047BD9F800301FFAD4
:10E3200087FB9BB20AFB0B334FEA174BD9F80070FF
:10E3300063444FEA174C0AFB0BC707EB13479BB22A
:10E3400043EA0743724549F8043B4FEA174CE2D8C9
:10E35000019B45F803C0039BB3F802900431B9F167
:10E36000000F21D02B6804F1140CAE464FF0000AC8
:10E37000BCF800B0BEF8027009FB0B7757449BB2A3
:10E3800043EA07434EF8043B5CF8043B4FEA134A68
:10E39000BEF8003009FB0A3303EB174362454FEA2E
:10E3A000134AE5D8019FEB51043599E7013E9BE7FD
:10E3B00042010208530102082DE9F843154612F004
:10E3C000030207460E4607D0254C013A002354F8B5
:10E3D0002220FFF79FFE0646AD103DD0FC697CB9B8
:10E3E0001020FDF7ADFD0246F86128B91D4B1E480F
:10E3F00040F2B311FDF710FDC0E901440460C460B0
:10E40000D7F81C80D8F808404CB940F27121384642
:10E41000FFF712FF0023C8F80800044603604FF01E
:10E420000009EB070AD5314622463846FFF71AFFA6
:10E43000314680463846FFF74BFE46466D100BD0FE
:10E44000206838B9224621463846FFF70BFF206086
:10E45000C0F800900446E4E73046BDE8F88300BF0A
:10E46000AC01020839FF0108530102082DE9F04709
:10E470000C464968236903EB6218A3680746914676
:10E480004FEA621A08F10106B3420BDB3846FFF788
:10E49000DFFD054648B90246284B29484FF4EF7185
:10E4A000FDF7BAFC01315B00EEE7002300F1140137
:10E4B00000F110021846534533DB20692AEAEA7A54
:10E4C00004F1140319F01F0901EB8A0103EB800C1E
:10E4D0002BD0C9F1200E8A460022186800FA09F0F4
:10E4E00010434AF8040B53F8042B9C4522FA0EF211
:10E4F000F3D8ACEB0403153B23F00303043304F11E
:10E500001500844538BF0423CA500AB108F1020639
:10E51000013E38462E612146FFF7DAFD2846BDE868
:10E52000F08742F8040F0133C5E7043953F8042B90
:10E5300041F8042F9C45F9D8EAE700BF42010208E0
:10E54000530102080A6903460069801A30B50ED1EA
:10E550001433143103EB820401EB820154F8045D9F
:10E5600051F8042D954203D005D24FF0FF3030BD55
:10E57000A342F3D3FBE70120F9E700002DE9F74FB1
:10E5800089460646114648461446FFF7DBFF051E3E
:10E5900012D129463046FFF75BFD024628B93F4BB2
:10E5A00040F237213E48FDF737FC0123C0E904352E
:10E5B000104603B0BDE8F08FBCBF4B46A1463046C5
:10E5C000D9F80410BABF1C4601250025FFF740FD0D
:10E5D000024618B9314B40F24521E3E7D9F81070F3
:10E5E0002669C56009F1100309F1140504F1140E40
:10E5F00000F1140B05EB87080EEB86060193D94654
:10E600004FF0000C019B5EF8040B53F804AF01932C
:10E610001FFA8AF3194683B2CB1A000C6344C0EB8D
:10E620001A4000EB23409BB243EA0043764549F889
:10E63000043B4FEA204CE5D8331B153B23F0030382
:10E6400015340433A64238BF04231D445B441E46E0
:10E650002C4644450ED308F10301491B21F0030168
:10E66000033DA84538BF00210B4453F8041D91B168
:10E6700017619DE754F8041BE646080C1CFA81FC60
:10E68000714400EB2C4089B241EA004146F8041B7A
:10E690004FEA204CDDE7013FE7E700BF42010208F7
:10E6A000530102082DE9F7430F46012159EC108B65
:10E6B0001646FFF7CDFC044630B90246234B2448EA
:10E6C00040F20F31FDF7A8FBC9F30A55C9F3130354
:10E6D0000DB143F480130193B8F1000323D06846D1
:10E6E0000093FFF77CFDDDE90012D0B1C0F12003FB
:10E6F00002FA03F30B43C24063610192019BA361E1
:10E70000002B0CBF012202222261A5B1A5F23345E4
:10E7100005443D60C0F135003060204603B0BDE8DF
:10E72000F0836161EAE701A8FFF759FD019B63618E
:10E7300020300122E8E704EB8203A0F23240386087
:10E740001869FFF72DFDC0EB4210E5E74201020812
:10E750005301020851F8043C181F002BBCBF0B5892
:10E76000C01870472DE9F0478E681F46BE420B68FF
:10E7700082460C4690462DD8B1F90C2012F4906FC9
:10E7800026D06569096905EB4505A3EB010905EB91
:10E79000D5757B1C4B446D109D4238BF1D465305FB
:10E7A00027D52946FDF7FEFB064660B321694A4698
:10E7B000FEF705FEA38923F4906343F08003A38151
:10E7C000266165614E44A5EB09052660A5603E46BD
:10E7D000BE4200D93E46206832464146FEF7B2FCB2
:10E7E000A3689B1BA3602368334423600020BDE81B
:10E7F000F0872A46FDF7D6FC06460028E0D12169BD
:10E800005046FFF7DBFB0C23CAF80030A38943F026
:10E810004003A3814FF0FF30E9E700002DE9F04FFE
:10E8200098468B891B069DB007460D46144610D5A9
:10E830000B6973B94021FDF7B5FB2860286130B939
:10E840000C233B604FF0FF301DB0BDE8F08F40233C
:10E850006B610023099320238DF82930CDF80C80BB
:10E860003023DFF89C818DF82A304FF001092346D0
:10E870009A4613F8012B0AB1252AF9D1BAEB040BF9
:10E880000BD05B46224629463846FFF76BFF013026
:10E8900000F0A780099A5A4409929AF80030002B98
:10E8A00000F09F8000234FF0FF32CDE905230AF1ED
:10E8B000010A049307938DF853301A9354460522A6
:10E8C00014F8011B4E48E1F71BFD049AD8B9D00695
:10E8D00044BF20238DF85330110744BF2B238DF8FC
:10E8E00053309AF800302A2B15D0079A544600204E
:10E8F0004FF00A0C214611F8013B303B092B4BD954
:10E90000B0B1079214E0A0EB080309FA03F3134334
:10E910000493A246D2E7039B191D1B680391002BA9
:10E92000BBBF5B4242F0020207930793B8BF049259
:10E9300023782E2B0AD163782A2B32D1039B1A1D00
:10E940001B68039243EAE37302340593DFF8C0A027
:10E95000217803225046E1F7D3FC38B1049BA0EBA9
:10E960000A004022824013430134049314F8011B2F
:10E9700024488DF828100622E1F7C2FC002836D082
:10E98000214B1BBB039B073323F00703083303937F
:10E99000099B334409936AE70CFB02320C460120C1
:10E9A000A8E700230134059319464FF00A0C2046CE
:10E9B00010F8012B303A092A03D9002BC6D0059153
:10E9C000C4E70CFB012104460123F0E703AB0093ED
:10E9D0002A460E4B04A93846FDF71AFD421C06468E
:10E9E000D6D1AB895B063FF52DAF09982CE703AB79
:10E9F00000932A46054B04A93846FDF791FFEDE741
:10EA0000A8020208B202020811C4010865E7010861
:10EA1000AE0202089368013B002B10B4936008DA41
:10EA20009469A34201DB0A2903D15DF8044BFEF788
:10EA3000E5BA1368581C1060197008465DF8044B5D
:10EA40007047F8B506460F461446D518AC4201D1BA
:10EA5000002007E014F8011B3A463046FFF7DAFFC2
:10EA6000431CF3D1F8BD00002DE9F04F0D469DB0D9
:10EA700014469846064618B1036A0BB9FEF7FCF82F
:10EA80006B6ED90705D4AB899A0502D4A86DFEF741
:10EA90008CFCAB891B0701D52B699BB929463046F5
:10EAA000FEF7EAFA70B16B6EDC0704D54FF0FF3069
:10EAB0001DB0BDE8F08FAB899805F7D4A86DFEF7BF
:10EAC00075FCF3E70023099320238DF82930CDF856
:10EAD0000C803023DFF8AC818DF82A304FF001092B
:10EAE00023469A4613F8012B0AB1252AF9D1BAEB2D
:10EAF000040B0BD05B46224629463046FFF7A1FFA8
:10EB0000013000F0A780099A5A4409929AF800301F
:10EB1000002B00F09F8000234FF0FF32CDE905234A
:10EB20000AF1010A049307938DF853301A9354465F
:10EB3000052214F8011B5348E1F7E2FB049AD8B907
:10EB4000D10644BF20238DF85330130744BF2B2335
:10EB50008DF853309AF800302A2B15D0079A544676
:10EB600000204FF00A0C214611F8013B303B092BE5
:10EB70004BD9B0B1079214E0A0EB080309FA03F3F4
:10EB800013430493A246D2E7039B191D1B6803910C
:10EB9000002BBBBF5B4242F0020207930793B8BF52
:10EBA000049223782E2B0AD163782A2B32D1039B2F
:10EBB0001A1D1B68039243EAE37302340593DFF8DE
:10EBC000D4A0217803225046E1F79AFB38B1049B88
:10EBD000A0EB0A004022824013430134049314F84E
:10EBE000011B29488DF828100622E1F789FB00282F
:10EBF0003FD0264B1BBB039B073323F0070308338F
:10EC00000393099B3B4409936AE70CFB02320C46D1
:10EC10000120A8E700230134059319464FF00A0CA0
:10EC2000204610F8012B303A092A03D9002BC6D010
:10EC30000591C4E70CFB012104460123F0E703AB77
:10EC400000932A46124B04A93046FDF7E1FB074624
:10EC5000781CD6D16B6ED90705D4AB899A0502D43E
:10EC6000A86DFEF7A3FBAB895B063FF51FAF0998C4
:10EC70001EE703AB00932A46054B04A93046FDF777
:10EC80004FFEE4E7A8020208B202020811C401081C
:10EC900043EA0108AE020208B1F90C202DE9F04167
:10ECA000160705460C4654D44B68002B02DC0B6C4F
:10ECB000002B48DDE66A002E45D0002312F4805276
:10ECC0002F68216A2B6030D0626DA389590705D562
:10ECD0006368D21A636B0BB1236CD21A0023E66A05
:10ECE000216A2846B047431CA38906D129681D29FB
:10ECF0002BD82A4A0A41D60727D400226260D904B9
:10ED00002269226004D5421C01D12B6803B96065D9
:10ED1000616B2F60B9B104F14403994202D02846D7
:10ED2000FFF74CF9002363630DE001232846B04749
:10ED30000246501CC9D12B68002BC6D01D2B01D018
:10ED4000162B1ED12F60002022E043F040031BB29F
:10ED50001BE00F69002FF6D093070E6808BF4B69C0
:10ED60000F6018BF0023A6EB07088B60B8F1000FF7
:10ED7000E9DD216AA66A43463A462846B04700289C
:10ED800008DCB4F90C3043F04003A3814FF0FF30AE
:10ED9000BDE8F0810744A8EB0008E7E7FEFFBFDF0E
:10EDA00038B50B6905460C4613B90025284638BD11
:10EDB00018B1036A0BB9FDF75FFFB4F90C30002BF3
:10EDC000F3D0626ED00704D4990502D4A06DFEF78B
:10EDD000ECFA28462146FFF75FFF636EDA07054627
:10EDE000E4D4A3899B05E1D4A06DFEF7DFFADDE74B
:10EDF00070B50C46B1F90E10002996B015461E46A6
:10EE00000DDAA38913F0800F4FF0000114BF4023E7
:10EE10004FF48063002031602B6016B070BD6A46ED
:10EE200000F078F80028ECDB019901F47041A1F5BD
:10EE30000053594259414FF48063EBE78B89F7B592
:10EE40009D0706460C4607D504F14703236023615E
:10EE50000123636103B0F0BD01AB6A46FFF7C8FF51
:10EE6000009F054639463046FDF79CF848B9B4F98D
:10EE70000C309A05EED423F0030343F00203A38180
:10EE8000E2E7A389206043F08003A381019BC4E9EA
:10EE900004075BB1B4F90E10304600F04DF828B10C
:10EEA000A38923F0030343F00103A381A3891D4336
:10EEB000A581CFE71F2938B505460C4604D916238E
:10EEC00003604FF0FF3038BDC26B12B152F82130F1
:10EED0004BB9284600F052F8224601462846BDE8C4
:10EEE000384000F039B8012B0AD0591C03D1162341
:10EEF00003600120E7E7002142F8241020469847EC
:10EF00000020E0E7024B01461868FFF7D3BF00BFBF
:10EF10003C04002438B5074D00230446084611463A
:10EF20002B60E2F725FF431C02D12B6803B123605D
:10EF300038BD00BF1C43022438B5064D00230446EB
:10EF400008462B60E2F724FF431C02D12B6803B173
:10EF5000236038BD1C43022438B5074D0023044606
:10EF6000084611462B60E2F7BFFE431C02D12B6816
:10EF700003B1236038BD00BF1C430224E2F7ACBEDE
:10EF800082B001B901A942B14BB113780B6012787C
:10EF9000101E18BF012002B070471046FBE76FF04B
:10EFA0000100F8E70346084641B1FF2A04D98A2246
:10EFB0001A604FF0FF3070470A7001207047000060
:10EFC000F8B500BFF8BC08BC9E467047F8B500BF56
:08EFD000F8BC08BC9E46704726
:10EFD8007374617274204150502048616E646C658E
:10EFE800000000004572726F72206F6E206C696EAF
:10EFF800652025643A2025642E2041626F72746969
:10F008006E672E0A000000004572726F72206F6EE4
:10F018002064656661756C7420616C6C6F636174E3
:10F028006F727320286C696E65202564290A0000B8
:10F038006C617365725F6672616D65004661696CCB
:10F048006564206F6E206C696E652025643A202502
:10F05800642E20436F6E74696E75696E672E0A00A0
:10F06800524F5320446F6D61696E2049443A2564BC
:10F078000A0000005265636F6E6E656374696E679F
:10F08800206167656E742E2E2E0000005374617225
:10F09800742059425F4578616D706C655F4E6F648E
:10F0A8006500000059425F4578616D706C655F4E80
:10F0B8006F6465007363616E0000000065786563C6
:10F0C80075746F725F636F756E743A25640A000019
:10F0D800524F53205461736B20456E64000000004A
:10F0E800526573746172742053797374656D21214C
:10F0F8002100000064656661756C745461736B006F
:10F108006D795461736B526F730000006D795461AF
:10F11800736B4C6964617200736563006E616E6F36
:10F12800736563006275696C74696E5F696E746596
:10F138007266616365735F5F6D73670054696D65BF
:10F14800000000006865616465720000616E676CAC
:10F15800655F6D696E000000616E676C655F6D616B
:10F1680078000000616E676C655F696E6372656D3B
:10F17800656E740074696D655F696E6372656D654F
:10F188006E7400007363616E5F74696D65000000E2
:10F1980072616E67655F6D696E00000072616E670F
:10F1A800655F6D617800000072616E6765730000CD
:10F1B800696E74656E7369746965730073656E73DF
:10F1C8006F725F6D7367735F5F6D73670000000038
:10F1D8004C617365725363616E0000007374616DF6
:10F1E800700000006672616D655F69640000000070
:10F1F8007374645F6D7367735F5F6D73670000009E
:10F20800486561646572000049444C45000000008F
:10F21800546D722053766300546D725100000000E3
:10F22800047DC12502000000FFD7F2320000000073
:10F2380058524345010F0000FFFE0000FCF0010892
:10F2480000000000000000000000000000000000B6
:10F25800D0070000080000000000000000000000C7
:10F2680008F1010800000000000000000000000094
:10F2780000000000E02E0000180000000000000060
:10F288000000000014F10108000000000000000068
:10F298000000000000000000D00700001900000076
:10F2A800000000000000000000000000010203044C
:10F2B80001020304060708090006101600061016C6
:10F2C800010002000400060008000A000C001000FB
:10F2D8002000400080000001010101030701000037
:10F2E80008040204080101012CF1010844F1010895
:10F2F8000200000008000000180000241DB90008E2
:10F3080037B90008C4F10108D8F101080A00000063
:10F31800480000009C00002427BA000841BA0008F1
:10F32800F8F1010808F201080200000014000000CA
:10F3380000030024C9BC0008E3BC0008000000006A
:10F3480000000000000000000000000000000000B5
:10F3580000000000000000000000000000000000A5
:10F368000000000000000000000000000000000095
:10F378000000000000000000000000000000000085
:10F388000000000000000000000000000000000075
:10F398000000000000000000000000000000000065
:10F3A8000000000000000000000000000000000055
:10F3B8000000000000000000000000000000000045
:10F3C8000000000000000000000000000000000035
:10F3D800010000000A000000010200000000000017
:10F3E8000000000000000000000000000000000015
:10F3F8000000000000000000000000000000000005
:10F4080000000000000000000000000000000000F4
:10F4180000000000000000000000000000000000E4
:10F42800524F535F4C4F43414C484F53545F4F4EDC
:10F438004C5900002E0000002F0000002F257300FB
:10F44800257325730000000025732F257300000025
:10F4580000000000000000000000000000000000A4
:10F46800010000000A000000010200000000000086
:10F478000000000000000000000000000000000084
:10F488000000000000000000000000000000000074
:10F498000000000000000000000000000000000064
:10F4A8000000000000000000000000000000000054
:10F4B800524F535F53454355524954595F454E4146
:10F4C800424C45007472756500000000524F535F4E
:10F4D80053454355524954595F5354524154454733
:10F4E80059000000456E666F72636500656E636C57
:10F4F8006176657300000000524F535F53454355D2
:10F50800524954595F4B455953544F5245000000D6
:10F51800524F535F53454355524954595F454E43E3
:10F528004C4156455F4F56455252494445000000EC
:10F538000000000072636C5F76616C6964617465D9
:10F548005F656E636C6176655F6E616D655F776937
:10F5580074685F73697A6528293A20756E6B6E6FD7
:10F56800776E20726D775F76616C69646174655F30
:10F578006E616D6573706163655F776974685F73E9
:10F58800697A65282920726573756C74202725644B
:10F59800270000000000000000000000000000003C
:10F5A8000000000000000000000000000000000053
:10F5B8000000000000000000000000000000000043
:10F5C8000000000000000000000000000000000033
:10F5D8000000000000000000000000006172677574
:10F5E8006D656E7420656E765F6E616D65206973FA
:10F5F800206E756C6C000000617267756D656E74C5
:10F6080020656E765F76616C7565206973206E750E
:10F618006C6C000065000000726F7369646C5F7445
:10F62800797065737570706F72745F6D6963726FEE
:10F63800787263656464735F630000003A3A00009F
:10F64800257325732573257325732573257300008A
:10F658005F0000006464730072740000726D775F6D
:10F6680076616C69646174655F6E616D6573706104
:10F67800636528293A20756E6B6E6F776E20726D00
:10F68800775F76616C69646174655F66756C6C5FE1
:10F69800746F7069635F6E616D6528292072657388
:10F6A800756C74202725642700000000756E6B6E4A
:10F6B8006F776E20726573756C7420636F64652054
:10F6C800666F7220726D77206E616D65737061630D
:10F6D800652076616C69646174696F6E0000000072
:10F6E8006E616D657370616365206D757374206EEE
:10F6F8006F7420626520656D707479006E616D6548
:10F708007370616365206D75737420626520616232
:10F71800736F6C7574652C206974206D7573742013
:10F728006C6561642077697468206120272F270041
:10F738006E616D657370616365206D757374206E9D
:10F748006F7420656E642077697468206120272FA4
:10F75800272C20756E6C657373206F6E6C79206131
:10F7680020272F27000000006E616D6573706163AC
:10F7780065206D757374206E6F7420636F6E74618D
:10F78800696E2063686172616374657273206F7457
:10F79800686572207468616E20616C7068616E754E
:10F7A8006D65726963732C20275F272C206F722088
:10F7B800272F27006E616D657370616365206D7515
:10F7C8007374206E6F7420636F6E7461696E20723B
:10F7D8006570656174656420272F27006E616D650B
:10F7E8007370616365206D757374206E6F74206823
:10F7F800617665206120746F6B656E207468617432
:10F808002073746172747320776974682061206E44
:10F81800756D6265720000006E616D65737061637D
:10F82800652073686F756C64206E6F7420657863EB
:10F838006565642027524D575F4E414D45535041F1
:10F8480043455F4D41585F4E414D455F4C454E47DE
:10F858005448270000000000E8F6010804F70108F2
:10F8680038F7010870F70108BCF70108E4F7010848
:10F8780020F80108756E6B6E6F776E207265737570
:10F888006C7420636F646520666F7220726D7720D8
:10F898006E6F6465206E616D652076616C69646168
:10F8A80074696F6E000000006E6F6465206E616D94
:10F8B80065206D757374206E6F7420626520656DA8
:10F8C800707479006E6F6465206E616D65206D756A
:10F8D8007374206E6F7420636F6E7461696E206339
:10F8E800686172616374657273206F7468657220F1
:10F8F8007468616E20616C7068616E756D6572699F
:10F908006373206F7220275F270000006E6F6465A5
:10F91800206E616D65206D757374206E6F74207331
:10F928007461727420776974682061206E756D62E5
:10F93800657200006E6F6465206E616D65206C6590
:10F948006E6774682073686F756C64206E6F7420BE
:10F958006578636565642027323535270000000027
:10F9680000000000B0F80108CCF8010814F90108FB
:10F978003CF90108556E65787065637465642063A9
:10F988006F6E646974696F6E3A20737472696E671A
:10F9980020636170616369747920776173207A6587
:10F9A800726F20666F7220616C6C6F63617465643E
:10F9B8002064617461212045786974696E672E0A34
:10F9C80000000000556E6578706563746564206397
:10F9D8006F6E646974696F6E3A20737472696E67CA
:10F9E8002073697A6520776173206E6F6E2D7A6552
:10F9F800726F20666F72206465616C6C6F636174EE
:10FA080065642064617461212045786974696E6752
:10FA18002E0A0000556E657870656374656420620F
:10FA280065686176696F723A20737472696E6720CF
:10FA3800636170616369747920776173206E6F6E9A
:10FA48002D7A65726F20666F72206465616C6C6FC9
:10FA58006361746564206461746121204578697408
:10FA6800696E672E0A000000726F7369646C5F74B8
:10FA7800797065737570706F72745F696E74726F88
:10FA88007370656374696F6E5F63000073656E738E
:10FA98006F725F6D73677300726F7369646C5F7404
:10FAA800797065737570706F72745F696E74726F58
:10FAB8007370656374696F6E5F635F5F6765745FBA
:10FAC8006D6573736167655F747970655F73757071
:10FAD800706F72745F68616E646C655F5F73656E8A
:10FAE800736F725F6D7367735F5F6D73675F5F4C92
:10FAF800617365725363616E00000000726F736911
:10FB0800646C5F74797065737570706F72745F6D13
:10FB18006963726F787263656464735F635F5F675C
:10FB280065745F6D6573736167655F747970655F30
:10FB3800737570706F72745F68616E646C655F5F17
:10FB480073656E736F725F6D7367735F5F6D7367F5
:10FB58005F5F4C617365725363616E0070FA0108F0
:10FB680020F601080200000094FA010864FB01086D
:10FB780080FB0108A0030024A0FA010804FB010887
:10FB880073656E736F725F6D7367733A3A6D7367FF
:10FB9800000000004C617365725363616E000000E1
:10FBA8007374645F6D7367733A3A6D73670000002E
:10FBB80048656164657200006275696C74696E5F9E
:10FBC800696E74657266616365733A3A6D7367004E
:10FBD80054696D65000000000000C1C081C140018A
:10FBE80001C3C003800241C201C6C006800741C7E5
:10FBF8000005C1C581C4400401CCC00C800D41CDB5
:10FC0800000FC1CF81CE400E000AC1CA81CB400B84
:10FC180001C9C009800841C801D8C018801941D954
:10FC2800001BC1DB81DA401A001EC1DE81DF401FE4
:10FC380001DDC01D801C41DC0014C1D481D54015F4
:10FC480001D7C017801641D601D2C012801341D304
:10FC58000011C1D181D0401001F0C030803141F194
:10FC68000033C1F381F240320036C1F681F74037E4
:10FC780001F5C035803441F4003CC1FC81FD403DB4
:10FC880001FFC03F803E41FE01FAC03A803B41FB84
:10FC98000039C1F981F840380028C1E881E94029D4
:10FCA80001EBC02B802A41EA01EEC02E802F41EFE4
:10FCB800002DC1ED81EC402C01E4C024802541E5F4
:10FCC8000027C1E781E640260022C1E281E3402304
:10FCD80001E1C021802041E001A0C060806141A114
:10FCE8000063C1A381A240620066C1A681A74067E4
:10FCF80001A5C065806441A4006CC1AC81AD406DB4
:10FD080001AFC06F806E41AE01AAC06A806B41AB83
:10FD18000069C1A981A840680078C1B881B9407953
:10FD280001BBC07B807A41BA01BEC07E807F41BFE3
:10FD3800007DC1BD81BC407C01B4C074807541B5F3
:10FD48000077C1B781B640760072C1B281B3407303
:10FD580001B1C071807041B00050C1908191405193
:10FD68000193C053805241920196C05680574197E3
:10FD78000055C19581944054019CC05C805D419DB3
:10FD8800005FC19F819E405E005AC19A819B405B83
:10FD98000199C059805841980188C04880494189D3
:10FDA800004BC18B818A404A004EC18E818F404FE3
:10FDB800018DC04D804C418C0044C18481854045F3
:10FDC8000187C047804641860182C0428043418303
:10FDD8000041C18181804040000000000000000017
:10FDE800000000000000000000000000C1A10108A0
:10FDF800C5A101080000000000000000000000008C
:10FE080000000000C5A10108C9A10108CDA1010891
:10FE1800000000000000000000000000C9A1010867
:10FE2800CDA10108D1A101080000000000000000D8
:10FE380000000000000000000000000000000000BA
:10FE480000000000000000000000000000000000AA
:10FE5800000000000000000000000000000000009A
:10FE6800000000000000000000000000000000008A
:10FE7800000000000000000000000000000000007A
:10FE88000000000000000000524F535F444F4D41F6
:10FE9800494E5F494400000025732F2573257300E0
:10FEA8007B6E6F64657D00007B6E737D00000000D3
:10FEB8007B6E616D6573706163657D000000000095
:10FEC8000000000063647200726D775F6D69637291
:10FED8006F7872636564647300000000D0FE0108E7
:10FEE800726F7369646C5F74797065737570706F25
:10FEF80072745F63002C2066756E6374696F6E3A66
:10FF08002000617373657274696F6E2022257322F5
:10FF1800206661696C65643A2066696C65202225F3
:10FF280073222C206C696E65202564257325730A5D
:10FF3800005245454E54206D616C6C6F632073759B
:10FF480063636565646564002F6275696C642F6717
:10FF58006E752D746F6F6C732D666F722D73746D63
:10FF680033325F31322E332E72656C312E3230329D
:10FF780034303631322D313331352F7372632F6E71
:10FF880065776C69622F6E65776C69622F6C696240
:10FF9800632F7374646C69622F72616E642E6300E0
:10FFA8000020202020202020202028282828282041
:10FFB8002020202020202020202020202020202039
:10FFC80020881010101010101010101010101010A1
:10FFD8001004040404040404040404101010101091
:10FFE800101041414141414101010101010101015B
:08FFF8000101010101010101F9
:020000040802F0
:100000000101010110101010101042424242424200
:1000100002020202020202020202020202020202C0
:100020000202020210101010200000000000000068
:1000300000000000000000000000000000000000C0
:1000400000000000000000000000000000000000B0
:1000500000000000000000000000000000000000A0
:100060000000000000000000000000000000000090
:100070000000000000000000000000000000000080
:100080000000000000000000000000000000000070
:100090000000000000000000000000000000000060
:1000A000000000000000000000494E4600696E6636
:1000B000004E414E006E616E0030003031323334FC
:1000C00035363738394142434445460030313233C2
:1000D00034353637383961626364656600496E6667
:1000E000696E697479004E614E002F6275696C64A7
:1000F0002F676E752D746F6F6C732D666F722D7315
:10010000746D33325F31322E332E72656C312E3284
:10011000303234303631322D313331352F73726312
:100120002F6E65776C69622F6E65776C69622F6CD4
:100130006962632F7374646C69622F64746F612EDB
:10014000630042616C6C6F63207375636365656403
:100150006564002F6275696C642F676E752D746F0E
:100160006F6C732D666F722D73746D33325F313225
:100170002E332E72656C312E3230323430363132BD
:100180002D313331352F7372632F6E65776C696251
:100190002F6E65776C69622F6C6962632F7374646C
:1001A0006C69622F6D707265632E6300050000003C
:1001B000190000007D0000000080E03779C3414352
:1001C000176E05B5B5B89346F5F93FE9034F384DBD
:1001D000321D30F94877825A3CBF737FDD4F157569
:1001E000000000000000F03F00000000000024407C
:1001F00000000000000059400000000000408F4057
:10020000000000000088C34000000000006AF840C1
:100210000000000080842E4100000000D0126341E5
:100220000000000084D797410000000065CDCD415B
:10023000000000205FA00242000000E8764837423C
:10024000000000A2941A6D42000040E59C30A242DA
:100250000000901EC4BCD64200003426F56B0C434F
:100260000080E03779C3414300A0D88557347643F6
:1002700000C84E676DC1AB43003D9160E458E14357
:10028000408CB5781DAF154450EFE2D6E41A4B44CC
:1002900092D54D06CFF08044F64AE1C7022DB54411
:1002A000B49DD9794378EA44232D302B2000686C23
:1002B0004C00656667454647004300504F53495818
:0402C000002E00000C
:0802C4001C00FE7F0100000098
:0802CC00C502000811470108FA
:0402D400A10200087B
:1002D8001E000000D84800240090D0030090D003EE
:1002E800100000000100000020F101080D000000CE
:1002F80000000000000000000000000000000000F6
:1003080000000000000000000000000000000000E5
:1003180000000000000000000000000000000000D5
:100328000000000024F101080C000000000000009B
:1003380000000000000000000000000000000000B5
:1003480004000000000000000000000000000000A1
:100358000000000000000000000000000000000095
:1003680000000000F0F20108CD4501084CF1010839
:100378001200000000000000000000000000000063
:100388000000000000000000000000000000000065
:100398000000000000000000000000000000000055
:1003A800000000000000000054F1010801000000F6
:1003B8000000000000000000000000000000000035
:1003C8000000000014000000000000000000000011
:1003D8000000000000000000000000000000000015
:1003E8000000000060F101080100000000000000AA
:1003F80000000000000000000000000000000000F5
:1004080018000000000000000000000000000000CC
:1004180000000000000000000000000000000000D4
:100428006CF101080100000000000000000000005D
:100438000000000000000000000000001C00000098
:1004480000000000000000000000000000000000A4
:100458000000000000000000000000007CF101081E
:100468000100000000000000000000000000000083
:100478000000000000000000200000000000000054
:100488000000000000000000000000000000000064
:1004980000000000000000008CF1010801000000CD
:1004A8000000000000000000000000000000000044
:1004B8000000000024000000000000000000000010
:1004C8000000000000000000000000000000000024
:1004D8000000000098F10108010000000000000081
:1004E8000000000000000000000000000000000004
:1004F80028000000000000000000000000000000CC
:1005080000000000000000000000000000000000E3
:10051800A4F1010801000000000000000000000034
:100528000000000000000000000000002C00000097
:1005380000000000000000000000000000000000B3
:10054800000000000000000000000000B0F10108F9
:100558000100000000000000000000000100000091
:100568000000000000000000300000000000000053
:1005780057BA000873BA000897BA0008BBBA00084F
:10058800E5BA00080FBB0008B8F101080100000037
:100598000000000000000000010000000000000052
:1005A800000000003C0000000000000035BB00080F
:1005B80051BB000875BB000899BB0008C3BB000805
:1005C800EDBB0008000000000CF30108CD45010850
:1005D800E4F1010812000000000000000000000023
:1005E8000000000000000000000000000000000003
:1005F80000000000000000000000000000000000F3
:10060800000000000000000000000000ECF10108FC
:1006180010000000000000000000000000000000C2
:1006280000000000000000000800000000000000BA
:1006380000000000000000000000000000000000B2
:1006480000000000000000000000000028F301087E
:10065800CD450108AAAAAAAA0D1F0108091F010869
:10066800051F0108011F01080000000070FA0108B9
:1006780015BC0008CD490108000000006CFB01080A
:10068800FDAE010820F60108C0030024CD4501088D
:1006980088FB01089CFB0108D1480108ED470108C7
:1006A800E1470108D9470108B949010820F60108BE
:1006B800E8030024CD450108A8FB0108B8FB0108A0
:1006C8007D4A0108154A0108C54A0108F14901088F
:1006D800D549010820F6010810040024CD45010879
:1006E800C0FB0108D8FB0108454B0108294B01084C
:1006F800654B0108014B0108854B0108E8FE01081C
:100708000000000003000000E0410224400400242F
:1007180000000000E041022448420224B0420224C2
:1007280000000000000000000000000000000000C1
:1007380000000000000000000000000000000000B1
:1007480000000000000000000000000000000000A1
:10075800000000000000000000000000430000004E
:100768000000000000000000000000000000000081
:10077800000000000000000000000000430000002E
:100788000000000000000000000000000000000061
:10079800000000000000000000000000430000000E
:1007A8000000000000000000000000000000000041
:1007B80000000000000000000000000043000000EE
:1007C8000000000000000000000000000000000021
:1007D80000000000000000000000000043000000CE
:1007E8000000000000000000000000000000000001
:1007F80000000000000000000000000043000000AE
:1008080000000000000000000000000000000000E0
:10081800000000000000000000000000430000008D
:1008280000000000000000000000000000000000C0
:10083800000000000000000000000000A5EF010813
:1008480081EF010800000000A8FF0108C1020208AA
:1008580038FF010838FF010838FF010838FF010890
:1008680038FF010838FF010838FF010838FF010880
:1008780038FF0108FFFFFFFFFFFFFFFFFFFFFFFF3C
:10088800FFFF0000010041534349490000000000F8
:100898000000000000000000000000000000000050
:1008A80000000000000041534349490000000000D7
:1008B8000000000000000000000000000000000030
:0808C800000000000000000028
:040000050800253595
:00000001FF
