:020000040800F2
:1000000000000824051C0008951500089D1500082F
:10001000A5150008AD150008B51500080000000082
:10002000000000000000000000000000B1D6000841
:10003000BD1500080000000001D9000899B00008B3
:10004000551C0008551C0008551C0008551C0008CC
:10005000551C0008551C0008551C0008551C0008BC
:10006000551C0008551C0008551C0008CD1500083B
:10007000E1150008551C0008551C0008551C000817
:10008000551C0008551C0008551C0008551C00088C
:10009000551C0008551C0008551C0008551C00087C
:1000A000551C0008551C0008551C0008551C00086C
:1000B000551C0008551C0008551C0008551C00085C
:1000C000551C0008551C0008551C0008551C00084C
:1000D000551C0008F5150008551C0008551C0008A3
:1000E000551C0008551C000800000000551C0008A5
:1000F000551C0008551C0008551C0008551C00081C
:10010000551C0008551C0008551C0008551C00080B
:10011000551C0008551C0008551C0008091600084D
:10012000551C0008551C0008551C0008551C0008EB
:10013000551C0008551C0008551C0008551C0008DB
:1001400000000000000000000000000000000000AF
:10015000551C0008551C0008551C0008551C0008BB
:10016000551C0008551C0008551C0008551C0008AB
:10017000551C0008551C0008551C00080000000014
:10018000551C0008551C0008551C0008551C00088B
:10019000551C0008551C0008551C0008551C00087B
:1001A000551C0008551C0008551C0008551C00086B
:1001B000551C0008551C0008551C0008551C00085B
:1001C000551C0008551C0008551C0008551C00084B
:1001D000551C0008551C0008551C0008551C00083B
:1001E000551C0008551C0008551C0008551C00082B
:1001F000551C0008551C0008551C0008551C00081B
:10020000551C0008551C0008551C0008551C00080A
:10021000551C0008551C0008551C0008551C0008FA
:10022000551C0008551C0008551C00080000000063
:10023000551C0008551C000800000000551C000853
:10024000551C0008551C0008551C0008551C0008CA
:10025000551C0008551C0008551C0008551C0008BA
:10026000551C0008551C0008551C0008551C0008AA
:10027000551C0008551C0008551C00080000000013
:10028000551C0008551C0008551C00080000000003
:0802900000000000551C0008ED
:1002A00010B5054C237833B9044B13B10448AFF3B0
:1002B00000800123237010BD88020024000000008C
:1002C000B8E0010808B5034B1BB103490348AFF37D
:1002D000008008BD000000008C020024B8E0010886
:1002E00010F8012B11F8013B012A28BF9A42F7D0E0
:1002F000D01A70470000000000000000000000005D
:1003000001F0FF01102A2BDB10F0070F08D010F8C6
:10031000013B013A8B422DD010F0070F42B3F6D1CA
:10032000F0B441EA012141EA014122F007047FF0E3
:1003300000070023F0E80256083C85EA010586EA3A
:10034000010685FA47F5A3FA87F586FA47F6A5FA76
:1003500087F68EB9EED1F0BC01F0FF0102F0070282
:1003600032B110F8013B013A83EA010313B1F8D12D
:100370000020704701387047002D06BF354603380E
:10038000073815F0010F07D1013015F4807F02BF47
:10039000013015F4C03F0130F0BC0138704700BF98
:1003A000034613F8012B002AFBD1181A01387047B5
:1003B0007BB972B90029BEBF00204FF0004106E0B2
:1003C00008BF00281CBF6FF000414FF0FF3000F065
:1003D000B5B9ADF1080C6DE904CE002909DB002B9D
:1003E0001ADB00F04DF8DDF804E0DDE9022304B08B
:1003F0007047404261EB4101002B1BDB00F040F8ED
:10040000DDF804E0DDE9022304B0404261EB410184
:10041000524263EB43037047524263EB430300F0E5
:100420002FF8DDF804E0DDE9022304B0404261EB7F
:1004300041017047524263EB430300F021F8DDF8BD
:1004400004E0DDE9022304B0524263EB430370474A
:1004500053B94AB9002908BF00281CBF4FF0FF312B
:100460004FF0FF3000F06AB9ADF1080C6DE904CE31
:1004700000F006F8DDF804E0DDE9022304B070477F
:100480002DE9F047089D0C46002B4ED194468C4533
:100490008646B2FA82F262D94AB1C2F12003914093
:1004A00020FA03F30CFA02FC194300FA02FE4FEAA9
:1004B0001C471FFA8CF6B1FBF7F44FEA1E4307FB0B
:1004C000141143EA014304FB06F199420AD91CEBDB
:1004D000030304F1FF3080F01281994240F20F8152
:1004E000023C6344591A1FFA8EF3B1FBF7F007FB85
:1004F000101143EA014300FB06F69E420AD91CEBA9
:10050000030300F1FF3180F0FC809E4240F2F9804D
:10051000634402389B1B40EA044000211DB1D340D4
:100520000022C5E90032BDE8F0878B4205D90DB144
:10053000C5E9000100210846F5E7B3FA83F1002977
:1005400046D1A34202D39042C0F0F080861A64EBF9
:1005500003030120002DE6D0C5E90063E3E7002A8C
:1005600040F09080A1EB0C044FEA1C481FFA8CF776
:100570000121B4FBF8F64FEA1E4308FB164443EA98
:10058000044307FB06F0984208D91CEB030306F16D
:10059000FF3402D2984200F2CD8026461C1A1FFA80
:1005A0008EF3B4FBF8F008FB104443EA044300FB6D
:1005B00007F79F4208D91CEB030300F1FF3402D276
:1005C0009F4200F2B0802046DB1B40EA0640A5E7D0
:1005D000C1F120068B4022FA06F71F4320FA06FCE1
:1005E00004FA01F343EA0C03F44000FA01F8380C72
:1005F0004FEA1349B4FBF0FE1FFA87FC00FB1E44D0
:1006000049EA04440EFB0CF9A14502FA01F20AD9A9
:100610003C190EF1FF3A80F08480A14540F28180C0
:10062000AEF1020E3C44A4EB09041FFA83F9B4FBBB
:10063000F0F300FB134449EA044403FB0CFCA4451B
:1006400007D93C1903F1FF3067D2A44565D9023BB5
:100650003C4443EA0E40A0FB0293A4EB0C049C42F2
:10066000CE469C4651D34ED055B1B8EB0E0364EB49
:100670000C0404FA06F6CB401E43CC40C5E90064E6
:10068000002150E7C2F1200320FA03F10CFA02FC2A
:1006900024FA03F394400C434FEA1C4800FA02FE8C
:1006A0001FFA8CF7B3FBF8F008FB1031230C43EA78
:1006B000014300FB07F1994208D91CEB030300F149
:1006C000FF362CD299422AD9023863445B1AA4B26D
:1006D000B3FBF8F108FB113344EA034401FB07F3D1
:1006E000A34208D91CEB040401F1FF3613D2A34244
:1006F00011D902396444E41A41EA004139E7044659
:10070000F0E6084606E7C845AED2B9EB020E63EB49
:10071000070C0138A8E73146EDE7034699E7304674
:10072000D4E7D6467FE7634402384DE706462346C2
:1007300008460FE7023E634430E700BF704700BF42
:1007400080B500AF094B1B780133DAB2074B1A7042
:10075000064B1B78142B07D9044B00221A704FF458
:100760000051034804F065FC00BF80BDA4020024D2
:100770000008025880B582B000AF0BF085FF034639
:100780007B6006481BF0FCFBFFF7DAFF3B1D0A21EC
:1007900018460BF0A7FD00BFF6E700BFD0E0010848
:1007A00080B586B000AF3B1D184610F071FE0F4BB0
:1007B0007B600F4BBB600F4BFB600F4B3B613B1DE6
:1007C000184610F073FE034683F00103DBB2002BE2
:1007D00006D06F2109481BF06BFB4FF0FF3300E0A0
:1007E000002318461837BD4680BD00BFF1AC000895
:1007F00035AD00086DAD0008D9AD0008E4E0010892
:1008000080B588B004AF78600023FB607B680293FA
:10081000074B0193074B0093074B084A08490120F7
:1008200011F096FAF860FB6818461037BD4680BD97
:1008300015AB0008B9AA000899AA00086DAA00081B
:10084000C404002480B500AF0A4B1B680133094A79
:100850001360084B1B68642B08DD064B00221A60EE
:100860000121642011F08CFA034600E000231846B1
:1008700080BD00BFD003002480B586B000AFF86013
:10088000C7E90023FB68002B21D0134B1B681946D6
:1008900012481BF00DFB00220F4911480FF0E4F83D
:1008A00078617B69002B0AD00E4B1B6801330D4A1F
:1008B00013607A69A6210C481BF0FAFA02E0094B92
:1008C00000221A60044B1B680133034A136000BF07
:1008D0001837BD4680BD00BFB80200240CE10108F6
:1008E000AC020024A802002420E1010880B586B0F3
:1008F00000AFF860C7E90023FB68002B21D0134B41
:100900001B68194612481BF0D3FA00220F49114800
:100910000FF0AAF878617B69002B0AD00E4B1B6898
:1009200001330D4A13607A69B0210C481BF0C0FAFC
:1009300002E0094B00221A60044B1B680133034A92
:10094000136000BF1837BD4680BD00BFBC02002445
:1009500044E10108B0020024A802002420E10108BB
:1009600080B586B000AFF860C7E90023FB68002BB4
:1009700021D0134B1B68194612481BF099FA00222C
:100980000F4911480FF070F878617B69002B0AD08D
:100990000E4B1B6801330D4A13607A69BA210C486B
:1009A0001BF086FA02E0094B00221A60044B1B6818
:1009B0000133034A136000BF1837BD4680BD00BF36
:1009C000C002002458E10108B4020024A802002457
:1009D00020E1010880B584B000AF78607B68FB60DF
:1009E000FB681B68BB60B96803481BF061FA00BF75
:1009F0001037BD4680BD00BF6CE1010880B584B0F2
:100A000000AF78607B68FB60FB681B68BB60B968FF
:100A100003481BF04DFA00BF1037BD4680BD00BF34
:100A200084E1010880B584B000AF78607B68FB602A
:100A3000FB681B68BB60B96803481BF039FA00BF4C
:100A40001037BD4680BD00BF9CE1010800000000DA
:100A5000B0B5C2B002AF0023C7F8FC303C4C07F180
:100A60008803184610F040FD254607F188040FCC96
:100A70000FC523682B600EF079FB0346C7F8A8303A
:100A8000334B07F1A8046D4603F10C0292E8030012
:100A900085E803000ECB20460EF06AFBC7F8F8008D
:100AA000D7F8F830002B0BD0D7F8F820D9212948F7
:100AB0001BF0FEF9284B05221A6000200BF09EFB6C
:100AC000264B1B781A4607F1A803114618460EF06C
:100AD0004DFCC7F8F400D7F8F430002B0BD0D7F852
:100AE000F420DA211B481BF0E3F91B4B05221A60A6
:100AF00000200BF083FB07F1A80318460EF03EFC24
:100B0000C7F8F00032200AF0BDFB144B1B781946E1
:100B100013481BF0CDF9D7F8F000FFF771FEFFF78F
:100B20003FFE4FF4FA700AF0ADFB07F1A803084A44
:100B30000092002200210B480DF0F6FFC7F8FC00E0
:100B4000D7F8FC30002B11D007481BF019FAE8E762
:100B5000E8020024B4E10108A802002400000024F7
:100B6000D8E10108FC020024ECE1010800BFBC4808
:100B70001BF006FABB4C07F1880318460EF026FC62
:100B8000224607F1880393E8030082E80300B64B8E
:100B9000B64AB749B3480EF08DF8C7F8EC00D7F85D
:100BA000EC30002B0BD0D7F8EC20EC21B1481BF037
:100BB0007FF9B14B05221A6000200BF01FFBAF4BF1
:100BC0001B680133AD4A136013F0FEF80246AC4BCC
:100BD000A449AC480EF020F9C7F8E800D7F8E8308F
:100BE000002B0BD0D7F8E820F121A2481BF060F9C8
:100BF000A14B05221A6000200BF000FB9F4B1B68E5
:100C000001339E4A136013F0DFF802469E4B95496C
:100C10009E480EF001F9C7F8E400D7F8E430002B45
:100C20000BD0D7F8E420F92192481BF041F9924B00
:100C300005221A6000200BF0E1FA904B1B6801338B
:100C40008E4A136013F0C0F80246914B85499148D3
:100C50000EF0E2F8C7F8E000D7F8E030002B0CD037
:100C6000D7F8E02040F2011182481BF021F9824BB5
:100C700005221A6000200BF0C1FA874B009372A383
:100C8000D3E90023784985480EF03AF9C7F8DC002B
:100C9000D7F8DC30002B0CD0D7F8DC204FF484716F
:100CA00074481BF005F9744B05221A6000200BF004
:100CB000A5FA7B4B009366A3D3E900236A497948E0
:100CC0000EF01EF9C7F8D800D7F8D830002B0CD09A
:100CD000D7F8D8204FF4877166481BF0E9F8664BC7
:100CE00005221A6000200BF089FA6F4B00935AA37B
:100CF000D3E900235C496D480EF002F9C7F8D4002F
:100D0000D7F8D430002B0CD0D7F8D4204FF48A7108
:100D100058481BF0CDF8584B05221A6000200BF004
:100D20006DFA564B1B680133544A136013F04CF8AC
:100D300002465F4B4B495F480EF0A8F8C7F8D00059
:100D4000D7F8D030002B0CD0D7F8D0204FF48E71CC
:100D500048481BF0ADF8484B05221A6000200BF004
:100D60004DFA464B1B680133444A136013F02CF8CC
:100D70000246514B3B4951480EF088F8C7F8CC0069
:100D8000D7F8CC30002B0CD0D7F8CC204FF4917191
:100D900038481BF08DF8384B05221A6000200BF004
:100DA0002DFA364B1B680133344A136013F00CF8EC
:100DB0000246434B2B4943480EF068F8C7F8C80079
:100DC000D7F8C830002B0CD0D7F8C8204FF4947156
:100DD00028481BF06DF8284B05221A6000200BF004
:100DE0000DFA264B1B68194637481BF061F8374C43
:100DF0003B4618460DF080FB07F58073A3F5807322
:100E00002046194688231A461BF053FB1B4B1B68D0
:100E10001A462F4B14492D480DF07AFBC7F8C40031
:100E2000D7F8C430002B0CD0D7F8C4204FF49871F9
:100E300010481BF03DF8104B05221A6000200BF003
:100E4000DDF9164946E000BF00CA9A3B00000000E9
:100E50000008AF2F000000000065CD1D000000005D
:100E600004E20108B8030024FC020024C0030024AB
:100E70001CE20108B4E10108A8020024CC0300240C
:100E80002CE20108AC02002440E20108B002002478
:100E900054E20108B402002479080008C4020024C6
:100EA000ED080008C802002461090008CC020024F3
:100EB00068E20108D00200247CE20108D402002488
:100EC00090E20108D8020024A4E2010830030024C3
:100ED000E802002466480DF0D5FBC7F8C000D7F83B
:100EE000C030002B0CD0D7F8C02040F2331161483D
:100EF0001AF0DEFF604B05221A6000200BF07EF92D
:100F00005E495B480DF0BEFBC7F8BC00D7F8BC30AB
:100F1000002B0CD0D7F8BC204FF49A7155481AF02A
:100F2000C7FF554B05221A6000200BF067F95449A2
:100F30004F480DF0A7FBC7F8B800D7F8B830002B22
:100F40000CD0D7F8B82040F235114A481AF0B0FF5B
:100F5000494B05221A6000200BF050F90023009342
:100F6000484B494A494942480DF04EFBC7F8B40086
:100F7000D7F8B430002B0CD0D7F8B4204FF49C71C4
:100F80003C481AF095FF3C4B05221A6000200BF0FC
:100F900035F9002300933E4B3E4A3F4934480DF05B
:100FA00033FBC7F8B000D7F8B030002B0CD0D7F81F
:100FB000B0204FF49F712F481AF07AFF2E4B052274
:100FC0001A6000200BF01AF900230093334B344AC7
:100FD000344927480DF018FBC7F8AC00D7F8AC30FF
:100FE000002B0CD0D7F8AC204FF4A27121481AF096
:100FF0005FFF214B05221A6000200BF0FFF8012251
:101000004FF48041284803F0FBFF0BF03DFB034603
:10101000C7F8A43010E0254A4FF0000314480DF043
:101020004BFDFFF70FFC0346002B0AD107F1A40389
:101030000A2118460BF056F90F4B1B68022BEADD0C
:1010400000E000BF00224FF48041174803F0D8FFB2
:1010500017481AF095FF17481AF092FF0A200BF074
:10106000C1F900F058FF00BF07F58077BD46B0BD5D
:1010700030030024B4E10108A8020024C8020024BF
:10108000CC020024D5090008DC020024D002002490
:10109000FD090008E0020024D4020024250A00080B
:1010A000E4020024D8020024000802588096980028
:1010B000B8E20108C8E2010880B582B000AF114B68
:1010C000D3F8D8300F4A43F00103C2F8D8300D4BA3
:1010D000D3F8D83003F001037B607B680022052140
:1010E0000B2000F0F0FE0B2000F007FF002205218E
:1010F0000C2000F0E8FE0C2000F0FFFE00BF0837D7
:10110000BD4680BD0044025880B500AF084A0021AA
:1011100008480AF025F80346074A1360074A0021E9
:1011200007480AF01DF80346064A136000BF80BD59
:1011300050E3010849110008D403002474E30108B6
:101140005F110008D803002480B582B000AF78603A
:10115000FFF710FB4FF47A700AF094F8FAE780B5C5
:1011600082B000AF786064200AF08CF8FFF770FC62
:101170004FF47A700AF086F8FAE7000080B58AB07A
:1011800000AF07F1140300221A605A609A60DA6017
:101190001A612A4BD3F8E030284A43F00403C2F81E
:1011A000E030264BD3F8E03003F004033B613B69A9
:1011B000224BD3F8E030214A43F08003C2F8E030FC
:1011C0001E4BD3F8E03003F08003FB60FB681B4B41
:1011D000D3F8E030194A43F01003C2F8E030174B5F
:1011E000D3F8E03003F01003BB60BB68134BD3F8B7
:1011F000E030124A43F00103C2F8E0300F4BD3F85D
:10120000E03003F001037B607B6800224FF4C041B3
:101210000B4803F0F5FE4FF4C0437B610123BB6133
:101220000023FB6100233B6207F1140319460448C5
:1012300003F036FD00BF2837BD4680BD004402588C
:101240000008025880B500AF00F0D6F800F004FDA9
:1012500000F010F8FFF792FFFFF72EFF00F05CFBA5
:1012600000F00EFB09F032FFFFF74EFF09F052FFCE
:1012700000BFFDE780B59EB000AF07F12C034C2204
:10128000002118461AF0F2FF07F10C03202200217A
:1012900018461AF0EBFF022003F0E6FE0023BB60C5
:1012A000484BDB6A474A23F00103D362454BDB6AB4
:1012B00003F00103BB60444B9B69434A43F4404342
:1012C0009361414B9B6903F44043BB60BB6800BF23
:1012D0003D4B9B6903F40053B3F5005FF8D13B4BE2
:1012E000D3F8F430394A43F00203C2F8F430374BF4
:1012F000D3F8F43003F002037B607B6800233B608B
:10130000314B9B69304A43F4404393612E4B9B69B8
:1013100003F440433B602B4BDB6A2A4A43F0010352
:10132000D362284BDB6A03F001033B603B6800BFDC
:10133000254B9B6903F40053B3F5005FF8D10123FB
:10134000FB624FF480333B6302233B6502237B65E2
:101350000523BB65C023FB6502233B6608237B6630
:101360000223BB660823FB6600233B6700237B67E1
:1013700007F12C03184603F0B1FE0346002B01D001
:1013800000F078F83F23FB6003233B6100237B617F
:101390000823BB614023FB6140233B624FF4806321
:1013A0007B624023BB6207F10C030421184604F062
:1013B000EFFA0346002B01D000F05CF800BF78374D
:1013C000BD4680BD00040058004802580044025841
:1013D00080B584B000AFF860B9607A607B689AB27B
:1013E000FF23B968034806F0EBFF7B681846103707
:1013F000BD4680BD3004002480B584B000AF3B46BC
:1014000000221A605A609A60DA6000F089FD0123B8
:101410003B7000237B7000237B601F233B7287237C
:101420007B720023BB720023FB7201233B730123F9
:101430007B730023BB730023FB733B46184600F00D
:10144000A7FD042000F084FD00BF1037BD4680BD1D
:1014500080B582B000AF78607B681B68044A934215
:1014600001D100F035FC00BF0837BD4680BD00BF8C
:101470000014004080B400AF72B600BF00BFFDE7AB
:1014800080B582B000AF0C4BD3F8F4300A4A43F079
:101490000203C2F8F430084BD3F8F43003F002032F
:1014A0007B607B6800220F216FF0010000F00BFDD4
:1014B00000BF0837BD4680BD0044025880B590B0DB
:1014C00000AF78607B680F2B27D80022796837201F
:1014D00000F0F9FC372000F010FD294A7B6813600A
:1014E000284BD3F8E830274A43F02003C2F8E8300D
:1014F000244BD3F8E83003F02003FB60FB6807F1CE
:10150000100207F114031146184604F0CDFDBB6A22
:10151000BB63BB6B002B06D101E001232BE004F081
:1015200097FDF86304E004F093FD03465B00FB6362
:10153000FB6B154AA2FB03239B0C013B7B63134B04
:10154000134A1A60114B40F2E732DA600F4A7B6BA4
:1015500053600E4B00221A610C4B00229A600B481C
:1015600006F010FC0346002B04D1084806F06CFC82
:10157000034600E0012318464037BD4680BD00BF4A
:10158000100000240044025883DE1B43DC030024C7
:101590000014004080B400AF00BFFDE780B400AF8E
:1015A00000BFFDE780B400AF00BFFDE780B400AF2F
:1015B00000BFFDE780B400AF00BFFDE780B400AF1F
:1015C00000BFBD465DF8047B7047000080B500AFEA
:1015D000024802F047F800BF80BD00BF5805002454
:1015E00080B500AF024802F03DF800BF80BD00BFEB
:1015F000D005002480B500AF024807F0D1F800BF45
:1016000080BD00BFC404002480B500AF024806F0CE
:1016100093FC00BF80BD00BFDC03002480B400AF9A
:1016200001231846BD465DF8047B704780B582B043
:1016300000AF786039601AF007FF034616221A607F
:101640004FF0FF3318460837BD4680BD80B582B0E5
:1016500000AF78604FF0FF317868FFF7E7FF00BF19
:10166000FDE780B586B000AFF860B9607A6000230E
:101670007B610AE0AFF300800146BB685A1CBA6088
:10168000CAB21A707B6901337B617A697B689A42BE
:10169000F0DB7B6818461837BD4680BD80B483B048
:1016A00000AF78604FF0FF3318460C37BD465DF849
:1016B000047B704780B483B000AF786039603B68CA
:1016C0004FF400525A60002318460C37BD465DF8AF
:1016D000047B704780B483B000AF78600123184664
:1016E0000C37BD465DF8047B704780B485B000AF11
:1016F000F860B9607A60002318461437BD465DF87B
:10170000047B704780B586B000AF7860144A154BF3
:10171000D31A7B617B693B61134B1B68002B02D1A1
:10172000114B124A1A60104B1A687B6813443A69CD
:101730009A4207D21AF088FE03460C221A604FF034
:10174000FF3309E0084B1B68FB60074B1A687B6896
:101750001344054A1360FB6818461837BD4680BD20
:1017600000000824000400002C04002460FD012473
:1017700080B400AF374BD3F88830364A43F4700357
:10178000C2F88830344B1B6803F00F03062B07D8D0
:10179000314B1B6823F00F032F4A43F007031360FC
:1017A0002E4B1B682D4A43F0010313602B4B002284
:1017B0001A612A4B1A682949294B13400B60264BA2
:1017C0001B6803F00803002B07D0234B1B6823F092
:1017D0000F03214A43F007031360204B00229A6154
:1017E0001E4B0022DA611D4B00221A621B4B1D4A60
:1017F0009A621A4B1C4ADA62184B1C4A1A63174B3E
:1018000000225A63154B194A9A63144B0022DA637B
:10181000124B164A1A64114B00225A640F4B1B6874
:101820000E4A23F4802313600C4B00221A66104BDF
:101830001A68104B1340B3F1005F02D20E4B012225
:101840001A600E4B43F2D2021A6000BFBD465DF82B
:10185000047B704700ED00E0002000520044025875
:101860007FEDF6EA000202020000FF0180020101A2
:101870000010005C0000FFFF088100510040005292
:1018800080B500AF224B234A1A60214B4FF4E1325E
:101890005A601F4B00229A601D4B0022DA601C4BDD
:1018A00000221A611A4B0C225A61194B00229A61CC
:1018B000174B0022DA61164B00221A62144B0022E9
:1018C0005A62134B00229A62114806F029FD034622
:1018D000002B01D0FFF7CEFD00210D4808F0ACFD34
:1018E0000346002B01D0FFF7C5FD0021084808F092
:1018F000E1FD0346002B01D0FFF7BCFD044808F0D2
:1019000062FD0346002B01D0FFF7B4FD00BF80BD90
:10191000300400240078004080B500AF224B234AF9
:101920001A60214B224A5A601F4B00229A601E4BBC
:101930000022DA601C4B00221A611B4B0C225A61F8
:10194000194B00229A61184B0022DA61164B0022D3
:101950001A62154B00225A62134B00229A621248F7
:1019600006F0DEFC0346002B01D0FFF783FD0021CB
:101970000D4808F061FD0346002B01D0FFF77AFD0A
:101980000021094808F096FD0346002B01D0FFF71F
:1019900071FD054808F017FD0346002B01D0FFF745
:1019A00069FD00BF80BD00BFC404002400100140D9
:1019B00080841E0080B5BCB000AF786007F1DC0306
:1019C00000221A605A609A60DA601A6107F11803FF
:1019D000C022002118461AF049FC7B681B68804A27
:1019E000934247D14FF002024FF00003C7E90623AC
:1019F0000023C7F8903007F11803184604F096FB4F
:101A00000346002B01D0FFF735FD764BD3F8E830C5
:101A1000744A43F08043C2F8E830724BD3F8E830A0
:101A200003F080437B617B696E4BD3F8E0306D4AF5
:101A300043F01003C2F8E0306A4BD3F8E03003F013
:101A400010033B613B694FF4C073C7F8DC300223DD
:101A5000C7F8E0300023C7F8E4300023C7F8E830C7
:101A60000723C7F8EC3007F1DC0319465E4803F0A2
:101A700017F9B0E07B681B685C4A934240F0AB808A
:101A80004FF001024FF00003C7E906230023C7F817
:101A9000943007F11803184604F048FB0346002B66
:101AA00001D0FFF7E7FC4F4BD3F8F0304D4A43F03D
:101AB0001003C2F8F0304B4BD3F8F03003F01003B2
:101AC000FB60FB68474BD3F8E030464A43F0010324
:101AD000C2F8E030434BD3F8E03003F00103BB60C1
:101AE000BB684FF4C063C7F8DC300223C7F8E030AE
:101AF0000023C7F8E4300023C7F8E8300723C7F80D
:101B0000EC3007F1DC031946394803F0C9F8394BCA
:101B1000394A1A60374B29225A60364B00229A60A4
:101B2000344B0022DA60334B4FF480621A61314B40
:101B300000225A612F4B00229A612E4B4FF4807283
:101B4000DA612C4B00221A622A4B00225A62294881
:101B500000F05EFA0346002B01D0FFF78BFC7B6898
:101B6000244AC3F88020234A7B689363234B244A8A
:101B70001A60224B2A225A60204B40229A601F4B47
:101B80000022DA601D4B4FF480621A611B4B002269
:101B90005A611A4B00229A61184B0022DA61174BE6
:101BA00000221A62154B00225A62144800F030FAE3
:101BB0000346002B01D0FFF75DFC7B680F4ADA6714
:101BC0000E4A7B68936300220521252000F07BF9F3
:101BD000252000F092F900BFF037BD4680BD00BF60
:101BE00000780040004402580010025800100140E4
:101BF000000002585805002410000240D0050024BF
:101C000028000240DFF834D0FFF7B2FD0C480D4940
:101C10000D4A002302E0D458C4500433C4188C4247
:101C2000F9D30A4A0A4C002301E013600432A242AD
:101C3000FBD31AF00FFCFFF705FB704700000824E8
:101C40000000002484020024E8F201088802002435
:101C50005CFD0124FEE7000080B582B000AF0320E8
:101C600000F026F904F04AF80246154B9B691B0A5E
:101C700003F00F031349CB5C03F01F0322FA03F3B5
:101C80007B600F4B9B6903F00F030E4AD35C03F09C
:101C90001F037A6822FA03F30B4A13600B4A7B682E
:101CA00013600F20FFF70AFC0346002B01D001232D
:101CB00002E0FFF7E5FB002318460837BD4680BD6C
:101CC0000044025898E301080C0000240800002496
:101CD00080B400AF064B1B781A46064B1B681344B2
:101CE000044A136000BFBD465DF8047B704700BF27
:101CF000140000244806002480B400AF034B1B6886
:101D00001846BD465DF8047B704700BF48060024B6
:101D100080B400AF034B1B681B0C1846BD465DF832
:101D2000047B70470010005C80B485B000AF786021
:101D30007B6803F00703FB600B4BDB68BB60BA6892
:101D40004FF6FF031340BB60FB681A02BB681A43DF
:101D5000064B1343BB60044ABB68D36000BF143713
:101D6000BD465DF8047B704700ED00E00000FA0519
:101D700080B400AF044BDB681B0A03F0070318466E
:101D8000BD465DF8047B704700ED00E080B483B091
:101D900000AF0346FB80B7F90630002B0BDBFB8856
:101DA00003F01F020749B7F906305B09012000FA6A
:101DB00002F241F8232000BF0C37BD465DF8047BDA
:101DC000704700BF00E100E080B483B000AF03467D
:101DD0003960FB80B7F90630002B0ADB3B68DAB2CA
:101DE0000C49B7F906301201D2B20B4483F8002334
:101DF0000AE03B68DAB20849FB8803F00F03043BB2
:101E00001201D2B20B441A7600BF0C37BD465DF802
:101E1000047B704700E100E000ED00E080B489B091
:101E200000AFF860B9607A60FB6803F00703FB61FC
:101E3000FB69C3F10703042B28BF0423BB61FB69C3
:101E40000433062B02D9FB69033B00E000237B61CE
:101E50004FF0FF32BB6902FA03F3DA43BB681A4062
:101E60007B699A404FF0FF317B6901FA03F3D94354
:101E70007B680B40134318462437BD465DF8047B4E
:101E80007047000080B400AFBFF34F8F00BF064B18
:101E9000DB6803F4E0620449044B1343CB60BFF3F7
:101EA0004F8F00BF00BFFDE700ED00E00400FA0522
:101EB00080B582B000AF78607868FFF735FF00BF6B
:101EC0000837BD4680BD80B586B000AF0346B96017
:101ED0007A60FB81FFF74CFF78617A68B9687869AE
:101EE000FFF79CFF0246B7F90E3011461846FFF780
:101EF0006BFF00BF1837BD4680BD80B582B000AF14
:101F00000346FB80B7F906301846FFF73FFF00BFD6
:101F10000837BD4680BD80B500AFFFF7B3FF0000B6
:101F200080B400AFBFF35F8F00BF074B5B6A064A08
:101F300023F480335362054B00225A6000BFBD4634
:101F40005DF8047B704700BF00ED00E090ED00E01D
:101F500080B483B000AF78600B4A7B6843F0010324
:101F600053600A4B5B6A094A43F480335362BFF300
:101F70004F8F00BFBFF36F8F00BF00BF0C37BD4650
:101F80005DF8047B704700BF90ED00E000ED00E0DD
:101F900080B483B000AF78607B685A781B4B9A603E
:101FA0001A4B1B69194A23F001031361174A7B6816
:101FB0005B68D3607B681B7B1A077B68DB7A1B0638
:101FC0001A437B689B7ADB041A437B685B7B9B0428
:101FD0001A437B689B7B5B041A437B68DB7B1B0497
:101FE0001A437B685B7A1B021A437B681B7A5B008F
:101FF00013437A6812781146044A0B43136100BFF9
:102000000C37BD465DF8047B704700BF90ED00E0E3
:1020100080B586B000AF7860FFF76EFE38617B68F0
:10202000002B01D1012316E37B681B68664A9342AB
:102030004AD07B681B68654A934245D07B681B6821
:10204000634A934240D07B681B68624A93423BD00C
:102050007B681B68604A934236D07B681B685F4A86
:10206000934231D07B681B685D4A93422CD07B68D9
:102070001B685C4A934227D07B681B685A4A93428C
:1020800022D07B681B68594A93421DD07B681B682D
:10209000574A934218D07B681B68564A934213D024
:1020A0007B681B68544A93420ED07B681B68534A76
:1020B000934209D07B681B68514A934204D07B68E5
:1020C0001B68504A934201D1012300E00023002BFA
:1020D00000F03B817B68022283F835207B68002278
:1020E00083F834207B681B68374A93424AD07B6868
:1020F0001B68364A934245D07B681B68344A93423A
:1021000040D07B681B68334A93423BD07B681B6896
:10211000314A934236D07B681B68304A934231D0B3
:102120007B681B682E4A93422CD07B681B682D4A23
:10213000934227D07B681B682B4A934222D07B684E
:102140001B682A4A93421DD07B681B68284A934229
:1021500018D07B681B68274A934213D07B681B68A2
:10216000254A93420ED07B681B68244A934209D0CB
:102170007B681B68224A934204D07B681B68214A13
:10218000934208D17B681B681A687B681B6822F041
:1021900001021A6007E07B681B681A687B681B688D
:1021A00022F001021A602FE0FFF7A6FD02463B690C
:1021B000D31A052B28D97B6820225A657B68032215
:1021C00083F83520012346E2100002402800024037
:1021D0004000024058000240700002408800024067
:1021E000A0000240B800024010040240280402404F
:1021F0004004024058040240700402408804024037
:10220000A0040240B80402407B681B681B6803F00E
:102210000103002BC8D17B681B681B687B617A694E
:10222000834B13407B617B689A687B68DB681A4349
:102230007B681B691A437B685B691A437B689B69EF
:102240001A437B68DB691A437B681B6A13437A690C
:1022500013437B617B685B6A042B07D17B68DA6A76
:102260007B681B6B13437A6913437B61714B1A685C
:10227000714B1340B3F1005F28D37B685B68282B58
:1022800003D97B685B682E2B17D97B685B683E2B74
:1022900003D97B685B68422B0FD97B685B68462B50
:1022A00003D97B685B68482B07D97B685B684E2B3A
:1022B00005D97B685B68522B01D8012300E000231D
:1022C000002B03D07B6943F480137B617B681B6820
:1022D0007A691A607B681B685B697B617B6923F0A4
:1022E00007037B617B685B6A7A6913437B617B6868
:1022F0005B6A042B17D17B689B6A7A6913437B6105
:102300007B68DB6A002B0ED0786802F03FFB034647
:10231000002B08D07B6840225A657B68012283F835
:102320003520012397E17B681B687A695A617868D8
:1023300002F07AFA0346BB607B68DB6D03F01F0393
:102340003F229A40BB689A60CDE07B681B683B4A9D
:10235000934222D07B681B68394A93421DD07B6828
:102360001B68384A934218D07B681B68364A9342F0
:1023700013D07B681B68354A93420ED07B681B687C
:10238000334A934209D07B681B68324A934204D097
:102390007B681B68304A934201D1012300E000238F
:1023A000002B00F097807B681B68244A934221D061
:1023B0007B681B68224A93421CD07B681B68214AB9
:1023C000934217D07B681B681F4A934212D07B68E8
:1023D0001B681E4A93420DD07B681B681C4A9342BF
:1023E00008D07B681B681B4A934203D07B681B683C
:1023F000194A93427B68022283F835207B680022C9
:1024000083F834207B681B681B687B617A69134BF7
:1024100013407B617B689B68402B21D07B689B6865
:10242000802B02D14FF480431BE0002319E000BF52
:102430003F8010FE0010005C0000FFFF08540258AF
:102440001C540258305402584454025858540258EC
:102450006C54025880540258945402580F00FEFFE6
:1024600010237A68D268D2081A437B681B69DB089C
:102470001A437B685B69DB081A437B689B69DB084E
:102480001A437B68DB69DB081A437B681B6A1B09FC
:1024900013437A6913437B617B681B687A691A600E
:1024A0007B681B681A466E4B13446E4AA2FB0323DB
:1024B0001B099A007B68DA65786802F0B5F9034673
:1024C000FB607B68DB6D03F01F0301229A40FB6811
:1024D0005A6008E07B6840225A657B68032283F8D3
:1024E00035200123B7E07B681B685F4A934272D0B6
:1024F0007B681B685D4A93426DD07B681B685C4AB1
:10250000934268D07B681B685A4A934263D07B68C9
:102510001B68594A93425ED07B681B68574A9342B6
:1025200059D07B681B68564A934254D07B681B681D
:10253000544A93424FD07B681B68534A93424AD017
:102540007B681B68514A934245D07B681B68504AA0
:10255000934240D07B681B684E4A93423BD07B68D5
:102560001B684D4A934236D07B681B684B4A9342A6
:1025700031D07B681B684A4A93422CD07B681B6829
:10258000484A934227D07B681B68474A934222D02F
:102590007B681B68454A93421DD07B681B68444A90
:1025A000934218D07B681B68424A934213D07B68E1
:1025B0001B68414A93420ED07B681B683F4A934296
:1025C00009D07B681B683E4A934204D07B681B6835
:1025D0003C4A934201D1012300E00023002B32D07A
:1025E000786802F04FFA7B689B68802B02D17B6889
:1025F00000225A607B685A687B681B6ED2B21A60F0
:102600007B685B6E7A68926E5A607B685B68002BB1
:1026100010D07B685B68082B0CD8786802F0CCFA85
:102620007B68DB6E00221A607B681B6F7A68526FD2
:102630005A6008E07B680022DA667B6800221A672D
:102640007B6800225A677B6800225A657B680122FA
:1026500083F83520002318461837BD4680BD00BFDB
:10266000F8ABFDA7CDCCCCCC100002402800024036
:1026700040000240580002407000024088000240C2
:10268000A0000240B80002401004024028040240AA
:102690004004024058040240700402408804024092
:1026A000A0040240B8040240085402581C540258C6
:1026B0003054025844540258585402586C5402582A
:1026C000805402589454025880B586B000AFF86028
:1026D000B9607A603B600023FB75FB68002B01D179
:1026E000012326E2FB6893F83430012B01D1022349
:1026F0001FE2FB68012283F83420FB6893F8353031
:10270000DBB2012B40F00A82FB68022283F83520FD
:10271000FB6800225A65FB681B68684A93424AD0EE
:10272000FB681B68664A934245D0FB681B68654A94
:10273000934240D0FB681B68634A93423BD0FB68DE
:102740001B68624A934236D0FB681B68604A93421A
:1027500031D0FB681B685F4A93422CD0FB681B6832
:102760005D4A934227D0FB681B685C4A934222D0A3
:10277000FB681B685A4A93421DD0FB681B68594A84
:10278000934218D0FB681B68574A934213D0FB68EA
:102790001B68564A93420ED0FB681B68544A93420A
:1027A00009D0FB681B68534A934204D0FB681B683E
:1027B000514A934208D1FB681B681A68FB681B6882
:1027C00022F001021A6007E0FB681B681A68FB68C8
:1027D0001B6822F001021A603B687A68B968F868E1
:1027E00001F076FEFB681B68344A93424AD0FB68CE
:1027F0001B68334A934245D0FB681B68314A9342B9
:1028000040D0FB681B68304A93423BD0FB681B6892
:102810002E4A934236D0FB681B682D4A934231D032
:10282000FB681B682B4A93422CD0FB681B682A4A22
:10283000934227D0FB681B68284A934222D0FB684A
:102840001B68274A93421DD0FB681B68254A9342A8
:1028500018D0FB681B68244A934213D0FB681B689E
:10286000224A93420ED0FB681B68214A934209D04A
:10287000FB681B681F4A934204D0FB681B681E4A12
:10288000934201D1012300E00023002B36D0FB68E6
:102890001B681B6823F01E02FB681B6842F01602CF
:1028A0001A60FB681B6C002B3ED0FB681B681A6823
:1028B000FB681B6842F008021A6035E01000024015
:1028C00028000240400002405800024070000240D0
:1028D00088000240A0000240B800024010040240FC
:1028E00028040240400402405804024070040240A0
:1028F00088040240A0040240B8040240FB681B6840
:102900001B6823F00E02FB681B6842F00A021A6083
:10291000FB681B6C002B07D0FB681B681A68FB6800
:102920001B6842F004021A60FB681B68834A9342EA
:1029300072D0FB681B68824A93426DD0FB681B68AB
:10294000804A934268D0FB681B687F4A934263D0F9
:10295000FB681B687D4A93425ED0FB681B687C4A1B
:10296000934259D0FB681B687A4A934254D0FB6863
:102970001B68794A93424FD0FB681B68774A9342A1
:102980004AD0FB681B68764A934245D0FB681B68B7
:10299000744A934240D0FB681B68734A93423BD011
:1029A000FB681B68714A934236D0FB681B68704A0B
:1029B000934231D0FB681B686E4A93422CD0FB686F
:1029C0001B686D4A934227D0FB681B686B4A934291
:1029D00022D0FB681B686A4A93421DD0FB681B68C3
:1029E000684A934218D0FB681B68674A934213D029
:1029F000FB681B68654A93420ED0FB681B68644AFB
:102A0000934209D0FB681B68624A934204D0FB687A
:102A10001B68614A934201D1012300E00023002B8F
:102A20001AD0FB681B6E1B6803F48033002B07D0A1
:102A3000FB681B6E1A68FB681B6E42F480721A609A
:102A4000FB68DB6E002B07D0FB68DB6E1A68FB6847
:102A5000DB6E42F480721A60FB681B68374A93424F
:102A60004AD0FB681B68364A934245D0FB681B6816
:102A7000344A934240D0FB681B68334A93423BD0B0
:102A8000FB681B68314A934236D0FB681B68304AAA
:102A9000934231D0FB681B682E4A93422CD0FB68CE
:102AA0001B682D4A934227D0FB681B682B4A934230
:102AB00022D0FB681B682A4A93421DD0FB681B6822
:102AC000284A934218D0FB681B68274A934213D0C8
:102AD000FB681B68254A93420ED0FB681B68244A9A
:102AE000934209D0FB681B68224A934204D0FB68DA
:102AF0001B68214A934208D1FB681B681A68FB686F
:102B00001B6842F001021A6012E0FB681B681A6839
:102B1000FB681B6842F001021A6009E0FB684FF491
:102B200000625A65FB68002283F834200123FB759C
:102B3000FB7D18461837BD4680BD00BF100002401F
:102B4000280002404000024058000240700002404D
:102B500088000240A0000240B80002401004024079
:102B6000280402404004024058040240700402401D
:102B700088040240A0040240B804024008540258ED
:102B80001C540258305402584454025858540258A5
:102B90006C540258805402589454025880B586B040
:102BA00000AF7860FFF7A8F838617B68002B01D18F
:102BB0000123DCE27B6893F83530DBB2022B08D0CE
:102BC0007B6880225A657B68002283F834200123C9
:102BD000CDE27B681B68764A93424AD07B681B68CB
:102BE000744A934245D07B681B68734A934240D035
:102BF0007B681B68714A93423BD07B681B68704AB4
:102C0000934236D07B681B686E4A934231D07B6812
:102C10001B686D4A93422CD07B681B686B4A9342B9
:102C200027D07B681B686A4A934222D07B681B6866
:102C3000684A93421DD07B681B68674A934218D04C
:102C40007B681B68654A934213D07B681B68644AA3
:102C500093420ED07B681B68624A934209D07B681E
:102C60001B68614A934204D07B681B685F4A9342A9
:102C700001D1012300E00023002B13D07B681B68E7
:102C80001A687B681B6822F01E021A607B681B684A
:102C90005A697B681B6822F080025A617B681B6856
:102CA0007B610AE07B681B681A687B681B6822F0FE
:102CB0000E021A607B681B687B617B681B683C4A5C
:102CC000934272D07B681B683A4A93426DD07B680E
:102CD0001B68394A934268D07B681B68374A934225
:102CE00063D07B681B68364A93425ED07B681B6862
:102CF000344A934259D07B681B68334A934254D07C
:102D00007B681B68314A93424FD07B681B68304A0E
:102D100093424AD07B681B682E4A934245D07B6819
:102D20001B682D4A934240D07B681B682B4A934214
:102D30003BD07B681B682A4A934236D07B681B686D
:102D4000284A934231D07B681B68274A93422CD093
:102D50007B681B68254A934227D07B681B68244AFE
:102D6000934222D07B681B68224A93421DD07B6825
:102D70001B68214A934218D07B681B681F4A934204
:102D800013D07B681B681E4A93420ED07B681B6879
:102D90001C4A934209D07B681B681B4A934204D0AB
:102DA0007B681B68194A934232D1012331E000BF8E
:102DB000100002402800024040000240580002403B
:102DC0007000024088000240A0000240B8000240AB
:102DD000100402402804024040040240580402400B
:102DE0007004024088040240A0040240B80402407B
:102DF000085402581C540258305402584454025883
:102E0000585402586C540258805402589454025832
:102E10000023002B07D07B681B6E1A687B681B6E33
:102E200022F480721A607B681B686D4A93424AD014
:102E30007B681B686B4A934245D07B681B686A4A73
:102E4000934240D07B681B68684A93423BD07B68C2
:102E50001B68674A934236D07B681B68654A934279
:102E600031D07B681B68644A93422CD07B681B6816
:102E7000624A934227D07B681B68614A934222D002
:102E80007B681B685F4A93421DD07B681B685E4A63
:102E9000934218D07B681B685C4A934213D07B68CE
:102EA0001B685B4A93420ED07B681B68594A934269
:102EB00009D07B681B68584A934204D07B681B6822
:102EC000564A934208D17B681B681A687B681B6866
:102ED00022F001021A6007E07B681B681A687B68B1
:102EE0001B6822F001021A6013E0FEF705FF02469C
:102EF0003B69D31A052B0CD97B6820225A657B6865
:102F0000032283F835207B68002283F834200123D4
:102F10002DE17B691B6803F00103002BE5D17B6881
:102F20001B682F4A93424AD07B681B682D4A934204
:102F300045D07B681B682C4A934240D07B681B6855
:102F40002A4A93423BD07B681B68294A934236D079
:102F50007B681B68274A934231D07B681B68264AEE
:102F600093422CD07B681B68244A934227D07B680D
:102F70001B68234A934222D07B681B68214A9342F4
:102F80001DD07B681B68204A934218D07B681B6861
:102F90001E4A934213D07B681B681D4A93420ED091
:102FA0007B681B681B4A934209D07B681B681A4ADE
:102FB000934204D07B681B68184A934201D10123D5
:102FC00000E00023002B2BD07B689B6DBB607B68EF
:102FD000DB6D03F01F033F229A40BB689A602AE032
:102FE0001000024028000240400002405800024009
:102FF0007000024088000240A0000240B800024079
:1030000010040240280402404004024058040240D8
:103010007004024088040240A0040240B804024048
:103020007B689B6DFB607B68DB6D03F01F030122F7
:103030009A40FB685A607B681B684F4A934272D083
:103040007B681B684D4A93426DD07B681B684C4A75
:10305000934268D07B681B684A4A934263D07B687E
:103060001B68494A93425ED07B681B68474A93427B
:1030700059D07B681B68464A934254D07B681B68D2
:10308000444A93424FD07B681B68434A93424AD0DC
:103090007B681B68414A934245D07B681B68404A65
:1030A000934240D07B681B683E4A93423BD07B688A
:1030B0001B683D4A934236D07B681B683B4A93426B
:1030C00031D07B681B683A4A93422CD07B681B68DE
:1030D000384A934227D07B681B68374A934222D0F4
:1030E0007B681B68354A93421DD07B681B68344A55
:1030F000934218D07B681B68324A934213D07B6896
:103100001B68314A93420ED07B681B682F4A93425A
:1031100009D07B681B682E4A934204D07B681B68E9
:103120002C4A934201D1012300E00023002B15D04B
:103130007B685B6E7A68926E5A607B68DB6E002BF0
:103140000CD07B68DB6E1A687B68DB6E22F48072C1
:103150001A607B681B6F7A68526F5A607B68012225
:1031600083F835207B68002283F83420002318463A
:103170001837BD4680BD00BF100002402800024045
:1031800040000240580002407000024088000240A7
:10319000A0000240B800024010040240280402408F
:1031A0004004024058040240700402408804024077
:1031B000A0040240B8040240085402581C540258AB
:1031C0003054025844540258585402586C5402580F
:1031D000805402589454025880B584B000AF78608F
:1031E0007B68002B01D1012337E27B6893F83530EF
:1031F000DBB2022B04D07B6880225A6501232CE2CB
:103200007B681B685C4A93424AD07B681B685B4AB8
:10321000934245D07B681B68594A934240D07B68F3
:103220001B68584A93423BD07B681B68564A9342BE
:1032300036D07B681B68554A934231D07B681B6847
:10324000534A93422CD07B681B68524A934227D042
:103250007B681B68504A934222D07B681B684F4AA8
:1032600093421DD07B681B684D4A934218D07B68FF
:103270001B684C4A934213D07B681B684A4A9342AE
:103280000ED07B681B68494A934209D07B681B6853
:10329000474A934204D07B681B68464A934201D157
:1032A000012300E00023002B00F086807B680422CD
:1032B00083F835207B681B682F4A93424AD07B688D
:1032C0001B682E4A934245D07B681B682C4A934268
:1032D00040D07B681B682B4A93423BD07B681B68BD
:1032E000294A934236D07B681B68284A934231D0E2
:1032F0007B681B68264A93422CD07B681B68254A52
:10330000934227D07B681B68234A934222D07B6874
:103310001B68224A93421DD07B681B68204A934257
:1033200018D07B681B681F4A934213D07B681B68C8
:103330001D4A93420ED07B681B681C4A934209D0F9
:103340007B681B681A4A934204D07B681B68194A41
:10335000934208D17B681B681A687B681B6822F05F
:1033600001021A6078E17B681B681A687B681B6839
:1033700022F001021A606FE11000024028000240B2
:1033800040000240580002407000024088000240A5
:10339000A0000240B800024010040240280402408D
:1033A0004004024058040240700402408804024075
:1033B000A0040240B80402407B681B681A687B685E
:1033C0001B6822F00E021A607B681B686C4A9342ED
:1033D0004AD07B681B686B4A934245D07B681B6868
:1033E000694A934240D07B681B68684A93423BD04D
:1033F0007B681B68664A934236D07B681B68654AC7
:10340000934231D07B681B68634A93422CD07B681F
:103410001B68624A934227D07B681B68604A9342CC
:1034200022D07B681B685F4A93421DD07B681B6873
:103430005D4A934218D07B681B685C4A934213D064
:103440007B681B685A4A93420ED07B681B68594AB6
:10345000934209D07B681B68574A934204D07B682B
:103460001B68564A934208D17B681B681A687B68C0
:103470001B6822F001021A6007E07B681B681A686B
:103480007B681B6822F001021A607B681B683C4A5B
:10349000934272D07B681B683A4A93426DD07B6836
:1034A0001B68394A934268D07B681B68374A93424D
:1034B00063D07B681B68364A93425ED07B681B688A
:1034C000344A934259D07B681B68334A934254D0A4
:1034D0007B681B68314A93424FD07B681B68304A37
:1034E00093424AD07B681B682E4A934245D07B6842
:1034F0001B682D4A934240D07B681B682B4A93423D
:103500003BD07B681B682A4A934236D07B681B6895
:10351000284A934231D07B681B68274A93422CD0BB
:103520007B681B68254A934227D07B681B68244A26
:10353000934222D07B681B68224A93421DD07B684D
:103540001B68214A934218D07B681B681F4A93422C
:1035500013D07B681B681E4A93420ED07B681B68A1
:103560001C4A934209D07B681B681B4A934204D0D3
:103570007B681B68194A934232D1012331E000BFB6
:103580001000024028000240400002405800024063
:103590007000024088000240A0000240B8000240D3
:1035A0001004024028040240400402405804024033
:1035B0007004024088040240A0040240B8040240A3
:1035C000085402581C5402583054025844540258AB
:1035D000585402586C54025880540258945402585B
:1035E0000023002B28D07B681B6E1A687B681B6E3B
:1035F00022F480721A607B689B6DFB607B68DB6DD8
:1036000003F01F0301229A40FB685A607B685B6EDF
:103610007A68926E5A607B68DB6E002B0CD07B68F8
:10362000DB6E1A687B68DB6E22F480721A607B683E
:103630001B6F7A68526F5A607B68012283F83520CD
:103640007B68002283F834207B681B6D002B03D03D
:103650007B681B6D78689847002318461037BD4675
:1036600080BD00BF80B58AB000AF78600023FB60EA
:10367000674B1B68674AA2FB03239B0A7B627B683C
:103680009B6D3B627B689B6DFB613B6A1B68BB610A
:10369000FB691B687B617B681B685F4A93424AD069
:1036A0007B681B685D4A934245D07B681B685C4A17
:1036B000934240D07B681B685A4A93423BD07B6858
:1036C0001B68594A934236D07B681B68574A93421D
:1036D00031D07B681B68564A93422CD07B681B68AC
:1036E000544A934227D07B681B68534A934222D0A6
:1036F0007B681B68514A93421DD07B681B68504A07
:10370000934218D07B681B684E4A934213D07B6863
:103710001B684D4A93420ED07B681B684B4A93420C
:1037200009D07B681B684A4A934204D07B681B68B7
:10373000484A934201D1012300E00023002B00F00E
:103740002B847B68DB6D03F01F0308229A40BB6962
:103750001340002B00F0A2807B681B682E4A934226
:103760004AD07B681B682D4A934245D07B681B6812
:103770002B4A934240D07B681B682A4A93423BD035
:103780007B681B68284A934236D07B681B68274AAF
:10379000934231D07B681B68254A93422CD07B68CA
:1037A0001B68244A934227D07B681B68224A9342B5
:1037B00022D07B681B68214A93421DD07B681B681E
:1037C0001F4A934218D07B681B681E4A934213D04D
:1037D0007B681B681C4A93420ED07B681B681B4A9F
:1037E000934209D07B681B68194A934204D07B68D6
:1037F0001B68184A93422FD17B681B681B6803F033
:103800000403002B14BF01230023DBB22EE000BF12
:1038100008000024B5814E1B100002402800024021
:103820004000024058000240700002408800024000
:10383000A0000240B80002401004024028040240E8
:1038400040040240580402407004024088040240D0
:10385000A0040240B80402407B681B681B6803F0A8
:103860000803002B14BF01230023DBB2002B15D06B
:103870007B681B681A687B681B6822F004021A6068
:103880007B68DB6D03F01F0308229A403B6A9A6055
:103890007B685B6D43F001027B685A657B68DB6D7A
:1038A00003F01F03BA6922FA03F303F00103002BAC
:1038B0006ED07B681B68694A93424AD07B681B685C
:1038C000674A934245D07B681B68664A934240D062
:1038D0007B681B68644A93423BD07B681B68634AE1
:1038E000934236D07B681B68614A934231D07B6833
:1038F0001B68604A93422CD07B681B685E4A9342E7
:1039000027D07B681B685D4A934222D07B681B6886
:103910005B4A93421DD07B681B685A4A934218D079
:103920007B681B68584A934213D07B681B68574AD0
:1039300093420ED07B681B68554A934209D07B683E
:103940001B68544A934204D07B681B68524A9342D6
:103950000AD17B681B685B6903F08003002B14BFEE
:1039600001230023DBB203E07B681B681B68002394
:10397000002B0DD07B68DB6D03F01F0301229A4002
:103980003B6A9A607B685B6D43F002027B685A6514
:103990007B68DB6D03F01F0304229A40BB69134070
:1039A000002B00F08F807B681B682C4A93424AD022
:1039B0007B681B682A4A934245D07B681B68294A6A
:1039C000934240D07B681B68274A93423BD07B6878
:1039D0001B68264A934236D07B681B68244A934270
:1039E00031D07B681B68234A93422CD07B681B68CC
:1039F000214A934227D07B681B68204A934222D0F9
:103A00007B681B681E4A93421DD07B681B681D4A59
:103A1000934218D07B681B681B4A934213D07B6883
:103A20001B681A4A93420ED07B681B68184A93425F
:103A300009D07B681B68174A934204D07B681B68D7
:103A4000154A93422AD17B681B681B6803F0020366
:103A5000002B14BF01230023DBB223E0100002403F
:103A6000280002404000024058000240700002401E
:103A700088000240A0000240B8000240100402404A
:103A800028040240400402405804024070040240EE
:103A900088040240A0040240B80402407B681B680E
:103AA0001B680023002B0DD07B68DB6D03F01F0328
:103AB00004229A403B6A9A607B685B6D43F0040283
:103AC0007B685A657B68DB6D03F01F0310229A4008
:103AD000BB691340002B00F0A6807B681B68854AF9
:103AE00093424AD07B681B68834A934245D07B68E7
:103AF0001B68824A934240D07B681B68804A93428D
:103B00003BD07B681B687F4A934236D07B681B683A
:103B10007D4A934231D07B681B687C4A93422CD00B
:103B20007B681B687A4A934227D07B681B68794A76
:103B3000934222D07B681B68774A93421DD07B68F2
:103B40001B68764A934218D07B681B68744A93427C
:103B500013D07B681B68734A93420ED07B681B6846
:103B6000714A934209D07B681B68704A934204D023
:103B70007B681B686E4A93420AD17B681B681B688E
:103B800003F00803002B14BF01230023DBB209E07C
:103B90007B681B681B6803F00403002B14BF012320
:103BA0000023DBB2002B3ED07B68DB6D03F01F03EC
:103BB00010229A403B6A9A607B681B681B6803F47A
:103BC0008023002B18D07B681B681B6803F400233C
:103BD000002B08D17B681B6C002B24D07B681B6CEE
:103BE000786898471FE07B689B6C002B1BD07B6834
:103BF0009B6C7868984716E07B681B681B6803F429
:103C00008073002B07D17B681B681A687B681B6870
:103C100022F008021A607B681B6C002B03D07B68C3
:103C20001B6C786898477B68DB6D03F01F032022CC
:103C30009A40BB691340002B00F010817B681B6821
:103C40002C4A93424AD07B681B682B4A934245D04A
:103C50007B681B68294A934240D07B681B68284ACE
:103C600093423BD07B681B68264A934236D07B68E0
:103C70001B68254A934231D07B681B68234A9342D4
:103C80002CD07B681B68224A934227D07B681B6834
:103C9000204A934222D07B681B681F4A93421DD062
:103CA0007B681B681D4A934218D07B681B681C4ABE
:103CB000934213D07B681B681A4A93420ED07B68EC
:103CC0001B68194A934209D07B681B68174A9342C4
:103CD00004D07B681B68164A93422BD17B681B6813
:103CE0001B6803F01003002B14BF01230023DBB279
:103CF0002AE000BF100002402800024040000240BD
:103D0000580002407000024088000240A0000240BB
:103D1000B80002401004024028040240400402405F
:103D2000580402407004024088040240A00402408B
:103D3000B80402407B681B681B6803F00203002B79
:103D400014BF01230023DBB2002B00F087807B68C7
:103D5000DB6D03F01F0320229A403B6A9A607B6868
:103D600093F83530DBB2042B39D17B681B681A68B5
:103D70007B681B6822F016021A607B681B685A6910
:103D80007B681B6822F080025A617B681B6C002BE9
:103D900003D17B689B6C002B07D07B681B681A687B
:103DA0007B681B6822F008021A607B68DB6D03F0F9
:103DB0001F033F229A403B6A9A607B68012283F886
:103DC00035207B68002283F834207B681B6D002B34
:103DD00000F04A837B681B6D7868984744E37B68F2
:103DE0001B681B6803F48023002B18D07B681B68BA
:103DF0001B6803F40023002B08D17B685B6C002B4D
:103E00002CD07B685B6C7868984727E07B68DB6B1D
:103E1000002B23D07B68DB6B786898471EE07B68BB
:103E20001B681B6803F48073002B0FD17B681B6831
:103E30001A687B681B6822F010021A607B680122F6
:103E400083F835207B68002283F834207B68DB6BA5
:103E5000002B03D07B68DB6B786898477B685B6DD1
:103E6000002B00F006837B685B6D03F00103002BE1
:103E700000F088807B68042283F835207B681B680B
:103E80007A4A93424AD07B681B68794A934245D06C
:103E90007B681B68774A934240D07B681B68764AF0
:103EA00093423BD07B681B68744A934236D07B6850
:103EB0001B68734A934231D07B681B68714A9342F6
:103EC0002CD07B681B68704A934227D07B681B68A4
:103ED0006E4A934222D07B681B686D4A93421DD084
:103EE0007B681B686B4A934218D07B681B686A4AE0
:103EF000934213D07B681B68684A93420ED07B685C
:103F00001B68674A934209D07B681B68654A9342E5
:103F100004D07B681B68644A934208D17B681B68A5
:103F20001A687B681B6822F001021A6007E07B6850
:103F30001B681A687B681B6822F001021A60FB6824
:103F40000133FB607A6A9A4207D37B681B681B685F
:103F500003F00103002BF2D100E000BF7B681B6877
:103F60001B6803F00103002B04D07B68032283F855
:103F7000352003E07B68012283F835207B6800222E
:103F800083F834207B68DB6C002B00F072827B6846
:103F9000DB6C786898476CE27B681B68434A934205
:103FA00022D07B681B68424A93421DD07B681B6805
:103FB000404A934218D07B681B683F4A934213D013
:103FC0007B681B683D4A93420ED07B681B683C4A65
:103FD000934209D07B681B683A4A934204D07B68BD
:103FE0001B68394A934201D1012300E00023002BD2
:103FF00000F03F827B681B681B683B617B68DB6D60
:1040000003F01F0304229A407B691340002B00F049
:10401000CD803B6903F00403002B00F0C7807B6870
:10402000DB6D03F01F0304229A40FB695A603B6971
:1040300003F40043002B49D03B6903F48033002B89
:1040400009D17B689B6C002B00F010827B689B6C15
:10405000786898470AE27B681B6C002B00F00682A8
:104060007B681B6C7868984700E200BF1000024034
:104070002800024040000240580002407000024008
:1040800088000240A0000240B80002401004024034
:1040900028040240400402405804024070040240D8
:1040A00088040240A0040240B804024008540258A8
:1040B0001C54025830540258445402585854025860
:1040C0006C54025880540258945402583B6903F0CF
:1040D0002003002B60D17B681B687F4A93424AD043
:1040E0007B681B687D4A934245D07B681B687C4A8D
:1040F000934240D07B681B687A4A93423BD07B68EE
:104100001B68794A934236D07B681B68774A934292
:1041100031D07B681B68764A93422CD07B681B6841
:10412000744A934227D07B681B68734A934222D01B
:104130007B681B68714A93421DD07B681B68704A7C
:10414000934218D07B681B686E4A934213D07B68F9
:104150001B686D4A93420ED07B681B686B4A934282
:1041600009D07B681B686A4A934204D07B681B684D
:10417000684A934208D17B681B681A687B681B6891
:1041800022F008021A6007E07B681B681A687B68E7
:104190001B6822F004021A607B681B6C002B00F085
:1041A00065817B681B6C786898475FE17B68DB6D95
:1041B00003F01F0302229A407B691340002B00F09A
:1041C000C5803B6903F00203002B00F0BF807B68D1
:1041D000DB6D03F01F0302229A40FB695A603B69C2
:1041E00003F40043002B18D03B6903F48033002B09
:1041F00009D17B685B6C002B00F03A817B685B6CBB
:104200007868984734E17B68DB6B002B00F03081E5
:104210007B68DB6B786898472AE13B6903F02003F1
:10422000002B40F089807B681B682B4A93424AD060
:104230007B681B68294A934245D07B681B68284AE3
:10424000934240D07B681B68264A93423BD07B68F0
:104250001B68254A934236D07B681B68234A9342E9
:1042600031D07B681B68224A93422CD07B681B6844
:10427000204A934227D07B681B681F4A934222D072
:104280007B681B681D4A93421DD07B681B681C4AD3
:10429000934218D07B681B681A4A934213D07B68FC
:1042A0001B68194A93420ED07B681B68174A9342D9
:1042B00009D07B681B68164A934204D07B681B6850
:1042C000144A934228D17B681B681A687B681B6874
:1042D00022F014021A6027E0100002402800024079
:1042E0004000024058000240700002408800024036
:1042F000A0000240B800024010040240280402401E
:104300004004024058040240700402408804024005
:10431000A0040240B80402407B681B681A687B68EE
:104320001B6822F00A021A607B68012283F835209C
:104330007B68002283F834207B68DB6B002B00F065
:1043400097807B68DB6B7868984791E07B68DB6DD2
:1043500003F01F0308229A407B691340002B00F0F2
:1043600088803B6903F00803002B00F082807B68A3
:104370001B68414A93424AD07B681B683F4A93427C
:1043800045D07B681B683E4A934240D07B681B68DF
:104390003C4A93423BD07B681B683B4A934236D0F1
:1043A0007B681B68394A934231D07B681B68384A66
:1043B00093422CD07B681B68364A934227D07B6897
:1043C0001B68354A934222D07B681B68334A93426C
:1043D0001DD07B681B68324A934218D07B681B68EB
:1043E000304A934213D07B681B682F4A93420ED009
:1043F0007B681B682D4A934209D07B681B682C4A56
:10440000934204D07B681B682A4A934208D17B6898
:104410001B681A687B681B6822F01C021A6007E0A0
:104420007B681B681A687B681B6822F00E021A60A2
:104430007B68DB6D03F01F0301229A40FB695A6021
:104440007B6801225A657B68012283F835207B68EE
:10445000002283F834207B68DB6C002B09D07B685A
:10446000DB6C7868984704E000BF02E000BF00E022
:1044700000BF2837BD4680BD100002402800024022
:104480004000024058000240700002408800024094
:10449000A0000240B800024010040240280402407C
:1044A0004004024058040240700402408804024064
:1044B000A0040240B804024080B483B000AF78602A
:1044C0007B685B6D18460C37BD465DF8047B704712
:1044D00080B487B000AFF860B9607A603B60FB6879
:1044E0009B6D7B61FB689B6D3B61FB681B687F4A32
:1044F000934272D0FB681B687D4A93426DD0FB6883
:104500001B687C4A934268D0FB681B687A4A9342D6
:1045100063D0FB681B68794A93425ED0FB681B68D6
:10452000774A934259D0FB681B68764A934254D02D
:10453000FB681B68744A93424FD0FB681B68734A40
:1045400093424AD0FB681B68714A934245D0FB688E
:104550001B68704A934240D0FB681B686E4A9342C6
:104560003BD0FB681B686D4A934236D0FB681B68E2
:104570006B4A934231D0FB681B686A4A93422CD045
:10458000FB681B68684A934227D0FB681B68674A30
:10459000934222D0FB681B68654A93421DD0FB689A
:1045A0001B68644A934218D0FB681B68624A9342B6
:1045B00013D0FB681B68614A93420ED0FB681B68EE
:1045C0005F4A934209D0FB681B685E4A934204D05D
:1045D000FB681B685C4A934201D1012300E0002381
:1045E000002B0DD0FB685B6EFA68926E5A60FB6818
:1045F000DB6E002B04D0FB681B6FFA68526F5A60A9
:10460000FB681B68394A93424AD0FB681B68384AEA
:10461000934245D0FB681B68364A934240D0FB6802
:104620001B68354A93423BD0FB681B68334A934270
:1046300036D0FB681B68324A934231D0FB681B6856
:10464000304A93422CD0FB681B682F4A934227D0F4
:10465000FB681B682D4A934222D0FB681B682C4ADA
:1046600093421DD0FB681B682A4A934218D0FB680E
:104670001B68294A934213D0FB681B68274A934260
:104680000ED0FB681B68264A934209D0FB681B6862
:10469000244A934204D0FB681B68234A934201D109
:1046A000012300E00023002B59D0FB68DB6D03F0F1
:1046B0001F033F229A407B699A60FB681B681A6857
:1046C000FB681B6822F480221A60FB681B683A684A
:1046D0005A60FB689B68402B38D1FB681B687A687E
:1046E0009A60FB681B68BA68DA6086E010000240D6
:1046F0002800024040000240580002407000024082
:1047000088000240A0000240B800024010040240AD
:104710002804024040040240580402407004024051
:1047200088040240A0040240B80402400854025821
:104730001C540258305402584454025858540258D9
:104740006C5402588054025894540258FB681B68F9
:10475000BA689A60FB681B687A68DA604DE0FB68AB
:104760001B68294A934222D0FB681B68274A934260
:104770001DD0FB681B68264A934218D0FB681B6853
:10478000244A934213D0FB681B68234A93420ED0FD
:10479000FB681B68214A934209D0FB681B68204ACA
:1047A000934204D0FB681B681E4A934201D1012347
:1047B00000E00023002B20D0FB68DB6D03F01F031B
:1047C00001229A403B695A60FB681B683A685A604C
:1047D000FB689B68402B08D1FB681B687A689A606D
:1047E000FB681B68BA68DA6007E0FB681B68BA6898
:1047F0009A60FB681B687A68DA6000BF1C37BD46A8
:104800005DF8047B704700BF085402581C540258DE
:104810003054025844540258585402586C540258A8
:10482000805402589454025880B485B000AF786028
:104830007B681B68424A93424AD07B681B68414AA6
:10484000934245D07B681B683F4A934240D07B68C7
:104850001B683E4A93423BD07B681B683C4A9342AC
:1048600036D07B681B683B4A934231D07B681B681B
:10487000394A93422CD07B681B68384A934227D030
:104880007B681B68364A934222D07B681B68354A96
:1048900093421DD07B681B68334A934218D07B68D3
:1048A0001B68324A934213D07B681B68304A93429C
:1048B0000ED07B681B682F4A934209D07B681B6827
:1048C0002D4A934204D07B681B682C4A934201D145
:1048D000012300E00023002B24D07B681B68DBB29F
:1048E000103B274AA2FB03231B09FB60FB6803F074
:1048F0000703244AD35C1A467B68DA65FB68032BFE
:1049000008D97B681B681A461F4B13401A1D7B6829
:104910009A650DE07B681B681A461B4B13407A684A
:10492000936505E07B681B6823F0FF027B689A654E
:104930007B689B6D18461437BD465DF8047B704755
:10494000100002402800024040000240580002408F
:104950007000024088000240A0000240B8000240FF
:10496000100402402804024040040240580402405F
:104970007004024088040240A0040240B8040240CF
:10498000ABAAAAAAA8E3010800FCFFFF80B485B087
:1049900000AF78600023FB737B689B69002B20D1FC
:1049A0007B689B6A032B58D801A252F823F000BF02
:1049B000C1490008D3490008C14900085B4A000802
:1049C0007B68DB6A03F08073002B48D00123FB7304
:1049D00045E07B68DB6AB3F1C07F42D10123FB7302
:1049E0003FE07B689B69B3F5005F23D17B689B6ADE
:1049F000032B38D801A252F823F000BF0D4A00085B
:104A0000134A00080D4A0008254A00080123FB73D9
:104A100030E07B68DB6A03F08073002B25D0012334
:104A2000FB7322E07B68DB6AB3F1C07F1FD10123F7
:104A3000FB731CE07B689B6A022B02D9032B03D01B
:104A400018E00123FB7315E07B68DB6A03F08073D9
:104A5000002B0ED00123FB730BE000BF0AE000BF68
:104A600008E000BF06E000BF04E000BF02E000BFB6
:104A700000E000BFFB7B18461437BD465DF8047BA1
:104A8000704700BF80B485B000AF78607B681B685A
:104A9000BB607B681B68384A934222D07B681B68E6
:104AA000364A93421DD07B681B68354A934218D022
:104AB0007B681B68334A934213D07B681B68324A79
:104AC00093420ED07B681B68304A934209D07B68C2
:104AD0001B682F4A934204D07B681B682D4A93427F
:104AE00001D1012300E00023002B1AD07B681B6852
:104AF000DBB2083B284AA2FB03231B09FB60FA68D0
:104B0000264B13449B001A467B681A667B68244A2E
:104B10005A66FB6803F01F0301229A407B689A667D
:104B200024E07B681B68DBB2103B1E4AA2FB032318
:104B30001B09FB60BB681C4A934206D8BB681B4A32
:104B4000934202D9FB680833FB60FA68184B1344A0
:104B50009B001A467B681A667B68164A5A66FB6891
:104B600003F01F0301229A407B689A6600BF143746
:104B7000BD465DF8047B7047085402581C54025827
:104B80003054025844540258585402586C54025835
:104B90008054025894540258CDCCCCCC00960016C8
:104BA00080580258ABAAAAAAB80402400F040240D7
:104BB000008200108008024080B485B000AF7860A9
:104BC0007B685B68DBB2FB60FB68002B4AD0FB684C
:104BD000082B47D87B681B68254A934222D07B6804
:104BE0001B68244A93421DD07B681B68224A93426B
:104BF00018D07B681B68214A934213D07B681B68DE
:104C00001F4A93420ED07B681B681E4A934209D00C
:104C10007B681B681C4A934204D07B681B681B4A54
:104C2000934201D1012300E00023002B0AD0FA684F
:104C3000174B13449B001A467B68DA667B68154A5B
:104C40001A6709E0FA68144B13449B001A467B6804
:104C5000DA667B68114A1A67FB68013B01229A40B9
:104C60007B685A6700BF1437BD465DF8047B704708
:104C7000085402581C5402583054025844540258E4
:104C8000585402586C540258805402589454025894
:104C90003F960016405902583F82001040090240DA
:104CA00080B489B000AF786039600023FB61894B24
:104CB0007B6194E13B681A680121FB6901FA03F307
:104CC00013403B613B69002B00F086813B685B68C9
:104CD00003F00303012B05D03B685B6803F003037B
:104CE000022B30D17B689B68BB61FB695B000322B0
:104CF00002FA03F3DB43BA691340BB613B68DA682D
:104D0000FB695B0002FA03F3BA691343BB617B687A
:104D1000BA699A607B685B68BB610122FB6902FA31
:104D200003F3DB43BA691340BB613B685B681B0953
:104D300003F00102FB6902FA03F3BA691343BB6192
:104D40007B68BA695A603B685B6803F00303032B16
:104D500017D07B68DB68BB61FB695B00032202FA4A
:104D600003F3DB43BA691340BB613B689A68FB6994
:104D70005B0002FA03F3BA691343BB617B68BA694B
:104D8000DA603B685B6803F00303022B23D1FB6905
:104D9000DA087B68083253F82230BB61FB6903F004
:104DA00007039B000F2202FA03F3DB43BA691340A7
:104DB000BB613B681A69FB6903F007039B0002FAB9
:104DC00003F3BA691343BB61FB69DA087B680832F5
:104DD000B96943F822107B681B68BB61FB695B0003
:104DE000032202FA03F3DB43BA691340BB613B6859
:104DF0005B6803F00302FB695B0002FA03F3BA6924
:104E00001343BB617B68BA691A603B685B6803F453
:104E10004033002B00F0E0802F4BD3F8F4302E4AC3
:104E200043F00203C2F8F4302B4BD3F8F43003F014
:104E30000203FB60FB68294AFB699B08023352F8B6
:104E40002330BB61FB6903F003039B000F2202FACE
:104E500003F3DB43BA691340BB617B68204A93428A
:104E600052D07B681F4A934231D07B681E4A9342DE
:104E70002BD07B681D4A934225D07B681C4A934205
:104E80001FD07B681B4A934219D07B681A4A934211
:104E900013D07B68194A93420DD07B68184A93421D
:104EA00007D07B68174A934201D109232DE00A23DA
:104EB0002BE0082329E0072327E0062325E005232C
:104EC00023E0042321E003231FE002231DE001234C
:104ED0001BE000BF80000058004402580004005846
:104EE000000002580004025800080258000C025842
:104EF000001002580014025800180258001C0258F2
:104F000000200258002402580023FA6902F003022C
:104F100092009340BA691343BB613849FB699B080F
:104F20000233BA6941F823204FF0B0431B68BB61DC
:104F30003B69DB43BA691340BB613B685B6803F4C0
:104F40008013002B03D0BA693B691343BB614FF058
:104F5000B042BB6913604FF0B0435B68BB613B6913
:104F6000DB43BA691340BB613B685B6803F4001321
:104F7000002B03D0BA693B691343BB614FF0B042C9
:104F8000BB6953607B695B68BB613B69DB43BA69A2
:104F90001340BB613B685B6803F40033002B03D014
:104FA000BA693B691343BB617B69BA695A607B6923
:104FB0001B68BB613B69DB43BA691340BB613B685B
:104FC0005B6803F48033002B03D0BA693B69134359
:104FD000BB617B69BA691A60FB690133FB613B689D
:104FE0001A68FB6922FA03F3002B7FF463AE00BF5B
:104FF00000BF2437BD465DF8047B704700040058AD
:1050000080B483B000AF78600B467B8013467B7022
:105010007B78002B03D07A887B689A6103E07B88D9
:105020001A047B689A6100BF0C37BD465DF8047BAB
:10503000704780B485B000AF78600B467B807B689A
:105040005B69FB607A88FB6813401A04FB68D943EC
:105050007B880B401A437B689A6100BF1437BD46BA
:105060005DF8047B7047000080B584B000AF7860C5
:10507000194BDB6803F00403042B0AD0164BDB68E2
:1050800003F007037A689A4201D001231FE000234E
:105090001DE0114BDB6823F007020F497B681343C7
:1050A000CB60FCF729FEF86009E0FCF725FE02461C
:1050B000FB68D31AB3F57A7F01D9012307E0064BC9
:1050C0005B6803F40053B3F5005FEED1002318468C
:1050D0001037BD4680BD00BF0048025880B58CB077
:1050E00000AF78607B68002B02D1012300F048BC40
:1050F0007B681B6803F00103002B00F08880994B4C
:105100001B6903F03803FB62964B9B6ABB62FB6A28
:10511000102B07D0FB6A182B11D1BB6A03F00303D5
:10512000022B0CD18F4B1B6803F40033002B6DD086
:105130007B685B68002B69D1012300F021BC7B6890
:105140005B68B3F5803F06D1864B1B68854A43F404
:10515000803313602EE07B685B68002B0CD1814BA1
:105160001B68804A23F4803313607E4B1B687D4AA2
:1051700023F4802313601DE07B685B68B3F5A02FE8
:105180000CD1784B1B68774A43F480231360754B2E
:105190001B68744A43F4803313600BE0714B1B6847
:1051A000704A23F4803313606E4B1B686D4A23F4FE
:1051B000802313607B685B68002B13D0FCF79CFD99
:1051C000786208E0FCF798FD02467B6AD31A642BEC
:1051D00001D90323D4E3634B1B6803F40033002B92
:1051E000F0D014E0FCF788FD786208E0FCF784FD5D
:1051F00002467B6AD31A642B01D90323C0E3594BBF
:105200001B6803F40033002BF0D100E000BF7B6883
:105210001B6803F00203002B00F0CA80514B1B698E
:1052200003F038033B624F4B9B6AFB613B6A002BE8
:1052300007D03B6A182B56D1FB6903F00303002B00
:1052400051D1484B1B6803F00403002B05D07B6849
:10525000DB68002B01D1012392E3424B1B6823F052
:1052600019027B68DB683F4913430B60FCF744FD80
:10527000786208E0FCF740FD02467B6AD31A022BF5
:1052800001D903237CE3374B1B6803F00403002B95
:10529000F0D0FCF73DFD034641F20302934217D8DC
:1052A0007B681B69402B08D12E4B5B6823F47C3351
:1052B0002C4A43F4003353607AE02A4B5B6823F4B2
:1052C0007C327B681B691B03264913434B606FE0EC
:1052D000244B5B6823F0FE427B681B691B06214957
:1052E00013434B6064E07B68DB68002B47D01D4BA9
:1052F0001B6823F019027B68DB681A4913430B60B3
:10530000FCF7FAFC786208E0FCF7F6FC02467B6AE0
:10531000D31A022B01D9032332E3124B1B6803F08B
:105320000403002BF0D0FCF7F3FC034641F2030228
:10533000934219D87B681B69402B08D1094B5B68E5
:1053400023F47C33074A43F40033536030E0054BC9
:105350005B6823F47C327B681B691B0301491343A0
:105360004B6025E0004402589A4B5B6823F0FE42F4
:105370007B681B691B06974913434B6018E0954BEC
:105380001B68944A23F001031360FCF7B5FC7862B4
:1053900008E0FCF7B1FC02467B6AD31A022B01D964
:1053A0000323EDE28B4B1B6803F00403002BF0D1C9
:1053B0007B681B6803F01003002B00F0A980854B6D
:1053C0001B6903F03803BB61824B9B6A7B61BB693D
:1053D000082B07D0BB69182B3AD17B6903F0030374
:1053E000012B35D17B4B1B6803F48073002B05D058
:1053F0007B68DB69802B01D00123C1E2FCF788FCCC
:10540000034641F20302934217D87B681B6A202BA4
:1054100008D1704B5B6823F0F8436E4A43F0804339
:10542000536075E06B4B5B6823F0F8427B681B6A46
:105430009B06684913434B606AE0664BDB6823F0C8
:105440007C527B681B6A1B0662491343CB605FE09A
:105450007B68DB69002B42D05E4B1B685D4A43F0E2
:1054600080031360FCF748FC786208E0FCF744FC1A
:1054700002467B6AD31A022B01D9032380E2554BE3
:105480001B6803F48073002BF0D0FCF741FC03464B
:1054900041F20302934217D87B681B6A202B08D184
:1054A0004C4B5B6823F0F8434A4A43F08043536017
:1054B0002EE0484B5B6823F0F8427B681B6A9B0632
:1054C000444913434B6023E0424BDB6823F07C529A
:1054D0007B681B6A1B063F491343CB6018E03D4BBA
:1054E0001B683C4A23F080031360FCF705FC7862DC
:1054F00008E0FCF701FC02467B6AD31A022B01D9B3
:1055000003233DE2334B1B6803F48073002BF0D17F
:105510007B681B6803F00803002B36D07B685B694F
:10552000002B19D02B4B5B6F2A4A43F001035367C2
:10553000FCF7E2FB786208E0FCF7DEFB02467B6AE0
:10554000D31A022B01D903231AE2224B5B6F03F01B
:105550000203002BF0D018E01E4B5B6F1D4A23F0B6
:1055600001035367FCF7C8FB786208E0FCF7C4FB53
:1055700002467B6AD31A022B01D9032300E2154BA2
:105580005B6F03F00203002BF0D17B681B6803F014
:105590002003002B39D07B689B69002B1CD00D4B5E
:1055A0001B680C4A43F480531360FCF7A5FB786238
:1055B00008E0FCF7A1FB02467B6AD31A022B01D953
:1055C0000323DDE1034B1B6803F40053002BF0D0F1
:1055D0001BE000BF004402589B4B1B689A4A23F40F
:1055E00080531360FCF788FB786208E0FCF784FBCB
:1055F00002467B6AD31A022B01D90323C0E1924BE6
:105600001B6803F40053002BF0D17B681B6803F088
:105610000403002B00F081808C4B1B688B4A43F401
:1056200080731360FCF768FB786208E0FCF764FBAA
:1056300002467B6AD31A642B01D90323A0E1834B72
:105640001B6803F48073002BF0D07B689B68012BF0
:1056500006D17D4B1B6F7C4A43F0010313672DE09D
:105660007B689B68002B0CD1774B1B6F764A23F02D
:1056700001031367744B1B6F734A23F00403136712
:105680001CE07B689B68052B0CD16F4B1B6F6E4A2F
:1056900043F0040313676C4B1B6F6B4A43F0010329
:1056A00013670BE0684B1B6F674A23F00103136716
:1056B000654B1B6F644A23F0040313677B689B6888
:1056C000002B15D0FCF718FB78620AE0FCF714FBFE
:1056D00002467B6AD31A41F28832934201D90323EE
:1056E0004EE1594B1B6F03F00203002BEED014E088
:1056F000FCF702FB78620AE0FCF7FEFA02467B6ADE
:10570000D31A41F28832934201D9032338E14E4B38
:105710001B6F03F00203002BEED17B685B6A002B4A
:1057200000F02D81484B1B6903F03803182B00F063
:10573000BD807B685B6A022B40F09E80424B1B68F9
:10574000414A23F080731360FCF7D6FA786208E0D0
:10575000FCF7D2FA02467B6AD31A022B01D9032343
:105760000EE1394B1B6803F00073002BF0D1364B70
:105770009A6A374B13407A68916A7A68D26A120142
:105780000A43314913438B627B681B6B013BC3F3B4
:1057900008027B685B6B013B5B029BB21A437B6830
:1057A0009B6B013B1B0403F4FE031A437B68DB6B1A
:1057B000013B1B0603F0FE43234913430B63224BBB
:1057C000DB6A214A23F00103D3621F4B5A6B214B42
:1057D00013407A68926CD2001B4913434B631A4BF7
:1057E000DB6A23F00C027B681B6C17491343CB6206
:1057F000154BDB6A23F002027B685B6C1249134392
:10580000CB62114BDB6A104A43F48033D3620E4BF8
:10581000DB6A0D4A43F40033D3620B4BDB6A0A4A5E
:1058200043F48023D362084BDB6A074A43F0010349
:10583000D362054B1B68044A43F080731360FCF786
:105840005BFA786211E000BF004402580048025839
:105850000CFCFFFF0700FFFFFCF74EFA02467B6AD5
:10586000D31A022B01D903238AE0474B1B6803F0AC
:105870000073002BF0D082E0434B1B68424A23F0B8
:1058800080731360FCF738FA786208E0FCF734FAAA
:1058900002467B6AD31A022B01D9032370E03A4BEC
:1058A0001B6803F00073002BF0D168E0364B9B6A55
:1058B0003B61354B1B6BFB607B685B6A012B31D016
:1058C0003B6903F003027B689B6A9A422AD13B69D9
:1058D0001B0903F03F027B68DB6A9A4222D1FB6816
:1058E000C3F308027B681B6B013B9A421AD1FB6829
:1058F0005B0A03F07F027B685B6B013B9A4211D12C
:10590000FB681B0C03F07F027B689B6B013B9A4298
:1059100008D1FB681B0E03F07F027B68DB6B013B49
:105920009A4201D001232BE0174B5B6BDB08C3F3DA
:105930000C033B617B689B6C3A699A421FD0124B07
:10594000DB6A114A23F00103D362FCF7D5F97862D0
:1059500000BFFCF7D1F902467B6A9342F9D00A4BAB
:105960005A6B0A4B13407A68926CD2000649134373
:105970004B63054BDB6A044A43F00103D362002307
:1059800018463037BD4680BD004402580700FFFF6F
:1059900080B586B000AF786039607B68002B01D19C
:1059A00001239CE18A4B1B6803F00F033A689A427B
:1059B00010D9874B1B6823F00F0285493B681343BE
:1059C0000B60834B1B6803F00F033A689A4201D0C7
:1059D000012384E17B681B6803F00403002B10D0D3
:1059E0007B681A697B4B9B6903F070039A4208D964
:1059F000784B9B6923F070027B681B6975491343E0
:105A00008B617B681B6803F00803002B10D07B6858
:105A10005A69704BDB6903F070039A4208D96D4BE9
:105A2000DB6923F070027B685B696A491343CB61D1
:105A30007B681B6803F01003002B10D07B689A6909
:105A4000644BDB6903F4E0639A4208D9614BDB697C
:105A500023F4E0627B689B695E491343CB617B68FA
:105A60001B6803F02003002B10D07B68DA69594BC8
:105A70001B6A03F070039A4208D9564B1B6A23F045
:105A800070027B68DB69534913430B627B681B68B8
:105A900003F00203002B10D07B68DA684D4B9B6942
:105AA00003F00F039A4208D94A4B9B6923F00F0277
:105AB0007B68DB68474913438B617B681B6803F095
:105AC0000103002B55D0434B9B6923F470627B6824
:105AD0009B68404913438B617B685B68022B07D14D
:105AE0003C4B1B6803F40033002B21D10123F6E06B
:105AF0007B685B68032B07D1364B1B6803F0007390
:105B0000002B15D10123EAE07B685B68012B07D1EC
:105B1000304B1B6803F48073002B09D10123DEE0B6
:105B20002C4B1B6803F00403002B01D10123D6E0AA
:105B3000284B1B6923F007027B685B6825491343E8
:105B40000B61FCF7D9F878610AE0FCF7D5F802465A
:105B50007B69D31A41F28832934201D90323BEE014
:105B60001C4B1B6903F038027B685B68DB009A42C0
:105B7000EBD17B681B6803F00203002B10D07B681D
:105B8000DA68144B9B6903F00F039A4208D2114B59
:105B90009B6923F00F027B68DB680E4913438B611E
:105BA0000B4B1B6803F00F033A689A4214D2084B60
:105BB0001B6823F00F0206493B6813430B60044B3C
:105BC0001B6803F00F033A689A4205D0012386E070
:105BD00000200052004402587B681B6803F0040355
:105BE000002B10D07B681A693F4B9B6903F0700350
:105BF0009A4208D23C4B9B6923F070027B681B6978
:105C0000394913438B617B681B6803F00803002B41
:105C100010D07B685A69344BDB6903F070039A42F9
:105C200008D2314BDB6923F070027B685B692E4937
:105C30001343CB617B681B6803F01003002B10D06B
:105C40007B689A69284BDB6903F4E0639A4208D2C7
:105C5000254BDB6923F4E0627B689B69224913438F
:105C6000CB617B681B6803F02003002B10D07B689E
:105C7000DA691D4B1B6A03F070039A4208D21A4B73
:105C80001B6A23F070027B68DB69174913430B62C0
:105C900000F034F80246144B9B691B0A03F00F0313
:105CA0001249CB5C03F01F0322FA03F33B610E4B56
:105CB0009B6903F00F030D4AD35C03F01F033A699D
:105CC00022FA03F30A4A13600A4A3B6913600A4B3B
:105CD0001B681846FBF7F2FB0346FB73FB7B184679
:105CE0001837BD4680BD00BF0044025898E3010844
:105CF0000C000024080000241000002480B489B0A7
:105D000000AFB34B1B6903F03803182B00F2558129
:105D100001A252F823F000BF7D5D0008BB5F0008C0
:105D2000BB5F0008BB5F0008BB5F0008BB5F0008EB
:105D3000BB5F0008BB5F0008A35D0008BB5F0008F5
:105D4000BB5F0008BB5F0008BB5F0008BB5F0008CB
:105D5000BB5F0008BB5F0008A95D0008BB5F0008CF
:105D6000BB5F0008BB5F0008BB5F0008BB5F0008AB
:105D7000BB5F0008BB5F0008AF5D0008944B1B6869
:105D800003F02003002B09D0914B1B68DB0803F0C4
:105D90000303904A22FA03F3BB6111E18D4BBB610F
:105DA0000EE18D4BBB610BE18C4BBB6108E1884B75
:105DB0009B6A03F003037B61854B9B6A1B0903F01D
:105DC0003F033B61824BDB6A03F00103FB60804BC6
:105DD0005B6BDB08C3F30C03FA6802FB03F307EE0B
:105DE000903AF8EE677AC7ED027A3B69002B00F033
:105DF000E1807B69022B00F083807B69022B00F23B
:105E0000A1807B69002B03D07B69012B56D099E0E0
:105E10006F4B1B6803F02003002B2DD06C4B1B68CD
:105E2000DB0803F003036B4A22FA03F37B607B6811
:105E300007EE903AF8EE676A3B6907EE903AF8EEA3
:105E4000677A86EEA77A624B1B6BC3F3080307EEF3
:105E5000903AF8EE676A97ED026ADFED615AC6EE96
:105E6000257A76EEA77AF7EE006A77EEA67A67EEE5
:105E7000277AC7ED077A87E03B6907EE903AF8EE9C
:105E8000677ADFED586A86EEA77A514B1B6BC3F336
:105E9000080307EE903AF8EE676A97ED026ADFEDC5
:105EA000505AC6EE257A76EEA77AF7EE006A77EEBC
:105EB000A67A67EE277AC7ED077A65E03B6907EEB9
:105EC000903AF8EE677ADFED486A86EEA77A404BA3
:105ED0001B6BC3F3080307EE903AF8EE676A97ED81
:105EE000026ADFED3F5AC6EE257A76EEA77AF7EE24
:105EF000006A77EEA67A67EE277AC7ED077A43E065
:105F00003B6907EE903AF8EE677ADFED386A86EE85
:105F1000A77A2F4B1B6BC3F3080307EE903AF8EEFA
:105F2000676A97ED026ADFED2E5AC6EE257A76EEA5
:105F3000A77AF7EE006A77EEA67A67EE277AC7EDC2
:105F4000077A21E03B6907EE903AF8EE677ADFEDD9
:105F5000266A86EEA77A1E4B1B6BC3F3080307EE77
:105F6000903AF8EE676A97ED026ADFED1D5AC6EEC9
:105F7000257A76EEA77AF7EE006A77EEA67A67EED4
:105F8000277AC7ED077A00BF114B1B6B5B0A03F042
:105F90007F0301333B603B6807EE903AB8EE677AC7
:105FA000D7ED076AC6EE877AFCEEE77A17EE903AED
:105FB000BB6105E00023BB6102E0074BBB6100BF92
:105FC000BB6918462437BD465DF8047B704700BFA7
:105FD000004402580090D00300093D0040787D0144
:105FE000000000460024744C0024744A20BCBE4BC0
:105FF00080B582B000AFFFF781FE0246104B9B696F
:106000001B0A03F00F030F49CB5C03F01F0322FAB6
:1060100003F37B600A4B9B6903F00F03094AD35CCF
:1060200003F01F037A6822FA03F3074A1360074A52
:106030007B681360044B1B6818460837BD4680BD5B
:106040000044025898E301080C00002408000024D2
:1060500080B500AFFFF7CCFF0246064BDB691B099A
:1060600003F007030449CB5C03F01F0322FA03F398
:10607000184680BD0044025898E3010880B500AF7F
:10608000FFF7B6FF0246064BDB691B0A03F0070366
:106090000449CB5C03F01F0322FA03F3184680BDCA
:1060A0000044025898E3010880B483B000AF7860E0
:1060B00039607B683F221A601A4B1B6903F00702A4
:1060C0007B685A60174B9B6903F470627B689A6027
:1060D000144B9B6903F00F027B68DA60114B9B69DC
:1060E00003F070027B681A610E4BDB6903F07002EB
:1060F0007B685A610B4BDB6903F4E0627B689A6151
:10610000084B1B6A03F070027B68DA61064B1B6860
:1061100003F00F023B681A6000BF0C37BD465DF804
:10612000047B704700440258002000522DE9B04F14
:10613000CAB000AFC7F81401002387F82731002345
:1061400087F82631D7F81431D3E9002302F0006430
:10615000002554EA050349D0D7F814319B6EB3F5F6
:10616000401F2FD0B3F5401F28D8B3F5001F1AD019
:10617000B3F5001F22D8002B03D0B3F5801F07D042
:106180001CE0B84BDB6AB74A43F40033D3621AE031
:10619000D7F8143108330221184601F08FFC03466A
:1061A00087F827310FE0D7F8143128330221184639
:1061B00001F036FD034687F8273104E0012387F814
:1061C000273100E000BF97F82731002B0AD1A54BFB
:1061D0001B6D23F44011D7F814319B6EA14A0B4379
:1061E000136503E097F8273187F82631D7F8143183
:1061F000D3E9002302F480784FF0000958EA09033C
:1062000047D0D7F814319B6D042B2AD801A252F83D
:1062100023F000BF29620008376200084D620008C1
:106220006B6200086B6200088E4BDB6A8D4A43F498
:106230000033D3621AE0D7F814310833002118462E
:1062400001F03CFC034687F827310FE0D7F8143102
:1062500028330021184601F0E3FC034687F8273174
:1062600004E0012387F8273100E000BF97F82731C9
:10627000002B0AD17B4B1B6D23F00701D7F814319B
:106280009B6D784A0B43136503E097F8273187F835
:106290002631D7F81431D3E9002302F4007A4FF005
:1062A000000B5AEA0B034CD0D7F81431DB6DB3F571
:1062B000807F30D0B3F5807F29D8C02B2DD0C02B64
:1062C00025D8802B18D0802B21D8002B02D0402B32
:1062D00007D01CE0634BDB6A624A43F40033D362AD
:1062E0001CE0D7F8143108330021184601F0E6FB12
:1062F000034687F8273111E0D7F8143128330021FD
:10630000184601F08DFC034687F8273106E001238B
:1063100087F8273102E000BF00E000BF97F827317F
:10632000002B0AD14F4B1B6D23F4E071D7F81431C9
:10633000DB6D4C4A0B43136503E097F8273187F870
:106340002631D7F81431D3E9002302F48063C7F86B
:1063500008310023C7F80C31D7E942120B4613432A
:1063600053D0D7F81431D3F8A830B3F5000F35D097
:10637000B3F5000F2ED8B3F5C00F31D0B3F5C00F71
:1063800028D8B3F5800F1AD0B3F5800F22D8002B90
:1063900003D0B3F5001F07D01CE0324BDB6A314A53
:1063A00043F40033D3621CE0D7F8143108330021E2
:1063B000184601F083FB034687F8273111E0D7F830
:1063C000143128330021184601F02AFC034687F8CF
:1063D000273106E0012387F8273102E000BF00E003
:1063E00000BF97F82731002B0BD11E4B9B6D23F478
:1063F0006001D7F81431D3F8A8301A4A0B439365DB
:1064000003E097F8273187F82631D7F81431D3E91C
:10641000002302F40063C7F800310023C7F80431F9
:10642000D7E940120B46134356D0D7F81431D3F8AE
:10643000AC30B3F1806F38D0B3F1806F31D8B3F1A5
:10644000407F34D0B3F1407F2BD8B3F1007F1DD013
:10645000B3F1007F25D8002B06D0B3F1807F0AD09E
:106460001FE000BF00440258A24BDB6AA14A43F47C
:106470000033D3621CE0D7F81431083300211846EA
:1064800001F01CFB034687F8273111E0D7F81431DF
:1064900028330021184601F0C3FB034687F8273153
:1064A00006E0012387F8273102E000BF00E000BFCB
:1064B00097F82731002B0BD18E4B9B6D23F0E061B9
:1064C000D7F81431D3F8AC308A4A0B43936503E014
:1064D00097F8273187F82631D7F81431D3E900230C
:1064E00002F00073C7F8F8300023C7F8FC30D7E992
:1064F0003E120B4613433AD0D7F81431DB6C302BE5
:106500001FD0302B19D8202B0CD0202B15D8002BC6
:1065100019D0102B11D1774BDB6A764A43F4003344
:10652000D36211E0D7F8143108330221184601F084
:10653000C5FA034687F8273106E0012387F827319B
:1065400002E000BF00E000BF97F82731002B0AD11E
:10655000684BDB6C23F03001D7F81431DB6C654AF3
:106560000B43D36403E097F8273187F82631D7F837
:106570001431D3E9002302F48053C7F8F03000232C
:10658000C7F8F430D7E93C120B46134351D0D7F883
:1065900014311B6EB3F5804F35D0B3F5804F2ED834
:1065A000B3F5405F31D0B3F5405F28D8B3F5005F55
:1065B0001AD0B3F5005F22D8002B03D0B3F5805F6B
:1065C00007D01CE04B4BDB6A4A4A43F40033D362EA
:1065D0001CE0D7F8143108330021184601F06EFA98
:1065E000034687F8273111E0D7F81431283300210A
:1065F000184601F015FB034687F8273106E0012312
:1066000087F8273102E000BF00E000BF97F827318C
:10661000002B0AD1374B1B6D23F4E041D7F814311E
:106620001B6E344A0B43136503E097F8273187F854
:106630002631D7F81431D3E9002302F40053C7F808
:10664000E8300023C7F8EC30D7E93A120B46134381
:1066500056D0D7F814315B6EB3F5A02F33D0B3F515
:10666000A02F2CD8B3F5802F2FD0B3F5802F26D8AC
:10667000B3F5403F2BD0B3F5403F20D8B3F5003FF2
:1066800012D0B3F5003F1AD8002B22D0B3F5803FCB
:1066900015D1D7F8143108330121184601F00EFA4C
:1066A000034687F8273115E0D7F814312833012144
:1066B000184601F0B5FA034687F827310AE00123AE
:1066C00087F8273106E000BF04E000BF02E000BF0A
:1066D00000E000BF97F82731002B0DD1054B1B6D53
:1066E00023F4E021D7F814315B6E024A0B431365A3
:1066F00006E000BF0044025897F8273187F826319A
:10670000D7F81431D3E9002302F48043C7F8E0300E
:106710000023C7F8E430D7E938120B46134355D0AD
:10672000D7F81431D3F8B030B3F1A04F33D0B3F170
:10673000A04F2CD8B3F1804F2FD0B3F1804F26D883
:10674000B3F1405F2BD0B3F1405F20D8B3F1005FCD
:1067500012D0B3F1005F1AD8002B22D0B3F1805FC2
:1067600015D1D7F8143108330121184601F0A6F9E4
:10677000034687F8273115E0D7F814312833012173
:10678000184601F04DFA034687F827310AE0012345
:1067900087F8273106E000BF04E000BF02E000BF39
:1067A00000E000BF97F82731002B0BD1A34B9B6D66
:1067B00023F0E041D7F81431D3F8B0309F4A0B43AF
:1067C000936503E097F8273187F82631D7F814311D
:1067D000D3E9002302F40043C7F8D8300023C7F8F8
:1067E000DC30D7E936120B46134337D0D7F81431D3
:1067F0001B6FB3F1005F0ED0B3F1005F16D8002B12
:1068000018D0B3F1805F11D18C4BDB6A8B4A43F413
:106810000033D3620FE0D7F8143108330121184652
:1068200001F04CF9034687F8273104E0012387F88B
:10683000273100E000BF97F82731002B0AD17F4BAA
:106840001B6D23F04051D7F814311B6F7B4A0B436B
:10685000136503E097F8273187F82631D7F814310C
:10686000D3E9002302F08073C7F8D0300023C7F8C3
:10687000D430D7E934120B46134339D0D7F814314A
:106880009B6C032B1CD801A252F823F0C9680008A6
:106890009D680008AB680008C9680008674BDB6AA0
:1068A000664A43F40033D3620FE0D7F8143108335B
:1068B0000221184601F002F9034687F8273104E067
:1068C000012387F8273100E000BF97F82731002B1C
:1068D0000AD15A4BDB6C23F00301D7F814319B6CBF
:1068E000564A0B43D36403E097F8273187F82631E3
:1068F000D7F81431D3E9002302F48003C7F8C83075
:106900000023C7F8CC30D7E932120B46134300F00E
:106910009F804B4B1B684A4A43F480731360FBF71C
:10692000EBF9C7F820010BE0FBF7E6F90246D7F8D0
:106930002031D31A642B03D9032387F8273105E0CC
:106940003F4B1B6803F48073002BEDD097F8273181
:10695000002B79D1394B1A6FD7F81431D3F8B430F2
:10696000534003F44073002B15D0344B1B6F23F4BA
:106970004073C7F81C31314B1B6F304A43F48033EE
:1069800013672E4B1B6F2D4A23F4803313672B4A5A
:10699000D7F81C311367D7F81431D3F8B430B3F5F6
:1069A000807F18D1FBF7A8F9C7F820010DE0FBF7AD
:1069B000A3F90246D7F82031D21A41F288339A421D
:1069C00003D9032387F8273105E01C4B1B6F03F025
:1069D0000203002BEBD097F82731002B29D1D7F8F1
:1069E0001431D3F8B43003F44073B3F5407F0ED1C3
:1069F000124B1B6923F47C51D7F81431D3F8B4300F
:106A00001A09104B13400D4A0B43136105E00B4B61
:106A10001B690A4A23F47C531361084B196FD7F89A
:106A20001431D3F8B430C3F30B03044A0B43136798
:106A30000EE097F8273187F8263109E00044025824
:106A400000480258CFFFFF0097F8273187F826311A
:106A5000D7F81431D3E9002302F00103C7F8C0309E
:106A60000023C7F8C430D7E930120B46134300F0B7
:106A70008980D7F81431DB6F282B6BD801A252F82C
:106A800023F000BF5D6B0008556B0008556B0008D4
:106A9000556B0008556B0008556B0008556B0008D6
:106AA000556B0008296B0008556B0008556B0008F2
:106AB000556B0008556B0008556B0008556B0008B6
:106AC000556B00083F6B0008556B0008556B0008BC
:106AD000556B0008556B0008556B0008556B000896
:106AE000556B00085D6B0008556B0008556B00087E
:106AF000556B0008556B0008556B0008556B000876
:106B0000556B00085D6B0008556B0008556B00085D
:106B1000556B0008556B0008556B0008556B000855
:106B2000556B00085D6B0008D7F81431083301215C
:106B3000184600F0C3FF034687F827310FE0D7F867
:106B4000143128330121184601F06AF8034687F80A
:106B5000273104E0012387F8273100E000BF97F8D0
:106B60002731002B0AD1BF4B5B6D23F03801D7F8DA
:106B70001431DB6FBB4A0B43536503E097F82731B1
:106B800087F82631D7F81431D3E9002302F0020345
:106B9000C7F8B8300023C7F8BC30D7E92E120B462F
:106BA000134341D0D7F814319B6F052B24D801A291
:106BB00052F823F0016C0008CD6B0008E36B00086D
:106BC000016C0008016C0008016C0008D7F8143152
:106BD00008330121184600F071FF034687F827317A
:106BE0000FE0D7F8143128330121184601F018F8C6
:106BF000034687F8273104E0012387F8273100E0B6
:106C000000BF97F82731002B0AD1964B5B6D23F01C
:106C10000701D7F814319B6F924A0B43536503E089
:106C200097F8273187F82631D7F81431D3E90023B4
:106C300002F00403C7F8B0300023C7F8B430D7E936
:106C40002C120B46134344D0D7F81431D3F89430A8
:106C5000052B25D801A252F823F000BFA96C00082B
:106C6000756C00088B6C0008A96C0008A96C000802
:106C7000A96C0008D7F8143108330121184600F038
:106C80001DFF034687F827310FE0D7F8143128336A
:106C90000121184600F0C4FF034687F8273104E0BD
:106CA000012387F8273100E000BF97F82731002B38
:106CB0000BD16C4B9B6D23F00701D7F81431D3F83F
:106CC0009430684A0B43936503E097F8273187F8BF
:106CD0002631D7F81431D3E9002302F02003C7F896
:106CE000A8300023C7F8AC30D7E92A120B4613436B
:106CF00055D0D7F81431D3F89030B3F1A04F33D03A
:106D0000B3F1A04F2CD8B3F1804F2FD0B3F1804F07
:106D100026D8B3F1405F2BD0B3F1405F20D8B3F158
:106D2000005F12D0B3F1005F1AD8002B22D0B3F16C
:106D3000805F15D1D7F8143108330021184600F0D0
:106D4000BDFE034687F8273115E0D7F81431283304
:106D50000221184600F064FF034687F827310AE055
:106D6000012387F8273106E000BF04E000BF02E0FE
:106D700000BF00E000BF97F82731002B0BD1394B43
:106D80005B6D23F0E041D7F81431D3F89030354AE9
:106D90000B43536503E097F8273187F82631D7F87E
:106DA0001431D3E9002302F04003C7F8A0300023D8
:106DB000C7F8A430D7E928120B46134358D0D7F8A8
:106DC0001431D3F89C30B3F5A05F33D0B3F5A05F96
:106DD0002CD8B3F5805F2FD0B3F5805F26D8B3F5FC
:106DE000406F2BD0B3F5406F20D8B3F5006F12D0B1
:106DF000B3F5006F1AD8002B22D0B3F5806F15D1F0
:106E0000D7F8143108330021184600F057FE034626
:106E100087F8273115E0D7F81431283302211846B6
:106E200000F0FEFE034687F827310AE0012387F8C9
:106E3000273106E000BF04E000BF02E000BF00E031
:106E400000BF97F82731002B0ED1064B9B6D23F422
:106E5000E051D7F81431D3F89C30024A0B439365C4
:106E600006E000BF0044025897F8273187F8263122
:106E7000D7F81431D3E9002302F08003C7F8983023
:106E80000023C7F89C30D7E926120B46134355D090
:106E9000D7F81431D3F8A030B3F5204F33D0B3F581
:106EA000204F2CD8B3F5004F2FD0B3F5004F26D884
:106EB000B3F5C04F2BD0B3F5C04F20D8B3F5804FFA
:106EC00012D0B3F5804F1AD8002B22D0B3F5005F53
:106ED00015D1D7F8143108330021184600F0EEFD23
:106EE000034687F8273115E0D7F8143128330221FB
:106EF000184600F095FE034687F827310AE0012383
:106F000087F8273106E000BF04E000BF02E000BFC1
:106F100000E000BF97F82731002B0BD1A14B9B6DF0
:106F200023F46041D7F81431D3F8A0309D4A0B43C5
:106F3000936503E097F8273187F82631D7F81431A5
:106F4000D3E9002302F00803C7F890300023C7F804
:106F50009430D7E924120B4613431ED0D7F81431CE
:106F6000D3F88430B3F5805F0CD1D7F814312833CF
:106F70000221184600F054FE0346002B02D00123E4
:106F800087F82631874B5B6D23F44051D7F81431D5
:106F9000D3F88430834A0B435365D7F81431D3E9CF
:106FA000002302F01003C7F888300023C7F88C30A4
:106FB000D7E922120B4613431ED0D7F81431D3F869
:106FC0009830B3F5807F0CD1D7F8143128330221E3
:106FD000184600F025FE0346002B02D0012387F857
:106FE0002631704B9B6D23F44071D7F81431D3F8E0
:106FF00098306C4A0B439365D7F81431D3E90023DA
:1070000002F40023C7F880300023C7F88430D7E9A2
:1070100020120B4613433ED0D7F81431D3F8A430D6
:10702000B3F5003F22D0B3F5003F1BD8002B03D0AF
:10703000B3F5803F0BD015E0D7F8143108330021A9
:10704000184600F03BFD034687F827310FE0D7F8DC
:10705000143128330221184600F0E2FD034687F878
:10706000273104E0012387F8273100E000BF97F8BB
:107070002731002B0BD14B4B9B6D23F44031D7F8BC
:107080001431D3F8A430474A0B43936503E097F8D3
:10709000273187F82631D7F81431D3E9002302F4D9
:1070A0008023BB670023FB67D7E91E120B461343FF
:1070B0003BD0D7F81431D3F88830B3F5401F1FD038
:1070C000B3F5401F18D8B3F5801F03D0B3F5001FE8
:1070D00007D011E0334BDB6A324A43F40033D3620A
:1070E0000FE0D7F8143128330121184600F098FD3D
:1070F000034687F8273104E0012387F8273100E0B1
:1071000000BF97F82731002B0BD1264B5B6D23F482
:107110004011D7F81431D3F88830224A0B43536515
:1071200003E097F8273187F82631D7F81431D3E9EF
:10713000002302F480333B6700237B67D7E91C12EE
:107140000B46134334D0D7F814311B6D002B03D0FA
:10715000B3F5803F07D011E0124BDB6A114A43F4CC
:107160000033D3620EE0D7F81431083302211846F9
:1071700000F0A4FC034687F8273103E0012387F8D9
:10718000273100BF97F82731002B0DD1054BDB6C61
:1071900023F48031D7F814311B6D024A0B43D364BA
:1071A00006E000BF0044025897F8273187F82631DF
:1071B000D7F81431D3E9002302F00053BB66002353
:1071C000FB66D7E91A120B4613430CD0D7F81431DB
:1071D00028330221184600F023FD0346002B02D07D
:1071E000012387F82631D7F81431D3E9002302F4BC
:1071F00000333B6600237B66D7E918120B46134326
:1072000038D0D7F81431D3F88030B3F5407F18D098
:10721000B3F5407F11D8B3F5007F14D0B3F5007FEC
:107220000BD8002B11D0B3F5807F06D1C34BDB6A9E
:10723000C24A43F40033D36208E0012387F82731C0
:1072400004E000BF02E000BF00E000BF97F8273174
:10725000002B0BD1B94B5B6D23F44071D7F814317F
:10726000D3F88030B54A0B43536503E097F82731D4
:1072700087F82631D7F81431D3E9002302F48013BC
:10728000BB650023FB65D7E916120B46134309D0F3
:10729000AA4B1B6D23F00041D7F814315B6FA74A4E
:1072A0000B431365D7F81431D3E9002302F0805360
:1072B0003B6500237B65D7E914120B4613430AD0C4
:1072C0009E4B1B6923F48041D7F81431D3F8B830B2
:1072D0009A4A0B431361D7F81431D3E9002302F41F
:1072E0000013BB640023FB64D7E912120B4613435F
:1072F00009D0924B1B6D23F08071D7F81431DB6EEF
:107300008E4A0B431365D7F81431D3E9002302F0FA
:1073100080433B6400237B64D7E910120B46134380
:107320000ED0864B1B69854A23F400431361834BBF
:107330001969D7F81431D3F8BC30804A0B43136174
:10734000D7F81431D3E9002302F00043BB630023D4
:10735000FB63D7E90E120B46134309D0774BDB6C66
:1073600023F04051D7F814315B6D744A0B43D3645A
:10737000D7F81431D3E9002302F400033B63002360
:107380007B63D7E90C120B4613430AD06B4B5B6D42
:1073900023F44001D7F81431D3F88C30674A0B43FB
:1073A0005365D7F81431D3E900230021B96203F003
:1073B0000103FB62D7E90A120B46134311D0D7F839
:1073C000143108330021184600F078FB034687F893
:1073D000273197F82731002B03D097F8273187F80A
:1073E0002631D7F81431D3E900230021396203F0A4
:1073F00002037B62D7E908120B46134311D0D7F87A
:10740000143108330121184600F058FB034687F871
:10741000273197F82731002B03D097F8273187F8C9
:107420002631D7F81431D3E900230021B96103F0E4
:107430000403FB61D7E906120B46134311D0D7F8BA
:10744000143108330221184600F038FB034687F850
:10745000273197F82731002B03D097F8273187F889
:107460002631D7F81431D3E900230021396103F024
:1074700008037B61D7E904120B46134311D0D7F8F8
:10748000143128330021184600F0CAFB034687F860
:10749000273197F82731002B03D097F8273187F849
:1074A0002631D7F81431D3E900230021B96003F065
:1074B0001003FB60D7E902120B46134311D0D7F833
:1074C000143128330121184600F0AAFB034687F83F
:1074D000273197F82731002B03D097F8273187F809
:1074E0002631D7F81431D3E900230021396003F0A5
:1074F00020037B60D7E900120B46134311D0D7F865
:10750000143128330221184600F08AFB034687F81D
:10751000273197F82731002B03D097F8273187F8C8
:10752000263197F82631002B01D1002300E00123FA
:10753000184607F59477BD46BDE8B08F0044025861
:1075400080B500AFFEF754FD0246064B1B6A1B09CF
:1075500003F007030449CB5C03F01F0322FA03F393
:10756000184680BD0044025898E3010880B489B0F1
:1075700000AF7860A14B9B6A03F00303BB619F4B94
:107580009B6A1B0B03F03F037B619C4BDB6A1B096F
:1075900003F001033B61994BDB6BDB08C3F30C0386
:1075A0003A6902FB03F307EE903AF8EE677AC7ED0B
:1075B000037A7B69002B00F01181BB69022B00F07C
:1075C0008380BB69022B00F2A180BB69002B03D032
:1075D000BB69012B56D099E0884B1B6803F0200350
:1075E000002B2DD0854B1B68DB0803F00303844A76
:1075F00022FA03F3BB60BB6807EE903AF8EE676AC5
:107600007B6907EE903AF8EE677A86EEA77A7B4BB5
:107610009B6BC3F3080307EE903AF8EE676A97EDA9
:10762000036ADFED785AC6EE257A76EEA77AF7EE92
:10763000006A77EEA67A67EE277AC7ED077A87E0C9
:107640007B6907EE903AF8EE677ADFED6F6A86EEB7
:10765000A77A6A4B9B6BC3F3080307EE903AF8EEE8
:10766000676A97ED036ADFED675AC6EE257A76EE14
:10767000A77AF7EE006A77EEA67A67EE277AC7ED6B
:10768000077A65E07B6907EE903AF8EE677ADFEDFE
:107690005F6A86EEA77A594B9B6BC3F3080307EE2C
:1076A000903AF8EE676A97ED036ADFED565AC6EE38
:1076B000257A76EEA77AF7EE006A77EEA67A67EE7D
:1076C000277AC7ED077A43E07B6907EE903AF8EE38
:1076D000677ADFED4F6A86EEA77A484B9B6BC3F360
:1076E000080307EE903AF8EE676A97ED036ADFED5C
:1076F000455AC6EE257A76EEA77AF7EE006A77EE5F
:10770000A67A67EE277AC7ED077A21E07B6907EE54
:10771000903AF8EE677ADFED3D6A86EEA77A374B4E
:107720009B6BC3F3080307EE903AF8EE676A97ED98
:10773000036ADFED345AC6EE257A76EEA77AF7EEC5
:10774000006A77EEA67A67EE277AC7ED077A00BF60
:107750002A4B9B6B5B0A03F07F0307EE903AF8EE2F
:10776000677AB7EE007A37EE877AD7ED076AC6EE0A
:10777000877AFCEEE77A17EE902A7B681A601F4B37
:107780009B6B1B0C03F07F0307EE903AF8EE677AD1
:10779000B7EE007A37EE877AD7ED076AC6EE877ABA
:1077A000FCEEE77A17EE902A7B685A60134B9B6BCE
:1077B0001B0E03F07F0307EE903AF8EE677AB7EE00
:1077C000007A37EE877AD7ED076AC6EE877AFCEE45
:1077D000E77A17EE902A7B689A6008E07B680022BF
:1077E0001A607B6800225A607B6800229A6000BFA2
:1077F0002437BD465DF8047B704700BF0044025843
:107800000090D003000000460024744C0024744A09
:1078100020BCBE4B80B489B000AF7860A14B9B6A9E
:1078200003F00303BB619F4B9B6A1B0D03F03F03F7
:107830007B619C4BDB6A1B0A03F001033B61994BA4
:107840005B6CDB08C3F30C033A6902FB03F307EE3E
:10785000903AF8EE677AC7ED037A7B69002B00F067
:107860001181BB69022B00F08380BB69022B00F2FF
:10787000A180BB69002B03D0BB69012B56D099E0D6
:10788000884B1B6803F02003002B2DD0854B1B6811
:10789000DB0803F00303844A22FA03F3BB60BB68EE
:1078A00007EE903AF8EE676A7B6907EE903AF8EED9
:1078B000677A86EEA77A7B4B1B6CC3F3080307EE4F
:1078C000903AF8EE676A97ED036ADFED785AC6EEF4
:1078D000257A76EEA77AF7EE006A77EEA67A67EE5B
:1078E000277AC7ED077A87E07B6907EE903AF8EED2
:1078F000677ADFED6F6A86EEA77A6A4B1B6CC3F37B
:10790000080307EE903AF8EE676A97ED036ADFED39
:10791000675AC6EE257A76EEA77AF7EE006A77EE1A
:10792000A67A67EE277AC7ED077A65E07B6907EEEE
:10793000903AF8EE677ADFED5F6A86EEA77A594BE8
:107940001B6CC3F3080307EE903AF8EE676A97EDF5
:10795000036ADFED565AC6EE257A76EEA77AF7EE81
:10796000006A77EEA67A67EE277AC7ED077A43E0DA
:107970007B6907EE903AF8EE677ADFED4F6A86EEA4
:10798000A77A484B1B6CC3F3080307EE903AF8EE56
:10799000676A97ED036ADFED455AC6EE257A76EE03
:1079A000A77AF7EE006A77EEA67A67EE277AC7ED38
:1079B000077A21E07B6907EE903AF8EE677ADFED0F
:1079C0003D6A86EEA77A374B1B6CC3F3080307EEBC
:1079D000903AF8EE676A97ED036ADFED345AC6EE27
:1079E000257A76EEA77AF7EE006A77EEA67A67EE4A
:1079F000277AC7ED077A00BF2A4B1B6C5B0A03F09E
:107A00007F0307EE903AF8EE677AB7EE007A37EE2A
:107A1000877AD7ED076AC6EE877AFCEEE77A17EE2B
:107A2000902A7B681A601F4B1B6C1B0C03F07F03B2
:107A300007EE903AF8EE677AB7EE007A37EE877A7B
:107A4000D7ED076AC6EE877AFCEEE77A17EE902A42
:107A50007B685A60134B1B6C1B0E03F07F0307EE11
:107A6000903AF8EE677AB7EE007A37EE877AD7ED7C
:107A7000076AC6EE877AFCEEE77A17EE902A7B68F3
:107A80009A6008E07B6800221A607B6800225A60D6
:107A90007B6800229A6000BF2437BD465DF8047BF6
:107AA000704700BF004402580090D0030000004619
:107AB0000024744C0024744A20BCBE4B80B584B0B2
:107AC00000AF786039600023FB73534B9B6A03F06F
:107AD0000303032B01D1012399E04F4B1B684E4A4E
:107AE00023F080631360FAF707F9B86008E0FAF74B
:107AF00003F90246BB68D31A022B01D9032386E09F
:107B0000454B1B6803F00063002BF0D1424B9B6A8E
:107B100023F47C327B681B681B033F4913438B6251
:107B20007B685B68013BC3F308027B689B68013B91
:107B30005B029BB21A437B68DB68013B1B0403F4C6
:107B4000FE031A437B681B69013B1B0603F0FE43DF
:107B5000314913438B63304BDB6A23F0C0027B68EF
:107B60005B692D491343CB622B4BDB6A23F0200268
:107B70007B689B6928491343CB62274BDB6A264A03
:107B800023F01003D362244BDA6B244B13407A6842
:107B9000D269D20020491343CB631F4BDB6A1E4AD4
:107BA00043F01003D3623B68002B06D11A4BDB6A0B
:107BB000194A43F40023D3620FE03B68012B06D13E
:107BC000154BDB6A144A43F48013D36205E0124B71
:107BD000DB6A114A43F40013D3620F4B1B680E4A51
:107BE00043F080631360FAF787F8B86008E0FAF7AB
:107BF00083F80246BB68D31A022B01D9032306E09F
:107C0000054B1B6803F00063002BF0D0FB7B18468C
:107C10001037BD4680BD00BF004402580700FFFF7B
:107C200080B584B000AF786039600023FB73534B9C
:107C30009B6A03F00303032B01D1012399E04F4B0F
:107C40001B684E4A23F080531360FAF755F8B8606A
:107C500008E0FAF751F80246BB68D31A022B01D9A3
:107C6000032386E0454B1B6803F00053002BF0D143
:107C7000424B9B6A23F07C727B681B681B053F4963
:107C800013438B627B685B68013BC3F308027B682C
:107C90009B68013B5B029BB21A437B68DB68013B3C
:107CA0001B0403F4FE031A437B681B69013B1B069C
:107CB00003F0FE43314913430B64304BDB6A23F47A
:107CC00040627B685B692D491343CB622B4BDB6AB7
:107CD00023F400727B689B6928491343CB62274BCE
:107CE000DB6A264A23F48073D362244B5A6C244BFC
:107CF00013407A68D269D200204913434B641F4B6A
:107D0000DB6A1E4A43F48073D3623B68002B06D1C2
:107D10001A4BDB6A194A43F48003D3620FE03B68D5
:107D2000012B06D1154BDB6A144A43F40003D362DE
:107D300005E0124BDB6A114A43F08073D3620F4BAC
:107D40001B680E4A43F080531360F9F7D5FFB86003
:107D500008E0F9F7D1FF0246BB68D31A022B01D91C
:107D6000032306E0054B1B6803F00053002BF0D003
:107D7000FB7B18461037BD4680BD00BF004402584B
:107D80000700FFFF80B582B000AF78607B68002BF2
:107D900001D1012349E07B6893F83D30DBB2002B31
:107DA00006D17B68002283F83C20786800F041F817
:107DB0007B68022283F83D207B681A687B68043365
:107DC0001946104600F0E8F97B68012283F8482044
:107DD0007B68012283F83E207B68012283F83F20E4
:107DE0007B68012283F840207B68012283F84120D0
:107DF0007B68012283F842207B68012283F84320BC
:107E00007B68012283F844207B68012283F84520A7
:107E10007B68012283F846207B68012283F8472093
:107E20007B68012283F83D20002318460837BD46B1
:107E300080BD80B483B000AF786000BF0C37BD4612
:107E40005DF8047B7047000080B485B000AF7860B7
:107E50007B6893F83D30DBB2012B01D0012354E065
:107E60007B68022283F83D207B681B68DA687B68A8
:107E70001B6842F00102DA607B681B68264A934265
:107E800022D07B681B68B3F1804F1DD07B681B68D4
:107E9000224A934218D07B681B68214A934213D030
:107EA0007B681B681F4A93420ED07B681B681E4A82
:107EB000934209D07B681B681C4A934204D07B68BC
:107EC0001B681B4A934215D17B681B689A68194B43
:107ED0001340FB60FB68062B15D0FB68B3F5803FB1
:107EE00011D07B681B681A687B681B6842F001022E
:107EF0001A6008E07B681B681A687B681B6842F0A0
:107F000001021A6000E000BF002318461437BD4686
:107F10005DF8047B704700BF000001400004004092
:107F200000080040000C0040000401400018004020
:107F3000004001400700010080B584B000AF7860C8
:107F40007B681B68DB68FB607B681B681B69BB6028
:107F5000BB6803F00203002B20D0FB6803F0020390
:107F6000002B1BD07B681B686FF002021A617B68D4
:107F700001221A777B681B689B6903F00303002BBF
:107F800003D0786800F0E9F805E0786800F0DBF8E5
:107F9000786800F0ECF87B6800221A77BB6803F081
:107FA0000403002B20D0FB6803F00403002B1BD03C
:107FB0007B681B686FF004021A617B6802221A77E3
:107FC0007B681B689B6903F44073002B03D07868BF
:107FD00000F0C3F805E0786800F0B5F8786800F0C4
:107FE000C6F87B6800221A77BB6803F00803002BF1
:107FF00020D0FB6803F00803002B1BD07B681B68B4
:108000006FF008021A617B6804221A777B681B688C
:10801000DB6903F00303002B03D0786800F09DF8C0
:1080200005E0786800F08FF8786800F0A0F87B68C9
:1080300000221A77BB6803F01003002B20D0FB68E6
:1080400003F01003002B1BD07B681B686FF010023D
:108050001A617B6808221A777B681B68DB6903F466
:108060004073002B03D0786800F077F805E078685B
:1080700000F069F8786800F07AF87B6800221A77D7
:10808000BB6803F00103002B0CD0FB6803F0010375
:10809000002B07D07B681B686FF001021A617868BB
:1080A000F9F7D6F9BB6803F08003002B04D1BB6855
:1080B00003F40053002B0CD0FB6803F08003002B6B
:1080C00007D07B681B686FF402521A61786800F071
:1080D00013F9BB6803F48073002B0CD0FB6803F02A
:1080E0008003002B07D07B681B686FF480721A61D5
:1080F000786800F00BF9BB6803F04003002B0CD04C
:10810000FB6803F04003002B07D07B681B686FF00F
:1081100040021A61786800F034F8BB6803F020036D
:10812000002B0CD0FB6803F02003002B07D07B68EA
:108130001B686FF020021A61786800F0D3F800BF66
:108140001037BD4680BD80B483B000AF786000BFFB
:108150000C37BD465DF8047B704780B483B000AF38
:10816000786000BF0C37BD465DF8047B704780B473
:1081700083B000AF786000BF0C37BD465DF8047B6C
:10818000704780B483B000AF786000BF0C37BD4645
:108190005DF8047B7047000080B485B000AF786064
:1081A00039607B681B68FB607B68464A934213D04A
:1081B0007B68B3F1804F0FD07B68434A93420BD06A
:1081C0007B68424A934207D07B68414A934203D07E
:1081D0007B68404A934208D1FB6823F07003FB6040
:1081E0003B685B68FA681343FB607B68354A9342DF
:1081F0001FD07B68B3F1804F1BD07B68324A93421B
:1082000017D07B68314A934213D07B68304A93423F
:108210000FD07B682F4A93420BD07B682E4A934243
:1082200007D07B682D4A934203D07B682C4A934247
:1082300008D1FB6823F44073FB603B68DB68FA6895
:108240001343FB60FB6823F080023B685B691343C8
:10825000FB607B68FA681A603B689A687B68DA6240
:108260003B681A687B689A627B68164A93420FD013
:108270007B68184A93420BD07B68174A934207D019
:108280007B68164A934203D07B68154A934203D118
:108290003B681A697B681A637B6801225A617B68B4
:1082A0001B6903F00103012B05D17B681B6923F0D7
:1082B00001027B681A6100BF1437BD465DF8047B7C
:1082C000704700BF0000014000040040000800406B
:1082D000000C004000040140004001400044014007
:1082E0000048014080B483B000AF786000BF0C3715
:1082F000BD465DF8047B704780B483B000AF786002
:1083000000BF0C37BD465DF8047B704780B483B076
:1083100000AF786000BF0C37BD465DF8047B704746
:1083200080B582B000AF78607B68002B01D101235B
:1083300042E07B68D3F88830002B06D17B680022AE
:1083400083F884207868F9F735FB7B682422C3F82A
:1083500088207B681B681A687B681B6822F0010212
:108360001A607B689B6A002B02D0786801F078FB6A
:10837000786800F00DFE0346012B01D101231BE0BC
:108380007B681B685A687B681B6822F490425A60BD
:108390007B681B689A687B681B6822F02A029A60D7
:1083A0007B681B681A687B681B6842F001021A60D0
:1083B000786801F0F7FB034618460837BD4680BDD4
:1083C00080B58AB002AFF860B9603B601346FB80AD
:1083D000FB68D3F88830202B7BD1BB68002B02D000
:1083E000FB88002B01D1012374E0FB680022C3F855
:1083F0009020FB682122C3F88820F9F77DFC786182
:10840000FB68FA88A3F85420FB68FA88A3F8562082
:10841000FB689B68B3F5805F08D1FB681B69002B84
:1084200004D10023FB61BB68BB6103E0BB68FB6157
:108430000023BB6130E03B6800937B690022802110
:10844000F86801F059FC0346002B05D0FB68202298
:10845000C3F8882003233DE0FB69002B0BD1BB69E7
:108460001B881A46FB681B68C2F308029A62BB6944
:108470000233BB6107E0FB691A78FB681B689A62EC
:10848000FB690133FB61FB68B3F856309BB2013BDB
:108490009AB2FB68A3F85620FB68B3F856309BB23B
:1084A000002BC8D13B6800937B6900224021F8680B
:1084B00001F022FC0346002B05D0FB682022C3F804
:1084C0008820032306E0FB682022C3F888200023CD
:1084D00000E0022318462037BD4680BD80B58AB033
:1084E00000AFF860B9601346FB80FB68D3F88830B2
:1084F000202B67D1BB68002B02D0FB88002B01D159
:10850000012360E0FB68BA681A65FB68FA88A3F883
:108510005420FB68FA88A3F85620FB680022C3F8B1
:108520009020FB682122C3F88820FB68DB6F002BBA
:1085300028D0FB68DB6F264ADA63FB68DB6F254ACD
:108540001A64FB68DB6F244ADA64FB68DB6F002285
:108550001A65FB68D86FFB681B6D1946FB681B68C2
:1085600028331A46FB88FAF7AFF80346002B09D0E8
:10857000FB681022C3F89020FB682022C3F88820F3
:10858000012320E0FB681B6840221A62FB681B681D
:1085900008337B617B6953E8003F3B613B6943F0F3
:1085A00080037B62FB681B6808337A6A3A62FB616E
:1085B000F9693A6A41E80023BB61BB69002BE5D148
:1085C000002300E0022318462837BD4680BD00BFC7
:1085D00071A0000807A1000889A2000880B58AB030
:1085E00000AFF860B9601346FB80FB68D3F88C30AD
:1085F000202B37D1BB68002B02D0FB88002B01D188
:10860000012330E0FB680022DA66FB681B68184A29
:1086100093421FD0FB681B685B6803F40003002BC8
:1086200018D0FB681B687B617B6953E8003F3B61A6
:108630003B6943F080637B62FB681B681A467B6A78
:108640003B62FA61F9693A6A41E80023BB61BB69A0
:10865000002BE6D1FB881A46B968F86801F0BAFB2E
:10866000034600E0022318462837BD4680BD00BF00
:10867000000C005880B590B000AF78607B68D3F8EC
:108680008830FB637B68D3F88C30BB637B681B68E6
:108690009B6803F08003802B39D1FB6B212B36D1F3
:1086A0007B681B6808333B623B6A53E8003FFB6111
:1086B000FB6923F080037B637B681B6808337A6B5C
:1086C000FA62BB62B96AFA6A41E800237B627B6A9C
:1086D000002BE5D17B68DB6F002B15D07B68DB6F4F
:1086E0001846FAF75BFA0346002B0DD07B68DB6F68
:1086F0001846FBF7E1FE0346202B05D17B681022CC
:10870000C3F89020032347E0786801F009FC7B68F8
:108710001B689B6803F04003402B3CD1BB6B222BB2
:1087200039D17B681B680833FB60FB6853E8003F66
:10873000BB60BB6823F040033B637B681B68083366
:108740003A6BBA617B617969BA6941E800233B61A0
:108750003B69002BE5D17B68D3F88030002B17D024
:108760007B68D3F880301846FAF718FA0346002BD6
:108770000ED07B68D3F880301846FBF79DFE034689
:10878000202B05D17B681022C3F89020032303E03F
:10879000786801F007FC002318464037BD4680BDCD
:1087A00080B5BAB000AF78607B681B68DB69C7F83A
:1087B000E4307B681B681B68C7F8E0307B681B6887
:1087C0009B68C7F8DC30D7F8E42040F60F0313406D
:1087D000C7F8D830D7F8D830002B1BD1D7F8E43001
:1087E00003F02003002B15D0D7F8E03003F020036E
:1087F000002B05D1D7F8DC3003F08053002B09D0D3
:108800007B685B6F002B00F077837B685B6F786819
:10881000984771E3D7F8D830002B00F02381D7F8C0
:10882000DC208D4B1340002B06D1D7F8E0208B4B7A
:108830001340002B00F01681D7F8E43003F0010359
:10884000002B11D0D7F8E03003F48073002B0BD04D
:108850007B681B6801221A627B68D3F8903043F072
:1088600001027B68C3F89020D7F8E43003F00203DC
:10887000002B11D0D7F8DC3003F00103002B0BD014
:108880007B681B6802221A627B68D3F8903043F041
:1088900004027B68C3F89020D7F8E43003F00403A7
:1088A000002B11D0D7F8DC3003F00103002B0BD0E4
:1088B0007B681B6804221A627B68D3F8903043F00F
:1088C00002027B68C3F89020D7F8E43003F0080375
:1088D000002B17D0D7F8E03003F02003002B05D190
:1088E000D7F8DC205C4B1340002B0BD07B681B6857
:1088F00008221A627B68D3F8903043F008027B6844
:10890000C3F89020D7F8E43003F40063002B12D0B2
:10891000D7F8E03003F08063002B0CD07B681B6835
:108920004FF400621A627B68D3F8903043F0200263
:108930007B68C3F890207B68D3F89030002B00F060
:10894000DD82D7F8E43003F02003002B13D0D7F8F2
:10895000E03003F02003002B05D1D7F8DC3003F022
:108960008053002B07D07B685B6F002B03D07B68A4
:108970005B6F786898477B68D3F89030C7F8D4303D
:108980007B681B689B6803F04003402B05D0D7F839
:10899000D43003F02803002B54D0786801F002FB98
:1089A0007B681B689B6803F04003402B46D17B68C3
:1089B0001B680833C7F89C30D7F89C3053E8003F59
:1089C000C7F89830D7F8983023F04003C7F8D03074
:1089D0007B681B680833D7F8D020C7F8A820C7F8F1
:1089E000A430D7F8A410D7F8A82041E80023C7F88E
:1089F000A030D7F8A030002BD9D17B68D3F88030D5
:108A0000002B17D07B68D3F88030154A1A657B6835
:108A1000D3F880301846FAF7DFFB0346002B19D055
:108A20007B68D3F880301B6D7A68D2F880201046BE
:108A300098470FE0786800F095FA0BE0786800F04E
:108A400091FA07E0786800F08DFA7B680022C3F89D
:108A5000902053E200BF51E2010000102001000409
:108A600009A300087B68DB6E012B40F0E781D7F893
:108A7000E43003F01003002B00F0E081D7F8E03081
:108A800003F01003002B00F0D9817B681B681022D3
:108A90001A627B681B689B6803F04003402B40F020
:108AA00051817B68D3F880301B68964A934268D026
:108AB0007B68D3F880301B68934A934261D07B680F
:108AC000D3F880301B68914A93425AD07B68D3F820
:108AD00080301B688E4A934253D07B68D3F8803035
:108AE0001B688C4A93424CD07B68D3F880301B685B
:108AF000894A934245D07B68D3F880301B68874A07
:108B000093423ED07B68D3F880301B68844A9342FE
:108B100037D07B68D3F880301B68824A934230D0CC
:108B20007B68D3F880301B687F4A934229D07B68EA
:108B3000D3F880301B687D4A934222D07B68D3F8FB
:108B400080301B687A4A93421BD07B68D3F8803010
:108B50001B68784A934214D07B68D3F880301B6836
:108B6000754A93420DD07B68D3F880301B68734AF6
:108B7000934206D07B68D3F880301B68704A9342DA
:108B800006D17B68D3F880301B685B689BB205E038
:108B90007B68D3F880301B685B689BB2A7F8BE3057
:108BA000B7F8BE30002B00F0AB817B68B3F85C30C7
:108BB000B7F8BE209A4280F0A3817B68B7F8BE2048
:108BC000A3F85E207B68D3F88030DB69B3F5807F43
:108BD00000F087807B681B68C7F88830D7F888303A
:108BE00053E8003FC7F88430D7F8843023F480730B
:108BF000C7F8B8307B681B681A46D7F8B830C7F892
:108C00009430C7F89020D7F89010D7F8942041E816
:108C10000023C7F88C30D7F88C30002BDAD17B6872
:108C20001B6808337B677B6F53E8003F3B673B6FF4
:108C300023F00103C7F8B4307B681B680833D7F80A
:108C4000B420C7F88020FB67F96FD7F8802041E88F
:108C50000023BB67BB6F002BE1D17B681B68083327
:108C60003B663B6E53E8003FFB65FB6D23F0400322
:108C7000C7F8B0307B681B680833D7F8B020FA66B5
:108C8000BB66B96EFA6E41E800237B667B6E002BF3
:108C9000E3D17B682022C3F88C207B680022DA664F
:108CA0007B681B68FB64FB6C53E8003FBB64BB6CD8
:108CB00023F01003C7F8AC307B681B681A46D7F85E
:108CC000AC30BB657A65796DBA6D41E800233B65D0
:108CD0003B6D002BE4D17B68D3F880301846F9F760
:108CE0005DFF7B6802221A677B68B3F85C207B68B3
:108CF000B3F85E309BB2D31A9BB21946786800F085
:108D00003BF9FDE010000240280002404000024014
:108D1000580002407000024088000240A00002405B
:108D2000B8000240100402402804024040040240FF
:108D3000580402407004024088040240A00402402B
:108D4000B80402407B68B3F85C207B68B3F85E30FF
:108D50009BB2D31AA7F8CE307B68B3F85E309BB2D3
:108D6000002B00F0CF80B7F8CE30002B00F0CA8087
:108D70007B681B68BB63BB6B53E8003F7B637B6B0B
:108D800023F49073C7F8C8307B681B681A46D7F87D
:108D9000C8307B643A64396C7A6C41E80023FB6329
:108DA000FB6B002BE4D17B681B6808337B627B6A1A
:108DB00053E8003F3B623A6A554B1340C7F8C43052
:108DC0007B681B680833D7F8C4203A63FB62F96AF2
:108DD0003A6B41E80023BB62BB6A002BE3D17B689E
:108DE0002022C3F88C207B680022DA667B68002290
:108DF0005A677B681B683B613B6953E8003FFB6037
:108E0000FB6823F01003C7F8C0307B681B681A4664
:108E1000D7F8C030FB61BA61B969FA6941E800234B
:108E20007B617B69002BE4D17B6802221A67B7F86B
:108E3000CE301946786800F09FF863E0D7F8E43048
:108E400003F48013002B0ED0D7F8DC3003F480033A
:108E5000002B08D07B681B684FF480121A62786878
:108E600001F093FA51E0D7F8E43003F08003002BCF
:108E700014D0D7F8E03003F08003002B05D1D7F8E9
:108E8000DC3003F40003002B08D07B689B6F002BC1
:108E90003AD07B689B6F7868984735E0D7F8E43024
:108EA00003F04003002B09D0D7F8E03003F0400373
:108EB000002B03D0786801F03DFA26E0D7F8E430C3
:108EC00003F40003002B09D0D7F8E03003F080430F
:108ED000002B03D0786801F06CFA16E0D7F8E43084
:108EE00003F08073002B10D0D7F8E030002B0CDAA1
:108EF000786801F054FA08E000BF06E000BF04E023
:108F000000BF02E000BF00E000BFE837BD4680BD03
:108F1000FEFFFFEF80B483B000AF786000BF0C3776
:108F2000BD465DF8047B704780B483B000AF7860C5
:108F300000BF0C37BD465DF8047B704780B483B03A
:108F400000AF786000BF0C37BD465DF8047B70470A
:108F500080B483B000AF786000BF0C37BD465DF8C9
:108F6000047B704780B483B000AF786000BF0C37DB
:108F7000BD465DF8047B704780B483B000AF786075
:108F80000B467B8000BF0C37BD465DF8047B704705
:108F90002DE9B04F92B000AF7861002387F84230DE
:108FA0007B699A687B691B691A437B695B691A4311
:108FB0007B69DB6913437B647B691B681A68BE4B62
:108FC00013407A691268796C0B4313607B691B68E4
:108FD0005B6823F440517B69DA687B691B680A434C
:108FE0005A607B699B697B647B691B68B34A9342C7
:108FF00004D07B691B6A7A6C13437B647B691B68B2
:109000009A68AF4B13407A691268796C0B4393608E
:109010007B691B68DB6A23F00F017B695A6A7B69F5
:109020001B680A43DA627B691B68A64A934277D1C0
:10903000A54B5B6D03F03803282B6DD801A252F8C5
:1090400023F000BFE9900008199100081991000869
:109050001991000819910008199100081991000848
:1090600019910008F1900008199100081991000861
:109070001991000819910008199100081991000828
:1090800019910008F9900008199100081991000839
:109090001991000819910008199100081991000808
:1090A0001991000801910008199100081991000810
:1090B00019910008199100081991000819910008E8
:1090C00019910008099100081991000819910008E8
:1090D00019910008199100081991000819910008C8
:1090E0001991000811910008012387F8433022E20A
:1090F000042387F843301EE2082387F843301AE23E
:10910000102387F8433016E2202387F8433012E219
:10911000402387F843300EE2802387F843300AE289
:109120007B691B68694A934230D1674B5B6D03F0E2
:109130000703052B26D801A252F823F05591000809
:109140005D910008659100086D9100087591000817
:109150007D910008002387F84330ECE1042387F871
:109160004330E8E1082387F84330E4E1102387F82F
:109170004330E0E1202387F84330DCE1402387F8E7
:109180004330D8E1802387F84330D4E17B691B6802
:109190004F4A934230D14C4B5B6D03F00703052BD4
:1091A00026D801A252F823F0C1910008C991000805
:1091B000D1910008D9910008E1910008E9910008D7
:1091C000002387F84330B6E1042387F84330B2E147
:1091D000082387F84330AEE1102387F84330AAE133
:1091E000202387F84330A6E1402387F84330A2E1EB
:1091F000802387F843309EE17B691B68354A9342A0
:1092000030D1314B5B6D03F00703052B26D801A24B
:1092100052F823F02D920008359200083D92000884
:10922000459200084D92000855920008002387F8E7
:10923000433080E1042387F843307CE1082387F83A
:10924000433078E1102387F8433074E1202387F816
:10925000433070E1402387F843306CE1802387F886
:10926000433068E17B691B681B4A934242D1164B2D
:109270005B6D03F00703052B38D801A252F823F0E9
:1092800099920008A1920008A9920008B1920008E2
:10929000DD920008E5920008002387F843304AE198
:1092A000042387F8433046E1082387F8433042E13E
:1092B000102387F843303EE1F369FFCF000C0058DC
:1092C000FFF4FF1100100140004402580044004028
:1092D00000480040004C004000500040202387F828
:1092E000433028E1402387F8433024E1802387F886
:1092F000433020E17B691B68CB4A934276D1CB4B4C
:109300005B6D03F03803282B6CD801A252F823F0D0
:10931000B5930008E5930008E5930008E59300087D
:10932000E5930008E5930008E5930008E59300083D
:10933000BD930008E5930008E5930008E593000855
:10934000E5930008E5930008E5930008E59300081D
:10935000C5930008E5930008E5930008E59300082D
:10936000E5930008E5930008E5930008E5930008FD
:10937000CD930008E5930008E5930008E593000805
:10938000E5930008E5930008E5930008E5930008DD
:10939000D5930008E5930008E5930008E5930008DD
:1093A000E5930008E5930008E5930008E5930008BD
:1093B000DD930008012387F84330BCE0042387F8DD
:1093C0004330B8E0082387F84330B4E0102387F82F
:1093D0004330B0E0202387F84330ACE0402387F8E7
:1093E0004330A8E0802387F84330A4E07B691B6802
:1093F0008F4A934230D18D4B5B6D03F00703052BF1
:1094000026D801A252F823F02194000829940008DC
:1094100031940008399400084194000849940008E8
:10942000002387F8433086E0042387F8433082E046
:10943000082387F843307EE0102387F843307AE032
:10944000202387F8433076E0402387F8433072E0EA
:10945000802387F843306EE07B691B68754A93422E
:1094600030D1724B5B6D03F00703052B26D801A2A8
:1094700052F823F08D940008959400089D940008FC
:10948000A5940008AD940008B5940008002387F85F
:10949000433050E0042387F843304CE0082387F83A
:1094A000433048E0102387F8433044E0202387F816
:1094B000433040E0402387F843303CE0802387F886
:1094C000433038E07B691B685B4A934230D1574B8D
:1094D0009B6D03F00703052B26D801A252F823F059
:1094E000F9940008019500080995000811950008F5
:1094F0001995000821950008022387F843301AE0E7
:10950000042387F8433016E0082387F8433012E03D
:10951000102387F843300EE0202387F843300AE019
:10952000402387F8433006E0802387F8433002E089
:10953000802387F843307B691B683F4A934240F0A1
:10954000F88097F84330202B46DC022BC0F2828053
:10955000023B1E2B7ED801A252F823F0DF950008B3
:1095600055960008E795000855960008559600089E
:1095700055960008F795000855960008559600087E
:10958000559600085596000855960008559600080F
:10959000559600080796000855960008559600084D
:1095A00055960008559600085596000855960008EF
:1095B00055960008559600085596000855960008DF
:1095C00055960008559600085596000855960008CF
:1095D0005596000847960008402B37D03AE0FDF733
:1095E000AFFFF8633CE007F124031846FDF7BEFF28
:1095F000BB6AFB6334E007F118031846FEF70AF96B
:10960000FB69FB632CE0094B1B6803F02003002B74
:1096100016D0064B1B68DB0803F00303074A22FA47
:1096200003F3FB631CE000BF001401400044025838
:1096300000780040007C0040000C00580090D003EF
:109640009D4BFB630CE09D4BFB6309E04FF4004333
:10965000FB6305E00023FB63012387F8423000BF72
:10966000FB6B002B00F0DE817B695B6A944A32F869
:1096700013301A46FB6BB3FBF2F33B637B695A680A
:1096800013465B0013443A6B9A4205D37B695B68CF
:109690001B033A6B9A4203D9012387F84230C1E198
:1096A000FB6B0022BB60FA607B695B6A844A32F81C
:1096B00013309BB200223B607A60D7E90023D7E9E0
:1096C0000201F6F7C5FE02460B46104619464FF05A
:1096D00000024FF000030B0243EA106302027969B3
:1096E0004968490800200C46054612EB040843EB84
:1096F00005097B695B6800229A46934652465B46A1
:1097000040464946F6F7A4FE02460B461346BB63A5
:10971000BB6BB3F5407F08D3BB6BB3F5801F04D29E
:109720007B691B68BA6BDA607CE1012387F8423001
:1097300078E17B69DB69B3F5004F40F0C58097F8AD
:109740004330202B48DC002B7BDB202B79D801A277
:1097500052F823F0DF970008E797000843980008C5
:1097600043980008EF9700084398000843980008C2
:1097700043980008FF9700084398000843980008A2
:10978000439800084398000843980008439800084D
:10979000439800080F980008439800084398000871
:1097A000439800084398000843980008439800082D
:1097B000439800084398000843980008439800081D
:1097C000439800084398000843980008439800080D
:1097D0004398000835980008402B2ED031E0FCF764
:1097E00037FCF86333E0FCF749FCF8632FE007F13E
:1097F00024031846FDF7BAFEBB6AFB6327E007F1B6
:1098000018031846FEF706F8FB69FB631FE02D4BB3
:109810001B6803F02003002B09D02A4B1B68DB08D0
:1098200003F00303244A22FA03F3FB630FE0224B05
:10983000FB630CE0214BFB6309E04FF40043FB6347
:1098400005E00023FB63012387F8423000BFFB6B78
:10985000002B00F0E7807B695B6A194A32F813300D
:109860001A46FB6BB3FBF2F35A007B695B685B083B
:109870001A447B695B68B2FBF3F3BB63BB6B0F2BD2
:1098800016D9BB6BB3F5803F12D2BB6B9BB223F0F2
:109890000F03FB86BB6B5B089BB203F007039AB216
:1098A000FB8E1343FB867B691B68FA8EDA60B9E096
:1098B000012387F84230B5E00090D00300093D0055
:1098C000B0E301080044025897F84330202B49DCEC
:1098D000002B7CDB202B7AD801A252F823F000BFAA
:1098E0006B99000873990008CF990008CF99000878
:1098F0007B990008CF990008CF990008CF990008FC
:109900008B990008CF990008CF990008CF990008DB
:10991000CF990008CF990008CF990008CF99000887
:109920009B990008CF990008CF990008CF990008AB
:10993000CF990008CF990008CF990008CF99000867
:10994000CF990008CF990008CF990008CF99000857
:10995000CF990008CF990008CF990008CF99000847
:10996000C1990008402B2ED031E0FCF771FBF86361
:1099700033E0FCF783FBF8632FE007F1240318467C
:10998000FDF7F4FDBB6AFB6327E007F118031846F7
:10999000FDF740FFFB69FB631FE02D4B1B6803F0E5
:1099A0002003002B09D02A4B1B68DB0803F00303BC
:1099B000284A22FA03F3FB630FE0264BFB630CE01B
:1099C000254BFB6309E04FF40043FB6305E00023F4
:1099D000FB63012387F8423000BFFB6B002B21D0D3
:1099E0007B695B6A1D4A32F813301A46FB6BB3FB86
:1099F000F2F27B695B685B081A447B695B68B2FBC7
:109A0000F3F3BB63BB6B0F2B09D9BB6BB3F5803F83
:109A100005D2BB6B9AB27B691B68DA6002E0012356
:109A200087F842307B690122A3F86A207B69012212
:109A3000A3F868207B6900225A677B6900229A6735
:109A400097F8423018464837BD46BDE8B08F00BF92
:109A5000004402580090D00300093D00B0E3010823
:109A600080B483B000AF78607B689B6A03F0080322
:109A7000002B0AD07B681B685B6823F400417B687D
:109A80009A6B7B681B680A435A607B689B6A03F089
:109A90000103002B0AD07B681B685B6823F400314C
:109AA0007B68DA6A7B681B680A435A607B689B6A3A
:109AB00003F00203002B0AD07B681B685B6823F469
:109AC00080317B681A6B7B681B680A435A607B682D
:109AD0009B6A03F00403002B0AD07B681B685B6859
:109AE00023F480217B685A6B7B681B680A435A60A9
:109AF0007B689B6A03F01003002B0AD07B681B680D
:109B00009B6823F480517B68DA6B7B681B680A438F
:109B10009A607B689B6A03F02003002B0AD07B6865
:109B20001B689B6823F400517B681A6C7B681B6878
:109B30000A439A607B689B6A03F04003002B1AD0AB
:109B40007B681B685B6823F480117B685A6C7B68B8
:109B50001B680A435A607B685B6CB3F5801F0AD1AF
:109B60007B681B685B6823F4C0017B689A6C7B6828
:109B70001B680A435A607B689B6A03F08003002BD2
:109B80000AD07B681B685B6823F400217B68DA6C71
:109B90007B681B680A435A6000BF0C37BD465DF8FE
:109BA000047B704780B598B002AF78607B68002274
:109BB000C3F89020F8F7A0F878657B681B681B68ED
:109BC00003F00803082B2FD16FF07E4300937B6DC9
:109BD00000224FF40011786800F08EF80346002B45
:109BE00022D07B681B68BB63BB6B53E8003F7B6381
:109BF0007B6B23F080033B657B681B681A463B6DDB
:109C00007B643A64396C7A6C41E80023FB63FB6B3C
:109C1000002BE6D17B682022C3F888207B680022D5
:109C200083F88420032363E07B681B681B6803F0D0
:109C30000403042B49D16FF07E4300937B6D002217
:109C40004FF48001786800F057F80346002B3CD0B1
:109C50007B681B687B627B6A53E8003F3B623B6A20
:109C600023F49073FB647B681B681A46FB6C3B63B0
:109C7000FA62F96A3A6B41E80023BB62BB6A002BC7
:109C8000E6D17B681B6808333B613B6953E8003FC2
:109C9000FB60FB6823F00103BB647B681B6808332F
:109CA000BA6CFA61BB61B969FA6941E800237B616A
:109CB0007B69002BE5D17B682022C3F88C207B6870
:109CC000002283F88420032312E07B682022C3F85B
:109CD00088207B682022C3F88C207B680022DA660B
:109CE0007B6800221A677B68002283F884200023A7
:109CF00018465837BD4680BD80B584B000AFF860C7
:109D0000B9603B601346FB714FE0BB69B3F1FF3FA5
:109D10004BD0F7F7F1FF02463B68D31ABA699A4273
:109D200002D3BB69002B01D103234EE0FB681B6803
:109D30001B6803F00403002B37D0BB68802B34D0A2
:109D4000BB68402B31D0FB681B68DB6903F008035C
:109D5000082B10D1FB681B6808221A62F86800F013
:109D600021F9FB680822C3F89020FB68002283F8E1
:109D70008420012329E0FB681B68DB6903F400638E
:109D8000B3F5006F11D1FB681B684FF400621A62D3
:109D9000F86800F007F9FB682022C3F89020FB6800
:109DA000002283F8842003230FE0FB681B68DA6934
:109DB000BB681340BA689A420CBF01230023DBB290
:109DC0001A46FB799A42A0D0002318461037BD46A8
:109DD00080BD000080B596B000AFF860B960134652
:109DE000FB80FB68BA689A65FB68FA88A3F85C2078
:109DF000FB680022C3F89020FB682222C3F88C2065
:109E0000FB68D3F88030002B2DD0FB68D3F880306E
:109E1000404ADA63FB68D3F880303F4A1A64FB6833
:109E2000D3F880303D4ADA64FB68D3F880300022F2
:109E30001A65FB68D3F88000FB681B682433194659
:109E4000FB689B6D1A46FB88F8F73EFC0346002B27
:109E500009D0FB681022C3F89020FB682022C3F8C9
:109E60008C20012351E0FB681B69002B18D0FB6894
:109E70001B68FB63FB6B53E8003FBB63BB6B43F4A6
:109E800080737B65FB681B681A467B6DBB647A64D4
:109E9000796CBA6C41E800233B643B6C002BE6D143
:109EA000FB681B680833BB62BB6A53E8003F7B62F8
:109EB0007B6A43F001033B65FB681B6808333A6D1E
:109EC0007A633B63396B7A6B41E80023FB62FB6A80
:109ED000002BE5D1FB681B6808337B617B6953E885
:109EE000003F3B613B6943F04003FB64FB681B6838
:109EF0000833FA6C3A62FB61F9693A6A41E8002377
:109F0000BB61BB69002BE5D1002318465837BD461D
:109F100080BD00BF23A100084BA2000889A2000851
:109F200080B48FB000AF78607B681B683B623B6A8F
:109F300053E8003FFB61FB6923F0C0037B637B6850
:109F40001B681A467B6BFB62BA62B96AFA6A41E81F
:109F500000237B627B6A002BE6D17B681B68083399
:109F6000FB60FB6853E8003FBB60BB6823F4000361
:109F70003B637B681B6808333A6BBA617B61796924
:109F8000BA6941E800233B613B69002BE5D17B685E
:109F90002022C3F8882000BF3C37BD465DF8047B13
:109FA0007047000080B495B000AF78607B681B6894
:109FB0007B637B6B53E8003F3B633B6B23F4907305
:109FC000FB647B681B681A46FB6C3B64FA63F96BA5
:109FD0003A6C41E80023BB63BB6B002BE6D17B6886
:109FE0001B6808333B623B6A53E8003FFB61FA6938
:109FF0001E4B1340BB647B681B680833BA6CFA6263
:10A00000BB62B96AFA6A41E800237B627B6A002B73
:10A01000E5D17B68DB6E012B18D17B681B68FB6088
:10A02000FB6853E8003FBB60BB6823F010037B6410
:10A030007B681B681A467B6CBB617A617969BA6977
:10A0400041E800233B613B69002BE6D17B6820227D
:10A05000C3F88C207B680022DA667B6800225A678E
:10A0600000BF5437BD465DF8047B7047FEFFFFEF2D
:10A0700080B590B000AF78607B689B6BFB637B68BA
:10A08000DB69B3F5807F37D0FB6B0022A3F8562045
:10A09000FB6B1B6808337B627B6A53E8003F3B62C3
:10A0A0003B6A23F08003BB63FB6B1B680833BA6B0E
:10A0B0003A63FB62F96A3A6B41E80023BB62BB6A10
:10A0C000002BE5D1FB6B1B683B613B6953E8003F0C
:10A0D000FB60FB6843F040037B63FB6B1B681A4625
:10A0E0007B6BFB61BA61B969FA6941E800237B6166
:10A0F0007B69002BE6D102E0F86BFEF70BFF00BF97
:10A100004037BD4680BD80B584B000AF78607B68C5
:10A110009B6BFB60F868FEF707FF00BF1037BD467A
:10A1200080BD80B59CB000AF78607B689B6BFB66A0
:10A130007B68DB69B3F5807F71D0FB6E0022A3F8EA
:10A140005E20FB6E1B68FB64FB6C53E8003FBB6446
:10A15000BB6C23F48073BB66FB6E1B681A46BB6E38
:10A16000BB657A65796DBA6D41E800233B653B6D4F
:10A17000002BE6D1FB6E1B680833BB63BB6B53E857
:10A18000003F7B637B6B23F001037B66FB6E1B68E8
:10A1900008337A6E7A643B64396C7A6C41E8002348
:10A1A000FB63FB6B002BE5D1FB6E1B6808337B6206
:10A1B0007B6A53E8003F3B623B6A23F040033B6607
:10A1C000FB6E1B6808333A6E3A63FB62F96A3A6BBE
:10A1D00041E80023BB62BB6A002BE5D1FB6E202265
:10A1E000C3F88C20FB6EDB6E012B18D1FB6E1B6855
:10A1F0003B613B6953E8003FFB60FB6823F01003C1
:10A20000FB65FB6E1B681A46FB6DFB61BA61B969A1
:10A21000FA6941E800237B617B69002BE6D1FB6E84
:10A2200000221A67FB6EDB6E012B07D1FB6EB3F8C1
:10A230005C301946F86EFEF79FFE02E0F86EFEF7FE
:10A240007DFE00BF7037BD4680BD80B584B000AFD5
:10A2500078607B689B6BFB60FB6801221A67FB6878
:10A26000DB6E012B09D1FB68B3F85C305B089BB255
:10A270001946F868FEF780FE02E0F868FEF768FE0F
:10A2800000BF1037BD4680BD80B586B000AF786096
:10A290007B689B6B7B617B69D3F888303B617B6912
:10A2A000D3F88C30FB607B691B689B6803F08003EC
:10A2B000802B09D13B69212B06D17B690022A3F8B1
:10A2C00056207869FFF72CFE7B691B689B6803F0BA
:10A2D0004003402B09D1FB68222B06D17B69002269
:10A2E000A3F85E207869FFF75DFE7B69D3F89030B4
:10A2F00043F010027B69C3F890207869FEF732FEC4
:10A3000000BF1837BD4680BD80B584B000AF78600F
:10A310007B689B6BFB60FB680022A3F85E20FB68F8
:10A320000022A3F85620F868FEF71CFE00BF103785
:10A33000BD4680BD80B588B000AF78607B681B6883
:10A34000FB60FB6853E8003FBB60BB6823F0400341
:10A35000FB617B681B681A46FB69BB617A6179699E
:10A36000BA6941E800233B613B69002BE6D17B6879
:10A370002022C3F888207B6800229A677868FEF75D
:10A38000C9FD00BF2037BD4680BD80B483B000AF9B
:10A39000786000BF0C37BD465DF8047B704780B421
:10A3A00083B000AF786000BF0C37BD465DF8047B1A
:10A3B000704780B483B000AF786000BF0C37BD46F3
:10A3C0005DF8047B704780B485B000AF78607B682F
:10A3D00093F88430012B01D1022327E07B6801220E
:10A3E00083F884207B682422C3F888207B681B685C
:10A3F0001B68FB607B681B681A687B681B6822F01F
:10A4000001021A60FB6823F00053FB607B680022A6
:10A410005A667B681B68FA681A607B682022C3F85A
:10A4200088207B68002283F8842000231846143794
:10A43000BD465DF8047B704780B584B000AF78609E
:10A4400039607B6893F88430012B01D102232DE021
:10A450007B68012283F884207B682422C3F888204B
:10A460007B681B681B68FB607B681B681A687B68DD
:10A470001B6822F001021A607B681B689B6823F04E
:10A4800060417B681B683A680A439A60786800F00C
:10A490004FF87B681B68FA681A607B682022C3F853
:10A4A00088207B68002283F8842000231846103718
:10A4B000BD4680BD80B584B000AF786039607B68F0
:10A4C00093F88430012B01D102232DE07B68012217
:10A4D00083F884207B682422C3F888207B681B686B
:10A4E0001B68FB607B681B681A687B681B6822F02E
:10A4F00001021A607B681B689B6823F060617B68BF
:10A500001B683A680A439A60786800F011F87B6823
:10A510001B68FA681A607B682022C3F888207B6871
:10A52000002283F88420002318461037BD4680BDE2
:10A5300080B485B000AF78607B685B6E002B08D17B
:10A540007B680122A3F86A207B680122A3F86820B7
:10A5500031E01023FB731023BB737B681B689B687F
:10A560005B0EDBB203F007037B737B681B689B68A1
:10A570005B0FDBB203F007033B73BB7B3A7B1149F4
:10A580008A5C02FB03F33A7B0F498A5C93FBF2F38C
:10A590009AB27B68A3F86A20FB7B7A7B09498A5CC4
:10A5A00002FB03F37A7B08498A5C93FBF2F39AB2CD
:10A5B0007B68A3F8682000BF1437BD465DF8047BB4
:10A5C000704700BFC8E30108D0E3010880B58AB036
:10A5D00000AF78600023FB6101F0AAFF5A4B1B68B3
:10A5E000002B01D100F086F9584B1A687B681340A4
:10A5F000002B40F090807B68002B1ED008227B68E7
:10A6000013447B607B6803F00703002B15D07B6845
:10A6100023F0070308337B607B6803F00703002BFC
:10A620000BD04FF0500383F31188BFF36F8FBFF34C
:10A630004F8F7B6100BF00BFFDE77B68002B6AD0B6
:10A64000434B1B687A689A4265D8424B3B62414B48
:10A650001B687B6204E07B6A3B627B6A1B687B62EF
:10A660007B6A5B687A689A4203D97B6A1B68002B15
:10A67000F1D1354B1B687A6A9A424CD03B6A1B6811
:10A6800008221344FB617B6A1A683B6A1A607B6A82
:10A690005A687B68D21A08235B009A4220D97A6AEA
:10A6A0007B681344BB61BB6903F00703002B0BD02D
:10A6B0004FF0500383F31188BFF36F8FBFF34F8FB9
:10A6C0003B6100BF00BFFDE77B6A5A687B68D21A16
:10A6D000BB695A607B6A7A685A60B86900F06CF9A5
:10A6E0001B4B1A687B6A5B68D31A194A1360184BB4
:10A6F0001A68194B1B689A4203D2154B1B68164AFD
:10A7000013607B6A5A68114B1B681A437B6A5A6054
:10A710007B6A00221A6001F019FFFB6903F007034E
:10A72000002B0BD04FF0500383F31188BFF36F8FD2
:10A73000BFF34F8FFB6000BF00BFFDE7FB6918460A
:10A740002837BD4680BD00BFA4C90024B0C900247D
:10A75000A8C900249CC90024ACC9002480B586B0D7
:10A7600000AF78607B687B617B68002B4AD0082350
:10A770005B427A6913447B617B693B613B695A6840
:10A78000224B1B681340002B0BD14FF0500383F377
:10A790001188BFF36F8FBFF34F8FFB6000BF00BF07
:10A7A000FDE73B691B68002B0BD04FF0500383F390
:10A7B0001188BFF36F8FBFF34F8FBB6000BF00BF27
:10A7C000FDE73B695A68114B1B681340002B19D0F9
:10A7D0003B691B68002B15D13B695A680B4B1B6802
:10A7E000DB431A403B695A6001F0A2FE3B695A689C
:10A7F000074B1B681344064A1360386900F0DCF805
:10A8000001F0A4FE00BF1837BD4680BDB0C90024CA
:10A81000A8C9002480B487B000AF78607B687B61F2
:10A8200008235B427A6913447B617B693B613B6926
:10A830005A68064B1B68DB431340FB60FB681846F5
:10A840001C37BD465DF8047B704700BFB0C90024CB
:10A8500080B584B000AF7860396001F069FE386877
:10A86000FFF7B4FEB860BB68002B17D07B68002BE5
:10A8700014D07868FFF7CEFF034608229B1AFB60CE
:10A880003A68FB689A4201D23B68FB60FA687968D3
:10A89000B86811F00EFE7868FFF760FF01F056FE11
:10A8A000BB6818461037BD4680BD80B586B000AF86
:10A8B0007860396001F03CFE3B687A6802FB03F384
:10A8C0007B617869FFF782FEF860FB683B6104E01A
:10A8D0003B695A1C3A6100221A707B695A1E7A61E0
:10A8E000002BF5D101F032FEFB6818461837BD4643
:10A8F00080BD000080B485B000AF4CF25033BB6027
:10A90000274BFB60FB6803F00703002B0CD0FB68B0
:10A910000733FB60FB6823F00703FB60BA68FB6842
:10A92000D31A1F4A1344BB60FB687B601D4A7B68D7
:10A9300013601C4B00225A607B68BA681344FB60AA
:10A940000822FB689B1AFB60FB6823F00703FB608F
:10A95000FB68154A1360144B1B6800225A60124BA7
:10A960001B6800221A607B683B603B68FA68D21A59
:10A970003B685A600C4B1A683B681A603B685B681E
:10A980000A4A13603B685B68094A1360094B4FF041
:10A9900000421A6000BF1437BD465DF8047B704763
:10A9A0004C0600249CC90024A4C90024ACC900247E
:10A9B000A8C90024B0C9002480B485B000AF786075
:10A9C000284BFB6002E0FB681B68FB60FB681B68B0
:10A9D0007A689A42F7D8FB68BB60FB685B68BA6824
:10A9E00013447A689A4208D1FB685A687B685B68AE
:10A9F0001A44FB685A60FB687B607B68BB607B68BD
:10AA00005B68BA681A44FB681B689A4218D1FB68F5
:10AA10001A68154B1B689A420DD07B685A68FB6810
:10AA20001B685B681A447B685A60FB681B681A687D
:10AA30007B681A6008E00C4B1A687B681A6003E0B8
:10AA4000FB681A687B681A60FA687B689A4202D0D1
:10AA5000FB687A681A6000BF1437BD465DF8047B56
:10AA6000704700BF9CC90024A4C9002480B584B0ED
:10AA700000AF78607B68D3F88C32FB604FF40062E3
:10AA80000449F868FDF7AAFD012318461037BD46B2
:10AA900080BD00BFB4C9002480B584B000AF786029
:10AAA0007B68D3F88C32FB60F868FDF7E3FD012387
:10AAB00018461037BD4680BD80B586B000AFF8603F
:10AAC000B9607A603B60FB68D3F88C327B617B694C
:10AAD000D3F88830202B18D17B689BB21A46B9680E
:10AAE0007869FDF7FBFC0346FB7400BFFB7C002B81
:10AAF00004D17B69D3F88830202BF7D1FB7C002B65
:10AB000001D17B6802E0002300E0002318461837DB
:10AB1000BD4680BD80B588B000AFF860B9607A608E
:10AB20003B60FB68D3F88C327B610023FB61002320
:10AB3000BB6172B600BF7B69D3F880301B68594A8D
:10AB4000934268D07B69D3F880301B68564A9342A1
:10AB500061D07B69D3F880301B68544A93425AD045
:10AB60007B69D3F880301B68514A934253D07B698C
:10AB7000D3F880301B684F4A93424CD07B69D3F89E
:10AB800080301B684C4A934245D07B69D3F88030B3
:10AB90001B684A4A93423ED07B69D3F880301B68D9
:10ABA000474A934237D07B69D3F880301B68454AC7
:10ABB000934230D07B69D3F880301B68424A93427D
:10ABC00029D07B69D3F880301B68404A934222D059
:10ABD0007B69D3F880301B683D4A93421BD07B6968
:10ABE000D3F880301B683B4A934214D07B69D3F87A
:10ABF00080301B68384A93420DD07B69D3F880308F
:10AC00001B68364A934206D07B69D3F880301B68B4
:10AC1000334A934207D17B69D3F880301B685B6865
:10AC2000C3F5006306E07B69D3F880301B685B687E
:10AC3000C3F500632B4A136062B600BFFB690133A2
:10AC4000FB61012000F01EFB274B1A68254B1B6897
:10AC50009A4217D1FA693B689A42FFF66AAF11E04F
:10AC6000214B1A68B968BB690B4420498A5C1A7089
:10AC70001D4B1B680133C3F30A031B4A1360BB69F6
:10AC80000133BB61184B1A68164B1B689A4203D0FC
:10AC9000BA697B689A42E3D3BB6918462037BD4640
:10ACA00080BD00BF1000024028000240400002406A
:10ACB000580002407000024088000240A00002409C
:10ACC000B800024010040240280402404004024040
:10ACD000580402407004024088040240A00402406C
:10ACE000B8040240B8D10024B4D10024B4C900246F
:10ACF00080B582B000AF786039600C4B1B681A4693
:10AD00007B6813441A46094B1A60094B1B681A46A4
:10AD10007B6813441A46064B1A607868FFF756FCA6
:10AD2000034618460837BD4680BD00BFBCD100248D
:10AD3000C0D1002480B582B000AF786039607B68F4
:10AD4000002B0CD07868FFF765FD0346064A1268B1
:10AD5000D31A1A46044B1A607868FFF7FFFC00BF4D
:10AD60000837BD4680BD00BFC0D1002480B584B087
:10AD700000AFF860B9607A60154B1B681A46BB6873
:10AD800013441A46124B1A60124B1B681A46BB68D2
:10AD900013441A460F4B1A60FB68002B04D1B868A5
:10ADA000FFF714FC03460EE0F868FFF733FD034697
:10ADB000084A1268D31A1A46064B1A60B968F8682E
:10ADC000FFF746FD034618461037BD4680BD00BF5D
:10ADD000BCD10024C0D1002480B584B000AFF8609D
:10ADE000B9607A60FB68BA6802FB03F30C4A126828
:10ADF00013441A460A4B1A60FB68BA6802FB03F355
:10AE0000084A126813441A46064B1A60B968F86873
:10AE1000FFF74BFD034618461037BD4680BD00BF07
:10AE2000BCD10024C0D100242DE9B04386B000AFCE
:10AE3000C7E902017A6000237B61D7E9020120A300
:10AE4000D3E90023F5F7B4FA02460B467968C1E965
:10AE50000023D7E902011AA3D3E90023F5F7A8FAE2
:10AE60007B689A607B689B68002B20DA7B689B6814
:10AE7000114A82FB03121217DB17D31A01337B61CD
:10AE80007B68D3E900237969C8170C460546B2EB05
:10AE9000040863EB05097B68C3E900897B689A684D
:10AEA0007B69064901FB03F31A447B689A6000BF83
:10AEB0001837BD46BDE8B083A12FB84400CA9A3BFD
:10AEC00000CA9A3B000000002DE9B04F8EB000AFE1
:10AED0007862396207F128020023136053604FF053
:10AEE00000024FF00003C7E90C2307F128031846BE
:10AEF00001F0B0FDBB6ADA17BB61FA614FF00002E6
:10AF00004FF00003B9690B000022C7E90C23FB6A6C
:10AF100000221C461546D7E90C231119B9606B4174
:10AF2000FB60D7E90234C7E90C34D7E90C010246CB
:10AF30000B464FF000044FF000055D0145EAD26575
:10AF4000540122462B46B2EB000863EB01094FF097
:10AF500000024FF000034FEA492343EAD8534FEA77
:10AF600048229046994618EB000A49EB010B4FF036
:10AF700000024FF000034FEA8B1343EA9A634FEA53
:10AF80008A12B2EB0A043C6063EB0B037B60D7E9E7
:10AF9000004523461B183B612B4641EB03037B61B5
:10AFA0003A6AD7E90401FFF73FFF00231846383714
:10AFB000BD46BDE8B08F80B483B000AF78607B68D9
:10AFC000002B01D1002300E0012318460C37BD46B9
:10AFD0005DF8047B704780B483B000AF78607B6815
:10AFE000002B0C37BD465DF8047B704780B582B0FE
:10AFF00000AF78600B46FB707868FFF7DCFF00BF9E
:10B000000837BD4680BD80B582B000AF78607868F3
:10B01000FFF7E1FF00BF0837BD4680BD80B400AF39
:10B02000064B1B68002B03D1054B1B68034A1360BA
:10B03000024B1846BD465DF8047B7047540000245F
:10B040007800002480B483B000AF03463960FB80F1
:10B05000B7F90630002B0ADB3B68DAB20C49B7F9C6
:10B0600006301201D2B20B4483F800230AE03B6899
:10B07000DAB20849FB8803F00F03043B1201D2B295
:10B080000B441A7600BF0C37BD465DF8047B704751
:10B0900000E100E000ED00E080B500AF054B1B686B
:10B0A00001F062FE0346012B01D002F05DFC00BFFF
:10B0B00080BD00BF10E000E080B500AF00216FF060
:10B0C0000400FFF7BFFF00BF80BD000080B483B065
:10B0D00000AFEFF305833B603B68002B03D06FF0BC
:10B0E00005037B600CE00A4B1B68002B05D1084B65
:10B0F00001221A6000237B6002E04FF0FF337B6087
:10B100007B6818460C37BD465DF8047B704700BF6E
:10B11000C4D1002480B582B000AFEFF305833B605B
:10B120003B68002B03D06FF005037B6010E00B4BF6
:10B130001B68012B09D1FFF7BFFF084B02221A60E1
:10B1400001F086F900237B6002E04FF0FF337B6063
:10B150007B6818460837BD4680BD00BFC4D10024B7
:10B1600080B58EB004AFF860B9607A6000233B61AF
:10B17000EFF305837B617B69002B7ED1FB68002B9D
:10B180007BD080233B621823FB6100237B624FF05E
:10B19000FF33BB617B68002B45D07B681B68002BAD
:10B1A00002D07B681B687B627B689B69002B02D0A6
:10B1B0007B689B69FB61FB69002B08D0FB69382B1E
:10B1C00005D87B685B6803F00103002B01D00023E6
:10B1D00054E07B685B69002B03D07B685B699B084C
:10B1E0003B627B689B68002B0ED07B68DB68A72BDB
:10B1F0000AD97B681B69002B06D07B685B69002B32
:10B2000002D00123BB6110E07B689B68002B0CD14E
:10B210007B68DB68002B08D17B681B69002B04D19D
:10B220000023BB6101E00023BB61BB69012B10D18E
:10B230007B681B697A68926802920193FB690093AC
:10B24000BB683A6A796AF86800F01AFE03463B6107
:10B2500013E0BB69002B10D13B6A9AB207F11003CF
:10B260000193FB690093BB68796AF86800F068FE97
:10B270000346012B01D000233B613B691846283768
:10B28000BD4680BD80B584B000AF7860EFF3058324
:10B29000BB60BB68002B03D06FF00503FB6007E0C9
:10B2A0000023FB607B68002B02D0786801F09AF8DD
:10B2B000FB6818461037BD4680BD000080B485B0DD
:10B2C00000AFF860B9607A60FB68074A1A60BB6833
:10B2D000064A1A607B6880221A6000BF1437BD4698
:10B2E0005DF8047B704700BFC8D1002470D20024F1
:10B2F00080B485B000AFF860B9607A60FB68074A37
:10B300001A60BB68064A1A607B684FF480721A6044
:10B3100000BF1437BD465DF8047B704770D400242D
:10B3200018D5002480B483B000AF78607B6803F147
:10B3300008027B685A607B684FF0FF329A607B6836
:10B3400003F108027B68DA607B6803F108027B681E
:10B350001A617B6800221A6000BF0C37BD465DF899
:10B36000047B704780B483B000AF78607B680022B4
:10B370001A6100BF0C37BD465DF8047B704780B48E
:10B3800085B000AF786039607B685B68FB603B68C4
:10B39000FA685A60FB689A683B689A60FB689B6829
:10B3A0003A685A60FB683A689A603B687A681A6142
:10B3B0007B681B685A1C7B681A6000BF1437BD4647
:10B3C0005DF8047B704780B485B000AF7860396069
:10B3D0003B681B68BB60BB68B3F1FF3F03D17B6870
:10B3E0001B69FB600CE07B680833FB6002E0FB68D4
:10B3F0005B68FB60FB685B681B68BA689A42F6D2C0
:10B40000FB685A683B685A603B685B683A689A60B8
:10B410003B68FA689A60FB683A685A603B687A68E9
:10B420001A617B681B685A1C7B681A6000BF14375E
:10B43000BD465DF8047B704780B485B000AF78608E
:10B440007B681B69FB607B685B687A6892689A60BE
:10B450007B689B687A6852685A60FB685B687A68A8
:10B460009A4203D17B689A68FB685A607B68002225
:10B470001A61FB681B685A1EFB681A60FB681B6830
:10B4800018461437BD465DF8047B704780B584B01C
:10B4900000AF786039607B68FB60FB68002B0BD1E4
:10B4A0004FF0500383F31188BFF36F8FBFF34F8FBB
:10B4B000BB6000BF00BFFDE702F0C6F9FB681A6879
:10B4C000FB68DB6BF968096C01FB03F31A44FB684A
:10B4D0009A60FB6800229A63FB681A68FB685A60EE
:10B4E000FB681A68FB68DB6B013BF968096C01FBC0
:10B4F00003F31A44FB68DA60FB68FF2283F84420F8
:10B50000FB68FF2283F845203B68002B14D1FB68C1
:10B510001B69002B1AD0FB681033184601F036FA6D
:10B520000346002B12D00D4B4FF080521A60BFF330
:10B530004F8FBFF36F8F09E0FB6810331846FFF79A
:10B54000F1FEFB6824331846FFF7ECFE02F0AEF97B
:10B55000012318461037BD4680BD00BF04ED00E052
:10B5600080B58EB002AFF860B9607A603B60FB686E
:10B57000002B0BD14FF0500383F31188BFF36F8F73
:10B58000BFF34F8FBB6200BF00BFFDE73B68002BDE
:10B590000BD14FF0500383F31188BFF36F8FBFF3CC
:10B5A0004F8F7B6200BF00BFFDE77B68002B02D09E
:10B5B000BB68002B01D0012300E00023002B0BD13E
:10B5C0004FF0500383F31188BFF36F8FBFF34F8F9A
:10B5D0003B6200BF00BFFDE77B68002B02D1BB6868
:10B5E000002B01D1012300E00023002B0BD14FF0F1
:10B5F000500383F31188BFF36F8FBFF34F8FFB614D
:10B6000000BF00BFFDE750237B617B69502B0BD04F
:10B610004FF0500383F31188BFF36F8FBFF34F8F49
:10B62000BB6100BF00BFFDE77B693B68FB62FB6A53
:10B63000002B0DD0FB6A012283F8462097F83820B2
:10B64000FB6A009313467A68B968F86800F005F859
:10B65000FB6A18463037BD4680BD80B584B000AF68
:10B66000F860B9607A60FB70BB68002B03D1BB69DE
:10B67000BA691A6002E0BB697A681A60BB69FA6845
:10B68000DA63BB69BA681A640121B869FFF7FEFE84
:10B69000BB69FA7883F84C2000BF1037BD4680BDE7
:10B6A00080B58EB000AFF860B9607A603B6000236F
:10B6B0007B63FB683B633B6B002B0BD14FF050036C
:10B6C00083F31188BFF36F8FBFF34F8FBB6200BF4F
:10B6D00000BFFDE7BB68002B03D13B6B1B6C002B4D
:10B6E00001D1012300E00023002B0BD14FF05003C8
:10B6F00083F31188BFF36F8FBFF34F8F7B6200BF5F
:10B7000000BFFDE73B68022B03D13B6BDB6B012BDA
:10B7100001D1012300E00023002B0BD14FF0500397
:10B7200083F31188BFF36F8FBFF34F8F3B6200BF6E
:10B7300000BFFDE701F018FB0346002B02D17B6838
:10B74000002B01D1012300E00023002B0BD14FF08F
:10B75000500383F31188BFF36F8FBFF34F8FFB61EB
:10B7600000BF00BFFDE702F06FF83B6B9A6B3B6BCD
:10B77000DB6B9A4202D33B68022B29D13A68B96845
:10B78000386B00F00FFAF8623B6B5B6A002B10D04D
:10B790003B6B2433184601F0F9F80346002B13D015
:10B7A0003F4B4FF080521A60BFF34F8FBFF36F8F44
:10B7B0000AE0FB6A002B07D0394B4FF080521A6029
:10B7C000BFF34F8FBFF36F8F02F070F8012363E078
:10B7D0007B68002B03D102F069F800235CE07B6BEF
:10B7E000002B06D107F11403184601F05BF9012381
:10B7F0007B6302F05BF800F09BFE02F025F83B6BE8
:10B8000093F844305BB2B3F1FF3F03D13B6B0022AE
:10B8100083F844203B6B93F845305BB2B3F1FF3FB4
:10B8200003D13B6B002283F8452002F03FF83A1D1C
:10B8300007F114031146184601F04AF90346002B9C
:10B8400024D1386B00F0A6FA0346002B18D03B6BCE
:10B8500010337A681146184601F046F8386B00F04C
:10B8600031FA00F073FE0346002B7FF47CAF0C4BE3
:10B870004FF080521A60BFF34F8FBFF36F8F72E7A4
:10B88000386B00F01FFA00F061FE6CE7386B00F0D7
:10B8900019FA00F05BFE002318463837BD4680BD1C
:10B8A00004ED00E080B590B000AFF860B9607A6058
:10B8B0003B60FB68BB63BB6B002B0BD14FF05003AD
:10B8C00083F31188BFF36F8FBFF34F8FBB6200BF4D
:10B8D00000BFFDE7BB68002B03D1BB6B1B6C002BCB
:10B8E00001D1012300E00023002B0BD14FF05003C6
:10B8F00083F31188BFF36F8FBFF34F8F7B6200BF5D
:10B9000000BFFDE73B68022B03D1BB6BDB6B012B58
:10B9100001D1012300E00023002B0BD14FF0500395
:10B9200083F31188BFF36F8FBFF34F8F3B6200BF6C
:10B9300000BFFDE702F068F8EFF311824FF050030B
:10B9400083F31188BFF36F8FBFF34F8FFA61BB6131
:10B95000FB697B63BB6B9A6BBB6BDB6B9A4202D35D
:10B960003B68022B2FD1BB6B93F8453087F83330FF
:10B97000BB6B9B6BFB623A68B968B86B00F012F95D
:10B9800097F93330B3F1FF3F12D1BB6B5B6A002BE9
:10B9900016D0BB6B2433184600F0F8FF0346002B8B
:10B9A0000ED07B68002B0BD07B6801221A6007E069
:10B9B00097F833300133DBB25AB2BB6B83F84520C2
:10B9C0000123FB6301E00023FB637B6B7B617B69ED
:10B9D00083F3118800BFFB6B18464037BD4680BD1E
:10B9E00080B58CB000AFF860B9607A600023FB626C
:10B9F000FB68BB62BB6A002B0BD14FF0500383F393
:10BA00001188BFF36F8FBFF34F8F3B6200BF00BF42
:10BA1000FDE7BB68002B03D1BB6A1B6C002B01D177
:10BA2000012300E00023002B0BD14FF0500383F3E0
:10BA30001188BFF36F8FBFF34F8FFB6100BF00BF53
:10BA4000FDE701F091F90346002B02D17B68002B42
:10BA500001D1012300E00023002B0BD14FF0500354
:10BA600083F31188BFF36F8FBFF34F8FBB6100BFAC
:10BA700000BFFDE701F0E8FEBB6A9B6B7B627B6A5F
:10BA8000002B1FD0B968B86A00F0F6F87B6A5A1E1E
:10BA9000BB6A9A63BB6A1B69002B0FD0BB6A103369
:10BAA000184600F073FF0346002B07D03C4B4FF0C5
:10BAB00080521A60BFF34F8FBFF36F8F01F0F6FE15
:10BAC000012369E07B68002B03D101F0EFFE002326
:10BAD00062E0FB6A002B06D107F11003184600F064
:10BAE000E1FF0123FB6201F0E1FE00F021FD01F026
:10BAF000ABFEBB6A93F844305BB2B3F1FF3F03D1B6
:10BB0000BB6A002283F84420BB6A93F845305BB2DD
:10BB1000B3F1FF3F03D1BB6A002283F8452001F057
:10BB2000C5FE3A1D07F110031146184600F0D0FF7C
:10BB30000346002B23D1B86A00F016F90346002B08
:10BB400017D0BB6A24337A681146184600F0CCFE41
:10BB5000B86A00F0B7F800F0F9FC0346002B89D171
:10BB60000F4B4FF080521A60BFF34F8FBFF36F8FB0
:10BB700080E7B86A00F0A6F800F0E8FC7AE7B86A57
:10BB800000F0A0F800F0E2FCB86A00F0EDF803461F
:10BB9000002B3FF46FAF002318463037BD4680BD01
:10BBA00004ED00E080B586B000AFF860B9607A605F
:10BBB00000237B61FB689B6B3B61FB681B6C002B6C
:10BBC0000DD1FB681B68002B4DD1FB689B681846A4
:10BBD00001F0E8F87861FB6800229A6043E07B6836
:10BBE000002B19D1FB685868FB681B6C1A46B968B2
:10BBF00010F05FFCFB685A68FB681B6C1A44FB681A
:10BC00005A60FB685A68FB689B689A422BD3FB68B2
:10BC10001A68FB685A6026E0FB68D868FB681B6CF2
:10BC20001A46B96810F045FCFB68DA68FB681B6CC3
:10BC30005B421A44FB68DA60FB68DA68FB681B68E1
:10BC40009A4207D2FB689A68FB681B6C5B421A44F5
:10BC5000FB68DA607B68022B05D13B69002B02D0C0
:10BC60003B69013B3B613B695A1CFB689A637B69FA
:10BC700018461837BD4680BD80B582B000AF7860E9
:10BC800039607B681B6C002B18D07B68DA687B6896
:10BC90001B6C1A447B68DA607B68DA687B689B6897
:10BCA0009A4203D37B681A687B68DA607B68D9683C
:10BCB0007B681B6C1A46386810F0FBFB00BF083726
:10BCC000BD4680BD80B584B000AF786001F0BCFD9A
:10BCD0007B6893F84530FB7311E07B685B6A002B4F
:10BCE00012D07B682433184600F050FE0346002B28
:10BCF00001D000F051FFFB7B013BDBB2FB7397F9F6
:10BD00000F30002BE9DC00E000BF7B68FF2283F8E6
:10BD1000452001F0CBFD01F097FD7B6893F844309E
:10BD2000BB7311E07B681B69002B12D07B6810335A
:10BD3000184600F02BFE0346002B01D000F02CFF2C
:10BD4000BB7B013BDBB2BB7397F90E30002BE9DC08
:10BD500000E000BF7B68FF2283F8442001F0A6FDCD
:10BD600000BF1037BD4680BD80B584B000AF78609D
:10BD700001F06AFD7B689B6B002B02D10123FB6005
:10BD800001E00023FB6001F091FDFB6818461037CD
:10BD9000BD4680BD80B584B000AF786001F054FD31
:10BDA0007B689A6B7B68DB6B9A4202D10123FB6054
:10BDB00001E00023FB6001F079FDFB6818461037B5
:10BDC000BD4680BD80B485B000AF78603960002387
:10BDD000FB6014E00F4AFB6852F83330002B0BD1A4
:10BDE0000C49FB683A6841F833200A4AFB68DB00DB
:10BDF00013447A685A6006E0FB680133FB60FB6815
:10BE0000072BE7D900BF00BF1437BD465DF8047BA0
:10BE1000704700BF18D9002480B586B000AFF86025
:10BE2000B9607A60FB687B6101F00EFD7B6993F875
:10BE300044305BB2B3F1FF3F03D17B69002283F84A
:10BE400044207B6993F845305BB2B3F1FF3F03D1E7
:10BE50007B69002283F8452001F028FD7B699B6BFC
:10BE6000002B06D17B6924337A68B968184600F044
:10BE700061FD7869FFF726FF00BF1837BD4680BD1A
:10BE800080B58EB004AFF860B9607A603B607B6BC0
:10BE9000002B0BD14FF0500383F31188BFF36F8F4A
:10BEA000BFF34F8F3B6200BF00BFFDE7BB6B002BB2
:10BEB0000BD14FF0500383F31188BFF36F8FBFF3A3
:10BEC0004F8FFB6100BF00BFFDE7A8233B613B69CB
:10BED000A82B0BD04FF0500383F31188BFF36F8F63
:10BEE000BFF34F8FBB6100BF00BFFDE73B69BB6B7A
:10BEF000002B1ED07B6B002B1BD0BB6B7B627B6A45
:10BF00007A6B1A637B6A022283F8A52000230393CD
:10BF10007B6A029307F1140301933B6B00933B6828
:10BF20007A68B968F86800F051F8786A00F0F6F8B5
:10BF300001E000237B617B6918462837BD4680BD40
:10BF400080B58CB004AFF860B9603B601346FB80ED
:10BF5000FB889B00184601F099FD78617B69002BF6
:10BF60000ED0A82001F092FDF861FB69002B03D0F0
:10BF7000FB697A691A6305E0786901F055FE01E012
:10BF80000023FB61FB69002B17D0FB69002283F8BB
:10BF9000A520FA8800230393FB690293FB6A0193AF
:10BFA000BB6A00933B68B968F86800F00FF8F8695D
:10BFB00000F0B4F80123BB6102E04FF0FF33BB6136
:10BFC000BB6918462037BD4680BD000080B588B0EB
:10BFD00000AFF860B9607A603B603B6B186B7B68C0
:10BFE0009B001A46A52110F041F93B6B1A6B79684A
:10BFF0006FF040430B449B001344BB61BB6923F0CB
:10C000000703BB61BB6903F00703002B0BD04FF0A4
:10C01000500383F31188BFF36F8FBFF34F8F7B61A2
:10C0200000BF00BFFDE7BB68002B1FD00023FB61F2
:10C0300012E0BA68FB69134419783A6BFB69134440
:10C0400034330A461A70BA68FB6913441B78002B14
:10C0500006D0FB690133FB61FB690F2BE9D900E0D6
:10C0600000BF3B6B002283F8432003E03B6B0022C0
:10C0700083F83420BB6A372B01D93723BB623B6B73
:10C08000BA6ADA623B6BBA6ADA643B6B00221A6501
:10C090003B6B04331846FFF765F93B6B18331846C2
:10C0A000FFF760F93B6B3A6B1A61BB6AC3F1380268
:10C0B0003B6B9A613B6B3A6B5A623B6B0022C3F855
:10C0C000A0203B6B002283F8A4203B6B54334C220E
:10C0D0000021184610F0CAF83B6B0D4A9A653B6B7D
:10C0E0000C4ADA653B6B0C4A1A663A68F968B8691B
:10C0F00001F076FA02463B6B1A60FB6A002B02D015
:10C10000FB6A3A6B1A6000BF2037BD4680BD00BF96
:10C1100018FC012480FC0124E8FC012480B582B0D5
:10C1200000AF786001F090FB2D4B1B6801332C4A67
:10C1300013602C4B1B68002B09D12A4A7B681360C3
:10C14000274B1B68012B10D100F04AFD0DE0264B58
:10C150001B68002B09D1234B1B68DA6A7B68DB6AFA
:10C160009A4202D81F4A7B681360204B1B68013338
:10C170001E4A13601D4B1A687B685A647B68DA6A32
:10C180001B4B1B689A4203D97B68DB6A184A136011
:10C190007B68DA6A13469B0013449B00154A1A44D5
:10C1A0007B68043319461046FFF7E9F801F07EFB7F
:10C1B0000D4B1B68002B0ED00A4B1B68DA6A7B689C
:10C1C000DB6A9A4207D20C4B4FF080521A60BFF3E1
:10C1D0004F8FBFF36F8F00BF0837BD4680BD00BFD4
:10C1E0002CDE002458D9002438DE002448DE002448
:10C1F00034DE00245CD9002404ED00E080B584B076
:10C2000000AF786001F020FB7B68002B02D12D4B42
:10C210001B6800E07B68FB60FB6804331846FFF78F
:10C220000BF9FB689B6A002B04D0FB681833184697
:10C23000FFF702F9244B1B680133234A1360214B9B
:10C240001B68FA689A420BD1FB68043319461F48F1
:10C25000FFF795F81E4B1B6801331D4A136009E078
:10C260001C4B1B68013B1B4A1360F86800F026FD5D
:10C2700000F05AFD01F01AFB174B1B68002B1CD075
:10C28000104B1B68FA689A4217D1144B1B68002B9D
:10C290000BD04FF0500383F31188BFF36F8FBFF3C0
:10C2A0004F8FBB6000BF00BFFDE70D4B4FF08052CA
:10C2B0001A60BFF34F8FBFF36F8F00BF1037BD46BB
:10C2C00080BD00BF58D9002448DE002400DE0024D1
:10C2D00014DE00242CDE002438DE002454DE00248A
:10C2E00004ED00E080B58AB000AF786039600023CB
:10C2F0007B627B68002B0BD14FF0500383F31188D6
:10C30000BFF36F8FBFF34F8F7B6100BF00BFFDE7AF
:10C310003B68002B0BD14FF0500383F31188BFF320
:10C320006F8FBFF34F8F3B6100BF00BFFDE72A4B0C
:10C330001B68002B0BD04FF0500383F31188BFF321
:10C340006F8FBFF34F8FFB6000BF00BFFDE700F0B2
:10C35000EFF8224B1B683B627B681B683A6813440A
:10C36000FB617B681B683A6A9A420BD27B681B6848
:10C37000FA699A4211D2FA693B6A9A420DD90123AD
:10C380007B620AE07B681B68FA699A4203D3FA6908
:10C390003B6A9A4201D901237B627B68FA691A6081
:10C3A0007B6A002B06D0FA693B6AD31A0021184633
:10C3B00000F068FD00F0CAF8B861BB69002B07D136
:10C3C000074B4FF080521A60BFF34F8FBFF36F8F50
:10C3D00000BF2837BD4680BD54DE002430DE002477
:10C3E00004ED00E080B584B000AF78600023FB600E
:10C3F0007B68002B18D0144B1B68002B0BD04FF020
:10C40000500383F31188BFF36F8FBFF34F8FBB606F
:10C4100000BF00BFFDE700F08BF80021786800F056
:10C4200031FD00F093F8F860FB68002B07D1074B53
:10C430004FF080521A60BFF34F8FBFF36F8F00BF72
:10C440001037BD4680BD00BF54DE002404ED00E07F
:10C4500080B58AB004AF0023BB6000237B603A46FE
:10C46000391D07F108031846FEF728FF39687B6875
:10C47000BA68029201930023009300230A462449DC
:10C480002448FFF7FDFC0346234A1360224B1B6838
:10C49000002B02D001237B6101E000237B617B69DB
:10C4A000012B02D100F042FD78617B69012B1BD189
:10C4B0004FF0500383F31188BFF36F8FBFF34F8F9B
:10C4C0003B6100BF154B1B685433154A1360154B75
:10C4D0004FF0FF321A60144B01221A60134B0022F6
:10C4E0001A6001F00DF90FE07B69B3F1FF3F0BD14A
:10C4F0004FF0500383F31188BFF36F8FBFF34F8F5B
:10C50000FB6000BF00BFFDE700BF1837BD4680BD20
:10C5100014E30108B1CB000850DE002458D90024F0
:10C52000C80000244CDE002438DE002430DE002465
:10C5300080B400AF044B1B680133034A136000BF93
:10C54000BD465DF8047B704754DE002480B584B09E
:10C5500000AF0023FB600023BB60424B1B68002B35
:10C560000BD14FF0500383F31188BFF36F8FBFF3EC
:10C570004F8F3B6000BF00BFFDE701F065F9394B0D
:10C580001B68013B374A1360364B1B68002B62D196
:10C59000354B1B68002B5ED02FE0344BDB68DB682B
:10C5A000FB60FB6818331846FEF746FFFB68043350
:10C5B0001846FEF741FFFB68DA6A2D4B1B689A426A
:10C5C00003D9FB68DB6A2A4A1360FB68DA6A134600
:10C5D0009B0013449B00274A1A44FB680433194606
:10C5E0001046FEF7CCFEFB68DA6A234B1B68DB6A59
:10C5F0009A4202D3214B01221A601C4B1B68002B6C
:10C60000CBD1FB68002B01D000F08EFB1C4B1B68CC
:10C610007B607B68002B10D000F046F80346002BAF
:10C6200002D0164B01221A607B68013B7B607B685D
:10C63000002BF1D1124B00221A60104B1B68002B0B
:10C6400009D00123BB600F4B4FF080521A60BFF33B
:10C650004F8FBFF36F8F01F029F9BB681846103771
:10C66000BD4680BD54DE00242CDE0024ECDD002419
:10C6700034DE00245CD9002458D9002440DE002494
:10C680003CDE002404ED00E080B483B000AF054B35
:10C690001B687B607B6818460C37BD465DF8047BE1
:10C6A000704700BF30DE002480B586B000AF0023A5
:10C6B0007B614F4B1B68002B40F090804D4B1B68FB
:10C6C00001333B614B4A3B6913603B69002B21D12D
:10C6D000494B1B681B68002B0BD04FF0500383F3B2
:10C6E0001188BFF36F8FBFF34F8F3B6000BF00BF58
:10C6F000FDE7414B1B68FB60404B1B683E4A1360E3
:10C700003E4AFB6813603E4B1B6801333C4A136092
:10C7100000F00AFB3B4B1B683A699A4249D3364BFF
:10C720001B681B68002B04D1364B4FF0FF321A6098
:10C730003FE0314B1B68DB68DB68BB60BB685B6854
:10C740007B603A697B689A4203D22E4A7B68136009
:10C750002FE0BB6804331846FEF76EFEBB689B6A89
:10C76000002B04D0BB6818331846FEF765FEBB6883
:10C77000DA6A254B1B689A4203D9BB68DB6A224AF6
:10C780001360BB68DA6A13469B0013449B001F4A80
:10C790001A44BB68043319461046FEF7F0FDBB6827
:10C7A000DA6A1B4B1B68DB6A9A42B8D301237B61B0
:10C7B000B5E7174B1B68DA6A144913469B0013440C
:10C7C0009B000B441B68012B01D901237B61114B9A
:10C7D0001B68002B07D001237B6104E00E4B1B6814
:10C7E00001330D4A13607B6918461837BD4680BD7A
:10C7F00054DE002430DE0024E4DD0024E8DD0024E3
:10C8000044DE00244CDE002434DE00245CD9002405
:10C8100058D9002440DE00243CDE002480B485B0DA
:10C8200000AF2B4B1B68002B03D02A4B01221A6050
:10C8300047E0284B00221A60274B1B68FB6011E081
:10C84000FB68002B0BD14FF0500383F31188BFF32B
:10C850006F8FBFF34F8F7B6000BF00BFFDE7FB68AA
:10C86000013BFB601D49FA6813469B0013449B0083
:10C870000B441B68002BE3D0FA6813469B0013445B
:10C880009B00164A1344BB60BB685B685A68BB6870
:10C890005A60BB685A68BB6808339A4204D1BB68C7
:10C8A0005B685A68BB685A60BB685B68DB680C4AA7
:10C8B0001360094AFB681360094B1B685433094A2B
:10C8C000136000BF1437BD465DF8047B704700BF9E
:10C8D00054DE002440DE002434DE00245CD9002431
:10C8E00058D90024C800002480B584B000AF786017
:10C8F00039607B68002B0BD14FF0500383F3118814
:10C90000BFF36F8FBFF34F8FFB6000BF00BFFDE72A
:10C91000074B1B68183319467868FEF754FD012150
:10C92000386800F0AFFA00BF1037BD4680BD00BFC9
:10C9300058D9002480B586B000AFF860B9607A603D
:10C94000FB68002B0BD14FF0500383F31188BFF32A
:10C950006F8FBFF34F8F7B6100BF00BFFDE70A4BB6
:10C960001B6818331946F868FEF709FD7B68002B31
:10C9700002D04FF0FF33BB607968B86800F082FAEC
:10C9800000BF1837BD4680BD58D9002480B586B099
:10C9900000AF78607B68DB68DB683B613B69002B3C
:10C9A0000BD14FF0500383F31188BFF36F8FBFF3A8
:10C9B0004F8FFB6000BF00BFFDE73B69183318468F
:10C9C000FEF73AFD1D4B1B68002B1DD13B6904335C
:10C9D0001846FEF731FD3B69DA6A194B1B689A422B
:10C9E00003D93B69DB6A164A13603B69DA6A13466E
:10C9F0009B0013449B00134A1A443B6904331946B5
:10CA00001046FEF7BCFC05E03B69183319460E489A
:10CA1000FEF7B5FC3B69DA6A0C4B1B68DB6A9A428D
:10CA200005D901237B610A4B01221A6001E0002332
:10CA30007B617B6918461837BD4680BD54DE0024F3
:10CA400034DE00245CD90024ECDD002458D9002415
:10CA500040DE002480B584B000AF78607B68002B96
:10CA60000BD14FF0500383F31188BFF36F8FBFF3E7
:10CA70004F8FFB6000BF00BFFDE700F0E5FE074BF6
:10CA80001A687B681A60064B1A687B685A6000F067
:10CA90000DFF00BF1037BD4680BD00BF44DE00243F
:10CAA00030DE002480B483B000AF7860064B1A6893
:10CAB0007B681A60054B1A687B685A6000BF0C37A8
:10CAC000BD465DF8047B704744DE002430DE002460
:10CAD00080B588B000AF786039607B68002B0BD1DF
:10CAE0004FF0500383F31188BFF36F8FBFF34F8F65
:10CAF0003B6100BF00BFFDE73B68002B0BD14FF04F
:10CB0000500383F31188BFF36F8FBFF34F8FFB6028
:10CB100000BF00BFFDE700F097FE1D4B1B68BB6127
:10CB20007B685B68BA69D31A7B613B681B68B3F1A9
:10CB3000FF3F02D10023FB6123E07B681A68154B9D
:10CB40001B689A4207D07B685B68BA699A4202D335
:10CB50000123FB6115E03B681B687A699A420BD29E
:10CB60003B681A687B69D21A3B681A607868FFF7DD
:10CB700099FF0023FB6104E03B6800221A60012357
:10CB8000FB6100F093FEFB6918462037BD4680BD6F
:10CB900030DE002444DE002480B400AF034B0122C9
:10CBA0001A6000BFBD465DF8047B704740DE00247C
:10CBB00080B582B000AF786000F052F8064B1B6879
:10CBC000012BF9D9054B4FF080521A60BFF34F8FFC
:10CBD000BFF36F8FF0E700BF5CD9002404ED00E0E5
:10CBE00080B582B000AF00237B600CE07A6813460A
:10CBF0009B0013449B00124A13441846FEF792FB15
:10CC00007B6801337B607B68372BEFD90D48FEF7DB
:10CC100089FB0D48FEF786FB0C48FEF783FB0C48AA
:10CC2000FEF780FB0B48FEF77DFB0B4B054A1A60B5
:10CC30000A4B054A1A6000BF0837BD4680BD00BFD9
:10CC40005CD90024BCDD0024D0DD0024ECDD002410
:10CC500000DE002418DE0024E4DD0024E8DD0024EA
:10CC600080B582B000AF19E000F0EEFD104BDB683C
:10CC7000DB687B607B6804331846FEF7DDFB0D4BF9
:10CC80001B68013B0B4A13600B4B1B68013B0A4AB4
:10CC9000136000F00BFE786800F010F8064B1B687C
:10CCA000002BE1D100BF00BF0837BD4680BD00BFEB
:10CCB00000DE00242CDE002414DE002480B584B0C5
:10CCC00000AF78607B68543318460FF021FB7B6817
:10CCD00093F8A530002B08D17B681B6B184600F039
:10CCE000A3FF786800F0A0FF19E07B6893F8A530F7
:10CCF000012B03D1786800F097FF10E07B6893F870
:10CD0000A530022B0BD04FF0500383F31188BFF3F3
:10CD10006F8FBFF34F8FFB6000BF00BFFDE700BF09
:10CD20001037BD4680BD000080B483B000AF0C4B0F
:10CD30001B681B68002B04D10A4B4FF0FF321A60AE
:10CD400008E0074B1B68DB68DB687B607B685B681F
:10CD5000044A136000BF0C37BD465DF8047B704782
:10CD6000E4DD00244CDE002480B483B000AF0B4B24
:10CD70001B68002B02D101237B6008E0084B1B6875
:10CD8000002B02D102237B6001E000237B607B68E3
:10CD900018460C37BD465DF8047B704738DE00242A
:10CDA00054DE002480B586B000AF78607B683B61BC
:10CDB00000237B617B68002B58D02F4B1B683A699E
:10CDC0009A420BD04FF0500383F31188BFF36F8F5B
:10CDD000BFF34F8FFB6000BF00BFFDE73B691B6DDA
:10CDE000002B0BD14FF0500383F31188BFF36F8FEB
:10CDF000BFF34F8FBB6000BF00BFFDE73B691B6DFA
:10CE00005A1E3B691A653B69DA6A3B69DB6C9A42D8
:10CE10002CD03B691B6D002B28D13B69043318468D
:10CE2000FEF70AFB3B69DA6C3B69DA623B69DB6A55
:10CE3000C3F138023B699A613B69DA6A0F4B1B68A0
:10CE40009A4203D93B69DB6A0C4A13603B69DA6A90
:10CE500013469B0013449B00094A1A443B69043360
:10CE600019461046FEF78BFA01237B617B69184651
:10CE70001837BD4680BD00BF58D9002434DE0024D9
:10CE80005CD9002480B584B000AF78603960214B54
:10CE90001B68FB60204B1B6804331846FEF7CCFA76
:10CEA0007B68B3F1FF3F0AD13B68002B07D01A4BD8
:10CEB0001B68043319461948FEF761FA26E0FA6840
:10CEC0007B681344BB60144B1B68BA685A60BA682D
:10CED000FB689A4209D2124B1A680F4B1B68043345
:10CEE00019461046FEF76FFA10E00E4B1A680A4B0F
:10CEF0001B68043319461046FEF765FA0A4B1B6897
:10CF0000BA689A4202D2084ABB68136000BF103761
:10CF1000BD4680BD30DE002458D9002418DE002430
:10CF2000E8DD0024E4DD00244CDE002480B58AB076
:10CF300004AF00237B6100F013FB1D4B1B68002B2B
:10CF400021D00023FB600023BB603A1D07F10801DC
:10CF500007F10C031846FEF7CBF97968BB68FA684D
:10CF6000029201930223009300230A4611491248BA
:10CF7000FEF786FF0346114A1360104B1B68002B17
:10CF800001D001237B617B69002B0BD14FF0500353
:10CF900083F31188BFF36F8FBFF34F8F3B6100BFE7
:10CFA00000BFFDE77B6918461837BD4680BD00BF4E
:10CFB00088DE00241CE30108F9D000088CDE002480
:10CFC00080B58AB000AFF860B9607A603B6000233A
:10CFD0007B62FB68002B0BD14FF0500383F3118869
:10CFE000BFF36F8FBFF34F8F3B6200BF00BFFDE702
:10CFF000194B1B68002B2AD0BB683B617B687B61A7
:10D00000FB68BB61BB68052B18DCFFF7ADFE034670
:10D01000022B09D1104B186807F1100100233A6B5D
:10D02000FEF73EFB786212E00B4B186807F1100127
:10D0300000230022FEF734FB786208E0064B1868F4
:10D0400007F1100100233A68FEF72CFC78627B6A36
:10D0500018462837BD4680BD88DE002480B588B0DC
:10D0600002AF78603960234B1B68DB68DB687B614B
:10D070007B6904331846FEF7DFF97B6993F82830A3
:10D0800003F00403002B23D07B699A697B68D118D5
:10D090007B683A68786900F0D5F80346002B20D009
:10D0A0000023009300237A6800217869FFF788FF46
:10D0B00038613B69002B14D14FF0500383F3118882
:10D0C000BFF36F8FBFF34F8FFB6000BF00BFFDE763
:10D0D0007B6993F8283023F00103DAB27B6983F887
:10D0E00028207B691B6A7869984700BF1837BD46BE
:10D0F00080BD00BF80DE002480B584B000AF7860C2
:10D1000007F10803184600F059F8F860BB681946A3
:10D11000F86800F005F800F0D7F800BFF0E700006D
:10D1200080B584B000AF78603960FFF701FA07F18D
:10D130000803184600F066F8F860BB68002B30D191
:10D140003B68002B0AD17A68FB689A4206D8FFF741
:10D15000FDF9F9687868FFF781FF24E03B68002B50
:10D1600008D0134B1B681B68002B01D1012300E082
:10D1700000233B600F4B18687A68FB68D31A3A6843
:10D180001946FEF749FEFFF7E1F90346002B0AD1E5
:10D19000094B4FF080521A60BFF34F8FBFF36F8F70
:10D1A00001E0FFF7D3F900BF1037BD4680BD00BFD7
:10D1B00084DE002488DE002404ED00E080B485B025
:10D1C00000AF78600E4B1B681B68002B01D1012259
:10D1D00000E000227B681A607B681B68002B05D189
:10D1E000074B1B68DB681B68FB6001E00023FB60EA
:10D1F000FB6818461437BD465DF8047B704700BFD6
:10D2000080DE002480B584B000AF7860FFF73CFA80
:10D21000F8600B4B1B68FA689A4205D200F03AF9A5
:10D220007B6801221A6002E07B6800221A60044ACF
:10D23000FB681360FB6818461037BD4680BD00BF11
:10D2400090DE002480B586B000AFF860B9607A60E7
:10D250003B6000237B61FB68BA685A60FB68FA6830
:10D260001A61BA687B689A4212D87A683B68D21A07
:10D27000FB689B699A4202D301237B611BE0104B40
:10D280001A68FB68043319461046FEF79CF812E052
:10D290007A683B689A4206D2BA683B689A4202D3DF
:10D2A00001237B6107E0074B1A68FB6804331946CA
:10D2B0001046FEF788F87B6918461837BD4680BDD2
:10D2C00084DE002480DE002480B58EB002AFCEE084
:10D2D0007B68002B19DA3B1D0433FB62FB6A002BD1
:10D2E0000BD14FF0500383F31188BFF36F8FBFF35F
:10D2F0004F8FFB6100BF00BFFDE7FB6A1B68FA6A46
:10D300005068FA6A9268114698477B68002BC0F211
:10D31000AE80FB68BB62BB6A5B69002B04D0BB6A52
:10D3200004331846FEF788F83B461846FFF76AFFB5
:10D3300078627B68092B00F2978001A252F823F0F3
:10D3400069D3000869D3000869D30008DFD3000857
:10D35000F3D300083FD4000869D3000869D300085C
:10D36000DFD30008F3D30008BB6A93F8283043F0FA
:10D370000103DAB2BB6A83F82820BA68BB6A9B69EA
:10D38000D118BB687A6AB86AFFF75CFF0346002BC6
:10D390006CD0BB6A1B6AB86A9847BB6A93F828309E
:10D3A00003F00403002B61D0BA68BB6A9B691A447E
:10D3B0000023009300230021B86AFFF701FE3862C2
:10D3C0003B6A002B52D14FF0500383F31188BFF317
:10D3D0006F8FBFF34F8FBB6100BF00BFFDE7BB6A1C
:10D3E00093F8283023F00103DAB2BB6A83F82820CF
:10D3F0003DE0BB6A93F8283043F00103DAB2BB6A20
:10D4000083F82820BA68BB6A9A61BB6A9B69002BC3
:10D410000BD14FF0500383F31188BFF36F8FBFF32D
:10D420004F8F7B6100BF00BFFDE7BB6A9A697B6AD3
:10D43000D1187B6A7A6AB86AFFF704FF17E0BB6A03
:10D4400093F8283003F00203002B03D1B86A00F0F0
:10D45000EBFB0CE0BB6A93F8283023F00103DAB24F
:10D46000BB6A83F8282002E000BF00E000BF084B41
:10D470001B68391D00221846FEF7B2FA0346002B3E
:10D480007FF426AF00BF00BF3037BD4680BD00BF70
:10D4900088DE002480B588B002AF49E02E4B1B68BF
:10D4A000DB681B683B612C4B1B68DB68DB68FB603F
:10D4B000FB6804331846FDF7BFFFFB681B6AF8687A
:10D4C0009847FB6893F8283003F00403002B2FD013
:10D4D000FB689B693A691344BB60BA683B699A422E
:10D4E0000ED9FB68BA685A60FB68FA681A611A4B71
:10D4F0001A68FB68043319461046FDF764FF17E00D
:10D500000023009300233A690021F868FFF758FDD3
:10D5100078607B68002B0BD14FF0500383F31188A8
:10D52000BFF36F8FBFF34F8F3B6000BF00BFFDE7BE
:10D53000094B1B681B68002BB0D1074B1B687B6134
:10D54000064B1B68044A1360044A7B69136000BFE2
:10D550001837BD4680BD00BF80DE002484DE002475
:10D5600080B582B002AF00F06FF9154B1B68002B3D
:10D5700020D11448FDF7D6FE1348FDF7D3FE134B18
:10D58000104A1A60124B104A1A6000230093114B84
:10D59000114A10210A20FDF7E3FF0346084A1360F1
:10D5A000074B1B68002B05D0054B1B680B49184621
:10D5B000FEF708FC00F07AF900BFBD4680BD00BF51
:10D5C00088DE002458DE00246CDE002480DE002487
:10D5D00084DE002434DF002494DE002424E30108E8
:10D5E00080B485B000AFF860B9607A60FB68043B36
:10D5F000FB60FB684FF080721A60FB68043BFB60C5
:10D60000BB6823F00102FB681A60FB68043BFB6007
:10D610000C4AFB681A60FB68143BFB607A68FB6885
:10D620001A60FB68043BFB60FB686FF002021A6043
:10D63000FB68203BFB60FB6818461437BD465DF86D
:10D64000047B704749D6000880B485B000AF002342
:10D650007B60134B1B68B3F1FF3F0BD04FF05003BF
:10D6600083F31188BFF36F8FBFF34F8FFB6000BF51
:10D6700000BFFDE74FF0500383F31188BFF36F8FB6
:10D68000BFF34F8FBB6000BF00BF7B68002BFCD097
:10D6900000BF00BF1437BD465DF8047B704700BF74
:10D6A00060000024000000000000000000000000F6
:10D6B000074B19680868B0E8F04F80F30988BFF39A
:10D6C0006F8F4FF0000080F311887047AFF3008038
:10D6D00058D9002400BF00BF08480068006880F3E4
:10D6E00008884FF0000080F3148862B661B6BFF37B
:10D6F0004F8FBFF36F8F00DF00BF00BF08ED00E06A
:10D7000080B586B000AF474B1B68474A93420BD1A8
:10D710004FF0500383F31188BFF36F8FBFF34F8F28
:10D720003B6100BF00BFFDE73E4B1B683F4A934291
:10D730000BD14FF0500383F31188BFF36F8FBFF30A
:10D740004F8FFB6000BF00BFFDE7394B7B617B69FA
:10D750001B78DBB27B607B69FF221A707B691B78C8
:10D76000DBB2FB70FB78DBB203F05003DAB2314B73
:10D770001A70314B07221A6009E02F4B1B68013BDE
:10D780002D4A1360FB78DBB25B00DBB2FB70FB78E9
:10D79000DBB203F08003802BEFD0274B1B68C3F173
:10D7A0000703042B0BD04FF0500383F31188BFF312
:10D7B0006F8FBFF34F8FBB6000BF00BFFDE71E4BF5
:10D7C0001B681B021C4A13601B4B1B6803F4E063BD
:10D7D000194A13607B68DAB27B691A70174B1B68B1
:10D7E000164A43F470031360144B1B68134A43F04A
:10D7F0007043136000F0DAF8114B00221A6000F059
:10D80000F9F8104B1B680F4A43F040431360FFF7D1
:10D8100063FFFFF703F8FFF717FF002318461837D9
:10D82000BD4680BD00ED00E071C20F4170C20F41E6
:10D8300000E400E084DF002488DF002420ED00E025
:10D840006000002434EF00E080B483B000AF4FF0FC
:10D85000500383F31188BFF36F8FBFF34F8F7B604B
:10D8600000BF104B1B6801330E4A13600D4B1B6841
:10D87000012B10D10C4B1B68DBB2002B0BD04FF0EF
:10D88000500383F31188BFF36F8FBFF34F8F3B605B
:10D8900000BF00BFFDE700BF0C37BD465DF8047B4D
:10D8A000704700BF6000002404ED00E080B483B046
:10D8B00000AF124B1B68002B0BD14FF0500383F3CA
:10D8C0001188BFF36F8FBFF34F8F7B6000BF00BF26
:10D8D000FDE70A4B1B68013B084A1360074B1B68B6
:10D8E000002B05D100233B603B6883F3118800BF08
:10D8F00000BF0C37BD465DF8047B70476000002414
:10D90000EFF30980BFF36F8F154B1A681EF0100FED
:10D9100008BF20ED108A20E9F04F10602DE90900C2
:10D920004FF0500080F31188BFF34F8FBFF36F8F1C
:10D93000FEF774FF4FF0000080F3118809BC1968EE
:10D940000868B0E8F04F1EF0100F08BFB0EC108A66
:10D9500080F30988BFF36F8F704700BFAFF300807B
:10D9600058D9002400BF00BF80B582B000AF4FF08F
:10D97000500383F31188BFF36F8FBFF34F8F7B602A
:10D9800000BFFEF791FE0346002B03D0064B4FF07D
:10D9900080521A6000233B603B6883F3118800BF0C
:10D9A00000BF0837BD4680BD04ED00E080B400AF85
:10D9B0000B4B00221A600B4B00221A600A4B1B68AB
:10D9C0000A4AA2FB03239B09094A013B1360044B4B
:10D9D00007221A6000BFBD465DF8047B704700BF98
:10D9E00010E000E018E000E008000024D34D6210D1
:10D9F00014E000E0DFF80C00016841F47001016000
:10DA0000704700BF88ED00E080B485B000AFEFF351
:10DA10000583FB60FB680F2B15D9184AFB6813447C
:10DA20001B78FB72164B1B78FA7A9A420BD24FF096
:10DA3000500383F31188BFF36F8FBFF34F8F7B6069
:10DA400000BF00BFFDE70F4B1B6803F4E0620E4B05
:10DA50001B689A420BD94FF0500383F31188BFF330
:10DA60006F8FBFF34F8F3B6000BF00BFFDE700BF6C
:10DA70001437BD465DF8047B704700BFF0E300E05B
:10DA800084DF00240CED00E088DF002480B58AB03C
:10DA900000AF78600023FB61FEF74AFD5C4B1B681A
:10DAA000002B01D100F024F95A4B1A687B6813400F
:10DAB000002B40F095807B68002B1ED008227B68ED
:10DAC00013447B607B6803F00703002B15D07B6851
:10DAD00023F0070308337B607B6803F00703002B08
:10DAE0000BD04FF0500383F31188BFF36F8FBFF358
:10DAF0004F8F7B6100BF00BFFDE77B68002B6FD0BD
:10DB0000454B1B687A689A426AD8444B3B62434B48
:10DB10001B687B6204E07B6A3B627B6A1B687B62FA
:10DB20007B6A5B687A689A4203D97B6A1B68002B20
:10DB3000F1D1374B1B687A6A9A4251D03B6A1B6815
:10DB400008221344FB617B6A1A683B6A1A607B6A8D
:10DB50005A687B68D21A08235B009A4220D97A6AF5
:10DB60007B681344BB61BB6903F00703002B0BD038
:10DB70004FF0500383F31188BFF36F8FBFF34F8FC4
:10DB80003B6100BF00BFFDE77B6A5A687B68D21A21
:10DB9000BB695A607B6A7A685A60B86900F00AF912
:10DBA0001D4B1A687B6A5B68D31A1B4A13601A4BB9
:10DBB0001A681B4B1B689A4203D2174B1B68184A02
:10DBC00013607B6A5A68134B1B681A437B6A5A605E
:10DBD0007B6A00221A60134B1B680133114A1360E1
:10DBE000FEF7B4FCFB6903F00703002B0BD04FF0EA
:10DBF000500383F31188BFF36F8FBFF34F8FFB6028
:10DC000000BF00BFFDE7FB6918462837BD4680BD51
:10DC1000E4A20124F8A20124E8A20124DCA2012448
:10DC2000ECA20124F0A2012480B586B000AF786098
:10DC30007B687B617B68002B4FD008235B427A694D
:10DC400013447B617B693B613B695A68254B1B68C8
:10DC50001340002B0BD14FF0500383F31188BFF317
:10DC60006F8FBFF34F8FFB6000BF00BFFDE73B69C5
:10DC70001B68002B0BD04FF0500383F31188BFF3C8
:10DC80006F8FBFF34F8FBB6000BF00BFFDE73B69E5
:10DC90005A68144B1B681340002B1ED03B691B684D
:10DCA000002B1AD13B695A680E4B1B68DB431A40A4
:10DCB0003B695A60FEF73CFC3B695A680A4B1B689B
:10DCC0001344094A1360386900F074F8074B1B6865
:10DCD0000133064A1360FEF739FC00BF1837BD4612
:10DCE00080BD00BFF8A20124E8A20124F4A201240F
:10DCF00080B485B000AF4CF25033BB60274BFB6063
:10DD0000FB6803F00703002B0CD0FB680733FB60B4
:10DD1000FB6823F00703FB60BA68FB68D31A1F4A4D
:10DD20001344BB60FB687B601D4A7B6813601C4B1F
:10DD300000225A607B68BA681344FB600822FB68C3
:10DD40009B1AFB60FB6823F00703FB60FB68154A26
:10DD50001360144B1B6800225A60124B1B68002290
:10DD60001A607B683B603B68FA68D21A3B685A606D
:10DD70000C4B1A683B681A603B685B680A4A136080
:10DD80003B685B68094A1360094B4FF000421A6018
:10DD900000BF1437BD465DF8047B70478CDF00245C
:10DDA000DCA20124E4A20124ECA20124E8A20124C3
:10DDB000F8A2012480B485B000AF7860284BFB60E6
:10DDC00002E0FB681B68FB60FB681B687A689A428C
:10DDD000F7D8FB68BB60FB685B68BA6813447A6875
:10DDE0009A4208D1FB685A687B685B681A44FB68F2
:10DDF0005A60FB687B607B68BB607B685B68BA6865
:10DE00001A44FB681B689A4218D1FB681A68154BC4
:10DE10001B689A420DD07B685A68FB681B685B6878
:10DE20001A447B685A60FB681B681A687B681A6032
:10DE300008E00C4B1A687B681A6003E0FB681A68FC
:10DE40007B681A60FA687B689A4202D0FB687A683D
:10DE50001A6000BF1437BD465DF8047B704700BFF1
:10DE6000DCA20124E4A20124002846D0034630B5F8
:10DE7000027885B00A2A42D8DFE802F0121218149C
:10DE8000140606061A2E16000A6A596B002052F86C
:10DE90002120121A18BF012283F8392005B030BDA5
:10DEA0000A68F2E78A69F0E78A68EEE70A69ECE750
:10DEB0005C68084604F1430204F1440304F142059E
:10DEC00004F11001CDE90132009504F1410304F1A0
:10DED00040020AF0EFFFE1E75C68084604F1220225
:10DEE00004F1230104F12103CDE9002104F1200212
:10DEF00004F110010BF0F8F9D0E70B207047012076
:10DF0000CCE700BFF0B59BB0002800F08880037814
:10DF100004460A2B00F26781DFE803F02D2D15443B
:10DF2000441919195A061500406890F82030002B42
:10DF300040F0B28090F82230002B40F0E48090F85E
:10DF40002130002B6FD1002528461BB0F0BD426B5D
:10DF50000B6A53F82230002BF5D0826800F11001D3
:10DF6000406801F0CBFE05460028ECD040F2592372
:10DF7000984213D029E0426B0B6853F82230002BF3
:10DF8000E1D000230AAAD0E9010101F0FBFF054618
:10DF90000028D9D040F29113984216D1002384F87A
:10DFA0003930D1E7426B8B6953F82230002BCAD04D
:10DFB000826800F11001406800F02AFE0546002842
:10DFC000C1D040F2F5139842BED003F07DFBBBE711
:10DFD000406890F84230002B7DD1C3691BB190F8A6
:10DFE0004030002B44D190F84430002B40F0AC80FE
:10DFF00090F84330002BA6D0C26A0AA910300AF06C
:10E0000031FE05460028E0D16068DDE90E230BF003
:10E010009BFA002898D0012380F8233094E70B2541
:10E0200028461BB0F0BD04AE10300AAA31460BF0F2
:10E030008FF805460028C8D10AA960680BF044FA99
:10E040000746002800F0BB80012190F908000BF082
:10E05000C5F90328844640F0A78007F158040FCE85
:10E060000FC496E8030084E8030087F808C06BE754
:10E07000816A10300AF076FE05460028A5D1606856
:10E08000816A0BF021FA0346002800F0A3800122E8
:10E09000606883F82220A6E70BF0F0F90646606876
:10E0A000002E3FF447AF706006F12801F26910308E
:10E0B0000AF096FF0546002840F08E80F7690FCFE2
:10E0C0003572C6F80900C6F80D106068C6F8112050
:10E0D000C6F815302EE704AA0AA910300AF04AFD46
:10E0E000054600287FF471AF6068DDE90E230BF070
:10E0F00019FA30B19DF81030012280F8213080F8F3
:10E100002020606869E7103004AA0AA90AF0E0FF3D
:10E11000054600287FF459AF04A960680BF0D4F9D4
:10E12000074660B10AAD00F140064FF0020C0FCD7A
:10E130000FC695E8030086E8030087F808C060680A
:10E14000002380F82230FAE600F130020AA91030EC
:10E150000AF0C8FD054600287FF437AF6068DDE9A6
:10E160000E230BF003FA06466068002E3FF440AF22
:10E170000127836BB784002B3FF43AAF436B05EB69
:10E18000450103EBC1010BF09FF938B1606801351F
:10E1900086F82570836BAB42F0D829E760680135BB
:10E1A000836BAB42EAD823E706AB0FCB8DE80F00B9
:10E1B0000321606896E80C000BF04EFAC4E606AB4B
:10E1C0000FCB8DE80F000221606896E80C000BF081
:10E1D00043FAB9E6606806E7314660680BF05EF91D
:10E1E00003F072FAB0E60125AEE600BFF0B50378A1
:10E1F00085B004460A2B00F23981DFE803F068425B
:10E200004D5BA70606061D726200062B00F02681F4
:10E21000072B036B40F01C8104F11005D0E90A12B2
:10E2200080689847A26A2946606801F0A7FD044605
:10E2300078B303F049FA2CE0406890F84230002BA4
:10E2400000F08E800026012704E00BF0F1F898B969
:10E250002F7260680BF09CF9054600287FD0636838
:10E26000E26A9B6995F8211085F82060984795F837
:10E2700021302846002BE8D1606829460BF00EF9C2
:10E28000E7E790F83900D4E90B1300B1A068002447
:10E290009847204605B0F0BD406802F0A7F940F26B
:10E2A00021330446984201D00028C2D100242046E0
:10E2B00005B0F0BD0024036B80689847204605B088
:10E2C000F0BD0024036B9847204605B0F0BD90F8E0
:10E2D0003900236B00B1A06800249847204605B0A0
:10E2E000F0BD406890F824303BBB90F82030002B04
:10E2F0007DD040F63406012707E028460BF060F990
:10E30000294660680BF0CAF8606800210BF0F2F84B
:10E310000546002868D06368E16A9B699847B04267
:10E320004FF00001E9D1012128460BF049F92F7285
:10E33000EAE748680BF0B2F860680BF0E7F80146CE
:10E340000028F6D1606880F82410CEE70024036B23
:10E3500000F1100180689847204605B0F0BD606864
:10E3600090F840308BB1C5682DB3002695F8223067
:10E3700043B1C36985F8226023B1816A2846E26A05
:10E38000984760682D68002DF0D190F8443093B123
:10E39000C56885B1002695F824304BB1436A85F8ED
:10E3A00024602BB1284695F82510E26A98476068EA
:10E3B0002D68002DEFD190F84330002B3FF476AF5D
:10E3C00000270BE06368E26AD96A1E6A85F8237049
:10E3D000B047606829460BF061F860680BF0E4F81C
:10E3E00005460028EED161E7606880F8205090F87B
:10E3F0002130002B3FF45AAFC568B5B1022601E0C9
:10E400002D6895B195F90830032BF9D1C3692846D9
:10E41000E16A9847034605F16002284685F82530F1
:10E4200043B10BF0EDF86068EAE700231C4680F882
:10E4300021302EE70FCA05F158078DE80F000121A2
:10E440006068D7E900230BF007F92E726068D7E700
:10E45000816A04F1100580689847E3E600F1100531
:10E46000036B826A294680689847DBE6012410E73F
:10E4700000283DD000293CD0034690F83800002207
:10E48000002835D030B493F800C0BCF1080F1DD17E
:10E490005C68256C35F07F4505D194F8440010B9CF
:10E4A00094F8430028B130BC704793F83900002835
:10E4B000F9D101324033914217D093F83800002847
:10E4C000F1D093F800C0BCF1080FE1D0BCF1090F06
:10E4D000EBD15C68256A002DE5D194F82400002872
:10E4E000E1D1013240339142E7D1002030BC704786
:10E4F00070470846704700BF10B50446882202499D
:10E500000DF0D7FF204610BDF8E301080000000021
:10E5100000296AD02DE9F0410546B0B000285CD052
:10E520001646184688461F4602F0ECFF002E54D0CF
:10E5300080F0010414F0FF044FD1882230490EA866
:10E540000DF0B7FF0EA9882228460DF0B2FF6846ED
:10E55000C5F80080AE6002F0BFF9EC4605F1140E7C
:10E56000D7F80080BCE80F00AEE80F00BCE80F0051
:10E57000AEE80F00BCE80F009FED1F7BAEE80F0078
:10E58000DCF80030B0013969CEF800302F6185ED3C
:10E590001A7BC047686008B929E0686800EB8410FE
:10E5A0000134314600F0A8FAA642F6D805F1480039
:10E5B00000F098FA134A00236868C5E91E2368B181
:10E5C000AB6873B12A69B2FA82F35B094AB11846A3
:10E5D00085F8803030B0BDE8F0810B2030B0BDE868
:10E5E000F081002030B0BDE8F0810B2070470A2098
:10E5F000F4E700BFAFF3008000CA9A3B00000000C0
:10E60000F8E3010871E40008002B18BF002A70B578
:10E6100004460CBF012000209DF810C0002908BF4F
:10E6200040F0010028BBB4FA84F56D090CB3D4E9BD
:10E630000206864201D3012070BD60684FEA861E43
:10E6400000F80E5000EB8610013603630123C5620B
:10E6500004F1140580F801C00387C0E901122846BF
:10E66000E66002F04DF930B9A36C00200133A364D9
:10E6700070BD0B2070BD284602F048F90028F3D089
:10E6800070BD00BF51B3B0FA80F270B552090446B4
:10E69000E0B1D0E90203834201D3012070BD60687C
:10E6A0009D015E1C00EB831359600221415301213F
:10E6B00004F11405DA6219872846E66002F020F9B1
:10E6C00030B9E36C00200133E36470BD0B2070BDF2
:10E6D000284602F01BF90028F3D070BD0B207047CC
:10E6E000002844D0F0B500F114059BB0044628463C
:10E6F00002F006F910B100201BB0F0BD284602F070
:10E7000005F9002830D10CA804AE02F0E5F80DF1AF
:10E71000300CAE462769BCE80F00AEE80F00BCE83D
:10E720000F00AEE80F00BCE80F00AEE80F00DCF809
:10E730000030CEF800300FCF0FC63B682846226865
:10E740003360636E616DCDE90232D4E91332CDE9F5
:10E750000021226EA16C02F0D9FB0028CCD00B90D6
:10E7600002F0B2FF0B98C7E702F0AEFFCBE70B2039
:10E77000704700BF2DE9F84F054691469846FFF7D0
:10E78000AFFF05F11406304602F08CF90746002869
:10E7900040F0A880AB680BB304466968A20101EBA6
:10E7A000841C9CF83830CBB18B5C0A2B00F2DE80E5
:10E7B000DFE803F09D9DA98D8D060606CEC1B5004C
:10E7C0000CF13402DCF80410304602F0BBFC0028E7
:10E7D00040F087800134AB689C42DED343464A4612
:10E7E000304602F0DDFC95F88030002B00F0C6804A
:10E7F000012B40F0BB80AB68002B00F05981002456
:10E8000040F29119A0460AE0FFF72EFB044610B132
:10E81000484540F0B180AB68984580F026816A6831
:10E82000314602EB881008F1010890F838C0BCF1BD
:10E83000000FE9D119461046D5E91E329847002845
:10E8400000F09A80AB68002B00F096804FF0000833
:10E8500040F2911909E0FFF755FB044610B1484515
:10E8600040F08A80AB68984509D26868314600EB71
:10E87000881008F1010890F83820002AEBD1002B0D
:10E880007AD000260EE012F80C20082A00F0FC8056
:10E89000092A00F0EE8090F839208AB901369E42AC
:10E8A00067D200246A684FEA861C02EB861090F853
:10E8B0003810002960D041780029E4D00129EDD139
:10E8C000FFF794FC002840F0B580AB68E6E70CF158
:10E8D0003402DCF80410304602F008FC00283FF453
:10E8E00079AF074602F0F0FE3846BDE8F88F0CF12C
:10E8F0003402DCF80410304602F0A8F800283FF497
:10E9000069AF0746EEE70CF13402DCF8041030463C
:10E9100002F0BCFB00283FF45DAF0746E2E70CF1D4
:10E920003402DCF80410304602F084FB00283FF487
:10E9300051AF0746D6E7DCF804100CF1340230463C
:10E9400010310AF07DFC00283FF444AF0746C9E7C8
:10E95000DCF8041000230CF13402304610310AF0C8
:10E9600045FA00283FF436AF0746BBE7012702F01F
:10E97000ABFE3846BDE8F88F2746FAE7AB68002BB8
:10E9800000F09380002440F29119A04608E0FFF7C0
:10E990006BFA044608B14845EED1AB68984566D29B
:10E9A0006A68314602EB881008F1010890F838C017
:10E9B000BCF1000FEBD119461046D5E91E3298473D
:10E9C0000028D9D0AB68002BD6D04FF0000A40F217
:10E9D000911840F259290EE013F80B30082B34D06F
:10E9E000092B29D090F8393003BB0AF1010AAB6832
:10E9F0009A45BED2002468684FEA8A1B00EB8A1051
:10EA000090F83830002BB7D03146FFF77BFA00285A
:10EA100018BF404501D048450CD16B6813EB0B0083
:10EA200021D04278002AD7D0012ADED1FFF7DEFBC1
:10EA30000028DAD007469CE743681A6A002AF5D115
:10EA400093F82430002BD0D0F0E743681A6C32F0F2
:10EA50007F42EBD193F84420002AE7D193F843306A
:10EA6000002BC2D0E2E70B2783E76A68E2E66A6818
:10EA7000A1E74268116A00297FF422AF92F82420AE
:10EA8000002A3FF40BAF1BE74268116C31F07F4165
:10EA90007FF416AF92F8441000297FF411AF92F87A
:10EAA0004320002A3FF4FAAE0AE76A681C4682E770
:10EAB0006A681C46BEE600BF90B170B504460068A7
:10EAC00016461D4600F042F930B132462B4620462C
:10EAD000BDE87040FFF74EBE02F0F6FD012070BDAC
:10EAE0000B20704730B12022002108B50DF0BEFB8D
:10EAF000002008BD0B207047034678B100224FF07C
:10EB00000B0C41631046A3F800C01A631A879FEDEF
:10EB1000047BC3E9012283ED0A7B70470B20704719
:10EB200000000000000000002DE9F04383B00A9FC0
:10EB3000002B18BF002F27D0044628B3E9461D46F6
:10EB40000E469046484600F0F7F82A46234699E8D4
:10EB5000030084E803004146304600F001FA054610
:10EB600060B93A4604F10C010320A76001F08AFA6B
:10EB7000054618B9284603B0BDE8F08302F0A4FDAD
:10EB8000284603B0BDE8F0830B25284603B0BDE856
:10EB9000F08300BF18B1006808B1D0F808017047D1
:10EBA00070B582B0F8B104460068E0B1D0F8083121
:10EBB000CBB10E46E1B11546D2B1052100F5887002
:10EBC00002F0AEFC02460B463146C5E9002323683D
:10EBD0002A46D3F8080103F08DFE064660B10126EF
:10EBE000304602B070BD4FF4FA76304602B070BDC8
:10EBF0000B26304602B070BD20680521D5E9002300
:10EC000000F58870009102F0F7FC304602B070BD4C
:10EC100070B58E468CB00C4616460DF1180C0546A4
:10EC2000BEE80F00ACE80F009EE803008CE803008C
:10EC30005DB32B684BB3D3F8080130B346B3002360
:10EC4000324602A98DF807300DF107039FED127BC4
:10EC50008DED027B8DED047B03F054FF0546C8B9B2
:10EC60009DF8072040F2F513002A08BF1D460DF15C
:10EC7000180EA446BEE80F00ACE80F009EE80300A3
:10EC80008CE8030028460CB070BD4FF4FA75EEE72F
:10EC90000B25ECE70125EAE700000000000000007A
:10ECA00030B1006820B1D0F80801003818BF012049
:10ECB000704700BF002B18BF002A2DE9F04316460D
:10ECC0000CBF01220022A1B0002908BF42F00102BE
:10ECD00022BB044610B30DF110081F460D460DF17E
:10ECE0001809404600F072FB98E8030084E803002E
:10ECF000484600F0E5FC404600F068FBCDF8009087
:10ED00003B46324698E8030084E803002946204643
:10ED100000F066FB30B921B0BDE8F0830B2021B0D4
:10ED2000BDE8F083039002F0CFFC02F0CDFC039825
:10ED300021B0BDE8F08300BF034A034692E8030018
:10ED400083E803001846704780E4010818B1406862
:10ED5000003818BF012070472DE9F843064600230C
:10ED600000687360002849D04769D0F80480D0F863
:10ED7000109037B1143000F061FA0746002844D1F2
:10ED80003068036B43B1283003F0BCFA18B1002F90
:10ED90003ED002F099FC3068036ADBB1D0E9062C62
:10EDA000012A7CF1000111DB0024254653F82400E0
:10EDB0004946B8B1C04733680134D3E9062C45F160
:10EDC00000051B6A944275EB0C01EFDB18464946BF
:10EDD000C04730684946C04700233846C6E900337B
:10EDE000BDE8F883013445F10005944275EB0C0150
:10EDF000DCDB18464946C0473068EBE7074600238E
:10EE00003846C6E90033BDE8F88302F05DFCB7E799
:10EE10000AF042FC0746BCE7002B18BF002A2DE988
:10EE2000F04116460CBF01220022A0B0002908BF05
:10EE300042F001021ABB044608B30DF110081F4648
:10EE40000D4600F043FD2060404600F0DFFD5022FB
:10EE50000D4940460DF02DFB3B46324629462046E3
:10EE6000CDF8008000F038FD10B920B0BDE8F08189
:10EE7000039002F029FC039820B0BDE8F0810B203C
:10EE800020B0BDE8F08100BF88E40108002B18BF66
:10EE9000002A2DE9F04116460CBF01220022A0B045
:10EEA000002908BF42F001021ABB044608B30DF165
:10EEB00010081F460D4600F083FF2060404601F019
:10EEC00033F850220D4940460DF0F3FA3B463246E6
:10EED00029462046CDF8008000F078FF10B920B018
:10EEE000BDE8F081039002F0EFFB039820B0BDE88D
:10EEF000F0810B2020B0BDE8F08100BFD8E401080C
:10EF000061B32DE9F04106468AB018B30D4690462C
:10EF10001F4601F0AFFAAC680DF10C0C30600FCC5D
:10EF2000ACE80F0023682A4605F10C013046CCF806
:10EF30000030109BCDE90087029301F0A1FA10B9CF
:10EF40000AB0BDE8F081099002F0BEFB09980AB052
:10EF5000BDE8F0810B200AB0BDE8F0810B207047BE
:10EF60002DE9F047051E9EB00E4690461F4640F321
:10EF70009F80002900F09F80A1F1040E4FF0000C4B
:10EF80005EF8044F0CF1010C002C00F094806545F4
:10EF9000F6D1B8F1000F00F08E80D8F80040002CB8
:10EFA00000F089800DF1640C0FCCACE80F002368F1
:10EFB00019A8CCF8003002F0A5FA80F00100C0B228
:10EFC000002878D1002F76D03B68002B78D17821AB
:10EFD0000120DDE91C32984704463860002800F023
:10EFE000B68002A802F090FE02A904F12800502287
:10EFF0000DF05FFA19ACD7F800E00FCCF446ACE89E
:10F000000F0023680EF114014046CCF8003000F0E8
:10F010003FF90446002844D1D7F800904FEAE5783C
:10F02000C9F82000C9F81850C9F81C80002D4ED02E
:10F03000002E4CD004212846DDE91C329847C9F83F
:10F040002000D7F80090D9F82030CA4643B3012DEC
:10F0500078F100033BDB0024043EA1460BE031685D
:10F060000DF027FA013449F10009C84508BFA5424F
:10F070002BD0D7F800A056F8040FF1F791F9421CF5
:10F08000199B10461D99DAF820A0019298473B6819
:10F090004AF824001B6A019A53F824000028DED1A4
:10F0A0000A243846FFF758FE20461EB0BDE8F08718
:10F0B00000293FF46EAF0B2420461EB0BDE8F08758
:10F0C000642420461EB0BDE8F087D7F8009026499A
:10F0D0000B68013336D01A4600240B60D9F81400AF
:10F0E0007B60436A0133C0E9062434D090F83030A5
:10F0F0003BB9303000F048F904460028D1D13B68D4
:10F10000586918AA17A9406B01F0D4FB04460028DF
:10F11000C7D1179BEBB939684B6903F12802586BCB
:10F1200000F094FD04460028BBD1396848692831B5
:10F13000183002F0B1FF04460028BDD00AF0ACFA46
:10F140000446AEE701221C460A601346C6E70A24BD
:10F15000B2E70124A5E724300AF0B2FA04460028F9
:10F160009FD13B685869C1E7FCA201240020704789
:10F1700084B0F0B597B01DAE86E80E00002858D0D8
:10F180000368054633B16424204617B0BDE8F0405B
:10F1900004B07047304602F0B5F9002849D0B446B3
:10F1A00011ACBCE80F000FC4DCF8003050202199EE
:10F1B00023601D9B98470446286000283BD00DF132
:10F1C000440C8646BCE80F00AEE80F00DCF80030C7
:10F1D00002A8CEF8003002F0ABFD0DF1080E04F1EC
:10F1E000180C2F6820ACBEE80F00ACE80F00BEE89A
:10F1F0000F00ACE80F00BEE80F00ACE80F009EE87F
:10F2000003008CE8030094E803008DE8030096E80F
:10F210000E0007F1180002F041FE04460028B3D0AA
:10F2200021991E9B2868984720460AF035FA044623
:10F23000AAE70B24A8E70A24A6E700BF30B587B0E9
:10F24000F0B103680446DBB19C460DF1040EBCE846
:10F250000F00AEE80F00DCF8003001A8CEF8003057
:10F2600002F050F960B12068183002F0D1FE054676
:10F2700050B92068029B05999847284607B030BDD1
:10F280000B25284607B030BD0AF006FA0546F8E718
:10F290002DE9F04194B000285BD0044600680028B6
:10F2A00057D00E4602F02EF9002E52D080F0010009
:10F2B000C0B200284DD1336823B16424204614B075
:10F2C000BDE8F08127680FADBC46D7F80080BCE8E8
:10F2D0000F000FC5DCF80030502019462B60C047E6
:10F2E00005463060D0B30DF13C0C8646BCE80F00FB
:10F2F000AEE80F00DCF800306846CEF8003002F0CF
:10F3000017FDEE4605F1180C24683568BEE80F00BD
:10F31000ACE80F00BEE80F00ACE80F00BEE80F003D
:10F32000ACE80F009EE803008CE8030004F118002D
:10F3300005F1180102F01AFE04460028BED002F0C2
:10F34000ABF902F0C1F93046FFF778FF40B104464F
:10F35000B4E70B24204614B0BDE8F0810A24ADE7E1
:10F36000204614B0BDE8F0410AF096B920B1036818
:10F3700013B10020596270470B20704710B100682C
:10F3800000B11830704700BF10B5002382B0019360
:10F39000B8B1044601A90C4802F066F910B1012089
:10F3A00002B010BD019B13B11A78312A04D0022398
:10F3B0000020237002B010BD5B78002BF7D1012331
:10F3C000F6E70B2002B010BD28E50108034A03460A
:10F3D00092E8030083E803001846704758E50108E7
:10F3E0002DE9F04FA9B004460E461546DDF8C88059
:10F3F00023A81F460AF0D8FBB8F1000F00F0F380F5
:10F40000404602F07FF8002D18BF002C80F001006C
:10F410000CBF4FF0010C4FF0000C002E08BF4CF059
:10F42000010C4CEA000C1CF0FF0940F0DC80D4F821
:10F4300004A0BAF1000F40F0FC80002F00F0D38050
:10F440003846FFF783FC8346002800F0D2805246FE
:10F45000304622A9CDF888A004F04AFC8246002854
:10F4600040F0C3802298002840F0F1802846F0F751
:10F4700097FF002840F0C080794D22A9002228463D
:10F4800004F018FC8246002840F0AF802298002843
:10F4900040F0D580D8F800307820D8F81010984780
:10F4A00082466060002800F0CF800022002308A878
:10F4B000CAE91A23CAE91C2300F002F908A9504638
:10F4C00068220CF0F6FF61684046276000F006F9FC
:10F4D000002858D12846F0F763FF284410F8013C73
:10F4E000CDE903562F2BD8F8103000930CBF5D4B9D
:10F4F0005D4B02934FF400630193D4F804A098E8A5
:10F500000F0002F00DF92368CAF87400314618683C
:10F510002A466668283002F0A7FF6368B066986ED6
:10F52000002832D003F030F8824660B3D8F80030BB
:10F530000820D8F81010666898476368F066D3F81A
:10F540006CB0BBF1000F20D006A823AE0AF052FA2F
:10F5500006A86368C44603C8D3F86CE08BE80300D0
:10F56000BCE80F000FC6DCF80030336028AB13E9AD
:10F570000F008DE80F0051463A467046239B0AF073
:10F5800091FA824628B36368F3B1586F28B1D8F86E
:10F590000430D8F8101098476368986E10B102F0E4
:10F5A00075FF6368D86E48B10AF0D8FA6368D8F876
:10F5B0001010D86ED8F80430984763681846D8F809
:10F5C0001010D8F80430984700234FF0010AC4E91E
:10F5D0000033B9F1000F08D0D8F804302846D8F825
:10F5E0001010984701E04FF00B0A504629B0BDE8D3
:10F5F000F08F4FF0650AF8E72B782F2B3FF43DAFE3
:10F600000395D8F810300093184B02934FF4006321
:10F61000019398E80F0002F083F80546E0B100225C
:10F6200022A9229204F046FB82460028D4D1D94672
:10F630002CE74FF0640A504629B0BDE8F08F4FF038
:10F64000CA0A04F049FBC4E74FF00A0AC1E74FF0C9
:10F65000C90A04F0A1FBC8E74FF00A0AC5E700BFDA
:10F6600040E5010848E5010850E5010844E50108C6
:10F6700030B1436823B19B6E13B10068FFF766BBDE
:10F680000020704720B1406810B1806E00B18068E2
:10F69000704700BF20B1406810B1806E00B1C068F3
:10F6A000704700BF28B1406818B1836E002B08BFB7
:10F6B0000020704710B1406800B1806E704700BFF5
:10F6C00010B50446682200210CF0D0FD204601F060
:10F6D0000BFF01232046237510BD00BF002818BF73
:10F6E00088421BD0F8B5B1FA81F60C46760999B17B
:10F6F0000546878A84468E460FCDAEE80F002B68FC
:10F7000050220CF1180104F11800CEF80030A78245
:10F710000CF0CFFE3046F8BD0B20F8BD0B20704733
:10F7200082B02DE9F04F91B01AAC9DF87C8084E84E
:10F730000C0000283DD00C460546FFF7B3FF00281B
:10F740003AD02846FFF79EFF064628460BADFFF746
:10F75000A1FF0DF1680E0746AC46BEE80F00ACE80D
:10F760000F00DEF80030CCF80030219B0BB3894647
:10F77000DDF878A002F04CF910AB089013E907000F
:10F780008DE80700002108A895E80C0002F0B6F902
:10F790008346A0B101F080FF01F096FFBBF10A0F94
:10F7A00018BF4FF0010B584611B0BDE8F04F02B042
:10F7B00070474FF00B0BF6E74FF0010BF3E70990A2
:10F7C000079008A80AF010F9834680B10A2808A813
:10F7D00018BF4FF0010B02F0D1F9044600285BD1AD
:10F7E00051460998C84751462046C847DBE709AB50
:10F7F000EC4605930FCDACE80F002B683A46314636
:10F800002046CCF8003008AB09F08EFF8346D8B90B
:10F81000099C024609900AA9204604F07BF950BBD6
:10F820000A9D002D40D1219B08A81C6002F0A6F97A
:10F830008346002843D001F02FFFA8464FF0010B6C
:10F840002C4601F041FF0AE0672814BF4FF0000882
:10F8500008F00108079C08A802F090F950BB514637
:10F860000998C84751462046C847B8F1000F18BF4D
:10F870004FF0680B97E701F00FFF01F025FF08A894
:10F8800002F07CF998B951460998C847514620467C
:10F890004FF0010BC84786E7DDF81C8001F0FCFE45
:10F8A00001F012FF4446DAE74FF0670BD3E7D84682
:10F8B0004FF0010B01F0F0FE01F006FFCFE75146DB
:10F8C0000998C84751465846C8476CE7014B186825
:10F8D000704700BF60E501082DE9F04788B0109E31
:10F8E000002E6BD006F1500A05460F469046504652
:10F8F000994601F007FE80F00104E4B2002C5DD1CE
:10F90000002D5BD02B6823B16424204608B0BDE8ED
:10F91000F0873846FFF7ACFE002854D0B8F1000F4E
:10F920004CD0B9FA89F35B09B9F1000F46D007AAA8
:10F930000793CDE9033306F15803059293E80700D6
:10F940008DE80700494638469AE80C00FFF7E8FEC4
:10F9500000284FD1336DC820316E984728600028A9
:10F9600050D03846FFF7A6FE06F164034146079AD9
:10F97000009333462C6802F071FE2B68C4F8C40073
:10F98000D3F8C40070B303F1700102F04BFF2B6891
:10F990000446D0B996F848203146184683F8B82076
:10F9A00070220CF086FD3A68C0F8C0200798736D8D
:10F9B000316E9847204608B0BDE8F0870B242046FA
:10F9C00008B0BDE8F087C8249FE7CBB1D3F8C420C6
:10F9D00042B13846FFF76EFE2B68D3F8C41002F030
:10F9E00035FF2B681846726D316E01249047002355
:10F9F0002B60DBE7672807D0692805D00A2801D0EB
:10FA00000124D3E70A24D1E76724CFE770B5144D6A
:10FA100088B004465022134928460CF04AFD02A83B
:10FA200001F062FD0DF1080C05F1500E6E46BCE8C8
:10FA30000F00AEE80F00DCF800303046CEF80030A2
:10FA400003F0B0FF05F16403702296E8030083E839
:10FA50000300294620460CF02CFD204608B070BD5E
:10FA600000A3012468E50108F8B1036870B50446F5
:10FA7000B3B11646D3F8C42092B1D3F8C0000D46F6
:10FA8000FFF764F960B12368D3F8C40040B155B101
:10FA90003246294602F082FD003818BF012070BDB1
:10FAA0004FF4967070BD0B2070BD4FF49670704788
:10FAB000A0B1036810B5044673B1D3F8C4205AB19D
:10FAC000D3F8C000FFF742F930B12368D3F8C4007F
:10FAD000003818BF012010BD002010BD0020704765
:10FAE00030B1006820B1D0F8C400003818BF012040
:10FAF000704700BFF0B502F108070B4685B0144609
:10FB0000064697E807008DE807001846194994E86B
:10FB10000C0001F0F7FD337805462F2B23D004F1BC
:10FB20000C0393E803008DE80300701C94E80E00BA
:10FB300001F0EEFD064697E807008DE80700314624
:10FB4000284694E80C0001F0DDFD0346304662686B
:10FB50001E462169904728463546636821699847C3
:10FB6000284605B0F0BD7378002BD8D1284605B0E3
:10FB7000F0BD00BFF4E501082DE9F04385B068B1A0
:10FB8000074608460C4601F0BDFC38B100232D485D
:10FB900003A9039301F068FD054620B1002528461E
:10FBA00005B0BDE8F083039B1A78002AF6D004F173
:10FBB0000C0999E803008DE80300184694E80E004C
:10FBC00001F0E8FE80460028E8D003A91E4803950E
:10FBD00001F04AFD60B1002630466368216998470C
:10FBE0004046636821699847284605B0BDE8F08320
:10FBF000039B1E78F6B199E803008DE803001846D0
:10FC000094E80E0001F0C6FE06460028E3D0224626
:10FC10004146FFF76FFF0546002DDDD0284601F075
:10FC20006FFD03460028D7D1284621691D46636829
:10FC30009847D1E7224638464146FFF75BFF054625
:10FC4000EAE700BF00E6010818E601082DE9F041E7
:10FC500082B0002306460F46214801A99046019331
:10FC600001F002FD20B10125284602B0BDE8F08177
:10FC700004461C490198F0F733FB0546F0B90190A2
:10FC8000B8F1000F21D001A9174801F0EDFC0028C0
:10FC9000E9D116490198F0F723FB0346394630466F
:10FCA000B3FA83F35B0988F80030FFF765FF70B1A2
:10FCB000C8F80400284602B0BDE8F081254688F85F
:10FCC0000040284602B0BDE8F0810B25CCE798F84B
:10FCD0000050A5F10105B5FA85F56D09C4E700BF2F
:10FCE000B8E50108CCE50108D4E50108ECE5010818
:10FCF00018B1006808B1D0F80801704770B58E4699
:10FD00008CB00C4616460DF1180C0546BEE80F00E7
:10FD1000ACE80F009EE803008CE803000DB32B68ED
:10FD2000FBB1D3F80801E0B136B30023324602A993
:10FD30008DF807300DF1070302F02AFE054698B151
:10FD40000A2818BF01250DF1180EA446BEE80F00C1
:10FD5000ACE80F009EE803008CE8030028460CB0D6
:10FD600070BD4FF41675EEE79DF8072040F2592359
:10FD7000002A08BF1D46E6E70B25E4E770B10068DE
:10FD800060B1D0F8080148B169B110B54AB102F0CC
:10FD90005DFE10B1022818BF012010BD4FF416708F
:10FDA00070470B2010BD0B20704700BF30B10068BA
:10FDB00020B1D0F80801003818BF0120704700BFFB
:10FDC000014B1868704700BF38E601082DE9F0477D
:10FDD00088B0109FFFB107F1500A05460E469146C4
:10FDE0005046984601F08EFB80F00104E4B294B9CD
:10FDF0008DB13046FFF73CFC002855D0B9F1000F1B
:10FE000009D0B8F1000F06D02B684BB1642420460E
:10FE100008B0BDE8F0870B24204608B0BDE8F087A5
:10FE2000CDE9033307AA079307F15803059293E836
:10FE300007008DE80700414630469AE80C00FFF7BE
:10FE40006FFC00285FD1C8210120D7E917329847FD
:10FE5000286000285FD03046FFF72CFC07F16403D0
:10FE60004946079A00933B462C6802F0D7FEC4F837
:10FE7000C0002C68D4F8C00048B304F1700102F04F
:10FE8000C3FF0446A8B92868702297F8483039465D
:10FE900080F8B8300CF00DFB07987B6D396E9847F1
:10FEA000204608B0BDE8F087C824204608B0BDE869
:10FEB000F0872C686CB3D4F8C0304BB13046FFF7F4
:10FEC000F9FB2B68D3F8C01002F0B2FF2C6894B194
:10FED00004F15006304601F015FB58B1E06E48B110
:10FEE000314603F067FD0646C8B9636D216EE06ECA
:10FEF0009847E6662C687B6D2046396E012498474A
:10FF000000232B60C8E7672807D0692805D00A2896
:10FF100001D00124C0E70A24BEE76724BCE709F04A
:10FF2000BBFB2C68E7E700BF70B5144D8AB00446F0
:10FF30005022134928460CF0BCFA04A801F0D4FA68
:10FF40000DF1100C05F1500E6E46BCE80F00AEE846
:10FF50000F00DCF800303046CEF8003003F044FDEE
:10FF600005F1640396E8070083E80700702229463C
:10FF700020460CF09EFA20460AB070BD70A3012402
:10FF800040E60108002849D02DE9F04115460268F5
:10FF9000A4B00446002A39D01F46D2F8C030ABB313
:10FFA0000E46002938D0002D3CD002A84FF00008A2
:10FFB00003F0A8FD0DF1080CAE46BCE80F00AEE85A
:10FFC0000F00BCE80F00AEE80F00BCE80F00AEE881
:10FFD0000F009CE80F008EE80F008DF84F802B4635
:10FFE00020680DF14F023146D0F8C000009702F0B2
:10FFF00081FF0346C0B99DF84F1040F291120029CD
:020000040801F1
:1000000008BF1346184624B0BDE8F0814FF4C8730A
:10001000184624B0BDE8F0810B23F3E74FF4C87312
:100020001846704714ADC0E709F036FB0346E9E710
:1000300018B1006808B1D0F8C000704730B100684E
:1000400020B1D0F8C000003818BF0120704700BFB1
:10005000084601F00BBE00BF084601F02DBE00BFF0
:10006000037A10B50C4643B1052101F059FA024656
:100070000B460020C4E9002310BD0846BDE810402F
:1000800001F0F4BDF8B50546104614460E4601F0E1
:1000900039FA28B1032D03D8DFE805F01F305906DF
:1000A0004FF00B0C6046F8BD002CF9D0B6FA86F381
:1000B0005B09002EF4D033619C4606F11405324FE3
:1000C0004FF0030EC6E901330FCC0FC5236860461D
:1000D0002B60F76086F800E0F8BD002EE0D000232A
:1000E00006F1140533709C46C6E90133C6E90333B3
:1000F0000FCC0FC5236860462B60F8BD002CCFD015
:10010000B6FA86F56D09002ECAD0A646357006F1FE
:10011000140CBEE80F00C6E90155C6E90355ACE86A
:100120000F00DEF800301020CCF800302368216981
:100130009847306120B300220023AC460572C0E925
:100140000023124A01236046F2603370F8BD002C90
:10015000A6D0B6FA86F35B09002EA1D033619C4687
:1001600006F11405DFF828E00227C6E901330FCCB9
:100170000FC5236860462B60C6F80CE03770F8BDE9
:100180004FF00A0C8EE700BF59000108610001081A
:100190005100010840B139B103781BB1C3680BB1FC
:1001A00000691847012070470B20704782B02DE985
:1001B000F04106A9DDE90C5681E80C0030B3044695
:1001C000143001F09FF90DB380F0010313F0FF0329
:1001D0001CD1099A002A19DBDDE90A12012972F102
:1001E000000213DAD4E90107002F40D0024603E0F1
:1001F000BB4202F1280210D011680133A942F7D1A5
:10020000116AB142F4D14FF0010E01E04FF00B0E34
:100210007046BDE8F04102B07047013303EB830341
:10022000D900E369626A9847F0B1A3680DF1180C30
:1002300060604FF0000E03EB830203F1010840F809
:10024000325000EBC205BCE80F0005F108070FC7EC
:100250009CE8030087E8030070462E62C4F808801B
:10026000BDE8F04102B070474FF00A0ED0E72821F8
:10027000D7E700BF00285FD02DE9F04705461430CE
:100280000F46924601F03EF980F00100C0B200280E
:100290003FD1002F3DD0D5F80880B8F1000F0CD029
:1002A000D5F8049008EB88064C4609EBC60623688F
:1002B000BB4205D02834A642F9D10120BDE8F08721
:1002C000236A2834A6422FD05345F0D1A646A4F184
:1002D000280C2834BEE80F00ACE80F00BEE80F0081
:1002E000A642ACE80F009EE803008CE80300EDD1C5
:1002F00008F1FF34AC607CB104EB8404EB696A6AFA
:100300004846E10098470346C0B100206B60BDE855
:10031000F0870B20BDE8F0874846AB69696A9847CB
:1003200020466C60BDE8F0875345C6D108F1FF3424
:10033000AC60002CE0D1EFE70B2070470A20E9E722
:100340002DE9F047054684B0144631B10378023BED
:10035000012B3FD904B0BDE8F087136802A91868E3
:10036000FFF718FF0028F5D120680521203001F0A3
:10037000D7F823688146884603F12800052101F05B
:10038000CFF8074620680E460521183001F0C8F85E
:100390002B7882460D46023B029A012B039B37D9EC
:1003A000BA4273EB060160DA4A4573EB0801D1DA11
:1003B0001AEB0202206843EB05030525283000955F
:1003C00001F0E4F8206800952030DDE9022301F017
:1003D000DDF8BFE7136802A91868FFF7DBFE002805
:1003E000B8D1DDE902231343B4D0206805212830B9
:1003F00001F096F8029D0246039B2068521B00F113
:10040000300061EB03030521009101F0BFF8A1E783
:1004100013439FD020684FF005080023002230309E
:10042000CDF8008001F0E8F851EA000306460F46D7
:1004300090D0029A039B121ACDF80080206863EBDB
:10044000010312EB0A0200F1280043EB050301F05F
:100450009DF8CDF800802068DDE902232030921B52
:1004600063EB070301F092F874E72068083009F0A5
:10047000B7FB6FE7014B1868704700BF90E60108B3
:100480002DE9F04FABB00D460446924637A8359F94
:10049000DDF8D08001F036F8B5FA85F35B0943EA60
:1004A000D773002C08BF43F00103002B64D180F008
:1004B0000100C0B200285FD1236823B16426304612
:1004C0002BB0BDE8F08F08A92846FFF763FE06466B
:1004D0000028F4D10DF1180B0BAE0DF16009584650
:1004E000CDE9165A09F086FA9BE8030089E8030073
:1004F000304609F059FB0DAB93E807008DE8070083
:100500005146484696E80C0009F07EFA0646002857
:10051000D5D1169B1B78012B33D0369942463B46EA
:100520000DF1DC0E1A910DF1940C4FF0000ACDE99B
:100530001C23DDE908239FED2A7B12EB080047EB23
:1005400003018DED227BCDE91E23CDE92001BEE81C
:100550000F00ACE80F00DEF8003050208DF890A0BE
:100560001946CCF80030379B9847206058B350228A
:1005700016A90BF09EFFA2E70B2630462BB0BDE874
:10058000F08F012000218DF8403012AB164A0DF19A
:10059000400C05940492CDE912014FF0FF304FF06A
:1005A000FF31CDE914010FCB8DE80F0028469CE800
:1005B0000C00FFF7FBFD03460028AED048461E4660
:1005C00009F0CCFA7BE748460A2609F0C7FA22462A
:1005D00005492846FFF74EFE71E700BFAFF30080E4
:1005E0000000000000000000410301082DE9F04F69
:1005F00087B000286CD003680446002B62D0BFF39C
:100600005B8F93F83830BFF35B8F002B4FD10368BB
:1006100004A91868FFF7BEFD0546002849D1DDE9A9
:100620000423002B49DB052620680096203000F0CB
:10063000E3FF23688046BFF35B8FD3F810B0BFF3AE
:100640005B8F206889463146283000F069FF0F46ED
:10065000314606462068183000F062FF02460498D2
:100660000B46B618DDF814C0924647EB01078642E8
:1006700077EB0C0104DA53EA02012ED106466746F5
:100680002068052132463B462830009100F07EFF6D
:10069000BBF1000F0DD0049A2046059BB2EB080277
:1006A00063EB0903D847284607B0BDE8F08F40F256
:1006B0002135284607B0BDE8F08F0125284607B050
:1006C000BDE8F08F4FF44875284607B0BDE8F08FBD
:1006D0000B25284607B0BDE8F08F801B6CEB0701A7
:1006E000013861F10001CDE90232EFF761FE029BB2
:1006F000013041F1000100FB03F301FB0A33A0FBD1
:100700000A0A8619534443EB0707B9E770B582B06C
:1007100080B3036804468BB30D4659B3BFF35B8FB8
:1007200093F83830BFF35B8F53B903686946186894
:10073000FFF730FD064648B140F22133984202D11E
:1007400000231E462B70304602B070BD2068052184
:10075000283000F0E5FE009BC01A019B61EB03010D
:100760000128304671F10003B4BF012300232B7030
:1007700002B070BD0B26304602B070BD4FF4487613
:10078000E1E700BF70B582B030B3036804463BB305
:100790000D4609B3BFF35B8F93F83830BFF35B8F1F
:1007A000ABB9036869461868FFF7F4FC064658B908
:1007B00020680521283000F0B3FE009BC01A019B81
:1007C00061EB030128606960304602B070BD40F201
:1007D0002136304602B070BD0B26304602B070BDE7
:1007E0004FF44876F0E700BF30B1006820B1C3682D
:1007F0000BB1083070471846704700BF002849D039
:1008000070B51546C2B09AB11E466A4601AB0C4699
:1008100003F0FCF98446B8B9009971B1072919D0E1
:100820004B1E052B3AD8DFE803F026292C2F321D6A
:100830004FF00B0C604642B070BD07290AD0002370
:1008400060462B6042B070BD08F026FF84466046CB
:1008500042B070BDFF2CF2D92960002EEAD0FE23F1
:100860003360E7E706232B60002EE3D0019B604650
:10087000336042B070BD01232B60F5E702232B608B
:10088000F2E703232B60EFE704232B60ECE705235B
:100890002B60E9E74FF00B0C604670470B46044AAB
:1008A0004FF4807102A801F027F84FF0010CC1E766
:1008B00094E6010868B170B50D4616460446EFF798
:1008C0006FFD334601462A462046BDE87040FFF7DB
:1008D00095BF0B20704700BF10B5084C8646844674
:1008E0000FCCACE80F000FCCACE80F000FCCACE89D
:1008F0000F0023687046CCF8003010BDF4E6010804
:1009000018B1006B003818BF012070472DE9F04185
:1009100082B0002800F09580066B0446002E00F09F
:100920008C80F06B02F0C0FC256B061E18BF4FF4E4
:100930006176002D00F0818000272068D5F84C807A
:10094000A96D67602F6020B10191C047256B0199A7
:100950002760A86820B1C047256B0023C5E9013393
:100960004FF00008A068EF6CA96DC4F80C80C5F8C2
:100970000C8028B1B847256BC4F80880EF6CA96DCE
:100980004FF000086869C5F8108028B1B847C5F86D
:100990001480256BEF6CA96D4FF000082069C4F836
:1009A0001480C5F8408028B1B847256BC4F8108082
:1009B000EF6CA96D4FF00008A069C4F81C80C5F861
:1009C000188028B10191B847256B0199C4F81880A7
:1009D000286A20B1B847256B0023C5E907330027F3
:1009E000206AD5F84C80A96D67626F6220B10191D1
:1009F000C047256B01992762E86A20B1C047256B83
:100A00000023C5E90A330027A06AD5F84C80A96DF8
:100A1000E7622F6320B10191C047256B0199A7625E
:100A2000A86B20B1C047256B0023C5E90D33EB6CE3
:100A30002846A96D984700232363304602B0BDE8DD
:100A4000F0810B26304602B0BDE8F08118B338B50E
:100A5000036B04460BB319B31D684068854217D277
:100A6000681C1860236843F8251002B11560084619
:100A7000FFF7DEFA50B1236B426800209B6843F811
:100A80002520226B53680133536038BD012038BDE7
:100A900040F2863038BD0B2070474FF4617038BD8E
:100AA0000B2038BD002874D0036B10B50446002B12
:100AB00071D0006838B16268002192000BF0D6FB5B
:100AC000236B00221A60A06838B1E268002192000E
:100AD0000BF0CCFB236B0022DA60A06938B1E2692D
:100AE000002192000BF0C2FB236B00229A61206A66
:100AF00038B1626A002192000BF0B8FB236B002230
:100B00005A62A06A38B1E26A002192000BF0AEFB93
:100B1000236B00221A63206938B1626900219200B8
:100B20000BF0A4FB236B00221A64986838B15A6852
:100B3000002192000BF09AFB236B00225A60586947
:100B400038B11A69002192000BF090FB236B002250
:100B50001A61186A38B1DA69002192000BF086FB3D
:100B6000236B0022DA61D86A38B19A6A00219200B8
:100B70000BF07CFB236B00229A62986B40B15A6B9E
:100B8000002192000BF072FB0023226B1846536386
:100B900010BD0B2070474FF4617010BD002800F0AD
:100BA00080812DE9F04F046B83B00546002C00F0E6
:100BB0007A814FF000091F46D4F858A0884616469F
:100BC000D4E913B3C0F80490C4F80090002900F0F1
:100BD000BF808C0052460068214601939847019BD4
:100BE0002860002800F0F6802246494601930BF069
:100BF0003DFBC5F804805246D5F830802146019B64
:100C0000D8F80800C8F8049098472B6BC8F808007B
:100C10009B68002B00F04A812246494618460BF09B
:100C200025FB2C6B4FF00008D4F85890D4E913231F
:100C3000C5F80C80C4F80C80002E40F09B80A8689A
:100C400028B1494690472C6BAE60D4F858904FF0CD
:100C50000008F619C4F8108040F0A280606930B135
:100C60004946E36C984766612C6BD4F8589000268F
:100C7000D4E913A86E612664002F40F0AF80286984
:100C800038B14946D0472C6B2F61D4F85890D4E93D
:100C900013A800260C9BEE61A661002B40F0938008
:100CA000A86920B14946D0470C9B2C6BAB61206AE8
:100CB00028B14946D0472C6B0023C4E907330026EE
:100CC0000D9BA76DD4E913896E626662002B00F05C
:100CD00098804FEA830A3A46286A5146C8472862F4
:100CE000002877D0524631460BF0C0FA2C6B0D9B92
:100CF0003A46E06A51466B62A662C8472B6BE062D7
:100D0000DC6A002C00F0F2802046524631460BF09F
:100D1000ADFA2C6B00260E9BA76DD4E91389EE6209
:100D20002663002B40F09780A86A20B13946C0475F
:100D30000E9B2C6BAB62A06B00284CD03946C04791
:100D400000232A6B1846C2E90D3303B0BDE8F08FCB
:100D5000006820B15146D8472C6BC5F80080A068C8
:100D600000283FF45FAF5146D8472C6B0023C4E9FD
:100D7000013357E7B4004A46A86821469847A8605F
:100D800040B3224641460BF071FA4FF000082C6B3D
:100D9000EE60F619D4F85890C4F810803FF45EAFB6
:100DA000B6004A46236D60693146984781466061C6
:100DB000002800F08480324641460BF057FA2C6B35
:100DC000D4F8589053E79C004A46A8692146C0478A
:100DD000A86140BB0A2003B0BDE8F08FBC004A46C2
:100DE00028692146C04728610028F3D022463146B1
:100DF0000BF03CFA2C6B6F61D4F85890D4E913A82F
:100E000047E7286A20B13946C0470D9B2C6B2B62FF
:100E1000E06A00283FF47EAF3946C0472C6B0023C0
:100E2000C4E90A3376E7224631460BF01FFA2F6BEE
:100E30000C9B4A46386A2146EB61FE61C0472B6B2A
:100E400038621F6A002F4AD02246314638460BF0DE
:100E50000DFA2C6B33E79C003A46A86A2146C84736
:100E6000A8620028B6D0224631460BF0FFF9D5F82B
:100E700030A00E9B3A462146DAF83800EB62CAF8F9
:100E80003460C8472B6BCAF838009B6B002B34D0FA
:100E90002246314618460BF0E9F9304603B0BDE86A
:100EA000F08F0B2070474FF4617094E7286851462B
:100EB0000193D847019B0A20C5E900338BE72B6BD0
:100EC000A868996DDB6C98472B6B2869DA6C996D73
:100ED000C5E9029990470A20C5E904997BE7A8690A
:100EE0004946D0470A20C5E9067774E7286A39469B
:100EF000C0470A20C5E908446DE7A86A394601934E
:100F0000C047019B0A20C5E90A3364E72DE9F04F89
:100F100085B005460E46174612A89846DDF844905F
:100F200000F0F0FA002D72D080F00100C0B200286D
:100F30006DD1D5F830A0BAF1000F04D0642420465A
:100F400005B0BDE8F08FB9F1000F60D04846FDF75D
:100F5000FDFE002868D0129B5C20169998472863F4
:100F6000002863D05C2251460BF080F912ACD5F812
:100F700030B0DDE90F320BF1480CCBF8449003EBB5
:100F8000020E0E9BD9F800909E440FCCCBE901AA2B
:100F9000CBE904AACBE907AACBE90AAACBE90DAAB7
:100FA000BE44ACE80F0023680EEB460109F12800AF
:100FB000CCF8003002F06EF92B6BCBF83C00D86B0C
:100FC00050B3109C43463A463146029428460F9C43
:100FD00001940E9C0094FFF7E1FD04460028AED07A
:100FE0002B6B2BBB002628463346324631460096F3
:100FF000CDE90166FFF7D2FD286B00289FD0C36CB6
:10100000816D984720462E6305B0BDE8F08F0B2414
:10101000204605B0BDE8F08F012402F045F9002814
:1010200018BF4FF46174DDE7652488E70A2486E77A
:10103000D86BF2E718B338B5036B04460BB319B39A
:10104000DD68C068854217D2681CD860A36843F881
:10105000251002B11560084608F0D2FD50B1236B8F
:10106000426800205B6943F82520226B1369013335
:10107000136138BD012038BD40F2863038BD0B20E9
:1010800070474FF4617038BD0B2038BD28B338B5B8
:10109000036B04461BB329B3186C6569A84219D2C7
:1010A000451C1D64236943F8201002B110600846F6
:1010B000FFF79AFB68B1226BE368156C013B1D4496
:1010C00008F09EFD80B1236B426800205B6943F805
:1010D000252038BD40F2863038BD0B2070474FF4D4
:1010E000617038BD0B2038BD012038BD18B338B54C
:1010F000036B04460BB319B39D69C069854217D2CF
:10110000681C9861A36943F8251002B11560084670
:10111000FDF740FD50B1236B426800201B6A43F885
:101120002520226BD3690133D36138BD012038BD3E
:1011300040F2863038BD0B2070474FF4617038BDE7
:101140000B2038BD18B338B5036B04460BB319B385
:101150005D6A406A854217D2681C5862236A43F868
:10116000251002B115600846FEF7C2FD50B1236B91
:1011700042680020DB6A43F82520226B936A013322
:10118000936238BD012038BD40F2863038BD0B2057
:1011900070474FF4617038BD0B2038BD000000006F
:1011A0002DE9F04F2DED028B8DB0CDE90423002801
:1011B00000F04F81066B0546002E00F01A8143684F
:1011C00083B9EB6873B96B6963B9EB6953B96B6A3F
:1011D00043B9EB6A33B940F285300DB0BDEC028BF8
:1011E000BDE8F08F049B326C012B059B73F100036B
:1011F000C0F2F880DDE90487002A00F00F810024A6
:10120000134640F221393246A246A3469FED988B01
:1012100014E00028E1D1DDE90823424573EB070122
:1012200003DA90461F464FF0010B2A6B136C013412
:101230004AF1000A9C427AF1000128D2286908A9E3
:10124000A60050F824000028F1D0EB68D2F814C0B2
:1012500023445CF823E0BEF1000F06D013694CF87C
:1012600023E0013313612B6998598DED088BFFF74B
:1012700089FA4845CDD12B69002201349A512A6B55
:101280004AF1000A136C9C427AF10001D6D3594608
:101290001646DDE90432134340F0B48000230022F7
:1012A0000C46CDE90823CDE90A2308AB029306F1E9
:1012B0003403F26B06F110010093301D06F11C039C
:1012C000019206F1280201F081FE2B6B80461A6C18
:1012D000E2B14FF000094F462A690DF11F014FEAB4
:1012E000890652F8290060B18DF81F70FFF70EFAD9
:1012F00000287FF472AF9DF81F300BB92A69935113
:101300002B6B09F101091A6C4A45E5D838F0020047
:1013100076D16F687FB1024602E00132BA420AD04C
:10132000996851F822100029F7D12E6846F822104A
:101330000132BA42F4D1EF687FB1002202E00132FB
:10134000BA420AD0596951F822100029F7D1AE6883
:1013500046F822100132BA42F4D1EF697FB100227F
:1013600002E00132BA420AD0196A51F8221000296B
:10137000F7D1AE6946F822100132BA42F4D16F6A51
:101380007FB1002202E00132BA420AD0D96A51F894
:1013900022100029F7D12E6A46F822100132BA42F3
:1013A000F4D1EF6A7FB1002202E00132BA420AD0E2
:1013B000996B51F822100029F7D1AE6A46F8221035
:1013C0000132BA42F4D1B8F1020F7FF406AF84F0D3
:1013D0000103DBB2002B18BF02200DB0BDEC028B65
:1013E000BDE8F08F002A3AD04FF0FF386FF0004789
:1013F00005E74FF461700DB0BDEC028BBDE8F08FD6
:101400000120EAE6049B0C46012B059B73F10003C7
:10141000A8BF44F0010414B9234647E71146002F42
:1014200002DA4FF0000847460C464046394612A300
:10143000D3E90023EEF7BCFF0FA3D3E90023CDE9E6
:10144000080140463946EEF7B3FFCDE90A2308AB61
:101450002CE70B200DB0BDEC028BBDE8F08F1146E0
:101460004FF0FF386FF0004713E700BFAFF3008085
:10147000FFFFFFFFFFFFFF7F00CA9A3B0000000055
:1014800009F0D0BD09F05CBF09F038BE09F02EBEEE
:1014900010B5054C864684460FCCACE80F00236897
:1014A0007046CCF8003010BD28E70108A8B10268EA
:1014B000A2B14168A1B110B4C46864B1806838B108
:1014C000084B1A600022C3E901100120C3E903425E
:1014D0005DF8044B70472046FAE7704710467047A6
:1014E000084670476400002410B5054C86468446C3
:1014F0000FCCACE80F0023687046CCF8003010BD6C
:101500006400002458B1036843B1436833B1C36831
:1015100023B18068003818BF012070471846704713
:1015200080EA1041164A174B4FF0010C81F03D0143
:1015300001EBC10181EA111102FB01F181EAD13114
:10154000A3FB01231B0903EB4302C3EBC203D0B48B
:10155000C91A0D4C6218D2E84F3FC2E846CF002EA0
:10156000F9D1DBB2BFF35B8F002BF4D1D0E9006778
:10157000BFF35B8F635430463946D0BC704700BF21
:101580002DEBD427C94216B2E0A3012470B580EA3E
:10159000104E1649164C8EF03D0E0EEBCE0E8EEA16
:1015A0001E1E01FB0EFE13498EEADE3EA1FB0E510C
:1015B0004FF00105090901EB410CC1EBCC01AEEB89
:1015C000010E04EB0E0CDCE84F1FCCE8465F002E4A
:1015D000F9D1C9B2BFF35B8F0029F4D1C0E9002370
:1015E000BFF35B8F04F80E1070BD00BF2DEBD42746
:1015F000E0A30124C94216B280EA104C17498CF0CE
:101600003D0C0CEBCC0C8CEA1C1C01FB0CFC1449B3
:101610008CEADC3C70B58646A1FB0C01114D4FF005
:101620000100090901EB4104C1EBC401ACEB010C61
:1016300005EB0C01D1E84F4FC1E8460F002EF9D160
:10164000E4B2BFF35B8F002CF4D1DEE90001CEE9F8
:101650000023BFF35B8F05F80C4070BD2DEBD42742
:10166000C94216B2E0A3012468B110B50C4629B1F5
:1016700009F0F4FC20B12060002010BD034810BD2B
:10168000034B236010BD0348704700BF58E70108B3
:10169000C4E801083CE70108064B1B783BB1064B48
:1016A0001A780AB901221A70044B18787047044B53
:1016B00018787047F7A3012409A4012408A4012481
:1016C00074E70108000000009FED077B0023084A33
:1016D00008481380084903700B7082ED027B074AAB
:1016E00013707047AFF3008000000000000000009E
:1016F000F8A3012409A4012408A40124F7A30124C8
:101700000020704782B000208DE80C0002B07047C6
:1017100084B000200DF1040C04B08CE80E0070477A
:101720000FB4F0B583B008AC0E9E84E80F0026B36A
:1017300008A8FFF7E7FE00B300210FAB32460846CA
:10174000CDE9003300F006F9431C054615D0471CCF
:101750000D9B9F4201D95D1E1F46089B38460C9980
:101760009847044648B132463946019B00F0F2F8EA
:10177000002809DB0023635500E00024204603B065
:10178000BDE8F04004B070472046099B0C99002446
:101790009847F3E72DE9F04F2DED028B87B0002637
:1017A00080468A460090084608EE102A9946102581
:1017B000EEF7F6FD3746B34601901EE00BF1010B44
:1017C000019B5E4504EB030811D22E44D9F8083082
:1017D000D9F8102005EB4505B1009847002800F026
:1017E0008880B5F5801F074628BF4FF48015009A02
:1017F00007EB8B03A41A43F8044C514640460AF009
:101800005CFD04463846002CD8D14046EEF7C8FDB2
:10181000009BA8EB030808EB00040294BBF1000F47
:1018200045D018EE100AEEF7BBFD019A0646D9F82E
:101830000030821AD9F810100BFB0242501C05929E
:1018400098478246002854D03A683D4600990124C2
:101850000AF02FFE3B68CDE9037A0AEB030818EE85
:10186000107ADDF800A0CDF80090DDF80490324643
:1018700039464046B0440AF01CFE55F8042BA345F7
:101880004A440AEB02012AD02868821A4046904452
:101890000AF00FFE621CA3451446E8D8DDF800905C
:1018A000DDE9037A0023059A0AF802300BE02046AE
:1018B000D9F80030D9F8101001309847824610B19D
:1018C00000990AF0EEFD3846D9F80430D9F8101026
:1018D0009847504607B0BDEC028BBDE8F08F029BE5
:1018E0004046DDF800909A1ADDE9037A0AF0E1FD3E
:1018F000D8E74FF0000AE6E70CB430B583B006AB8A
:1019000053F8042B0193E2B1B0FA80F4B1FA81F5F7
:1019100050EA010C4FEA54144FEA551508D084B927
:101920007DB90AF0D7FB03B0BDE8304002B0704784
:10193000614660460AF0CEFB03B0BDE8304002B01D
:1019400070470AF081FD162203464FF0FF301A60FF
:10195000E9E700BF70B5B2B1B0FA80F4B1FA81F531
:1019600050EA010C4FEA54144FEA551505D054B90A
:101970004DB9BDE870400AF0ADBB61466046BDE8B8
:1019800070400AF0A7BB0AF05FFD162303604FF01A
:10199000FF3070BD84B070B582B0054607AC84E8F6
:1019A0000E00B0B1EEF7FCFC421C079B06460B99FB
:1019B000104601929847044628B1019A29460AF038
:1019C00078FD0023A355204602B0BDE8704004B066
:1019D00070470446F7E700BF82B0F8B506AC05468D
:1019E00084E80C0088B14F1C0E460A99384690478F
:1019F000044628B13A4629460AF05BFD0023A35568
:101A00002046BDE8F84002B070470446F8E700BF42
:101A10000020014B186070470CA4012400285ED000
:101A20002DE9F0410C46016882B0054629B1CB682A
:101A3000A34206D91C460029F9D11F2002B0BDE8F7
:101A4000F0818B68A34246D00E6A002C33D0B4F1EB
:101A5000804F42D2A700D1F8188008683246394634
:101A6000C047002839D02B6832463946186058687C
:101A7000C047002831D02D68AB686860A34225D2EA
:101A80002A6800EB070C990002EB830E00EB83063B
:101A9000E64503D202EB070C664522D3E31A7046F3
:101AA00000219A0001920AF0E1FB019A00213046E0
:101AB0000AF0DCFB0AE04F6908683146B8472B683A
:101AC000314658681C60B8472D686C600020AC60D7
:101AD00002B0BDE8F0810020B0E70A20AEE70B209D
:101AE00070470B1F18441344043A1744002243F86C
:101AF000042FBB4240F8042FF9D1E7E782B070B55C
:101B000004AC84E80C0080B3066804462EB11E25A0
:101B10002846BDE8704002B0704704A80D46FFF7A4
:101B2000F1FC10B3049B242008999847206010B35F
:101B30000DF1100E00F1100CC0E90066C0E902665C
:101B4000BEE80F00ACE80F00DEF800302946204662
:101B5000CCF80030FFF762FF05460028D8D0059B7F
:101B60000899206898472660D2E70B252846BDE8EB
:101B7000704002B070470A25CAE700BF2DE9F04166
:101B800082B000283AD004680646002C32D0A36800
:101B90002BB3002522682F4652F82500E0B1216AB8
:101BA000D4F814800191C0470199D4E9003243F878
:101BB000257052F82500C047E3686268013B42F88F
:101BC00025700135E3603468A3689D4207D222681E
:101BD00052F825000028E2D101359D42DCD30021D6
:101BE0003046FFF71BFF044620B930684369016A9D
:101BF00098473460204602B0BDE8F0810B242046AF
:101C000002B0BDE8F08100BF78B32DE9F84FD0F8FD
:101C100000B0BBF1000F1FD0B1FA81F4884664090F
:101C2000D1B1DBF80870DBF80060AFB19146043E3B
:101C300056F8045F4FEA840A0134284655B1EEF79E
:101C4000AFFB0246294640464A4538BF4A460AF09D
:101C500022FB20B1A742EBD10020BDE8F88FDBF8D2
:101C6000043053F80A00BDE8F88F704700B370B530
:101C700084B0044601206946F9F726F9DDE9003110
:101C8000002912DB53EA0102029D01D1002D0CDB79
:101C9000084E0020A3FB06325B1906FB012242EB33
:101CA000E572C4E9003204B070BD022004B070BD1A
:101CB0000B20704700CA9A3B00B370B584B004464D
:101CC00000206946F9F700F9DDE90031002912DB4F
:101CD00053EA0102029D01D1002D0CDB084E0020C9
:101CE000A3FB06325B1906FB012242EBE572C4E955
:101CF000003204B070BD022004B070BD0B207047EC
:101D000000CA9A3B0000000010B50446103000F0F5
:101D10000FF800232046A360A364E3649FED027BD9
:101D200084ED007B10BD00BF00000000000000003B
:101D300010B50446382200210AF098FA04F1100088
:101D400001F034FE4FF0FF332046E36010BD00BFCA
:101D500070B4059CDDE903657AB173B1002E18BF3C
:101D6000002D0AD04CB1646B207400206562C4E978
:101D70000512C4E9073670BC70470B2070BC704771
:101D80001F4B1A7B70B50546ADF5247D0E4692B10A
:101D90001C6884B1A0683246294600F5287003F01B
:101DA00097FB646880F00103D8B20CB10028F1D130
:101DB0000DF5247D70BD134B00211A7818698DF83C
:101DC00000225A689C90A3925869DA689B689B929B
:101DD0006A469D9008469A9301F0E0F80028E7D102
:101DE000324629469EA803F0BFFB0446684603F02E
:101DF0003BFB84F00103D8B20DF5247D70BD00BF1C
:101E000008FB012410A4012470B528B10446006821
:101E10000D4601F0B9FD10B90124204670BD63687C
:101E2000002BF9D0002DF7D0286801F0ADFD002877
:101E3000F2D06E68002EEFD0646832692069D0F865
:101E4000883300F52870196803F080FC0246206989
:101E5000D0F89033D0F8881301F01CFD2069326966
:101E6000D0F8883300F52870196803F041F802466D
:101E70002069D0F89033D0F8881301F00BFD0346A9
:101E80002846002B14BF0024022401F0E1FBC4E724
:101E9000014B1868704700BFF4EE010884B0F0B53C
:101EA00083B009AD85E80E0030B104462846FFF73F
:101EB00029FB08B1A6682EB10B2003B0BDE8F040A5
:101EC00004B070470022002304F1200CDFF898E0F2
:101ED0006F46C4E90023204B1B68A3600FCDACE81C
:101EE0000F002B683846CCF80030C4F81CE0E660E0
:101EF00001F05CFD04F11003032297E8030083E87E
:101F0000030016481649267601F0E2FA134808F055
:101F100053F8F0B1134A83685168636310785961CC
:101F2000D1681874D961116919625169926859624E
:101F30009A6105F0E1FB09F097F909F0C3F9636BC9
:101F400098620028F9D0002003B0BDE8F04004B04A
:101F500070470120B1E700BFF4EE0108C8FA012480
:101F6000C0A5012410A4012440E50108002847D0A1
:101F700070B50D4649B10446806820B1224B1968FE
:101F8000EEF7AEF9A8BBAB681BB14FF00B0C604687
:101F900070BD23462A4604F13006D3F800E0103322
:101FA00053F80CCC103253F8080C53F8041CB3420D
:101FB00042F810EC42F80CCC42F8080C42F8041C31
:101FC000EBD119685B6811481160536007F0F4FFAA
:101FD00098B183684FF0000C6B63656B03F11004DC
:101FE00010350FCD0FC495E8070084E80700604660
:101FF00070BD4FF00C0C604670BD4FF0010CC6E791
:102000004FF00B0C60467047F4EE0108C8FA01244B
:1020100010B58EB088B304462030FFF773FA60B372
:10202000A06820B11A4B1968EEF75AF968BB194B32
:10203000196831B3626B01E0496811B38B689A4249
:10204000FAD1144807F0C8FF6846FFF771FEEE4664
:10205000A4460024BEE80F00ACE80F00BEE80F0065
:10206000ACE80F00BEE80F00ACE80F009EE80300EC
:102070008CE8030020460EB010BD0B2420460EB0A5
:1020800010BD012420460EB010BD0C24F2E700BFA5
:10209000F4EE0108C8FA01242DE9F04383B00028CA
:1020A00000F0D3800E46002900F0CF80436B054638
:1020B000002B00F0CA80784B80681F6828B1394631
:1020C000EEF70EF9002840F0CA80744C4FF000087B
:1020D00073497448D5E90023B760C6E90023EB686B
:1020E0000122B36401F094F9204606226E4901F002
:1020F000CFF96C4884F80D8007F05EFF002800F0EF
:10210000A9808468686B04F11009416A90F810C0D6
:10211000D0E9062301916146006A0090484603F029
:1021200065F94FF47A7204F5805360496048C4E958
:10213000E32204F55E72C4E9E122C3F8948501222A
:10214000C3F89885C3F89C85C3F8A085C4E9DA78FC
:10215000F46401F03DF906225649574801F018F998
:1021600006225649564801F0F3F8012255495648CF
:1021700001F0AEF801225549554801F0C9F80C228A
:102180005449554801F064F903225449544801F078
:102190009FF904225349544801F0BAF9534954486D
:1021A000042201F0D5F94246696BF06C00F0F6FEAE
:1021B0000746002858D16B6B04F5287504F5227189
:1021C0009A6A284603F048FC22464A49284603F00A
:1021D00067FC3A464849284603F05EFC3A464749C0
:1021E000284603F061FC3A464549284603F060FC66
:1021F000B4F89822042304F565719200284603F090
:1022000097FCB4F89822042304F694319200C4F8A1
:102210007403284603F062FCC4F87803284603F0F0
:1022200081FC41F29431C4F8800328462144B4F87B
:10223000982203F041FCC4F87C03284604F0F4F92A
:10224000F8B1384603B0BDE8F0830B27384603B039
:10225000BDE8F0830127384603B0BDE8F0830C27C2
:10226000384603B0BDE8F083484603F0FDF8214648
:102270000C4807F0B1FE3846C6F84C8003B0BDE804
:10228000F083484603F0F0F82146064807F0A4FE24
:10229000F7640127D5E700BFF4EE010818FB01241D
:1022A000C0AC012408FB012468C2012444A6012417
:1022B000D8FA0124E8F3012428FB0124E8A601242C
:1022C000E8FA0124F8AB0124F8FA012478A40124E7
:1022D00068A40124F8F8012438FB0124C0A50124D6
:1022E000C8FA012448FA012448FB012440A501242E
:1022F000B8FA0124F19D0108E99D0108899E0108B1
:10230000259F0108174BC16C70B51C68054634B396
:102310000026D4E9014002698A4218D0002CF8D185
:1023200089B1D1F8883301F528709B78012B14BF4F
:102330000A21002104F050F9E86C01F029F9E86C59
:10234000103003F091F800233046EB6470BD183074
:1023500000F09CF8E96C0646002CDAD1E0E726464E
:10236000DEE700BFD8FA01242DE9F04383B0002B4B
:1023700064D0064638480F4690461D4607F01CFEBE
:1023800000285BD08468EB6C04F12C0904F118057B
:102390002361FFF77DFDC4F82090C4E906043046B0
:1023A000EDF7FEFF421C3C2A40D8484604F168097C
:1023B00031460AF07EF83846C4F82490EDF7F0FF75
:1023C000421C3C2A32D8394648460AF072F8236942
:1023D000012103F58053B3F894054218A3F894251E
:1023E00003F046F860613B782F2B2CD17B7853BBF0
:1023F00033461A4A3C211A4809F0CAFD20690621D1
:102400001FFA88F3D0F8842300F52870019114494D
:1024100000911168626902F0B7FD02462069D0F8A8
:102420008C33D0F8841301F035FA18B9284600250A
:1024300001F0B4F8284603B0BDE8F0830025284633
:1024400003B0BDE8F0833B46064A3C2100960448B1
:1024500009F09EFDD2E700BFD8FA0124ACE70108DD
:102460002CA4012450E501088C461146BCF1000F54
:102470000AD09CF800303BB132B1137823B1034647
:10248000826C6046FFF770BF00207047F8B528B334
:102490000746006820B1374B1968EDF721FFE8B90E
:1024A0007D68DDB1344B1C68002C60D00026D4E977
:1024B0000141D1F880309D4213D0002CF7D12F4B31
:1024C0001C68C4B1D4E901410B6A9D42F9D17C3149
:1024D000384600F0ADFC01280646F2D10126304610
:1024E000F8BD8431384600F0B1F901280646F5D030
:1024F000002CDCD1E3E7224B1C686CB1D4E901412C
:102500008B6F9D42F9D17C31384600F043FB0128A6
:102510000646E3D0002CF1D11A4B1C686CB1D4E90B
:1025200001418B6F9D42F9D17C313846FFF76CFC3D
:1025300001280646D2D0002CF1D128696A69D0F86A
:10254000883300F52870196802F0D2FC0246286929
:10255000D0F88813D0F8903301F09CF90346384640
:10256000002B08BF022601F019F83046F8BD2646B8
:10257000A5E700BFF4EE0108E8FA012428FB0124D6
:10258000F8FA012468A401244368186900F55A7018
:10259000704700BFC96F03F0ABBE00BF002853D027
:1025A00070B50D468EB000294BD00446006801F08E
:1025B000EBF9002845D06668002E42D0B469284661
:1025C00023699847F369059013B105A898470598C2
:1025D000D6F880301B69009003F52870726906AB4D
:1025E000B16F05F029F9D8B1A36806A92846984724
:1025F000336A04460BB106A8984796F87A30012B47
:10260000D6F8803022D01869F16F00F5287003F0F9
:102610006FFE2040C4B284F00100C0B20EB070BDA5
:10262000D6F880301869059B029600F52870009353
:10263000094B019306AB7269B16F05F02DF90028C3
:10264000D2D101200EB070BD01207047186900F58D
:10265000287003F093FADEE7952501082DE9F04F85
:1026600087B0002800F0D2800E46002900F0CE800E
:102670000446006815461F4601F086F980F0010007
:10268000C0B2002840F0C280002D00F0BF802B783F
:10269000002B00F0BB80002F00F0B8805E48D4F81B
:1026A000049007F089FC002800F0B080846804F1F1
:1026B0009C0AC4F88840FFF7EBFBC4F88400C4F818
:1026C0008CA02846EDF76CFE013004F184083C280C
:1026D00000F28F802B46514A3C21504609F058FCAD
:1026E0004FF47A7339465022E36704F12800C4F8A6
:1026F000809009F0DEFE3B7A30464949022BD9F83A
:1027000010300CBFD3F87C33D3F87833A3670023A1
:10271000C4E9073301F04CFB00286AD04268A2618B
:10272000002A66D029463B46484607F093FC606283
:10273000002862D0D9F810300321062503F5805314
:10274000B3F89805421CA3F8982502F091FED4F83E
:102750008020D9F810302061D3F8843310690095B7
:1027600000F5287019682269D9F8143002F074FC59
:102770000246D9F81000D0F88C33D0F8841301F059
:1027800089F8B0B3D9F8103005210DF1100A03F51E
:102790008053B3F89A05421CA3F89A2502F068FE0C
:1027A000D4F88030394660611E695046D9F810303F
:1027B000D4F824B006F52876D3F8847301F086F8AF
:1027C00003959AE8030001903046ADF80810DBF855
:1027D000103000933968D4E9043202F09DFC0246BF
:1027E000D9F81000D0F88C33D0F8841301F052F8E7
:1027F00070B9606A08B100F041FF40464FF0000830
:1028000000F0E4FE404607B0BDE8F08F4FF000084E
:10281000404607B0BDE8F08FE8FA0124ACE70108B4
:1028200078E7010878B110B5B1FA81F4640941B1D3
:1028300043685022084603F1280109F03AFE204679
:1028400010BD0B2010BD0B20704700BF2DE9F041DB
:1028500028B1044600680D4601F096F818B9012425
:102860002046BDE8F0816368002BF8D0B5FA85F406
:102870006409002DF3D0286801F086F80028EED016
:102880006E68002EEBD0706AD6F8807007F032FCCC
:10289000D6F8803072691869D0F8883300F528704E
:1028A000196802F025FBD6F8803080463269186935
:1028B000D0F8883300F52870196802F019FB064635
:1028C00038694246D0F89033D0F8881300F0E2FF20
:1028D0003F6932460646D7F890333846D7F8881312
:1028E00000F0D8FF26B118B1284600F06FFEB7E718
:1028F0000224F9E72DE9F043044600688BB00E4648
:10290000154628B1214B1968EDF7EAFC002839D1AA
:10291000646800276369D4F878809B689847D0F88A
:1029200004903046D9F810309847D8F8103000900D
:1029300003F52870226902AB216F04F07DFFC5E921
:10294000000798B1D9F8083002A93046984794F8A2
:102950007230D8F81000012B0CD0616F00F5287090
:1029600003F0C6FC38460BB0BDE8F08301200BB085
:10297000BDE8F08300F5287003F000F938460BB08D
:10298000BDE8F0830C200BB0BDE8F083F4EE010845
:102990002DE9F0430546006889B00C4690461E4676
:1029A00028B1284B1968EDF79BFC002846D10EB1E1
:1029B00000233370D5F8049000F0EEFE484600F096
:1029C000C3FE0746B0B38568D5F83828D5F83C383B
:1029D000C4E9083295F837382374B5F8342895F8E7
:1029E0003638A4F81120E374D5F82818D5F82C2827
:1029F000D5F830386161A261E361D9F814309B6881
:102A000098474468D5F8102805F11001684602F08F
:102A1000FBF94146E36868469847394604460A4848
:102A200007F0DAFA06B1347084F00100C0B209B0E0
:102A3000BDE8F083012009B0BDE8F0830C2009B0A7
:102A4000BDE8F083F4EE010818FB0124F0B505465B
:102A5000006891B00C46164628B1294B1968EDF76D
:102A60003FFC002841D16D68A1686068AF6FD4E970
:102A7000043207932346069213F8012B9B788DF8B6
:102A800017208DF81630B4F80130E268ADF8143034
:102A900002AB6C6907C3E368984744683046236912
:102AA000984700F118033869009308AB00F52870C7
:102AB0002A69296F04F0C0FE10B9012011B0F0BDE1
:102AC00002A908A806F006F8A36808A930469847A6
:102AD00095F872303869012B0AD0696F00F52870BB
:102AE00003F006FC002011B0F0BD0C2011B0F0BDC9
:102AF00000F5287003F042F8002011B0F0BD00BFCF
:102B0000F4EE01082DE9F0410446006888B00F4654
:102B100090461D4620B11D4B1968EDF7E1FB68BBDF
:102B20000DB100232B70646800F036FE204600F0E3
:102B30000BFE064630B363698468DB6804F5036204
:102B400052E90201C7E9080198474768D4F81028FC
:102B500004F11001684602F057F94146FB686846E7
:102B60009847314604460A4807F036FA05B12C70FA
:102B700084F00100C0B208B0BDE8F0810C2008B0BC
:102B8000BDE8F081012008B0BDE8F081F4EE010855
:102B900018FB012470B528B1044600680D4600F00A
:102BA000F3FE10B90124204670BD6368002BF9D0F4
:102BB000002DF7D0286800F0E7FE0028F2D06E68FC
:102BC000002EEFD0646832692069D0F8883300F5B0
:102BD0002870196802F0BAFD02462069D0F89033D7
:102BE000D0F8881300F056FE20693269D0F8883397
:102BF00000F52870196802F07BF902462069D0F8C8
:102C00009033D0F8881300F045FE03462846002B89
:102C100014BF0024022400F005FDC4E72DE9F04FA5
:102C20008DB0002900F0D8800446002800F0D48040
:102C300000680E4615461F4600F0A6FE80F0010013
:102C4000C0B2002840F0C880002D00F0C5802B786D
:102C5000002B00F0C180002F00F0BE806748D4F840
:102C6000049007F0A9F90446002800F0B680D0F8D7
:102C7000088008F1980AC8F88080FFF709F9C8F8B9
:102C80007C00C8F884A02846EDF78AFB013008F1E3
:102C90007C043C2800F2A5802B46594A3C21504632
:102CA00009F076F93946502208F12800C8F820903A
:102CB00009F0FFFB3046534901F07AF8002800F094
:102CC00090804268C8F81820002A00F08A802946BF
:102CD0003B46484607F0BEF9C8F81C00002800F043
:102CE0008580D9F810300421062503F58053B3F808
:102CF0009C05421CA3F89C2502F0BAFBC8F8100002
:102D0000D9F81000D0F8843300F5287000951968C0
:102D1000D8F81020D9F8143002F0CEF90246D9F8CC
:102D20001000D0F88C33D0F8841300F0B3FD0028E5
:102D300057D0D9F81030294608AE03F58053B3F8C0
:102D40009E05421CA3F89E2502F092FBD9F810A024
:102D5000D8F81C303946C8F814003046DAF884B385
:102D6000059300F0B3FD0395059B96E803000190E1
:102D70000AF52870ADF808101B690093DBF8001005
:102D8000D8E9043202F03EFA0246D9F81000D0F831
:102D90008C33D0F8841300F07DFD10B33B7A4FF6EE
:102DA000FF72D9F81000022B0A92D0F884134FF06A
:102DB000000208BFD0F8803300F5287018BFD0F8A3
:102DC000D4300B9207930AAB0093079BD8F81420DA
:102DD000096802F081FC00E0002420460DB0BDE847
:102DE000F08FD8F81C0008B100F048FC2046002401
:102DF00000F002FC20460DB0BDE8F08F28FB012456
:102E0000ACE7010878E7010878B110B5B1FA81F4B0
:102E1000640941B143685022084603F1280109F0D2
:102E200048FB204610BD0B2010BD0B20704700BF93
:102E30002DE9F04128B1044600680D4600F0A4FDDC
:102E400018B901242046BDE8F0816368002BF8D052
:102E5000B5FA85F46409002DF3D0286800F094FDDC
:102E60000028EED06E68002EEBD0376A72693869A0
:102E7000D0F8883300F52870196802F067FC024624
:102E80003869D0F89033D0F8881300F003FDF0696A
:102E900007F030F9336A72691869D0F8883300F5A1
:102EA0002870196802F024F8336A8046326918697C
:102EB000D0F8883300F52870196802F019F8064632
:102EC00038694246D0F89033D0F8881300F0E2FC1D
:102ED0003F6932460646D7F890333846D7F888130C
:102EE00000F0D8FC26B118B1284600F085FBA9E710
:102EF0000224F9E7F0B50446006889B00F4615468C
:102F000028B1244B1968EDF7EBF900283ED105B341
:102F1000002364682B7000F03FFC204600F014FC96
:102F20000646F0B181686846D1F81028103101F0EA
:102F30006BFFA36939466846DB689847044631460B
:102F4000154807F049F82C7084F00100C0B209B0B0
:102F5000F0BD646800F020FC204600F0F5FB05465B
:102F600010B9012009B0F0BDA9686846D1F8102851
:102F7000103101F049FFA36939466846DB6898477C
:102F800029460446044807F027F8DDE70C2009B07D
:102F9000F0BD00BFF4EE010818FB012408B508B12C
:102FA00000F1100239B14969104602F029FA80F0A7
:102FB0000100C0B208BD044B1046596802F020FA67
:102FC00080F00100C0B208BD10A401242DE9F04337
:102FD000984640EA010389B048EA0303129C134370
:102FE00000F0068105460E4691466CB1A64B04AF33
:102FF0000FCB87E80F008DE80F0094E80F0000F07A
:10300000F9FC002800F00B814FF0FF3700F0C4FB03
:103010009E4B1C684CB123460021D3E9013202F5D6
:10302000805282F8A415002BF7D1B9F1000F11D00E
:10303000D9F8001071B1D9F804C0002301205CF860
:1030400023200133926F9942126902F5805282F86F
:10305000A405F4D1B8F1000F11D0D8F8001071B167
:10306000D8F804C0002301205CF823200133926FBC
:103070009942126902F5805282F8A405F4D185B113
:10308000296871B1D5F804C0002301205CF8232021
:103090000133126A9942126902F5805282F8A4053E
:1030A000F4D144B322460023D2E9012101F5805135
:1030B00091F8A4150B44DBB2002AF5D1002B5FD0A8
:1030C0007A1C0DD007EE907AF8EEE76A07EE903A98
:1030D000F8EE677A86EEA77AFDEEC77A17EE907A59
:1030E000A06800F5805393F8A435002B40F08D8044
:1030F0006468002CF4D1B9F1000F00F0A180D9F878
:103100000070002F00F0A48000242746D9F8043076
:1031100053F8240000F018FB00283BD00134D9F804
:1031200000300127A342F1D80127B8F1000F10D0D9
:10313000D8F800306BB10024D8F8043053F82400DC
:1031400000F002FB70B30134D8F800300127A3422D
:10315000F2D8002D35D02B689BB300246B6853F850
:10316000240000F0F1FA28B301342B680127A342B0
:10317000F4D8002E3CD03468002C39D0012723E04D
:10318000A068002100F5287003F078F86468002C2E
:10319000F6D1B0E7D9E9003242F824000134A34265
:1031A000B4D8C2E7D8E9003242F8240001349C4286
:1031B000C2D3CEE7D5E9003242F824000134A3425D
:1031C000CCD8A6B1346894B100231D4604E040F881
:1031D00023200133A3420AD0706850F823100A7CE0
:1031E000002AF4D0013317460D74A342F4D147B13D
:1031F000002009B0BDE8F0831EB134682F46002CD2
:10320000E2D1022009B0BDE8F083394600F528700C
:1032100003F04EF86468002C7FF462AF6BE794E82B
:103220000F0000F03DFC0023194AEDF711F9B0F151
:10323000004F074671F10003A8BF6FF00047E5E6B5
:10324000B8F1000F0FD0D8F8003093B14F4672E7B5
:10325000B8F1000F07D0D8F80030002B7FF46BAF27
:1032600055B11F4677E7002DC6D02B6843B14746BE
:1032700073E70DB14F466EE72F46002EA2D1C0E78F
:103280004746002E9ED1BCE730E3010808FB01242D
:1032900040420F0008B5034806F08EFE08B1806872
:1032A000103008BD48FB012408B5084B196811B956
:1032B0000AE0496841B18B6810339842F9D103485C
:1032C00006F08AFE002008BD012008BD48FB01244D
:1032D000E2B12DE9F041057B0646ADB9C82317469A
:1032E0000C46A846836040F20113C0E90055838173
:1032F00001352146304606F06FFEAF42A46004F16E
:10330000C80404F8BC8CF3D1BDE8F081704700BF5D
:10331000E2B12DE9F041057B0646ADB9C823174659
:103320000C46A846836040F20113C0E90055838132
:1033300001352146304606F04FFEAF42A46004F14D
:10334000C80404F8BC8CF3D1BDE8F081704700BF1D
:10335000E2B12DE9F041057B0646ADB9D823174609
:103360000C46A846836040F20113C0E900558381F2
:1033700001352146304606F02FFEAF42A46004F12D
:10338000D80404F8CC8CF3D1BDE8F081704700BFBD
:10339000E2B12DE9F041057B0646ADB9D8231746C9
:1033A0000C46A846836040F20113C0E900558381B2
:1033B00001352146304606F00FFEAF42A46004F10D
:1033C000D80404F8CC8CF3D1BDE8F081704700BF7D
:1033D000E2B12DE9F041057B0646ADB9A4231746BD
:1033E0000C46A846836040F20113C0E90055838172
:1033F00001352146304606F0EFFDAF42A46004F1EE
:10340000A40404F8988CF3D1BDE8F081704700BFA4
:10341000EAB12DE9F843057B0646B5B941F2A85853
:1034200040F2011317460C46A946C0F80880838174
:10343000C0E9005501352146304606F0CDFDAF42CA
:10344000A46084F80C904444F4D1BDE8F88370473C
:10345000E2B12DE9F041057B0646ADB91C231746C4
:103460000C46A846836040F20113C0E900558381F1
:1034700001352146304606F0AFFDAF42A46004F1AD
:103480001C0404F8108CF3D1BDE8F081704700BF34
:10349000EAB12DE9F041057B0646B5B94FF4046366
:1034A00017460C46A846836040F20113C0E9005558
:1034B000838101352146304606F08EFDAF42A4607F
:1034C00084F80C8004F50464F3D1BDE8F081704702
:1034D000E2B12DE9F041057B0646ADB92C23174634
:1034E0000C46A846836040F20113C0E90055838171
:1034F00001352146304606F06FFDAF42A46004F16D
:103500002C0404F8208CF3D1BDE8F081704700BF93
:10351000E2B12DE9F041057B0646ADB91C23174603
:103520000C46A846836040F20113C0E90055838130
:1035300001352146304606F04FFDAF42A46004F14C
:103540001C0404F8108CF3D1BDE8F081704700BF73
:10355000E2B12DE9F041057B0646ADB920231746BF
:103560000C46A846836040F20113C0E900558381F0
:1035700001352146304606F02FFDAF42A46004F12C
:10358000200404F8148CF3D1BDE8F081704700BF2B
:103590000146014806F020BD08FB012438B5044669
:1035A000006828B1074B1968ECF79AFE40B9206013
:1035B000616829B1002504480D6106F00DFD6560C4
:1035C00038BD00BFF4EE0108D8FA012410B5044656
:1035D000006828B1064B1968ECF782FE38B9206004
:1035E000616821B1034806F0F7FC0023636010BD59
:1035F000F4EE0108E8FA012410B50446006828B189
:10360000064B1968ECF76CFE38B92060616821B18F
:10361000034806F0E1FC0023636010BDF4EE0108EE
:1036200028FB012410B50446006828B1064B196830
:10363000ECF756FE38B92060616821B1034806F006
:10364000CBFC0023636010BDF4EE0108F8FA0124FE
:1036500010B50446006828B1064B1968ECF740FE27
:1036600038B92060616821B1034806F0B5FC002339
:10367000636010BDF4EE010868A4012410B504468F
:103680000348214606F0A8FC0023A36110BD00BF3B
:1036900038FB012482B02B4930B50D6803AC84E8B7
:1036A0000C001C46002D4BD02B4600219A685B680D
:1036B000D2F81428904208BF0131002BF6D19DF8B2
:1036C0000C30022B29D020D88C4228D8B4FA84F2AE
:1036D000520924B3DDB14FF0FF3C6FF0004401E02C
:1036E0006D68ADB1AB68D3F814188842F8D1D3F83F
:1036F000181803F50263614553F8043C73EB040E9C
:10370000EEDA8C461C462A46EAE7032BDCD0002280
:103710001046BDE8304002B070478C4205D90948D8
:10372000BDE8304002B006F047BCB4FA84F252095A
:10373000002CEDD10348BDE8304002B006F03CBC9F
:103740002946BCE718FB0124124B1B6830B5F3B1C6
:103750004FF0FF3E6FF0004C002401E05B68A3B126
:103760009A68D2F814188842F8D1D2F8181802F5DD
:103770000262714552F8042C72EB0C05EEDA1C461D
:103780005B688E469446002BEAD1204630BD1C462D
:10379000204630BD18FB01243D4B2DE9F04F1F683A
:1037A0002DED068B8DB006F0D7FC002F5DD0B8460E
:1037B00081468A4604ACD8F8085095F82038042B86
:1037C0009FED2D8B9FED2EAB9FED2F9B3FD0052BBB
:1037D00044D0032B3BD08DED048B8DED06AB08ABB5
:1037E0008DED088B8DED0A8B0FCB8DE80F0094E8E3
:1037F0000F0000F0FFF818B18DED049B8DED068BE6
:10380000D5F8186805F5026555F8047CD8F804B0B9
:1038100094E80F0000F044F9301847EB01014845E7
:1038200071EB0A0305DB55E9022391457AEB0303AB
:1038300003DA4146164806F0CFFBBBF1000F14D067
:10384000D846D8F8085095F82038042BBFD1D5F8C1
:10385000143840330FCB84E80F00C0E7D5F8143894
:1038600048330FCB84E80F00B9E70DB0BDEC068BF1
:10387000BDE8F08FAFF30080000000000000000002
:1038800001000000000000001E0000000000000019
:1038900018FB012410B58C7886B0012CADF80E20F1
:1038A0000CD0012419460DF10E020DF117030094FE
:1038B00000F5287002F040FD06B010BD00F528703C
:1038C00002F05CF9204606B010BD00BF4A7A91F8BC
:1038D00008C0022A18BF00220270ACF10202B2FA3C
:1038E00082F2520942700A788988A2F1020281802C
:1038F000B2FA82F252098270704700BF002330B5DD
:103900000B7087B003681446BBB10E4A154600958C
:1039100003920D4D426808460C49049205910291AC
:1039200021460B4A019508F033FB0028A8BF8442CA
:10393000CCBF0120002007B030BD064B014A1D4618
:10394000E5E700BF9CE70108B4E70108B0E701081C
:10395000A0E70108C4E8010830B5144683B0054665
:10396000074B084A08460095214608F011FB00283D
:10397000A8BF8442CCBF0120002003B030BD00BFEF
:10398000B8E7010848E5010810B5044640B1FEF764
:103990007FFA01462046ECF7A3FCB0FA80F040091C
:1039A00010BD00BF00220260027170470022027049
:1039B00042607047B0B138B5044608460D46FDF781
:1039C000A1FD68B1206820B16B6829699847002380
:1039D0002360201D06F0DEF9003818BF012038BD35
:1039E0000B2038BD0B2070470022C0E90022826006
:1039F000704700BFF0B484B004AC04E90F00034684
:103A00002549019D104699424FF00202039EAA41AA
:103A100030D3224C6FF00041A3FB043204FB05229B
:103A2000DD438C1A8542B44132D310EB030C42EBD8
:103A30000601194802220A9D0B9FDDE908369842CB
:103A4000B2411CD3154C6FF00040A3FB043204FBC1
:103A50000622DE43841AAE42BC4115D35B1942EB09
:103A600007028A4208BF63450CBF0120002004B052
:103A7000F0BC70474FF0FF3C6FF00041D9E74FF0CA
:103A8000FF336FF00042ECE74FF0FF330246E8E708
:103A90004FF0FF3CCDE700BF047DC12500CA9A3B33
:103AA00070B485B004AC04E90F0003461349019DCE
:103AB000104699424FF00202039EAA4111D3104CC6
:103AC0006FF00041A3FB043204FB0522DD438C1A96
:103AD0008542B4410CD3181842EB060105B070BC06
:103AE00070474FF0FF306FF0004105B070BC704779
:103AF0004FF0FF3005B070BC704700BF047DC1259A
:103B000000CA9A3B10B504464022002108F0AEFBE3
:103B1000204610BD00285DD02DE9F0410D4600295A
:103B20005AD004461646ECF73BFC50B123782F2BB5
:103B30000ED002232B6046B1002318463360BDE847
:103B4000F08101232B60002EF6D10020BDE8F0812A
:103B5000431EE25C2F2A41D0621EC4F1010E02EB2B
:103B600000080EEB020712F8013F23F02001A3F139
:103B70002F0C413919290FD9BCF10A0F0CD9A3F127
:103B80005F03B3FA83F35B0933B904222A60002E82
:103B9000DBD018463760D2E74245E2D101231A4F05
:103BA00004E0984204F1010413461CD9984203F141
:103BB0000102F6D021782F29F3D161782F291ED068
:103BC000C95D4907EDD506222A60002EBDD0002030
:103BD0003360B4E70B2070470B20B0E703222A6064
:103BE000002EF4D1B1E7F72803D8002318462B6044
:103BF000A5E707232B60002EA7D0F623E7E70522D1
:103C00002A60002EE3D1A0E7B9EF0108002843D0D5
:103C100070B51446C2B02AB301290D461E4602D122
:103C200003782F2B12D001AA6946FFF773FF80B9E2
:103C3000009A4AB1072A07D0531E052B2ED8DFE879
:103C400003F01C1F22252814F52D04D80023184644
:103C5000236042B070BD07232360002EF9D0F42307
:103C60003360F6E70B2042B070BD06232360002EC0
:103C7000EFD0019B336042B070BD01232360F6E7B3
:103C800002232360F3E703232360F0E70423236088
:103C9000EDE705232360EAE70B20704713464FF456
:103CA0008071034A02A8FDF727FE0120D1E700BF7B
:103CB000BCE7010868B170B50D4616460446ECF73E
:103CC0006FFB334601462A462046BDE87040FFF7A9
:103CD0009DBF0B20704700BF072803D8024B53F845
:103CE0002000704701487047B4E901080CE801085A
:103CF000002842D02DE9F0410D4600293FD004466E
:103D00001646ECF74DFB10B3631EC4F1010103EB43
:103D10000008CF1813F801EFAEF130022EF0200C9E
:103D2000092AACF1410C05D9BCF1190F02D9BEF139
:103D30005F0F14D19845ECD12278164BD35C13F069
:103D4000040313D1FF281CD818462B600CE0012374
:103D50002B607EB1002318463360BDE8F08102235A
:103D60002B603EB100203760BDE8F08103232B605B
:103D7000002EEFD10020BDE8F0810B2070470B2012
:103D8000F2E704222A60002EF4D0FE2218463260A8
:103D9000EAE700BFB9EF0108042803D8024B53F843
:103DA0002000704701487047C0EA0108D4E90108C3
:103DB0008368184710B504460068ECF791FA0028AC
:103DC0000CBF2046002010BD044B1A680AB10348FE
:103DD0007047034A014812681A6070478400002443
:103DE000B8000024024A034B12681A60704700BFF3
:103DF000B8000024840000240421002008B501F04C
:103E000007F8043008BD00BF09B100F019BF08462B
:103E1000704700BF38B108B50B460421184600F0C2
:103E2000F7FF043008BD70470A4618B10168104614
:103E300000F06EBE704700BF30B10421002008B50D
:103E400000F0E6FF043008BD704700BF004870472F
:103E50009000002438B50D460121044600F08CFF87
:103E600048B1A36801211D70A26823690A446175E5
:103E70000B44A2602361A07D80F0010038BD00BF2B
:103E800038B50D460121044600F076FF60B1A26806
:103E90000121236912F8010B0B44003818BF0120DF
:103EA0002870A26023616175A07D80F0010038BD9B
:103EB00038B50D460121044600F05EFF48B1A36805
:103EC00001211D70A26823690A4461750B44A26038
:103ED0002361A07D80F0010038BD00BF38B50D46DC
:103EE0000121044600F048FF50B1A36801211B786E
:103EF0002B70A26823690A4461750B44A260236198
:103F0000A07D80F0010038BD2DE9F0410B4682B064
:103F100004460221ADF8063000F082FF014620463B
:103F2000677D00F0C5FF0221204600F019FF78BB35
:103F3000D4E90135AB4226D95E1BA3602369204634
:103F4000C6F1020833444146236100F015FF002802
:103F50003BD0237D012B4AD09DF807302B70002EDB
:103F600040D09DF806306B7023690221A2680233AD
:103F7000A07D424461759E1B80F00100A260266115
:103F800002B0BDE8F0810221204600F0F5FE90B1BC
:103F9000237D012BA36814D09DF807109DF80620FF
:103FA0001970A3685A700221A26823690A446175D6
:103FB0000B44A2602361A07D80F0010002B0BDE847
:103FC000F081BDF806201A80EDE7A2682369A07D84
:103FD000921B9B1B677580F00100A260236102B0F9
:103FE000BDE8F081A3689DF806201A70BCE728465A
:103FF0000DF106053246294608F05BFA4246A9193A
:10400000A06808F056FAAFE72DE9F043044683B004
:104010000D460221ADF8062000F002FF01462046C1
:1040200094F8158000F044FF0221204600F098FE2D
:1040300070BBD4E90167BE4225D923692046A6603A
:10404000F61B3344C6F102092361494600F094FE91
:10405000002839D0012D4AD09DF807303B70002E42
:1040600040D09DF806307B7023690221A268A07DB4
:1040700002334A4461759B1B80F00100A2602361FA
:1040800003B0BDE8F0830221204600F075FE88B140
:10409000012DA36814D09DF807109DF80620197013
:1040A000A3685A700221A26823690A4461750B440F
:1040B000A2602361A07D80F0010003B0BDE8F08321
:1040C000BDF806201A80EDE7A2682369A07D921B47
:1040D0009B1B84F8158080F00100A260236103B06F
:1040E000BDE8F083A3689DF806201A70BCE70DF1C7
:1040F000060532463846294608F0DBF94A46A91932
:10410000A06808F0D6F9AFE72DE9F84304460D465C
:10411000022100F085FE0146204694F8158000F04B
:10412000C7FE0221204600F01BFE60BBD4E90167F8
:10413000BE4223D923692046A660F61B3344C6F14C
:1041400002092361494600F017FE002834D0237D80
:10415000012B42D07B782B70002E3AD03B786B70CD
:1041600023690221A2680233A07D4A4461759B1B2A
:1041700080F00100A2602361BDE8F883022120469F
:1041800000F0FAFD80B1237D012BA36811D05B788C
:104190002B70A3681B786B700221A26823690A4404
:1041A00061750B44A2602361A07D80F00100BDE831
:1041B000F8831B882B80EFE7A2682369921BA07D00
:1041C0009B1B84F8158080F00100A2602361BDE88C
:1041D000F883A3681B786B70C2E7394632462846DD
:1041E00008F067F94A46A819A16808F062F9B7E72C
:1041F0002DE9F04704460E460221154600F010FE58
:104200000146204694F8158000F052FE0221204617
:1042100000F0A6FD70BBD4E901794F4525D923698B
:104220002046A760A7EB09073B44C7F1020A2361B8
:10423000514600F0A1FD002834D0012E43D099F85A
:1042400001302B70002F3AD099F800306B70236941
:104250000221A2680233A07D52446175DB1B80F00D
:104260000100A2602361BDE8F0870221204600F032
:1042700083FD78B1012EA36811D05B782B70A36801
:104280001B786B700221A26823690A4461750B4494
:10429000A2602361A07D80F00100BDE8F0871B884B
:1042A0002B80EFE7A2682369D21BA07DDB1B84F87B
:1042B000158080F00100A2602361BDE8F087A3684B
:1042C0001B786B70C3E749463A46284608F0F1F878
:1042D0005246E819A16808F0ECF8B8E72DE9F0417A
:1042E00082B004460191042100F09AFD0146204667
:1042F000677D00F0DDFD0421204600F031FD00283F
:1043000039D1D4E90135AB4230D95E1BA3602369B2
:104310002046C6F1040833444146236100F02CFDD9
:1043200000284CD0237D012B63D09DF807302B70E3
:10433000002E51D09DF80630012E6B7050D09DF8A4
:104340000530022EAB704FD09DF80430EB7023691E
:104350000421A2680433A07D424461759E1B80F055
:104360000100A260266102B0BDE8F0810421204670
:1043700000F002FDD0B1237D012BA3681CD09DF875
:1043800007009DF806209DF805101870A3685A7064
:10439000A3689DF804209970A368DA700421A268CC
:1043A00023690A4461750B44A2602361A07D80F0FB
:1043B000010002B0BDE8F081019A1A60EEE7A26840
:1043C0002369A07D921B9B1B677580F00100A26092
:1043D000236102B0BDE8F081A3689DF806201A7041
:1043E000A3689DF805201A70A3689DF804201A7030
:1043F000ADE7284601AD3246294608F05AF8424654
:10440000A919A06808F055F8A1E700BF2DE9F0430D
:10441000044683B00D460421019200F001FD0146DF
:10442000204694F8158000F043FD0421204600F05A
:1044300097FC002838D1D4E90176B7422FD92369F7
:104440002046A760BF1B3B44C7F1040923614946CE
:1044500000F092FC00284AD0012D63D09DF807306F
:104460003370002F51D09DF80630012F737050D05B
:104470009DF80530022FB3704FD09DF80430F370D3
:1044800023690421A268A07D04334A446175DB1BC3
:1044900080F00100A260236103B0BDE8F083042135
:1044A000204600F069FCC8B1012DA3681CD09DF81E
:1044B00007009DF806209DF805101870A3685A7033
:1044C000A3689DF804209970A368DA700421A2689B
:1044D00023690A4461750B44A2602361A07D80F0CA
:1044E000010003B0BDE8F083019A1A60EEE7A2680C
:1044F0002369A07DD21BDB1B84F8158080F00100AE
:10450000A260236103B0BDE8F083A3689DF8062094
:104510001A70A3689DF805201A70A3689DF80420FE
:104520001A70ADE701AD3A463046294607F0C1FFA3
:104530004A46E919A06807F0BCFFA1E72DE9F84356
:1045400004460D46042100F06BFC0146204694F819
:10455000158000F0ADFC0421204600F001FC00288D
:1045600038D1D4E90176B7422FD923692046A76014
:10457000BF1B3B44C7F104092361494600F0FCFB23
:10458000002846D0237D012B5CD0F3782B70002FC0
:104590004CD0B378012F6B7005F102034AD07378C9
:1045A000022FAB7005F1030348D03378EB70236919
:1045B0000421A2680433A07D4A446175DB1B80F0AE
:1045C0000100A2602361BDE8F8830421204600F0C9
:1045D000D3FBB0B1237D012BA36817D0DB782B7000
:1045E000A3689B786B70A3685B78AB70A3681B783B
:1045F000EB700421A26823690A4461750B44A26030
:104600002361A07D80F00100BDE8F8831B682B606A
:10461000EFE7A2682369D21BA07DDB1B84F815801D
:1046200080F00100A2602361BDE8F883A3689B7855
:104630006B70AB1CA268527803F8012BA268127849
:104640001A70B4E731463A46284607F032FF4A4628
:10465000E819A16807F02DFFA9E700BF2DE9F04791
:1046600004460E460421154600F0DAFB01462046BA
:1046700094F8158000F01CFC0421204600F070FB2B
:1046800000283CD1D4E90137BB4233D9A3EB070959
:10469000A36023692046C9F1040A4B4451462361B3
:1046A00000F06AFB002848D0012E61D0FB782B7007
:1046B000B9F1000F50D0BB78B9F1010F6B7005F163
:1046C00002034DD07B78B9F1020FAB7005F1030303
:1046D0004AD03B78EB7023690421A2680433A07DA3
:1046E00052446175A3EB090380F00100A2602361CD
:1046F000BDE8F0870421204600F03EFBA8B1012E62
:10470000A36817D0DB782B70A3689B786B70A368C5
:104710005B78AB70A3681B78EB700421A2682369F7
:104720000A4461750B44A2602361A07D80F0010002
:10473000BDE8F0871B682B60EFE7A2682369A2EB56
:104740000902A07DA3EB090384F8158080F0010025
:10475000A2602361BDE8F087A3689B786B70AB1CF7
:10476000A268527803F8012BA26812781A70B2E797
:1047700039464A46284607F09CFE524605EB09009A
:10478000A16807F096FEA6E72DE9F041044682B045
:104790000821CDE9002300F043FB01462046677D58
:1047A00000F086FB0821204600F0DAFA00284ED1FE
:1047B000D4E90135AB4245D95E1BA360236920468D
:1047C000C6F1080833444146236100F0D5FA0028B9
:1047D00074D0237D012B00F09B809DF807302B7057
:1047E000002E78D09DF80630012E6B7077D09DF8A2
:1047F0000530022EAB7076D09DF80430032EEB709E
:1048000075D09DF80330042E2B7174D09DF80230C2
:10481000052E6B7173D09DF80130062EAB7172D0EE
:104820009DF80030EB7123690821A2680833A07D50
:10483000424461759E1B80F00100A260266102B0B7
:10484000BDE8F0810821204600F096FA50B3237DA0
:10485000012B2DD0A3689DF807009DF806209DF838
:1048600005101870A3685A70A3689DF804209DF87D
:1048700003009970A368DA70A3689DF802209DF880
:1048800001101871A3685A71A3689DF800209971EE
:10489000A368DA710821A26823690A4461750B4490
:1048A000A2602361A07D80F0010002B0BDE8F0812C
:1048B0006B46A26803CB10605160EBE7A2682369E6
:1048C000A07D921B9B1B677580F00100A260236195
:1048D00002B0BDE8F081A3689DF806201A70A368B5
:1048E0009DF805201A70A3689DF804201A70A3682B
:1048F0009DF803201A70A3689DF802201A70A3681F
:104900009DF801201A70A3689DF800201A708AE7AC
:1049100028466D463246294607F0CBFD4246A91986
:10492000A06807F0C6FD7EE72DE9F0410B4682B096
:1049300004460221ADF8063000F072FA0146204626
:10494000677D00F0B5FA0221204600F009FA78BB35
:10495000D4E90135AB4226D95E1BA360236920460A
:10496000C6F1020833444146236100F005FA0028ED
:104970003BD0237D012B4AD09DF807302B70002EB1
:1049800040D09DF806306B7023690221A268023383
:10499000A07D424461759E1B80F00100A2602661EB
:1049A00002B0BDE8F0810221204600F0E5F990B1A7
:1049B000237D012BA36814D09DF807109DF80620D5
:1049C0001970A3685A700221A26823690A446175AC
:1049D0000B44A2602361A07D80F0010002B0BDE81D
:1049E000F081BDF806201A80EDE7A2682369A07D5A
:1049F000921B9B1B677580F00100A260236102B0CF
:104A0000BDE8F081A3689DF806201A70BCE728462F
:104A10000DF106053246294607F04BFD4246A9191D
:104A2000A06807F046FDAFE72DE9F84304460D46C0
:104A3000022100F0F5F90146204694F8158000F0B7
:104A400037FA0221204600F08BF960BBD4E90167F8
:104A5000BE4223D923692046A660F61B3344C6F123
:104A600002092361494600F087F9002834D0237DEC
:104A7000012B42D07B782B70002E3AD03B786B70A4
:104A800023690221A2680233A07D4A4461759B1B01
:104A900080F00100A2602361BDE8F8830221204676
:104AA00000F06AF980B1237D012BA36811D05B78F7
:104AB0002B70A3681B786B700221A26823690A44DB
:104AC00061750B44A2602361A07D80F00100BDE808
:104AD000F8831B882B80EFE7A2682369921BA07DD7
:104AE0009B1B84F8158080F00100A2602361BDE863
:104AF000F883A3681B786B70C2E7394632462846B4
:104B000007F0D7FC4A46A819A16807F0D2FCB7E71E
:104B10002DE9F04182B004460191042100F080F9B2
:104B200001462046677D00F0C3F90421204600F0CD
:104B300017F9002839D1D4E90135AB4230D95E1BD1
:104B4000A36023692046C6F104083344414623612B
:104B500000F012F900284CD0237D012B63D09DF882
:104B600007302B70002E51D09DF80630012E6B704F
:104B700050D09DF80530022EAB704FD09DF8043018
:104B8000EB7023690421A2680433A07D424461755F
:104B90009E1B80F00100A260266102B0BDE8F0819A
:104BA0000421204600F0E8F8D0B1237D012BA36852
:104BB0001CD09DF807009DF806209DF80510187080
:104BC000A3685A70A3689DF804209970A368DA70EE
:104BD0000421A26823690A4461750B44A260236121
:104BE000A07D80F0010002B0BDE8F081019A1A605A
:104BF000EEE7A2682369A07D921B9B1B677580F07E
:104C00000100A260236102B0BDE8F081A3689DF8B5
:104C100006201A70A3689DF805201A70A3689DF8F5
:104C200004201A70ADE7284601AD3246294607F048
:104C300040FC4246A919A06807F03BFCA1E700BF71
:104C40002DE9F84304460D46042100F0E9F8014639
:104C5000204694F8158000F02BF90421204600F03E
:104C60007FF8002838D1D4E90176B7422FD92369DB
:104C70002046A760BF1B3B44C7F104092361494696
:104C800000F07AF8002846D0237D012B5CD0F37821
:104C90002B70002F4CD0B378012F6B7005F10203FD
:104CA0004AD07378022FAB7005F1030348D03378F4
:104CB000EB7023690421A2680433A07D4A44617526
:104CC000DB1B80F00100A2602361BDE8F8830421B2
:104CD000204600F051F8B0B1237D012BA36817D016
:104CE000DB782B70A3689B786B70A3685B78AB70E4
:104CF000A3681B78EB700421A26823690A446175DC
:104D00000B44A2602361A07D80F00100BDE8F88320
:104D10001B682B60EFE7A2682369D21BA07DDB1B19
:104D200084F8158080F00100A2602361BDE8F8835B
:104D3000A3689B786B70AB1CA268527803F8012BB8
:104D4000A26812781A70B4E731463A46284607F04E
:104D5000B0FB4A46E819A16807F0ABFBA9E700BF22
:104D6000837D3BB9D0E901031944884234BF002058
:104D70000120704700207047837D43B9D0E90121AD
:104D800010B59142044605D20123184610BD0023F8
:104D90001846704782693AB1C169904780F00103B3
:104DA000A075DBB2184610BD0120A075FAE700BF60
:104DB000C0E90612704700BF10B4019C0A440160AC
:104DC00042600A191C4482600022C0E903349DF845
:104DD000083042755DF8044B82750375C0E9062200
:104DE000704700BF10B582B0049C00940124019468
:104DF000FFF7E2FF02B010BD10B5002482B00094AE
:104E0000FFF7F0FF02B010BD0023FFF7F5BF00BFB2
:104E1000B0FBF1F202FB11004B1E081A184070475C
:104E2000437D8B4209D203694A1EB3FBF1F001FBBB
:104E30001030091A01EA020070470020704700BFD5
:104E400038B504460D46FFF7EBFFA36865751A18E1
:104E50002369184463689342206128BF1346A36006
:104E600038BD00BF82680068101A7047D0E9012081
:104E7000101A704738B5837DA3B904460D46D0E9B2
:104E800001329A4200D331B92046FFF7EFFFA84222
:104E900028BF284638BD836933B1C1699847A075DA
:104EA0000028F1D0002038BD01238375FAE700BF48
:104EB00038B504460D46FFF753FF78B12369A26861
:104EC0002B442A4423610123A260637538BDA26884
:104ED0002D1A236902441844A26020612946012248
:104EE0002046FFF7C7FF0028F1D10123637538BDC5
:104EF00010B500238EB004460391CDE9013203239F
:104F00000422009306AB01F06DFC18B9044620465C
:104F10000EB010BD029905AA204601F09FFD04467F
:104F200005A906A803F086FC20460EB010BD00BF00
:104F3000C2F3074C10B5BCF1010F8CB004460292CD
:104F40000CBF03F0010200220E3303919DF83810CC
:104F50001A4404AB0191012192B20091039901F02E
:104F600041FC18B9044620460CB010BD02992046F9
:104F70000F9A01F073FD04460F9904A803F09EFBFD
:104F800020460CB010BD00BF70B5ADF5167D0546CE
:104F900011ACADF8543203239DF86C62CDE90221C7
:104FA0002372002301228DF814309A9B2271CBB119
:104FB0008DF81C2008934FF4007215A909A8FFF77B
:104FC00023FF05A909A802F063FF0D9B0096284660
:104FD0000194E3609BB2DDE90221FFF7A9FF0DF523
:104FE000167D70BD8DF81C30E5E700BF70B5ADF5DE
:104FF000187D05461846059197A99DF8786213AC6F
:10500000CDE9033202238DF8503000F053FA9C9B17
:105010004FF4007217A90BA806939D9B0A930323D4
:105020008DF8543001238DF8243000238DF81C3086
:10503000FFF7EAFE06A90BA802F04CFF0F9B2846DB
:10504000009616939BB20194DDE90421FFF770FFEF
:105050000DF5187D70BD00BFF0B5ADF28C4D032687
:1050600005461846059192A99DF8A0740EAC8DF8DE
:105070003C60CDE9033200F01DFA00234FF40072CA
:1050800012A906A88DF84C328DF854328DF8406084
:10509000FFF7BAFE93A906A802F0D0FF0A9B2846A4
:1050A000009711939BB20194DDE90421FFF740FFC3
:1050B0000DF28C4DF0BD00BF70B5ADF5916D05469C
:1050C0001846059192A99DF898640EACCDE903327B
:1050D00004238DF83C3000F0EDF900234FF400720A
:1050E00012A906A88DF84C328DF8543203238DF89E
:1050F0004030FFF789FE93A906A803F04FF80A9BFA
:105100002846009611939BB20194DDE90421FFF734
:105110000FFF0DF5916D70BD2DE9F041ADF5227DCC
:105120000646184603271DACBDF8A8520591A1A953
:105130009DF8AC82CDE903320523237100F0BAF962
:105140000EA9A898277200F0B5F90023ADF84450D5
:10515000003D9DF8A5228DF8643018BF01258DF81B
:1051600046308DF84C308DF85430ADF84030012386
:105170008DF842508DF83A308ABB4FF0230E4FF035
:10518000130C0B25212211210920ADF840309DF888
:10519000A63223B9724661462846ADF840709DF8A4
:1051A000A432012B25D0032B29D02BB34FF400724E
:1051B00021A906A8FFF728FE0EA906A803F0A0F86B
:1051C0000A9BCDF8008030460194E3609BB2DDE994
:1051D0000421FFF7ADFE0DF5227DBDE8F0814FF013
:1051E000220E4FF0120C0A2520221021082002273F
:1051F000CDE7ADF84010D9E7ADF84000D6E7ADF8FF
:105200004020D3E72DE9F041ADF5247D0646184650
:1052100003271FACBDF8B0520591A3A99DF8B48235
:10522000CDE903320623237100F044F90EA9AA98B0
:10523000277200F03FF90023ADF84450003D9DF87F
:10524000AD228DF8703018BF01258DF864308DF8CF
:1052500046308DF84C308DF85430ADF84030012395
:105260008DF842508DF83A308ABB4FF0230E4FF044
:10527000130C0B25212211210920ADF840309DF897
:10528000AE3223B9724661462846ADF840709DF8AB
:10529000AC32012B25D0032B29D02BB34FF4007255
:1052A00023A906A8FFF7B0FD0EA906A802F0ECFF9F
:1052B0000A9BCDF8008030460194E3609BB2DDE9A3
:1052C0000421FFF735FE0DF5247DBDE8F0814FF098
:1052D000220E4FF0120C0A2520221021082002274E
:1052E000CDE7ADF84010D9E7ADF84000D6E7ADF80E
:1052F0004020D3E7014B1878704700BF58FB0124CA
:105300002DE9F04F934689B0002204468A46059362
:105310008DF81E2090F8002222B300F202290DF130
:105320001F0805AF0DF11E064FF4007502E0059B46
:10533000002B0FDDD4F87412234622464846CDE9EF
:105340000278CDE9005601F09FFD0028EFD09DF8CE
:105350001E30B3B10F4B00209DF81F201A7009B00A
:10536000BDE8F08F0DF11F02014600924FF400726C
:10537000D0F87452A8470028ECD09DF81E30002BBE
:10538000E8D1CBF800000120CAF8004009B0BDE820
:10539000F08F00BF58FB012430B590F8005287B061
:1053A000144695B9D0F870520DF11703A847031EA3
:1053B00018BF0123A04218BF00231BB90A4A9DF859
:1053C00017101170184607B030BD0B4600220DF1C2
:1053D00017010094CDE901210246D0F8701200F2C5
:1053E000022001F073FBE2E758FB012480F8001271
:1053F0000199C0E99A23009BC0E99C31704700BF26
:1054000038B5D0F8683203B3D0F86C220446E2B164
:10541000D0F87022CAB1D0F87422B2B1C0F88C12A0
:105420009847054688B194F800328BB90B4B284653
:105430000B490C4AC4F880324FF40073C4F884223C
:10544000A4F88832C4E99E4138BD0025284638BDFD
:10545000002104F2022001F033FBE7E701530108C9
:1054600099530108F5520108D0F86C32184700BF73
:1054700082B000238DF8061060F30F03BDF80620FC
:1054800062F31F43184602B0704700BF437882B0F2
:10549000017800201A0903F00F0302EB01128DF8C6
:1054A0000630BDF8063062F30F0063F31F4002B010
:1054B000704700BF0246C0F3034382B0C2F30B1C27
:1054C00003EB021081F800C0487002B0704700BFC3
:1054D0002DE9F043174691B010220646884608A8E9
:1054E0000DEB02010025FFF78FFC1E4B02242A461C
:1054F0001B8808A80095ADF80A304FF42063317876
:10550000ADF808302B46039402F090FA21462B4662
:10551000082208A802F08EF8044602A908A803F0A1
:105520005DF904B118B9002011B0BDE8F08308A8F6
:10553000FFF798FC81460DE0336FD3E90004A047E4
:1055400004464146304600F04DFF04EA000C1CF0D2
:10555000FF00E9D1AF424A4604A905F10105EBD1AC
:10556000E1E700BF40E301082DE9F04F2DED028B8C
:10557000D3B006468A4600240CA910A80592102232
:10558000FFF742FC534B022522461B88802110A8BE
:105590000094ADF882304FF420632195ADF880304F
:1055A000234602F043FA23462946082210A802F0B7
:1055B00041F8814620A910A803F010F909EA00007B
:1055C00010F0FF0907D14FF0000B584653B0BDEC67
:1055D000028BBDE8F08F10A80494FFF743FC08EE9F
:1055E000100ADDE904239342EDD018EE102A0CA92D
:1055F00055464FF00008D6E90003984702F060F8DE
:1056000003900BE002F05CF8039BC01A2D1A02F025
:1056100057F80390002D30DD002F2ED0534609AAF5
:1056200008A93068B4684F46CDF82080A04783466B
:105630000028E7D018A8DDE90812FFF7E5FB07AB63
:105640000DF1190218A90AA8CDE90A8801F0BEF9DE
:10565000C822002120A806F009FE18A8FFF706FCC2
:10566000042816D89DF83531002B13BF4FF0010BDD
:105670004FF0000B01270027C4E7049B013304937C
:10568000BBF1000FADD0584653B0BDEC028BBDE866
:10569000F08F0DF11E030DF11B020DF11A0118A878
:1056A0008DF81A80ADF81E808DF81B8002F010FA7C
:1056B00018A8FFF7DBFBBDF81E309842D2D39DF847
:1056C0001A30062BCED118A920A88DF8358100F00C
:1056D000C9FAC7E740E3010830B595B00446189D04
:1056E0000393002D8DF81C30CDE904214FF000020A
:1056F00014BF012111468DF81D208DF81E208DF854
:10570000241021D06B6810222968CDF82A30CDF8FA
:105710002610082300212046CDE900310CAB059965
:1057200001F060F818B90446204615B030BD049960
:1057300006AA204601F092F9044606A90CA803F037
:1057400023F9204615B030BD0822E2E710B500234A
:1057500094B0044605920193ADF81C308DF81E30CC
:10576000CDF82630CDF82A300823CDE902210122D8
:1057700000930CAB8DF82420102201F033F818B9F7
:105780000446204614B010BD059906AA204601F033
:1057900065F9044606A90CA803F0F6F8204614B0F3
:1057A00010BD00BF2DE9F04395B0BDF8787013B17E
:1057B00015B0BDE8F08306461C980C4615460490CB
:1057C00099461D989DF8768005900CA8D1E9012195
:1057D000521AFFF719FB0CA8D4E90612FFF7E8FAF2
:1057E000E2699AB1B8F1070F82F8149040D0B8F18D
:1057F000080F2ED0B8F1060F11D0012313752946DA
:105800002046FFF755FB15B0BDE8F083B8F1070F50
:105810002ED0B8F1080F1CD0B8F1060FEFD1D6F892
:105820008880B8F1000F11D00CAB01953A46304694
:10583000009306238DF81630D6F88C300293DDE9FC
:105840000431C0470123E26986F8B430002AD4D17C
:10585000D5E7D6F8A430002BF8D00CA806A9DDF8BF
:10586000408003F05DF9A0B9E269002AC5D1C6E71E
:10587000D6F8AC303BB106A90CA8DDF8408002F0A8
:105880000DFE60BBE269A3682B44A360002AB4D17B
:10589000B5E7109B0CA8A8EB0308DDE90D21A8448F
:1058A000521AFFF7B1FA0CA81FFA88F8D4E90612C9
:1058B000FFF77EFA0CAB0821CDF8048000933A463E
:1058C0008DF8161006ABD6F8A8103046029105994F
:1058D000D6F8A470B847012386F8B430C4E7DDE9F0
:1058E0000D21109B0CA8521AA8EB0308FFF78CFAA5
:1058F0000CA8A844D4E90612FFF75AFA0CAB9DF89D
:1059000018101FFA88F800933A469DF8193030466F
:10591000CDF8048003EB012307218DF816109BB20C
:10592000D6F8B01002910599D6F8AC70B8470123AB
:1059300086F8B430A6E700BF00B58BB0014604225C
:1059400002A8FFF761FA0DF105030DF1060201A9A6
:1059500002A801F089FE9DF804300D2B03D0002031
:105960000BB05DF804FB9DF8053013F0020F14BF77
:10597000022001200BB05DF804FB00BF70B50025CC
:10598000ADF5347D0E4604464FF42472294610A826
:105990000395049506F06AFC03A9304602F034FF33
:1059A000BDF80C302046ADF8403001F04FF82B46E2
:1059B0000C2205A9009008A8FFF714FA10A908A85E
:1059C00002F096FF089B2A462946204600F0EAFF8F
:1059D00008A8FFF747FA236F024605A9D3E9000498
:1059E000A0470DF5347D70BD70B592B005460E46EA
:1059F000144601F02BF805A9009000230AA81122F3
:105A0000FFF7F0F9182200230A2102FB04540AA828
:105A10000522503401F00EFE03A9204604F014FFC5
:105A200040BA03A98DF81060ADF80E000AA802F084
:105A3000D1FF00220A9B2846114600F0B3FF0AA8B6
:105A4000FFF710FA2B6F024605A9D3E90004A0471F
:105A500012B070BD000000009FED0D7B002310B55B
:105A6000044680F8A030C0E91C13C0E91E33C0E929
:105A70002033C0E92233C0E9243380ED267B812125
:105A800000F0F4FE04F10800BDE8104001F0EEBCA7
:105A90000000000000000000C0E92012704700BFB5
:105AA000C0E92212704700BFC0E92912704700BF49
:105AB000C0E92B12704700BF10B5044684B0CDE991
:105AC000002100F0C3FF034604F10800DDE90021D6
:105AD00004B0BDE8104001F00FBD00BF30B589B083
:105AE0000446CDE90421039300F0B0FF0546059973
:105AF00004F108000095DDE9033201F011FD0022F8
:105B00005FFA80FCC0F30724C0F30741030E6CF377
:105B1000070264F30F2261F3174263F31F6210461A
:105B200009B030BD82B0083002B001F013BD00BF33
:105B300010B50C4C84B00830009401F021FD002217
:105B40005FFA80FEC0F3072CC0F30741030E6EF32B
:105B500007026CF30F2261F3174263F31F621046D2
:105B600004B010BD3959010810B5044601F0C4FD58
:105B7000D4E92632C01A61EB020110BD2DE9F047CD
:105B8000037E84B00446FBB14FF000090DF102081A
:105B900003AF02AE4846012204EB0015114608355A
:105BA00001F00AFC844643463A4631462846CDF881
:105BB00004C004F0D3FE00283DD109F10109237E81
:105BC0005FFA89F08342E6D894F8483083B34FF007
:105BD00000090DF1020803AF02AE484600EB800554
:105BE0000122022104EBC50501F0E6FB01902035FE
:105BF0000CE0BDF802209DF80410029B00F0D2FEDC
:105C0000236FDDE90212D3E9000AD04743463A4642
:105C10003146284605F0C4F803462046002BE8D15B
:105C200009F1010994F848305FFA89F08342D5D828
:105C300004B0BDE8F087029B2046BDF8022009F1C0
:105C400001099DF8041000F0ADFE236F039A5D6812
:105C500018680299A847237E5FFA89F083429AD890
:105C6000B2E700BF2DE9F0410D46ADF5247D0646B3
:105C70006946284602F0C4FC044602A928469DF85D
:105C80000570FEF7FDF89DF808300440E4B25BB9FA
:105C900087A92846FEF7F4F89DF81C3280464BB9D8
:105CA0000DF5247DBDE8F08103A9284602F054FBE0
:105CB0000440EDE788A92846FEF710F914EA080F1A
:105CC000EED00028ECD09DF820320D2BE8D18AA927
:105CD0002846FEF7A9FE38B1BDF92832002B06DDB3
:105CE000002F14BF0120022086F8B500D8E700205D
:105CF000FAE700BF2DE9F04F044697B00D46C14EBC
:105D000009920DF12F030CAA0DF12E01284601F086
:105D1000ABFC002800F042819DF82E309DF8262033
:105D2000023B0D2BEDD801A151F823F0935F010840
:105D3000035D0108835F0108215F0108175F010807
:105D4000035D0108035D01086D5E0108FF5D010848
:105D5000BF5D0108035D0108035D0108035D0108E3
:105D6000655D010810A9284602F088FED4F89080ED
:105D7000B8F1000F00F01A8101F0BEFC02460B469C
:105D8000D4F894000021149F06908C461598C7FB08
:105D9000060C109FCDE9040C8C461198C7FB060C2D
:105DA000CDE9020CDDE91270C7FB0601CDE9000167
:105DB0002046C0474FF0010384F8A030A1E710A9A6
:105DC000284602F047FE00219DF8440001F022FB26
:105DD000C0F307280F9004F10800414601F008FCC9
:105DE00000288ED0BDF84010BDF8422004F020FD00
:105DF00042469DF83C102046FFF7F6FD81E710A9CA
:105E0000284602F0FFFD00219DF8440001F002FB4E
:105E1000C0F307210D9004F1080001F0D3FB804688
:105E200000283FF46EAF9DF842300DF1380A9DF81E
:105E30004310BDF8402001EB032189B205F058F86A
:105E4000404605F019F8ADF8320005E0236FDDE9B2
:105E50000E12D3E90009C8470DF132030FAA5146CB
:105E6000404605F00BF80028F0D14AE79DF82530B0
:105E70000DF1380ABDF8308028468DF8353051468E
:105E80009DF82730A8F104089DF82F908DF8373041
:105E90001FFA88F89DF8243009F00E098DF8362095
:105EA0008DF8343002F0FAFA50460FA90DF13202A3
:105EB00000F0F4FD0F99D4F880B0BDF832A0109135
:105EC000BBF1000F06D0D4F8843052462046009330
:105ED0000023D847E26F82B1616F4FF0000C0239A6
:105EE00003E00CF1010C944507D031F8023F534513
:105EF000F7D1A36F002203F80C20BDF832104B46F7
:105F00004246204602910F9901910D990091294630
:105F1000FFF748FCF5E629462046FFF7A3FEF0E62A
:105F2000002A3ED010A9284602F0C4FC0EA90DAAF2
:105F300010A800F0B3FD0E99D4F880A09DF844900D
:105F4000BDF834800F91BAF1000F06D0D4F8843038
:105F50004246204600934B46D047E26F002A3FF46A
:105F6000D0AE606F0021023803E0013191423FF46E
:105F7000C8AE30F8023F4345F7D1A36F03F8019054
:105F8000BFE6002A7FF4BDAE2946204600F0CAFCD9
:105F9000B7E629462046FFF7F1FCB2E617B0BDE8A8
:105FA000F08F2946204600F0CBFCAAE601F0A4FBC6
:105FB0004246149F159BC7FB06321818129F42EBEE
:105FC0000101139B4246C7FB06329C46DDE91037B0
:105FD000C3FB067843461CEB070C42EB0302B0EB15
:105FE0000C0361EB0202002A08DB5B0843EAC27380
:105FF0005210C4F89830C4F89C20DBE6013342F11B
:106000000002F2E700CA9A3B0B1E2DE9F04FB8BF21
:106010006FF000439DB08046059301F051FB98F866
:1060200048208146002A00F09A8000266FF0004345
:106030004FF0FF3B0F46304603930EE09A6B01365C
:10604000DB6B5A450399F0B273EB010101DA934619
:10605000039398F8483083425FD900EB8004022113
:106060000122E40001F0A8F9014604F120053B46B5
:106070004A4609914544284604F0D2FE08EB040341
:106080000028DBD09DF825500DF1500A9DF82430F2
:10609000404601354444049300F0D8FC05EB8505E7
:1060A000002311220CA908EBC505009050460136CB
:1060B000FEF798FE002305220B21504601F0BAFAA4
:1060C0000121688904F070FF2B8902460AA9ADF806
:1060D0002A305046049BADF828208DF82C3002F071
:1060E000A5FC0022149B4046114600F05BFC504684
:1060F000FEF7B8FED8F8703002460CA9D3E90005C7
:10610000A8470399F0B2D4E90E235A4573EB010175
:106110009DDB98F8483083429FD86FF00043039A84
:106120009A4208BFBBF1FF3F19D0ABEB0903002B2C
:10613000059DD8F8700008AA08BF012307A9846844
:106140009D420068A8BF1D462B46A04748B9059B45
:106150005B1B002B05933FF760AF044612E0059BE5
:10616000E5E7DDE90712044600250CA8FEF74CFE22
:106170000DF11A0306AA0CA940468DF8185000F03C
:1061800025FC18B920461DB0BDE8F08F29469DF8C2
:10619000180001F03FF9C0F30746BDF81AA0C0F39C
:1061A0000725012ECDE909004BD0022E0FD0002E7D
:1061B000E8D13146304601F02DF902460CA940469F
:1061C0000A92FFF797FD20461DB0BDE8F08F2946E3
:1061D00008F108009DF8249001F00AFA074638B348
:1061E0000E9A0CA80392FEF741FE03460DF119002A
:1061F000039A51460090384604F01EFAC0B19DF84B
:10620000193093B314AE4FF0020A0AE08DF82890CB
:1062100031468DF8295040468DF82AA00A9AFFF79A
:1062200069FD04223146384604F088FA0028EDD191
:1062300040462A464946FFF7D7FB20461DB0BDE839
:10624000F08F294608F1080001F0C8F9002899D01C
:10625000514604F067F9002894D08DF82A600CA903
:106260000A9A4046FFF746FD8CE78DF82A600CA994
:106270000A9A4046FFF73EFDC4E700BF70B50446EA
:106280000D4601F01DFA06462046FFF777FC294629
:106290002046FFF7B9FE01F013FA831BE91A002923
:1062A000F6DC04F10800BDE8704001F0ADB900BFB4
:1062B00070B504460D4601F003FA06462046FFF786
:1062C0005DFC0023294684F8B43005E001F0F8F9BC
:1062D000831BE91A002907DD2046FFF795FE94F895
:1062E000B4000028F2D070BD94F8B40070BD00BFB7
:1062F0002DE9F04106460D4601F0E2F90746304629
:1063000006F10808FFF73AFC002D10DB2C4606E0EA
:10631000FFF77AFE01F0D4F9C31BEC1A07D440460C
:1063200001F072F9034621463046002BF0D040467A
:10633000BDE8F04101F068B92DE9F84FDDF828B06B
:106340000646884692461F46FFF718FCBBF1000F31
:1063500004D05A46FF21384605F088FFC6F87CB0C5
:106360007D1EC6E91DA701F0ABF9414681463046C6
:10637000FFF74AFE01F0A4F9A0EB0900A8EB000129
:10638000BBF1000F29D0AE464FF0000C1EF8014FB4
:10639000FF2C15D00CF1010CE345F7D80023F3676F
:1063A00000E058B12B4615F8010F02330128A3EB8A
:1063B00007038CBF002001209B45F2D8BDE8F88F71
:1063C0003AF81C300CF1010CDC4501D2002BDDD079
:1063D0000029E3DD002BCAD1E0E70120C6F87CB03C
:1063E000BDE8F88F70B504460D4601F069F9064620
:1063F0002046FFF7C3FB0023294684F8B53005E0AB
:1064000001F05EF9831BE91A00290CDD2046FFF735
:10641000FBFD94F8B5000028F2D0A0F10100B0FA1D
:1064200080F0400970BD94F8B500A0F10100B0FA09
:1064300080F0400970BD00BF2DE9F04F04469DB0CB
:10644000FF2003936071002B00F0B68089469246CE
:106450004FF0000B236F52464946D3E90005A84789
:1064600001F02EF94FF47A73054609E001F028F99E
:10647000401BC0F57A73002B40DD6079FF2845D1C1
:10648000226F08A99668106809AAB0470028EDD0C5
:106490000CA80026DDE90812FEF7B6FC0DF11E037C
:1064A00007AA0CA920468DF81C6000F08FFA00287E
:1064B000DCD031469DF81C0000F0ACFFC0F307476C
:1064C000BDF81E30C0F30726012F0293CDE90A0064
:1064D0005CD0022F20D0002FC8D13946384600F0BA
:1064E00099FF0CA902460B902046FFF703FC01F030
:1064F000E7F8401BC0F57A73002BBEDC0BF1010BF3
:10650000039B60795B4501D0FF28A3D0FF3818BFFB
:1065100001201DB0BDE8F08F9DF82830314604F110
:106520000800049301F064F8804648B30E9A0CA862
:106530000592FEF79BFC03460DF11D00059A0090A5
:106540004046029904F078F8D0B19DF81D30002B38
:106550003AD0049F0AE04FF002038DF82C708DF8BA
:106560002D608DF82E300B9AFFF7C4FB14A904227E
:10657000404604F0E3F8034614A92046002BEAD174
:10658000324604992046FFF72FFA6FE7314604F1AF
:10659000080001F023F800283FF468AF029903F0E7
:1065A000C1FF00283FF462AF8DF82E700CA90B9A42
:1065B0002046FFF79FFB59E7236FD3E90004A0476C
:1065C00001201DB0BDE8F08F8DF82E700CA90B9A3C
:1065D0002046FFF78FFBBCE730B58FB004460D4671
:1065E00000F034FA0023102202A9009006A8FEF75A
:1065F000F9FB06A9204600F079F90022069B204607
:10660000114600F0CFF906A8FEF72CFC2B460246F7
:1066100002A92046FFF710FF18B16079B0FA80F0A8
:1066200040090FB030BD00BF2DE9F04F00F1080B5D
:106630000446ABB058465E4600F022FF204600F00C
:1066400005FA00231C220BA9009012A8FEF7CAFB32
:10665000236F12A920461A8A043A92B200F01CF95C
:106660001299204600F08AF912A8FEF7FBFBFF23DF
:10667000814663710A230393236F4A460BA9D3E92A
:106680000005A84701F01CF84FF47A73054609E0AD
:1066900001F016F8401B6279C0F57A73002B38DDE3
:1066A000FF2A3CD1226F07A99768106808AAB8474B
:1066B0000028EDD01AA80027DDE90712FEF7A4FB99
:1066C0000DF11A0306AA1AA920468DF8187000F0D9
:1066D0007DF90028DCD039469DF8180000F09AFEBC
:1066E000C0F30747BDF81AB0C0F30728012FCDE962
:1066F000090053D0022F18D0002FC9D1394638468F
:1067000000F088FE1AA902460A902046FFF7F2FA26
:10671000BEE7039B013B039301D0FF2AACD0002AC4
:1067200051D000202BB0BDE8F08F9DF824304146B9
:106730003046049300F05CFF824648B31C9A1AA8C6
:106740000592FEF793FB03460DF11900059A594691
:106750000090504603F070FFD0B19DF81930002B27
:1067600038D0049F0AE04FF002038DF828708DF8AE
:1067700029808DF82A300A9AFFF7BCFA22A9042250
:10678000504603F0DBFF034622A92046002BEAD146
:10679000424604992046FFF727F979E741463046FB
:1067A00000F01CFF00283FF473AF594603F0BAFE17
:1067B00000283FF46DAF8DF82A701AA90A9A204676
:1067C000FFF798FA64E7304600F05AFE01202BB03C
:1067D000BDE8F08F8DF82A701AA90A9A2046FFF7B3
:1067E00089FABEE72DE9F04782B004461046154607
:1067F0001E46C1F3072A9DF8287005F104099DF88B
:106800002C80019100F056FF9DF806308144012B49
:106810001DD0022B16D104F10800514600F0D2FE23
:10682000044658B14946324604F04CF904462CB1AE
:106830004346AAB23946304600F0FCFE204602B07C
:10684000BDE8F0870024204602B0BDE8F08704F1DF
:106850000800514600F0AEFE04460028EED049463E
:10686000324604F05BF80446E1E700BF4FEA126CE1
:10687000FF23027180F801C0C2F3074CC2F3072264
:10688000017080F802C04371C27000B54FF0090E6C
:10689000A0F806E05DF804FB30B5002389B0124D86
:1068A0000C4607931946ADF81C2001220193C280C3
:1068B0008DF804202A6803930092AA880693ADF805
:1068C0000620D0F801200292027820468DF80C2094
:1068D0001022CDE9043300F0ADFE6946204601F0F8
:1068E000EBFE09B030BD00BF44E301080C4A0223AF
:1068F0004FF4007C10B50C4682B011890422C3808D
:106900000023ADF8061020460321ADF804C000F0C6
:1069100091FE01A9204601F08DFF02B010BD00BF1D
:1069200044E3010810B50B4688B0044601A9184697
:1069300001F090FF9DF80430637108B010BD00BFF6
:1069400010B584B00446084602A901F0B3FFE388FD
:10695000022B01D004B010BD0DF10A00FEF796FD28
:106960009DF808209DF8093003EB02239BB2022B0F
:10697000F0D19DF80C306371ECE700BF10B5082230
:106980008AB004460DEB0200FEF73EFA14F8011B34
:10699000002302A801F0800100941A4601F046F895
:1069A0000AB010BD30B58DB004460D46194604A896
:1069B00003920822FEF728FA14F8011B039B2A46CB
:1069C00004A8009401F032F80DB030BD2DE9F0417B
:1069D000074684B008460C4615461E46FEF746FAA2
:1069E000082803D8002004B0BDE8F0810DF10C08A0
:1069F00033462A4620460DF10B01CDF8008001F008
:106A000033F83A789DF80B309342EBD11B061BD438
:106A10009DF80C207B789A4203D0012080F0010081
:106A2000E1E79DF80D20B81CBB789A42F5D19DF89E
:106A30000E2010F8013F9A42EFD19DF80F204378C5
:106A40009A42EAD10020E9E70120CCE790F9003032
:106A5000002BACBF08200420704700BF10B582B0E7
:106A60004FF6F4740191C388A3F10A0189B2A142DF
:106A70000FD801339CB2C3F3072CDBB2C480911C46
:106A8000019882F800C05370FEF714FD204602B052
:106A900010BD0A234FF0000C1C46EFE770B504460A
:106AA00002300D461646FEF7F1FCC0F30F43288076
:106AB0006B802278637803EB0223338070BD00BFC4
:106AC0000023417003708385704700BF2DE9F04FAC
:106AD000174642780E4683B0A2F17D019B467E2385
:106AE00004460129DDF838A080F838309DF83400DC
:106AF00040F21581A0F17D0184F83920022201299C
:106B000084F8622052D90C9B032184F83A00DDB24C
:106B100084F86210A5F17D02012A5CD90C9B6218F1
:106B20000131C3F3072082F8385084F86210A0F1D5
:106B30007D02012A61D94A1C2144D2B281F8380071
:106B400084F86220002B6AD04FF00008C14616E09E
:106B5000292A68D8A018013280F8381084F86220F9
:106B600088EA01017D4B09F10109C9B233F811200E
:106B700082EA18280C9B4B4569D994F862201BF8CF
:106B80000910A1F17D000128E2D8501CC0B22928CB
:106B900049D8A0184FF07D03023281F0200580F81B
:106BA000383080F8395084F86220D9E704214FF05A
:106BB000030C0C9B22444FF07D0EA444DDB280F008
:106BC000200082F838E0A5F17D028CF8380084F8C6
:106BD0006210012AA2D862187D200C9B85F0200546
:106BE00082F838000231C3F3072082F8395084F864
:106BF0006210A0F17D02012A9DD84D1C8A1C80F0F4
:106C00002000214454FA85F5D2B24FF07D0C81F872
:106C100038C085F8380084F86220002B94D11946DA
:106C2000ADF8043019E0002500E060B105F138014D
:106C3000521B534638462144B04794F8622005441D
:106C40009542F2D366D0002003B0BDE8F08F5FFA22
:106C500088F194F86220ADF804804FF000094FF0FD
:106C60007D0BC84613E0292A24D8A318013283F8E3
:106C7000381084F8622009F10109B9F1020F2DD012
:106C800009F1080394F862206B4413F8041CA1F185
:106C90007D03012BE7D8531CDBB2292B0AD8A3189C
:106CA00081F02001023283F8391083F838B084F87B
:106CB0006220E0E7002501E00028C4D005F138019A
:106CC000521B534638462144B04794F8622005448D
:106CD0009542F1D3B7D184F86280D1E794F862206D
:106CE0009AB1002501E00028ADD005F13801521B12
:106CF000534638462144B04794F8622005449542F3
:106D0000F1D3A0D1002384F862300C9B98B203B079
:106D1000BDE8F08F4FF0000384F862302AE77D2150
:106D200082F0200284F83910A0F17D0184F83A2025
:106D30000322012984F8622003D805214FF0040CB6
:106D400037E70C9B042184F83B00DDB284F8621025
:106D5000A5F17D02012A3FF6E1AE3CE7F0EB010828
:106D60002DE9F04F044685B0924689461D460F9E98
:106D700000F0A6FC94F82C2094F82D708046BA42BE
:106D80005FD017D8013FBA1A0027D2B2B2421AD840
:106D9000D319B34252D8D2B9002600F091FC2B6827
:106DA000A0EB08001B1A304623EAE3732B6005B002
:106DB000BDE8F08F002F60D0C2F12A02013FD2B2AD
:106DC000FFB2B242E4D9F2B20027002AE4D00E9B0F
:106DD00050460392009394F82C102B680231DFF890
:106DE000A4B02144C84794F82C30064603445908FF
:106DF000ABFB01212A22890802FB113184F82C10F7
:106E00000028C9D0039A9042C7D1002FC5D00E9B4D
:106E100002313A465046214400930023C84794F873
:106E20002C20064413185A08ABFB021B2A224FEAF7
:106E30009B0B02FB1B3384F82C30AEE7B61AF7B27B
:106E4000A9E70023282EA385BDD90E9B2922A11CCA
:106E5000504600932B68C84794F82C3006462A21E8
:106E6000034408485A08A0FB0202920801FB1233AF
:106E700084F82C30002E8FD08FE7C2F12902D2B2D5
:106E800084E700BF310CC3302DE9F04F1E4690F867
:106E90002C5090F82D3083B0044688469D42914690
:106EA00000F08C812378C34DC34F072BFDD8DFE85A
:106EB00013F01C01FB00D900BA008F005100320012
:106EC000080094F82C1094F82D30994200F04D8170
:106ED000E21892787D2A00F0B88101332A217E2AB7
:106EE0004FEA5300A5FB00C04FEA900001FB1033AE
:106EF00084F82D3000F05782A38E0020E18E03EB42
:106F0000022320709BB29942A38600F07881002072
:106F100003B0BDE8F08F94F82C0094F82D3098421F
:106F200000F03281E21891787D2900F07081013300
:106F30002A207E294FEA5302A5FB02C24FEA9202A1
:106F400000FB123384F82D3000F01D820723A18648
:106F50002370AAE7638EB4F830E09E4527D832E06C
:106F6000A5FB01B19CF802C04FF02A0B8908BCF1C7
:106F70007D0F0BFB110100F0D480BCF17E0F84F873
:106F80002D1000F0CB8006F803C0E08E638E80EAFF
:106F90000C01B4F830E00133C9B29BB237F81120CC
:106FA0007345638682EA1022E28680F01D8194F8A0
:106FB0002D2094F82CA0501C04EB020C92454FEAB3
:106FC0005001CDD19E4540F01481062323706CE71B
:106FD00094F82C0094F82D30984200F0C680E21806
:106FE00091787D2900F0938101332A207E294FEA90
:106FF0005302A5FB02C24FEA920200FB123384F84F
:107000002D3000F0D081238E002003EB01230C995A
:1070100060869BB2E0868B42238640F2E28020703D
:1070200003B0BDE8F08F94F82C0094F82D3098420E
:1070300000F0AA80E21891787D2900F08681013362
:107040002A207E294FEA5302A5FB02C24FEA920290
:1070500000FB123384F82D3000F095810423218643
:10706000237022E794F82C0094F82D20904200F031
:10707000B480A31899787D2900F0078101322A2372
:107080007E294FEA5200A5FB00C04FEA900003FBA7
:10709000102284F82D2000F08A8163788B420CBF87
:1070A00003230023237000E7002394F82C1084F8B6
:1070B0002E3094F82D3099426AD0E21890787D28CD
:1070C00000F0008101332A217E2884F82E004FEA47
:1070D0005302A5FB02C24FEA920201FB123384F86D
:1070E0002D3055D002232370DFE694F82CC04FF0EA
:1070F0002A0E94F82D305A1C9C4504EB03014FEAEC
:1071000052033FF404AFA5FB030389789B087E2953
:107110000EFB1323DBB284F82D30ECD10123237056
:10712000C3E6501C4FF02A0B02324108A5FB01C1F7
:1071300089080BFB11016018C9B28A453FF442AFC0
:1071400051088078A5FB01A17E2880F0200C4FEA31
:1071500091010BFB112284F82D207FF414AF9E4582
:107160003FF433AF012323709FE60F9B009301236D
:1071700001934A460E9B41462046FFF7F1FD002849
:107180003FF4C5AE237890E60F9B00930223EFE710
:107190000F9B4A46414620460093042301930E9BD1
:1071A000FFF7DEFD0028EDD194F82E307E2BE9D0DC
:1071B000ADE600BF310CC330F0EB01080F9B00932C
:1071C000052301930E9BFFF7CBFD94F82D2094F837
:1071D0002C309A423FF49BAE64E60F9B009303234E
:1071E000C6E70523237060E63FF4EFAEBCF17E0FE7
:1071F00094D0AEEB03030F9A02330092B8E794F8F1
:107200002E300D9A1370208E03B0BDE8F08F591CFC
:107210004FF02A0C4A08A5FB02E292080CFB12125E
:10722000D1B28842B0D00233224491785A08A5FBEB
:1072300002027E294FEA92020CFB123384F82D30B1
:1072400000F0A18081F0200180E603F1010C2A20EA
:107250004FEA5C02A5FB02E2920800FB12C25FFA51
:1072600082FC614581D00233224459089278A5FB03
:1072700001C17E2A4FEA910100FB113384F82D30C1
:1072800000F0918082F0200236E6511C4FF02A0C6B
:107290004B08A5FB03E39B080CFB1313D9B28842F0
:1072A0009BD00232234450089B78A5FB00107E2B14
:1072B0004FEA90000CFB102284F82D2077D083F049
:1072C0002001EAE603F1010C2A204FEA5C02A5FB4B
:1072D00002E2920800FB12C25FFA82FC61453FF4B1
:1072E00057AF0233224491785A08A5FB02C27E2987
:1072F00084F82E104FEA920200FB123384F82D30EE
:107300003FF446AF81F0200184F82E10EAE6591CC4
:107310004FF02A0C4A08A5FB02E292080CFB12125D
:10732000D1B288423FF421AF0233224491785A0807
:10733000A5FB02027E294FEA92020CFB123384F86D
:107340002D3030D081F020015DE6591C4FF02A0C21
:107350004A08A5FB02E292080CFB1212D1B2884245
:107360003FF412AF0233224491785A08A5FB02027F
:107370007E294FEA92020CFB123384F82D3002D0A2
:1073800081F020016AE60F9B0093022301934A4695
:107390000E9B41462046FFF7E3FC00287FF4F2AE47
:1073A0000123237081E50F9B00930123EEE70F9BE0
:1073B00000930323EAE700BF0129844600B583B0A8
:1073C0001FD002294FF0000E20D0002300206EF3C2
:1073D00007036CF30F2361F3174362F31F635FFA34
:1073E00083FCC3F30721C3F307421B0E6CF30700B2
:1073F00061F30F2062F3174063F31F6003B05DF881
:1074000004FB00F1010E5FFA8EFEDEE780F0800ED5
:10741000DBE700BF82B030B1030621D4421E4FF03B
:10742000010CD2B201E084460246002360F3070358
:10743000002062F30F236CF3174361F31F635FFABD
:1074400083FCC3F30721C3F307421B0E6CF3070051
:1074500061F30F2062F3174063F31F6002B07047BF
:1074600080F080024FF0020CDFE700BF00230374BE
:1074700080F8403080F8443080F86030704700BFBA
:1074800070B5037C04464BB10646002530460135F5
:1074900003F03EFA237C1036AB42F7D894F8443020
:1074A0005BB104F1420600253046013503F036F8A1
:1074B00094F844300236AB42F6D894F840305BB1D1
:1074C00004F1180600253046013503F0CDFA94F892
:1074D00040302836AB42F6D894F860305BB104F106
:1074E000480600253046013503F084F894F86030F2
:1074F0001836AB42F6D870BD10B5047C82B004F1EA
:10750000010C80F810C000EB041003F0F7F9012221
:107510002046114602B0BDE81040FFF74DBF00BF46
:1075200010B584B0844628209DF8184000949CF83B
:10753000404000FB04C004F1010E18308CF840E01C
:1075400003F05CFA01220221204604B0BDE810409D
:10755000FFF732BF10B590F8444082B0621C04F1CE
:10756000210380F8442000EB430002F0D3FF002207
:107570000121204602B0BDE81040FFF71DBF00BF4B
:1075800010B584B084461820069C00949CF8604096
:1075900000FB04C004F1010E48308CF860E003F0F9
:1075A00003F800220221204604B0BDE81040FFF796
:1075B00003BF00BF037C8B428CBF00EB0110002097
:1075C000704700BF90F840308B4204D9282303FB5A
:1075D0000100183070470020704700BF90F8443019
:1075E0008B4203D9213100EB4100704700207047E6
:1075F00090F860308B4204D9182303FB0100483017
:1076000070470020704700BF90F8403083B170B5DC
:10761000064600F11805002400E040B12846013478
:1076200003F096FC96F840302835A342F5D870BD9B
:1076300001207047F8B50E460421044615461F4642
:10764000FDF7FEFB01233146204647EA030223757E
:107650002B4600F029FA2046FDF708FCA84234BF6B
:1076600000200120F8BD00BF2DE9F04104460D4681
:10767000042116469846FDF7E3FB2046FDF7F6FB8E
:1076800003288CBF0127002702D83846BDE8F081C7
:10769000334642462046294600F01AFA98F8003050
:1076A000384603F0010203F0FE0388F8003022752B
:1076B000BDE8F08110F0030018BFC0F1040070476E
:1076C00010B584B001206946F3F7FEFB08499DE838
:1076D0001500A0FB0103001901FB0231054A4FF020
:1076E000000341EBE471E8F763FE04B010BD00BF96
:1076F00000CA9A3B40420F0010B584B00120694691
:10770000F3F7E2FB064A00980299A0FB0203019CF2
:10771000401802FB043343EBE17104B010BD00BF1D
:1077200000CA9A3B2DE9F0410C468AB0064691F812
:10773000C11004F10800FFF745FF054603F012FCF5
:1077400068B92046D4E92E31984718B901200AB00B
:10775000BDE8F081284603F005FC0028F6D0298911
:107760004FF6FC72EB89287B6F68121AB3FBF1F0BD
:10777000B7FBF1F701FB1031D4F8C43089B207FB35
:1077800001F1043F3A4404311FFA82F83A46A3EB70
:107790000803C4F8C4302B681944002351F8040CC2
:1077A000009002A8FDF71EFBD4F8C42002F10803E4
:1077B000BB4227D9424600230D2102A8FFF73AFF1A
:1077C0002989EB896A68B3FBF1F0B2FBF1F201FBA6
:1077D00010339BB202FB03F32A68D7500121E889DA
:1077E00003F0E2FB0499039AE8813046521AFDF750
:1077F0000BFB304622460F49FDF7DAFA00200AB0AB
:10780000BDE8F08192B202230D2102A8FFF712FF1A
:107810002889EB896968D4F8C420B3FBF0F7B1FB81
:10782000F0F100FB173308329BB201FB03F3296828
:10783000CA50D3E725770108F0B587B007270025A0
:107840001C460646CDE902210C9ACDE900750432AA
:10785000FEF7C8FF80F00102D2B2A27512B128462D
:1078600007B0F0BD05AA02993046FFF7F7F805A961
:107870000546204601F09EF8A669E7692046D4E94E
:107880000121521AFDF7C0FA20463A463146FDF76B
:107890008FFA284607B0F0BD2DE9F04F91B00546AC
:1078A00008301E460591C1F307210492FFF78AFEB6
:1078B0009DF81630012B00F093800446002800F05C
:1078C0008F8003F04FFB002800F085802389E78933
:1078D0006268B7FBF3F9B2FBF3F203FB1979236893
:1078E000A2F1040B03921FFA89F902FB09F909F1CD
:1078F00004099944237B59F8048C43457CD3ABF1AC
:10790000040A5A46494608A8AAEB030A1A9BCDF86E
:10791000008008331FFA8AFA02930023FDF762FA07
:10792000029B52460D215B4534BF0223002308A869
:10793000FFF780FE218963683846B7FBF1F2B3FB9D
:10794000F1F301FB1272012192B202FB03F32268F0
:1079500042F803B003F028FB039B08F1040107463B
:10796000A3F1080230464944A2EB0802FDF74CFAA5
:107970001A9B0721E7811A1D00233046B2F5803F8C
:1079800028BF1A4692B2FFF755FE07AA0499284667
:10799000FFF764F8044620B307A9304601F00AF85F
:1079A0003046D6E90121521AFDF72EFA059B029ABC
:1079B0003046C5F8C0301B9BC5F8C4202A46C5F820
:1079C000B8301C9B1849C5F8BC30FDF7F1F92046CA
:1079D00011B0BDE8F08F1C9928461B9B984720B931
:1079E0000024204611B0BDE8F08F204603F0BAFA1B
:1079F00000287FF46BAFF3E73846012103F0D4FA97
:107A0000228963680746B3FBF2F9B0FBF2F302FB8D
:107A100013039BB203FB09F9236809F10409994494
:107A2000237B59F8048C6AE725770108F0B51646E0
:107A300083B004460D460193089FFCF739FA31469E
:107A40002046FCF735FA019A01212046FCF7DCFAC2
:107A50002B0601D503B0F0BD04223946204603B001
:107A6000BDE8F04002F01ABCF0B5164683B00446FB
:107A70000D460193089FFCF731FA31462046FCF78A
:107A80002DFA019A01212046FCF7B2FB95F900304E
:107A9000002B01DA03B0F0BD04223946204603B0C2
:107AA000BDE8F04002F05EBC30B5154683B0044638
:107AB0000193FCF7FDF929462046FCF7F9F9019AF4
:107AC0000121204603B0BDE83040FCF79DBA00BF5D
:107AD00030B5154683B004460193FCF7FFF92946FB
:107AE0002046FCF7FBF9019A0121204603B0BDE8CE
:107AF0003040FCF77DBB00BF2DE9F84304220E4661
:107B0000054602F0CBFB07460222311D284602F053
:107B1000C5FB38400222B11DC7B2284602F0BEFBA9
:107B20000422074006F10801284602F0B7FB07408F
:107B3000317B2846FCF7BCF9717B07402846FCF7EF
:107B400089F9737B07EA00083BB9B18B2846FCF73B
:107B5000DBF908EA0000BDE8F88331692846FCF744
:107B6000BDFB3369E3B1C0B137464FF0000900E017
:107B70009CB17969284602F0B5FCB96904462846EB
:107B800002F0B0FC09F10109336904400837994556
:107B9000E4B2EDD308EA0408D7E74FF00008D4E7D1
:107BA00008EA0008D1E700BF2DE9F84304220C469B
:107BB000054602F0D7FB07460222211D284602F0A7
:107BC000D1FB38400222A11DC6B2284602F0CAFBF2
:107BD0000422064004F10801284602F0C3FB0640D7
:107BE00004F10C012846FCF779F904F10D0106EACD
:107BF00000072846FCF744F9637B07403BB904F1D2
:107C00001C012846FCF780FA3840BDE8F88304F1EF
:107C100010012846FCF792FC2369012B03D90123AC
:107C20000027AB75EBE70BB3F0B1A0464FF00009AE
:107C300000E0CEB1D8F8141008F108084FF4007233
:107C4000284602F05FFCD8F8101006464FF4007288
:107C5000284609F1010902F055FC236906409945BF
:107C6000F6B2E6D33740CAE70027C8E70740C6E7C1
:107C70002DE9F84304220F46054602F00FFB0446A7
:107C80000222391D284602F009FB20400222B91DBC
:107C9000C4B2284602F002FB397A04402846FCF7B9
:107CA000D9F83B7A00EA040813B94046BDE8F883E6
:107CB000F9682846FCF712FBFB6803B3D0B13E46D7
:107CC0004FF0000900E0ACB13169284602F00AFC2F
:107CD00071690446284602F005FC09F10109FB68B8
:107CE000044008369945E4B2EDD308EA040840465A
:107CF000BDE8F8834FF000084046BDE8F88308EA85
:107D00000008D2E770B50D4609780646FCF7D0F8B2
:107D1000044630B12B78022B0CD0032B10D0012B52
:107D200008D0022205F50271304602F0B7FA204071
:107D3000C0B270BD6968304602F0D4FB0446F0E77B
:107D40002946304651F8042F043102F09FFB0446C7
:107D5000E7E700BF70B50B780C460546013B0D2BDD
:107D600054D8DFE803F030071B1B07070707530C45
:107D70000C0C4E490431BDE87040FFF7C3BF0979D0
:107D8000FCF796F8E8B12379012B01D0022B3DD105
:107D9000A1682846BDE8704002F0A4BB0979FCF751
:107DA00087F8064620B12379022B39D0032B2FD038
:107DB000022204F50371284602F070FA3040C0B286
:107DC00070BD002070BD0979FCF772F8064658B105
:107DD0002379022B03D0032B28D0012B04D1A168D7
:107DE000284602F07FFB0646B4F90C122846FCF741
:107DF0009BFD3040C0B270BD0431BDE87040FFF75C
:107E00007BBE0431BDE87040FFF732BF012070BD7A
:107E1000A26804F10C01284602F038FB0646C7E7C9
:107E2000A168284602F05EFB0646C1E7A26804F19D
:107E30000C01284602F02AFB0646D5E770B5064637
:107E40000D46FCF74BF8044630B12B78022B0CD0D2
:107E5000032B12D0012B08D0022205F50271304607
:107E600002F080FA2040C0B270BD4FF40072696821
:107E7000304602F047FB0446EEE72B1D4FF400723C
:107E800005F10801304602F013FB0446E4E700BFA9
:107E900070B50D4609780646FBF7DCFF2B780446E3
:107EA0004BB9297A3046FBF7D5FF2B7A0440E4B270
:107EB00043B9204670BD6968304602F013FB0440A8
:107EC000E4B2EEE7E968304602F00CFB04402046DD
:107ED00070BD00BF70B50D460646096802F002FB92
:107EE000044629793046FBF7B5FF2B790440E4B20C
:107EF00043B9297B3046FBF7ADFF2B7B04403BB9F0
:107F0000204670BDA968304602F0ECFA0440F0E764
:107F10002969304602F0E6FA0440E4B2204670BD1A
:107F20002DE9F0410C4609780646FBF793FF2378CC
:107F300005466BB994F828103046FBF78BFF94F890
:107F400028300540EDB2002B69D12846BDE8F0810C
:107F500061683046FCF7C2F96368002B6BD00028DB
:107F600067D0A168304602F0BDFA6368012B53D98F
:107F700000285ED0E168304602F0B4FA6368022B54
:107F80004AD9002855D02169304602F0ABFA63681F
:107F9000032B41D900284CD06169304602F0A2FA87
:107FA0006368042B38D9002843D0A169304602F019
:107FB00099FA6368052B2FD900283AD0E169304639
:107FC00002F090FA6368062B26D990B3216A3046F6
:107FD00002F088FA6368072B1ED950B3616A3046F5
:107FE00002F080FA6368082B16D910B3A16A3046F4
:107FF00002F078FA6368092B0ED9D0B104F12C088D
:10800000092700E0A8B158F8041B304602F06AFACC
:10801000013762689742F5D30540EDB28AE7E26A1C
:1080200004F13001304602F031FA05402846BDE83F
:10803000F08100257EE72840C5B27BE770B50D468C
:1080400009780646FBF706FF2B7804464BB9297AD8
:108050003046FBF7FFFE2B7A0440E4B243B92046DA
:1080600070BD6968304602F03DFA0440E4B2EEE7C4
:1080700005F10C013046FFF753FF0440204670BD68
:108080002DE9F0410C4609780646FBF7E3FE23781C
:1080900005466BB994F828103046FBF7DBFE94F8E0
:1080A00028300540EDB2002B69D12846BDE8F081AB
:1080B00061683046FCF712F96368002B6BD000282A
:1080C00067D0A168304602F00DFA6368012B53D9DE
:1080D00000285ED0E168304602F004FA6368022BA3
:1080E0004AD9002855D02169304602F0FBF963686F
:1080F000032B41D900284CD06169304602F0F2F9D7
:108100006368042B38D9002843D0A169304602F0B7
:10811000E9F96368052B2FD900283AD0E169304688
:1081200002F0E0F96368062B26D990B3216A304645
:1081300002F0D8F96368072B1ED950B3616A304644
:1081400002F0D0F96368082B16D910B3A16A304643
:1081500002F0C8F96368092B0ED9D0B104F12C08DC
:10816000092700E0A8B158F8041B304602F0BAF91C
:10817000013762689742F5D30540EDB28AE7E26ABB
:1081800004F13001304602F081F905402846BDE88F
:10819000F08100257EE72840C5B27BE770B50D462B
:1081A00009780646FBF756FE2B7804464BB9297A28
:1081B0003046FBF74FFE2B7A0440E4B243B9204629
:1081C00070BD6968304602F08DF90440E4B2EEE714
:1081D00005F10C013046FFF753FF0440204670BD07
:1081E0002DE96843884681460988FBF78DFE0646DF
:1081F00098F802104846FBF72DFE98F8023006402A
:10820000F5B2EBB998F806104846FBF723FE98F84C
:10821000063005407BBB98F80C104846FBF71AFE69
:1082200098F80C300540F3B998F814104846FBF75D
:1082300011FE98F8143005404BB92846BDE8688314
:10824000B8F804104846FBF75FFE0540DAE7D8F8B7
:10825000182008F11C01484602F018F92840C5B260
:108260002846BDE86883D8F810104846FCF736F871
:108270002840C5B2D8E7D8F808104846FCF72EF8D1
:108280002840C5B2C7E700BFF8B502220C46064633
:1082900002F004F80546A1783046FBF7DBFDA37831
:1082A0000540EDB20BB92846F8BD04F1080130468F
:1082B000FFF796FF074694F82C103046FBF7CAFDEF
:1082C00094F82C303840C7B25BB994F83810304677
:1082D000FBF7C0FD94F8383007404BB93D402846C5
:1082E000F8BDD4E90C233046FCF74EFA0740ECE722
:1082F000E16B304602F0F6F80740FFB2EEE700BF50
:10830000F8B502220D46064601F0C8FF0446A978DA
:108310003046FBF79FFDAB780440E4B20BB9204632
:10832000F8BD05F108013046FFF75AFF074695F8FA
:108330002C103046FBF78EFD95F82C303840C7B234
:1083400013B93C402046F8BDD5E90C233046FCF774
:108350001BFA0740F5E700BF70B505460E46FBF770
:10836000BDFD68B133780446013B0D2B09D8DFE829
:1083700003F0410A23230A0A0A0A081010105C5667
:108380000024204670BD311D2846BDE87040FFF72F
:1083900055BD311D2846FBF7A1FD0028F0D03379EB
:1083A000012B01D0022BECD1B16828464FF40072AA
:1083B000BDE8704002F0A6B8311D2846FBF78EFDDF
:1083C000044670B13379022B4CD0032B09D106F14E
:1083D00008034FF4007206F10C01284602F068F819
:1083E0000446022206F50371284601F0BBFF204037
:1083F000C4B2C6E7311D2846FBF770FD044630B114
:108400003379022B36D0032B3CD0012B32D006F52A
:1084100003712846FCF708FB2040C4B2B1E7311DC8
:108420002846BDE87040FFF7BFBB04222846B118BC
:1084300001F098FF0446022206F10801284601F0E7
:1084400091FF0440022206F10A012846E4B201F03D
:1084500089FF034606F10C0128461C40FBF710FD7E
:1084600004408EE74FF40072B168284602F04AF8E3
:108470000446B6E74FF40072B168284602F042F8AD
:108480000446C4E706F108034FF4007206F10C013C
:10849000284602F00DF80446B9E700BF70B5022285
:1084A00005460E4601F05EFF022204462846B1183A
:1084B00001F058FF2040C0B270BD00BF2DE9F04769
:1084C0000E4609788046FBF7F3FC074638B133784F
:1084D000062B00F081800D2B14D0052B02D03846DE
:1084E000BDE8F087B6F908104046FCF71DFA0746CC
:1084F0004046D6E90423FCF747F93840C7B238466E
:10850000BDE8F087B6F908104046FCF70DFAF168AF
:1085100007464046FBF7E2FEF368002BEDD018B3A8
:1085200006F10C09002404EB440506EBC505297C83
:108530004046FBF7BDFC4FEA440A04EB4401002827
:1085400051D02B7CC900032B54D8DFE803F0332132
:108550000F0249444046896801F0C4FF0134F268C3
:10856000944244D20028DED10027B8E70831A24463
:1085700010224046494406EBCA0A01F08FFE054628
:10858000DAF824104046FBF7A9FE2840C0B2E5E720
:108590000831A24404224046494406EBCA0A01F0CD
:1085A0007DFE0546BAF818104046FBF7ADFC2840A2
:1085B000C0B2D3E70831A24402224046494406EB48
:1085C000CA0A01F06BFE05469AF816104046FBF702
:1085D0006FFC2840C0B2C1E7B6F908104046BDE8BC
:1085E000F047FCF7A1B90134F268A242BCD80740B9
:1085F000FFB274E70134F36818359C4297D36EE7F5
:108600002DE9F041022206460F4601F0ABFE0222A0
:1086100005463046B91801F0A5FE8046391D3046A2
:10862000FBF75CFC05EA08050446791D30462C4042
:10863000FBF754FC2040C0B2BDE8F081F8B50E460F
:1086400007460978FBF734FC044671783846FBF797
:108650002FFC0440B1783846FBF7FCFBB378E4B25A
:10866000044043B9317A3846FBF7F4FB337A0440CF
:108670003BB92046F8BD7168384601F033FF04402D
:10868000F0E771893846FBF73FFC0546B18938466B
:10869000FBF73AFC0540F1893846EDB2FBF734FCB4
:1086A000318A2540044638462540FBF72DFC00EA78
:1086B00005042046F8BD00BFFFF71EBAF8B5022238
:1086C00007460E4601F0EAFD022205463846B1187B
:1086D00001F0E4FD317904463846FBF7E9FB70B15F
:1086E00033792C40013BE4B20D2B09D8DFE803F0CD
:1086F0004C0A23230A0A0A0A08121212453E0024D1
:108700002046F8BD06F108013846FFF7FBFA0440A1
:108710002046F8BD317A3846FBF7CAFB0028EED078
:10872000337A012B01D0022BEAD1F168384601F0EF
:10873000D9FE0440E4E7317A3846FBF7B9FB054639
:1087400058B1337A022B34D0032B06D1F26806F1EC
:108750001001384601F09AFE0546022206F5047122
:10876000384601F09BFD28400440C9E706F10801A6
:108770003846FFF7C1F90440C2E706F10801384660
:10878000FFF776FA0440BBE7317A3846FBF790FBF7
:10879000054630B1337A022B11D0032B15D0012BB3
:1087A0000DD0B6F910123846FCF7BEF82840044048
:1087B000A6E7F168384601F095FE0546CDE7F16879
:1087C000384601F08FFE0546EBE7F26806F110012E
:1087D000384601F05BFE0546E3E700BF70B50222B4
:1087E00005460E4601F05AFD022204462846B118FD
:1087F00001F054FD0346716828461C40FBF76EFDEE
:10880000E4B2204070BD00BF70B5022205460E469E
:1088100001F0A8FD022204462846B11801F0A2FD8D
:108820000346311D28461C40FBF788FEE4B2204079
:1088300070BD00BF70B5022205460E4601F02EFD48
:10884000022204462846B11801F028FD2040C0B29B
:1088500070BD00BF2DE9F8430E460546FBF73EFB11
:108860000446711C2846FBF739FB04228146284642
:10887000B11801F077FD06F1080180460222284672
:1088800001F070FD04EA090307460222DBB206F19B
:108890000A01284603EA080401F064FD034628465D
:1088A0003C4006F10C011D46FBF7EAFA2540284042
:1088B000BDE8F8832DE9F041022206460F4601F09B
:1088C00051FD022205463046B91801F04BFD8046A5
:1088D000391D3046FBF702FB05EA08050446791D01
:1088E00030462C40FBF7FAFA2040C0B2BDE8F081D8
:1088F0002DE9F04102220C46054601F0CFFC022290
:1089000080462846A11801F0C9FC0746217928466F
:10891000FBF7CEFA08EA070806466179284606EA18
:108920000806FBF7C5FA217A3040C7B22846FBF7A4
:1089300091FA237A06466BB994F81C122846FBF785
:1089400089FA94F81C323040C6B283B906EA0700AF
:10895000BDE8F081217B2846FBF7AAFA88B104F133
:108960000C012846FFF7F6F93040C6B2E4E704F5FB
:1089700008712846FFF7A2FD064006EA0700BDE899
:10898000F0810646D8E700BF70B5022205460E46C4
:1089900001F084FC022204462846B11801F07EFC56
:1089A0000346311D28461C40FFF748FEE4B2204034
:1089B00070BD00BF70B5022205460E4601F06EFC88
:1089C000022204462846B11801F068FC2040C0B2DB
:1089D00070BD00BF70B50C4605460E4634F8021B4C
:1089E000FBF792FA022221460446284601F056FC83
:1089F0000346317928461C40FBF75AFAE4B220407E
:108A000070BD00BF70B50E460546FBF77DFB022228
:108A100004462846B11801F0A5FC0346311D28463E
:108A20001C40FBF75BFAE4B2204070BD70B50D4608
:108A300006460988FBF768FA698804463046FBF762
:108A400063FA0346297930461C40FBF731FAE4B259
:108A5000204070BD70B50E460546FBF755FB044639
:108A6000B11C2846FBF750FB0346311D28461C402D
:108A7000FBF734FAE4B2204070BD00BF2DE9F041AD
:108A80000E460546FCF7DCF80746311D2846FBF785
:108A900055FD804606F108012846FCF7D1F807EAA3
:108AA0000807044606F10C0128463C40FBF746FD4A
:108AB00006F1100104402846FCF7C2F80346E4B270
:108AC00028461D4606F11401FBF738FD2C402040D6
:108AD000BDE8F0812DE9F04104460D460C2201F07D
:108AE000DDFB032205F10C010746204601F0D6FB11
:108AF000E97B80462046FBF7DBF9296906462046DC
:108B0000FCF706F807EA0807034620463E40696975
:108B10001C46FBF7E3FB34402040C0B2BDE8F081C7
:108B20002DE9F04104460D460C2201F01BFC032206
:108B300005F10C010746204601F014FC05F10F0178
:108B400080462046FBF7CAF905F11001064620468B
:108B5000FCF776F807EA0807034620463E4005F191
:108B600014011C46FBF7EAFC34402040C0B2BDE8CB
:108B7000F08100BF002839D070B50446006880B38A
:108B80000E461546F6F78CF830B320680430F6F739
:108B900087F808B320680830F6F782F8E0B120685B
:108BA0000C30F7F74BFAB8B120681030F7F746FAF7
:108BB00090B1CDB1C6B12A4631462068F6F728F803
:108BC00048B10A2807D040F2F51240F63703904228
:108BD0000CBF1846012070BDF8F776FD40F6360050
:108BE00070BD40F6360070BD0B2070BD40F63600FB
:108BF000704700BF90B370B50446006848B30E4696
:108C00001546F6F74DF8F8B120680430F6F748F845
:108C1000D0B120680830F6F743F8A8B120680C30CE
:108C2000F7F70CFA80B120681030F7F707FA58B15F
:108C300095B18EB120682A4631460830F5F7B0FF6D
:108C4000003818BF012070BDF8F73EFD40F6360031
:108C500070BD40F6360070BD0B2070BD40F636008A
:108C6000704700BF00283AD070B50446006888B34A
:108C70000E461546F6F714F838B320680430F6F7B8
:108C80000FF810B320680830F6F70AF8E8B120684A
:108C90000C30F7F7D3F9C0B120681030F7F7CEF9F0
:108CA00098B1D5B1CEB120682A4631460830F5F7E3
:108CB000AFFF48B10A2807D040F2F51240F637035B
:108CC00090420CBF1846012070BDF8F7FDFC40F63D
:108CD000360070BD40F6360070BD0B2070BD40F60A
:108CE0003600704700283AD070B50446006888B353
:108CF0000E461546F5F7D4FF38B320680430F5F773
:108D0000CFFF10B320680830F5F7CAFFE8B120683C
:108D10000C30F7F793F9C0B120681030F7F78EF9EF
:108D200098B1D5B1CEB120682A4631460430F5F766
:108D30006FFF48B10A2807D040F2F51240F637031A
:108D400090420CBF1846012070BDF8F7BDFC40F6FC
:108D5000360070BD40F6360070BD0B2070BD40F689
:108D600036007047002838D030B50446006891B00E
:108D700078B30D46F5F794FF28B320680430F5F773
:108D80008FFF00B320680830F5F78AFFD8B120685C
:108D90000C30F7F753F9B0B120681030F7F74EF9FF
:108DA00088B1EDB1206800236A4629460C30F7F7F8
:108DB000E9F860B140F29113984214D00A2818BF24
:108DC000012011B030BDF8F77FFC40F6360011B03D
:108DD00030BD40F6360011B030BD40F63600704769
:108DE0000B2011B030BD40F63700F0E7002848D026
:108DF000F8B50C4600293CD005460868002838D054
:108E000017461E46F5F74CFFB0B320680430F5F75F
:108E100047FF88B320680830F5F742FF60B3206849
:108E20000C30F7F70BF938B320681030F7F706F974
:108E300010B32168284601F5E272F8F757F9B8B97E
:108E40002168284601F5E4720431F8F74FF978B942
:108E50002168284601F5E6720831F8F747F938B974
:108E60002168284601F5E8720C31F7F7EFFD58B19B
:108E7000F8BD40F63600F8BDF8F726FC40F636009F
:108E8000F8BD4FF4617070472168284601F5EA7219
:108E90001031F7F7DBFD0028EAD11FB12368D3F8C2
:108EA000C4313B60002EE3D02368D3F8D031336067
:108EB000F8BD00BF002850D02DE9F8430C4600292A
:108EC0003ED00546086800283AD016461F46F5F7FA
:108ED000E7FE002838D020680430F5F7E1FE0028CE
:108EE00032D020680830F5F7DBFE68B320680C301C
:108EF000F7F7A4F840B320681030F7F79FF818B3DD
:108F0000DDE90932002A18BF002B089B0CBF0121A4
:108F10000021002B08BF41F00101002F08BF41F0E4
:108F20000101B9B9B6B123686C68D3E974218A42EA
:108F3000104638BF0846844212D80120BDE8F883A5
:108F400040F63600BDE8F883F8F7BEFB40F6360081
:108F5000BDE8F8830B20BDE8F8834FF461707047DB
:108F6000D3E9718ED3F8CCC1F0454046EC6938BFE7
:108F70007046604538BF60468442DED9D5F8189007
:108F80002D6859F8280055F8214055F82250181A34
:108F900059F82C2003F10C0C59F82E10B0FA80F07F
:108FA000A5EB0C054009B5FA85F56D09357003F19F
:108FB0001005641B089DB4FA84F464093C701C1D00
:108FC00008332870091B0020D31A099AB1FA81F1DD
:108FD000B3FA83F349095B0911700A9A1370B1E778
:108FE000002839D070B50446006880B30E46154697
:108FF000F6F7DCFE30B320680430F6F7D7FE08B38E
:1090000020680830F6F7D2FEE0B120680C30F6F7A1
:109010004FFDB8B120681030F6F74AFD90B1CDB1E0
:10902000C6B12A4631462068F6F768FE48B10A28DC
:1090300007D040F2592240F6990390420CBF1846DF
:10904000012070BDF8F740FB40F6980070BD40F677
:10905000980070BD0B2070BD40F69800704700BFAF
:1090600090B370B50446006848B30E461546F6F74F
:109070009DFEF8B120680430F6F798FED0B1206864
:109080000830F6F793FEA8B120680C30F6F710FD13
:1090900080B120681030F6F70BFD58B195B18EB154
:1090A0002A4631462068F6F769FE10B1022818BF3B
:1090B000012070BDF8F708FB40F6980070BD40F63F
:1090C000980070BD0B2070BD40F69800704700BF3F
:1090D00000283AD070B50446006888B30E4615469D
:1090E000F6F764FE38B320680430F6F75FFE10B37D
:1090F00020680830F6F75AFEE8B120680C30F6F721
:10910000D7FCC0B120681030F6F7D2FC98B1D5B1C9
:10911000CEB120682A4631460830F6F7EFFD48B157
:109120000A2807D040F2592240F6990390420CBF1A
:109130001846012070BDF8F7C7FA40F6980070BDD8
:1091400040F6980070BD0B2070BD40F69800704747
:1091500000283AD070B50446006888B30E4615461C
:10916000F6F724FE38B320680430F6F71FFE10B37C
:1091700020680830F6F71AFEE8B120680C30F6F7E0
:1091800097FCC0B120681030F6F792FC98B1D5B1C9
:10919000CEB120682A4631460430F6F7AFFD48B11B
:1091A0000A2807D040F2592240F6990390420CBF9A
:1091B0001846012070BDF8F787FA40F6980070BD98
:1091C00040F6980070BD0B2070BD40F698007047C7
:1091D00098B370B50446006850B30E461546F6F7CE
:1091E000E5FD00B320680430F6F7E0FDD8B1206853
:1091F0000830F6F7DBFDB0B120680C30F6F758FC0C
:1092000088B120681030F6F753FC60B19DB196B17B
:1092100020682A4631460430F6F7B0FD10B1022826
:1092200018BF012070BDF8F74FFA40F6980070BDE6
:1092300040F6980070BD0B2070BD40F69800704756
:1092400000284DD070B50C4659B10546086840B1AC
:109250001646F6F7ABFD20B120680430F6F7A6FD00
:1092600010B940F6980070BD20680830F6F79EFDF2
:109270000028F6D020680C30F6F732FC0028F0D039
:1092800020681030F6F72CFC0028EAD02168284628
:1092900001F5EE72F7F756FF0028E4D12168284661
:1092A00001F5F0720431F7F74DFF0028DBD121689A
:1092B000284601F5F2720831F7F744FF0028D2D1B1
:1092C0002168284601F5F4721431F7F7DFFE002813
:1092D000C9D1002EC7D02368D3F8DC31336070BD0C
:1092E0004FF46170704700BF002867D02DE9F0414E
:1092F0000C4661B10546086848B116469846F6F72F
:1093000055FD20B120680430F6F750FD18B940F63D
:109310009800BDE8F08120680830F6F747FD002886
:10932000F5D020680C30F6F7DBFB0028EFD0206882
:109330001030F6F7D5FB0028E9D0DDE90623002A36
:1093400018BF002B0CBF01210021B8F1000F08BF8E
:1093500041F00101A9BBA6B3216800202C69D1F816
:10936000E8212F6A54F82220D1F8DC41D1F8E0310D
:1093700057F8244057F82350641AD1F8E431B4FA6E
:1093800084F457F82330640934700C1D2C1BB4FA94
:1093900084F4640988F8004001F108041B1B069C52
:1093A000B3FA83F35B09237001F11403D31A079A0C
:1093B000B3FA83F35B091370BDE8F0814FF4617079
:1093C00070470B20BDE8F0810220704703207047F2
:1093D000042070470620704705207047C2B2062A55
:1093E00010D804290ED800EB800210B45318064C94
:1093F00054F8233013B15DF8044B184700205DF892
:10940000044B704700207047F0ED010810B5074C81
:10941000864684460FCCACE80F000FCCACE80F00BA
:1094200023687046CCF8003010BD00BF7CEE010808
:10943000D0B18446D0F8090000B587B0DCF80D1033
:10944000DCF81120DCF815300DF1080EAEE80F0045
:10945000DCF804000CF1400202A91030FFF7CAFB4F
:1094600020B907B05DF804FB0B2070470190F8F7B6
:109470002BF9019807B05DF804FB00BF60B1836869
:1094800043B11968002281601A72C1681A629A8415
:109490001960C360184670470346FBE780B179B195
:1094A000C36899420DD02BB11A68914203D013467C
:1094B000002BF9D170470A681A6083680B608160DD
:1094C00070470B68C360F8E738B581B178B1C468FC
:1094D0000D4614B909E024683CB104F109001022DA
:1094E000294602F099FE0028F5D1204638BD002417
:1094F000204638BD40B1C06810B905E0006818B119
:1095000090F908308B42F9D1704700BF40B1C06874
:1095100010B905E0006818B190F90830032BF9DDA7
:10952000704700BF70B1C06860B110B401E000685E
:1095300028B1D0E90A41994208BF9442F7D15DF8B9
:10954000044B7047704700BF70B1C06860B110B481
:1095500001E0006828B1D0E91041994208BF944267
:10956000F7D15DF8044B7047704700BF70B1C06819
:1095700060B110B401E0006828B1D0E91641994209
:1095800008BF9442F7D15DF8044B7047704700BFA5
:1095900040B1C06810B905E0006818B190F82030FB
:1095A000002BF9D0704700BF40B1C06810B905E08A
:1095B000006818B190F82330002BF9D0704700BF35
:1095C00098B100220B4600F1280110B5446886B01E
:1095D00004F110000592CDE9032203AA8DF80C30A6
:1095E000FFF73EFD18B906B010BD0B207047019083
:1095F000F8F76AF8019806B010BD00BF000000003F
:1096000010B310B590B0044606A8FFF7FFFE002384
:10961000D4F80900EC46D4F80D10D4F811208DF8D8
:109620001830D4F81530CDF81CD0ACE80F009FED01
:10963000087B606806AA04F1580110308DED087BA4
:10964000FFF7C6FD10B010BD0B207047AFF30080D0
:10965000010000000100000082B030B58BB00EACFC
:1096600084E80C0088B1044601A80D46FFF7CEFE41
:1096700001AA0EA904F110008DF80450FFF7A8FD0F
:109680000BB0BDE8304002B070470B200BB0BDE816
:10969000304002B0704700BF0B280DDC002809DB0A
:1096A0000B2807D8DFE800F00706060706060606BF
:1096B0000606070701207047CB2818BF0120704716
:1096C00030B5002383B00093D0B1044669461548F5
:1096D000F7F7CAFF024610B1012003B030BD009B6E
:1096E0008BB118780028F8D001A91846019201F032
:1096F000CBFE054650B1431C0DD000202560ECE7A1
:109700000B2003B030BD184603B030BD019B1B7861
:10971000002BF2D0E0E702F097FE0368222BECD199
:10972000DAE700BFA0EE01082DE9F04F8DB09846B2
:109730001B9B0792002B18BFB8F1000F0CBF012331
:109740000023002A08BF43F00103002908BF43F0AB
:109750000103002B3DD1B0FA80F2044652090028E3
:1097600037D00F460BA900F051FA054668BB0B9B9A
:10977000002B37D102460BA93846FAF7B9FA68BB75
:109780000B9B002B33D12A460BA90798FAF792FAC4
:1097900020BB0B9D002D40F0A2807B21204602F0D3
:1097A0006DFD2378814620BB2F2B22D119AB93E886
:1097B000030016AB8DE8030020460ECBF8F7EAF85D
:1097C00000281B9B08BF0A25186028460DB0BDE87D
:1097D000F08F0B2528460DB0BDE8F08FFFF75CFF3A
:1097E0000546F2E7672528460DB0BDE8F08FC9258C
:1097F000EBE77E2B75D0B9F1000F00F0C28000239B
:10980000A2461E46089555460994B2464C46DDF8D8
:109810001CB0002C00F0AE807D21284602F02EFD09
:10982000A0EB04092146694809F10106324602F01D
:1098300032FD002851D032462146654802F02BFD0A
:1098400028B132462146634802F025FD38BBD9468F
:1098500018AB93E8070016AB8DE8070020463146A9
:109860000CCBF8F7B9F80446002800F0A3804A466C
:10987000284616AB2146F7F78DFF1A990546179B28
:10988000204698475046179B1A999847002D6CD050
:109890007B21284602F0F2FCAA460446B9E709F10A
:1098A000FF32611C4046F8F7AFF981460028CFD15E
:1098B0001B9B18AA6925186016AB07CA8DE807001C
:1098C000314620460CCBF8F787F81A99179B984732
:1098D000179B1A995046984777E7B946B8E7CA25C3
:1098E00073E7079E3046E6F75BFD3B4A3B4B03962A
:1098F000012818BF1346049702931A9B0093631C18
:1099000005934FF40063019316AB0FCBF7F708FFF5
:10991000064650B3B9F1000F05D07B21B24602F0E4
:10992000ADFC81466EE733782F2B1BD0079C204679
:10993000E6F736FD4FF40063294A01931A9B04961B
:109940000093284B0394012818BF1346029316ABCB
:109950000FCBF7F7E5FE0346179A30461A991E46D5
:10996000904716B11B9B1E602FE700231B9A0A2508
:1099700013602AE753465646DDE90854002BD2D13E
:1099800023782F2B1ED0079E3046E6F709FD1A9A42
:109990004FF4006303960494CDE90023104A114B61
:1099A000012818BF1346029316AB0FCBF7F7B8FE8A
:1099B0000646D6E7DDE91A125046179B14600A25C1
:1099C000984702E700231E46CCE700BFB8EE010827
:1099D000C0EE0108C8EE0108B0EE0108A8E70108D2
:1099E00050E5010848E5010800280CBF0B200020C5
:1099F000704700BF034A034692E8030083E8030070
:109A000018467047D4EE010882B0F0B587B004461E
:109A10000D460DF1300E0DF1040CCEE90023BEE829
:109A20000F00ACE80F00DEF8003001A8CCF80030E1
:109A3000F7F768FD54B380F00103DBB233BB66680F
:109A4000EEB91DB32846F5F781F908B3019B1C2038
:109A5000059998470746606010B32868283000F0E1
:109A6000CFFA386060680768A7B1012301AC00F144
:109A7000080703710FCC0FC723683B6000E0642622
:109A8000304607B0BDE8F04002B070470B26F7E75C
:109A90006526F5E7029B0126059998476760EFE781
:109AA0000A26EDE782B02DE9F04186B004460E4665
:109AB00015460DF1300C0DF1040E4CF8043FBCE8D6
:109AC0000F00AEE80F00DCF8003001A8CEF800303F
:109AD000F7F718FD80F00103DBB23BBB34B3D4F8D9
:109AE0000480B8F1000F1AD105B32846F5F72EF916
:109AF000F0B1019B1C20059998470746606020B390
:109B0000C6B1066080F8048001AC07F1080C00259E
:109B10000FCCACE80F002368CCF8003000E06425DF
:109B2000284606B0BDE8F04102B070470B25F7E7C4
:109B30006525F5E72868283000F062FA3860676824
:109B40003E6826B101233B71DEE70A25E8E7029B68
:109B500038460599012598476660E1E770B582B0FF
:109B6000F0B14368044663B11868DE68996960B172
:109B70001D7965B91846B04700232846636002B0D6
:109B800070BD1D46284602B070BD0546F2E7019142
:109B900000F04CFA051E6368019918BF0125E9E73A
:109BA0000B25284602B070BDF0B587B006460B4CB9
:109BB0006846F7F799FCEE46A44625463446BEE8CB
:109BC0000F00ACE80F000FCDDEF800700FC4304678
:109BD000CCF80070276007B0F0BD00BF5CFB01242B
:109BE00048B108B5436843B1186800F0A5FA0038D9
:109BF00018BF012008BD0B2070470B2008BD00BF17
:109C000010B1406800B10068704700BF002800F044
:109C100089802DE9F0470E46002900F08580044632
:109C20001746E6F7BDFBB0B194F800E0DFF860C17D
:109C30001CF80E3013F0040339D100F1FF3814F88A
:109C400008202F2A0FD102223260A7B31846C7F886
:109C50000080BDE8F0870123336067B30023184616
:109C60003B60BDE8F08704F1FF3A1D4619461AF83B
:109C7000012FA2F13009B9F1090F1FD922F02009F3
:109C8000A9F14109B9F1190F18D95F2A24D02F2A57
:109C900058D07E2A4AD07B2A5BD07D2A69D1002DFC
:109CA0005CD10523336037B100203960D9E7042344
:109CB0003360002FD2D10020BDE8F0871CF80220CD
:109CC000520709D500290CBF002205F001021AB184
:109CD0004D1E9D4231D0154601318842C7D1002D1D
:109CE00042D1284601230CE0BEF17E0F01D10128AC
:109CF00047D05A1C8B4200F1010004F101041346C5
:109D00002ED28045F5D022782F2AEDD162781CF82A
:109D100002205207EDD504223260002FCBD0002064
:109D20003B609EE70B2070470B209AE70029D3D0B9
:109D300006233360002FB7D1BDE709233360002F1E
:109D4000B2D1B8E7002DC7D008233360002FABD1C4
:109D5000B1E7002DF8D10B460125BDE70025BBE793
:109D60000023184633607CE705223260002FD6D1ED
:109D7000A1E7002D14BF082303233360002F93D1E4
:109D800099E707233360002F95D00123C7E700BF71
:109D9000B9EF010828B370B504464068E0B104F19A
:109DA0000800F7F7AFFBC0B12368C3B100256068B6
:109DB0002E4650F82500E368A1699847D4E90030A1
:109DC00040F8256001359D42F3D3E368A1699847C7
:109DD00000231846C4E9003370BD0B2070BD6068D5
:109DE000F3E70B20704700BF82B002B0704700BF9E
:109DF000234A2DE9F041126894B01A9EBDF86C50C8
:109E000013911293C2B3BDF84C109DF84E0001E0BF
:109E100052688AB39468A38A8B42F9D1A37D8342A6
:109E2000F6D1482204F13001684602F042FB04F109
:109E3000280320460CCBF9F72DFC0746E0B1D0F8FB
:109E400008802A46304608F1100100F08BFA30B93C
:109E500039460C4814B0BDE8F04100F0BDB8C8F870
:109E60001448C8F8105800F077F908F50262052385
:109E700042E9020188F8203814B0BDE8F08100BF43
:109E800028FB012418FB012424482DE9F041006837
:109E900094B01A9EBDF86C70139100283BD01D46FB
:109EA00001E04068B8B38468218B9142F9D148221F
:109EB00004F12801684602F0FCFA04F12003204670
:109EC0000CCBF9F7E7FB804628B33046D8F808609A
:109ED0003A4606F1100100F045FA30B94146104803
:109EE00014B0BDE8F04100F077B80FCD06F6280CAD
:109EF000C6F81448C6F81078ACE80F0095E80300DF
:109F00008CE8030000F028F906F50262032342E919
:109F1000020186F8203814B0BDE8F081F8FA012477
:109F200018FB012422482DE9F041006894B01A9EE4
:109F3000BDF86C701391B8B31D4601E0406898B34A
:109F40008468218B9142F9D1482204F128016846A6
:109F500002F0AFFA04F1200320460CCBF9F79AFB8C
:109F6000804608B33046D8F808603A4606F110013A
:109F700000F0F8F930B941460E4814B0BDE8F041A0
:109F800000F02AB80022C6F81448C6F81078C6F8BF
:109F90002C28C6F8285800F0DFF806F502620423E2
:109FA00042E9020186F8203814B0BDE8F08100BF14
:109FB00068A4012418FB01240346406858B1426894
:109FC0005A600AB1002111601A68426002B1106043
:109FD00000220260186070470B680BB14A685A6033
:109FE0004A6802B1136003688B42436808BF02608D
:109FF0004B6003B1196000230B604160704700BFE4
:10A0000038B505460848FFF7D7FF034648B18468CE
:10A010000023E5612374F7F73BFF04F11403C4E95F
:10A020000504184638BD00BFB8FA012408B5084B2E
:10A03000196811B90AE0496841B18B681433984234
:10A04000F9D10348FFF7C8FF002008BD012008BD73
:10A05000B8FA01242DE9F041054684B022480F46A4
:10A060001646FFF7A9FF0446002839D02B690221C4
:10A07000846803F58053DFF87880B3F89605421CB6
:10A08000C4E90565A3F89625FBF7F2F93C222061A7
:10A0900041463846F9F760FCF0B1144F304664226F
:10A0A0003946F9F72BFCB8B1286906216B69D0F85D
:10A0B000842300F52870CDF80080CDE90171116886
:10A0C0002269FAF793FF02462869D0F88C33D0F85A
:10A0D0008413F9F7DFFB18B920460024F9F7CEFA0C
:10A0E000204604B0BDE8F08138FB0124ACFB01241C
:10A0F00070FB012438B58569DDB104462869D0F8C4
:10A10000883300F5287022691968FAF7F1FE0246D3
:10A110002869D0F88813D0F89033F9F7BBFB0346D1
:10A120002046002B14BF00240224F9F7A7FA20468A
:10A1300038BD0124204638BD60B110B50446006822
:10A14000F9F722FC08B9012010BD63680122002044
:10A150001A7410BD01207047054B1B6823B1986825
:10A1600000F52870FBF700BD00200021704700BFFC
:10A1700008FB01242DE9F041056804460E462846F7
:10A18000E6F7AEF8C8B1114B1B689D4212D1D4F866
:10A190000480D8F800406CB1D8F808500027043D7E
:10A1A000314655F8040FE6F79BF8BB0040B1013784
:10A1B000BC42F5D10020BDE8F0812046BDE8F08129
:10A1C000D8F81020BDE8F041D3581847B800002453
:10A1D0002DE9F04119461F4605469046FAF7C0FDA5
:10A1E000E0B93E460BE04144A8682246361B02F027
:10A1F00060F9AB68286923442044AB60286131468C
:10A2000001222846FAF736FEB91B04460028EAD197
:10A210000123A87D6B755840BDE8F0813A46414660
:10A22000A86802F046F9AA682B693A443B44AA6040
:10A230002B61EDE72DE9F04119461F460546904692
:10A24000FAF78EFDE8B93E460CE008EB0300A9687A
:10A250002246361B02F02DF9AB68286923442044BE
:10A26000AB602861314601222846FAF703FEBB1B8A
:10A2700004460028E9D10123A87D6B755840BDE84C
:10A28000F0813A46A968404602F013F9AA682B69A2
:10A290003A443B44AA602B61EDE700BF2DE9F04151
:10A2A0008846114617460546FAF75AFDE0B93E467C
:10A2B0000BE04144A8682246361B02F0FAF8AB686E
:10A2C000286923442044AB60286131460122284696
:10A2D000FAF7D0FDB91B04460028EAD10123A87D76
:10A2E0006B755840BDE8F0813A464146A86802F0D7
:10A2F000E0F8AA682B693A443B44AA602B61EDE779
:10A300002DE9F04119461F4605469046FAF728FD0B
:10A31000E0B93E460BE04144A8682246361B02F0F5
:10A32000C8F8AB68286923442044AB6028613146F3
:10A3300001222846FAF79EFDB91B04460028EAD1FF
:10A340000123A87D6B755840BDE8F0813A4641462F
:10A35000A86802F0AEF8AA682B693A443B44AA60A8
:10A360002B61EDE72DE9F041884611461746054679
:10A37000FAF7F6FCE8B93E460CE008EB0300A968E2
:10A380002246361B02F095F8AB6828692344204426
:10A39000AB602861314601222846FAF76BFDBB1BF2
:10A3A00004460028E9D10123A87D6B755840BDE81B
:10A3B000F0813A46A968404602F07BF8AA682B690A
:10A3C0003A443B44AA602B61EDE700BF2DE9F04120
:10A3D00019461F4605469046FAF7C2FCE8B93E46C4
:10A3E0000CE008EB0300A9682246361B02F061F876
:10A3F000AB68286923442044AB60286131460122C0
:10A400002846FAF737FDBB1B04460028E9D1012393
:10A41000A87D6B755840BDE8F0813A46A968404672
:10A4200002F047F8AA682B693A443B44AA602B61C2
:10A43000EDE700BF70B515460E46017D0446F9F7FD
:10A44000E5FF0DB9012070BD2B463246217D204627
:10A45000BDE87040FFF7BCBE2DE9F0411D46164631
:10A460000F461A46017D0446FAF7F8F82B689E421B
:10A4700001D20122A27513B90120BDE8F0813A464C
:10A48000217D2046BDE8F041FFF7D4BE70B51546EA
:10A490000E46017D0446F9F7B9FF0DB9012070BDE4
:10A4A0002B463246217D2046BDE87040FFF728BF8D
:10A4B0002DE9F0411D4616460F461A46017D044619
:10A4C000FAF7CCF82B689E4201D20122A27513B98B
:10A4D0000120BDE8F0813A46217D2046BDE8F041EB
:10A4E000FFF774BF10B582B0044608460191E5F746
:10A4F00057FF024601992046013202B0BDE81040E4
:10A50000FFF798BF00B583B001ABFFF7A5FF03B01D
:10A510005DF804FB4FF6FF73038070474FF6FF733F
:10A520000380704738B5044600880D4600F044FDAE
:10A530000346C00F002BB8BF258038BD70B50C4650
:10A54000054608892B68267DD1E90012B2FBF0F29E
:10A55000A3EB010CBCFBF2FC0CF1010C1FFA8CF319
:10A56000B3FBF0FC00FB1C339BB202FB03F3181D92
:10A57000084450F8042C16B1002640F8046C032A55
:10A5800001D8012070BD08332846043A19442B69CC
:10A59000FAF732FC284622460249FAF709FC002065
:10A5A00070BD00BF3DA5010810B5C0E90012002430
:10A5B000029A038102610475C3B10C60018901290B
:10A5C00014D94FF0010C43680CF1010EBCFBF1F201
:10A5D000B3FBF1F301FB12C21FFA8EFC92B202FB35
:10A5E00003F30268D45001896145ECD84FF0FF3382
:10A5F000C36010BD0189D9B110B54FF0000EF4460B
:10A60000744643680EF1010EBCFBF1F2B3FBF1F3AB
:10A6100001FB12C21FFA8EFC92B202FB03F3026826
:10A62000D45001896145ECD84FF0FF33C36010BDB1
:10A630004FF0FF33C36070472DE9F84304460D46E1
:10A64000018917468089984600F0AEFC29460646E7
:10A65000A08900F0B1FC00280ADB00262946E08929
:10A6600000F0AAFC002800DAE5813046BDE8F88356
:10A670003046294600F0A0FC0028EEDB236938466E
:10A68000984781460121A08900F08EFCB9F1000FA6
:10A6900008BF85420CBF0126002604D10023089A7A
:10A6A000A0811370DAE722896368B5FBF2F0B3FB8F
:10A6B000F2F302FB105080B203FB00F02368043079
:10A6C000184450F8043C002BC7D13946424601F0EB
:10A6D000F0FE21896368B5FBF1F2B3FBF1F301FBF6
:10A6E000125292B202FB03F3226842F80380012364
:10A6F000089A1370B9F1000FAFD0A6890121304636
:10A7000000F052FC218963680646B0FBF1F2B3FB0E
:10A71000F1F301FB1202206892B202FB03F304334F
:10A72000184450F8043C002B97D02369984702281E
:10A7300002D00128E2D090E701268FE72DE9F0470B
:10A7400004460F4680890121904600F02DFC2289A5
:10A750006668B0FBF2F3B6FBF2F602FB13039BB2A2
:10A7600003FB06F6236804361E4456F8049CB9F130
:10A77000000F23D00546236930469847824600B330
:10A78000B4F80CA00121504600F00EFC218982464D
:10A7900063682068BAFBF1F2B3FBF1F301FB12A28C
:10A7A00092B202FB03F30433184450F8043C2BB17B
:10A7B0002369984702281BD00128E3D00020BDE878
:10A7C000F0874A4631463846FAF71EFB218963680E
:10A7D0000120B5FBF1F2B3FBF1F301FB125292B28F
:10A7E00002FB03F3226842F803A0A581BDE8F087CD
:10A7F000208906EB08016368A9EB0802B5FBF0F6B7
:10A80000B3FBF0F300FB16550020ADB203FB05F5DA
:10A81000236858513846FAF7F7FA38462246034972
:10A82000FAF7C6FA0120A4F80CA0C8E73DA5010874
:10A8300038B511460446C089154600F0BDFB002816
:10A84000B8BFE58138BD00BF2DE9F8430389044650
:10A850000F468589DBB12846012604E0664506F1EE
:10A86000010614D2A089B1B200F09EFBB4F808C072
:10A87000B0FBFCF2D4E900130CFB1202B3FBFCF3B7
:10A8800092B202FB03F3CB58002BE7D105463D8083
:10A890000121E689284600F08BFB0146304600F096
:10A8A00087FB064628B34FF000094FF001084D46DC
:10A8B0001FFA89F1388800F077FBB4F808C06168A6
:10A8C00008FA09FE226809F101094EEA050EB0FBFB
:10A8D000FCF3B1FBFCF103FB1C0083B201FB03F3AF
:10A8E000D3580BB91FFA8EF54E45E1D12846BDE885
:10A8F000F88305462846BDE8F88300BF4FF6FF7C85
:10A9000001600373A0F80EC0C0E90132704700BFB8
:10A910004FF6FF72037BC28143607047F0B5044677
:10A9200083B040680D461646FCF7C4FE63681844C1
:10A93000A368421993422CBF0127002702D2384650
:10A9400003B0F0BD0090002330462168FAF74AFAC0
:10A95000616838462944616003B0F0BD2DE9F041DB
:10A9600004461D464068237B98428CBF0126002682
:10A9700002D83046BDE8F0818846E08901211746BB
:10A9800000F012FB2368E08128803046C8F80030D0
:10A9900063683B60237B6360BDE8F081F8B5B1F884
:10A9A00008C00C4603680546267BD1E90012B2FBBD
:10A9B000FCF2A3EB010E0369BEFBF2FE0EF1010EE9
:10A9C0001FFA8EFEBEFBFCF70CFB17EC1FFA8CFC8B
:10A9D00002FB0CFC51F80C20B444921B0CF1080C47
:10A9E000043A6144FAF708FA284622460249FAF77F
:10A9F000DFF90020F8BD00BF9DA9010830B59DF822
:10AA00000C4003810473C0E90012E3B10C60B0F89C
:10AA100008C0BCF1010F16D94FF0010E43680EF1CA
:10AA20000105047B0168BEFBFCF2B3FBFCF30CFBED
:10AA300012E21FFA85FE92B202FB03F3CC50B0F88B
:10AA400008C0F445EAD8074B4FF6FF724FF0FF34C9
:10AA50006FF00045C0F80E30002342820384C0E945
:10AA6000064530BD0000FFFF018910B5B1B14FF0C0
:10AA7000000EF44643680EF1010E047BBCFBF1F2BC
:10AA8000B3FBF1F301FB12C21FFA8EFC92B202FB80
:10AA900003F30268D45001896145EBD8084B4FF6A7
:10AAA000FF729FED057BC0F80E30002342820384C5
:10AAB00080ED067B10BD00BFFFFFFFFFFFFFFF7FA4
:10AAC0000000FFFF2DE9F04F044691B000898B464E
:10AAD000E68904926568236894F80C90B6FBF0F25E
:10AAE000B5FBF0F500FB12622F1F92B205FB02329C
:10AAF000111DD2F800800391002800F04A814FF028
:10AB0000000CE24661460CF1010CB1FBF0F200FBD7
:10AB100012121FFA8CF192B205FB02F29A584A45C2
:10AB200003D10AF1010A1FFA8AFA8142EBD34046A7
:10AB30000421CDF814A0FAF76BF9804408EB0B025E
:10AB4000BA4240F2CA80227B5A44BA4240F2B280F2
:10AB50004FF6FC72BBB2A2EB09021A4492B20AFB96
:10AB600002F90592D9450692C0F0B38008F10402BB
:10AB7000BA4280F0DA80A3F10409059BA9EB080929
:10AB80001FFA89F9ABEB090BBBFBF3F203FB12B322
:10AB9000002B40F0C48093B2534500F29A80002B02
:10ABA00000F0F980CDF81C804FF0000ADDF8148029
:10ABB0000DF1200B05951D4600E0C146228958463F
:10ABC00063680AF1010AB6FBF2F1B3FBF2F302FB90
:10ABD00011613A4689B203FB01F12368043119443B
:10ABE000002351F804CCCDF800C0FAF7FBF84A4630
:10ABF00000230D215846FCF71DFD2189636830466E
:10AC0000B6FBF1F2B3FBF1F301FB1262012192B248
:10AC100002FB03F32268D75000F0C6F906461FFA7C
:10AC20008AF39D42C9D8DDF81C80059D20893A46EB
:10AC30006368B6FBF0F1B3FBF0F300FB116158461B
:10AC400089B201FB03F3216804331944002351F84E
:10AC5000047C0097FAF7C6F8069F58460223BAB25A
:10AC60000D21FCF7E7FC08F10401039BA5F10802A4
:10AC700025890B44A2EB0802B6FBF5F01946636880
:10AC800005FB1060B3FBF5F380B2256800FB03F30E
:10AC9000207B04303844E850049D2846FAF7B4F885
:10ACA000284622463D49FAF783F80120E68111B093
:10ACB000BDE8F08F0121E08900F076F90546218991
:10ACC000608A00F071F90146284600F075F9002805
:10ACD00044DD002011B0BDE8F08F2189608A059223
:10ACE00000F062F90146304600F066F90028059A46
:10ACF000EFDC2589D4E90073B6FBF5F4B3FBF5F37B
:10AD000005FB1464A4B204FB03F3DDE90310FA505D
:10AD10000023CDF80080FAF765F80120DAE7013268
:10AD2000069393B25345D4D839E7304601210793AF
:10AD300000F03AF9064620896268B6FBF0F1B2FBF2
:10AD4000F0F200FB116189B201FB02F221680432CA
:10AD50008B1853F8048C0393079B0CE721896368D5
:10AD60000498B5FBF1F2B3FBF1F301FB1252216839
:10AD700092B202FB03F3227B04335A44194441F894
:10AD8000042C237B00930023FAF72CF80120E581A3
:10AD9000A0E78246CBE60DF1200B47E79DA901080D
:10ADA000F8B504461D460F46008A0121164600F0FC
:10ADB000FBF8288022896368B0FBF2F1B3FBF2F361
:10ADC00002FB110CE1891FFA8CFC0CFB03FC2368CD
:10ADD0000CF1040C63443B6023689C445CF8043C25
:10ADE000336000F0E9F8002801DD0020F8BD237B86
:10ADF00032689A42F9D9618A208A00F0D9F8238909
:10AE00008342F2D02888E3892082984201D0012031
:10AE1000F8BD012100F0C8F803460120E381F8BD28
:10AE200070B5018A0446408A15461E4600F0C4F8F3
:10AE3000002807DB4FF0FF326FF000430020C4E929
:10AE4000062370BD94F8200040B9012384F8203017
:10AE5000643546F10006C4E9065670BDD4E9062300
:10AE6000954276EB030304DB431C012084F8203079
:10AE7000EEE70020ECE700BF408A70472DE9F04183
:10AE800090F8217097B180460D4616461C461888EA
:10AE9000012100F089F82080B8F8101000F08CF83B
:10AEA000002806DD00231F4688F821303846BDE81B
:10AEB000F081B8F808202088D8F80410B0FBF2F32D
:10AEC000B1FBF2FC02FB13039BB203FB0CFCD8F8B2
:10AED00000300CF1040C63442B60D8F8003063445C
:10AEE00053F8043C336098F80C209A42D0D0DDE748
:10AEF000F8B504460E461046012100F059F8618A63
:10AF000000F056F8C8B1054600270121608A00F01C
:10AF10004BF823896268013794F80CC02168BD4260
:10AF20006082B0FBF3FEB2FBF3F203FB1E039BB2A5
:10AF300002FB03F341F803C0E7D1003E4FF00003EA
:10AF400018BF012684F8203084F82160F8BD00BFC6
:10AF5000018A408A08B500F02FF8B0FA80F0400965
:10AF600008BD00BF0189E1B143684FF0000C30B566
:10AF7000B3FBF1FE05686246047B60460CF1010CF0
:10AF8000B2FBF1F301FB13231FFA8CF29BB20EFB11
:10AF900003F3EB589C4201D1013080B28A42EDD3D9
:10AFA00030BD0846704700BF084480B2704700BFFC
:10AFB000401A80B2704700BF884211D009D388423E
:10AFC00010D9401AB0F5004FD4BF01204FF0FF3028
:10AFD00070470B1AB3F5004FF1DA4FF0FF307047AE
:10AFE00000207047012070471FB514461A46094BD0
:10AFF0001B680546D86854B9074B1C46CDE9013497
:10B0000000912B46054900F023FF01F060FA044B44
:10B01000F4E700BFC800002448EF01081AEF010858
:10B020000DEF0108024B0A460146186800F002B80D
:10B03000C800002470B5A1FB02543CB9294600F0B9
:10B0400087F8064628B90026304670BD0C220260FB
:10B05000F9E72A46214601F009F9F5E707B5044B5F
:10B06000014601AA186800F005F803B05DF804FB7A
:10B07000C80000242DE9F84FDFF86CA00646894689
:10B08000174602F00BF8DAF8004034B14B46984608
:10B0900013F8012B3AB13D2AF9D1304602F004F8F9
:10B0A0000020BDE8F88FA8EB0908A34654F8040B6C
:10B0B0000028F2D04246494601F0EDF80028F4D1CC
:10B0C00054F8043C03EB080513F808303D2BECD191
:10B0D000DAF80030ABEB03039B1030463B6001F025
:10B0E000E3FF681CDDE700BF04000024024B0146BB
:10B0F000186800F02DB800BFC8000024024B0146BC
:10B10000186801F0D7BF00BFC800002470B50F4E0B
:10B110000C463168054611B901F074F930602146DA
:10B12000284601F06FF9431C03D14FF0FF3420464D
:10B1300070BDC41C24F00304A042F8D0211A284694
:10B1400001F060F90130F2D1EFE700BF10FC0124FB
:10B150002DE9F843CD1C25F0030508350C2D38BF2B
:10B160000C25002D064601DBA94204D90C233360CF
:10B170000020BDE8F883DFF8D48000F069F8D8F843
:10B1800000301C4644BB29463046FFF7BFFF431C36
:10B19000044658D1D8F800402746002F43D1002C50
:10B1A0004BD023683946304604EB030901F02AF9F5
:10B1B000814542D121686D1A29463046FFF7A6FF26
:10B1C00001303AD023682B442360D8F800305A6805
:10B1D00062BBC8F800700FE02268521B20D40B2A13
:10B1E00017D96119A342256018BF5960636808BF69
:10B1F000C8F8001062514B60304600F02FF804F19F
:10B200000B00231D20F00700C21A1CBF1B1AA350FD
:10B21000AFE76268A3420CBFC8F800205A60EBE7B2
:10B2200023466468AEE73C467F68B6E71A465B682B
:10B23000A342FBD100235360DEE70C23336030468A
:10B2400000F00CF894E70560D6E700BF14FC012479
:10B25000014801F024B900BF59FD0124014801F063
:10B260001FB900BF59FD012438B5104B1D682B6B69
:10B270000446B3B91820FFF739FF0246286320B906
:10B280000B4B0C484621FFF7AFFE0B490B4BC0E9B7
:10B2900000130B4B83600B23838100210120C2E943
:10B2A00004012B6B00221C615A6138BDC8000024C8
:10B2B00049EF010860EF01080E33CDAB34126DE6A3
:10B2C000ECDE0500164B10B51C68236BB3B91820D3
:10B2D000FFF70CFF0246206320B9124B124852219F
:10B2E000FFF782FE1149124BC0E90013114B836036
:10B2F0000B23838100210120C2E90401216B0E4848
:10B300000B694C690D4A584302FB0400A3FB02324F
:10B31000013340EB0200C1E9043020F0004010BDD1
:10B32000C800002449EF010860EF01080E33CDABDF
:10B3300034126DE6ECDE05002DF451582D7F954C4E
:10B34000024B0A460146186800F002B8C800002403
:10B350002DE9F041804615460C4621B9BDE8F04183
:10B360001146FFF7F5BE2AB901F0A4FE00242046DD
:10B37000BDE8F08102F06AFA8542064602D8B5EBD4
:10B38000500FF4D829464046FFF7E2FE0746002852
:10B39000ECD0B5422A46214628BF324601F089F852
:10B3A0002146404601F086FE3C46E0E72DE9F043A9
:10B3B000344E86460D46284615F8014B375D17F08A
:10B3C0000807F8D12D2C2FD12C780127851C33F0BC
:10B3D000100009D1302C2CD1287800F0DF0058283B
:10B3E00027D16C78102302354FF0FF380026B8FBC8
:10B3F000F3F803FB08F96FEA09093046A4F1300CB1
:10B40000BCF1090F1CD86446A3422ADDB6F1FF3F08
:10B4100007D0804522D301D1A1451FDB00FB0340AB
:10B42000012615F8014BE9E72B2C04BF2C78851C6D
:10B43000CDE7002BD8D1302C0CBF08230A23D3E74B
:10B44000A4F1410CBCF1190F01D8373CDCE7A4F1A1
:10B45000610CBCF1190F04D8573CD5E74FF0FF360B
:10B46000DFE7731C06D12223CEF80030304632B914
:10B47000BDE8F08307B14042002AF9D006B1691E49
:10B480001160F5E7B9EF010813460A460146024884
:10B490000068FFF78BBF00BFC8000024F0B52DED9A
:10B4A000028BB0EE408B85B017460D9D0C9E18EEBA
:10B4B000902A25F02005002AB6BF2D220022B1EEE9
:10B4C000408B462D0C461A7004D0452D00D1013416
:10B4D000022100E0032103AB019302AB009322465B
:10B4E0003346B0EE480B01F083F8472D14D1FB072B
:10B4F0000AD50219B5EE408BF1EE10FA08BF03929F
:10B500003021039B934219D3039B0E9A1B1A13609D
:10B5100005B0BDEC028BF0BD462D00EB0402E9D175
:10B520000378302B07D1B5EE408BF1EE10FA1CBF3B
:10B53000C4F10104346033681A44DBE75C1C0394F3
:10B540001970DEE7F7B50029BABF49422D232B2336
:10B5500009290270437029DD0DF107031D460A27F2
:10B560001A46B1FBF7F607FB1614303402F8014C0B
:10B570000C46632C03F1FF333146F1DC3031941E6D
:10B5800003F8011C411C2346AB420AD30DF1090309
:10B590009B1AAC4288BF002302330344181A03B03D
:10B5A000F0BD13F8016B01F8016FEDE73023303186
:10B5B0008370C170031DF1E72DE9F04F8DB00C468B
:10B5C000DDF8588016461F46054600F08DFED0F87F
:10B5D00000B05846E4F7E4FE00230A93D8F80030A0
:10B5E00094F8189022680590073323F0070303F1BD
:10B5F0000801C8F8001093ED000B9FED976BB0EEBB
:10B60000C07BB4EE467BF1EE10FA84ED120B24DD24
:10B61000B5EEC00BF1EE10FA02D52D2384F84330BD
:10B620008F49904BB9F1470F94BF8846984622F056
:10B6300004020323236122604FF0000A009733467F
:10B640000BAA2146284600F0D1F9013040F089804C
:10B650004FF0FF300DB0BDE8F08FB4EE400BF1EECF
:10B6600010FA09D710EE903A002BBCBF2D2384F8B6
:10B6700043307D497D4BD5E76368591C09F0DF0AEB
:10B6800039D10623636042F4806200232260039371
:10B690000AABCDE9019309AB009361680DF1230377
:10B6A0002846FFF7FBFEBAF1470F0999804629D1DA
:10B6B000C81C02DB6368994241DDA9F102095FFA07
:10B6C00089F901394A4604F150000991FFF73AFF20
:10B6D0000A9A1318012A8246236102DC2268D207E3
:10B6E00001D5013323619DF82330002BA6D02D23F3
:10B6F00084F84330A2E7BAF1470FC4D1002BC2D17E
:10B700000123BFE7B9F1650FDBD9B9F1660F18D195
:10B71000002963680BDD216113B92268D00702D5C7
:10B7200001330B442361A1654FF0000ADBE713B935
:10B730002268D20701D50233F4E70123F2E74FF084
:10B7400067090A9B994205DB23682161D807EAD57E
:10B750004B1CE7E70029D4BFC1F1020201221344C8
:10B76000E0E723685A0507D4236942463146284654
:10B77000B84701302AD16BE7B9F1650F40F2E0809C
:10B7800094ED127BB5EE407BF1EE10FA33D1384ADE
:10B79000012331462846B84701303FF459AFDDE96F
:10B7A0000938434502DB2368D8070FD5059B5A4665
:10B7B00031462846B84701303FF44AAF4FF0000900
:10B7C00008F1FF3804F11A0AC84509DC23689B0711
:10B7D00000F10781E0680B9B9842B8BF184639E733
:10B7E0000123524631462846B84701303FF430AF76
:10B7F00009F10109E8E7099B002B3BDC1C4A012306
:10B8000031462846B84701303FF422AFDDE9093917
:10B8100059EA030302D12368D907D7D5059B5A46B5
:10B8200031462846B84701303FF412AF4FF0000AC6
:10B8300004F11A0B099B5B42534501DC4B4694E72C
:10B8400001235A4631462846B84701303FF400AF3D
:10B850000AF1010AEEE700BFFFFFFFFFFFFFEF7FE6
:10B86000B9F00108BDF00108C1F00108C5F00108F8
:10B87000C9F00108A36DDDF828A05345A8BF5346C1
:10B88000002B994637DC0023079329EAE97904F174
:10B890001A02A36D07990693A3EB09038B4231DCCF
:10B8A000099B9A453BDC2368DA0738D4099BAAEB4D
:10B8B0000309069BAAEB03039945A8BF9946B9F172
:10B8C000000F34DC4FF0000829EAE97904F11A0B83
:10B8D000099BAAEB0303A3EB090343457FF776AF6C
:10B8E00001235A4631462846B84701303FF4B0AEEE
:10B8F00008F10108ECE7424631462846B8470130D6
:10B90000C1D1A5E60123314628460692B847013049
:10B910003FF49EAE079B069A01330793B9E7059B58
:10B920005A4631462846B8470130BFD190E6069ABC
:10B930004B46424431462846B8470130C2D187E6DB
:10B94000DDF82890B9F1010F01DCDB0736D50123C2
:10B95000424631462846B84701303FF479AE059B50
:10B960005A4631462846B84701303FF471AE94ED4F
:10B97000127BB5EE407BF1EE10FA09F1FF3918D0D9
:10B980004B4608F1010231462846B84701300CD138
:10B990005EE601235A4631462846B84701303FF457
:10B9A00057AE08F10108C845F3DB534604F15002D5
:10B9B000DCE64FF0000804F11A0BF4E701234246DD
:10B9C000E1E701234A4631462846B84701303FF4B3
:10B9D0003FAE08F10108E3680B995B1A4345F0DCC0
:10B9E000F8E64FF0000804F11909F4E72DE9F047F3
:10B9F000164698468A680B69DDF820909342B8BFD6
:10BA00001346336091F8432007460C460AB10133D0
:10BA100033602368990642BF336802333360256878
:10BA200015F0060506D104F1190AE36832689B1A7D
:10BA3000AB4226DC94F843302268003B18BF012358
:10BA400092062BD404F1430241463846C8470130E0
:10BA50001ED02368226903F00603042B02BFE568A9
:10BA60003368ED1AA3680CBF25EAE57500259342FB
:10BA7000C4BF9B1AED1800261A34B5421AD1002013
:10BA800008E00123524641463846C847013003D1F9
:10BA90004FF0FF30BDE8F0870135C6E7E1185A1CCA
:10BAA000302081F84300224494F8451082F8431076
:10BAB0000233C7E70123224641463846C8470130D2
:10BAC000E6D00136D9E700002DE9FF470F7E0C9E36
:10BAD000782F914680460C469A4601F1430207D8DA
:10BAE000622F0AD8002F00F0D280582F00F0B980C2
:10BAF00004F1420684F842703AE0A7F16303152B83
:10BB0000F6D801A151F823F061BB010875BB01080B
:10BB1000F1BA0108F1BA0108F1BA0108F1BA010855
:10BB200075BB0108F1BA0108F1BA0108F1BA0108C0
:10BB3000F1BA010875BC01089FBB01082FBC0108C0
:10BB4000F1BA0108F1BA010897BC0108F1BA01087D
:10BB50009FBB0108F1BA0108F1BA010837BC01081E
:10BB600033681A1D1B68326004F1420684F84230C3
:10BB700001239DE033682068191D3160060601D558
:10BB80001D6803E04506FBD5B3F90050002D03DA2C
:10BB90002D236D4284F8433059480A2311E021686F
:10BBA0003368080653F8045B02D4490648BFADB2B7
:10BBB0006F2F5348336014BF0A230823002184F8F1
:10BBC00043106668A660002EA2BF216821F0040120
:10BBD00021600DB9002E4BD01646B5FBF3F103FBE7
:10BBE0001157C75D06F8017D2F46BB420D46F4D9BB
:10BBF000082B0BD12368DF0708D5236961689942B8
:10BC0000DEBF302306F8013C06F1FF36921B2261AD
:10BC1000CDF800A04B4603AA21464046FFF7E6FEBA
:10BC200001304AD14FF0FF3004B0BDE8F0872368FF
:10BC300043F0200323603348782784F84570236855
:10BC400031681F0651F8045B02D45F0648BFADB2ED
:10BC50003160D90744BF43F0200323601DB1102396
:10BC6000ACE72748E9E7236823F020032360F6E7E1
:10BC70001646BDE7336825686169181D30602E06D9
:10BC80001B6801D5196002E06806FBD51980002306
:10BC900023611646BCE733681A1D32601E6862686D
:10BCA00000213046E4F72CFB08B1801B606063681C
:10BCB0002361002384F84330AAE7236932464946CA
:10BCC0004046D0470130ADD023689B0713D4E068CD
:10BCD000039B9842B8BF1846A6E70123324649465F
:10BCE0004046D04701309DD00135E36803995B1A87
:10BCF000AB42F2DCEBE7002504F11906F5E700BFE3
:10BD0000CBF00108DCF00108002310B50446C0E9BF
:10BD10000033C0E90433836081814366C28183615B
:10BD2000194608225C3000F0A1FA0D4B63620D4BFE
:10BD3000A3620D4BE3620D4B23630D4B24629C42C7
:10BD400006D003F16802944202D0D0339C4205D160
:10BD500004F15800BDE8104000F0A0BB10BD00BFCA
:10BD6000F9BF01081BC0010853C0010877C00108D2
:10BD700018FC0124024A0349034800F07BB800BFC5
:10BD8000BC00002499DE0108CC00002441680C4B63
:10BD9000994210B5044601D002F07EF8A168094B23
:10BDA000994202D0204602F077F8E168064B9942AA
:10BDB00004D02046BDE8104002F06EB810BD00BFB0
:10BDC00018FC012480FC0124E8FC012410B50B4B75
:10BDD0000B4C0C4A1A60204600220421FFF794FF06
:10BDE00004F1680001220921FFF78EFF04F1D00061
:10BDF0000222BDE810401221FFF786BF50FD01244A
:10BE000018FC012475BD0108014800F048BB00BFC3
:10BE10005AFD0124014800F043BB00BF5AFD012434
:10BE200010B50446FFF7F0FF236A1BB1BDE81040D0
:10BE3000FFF7F0BF044B2362044B1B68002BF5D1C6
:10BE4000FFF7C4FFF2E700BF8DBD010850FD0124DC
:10BE50000EB403B5014603AB054853F8042B006844
:10BE6000019301F07DFE02B05DF804EB03B0704772
:10BE7000C80000242DE9F8430746884614460026EA
:10BE8000D4E90195B9F1010905D52468002CF7D151
:10BE90003046BDE8F883AB89012B07D9B5F90E30E0
:10BEA000013303D029463846C04706436835E9E7E1
:10BEB0000FB407B5064904AB086853F8042B816832
:10BEC000019301F04DFE03B05DF804EB04B0704740
:10BED000C8000024036A70B5846805460E460BB995
:10BEE000FFF79EFF636EDB0705D4A389980502D494
:10BEF000A06D00F0D4FAA389190702D52369002B9D
:10BF000035D12146284600F031F980B34FF0FF3596
:10BF1000636EDA0705D4A3899B0502D4A06D00F0F7
:10BF2000BFFA284670BD002B04DAA2699A4217DCDA
:10BF30000A2915D023685A1C22601970A36816F8C4
:10BF4000011F013BA3600029EDD1002B11DA22462D
:10BF50000A21284600F0CCF80130D7D00A25D7E7CF
:10BF60002246284600F0C4F80130E7D1CEE7013E72
:10BF7000E4E723685A1C22600A221A70EEE70000E8
:10BF8000024B01461868FFF7A5BF00BFC800002498
:10BF90000CB430B5174B0C1E1D689DB008DA8B230E
:10BFA0002B604FF0FF301DB0BDE8304002B070474D
:10BFB0004FF40273ADF8143014BF04F1FF3323467D
:10BFC000049307934FF6FF7302900690ADF8163076
:10BFD000209A21AB02A92846019301F09BFC431C47
:10BFE000BCBF8B232B60002CDDD0029B00221A707B
:10BFF000D9E700BFC800002410B50C46B1F90E10F7
:10C0000000F0EEF90028ABBF636DA3891B1823F481
:10C010008053ACBF6365A38110BD2DE9F0411F467D
:10C020008B89DB0505460C46164605D5B1F90E1081
:10C030000223002200F0C2F9A389B4F90E1023F400
:10C040008053A38132463B462846BDE8F04100F0CC
:10C05000E9B910B50C46B1F90E1000F0AFF9431C68
:10C06000A38915BF606523F4805343F48053A381F3
:10C0700018BFA38110BDB1F90E1000F039B930B569
:10C080001446002C9BB005461A4605DA8B23036044
:10C090004FF0FF301BB030BD4FF40273ADF80C30E1
:10C0A00014BF04F1FF332346029305934FF6FF7349
:10C0B00000910491ADF80E3069461E9B01F02AFCF8
:10C0C000431CBCBF8B232B60002CE3D0009B0022C1
:10C0D0001A70DFE707B5009313460A460146034886
:10C0E0000068FFF7CCFF03B05DF804FBC800002434
:10C0F000F8B50E461446054618B1036A0BB9FFF7AA
:10C100008FFEA369A360A3891A0701D5236943B9E8
:10C110002146284600F02AF818B14FF0FF3738467C
:10C12000F8BD23682269981A6369F6B283423746DC
:10C1300005DC2146284601F0AFFE0028EDD1A368BA
:10C14000013BA36023685A1C22601E706269431C75
:10C150009A4204D0A389DB07E1D50A2EDFD121461C
:10C16000284601F099FE0028D9D0D6E738B5294BEA
:10C17000054618680C4618B1036A0BB9FFF750FE64
:10C18000B4F90C30190722D4DA0607D409222A6040
:10C1900043F04003A3814FF0FF3033E0580712D53E
:10C1A000616B41B104F14403994202D0284600F08A
:10C1B00081FF00236363A38923F02403A381002369
:10C1C000636023692360A38943F00803A381236983
:10C1D0004BB9A38903F42073B3F5007F03D0214644
:10C1E000284601F0A7FEB4F90C3013F001020AD082
:10C1F0000022A26062695242A261226942B913F030
:10C200008000C5D138BD990758BF6269A260F4E7C4
:10C210000020F7E7C800002410B50139024490421D
:10C2200001D1002005E0037811F8014FA34201D0AD
:10C23000181B10BD0130F2E7884210B501EB020473
:10C2400002D98442234607D8431EA14208D011F8E0
:10C25000012B03F8012FF8E7024401468A4200D17E
:10C2600010BD13F8014D02F8014DF7E702440346F3
:10C27000934200D1704703F8011BF9E7C9B20346A6
:10C28000184613F8012B12B18A42F9D170470029E0
:10C2900018BF0020704710B56AB10139841810F832
:10C2A000012B11F8013F9A4203D1A04201D0002A8C
:10C2B000F5D1D01A10BD1046FCE70A7870B56AB9FE
:10C2C00070BD9A4209D10C46054614F8013F002B77
:10C2D000F6D015F8016F9E42F7D001300378002B9D
:10C2E000EFD11846ECE70000004870470802002430
:10C2F00038B5064D0023044608462B60E5F7CEF915
:10C30000431C02D12B6803B1236038BD54FD0124C6
:10C31000294B1B68834270B504464BD0C369ABB14F
:10C32000DB686BB10025E369DB68595900293BD113
:10C330000435802DF7D1E3692046D96800F0BAFEB4
:10C34000E369196811B1204600F0B4FE616911B1CA
:10C35000204600F0AFFEE16911B1204600F0AAFED0
:10C36000216B11B1204600F0A5FE616B11B1204692
:10C3700000F0A0FEA16B11B1204600F09BFEA16C65
:10C3800011B1204600F096FE616C11B1204600F01C
:10C3900091FEE16A11B1204600F08CFE236A4BB198
:10C3A0002046BDE8704018470E68204600F082FE27
:10C3B0003146BBE770BD00BFC800002438B5074D4B
:10C3C00004460846114600222A601A46E5F78DF910
:10C3D000431C02D12B6803B1236038BD54FD0124F6
:10C3E00038B5074D04460846114600222A601A4611
:10C3F000E5F737F9431C02D12B6803B1236038BD40
:10C4000054FD012438B5064D0023044608462B6030
:10C41000E5F778F9431C02D12B6803B1236038BDDE
:10C4200054FD012438B5074D044608461146002244
:10C430002A601A46E4F7CCFF431C02D12B6803B1F3
:10C44000236038BD54FD0124014B1868704700BFBC
:10C45000C800002470B50D4D0D4C641BA4100026BF
:10C46000A64209D10B4D0C4C01F026FE641BA41012
:10C470000026A64205D170BD55F8043B9847013609
:10C48000EEE755F8043B98470136F2E7DCF2010885
:10C49000DCF20108DCF20108E4F2010870477047A1
:10C4A0007047034611F8012B03F8012B002AF9D13C
:10C4B00070470A44914200F1FF3300D1704710B534
:10C4C00011F8014B03F8014F9142F9D110BD08B5A5
:10C4D000062001F093FD0120E5F7B8F82DE9F74FAC
:10C4E00003690C69A34207467EDB013C01F1140895
:10C4F000A30000F11405009305EB8403019358F8A1
:10C50000243055F8242001339A4208EB8409B2FB09
:10C51000F3F62ED34FF0000AC446AE46D3465CF87D
:10C52000043B98B206FB00A0020C1B0C06FB032385
:10C53000DEF8002080B292B2121A5A44DEF80000EF
:10C540004FEA134A9BB2C3EB224303EB104392B270
:10C5500042EA0342E1454EF8042B4FEA234BDED278
:10C56000009BEB582BB9019B043B9D421A462FD3ED
:10C570003C61384601F062F8002825DB294600209E
:10C5800058F8042BD1F800C01FFA82FE1FFA8CF372
:10C59000A3EB0E030344120CC2EB234202EB1C423A
:10C5A0009BB243EA0243C14541F8043B4FEA2240B3
:10C5B000E6D255F8242005EB840322B9043B9D42C2
:10C5C0001A460BD33C610136304603B0BDE8F08F0C
:10C5D0001268043B002ACBD1013CC6E71268043B39
:10C5E000002AEFD1013CEAE70020EEE7000000005E
:10C5F0002DE9F04F2DED028BC76991B08DED020B47
:10C6000055EC104B1C9E0791814609920D937FB902
:10C610001020FEF76BFD0246C9F81C0020B9A04BA4
:10C62000EF21A048FEF7E0FCC0E901770760C76092
:10C63000D9F81C30196859B15A684A6001239340EF
:10C640008B60484600F0C0FDD9F81C3000221A600B
:10C650002B1EBBBF23F00043039300230122ACBF7A
:10C6600033603260904B039EB34310D10D9A42F277
:10C670000F731360C6F31303234300F0DE841D9B86
:10C680008A4F002B00F0E084FB1C00F0DBBC9DED2A
:10C69000028BB5EE408BF1EE10FA0AD10D9A012310
:10C6A00013601D9B13B11D9A814B1360814F00F0E5
:10C6B000CBBC0EAA0FA94846B0EE480B01F06EF8AD
:10C6C000C6F30A530E9A0190002B45D0B0EE487B7A
:10C6D00018EE901AC1F3130141F07F5141F440115B
:10C6E000A3F2FF33002507EE901AB7EE086B9FED1B
:10C6F000665B37EE467B9FED666BA7EE056B9FEDA5
:10C70000665B07EE903AB8EEE74BB0EE467BA4EEE0
:10C71000057BFDEEC76BB5EEC07BF1EE10FA16EEB1
:10C72000908A08D5B8EEE66BB4EE476BF1EE10FADE
:10C7300018BF08F1FF38B8F1160F2BD85E4901EB8E
:10C74000C80191ED007BB4EEC78BF1EE10FA01D574
:10C7500008F1FF3800211EE00F9B134403F2324121
:10C760002029C1BFC1F140018E4003F2124124FAD9
:10C7700001F1D6BFC1F12001314304FA01F107EE06
:10C78000901AB8EE677B013B17EE901A0125A1F1D4
:10C79000F871A8E70121D21A531E069345BFC2F1D2
:10C7A00001030593002300234CBF06930593B8F1C2
:10C7B000000F0C9118DB069BCDF8288043440693AC
:10C7C0000023079A092A49D8052AC4BF043A0792C8
:10C7D000079AA2F10202CCBF00240124032A48D800
:10C7E000DFE802F00B2E2C3A059B0022A3EB080396
:10C7F00005930A92C8F10003E3E700220892099A20
:10C80000002A39DC4FF0010BDA465A46CDF824B045
:10C81000D9F81C700021042000F11406964230D98A
:10C8200079604846049300F08FFC049B074600287B
:10C8300046D1224B024640F2AF11F2E60122DDE77B
:10C8400000220892099A08EB020B0BF1010A5246EA
:10C85000012AB8BF0122DBE70122F2E7012400220E
:10C86000CDE907244FF0FF3B0021DA46122209915F
:10C87000CEE701220892F5E7DDF824B0DA465A4601
:10C88000C6E701314000C7E761436F63A787D23F26
:10C89000B3C8608B288AC63FFB799F501344D33FAF
:10C8A00049EF0108FAF001080000F07FF6F00108F6
:10C8B000CAF00108C9F00108F0F1010852F10108BD
:10C8C000D9F81C20BAF10E0F10606FD8002C6DD073
:10C8D000B8F1000F40F3C280CA4A08F00F0102EB22
:10C8E000C10218F4807F92ED007B4FEA281100F01E
:10C8F000A980C54A92ED086B88EE066B8DED026B40
:10C9000001F00F010322C048002940F09D809DEDF9
:10C91000026B86EE077B8DED027B0C999DED027B11
:10C92000002900F0C180B7EE006BB4EEC67BF1EEDB
:10C9300010FA40F1B980BAF1000F00F0B580BBF1F8
:10C94000000F31DDB2EE046B27EE067B8DED027B2E
:10C9500008F1FF31049101325C469DED026BB1EEAE
:10C960000C5B07EE902AB8EEE77BA7EE065B15EEB0
:10C97000902A51EC150BA2F15071002C40F09880D8
:10C98000B1EE047B36EE476B41EC170BB4EEC76B90
:10C99000F1EE10FA00F36182B1EE477BB4EEC76BA3
:10C9A000F1EE10FA00F1F5808DED028B0F9A002A5E
:10C9B000C0F22C81B8F10E0F00F32881914B03EBEC
:10C9C000C80393ED006B099B002B03DABAF1000F4B
:10C9D00040F3D280B2EE044B9DED027B3E4687EEE3
:10C9E000065BBDEEC55B15EE103A303306F8013B31
:10C9F000F31B9A45B8EEC53BA3EE467B40F0F880AA
:10CA000037EE077BB4EEC67BF1EE10FA00F3DD8063
:10CA1000B4EE467BF1EE10FA04D115EE103ADB07C6
:10CA200000F1D3800199484600F0CEFB00230D9A17
:10CA3000337008F1010313601D9B002B00F0048389
:10CA40001E6001E302225EE7CC0704D590ED006B87
:10CA5000013227EE067B4910083055E722D0C8F195
:10CA60000001684A01F00F0002EBC00292ED007B6A
:10CA700028EE077B8DED027B63480911002402221A
:10CA800029B9002C3FF449AF8DED027B45E7CE0775
:10CA900005D590ED006B0132012427EE067B49108D
:10CAA0000830EDE7022238E7CDF81080544654E70D
:10CAB000544A02EBC40212ED024B089A41EC170BE8
:10CAC0003C444AB3B6EE003BB7EE002B3E4683EE45
:10CAD000045BB2EE043B35EE477BFDEEC64B14EE35
:10CAE000902AB8EEE45B303236EE456BB4EEC76B9D
:10CAF000F1EE10FA06F8012B38D432EE465BB4EEB4
:10CB0000C75BF1EE10FA62D4A6423FF44DAF27EEB8
:10CB1000037B26EE036BE0E721463E4627EE047BCF
:10CB2000B2EE043BFDEEC64B14EE902A303206F80E
:10CB3000012BA642B8EEE45B36EE456B19D1B6EE9A
:10CB4000005B37EE054BB4EEC46BF1EE10FA3EDC41
:10CB500035EE475BB4EEC56BF1EE10FA7FF524AF0E
:10CB60000E46013916F8013C302BF9D0DDF8108063
:10CB700058E726EE036BD5E70BD1B1EE047B26EE2A
:10CB8000076B9DED027BB4EEC76BF1EE10FAC0F2BD
:10CB9000618100242546099BDB4304933E464FF008
:10CBA00000082146484600F00FFB002DDED0B8F10A
:10CBB000000F05D0A84503D04146484600F004FBCD
:10CBC0002946484600F000FBD0E7CDF810803346F8
:10CBD0001E4613F8012D392A06D19F42F8D1049A36
:10CBE0000132049230223A701A7801321A70BDE78D
:10CBF00027EE047BB5EE407BF1EE10FA7FF4EFAE4A
:10CC000010E700BFF0F10108C8F1010808990029F8
:10CC100000F0E3800799012900F3C880002D00F09F
:10CC2000C18002F23342059E1C460493059B1344C7
:10CC30000593069B012113444846069300F078FBB8
:10CC4000049B054666B1069A002A09DDB2420599A1
:10CC5000A8BF3246891A05910699B61A8A1A069211
:10CC6000FBB1089A002A00F0BC809CB129462246FC
:10CC700048460B9300F01CFC019A014605464846C5
:10CC800000F06CFB01990490484600F09DFA049A6C
:10CC90000B9B01921A1B04D00199484600F008FC36
:10CCA00001900121484600F043FB0A9B0446002BFB
:10CCB00000F0D0811A460146484600F0F9FB079B78
:10CCC000012B044600F39580029B002B40F08B80E3
:10CCD000039BC3F31302002A40F0878023F0004235
:10CCE000120D1205002A00F08280059B0133059386
:10CCF000069B0133069301230B930A9B002B00F044
:10CD0000AF81226904EB8202106900F0C5FAC0F11C
:10CD10002000069B184410F01F0076D0C0F12002BE
:10CD2000042A69DD059BC0F11C0003440593069BA2
:10CD3000064403440693059B002B05DD01991A4622
:10CD4000484600F00FFC0190069B002B05DD2146B4
:10CD50001A46484600F006FC04460C9B002B56D0B1
:10CD60000198214600F06AFC002850DA08F1FF33F0
:10CD70000493019900230A22484600F047FA089BD1
:10CD80000190002B00F06E81294600230A224846BC
:10CD900000F03CFABBF1000F054664DC079B022B58
:10CDA0003EDC60E00E9AC2F136023CE70AF1FF3445
:10CDB000A342BFBFE21A0A9B9B180A93AEBF1C1B7B
:10CDC00023460024BAF1000FB5BF059A059EA2EBD9
:10CDD0000A065246B8BF002227E7059E089D1C465A
:10CDE00030E71A4658E7002386E7029B84E70B9258
:10CDF00083E700230B9384E79DD0059B1C321344EB
:10CE00000593069B1644134494E70246F5E7BAF1EE
:10CE1000000FCDF81080D34621DC079B022B1EDDCE
:10CE2000BBF1000F7FF4B7AE21465B4605224846B2
:10CE300000F0ECF901460446019800F0FFFB0028E1
:10CE40007FF7A9AE3E46312306F8013B049B013330
:10CE50000493A4E6CDF8108054462546F2E7089BDB
:10CE6000002B00F00381002E05DD2946324648469E
:10CE700000F078FB05460B9B002B58D069684846AC
:10CE800000F062F9064628B9824B024640F2EF21D3
:10CE9000FFF7C7BB2A690232920005F10C010C3082
:10CEA000FFF707FB01223146484600F05BFB7B1C85
:10CEB000059307EB0B030993029B03F00103A846BC
:10CEC00008930546059B0198214603F1FF3BFFF7B8
:10CED00005FB4146029000F1300A019800F0AEFBDC
:10CEE0002A4606902146484600F0C4FBC268064622
:10CEF000FAB90146019800F0A1FB024631464846C6
:10CF00000A9200F061F9079B0A9A059E43EA020122
:10CF1000089B19430FD1BAF1390F28D0069B002B7B
:10CF200002DD029B03F1310A8BF800A039E62846A6
:10CF3000BDE70122E2E7069B002B04DB07990B43C8
:10CF400008990B4320D1002AEEDD019901224846C1
:10CF500000F008FB2146019000F070FB002803DC84
:10CF6000E2D11AF0010FDFD0BAF1390FD9D139234C
:10CF70008BF8003033461E46013B16F8012C392A47
:10CF800053D001321A700CE6002A07DDBAF1390FCE
:10CF9000EDD00AF101038BF8003002E6059B059AFB
:10CFA00003F801AC099B934229D0019900230A227E
:10CFB000484600F02BF9A84501904FF000034FF0D0
:10CFC0000A024146484607D100F020F9804605464E
:10CFD000059B0133059375E700F018F92946804653
:10CFE00000230A22484600F011F90546F0E7BBF19C
:10CFF000000FCCBF5E4601263E444FF00008019969
:10D000000122484600F0AEFA2146019000F016FBDE
:10D010000028AFDC02D11AF0010FABD133461E4617
:10D0200013F8012D302AFAD0BBE59F42A3D1049B0F
:10D030000133049331233B70B3E51D9B164F1BB1A5
:10D0400007F108031D9A1360384611B0BDEC028B3E
:10D05000BDE8F08F079B012B7FF736AE0A9B0B9341
:10D06000012056E6BBF1000F7FF7D7AE3E46019890
:10D070002146FFF733FA00F1300A06F801ABF21B44
:10D080009345B4DD019900230A22484600F0BEF81A
:10D090000190ECE752F10108EDF001080148FFF7BB
:10D0A000FEB900BF58FD01240148FFF7F9B900BFE0
:10D0B00058FD012438B50546002941D051F8043CFB
:10D0C0000C1F002BB8BFE418FEF7C2F81D4A136806
:10D0D00033B9636014602846BDE83840FEF7BEB837
:10D0E000A34208D9206821188B4201BF19685B68E8
:10D0F00009182160EDE71A465B680BB1A342FAD923
:10D1000011685018A0420BD1206801445018834286
:10D110001160E0D118685B68536008441060DAE77A
:10D1200002D90C232B60D6E7206821188B4204BF5C
:10D1300019685B68636004BF091821605460CAE71E
:10D1400038BD00BF14FC012470B5C66904460D4605
:10D1500076B91020FDF7CAFF0246E06120B9184BEE
:10D1600018486B21FDF740FFC0E901660660C66004
:10D17000E669F36883B1E369DB6853F82500B8B961
:10D18000012101FA05F6721D92002046FDF752FFBB
:10D1900060B1C0E901560EE0212204212046FDF7CE
:10D1A00049FFE369F060DB68002BE4D1002070BD2B
:10D1B000026843F825200023C0E90333F7E700BFE6
:10D1C00049EF010863F1010870B5C66905460C46D0
:10D1D00076B91020FDF78AFF0246E86120B9094BB5
:10D1E00009488F21FDF700FFC0E901660660C660AF
:10D1F0003CB1EB696268DB6853F82210216043F8A8
:10D20000224070BD49EF010863F101082DE9F041AA
:10D210000D6907460C461E4601F1140C0020DCF88F
:10D22000003099B202FB01611E0C0B0C02FB0633AD
:10D2300089B2013001EB034185424CF8041B4FEAEF
:10D240001346ECDC0EB3A368AB4219DC61683846C8
:10D250000131FFF779FF804628B902460C4B0D4893
:10D26000BA21FDF7C1FE2269023204F10C019200DD
:10D270000C30FFF71EF921463846FFF7A5FF44465C
:10D2800004EB850301355E6125612046BDE8F08130
:10D2900052F1010863F10108B0F5803F034636BF43
:10D2A000030400201020B3F1807F3CBF1B02083034
:10D2B000B3F1805F3CBF1B010430B3F1804F3CBF32
:10D2C0009B000230002B05DB13F0804F00F10100C2
:10D2D00008BF202070470368024613F007000BD0F8
:10D2E000D90721D4980749BF5B089B080120136028
:10D2F0005CBF13600220704799B209B91B0C102063
:10D30000D9B209B908301B0A190704BF1B09043038
:10D31000990704BF9B080230D90703D45B0800F1CA
:10D32000010003D013607047002070472020704731
:10D3300010B50C460121FFF707FF024628B9054B3F
:10D34000054840F24511FDF74FFE0123446103619A
:10D3500010BD00BF52F1010863F101082DE9F04F43
:10D3600014460A6923699A42A8BF23460F46A4BF00
:10D370000C461F46D4F810A0D7F81090A368616837
:10D380000AEB0906B34285B0B8BF0131FFF7DCFEF6
:10D3900030B90246444B45484FF4B171FDF724FEC5
:10D3A00000F1140505EB86082B460022434521D3E6
:10D3B00007F1140104F1140202EB8A0201EB890364
:10D3C0000293131B153B23F00303043304F11507E9
:10D3D000BA4238BF04230193029B03918B420CD8BD
:10D3E000002E03DD58F8043D002B5BD0066105B02C
:10D3F000BDE8F08F43F8042BD8E7B1F800A0BAF1EC
:10D40000000F24D004F1140EA9464FF0000C5EF872
:10D41000047BD9F800301FFA87FB9BB20AFB0B3361
:10D420004FEA174BD9F8007063444FEA174C0AFBD8
:10D430000BC707EB13479BB243EA0743724549F812
:10D44000043B4FEA174CE2D8019B45F803C0039B0D
:10D45000B3F802900431B9F1000F21D02B6804F128
:10D46000140CAE464FF0000ABCF800B0BEF80270D3
:10D4700009FB0B7757449BB243EA07434EF8043B42
:10D480005CF8043B4FEA134ABEF8003009FB0A334C
:10D4900003EB174362454FEA134AE5D8019FEB516E
:10D4A000043599E7013E9BE752F1010863F1010859
:10D4B0002DE9F843154612F0030207460E4607D041
:10D4C000254C013A002354F82220FFF79FFE064620
:10D4D000AD103DD0FC697CB91020FDF707FE024677
:10D4E000F86128B91D4B1E4840F2B311FDF77CFDD1
:10D4F000C0E901440460C460D7F81C80D8F8084033
:10D500004CB940F271213846FFF712FF0023C8F8EA
:10D510000800044603604FF00009EB070AD53146C6
:10D5200022463846FFF71AFF314680463846FFF755
:10D530004BFE46466D100BD0206838B92246214676
:10D540003846FFF70BFF2060C0F800900446E4E780
:10D550003046BDE8F88300BFBCF1010849EF01087F
:10D5600063F101082DE9F0470C464968236903EB94
:10D570006218A368074691464FEA621A08F101064D
:10D58000B3420BDB3846FFF7DFFD054648B90246DC
:10D59000284B29484FF4EF71FDF726FD01315B0060
:10D5A000EEE7002300F1140100F110021846534584
:10D5B00033DB20692AEAEA7A04F1140319F01F091F
:10D5C00001EB8A0103EB800C2BD0C9F1200E8A46B7
:10D5D0000022186800FA09F010434AF8040B53F8C7
:10D5E000042B9C4522FA0EF2F3D8ACEB0403153B56
:10D5F00023F00303043304F11500844538BF0423EA
:10D60000CA500AB108F10206013E38462E61214691
:10D61000FFF7DAFD2846BDE8F08742F8040F013332
:10D62000C5E7043953F8042B41F8042F9C45F9D879
:10D63000EAE700BF52F1010863F101080A690346F5
:10D640000069801A30B50ED11433143103EB820413
:10D6500001EB820154F8045D51F8042D954203D08A
:10D6600005D24FF0FF3030BDA342F3D3FBE70120DA
:10D67000F9E700002DE9F74F89460646114648466E
:10D680001446FFF7DBFF051E12D129463046FFF78F
:10D690005BFD024628B93F4B40F237213E48FDF77B
:10D6A000A3FC0123C0E90435104603B0BDE8F08FA8
:10D6B000BCBF4B46A1463046D9F80410BABF1C4641
:10D6C00001250025FFF740FD024618B9314B40F215
:10D6D0004521E3E7D9F810702669C56009F1100308
:10D6E00009F1140504F1140E00F1140B05EB870881
:10D6F0000EEB86060193D9464FF0000C019B5EF8B5
:10D70000040B53F804AF01931FFA8AF3194683B24E
:10D71000CB1A000C6344C0EB1A4000EB23409BB2D1
:10D7200043EA0043764549F8043B4FEA204CE5D8EC
:10D73000331B153B23F0030315340433A64238BFD3
:10D7400004231D445B441E462C4644450ED308F179
:10D750000301491B21F00301033DA84538BF002107
:10D760000B4453F8041D91B117619DE754F8041B55
:10D77000E646080C1CFA81FC714400EB2C4089B28F
:10D7800041EA004146F8041B4FEA204CDDE7013F27
:10D79000E7E700BF52F1010863F101082DE9F74303
:10D7A0000F46012159EC108B1646FFF7CDFC0446BD
:10D7B00030B90246234B244840F20F31FDF714FCE8
:10D7C000C9F30A55C9F313030DB143F48013019350
:10D7D000B8F1000323D068460093FFF77CFDDDE934
:10D7E0000012D0B1C0F1200302FA03F30B43C24090
:10D7F00063610192019BA361002B0CBF01220222F5
:10D800002261A5B1A5F2334505443D60C0F1350064
:10D810003060204603B0BDE8F0836161EAE701A80B
:10D82000FFF759FD019B636120300122E8E704EB1B
:10D830008203A0F2324038601869FFF72DFDC0EB7B
:10D840004210E5E752F1010863F1010851F8043C88
:10D85000181F002BBCBF0B58C01870472DE9F047AC
:10D860008E681F46BE420B6882460C4690462DD8F5
:10D87000B1F90C2012F4906F26D06569096905EBA7
:10D880004505A3EB010905EBD5757B1C4B446D10D9
:10D890009D4238BF1D46530527D52946FDF758FC44
:10D8A000064660B321694A46FEF703FEA38923F4C6
:10D8B000906343F08003A381266165614E44A5EB2C
:10D8C00009052660A5603E46BE4200D93E46206856
:10D8D00032464146FEF7B0FCA3689B1BA360236859
:10D8E000334423600020BDE8F0872A46FDF730FD71
:10D8F00006460028E0D121695046FFF7DBFB0C23E8
:10D90000CAF80030A38943F04003A3814FF0FF30F1
:10D91000E9E700002DE9F04F98468B891B069DB082
:10D9200007460D46144610D50B6973B94021FDF723
:10D930000FFC2860286130B90C233B604FF0FF30AA
:10D940001DB0BDE8F08F40236B61002309932023B5
:10D950008DF82930CDF80C803023DFF89C818DF8CC
:10D960002A304FF0010923469A4613F8012B0AB1D9
:10D97000252AF9D1BAEB040B0BD05B462246294687
:10D980003846FFF76BFF013000F0A780099A5A4430
:10D9900009929AF80030002B00F09F8000234FF08E
:10D9A000FF32CDE905230AF1010A049307938DF8AC
:10D9B00053301A935446052214F8011B4E48E2F7DF
:10D9C0009FFC049AD8B9D00644BF20238DF8533069
:10D9D000110744BF2B238DF853309AF800302A2BBF
:10D9E00015D0079A544600204FF00A0C214611F832
:10D9F000013B303B092B4BD9B0B1079214E0A0EBAF
:10DA0000080309FA03F313430493A246D2E7039BE6
:10DA1000191D1B680391002BBBBF5B4242F0020241
:10DA200007930793B8BF049223782E2B0AD163780B
:10DA30002A2B32D1039B1A1D1B68039243EAE3731E
:10DA400002340593DFF8C0A0217803225046E2F7A4
:10DA500057FC38B1049BA0EB0A00402282401343DC
:10DA60000134049314F8011B24488DF82810062271
:10DA7000E2F746FC002836D0214B1BBB039B073343
:10DA800023F0070308330393099B334409936AE7A0
:10DA90000CFB02320C460120A8E700230134059359
:10DAA00019464FF00A0C204610F8012B303A092A8B
:10DAB00003D9002BC6D00591C4E70CFB0121044615
:10DAC0000123F0E703AB00932A460E4B04A9384626
:10DAD000FDF772FD421C0646D6D1AB895B063FF5C9
:10DAE0002DAF09982CE703AB00932A46054B04A9F8
:10DAF0003846FDF7E9FFEDE7B8F20108C2F2010888
:10DB0000B9B501085DD80108BEF201089368013B70
:10DB1000002B10B4936008DA9469A34201DB0A2950
:10DB200003D15DF8044BFEF7E3BA1368581C10608C
:10DB3000197008465DF8044B7047F8B506460F4665
:10DB40001446D518AC4201D1002007E014F8011B9F
:10DB50003A463046FFF7DAFF431CF3D1F8BD000028
:10DB60002DE9F04F0D469DB014469846064618B173
:10DB7000036A0BB9FEF754F96B6ED90705D4AB896C
:10DB80009A0502D4A86DFEF78AFCAB891B0701D564
:10DB90002B699BB929463046FEF7E8FA70B16B6EE7
:10DBA000DC0704D54FF0FF301DB0BDE8F08FAB8926
:10DBB0009805F7D4A86DFEF773FCF3E700230993EB
:10DBC00020238DF82930CDF80C803023DFF8AC818C
:10DBD0008DF82A304FF0010923469A4613F8012B9D
:10DBE0000AB1252AF9D1BAEB040B0BD05B462246C9
:10DBF00029463046FFF7A1FF013000F0A780099ABF
:10DC00005A4409929AF80030002B00F09F800023BC
:10DC10004FF0FF32CDE905230AF1010A049307937F
:10DC20008DF853301A935446052214F8011B5348BB
:10DC3000E2F766FB049AD8B9D10644BF20238DF8D9
:10DC40005330130744BF2B238DF853309AF800301C
:10DC50002A2B15D0079A544600204FF00A0C214673
:10DC600011F8013B303B092B4BD9B0B1079214E0BE
:10DC7000A0EB080309FA03F313430493A246D2E787
:10DC8000039B191D1B680391002BBBBF5B4242F035
:10DC9000020207930793B8BF049223782E2B0AD170
:10DCA00063782A2B32D1039B1A1D1B68039243EA27
:10DCB000E37302340593DFF8D4A0217803225046A1
:10DCC000E2F71EFB38B1049BA0EB0A004022824021
:10DCD00013430134049314F8011B29488DF82810CC
:10DCE0000622E2F70DFB00283FD0264B1BBB039B0F
:10DCF000073323F0070308330393099B3B4409933D
:10DD00006AE70CFB02320C460120A8E7002301342D
:10DD1000059319464FF00A0C204610F8012B303AB3
:10DD2000092A03D9002BC6D00591C4E70CFB0121B9
:10DD300004460123F0E703AB00932A46124B04A9E3
:10DD40003046FDF739FC0746781CD6D16B6ED907F3
:10DD500005D4AB899A0502D4A86DFEF7A1FBAB8967
:10DD60005B063FF51FAF09981EE703AB00932A46F9
:10DD7000054B04A93046FDF7A7FEE4E7B8F2010819
:10DD8000C2F20108B9B501083BDB0108BEF2010887
:10DD9000B1F90C202DE9F041160705460C4654D484
:10DDA0004B68002B02DC0B6C002B48DDE66A002E72
:10DDB00045D0002312F480522F68216A2B6030D0A6
:10DDC000626DA389590705D56368D21A636B0BB1DD
:10DDD000236CD21A0023E66A216A2846B047431C06
:10DDE000A38906D129681D292BD82A4A0A41D607BA
:10DDF00027D400226260D9042269226004D5421C23
:10DE000001D12B6803B96065616B2F60B9B104F172
:10DE10004403994202D02846FFF74CF9002363637C
:10DE20000DE001232846B0470246501CC9D12B689B
:10DE3000002BC6D01D2B01D0162B1ED12F60002029
:10DE400022E043F040031BB21BE00F69002FF6D025
:10DE500093070E6808BF4B690F6018BF0023A6EB3D
:10DE600007088B60B8F1000FE9DD216AA66A434616
:10DE70003A462846B047002808DCB4F90C3043F095
:10DE80004003A3814FF0FF30BDE8F0810744A8EBC9
:10DE90000008E7E7FEFFBFDF38B50B6905460C4613
:10DEA00013B90025284638BD18B1036A0BB9FDF730
:10DEB000B7FFB4F90C30002BF3D0626ED00704D456
:10DEC000990502D4A06DFEF7EAFA28462146FFF72D
:10DED0005FFF636EDA070546E4D4A3899B05E1D4AE
:10DEE000A06DFEF7DDFADDE770B50C46B1F90E1056
:10DEF000002996B015461E460DDAA38913F0800F4F
:10DF00004FF0000114BF40234FF4806300203160C4
:10DF10002B6016B070BD6A4600F078F80028ECDB84
:10DF2000019901F47041A1F50053594259414FF450
:10DF30008063EBE78B89F7B59D0706460C4607D54E
:10DF400004F14703236023610123636103B0F0BD43
:10DF500001AB6A46FFF7C8FF009F054639463046C9
:10DF6000FDF7F6F848B9B4F90C309A05EED423F071
:10DF7000030343F00203A381E2E7A389206043F097
:10DF80008003A381019BC4E904075BB1B4F90E10BF
:10DF9000304600F04DF828B1A38923F0030343F085
:10DFA0000103A381A3891D43A581CFE71F2938B5AC
:10DFB00005460C4604D9162303604FF0FF3038BDE8
:10DFC000C26B12B152F821304BB9284600F052F81A
:10DFD000224601462846BDE8384000F039B8012BFA
:10DFE0000AD0591C03D1162303600120E7E7002162
:10DFF00042F82410204698470020E0E7024B0146F3
:10E000001868FFF7D3BF00BFC800002438B5074D1C
:10E0100000230446084611462B60E3F74BFB431CE4
:10E0200002D12B6803B1236038BD00BF54FD012429
:10E0300038B5064D0023044608462B60E3F74AFB3B
:10E04000431C02D12B6803B1236038BD54FD012469
:10E0500038B5074D00230446084611462B60E3F708
:10E06000E5FA431C02D12B6803B1236038BD00BF21
:10E0700054FD0124E3F7D2BA82B001B901A942B13B
:10E080004BB113780B601278101E18BF012002B03C
:10E0900070471046FBE76FF00100F8E703460846BB
:10E0A00041B1FF2A04D98A221A604FF0FF3070472D
:10E0B0000A70012070470000F8B500BFF8BC08BC2A
:10E0C0009E467047F8B500BFF8BC08BC9E46704736
:10E0D0007374617274204150502048616E646C65A5
:10E0E000000000004572726F72206F6E20646566DA
:10E0F00061756C7420616C6C6F6361746F727320F6
:10E10000286C696E65202564290A00005075626CD0
:10E11000697368696E675F313A2025640A00000000
:10E120004661696C6564206F6E206C696E652025A0
:10E13000643A2025642E20436F6E74696E75696E93
:10E14000672E0A005075626C697368696E675F328A
:10E150003A2025640A0000005075626C6973686992
:10E160006E675F333A2025640A000000737562739E
:10E170006372696265725F3120646174613A256C13
:10E18000640A0000737562736372696265725F325C
:10E1900020646174613A256C640A000073756273CF
:10E1A0006372696265725F3320646174613A256CE1
:10E1B000640A00004572726F72206F6E206C696E87
:10E1C000652025643A2025642E2041626F727469AF
:10E1D0006E672E0A00000000524F5320446F6D619D
:10E1E000696E2049443A25640A0000005265636F55
:10E1F0006E6E656374696E67206167656E742E2E3E
:10E200002E00000053746172742059425F4578619A
:10E210006D706C655F4E6F646500000059425F452C
:10E2200078616D706C655F4E6F646500696E743304
:10E23000325F7075626C69736865725F31000000EF
:10E24000696E7433325F7075626C69736865725F92
:10E2500032000000696E7433325F7075626C6973EE
:10E260006865725F33000000696E7433325F7375E6
:10E2700062736372696265725F310000696E743344
:10E28000325F737562736372696265725F32000038
:10E29000696E7433325F737562736372696265723B
:10E2A0005F3300006578656375746F725F636F75C7
:10E2B0006E743A25640A0000524F53205461736B08
:10E2C00020456E6400000000526573746172742012
:10E2D00053797374656D21212100000064656661C6
:10E2E000756C745461736B006D795461736B526F0C
:10E2F0007300000064617461000000007374645F67
:10E300006D7367735F5F6D7367000000496E7433F0
:10E310003200000049444C4500000000546D72205A
:10E3200053766300546D725100000000000000003D
:10E33000047DC12502000000FFD7F232000000007A
:10E34000FFFD000058524345010F0000FFFE000092
:10E35000DCE20108000000000000000000000000F6
:10E3600000000000D00700000800000000000000CE
:10E3700000000000E8E201080000000000000000CA
:10E380000000000000000000E02E00001800000067
:10E390000000000000000000000000000102030473
:10E3A00001020304060708090006101600061016ED
:10E3B000010002000400060008000A000C00100022
:10E3C000200040008000000101010103070100005E
:10E3D0000804020408010101FCE201080CE3010841
:10E3E000010000000400000018000024EDAF000848
:10E3F00007B000080000000000000000000000005E
:10E40000000000000000000000000000000000000C
:10E4100000000000000000000000000000000000FC
:10E4200000000000000000000000000000000000EC
:10E4300000000000000000000000000000000000DC
:10E4400000000000000000000000000000000000CC
:10E4500000000000000000000000000000000000BC
:10E4600000000000000000000000000000000000AC
:10E47000000000000000000000000000000000009C
:10E480000000000000000000010000000A00000081
:10E490000102000000000000000000000000000079
:10E4A000000000000000000000000000000000006C
:10E4B000000000000000000000000000000000005C
:10E4C000000000000000000000000000000000004C
:10E4D0000000000000000000010000000A00000031
:10E4E0000102000000000000000000000000000029
:10E4F000000000000000000000000000000000001C
:10E50000000000000000000000000000000000000B
:10E5100000000000000000000000000000000000FB
:10E520000000000000000000524F535F4C4F434179
:10E530004C484F53545F4F4E4C5900002E00000082
:10E540002F0000002F2573002573257300000000A5
:10E5500025732F257300000000000000000000005C
:10E560000000000000000000010000000A000000A0
:10E570000102000000000000000000000000000098
:10E58000000000000000000000000000000000008B
:10E59000000000000000000000000000000000007B
:10E5A000000000000000000000000000000000006B
:10E5B0000000000000000000524F535F53454355D8
:10E5C000524954595F454E41424C4500747275653D
:10E5D00000000000524F535F534543555249545970
:10E5E0005F5354524154454759000000456E666FD1
:10E5F00072636500656E636C617665730000000090
:10E60000524F535F53454355524954595F4B4559F7
:10E6100053544F5245000000524F535F53454355EA
:10E62000524954595F454E434C4156455F4F5645FC
:10E630005252494445000000000000000000000064
:10E64000010000000A0000000102000000000000BC
:10E6500000000000000000000000000000000000BA
:10E6600000000000000000000000000000000000AA
:10E67000000000000000000000000000000000009A
:10E68000000000000000000000000000000000008A
:10E690000000000072636C5F76616C696461746590
:10E6A0005F656E636C6176655F6E616D655F7769EE
:10E6B00074685F73697A6528293A20756E6B6E6F8E
:10E6C000776E20726D775F76616C69646174655FE7
:10E6D0006E616D6573706163655F776974685F73A0
:10E6E000697A65282920726573756C742027256402
:10E6F00027000000000000000000000000000000F3
:10E700000000000000000000000000000000000009
:10E7100000000000000000000000000000000000F9
:10E7200000000000000000000000000000000000E9
:10E73000000000000000000000000000617267752A
:10E740006D656E7420656E765F6E616D65206973B0
:10E75000206E756C6C000000617267756D656E747B
:10E7600020656E765F76616C7565206973206E75C5
:10E770006C6C000065000000726F7369646C5F74FC
:10E78000797065737570706F72745F6D6963726FA5
:10E79000787263656464735F630000003A3A000056
:10E7A0002573257325732573257325732573000041
:10E7B0005F0000006464730072740000726D775F24
:10E7C00076616C69646174655F6E616D65737061BB
:10E7D000636528293A20756E6B6E6F776E20726DB7
:10E7E000775F76616C69646174655F66756C6C5F98
:10E7F000746F7069635F6E616D652829207265733F
:10E80000756C74202725642700000000756E6B6E00
:10E810006F776E20726573756C7420636F6465200A
:10E82000666F7220726D77206E616D6573706163C3
:10E83000652076616C69646174696F6E0000000028
:10E840006E616D657370616365206D757374206EA4
:10E850006F7420626520656D707479006E616D65FE
:10E860007370616365206D757374206265206162E9
:10E87000736F6C7574652C206974206D75737420CA
:10E880006C6561642077697468206120272F2700F8
:10E890006E616D657370616365206D757374206E54
:10E8A0006F7420656E642077697468206120272F5B
:10E8B000272C20756E6C657373206F6E6C792061E8
:10E8C00020272F27000000006E616D657370616363
:10E8D00065206D757374206E6F7420636F6E746144
:10E8E000696E2063686172616374657273206F740E
:10E8F000686572207468616E20616C7068616E7505
:10E900006D65726963732C20275F272C206F72203E
:10E91000272F27006E616D657370616365206D75CB
:10E920007374206E6F7420636F6E7461696E2072F1
:10E930006570656174656420272F27006E616D65C1
:10E940007370616365206D757374206E6F742068D9
:10E95000617665206120746F6B656E2074686174E8
:10E960002073746172747320776974682061206EFB
:10E97000756D6265720000006E616D657370616334
:10E98000652073686F756C64206E6F7420657863A2
:10E990006565642027524D575F4E414D45535041A8
:10E9A00043455F4D41585F4E414D455F4C454E4795
:10E9B000544827000000000040E801085CE8010816
:10E9C00090E80108C8E8010814E901083CE90108D9
:10E9D00078E90108756E6B6E6F776E2072657375DE
:10E9E0006C7420636F646520666F7220726D77208F
:10E9F0006E6F6465206E616D652076616C6964611F
:10EA000074696F6E000000006E6F6465206E616D4A
:10EA100065206D757374206E6F7420626520656D5E
:10EA2000707479006E6F6465206E616D65206D7520
:10EA30007374206E6F7420636F6E7461696E2063EF
:10EA4000686172616374657273206F7468657220A7
:10EA50007468616E20616C7068616E756D65726955
:10EA60006373206F7220275F270000006E6F64655C
:10EA7000206E616D65206D757374206E6F742073E8
:10EA80007461727420776974682061206E756D629C
:10EA9000657200006E6F6465206E616D65206C6547
:10EAA0006E6774682073686F756C64206E6F742075
:10EAB00065786365656420273235352700000000DE
:10EAC0000000000008EA010824EA01086CEA0108D5
:10EAD00094EA0108726F7369646C5F74797065738E
:10EAE0007570706F72745F696E74726F7370656346
:10EAF00074696F6E5F6300007374645F6D73677336
:10EB000000000000726F7369646C5F7479706573E4
:10EB10007570706F72745F696E74726F7370656315
:10EB200074696F6E5F635F5F6765745F6D65737354
:10EB30006167655F747970655F737570706F72740B
:10EB40005F68616E646C655F5F7374645F6D73674B
:10EB5000735F5F6D73675F5F496E743332000000EF
:10EB6000726F7369646C5F74797065737570706FC0
:10EB700072745F6D6963726F787263656464735FEA
:10EB8000635F5F6765745F6D6573736167655F740D
:10EB90007970655F737570706F72745F68616E64B1
:10EBA0006C655F5F7374645F6D7367735F5F6D73D4
:10EBB000675F5F496E74333200000000D4EA0108D9
:10EBC00078E7010802000000F8EA0108BCEB010840
:10EBD000D8EB01087C00002404EB010860EB01087D
:10EBE0007374645F6D7367733A3A6D736700000006
:10EBF0000000C1C081C1400101C3C003800241C205
:10EC000001C6C006800741C70005C1C581C44004D4
:10EC100001CCC00C800D41CD000FC1CF81CE400E84
:10EC2000000AC1CA81CB400B01C9C009800841C894
:10EC300001D8C018801941D9001BC1DB81DA401A04
:10EC4000001EC1DE81DF401F01DDC01D801C41DCD4
:10EC50000014C1D481D5401501D7C017801641D604
:10EC600001D2C012801341D30011C1D181D0401014
:10EC700001F0C030803141F10033C1F381F2403204
:10EC80000036C1F681F7403701F5C035803441F4D4
:10EC9000003CC1FC81FD403D01FFC03F803E41FE84
:10ECA00001FAC03A803B41FB0039C1F981F8403894
:10ECB0000028C1E881E9402901EBC02B802A41EA04
:10ECC00001EEC02E802F41EF002DC1ED81EC402CD4
:10ECD00001E4C024802541E50027C1E781E6402604
:10ECE0000022C1E281E3402301E1C021802041E014
:10ECF00001A0C060806141A10063C1A381A2406204
:10ED00000066C1A681A7406701A5C065806441A4D3
:10ED1000006CC1AC81AD406D01AFC06F806E41AE83
:10ED200001AAC06A806B41AB0069C1A981A8406893
:10ED30000078C1B881B9407901BBC07B807A41BA03
:10ED400001BEC07E807F41BF007DC1BD81BC407CD3
:10ED500001B4C074807541B50077C1B781B6407603
:10ED60000072C1B281B3407301B1C071807041B013
:10ED70000050C190819140510193C0538052419203
:10ED80000196C056805741970055C19581944054D3
:10ED9000019CC05C805D419D005FC19F819E405E83
:10EDA000005AC19A819B405B0199C0598058419893
:10EDB0000188C04880494189004BC18B818A404A03
:10EDC000004EC18E818F404F018DC04D804C418CD3
:10EDD0000044C184818540450187C0478046418603
:10EDE0000182C042804341830041C1818180404013
:10EDF0000000000000000000000000000000000013
:10EE000000000000C9930108CD9301080000000034
:10EE1000000000000000000000000000CD93010889
:10EE2000D1930108D5930108000000000000000004
:10EE300000000000D1930108D5930108D99301087F
:10EE400000000000000000000000000000000000C2
:10EE500000000000000000000000000000000000B2
:10EE600000000000000000000000000000000000A2
:10EE70000000000000000000000000000000000092
:10EE80000000000000000000000000000000000082
:10EE90000000000000000000000000000000000072
:10EEA000524F535F444F4D41494E5F49440000006B
:10EEB00025732F25732573007B6E6F64657D0000BD
:10EEC0007B6E737D000000007B6E616D6573706109
:10EED00063657D00000000000000000063647200B4
:10EEE000726D775F6D6963726F7872636564647366
:10EEF00000000000E0EE0108726F7369646C5F74DB
:10EF0000797065737570706F72745F63002C206622
:10EF1000756E6374696F6E3A200061737365727405
:10EF2000696F6E2022257322206661696C65643AE0
:10EF30002066696C6520222573222C206C696E6521
:10EF4000202564257325730A005245454E54206DD3
:10EF5000616C6C6F632073756363656564656400E1
:10EF60002F6275696C642F676E752D746F6F6C738B
:10EF70002D666F722D73746D33325F31322E332EE6
:10EF800072656C312E32303234303631322D3133BD
:10EF900031352F7372632F6E65776C69622F6E65E2
:10EFA000776C69622F6C6962632F7374646C696239
:10EFB0002F72616E642E630000202020202020200C
:10EFC0002020282828282820202020202020202019
:10EFD0002020202020202020208810101010101029
:10EFE0001010101010101010100404040404040475
:10EFF000040404101010101010104141414141410F
:10F0000001010101010101010101010101010101F0
:10F010000101010110101010101042424242424200
:10F0200002020202020202020202020202020202C0
:10F030000202020210101010200000000000000068
:10F0400000000000000000000000000000000000C0
:10F0500000000000000000000000000000000000B0
:10F0600000000000000000000000000000000000A0
:10F070000000000000000000000000000000000090
:10F080000000000000000000000000000000000080
:10F090000000000000000000000000000000000070
:10F0A0000000000000000000000000000000000060
:10F0B000000000000000000000494E4600696E6636
:10F0C000004E414E006E616E0030003031323334FC
:10F0D00035363738394142434445460030313233C2
:10F0E00034353637383961626364656600496E6667
:10F0F000696E697479004E614E002F6275696C64A7
:10F100002F676E752D746F6F6C732D666F722D7314
:10F11000746D33325F31322E332E72656C312E3284
:10F12000303234303631322D313331352F73726312
:10F130002F6E65776C69622F6E65776C69622F6CD4
:10F140006962632F7374646C69622F64746F612EDB
:10F15000630042616C6C6F63207375636365656403
:10F160006564002F6275696C642F676E752D746F0E
:10F170006F6C732D666F722D73746D33325F313225
:10F180002E332E72656C312E3230323430363132BD
:10F190002D313331352F7372632F6E65776C696251
:10F1A0002F6E65776C69622F6C6962632F7374646C
:10F1B0006C69622F6D707265632E6300050000003C
:10F1C000190000007D0000000080E03779C3414352
:10F1D000176E05B5B5B89346F5F93FE9034F384DBD
:10F1E000321D30F94877825A3CBF737FDD4F157569
:10F1F000000000000000F03F00000000000024407C
:10F2000000000000000059400000000000408F4056
:10F21000000000000088C34000000000006AF840C1
:10F220000000000080842E4100000000D0126341E5
:10F230000000000084D797410000000065CDCD415B
:10F24000000000205FA00242000000E8764837423C
:10F25000000000A2941A6D42000040E59C30A242DA
:10F260000000901EC4BCD64200003426F56B0C434F
:10F270000080E03779C3414300A0D88557347643F6
:10F2800000C84E676DC1AB43003D9160E458E14357
:10F29000408CB5781DAF154450EFE2D6E41A4B44CC
:10F2A00092D54D06CFF08044F64AE1C7022DB54411
:10F2B000B49DD9794378EA44232D302B2000686C23
:10F2C0004C00656667454647004300504F53495818
:04F2D000002E00000C
:08F2D4000C10FE7F0100000098
:08F2DC00C5020008E53D010830
:04F2E400A10200087B
:10F2E8001E000000280400240090D0030090D003E2
:10F2F8001000000001000000F4E201080D00000009
:10F3080000000000000000000000000000000000F5
:10F3180000000000000000000000000000000000E5
:10F3280000000000000000000000000000000000D5
:10F338000000000000000000D8E30108B53D010806
:10F34800AAAAAAAA8D14010889140108851401081B
:10F358008114010800000000D4EA01081DB000086B
:10F368004D3E010800000000C4EB010875A101082A
:10F3780078E701089C000024B53D0108E0EB01088E
:10F3880058EB0108293E0108093E0108393E0108E9
:10F39800153E0108F93D0108F8EE010800000000DB
:10F3A8000300000018FC0124CC0000240000000029
:10F3B80018FC012480FC0124E8FC01240000000062
:10F3C8000000000000000000000000000000000035
:10F3D8000000000000000000000000000000000025
:10F3E8000000000000000000000000000000000015
:10F3F80000000000000000004300000000000000C2
:10F4080000000000000000000000000000000000F4
:10F4180000000000000000004300000000000000A1
:10F4280000000000000000000000000000000000D4
:10F438000000000000000000430000000000000081
:10F4480000000000000000000000000000000000B4
:10F458000000000000000000430000000000000061
:10F468000000000000000000000000000000000094
:10F478000000000000000000430000000000000041
:10F488000000000000000000000000000000000074
:10F498000000000000000000430000000000000021
:10F4A8000000000000000000000000000000000054
:10F4B8000000000000000000430000000000000001
:10F4C8000000000000000000000000000000000034
:10F4D80000000000000000009DE0010879E001083C
:10F4E80000000000B8EF0108D1F2010848EF010858
:10F4F80048EF010848EF010848EF010848EF010804
:10F5080048EF010848EF010848EF010848EF0108F3
:10F51800FFFFFFFFFFFFFFFFFFFFFFFFFFFF0000F1
:10F528000100415343494900000000000000000069
:10F5380000000000000000000000000000000000C3
:10F54800000041534349490000000000000000004A
:10F5580000000000000000000000000000000000A3
:04F56800000000009F
:0400000508001C05CE
:00000001FF
