:020000040800F2
:100000000000082429150008CD0F0008D50F0008AE
:10001000DD0F0008E50F0008ED0F000800000000EC
:10002000000000000000000000000000F50F0008C4
:100030000310000800000000111000081F10000845
:100040007915000879150008791500087915000858
:100050007915000879150008791500087915000848
:100060007915000879150008791500087915000838
:100070007915000879150008791500087915000828
:100080007915000879150008791500087915000818
:100090007915000879150008791500087915000808
:1000A00079150008791500087915000879150008F8
:1000B00079150008791500087915000879150008E8
:1000C00079150008791500087915000879150008D8
:1000D00079150008791500087915000879150008C8
:1000E000791500087915000800000000791500084E
:1000F00079150008791500087915000879150008A8
:100100007915000879150008791500087915000897
:1001100079150008791500082D10000879150008D8
:100120007915000879150008791500087915000877
:100130007915000879150008791500087915000867
:1001400000000000000000000000000000000000AF
:100150007915000879150008791500087915000847
:100160007915000879150008791500087915000837
:1001700079150008791500087915000800000000BD
:100180007915000879150008791500087915000817
:100190007915000879150008791500087915000807
:1001A00079150008791500087915000879150008F7
:1001B00079150008791500087915000879150008E7
:1001C00079150008791500087915000879150008D7
:1001D00079150008791500087915000879150008C7
:1001E00079150008791500087915000879150008B7
:1001F00079150008791500087915000879150008A7
:100200007915000879150008791500087915000896
:100210007915000879150008791500087915000886
:10022000791500087915000879150008000000000C
:1002300079150008791500080000000079150008FC
:100240007915000879150008791500087915000856
:100250007915000879150008791500087915000846
:100260007915000879150008791500087915000836
:1002700079150008791500084110000800000000F9
:1002800079150008791500087915000800000000AC
:080290000000000079150008D0
:1002A00010B5054C237833B9044B13B10448AFF3B0
:1002B00000800123237010BDD8010024000000003D
:1002C000E8A8000808B5034B1BB103490348AFF386
:1002D000008008BD00000000DC010024E8A8000840
:1002E00001F0FF01102A2BDB10F0070F08D010F8E7
:1002F000013B013A8B422DD010F0070F42B3F6D1EB
:10030000F0B441EA012141EA014122F007047FF003
:1003100000070023F0E80256083C85EA010586EA5A
:10032000010685FA47F5A3FA87F586FA47F6A5FA96
:1003300087F68EB9EED1F0BC01F0FF0102F00702A2
:1003400032B110F8013B013A83EA010313B1F8D14D
:100350000020704701387047002D06BF354603382E
:10036000073815F0010F07D1013015F4807F02BF67
:10037000013015F4C03F0130F0BC0138704700BFB8
:10038000034613F8012B002AFBD1181A01387047D5
:1003900053B94AB9002908BF00281CBF4FF0FF31EC
:1003A0004FF0FF3000F06AB9ADF1080C6DE904CEF2
:1003B00000F006F8DDF804E0DDE9022304B0704740
:1003C0002DE9F047089D0C46002B4ED194468C45F4
:1003D0008646B2FA82F262D94AB1C2F12003914054
:1003E00020FA03F30CFA02FC194300FA02FE4FEA6A
:1003F0001C471FFA8CF6B1FBF7F44FEA1E4307FBCC
:10040000141143EA014304FB06F199420AD91CEB9B
:10041000030304F1FF3080F01281994240F20F8112
:10042000023C6344591A1FFA8EF3B1FBF7F007FB45
:10043000101143EA014300FB06F69E420AD91CEB69
:10044000030300F1FF3180F0FC809E4240F2F9800E
:10045000634402389B1B40EA044000211DB1D34095
:100460000022C5E90032BDE8F0878B4205D90DB105
:10047000C5E9000100210846F5E7B3FA83F1002938
:1004800046D1A34202D39042C0F0F080861A64EBBA
:1004900003030120002DE6D0C5E90063E3E7002A4D
:1004A00040F09080A1EB0C044FEA1C481FFA8CF737
:1004B0000121B4FBF8F64FEA1E4308FB164443EA59
:1004C000044307FB06F0984208D91CEB030306F12E
:1004D000FF3402D2984200F2CD8026461C1A1FFA41
:1004E0008EF3B4FBF8F008FB104443EA044300FB2E
:1004F00007F79F4208D91CEB030300F1FF3402D237
:100500009F4200F2B0802046DB1B40EA0640A5E790
:10051000C1F120068B4022FA06F71F4320FA06FCA1
:1005200004FA01F343EA0C03F44000FA01F8380C32
:100530004FEA1349B4FBF0FE1FFA87FC00FB1E4490
:1005400049EA04440EFB0CF9A14502FA01F20AD96A
:100550003C190EF1FF3A80F08480A14540F2818081
:10056000AEF1020E3C44A4EB09041FFA83F9B4FB7C
:10057000F0F300FB134449EA044403FB0CFCA445DC
:1005800007D93C1903F1FF3067D2A44565D9023B76
:100590003C4443EA0E40A0FB0293A4EB0C049C42B3
:1005A000CE469C4651D34ED055B1B8EB0E0364EB0A
:1005B0000C0404FA06F6CB401E43CC40C5E90064A7
:1005C000002150E7C2F1200320FA03F10CFA02FCEB
:1005D00024FA03F394400C434FEA1C4800FA02FE4D
:1005E0001FFA8CF7B3FBF8F008FB1031230C43EA39
:1005F000014300FB07F1994208D91CEB030300F10A
:10060000FF362CD299422AD9023863445B1AA4B22D
:10061000B3FBF8F108FB113344EA034401FB07F391
:10062000A34208D91CEB040401F1FF3613D2A34204
:1006300011D902396444E41A41EA004139E7044619
:10064000F0E6084606E7C845AED2B9EB020E63EB0A
:10065000070C0138A8E73146EDE7034699E7304635
:10066000D4E7D6467FE7634402384DE70646234683
:1006700008460FE7023E634430E700BF704700BF03
:1006800080B588B000AF00F001FB0346012B17D105
:100690000D4B1B6801330C4A13600B4B1A683B4629
:1006A0000A49184608F05EF83B46082219460848F1
:1006B00000F062FA044B1B681946064807F0E2FF97
:1006C00000BF2037BD4680BDF401002400A900080A
:1006D0000000120814A9000880B500AF094B1B7870
:1006E0000133DAB2074B1A70064B1B78142B07D96B
:1006F000044B00221A704FF40051034802F03FFBF4
:1007000000BF80BDF80100240008025880B588B001
:1007100000AF00233B603B1D00221A605A609A60C4
:10072000DA601A615A619A61642000F0B9FF3B46B1
:1007300008221946094800F053F8094808F00AF859
:100740003B461946074807F09DFFFFF799FFFFF763
:10075000C3FF0A2000F0A4FF00BFF6E70000120864
:100760002CA900083CA9000880B483B000AF7860D1
:100770007B681B68054A934202D1054B01221A800F
:1007800000BF0C37BD465DF8047B70470010004089
:10079000FA01002480B582B000AF7860084B0022D7
:1007A0001A80084805F0AAF900BF054B1B88002BEA
:1007B000FBD0044805F01AFA00BF0837BD4680BDDB
:1007C000FA0100240402002480B483B000AF7860F2
:1007D0007B681B6818460C37BD465DF8047B704784
:1007E00090B587B000AFF860B9607A6000237B6194
:1007F0000EE07B699B00BA68D418F868FFF7E4FF45
:1008000003462360FB680433FB607B6901337B6133
:100810007A697B689A42ECD300BF00BF1C37BD46A3
:1008200090BD000080B485B000AF0346FB7100238B
:10083000FB60FB79002B03D1264B1B69FB6003E0B7
:10084000244BD3F81031FB60FB6803F40033002B1A
:1008500001D0012338E0FB6803F48023002B01D092
:10086000022331E0FB6803F40023002B01D00323B3
:100870002AE0FB6803F40013002B01D0042323E0DB
:10088000FB6803F48003002B01D005231CE0FB6808
:1008900003F40003002B01D0062315E0FB6803F0EE
:1008A0008073002B01D007230EE0FB6803F0007378
:1008B000002B01D0082307E0FB6803F08063002BC6
:1008C00001D0092300E0002318461437BD465DF827
:1008D000047B70470020005280B483B000AF786082
:1008E0007B68304A934201D8002354E07B682E4A4B
:1008F000934201D801234EE07B682C4A934201D8F1
:10090000022348E07B682A4A934201D8032342E04D
:100910007B68284A934201D804233CE07B68264A3E
:10092000934201D8052336E07B68244A934201D8DC
:10093000062330E07B68B3F1016F01D207232AE080
:100940007B681F4A934201D8002324E07B681D4A3C
:10095000934201D801231EE07B681B4A934201D8D1
:10096000022318E07B68194A934201D8032312E05E
:100970007B68174A934201D804230CE07B68154A30
:10098000934201D8052306E07B68134A934201D8BD
:10099000062300E0072318460C37BD465DF8047BAC
:1009A000704700BFFFFF0108FFFF0308FFFF0508B6
:1009B000FFFF0708FFFF0908FFFF0B08FFFF0D08F7
:1009C000FFFF1108FFFF1308FFFF1508FFFF1708BF
:1009D000FFFF1908FFFF1B08FFFF1D0880B584B04B
:1009E00000AF03463960FB710023FB720023FB60FC
:1009F000FB79002B03D1194B1B69FB6003E0174BFC
:100A0000D3F81031FB60FB6803F00703002B0AD01A
:100A10000A20FFF7BFFE3B68013B3B603B68002BB1
:100A2000E6D1FF2315E000BFFB791846FFF7FAFE79
:100A30000346FB72FB7A002B0AD0FB79002B03D113
:100A4000064B074A5A6103E0044B054AC3F81421D8
:100A5000FB7A18461037BD4680BD00BF002000520B
:100A60000000EE0780B584B000AF786039600823DD
:100A7000FB7300237B737B68B3F1016F02D2002309
:100A80007B7301E001237B737B7BFF211846FFF71B
:100A9000A5FF0346BB73BB7B002B65D17B7B002B83
:100AA00012D1344BDB68334A23F03003D360314B2F
:100AB000DB68304A43F02003D3602E4BDB682D4ABD
:100AC00043F00203D36025E02A4BD3F80C31294AC6
:100AD00023F03003C2F80C31264BD3F80C31254AF1
:100AE00043F02003C2F80C31224BD3F80C31214AD9
:100AF00043F00203C2F80C310CE07B683A681268DC
:100B00001A607B6804337B603B6804333B60FB7B8B
:100B1000013BFB73FB7B002BEFD10023BB6002E0AA
:100B2000BB680133BB60BB6842F20F729342F7DDD2
:100B3000BFF34F8F00BF7B7BFF211846FFF74EFFAF
:100B40000346BB737B7B002B06D10A4BDB68094A4B
:100B500023F00203D36007E0064BD3F80C31054ABB
:100B600023F00203C2F80C31BB7B18461037BD4698
:100B700080BD00BF0020005280B58CB000AFF8608F
:100B8000B9607A6000233B610023FB620023BB62F3
:100B9000FB68B3F1006F08D3FB68B3F1026F04D2B6
:100BA000FB6803F00303002B01D0012355E001F0A3
:100BB00093FCFB68FB627B689B00FA681344BB6292
:100BC0002BE0F86AFFF700FE0346B3F1FF3F21D0A8
:100BD00000237B61F86AFFF77FFE0346FB61FB6A37
:100BE000B3F1016F01D3022300E00123BB610123B4
:100BF0003B6220237B6207F1100207F114031146C8
:100C0000184601F069FD0346002B06D001F09EFC5A
:100C1000012322E0FB6A0433FB62FA6ABB6A9A4250
:100C2000CFD3104807F096FD10E0B968F868FFF7D9
:100C300019FF0346002B03D001F088FC01230CE0D0
:100C4000FB682033FB60BB682033BB60FA68BB6A7B
:100C50009A42EAD301F07AFC002318463037BD46A9
:100C600080BD00BF4CA9000880B500AF4FF4004123
:100C7000054802F053F80346002B01D1012300E0A0
:100C80000023184680BD00BF0008025880B500AFA1
:100C9000FFF7EAFF0346012B0AD10B4B1B88032BFE
:100CA00009D8094B1B8801339AB2074B1A8002E01E
:100CB000054B00221A80044B1B88022B01D1012313
:100CC00000E00023184680BDFC01002480B588B0F8
:100CD00000AF07F10C0300221A605A609A60DA60D4
:100CE0001A61294BD3F8E030274A43F00403C2F8D5
:100CF000E030254BD3F8E03003F00403BB60BB6861
:100D0000214BD3F8E030204A43F08003C2F8E030B2
:100D10001D4BD3F8E03003F080037B607B681A4BF7
:100D2000D3F8E030184A43F00103C2F8E030164B24
:100D3000D3F8E03003F001033B603B6800224FF43E
:100D40000051124802F002F84FF40053FB600123F7
:100D50003B6100237B610023BB6107F10C03194653
:100D60000A4801F02BFE4FF40043FB6000233B6177
:100D700000237B6107F10C031946044801F01EFEB5
:100D800000BF2037BD4680BD00440258000802580D
:100D900080B500AF00F0CEF800F0F0FB00F00AF8EC
:100DA000FFF794FF00F002FB00F0A2FAFFF7AEFCA1
:100DB00000BFFDE780B59EB000AF07F12C034C22C9
:100DC0000021184607F0C6FD07F10C032022002180
:100DD000184607F0BFFD022001F0ECFF0023BB60C6
:100DE000484BDB6A474A23F00103D362454BDB6A79
:100DF00003F00103BB60444B9B69434A43F4404307
:100E00009361414B9B6903F44043BB60BB6800BFE7
:100E10003D4B9B6903F40053B3F5005FF8D13B4BA6
:100E2000D3F8F430394A43F00203C2F8F430374BB8
:100E3000D3F8F43003F002037B607B6800233B604F
:100E4000314B9B69304A43F4404393612E4B9B697D
:100E500003F440433B602B4BDB6A2A4A43F0010317
:100E6000D362284BDB6A03F001033B603B6800BFA1
:100E7000254B9B6903F40053B3F5005FF8D10123C0
:100E8000FB624FF480333B6302233B6502237B65A7
:100E90000523BB65C023FB6502233B6602237B66FB
:100EA0000223BB660823FB6600233B6700237B67A6
:100EB00007F12C03184601F0B7FF0346002B01D0C1
:100EC00000F064F83F23FB6003233B6100237B6158
:100ED0000823BB614023FB6140233B624FF48063E6
:100EE0007B624023BB6207F10C030421184602F029
:100EF000F5FB0346002B01D000F048F800BF78371F
:100F0000BD4680BD00040058004802580044025805
:100F100080B582B000AF7860391D4FF6FF730122B3
:100F2000034805F063F97B6818460837BD4680BD65
:100F30005002002480B584B000AF3B4600221A6006
:100F40005A609A60DA6000F0EBFC01233B700023EA
:100F50007B7000237B601F233B7287237B720023FF
:100F6000BB720023FB7201233B7301237B730023BD
:100F7000BB730023FB733B46184600F009FD0420B9
:100F800000F0E6FC00BF1037BD4680BD80B400AF66
:100F900072B600BF00BFFDE780B483B000AF0A4B5C
:100FA000D3F8F430084A43F00203C2F8F430064B99
:100FB000D3F8F43003F002037B607B6800BF0C378A
:100FC000BD465DF8047B70470044025880B400AF12
:100FD00000BFFDE780B400AF00BFFDE780B400AF05
:100FE00000BFFDE780B400AF00BFFDE780B400AFF5
:100FF00000BFFDE780B400AF00BFBD465DF8047BD5
:10100000704780B400AF00BFBD465DF8047B7047F9
:1010100080B400AF00BFBD465DF8047B704780B56B
:1010200000AF00F01DFB00BF80BD000080B500AF29
:10103000024804F00AFE00BF80BD00BF0402002485
:1010400080B500AF024805F05FF900BF80BD00BF6A
:101050005002002480B400AF01231846BD465DF85D
:10106000047B704780B582B000AF7860396007F0CC
:10107000C3FC034616221A604FF0FF3318460837A8
:10108000BD4680BD80B582B000AF78604FF0FF31C3
:101090007868FFF7E7FF00BFFDE780B586B000AFD7
:1010A000F860B9607A6000237B610AE0AFF30080EA
:1010B0000146BB685A1CBA60CAB21A707B69013318
:1010C0007B617A697B689A42F0DB7B681846183747
:1010D000BD4680BD80B586B000AFF860B9607A606B
:1010E00000237B6109E0BB685A1CBA601B78184674
:1010F000FFF70EFF7B6901337B617A697B689A4257
:10110000F1DB7B6818461837BD4680BD80B483B0DC
:1011100000AF78604FF0FF3318460C37BD465DF8DE
:10112000047B704780B483B000AF786039603B685F
:101130004FF400525A60002318460C37BD465DF844
:10114000047B704780B483B000AF786001231846F9
:101150000C37BD465DF8047B704780B485B000AFA6
:10116000F860B9607A60002318461437BD465DF810
:10117000047B704780B586B000AF7860144A154B89
:10118000D31A7B617B693B61134B1B68002B02D137
:10119000114B124A1A60104B1A687B6813443A6963
:1011A0009A4207D207F028FC03460C221A604FF03F
:1011B000FF3309E0084B1B68FB60074B1A687B682C
:1011C0001344054A1360FB6818461837BD4680BDB6
:1011D0000000082400040000000200245004002441
:1011E00080B400AF374BD3F88830364A43F47003ED
:1011F000C2F88830344B1B6803F00F03062B07D866
:10120000314B1B6823F00F032F4A43F00703136091
:101210002E4B1B682D4A43F0010313602B4B002219
:101220001A612A4B1A682949294B13400B60264B37
:101230001B6803F00803002B07D0234B1B6823F027
:101240000F03214A43F007031360204B00229A61E9
:101250001E4B0022DA611D4B00221A621B4B1D4AF5
:101260009A621A4B1C4ADA62184B1C4A1A63174BD3
:1012700000225A63154B194A9A63144B0022DA6311
:10128000124B164A1A64114B00225A640F4B1B680A
:101290000E4A23F4802313600C4B00221A66104B75
:1012A0001A68104B1340B3F1005F02D20E4B0122BB
:1012B0001A600E4B43F2D2021A6000BFBD465DF8C1
:1012C000047B704700ED00E000200052004402580B
:1012D0007FEDF6EA000202020000FF018002010138
:1012E0000010005C0000FFFF088100510040005228
:1012F00080B584B000AF3B1D00221A605A609A602E
:10130000144B154A1A60134B17225A60114B0022D6
:101310009A60104B6422DA600E4B00229A610D48ED
:1013200004F094FB0346002B01D0FFF72FFE0023AF
:101330007B600023FB603B1D1946064804F05AFE03
:101340000346002B01D0FFF721FE00BF1037BD463A
:1013500080BD00BF040200240010004080B584B0AE
:1013600000AF78607B681B680E4A934216D10E4B23
:10137000D3F8E8300C4A43F01003C2F8E8300A4BC7
:10138000D3F8E83003F01003FB60FB680022002173
:10139000362000F090FA362000F0A7FA00BF103790
:1013A000BD4680BD001000400044025880B500AF2B
:1013B000224B234A1A60214B4FF4E1325A601F4BF3
:1013C00000229A601D4B0022DA601C4B00221A6139
:1013D0001A4B0C225A61194B00229A61174B0022BA
:1013E0001A62164B00225A62144B00229A62134B67
:1013F00000225A66114804F0A9FE0346002B01D0D2
:10140000FFF7C4FD00210D4806F078FB0346002BD2
:1014100001D0FFF7BBFD0021084806F0ADFB0346F5
:10142000002B01D0FFF7B2FD044806F02EFB034667
:10143000002B01D0FFF7AAFD00BF80BD50020024A1
:10144000000C005880B5BAB000AF786007F1D40343
:1014500000221A605A609A60DA601A6107F110037C
:10146000C0220021184607F075FA7B681B682B4ADA
:1014700093424ED14FF004024FF00003C7E904231A
:101480000023C7F8A43007F11003184602F0B2FC9D
:101490000346002B01D0FFF779FD214BD3F8F43040
:1014A0001F4A43F00803C2F8F4301D4BD3F8F43060
:1014B00003F00803FB60FB68194BD3F8E030184ACF
:1014C00043F00103C2F8E030154BD3F8E03003F0ED
:1014D0000103BB60BB684FF4C063C7F8D43002237C
:1014E000C7F8D8300023C7F8DC300023C7F8E03055
:1014F0000323C7F8E43007F1D4031946094801F083
:101500005DFA002200218E2000F0D5F98E2000F037
:10151000ECF900BFE837BD4680BD00BF000C0058A5
:101520000044025800000258DFF834D0FFF758FE9C
:101530000C480D490D4A002302E0D458C45004332E
:10154000C4188C42F9D30A4A0A4C002301E0136004
:101550000432A242FBD307F055FAFFF719FC70479B
:101560000000082400000024D801002420AD000859
:10157000D801002450040024FEE7000080B582B0AA
:1015800000AF032000F08CF902F05EFA0246154B22
:101590009B691B0A03F00F031349CB5C03F01F0385
:1015A00022FA03F37B600F4B9B6903F00F030E4A93
:1015B000D35C03F01F037A6822FA03F30B4A13602B
:1015C0000B4A7B6813600F2000F014F80346002BD1
:1015D00001D0012302E0FFF7DFFC002318460837A3
:1015E000BD4680BD0044025864A9000804000024E0
:1015F0000000002480B582B000AF7860154B1B78E6
:10160000002B01D1012321E0134B1A68114B1B78E9
:1016100019464FF47A73B3FBF1F3B2FBF3F31846B8
:1016200000F071F90346002B01D001230EE07B6826
:101630000F2B0AD8002279684FF0FF3000F03BF9F9
:10164000064A7B681360002300E001231846083730
:10165000BD4680BD0C0000240000002408000024CA
:1016600080B400AF064B1B781A46064B1B68134428
:10167000044A136000BFBD465DF8047B704700BF9D
:101680000C000024E402002480B400AF034B1B686C
:101690001846BD465DF8047B704700BFE402002495
:1016A00080B584B000AF7860FFF7EEFFB8607B686C
:1016B000FB60FB68B3F1FF3F05D00A4B1B781A466D
:1016C000FB681344FB6000BFFFF7DEFF0246BB6808
:1016D000D31AFA689A42F7D800BF00BF1037BD4648
:1016E00080BD00BF0C00002480B400AF034B1B681A
:1016F0001B0C1846BD465DF8047B70470010005C6B
:1017000080B485B000AF78607B6803F00703FB60AE
:101710000B4BDB68BB60BA684FF6FF031340BB603E
:10172000FB681A02BB681A43064B1343BB60044AAA
:10173000BB68D36000BF1437BD465DF8047B7047BB
:1017400000ED00E00000FA0580B400AF044BDB6858
:101750001B0A03F007031846BD465DF8047B70477B
:1017600000ED00E080B483B000AF0346FB80B7F922
:101770000630002B0BDBFB8803F01F020749B7F98B
:1017800006305B09012000FA02F241F8232000BF75
:101790000C37BD465DF8047B704700BF00E100E0F8
:1017A00080B483B000AF03463960FB80B7F90630E0
:1017B000002B0ADB3B68DAB20C49B7F9063012019C
:1017C000D2B20B4483F800230AE03B68DAB208493E
:1017D000FB8803F00F03043B1201D2B20B441A76CC
:1017E00000BF0C37BD465DF8047B704700E100E0A8
:1017F00000ED00E080B489B000AFF860B9607A60B5
:10180000FB6803F00703FB61FB69C3F10703042BCB
:1018100028BF0423BB61FB690433062B02D9FB6993
:10182000033B00E000237B614FF0FF32BB6902FA0B
:1018300003F3DA43BB681A407B699A404FF0FF31EB
:101840007B6901FA03F3D9437B680B4013431846C5
:101850002437BD465DF8047B7047000080B582B038
:1018600000AF78607B68013BB3F1807F01D3012337
:101870000FE00A4A7B68013B53600F214FF0FF30B5
:10188000FFF78EFF054B00229A60044B07221A6077
:10189000002318460837BD4680BD00BF10E000E0B9
:1018A00080B582B000AF78607868FFF729FF00BF8D
:1018B0000837BD4680BD80B586B000AF0346B9602D
:1018C0007A60FB81FFF740FF78617A68B9687869D0
:1018D000FFF790FF0246B7F90E3011461846FFF7A2
:1018E0005FFF00BF1837BD4680BD80B582B000AF36
:1018F0000346FB80B7F906301846FFF733FF00BFF9
:101900000837BD4680BD80B582B000AF786078688A
:10191000FFF7A4FF034618460837BD4680BD000008
:1019200080B400AFBFF35F8F00BF074B5B6A064A0E
:1019300023F480335362054B00225A6000BFBD463A
:101940005DF8047B704700BF00ED00E090ED00E023
:1019500080B483B000AF78600B4A7B6843F001032A
:1019600053600A4B5B6A094A43F480335362BFF306
:101970004F8F00BFBFF36F8F00BF00BF0C37BD4656
:101980005DF8047B704700BF90ED00E000ED00E0E3
:1019900080B483B000AF78607B685A781B4B9A6044
:1019A0001A4B1B69194A23F001031361174A7B681C
:1019B0005B68D3607B681B7B1A077B68DB7A1B063E
:1019C0001A437B689B7ADB041A437B685B7B9B042E
:1019D0001A437B689B7B5B041A437B68DB7B1B049D
:1019E0001A437B685B7A1B021A437B681B7A5B0095
:1019F00013437A6812781146044A0B43136100BFFF
:101A00000C37BD465DF8047B704700BF90ED00E0E9
:101A100080B586B000AF7860FFF736FE38617B682E
:101A2000002B01D10123DCE27B6893F83530DBB277
:101A3000022B08D07B6880225A657B68002283F8DD
:101A400034200123CDE27B681B68764A93424AD05A
:101A50007B681B68744A934245D07B681B68734A55
:101A6000934240D07B681B68714A93423BD07B68AD
:101A70001B68704A934236D07B681B686E4A93425B
:101A800031D07B681B686D4A93422CD07B681B6801
:101A90006B4A934227D07B681B686A4A934222D0E4
:101AA0007B681B68684A93421DD07B681B68674A45
:101AB000934218D07B681B68654A934213D07B68B9
:101AC0001B68644A93420ED07B681B68624A93424B
:101AD00009D07B681B68614A934204D07B681B680D
:101AE0005F4A934201D1012300E00023002B13D071
:101AF0007B681B681A687B681B6822F01E021A60EC
:101B00007B681B685A697B681B6822F080025A61F7
:101B10007B681B687B610AE07B681B681A687B68CE
:101B20001B6822F00E021A607B681B687B617B6871
:101B30001B683C4A934272D07B681B683A4A9342C6
:101B40006DD07B681B68394A934268D07B681B68FC
:101B5000374A934263D07B681B68364A93425ED013
:101B60007B681B68344A934259D07B681B68334AB0
:101B7000934254D07B681B68314A93424FD07B68B4
:101B80001B68304A93424AD07B681B682E4A9342B6
:101B900045D07B681B682D4A934240D07B681B6808
:101BA0002B4A93423BD07B681B682A4A934236D02B
:101BB0007B681B68284A934231D07B681B68274AA0
:101BC00093422CD07B681B68254A934227D07B68C0
:101BD0001B68244A934222D07B681B68224A9342A6
:101BE0001DD07B681B68214A934218D07B681B6814
:101BF0001F4A934213D07B681B681E4A93420ED043
:101C00007B681B681C4A934209D07B681B681B4A8F
:101C1000934204D07B681B68194A934232D1012356
:101C200031E000BF100002402800024040000240A6
:101C3000580002407000024088000240A0000240AC
:101C4000B800024010040240280402404004024050
:101C5000580402407004024088040240A00402407C
:101C6000B8040240085402581C5402583054025818
:101C700044540258585402586C5402588054025824
:101C8000945402580023002B07D07B681B6E1A68FF
:101C90007B681B6E22F480721A607B681B686D4A39
:101CA00093424AD07B681B686B4A934245D07B685D
:101CB0001B686A4A934240D07B681B68684A93421B
:101CC0003BD07B681B68674A934236D07B681B68B1
:101CD000654A934231D07B681B68644A93422CD09A
:101CE0007B681B68624A934227D07B681B68614A05
:101CF000934222D07B681B685F4A93421DD07B6869
:101D00001B685E4A934218D07B681B685C4A93420A
:101D100013D07B681B685B4A93420ED07B681B68BC
:101D2000594A934209D07B681B68584A934204D0B1
:101D30007B681B68564A934208D17B681B681A6807
:101D40007B681B6822F001021A6007E07B681B6851
:101D50001A687B681B6822F001021A6013E0FFF723
:101D600093FC02463B69D31A052B0CD97B682022D1
:101D70005A657B68032283F835207B68002283F84C
:101D8000342001232DE17B691B6803F00103002B44
:101D9000E5D17B681B682F4A93424AD07B681B6859
:101DA0002D4A934245D07B681B682C4A934240D011
:101DB0007B681B682A4A93423BD07B681B68294A90
:101DC000934236D07B681B68274A934231D07B68A8
:101DD0001B68264A93422CD07B681B68244A934296
:101DE00027D07B681B68234A934222D07B681B68FC
:101DF000214A93421DD07B681B68204A934218D029
:101E00007B681B681E4A934213D07B681B681D4A7F
:101E100093420ED07B681B681B4A934209D07B68B3
:101E20001B681A4A934204D07B681B68184A934285
:101E300001D1012300E00023002B2BD07B689B6D98
:101E4000BB607B68DB6D03F01F033F229A40BB68D9
:101E50009A602AE010000240280002404000024040
:101E6000580002407000024088000240A00002407A
:101E7000B80002401004024028040240400402401E
:101E8000580402407004024088040240A00402404A
:101E9000B80402407B689B6DFB607B68DB6D03F0E0
:101EA0001F0301229A40FB685A607B681B684F4AF7
:101EB000934272D07B681B684D4A93426DD07B6819
:101EC0001B684C4A934268D07B681B684A4A93421D
:101ED00063D07B681B68494A93425ED07B681B686D
:101EE000474A934259D07B681B68464A934254D074
:101EF0007B681B68444A93424FD07B681B68434A07
:101F000093424AD07B681B68414A934245D07B6824
:101F10001B68404A934240D07B681B683E4A93420C
:101F20003BD07B681B683D4A934236D07B681B6878
:101F30003B4A934231D07B681B683A4A93422CD08B
:101F40007B681B68384A934227D07B681B68374AF6
:101F5000934222D07B681B68354A93421DD07B6830
:101F60001B68344A934218D07B681B68324A9342FC
:101F700013D07B681B68314A93420ED07B681B6884
:101F80002F4A934209D07B681B682E4A934204D0A3
:101F90007B681B682C4A934201D1012300E0002397
:101FA000002B15D07B685B6E7A68926E5A607B68F6
:101FB000DB6E002B0CD07B68DB6E1A687B68DB6EF7
:101FC00022F480721A607B681B6F7A68526F5A60C5
:101FD0007B68012283F835207B68002283F8342057
:101FE000002318461837BD4680BD00BF10000240D0
:101FF00028000240400002405800024070000240A9
:1020000088000240A0000240B800024010040240D4
:102010002804024040040240580402407004024078
:1020200088040240A0040240B80402400854025848
:102030001C54025830540258445402585854025800
:102040006C540258805402589454025880B584B09D
:1020500000AF78607B68002B01D1012337E27B68F9
:1020600093F83530DBB2022B04D07B6880225A65AE
:1020700001232CE27B681B685C4A93424AD07B6850
:102080001B685B4A934245D07B681B68594A934260
:1020900040D07B681B68584A93423BD07B681B68E2
:1020A000564A934236D07B681B68554A934231D0DA
:1020B0007B681B68534A93422CD07B681B68524A4A
:1020C000934227D07B681B68504A934222D07B689A
:1020D0001B684F4A93421DD07B681B684D4A934250
:1020E00018D07B681B684C4A934213D07B681B68EE
:1020F0004A4A93420ED07B681B68494A934209D0F2
:102100007B681B68474A934204D07B681B68464A39
:10211000934201D1012300E00023002B00F08680D0
:102120007B68042283F835207B681B682F4A934222
:102130004AD07B681B682E4A934245D07B681B6857
:102140002C4A934240D07B681B682B4A93423BD079
:102150007B681B68294A934236D07B681B68284AF3
:10216000934231D07B681B68264A93422CD07B680F
:102170001B68254A934227D07B681B68234A9342F9
:1021800022D07B681B68224A93421DD07B681B6863
:10219000204A934218D07B681B681F4A934213D091
:1021A0007B681B681D4A93420ED07B681B681C4AE3
:1021B000934209D07B681B681A4A934204D07B681B
:1021C0001B68194A934208D17B681B681A687B68B0
:1021D0001B6822F001021A6078E17B681B681A68AC
:1021E0007B681B6822F001021A606FE11000024058
:1021F00028000240400002405800024070000240A7
:1022000088000240A0000240B800024010040240D2
:102210002804024040040240580402407004024076
:1022200088040240A0040240B80402407B681B6896
:102230001A687B681B6822F00E021A607B681B68B4
:102240006C4A93424AD07B681B686B4A934245D0E4
:102250007B681B68694A934240D07B681B68684A68
:1022600093423BD07B681B68664A934236D07B68BA
:102270001B68654A934231D07B681B68634A93426E
:102280002CD07B681B68624A934227D07B681B680E
:10229000604A934222D07B681B685F4A93421DD0FC
:1022A0007B681B685D4A934218D07B681B685C4A58
:1022B000934213D07B681B685A4A93420ED07B68C6
:1022C0001B68594A934209D07B681B68574A93425E
:1022D00004D07B681B68564A934208D17B681B6810
:1022E0001A687B681B6822F001021A6007E07B68AD
:1022F0001B681A687B681B6822F001021A607B6801
:102300001B683C4A934272D07B681B683A4A9342EE
:102310006DD07B681B68394A934268D07B681B6824
:10232000374A934263D07B681B68364A93425ED03B
:102330007B681B68344A934259D07B681B68334AD8
:10234000934254D07B681B68314A93424FD07B68DC
:102350001B68304A93424AD07B681B682E4A9342DE
:1023600045D07B681B682D4A934240D07B681B6830
:102370002B4A93423BD07B681B682A4A934236D053
:102380007B681B68284A934231D07B681B68274AC8
:1023900093422CD07B681B68254A934227D07B68E8
:1023A0001B68244A934222D07B681B68224A9342CE
:1023B0001DD07B681B68214A934218D07B681B683C
:1023C0001F4A934213D07B681B681E4A93420ED06B
:1023D0007B681B681C4A934209D07B681B681B4AB8
:1023E000934204D07B681B68194A934232D101237F
:1023F00031E000BF100002402800024040000240CF
:10240000580002407000024088000240A0000240D4
:10241000B800024010040240280402404004024078
:10242000580402407004024088040240A0040240A4
:10243000B8040240085402581C5402583054025840
:1024400044540258585402586C540258805402584C
:10245000945402580023002B28D07B681B6E1A6806
:102460007B681B6E22F480721A607B689B6DFB6038
:102470007B68DB6D03F01F0301229A40FB685A6002
:102480007B685B6E7A68926E5A607B68DB6E002BAD
:102490000CD07B68DB6E1A687B68DB6E22F480727E
:1024A0001A607B681B6F7A68526F5A607B680122E2
:1024B00083F835207B68002283F834207B681B6D0D
:1024C000002B03D07B681B6D786898470023184663
:1024D0001037BD4680BD00BF80B400AF184BDB682D
:1024E00003F00103002B0DD0154B164A5A60144B14
:1024F000154A5A60124BDB6803F00103002B01D030
:10250000012318E00E4BD3F80C3103F00103002B2C
:1025100010D00B4B0B4AC3F80421094B0A4AC3F8ED
:102520000421074BD3F80C3103F00103002B01D039
:10253000012300E000231846BD465DF8047B704788
:102540000020005223016745AB89EFCD80B400AF76
:10255000124BDB68114A43F00103D3600F4BDB6879
:1025600003F00103002B01D1012311E00B4BD3F841
:102570000C310A4A43F00103C2F80C31074BD3F87F
:102580000C3103F00103002B01D1012300E00023F3
:102590001846BD465DF8047B704700BF002000521E
:1025A00080B586B000AF7860396004237B6100237A
:1025B0003B61FFF769F8F8603B68022B13D1414B90
:1025C0007B6110E07B68B3F1FF3F0CD0FFF75CF854
:1025D0000246FB68D31A7A689A4202D37B68002BC2
:1025E00001D103236AE07A69374B13407A699A4232
:1025F0000AD1364B1A697B6913407A699A420CBF3B
:1026000001230023DBB20CE0304BD3F81031DA4366
:102610007B69134023F00043002B0CBF01230023F0
:10262000DBB2002BCED13B68012B05D1274B1A69B9
:10263000274B13403B6107E0244BD3F81021244B78
:10264000134043F000433B613B6923F00043002B00
:1026500017D0204B9A693B6913431E4A93613A692C
:10266000194B13403A699A4203D1184A3B695361A6
:1026700005E0164A3B6923F00043C2F814310123F8
:102680001CE03B68012B0BD1104B1B6903F480331A
:10269000B3F5803F11D10D4B4FF480325A610CE0FD
:1026A0000A4BD3F8103103F48033B3F5803F04D1E3
:1026B000064B4FF48032C3F8142100231846183714
:1026C000BD4680BD040000800F00EF1F00200052B7
:1026D0000000EE17E802002480B584B000AF7860F7
:1026E00039600023FB735E4B1B7D012B01D102235C
:1026F000B2E05B4B01221A75594B00229A617B684C
:102700005B6803F00103002B09D001214CF250302B
:10271000FFF746FF0346002B01D00123FB737B68C4
:102720005B6803F00203002B09D002214CF2503009
:10273000FFF736FF0346002B01D00123FB73FB7B21
:10274000002B40F085807B681B68012B36D17B68AD
:102750001A697B685B681946104600F087F87B6849
:102760005B6803F00103002B0FD001214CF25030C5
:10277000FFF716FF0346002B01D00123FB73394BF3
:10278000DB68384A23F00803D3607B685B6803F09A
:102790000203002B5CD002214CF25030FFF700FF07
:1027A0000346002B01D00123FB732E4BD3F80C31D1
:1027B0002C4A23F00803C2F80C3149E03B684FF083
:1027C000FF321A607B689B68BB6039E07B685968A0
:1027D0007B681B691A46B86800F0B2F87B685B68D2
:1027E00003F00103002B0CD001214CF25030FFF715
:1027F000D7FE0346FB731B4BDA681A491A4B13408A
:10280000CB607B685B6803F00203002B0ED00221D3
:102810004CF25030FFF7C4FE0346FB73114BD3F864
:102820000C211049104B1340C1F80C31FB7B002BDD
:1028300003D03B68BA681A600AE0BB680133BB602A
:102840007B68DA687B689B681344BA689A42BDD398
:10285000034B00221A75FB7B18461037BD4680BD1E
:10286000E802002400200052FBF8FFFF80B483B090
:1028700000AF786039603B6803F00303032B22D17B
:102880002E4BDB682D4A23F03003D3602B4BD3F85B
:102890000C312A4A23F03003C2F80C31274BDA6896
:1028A00026497B681343CB60244BD3F80C21234982
:1028B0007B681343C1F80C31204B9B691F4A43F0DE
:1028C0001003936133E03B6803F00103002B11D048
:1028D0001A4BDB68194A23F03003D360174BDA68D0
:1028E00016497B681343CB60144BDB68134A43F0F3
:1028F0008803D3603B6803F00203002B17D00F4B13
:10290000D3F80C310D4A23F03003C2F80C310B4BD5
:10291000D3F80C2109497B681343C1F80C31074BEC
:10292000D3F80C31054A43F08803C2F80C3100BFDC
:102930000C37BD465DF8047B704700BF0020005295
:1029400080B485B000AFF860B9607A60BB6803F00E
:102950000103002B10D0184BDB68174A23F4E66301
:10296000D360154BDA68FB6819027B680B4313438D
:10297000114A43F08403D360BB6803F00203002BC9
:1029800014D00D4BD3F80C310B4A23F4E663C2F894
:102990000C31094BD3F80C21FB6819027B680B43FF
:1029A0001343054A43F08403C2F80C3100BF1437C7
:1029B000BD465DF8047B70470020005280B489B0AA
:1029C00000AF786039600023FB61894B7B6194E143
:1029D0003B681A680121FB6901FA03F313403B616C
:1029E0003B69002B00F086813B685B6803F00303C2
:1029F000012B05D03B685B6803F00303022B30D149
:102A00007B689B68BB61FB695B00032202FA03F3EE
:102A1000DB43BA691340BB613B68DA68FB695B0062
:102A200002FA03F3BA691343BB617B68BA699A601F
:102A30007B685B68BB610122FB6902FA03F3DB433D
:102A4000BA691340BB613B685B681B0903F0010274
:102A5000FB6902FA03F3BA691343BB617B68BA6985
:102A60005A603B685B6803F00303032B17D07B6855
:102A7000DB68BB61FB695B00032202FA03F3DB4303
:102A8000BA691340BB613B689A68FB695B0002FA54
:102A900003F3BA691343BB617B68BA69DA603B68C8
:102AA0005B6803F00303022B23D1FB69DA087B6820
:102AB000083253F82230BB61FB6903F007039B0027
:102AC0000F2202FA03F3DB43BA691340BB613B6890
:102AD0001A69FB6903F007039B0002FA03F3BA6962
:102AE0001343BB61FB69DA087B680832B96943F8B4
:102AF00022107B681B68BB61FB695B00032202FA42
:102B000003F3DB43BA691340BB613B685B6803F0C6
:102B10000302FB695B0002FA03F3BA691343BB616A
:102B20007B68BA691A603B685B6803F44033002B2A
:102B300000F0E0802F4BD3F8F4302E4A43F002032C
:102B4000C2F8F4302B4BD3F8F43003F00203FB60EF
:102B5000FB68294AFB699B08023352F82330BB61AA
:102B6000FB6903F003039B000F2202FA03F3DB432C
:102B7000BA691340BB617B68204A934252D07B689C
:102B80001F4A934231D07B681E4A93422BD07B6808
:102B90001D4A934225D07B681C4A93421FD07B6814
:102BA0001B4A934219D07B681A4A934213D07B6820
:102BB000194A93420DD07B68184A934207D07B682C
:102BC000174A934201D109232DE00A232BE0082361
:102BD00029E0072327E0062325E0052323E004233B
:102BE00021E003231FE002231DE001231BE000BFBF
:102BF00080000058004402580004005800000258A9
:102C00000004025800080258000C02580010025834
:102C10000014025800180258001C025800200258E4
:102C2000002402580023FA6902F003029200934044
:102C3000BA691343BB613849FB699B080233BA691F
:102C400041F823204FF0B0431B68BB613B69DB4375
:102C5000BA691340BB613B685B6803F48013002BC7
:102C600003D0BA693B691343BB614FF0B042BB6903
:102C700013604FF0B0435B68BB613B69DB43BA69EB
:102C80001340BB613B685B6803F40013002B03D067
:102C9000BA693B691343BB614FF0B042BB695360F3
:102CA0007B695B68BB613B69DB43BA691340BB610D
:102CB0003B685B6803F40033002B03D0BA693B69BF
:102CC0001343BB617B69BA695A607B691B68BB614E
:102CD0003B69DB43BA691340BB613B685B6803F443
:102CE0008033002B03D0BA693B691343BB617B6916
:102CF000BA691A60FB690133FB613B681A68FB69BA
:102D000022FA03F3002B7FF463AE00BF00BF243729
:102D1000BD465DF8047B70470004005880B485B060
:102D200000AF78600B467B807B681A697B88134014
:102D3000002B02D00123FB7301E00023FB73FB7B1C
:102D400018461437BD465DF8047B704780B483B0E5
:102D500000AF78600B467B8013467B707B78002B3E
:102D600003D07A887B689A6103E07B881A047B68C9
:102D70009A6100BF0C37BD465DF8047B704780B494
:102D800085B000AF78600B467B807B685B69FB6039
:102D90007A88FB6813401A04FB68D9437B880B4090
:102DA0001A437B689A6100BF1437BD465DF8047B07
:102DB0007047000080B584B000AF7860194BDB68C5
:102DC00003F00403042B0AD0164BDB6803F007035F
:102DD0007A689A4201D001231FE000231DE0114BC5
:102DE000DB6823F007020F497B681343CB60FEF7D3
:102DF0004BFCF86009E0FEF747FC0246FB68D31A7B
:102E0000B3F57A7F01D9012307E0064B5B6803F431
:102E10000053B3F5005FEED1002318461037BD46CE
:102E200080BD00BF0048025880B58CB000AF78600C
:102E30007B68002B02D1012300F048BC7B681B6833
:102E400003F00103002B00F08880994B1B6903F00D
:102E50003803FB62964B9B6ABB62FB6A102B07D060
:102E6000FB6A182B11D1BB6A03F00303022B0CD1B0
:102E70008F4B1B6803F40033002B6DD07B685B68BD
:102E8000002B69D1012300F021BC7B685B68B3F59E
:102E9000803F06D1864B1B68854A43F4803313601C
:102EA0002EE07B685B68002B0CD1814B1B68804A4D
:102EB00023F4803313607E4B1B687D4A23F4802308
:102EC00013601DE07B685B68B3F5A02F0CD1784BD5
:102ED0001B68774A43F480231360754B1B68744A60
:102EE00043F4803313600BE0714B1B68704A23F48A
:102EF000803313606E4B1B686D4A23F4802313608C
:102F00007B685B68002B13D0FEF7BEFB786208E09D
:102F1000FEF7BAFB02467B6AD31A642B01D903235E
:102F2000D4E3634B1B6803F40033002BF0D014E0B0
:102F3000FEF7AAFB786208E0FEF7A6FB02467B6A72
:102F4000D31A642B01D90323C0E3594B1B6803F444
:102F50000033002BF0D100E000BF7B681B6803F05A
:102F60000203002B00F0CA80514B1B6903F03803A9
:102F70003B624F4B9B6AFB613B6A002B07D03B6A6D
:102F8000182B56D1FB6903F00303002B51D1484B9A
:102F90001B6803F00403002B05D07B68DB68002B63
:102FA00001D1012392E3424B1B6823F019027B6895
:102FB000DB683F4913430B60FEF766FB786208E06D
:102FC000FEF762FB02467B6AD31A022B01D9032368
:102FD0007CE3374B1B6803F00403002BF0D0FEF7B3
:102FE00083FB034641F20302934217D87B681B69B7
:102FF000402B08D12E4B5B6823F47C332C4A43F4DE
:10300000003353607AE02A4B5B6823F47C327B68A0
:103010001B691B03264913434B606FE0244B5B681D
:1030200023F0FE427B681B691B06214913434B605A
:1030300064E07B68DB68002B47D01D4B1B6823F0E6
:1030400019027B68DB681A4913430B60FEF71CFB0F
:10305000786208E0FEF718FB02467B6AD31A022B5F
:1030600001D9032332E3124B1B6803F00403002B46
:10307000F0D0FEF739FB034641F20302934219D820
:103080007B681B69402B08D1094B5B6823F47C33B8
:10309000074A43F40033536030E0054B5B6823F488
:1030A0007C327B681B691B03014913434B6025E09D
:1030B000004402589A4B5B6823F0FE427B681B6910
:1030C0001B06974913434B6018E0954B1B68944AC5
:1030D00023F001031360FEF7D7FA786208E0FEF7E9
:1030E000D3FA02467B6AD31A022B01D90323EDE2FD
:1030F0008B4B1B6803F00403002BF0D17B681B682B
:1031000003F01003002B00F0A980854B1B6903F02E
:103110003803BB61824B9B6A7B61BB69082B07D07C
:10312000BB69182B3AD17B6903F00303012B35D11E
:103130007B4B1B6803F48073002B05D07B68DB6935
:10314000802B01D00123C1E2FEF7CEFA034641F203
:103150000302934217D87B681B6A202B08D1704B5F
:103160005B6823F0F8436E4A43F08043536075E098
:103170006B4B5B6823F0F8427B681B6A9B066849CF
:1031800013434B606AE0664BDB6823F07C527B683C
:103190001B6A1B0662491343CB605FE07B68DB69F7
:1031A000002B42D05E4B1B685D4A43F080031360E6
:1031B000FEF76AFA786208E0FEF766FA02467B6A72
:1031C000D31A022B01D9032380E2554B1B6803F469
:1031D0008073002BF0D0FEF787FA034641F203021A
:1031E000934217D87B681B6A202B08D14C4B5B6835
:1031F00023F0F8434A4A43F0804353602EE0484BA3
:103200005B6823F0F8427B681B6A9B0644491343C2
:103210004B6023E0424BDB6823F07C527B681B6AE7
:103220001B063F491343CB6018E03D4B1B683C4AEB
:1032300023F080031360FEF727FA786208E0FEF7B8
:1032400023FA02467B6AD31A022B01D903233DE2FB
:10325000334B1B6803F48073002BF0D17B681B6831
:1032600003F00803002B36D07B685B69002B19D074
:103270002B4B5B6F2A4A43F001035367FEF704FAB6
:10328000786208E0FEF700FA02467B6AD31A022B46
:1032900001D903231AE2224B5B6F03F00203002BD8
:1032A000F0D018E01E4B5B6F1D4A23F001035367FB
:1032B000FEF7EAF9786208E0FEF7E6F902467B6A73
:1032C000D31A022B01D9032300E2154B5B6F03F0E5
:1032D0000203002BF0D17B681B6803F02003002B56
:1032E00039D07B689B69002B1CD00D4B1B680C4AA6
:1032F00043F480531360FEF7C7F9786208E0FEF7E5
:10330000C3F902467B6AD31A022B01D90323DDE1FC
:10331000034B1B6803F40053002BF0D01BE000BFED
:10332000004402589B4B1B689A4A23F48053136055
:10333000FEF7AAF9786208E0FEF7A6F902467B6A72
:10334000D31A022B01D90323C0E1924B1B6803F46B
:103350000053002BF0D17B681B6803F00403002BA3
:1033600000F081808C4B1B688B4A43F480731360A0
:10337000FEF78AF9786208E0FEF786F902467B6A72
:10338000D31A642B01D90323A0E1834B1B6803F4F8
:103390008073002BF0D07B689B68012B06D17D4B9E
:1033A0001B6F7C4A43F0010313672DE07B689B6829
:1033B000002B0CD1774B1B6F764A23F00103136768
:1033C000744B1B6F734A23F0040313671CE07B6884
:1033D0009B68052B0CD16F4B1B6F6E4A43F00403A7
:1033E00013676C4B1B6F6B4A43F0010313670BE0D1
:1033F000684B1B6F674A23F001031367654B1B6F14
:10340000644A23F0040313677B689B68002B15D084
:10341000FEF73AF978620AE0FEF736F902467B6A6F
:10342000D31A41F28832934201D903234EE1594B1A
:103430001B6F03F00203002BEED014E0FEF724F91B
:1034400078620AE0FEF720F902467B6AD31A41F25D
:103450008832934201D9032338E14E4B1B6F03F0AE
:103460000203002BEED17B685B6A002B00F02D81FC
:10347000484B1B6903F03803182B00F0BD807B68B4
:103480005B6A022B40F09E80424B1B68414A23F04E
:1034900080731360FEF7F8F8786208E0FEF7F4F83E
:1034A00002467B6AD31A022B01D903230EE1394B62
:1034B0001B6803F00073002BF0D1364B9A6A374B30
:1034C00013407A68916A7A68D26A12010A433149D4
:1034D00013438B627B681B6B013BC3F308027B6861
:1034E0005B6B013B5B029BB21A437B689B6B013BAE
:1034F0001B0403F4FE031A437B68DB6B013B1B06D2
:1035000003F0FE43234913430B63224BDB6A214A3A
:1035100023F00103D3621F4B5A6B214B13407A688F
:10352000926CD2001B4913434B631A4BDB6A23F0A6
:103530000C027B681B6C17491343CB62154BDB6A8B
:1035400023F002027B685B6C12491343CB62114B80
:10355000DB6A104A43F48033D3620E4BDB6A0D4AB8
:1035600043F40033D3620B4BDB6A0A4A43F48023F3
:10357000D362084BDB6A074A43F00103D362054B71
:103580001B68044A43F080731360FEF77DF878628D
:1035900011E000BF00440258004802580CFCFFFF35
:1035A0000700FFFFFEF770F802467B6AD31A022B72
:1035B00001D903238AE0474B1B6803F00073002BFB
:1035C000F0D082E0434B1B68424A23F080731360C3
:1035D000FEF75AF8786208E0FEF756F802467B6A72
:1035E000D31A022B01D9032370E03A4B1B6803F076
:1035F0000073002BF0D168E0364B9B6A3B61354B82
:103600001B6BFB607B685B6A012B31D03B6903F06D
:1036100003027B689B6A9A422AD13B691B0903F02B
:103620003F027B68DB6A9A4222D1FB68C3F308023F
:103630007B681B6B013B9A421AD1FB685B0A03F063
:103640007F027B685B6B013B9A4211D1FB681B0CCC
:1036500003F07F027B689B6B013B9A4208D1FB68B9
:103660001B0E03F07F027B68DB6B013B9A4201D0AB
:1036700001232BE0174B5B6BDB08C3F30C033B61AF
:103680007B689B6C3A699A421FD0124BDB6A114AE5
:1036900023F00103D362FDF7F7FF786200BFFDF767
:1036A000F3FF02467B6A9342F9D00A4B5A6B0A4BEE
:1036B00013407A68926CD200064913434B63054B62
:1036C000DB6A044A43F00103D36200231846303713
:1036D000BD4680BD004402580700FFFF80B586B09C
:1036E00000AF786039607B68002B01D101239CE139
:1036F0008A4B1B6803F00F033A689A4210D9874B34
:103700001B6823F00F0285493B6813430B60834B12
:103710001B6803F00F033A689A4201D0012384E149
:103720007B681B6803F00403002B10D07B681A69C8
:103730007B4B9B6903F070039A4208D9784B9B69D5
:1037400023F070027B681B69754913438B617B68AA
:103750001B6803F00803002B10D07B685A69704B7C
:10376000DB6903F070039A4208D96D4BDB6923F0E3
:1037700070027B685B696A491343CB617B681B6895
:1037800003F01003002B10D07B689A69644BDB694F
:1037900003F4E0639A4208D9614BDB6923F4E062E9
:1037A0007B689B695E491343CB617B681B6803F0B0
:1037B0002003002B10D07B68DA69594B1B6A03F099
:1037C00070039A4208D9564B1B6A23F070027B683B
:1037D000DB69534913430B627B681B6803F00203E8
:1037E000002B10D07B68DA684D4B9B6903F00F0308
:1037F0009A4208D94A4B9B6923F00F027B68DB6829
:10380000474913438B617B681B6803F00103002B5E
:1038100055D0434B9B6923F470627B689B68404999
:1038200013438B617B685B68022B07D13C4B1B68A1
:1038300003F40033002B21D10123F6E07B685B68A1
:10384000032B07D1364B1B6803F00073002B15D1F7
:103850000123EAE07B685B68012B07D1304B1B68D2
:1038600003F48073002B09D10123DEE02C4B1B688D
:1038700003F00403002B01D10123D6E0284B1B6980
:1038800023F007027B685B68254913430B61FDF752
:10389000FBFE78610AE0FDF7F7FE02467B69D31A6A
:1038A00041F28832934201D90323BEE01C4B1B69CD
:1038B00003F038027B685B68DB009A42EBD17B68DF
:1038C0001B6803F00203002B10D07B68DA68144BEE
:1038D0009B6903F00F039A4208D2114B9B6923F0B6
:1038E0000F027B68DB680E4913438B610B4B1B682F
:1038F00003F00F033A689A4214D2084B1B6823F076
:103900000F0206493B6813430B60044B1B6803F02E
:103910000F033A689A4205D0012386E00020005246
:10392000004402587B681B6803F00403002B10D08E
:103930007B681A693F4B9B6903F070039A4208D277
:103940003C4B9B6923F070027B681B693949134328
:103950008B617B681B6803F00803002B10D07B6829
:103960005A69344BDB6903F070039A4208D2314B39
:10397000DB6923F070027B685B692E491343CB61DE
:103980007B681B6803F01003002B10D07B689A69DA
:10399000284BDB6903F4E0639A4208D2254BDB69CC
:1039A00023F4E0627B689B6922491343CB617B6807
:1039B0001B6803F02003002B10D07B68DA691D4BD5
:1039C0001B6A03F070039A4208D21A4B1B6A23F059
:1039D00070027B68DB69174913430B6200F034F80F
:1039E0000246144B9B691B0A03F00F031249CB5C80
:1039F00003F01F0322FA03F33B610E4B9B6903F0B4
:103A00000F030D4AD35C03F01F033A6922FA03F354
:103A10000A4A13600A4A3B6913600A4B1B6818463E
:103A2000FDF7E8FD0346FB73FB7B18461837BD46E0
:103A300080BD00BF0044025864A9000804000024AF
:103A4000000000240800002480B489B000AFB34B0C
:103A50001B6903F03803182B00F2558101A252F8BC
:103A600023F000BFC93A0008073D0008073D0008E1
:103A7000073D0008073D0008073D0008073D000816
:103A8000073D0008EF3A0008073D0008073D000821
:103A9000073D0008073D0008073D0008073D0008F6
:103AA000073D0008F53A0008073D0008073D0008FB
:103AB000073D0008073D0008073D0008073D0008D6
:103AC000073D0008FB3A0008944B1B6803F02003F5
:103AD000002B09D0914B1B68DB0803F00303904ACD
:103AE00022FA03F3BB6111E18D4BBB610EE18D4BFB
:103AF000BB610BE18C4BBB6108E1884B9B6A03F017
:103B000003037B61854B9B6A1B0903F03F033B6109
:103B1000824BDB6A03F00103FB60804B5B6BDB08CD
:103B2000C3F30C03FA6802FB03F307EE903AF8EED6
:103B3000677AC7ED027A3B69002B00F0E1807B6970
:103B4000022B00F083807B69022B00F2A1807B694D
:103B5000002B03D07B69012B56D099E06F4B1B687B
:103B600003F02003002B2DD06C4B1B68DB0803F007
:103B700003036B4A22FA03F37B607B6807EE903AFB
:103B8000F8EE676A3B6907EE903AF8EE677A86EEE0
:103B9000A77A624B1B6BC3F3080307EE903AF8EE6B
:103BA000676A97ED026ADFED615AC6EE257A76EE16
:103BB000A77AF7EE006A77EEA67A67EE277AC7ED66
:103BC000077A87E03B6907EE903AF8EE677ADFED17
:103BD000586A86EEA77A514B1B6BC3F3080307EEB6
:103BE000903AF8EE676A97ED026ADFED505AC6EE3A
:103BF000257A76EEA77AF7EE006A77EEA67A67EE78
:103C0000277AC7ED077A65E03B6907EE903AF8EE50
:103C1000677ADFED486A86EEA77A404B1B6BC3F3E9
:103C2000080307EE903AF8EE676A97ED026ADFED57
:103C30003F5AC6EE257A76EEA77AF7EE006A77EE5F
:103C4000A67A67EE277AC7ED077A43E03B6907EE6D
:103C5000903AF8EE677ADFED386A86EEA77A2F4B56
:103C60001B6BC3F3080307EE903AF8EE676A97ED13
:103C7000026ADFED2E5AC6EE257A76EEA77AF7EEC7
:103C8000006A77EEA67A67EE277AC7ED077A21E019
:103C90003B6907EE903AF8EE677ADFED266A86EE2A
:103CA000A77A1E4B1B6BC3F3080307EE903AF8EE9E
:103CB000676A97ED026ADFED1D5AC6EE257A76EE49
:103CC000A77AF7EE006A77EEA67A67EE277AC7ED55
:103CD000077A00BF114B1B6B5B0A03F07F030133B4
:103CE0003B603B6807EE903AB8EE677AD7ED076A1B
:103CF000C6EE877AFCEEE77A17EE903ABB6105E0F4
:103D00000023BB6102E0074BBB6100BFBB691846E3
:103D10002437BD465DF8047B704700BF004402585D
:103D20000090D00300093D0040787D01000000466E
:103D30000024744C0024744A20BCBE4B80B582B071
:103D400000AFFFF781FE0246104B9B691B0A03F090
:103D50000F030F49CB5C03F01F0322FA03F37B60D0
:103D60000A4B9B6903F00F03094AD35C03F01F035E
:103D70007A6822FA03F3074A1360074A7B681360E4
:103D8000044B1B6818460837BD4680BD00440258E6
:103D900064A90008040000240000002480B500AFDE
:103DA000FFF7CCFF0246064BDB691B0903F0070354
:103DB0000449CB5C03F01F0322FA03F3184680BDCD
:103DC0000044025864A9000880B500AFFFF7B6FFB1
:103DD0000246064BDB691B0A03F007030449CB5C70
:103DE00003F01F0322FA03F3184680BD0044025873
:103DF00064A900082DE9B04FCAB000AFC7F814019C
:103E0000002387F82731002387F82631D7F81431AB
:103E1000D3E9002302F00064002554EA050349D0E9
:103E2000D7F814319B6EB3F5401F2FD0B3F5401F68
:103E300028D8B3F5001F1AD0B3F5001F22D8002BE5
:103E400003D0B3F5801F07D01CE0B84BDB6AB74A3C
:103E500043F40033D3621AE0D7F814310833022157
:103E6000184601F08FFC034687F827310FE0D7F89A
:103E7000143128330221184601F036FD034687F835
:103E8000273104E0012387F8273100E000BF97F8CD
:103E90002731002B0AD1A54B1B6D23F44011D7F815
:103EA00014319B6EA14A0B43136503E097F8273149
:103EB00087F82631D7F81431D3E9002302F480784B
:103EC0004FF0000958EA090347D0D7F814319B6D29
:103ED000042B2AD801A252F823F000BFF13E0008BB
:103EE000FF3E0008153F0008333F0008333F00083D
:103EF0008E4BDB6A8D4A43F40033D3621AE0D7F865
:103F0000143108330021184601F03CFC034687F8C1
:103F100027310FE0D7F8143128330021184601F07B
:103F2000E3FC034687F8273104E0012387F82731B3
:103F300000E000BF97F82731002B0AD17B4B1B6DA7
:103F400023F00701D7F814319B6D784A0B431365B2
:103F500003E097F8273187F82631D7F81431D3E9F1
:103F6000002302F4007A4FF0000B5AEA0B034CD006
:103F7000D7F81431DB6DB3F5807F30D0B3F5807F97
:103F800029D8C02B2DD0C02B25D8802B18D0802B22
:103F900021D8002B02D0402B07D01CE0634BDB6AFA
:103FA000624A43F40033D3621CE0D7F8143108337B
:103FB0000021184601F0E6FB034687F8273111E09F
:103FC000D7F8143128330021184601F08DFC034640
:103FD00087F8273106E0012387F8273102E000BF88
:103FE00000E000BF97F82731002B0AD14F4B1B6D23
:103FF00023F4E071D7F81431DB6D4C4A0B431365A1
:1040000003E097F8273187F82631D7F81431D3E940
:10401000002302F48063C7F808310023C7F80C318D
:10402000D7E942120B46134353D0D7F81431D3F8D3
:10403000A830B3F5000F35D0B3F5000F2ED8B3F587
:10404000C00F31D0B3F5C00F28D8B3F5800F1AD008
:10405000B3F5800F22D8002B03D0B3F5001F07D093
:104060001CE0324BDB6A314A43F40033D3621CE07C
:10407000D7F8143108330021184601F083FB0346BA
:1040800087F8273111E0D7F814312833002118467A
:1040900001F02AFC034687F8273106E0012387F860
:1040A000273102E000BF00E000BF97F82731002B66
:1040B0000BD11E4B9B6D23F46001D7F81431D3F85C
:1040C000A8301A4A0B43936503E097F8273187F825
:1040D0002631D7F81431D3E9002302F40063C7F87E
:1040E00000310023C7F80431D7E940120B461343CF
:1040F00056D0D7F81431D3F8AC30B3F1806F38D044
:10410000B3F1806F31D8B3F1407F34D0B3F1407F49
:104110002BD8B3F1007F1DD0B3F1007F25D8002B41
:1041200006D0B3F1807F0AD01FE000BF00440258E0
:10413000A24BDB6AA14A43F40033D3621CE0D7F8F8
:10414000143108330021184601F01CFB034687F8A0
:10415000273111E0D7F8143128330021184601F037
:10416000C3FB034687F8273106E0012387F8273190
:1041700002E000BF00E000BF97F82731002B0BD111
:104180008E4B9B6D23F0E061D7F81431D3F8AC303F
:104190008A4A0B43936503E097F8273187F8263165
:1041A000D7F81431D3E9002302F00073C7F8F830D0
:1041B0000023C7F8FC30D7E93E120B4613433AD030
:1041C000D7F81431DB6C302B1FD0302B19D8202BB3
:1041D0000CD0202B15D8002B19D0102B11D1774BD8
:1041E000DB6A764A43F40033D36211E0D7F8143126
:1041F00008330221184601F0C5FA034687F8273133
:1042000006E0012387F8273102E000BF00E000BF8D
:1042100097F82731002B0AD1684BDB6C23F0300173
:10422000D7F81431DB6C654A0B43D36403E097F88D
:10423000273187F82631D7F81431D3E9002302F467
:104240008053C7F8F0300023C7F8F430D7E93C12A8
:104250000B46134351D0D7F814311B6EB3F5804F82
:1042600035D0B3F5804F2ED8B3F5405F31D0B3F5DC
:10427000405F28D8B3F5005F1AD0B3F5005F22D8AD
:10428000002B03D0B3F5805F07D01CE04B4BDB6AFB
:104290004A4A43F40033D3621CE0D7F814310833A0
:1042A0000021184601F06EFA034687F8273111E025
:1042B000D7F8143128330021184601F015FB0346C6
:1042C00087F8273106E0012387F8273102E000BF95
:1042D00000E000BF97F82731002B0AD1374B1B6D48
:1042E00023F4E041D7F814311B6E344A0B431365B5
:1042F00003E097F8273187F82631D7F81431D3E94E
:10430000002302F40053C7F8E8300023C7F8EC306C
:10431000D7E93A120B46134356D0D7F814315B6EE7
:10432000B3F5A02F33D0B3F5A02F2CD8B3F5802F41
:104330002FD0B3F5802F26D8B3F5403F2BD0B3F55F
:10434000403F20D8B3F5003F12D0B3F5003F1AD854
:10435000002B22D0B3F5803F15D1D7F814310833A4
:104360000121184601F00EFA034687F8273115E0BF
:10437000D7F8143128330121184601F0B5FA034665
:1043800087F827310AE0012387F8273106E000BFCC
:1043900004E000BF02E000BF00E000BF97F8273153
:1043A000002B0DD1054B1B6D23F4E021D7F8143100
:1043B0005B6E024A0B43136506E000BF00440258DF
:1043C00097F8273187F82631D7F81431D3E900233D
:1043D00002F48043C7F8E0300023C7F8E430D7E99F
:1043E00038120B46134355D0D7F81431D3F8B030F8
:1043F000B3F1A04F33D0B3F1A04F2CD8B3F1804F1D
:104400002FD0B3F1804F26D8B3F1405F2BD0B3F15A
:10441000405F20D8B3F1005F12D0B3F1005F1AD82B
:10442000002B22D0B3F1805F15D1D7F814310833B7
:104430000121184601F0A6F9034687F8273115E057
:10444000D7F8143128330121184601F04DFA0346FC
:1044500087F827310AE0012387F8273106E000BFFB
:1044600004E000BF02E000BF00E000BF97F8273182
:10447000002B0BD1A34B9B6D23F0E041D7F81431F7
:10448000D3F8B0309F4A0B43936503E097F8273188
:1044900087F82631D7F81431D3E9002302F400431A
:1044A000C7F8D8300023C7F8DC30D7E936120B46FE
:1044B000134337D0D7F814311B6FB3F1005F0ED020
:1044C000B3F1005F16D8002B18D0B3F1805F11D183
:1044D0008C4BDB6A8B4A43F40033D3620FE0D7F88E
:1044E000143108330121184601F04CF9034687F8CE
:1044F000273104E0012387F8273100E000BF97F857
:104500002731002B0AD17F4B1B6D23F04051D7F888
:1045100014311B6F7B4A0B43136503E097F8273177
:1045200087F82631D7F81431D3E9002302F08073DD
:10453000C7F8D0300023C7F8D430D7E934120B467F
:10454000134339D0D7F814319B6C032B1CD801A22C
:1045500052F823F0914500086545000873450008AE
:1045600091450008674BDB6A664A43F40033D36227
:104570000FE0D7F8143108330221184601F002F990
:10458000034687F8273104E0012387F8273100E04C
:1045900000BF97F82731002B0AD15A4BDB6C23F070
:1045A0000301D7F814319B6C564A0B43D36403E0E4
:1045B00097F8273187F82631D7F81431D3E900234B
:1045C00002F48003C7F8C8300023C7F8CC30D7E91D
:1045D00032120B46134300F09F804B4B1B684A4A34
:1045E00043F480731360FDF74FF8C7F820010BE028
:1045F000FDF74AF80246D7F82031D31A642B03D9C5
:10460000032387F8273105E03F4B1B6803F48073D1
:10461000002BEDD097F82731002B79D1394B1A6F49
:10462000D7F81431D3F8B430534003F44073002B5F
:1046300015D0344B1B6F23F44073C7F81C31314B3A
:104640001B6F304A43F4803313672E4B1B6F2D4A88
:1046500023F4803313672B4AD7F81C311367D7F83C
:104660001431D3F8B430B3F5807F18D1FDF70CF8CE
:10467000C7F820010DE0FDF707F80246D7F8203112
:10468000D21A41F288339A4203D9032387F827319B
:1046900005E01C4B1B6F03F00203002BEBD097F8D7
:1046A0002731002B29D1D7F81431D3F8B43003F4D3
:1046B0004073B3F5407F0ED1124B1B6923F47C513C
:1046C000D7F81431D3F8B4301A09104B13400D4AFF
:1046D0000B43136105E00B4B1B690A4A23F47C531F
:1046E0001361084B196FD7F81431D3F8B430C3F302
:1046F0000B03044A0B4313670EE097F8273187F842
:10470000263109E00044025800480258CFFFFF005C
:1047100097F8273187F82631D7F81431D3E90023E9
:1047200002F00103C7F8C0300023C7F8C430D7E94E
:1047300030120B46134300F08980D7F81431DB6F39
:10474000282B6BD801A252F823F000BF254800089F
:104750001D4800081D4800081D4800081D480008A5
:104760001D4800081D4800081D480008F1470008C2
:104770001D4800081D4800081D4800081D48000885
:104780001D4800081D4800081D480008074800088B
:104790001D4800081D4800081D4800081D48000865
:1047A0001D4800081D4800081D480008254800084D
:1047B0001D4800081D4800081D4800081D48000845
:1047C0001D4800081D4800081D480008254800082D
:1047D0001D4800081D4800081D4800081D48000825
:1047E0001D4800081D4800081D480008254800080D
:1047F000D7F8143108330121184600F0C3FF0346EF
:1048000087F827310FE0D7F81431283301211846F3
:1048100001F06AF8034687F8273104E0012387F89E
:10482000273100E000BF97F82731002B0AD1BF4B9A
:104830005B6D23F03801D7F81431DB6FBB4A0B43B3
:10484000536503E097F8273187F82631D7F81431FC
:10485000D3E9002302F00203C7F8B8300023C7F8F9
:10486000BC30D7E92E120B46134341D0D7F8143190
:104870009B6F052B24D801A252F823F0C9480008E9
:1048800095480008AB480008C9480008C948000816
:10489000C9480008D7F8143108330121184600F040
:1048A00071FF034687F827310FE0D7F8143128331A
:1048B0000121184601F018F8034687F8273104E073
:1048C000012387F8273100E000BF97F82731002B3C
:1048D0000AD1964B5B6D23F00701D7F814319B6F1B
:1048E000924A0B43536503E097F8273187F8263146
:1048F000D7F81431D3E9002302F00403C7F8B0302D
:104900000023C7F8B430D7E92C120B46134344D028
:10491000D7F81431D3F89430052B25D801A252F8DA
:1049200023F000BF714900083D49000853490008C1
:10493000714900087149000871490008D7F814311D
:1049400008330121184600F01DFF034687F8273180
:104950000FE0D7F8143128330121184600F0C4FFC6
:10496000034687F8273104E0012387F8273100E068
:1049700000BF97F82731002B0BD16C4B9B6D23F0B8
:104980000701D7F81431D3F89430684A0B43936584
:1049900003E097F8273187F82631D7F81431D3E9A7
:1049A000002302F02003C7F8A8300023C7F8AC307A
:1049B000D7E92A120B46134355D0D7F81431D3F850
:1049C0009030B3F1A04F33D0B3F1A04F2CD8B3F156
:1049D000804F2FD0B3F1804F26D8B3F1405F2BD05A
:1049E000B3F1405F20D8B3F1005F12D0B3F1005FA4
:1049F0001AD8002B22D0B3F1805F15D1D7F814312B
:104A000008330021184600F0BDFE034687F8273121
:104A100015E0D7F8143128330221184600F064FF5E
:104A2000034687F827310AE0012387F8273106E09B
:104A300000BF04E000BF02E000BF00E000BF97F845
:104A40002731002B0BD1394B5B6D23F0E041D7F8B8
:104A50001431D3F89030354A0B43536503E097F88F
:104A6000273187F82631D7F81431D3E9002302F033
:104A70004003C7F8A0300023C7F8A430D7E92812B4
:104A80000B46134358D0D7F81431D3F89C30B3F504
:104A9000A05F33D0B3F5A05F2CD8B3F5805F2FD0E3
:104AA000B3F5805F26D8B3F5406F2BD0B3F5406FD8
:104AB00020D8B3F5006F12D0B3F5006F1AD8002BD1
:104AC00022D0B3F5806F15D1D7F814310833002107
:104AD000184600F057FE034687F8273115E0D7F84F
:104AE000143128330221184600F0FEFE034687F8F1
:104AF00027310AE0012387F8273106E000BF04E0F0
:104B000000BF02E000BF00E000BF97F82731002B94
:104B10000ED1064B9B6D23F4E051D7F81431D3F836
:104B20009C30024A0B43936506E000BF00440258E4
:104B300097F8273187F82631D7F81431D3E90023C5
:104B400002F08003C7F898300023C7F89C30D7E9FB
:104B500026120B46134355D0D7F81431D3F8A030A2
:104B6000B3F5204F33D0B3F5204F2CD8B3F5004F19
:104B70002FD0B3F5004F26D8B3F5C04F2BD0B3F5E7
:104B8000C04F20D8B3F5804F12D0B3F5804F1AD85C
:104B9000002B22D0B3F5005F15D1D7F814310833BC
:104BA0000021184600F0EEFD034687F8273115E096
:104BB000D7F8143128330221184600F095FE034639
:104BC00087F827310AE0012387F8273106E000BF84
:104BD00004E000BF02E000BF00E000BF97F827310B
:104BE000002B0BD1A14B9B6D23F46041D7F81431FE
:104BF000D3F8A0309D4A0B43936503E097F8273123
:104C000087F82631D7F81431D3E9002302F00803DE
:104C1000C7F890300023C7F89430D7E924120B4628
:104C200013431ED0D7F81431D3F88430B3F5805F26
:104C30000CD1D7F8143128330221184600F054FE65
:104C40000346002B02D0012387F82631874B5B6D8A
:104C500023F44051D7F81431D3F88430834A0B43FE
:104C60005365D7F81431D3E9002302F01003C7F8D5
:104C700088300023C7F88C30D7E922120B46134343
:104C80001ED0D7F81431D3F89830B3F5807F0CD10B
:104C9000D7F8143128330221184600F025FE0346C8
:104CA000002B02D0012387F82631704B9B6D23F433
:104CB0004071D7F81431D3F898306C4A0B439365A0
:104CC000D7F81431D3E9002302F40023C7F8803069
:104CD0000023C7F88430D7E920120B4613433ED097
:104CE000D7F81431D3F8A430B3F5003F22D0B3F590
:104CF000003F1BD8002B03D0B3F5803F0BD015E04D
:104D0000D7F8143108330021184600F03BFD034664
:104D100087F827310FE0D7F81431283302211846DD
:104D200000F0E2FD034687F8273104E0012387F80D
:104D3000273100E000BF97F82731002B0BD14B4BF8
:104D40009B6D23F44031D7F81431D3F8A430474A8F
:104D50000B43936503E097F8273187F82631D7F89E
:104D60001431D3E9002302F48023BB670023FB67DF
:104D7000D7E91E120B4613433BD0D7F81431D3F8B2
:104D80008830B3F5401F1FD0B3F5401F18D8B3F5D6
:104D9000801F03D0B3F5001F07D011E0334BDB6A4F
:104DA000324A43F40033D3620FE0D7F8143128338A
:104DB0000121184600F098FD034687F8273104E0EA
:104DC000012387F8273100E000BF97F82731002B37
:104DD0000BD1264B5B6D23F44011D7F81431D3F877
:104DE0008830224A0B43536503E097F8273187F850
:104DF0002631D7F81431D3E9002302F480333B671E
:104E000000237B67D7E91C120B46134334D0D7F835
:104E100014311B6D002B03D0B3F5803F07D011E098
:104E2000124BDB6A114A43F40033D3620EE0D7F829
:104E3000143108330221184600F0A4FC034687F819
:104E4000273103E0012387F8273100BF97F8273186
:104E5000002B0DD1054BDB6C23F48031D7F81431D6
:104E60001B6D024A0B43D36406E000BF00440258A6
:104E700097F8273187F82631D7F81431D3E9002382
:104E800002F00053BB660023FB66D7E91A120B46FB
:104E900013430CD0D7F8143128330221184600F000
:104EA00023FD0346002B02D0012387F82631D7F8D3
:104EB0001431D3E9002302F400333B6600237B6600
:104EC000D7E918120B46134338D0D7F81431D3F86A
:104ED0008030B3F5407F18D0B3F5407F11D8B3F5DB
:104EE000007F14D0B3F5007F0BD8002B11D0B3F5A1
:104EF000807F06D1C34BDB6AC24A43F40033D362DE
:104F000008E0012387F8273104E000BF02E000BF7A
:104F100000E000BF97F82731002B0BD1B94B5B6D38
:104F200023F44071D7F81431D3F88030B54A0B43DD
:104F3000536503E097F8273187F82631D7F8143105
:104F4000D3E9002302F48013BB650023FB65D7E996
:104F500016120B46134309D0AA4B1B6D23F00041D8
:104F6000D7F814315B6FA74A0B431365D7F8143198
:104F7000D3E9002302F080533B6500237B65D7E92A
:104F800014120B4613430AD09E4B1B6923F4804135
:104F9000D7F81431D3F8B8309A4A0B431361D7F8D5
:104FA0001431D3E9002302F40013BB640023FB6433
:104FB000D7E912120B46134309D0924B1B6D23F015
:104FC0008071D7F81431DB6E8E4A0B431365D7F826
:104FD0001431D3E9002302F080433B6400237B6457
:104FE000D7E910120B4613430ED0864B1B69854A36
:104FF00023F400431361834B1969D7F81431D3F8B4
:10500000BC30804A0B431361D7F81431D3E9002335
:1050100002F00043BB630023FB63D7E90E120B468B
:10502000134309D0774BDB6C23F04051D7F8143190
:105030005B6D744A0B43D364D7F81431D3E9002372
:1050400002F400033B6300237B63D7E90C120B4699
:1050500013430AD06B4B5B6D23F44001D7F8143136
:10506000D3F88C30674A0B435365D7F81431D3E932
:1050700000230021B96203F00103FB62D7E90A12A1
:105080000B46134311D0D7F81431083300211846CA
:1050900000F078FB034687F8273197F82731002B7B
:1050A00003D097F8273187F82631D7F81431D3E9A0
:1050B00000230021396203F002037B62D7E9081262
:1050C0000B46134311D0D7F8143108330121184689
:1050D00000F058FB034687F8273197F82731002B5B
:1050E00003D097F8273187F82631D7F81431D3E960
:1050F00000230021B96103F00403FB61D7E9061224
:105100000B46134311D0D7F8143108330221184647
:1051100000F038FB034687F8273197F82731002B3A
:1051200003D097F8273187F82631D7F81431D3E91F
:1051300000230021396103F008037B61D7E90412E1
:105140000B46134311D0D7F81431283300211846E9
:1051500000F0CAFB034687F8273197F82731002B68
:1051600003D097F8273187F82631D7F81431D3E9DF
:1051700000230021B96003F01003FB60D7E902129D
:105180000B46134311D0D7F81431283301211846A8
:1051900000F0AAFB034687F8273197F82731002B48
:1051A00003D097F8273187F82631D7F81431D3E99F
:1051B00000230021396003F020037B60D7E900124F
:1051C0000B46134311D0D7F8143128330221184667
:1051D00000F08AFB034687F8273197F82731002B28
:1051E00003D097F8273187F8263197F82631002B1E
:1051F00001D1002300E00123184607F59477BD464E
:10520000BDE8B08F0044025880B500AFFEF796FDB0
:105210000246064B1B6A1B0903F007030449CB5CDB
:1052200003F01F0322FA03F3184680BD004402581E
:1052300064A9000880B489B000AF7860A14B9B6A74
:1052400003F00303BB619F4B9B6A1B0B03F03F03FF
:105250007B619C4BDB6A1B0903F001033B61994BAB
:10526000DB6BDB08C3F30C033A6902FB03F307EEC5
:10527000903AF8EE677AC7ED037A7B69002B00F06D
:105280001181BB69022B00F08380BB69022B00F205
:10529000A180BB69002B03D0BB69012B56D099E0DC
:1052A000884B1B6803F02003002B2DD0854B1B6817
:1052B000DB0803F00303844A22FA03F3BB60BB68F4
:1052C00007EE903AF8EE676A7B6907EE903AF8EEDF
:1052D000677A86EEA77A7B4B9B6BC3F3080307EED6
:1052E000903AF8EE676A97ED036ADFED785AC6EEFA
:1052F000257A76EEA77AF7EE006A77EEA67A67EE61
:10530000277AC7ED077A87E07B6907EE903AF8EED7
:10531000677ADFED6F6A86EEA77A6A4B9B6BC3F301
:10532000080307EE903AF8EE676A97ED036ADFED3F
:10533000675AC6EE257A76EEA77AF7EE006A77EE20
:10534000A67A67EE277AC7ED077A65E07B6907EEF4
:10535000903AF8EE677ADFED5F6A86EEA77A594BEE
:105360009B6BC3F3080307EE903AF8EE676A97ED7C
:10537000036ADFED565AC6EE257A76EEA77AF7EE87
:10538000006A77EEA67A67EE277AC7ED077A43E0E0
:105390007B6907EE903AF8EE677ADFED4F6A86EEAA
:1053A000A77A484B9B6BC3F3080307EE903AF8EEDD
:1053B000676A97ED036ADFED455AC6EE257A76EE09
:1053C000A77AF7EE006A77EEA67A67EE277AC7ED3E
:1053D000077A21E07B6907EE903AF8EE677ADFED15
:1053E0003D6A86EEA77A374B9B6BC3F3080307EE43
:1053F000903AF8EE676A97ED036ADFED345AC6EE2D
:10540000257A76EEA77AF7EE006A77EEA67A67EE4F
:10541000277AC7ED077A00BF2A4B9B6B5B0A03F024
:105420007F0307EE903AF8EE677AB7EE007A37EE30
:10543000877AD7ED076AC6EE877AFCEEE77A17EE31
:10544000902A7B681A601F4B9B6B1B0C03F07F0339
:1054500007EE903AF8EE677AB7EE007A37EE877A81
:10546000D7ED076AC6EE877AFCEEE77A17EE902A48
:105470007B685A60134B9B6B1B0E03F07F0307EE98
:10548000903AF8EE677AB7EE007A37EE877AD7ED82
:10549000076AC6EE877AFCEEE77A17EE902A7B68F9
:1054A0009A6008E07B6800221A607B6800225A60DC
:1054B0007B6800229A6000BF2437BD465DF8047BFC
:1054C000704700BF004402580090D003000000461F
:1054D0000024744C0024744A20BCBE4B80B489B0B4
:1054E00000AF7860A14B9B6A03F00303BB619F4B45
:1054F0009B6A1B0D03F03F037B619C4BDB6A1B0A1D
:1055000003F001033B61994B5B6CDB08C3F30C03B5
:105510003A6902FB03F307EE903AF8EE677AC7EDBB
:10552000037A7B69002B00F01181BB69022B00F02C
:105530008380BB69022B00F2A180BB69002B03D0E2
:10554000BB69012B56D099E0884B1B6803F0200300
:10555000002B2DD0854B1B68DB0803F00303844A26
:1055600022FA03F3BB60BB6807EE903AF8EE676A75
:105570007B6907EE903AF8EE677A86EEA77A7B4B66
:105580001B6CC3F3080307EE903AF8EE676A97EDD9
:10559000036ADFED785AC6EE257A76EEA77AF7EE43
:1055A000006A77EEA67A67EE277AC7ED077A87E07A
:1055B0007B6907EE903AF8EE677ADFED6F6A86EE68
:1055C000A77A6A4B1B6CC3F3080307EE903AF8EE18
:1055D000676A97ED036ADFED675AC6EE257A76EEC5
:1055E000A77AF7EE006A77EEA67A67EE277AC7ED1C
:1055F000077A65E07B6907EE903AF8EE677ADFEDAF
:105600005F6A86EEA77A594B1B6CC3F3080307EE5B
:10561000903AF8EE676A97ED036ADFED565AC6EEE8
:10562000257A76EEA77AF7EE006A77EEA67A67EE2D
:10563000277AC7ED077A43E07B6907EE903AF8EEE8
:10564000677ADFED4F6A86EEA77A484B1B6CC3F38F
:10565000080307EE903AF8EE676A97ED036ADFED0C
:10566000455AC6EE257A76EEA77AF7EE006A77EE0F
:10567000A67A67EE277AC7ED077A21E07B6907EE05
:10568000903AF8EE677ADFED3D6A86EEA77A374BFF
:105690001B6CC3F3080307EE903AF8EE676A97EDC8
:1056A000036ADFED345AC6EE257A76EEA77AF7EE76
:1056B000006A77EEA67A67EE277AC7ED077A00BF11
:1056C0002A4B1B6C5B0A03F07F0307EE903AF8EE5F
:1056D000677AB7EE007A37EE877AD7ED076AC6EEBB
:1056E000877AFCEEE77A17EE902A7B681A601F4BE8
:1056F0001B6C1B0C03F07F0307EE903AF8EE677A01
:10570000B7EE007A37EE877AD7ED076AC6EE877A6A
:10571000FCEEE77A17EE902A7B685A60134B1B6CFD
:105720001B0E03F07F0307EE903AF8EE677AB7EEB0
:10573000007A37EE877AD7ED076AC6EE877AFCEEF5
:10574000E77A17EE902A7B689A6008E07B6800226F
:105750001A607B6800225A607B6800229A6000BF52
:105760002437BD465DF8047B704700BF00440258F3
:105770000090D003000000460024744C0024744ABA
:1057800020BCBE4B80B584B000AF78603960002388
:10579000FB73534B9B6A03F00303032B01D10123DB
:1057A00099E04F4B1B684E4A23F080631360FBF770
:1057B0006BFFB86008E0FBF767FF0246BB68D31ACF
:1057C000022B01D9032386E0454B1B6803F00063DD
:1057D000002BF0D1424B9B6A23F47C327B681B6820
:1057E0001B033F4913438B627B685B68013BC3F338
:1057F00008027B689B68013B5B029BB21A437B6893
:10580000DB68013B1B0403F4FE031A437B681B693E
:10581000013B1B0603F0FE43314913438B63304BBE
:10582000DB6A23F0C0027B685B692D491343CB62BE
:105830002B4BDB6A23F020027B689B6928491343CA
:10584000CB62274BDB6A264A23F01003D362244B3A
:10585000DA6B244B13407A68D269D2002049134393
:10586000CB631F4BDB6A1E4A43F01003D3623B68D5
:10587000002B06D11A4BDB6A194A43F40023D3628A
:105880000FE03B68012B06D1154BDB6A144A43F449
:105890008013D36205E0124BDB6A114A43F4001314
:1058A000D3620F4B1B680E4A43F080631360FBF713
:1058B000EBFEB86008E0FBF7E7FE0246BB68D31AD0
:1058C000022B01D9032306E0054B1B6803F000639C
:1058D000002BF0D0FB7B18461037BD4680BD00BFC3
:1058E000004402580700FFFF80B584B000AF786025
:1058F00039600023FB73534B9B6A03F00303032BB4
:1059000001D1012399E04F4B1B684E4A23F080538D
:105910001360FBF7B9FEB86008E0FBF7B5FE02467E
:10592000BB68D31A022B01D9032386E0454B1B68C1
:1059300003F00053002BF0D1424B9B6A23F07C72A2
:105940007B681B681B053F4913438B627B685B6860
:10595000013BC3F308027B689B68013B5B029BB27F
:105960001A437B68DB68013B1B0403F4FE031A4304
:105970007B681B69013B1B0603F0FE43314913435F
:105980000B64304BDB6A23F440627B685B692D4912
:105990001343CB622B4BDB6A23F400727B689B6959
:1059A00028491343CB62274BDB6A264A23F48073D2
:1059B000D362244B5A6C244B13407A68D269D200CC
:1059C000204913434B641F4BDB6A1E4A43F4807328
:1059D000D3623B68002B06D11A4BDB6A194A43F4A9
:1059E0008003D3620FE03B68012B06D1154BDB6AC5
:1059F000144A43F40003D36205E0124BDB6A114AF8
:105A000043F08073D3620F4B1B680E4A43F0805300
:105A10001360FBF739FEB86008E0FBF735FE02467D
:105A2000BB68D31A022B01D9032306E0054B1B6880
:105A300003F00053002BF0D0FB7B18461037BD4617
:105A400080BD00BF004402580700FFFF80B582B050
:105A500000AF78607B68002B01D1012349E07B68AF
:105A600093F83D30DBB2002B06D17B68002283F82F
:105A70003C207868FBF772FC7B68022283F83D20AB
:105A80007B681A687B6804331946104600F00CFAEC
:105A90007B68012283F848207B68012283F83E203E
:105AA0007B68012283F83F207B68012283F8402035
:105AB0007B68012283F841207B68012283F8422021
:105AC0007B68012283F843207B68012283F844200D
:105AD0007B68012283F845207B68012283F84620F9
:105AE0007B68012283F847207B68012283F83D20F0
:105AF000002318460837BD4680BD000080B485B03D
:105B000000AF78607B6893F83D30DBB2012B01D0A9
:105B1000012354E07B68022283F83D207B681B68E8
:105B2000DA687B681B6842F00102DA607B681B68F8
:105B3000264A934222D07B681B68B3F1804F1DD068
:105B40007B681B68224A934218D07B681B68214AF5
:105B5000934213D07B681B681F4A93420ED07B6828
:105B60001B681E4A934209D07B681B681C4A9342FB
:105B700004D07B681B681B4A934215D17B681B6865
:105B80009A68194B1340FB60FB68062B15D0FB6825
:105B9000B3F5803F11D07B681B681A687B681B686F
:105BA00042F001021A6008E07B681B681A687B6893
:105BB0001B6842F001021A6000E000BF0023184693
:105BC0001437BD465DF8047B704700BF00000140FC
:105BD0000004004000080040000C004000040140A8
:105BE00000180040004001400700010080B483B06D
:105BF00000AF78607B681B68DA687B681B6822F0FE
:105C00000102DA607B681B681A6A41F211131340C3
:105C1000002B0FD17B681B681A6A40F24443134083
:105C2000002B07D17B681B681A687B681B6822F011
:105C300001021A607B68012283F83D200023184688
:105C40000C37BD465DF8047B704780B584B000AF6B
:105C500078607B681B68DB68FB607B681B681B697E
:105C6000BB60BB6803F00203002B20D0FB6803F08D
:105C70000203002B1BD07B681B686FF002021A61C5
:105C80007B6801221A777B681B689B6903F003031A
:105C9000002B03D0786800F0E9F805E0786800F0A0
:105CA000DBF8786800F0ECF87B6800221A77BB68B4
:105CB00003F00403002B20D0FB6803F00403002B47
:105CC0001BD07B681B686FF004021A617B6802229C
:105CD0001A777B681B689B6903F44073002B03D021
:105CE000786800F0C3F805E0786800F0B5F87868E7
:105CF00000F0C6F87B6800221A77BB6803F008033F
:105D0000002B20D0FB6803F00803002B1BD07B681E
:105D10001B686FF008021A617B6804221A777B689F
:105D20001B68DB6903F00303002B03D0786800F0E5
:105D30009DF805E0786800F08FF8786800F0A0F82A
:105D40007B6800221A77BB6803F01003002B20D079
:105D5000FB6803F01003002B1BD07B681B686FF0FF
:105D600010021A617B6808221A777B681B68DB695E
:105D700003F44073002B03D0786800F077F805E057
:105D8000786800F069F8786800F07AF87B6800229B
:105D90001A77BB6803F00103002B0CD0FB6803F0FB
:105DA0000103002B07D07B681B686FF001021A61AA
:105DB0007868FAF7D9FCBB6803F08003002B04D1A4
:105DC000BB6803F40053002B0CD0FB6803F0800386
:105DD000002B07D07B681B686FF402521A61786849
:105DE00000F0A0F9BB6803F48073002B0CD0FB68B3
:105DF00003F08003002B07D07B681B686FF4807270
:105E00001A61786800F098F9BB6803F04003002B32
:105E10000CD0FB6803F04003002B07D07B681B68A5
:105E20006FF040021A61786800F034F8BB6803F044
:105E30002003002B0CD0FB6803F02003002B07D0BD
:105E40007B681B686FF020021A61786800F060F9C7
:105E500000BF1037BD4680BD80B483B000AF78600E
:105E600000BF0C37BD465DF8047B704780B483B03B
:105E700000AF786000BF0C37BD465DF8047B70470B
:105E800080B483B000AF786000BF0C37BD465DF8CA
:105E9000047B704780B483B000AF786000BF0C37DC
:105EA000BD465DF8047B704780B485B000AF786074
:105EB00039607B681B68FB607B68464A934213D05D
:105EC0007B68B3F1804F0FD07B68434A93420BD07D
:105ED0007B68424A934207D07B68414A934203D091
:105EE0007B68404A934208D1FB6823F07003FB6053
:105EF0003B685B68FA681343FB607B68354A9342F2
:105F00001FD07B68B3F1804F1BD07B68324A93422D
:105F100017D07B68314A934213D07B68304A934252
:105F20000FD07B682F4A93420BD07B682E4A934256
:105F300007D07B682D4A934203D07B682C4A93425A
:105F400008D1FB6823F44073FB603B68DB68FA68A8
:105F50001343FB60FB6823F080023B685B691343DB
:105F6000FB607B68FA681A603B689A687B68DA6253
:105F70003B681A687B689A627B68164A93420FD026
:105F80007B68184A93420BD07B68174A934207D02C
:105F90007B68164A934203D07B68154A934203D12B
:105FA0003B681A697B681A637B6801225A617B68C7
:105FB0001B6903F00103012B05D17B681B6923F0EA
:105FC00001027B681A6100BF1437BD465DF8047B8F
:105FD000704700BF0000014000040040000800407E
:105FE000000C00400004014000400140004401401A
:105FF0000048014080B485B000AF786039607B68AC
:1060000093F83C30012B01D102236DE07B68012223
:1060100083F83C207B68022283F83D207B681B6864
:106020005B68FB607B681B689B68BB607B681B6868
:10603000304A934204D07B681B682F4A934208D1B0
:10604000FB6823F47003FB603B685B68FA681343EA
:10605000FB60FB6823F07003FB603B681B68FA6819
:106060001343FB607B681B68FA685A607B681B6897
:10607000204A934222D07B681B68B3F1804F1DD029
:106080007B681B681D4A934218D07B681B681C4ABA
:10609000934213D07B681B681A4A93420ED07B68E8
:1060A0001B68154A934209D07B681B68164A9342C5
:1060B00004D07B681B68154A93420CD1BB6823F05F
:1060C0008003BB603B689B68BA681343BB607B6816
:1060D0001B68BA689A607B68012283F83D207B6860
:1060E000002283F83C20002318461437BD465DF893
:1060F000047B7047000001400004014000040040A0
:1061000000080040000C0040001800400040014022
:1061100080B483B000AF786000BF0C37BD465DF837
:10612000047B704780B483B000AF786000BF0C3749
:10613000BD465DF8047B704780B483B000AF7860E3
:1061400000BF0C37BD465DF8047B704780B582B058
:1061500000AF78607B68002B01D1012342E07B68AF
:10616000D3F88830002B06D17B68002283F8842086
:106170007868FBF767F97B682422C3F888207B687E
:106180001B681A687B681B6822F001021A607B6832
:106190009B6A002B02D0786801F0F8F9786800F06B
:1061A0008DFC0346012B01D101231BE07B681B689A
:1061B0005A687B681B6822F490425A607B681B68AF
:1061C0009A687B681B6822F02A029A607B681B68C9
:1061D0001A687B681B6842F001021A60786801F057
:1061E00077FA034618460837BD4680BD80B58AB0A9
:1061F00002AFF860B9603B601346FB80FB68D3F8E0
:106200008830202B7BD1BB68002B02D0FB88002B71
:1062100001D1012374E0FB680022C3F89020FB68E1
:106220002122C3F88820FBF72FFA7861FB68FA88EF
:10623000A3F85420FB68FA88A3F85620FB689B68F3
:10624000B3F5805F08D1FB681B69002B04D10023E4
:10625000FB61BB68BB6103E0BB68FB610023BB6102
:1062600030E03B6800937B6900228021F86801F0F0
:10627000D9FA0346002B05D0FB682022C3F88820FA
:1062800003233DE0FB69002B0BD1BB691B881A4639
:10629000FB681B68C2F308029A62BB690233BB61E8
:1062A00007E0FB691A78FB681B689A62FB69013397
:1062B000FB61FB68B3F856309BB2013B9AB2FB68B6
:1062C000A3F85620FB68B3F856309BB2002BC8D118
:1062D0003B6800937B6900224021F86801F0A2FA34
:1062E0000346002B05D0FB682022C3F88820032337
:1062F00006E0FB682022C3F88820002300E0022388
:1063000018462037BD4680BD80B5BAB000AF786072
:106310007B681B68DB69C7F8E4307B681B681B6817
:10632000C7F8E0307B681B689B68C7F8DC30D7F89B
:10633000E42040F60F031340C7F8D830D7F8D83020
:10634000002B1BD1D7F8E43003F02003002B15D02D
:10635000D7F8E03003F02003002B05D1D7F8DC306C
:1063600003F08053002B09D07B685B6F002B00F09B
:1063700077837B685B6F7868984771E3D7F8D8308C
:10638000002B00F02381D7F8DC208D4B1340002B2D
:1063900006D1D7F8E0208B4B1340002B00F016817C
:1063A000D7F8E43003F00103002B11D0D7F8E03028
:1063B00003F48073002B0BD07B681B6801221A62E8
:1063C0007B68D3F8903043F001027B68C3F89020DB
:1063D000D7F8E43003F00203002B11D0D7F8DC30FB
:1063E00003F00103002B0BD07B681B6802221A62AA
:1063F0007B68D3F8903043F004027B68C3F89020A8
:10640000D7F8E43003F00403002B11D0D7F8DC30C8
:1064100003F00103002B0BD07B681B6804221A6277
:106420007B68D3F8903043F002027B68C3F8902079
:10643000D7F8E43003F00803002B17D0D7F8E0308A
:1064400003F02003002B05D1D7F8DC205C4B134070
:10645000002B0BD07B681B6808221A627B68D3F87C
:10646000903043F008027B68C3F89020D7F8E430FE
:1064700003F40063002B12D0D7F8E03003F0806300
:10648000002B0CD07B681B684FF400621A627B689B
:10649000D3F8903043F020027B68C3F890207B68EB
:1064A000D3F89030002B00F0DD82D7F8E43003F011
:1064B0002003002B13D0D7F8E03003F02003002B8B
:1064C00005D1D7F8DC3003F08053002B07D07B6870
:1064D0005B6F002B03D07B685B6F786898477B68A5
:1064E000D3F89030C7F8D4307B681B689B6803F002
:1064F0004003402B05D0D7F8D43003F02803002BFD
:1065000054D0786801F0FCF97B681B689B6803F045
:106510004003402B46D17B681B680833C7F89C308A
:10652000D7F89C3053E8003FC7F89830D7F8983038
:1065300023F04003C7F8D0307B681B680833D7F8D6
:10654000D020C7F8A820C7F8A430D7F8A410D7F8EF
:10655000A82041E80023C7F8A030D7F8A030002BCE
:10656000D9D17B68D3F88030002B17D07B68D3F863
:106570008030154A1A657B68D3F880301846FBF7DF
:1065800065FD0346002B19D07B68D3F880301B6D66
:106590007A68D2F88020104698470FE0786800F0BB
:1065A00077FA0BE0786800F073FA07E0786800F09B
:1065B0006FFA7B680022C3F8902053E200BF51E2DB
:1065C0000100001020010004CD7900087B68DB6E1B
:1065D000012B40F0E781D7F8E43003F01003002BE3
:1065E00000F0E081D7F8E03003F01003002B00F05A
:1065F000D9817B681B6810221A627B681B689B68C4
:1066000003F04003402B40F051817B68D3F8803089
:106610001B68964A934268D07B68D3F880301B6829
:10662000934A934261D07B68D3F880301B68914ACB
:1066300093425AD07B68D3F880301B688E4A9342CD
:1066400053D07B68D3F880301B688C4A93424CD07F
:106650007B68D3F880301B68894A934245D07B68B9
:10666000D3F880301B68874A93423ED07B68D3F8CA
:1066700080301B68844A934237D07B68D3F88030DF
:106680001B68824A934230D07B68D3F880301B6805
:106690007F4A934229D07B68D3F880301B687D4ABB
:1066A000934222D07B68D3F880301B687A4A9342A9
:1066B0001BD07B68D3F880301B68784A934214D093
:1066C0007B68D3F880301B68754A93420DD07B6895
:1066D000D3F880301B68734A934206D07B68D3F8A6
:1066E00080301B68704A934206D17B68D3F88030B3
:1066F0001B685B689BB205E07B68D3F880301B6841
:106700005B689BB2A7F8BE30B7F8BE30002B00F034
:10671000AB817B68B3F85C30B7F8BE209A4280F05A
:10672000A3817B68B7F8BE20A3F85E207B68D3F80E
:106730008030DB69B3F5807F00F087807B681B6861
:10674000C7F88830D7F8883053E8003FC7F884305E
:10675000D7F8843023F48073C7F8B8307B681B689F
:106760001A46D7F8B830C7F89430C7F89020D7F851
:106770009010D7F8942041E80023C7F88C30D7F860
:106780008C30002BDAD17B681B6808337B677B6F0A
:1067900053E8003F3B673B6F23F00103C7F8B43079
:1067A0007B681B680833D7F8B420C7F88020FB67E4
:1067B000F96FD7F8802041E80023BB67BB6F002B3F
:1067C000E1D17B681B6808333B663B6E53E8003FB2
:1067D000FB65FB6D23F04003C7F8B0307B681B6896
:1067E0000833D7F8B020FA66BB66B96EFA6E41E896
:1067F00000237B667B6E002BE3D17B682022C3F8ED
:106800008C207B680022DA667B681B68FB64FB6C6B
:1068100053E8003FBB64BB6C23F01003C7F8AC30F7
:106820007B681B681A46D7F8AC30BB657A65796D12
:10683000BA6D41E800233B653B6D002BE4D17B68DA
:10684000D3F880301846FBF7E3F87B6802221A671A
:106850007B68B3F85C207B68B3F85E309BB2D31AD8
:106860009BB21946786800F01DF9FDE01000024067
:1068700028000240400002405800024070000240E0
:1068800088000240A0000240B8000240100402400C
:1068900028040240400402405804024070040240B0
:1068A00088040240A0040240B80402407B68B3F8A8
:1068B0005C207B68B3F85E309BB2D31AA7F8CE3069
:1068C0007B68B3F85E309BB2002B00F0CF80B7F846
:1068D000CE30002B00F0CA807B681B68BB63BB6BAB
:1068E00053E8003F7B637B6B23F49073C7F8C83099
:1068F0007B681B681A46D7F8C8307B643A64396CE9
:106900007A6C41E80023FB63FB6B002BE4D17B68CE
:106910001B6808337B627B6A53E8003F3B623A6A3C
:10692000554B1340C7F8C4307B681B680833D7F851
:10693000C4203A63FB62F96A3A6B41E80023BB6208
:10694000BB6A002BE3D17B682022C3F88C207B68D4
:106950000022DA667B6800225A677B681B683B610D
:106960003B6953E8003FFB60FB6823F01003C7F866
:10697000C0307B681B681A46D7F8C030FB61BA612B
:10698000B969FA6941E800237B617B69002BE4D196
:106990007B6802221A67B7F8CE301946786800F093
:1069A00081F863E0D7F8E43003F48013002B0ED0B5
:1069B000D7F8DC3003F48003002B08D07B681B6819
:1069C0004FF480121A62786801F041F851E0D7F86C
:1069D000E43003F08003002B14D0D7F8E03003F04C
:1069E0008003002B05D1D7F8DC3003F40003002B23
:1069F00008D07B689B6F002B3AD07B689B6F7868D0
:106A0000984735E0D7F8E43003F04003002B09D075
:106A1000D7F8E03003F04003002B03D0786800F093
:106A2000EBFF26E0D7F8E43003F40003002B09D095
:106A3000D7F8E03003F08043002B03D0786801F0F2
:106A40001AF816E0D7F8E43003F08073002B10D06A
:106A5000D7F8E030002B0CDA786801F002F808E093
:106A600000BF06E000BF04E000BF02E000BF00E09E
:106A700000BFE837BD4680BDFEFFFFEF80B483B0A6
:106A800000AF786000BF0C37BD465DF8047B7047EF
:106A900080B483B000AF786000BF0C37BD465DF8AE
:106AA000047B704780B483B000AF78600B467B8076
:106AB00000BF0C37BD465DF8047B70472DE9B04F31
:106AC00092B000AF7861002387F842307B699A6802
:106AD0007B691B691A437B695B691A437B69DB69C4
:106AE00013437B647B691B681A68BE4B13407A6949
:106AF0001268796C0B4313607B691B685B6823F435
:106B000040517B69DA687B691B680A435A607B697C
:106B10009B697B647B691B68B34A934204D07B69A1
:106B20001B6A7A6C13437B647B691B689A68AF4B62
:106B300013407A691268796C0B4393607B691B6818
:106B4000DB6A23F00F017B695A6A7B691B680A4381
:106B5000DA627B691B68A64A934277D1A54B5B6DCD
:106B600003F03803282B6DD801A252F823F000BFA0
:106B7000156C0008456C0008456C0008456C000861
:106B8000456C0008456C0008456C0008456C000821
:106B90001D6C0008456C0008456C0008456C000839
:106BA000456C0008456C0008456C0008456C000801
:106BB000256C0008456C0008456C0008456C000811
:106BC000456C0008456C0008456C0008456C0008E1
:106BD0002D6C0008456C0008456C0008456C0008E9
:106BE000456C0008456C0008456C0008456C0008C1
:106BF000356C0008456C0008456C0008456C0008C1
:106C0000456C0008456C0008456C0008456C0008A0
:106C10003D6C0008012387F8433022E2042387F803
:106C200043301EE2082387F843301AE2102387F826
:106C3000433016E2202387F8433012E2402387F8DE
:106C400043300EE2802387F843300AE27B691B68F9
:106C5000694A934230D1674B5B6D03F00703052B04
:106C600026D801A252F823F0816C0008896C000834
:106C7000916C0008996C0008A16C0008A96C0008D0
:106C8000002387F84330ECE1042387F84330E8E140
:106C9000082387F84330E4E1102387F84330E0E12C
:106CA000202387F84330DCE1402387F84330D8E1E4
:106CB000802387F84330D4E17B691B684F4A9342B5
:106CC00030D14C4B5B6D03F00703052B26D801A296
:106CD00052F823F0ED6C0008F56C0008FD6C00081C
:106CE000056D00080D6D0008156D0008002387F87C
:106CF0004330B6E1042387F84330B2E1082387F834
:106D00004330AEE1102387F84330AAE1202387F80F
:106D10004330A6E1402387F84330A2E1802387F87F
:106D200043309EE17B691B68354A934230D1314B39
:106D30005B6D03F00703052B26D801A252F823F060
:106D4000596D0008616D0008696D0008716D0008DB
:106D5000796D0008816D0008002387F8433080E1D9
:106D6000042387F843307CE1082387F8433078E137
:106D7000102387F8433074E1202387F8433070E113
:106D8000402387F843306CE1802387F8433068E183
:106D90007B691B681B4A934242D1164B5B6D03F023
:106DA0000703052B38D801A252F823F0C56D00085F
:106DB000CD6D0008D56D0008DD6D0008096E000876
:106DC000116E0008002387F843304AE1042387F856
:106DD000433046E1082387F8433042E1102387F827
:106DE00043303EE1F369FFCF000C0058FFF4FF1180
:106DF0000010014000440258004400400048004098
:106E0000004C004000500040202387F8433028E128
:106E1000402387F8433024E1802387F8433020E182
:106E20007B691B68CB4A934276D1CB4B5B6D03F0F9
:106E30003803282B6CD801A252F823F0E16E000829
:106E4000116F0008116F0008116F0008116F000822
:106E5000116F0008116F0008116F0008E96E00083B
:106E6000116F0008116F0008116F0008116F000802
:106E7000116F0008116F0008116F0008F16E000813
:106E8000116F0008116F0008116F0008116F0008E2
:106E9000116F0008116F0008116F0008F96E0008EB
:106EA000116F0008116F0008116F0008116F0008C2
:106EB000116F0008116F0008116F0008016F0008C2
:106EC000116F0008116F0008116F0008116F0008A2
:106ED000116F0008116F0008116F0008096F00089A
:106EE000012387F84330BCE0042387F84330B8E03F
:106EF000082387F84330B4E0102387F84330B0E02C
:106F0000202387F84330ACE0402387F84330A8E0E3
:106F1000802387F84330A4E07B691B688F4A934243
:106F200030D18D4B5B6D03F00703052B26D801A2F2
:106F300052F823F04D6F0008556F00085D6F000890
:106F4000656F00086D6F0008756F0008002387F8F3
:106F5000433086E0042387F8433082E0082387F833
:106F600043307EE0102387F843307AE0202387F80F
:106F7000433076E0402387F8433072E0802387F87F
:106F800043306EE07B691B68754A934230D1724B87
:106F90005B6D03F00703052B26D801A252F823F0FE
:106FA000B96F0008C16F0008C96F0008D16F0008F1
:106FB000D96F0008E16F0008002387F8433050E0E4
:106FC000042387F843304CE0082387F8433048E037
:106FD000102387F8433044E0202387F8433040E013
:106FE000402387F843303CE0802387F8433038E083
:106FF0007B691B685B4A934230D1574B9B6D03F012
:107000000703052B26D801A252F823F025700008AB
:107010002D700008357000083D70000845700008AC
:107020004D700008022387F843301AE0042387F8E4
:10703000433016E0082387F8433012E0102387F826
:1070400043300EE0202387F843300AE0402387F8DE
:10705000433006E0802387F8433002E0802387F83E
:1070600043307B691B683F4A934240F0F88097F8B1
:107070004330202B46DC022BC0F28280023B1E2BC9
:107080007ED801A252F823F00B710008817100082C
:107090001371000881710008817100088171000876
:1070A0002371000881710008817100088171000856
:1070B00081710008817100088171000881710008E8
:1070C0003371000881710008817100088171000826
:1070D00081710008817100088171000881710008C8
:1070E00081710008817100088171000881710008B8
:1070F00081710008817100088171000881710008A8
:1071000073710008402B37D03AE0FEF77DF8F86342
:107110003CE007F124031846FEF78CF8BB6AFB63DA
:1071200034E007F118031846FEF7D8F9FB69FB6352
:107130002CE0094B1B6803F02003002B16D0064BF4
:107140001B68DB0803F00303074A22FA03F3FB631F
:107150001CE000BF001401400044025800780040C9
:10716000007C0040000C00580090D0039D4BFB6356
:107170000CE09D4BFB6309E04FF40043FB6305E02B
:107180000023FB63012387F8423000BFFB6B002B19
:1071900000F0DE817B695B6A944A32F813301A464C
:1071A000FB6BB3FBF2F33B637B695A6813465B00EE
:1071B00013443A6B9A4205D37B695B681B033A6BB5
:1071C0009A4203D9012387F84230C1E1FB6B0022C8
:1071D000BB60FA607B695B6A844A32F813309BB209
:1071E00000223B607A60D7E90023D7E90201F9F772
:1071F000CFF802460B46104619464FF000024FF0FA
:1072000000030B0243EA10630202796949684908E6
:1072100000200C46054612EB040843EB05097B6988
:107220005B6800229A46934652465B464046494672
:10723000F9F7AEF802460B461346BB63BB6BB3F5DA
:10724000407F08D3BB6BB3F5801F04D27B691B68FA
:10725000BA6BDA607CE1012387F8423078E17B6920
:10726000DB69B3F5004F40F0C58097F84330202B21
:1072700048DC002B7BDB202B79D801A252F823F0CD
:107280000B730008137300086F7300086F73000816
:107290001B7300086F7300086F7300086F7300089A
:1072A0002B7300086F7300086F7300086F7300087A
:1072B0006F7300086F7300086F7300086F73000826
:1072C0003B7300086F7300086F7300086F7300084A
:1072D0006F7300086F7300086F7300086F73000806
:1072E0006F7300086F7300086F7300086F730008F6
:1072F0006F7300086F7300086F7300086F730008E6
:1073000061730008402B2ED031E0FCF747FDF86395
:1073100033E0FCF759FDF8632FE007F1240318462A
:10732000FDF788FFBB6AFB6327E007F118031846E7
:10733000FEF7D4F8FB69FB631FE02D4B1B6803F0DD
:107340002003002B09D02A4B1B68DB0803F0030342
:10735000244A22FA03F3FB630FE0224BFB630CE0A9
:10736000214BFB6309E04FF40043FB6305E000237E
:10737000FB63012387F8423000BFFB6B002B00F05A
:10738000E7807B695B6A194A32F813301A46FB6B57
:10739000B3FBF2F35A007B695B685B081A447B69B4
:1073A0005B68B2FBF3F3BB63BB6B0F2B16D9BB6BF4
:1073B000B3F5803F12D2BB6B9BB223F00F03FB8669
:1073C000BB6B5B089BB203F007039AB2FB8E1343BF
:1073D000FB867B691B68FA8EDA60B9E0012387F8C7
:1073E0004230B5E00090D00300093D0074A90008C8
:1073F0000044025897F84330202B49DC002B7CDBFB
:10740000202B7AD801A252F823F000BF977400080D
:107410009F740008FB740008FB740008A774000840
:10742000FB740008FB740008FB740008B7740008C4
:10743000FB740008FB740008FB740008FB74000870
:10744000FB740008FB740008FB740008C774000894
:10745000FB740008FB740008FB740008FB74000850
:10746000FB740008FB740008FB740008FB74000840
:10747000FB740008FB740008FB740008FB74000830
:10748000FB740008FB740008FB740008ED7400082E
:10749000402B2ED031E0FCF781FCF86333E0FCF7A1
:1074A00093FCF8632FE007F124031846FDF7C2FEB2
:1074B000BB6AFB6327E007F118031846FEF70EF8D6
:1074C000FB69FB631FE02D4B1B6803F02003002BBF
:1074D00009D02A4B1B68DB0803F00303284A22FA71
:1074E00003F3FB630FE0264BFB630CE0254BFB63D0
:1074F00009E04FF40043FB6305E00023FB63012335
:1075000087F8423000BFFB6B002B21D07B695B6AA0
:107510001D4A32F813301A46FB6BB3FBF2F27B695B
:107520005B685B081A447B695B68B2FBF3F3BB637F
:10753000BB6B0F2B09D9BB6BB3F5803F05D2BB6B7F
:107540009AB27B691B68DA6002E0012387F8423057
:107550007B690122A3F86A207B690122A3F86820D5
:107560007B6900225A677B6900229A6797F842304C
:1075700018464837BD46BDE8B08F00BF00440258EA
:107580000090D00300093D0074A9000880B483B0C6
:1075900000AF78607B689B6A03F00803002B0AD079
:1075A0007B681B685B6823F400417B689A6B7B688F
:1075B0001B680A435A607B689B6A03F00103002B37
:1075C0000AD07B681B685B6823F400317B68DA6A49
:1075D0007B681B680A435A607B689B6A03F002035E
:1075E000002B0AD07B681B685B6823F480317B68C2
:1075F0001A6B7B681B680A435A607B689B6A03F0BE
:107600000403002B0AD07B681B685B6823F480218D
:107610007B685A6B7B681B680A435A607B689B6A6D
:1076200003F01003002B0AD07B681B689B6823F4CF
:1076300080517B68DA6B7B681B680A439A607B68C1
:107640009B6A03F02003002B0AD07B681B689B68B1
:1076500023F400517B681A6C7B681B680A439A60AC
:107660007B689B6A03F04003002B1AD07B681B6881
:107670005B6823F480117B685A6C7B681B680A4343
:107680005A607B685B6CB3F5801F0AD17B681B680E
:107690005B6823F4C0017B689A6C7B681B680A43B3
:1076A0005A607B689B6A03F08003002B0AD07B68DA
:1076B0001B685B6823F400217B68DA6C7B681B68BD
:1076C0000A435A6000BF0C37BD465DF8047B704723
:1076D00080B598B002AF78607B680022C3F8902034
:1076E000F9F7D2FF78657B681B681B6803F0080315
:1076F000082B2FD16FF07E4300937B6D00224FF457
:107700000011786800F08EF80346002B22D07B68C9
:107710001B68BB63BB6B53E8003F7B637B6B23F051
:1077200080033B657B681B681A463B6D7B643A644B
:10773000396C7A6C41E80023FB63FB6B002BE6D1CC
:107740007B682022C3F888207B68002283F884208D
:10775000032363E07B681B681B6803F00403042BAE
:1077600049D16FF07E4300937B6D00224FF480017E
:10777000786800F057F80346002B3CD07B681B6804
:107780007B627B6A53E8003F3B623B6A23F4907361
:10779000FB647B681B681A46FB6C3B63FA62F96A00
:1077A0003A6B41E80023BB62BB6A002BE6D17B68E1
:1077B0001B6808333B613B6953E8003FFB60FB6893
:1077C00023F00103BB647B681B680833BA6CFA6161
:1077D000BB61B969FA6941E800237B617B69002BD1
:1077E000E5D17B682022C3F88C207B68002283F8D7
:1077F0008420032312E07B682022C3F888207B6862
:107800002022C3F88C207B680022DA667B68002285
:107810001A677B68002283F88420002318465837B3
:10782000BD4680BD80B584B000AFF860B9603B60F4
:107830001346FB714FE0BB69B3F1FF3F4BD0F9F743
:1078400023FF02463B68D31ABA699A4202D3BB6946
:10785000002B01D103234EE0FB681B681B6803F07B
:107860000403002B37D0BB68802B34D0BB68402B7F
:1078700031D0FB681B68DB6903F00803082B10D1CB
:10788000FB681B6808221A62F86800F039F8FB6888
:107890000822C3F89020FB68002283F8842001238B
:1078A00029E0FB681B68DB6903F40063B3F5006F34
:1078B00011D1FB681B684FF400621A62F86800F08F
:1078C0001FF8FB682022C3F89020FB68002283F891
:1078D000842003230FE0FB681B68DA69BB68134050
:1078E000BA689A420CBF01230023DBB21A46FB7927
:1078F0009A42A0D0002318461037BD4680BD000034
:1079000080B495B000AF78607B681B687B637B6B4D
:1079100053E8003F3B633B6B23F49073FB647B684D
:107920001B681A46FB6C3B64FA63F96B3A6C41E8DE
:107930000023BB63BB6B002BE6D17B681B6808335D
:107940003B623B6A53E8003FFB61FA691E4B134000
:10795000BB647B681B680833BA6CFA62BB62B96AA5
:10796000FA6A41E800237B627B6A002BE5D17B68E1
:10797000DB6E012B18D17B681B68FB60FB6853E84A
:10798000003FBB60BB6823F010037B647B681B680F
:107990001A467B6CBB617A617969BA6941E8002358
:1079A0003B613B69002BE6D17B682022C3F88C2029
:1079B0007B680022DA667B6800225A6700BF543772
:1079C000BD465DF8047B7047FEFFFFEF80B584B0D5
:1079D00000AF78607B689B6BFB60FB680022A3F8BC
:1079E0005E20FB680022A3F85620F868FFF750F8E5
:1079F00000BF1037BD4680BD80B588B000AF78604D
:107A00007B681B68FB60FB6853E8003FBB60BB689A
:107A100023F04003FB617B681B681A46FB69BB616E
:107A20007A617969BA6941E800233B613B69002BBF
:107A3000E6D17B682022C3F888207B6800229A6701
:107A40007868FFF71BF800BF2037BD4680BD80B4C3
:107A500083B000AF786000BF0C37BD465DF8047B93
:107A6000704780B483B000AF786000BF0C37BD466C
:107A70005DF8047B704780B483B000AF786000BFCE
:107A80000C37BD465DF8047B704780B485B000AF0D
:107A900078607B6893F88430012B01D1022327E0C2
:107AA0007B68012283F884207B682422C3F8882025
:107AB0007B681B681B68FB607B681B681A687B68B7
:107AC0001B6822F001021A60FB6823F00053FB6080
:107AD0007B6800225A667B681B68FA681A607B68BC
:107AE0002022C3F888207B68002283F884200023AA
:107AF00018461437BD465DF8047B704780B584B0E6
:107B000000AF786039607B6893F88430012B01D135
:107B100002232DE07B68012283F884207B682422E5
:107B2000C3F888207B681B681B68FB607B681B6848
:107B30001A687B681B6822F001021A607B681B6868
:107B40009B6823F060417B681B683A680A439A602F
:107B5000786800F04FF87B681B68FA681A607B68E9
:107B60002022C3F888207B68002283F88420002329
:107B700018461037BD4680BD80B584B000AF786030
:107B800039607B6893F88430012B01D102232DE00A
:107B90007B68012283F884207B682422C3F8882034
:107BA0007B681B681B68FB607B681B681A687B68C6
:107BB0001B6822F001021A607B681B689B6823F037
:107BC00060617B681B683A680A439A60786800F0D5
:107BD00011F87B681B68FA681A607B682022C3F87A
:107BE00088207B68002283F8842000231846103701
:107BF000BD4680BD80B485B000AF78607B685B6EA9
:107C0000002B08D17B680122A3F86A207B6801223F
:107C1000A3F8682031E01023FB731023BB737B684B
:107C20001B689B685B0EDBB203F007037B737B680A
:107C30001B689B685B0FDBB203F007033B73BB7BE6
:107C40003A7B11498A5C02FB03F33A7B0F498A5C59
:107C500093FBF2F39AB27B68A3F86A20FB7B7A7BF2
:107C600009498A5C02FB03F37A7B08498A5C93FB2F
:107C7000F2F39AB27B68A3F8682000BF1437BD46C0
:107C80005DF8047B704700BF8CA9000894A9000828
:107C9000F0B52DED028BB0EE408B85B017460D9DF3
:107CA0000C9E18EE902A25F02005002AB6BF2D2242
:107CB0000022B1EE408B462D0C461A7004D0452DA3
:107CC00000D10134022100E0032103AB019302AB98
:107CD000009322463346B0EE480B00F045FF472D97
:107CE00014D1FB070AD50219B5EE408BF1EE10FA5C
:107CF00008BF03923021039B934219D3039B0E9A32
:107D00001B1A136005B0BDEC028BF0BD462D00EBD5
:107D10000402E9D10378302B07D1B5EE408BF1EEA8
:107D200010FA1CBFC4F10104346033681A44DBE765
:107D30005C1C03941970DEE7F7B50029BABF49420D
:107D40002D232B2309290270437029DD0DF1070330
:107D50001D460A271A46B1FBF7F607FB1614303406
:107D600002F8014C0C46632C03F1FF333146F1DC81
:107D70003031941E03F8011C411C2346AB420AD348
:107D80000DF109039B1AAC4288BF00230233034460
:107D9000181A03B0F0BD13F8016B01F8016FEDE79D
:107DA000302330318370C170031DF1E70000000003
:107DB0002DE9F04F8DB00C46DDF8588016461F4671
:107DC000054600F0CFFDD0F800B05846F8F7D8FAD5
:107DD00000230A93D8F8003094F818902268059090
:107DE000073323F0070303F10801C8F8001093EDEF
:107DF000000B9FED976BB0EEC07BB4EE467BF1EECF
:107E000010FA84ED120B24DDB5EEC00BF1EE10FA82
:107E100002D52D2384F843308F49904BB9F1470F99
:107E200094BF8846984622F004020323236122600F
:107E30004FF0000A009733460BAA2146284600F06F
:107E4000D1F9013040F089804FF0FF300DB0BDE82E
:107E5000F08FB4EE400BF1EE10FA09D710EE903A25
:107E6000002BBCBF2D2384F843307D497D4BD5E7E3
:107E70006368591C09F0DF0A39D10623636042F4B4
:107E800080620023226003930AABCDE9019309AB22
:107E9000009361680DF123032846FFF7F9FEBAF15C
:107EA000470F0999804629D1C81C02DB63689942B3
:107EB00041DDA9F102095FFA89F901394A4604F165
:107EC00050000991FFF738FF0A9A1318012A8246D9
:107ED000236102DC2268D20701D5013323619DF8BA
:107EE0002330002BA6D02D2384F84330A2E7BAF12B
:107EF000470FC4D1002BC2D10123BFE7B9F1650FF1
:107F0000DBD9B9F1660F18D1002963680BDD216157
:107F100013B92268D00702D501330B442361A16550
:107F20004FF0000ADBE713B92268D20701D502330C
:107F3000F4E70123F2E74FF067090A9B994205DB5A
:107F400023682161D807EAD54B1CE7E70029D4BF95
:107F5000C1F1020201221344E0E723685A0507D465
:107F60002369424631462846B84701302AD16BE79B
:107F7000B9F1650F40F2E08094ED127BB5EE407BE5
:107F8000F1EE10FA33D1384A012331462846B8477A
:107F900001303FF459AFDDE90938434502DB23687E
:107FA000D8070FD5059B5A4631462846B8470130B9
:107FB0003FF44AAF4FF0000908F1FF3804F11A0A04
:107FC000C84509DC23689B0700F10781E0680B9B2B
:107FD0009842B8BF184639E7012352463146284631
:107FE000B84701303FF430AF09F10109E8E7099BD8
:107FF000002B3BDC1C4A012331462846B8470130A0
:108000003FF422AFDDE9093959EA030302D12368BD
:10801000D907D7D5059B5A4631462846B84701307F
:108020003FF412AF4FF0000A04F11A0B099B5B42B8
:10803000534501DC4B4694E701235A463146284616
:10804000B84701303FF400AF0AF1010AEEE700BF84
:10805000FFFFFFFFFFFFEF7F9CA90008A0A900081A
:10806000A4A90008A8A90008ACA90008A36DDDF820
:1080700028A05345A8BF5346002B994637DC002360
:10808000079329EAE97904F11A02A36D0799069387
:10809000A3EB09038B4231DC099B9A453BDC236847
:1080A000DA0738D4099BAAEB0309069BAAEB030362
:1080B0009945A8BF9946B9F1000F34DC4FF000088C
:1080C00029EAE97904F11A0B099BAAEB0303A3EB54
:1080D000090343457FF776AF01235A4631462846C8
:1080E000B84701303FF4B0AE08F10108ECE7424672
:1080F00031462846B8470130C1D1A5E601233146B3
:1081000028460692B84701303FF49EAE079B069A78
:1081100001330793B9E7059B5A4631462846B847CD
:108120000130BFD190E6069A4B464244314628467C
:10813000B8470130C2D187E6DDF82890B9F1010FC8
:1081400001DCDB0736D50123424631462846B847D5
:1081500001303FF479AE059B5A4631462846B84770
:1081600001303FF471AE94ED127BB5EE407BF1EE41
:1081700010FA09F1FF3918D04B4608F101023146D7
:108180002846B84701300CD15EE601235A463146F5
:108190002846B84701303FF457AE08F10108C845FA
:1081A000F3DB534604F15002DCE64FF0000804F123
:1081B0001A0BF4E701234246E1E701234A46314620
:1081C0002846B84701303FF43FAE08F10108E368A4
:1081D0000B995B1A4345F0DCF8E64FF0000804F118
:1081E0001909F4E72DE9F047164698468A680B69A5
:1081F000DDF820909342B8BF1346336091F84320D6
:1082000007460C460AB1013333602368990642BF22
:10821000336802333360256815F0060506D104F192
:10822000190AE36832689B1AAB4226DC94F84330A3
:108230002268003B18BF012392062BD404F14302AD
:1082400041463846C84701301ED02368226903F0F2
:108250000603042B02BFE5683368ED1AA3680CBF60
:1082600025EAE57500259342C4BF9B1AED18002648
:108270001A34B5421AD1002008E001235246414683
:108280003846C847013003D14FF0FF30BDE8F087D2
:108290000135C6E7E1185A1C302081F8430022441A
:1082A00094F8451082F843100233C7E701232246B1
:1082B00041463846C8470130E6D00136D9E70000CC
:1082C0002DE9FF470F7E0C9E782F914680460C4685
:1082D0009A4601F1430207D8622F0AD8002F00F016
:1082E000D280582F00F0B98004F1420684F8427021
:1082F0003AE0A7F16303152BF6D801A151F823F05A
:10830000598300086D830008E9820008E9820008AB
:10831000E9820008E98200086D830008E98200080C
:10832000E9820008E9820008E98200086D840008FB
:108330009783000827840008E9820008E982000882
:108340008F840008E982000897830008E98200080A
:10835000E98200082F84000833681A1D1B68326008
:1083600004F1420684F8423001239DE0336820681E
:10837000191D3160060601D51D6803E04506FBD5D1
:10838000B3F90050002D03DA2D236D4284F84330F9
:1083900059480A2311E021683368080653F8045B42
:1083A00002D4490648BFADB26F2F5348336014BFA3
:1083B0000A230823002184F843106668A660002E73
:1083C000A2BF216821F0040121600DB9002E4BD01D
:1083D0001646B5FBF3F103FB1157C75D06F8017DA7
:1083E0002F46BB420D46F4D9082B0BD12368DF077B
:1083F00008D5236961689942DEBF302306F8013C45
:1084000006F1FF36921B2261CDF800A04B4603AA6D
:1084100021464046FFF7E6FE01304AD14FF0FF30DB
:1084200004B0BDE8F087236843F02003236033489D
:10843000782784F84570236831681F0651F8045B7B
:1084400002D45F0648BFADB23160D90744BF43F0E4
:10845000200323601DB11023ACE72748E9E7236818
:1084600023F020032360F6E71646BDE7336825684E
:108470006169181D30602E061B6801D5196002E085
:108480006806FBD51980002323611646BCE73368D4
:108490001A1D32601E68626800213046F7F720FF1F
:1084A00008B1801B606063682361002384F8433057
:1084B000AAE72369324649464046D0470130ADD04D
:1084C00023689B0713D4E068039B9842B8BF184603
:1084D000A6E70123324649464046D04701309DD0A9
:1084E0000135E36803995B1AAB42F2DCEBE7002548
:1084F00004F11906F5E700BFAEA90008BFA90008FE
:10850000002310B50446C0E90033C0E9043383609A
:1085100081814366C2818361194608225C3000F084
:1085200019FA0D4B63620D4BA3620D4BE3620D4BC9
:1085300023630D4B24629C4206D003F168029442EF
:1085400002D0D0339C4205D104F15800BDE8104060
:1085500000F07CBA10BD00BFA5870008C7870008DF
:10856000FF8700082388000804030024024A034907
:10857000034800F069B800BF1000002455A50008AA
:108580002000002441680C4B994210B5044601D0EC
:1085900001F0E0FFA168094B994202D0204601F0AA
:1085A000D9FFE168064B994204D02046BDE810404F
:1085B00001F0D0BF10BD00BF040300246C030024F1
:1085C000D403002410B50B4B0B4C0C4A1A60204608
:1085D00000220421FFF794FF04F168000122092121
:1085E000FFF78EFF04F1D0000222BDE810401221F7
:1085F000FFF786BF3C040024040300246D850008B7
:10860000014800F024BA00BF45040024014800F0EE
:108610001FBA00BF4504002410B50446FFF7F0FF61
:10862000236A1BB1BDE81040FFF7F0BF044B236283
:10863000044B1B68002BF5D1FFF7C4FFF2E700BF26
:10864000858500083C0400242DE9F8430746884648
:1086500014460026D4E90195B9F1010905D524682D
:10866000002CF7D13046BDE8F883AB89012B07D940
:10867000B5F90E30013303D029463846C0470643CA
:108680006835E9E70FB407B5064904AB086853F845
:10869000042B8168019301F0C1FD03B05DF804EB88
:1086A00004B070471C000024036A70B58468054656
:1086B0000E460BB9FFF7B0FF636EDB0705D4A38945
:1086C000980502D4A06D00F0C2F9A389190702D55C
:1086D0002369002B35D12146284600F0E5F880B308
:1086E0004FF0FF35636EDA0705D4A3899B0502D4EA
:1086F000A06D00F0ADF9284670BD002B04DAA26928
:108700009A4217DC0A2915D023685A1C2260197076
:10871000A36816F8011F013BA3600029EDD1002BCF
:1087200011DA22460A21284600F07FF80130D7D01E
:108730000A25D7E72246284600F077F80130E7D12E
:10874000CEE7013EE4E723685A1C22600A221A7031
:10875000EEE70000024B01461868FFF7A5BF00BF17
:108760001C0000240EB400B59CB01DAB0290069016
:108770006FF00041094807910491094953F8042B0F
:1087800005910068019302A901F022FC029B0022DE
:108790001A701CB05DF804EB03B070471C00002495
:1087A0000802FFFF10B50C46B1F90E1000F000F9F9
:1087B0000028ABBF636DA3891B1823F48053ACBFA3
:1087C0006365A38110BD2DE9F0411F468B89DB0550
:1087D00005460C46164605D5B1F90E1002230022B7
:1087E00000F0D4F8A389B4F90E1023F48053A381C8
:1087F00032463B462846BDE8F04100F0EBB810B5E4
:108800000C46B1F90E1000F0C1F8431CA38915BF46
:10881000606523F4805343F48053A38118BFA38180
:1088200010BDB1F90E1000F0A1B8F8B50E4614460F
:10883000054618B1036A0BB9FFF7EEFEA369A36002
:10884000A3891A0701D5236943B92146284600F0B8
:108850002BF818B14FF0FF373846F8BD236822696E
:10886000981A6369F6B28342374605DC21462846EA
:1088700001F070FE0028EDD1A368013BA3602368DE
:108880005A1C22601E706269431C9A4204D0A3895C
:10889000DB07E1D50A2EDFD12146284601F05AFE3A
:1088A0000028D9D0D6E7000038B5294B054618680E
:1088B0000C4618B1036A0BB9FFF7AEFEB4F90C30E1
:1088C000190722D4DA0607D409222A6043F04003AC
:1088D000A3814FF0FF3033E0580712D5616B41B1EF
:1088E00004F14403994202D0284600F093FE00238D
:1088F0006363A38923F02403A381002363602369B6
:108900002360A38943F00803A38123694BB9A3899A
:1089100003F42073B3F5007F03D02146284601F00D
:1089200067FEB4F90C3013F001020AD00022A260F5
:1089300062695242A261226942B913F08000C5D136
:1089400038BD990758BF6269A260F4E70020F7E7D5
:108950001C00002402440346934200D1704703F8F0
:10896000011BF9E7004870475C01002438B5064D4B
:108970000023044608462B60F8F7C8FB431C02D1CD
:108980002B6803B1236038BD4004002438B5074D7F
:1089900004460846114600222A601A46F8F7DDFB15
:1089A000431C02D12B6803B1236038BD400400246E
:1089B00038B5074D04460846114600222A601A467B
:1089C000F8F76BFB431C02D12B6803B1236038BD61
:1089D0004004002438B5074D0446084611460022DD
:1089E0002A601A46F8F776FB431C02D12B6803B1C4
:1089F000236038BD40040024014B1868704700BF55
:108A00001C00002470B50D4D0D4C641BA4100026F5
:108A1000A64209D10B4D0C4C01F066FF641BA4105B
:108A20000026A64205D170BD55F8043B9847013693
:108A3000EEE755F8043B98470136F2E718AD000819
:108A400018AD000818AD00081CAD0008704770474D
:108A500070472DE9F74F03690C69A34207467EDB97
:108A6000013C01F11408A30000F11405009305EB8B
:108A70008403019358F8243055F8242001339A4296
:108A800008EB8409B2FBF3F62ED34FF0000AC4467C
:108A9000AE46D3465CF8043B98B206FB00A0020C3D
:108AA0001B0C06FB0323DEF8002080B292B2121AE0
:108AB0005A44DEF800004FEA134A9BB2C3EB22434C
:108AC00003EB104392B242EA0342E1454EF8042B15
:108AD0004FEA234BDED2009BEB582BB9019B043BA2
:108AE0009D421A462FD33C61384601F00DF900280B
:108AF00025DB2946002058F8042BD1F800C01FFAC6
:108B000082FE1FFA8CF3A3EB0E030344120CC2EB9C
:108B1000234202EB1C429BB243EA0243C14541F8A7
:108B2000043B4FEA2240E6D255F8242005EB8403AB
:108B300022B9043B9D421A460BD33C6101363046B4
:108B400003B0BDE8F08F1268043B002ACBD1013C92
:108B5000C6E71268043B002AEFD1013CEAE7002097
:108B6000EEE70000000000002DE9F04F2DED028B34
:108B7000C76991B08DED020B55EC104B1C9E07910F
:108B8000814609920D937FB9102000F08DFD0246B9
:108B9000C9F81C0020B9A04BEF21A04801F0BEFD90
:108BA000C0E901770760C760D9F81C30196859B16E
:108BB0005A684A60012393408B60484600F06AFE81
:108BC000D9F81C3000221A602B1EBBBF23F00043D3
:108BD000039300230122ACBF33603260904B039EAD
:108BE000B34310D10D9A42F20F731360C6F313030F
:108BF000234300F0DE841D9B8A4F002B00F0E084AD
:108C0000FB1C00F0DBBC9DED028BB5EE408BF1EE62
:108C100010FA0AD10D9A012313601D9B13B11D9AFE
:108C2000814B1360814F00F0CBBC0EAA0FA94846C0
:108C3000B0EE480B01F018F9C6F30A530E9A0190F2
:108C4000002B45D0B0EE487B18EE901AC1F313010B
:108C500041F07F5141F44011A3F2FF33002507EEAC
:108C6000901AB7EE086B9FED665B37EE467B9FED83
:108C7000666BA7EE056B9FED665B07EE903AB8EE6C
:108C8000E74BB0EE467BA4EE057BFDEEC76BB5EE81
:108C9000C07BF1EE10FA16EE908A08D5B8EEE66BBE
:108CA000B4EE476BF1EE10FA18BF08F1FF38B8F1D7
:108CB000160F2BD85E4901EBC80191ED007BB4EE95
:108CC000C78BF1EE10FA01D508F1FF3800211EE044
:108CD0000F9B134403F232412029C1BFC1F140016F
:108CE0008E4003F2124124FA01F1D6BFC1F12001F6
:108CF000314304FA01F107EE901AB8EE677B013BAD
:108D000017EE901A0125A1F1F871A8E70121D21AF6
:108D1000531E069345BFC2F10103059300230023B0
:108D20004CBF06930593B8F1000F0C9118DB069B1E
:108D3000CDF82880434406930023079A092A49D88E
:108D4000052AC4BF043A0792079AA2F10202CCBFD7
:108D500000240124032A48D8DFE802F00B2E2C3A25
:108D6000059B0022A3EB080305930A92C8F10003B8
:108D7000E3E700220892099A002A39DC4FF0010B40
:108D8000DA465A46CDF824B0D9F81C7000210420E8
:108D900000F11406964230D979604846049300F0F9
:108DA00039FD049B0746002846D1224B024640F27B
:108DB000AF11F2E60122DDE700220892099A08EBE2
:108DC000020B0BF1010A5246012AB8BF0122DBE770
:108DD0000122F2E701240022CDE907244FF0FF3BF6
:108DE0000021DA4612220991CEE701220892F5E726
:108DF000DDF824B0DA465A46C6E701314000C7E73D
:108E000061436F63A787D23FB3C8608B288AC63F90
:108E1000FB799F501344D33FDDA90008F4A9000853
:108E20000000F07FD9A90008ADA90008ACA900088E
:108E3000F0AA00084CAA0008D9F81C20BAF10E0FBD
:108E400010606FD8002C6DD0B8F1000F40F3C280D5
:108E5000CA4A08F00F0102EBC10218F4807F92EDBC
:108E6000007B4FEA281100F0A980C54A92ED086BFB
:108E700088EE066B8DED026B01F00F010322C048F6
:108E8000002940F09D809DED026B86EE077B8DED05
:108E9000027B0C999DED027B002900F0C180B7EEAA
:108EA000006BB4EEC67BF1EE10FA40F1B980BAF176
:108EB000000F00F0B580BBF1000F31DDB2EE046BA6
:108EC00027EE067B8DED027B08F1FF310491013224
:108ED0005C469DED026BB1EE0C5B07EE902AB8EE9E
:108EE000E77BA7EE065B15EE902A51EC150BA2F17D
:108EF0005071002C40F09880B1EE047B36EE476B49
:108F000041EC170BB4EEC76BF1EE10FA00F361827F
:108F1000B1EE477BB4EEC76BF1EE10FA00F1F580CD
:108F20008DED028B0F9A002AC0F22C81B8F10E0F42
:108F300000F32881914B03EBC80393ED006B099B71
:108F4000002B03DABAF1000F40F3D280B2EE044BEB
:108F50009DED027B3E4687EE065BBDEEC55B15EEE2
:108F6000103A303306F8013BF31B9A45B8EEC53B87
:108F7000A3EE467B40F0F88037EE077BB4EEC67B6D
:108F8000F1EE10FA00F3DD80B4EE467BF1EE10FA5C
:108F900004D115EE103ADB0700F1D3800199484661
:108FA00000F078FC00230D9A337008F10103136080
:108FB0001D9B002B00F004831E6001E302225EE78C
:108FC000CC0704D590ED006B013227EE067B4910EB
:108FD000083055E722D0C8F10001684A01F00F00BF
:108FE00002EBC00292ED007B28EE077B8DED027B49
:108FF000634809110024022229B9002C3FF449AF2B
:109000008DED027B45E7CE0705D590ED006B013273
:10901000012427EE067B49100830EDE7022238E7ED
:10902000CDF81080544654E7544A02EBC40212EDC6
:10903000024B089A41EC170B3C444AB3B6EE003B96
:10904000B7EE002B3E4683EE045BB2EE043B35EEFA
:10905000477BFDEEC64B14EE902AB8EEE45B30324F
:1090600036EE456BB4EEC76BF1EE10FA06F8012B45
:1090700038D432EE465BB4EEC75BF1EE10FA62D440
:10908000A6423FF44DAF27EE037B26EE036BE0E7ED
:1090900021463E4627EE047BB2EE043BFDEEC64B76
:1090A00014EE902A303206F8012BA642B8EEE45BAB
:1090B00036EE456B19D1B6EE005B37EE054BB4EEDC
:1090C000C46BF1EE10FA3EDC35EE475BB4EEC56BD7
:1090D000F1EE10FA7FF524AF0E46013916F8013C87
:1090E000302BF9D0DDF8108058E726EE036BD5E77A
:1090F0000BD1B1EE047B26EE076B9DED027BB4EE47
:10910000C76BF1EE10FAC0F2618100242546099B7D
:10911000DB4304933E464FF000082146484600F0EA
:10912000B9FB002DDED0B8F1000F05D0A84503D063
:109130004146484600F0AEFB2946484600F0AAFBEF
:10914000D0E7CDF8108033461E4613F8012D392A9A
:1091500006D19F42F8D1049A0132049230223A702B
:109160001A7801321A70BDE727EE047BB5EE407B1A
:10917000F1EE10FA7FF4EFAE10E700BFF0AA00089E
:10918000C8AA00080899002900F0E380079901297E
:1091900000F3C880002D00F0C18002F23342059E2A
:1091A0001C460493059B13440593069B012113441D
:1091B0004846069300F022FC049B054666B1069AD9
:1091C000002A09DDB2420599A8BF3246891A0591E5
:1091D0000699B61A8A1A0692FBB1089A002A00F07C
:1091E000BC809CB12946224648460B9300F0C6FC41
:1091F000019A01460546484600F016FC0199049084
:10920000484600F047FB049A0B9B01921A1B04D0BE
:109210000199484600F0B2FC01900121484600F057
:10922000EDFB0A9B0446002B00F0D0811A46014654
:10923000484600F0A3FC079B012B044600F39580F1
:10924000029B002B40F08B80039BC3F31302002A88
:1092500040F0878023F00042120D1205002A00F032
:109260008280059B01330593069B013306930123FE
:109270000B930A9B002B00F0AF81226904EB820262
:10928000106900F06FFBC0F12000069B184410F03D
:109290001F0076D0C0F12002042A69DD059BC0F1D1
:1092A0001C0003440593069B064403440693059B58
:1092B000002B05DD01991A46484600F0B9FC0190E3
:1092C000069B002B05DD21461A46484600F0B0FCFF
:1092D00004460C9B002B56D00198214600F014FD4B
:1092E000002850DA08F1FF330493019900230A2281
:1092F000484600F0F1FA089B0190002B00F06E81C7
:10930000294600230A22484600F0E6FABBF1000F86
:10931000054664DC079B022B3EDC60E00E9AC2F13E
:1093200036023CE70AF1FF34A342BFBFE21A0A9BB0
:109330009B180A93AEBF1C1B23460024BAF1000FF2
:10934000B5BF059A059EA2EB0A065246B8BF002299
:1093500027E7059E089D1C4630E71A4658E700237C
:1093600086E7029B84E70B9283E700230B9384E755
:109370009DD0059B1C3213440593069B1644134451
:1093800094E70246F5E7BAF1000FCDF81080D34616
:1093900021DC079B022B1EDDBBF1000F7FF4B7AE73
:1093A00021465B460522484600F096FA01460446EF
:1093B000019800F0A9FC00287FF7A9AE3E463123B2
:1093C00006F8013B049B01330493A4E6CDF810801A
:1093D00054462546F2E7089B002B00F00381002E3F
:1093E00005DD29463246484600F022FC05460B9B27
:1093F000002B58D06968484600F00CFA064628B998
:10940000824B024640F2EF21FFF7C7BB2A690232C6
:10941000920005F10C010C3001F072F90122314685
:10942000484600F005FC7B1C059307EB0B030993F2
:10943000029B03F00103A84608930546059B01988B
:10944000214603F1FF3BFFF704FB4146029000F188
:10945000300A019800F058FC2A46069021464846FA
:1094600000F06EFCC2680646FAB90146019800F0A9
:109470004BFC0246314648460A9200F00BFA079B25
:109480000A9A059E43EA0201089B19430FD1BAF1DB
:10949000390F28D0069B002B02DD029B03F1310A15
:1094A0008BF800A039E62846BDE70122E2E7069BDB
:1094B000002B04DB07990B4308990B4320D1002AAA
:1094C000EEDD01990122484600F0B2FB21460190F1
:1094D00000F01AFC002803DCE2D11AF0010FDFD003
:1094E000BAF1390FD9D139238BF8003033461E46F3
:1094F000013B16F8012C392A53D001321A700CE6C0
:10950000002A07DDBAF1390FEDD00AF101038BF81B
:10951000003002E6059B059A03F801AC099B9342D3
:1095200029D0019900230A22484600F0D5F9A84520
:1095300001904FF000034FF00A024146484607D120
:1095400000F0CAF980460546059B0133059375E78F
:1095500000F0C2F92946804600230A22484600F05E
:10956000BBF90546F0E7BBF1000FCCBF5E46012614
:109570003E444FF0000801990122484600F058FB94
:109580002146019000F0C0FB0028AFDC02D11AF0A8
:10959000010FABD133461E4613F8012D302AFAD005
:1095A000BBE59F42A3D1049B0133049331233B705D
:1095B000B3E51D9B164F1BB107F108031D9A1360FD
:1095C000384611B0BDEC028BBDE8F08F079B012B34
:1095D0007FF736AE0A9B0B93012056E6BBF1000FD6
:1095E0007FF7D7AE3E4601982146FFF732FA00F1E9
:1095F000300A06F801ABF21B9345B4DD0199002354
:109600000A22484600F068F90190ECE74CAA0008ED
:10961000D0A9000838B50546002941D051F8043CCE
:109620000C1F002BB8BFE41800F0E8F81D4A1368BF
:1096300033B9636014602846BDE8384000F0E4B8F0
:10964000A34208D9206821188B4201BF19685B68C2
:1096500009182160EDE71A465B680BB1A342FAD9FD
:1096600011685018A0420BD1206801445018834261
:109670001160E0D118685B68536008441060DAE755
:1096800002D90C232B60D6E7206821188B4204BF37
:1096900019685B68636004BF091821605460CAE7F9
:1096A00038BD00BF4C040024024B0146186800F08E
:1096B00025B800BF1C00002470B50F4E0C46316861
:1096C000054611B901F00CF830602146284601F03A
:1096D00007F8431C03D14FF0FF34204670BDC41C73
:1096E00024F00304A042F8D0211A284600F0F8FF25
:1096F0000130F2D1EFE700BF480400242DE9F84320
:10970000CD1C25F0030508350C2D38BF0C25002D88
:10971000064601DBA94204D90C2333600020BDE8D2
:10972000F883DFF8D48000F069F8D8F800301C46E0
:1097300044BB29463046FFF7BFFF431C044658D1BF
:10974000D8F800402746002F43D1002C4BD0236887
:109750003946304604EB030900F0C2FF814542D18F
:1097600021686D1A29463046FFF7A6FF01303AD02E
:1097700023682B442360D8F800305A6862BBC8F8CD
:1097800000700FE02268521B20D40B2A17D96119F0
:10979000A342256018BF5960636808BFC8F800106D
:1097A00062514B60304600F02FF804F10B00231D8E
:1097B00020F00700C21A1CBF1B1AA350AFE7626853
:1097C000A3420CBFC8F800205A60EBE72346646848
:1097D000AEE73C467F68B6E71A465B68A342FBD11A
:1097E00000235360DEE70C233360304600F00CF8B2
:1097F00094E70560D6E700BF4C0400240148FFF75A
:1098000026B900BF440400240148FFF721B900BF76
:109810004404002470B5C66904460D4676B910208C
:10982000FFF742FF0246E06120B9184B18486B2150
:1098300000F074FFC0E901660660C660E669F3687F
:1098400083B1E369DB6853F82500B8B9012101FA57
:1098500005F6721D9200204600F07EFF60B1C0E95F
:1098600001560EE021220421204600F075FFE36935
:10987000F060DB68002BE4D1002070BD026843F883
:1098800025200023C0E90333F7E700BFDDA9000866
:109890005DAA000870B5C66905460C4676B9102069
:1098A000FFF702FF0246E86120B9094B09488F2102
:1098B00000F034FFC0E901660660C6603CB1EB69A8
:1098C0006268DB6853F82210216043F8224070BDC3
:1098D000DDA900085DAA00082DE9F0410D690746E1
:1098E0000C461E4601F1140C0020DCF8003099B241
:1098F00002FB01611E0C0B0C02FB063389B2013026
:1099000001EB034185424CF8041B4FEA1346ECDCA3
:109910000EB3A368AB4219DC616838460131FFF72A
:1099200079FF804628B902460C4B0D48BA2100F059
:10993000F5FE2269023204F10C0192000C3000F0B5
:10994000DFFE21463846FFF7A5FF444604EB8503BA
:1099500001355E6125612046BDE8F0814CAA000812
:109960005DAA0008B0F5803F034636BF030400201F
:109970001020B3F1807F3CBF1B020830B3F1805F41
:109980003CBF1B010430B3F1804F3CBF9B00023051
:10999000002B05DB13F0804F00F1010008BF2020F1
:1099A00070470368024613F007000BD0D90721D493
:1099B000980749BF5B089B08012013605CBF1360D8
:1099C0000220704799B209B91B0C1020D9B209B90D
:1099D00008301B0A190704BF1B090430990704BF8C
:1099E0009B080230D90703D45B0800F1010003D0C3
:1099F00013607047002070472020704710B50C4658
:109A00000121FFF707FF024628B9054B054840F240
:109A1000451100F083FE01234461036110BD00BFC6
:109A20004CAA00085DAA00082DE9F04F14460A6907
:109A300023699A42A8BF23460F46A4BF0C461F467F
:109A4000D4F810A0D7F81090A36861680AEB090653
:109A5000B34285B0B8BF0131FFF7DCFE30B9024632
:109A6000444B45484FF4B17100F058FE00F1140525
:109A700005EB86082B460022434521D307F114014C
:109A800004F1140202EB8A0201EB89030293131B17
:109A9000153B23F00303043304F11507BA4238BF22
:109AA00004230193029B03918B420CD8002E03DD0B
:109AB00058F8043D002B5BD0066105B0BDE8F08F7F
:109AC00043F8042BD8E7B1F800A0BAF1000F24D076
:109AD00004F1140EA9464FF0000C5EF8047BD9F88F
:109AE00000301FFA87FB9BB20AFB0B334FEA174B80
:109AF000D9F8007063444FEA174C0AFB0BC707EB19
:109B000013479BB243EA0743724549F8043B4FEAC7
:109B1000174CE2D8019B45F803C0039BB3F80290B1
:109B20000431B9F1000F21D02B6804F1140CAE46BA
:109B30004FF0000ABCF800B0BEF8027009FB0B77CA
:109B400057449BB243EA07434EF8043B5CF8043B9E
:109B50004FEA134ABEF8003009FB0A3303EB174300
:109B600062454FEA134AE5D8019FEB51043599E766
:109B7000013E9BE74CAA00085DAA00082DE9F843C6
:109B8000154612F0030207460E4607D0254C013A4F
:109B9000002354F82220FFF79FFE0646AD103DD06B
:109BA000FC697CB91020FFF77FFD0246F86128B9F7
:109BB0001D4B1E4840F2B31100F0B0FDC0E9014456
:109BC0000460C460D7F81C80D8F808404CB940F253
:109BD00071213846FFF712FF0023C8F80800044639
:109BE00003604FF00009EB070AD53146224638469C
:109BF000FFF71AFF314680463846FFF74BFE4646D0
:109C00006D100BD0206838B9224621463846FFF740
:109C10000BFF2060C0F800900446E4E73046BDE842
:109C2000F88300BFB8AA0008DDA900085DAA0008F3
:109C30002DE9F0470C464968236903EB6218A368D5
:109C4000074691464FEA621A08F10106B3420BDB60
:109C50003846FFF7DFFD054648B90246284B29483C
:109C60004FF4EF7100F05AFD01315B00EEE7002385
:109C700000F1140100F110021846534533DB20694E
:109C80002AEAEA7A04F1140319F01F0901EB8A01A8
:109C900003EB800C2BD0C9F1200E8A4600221868F5
:109CA00000FA09F010434AF8040B53F8042B9C45C2
:109CB00022FA0EF2F3D8ACEB0403153B23F00303B6
:109CC000043304F11500844538BF0423CA500AB197
:109CD00008F10206013E38462E612146FFF7DAFD03
:109CE0002846BDE8F08742F8040F0133C5E7043980
:109CF00053F8042B41F8042F9C45F9D8EAE700BF3C
:109D00004CAA00085DAA00080A6903460069801A87
:109D100030B50ED11433143103EB820401EB820110
:109D200054F8045D51F8042D954203D005D24FF04C
:109D3000FF3030BDA342F3D3FBE70120F9E7000079
:109D40002DE9F74F89460646114648461446FFF767
:109D5000DBFF051E12D129463046FFF75BFD0246A8
:109D600028B93F4B40F237213E4800F0D7FC012391
:109D7000C0E90435104603B0BDE8F08FBCBF4B46C8
:109D8000A1463046D9F80410BABF1C46012500256B
:109D9000FFF740FD024618B9314B40F24521E3E799
:109DA000D9F810702669C56009F1100309F114058E
:109DB00004F1140E00F1140B05EB87080EEB860678
:109DC0000193D9464FF0000C019B5EF8040B53F849
:109DD00004AF01931FFA8AF3194683B2CB1A000C21
:109DE0006344C0EB1A4000EB23409BB243EA0043BC
:109DF000764549F8043B4FEA204CE5D8331B153B28
:109E000023F0030315340433A64238BF04231D4452
:109E10005B441E462C4644450ED308F10301491B02
:109E200021F00301033DA84538BF00210B4453F83E
:109E3000041D91B117619DE754F8041BE646080C18
:109E40001CFA81FC714400EB2C4089B241EA0041CC
:109E500046F8041B4FEA204CDDE7013FE7E700BF6F
:109E60004CAA00085DAA00082DE9F7430F4601211E
:109E700059EC108B1646FFF7CDFC044630B902466C
:109E8000234B244840F20F3100F048FCC9F30A5537
:109E9000C9F313030DB143F480130193B8F1000328
:109EA00023D068460093FFF77CFDDDE90012D0B1B6
:109EB000C0F1200302FA03F30B43C2406361019235
:109EC000019BA361002B0CBF012202222261A5B1DC
:109ED000A5F2334505443D60C0F1350030602046B1
:109EE00003B0BDE8F0836161EAE701A8FFF759FD1F
:109EF000019B636120300122E8E704EB8203A0F2BA
:109F0000324038601869FFF72DFDC0EB4210E5E7DD
:109F10004CAA00085DAA00082DE9F0478E681F468C
:109F2000BE420B6882460C4690462DD8B1F90C20F3
:109F300012F4906F26D06569096905EB4505A3EB1E
:109F4000010905EBD5757B1C4B446D109D4238BF54
:109F50001D46530527D52946FFF7D0FB064660B3BB
:109F600021694A4600F0CCFBA38923F4906343F0B7
:109F70008003A381266165614E44A5EB0905266037
:109F8000A5603E46BE4200D93E4620683246414664
:109F900000F06AFBA3689B1BA36023683344236023
:109FA0000020BDE8F0872A4600F0FCFB06460028AA
:109FB000E0D121695046FFF72DFB0C23CAF8003091
:109FC000A38943F04003A3814FF0FF30E9E700008D
:109FD0002DE9F04F98468B891B069DB007460D462C
:109FE000144610D50B6973B94021FFF787FB286031
:109FF000286130B90C233B604FF0FF301DB0BDE845
:10A00000F08F40236B610023099320238DF82930C2
:10A01000CDF80C803023DFF89C818DF82A304FF08A
:10A02000010923469A4613F8012B0AB1252AF9D1D2
:10A03000BAEB040B0BD05B46224629463846FFF7A5
:10A040006BFF013000F0A780099A5A4409929AF8F0
:10A050000030002B00F09F8000234FF0FF32CDE94D
:10A0600005230AF1010A049307938DF853301A93DC
:10A070005446052214F8011B4E48F6F731F9049AAC
:10A08000D8B9D00644BF20238DF85330110744BF00
:10A090002B238DF853309AF800302A2B15D0079ACD
:10A0A000544600204FF00A0C214611F8013B303B8A
:10A0B000092B4BD9B0B1079214E0A0EB080309FAC1
:10A0C00003F313430493A246D2E7039B191D1B68B5
:10A0D0000391002BBBBF5B4242F002020793079340
:10A0E000B8BF049223782E2B0AD163782A2B32D161
:10A0F000039B1A1D1B68039243EAE3730234059322
:10A10000DFF8C0A0217803225046F6F7E9F838B10D
:10A11000049BA0EB0A0040228240134301340493C5
:10A1200014F8011B24488DF828100622F6F7D8F8F9
:10A13000002836D0214B1BBB039B073323F00703BA
:10A1400008330393099B334409936AE70CFB0232FB
:10A150000C460120A8E700230134059319464FF06F
:10A160000A0C204610F8012B303A092A03D9002B9B
:10A17000C6D00591C4E70CFB012104460123F0E79A
:10A1800003AB00932A460E4B04A93846FDF710FE98
:10A19000421C0646D6D1AB895B063FF52DAF099828
:10A1A0002CE703AB00932A46054B04A93846FEF77B
:10A1B00087F8EDE7B8AB0008C2AB0008B17D000836
:10A1C000199F0008BEAB00089368013B002B10B438
:10A1D000936008DA9469A34201DB0A2903D15DF890
:10A1E000044BFEF722BB1368581C10601970084618
:10A1F0005DF8044B7047F8B506460F461446D5186F
:10A20000AC4201D1002007E014F8011B3A46304669
:10A21000FFF7DAFF431CF3D1F8BD00002DE9F04F42
:10A220000D469DB014469846064618B1036A0BB910
:10A23000FEF7F2F96B6ED90705D4AB899A0502D403
:10A24000A86DFEF704FCAB891B0701D52B699BB9F0
:10A2500029463046FEF728FB70B16B6EDC0704D54B
:10A260004FF0FF301DB0BDE8F08FAB899805F7D4F3
:10A27000A86DFEF7EDFBF3E70023099320238DF88B
:10A280002930CDF80C803023DFF8AC818DF82A30EE
:10A290004FF0010923469A4613F8012B0AB1252AEB
:10A2A000F9D1BAEB040B0BD05B4622462946304667
:10A2B000FFF7A1FF013000F0A780099A5A440992E4
:10A2C0009AF80030002B00F09F8000234FF0FF32FF
:10A2D000CDE905230AF1010A049307938DF8533061
:10A2E0001A935446052214F8011B5348F5F7F8FF5A
:10A2F000049AD8B9D10644BF20238DF853301307F0
:10A3000044BF2B238DF853309AF800302A2B15D0F8
:10A31000079A544600204FF00A0C214611F8013BE1
:10A32000303B092B4BD9B0B1079214E0A0EB0803E6
:10A3300009FA03F313430493A246D2E7039B191DC2
:10A340001B680391002BBBBF5B4242F002020793E4
:10A350000793B8BF049223782E2B0AD163782A2B57
:10A3600032D1039B1A1D1B68039243EAE373023444
:10A370000593DFF8D4A0217803225046F5F7B0FF0B
:10A3800038B1049BA0EB0A00402282401343013401
:10A39000049314F8011B29488DF828100622F5F7BC
:10A3A0009FFF00283FD0264B1BBB039B073323F0A6
:10A3B000070308330393099B3B4409936AE70CFBAB
:10A3C00002320C460120A8E7002301340593194608
:10A3D0004FF00A0C204610F8012B303A092A03D915
:10A3E000002BC6D00591C4E70CFB012104460123D4
:10A3F000F0E703AB00932A46124B04A93046FDF761
:10A40000D7FC0746781CD6D16B6ED90705D4AB892B
:10A410009A0502D4A86DFEF71BFBAB895B063FF5DE
:10A420001FAF09981EE703AB00932A46054B04A90A
:10A430003046FDF745FFE4E7B8AB0008C2AB0008C3
:10A44000B17D0008F7A10008BEAB0008B1F90C20EF
:10A450002DE9F041160705460C4654D44B68002BF5
:10A4600002DC0B6C002B48DDE66A002E45D0002391
:10A4700012F480522F68216A2B6030D0626DA3895C
:10A48000590705D56368D21A636B0BB1236CD21AD6
:10A490000023E66A216A2846B047431CA38906D1F7
:10A4A00029681D292BD82A4A0A41D60727D4002219
:10A4B0006260D9042269226004D5421C01D12B6854
:10A4C00003B96065616B2F60B9B104F1440399422F
:10A4D00002D02846FFF79EF8002363630DE00123B6
:10A4E0002846B0470246501CC9D12B68002BC6D065
:10A4F0001D2B01D0162B1ED12F60002022E043F02F
:10A5000040031BB21BE00F69002FF6D093070E68C3
:10A5100008BF4B690F6018BF0023A6EB07088B60CC
:10A52000B8F1000FE9DD216AA66A43463A4628469B
:10A53000B047002808DCB4F90C3043F04003A38195
:10A540004FF0FF30BDE8F0810744A8EB0008E7E7D3
:10A55000FEFFBFDF38B50B6905460C4613B9002571
:10A56000284638BD18B1036A0BB9FEF755F8B4F99F
:10A570000C30002BF3D0626ED00704D4990502D4BE
:10A58000A06DFEF764FA28462146FFF75FFF636E71
:10A59000DA070546E4D4A3899B05E1D4A06DFEF754
:10A5A00057FADDE770B50C46B1F90E10002996B0E8
:10A5B00015461E460DDAA38913F0800F4FF00001F7
:10A5C00014BF40234FF48063002031602B6016B02D
:10A5D00070BD6A4600F062F80028ECDB019901F4D6
:10A5E0007041A1F50053594259414FF48063EBE7A4
:10A5F0008B89F7B59D0706460C4607D504F147033E
:10A60000236023610123636103B0F0BD01AB6A469F
:10A61000FFF7C8FF009F054639463046FFF76EF842
:10A6200048B9B4F90C309A05EED423F0030343F093
:10A630000203A381E2E7A389206043F08003A381A2
:10A64000019BC4E904075BB1B4F90E10304600F079
:10A6500037F828B1A38923F0030343F00103A38152
:10A66000A3891D43A581CFE7884210B501EB020401
:10A6700002D98442234607D8431EA14208D011F8CC
:10A68000012B03F8012FF8E7024401468A4200D16A
:10A6900010BD13F8014D02F8014DF7E738B5074D2D
:10A6A00000230446084611462B60F6F73BFD431C89
:10A6B00002D12B6803B1236038BD00BF40040024E1
:10A6C00038B5064D0023044608462B60F6F73AFDE0
:10A6D000431C02D12B6803B1236038BD4004002421
:10A6E00038B5064D0023044608462B60F6F742FDB8
:10A6F000431C02D12B6803B1236038BD4004002401
:10A700000A44914200F1FF3300D1704710B511F8AF
:10A71000014B03F8014F9142F9D110BD1FB514460A
:10A720001A46094B1B680546D86854B9074B1C46A6
:10A73000CDE9013400912B46054900F06FF800F097
:10A740007FF8044BF4E700BF1C0000240EAC0008A7
:10A75000E0AB0008D3AB000870B5A1FB02543CB9D4
:10A760002946FEF7CBFF064628B90026304670BDC5
:10A770000C220260F9E72A462146FEF7EBF8F5E7DE
:10A7800082B001B901A942B14BB113780B601278C4
:10A79000101E18BF012002B070471046FBE76FF093
:10A7A0000100F8E72DE9F041804615460C4621B935
:10A7B000BDE8F0411146FEF7A1BF2AB9FEF72AFF16
:10A7C00000242046BDE8F08100F041F885420646AD
:10A7D00002D8B5EB500FF4D829464046FEF78EFF5D
:10A7E00007460028ECD0B5422A46214628BF32460B
:10A7F000FFF786FF21464046FEF70CFF3C46E0E7A8
:10A800000346084641B1FF2A04D98A221A604FF054
:10A81000FF3070470A700120704700000EB403B586
:10A82000014603AB054853F8042B00680193FFF77A
:10A83000F5FC02B05DF804EB03B070471C00002487
:10A8400008B5062000F034F80120F6F71BFC51F89B
:10A85000043C181F002BBCBF0B58C01870471F29A1
:10A8600038B505460C4604D9162303604FF0FF3077
:10A8700038BDC26B12B152F821304BB9284600F0F6
:10A8800031F8224601462846BDE8384000F018B8A5
:10A89000012B0AD0591C03D1162303600120E7E7DE
:10A8A000002142F82410204698470020E0E70000ED
:10A8B000024B01461868FFF7D2BF00BF1C000024FE
:10A8C00038B5074D00230446084611462B60F6F7BD
:10A8D000C9FB431C02D12B6803B1236038BD00BF04
:10A8E00040040024F6F7B6BBF8B500BFF8BC08BCBE
:10A8F0009E467047F8B500BFF8BC08BC9E4670473E
:10A9000053544D333220464C415348205445535400
:10A910003A25640053544D333220464C415348206D
:10A92000544553543A25640A000000005379737467
:10A93000656D20537461727400000000526561649B
:10A9400020466C6173683A2025730A00666C617357
:10A950006820737461727420777269746520646111
:10A9600074610000000000000102030401020304FE
:10A9700006070809010002000400060008000A009A
:10A980000C001000200040008000000101010103C4
:10A99000070100000804020408010101494E4600B5
:10A9A000696E66004E414E006E616E0030003031BF
:10A9B0003233343536373839414243444546003026
:10A9C0003132333435363738396162636465660055
:10A9D000496E66696E697479004E614E0052454554
:10A9E0004E54206D616C6C6F632073756363656595
:10A9F000646564002F6275696C642F676E752D74D1
:10AA00006F6F6C732D666F722D73746D33325F319F
:10AA1000322E332E72656C312E3230323430363174
:10AA2000322D313331352F7372632F6E65776C6938
:10AA3000622F6E65776C69622F6C6962632F737425
:10AA4000646C69622F64746F612E630042616C6C88
:10AA50006F6320737563636565646564002F627559
:10AA6000696C642F676E752D746F6F6C732D666FD4
:10AA7000722D73746D33325F31322E332E72656CEA
:10AA8000312E32303234303631322D313331352FB0
:10AA90007372632F6E65776C69622F6E65776C6970
:10AAA000622F6C6962632F7374646C69622F6D70BE
:10AAB0007265632E630000000500000019000000AD
:10AAC0007D000000000000000080E03779C34143B2
:10AAD000176E05B5B5B89346F5F93FE9034F384D04
:10AAE000321D30F94877825A3CBF737FDD4F1575B0
:10AAF000000000000000F03F0000000000002440C3
:10AB000000000000000059400000000000408F409D
:10AB1000000000000088C34000000000006AF84008
:10AB20000000000080842E4100000000D01263412C
:10AB30000000000084D797410000000065CDCD41A2
:10AB4000000000205FA00242000000E87648374283
:10AB5000000000A2941A6D42000040E59C30A24221
:10AB60000000901EC4BCD64200003426F56B0C4396
:10AB70000080E03779C3414300A0D885573476433D
:10AB800000C84E676DC1AB43003D9160E458E1439E
:10AB9000408CB5781DAF154450EFE2D6E41A4B4413
:10ABA00092D54D06CFF08044F64AE1C7022DB54458
:10ABB000B49DD9794378EA44232D302B2000686C6A
:10ABC0004C00656667454647004300504F5349585F
:10ABD000002E002C2066756E6374696F6E3A20003B
:10ABE000617373657274696F6E202225732220660B
:10ABF00061696C65643A2066696C65202225732260
:10AC00002C206C696E65202564257325730A00006D
:10AC1000202020202020202020282828282820200C
:10AC20002020202020202020202020202020202024
:10AC3000881010101010101010101010101010109C
:10AC4000040404040404040404041010101010107C
:10AC50001041414141414101010101010101010155
:10AC60000101010101010101010101101010101089
:10AC70001042424242424202020202020202020226
:10AC8000020202020202020202020210101010204E
:10AC900000000000000000000000000000000000B4
:10ACA00000000000000000000000000000000000A4
:10ACB0000000000000000000000000000000000094
:10ACC0000000000000000000000000000000000084
:10ACD0000000000000000000000000000000000074
:10ACE0000000000000000000000000000000000064
:10ACF0000000000000000000000000000000000054
:10AD00000000000000000000000000000000000043
:08AD1000D055FF7F0100000097
:04AD1800C502000868
:04AD1C00A102000888
:10AD20000090D0030090D00310000000010000004C
:10AD300000000000030000000403002420000024A1
:10AD400000000000040300246C030024D40300244A
:10AD500000000000000000000000000000000000F3
:10AD600000000000000000000000000000000000E3
:10AD700000000000000000000000000000000000D3
:10AD80000000000000000000000000004300000080
:10AD900000000000000000000000000000000000B3
:10ADA0000000000000000000000000004300000060
:10ADB0000000000000000000000000000000000093
:10ADC0000000000000000000000000004300000040
:10ADD0000000000000000000000000000000000073
:10ADE0000000000000000000000000004300000020
:10ADF0000000000000000000000000000000000053
:10AE000000000000000000000000000043000000FF
:10AE10000000000000000000000000000000000032
:10AE200000000000000000000000000043000000DF
:10AE30000000000000000000000000000000000012
:10AE400000000000000000000000000043000000BF
:10AE500000000000000000000000000000000000F2
:10AE600000000000000000000000000001A8000831
:10AE700081A70008000000000FAC0008D1AB00085B
:10AE80000EAC00080EAC00080EAC00080EAC0008BA
:10AE90000EAC00080EAC00080EAC00080EAC0008AA
:10AEA0000EAC0008FFFFFFFFFFFFFFFFFFFFFFFFEC
:10AEB000FFFF00000100415343494900000000002A
:10AEC0000000000000000000000000000000000082
:10AED0000000000000004153434949000000000009
:10AEE0000000000000000000000000000000000062
:08AEF00000000000000000005A
:0400000508001529B1
:00000001FF
