:020000040800F2
:1000000000000824013C0008352C00083D2C0008A5
:10001000452C00084D2C0008552C0008000000005D
:10002000000000000000000000000000C1100108F6
:100030005D2C00080000000011130108B5EA00085B
:10004000513C0008513C0008513C0008513C00085C
:10005000513C0008513C0008513C0008513C00084C
:10006000513C0008513C0008513C00086D2C000830
:10007000812C0008513C0008513C0008513C00080C
:10008000513C0008513C0008513C0008513C00081C
:10009000513C0008513C0008513C0008513C00080C
:1000A000513C0008513C0008513C0008513C0008FC
:1000B000513C0008513C0008513C0008513C0008EC
:1000C000513C0008513C0008513C0008513C0008DC
:1000D000513C0008952C0008513C0008513C000898
:1000E000513C0008513C000800000000513C000851
:1000F000513C0008513C0008513C0008513C0008AC
:10010000513C0008513C0008513C0008513C00089B
:10011000513C0008513C0008513C0008A92C000843
:10012000513C0008513C0008513C0008513C00087B
:10013000513C0008513C0008513C0008513C00086B
:1001400000000000000000000000000000000000AF
:10015000513C0008513C0008513C0008513C00084B
:10016000513C0008513C0008513C0008513C00083B
:10017000513C0008513C0008513C000800000000C0
:10018000513C0008513C0008513C0008513C00081B
:10019000513C0008513C0008513C0008513C00080B
:1001A000513C0008513C0008513C0008513C0008FB
:1001B000513C0008513C0008513C0008513C0008EB
:1001C000513C0008513C0008513C0008513C0008DB
:1001D000513C0008513C0008513C0008513C0008CB
:1001E000513C0008513C0008513C0008513C0008BB
:1001F000513C0008513C0008513C0008513C0008AB
:10020000513C0008513C0008513C0008513C00089A
:10021000513C0008513C0008513C0008513C00088A
:10022000513C0008513C0008513C0008000000000F
:10023000513C0008513C000800000000513C0008FF
:10024000513C0008513C0008513C0008513C00085A
:10025000513C0008513C0008513C0008513C00084A
:10026000513C0008513C0008513C0008513C00083A
:10027000513C0008513C0008513C000800000000BF
:10028000513C0008513C0008513C000800000000AF
:0802900000000000513C0008D1
:1002A00010B5054C237833B9044B13B10448AFF3B0
:1002B00000800123237010BD480A002400000000C4
:1002C0007839020808B5034B1BB103490348AFF363
:1002D000008008BD000000004C0A002478390208A4
:1002E00010F8012B11F8013B012A28BF9A42F7D0E0
:1002F000D01A70470000000000000000000000005D
:1003000001F0FF01102A2BDB10F0070F08D010F8C6
:10031000013B013A8B422DD010F0070F42B3F6D1CA
:10032000F0B441EA012141EA014122F007047FF0E3
:1003300000070023F0E80256083C85EA010586EA3A
:10034000010685FA47F5A3FA87F586FA47F6A5FA76
:1003500087F68EB9EED1F0BC01F0FF0102F0070282
:1003600032B110F8013B013A83EA010313B1F8D12D
:100370000020704701387047002D06BF354603380E
:10038000073815F0010F07D1013015F4807F02BF47
:10039000013015F4C03F0130F0BC0138704700BF98
:1003A000034613F8012B002AFBD1181A01387047B5
:1003B00081F0004102E000BF83F0004330B54FEA16
:1003C00041044FEA430594EA050F08BF90EA020F83
:1003D0001FBF54EA000C55EA020C7FEA645C7FEA16
:1003E000655C00F0E2804FEA5454D4EB5555B8BF39
:1003F0006D420CDD2C4480EA020281EA030382EAAA
:10040000000083EA010180EA020281EA0303362D3B
:1004100088BF30BD11F0004F4FEA01314FF4801C0E
:100420004CEA113102D0404261EB410113F0004F20
:100430004FEA03334CEA133302D0524263EB4303D7
:1004400094EA050F00F0A780A4F10104D5F1200E75
:100450000DDB02FA0EFC22FA05F2801841F10001D0
:1004600003FA0EF2801843FA05F359410EE0A5F1A4
:1004700020050EF1200E012A03FA0EFC28BF4CF0D5
:10048000020C43FA05F3C01851EBE37101F000458B
:1004900007D54FF0000EDCF1000C7EEB00006EEB98
:1004A0000101B1F5801F1BD3B1F5001F0CD3490822
:1004B0005FEA30004FEA3C0C04F101044FEA445279
:1004C00012F5800F80F09A80BCF1004F08BF5FEA00
:1004D000500C50F1000041EB045141EA050130BDE0
:1004E0005FEA4C0C404141EB0101013C28BFB1F5F2
:1004F000801FE9D291F0000F04BF01460020B1FA3D
:1005000081F308BF2033A3F10B03B3F120020CDA0F
:100510000C3208DD02F1140CC2F10C0201FA0CF0ED
:1005200021FA02F10CE002F11402D8BFC2F1200C52
:1005300001FA02F120FA0CFCDCBF41EA0C01904008
:10054000E41AA2BF01EB0451294330BD6FEA040451
:100550001F3C1CDA0C340EDC04F11404C4F120023C
:1005600020FA04F001FA02F340EA030021FA04F34E
:1005700045EA030130BDC4F10C04C4F1200220FAA5
:1005800002F001FA04F340EA0300294630BD21FAE3
:1005900004F0294630BD94F0000F83F4801306BFA9
:1005A00081F480110134013D4EE77FEA645C18BF9D
:1005B0007FEA655C29D094EA050F08BF90EA020F34
:1005C00005D054EA000C04BF1946104630BD91EA2C
:1005D000030F1EBF0021002030BD5FEA545C05D12F
:1005E0004000494128BF41F0004130BD14F580046E
:1005F0003CBF01F5801130BD01F0004545F0FE41E2
:1006000041F470014FF0000030BD7FEA645C1ABF16
:10061000194610467FEA655C1CBF0B46024650EA4D
:10062000013406BF52EA033591EA030F41F4002179
:1006300030BD00BF90F0000F04BF0021704730B5FF
:100640004FF4806404F132044FF000054FF00001D4
:1006500050E700BF90F0000F04BF0021704730B595
:100660004FF4806404F1320410F0004548BF40426A
:100670004FF000013EE700BF42004FEAE2014FEABF
:1006800031014FEA02701FBF12F07F4393F07F4F9A
:1006900081F06051704732F07F4208BF704793F09D
:1006A0007F4F04BF41F40021704730B54FF46074B0
:1006B00001F0004521F000411CE700BF50EA0102B3
:1006C00008BF704730B54FF000050AE050EA01025C
:1006D00008BF704730B511F0004502D5404261EBCC
:1006E00041014FF4806404F132045FEA915C3FF40D
:1006F000D8AE4FF003025FEADC0C18BF03325FEAAA
:10070000DC0C18BF033202EBDC02C2F1200300FA5A
:1007100003FC20FA02F001FA03FE40EA0E0021FA7F
:1007200002F11444BDE600BF7BB972B90029BEBF17
:1007300000204FF0004106E008BF00281CBF6FF00A
:1007400000414FF0FF3000F0B5B9ADF1080C6DE994
:1007500004CE002909DB002B1ADB00F04DF8DDF890
:1007600004E0DDE9022304B07047404261EB41013F
:10077000002B1BDB00F040F8DDF804E0DDE902238C
:1007800004B0404261EB4101524263EB43037047C6
:10079000524263EB430300F02FF8DDF804E0DDE99B
:1007A000022304B0404261EB41017047524263EBC7
:1007B000430300F021F8DDF804E0DDE9022304B092
:1007C000524263EB4303704753B94AB9002908BF4B
:1007D00000281CBF4FF0FF314FF0FF3000F06AB926
:1007E000ADF1080C6DE904CE00F006F8DDF804E088
:1007F000DDE9022304B070472DE9F047089D0C465F
:10080000002B4ED194468C458646B2FA82F262D9CC
:100810004AB1C2F12003914020FA03F30CFA02FC22
:10082000194300FA02FE4FEA1C471FFA8CF6B1FB8F
:10083000F7F44FEA1E4307FB141143EA014304FB9C
:1008400006F199420AD91CEB030304F1FF3080F052
:100850001281994240F20F81023C6344591A1FFAF7
:100860008EF3B1FBF7F007FB101143EA014300FBE5
:1008700006F69E420AD91CEB030300F1FF3180F01B
:10088000FC809E4240F2F980634402389B1B40EAA0
:10089000044000211DB1D3400022C5E90032BDE86B
:1008A000F0878B4205D90DB1C5E90001002108464A
:1008B000F5E7B3FA83F1002946D1A34202D390426F
:1008C000C0F0F080861A64EB03030120002DE6D00F
:1008D000C5E90063E3E7002A40F09080A1EB0C0437
:1008E0004FEA1C481FFA8CF70121B4FBF8F64FEAD7
:1008F0001E4308FB164443EA044307FB06F09842F4
:1009000008D91CEB030306F1FF3402D2984200F22F
:10091000CD8026461C1A1FFA8EF3B4FBF8F008FBB4
:10092000104443EA044300FB07F79F4208D91CEB3D
:10093000030300F1FF3402D29F4200F2B080204650
:10094000DB1B40EA0640A5E7C1F120068B4022FAF6
:1009500006F71F4320FA06FC04FA01F343EA0C03EE
:10096000F44000FA01F8380C4FEA1349B4FBF0FEEA
:100970001FFA87FC00FB1E4449EA04440EFB0CF9F5
:10098000A14502FA01F20AD93C190EF1FF3A80F0B2
:100990008480A14540F28180AEF1020E3C44A4EB7C
:1009A00009041FFA83F9B4FBF0F300FB134449EA8E
:1009B000044403FB0CFCA44507D93C1903F1FF30A8
:1009C00067D2A44565D9023B3C4443EA0E40A0FBF4
:1009D0000293A4EB0C049C42CE469C4651D34ED0CD
:1009E00055B1B8EB0E0364EB0C0404FA06F6CB40E9
:1009F0001E43CC40C5E90064002150E7C2F120034A
:100A000020FA03F10CFA02FC24FA03F394400C439D
:100A10004FEA1C4800FA02FE1FFA8CF7B3FBF8F00D
:100A200008FB1031230C43EA014300FB07F1994214
:100A300008D91CEB030300F1FF362CD299422AD9C6
:100A4000023863445B1AA4B2B3FBF8F108FB11331C
:100A500044EA034401FB07F3A34208D91CEB040456
:100A600001F1FF3613D2A34211D902396444E41ACA
:100A700041EA004139E70446F0E6084606E7C84582
:100A8000AED2B9EB020E63EB070C0138A8E7314692
:100A9000EDE7034699E73046D4E7D6467FE763445F
:100AA00002384DE70646234608460FE7023E6344F8
:100AB00030E700BF704700BF80B500AF094B1B781F
:100AC0000133DAB2074B1A70064B1B78142B07D987
:100AD000044B00221A704FF40051034806F0A7FAA5
:100AE00000BF80BD640A00240008025880B582B0AF
:100AF00000AF4FF4FA700EF0D3F800F0EBFC00F00A
:100B0000C3F800F04FFE0FF0CDFA03467B6000F013
:100B10005BFC3B1D0A2118460FF0F2F800BFF6E718
:100B200080B582B000AF0FF0BDFA03467B60064887
:100B300020F070F8FFF7C0FF3B1D0A2118460FF0A8
:100B4000DFF800BFF6E700BF9039020880B485B037
:100B500000AF0346FB710023FB81FB79032B29D8EF
:100B600001A252F823F000BF790B0008870B0008A0
:100B7000990B0008A70B0008134B5B6AFB81124B13
:100B800000225A6217E04FF080435B6AFB814FF00E
:100B9000804300225A620EE00C4B5B6AFB810B4BD8
:100BA00000225A6207E00A4B5B6AFB81084B002275
:100BB0005A6200E000BFB7F90E3018461437BD4640
:100BC0005DF8047B704700BF00040040000C00404B
:100BD0000008004080B483B000AF78600C4B1A6806
:100BE0007B681A607B6804330A4A12681A607B6863
:100BF0000833094A12681A607B680C33074A126886
:100C00001A6000BF0C37BD465DF8047B704700BF1B
:100C1000680A00246C0A0024700A0024740A002464
:100C200080B500AF0020FFF791FF03461A46124B34
:100C30001B681344104A13600120FFF787FF034627
:100C40001A460E4B1B6813440C4A13600220FFF730
:100C50007DFF03461A460A4B1B689B1A084A13601D
:100C60000320FFF773FF03461A46064B1B689B1AC7
:100C7000044A136000BF80BD680A00246C0A002487
:100C8000700A0024740A002480B500AF04210848CB
:100C900009F05CFB0421074809F058FB04210648D1
:100CA00009F054FB0421054809F050FB00BF80BD4A
:100CB0003810002484100024D01000241C110024BB
:100CC00080B483B000AF034687ED000AFB71FB7967
:100CD000012B16D1D7ED007A9FED2A7AF4EEC77A70
:100CE000F1EE10FA01DD284B3B60D7ED007A9FED65
:100CF000277AF4EEC77AF1EE10FA39D5244B3B602F
:100D000036E0FB79022B16D1D7ED007A9FED1D7AE4
:100D1000F4EEC77AF1EE10FA01DD1B4B3B60D7ED24
:100D2000007A9FED1A7AF4EEC77AF1EE10FA1FD529
:100D3000174B3B601CE0FB79032B16D1D7ED007AF3
:100D40009FED147AF4EEC77AF1EE10FA01DD124B42
:100D50003B60D7ED007A9FED117AF4EEC77AF1EEA1
:100D600010FA05D50E4B3B6002E04FF000033B60EC
:100D70003B6807EE903AB0EE670A0C37BD465DF867
:100D8000047B70473333333F3333333F333333BF25
:100D9000333333BF6666864066668640666686C0C5
:100DA000666686C090B585B000AF04460846114619
:100DB0001A462346FB800346BB800B467B801346C6
:100DC0003B804FF47A73FB81B7F90620B7F90E30F8
:100DD0005B429A420BDBB7F90620B7F90E309A4214
:100DE00005DCB7F906301946002000F0E7FBB7F93B
:100DF0000420B7F90E305B429A420BDBB7F90420AE
:100E0000B7F90E309A4205DCB7F9043019460120D3
:100E100000F0D4FBB7F90220B7F90E305B429A42DA
:100E20000BDBB7F90220B7F90E309A4205DCB7F9AF
:100E300002301946022000F0C1FBB7F90020B7F9D3
:100E40000E305B429A420BDBB7F90020B7F90E3047
:100E50009A4205DCB7F900301946032000F0AEFBDA
:100E600000BF1437BD4690BD80B582B000AF0346C9
:100E7000FB71002300220021002000F011F8042063
:100E800000F0B4FDFB79184600F04CFB034B002248
:100E90001A7000BF0837BD4680BD00BFA80A0024F5
:100EA00090B585B000AF0446084611461A46234661
:100EB000FB800346BB800B467B8013463B80174B71
:100EC00001221A70164AFB881384154ABB88538482
:100ED000134A7B889384124A3B88D3840023FB7394
:100EE00013E0FB7B0E4A103332F9133007EE903AD1
:100EF000B8EEE77BF7EEC77BFB7BB0EE670A1846E0
:100F000000F000FEFB7B0133FB73FB7B032BE8D976
:100F100000BF00BF1437BD4690BD00BFA80A002423
:100F2000C80A002480B588B000AF786000F0EEF801
:100F300000F0DEF887ED070A614B1B68642202FBB4
:100F400003F307EE903AB8EEE77AD7ED077A27EE8B
:100F5000277ADFED5C6AC7EE267AC7ED067A584B32
:100F60005B68642202FB03F307EE903AB8EEE77A7F
:100F7000D7ED077A27EE277ADFED526AC7EE267A99
:100F8000C7ED057A4E4B9B68642202FB03F307EE24
:100F9000903AB8EEE77AD7ED077A27EE277ADFEDB9
:100FA000496AC7EE267AC7ED047A454BDB686422AE
:100FB00002FB03F307EE903AB8EEE77AD7ED077A33
:100FC00027EE277ADFED3F6AC7EE267AC7ED037A70
:100FD00000F080F887ED020A97ED067AD7ED057AE2
:100FE00037EE277AD7ED047A37EE277AD7ED037AF2
:100FF00037EE277AF1EE006AC7EE267A7B68C3EDFA
:10100000007A97ED057AD7ED067A37EE677AD7ED55
:10101000047A37EE277AD7ED037A37EE677AF1EE66
:10102000006AC7EE267A7B68C3ED017AD7ED067AAF
:10103000B1EE677AD7ED057A37EE677AD7ED047AA5
:1010400037EE277AD7ED037A77EE277AB1EE007A7A
:10105000C7EE876A97ED027AC6EE877A7B68C3EDA2
:10106000027A194B1B78002B26D0D7ED067A9FED1C
:10107000177A67EE877A164BC3ED007AD7ED057ABB
:101080009FED127A67EE877A114BC3ED017AD7EDA7
:10109000047A9FED0E7A67EE877A0D4BC3ED027AE4
:1010A000D7ED037A9FED097A67EE877A084BC3ED97
:1010B000037A074800F06AFC00BF2037BD4680BDB8
:1010C000980A002400001A45A80A002400007A4467
:1010D000C80A002480B400AF044B07EE903AB0EE8B
:1010E000670ABD465DF8047B704700BF0C022B3ECB
:1010F00080B400AF044B07EE903AB0EE670ABD46ED
:101100005DF8047B704700BF65AA803E80B582B061
:1011100000AFFFF785FD1348FFF75CFD0023FB716F
:1011200017E0FB790F4A52F82310FB790E4A52F868
:101130002320FB798A1A0D4941F82320FA79FB799B
:10114000084951F82220084941F82320FB7901334E
:10115000FB71FB79032BE4D900BF00BF0837BD4604
:1011600080BD00BF780A0024880A0024980A002461
:1011700080B586B000AF0346FB800B46BB801346AC
:101180007B80FFF7A7FF87ED050AB7F904305B42C4
:1011900007EE903AF8EEE77AC7ED047AB7F9063031
:1011A00007EE903AF8EEE77AC7ED037AB7F9023026
:1011B0005B4207EE903AF8EEE77A97ED057A67EE34
:1011C000277AC7ED027AB7F90630002B0ED1B7F9AE
:1011D0000430002B0AD1B7F90230002B06D1504B56
:1011E00000221A800120FFF73FFE95E097ED037A79
:1011F000D7ED047A37EE277AD7ED027A77EE277AA1
:10120000FDEEE77A17EE902A464B1A6097ED037AC7
:10121000D7ED047A37EE677AD7ED027A77EE277A40
:10122000FDEEE77A17EE902A3F4B1A6097ED037AAE
:10123000D7ED047A37EE677AD7ED027A77EE677AE0
:10124000FDEEE77A17EE902A384B1A6097ED037A95
:10125000D7ED047A37EE277AD7ED027A77EE677A00
:10126000FDEEE77A17EE902A314B1A602D4B1B6882
:1012700040F2EE22934203DD2A4B40F2EE221A6046
:10128000284B1B682B4A934202DA264B294A1A60E4
:10129000254B1B6840F2EE22934203DD224B40F2C5
:1012A000EE221A60204B1B68224A934202DA1E4B40
:1012B000204A1A601D4B1B6840F2EE22934203DD68
:1012C0001A4B40F2EE221A60184B1B68194A9342DF
:1012D00002DA164B174A1A60154B1B6840F2EE22D1
:1012E000934203DD124B40F2EE221A60104B1B6852
:1012F000104A934202DA0E4B0E4A1A60094B1B68E1
:1013000018B2094B1B6819B2084B1B681AB2084B7C
:101310001B681BB2FFF7C4FD1837BD4680BD00BF78
:10132000AA0A0024AC0A0024B00A0024B40A00244B
:10133000B80A002412FDFFFF80B584B000AF87ED2E
:10134000030AC7ED020A87ED011A97ED030A01208F
:10135000FFF7B6FC87ED030A97ED020A0220FFF7BC
:10136000AFFC87ED020A97ED010A0320FFF7A8FC06
:1013700087ED010AD7ED037A9FED127A67EE877A3F
:10138000FDEEE77A17EE903A1BB2D7ED027A9FEDA9
:101390000D7A67EE877AFDEEE77A17EE902A11B2A2
:1013A000D7ED017A9FED077A67EE877AFDEEE77A4F
:1013B00017EE902A12B21846FFF7DAFE00BF103778
:1013C000BD4680BD00007A4480B500AF1548FFF7E8
:1013D000A9FD154B1B78002B21D0144BD3ED047ABB
:1013E000FDEEE77A17EE903A18B2104BD3ED057A7E
:1013F000FDEEE77A17EE903A19B20C4BD3ED067A70
:10140000FDEEE77A17EE903A1AB2084BD3ED077A61
:10141000FDEEE77A17EE903A1BB2FFF7C3FC00BF70
:1014200080BD00BFBC0A0024A80A0024C80A00240A
:1014300080B483B000AF0346FB80B7F90630002BC1
:1014400005DDFB8803F57A739BB21BB20AE0B7F99E
:101450000630002B05DAFB88A3F57A739BB21BB22A
:1014600000E0002318460C37BD465DF8047B70474A
:1014700080B483B000AF0346FB80B7F90630B3F504
:10148000FA6F02DB4FF4FA6308E0B7F9063013F5A0
:10149000FA6F01DC044B01E0B7F9063018460C374F
:1014A000BD465DF8047B704730F8FFFF80B483B021
:1014B00000AF0346FB80B7F90630002B03DAFB8848
:1014C0005B429BB200E0FB8818460C37BD465DF8D6
:1014D000047B704780B500AF0021104808F082FD02
:1014E00004210E4808F07EFD08210C4808F07AFD22
:1014F0000C210A4808F076FD0021094809F09AFD00
:101500000421074809F096FD0821054808F06AFD06
:101510000C21034808F066FD00BF80BDEC0F0024DD
:101520006811002480B483B000AF0346FB71FB79DF
:10153000002B01D00123FB71FB794FF4FA6203FB0E
:1015400002F21C4BDA63FB794FF4FA6203FB02F2FE
:10155000184B1A64FB794FF4FA6203FB02F2154B45
:101560005A63FB794FF4FA6203FB02F2114B9A6360
:10157000FB794FF4FA6203FB02F20F4B5A63FB79DB
:101580004FF4FA6203FB02F20B4B9A63FB794FF4C0
:10159000FA6203FB02F2084BDA63FB794FF4FA625A
:1015A00003FB02F2044B1A6400BF0C37BD465DF822
:1015B000047B7047000001400004014080B584B006
:1015C00000AF03460A46FB711346BB80B7F90430EF
:1015D0001846FFF72DFF0346FB81B7F90E3018467A
:1015E000FFF746FF0346FB81FB79042B00F2D08016
:1015F00001A252F823F000BF0D1600083F160008A4
:10160000711600089B160008C5160008FB895B428E
:101610009BB2FB81B7F90E30002B07DB5F4AB7F9AD
:101620000E30D3635D4B00221A64B2E05B4B0022A4
:10163000DA63B7F90E305A42584B1A64A9E0FB89B5
:101640005B429BB2FB81B7F90E30002B07DB534A9C
:10165000B7F90E305363514B00229A6399E04F4B18
:1016600000225A63B7F90E305A424C4B9A6390E00D
:10167000B7F90E30002B07DB494AB7F90E30536338
:10168000474B00229A6384E0454B00225A63B7F926
:101690000E305A42424B9A637BE0B7F90E30002B72
:1016A00007DB3F4AB7F90E30D3633D4B00221A6483
:1016B0006FE03B4B0022DA63B7F90E305A42384BE9
:1016C0001A6466E0B7F90E30002B30DB334B002292
:1016D000DA63B7F90E301846FFF7E8FE03461A46FC
:1016E0002E4B1A642D4B00225A63B7F90E30184660
:1016F000FFF7DCFE03461A46284B9A63B7F90E3013
:101700001846FFF7D3FE03461A46254B5A63244B6F
:1017100000229A63B7F90E301846FFF7C7FE03465A
:101720001A461F4BDA631E4B00221A6431E0B7F9E8
:101730000E301846FFF7BAFE03461A46174BDA6317
:10174000164B00221A64B7F90E301846FFF7AEFEAA
:1017500003461A46114B5A63104B00229A63104BF2
:1017600000225A63B7F90E301846FFF79FFE034672
:101770001A460B4B9A630A4B0022DA63B7F90E3014
:101780001846FFF793FE03461A46054B1A6400E01D
:1017900000BF00BF1037BD4680BD00BF0000014044
:1017A0000004014080B483B000AF00237B6062E09E
:1017B00036497A681346DB0013449B000B444FF014
:1017C00000021A6031497A681346DB0013449B001B
:1017D0000B4404334FF000021A602C497A68134618
:1017E000DB0013449B000B4414334FF000021A60DB
:1017F00026497A681346DB0013449B000B441833D8
:101800004FF000021A6021497A681346DB00134446
:101810009B000B441C334FF000021A601B497A688E
:101820001346DB0013449B000B4420334FF00002AF
:101830001A6016497A681346DB0013449B000B4478
:101840000833134A1A6011497A681346DB001344BF
:101850009B000B440C330F4A1A600C497A681346FC
:10186000DB0013449B000B4410334FF07C521A6092
:101870007B6801337B607B68032B99DD00BF00BF71
:101880000C37BD465DF8047B704700BFF00A0024AA
:10189000CDCC4C3F8FC2753D80B483B000AF786033
:1018A00087ED000A7B6893ED007AD7ED007A77EE3A
:1018B000677A7B68C3ED057A7B6893ED017A7B6874
:1018C000D3ED026A7B6893ED056A7B68D3ED077AF6
:1018D00076EE677A66EEA76A7B6893ED036A7B68AB
:1018E000D3ED057A66EE277A76EEA76A7B6893EDEC
:1018F000046A7B68D3ED055A7B68D3ED077A77EEEF
:10190000A77A75EEE75A7B68D3ED067A75EEA77A6B
:1019100066EE277A76EEA77A77EE277A7B68C3EDB4
:10192000017A7B68DA697B689A617B685A697B68AF
:10193000DA617B68D3ED017A9FED107AF4EEC77A15
:10194000F1EE10FA02DD7B680D4A5A607B68D3ED38
:10195000017A9FED0C7AF4EEC77AF1EE10FA02D517
:101960007B68094A5A607B685B6807EE903AB0EE84
:10197000670A0C37BD465DF8047B704700007A4467
:1019800000007A4400007AC400007AC480B584B0B4
:1019900000AF78600023FB601DE0FA681346DB00AF
:1019A00013449B00104A99187A68FB689B00134403
:1019B000D3ED007AB0EE670A0846FFF76DFFF0EE50
:1019C000407A7A68FB6804339B001344C3ED007AC5
:1019D000FB680133FB60FB68032BDEDD00BF00BF4B
:1019E0001037BD4680BD00BFF00A002480B485B02A
:1019F00000AF0346FB71FB79042B7BD8FB79042BEA
:101A000040D10023FB6039E03D49FA681346DB0012
:101A100013449B000B4404334FF000021A60384912
:101A2000FA681346DB0013449B000B4414334FF059
:101A300000021A603249FA681346DB0013449B0027
:101A40000B4418334FF000021A602D49FA68134610
:101A5000DB0013449B000B441C334FF000021A6060
:101A60002749FA681346DB0013449B000B442033DC
:101A70004FF000021A60FB680133FB60FB68032B28
:101A8000C2DD38E0FA791E491346DB0013449B009F
:101A90000B4404334FF000021A60FA7918491346D8
:101AA000DB0013449B000B4414334FF000021A6018
:101AB000FA7913491346DB0013449B000B44183397
:101AC0004FF000021A60FA790D491346DB00134407
:101AD0009B000B441C334FF000021A60FA7908494E
:101AE0001346DB0013449B000B4420334FF00002ED
:101AF0001A6000E000BF1437BD465DF8047B7047F4
:101B0000F00A002480B485B000AF034687ED000AD8
:101B1000FB71FB79042B1FD8FB79042B12D1002316
:101B2000FB600BE00F49FA681346DB0013449B008F
:101B30000B443A681A60FB680133FB60FB68032BB7
:101B4000F0DD0AE0FA7907491346DB0013449B00F5
:101B50000B443A681A6000E000BF1437BD465DF8D8
:101B6000047B7047F00A0024B0B500AF02F0C2F861
:101B7000034600221C46154622462B4610461946AF
:101B8000B0BD0000B0B588B000AFFFF7EDFFC7E90A
:101B900004010023FB770DE04FF47A7016F036FE57
:101BA000FB7F0133FB7716F00BFE0346002B01D0C1
:101BB0000523FB77FB7F042BEED916F001FE0346CD
:101BC00083F00103DBB2002B12D04FF47A7016F0D1
:101BD0001DFEF860FB68002B0AD0FA6877210F48D9
:101BE0001EF0B0FF0E4B05221A6000200EF014F814
:101BF00016F0F0FDC7E90001FFF7B6FFC7E90401E1
:101C0000D7E90001D7E90423841A61EB0305054BEA
:101C1000C3E9004500BF2037BD46B0BDA439020866
:101C2000800B0024600F0024B0B588B000AF78604E
:101C30004FF000024FF00003C7E9022300233B618D
:101C4000FFF792FF154BD3E90023841841EB0305FE
:101C5000C7E90645D7E906014FF47A724FF0000351
:101C6000FEF762FD02460B46C7E90223D7E90601EB
:101C70004FF47A724FF00003FEF756FD084B02FB5B
:101C800003F33B617B681C4607F108030FCB84E834
:101C90000F0078682037BD46B0BD00BF600F00243C
:101CA00040420F0080B586B000AF3B1D184614F0CF
:101CB000ABFE0F4B7B600F4BBB600F4BFB600F4BC2
:101CC0003B613B1D184614F0ADFE034683F0010353
:101CD000DBB2002B06D09C2109481EF033FF4FF0E9
:101CE000FF3300E0002318461837BD4680BD00BF13
:101CF00029DE00086DDE0008A5DE000811DF0008FF
:101D0000C839020880B588B004AF78600023FB6052
:101D10007B680293074B0193074B0093074B084ADC
:101D20000849012015F0D0FAF860FB681846103712
:101D3000BD4680BD4DDC0008F1DB0008D1DB0008AA
:101D4000A5DB00084812002490B587B002AF114C03
:101D50003846104B104A009208330ECB11F02EFA81
:101D600004F108033A4607CA83E80700094C3846DD
:101D7000084B0A4A009214330ECB11F01FFA04F1FB
:101D800014033A4607CA83E8070000BF1437BD466C
:101D900090BD00BF880B0024F0390208F839020812
:101DA00080B58AB000AF87ED030AC7ED020A87ED60
:101DB000011A3860D7ED017AB7EEE77AB6EE006B1C
:101DC00027EE067BB0EE470B20F0BEFFB0EE407B67
:101DD000F7EEC77BC7ED097AD7ED017AB7EEE77A60
:101DE000B6EE006B27EE067BB0EE470B20F0F8FF57
:101DF000B0EE407BF7EEC77BC7ED087AD7ED027AED
:101E0000B7EEE77AB6EE006B27EE067BB0EE470B37
:101E100020F09AFFB0EE407BF7EEC77BC7ED077A64
:101E2000D7ED027AB7EEE77AB6EE006B27EE067BC7
:101E3000B0EE470B20F0D4FFB0EE407BF7EEC77B4F
:101E4000C7ED067AD7ED037AB7EEE77AB6EE006B08
:101E500027EE067BB0EE470B20F076FFB0EE407B1E
:101E6000F7EEC77BC7ED057AD7ED037AB7EEE77AD1
:101E7000B6EE006B27EE067BB0EE470B20F0B0FF0E
:101E8000B0EE407BF7EEC77BC7ED047A97ED097A99
:101E9000D7ED077A27EE277AD7ED057A27EE277A4E
:101EA000D7ED086AD7ED067A66EEA76AD7ED047A11
:101EB00066EEA77A77EE277A3B68C3ED007A97ED56
:101EC000097AD7ED077A27EE277AD7ED047A27EE3D
:101ED000277AD7ED086AD7ED067A66EEA76AD7EDBE
:101EE000057A66EEA77A3B68043377EE677AC3ED2E
:101EF000007A97ED087AD7ED077A27EE277AD7EDA3
:101F0000047A27EE277AD7ED096AD7ED067A66EECE
:101F1000A76AD7ED057A66EEA77A3B68083377EEB5
:101F2000277AC3ED007A97ED087AD7ED077A27EE86
:101F3000277AD7ED057A27EE277AD7ED096AD7ED0C
:101F4000067A66EEA76AD7ED047A66EEA77A3B6852
:101F50000C3377EE677AC3ED007A00BF2837BD46B1
:101F600080BD00000000000080B58EB000AF87ED9E
:101F7000030AC7ED020A87ED011AC7ED001A97EDB3
:101F8000007AD7ED037A67EE277AC7ED0D7A804B9A
:101F9000D3ED007AB7EEE77AB0EE470B20F0D4FE2F
:101FA000B0EE407BF7EEC77BC7ED0C7A784BD3EDF4
:101FB000007AB7EEE77AB0EE470B20F011FFB0EEF3
:101FC000407BF7EEC77BC7ED0B7A97ED027AD7ED32
:101FD0000C7A27EE277AD7ED016AD7ED0B7A66EEF9
:101FE000A77A77EE677A97ED037A67EE277AC7EDDF
:101FF0000A7A97ED027AD7ED0B7A27EE277AD7ED9A
:10200000016AD7ED0C7A66EEA77A77EE277A97ED1C
:10201000037A67EE277AC7ED097A5E4B93ED007A73
:10202000D7ED0A7A77EE277A5A4BC3ED007A5A4BEE
:1020300093ED007AD7ED097A77EE277A564BC3ED08
:10204000007A534B93ED007AD7ED0D7A77EE277A2D
:102050004F4BC3ED007A4E4BD3ED007A07F11403DA
:102060001846B0EE671ADFED4D0A9FED4C0AFFF7F8
:1020700097FE484BD3ED007AB7EEE77A484B83EDF5
:10208000087B454BD3ED007AB7EEE77A444B83EDFE
:102090000A7B43494FF000024FF00003C1E90C23D3
:1020A000D7ED067AB7EEE77A3D4B83ED0E7BD7EDA1
:1020B000077AB7EEE77A3A4B83ED107BD7ED087AD3
:1020C000B7EEE77A364B83ED127BD7ED057AB7EEA4
:1020D000E77A334B83ED147B314929A3D3E90023FD
:1020E000C1E916232E4926A3D3E90023C1E92423FD
:1020F0002B4923A3D3E90023C1E95C23D7ED027A5E
:10210000B7EEE77A264B83ED5E7BD7ED017AB7EE2B
:10211000E77A234B83ED607B21494FF000024FF0BB
:102120000003C1E962231E494FF000024FF0000393
:10213000C1E964231A494FF000024FF00003C1E9DE
:102140006623D7ED007AB7EEE77A154B83ED687B0F
:1021500013490DA3D3E90023C1E96A2310490AA357
:10216000D3E90023C1E978230D4907A3D3E900236C
:10217000C1E9B02300BF3837BD4680BDAFF3008052
:10218000FCA9F1D24D62503F2D431CEBE2361A3FC1
:10219000880F0024800F0024840F0024000000001A
:1021A000880B002400000000B0B588B000AF3B46AB
:1021B0001846FFF739FDFFF7D7FCC7E906012C4B9E
:1021C000D3E90023D7E90601841A61EB0305204611
:1021D0002946FEF77BFA41EC150B9FED236B85EE4C
:1021E000067BF7EEC77BC7ED057A2149D7E90623C1
:1021F000C1E900231F4BD3ED007A1E4B93ED017A0A
:102200001C4BD3ED026AF0EE661AB0EE471AF0EE00
:10221000670A97ED050AFFF7A7FED7E90023164BDB
:102220001A60BB681A46144B5A60002212491348C0
:1022300012F0D6FE38613B69002B0BD0104B1B68A7
:1022400001330F4A13603A694FF490710D481EF044
:1022500079FC02E00A4B00221A6000BF2037BD461D
:10226000B0BD00BFAFF300800000000000408F4011
:10227000680F0024BC0A0024880B0024840B00246F
:10228000800B0024083A020880B584B000AFF860E3
:10229000C7E90023FB68002B01D0FFF785FF00BFD3
:1022A0001037BD4680BD0000B0B588B004AF78607F
:1022B0007B68FB60FB68D3E90045FB68D3E9022338
:1022C000F968D1E90A01CDE90201CDE900232246EE
:1022D0002B460F481EF036FCFB6893ED007BF7EEB3
:1022E000C76BFB6893ED027BB7EEC76BFB6893EDA2
:1022F0000A7BF7EEC77BB0EE671AF0EE460AB0EE47
:10230000660AFFF719F800BF1037BD46B0BD00BF21
:102310002C3A020800000000B0B5B8B002AF0023AC
:10232000C7F8D430BA4C07F18803184614F098FB6C
:10233000254607F188040FCC0FC523682B6012F0E7
:10234000D1F90346C7F8A830B14B07F1A8046D4690
:1023500003F10C0292E8030085E803000ECB20464F
:1023600012F0C2F9C7F8D000D7F8D030002B0CD04B
:10237000D7F8D0204FF49D71A6481EF0E3FBA64B82
:1023800005221A6000200DF047FCA44B1B781A466A
:1023900007F1A8031146184612F0A4FAC7F8CC00BA
:1023A000D7F8CC30002B0CD0D7F8CC2040F23B1122
:1023B00098481EF0C7FB984B05221A6000200DF0CC
:1023C0002BFC07F1A803184612F094FAC7F8C800CE
:1023D00032200CF065FC914B1B78194690481EF09A
:1023E000B1FBD7F8C800FFF78DFCFFF75BFC4FF49B
:1023F000FA700CF055FC07F1A803854A0092002200
:102400000021884811F04CFEC7F8D400D7F8D4302A
:10241000002B03D084481EF0FDFBE8E700BF834893
:102420001EF0F8FBFFF7AEFB814C07F1880318465E
:1024300012F088FA224607F1880393E8030082E845
:102440000300784B7B4A7C49794811F0EFFEC7F8CE
:10245000C400D7F8C430002B0CD0D7F8C4204FF4F8
:10246000A7716C481EF06EFB6B4B05221A600020B2
:102470000DF0D2FBFFF768FC704B1B780133DAB22A
:102480006E4B1A7010F0C4FE02466D4B68496D48E1
:1024900011F07EFFC7F8C000D7F8C030002B0CD079
:1024A000D7F8C0204FF4AA715A481EF04BFB5A4B84
:1024B00005221A6000200DF0AFFB634B009352A37E
:1024C000D3E900235749614811F0D6FFC7F8BC0093
:1024D000D7F8BC30002B0CD0D7F8BC2040F25B11F1
:1024E0004C481EF02FFB4C4B05221A6000200DF0CB
:1024F00093FB524B1B780133DAB2504B1A700FF03A
:10250000BBF90246524B4A49524811F07BFFC7F8CB
:10251000B800D7F8B830002B0CD0D7F8B82040F26C
:1025200063113C481EF00EFB3B4B05221A60002055
:102530000DF072FB414B1B78194647481EF002FB19
:10254000464C3B46184611F093FA20463B468822FB
:1025500019461EF0F8FD394B1B781A462C4B3149B1
:102560003E4811F091FAC7F8B400D7F8B430002B08
:102570000CD0D7F8B42040F26B1126481EF0E2FAD6
:10258000254B05221A6000200DF046FB2F493348E9
:1025900011F034FBC7F8B000D7F8B030002B0CD0E6
:1025A000D7F8B0204FF4B7711A481EF0CBFA1A4B87
:1025B00005221A6000200DF02FFB00230093284B0A
:1025C000284A2449254811F0DBFAC7F8AC00D7F8AF
:1025D000AC30002B0CD0D7F8AC2040F271110D4874
:1025E0001EF0B0FA0C4B05221A6000200DF014FB0F
:1025F00001224FF480411C4804F000FD0DF052FD13
:102600000346C7F8A4303DE080F0FA020000000065
:10261000880E0024A4390208800B00240000002446
:10262000483A02089C0E00245C3A0208743A0208F8
:10263000580F0024740F00248C3A0208700F0024F5
:102640009C3A0208840B002489220008500E0024C2
:10265000A83A0208540E0024B03A0208D00E002412
:10266000A9220008580E002400080258134A4FF00F
:102670000003134811F0DCFC07F1A4030A211846FB
:102680000DF03EFB0F4B1B68022BEFDD00224FF4D9
:1026900080410D4804F0B2FC0020FEF7E5FB0B483A
:1026A0001EF0B8FA0A481EF0B5FA0A200DF0A8FB91
:1026B00001F02FFC00BFD837BD46B0BD8096980012
:1026C000D00E0024800B002400080258C43A0208EF
:1026D000D43A020880B582B000AF114BD3F8D8309D
:1026E0000F4A43F00103C2F8D8300D4BD3F8D8306D
:1026F00003F001037B607B68002205210B2001F0C1
:10270000E0FB0B2001F0F7FB002205210C2001F07B
:10271000D8FB0C2001F0EFFB00BF0837BD4680BDA1
:102720000044025880B500AF0C4A00210C480CF060
:1027300025FA03460B4A13600B4A00210B480CF0A4
:102740001DFA03460A4A13600A4A00210A480CF09F
:1027500015FA0346094A136000BF80BD343D0208E4
:10276000812700088C0F0024583D02089727000895
:10277000900F00247C3D0208B3270008940F00242A
:1027800080B582B000AF7860FEF7CAF94FF47A7076
:102790000CF086FAFAE780B582B000AF786064206A
:1027A0000CF07EFAFFF7B8FD4FF47A700CF078FA6F
:1027B000FAE780B582B000AF7860FEF797F94FF482
:1027C0007A700CF06DFAFAE780B58CB000AF07F1C3
:1027D0001C0300221A605A609A60DA601A61394B51
:1027E000D3F8E030374A43F00403C2F8E030354B09
:1027F000D3F8E03003F00403BB61BB69314BD3F87D
:10280000E030304A43F08003C2F8E0302D4BD3F87B
:10281000E03003F080037B617B692A4BD3F8E03022
:10282000284A43F00103C2F8E030264BD3F8E030E9
:1028300003F001033B613B69224BD3F8E030214AAE
:1028400043F00203C2F8E0301E4BD3F8E03003F04F
:102850000203FB60FB681B4BD3F8E030194A43F0DE
:102860001003C2F8E030174BD3F8E03003F0100348
:10287000BB60BB68134BD3F8E030124A43F0080347
:10288000C2F8E0300F4BD3F8E03003F008037B6070
:102890007B6800224FF4C0410B4804F0AFFB4FF4BB
:1028A000C043FB6101233B6200237B620023BB62C8
:1028B00007F11C031946044804F0F0F900BF303753
:1028C000BD4680BD004402580008025880B500AFE4
:1028D00000F0E2F801F0BEF900F01CF8FFF774FF19
:1028E000FFF7F8FE00F0D0FB00F022FC00F076FCD1
:1028F00000F0CAFC00F014FB00F01CFD01F00AF827
:1029000000F0BCFF0CF0F0F8FFF70CFF0CF010F932
:1029100000BFFDE780B59EB000AF07F12C034C224D
:10292000002118461EF0ECFA07F10C0320220021CA
:1029300018461EF0E5FA022004F094FB0023BB6069
:10294000484BDB6A474A23F00103D362454BDB6AFD
:1029500003F00103BB60444B9B69434A43F440438B
:102960009361414B9B6903F44043BB60BB6800BF6C
:102970003D4B9B6903F40053B3F5005FF8D13B4B2B
:10298000D3F8F430394A43F00203C2F8F430374B3D
:10299000D3F8F43003F002037B607B6800233B60D4
:1029A000314B9B69304A43F4404393612E4B9B6902
:1029B00003F440433B602B4BDB6A2A4A43F001039C
:1029C000D362284BDB6A03F001033B603B6800BF26
:1029D000254B9B6903F40053B3F5005FF8D1012345
:1029E000FB624FF480333B6302233B6502237B652C
:1029F0000523BB65C023FB6502233B6608237B667A
:102A00000223BB660823FB6600233B6700237B672A
:102A100007F12C03184604F05FFB0346002B01D09E
:102A200000F078F83F23FB6003233B6100237B61C8
:102A30000823BB614023FB6140233B624FF480636A
:102A40007B624023BB6207F10C030421184604F0AB
:102A50009DFF0346002B01D000F05CF800BF7837E3
:102A6000BD4680BD0004005800480258004402588A
:102A700080B584B000AFF860B9607A607B689AB2C4
:102A8000FF23B968034808F036FD7B681846103705
:102A9000BD4680BDB411002480B584B000AF3B4674
:102AA00000221A605A609A60DA6001F037FA012356
:102AB0003B7000237B7000237B601F233B728723C6
:102AC0007B720023BB720023FB7201233B73012343
:102AD0007B730023BB730023FB733B46184601F056
:102AE00055FA042001F032FA00BF1037BD4680BD10
:102AF00080B582B000AF78607B681B68044A93425F
:102B000001D101F0E3F800BF0837BD4680BD00BF2A
:102B10000014004080B400AF72B600BF00BFFDE7F4
:102B200080B582B000AF0C4BD3F8F4300A4A43F0C2
:102B30000203C2F8F430084BD3F8F43003F0020378
:102B40007B607B6800220F216FF0010001F0B9F972
:102B500000BF0837BD4680BD0044025880B590B024
:102B600000AF78607B680F2B27D800227968372068
:102B700001F0A7F9372001F0BEF9294A7B681360FC
:102B8000284BD3F8E830274A43F02003C2F8E83056
:102B9000244BD3F8E83003F02003FB60FB6807F117
:102BA000100207F114031146184605F07BFABB6AC0
:102BB000BB63BB6B002B06D101E001232BE005F0CA
:102BC00045FAF86304E005F041FA03465B00FB6355
:102BD000FB6B154AA2FB03239B0C013B7B63134B4E
:102BE000134A1A60114B40F2E732DA600F4A7B6BEE
:102BF00053600E4B00221A610C4B00229A600B4866
:102C000007F0BEF80346002B04D1084807F01AF974
:102C1000034600E0012318464037BD4680BD00BF93
:102C2000100000240044025883DE1B43980F002448
:102C30000014004080B400AF00BFFDE780B400AFD7
:102C400000BFFDE780B400AF00BFFDE780B400AF78
:102C500000BFFDE780B400AF00BFFDE780B400AF68
:102C600000BFBD465DF8047B7047000080B500AF33
:102C7000024802F0F5FC00BF80BD00BFDC1200245A
:102C800080B500AF024802F0EBFC00BF80BD00BF82
:102C90005413002480B500AF024808F01DFE00BFA9
:102CA00080BD00BF4812002480B500AF024807F085
:102CB000DBFB00BF80BD00BF980F002480B400AFD5
:102CC00001231846BD465DF8047B704780B582B08D
:102CD00000AF786039601EF001FA034616221A60D0
:102CE0004FF0FF3318460837BD4680BD80B582B02F
:102CF00000AF78604FF0FF317868FFF7E7FF00BF63
:102D0000FDE780B586B000AFF860B9607A60002357
:102D10007B610AE0AFF300800146BB685A1CBA60D1
:102D2000CAB21A707B6901337B617A697B689A4207
:102D3000F0DB7B6818461837BD4680BD80B483B091
:102D400000AF78604FF0FF3318460C37BD465DF892
:102D5000047B704780B483B000AF786039603B6813
:102D60004FF400525A60002318460C37BD465DF8F8
:102D7000047B704780B483B000AF786001231846AD
:102D80000C37BD465DF8047B704780B485B000AF5A
:102D9000F860B9607A60002318461437BD465DF8C4
:102DA000047B704780B586B000AF7860144A154B3D
:102DB000D31A7B617B693B61134B1B68002B02D1EB
:102DC000114B124A1A60104B1A687B6813443A6917
:102DD0009A4207D21EF082F903460C221A604FF085
:102DE000FF3309E0084B1B68FB60074B1A687B68E0
:102DF0001344054A1360FB6818461837BD4680BD6A
:102E00000000082400040000E80F0024E80A02245F
:102E100080B400AF374BD3F88830364A43F47003A0
:102E2000C2F88830344B1B6803F00F03062B07D819
:102E3000314B1B6823F00F032F4A43F00703136045
:102E40002E4B1B682D4A43F0010313602B4B0022CD
:102E50001A612A4B1A682949294B13400B60264BEB
:102E60001B6803F00803002B07D0234B1B6823F0DB
:102E70000F03214A43F007031360204B00229A619D
:102E80001E4B0022DA611D4B00221A621B4B1D4AA9
:102E90009A621A4B1C4ADA62184B1C4A1A63174B87
:102EA00000225A63154B194A9A63144B0022DA63C5
:102EB000124B164A1A64114B00225A640F4B1B68BE
:102EC0000E4A23F4802313600C4B00221A66104B29
:102ED0001A68104B1340B3F1005F02D20E4B01226F
:102EE0001A600E4B43F2D2021A6000BFBD465DF875
:102EF000047B704700ED00E00020005200440258BF
:102F00007FEDF6EA000202020000FF0180020101EB
:102F10000010005C0000FFFF0881005100400052DB
:102F200080B596B000AF07F14C0300221A605A60DA
:102F30009A6007F1300300221A605A609A60DA60E2
:102F40001A615A619A613B1D2C22002118461DF01E
:102F5000D7FF4B4B4B4A1A60494B04225A60484BEF
:102F600000229A60464B4FF4FA62DA60444B00222A
:102F70001A61434B00225A61414B80229A614048BA
:102F800006F0D8FF0346002B01D0FFF7C3FD002356
:102F9000FB6400233B6500237B6507F14C03194666
:102FA000374808F009F90346002B01D0FFF7B2FDBE
:102FB00060233B6300237B630023BB630023FB632D
:102FC00000233B6400237B640023BB6407F13003D0
:102FD000002219462A4807F04FFB0346002B01D078
:102FE000FFF798FD07F1300304221946244807F043
:102FF00043FB0346002B01D0FFF78CFD07F13003A4
:10300000082219461E4807F037FB0346002B01D063
:10301000FFF780FD07F130030C221946184807F02E
:103020002BFB0346002B01D0FFF774FD00237B60D0
:103030000023BB600023FB6000233B6100237B6116
:103040004FF40053BB610023FB6100233B624FF050
:1030500000737B620023BB620023FB623B1D1946A9
:10306000074808F037F90346002B01D0FFF752FD5F
:10307000034800F05BFB00BF5837BD4680BD00BF72
:10308000EC0F00240000014080B58CB000AF07F1C8
:103090000C032422002118461DF032FF3B4600227B
:1030A0001A605A609A60214B4FF080421A601F4BA1
:1030B00000225A601D4B00229A601C4B4FF6FF7293
:1030C000DA601A4B00221A61184B00229A6103231E
:1030D000FB6000233B6101237B610023BB61002374
:1030E000FB6100233B6201237B620023BB62002360
:1030F000FB6207F10C0319460C4807F081F8034600
:10310000002B01D0FFF706FD00233B600023BB60CE
:103110003B461946054808F04FF80346002B01D0FE
:10312000FFF7F8FC00BF3037BD4680BD38100024E3
:1031300080B58CB000AF07F10C03242200211846A3
:103140001DF0DEFE3B4600221A605A609A60214B59
:10315000214A1A601F4B00225A601E4B00229A60BF
:103160001C4B4FF6FF72DA601A4B00221A61194BA2
:1031700000229A610323FB6000233B6101237B61F2
:103180000023BB610023FB6100233B6201237B62C0
:103190000023BB620023FB6207F10C0319460D48B4
:1031A00007F02EF80346002B01D0FFF7B3FC0023F5
:1031B0003B600023BB603B461946064807F0FCFF16
:1031C0000346002B01D0FFF7A5FC00BF3037BD46FA
:1031D00080BD00BF841000240004004080B58CB086
:1031E00000AF07F10C032422002118461DF088FED1
:1031F0003B4600221A605A609A60214B214A1A60AD
:103200001F4B00225A601E4B00229A601C4B4FF647
:10321000FF72DA601A4B00221A61194B00229A6180
:103220000323FB6000233B6101237B610023BB611F
:103230000023FB6100233B6201237B620023BB620E
:103240000023FB6207F10C0319460D4806F0D8FF76
:103250000346002B01D0FFF75DFC00233B600023F9
:10326000BB603B461946064807F0A6FF0346002B05
:1032700001D0FFF74FFC00BF3037BD4680BD00BF17
:10328000D01000240008004080B58CB000AF07F1DA
:103290000C032422002118461DF032FE3B4600227A
:1032A0001A605A609A60214B214A1A601F4B002213
:1032B0005A601E4B00229A601C4B4FF6FF72DA6078
:1032C0001A4B00221A61194B00229A610323FB60FA
:1032D00000233B6101237B610023BB610023FB6171
:1032E00000233B6201237B620023BB620023FB625D
:1032F00007F10C0319460D4806F082FF0346002B28
:1033000001D0FFF707FC00233B600023BB603B4676
:103310001946064807F050FF0346002B01D0FFF77F
:10332000F9FB00BF3037BD4680BD00BF1C11002433
:10333000000C004080B596B000AF07F14C030022AE
:103340001A605A609A6007F1300300221A605A60CE
:103350009A60DA601A615A619A613B1D2C22002141
:1033600018461DF0CDFD4B4B4B4A1A60494B0422C9
:103370005A60484B00229A60464B4FF4FA62DA607A
:10338000444B00221A61434B00225A61414B802278
:103390009A61404806F0CEFD0346002B01D0FFF7AE
:1033A000B9FB0023FB6400233B6500237B6507F129
:1033B0004C031946374807F0FFFE0346002B01D0A7
:1033C000FFF7A8FB60233B6300237B630023BB6301
:1033D0000023FB6300233B6400237B640023BB6466
:1033E00007F13003002219462A4807F045F9034641
:1033F000002B01D0FFF78EFB07F1300304221946A2
:10340000244807F039F90346002B01D0FFF782FB6F
:1034100007F13003082219461E4807F02DF903462C
:10342000002B01D0FFF776FB07F130030C22194681
:10343000184807F021F90346002B01D0FFF76AFB7B
:1034400000237B600023BB600023FB6000233B6103
:1034500000237B614FF40053BB610023FB61002319
:103460003B624FF000737B620023BB620023FB6270
:103470003B1D1946074807F02DFF0346002B01D0DE
:10348000FFF748FB034800F051F900BF5837BD462D
:1034900080BD00BF681100240004014080B485B0E5
:1034A00000AF78607B681B68164A93420FD1164BB9
:1034B000D3F8F030144A43F00103C2F8F030124B55
:1034C000D3F8F03003F00103FB60FB6813E07B6886
:1034D0001B680E4A93420ED10B4BD3F8F0300A4AC8
:1034E00043F00203C2F8F030074BD3F8F03003F09A
:1034F0000203BB60BB6800BF1437BD465DF8047BA8
:10350000704700BF00000140004402580004014021
:1035100080B590B000AF786007F12C0300221A60EC
:103520005A609A60DA601A617B681B68B3F1804F59
:103530004ED1774BD3F8E830754A43F00103C2F817
:10354000E830734BD3F8E83003F00103BB62BB6A89
:103550006F4BD3F8E0306E4A43F00103C2F8E0301D
:103560006B4BD3F8E03003F001037B627B6A684B5E
:10357000D3F8E030664A43F00203C2F8E030644B0F
:10358000D3F8E03003F002033B623B6A4FF40043A0
:10359000FB6202233B6300237B630023BB630123A5
:1035A000FB6307F12C0319465A4803F077FB082305
:1035B000FB6202233B6300237B630023BB63012385
:1035C000FB6307F12C031946534803F067FB9BE0AC
:1035D0007B681B68514A93422ED14D4BD3F8E8309B
:1035E0004B4A43F00203C2F8E830494BD3F8E830C5
:1035F00003F00203FB61FB69454BD3F8E030444A1A
:1036000043F00203C2F8E030414BD3F8E03003F05E
:103610000203BB61BB693023FB6202233B630023CF
:103620007B630023BB630223FB6307F12C03194672
:10363000394803F033FB67E07B681B68384A9342E4
:103640002FD1334BD3F8E830314A43F00403C2F8AA
:10365000E8302F4BD3F8E83003F004037B617B693B
:103660002B4BD3F8E0302A4A43F00803C2F8E0308D
:10367000274BD3F8E03003F008033B613B694FF47C
:103680004053FB6202233B6300237B630023BB6345
:103690000223FB6307F12C031946224803F0FEFACC
:1036A00032E07B681B68204A93422DD1184BD3F837
:1036B000E830174A43F00803C2F8E830144BD3F857
:1036C000E83003F00803FB60FB68114BD3F8E030EF
:1036D0000F4A43F00103C2F8E0300D4BD3F8E0305D
:1036E00003F00103BB60BB680323FB6202233B635F
:1036F00000237B630023BB630223FB6307F12C03DE
:103700001946044803F0CAFA00BF4037BD4680BDE1
:10371000004402580000025800040258000400400F
:1037200000080040000C0258000C004080B58CB02E
:1037300000AF786007F11C0300221A605A609A609B
:10374000DA601A617B681B68454A934220D1454B79
:10375000D3F8E030434A43F01003C2F8E030414B65
:10376000D3F8E03003F01003BB61BB694FF4D443DE
:10377000FB6102233B6200237B620023BB620123C7
:10378000FB6207F11C031946374803F087FA62E031
:103790007B681B68354A93425DD1324BD3F8E030E9
:1037A000304A43F00103C2F8E0302E4BD3F8E0304A
:1037B00003F001037B617B692A4BD3F8E030294A8F
:1037C00043F00203C2F8E030264BD3F8E03003F0B8
:1037D00002033B613B69234BD3F8E030214A43F0BD
:1037E0000403C2F8E0301F4BD3F8E03003F00403C9
:1037F000FB60FB682023FB6102233B6200237B62AA
:103800000023BB620323FB6207F11C03194618481F
:1038100003F044FA0123FB6102233B6200237B6235
:103820000023BB620323FB6207F11C031946114806
:1038300003F034FA4FF44073FB6102233B62002330
:103840007B620023BB620323FB6207F11C03194662
:10385000094803F023FA00BF3037BD4680BD00BFE2
:1038600000000140004402580010025800040140CA
:1038700000000258000402580008025880B500AF4A
:10388000224B234A1A60214B4FF4E1325A601F4BFE
:1038900000229A601D4B0022DA601C4B00221A6144
:1038A0001A4B0C225A61194B00229A61174B0022C5
:1038B000DA61164B00221A62144B00225A62134B33
:1038C00000229A62114807F0C6FD0346002B01D082
:1038D000FFF720F900210D4809F04AFE0346002BAE
:1038E00001D0FFF717F90021084809F07FFE0346D1
:1038F000002B01D0FFF70EF9044809F000FE034643
:10390000002B01D0FFF706F900BF80BDB4110024E1
:103910000078004080B500AF224B234A1A60214B4B
:10392000224A5A601F4B00229A601E4B0022DA6026
:103930001C4B00221A611B4B0C225A61194B0022AE
:103940009A61184B0022DA61164B00221A62154B5D
:1039500000225A62134B00229A62124807F07BFD44
:103960000346002B01D0FFF7D5F800210D4809F0E0
:10397000FFFD0346002B01D0FFF7CCF800210948DA
:1039800009F034FE0346002B01D0FFF7C3F80548C9
:1039900009F0B5FD0346002B01D0FFF7BBF800BFCF
:1039A00080BD00BF481200240010014080841E002A
:1039B00080B5BCB000AF786007F1DC0300221A606C
:1039C0005A609A60DA601A6107F11803C022002178
:1039D00018461DF095FA7B681B68804A934247D1D0
:1039E0004FF002024FF00003C7E906230023C7F897
:1039F000903007F11803184604F096FB0346002B9D
:103A000001D0FFF787F8764BD3F8E830744A43F0DB
:103A10008043C2F8E830724BD3F8E83003F08043BB
:103A20007B617B696E4BD3F8E0306D4A43F0100345
:103A3000C2F8E0306A4BD3F8E03003F010033B618A
:103A40003B694FF4C073C7F8DC300223C7F8E0309D
:103A50000023C7F8E4300023C7F8E8300723C7F88D
:103A6000EC3007F1DC0319465E4803F017F9B0E0CB
:103A70007B681B685C4A934240F0AB804FF00102C8
:103A80004FF00003C7E906230023C7F8943007F17D
:103A90001803184604F048FB0346002B01D0FFF73B
:103AA00039F84F4BD3F8F0304D4A43F01003C2F8C9
:103AB000F0304B4BD3F8F03003F01003FB60FB68A1
:103AC000474BD3F8E030464A43F00103C2F8E030F8
:103AD000434BD3F8E03003F00103BB60BB684FF405
:103AE000C063C7F8DC300223C7F8E0300023C7F812
:103AF000E4300023C7F8E8300723C7F8EC3007F1BB
:103B0000DC031946394803F0C9F8394B394A1A60C1
:103B1000374B29225A60364B00229A60344B0022E0
:103B2000DA60334B4FF480621A61314B00225A61E4
:103B30002F4B00229A612E4B4FF48072DA612C4B8E
:103B400000221A622A4B00225A62294800F05EFACB
:103B50000346002B01D0FEF7DDFF7B68244AC3F843
:103B60008020234A7B689363234B244A1A60224BAC
:103B70002A225A60204B40229A601F4B0022DA60B2
:103B80001D4B4FF480621A611B4B00225A611A4B85
:103B900000229A61184B0022DA61174B00221A6248
:103BA000154B00225A62144800F030FA0346002BED
:103BB00001D0FEF7AFFF7B680F4ADA670E4A7B68D9
:103BC000936300220521252000F07BF9252000F0D9
:103BD00092F900BFF037BD4680BD00BF00780040BD
:103BE0000044025800100258001001400000025822
:103BF000DC1200241000024054130024280002406C
:103C0000DFF834D0FFF704F90C480D490D4A0023C2
:103C100002E0D458C4500433C4188C42F9D30A4A81
:103C20000A4C002301E013600432A242FBD31DF0D2
:103C30005BFAFEF74BFE70470000082400000024EA
:103C4000480A002458520208480A0024E40A0224C0
:103C5000FEE7000080B582B000AF032000F026F937
:103C600004F04AF80246154B9B691B0A03F00F0348
:103C70001349CB5C03F01F0322FA03F37B600F4B65
:103C80009B6903F00F030E4AD35C03F01F037A68AD
:103C900022FA03F30B4A13600B4A7B6813600F2070
:103CA000FEF75CFF0346002B01D0012302E0FEF784
:103CB00037FF002318460837BD4680BD0044025830
:103CC000A03D02080C0000240800002480B400AFCE
:103CD000064B1B781A46064B1B681344044A1360B4
:103CE00000BFBD465DF8047B704700BF1400002490
:103CF000CC13002480B400AF034B1B681846BD46AC
:103D00005DF8047B704700BFCC13002480B400AF83
:103D1000034B1B681B0C1846BD465DF8047B7047BF
:103D20000010005C80B485B000AF78607B6803F061
:103D30000703FB600B4BDB68BB60BA684FF6FF0301
:103D40001340BB60FB681A02BB681A43064B13435F
:103D5000BB60044ABB68D36000BF1437BD465DF842
:103D6000047B704700ED00E00000FA0580B400AF6E
:103D7000044BDB681B0A03F007031846BD465DF8D9
:103D8000047B704700ED00E080B483B000AF0346D1
:103D9000FB80B7F90630002B0BDBFB8803F01F021A
:103DA0000749B7F906305B09012000FA02F241F831
:103DB000232000BF0C37BD465DF8047B704700BF71
:103DC00000E100E080B483B000AF03463960FB80BF
:103DD000B7F90630002B0ADB3B68DAB20C49B7F9B9
:103DE00006301201D2B20B4483F800230AE03B688C
:103DF000DAB20849FB8803F00F03043B1201D2B288
:103E00000B441A7600BF0C37BD465DF8047B704743
:103E100000E100E000ED00E080B489B000AFF860A0
:103E2000B9607A60FB6803F00703FB61FB69C3F1CB
:103E30000703042B28BF0423BB61FB690433062B53
:103E400002D9FB69033B00E000237B614FF0FF32A6
:103E5000BB6902FA03F3DA43BB681A407B699A40F4
:103E60004FF0FF317B6901FA03F3D9437B680B40C4
:103E7000134318462437BD465DF8047B70470000A5
:103E800080B400AFBFF34F8F00BF064BDB6803F475
:103E9000E0620449044B1343CB60BFF34F8F00BF74
:103EA00000BFFDE700ED00E00400FA0580B582B038
:103EB00000AF78607868FFF735FF00BF0837BD4670
:103EC00080BD80B586B000AF0346B9607A60FB81E3
:103ED000FFF74CFF78617A68B9687869FFF79CFF53
:103EE0000246B7F90E3011461846FFF76BFF00BFC8
:103EF0001837BD4680BD80B582B000AF0346FB8059
:103F0000B7F906301846FFF73FFF00BF0837BD4638
:103F100080BD80B500AFFFF7B3FF000080B400AFF5
:103F2000BFF35F8F00BF074B5B6A064A23F4803301
:103F30005362054B00225A6000BFBD465DF8047B0A
:103F4000704700BF00ED00E090ED00E080B483B06A
:103F500000AF78600B4A7B6843F0010353600A4B63
:103F60005B6A094A43F480335362BFF34F8F00BF4B
:103F7000BFF36F8F00BF00BF0C37BD465DF8047BF9
:103F8000704700BF90ED00E000ED00E080B483B02A
:103F900000AF78607B685A781B4B9A601A4B1B699C
:103FA000194A23F001031361174A7B685B68D360E9
:103FB0007B681B7B1A077B68DB7A1B061A437B68CE
:103FC0009B7ADB041A437B685B7B9B041A437B6808
:103FD0009B7B5B041A437B68DB7B1B041A437B6877
:103FE0005B7A1B021A437B681B7A5B0013437A6877
:103FF00012781146044A0B43136100BF0C37BD46CB
:104000005DF8047B704700BF90ED00E080B586B09E
:1040100000AF7860FFF76EFE38617B68002B01D13E
:10402000012316E37B681B68664A93424AD07B688B
:104030001B68654A934245D07B681B68634A93427C
:1040400040D07B681B68624A93423BD07B681B6808
:10405000604A934236D07B681B685F4A934231D0F6
:104060007B681B685D4A93422CD07B681B685C4A66
:10407000934227D07B681B685A4A934222D07B68C0
:104080001B68594A93421DD07B681B68574A93426C
:1040900018D07B681B68564A934213D07B681B6814
:1040A000544A93420ED07B681B68534A934209D00E
:1040B0007B681B68514A934204D07B681B68504A56
:1040C000934201D1012300E00023002B00F03B814B
:1040D0007B68022283F835207B68002283F8342035
:1040E0007B681B68374A93424AD07B681B68364A14
:1040F000934245D07B681B68344A934240D07B682A
:104100001B68334A93423BD07B681B68314A934219
:1041100036D07B681B68304A934231D07B681B687D
:104120002E4A93422CD07B681B682D4A934227D09D
:104130007B681B682B4A934222D07B681B682A4A03
:1041400093421DD07B681B68284A934218D07B6835
:104150001B68274A934213D07B681B68254A934209
:104160000ED07B681B68244A934209D07B681B6889
:10417000224A934204D07B681B68214A934208D1AB
:104180007B681B681A687B681B6822F001021A6052
:1041900007E07B681B681A687B681B6822F00102D5
:1041A0001A602FE0FFF7A6FD02463B69D31A052BE4
:1041B00028D97B6820225A657B68032283F8352042
:1041C000012346E210000240280002404000024065
:1041D000580002407000024088000240A0000240E7
:1041E000B80002401004024028040240400402408B
:1041F000580402407004024088040240A0040240B7
:10420000B80402407B681B681B6803F00103002BA5
:10421000C8D17B681B681B687B617A69834B13403C
:104220007B617B689A687B68DB681A437B681B69E3
:104230001A437B685B691A437B689B691A437B68F6
:10424000DB691A437B681B6A13437A6913437B61FA
:104250007B685B6A042B07D17B68DA6A7B681B6B1F
:1042600013437A6913437B61714B1A68714B134096
:10427000B3F1005F28D37B685B68282B03D97B6888
:104280005B682E2B17D97B685B683E2B03D97B6854
:104290005B68422B0FD97B685B68462B03D97B6830
:1042A0005B68482B07D97B685B684E2B05D97B6818
:1042B0005B68522B01D8012300E00023002B03D0C0
:1042C0007B6943F480137B617B681B687A691A60A1
:1042D0007B681B685B697B617B6923F007037B61FB
:1042E0007B685B6A7A6913437B617B685B6A042B3A
:1042F00017D17B689B6A7A6913437B617B68DB6AB1
:10430000002B0ED0786802F03FFB0346002B08D04C
:104310007B6840225A657B68012283F8352001239F
:1043200097E17B681B687A695A61786802F07AFACB
:104330000346BB607B68DB6D03F01F033F229A409E
:10434000BB689A60CDE07B681B683B4A934222D0F1
:104350007B681B68394A93421DD07B681B68384ACA
:10436000934218D07B681B68364A934213D07B680F
:104370001B68354A93420ED07B681B68334A9342D0
:1043800009D07B681B68324A934204D07B681B6863
:10439000304A934201D1012300E00023002B00F0BA
:1043A00097807B681B68244A934221D07B681B68F6
:1043B000224A93421CD07B681B68214A934217D043
:1043C0007B681B681F4A934212D07B681B681E4A99
:1043D00093420DD07B681B681C4A934208D07B68CF
:1043E0001B681B4A934203D07B681B68194A93429F
:1043F0007B68022283F835207B68002283F8342012
:104400007B681B681B687B617A69134B13407B6177
:104410007B689B68402B21D07B689B68802B02D1F6
:104420004FF480431BE0002319E000BF3F8010FEE3
:104430000010005C0000FFFF085402581C54025892
:104440003054025844540258585402586C5402587C
:1044500080540258945402580F00FEFF10237A68CB
:10446000D268D2081A437B681B69DB081A437B6851
:104470005B69DB081A437B689B69DB081A437B682E
:10448000DB69DB081A437B681B6A1B0913437A69E3
:1044900013437B617B681B687A691A607B681B68C1
:1044A0001A466E4B13446E4AA2FB03231B099A0063
:1044B0007B68DA65786802F0B5F90346FB607B68D3
:1044C000DB6D03F01F0301229A40FB685A6008E08D
:1044D0007B6840225A657B68032283F835200123DC
:1044E000B7E07B681B685F4A934272D07B681B68A9
:1044F0005D4A93426DD07B681B685C4A934268D0EA
:104500007B681B685A4A934263D07B681B68594A90
:1045100093425ED07B681B68574A934259D07B68B0
:104520001B68564A934254D07B681B68544A934296
:104530004FD07B681B68534A93424AD07B681B6804
:10454000514A934245D07B681B68504A934240D001
:104550007B681B684E4A93423BD07B681B684D4A80
:10456000934236D07B681B684B4A934231D07B68BC
:104570001B684A4A93422CD07B681B68484A934286
:1045800027D07B681B68474A934222D07B681B6810
:10459000454A93421DD07B681B68444A934218D019
:1045A0007B681B68424A934213D07B681B68414A70
:1045B00093420ED07B681B683F4A934209D07B68C8
:1045C0001B683E4A934204D07B681B683C4A934276
:1045D00001D1012300E00023002B32D0786802F0E3
:1045E0004FFA7B689B68802B02D17B6800225A605F
:1045F0007B685A687B681B6ED2B21A607B685B6E00
:104600007A68926E5A607B685B68002B10D07B687A
:104610005B68082B0CD8786802F0CCFA7B68DB6EFC
:1046200000221A607B681B6F7A68526F5A6008E03C
:104630007B680022DA667B6800221A677B680022AA
:104640005A677B6800225A657B68012283F835200F
:10465000002318461837BD4680BD00BFF8ABFDA744
:10466000CDCCCCCC100002402800024040000240DB
:10467000580002407000024088000240A000024042
:10468000B8000240100402402804024040040240E6
:10469000580402407004024088040240A004024012
:1046A000B8040240085402581C54025830540258AE
:1046B00044540258585402586C54025880540258BA
:1046C0009454025880B586B000AFF860B9607A6043
:1046D0003B600023FB75FB68002B01D1012326E220
:1046E000FB6893F83430012B01D102231FE2FB68F1
:1046F000012283F83420FB6893F83530DBB2012BBC
:1047000040F00A82FB68022283F83520FB68002211
:104710005A65FB681B68684A93424AD0FB681B686D
:10472000664A934245D0FB681B68654A934240D075
:10473000FB681B68634A93423BD0FB681B68624A74
:10474000934236D0FB681B68604A934231D0FB68C5
:104750001B685F4A93422CD0FB681B685D4A9342FA
:1047600027D0FB681B685C4A934222D0FB681B6819
:104770005A4A93421DD0FB681B68594A934218D08D
:10478000FB681B68574A934213D0FB681B68564A64
:1047900093420ED0FB681B68544A934209D0FB68D1
:1047A0001B68534A934204D0FB681B68514A9342EA
:1047B00008D1FB681B681A68FB681B6822F00102BD
:1047C0001A6007E0FB681B681A68FB681B6822F028
:1047D00001021A603B687A68B968F86801F076FEF1
:1047E000FB681B68344A93424AD0FB681B68334A13
:1047F000934245D0FB681B68314A934240D0FB6826
:104800001B68304A93423BD0FB681B682E4A934298
:1048100036D0FB681B682D4A934231D0FB681B6879
:104820002B4A93422CD0FB681B682A4A934227D01C
:10483000FB681B68284A934222D0FB681B68274A02
:1048400093421DD0FB681B68254A934218D0FB6831
:104850001B68244A934213D0FB681B68224A934288
:104860000ED0FB681B68214A934209D0FB681B6885
:104870001F4A934204D0FB681B681E4A934201D131
:10488000012300E00023002B36D0FB681B681B6867
:1048900023F01E02FB681B6842F016021A60FB68D8
:1048A0001B6C002B3ED0FB681B681A68FB681B68FA
:1048B00042F008021A6035E0100002402800024071
:1048C0004000024058000240700002408800024050
:1048D000A0000240B8000240100402402804024038
:1048E0004004024058040240700402408804024020
:1048F000A0040240B8040240FB681B681B6823F058
:104900000E02FB681B6842F00A021A60FB681B6C0F
:10491000002B07D0FB681B681A68FB681B6842F015
:1049200004021A60FB681B68834A934272D0FB68DA
:104930001B68824A93426DD0FB681B68804A934291
:1049400068D0FB681B687F4A934263D0FB681B6892
:104950007D4A93425ED0FB681B687C4A934259D0E3
:10496000FB681B687A4A934254D0FB681B68794AFB
:1049700093424FD0FB681B68774A93424AD0FB684A
:104980001B68764A934245D0FB681B68744A934281
:1049900040D0FB681B68734A93423BD0FB681B689E
:1049A000714A934236D0FB681B68704A934231D0FB
:1049B000FB681B686E4A93422CD0FB681B686D4AEB
:1049C000934227D0FB681B686B4A934222D0FB6856
:1049D0001B686A4A93421DD0FB681B68684A934271
:1049E00018D0FB681B68674A934213D0FB681B68AA
:1049F000654A93420ED0FB681B68644A934209D013
:104A0000FB681B68624A934204D0FB681B68614ADA
:104A1000934201D1012300E00023002B1AD0FB6850
:104A20001B6E1B6803F48033002B07D0FB681B6EE2
:104A30001A68FB681B6E42F480721A60FB68DB6EBA
:104A4000002B07D0FB68DB6E1A68FB68DB6E42F454
:104A500080721A60FB681B68374A93424AD0FB6831
:104A60001B68364A934245D0FB681B68344A934220
:104A700040D0FB681B68334A93423BD0FB681B68FD
:104A8000314A934236D0FB681B68304A934231D09A
:104A9000FB681B682E4A93422CD0FB681B682D4A8A
:104AA000934227D0FB681B682B4A934222D0FB68B5
:104AB0001B682A4A93421DD0FB681B68284A934210
:104AC00018D0FB681B68274A934213D0FB681B6809
:104AD000254A93420ED0FB681B68244A934209D0B2
:104AE000FB681B68224A934204D0FB681B68214A7A
:104AF000934208D1FB681B681A68FB681B6842F088
:104B000001021A6012E0FB681B681A68FB681B68E8
:104B100042F001021A6009E0FB684FF400625A6536
:104B2000FB68002283F834200123FB75FB7D1846C7
:104B30001837BD4680BD00BF10000240280002406B
:104B400040000240580002407000024088000240CD
:104B5000A0000240B80002401004024028040240B5
:104B6000400402405804024070040240880402409D
:104B7000A0040240B8040240085402581C540258D1
:104B80003054025844540258585402586C54025835
:104B9000805402589454025880B586B000AF7860B3
:104BA000FFF7A8F838617B68002B01D10123DCE214
:104BB0007B6893F83530DBB2022B08D07B6880220B
:104BC0005A657B68002283F834200123CDE27B689C
:104BD0001B68764A93424AD07B681B68744A9342AA
:104BE00045D07B681B68734A934240D07B681B6842
:104BF000714A93423BD07B681B68704A934236D01F
:104C00007B681B686E4A934231D07B681B686D4A93
:104C100093422CD07B681B686B4A934227D07B68F9
:104C20001B686A4A934222D07B681B68684A934299
:104C30001DD07B681B68674A934218D07B681B684D
:104C4000654A934213D07B681B68644A93420ED036
:104C50007B681B68624A934209D07B681B68614A83
:104C6000934204D07B681B685F4A934201D10123C1
:104C700000E00023002B13D07B681B681A687B6858
:104C80001B6822F01E021A607B681B685A697B68E9
:104C90001B6822F080025A617B681B687B610AE016
:104CA0007B681B681A687B681B6822F00E021A601A
:104CB0007B681B687B617B681B683C4A934272D0AF
:104CC0007B681B683A4A93426DD07B681B68394AFF
:104CD000934268D07B681B68374A934263D07B68F5
:104CE0001B68364A93425ED07B681B68344A934205
:104CF00059D07B681B68334A934254D07B681B6849
:104D0000314A93424FD07B681B68304A93424AD065
:104D10007B681B682E4A934245D07B681B682D4AEE
:104D2000934240D07B681B682B4A93423BD07B6800
:104D30001B682A4A934236D07B681B68284A9342F4
:104D400031D07B681B68274A93422CD07B681B6854
:104D5000254A934227D07B681B68244A934222D07D
:104D60007B681B68224A93421DD07B681B68214ADE
:104D7000934218D07B681B681F4A934213D07B680C
:104D80001B681E4A93420ED07B681B681C4A9342E4
:104D900009D07B681B681B4A934204D07B681B6860
:104DA000194A934232D1012331E000BF1000024082
:104DB00028000240400002405800024070000240BB
:104DC00088000240A0000240B800024010040240E7
:104DD000280402404004024058040240700402408B
:104DE00088040240A0040240B8040240085402585B
:104DF0001C54025830540258445402585854025813
:104E00006C54025880540258945402580023002BCA
:104E100007D07B681B6E1A687B681B6E22F4807259
:104E20001A607B681B686D4A93424AD07B681B6896
:104E30006B4A934245D07B681B686A4A934240D0D4
:104E40007B681B68684A93423BD07B681B68674A53
:104E5000934236D07B681B68654A934231D07B68A9
:104E60001B68644A93422CD07B681B68624A934259
:104E700027D07B681B68614A934222D07B681B68FD
:104E80005F4A93421DD07B681B685E4A934218D0EC
:104E90007B681B685C4A934213D07B681B685B4A43
:104EA00093420ED07B681B68594A934209D07B68B5
:104EB0001B68584A934204D07B681B68564A934249
:104EC00008D17B681B681A687B681B6822F00102A6
:104ED0001A6007E07B681B681A687B681B6822F011
:104EE00001021A6013E0FEF705FF02463B69D31A80
:104EF000052B0CD97B6820225A657B68032283F836
:104F000035207B68002283F8342001232DE17B6962
:104F10001B6803F00103002BE5D17B681B682F4A57
:104F200093424AD07B681B682D4A934245D07B68E8
:104F30001B682C4A934240D07B681B682A4A9342E4
:104F40003BD07B681B68294A934236D07B681B683C
:104F5000274A934231D07B681B68264A93422CD063
:104F60007B681B68244A934227D07B681B68234ACE
:104F7000934222D07B681B68214A93421DD07B68F4
:104F80001B68204A934218D07B681B681E4A9342D4
:104F900013D07B681B681D4A93420ED07B681B6848
:104FA0001B4A934209D07B681B681A4A934204D07B
:104FB0007B681B68184A934201D1012300E000235B
:104FC000002B2BD07B689B6DBB607B68DB6D03F097
:104FD0001F033F229A40BB689A602AE010000240FB
:104FE0002800024040000240580002407000024089
:104FF00088000240A0000240B800024010040240B5
:105000002804024040040240580402407004024058
:1050100088040240A0040240B80402407B689B6DF3
:10502000FB607B68DB6D03F01F0301229A40FB6885
:105030005A607B681B684F4A934272D07B681B683A
:105040004D4A93426DD07B681B684C4A934268D0AE
:105050007B681B684A4A934263D07B681B68494A55
:1050600093425ED07B681B68474A934259D07B6865
:105070001B68464A934254D07B681B68444A93425B
:105080004FD07B681B68434A93424AD07B681B68B9
:10509000414A934245D07B681B68404A934240D0C6
:1050A0007B681B683E4A93423BD07B681B683D4A45
:1050B000934236D07B681B683B4A934231D07B6871
:1050C0001B683A4A93422CD07B681B68384A93424B
:1050D00027D07B681B68374A934222D07B681B68C5
:1050E000354A93421DD07B681B68344A934218D0DE
:1050F0007B681B68324A934213D07B681B68314A35
:1051000093420ED07B681B682F4A934209D07B687C
:105110001B682E4A934204D07B681B682C4A93423A
:1051200001D1012300E00023002B15D07B685B6ECA
:105130007A68926E5A607B68DB6E002B0CD07B68BD
:10514000DB6E1A687B68DB6E22F480721A607B6803
:105150001B6F7A68526F5A607B68012283F8352092
:105160007B68002283F83420002318461837BD4698
:1051700080BD00BF100002402800024040000240F5
:10518000580002407000024088000240A000024027
:10519000B8000240100402402804024040040240CB
:1051A000580402407004024088040240A0040240F7
:1051B000B8040240085402581C5402583054025893
:1051C00044540258585402586C540258805402589F
:1051D0009454025880B584B000AF78607B68002B8F
:1051E00001D1012337E27B6893F83530DBB2022B23
:1051F00004D07B6880225A6501232CE27B681B68FF
:105200005C4A93424AD07B681B685B4A934245D014
:105210007B681B68594A934240D07B681B68584A98
:1052200093423BD07B681B68564A934236D07B68DA
:105230001B68554A934231D07B681B68534A93429E
:105240002CD07B681B68524A934227D07B681B682E
:10525000504A934222D07B681B684F4A93421DD02C
:105260007B681B684D4A934218D07B681B684C4A88
:10527000934213D07B681B684A4A93420ED07B68E6
:105280001B68494A934209D07B681B68474A93428E
:1052900004D07B681B68464A934201D1012300E099
:1052A0000023002B00F086807B68042283F83520E1
:1052B0007B681B682F4A93424AD07B681B682E4A42
:1052C000934245D07B681B682C4A934240D07B6850
:1052D0001B682B4A93423BD07B681B68294A934248
:1052E00036D07B681B68284A934231D07B681B68A4
:1052F000264A93422CD07B681B68254A934227D0CC
:105300007B681B68234A934222D07B681B68224A31
:1053100093421DD07B681B68204A934218D07B685B
:105320001B681F4A934213D07B681B681D4A934237
:105330000ED07B681B681C4A934209D07B681B68AF
:105340001A4A934204D07B681B68194A934208D1D9
:105350007B681B681A687B681B6822F001021A6070
:1053600078E17B681B681A687B681B6822F0010281
:105370001A606FE110000240280002404000024025
:10538000580002407000024088000240A000024025
:10539000B8000240100402402804024040040240C9
:1053A000580402407004024088040240A0040240F5
:1053B000B80402407B681B681A687B681B6822F08F
:1053C0000E021A607B681B686C4A93424AD07B6865
:1053D0001B686B4A934245D07B681B68694A9342BD
:1053E00040D07B681B68684A93423BD07B681B684F
:1053F000664A934236D07B681B68654A934231D037
:105400007B681B68634A93422CD07B681B68624AA6
:10541000934227D07B681B68604A934222D07B6806
:105420001B685F4A93421DD07B681B685D4A9342AC
:1054300018D07B681B685C4A934213D07B681B685A
:105440005A4A93420ED07B681B68594A934209D04E
:105450007B681B68574A934204D07B681B68564A96
:10546000934208D17B681B681A687B681B6822F02E
:1054700001021A6007E07B681B681A687B681B687A
:1054800022F001021A607B681B683C4A934272D08A
:105490007B681B683A4A93426DD07B681B68394A27
:1054A000934268D07B681B68374A934263D07B681D
:1054B0001B68364A93425ED07B681B68344A93422D
:1054C00059D07B681B68334A934254D07B681B6871
:1054D000314A93424FD07B681B68304A93424AD08E
:1054E0007B681B682E4A934245D07B681B682D4A17
:1054F000934240D07B681B682B4A93423BD07B6829
:105500001B682A4A934236D07B681B68284A93421C
:1055100031D07B681B68274A93422CD07B681B687C
:10552000254A934227D07B681B68244A934222D0A5
:105530007B681B68224A93421DD07B681B68214A06
:10554000934218D07B681B681F4A934213D07B6834
:105550001B681E4A93420ED07B681B681C4A93420C
:1055600009D07B681B681B4A934204D07B681B6888
:10557000194A934232D1012331E000BF10000240AA
:1055800028000240400002405800024070000240E3
:1055900088000240A0000240B8000240100402400F
:1055A00028040240400402405804024070040240B3
:1055B00088040240A0040240B80402400854025883
:1055C0001C5402583054025844540258585402583B
:1055D0006C54025880540258945402580023002BF3
:1055E00028D07B681B6E1A687B681B6E22F4807261
:1055F0001A607B689B6DFB607B68DB6D03F01F03AB
:1056000001229A40FB685A607B685B6E7A68926EF2
:105610005A607B68DB6E002B0CD07B68DB6E1A68EF
:105620007B68DB6E22F480721A607B681B6F7A687D
:10563000526F5A607B68012283F835207B68002214
:1056400083F834207B681B6D002B03D07B681B6DB7
:1056500078689847002318461037BD4680BD00BFC4
:1056600080B58AB000AF78600023FB60674B1B6891
:10567000674AA2FB03239B0A7B627B689B6D3B62AC
:105680007B689B6DFB613B6A1B68BB61FB691B68A8
:105690007B617B681B685F4A93424AD07B681B68CA
:1056A0005D4A934245D07B681B685C4A934240D078
:1056B0007B681B685A4A93423BD07B681B68594AF7
:1056C000934236D07B681B68574A934231D07B683F
:1056D0001B68564A93422CD07B681B68544A9342FD
:1056E00027D07B681B68534A934222D07B681B6893
:1056F000514A93421DD07B681B68504A934218D090
:105700007B681B684E4A934213D07B681B684D4AE6
:1057100093420ED07B681B684B4A934209D07B684A
:105720001B684A4A934204D07B681B68484A9342EC
:1057300001D1012300E00023002B00F02B847B68C3
:10574000DB6D03F01F0308229A40BB691340002B56
:1057500000F0A2807B681B682E4A93424AD07B6887
:105760001B682D4A934245D07B681B682B4A9342A5
:1057700040D07B681B682A4A93423BD07B681B68F9
:10578000284A934236D07B681B68274A934231D01F
:105790007B681B68254A93422CD07B681B68244A8F
:1057A000934227D07B681B68224A934222D07B68B1
:1057B0001B68214A93421DD07B681B681F4A934295
:1057C00018D07B681B681E4A934213D07B681B6805
:1057D0001C4A93420ED07B681B681B4A934209D037
:1057E0007B681B68194A934204D07B681B68184A7F
:1057F00093422FD17B681B681B6803F00403002BC6
:1058000014BF01230023DBB22EE000BF08000024F8
:10581000B5814E1B100002402800024040000240AB
:10582000580002407000024088000240A000024080
:10583000B800024010040240280402404004024024
:10584000580402407004024088040240A004024050
:10585000B80402407B681B681B6803F00803002B38
:1058600014BF01230023DBB2002B15D07B681B681B
:105870001A687B681B6822F004021A607B68DB6D83
:1058800003F01F0308229A403B6A9A607B685B6DB5
:1058900043F001027B685A657B68DB6D03F01F03F0
:1058A000BA6922FA03F303F00103002B6ED07B6880
:1058B0001B68694A93424AD07B681B68674A9342D7
:1058C00045D07B681B68664A934240D07B681B6862
:1058D000644A93423BD07B681B68634A934236D04C
:1058E0007B681B68614A934231D07B681B68604AC1
:1058F00093422CD07B681B685E4A934227D07B681A
:105900001B685D4A934222D07B681B685B4A9342C6
:105910001DD07B681B685A4A934218D07B681B686D
:10592000584A934213D07B681B68574A93420ED063
:105930007B681B68554A934209D07B681B68544AB0
:10594000934204D07B681B68524A93420AD17B6819
:105950001B685B6903F08003002B14BF0123002345
:10596000DBB203E07B681B681B680023002B0DD0B3
:105970007B68DB6D03F01F0301229A403B6A9A604B
:105980007B685B6D43F002027B685A657B68DB6D68
:1059900003F01F0304229A40BB691340002B00F060
:1059A0008F807B681B682C4A93424AD07B681B68B7
:1059B0002A4A934245D07B681B68294A934240D0CB
:1059C0007B681B68274A93423BD07B681B68264A4A
:1059D000934236D07B681B68244A934231D07B685F
:1059E0001B68234A93422CD07B681B68214A934250
:1059F00027D07B681B68204A934222D07B681B68B3
:105A00001E4A93421DD07B681B681D4A934218D0E2
:105A10007B681B681B4A934213D07B681B681A4A39
:105A200093420ED07B681B68184A934209D07B686A
:105A30001B68174A934204D07B681B68154A93423F
:105A40002AD17B681B681B6803F00203002B14BF7C
:105A500001230023DBB223E01000024028000240B3
:105A6000400002405800024070000240880002409E
:105A7000A0000240B8000240100402402804024086
:105A8000400402405804024070040240880402406E
:105A9000A0040240B80402407B681B681B68002316
:105AA000002B0DD07B68DB6D03F01F0304229A40AE
:105AB0003B6A9A607B685B6D43F004027B685A65C1
:105AC0007B68DB6D03F01F0310229A40BB69134013
:105AD000002B00F0A6807B681B68854A93424AD061
:105AE0007B681B68834A934245D07B681B68824A67
:105AF000934240D07B681B68804A93423BD07B68CE
:105B00001B687F4A934236D07B681B687D4A93426C
:105B100031D07B681B687C4A93422CD07B681B6821
:105B20007A4A934227D07B681B68794A934222D0F5
:105B30007B681B68774A93421DD07B681B68764A56
:105B4000934218D07B681B68744A934213D07B68D9
:105B50001B68734A93420ED07B681B68714A93425C
:105B600009D07B681B68704A934204D07B681B682D
:105B70006E4A93420AD17B681B681B6803F00803D6
:105B8000002B14BF01230023DBB209E07B681B68F4
:105B90001B6803F00403002B14BF01230023DBB2B6
:105BA000002B3ED07B68DB6D03F01F0310229A4070
:105BB0003B6A9A607B681B681B6803F48023002B98
:105BC00018D07B681B681B6803F40023002B08D1E6
:105BD0007B681B6C002B24D07B681B6C7868984713
:105BE0001FE07B689B6C002B1BD07B689B6C7868EC
:105BF000984716E07B681B681B6803F48073002BD2
:105C000007D17B681B681A687B681B6822F0080252
:105C10001A607B681B6C002B03D07B681B6C786858
:105C200098477B68DB6D03F01F0320229A40BB6915
:105C30001340002B00F010817B681B682C4A9342B4
:105C40004AD07B681B682B4A934245D07B681B680F
:105C5000294A934240D07B681B68284A93423BD034
:105C60007B681B68264A934236D07B681B68254AAE
:105C7000934231D07B681B68234A93422CD07B68C7
:105C80001B68224A934227D07B681B68204A9342B4
:105C900022D07B681B681F4A93421DD07B681B681B
:105CA0001D4A934218D07B681B681C4A934213D04C
:105CB0007B681B681A4A93420ED07B681B68194A9E
:105CC000934209D07B681B68174A934204D07B68D3
:105CD0001B68164A93422BD17B681B681B6803F034
:105CE0001003002B14BF01230023DBB22AE000BF06
:105CF00010000240280002404000024058000240CC
:105D00007000024088000240A0000240B80002403B
:105D1000100402402804024040040240580402409B
:105D20007004024088040240A0040240B80402400B
:105D30007B681B681B6803F00203002B14BF012360
:105D40000023DBB2002B00F087807B68DB6D03F063
:105D50001F0320229A403B6A9A607B6893F8353093
:105D6000DBB2042B39D17B681B681A687B681B681F
:105D700022F016021A607B681B685A697B681B68F0
:105D800022F080025A617B681B6C002B03D17B6878
:105D90009B6C002B07D07B681B681A687B681B68AC
:105DA00022F008021A607B68DB6D03F01F033F22BC
:105DB0009A403B6A9A607B68012283F835207B68B1
:105DC000002283F834207B681B6D002B00F04A838F
:105DD0007B681B6D7868984744E37B681B681B6889
:105DE00003F48023002B18D07B681B681B6803F426
:105DF0000023002B08D17B685B6C002B2CD07B68C8
:105E00005B6C7868984727E07B68DB6B002B23D0BE
:105E10007B68DB6B786898471EE07B681B681B68B3
:105E200003F48073002B0FD17B681B681A687B68B2
:105E30001B6822F010021A607B68012283F835206B
:105E40007B68002283F834207B68DB6B002B03D057
:105E50007B68DB6B786898477B685B6D002B00F094
:105E600006837B685B6D03F00103002B00F08880E4
:105E70007B68042283F835207B681B687A4A93424A
:105E80004AD07B681B68794A934245D07B681B687F
:105E9000774A934240D07B681B68764A93423BD056
:105EA0007B681B68744A934236D07B681B68734AD0
:105EB000934231D07B681B68714A93422CD07B6837
:105EC0001B68704A934227D07B681B686E4A9342D6
:105ED00022D07B681B686D4A93421DD07B681B688B
:105EE0006B4A934218D07B681B686A4A934213D06E
:105EF0007B681B68684A93420ED07B681B68674AC0
:105F0000934209D07B681B68654A934204D07B6842
:105F10001B68644A934208D17B681B681A687B68D7
:105F20001B6822F001021A6007E07B681B681A6890
:105F30007B681B6822F001021A60FB680133FB607A
:105F40007A6A9A4207D37B681B681B6803F00103D7
:105F5000002BF2D100E000BF7B681B681B6803F0D8
:105F60000103002B04D07B68032283F8352003E073
:105F70007B68012283F835207B68002283F8342077
:105F80007B68DB6C002B00F072827B68DB6C7868CE
:105F900098476CE27B681B68434A934222D07B6837
:105FA0001B68424A93421DD07B681B68404A93425B
:105FB00018D07B681B683F4A934213D07B681B68EC
:105FC0003D4A93420ED07B681B683C4A934209D0FD
:105FD0007B681B683A4A934204D07B681B68394A45
:105FE000934201D1012300E00023002B00F03F8207
:105FF0007B681B681B683B617B68DB6D03F01F03DC
:1060000004229A407B691340002B00F0CD803B694D
:1060100003F00403002B00F0C7807B68DB6D03F006
:106020001F0304229A40FB695A603B6903F4004352
:10603000002B49D03B6903F48033002B09D17B68E6
:106040009B6C002B00F010827B689B6C78689847F3
:106050000AE27B681B6C002B00F006827B681B6CDD
:106060007868984700E200BF100002402800024014
:106070004000024058000240700002408800024088
:10608000A0000240B8000240100402402804024070
:106090004004024058040240700402408804024058
:1060A000A0040240B8040240085402581C5402588C
:1060B0003054025844540258585402586C540258F0
:1060C00080540258945402583B6903F02003002B7B
:1060D00060D17B681B687F4A93424AD07B681B680B
:1060E0007D4A934245D07B681B687C4A934240D0EE
:1060F0007B681B687A4A93423BD07B681B68794A6D
:10610000934236D07B681B68774A934231D07B68D4
:106110001B68764A93422CD07B681B68744A934272
:1061200027D07B681B68734A934222D07B681B6828
:10613000714A93421DD07B681B68704A934218D005
:106140007B681B686E4A934213D07B681B686D4A5C
:1061500093420ED07B681B686B4A934209D07B68E0
:106160001B686A4A934204D07B681B68684A934262
:1061700008D17B681B681A687B681B6822F00802DC
:106180001A6007E07B681B681A687B681B6822F04E
:1061900004021A607B681B6C002B00F065817B6831
:1061A0001B6C786898475FE17B68DB6D03F01F0329
:1061B00002229A407B691340002B00F0C5803B69A6
:1061C00003F00203002B00F0BF807B68DB6D03F05F
:1061D0001F0302229A40FB695A603B6903F40043A3
:1061E000002B18D03B6903F48033002B09D17B6866
:1061F0005B6C002B00F03A817B685B6C7868984799
:1062000034E17B68DB6B002B00F030817B68DB6B5B
:10621000786898472AE13B6903F02003002B40F09F
:1062200089807B681B682B4A93424AD07B681B6835
:10623000294A934245D07B681B68284A934240D044
:106240007B681B68264A93423BD07B681B68254AC3
:10625000934236D07B681B68234A934231D07B68D7
:106260001B68224A93422CD07B681B68204A9342C9
:1062700027D07B681B681F4A934222D07B681B682B
:106280001D4A93421DD07B681B681C4A934218D05C
:106290007B681B681A4A934213D07B681B68194AB3
:1062A00093420ED07B681B68174A934209D07B68E3
:1062B0001B68164A934204D07B681B68144A9342B9
:1062C00028D17B681B681A687B681B6822F014025F
:1062D0001A6027E0100002402800024040000240FF
:1062E000580002407000024088000240A0000240B6
:1062F000B80002401004024028040240400402405A
:10630000580402407004024088040240A004024085
:10631000B80402407B681B681A687B681B6822F01F
:106320000A021A607B68012283F835207B6800220C
:1063300083F834207B68DB6B002B00F097807B6850
:10634000DB6B7868984791E07B68DB6D03F01F0397
:1063500008229A407B691340002B00F088803B693B
:1063600003F00803002B00F082807B681B68414A21
:1063700093424AD07B681B683F4A934245D07B6872
:106380001B683E4A934240D07B681B683C4A93425C
:106390003BD07B681B683B4A934236D07B681B68C6
:1063A000394A934231D07B681B68384A93422CD0DB
:1063B0007B681B68364A934227D07B681B68354A46
:1063C000934222D07B681B68334A93421DD07B687E
:1063D0001B68324A934218D07B681B68304A93424C
:1063E00013D07B681B682F4A93420ED07B681B68D2
:1063F0002D4A934209D07B681B682C4A934204D0F3
:106400007B681B682A4A934208D17B681B681A681C
:106410007B681B6822F01C021A6007E07B681B681F
:106420001A687B681B6822F00E021A607B68DB6DBD
:1064300003F01F0301229A40FB695A607B68012226
:106440005A657B68012283F835207B68002283F837
:1064500034207B68DB6C002B09D07B68DB6C7868B0
:10646000984704E000BF02E000BF00E000BF28370B
:10647000BD4680BD1000024028000240400002409E
:10648000580002407000024088000240A000024014
:10649000B8000240100402402804024040040240B8
:1064A000580402407004024088040240A0040240E4
:1064B000B804024080B483B000AF78607B685B6D45
:1064C00018460C37BD465DF8047B704780B487B032
:1064D00000AFF860B9607A603B60FB689B6D7B61E0
:1064E000FB689B6D3B61FB681B687F4A934272D0DF
:1064F000FB681B687D4A93426DD0FB681B687C4A31
:10650000934268D0FB681B687A4A934263D0FB6869
:106510001B68794A93425ED0FB681B68774A9342B6
:1065200059D0FB681B68764A934254D0FB681B68BD
:10653000744A93424FD0FB681B68734A93424AD017
:10654000FB681B68714A934245D0FB681B68704A20
:10655000934240D0FB681B686E4A93423BD0FB6875
:106560001B686D4A934236D0FB681B686B4A9342A6
:1065700031D0FB681B686A4A93422CD0FB681B68C9
:10658000684A934227D0FB681B68674A934222D02F
:10659000FB681B68654A93421DD0FB681B68644A10
:1065A000934218D0FB681B68624A934213D0FB6881
:1065B0001B68614A93420ED0FB681B685F4A934296
:1065C00009D0FB681B685E4A934204D0FB681B68D5
:1065D0005C4A934201D1012300E00023002B0DD03F
:1065E000FB685B6EFA68926E5A60FB68DB6E002B8C
:1065F00004D0FB681B6FFA68526F5A60FB681B6817
:10660000394A93424AD0FB681B68384A934245D0C6
:10661000FB681B68364A934240D0FB681B68354ACA
:1066200093423BD0FB681B68334A934236D0FB68E9
:106630001B68324A934231D0FB681B68304A934250
:106640002CD0FB681B682F4A934227D0FB681B683D
:106650002D4A934222D0FB681B682C4A93421DD0DE
:10666000FB681B682A4A934218D0FB681B68294ABA
:10667000934213D0FB681B68274A93420ED0FB68F5
:106680001B68264A934209D0FB681B68244A934240
:1066900004D0FB681B68234A934201D1012300E028
:1066A0000023002B59D0FB68DB6D03F01F033F2252
:1066B0009A407B699A60FB681B681A68FB681B68D4
:1066C00022F480221A60FB681B683A685A60FB68F3
:1066D0009B68402B38D1FB681B687A689A60FB681E
:1066E0001B68BA68DA6086E01000024028000240A9
:1066F0004000024058000240700002408800024002
:10670000A0000240B80002401004024028040240E9
:1067100040040240580402407004024088040240D1
:10672000A0040240B8040240085402581C54025805
:106730003054025844540258585402586C54025869
:106740008054025894540258FB681B68BA689A60D7
:10675000FB681B687A68DA604DE0FB681B68294AB1
:10676000934222D0FB681B68274A93421DD0FB68E6
:106770001B68264A934218D0FB681B68244A934240
:1067800013D0FB681B68234A93420ED0FB681B683A
:10679000214A934209D0FB681B68204A934204D0E7
:1067A000FB681B681E4A934201D1012300E00023CD
:1067B000002B20D0FB68DB6D03F01F0301229A4001
:1067C0003B695A60FB681B683A685A60FB689B68C3
:1067D000402B08D1FB681B687A689A60FB681B68CD
:1067E000BA68DA6007E0FB681B68BA689A60FB6801
:1067F0001B687A68DA6000BF1C37BD465DF8047B11
:10680000704700BF085402581C54025830540258B4
:1068100044540258585402586C5402588054025838
:106820009454025880B485B000AF78607B681B68D0
:10683000424A93424AD07B681B68414A934245D002
:106840007B681B683F4A934240D07B681B683E4A86
:1068500093423BD07B681B683C4A934236D07B68AE
:106860001B683B4A934231D07B681B68394A93428C
:106870002CD07B681B68384A934227D07B681B6802
:10688000364A934222D07B681B68354A93421DD01A
:106890007B681B68334A934218D07B681B68324A76
:1068A000934213D07B681B68304A93420ED07B68BA
:1068B0001B682F4A934209D07B681B682D4A93427C
:1068C00004D07B681B682C4A934201D1012300E06D
:1068D0000023002B24D07B681B68DBB2103B274AC7
:1068E000A2FB03231B09FB60FB6803F00703244A98
:1068F000D35C1A467B68DA65FB68032B08D97B6892
:106900001B681A461F4B13401A1D7B689A650DE0E1
:106910007B681B681A461B4B13407A68936505E039
:106920007B681B6823F0FF027B689A657B689B6D20
:1069300018461437BD465DF8047B704710000240CE
:10694000280002404000024058000240700002400F
:1069500088000240A0000240B8000240100402403B
:1069600028040240400402405804024070040240DF
:1069700088040240A0040240B8040240ABAAAAAABC
:10698000B03D020800FCFFFF80B485B000AF786026
:106990000023FB737B689B69002B20D17B689B6A7B
:1069A000032B58D801A252F823F000BFBD6900089C
:1069B000CF690008BD690008576A00087B68DB6A78
:1069C00003F08073002B48D00123FB7345E07B6804
:1069D000DB6AB3F1C07F42D10123FB733FE07B68E8
:1069E0009B69B3F5005F23D17B689B6A032B38D882
:1069F00001A252F823F000BF096A00080F6A0008DC
:106A0000096A0008216A00080123FB7330E07B68F3
:106A1000DB6A03F08073002B25D00123FB7322E097
:106A20007B68DB6AB3F1C07F1FD10123FB731CE0DD
:106A30007B689B6A022B02D9032B03D018E0012349
:106A4000FB7315E07B68DB6A03F08073002B0ED0CC
:106A50000123FB730BE000BF0AE000BF08E000BFAA
:106A600006E000BF04E000BF02E000BF00E000BF9E
:106A7000FB7B18461437BD465DF8047B704700BFAA
:106A800080B485B000AF78607B681B68BB607B68B2
:106A90001B68384A934222D07B681B68364A93426F
:106AA0001DD07B681B68354A934218D07B681B68F1
:106AB000334A934213D07B681B68324A93420ED00C
:106AC0007B681B68304A934209D07B681B682F4A59
:106AD000934204D07B681B682D4A934201D1012365
:106AE00000E00023002B1AD07B681B68DBB2083B58
:106AF000284AA2FB03231B09FB60FA68264B1344B8
:106B00009B001A467B681A667B68244A5A66FB68B3
:106B100003F01F0301229A407B689A6624E07B6899
:106B20001B68DBB2103B1E4AA2FB03231B09FB6060
:106B3000BB681C4A934206D8BB681B4A934202D9E1
:106B4000FB680833FB60FA68184B13449B001A4635
:106B50007B681A667B68164A5A66FB6803F01F0357
:106B600001229A407B689A6600BF1437BD465DF8E3
:106B7000047B7047085402581C5402583054025881
:106B800044540258585402586C54025880540258C5
:106B900094540258CDCCCCCC0096001680580258A4
:106BA000ABAAAAAAB80402400F0402400082001057
:106BB0008008024080B485B000AF78607B685B6875
:106BC000DBB2FB60FB68002B4AD0FB68082B47D880
:106BD0007B681B68254A934222D07B681B68244A45
:106BE00093421DD07B681B68224A934218D07B6871
:106BF0001B68214A934213D07B681B681F4A93424B
:106C00000ED07B681B681E4A934209D07B681B68C4
:106C10001C4A934204D07B681B681B4A934201D1F3
:106C2000012300E00023002B0AD0FA68174B13441D
:106C30009B001A467B68DA667B68154A1A6709E08A
:106C4000FA68144B13449B001A467B68DA667B682B
:106C5000114A1A67FB68013B01229A407B685A6718
:106C600000BF1437BD465DF8047B704708540258D6
:106C70001C54025830540258445402585854025874
:106C80006C54025880540258945402583F9600168F
:106C9000405902583F8200104009024080B489B038
:106CA00000AF786039600023FB61894B7B6194E120
:106CB0003B681A680121FB6901FA03F313403B6149
:106CC0003B69002B00F086813B685B6803F003039F
:106CD000012B05D03B685B6803F00303022B30D126
:106CE0007B689B68BB61FB695B00032202FA03F3CC
:106CF000DB43BA691340BB613B68DA68FB695B0040
:106D000002FA03F3BA691343BB617B68BA699A60FC
:106D10007B685B68BB610122FB6902FA03F3DB431A
:106D2000BA691340BB613B685B681B0903F0010251
:106D3000FB6902FA03F3BA691343BB617B68BA6962
:106D40005A603B685B6803F00303032B17D07B6832
:106D5000DB68BB61FB695B00032202FA03F3DB43E0
:106D6000BA691340BB613B689A68FB695B0002FA31
:106D700003F3BA691343BB617B68BA69DA603B68A5
:106D80005B6803F00303022B23D1FB69DA087B68FD
:106D9000083253F82230BB61FB6903F007039B0004
:106DA0000F2202FA03F3DB43BA691340BB613B686D
:106DB0001A69FB6903F007039B0002FA03F3BA693F
:106DC0001343BB61FB69DA087B680832B96943F891
:106DD00022107B681B68BB61FB695B00032202FA1F
:106DE00003F3DB43BA691340BB613B685B6803F0A4
:106DF0000302FB695B0002FA03F3BA691343BB6148
:106E00007B68BA691A603B685B6803F44033002B07
:106E100000F0E0802F4BD3F8F4302E4A43F0020309
:106E2000C2F8F4302B4BD3F8F43003F00203FB60CC
:106E3000FB68294AFB699B08023352F82330BB6187
:106E4000FB6903F003039B000F2202FA03F3DB4309
:106E5000BA691340BB617B68204A934252D07B6879
:106E60001F4A934231D07B681E4A93422BD07B68E5
:106E70001D4A934225D07B681C4A93421FD07B68F1
:106E80001B4A934219D07B681A4A934213D07B68FD
:106E9000194A93420DD07B68184A934207D07B6809
:106EA000174A934201D109232DE00A232BE008233E
:106EB00029E0072327E0062325E0052323E0042318
:106EC00021E003231FE002231DE001231BE000BF9C
:106ED0008000005800440258000400580000025886
:106EE0000004025800080258000C02580010025812
:106EF0000014025800180258001C025800200258C2
:106F0000002402580023FA6902F003029200934021
:106F1000BA691343BB613849FB699B080233BA69FC
:106F200041F823204FF0B0431B68BB613B69DB4352
:106F3000BA691340BB613B685B6803F48013002BA4
:106F400003D0BA693B691343BB614FF0B042BB69E0
:106F500013604FF0B0435B68BB613B69DB43BA69C8
:106F60001340BB613B685B6803F40013002B03D044
:106F7000BA693B691343BB614FF0B042BB695360D0
:106F80007B695B68BB613B69DB43BA691340BB61EA
:106F90003B685B6803F40033002B03D0BA693B699C
:106FA0001343BB617B69BA695A607B691B68BB612B
:106FB0003B69DB43BA691340BB613B685B6803F420
:106FC0008033002B03D0BA693B691343BB617B69F3
:106FD000BA691A60FB690133FB613B681A68FB6997
:106FE00022FA03F3002B7FF463AE00BF00BF243707
:106FF000BD465DF8047B70470004005880B483B040
:1070000000AF78600B467B8013467B707B78002B4B
:1070100003D07A887B689A6103E07B881A047B68D6
:107020009A6100BF0C37BD465DF8047B704780B4A1
:1070300085B000AF78600B467B807B685B69FB6046
:107040007A88FB6813401A04FB68D9437B880B409D
:107050001A437B689A6100BF1437BD465DF8047B14
:107060007047000080B584B000AF7860194BDB68D2
:1070700003F00403042B0AD0164BDB6803F007036C
:107080007A689A4201D001231FE000231DE0114BD2
:10709000DB6823F007020F497B681343CB60FCF7E2
:1070A00029FEF86009E0FCF725FE0246FB68D31ACA
:1070B000B3F57A7F01D9012307E0064B5B6803F43F
:1070C0000053B3F5005FEED1002318461037BD46DC
:1070D00080BD00BF0048025880B58CB000AF78601A
:1070E0007B68002B02D1012300F048BC7B681B6841
:1070F00003F00103002B00F08880994B1B6903F01B
:107100003803FB62964B9B6ABB62FB6A102B07D06D
:10711000FB6A182B11D1BB6A03F00303022B0CD1BD
:107120008F4B1B6803F40033002B6DD07B685B68CA
:10713000002B69D1012300F021BC7B685B68B3F5AB
:10714000803F06D1864B1B68854A43F48033136029
:107150002EE07B685B68002B0CD1814B1B68804A5A
:1071600023F4803313607E4B1B687D4A23F4802315
:1071700013601DE07B685B68B3F5A02F0CD1784BE2
:107180001B68774A43F480231360754B1B68744A6D
:1071900043F4803313600BE0714B1B68704A23F497
:1071A000803313606E4B1B686D4A23F48023136099
:1071B0007B685B68002B13D0FCF79CFD786208E0CD
:1071C000FCF798FD02467B6AD31A642B01D903238E
:1071D000D4E3634B1B6803F40033002BF0D014E0BE
:1071E000FCF788FD786208E0FCF784FD02467B6AC4
:1071F000D31A642B01D90323C0E3594B1B6803F452
:107200000033002BF0D100E000BF7B681B6803F067
:107210000203002B00F0CA80514B1B6903F03803B6
:107220003B624F4B9B6AFB613B6A002B07D03B6A7A
:10723000182B56D1FB6903F00303002B51D1484BA7
:107240001B6803F00403002B05D07B68DB68002B70
:1072500001D1012392E3424B1B6823F019027B68A2
:10726000DB683F4913430B60FCF744FD786208E09C
:10727000FCF740FD02467B6AD31A022B01D9032397
:107280007CE3374B1B6803F00403002BF0D0FCF7C2
:107290003DFD034641F20302934217D87B681B6908
:1072A000402B08D12E4B5B6823F47C332C4A43F4EB
:1072B000003353607AE02A4B5B6823F47C327B68AE
:1072C0001B691B03264913434B606FE0244B5B682B
:1072D00023F0FE427B681B691B06214913434B6068
:1072E00064E07B68DB68002B47D01D4B1B6823F0F4
:1072F00019027B68DB681A4913430B60FCF7FAFC40
:10730000786208E0FCF7F6FC02467B6AD31A022B8F
:1073100001D9032332E3124B1B6803F00403002B53
:10732000F0D0FCF7F3FC034641F20302934219D874
:107330007B681B69402B08D1094B5B6823F47C33C5
:10734000074A43F40033536030E0054B5B6823F495
:107350007C327B681B691B03014913434B6025E0AA
:10736000004402589A4B5B6823F0FE427B681B691D
:107370001B06974913434B6018E0954B1B68944AD2
:1073800023F001031360FCF7B5FC786208E0FCF71A
:10739000B1FC02467B6AD31A022B01D90323EDE22A
:1073A0008B4B1B6803F00403002BF0D17B681B6838
:1073B00003F01003002B00F0A980854B1B6903F03C
:1073C0003803BB61824B9B6A7B61BB69082B07D08A
:1073D000BB69182B3AD17B6903F00303012B35D12C
:1073E0007B4B1B6803F48073002B05D07B68DB6943
:1073F000802B01D00123C1E2FCF788FC034641F257
:107400000302934217D87B681B6A202B08D1704B6C
:107410005B6823F0F8436E4A43F08043536075E0A5
:107420006B4B5B6823F0F8427B681B6A9B066849DC
:1074300013434B606AE0664BDB6823F07C527B6849
:107440001B6A1B0662491343CB605FE07B68DB6904
:10745000002B42D05E4B1B685D4A43F080031360F3
:10746000FCF748FC786208E0FCF744FC02467B6AC3
:10747000D31A022B01D9032380E2554B1B6803F476
:107480008073002BF0D0FCF741FC034641F203026D
:10749000934217D87B681B6A202B08D14C4B5B6842
:1074A00023F0F8434A4A43F0804353602EE0484BB0
:1074B0005B6823F0F8427B681B6A9B0644491343D0
:1074C0004B6023E0424BDB6823F07C527B681B6AF5
:1074D0001B063F491343CB6018E03D4B1B683C4AF9
:1074E00023F080031360FCF705FC786208E0FCF7EA
:1074F00001FC02467B6AD31A022B01D903233DE229
:10750000334B1B6803F48073002BF0D17B681B683E
:1075100003F00803002B36D07B685B69002B19D081
:107520002B4B5B6F2A4A43F001035367FCF7E2FBE6
:10753000786208E0FCF7DEFB02467B6AD31A022B76
:1075400001D903231AE2224B5B6F03F00203002BE5
:10755000F0D018E01E4B5B6F1D4A23F00103536708
:10756000FCF7C8FB786208E0FCF7C4FB02467B6AC4
:10757000D31A022B01D9032300E2154B5B6F03F0F2
:107580000203002BF0D17B681B6803F02003002B63
:1075900039D07B689B69002B1CD00D4B1B680C4AB3
:1075A00043F480531360FCF7A5FB786208E0FCF716
:1075B000A1FB02467B6AD31A022B01D90323DDE12A
:1075C000034B1B6803F40053002BF0D01BE000BFFB
:1075D000004402589B4B1B689A4A23F48053136063
:1075E000FCF788FB786208E0FCF784FB02467B6AC4
:1075F000D31A022B01D90323C0E1924B1B6803F479
:107600000053002BF0D17B681B6803F00403002BB0
:1076100000F081808C4B1B688B4A43F480731360AD
:10762000FCF768FB786208E0FCF764FB02467B6AC3
:10763000D31A642B01D90323A0E1834B1B6803F405
:107640008073002BF0D07B689B68012B06D17D4BAB
:107650001B6F7C4A43F0010313672DE07B689B6836
:10766000002B0CD1774B1B6F764A23F00103136775
:10767000744B1B6F734A23F0040313671CE07B6891
:107680009B68052B0CD16F4B1B6F6E4A43F00403B4
:1076900013676C4B1B6F6B4A43F0010313670BE0DE
:1076A000684B1B6F674A23F001031367654B1B6F21
:1076B000644A23F0040313677B689B68002B15D092
:1076C000FCF718FB78620AE0FCF714FB02467B6AC1
:1076D000D31A41F28832934201D903234EE1594B28
:1076E0001B6F03F00203002BEED014E0FCF702FB4B
:1076F00078620AE0FCF7FEFA02467B6AD31A41F28E
:107700008832934201D9032338E14E4B1B6F03F0BB
:107710000203002BEED17B685B6A002B00F02D8109
:10772000484B1B6903F03803182B00F0BD807B68C1
:107730005B6A022B40F09E80424B1B68414A23F05B
:1077400080731360FCF7D6FA786208E0FCF7D2FA8F
:1077500002467B6AD31A022B01D903230EE1394B6F
:107760001B6803F00073002BF0D1364B9A6A374B3D
:1077700013407A68916A7A68D26A12010A433149E1
:1077800013438B627B681B6B013BC3F308027B686E
:107790005B6B013B5B029BB21A437B689B6B013BBB
:1077A0001B0403F4FE031A437B68DB6B013B1B06DF
:1077B00003F0FE43234913430B63224BDB6A214A48
:1077C00023F00103D3621F4B5A6B214B13407A689D
:1077D000926CD2001B4913434B631A4BDB6A23F0B4
:1077E0000C027B681B6C17491343CB62154BDB6A99
:1077F00023F002027B685B6C12491343CB62114B8E
:10780000DB6A104A43F48033D3620E4BDB6A0D4AC5
:1078100043F40033D3620B4BDB6A0A4A43F4802300
:10782000D362084BDB6A074A43F00103D362054B7E
:107830001B68044A43F080731360FCF75BFA7862BC
:1078400011E000BF00440258004802580CFCFFFF42
:107850000700FFFFFCF74EFA02467B6AD31A022BA1
:1078600001D903238AE0474B1B6803F00073002B08
:10787000F0D082E0434B1B68424A23F080731360D0
:10788000FCF738FA786208E0FCF734FA02467B6AC3
:10789000D31A022B01D9032370E03A4B1B6803F083
:1078A0000073002BF0D168E0364B9B6A3B61354B8F
:1078B0001B6BFB607B685B6A012B31D03B6903F07B
:1078C00003027B689B6A9A422AD13B691B0903F039
:1078D0003F027B68DB6A9A4222D1FB68C3F308024D
:1078E0007B681B6B013B9A421AD1FB685B0A03F071
:1078F0007F027B685B6B013B9A4211D1FB681B0CDA
:1079000003F07F027B689B6B013B9A4208D1FB68C6
:107910001B0E03F07F027B68DB6B013B9A4201D0B8
:1079200001232BE0174B5B6BDB08C3F30C033B61BC
:107930007B689B6C3A699A421FD0124BDB6A114AF2
:1079400023F00103D362FCF7D5F9786200BFFCF79E
:10795000D1F902467B6A9342F9D00A4B5A6B0A4B23
:1079600013407A68926CD200064913434B63054B6F
:10797000DB6A044A43F00103D36200231846303720
:10798000BD4680BD004402580700FFFF80B586B0A9
:1079900000AF786039607B68002B01D101239CE146
:1079A0008A4B1B6803F00F033A689A4210D9874B41
:1079B0001B6823F00F0285493B6813430B60834B20
:1079C0001B6803F00F033A689A4201D0012384E157
:1079D0007B681B6803F00403002B10D07B681A69D6
:1079E0007B4B9B6903F070039A4208D9784B9B69E3
:1079F00023F070027B681B69754913438B617B68B8
:107A00001B6803F00803002B10D07B685A69704B89
:107A1000DB6903F070039A4208D96D4BDB6923F0F0
:107A200070027B685B696A491343CB617B681B68A2
:107A300003F01003002B10D07B689A69644BDB695C
:107A400003F4E0639A4208D9614BDB6923F4E062F6
:107A50007B689B695E491343CB617B681B6803F0BD
:107A60002003002B10D07B68DA69594B1B6A03F0A6
:107A700070039A4208D9564B1B6A23F070027B6848
:107A8000DB69534913430B627B681B6803F00203F5
:107A9000002B10D07B68DA684D4B9B6903F00F0315
:107AA0009A4208D94A4B9B6923F00F027B68DB6836
:107AB000474913438B617B681B6803F00103002B6C
:107AC00055D0434B9B6923F470627B689B684049A7
:107AD00013438B617B685B68022B07D13C4B1B68AF
:107AE00003F40033002B21D10123F6E07B685B68AF
:107AF000032B07D1364B1B6803F00073002B15D105
:107B00000123EAE07B685B68012B07D1304B1B68DF
:107B100003F48073002B09D10123DEE02C4B1B689A
:107B200003F00403002B01D10123D6E0284B1B698D
:107B300023F007027B685B68254913430B61FCF760
:107B4000D9F878610AE0FCF7D5F802467B69D31AC8
:107B500041F28832934201D90323BEE01C4B1B69DA
:107B600003F038027B685B68DB009A42EBD17B68EC
:107B70001B6803F00203002B10D07B68DA68144BFB
:107B80009B6903F00F039A4208D2114B9B6923F0C3
:107B90000F027B68DB680E4913438B610B4B1B683C
:107BA00003F00F033A689A4214D2084B1B6823F083
:107BB0000F0206493B6813430B60044B1B6803F03C
:107BC0000F033A689A4205D0012386E00020005254
:107BD000004402587B681B6803F00403002B10D09C
:107BE0007B681A693F4B9B6903F070039A4208D285
:107BF0003C4B9B6923F070027B681B693949134336
:107C00008B617B681B6803F00803002B10D07B6836
:107C10005A69344BDB6903F070039A4208D2314B46
:107C2000DB6923F070027B685B692E491343CB61EB
:107C30007B681B6803F01003002B10D07B689A69E7
:107C4000284BDB6903F4E0639A4208D2254BDB69D9
:107C500023F4E0627B689B6922491343CB617B6814
:107C60001B6803F02003002B10D07B68DA691D4BE2
:107C70001B6A03F070039A4208D21A4B1B6A23F066
:107C800070027B68DB69174913430B6200F034F81C
:107C90000246144B9B691B0A03F00F031249CB5C8D
:107CA00003F01F0322FA03F33B610E4B9B6903F0C1
:107CB0000F030D4AD35C03F01F033A6922FA03F362
:107CC0000A4A13600A4A3B6913600A4B1B6818464C
:107CD000FAF744FF0346FB73FB7B18461837BD4693
:107CE00080BD00BF00440258A03D02080C000024E3
:107CF000080000241000002480B489B000AFB34B0A
:107D00001B6903F03803182B00F2558101A252F8C9
:107D100023F000BF797D0008B77F0008B77F000817
:107D2000B77F0008B77F0008B77F0008B77F00085B
:107D3000B77F00089F7D0008B77F0008B77F000865
:107D4000B77F0008B77F0008B77F0008B77F00083B
:107D5000B77F0008A57D0008B77F0008B77F00083F
:107D6000B77F0008B77F0008B77F0008B77F00081B
:107D7000B77F0008AB7D0008944B1B6803F020031D
:107D8000002B09D0914B1B68DB0803F00303904ADA
:107D900022FA03F3BB6111E18D4BBB610EE18D4B08
:107DA000BB610BE18C4BBB6108E1884B9B6A03F024
:107DB00003037B61854B9B6A1B0903F03F033B6117
:107DC000824BDB6A03F00103FB60804B5B6BDB08DB
:107DD000C3F30C03FA6802FB03F307EE903AF8EEE4
:107DE000677AC7ED027A3B69002B00F0E1807B697E
:107DF000022B00F083807B69022B00F2A1807B695B
:107E0000002B03D07B69012B56D099E06F4B1B6888
:107E100003F02003002B2DD06C4B1B68DB0803F014
:107E200003036B4A22FA03F37B607B6807EE903A08
:107E3000F8EE676A3B6907EE903AF8EE677A86EEED
:107E4000A77A624B1B6BC3F3080307EE903AF8EE78
:107E5000676A97ED026ADFED615AC6EE257A76EE23
:107E6000A77AF7EE006A77EEA67A67EE277AC7ED73
:107E7000077A87E03B6907EE903AF8EE677ADFED24
:107E8000586A86EEA77A514B1B6BC3F3080307EEC3
:107E9000903AF8EE676A97ED026ADFED505AC6EE47
:107EA000257A76EEA77AF7EE006A77EEA67A67EE85
:107EB000277AC7ED077A65E03B6907EE903AF8EE5E
:107EC000677ADFED486A86EEA77A404B1B6BC3F3F7
:107ED000080307EE903AF8EE676A97ED026ADFED65
:107EE0003F5AC6EE257A76EEA77AF7EE006A77EE6D
:107EF000A67A67EE277AC7ED077A43E03B6907EE7B
:107F0000903AF8EE677ADFED386A86EEA77A2F4B63
:107F10001B6BC3F3080307EE903AF8EE676A97ED20
:107F2000026ADFED2E5AC6EE257A76EEA77AF7EED4
:107F3000006A77EEA67A67EE277AC7ED077A21E026
:107F40003B6907EE903AF8EE677ADFED266A86EE37
:107F5000A77A1E4B1B6BC3F3080307EE903AF8EEAB
:107F6000676A97ED026ADFED1D5AC6EE257A76EE56
:107F7000A77AF7EE006A77EEA67A67EE277AC7ED62
:107F8000077A00BF114B1B6B5B0A03F07F030133C1
:107F90003B603B6807EE903AB8EE677AD7ED076A28
:107FA000C6EE877AFCEEE77A17EE903ABB6105E001
:107FB0000023BB6102E0074BBB6100BFBB691846F1
:107FC0002437BD465DF8047B704700BF004402586B
:107FD0000090D00300093D0040787D01000000467C
:107FE0000024744C0024744A20BCBE4B80B582B07F
:107FF00000AFFFF781FE0246104B9B691B0A03F09E
:108000000F030F49CB5C03F01F0322FA03F37B60DD
:108010000A4B9B6903F00F03094AD35C03F01F036B
:108020007A6822FA03F3074A1360074A7B681360F1
:10803000044B1B6818460837BD4680BD00440258F3
:10804000A03D02080C0000240800002480B500AF09
:10805000FFF7CCFF0246064BDB691B0903F0070361
:108060000449CB5C03F01F0322FA03F3184680BDDA
:1080700000440258A03D020880B500AFFFF7B6FFEC
:108080000246064BDB691B0A03F007030449CB5C7D
:1080900003F01F0322FA03F3184680BD0044025880
:1080A000A03D020880B483B000AF786039607B687F
:1080B0003F221A601A4B1B6903F007027B685A6063
:1080C000174B9B6903F470627B689A60144B9B6941
:1080D00003F00F027B68DA60114B9B6903F07002BA
:1080E0007B681A610E4BDB6903F070027B685A6192
:1080F0000B4BDB6903F4E0627B689A61084B1B6AF7
:1081000003F070027B68DA61064B1B6803F00F0214
:108110003B681A6000BF0C37BD465DF8047B7047B2
:1081200000440258002000522DE9B04FCAB000AF01
:10813000C7F81401002387F82731002387F8263178
:10814000D7F81431D3E9002302F00064002554EA83
:10815000050349D0D7F814319B6EB3F5401F2FD0DB
:10816000B3F5401F28D8B3F5001F1AD0B3F5001F90
:1081700022D8002B03D0B3F5801F07D01CE0B84BEA
:10818000DB6AB74A43F40033D3621AE0D7F81431FC
:1081900008330221184601F08FFC034687F8273187
:1081A0000FE0D7F8143128330221184601F036FDCC
:1081B000034687F8273104E0012387F8273100E0E0
:1081C00000BF97F82731002B0AD1A54B1B6D23F474
:1081D0004011D7F814319B6EA14A0B43136503E09D
:1081E00097F8273187F82631D7F81431D3E90023DF
:1081F00002F480784FF0000958EA090347D0D7F815
:1082000014319B6D042B2AD801A252F823F000BF31
:10821000258200083382000849820008678200082E
:10822000678200088E4BDB6A8D4A43F40033D362C9
:108230001AE0D7F8143108330021184601F03CFC4D
:10824000034687F827310FE0D7F81431283300218F
:10825000184601F0E3FC034687F8273104E00123C8
:1082600087F8273100E000BF97F82731002B0AD1AB
:108270007B4B1B6D23F00701D7F814319B6D784AB7
:108280000B43136503E097F8273187F82631D7F8B9
:108290001431D3E9002302F4007A4FF0000B5AEABC
:1082A0000B034CD0D7F81431DB6DB3F5807F30D0A1
:1082B000B3F5807F29D8C02B2DD0C02B25D8802B9B
:1082C00018D0802B21D8002B02D0402B07D01CE0E7
:1082D000634BDB6A624A43F40033D3621CE0D7F895
:1082E000143108330021184601F0E6FB034687F8F5
:1082F000273111E0D7F8143128330021184601F056
:108300008DFC034687F8273106E0012387F82731E3
:1083100002E000BF00E000BF97F82731002B0AD130
:108320004F4B1B6D23F4E071D7F81431DB6D4C4AD1
:108330000B43136503E097F8273187F82631D7F808
:108340001431D3E9002302F48063C7F80831002315
:10835000C7F80C31D7E942120B46134353D0D7F874
:108360001431D3F8A830B3F5000F35D0B3F5000FB2
:108370002ED8B3F5C00F31D0B3F5C00F28D8B3F560
:10838000800F1AD0B3F5800F22D8002B03D0B3F59D
:10839000001F07D01CE0324BDB6A314A43F4003344
:1083A000D3621CE0D7F8143108330021184601F0DD
:1083B00083FB034687F8273111E0D7F814312833BF
:1083C0000021184601F02AFC034687F8273106E011
:1083D000012387F8273102E000BF00E000BF97F8D3
:1083E0002731002B0BD11E4B9B6D23F46001D7F876
:1083F0001431D3F8A8301A4A0B43936503E097F879
:10840000273187F82631D7F81431D3E9002302F455
:108410000063C7F800310023C7F80431D7E94012E0
:108420000B46134356D0D7F81431D3F8AC30B3F120
:10843000806F38D0B3F1806F31D8B3F1407F34D042
:10844000B3F1407F2BD8B3F1007F1DD0B3F1007F93
:1084500025D8002B06D0B3F1807F0AD01FE000BFE3
:1084600000440258A24BDB6AA14A43F40033D362B2
:108470001CE0D7F8143108330021184601F01CFB2A
:10848000034687F8273111E0D7F81431283300214B
:10849000184601F0C3FB034687F8273106E00123A5
:1084A00087F8273102E000BF00E000BF97F82731CE
:1084B000002B0BD18E4B9B6D23F0E061D7F814316C
:1084C000D3F8AC308A4A0B43936503E097F8273121
:1084D00087F82631D7F81431D3E9002302F000736E
:1084E000C7F8F8300023C7F8FC30D7E93E120B4636
:1084F00013433AD0D7F81431DB6C302B1FD0302B1C
:1085000019D8202B0CD0202B15D8002B19D0102BCC
:1085100011D1774BDB6A764A43F40033D36211E022
:10852000D7F8143108330221184601F0C5FA034682
:1085300087F8273106E0012387F8273102E000BFE2
:1085400000E000BF97F82731002B0AD1684BDB6CA5
:1085500023F03001D7F81431DB6C654A0B43D36448
:1085600003E097F8273187F82631D7F81431D3E99B
:10857000002302F48053C7F8F0300023C7F8F4302A
:10858000D7E93C120B46134351D0D7F814311B6E78
:10859000B3F5804F35D0B3F5804F2ED8B3F5405F9B
:1085A00031D0B3F5405F28D8B3F5005F1AD0B3F5EA
:1085B000005F22D8002B03D0B3F5805F07D01CE00A
:1085C0004B4BDB6A4A4A43F40033D3621CE0D7F8D2
:1085D000143108330021184601F06EFA034687F87B
:1085E000273111E0D7F8143128330021184601F063
:1085F00015FB034687F8273106E0012387F827316A
:1086000002E000BF00E000BF97F82731002B0AD13D
:10861000374B1B6D23F4E041D7F814311B6E344AFD
:108620000B43136503E097F8273187F82631D7F815
:108630001431D3E9002302F40053C7F8E8300023D3
:10864000C7F8EC30D7E93A120B46134356D0D7F8A7
:1086500014315B6EB3F5A02F33D0B3F5A02F2CD817
:10866000B3F5802F2FD0B3F5802F26D8B3F5403F38
:108670002BD0B3F5403F20D8B3F5003F12D0B3F56F
:10868000003F1AD8002B22D0B3F5803F15D1D7F880
:10869000143108330121184601F00EFA034687F819
:1086A000273115E0D7F8143128330121184601F09D
:1086B000B5FA034687F827310AE0012387F8273106
:1086C00006E000BF04E000BF02E000BF00E000BF22
:1086D00097F82731002B0DD1054B1B6D23F4E021BA
:1086E000D7F814315B6E024A0B43136506E000BFF6
:1086F0000044025897F8273187F82631D7F814310B
:10870000D3E9002302F48043C7F8E0300023C7F820
:10871000E430D7E938120B46134355D0D7F814315B
:10872000D3F8B030B3F1A04F33D0B3F1A04F2CD871
:10873000B3F1804F2FD0B3F1804F26D8B3F1405F13
:108740002BD0B3F1405F20D8B3F1005F12D0B3F16A
:10875000005F1AD8002B22D0B3F1805F15D1D7F873
:10876000143108330121184601F0A6F9034687F8B1
:10877000273115E0D7F8143128330121184601F0CC
:108780004DFA034687F827310AE0012387F827319D
:1087900006E000BF04E000BF02E000BF00E000BF51
:1087A00097F82731002B0BD1A34B9B6D23F0E041B1
:1087B000D7F81431D3F8B0309F4A0B43936503E0E8
:1087C00097F8273187F82631D7F81431D3E90023F9
:1087D00002F40043C7F8D8300023C7F8DC30D7E9EB
:1087E00036120B46134337D0D7F814311B6FB3F151
:1087F000005F0ED0B3F1005F16D8002B18D0B3F194
:10880000805F11D18C4BDB6A8B4A43F40033D36217
:108810000FE0D7F8143108330121184601F04CF964
:10882000034687F8273104E0012387F8273100E069
:1088300000BF97F82731002B0AD17F4B1B6D23F027
:108840004051D7F814311B6F7B4A0B43136503E08B
:1088500097F8273187F82631D7F81431D3E9002368
:1088600002F08073C7F8D0300023C7F8D430D7E9BE
:1088700034120B46134339D0D7F814319B6C032BB9
:108880001CD801A252F823F0C58800089988000876
:10889000A7880008C5880008674BDB6A664A43F46E
:1088A0000033D3620FE0D7F81431083302211846A1
:1088B00001F002F9034687F8273104E0012387F825
:1088C000273100E000BF97F82731002B0AD15A4B1F
:1088D000DB6C23F00301D7F814319B6C564A0B4331
:1088E000D36403E097F8273187F82631D7F814319D
:1088F000D3E9002302F48003C7F8C8300023C7F887
:10890000CC30D7E932120B46134300F09F804B4B1B
:108910001B684A4A43F480731360FBF7EBF9C7F80E
:1089200020010BE0FBF7E6F90246D7F82031D31A15
:10893000642B03D9032387F8273105E03F4B1B68DD
:1089400003F48073002BEDD097F82731002B79D1F9
:10895000394B1A6FD7F81431D3F8B430534003F4BD
:108960004073002B15D0344B1B6F23F44073C7F8B2
:108970001C31314B1B6F304A43F4803313672E4B4D
:108980001B6F2D4A23F4803313672B4AD7F81C3111
:108990001367D7F81431D3F8B430B3F5807F18D10A
:1089A000FBF7A8F9C7F820010DE0FBF7A3F9024691
:1089B000D7F82031D21A41F288339A4203D90323DF
:1089C00087F8273105E01C4B1B6F03F00203002BD7
:1089D000EBD097F82731002B29D1D7F81431D3F8F1
:1089E000B43003F44073B3F5407F0ED1124B1B69D2
:1089F00023F47C51D7F81431D3F8B4301A09104B52
:108A000013400D4A0B43136105E00B4B1B690A4AE7
:108A100023F47C531361084B196FD7F81431D3F842
:108A2000B430C3F30B03044A0B4313670EE097F80B
:108A3000273187F8263109E00044025800480258DF
:108A4000CFFFFF0097F8273187F82631D7F8143188
:108A5000D3E9002302F00103C7F8C0300023C7F8B0
:108A6000C430D7E930120B46134300F08980D7F8A1
:108A70001431DB6F282B6BD801A252F823F000BF12
:108A8000598B0008518B0008518B0008518B00084E
:108A9000518B0008518B0008518B0008518B000846
:108AA000258B0008518B0008518B0008518B000862
:108AB000518B0008518B0008518B0008518B000826
:108AC0003B8B0008518B0008518B0008518B00082C
:108AD000518B0008518B0008518B0008518B000806
:108AE000598B0008518B0008518B0008518B0008EE
:108AF000518B0008518B0008518B0008518B0008E6
:108B0000598B0008518B0008518B0008518B0008CD
:108B1000518B0008518B0008518B0008518B0008C5
:108B2000598B0008D7F8143108330121184600F09A
:108B3000C3FF034687F827310FE0D7F814312833F5
:108B40000121184601F06AF8034687F8273104E04E
:108B5000012387F8273100E000BF97F82731002B69
:108B60000AD1BF4B5B6D23F03801D7F81431DB6FAE
:108B7000BB4A0B43536503E097F8273187F826314A
:108B8000D7F81431D3E9002302F00203C7F8B83054
:108B90000023C7F8BC30D7E92E120B46134341D04F
:108BA000D7F814319B6F052B24D801A252F823F07B
:108BB000FD8B0008C98B0008DF8B0008FD8B0008C7
:108BC000FD8B0008FD8B0008D7F814310833012114
:108BD000184600F071FF034687F827310FE0D7F8F9
:108BE000143128330121184601F018F8034687F89C
:108BF000273104E0012387F8273100E000BF97F810
:108C00002731002B0AD1964B5B6D23F00701D7F873
:108C100014319B6F924A0B43536503E097F8273159
:108C200087F82631D7F81431D3E9002302F0040382
:108C3000C7F8B0300023C7F8B430D7E92C120B4680
:108C4000134344D0D7F81431D3F89430052B25D8EA
:108C500001A252F823F000BFA58C0008718C000817
:108C6000878C0008A58C0008A58C0008A58C00083E
:108C7000D7F8143108330121184600F01DFF0346D0
:108C800087F827310FE0D7F814312833012118462F
:108C900000F0C4FF034687F8273104E0012387F87A
:108CA000273100E000BF97F82731002B0BD16C4B28
:108CB0009B6D23F00701D7F81431D3F89430684A3C
:108CC0000B43936503E097F8273187F82631D7F8EF
:108CD0001431D3E9002302F02003C7F8A8300023A1
:108CE000C7F8AC30D7E92A120B46134355D0D7F852
:108CF0001431D3F89030B3F1A04F33D0B3F1A04F7B
:108D00002CD8B3F1804F2FD0B3F1804F26D8B3F1D8
:108D1000405F2BD0B3F1405F20D8B3F1005F12D099
:108D2000B3F1005F1AD8002B22D0B3F1805F15D1C8
:108D3000D7F8143108330021184600F0BDFE034671
:108D400087F8273115E0D7F8143128330221184667
:108D500000F064FF034687F827310AE0012387F813
:108D6000273106E000BF04E000BF02E000BF00E0E2
:108D700000BF97F82731002B0BD1394B5B6D23F0E7
:108D8000E041D7F81431D3F89030354A0B4353659E
:108D900003E097F8273187F82631D7F81431D3E963
:108DA000002302F04003C7F8A0300023C7F8A43026
:108DB000D7E928120B46134358D0D7F81431D3F80B
:108DC0009C30B3F5A05F33D0B3F5A05F2CD8B3F5DA
:108DD000805F2FD0B3F5805F26D8B3F5406F2BD0DE
:108DE000B3F5406F20D8B3F5006F12D0B3F5006F24
:108DF0001AD8002B22D0B3F5806F15D1D7F81431D3
:108E000008330021184600F057FE034687F8273143
:108E100015E0D7F8143128330221184600F0FEFE81
:108E2000034687F827310AE0012387F8273106E057
:108E300000BF04E000BF02E000BF00E000BF97F801
:108E40002731002B0ED1064B9B6D23F4E051D7F850
:108E50001431D3F89C30024A0B43936506E000BFFF
:108E60000044025897F8273187F82631D7F8143193
:108E7000D3E9002302F08003C7F898300023C7F835
:108E80009C30D7E926120B46134355D0D7F814313E
:108E9000D3F8A030B3F5204F33D0B3F5204F2CD802
:108EA000B3F5004F2FD0B3F5004F26D8B3F5C04F20
:108EB0002BD0B3F5C04F20D8B3F5804F12D0B3F507
:108EC000804F1AD8002B22D0B3F5005F15D1D7F808
:108ED000143108330021184600F0EEFD034687F8F0
:108EE000273115E0D7F8143128330221184600F055
:108EF00095FE034687F827310AE0012387F82731DA
:108F000006E000BF04E000BF02E000BF00E000BFD9
:108F100097F82731002B0BD1A14B9B6D23F46041B7
:108F2000D7F81431D3F8A0309D4A0B43936503E082
:108F300097F8273187F82631D7F81431D3E9002381
:108F400002F00803C7F890300023C7F89430D7E93F
:108F500024120B4613431ED0D7F81431D3F88430B3
:108F6000B3F5805F0CD1D7F81431283302211846AD
:108F700000F054FE0346002B02D0012387F826316F
:108F8000874B5B6D23F44051D7F81431D3F884300C
:108F9000834A0B435365D7F81431D3E9002302F019
:108FA0001003C7F888300023C7F88C30D7E92212A5
:108FB0000B4613431ED0D7F81431D3F89830B3F5CD
:108FC000807F0CD1D7F8143128330221184600F0E5
:108FD00025FE0346002B02D0012387F82631704B73
:108FE0009B6D23F44071D7F81431D3F898306C4A54
:108FF0000B439365D7F81431D3E9002302F400231F
:10900000C7F880300023C7F88430D7E920120B4618
:1090100013433ED0D7F81431D3F8A430B3F5003F52
:1090200022D0B3F5003F1BD8002B03D0B3F5803F0F
:109030000BD015E0D7F8143108330021184600F0A2
:109040003BFD034687F827310FE0D7F8143128336A
:109050000221184600F0E2FD034687F8273104E0BC
:10906000012387F8273100E000BF97F82731002B54
:109070000BD14B4B9B6D23F44031D7F81431D3F80F
:10908000A430474A0B43936503E097F8273187F8EC
:109090002631D7F81431D3E9002302F48023BB67CB
:1090A0000023FB67D7E91E120B4613433BD0D7F8CA
:1090B0001431D3F88830B3F5401F1FD0B3F5401FEB
:1090C00018D8B3F5801F03D0B3F5001F07D011E007
:1090D000334BDB6A324A43F40033D3620FE0D7F8F4
:1090E000143128330121184600F098FD034687F813
:1090F000273104E0012387F8273100E000BF97F80B
:109100002731002B0BD1264B5B6D23F44011D7F890
:109110001431D3F88830224A0B43536503E097F8A3
:10912000273187F82631D7F81431D3E9002302F428
:1091300080333B6700237B67D7E91C120B46134340
:1091400034D0D7F814311B6D002B03D0B3F5803F1A
:1091500007D011E0124BDB6A114A43F40033D362AB
:109160000EE0D7F8143108330221184600F0A4FCB1
:10917000034687F8273103E0012387F8273100BF32
:1091800097F82731002B0DD1054BDB6C23F4803190
:10919000D7F814311B6D024A0B43D36406E000BFBD
:1091A0000044025897F8273187F82631D7F8143150
:1091B000D3E9002302F00053BB660023FB66D7E926
:1091C0001A120B4613430CD0D7F81431283302215E
:1091D000184600F023FD0346002B02D0012387F838
:1091E0002631D7F81431D3E9002302F400333B666B
:1091F00000237B66D7E918120B46134338D0D7F803
:109200001431D3F88030B3F5407F18D0B3F5407FE8
:1092100011D8B3F5007F14D0B3F5007F0BD8002B25
:1092200011D0B3F5807F06D1C34BDB6AC24A43F449
:109230000033D36208E0012387F8273104E000BF40
:1092400002E000BF00E000BF97F82731002B0BD1F0
:10925000B94B5B6D23F44071D7F81431D3F88030EB
:10926000B54A0B43536503E097F8273187F8263159
:10927000D7F81431D3E9002302F48013BB6500232F
:10928000FB65D7E916120B46134309D0AA4B1B6D99
:1092900023F00041D7F814315B6FA74A0B431365E5
:1092A000D7F81431D3E9002302F080533B65002343
:1092B0007B65D7E914120B4613430AD09E4B1B69FA
:1092C00023F48041D7F81431D3F8B8309A4A0B43CD
:1092D0001361D7F81431D3E9002302F40013BB64FF
:1092E0000023FB64D7E912120B46134309D0924BBB
:1092F0001B6D23F08071D7F81431DB6E8E4A0B435F
:109300001365D7F81431D3E9002302F080433B649E
:1093100000237B64D7E910120B4613430ED0864B13
:109320001B69854A23F400431361834B1969D7F8FD
:109330001431D3F8BC30804A0B431361D7F8143191
:10934000D3E9002302F00043BB630023FB63D7E9AA
:109350000E120B46134309D0774BDB6C23F04051C0
:10936000D7F814315B6D744A0B43D364D7F81431CA
:10937000D3E9002302F400033B6300237B63D7E9B6
:109380000C120B4613430AD06B4B5B6D23F4400168
:10939000D7F81431D3F88C30674A0B435365D7F8AC
:1093A0001431D3E900230021B96203F00103FB6209
:1093B000D7E90A120B46134311D0D7F814310833FA
:1093C0000021184600F078FB034687F8273197F80C
:1093D0002731002B03D097F8273187F82631D7F8AB
:1093E0001431D3E900230021396203F002037B62C8
:1093F000D7E908120B46134311D0D7F814310833BC
:109400000121184600F058FB034687F8273197F8EA
:109410002731002B03D097F8273187F82631D7F86A
:109420001431D3E900230021B96103F00403FB6187
:10943000D7E906120B46134311D0D7F8143108337D
:109440000221184600F038FB034687F8273197F8C9
:109450002731002B03D097F8273187F82631D7F82A
:109460001431D3E900230021396103F008037B6143
:10947000D7E904120B46134311D0D7F8143128331F
:109480000021184600F0CAFB034687F8273197F8F9
:109490002731002B03D097F8273187F82631D7F8EA
:1094A0001431D3E900230021B96003F01003FB60FD
:1094B000D7E902120B46134311D0D7F814312833E1
:1094C0000121184600F0AAFB034687F8273197F8D8
:1094D0002731002B03D097F8273187F82631D7F8AA
:1094E0001431D3E900230021396003F020037B60AD
:1094F000D7E900120B46134311D0D7F814312833A3
:109500000221184600F08AFB034687F8273197F8B6
:109510002731002B03D097F8273187F8263197F8A9
:109520002631002B01D1002300E00123184607F566
:109530009477BD46BDE8B08F0044025880B500AFB7
:10954000FEF754FD0246064B1B6A1B0903F0070396
:109550000449CB5C03F01F0322FA03F3184680BDD5
:1095600000440258A03D020880B489B000AF786082
:10957000A14B9B6A03F00303BB619F4B9B6A1B0BD0
:1095800003F03F037B619C4BDB6A1B0903F0010383
:109590003B61994BDB6BDB08C3F30C033A6902FBBD
:1095A00003F307EE903AF8EE677AC7ED037A7B692A
:1095B000002B00F01181BB69022B00F08380BB6996
:1095C000022B00F2A180BB69002B03D0BB69012BE9
:1095D00056D099E0884B1B6803F02003002B2DD058
:1095E000854B1B68DB0803F00303844A22FA03F36C
:1095F000BB60BB6807EE903AF8EE676A7B6907EEDE
:10960000903AF8EE677A86EEA77A7B4B9B6BC3F3B2
:10961000080307EE903AF8EE676A97ED036ADFED0C
:10962000785AC6EE257A76EEA77AF7EE006A77EEDC
:10963000A67A67EE277AC7ED077A87E07B6907EE9F
:10964000903AF8EE677ADFED6F6A86EEA77A6A4B9A
:109650009B6BC3F3080307EE903AF8EE676A97ED49
:10966000036ADFED675AC6EE257A76EEA77AF7EE43
:10967000006A77EEA67A67EE277AC7ED077A65E08B
:109680007B6907EE903AF8EE677ADFED5F6A86EE67
:10969000A77A594B9B6BC3F3080307EE903AF8EE99
:1096A000676A97ED036ADFED565AC6EE257A76EEC5
:1096B000A77AF7EE006A77EEA67A67EE277AC7ED0B
:1096C000077A43E07B6907EE903AF8EE677ADFEDC0
:1096D0004F6A86EEA77A484B9B6BC3F3080307EEED
:1096E000903AF8EE676A97ED036ADFED455AC6EEE9
:1096F000257A76EEA77AF7EE006A77EEA67A67EE1D
:10970000277AC7ED077A21E07B6907EE903AF8EEF9
:10971000677ADFED3D6A86EEA77A374B9B6BC3F322
:10972000080307EE903AF8EE676A97ED036ADFEDFB
:10973000345AC6EE257A76EEA77AF7EE006A77EE0F
:10974000A67A67EE277AC7ED077A00BF2A4B9B6B94
:109750005B0A03F07F0307EE903AF8EE677AB7EE04
:10976000007A37EE877AD7ED076AC6EE877AFCEE85
:10977000E77A17EE902A7B681A601F4B9B6B1B0CD5
:1097800003F07F0307EE903AF8EE677AB7EE007ABF
:1097900037EE877AD7ED076AC6EE877AFCEEE77A6E
:1097A00017EE902A7B685A60134B9B6B1B0E03F0DD
:1097B0007F0307EE903AF8EE677AB7EE007A37EE5D
:1097C000877AD7ED076AC6EE877AFCEEE77A17EE5E
:1097D000902A7B689A6008E07B6800221A607B68A8
:1097E00000225A607B6800229A6000BF2437BD4681
:1097F0005DF8047B704700BF004402580090D0031E
:10980000000000460024744C0024744A20BCBE4B67
:1098100080B489B000AF7860A14B9B6A03F003036A
:10982000BB619F4B9B6A1B0D03F03F037B619C4B0D
:10983000DB6A1B0A03F001033B61994B5B6CDB089D
:10984000C3F30C033A6902FB03F307EE903AF8EE18
:10985000677AC7ED037A7B69002B00F01181BB6941
:10986000022B00F08380BB69022B00F2A180BB6950
:10987000002B03D0BB69012B56D099E0884B1B68A5
:1098800003F02003002B2DD0854B1B68DB0803F071
:109890000303844A22FA03F3BB60BB6807EE903AE5
:1098A000F8EE676A7B6907EE903AF8EE677A86EE23
:1098B000A77A7B4B1B6CC3F3080307EE903AF8EED4
:1098C000676A97ED036ADFED785AC6EE257A76EE81
:1098D000A77AF7EE006A77EEA67A67EE277AC7EDE9
:1098E000077A87E07B6907EE903AF8EE677ADFED5A
:1098F0006F6A86EEA77A6A4B1B6CC3F3080307EE08
:10990000903AF8EE676A97ED036ADFED675AC6EEA4
:10991000257A76EEA77AF7EE006A77EEA67A67EEFA
:10992000277AC7ED077A65E07B6907EE903AF8EE93
:10993000677ADFED5F6A86EEA77A594B1B6CC3F33B
:10994000080307EE903AF8EE676A97ED036ADFEDD9
:10995000565AC6EE257A76EEA77AF7EE006A77EECB
:10996000A67A67EE277AC7ED077A43E07B6907EEB0
:10997000903AF8EE677ADFED4F6A86EEA77A484BA9
:109980001B6CC3F3080307EE903AF8EE676A97ED95
:10999000036ADFED455AC6EE257A76EEA77AF7EE32
:1099A000006A77EEA67A67EE277AC7ED077A21E09C
:1099B0007B6907EE903AF8EE677ADFED3D6A86EE56
:1099C000A77A374B1B6CC3F3080307EE903AF8EE07
:1099D000676A97ED036ADFED345AC6EE257A76EEB4
:1099E000A77AF7EE006A77EEA67A67EE277AC7EDD8
:1099F000077A00BF2A4B1B6C5B0A03F07F0307EE5C
:109A0000903AF8EE677AB7EE007A37EE877AD7EDBC
:109A1000076AC6EE877AFCEEE77A17EE902A7B6833
:109A20001A601F4B1B6C1B0C03F07F0307EE903A70
:109A3000F8EE677AB7EE007A37EE877AD7ED076AE5
:109A4000C6EE877AFCEEE77A17EE902A7B685A60BA
:109A5000134B1B6C1B0E03F07F0307EE903AF8EEDE
:109A6000677AB7EE007A37EE877AD7ED076AC6EEE7
:109A7000877AFCEEE77A17EE902A7B689A6008E016
:109A80007B6800221A607B6800225A607B68002293
:109A90009A6000BF2437BD465DF8047B704700BF65
:109AA000004402580090D003000000460024744C8B
:109AB0000024744A20BCBE4B80B584B000AF7860EF
:109AC00039600023FB73534B9B6A03F00303032BA2
:109AD00001D1012399E04F4B1B684E4A23F080636C
:109AE0001360FAF707F9B86008E0FAF703F90246DD
:109AF000BB68D31A022B01D9032386E0454B1B68B0
:109B000003F00063002BF0D1424B9B6A23F47C32BC
:109B10007B681B681B033F4913438B627B685B6850
:109B2000013BC3F308027B689B68013B5B029BB26D
:109B30001A437B68DB68013B1B0403F4FE031A43F2
:109B40007B681B69013B1B0603F0FE43314913434D
:109B50008B63304BDB6A23F0C0027B685B692D4965
:109B60001343CB622B4BDB6A23F020027B689B699B
:109B700028491343CB62274BDB6A264A23F01003A4
:109B8000D362244BDA6B244B13407A68D269D2003B
:109B900020491343CB631F4BDB6A1E4A43F010037B
:109BA000D3623B68002B06D11A4BDB6A194A43F497
:109BB0000023D3620FE03B68012B06D1154BDB6A13
:109BC000144A43F48013D36205E0124BDB6A114A56
:109BD00043F40013D3620F4B1B680E4A43F08063BB
:109BE0001360FAF787F8B86008E0FAF783F80246DE
:109BF000BB68D31A022B01D9032306E0054B1B686F
:109C000003F00063002BF0D0FB7B18461037BD46F5
:109C100080BD00BF004402580700FFFF80B584B03C
:109C200000AF786039600023FB73534B9B6A03F0ED
:109C30000303032B01D1012399E04F4B1B684E4ACC
:109C400023F080531360FAF755F8B86008E0FAF78C
:109C500051F80246BB68D31A022B01D9032386E0D0
:109C6000454B1B6803F00053002BF0D1424B9B6A1D
:109C700023F07C727B681B681B053F4913438B6292
:109C80007B685B68013BC3F308027B689B68013B10
:109C90005B029BB21A437B68DB68013B1B0403F445
:109CA000FE031A437B681B69013B1B0603F0FE435E
:109CB000314913430B64304BDB6A23F440627B6809
:109CC0005B692D491343CB622B4BDB6A23F4007293
:109CD0007B689B6928491343CB62274BDB6A264A82
:109CE00023F48073D362244B5A6C244B13407A685C
:109CF000D269D200204913434B641F4BDB6A1E4AD2
:109D000043F48073D3623B68002B06D11A4BDB6AA5
:109D1000194A43F48003D3620FE03B68012B06D15C
:109D2000154BDB6A144A43F40003D36205E0124B7F
:109D3000DB6A114A43F08073D3620F4B1B680E4AF3
:109D400043F080531360F9F7D5FFB86008E0F9F7E6
:109D5000D1FF0246BB68D31A022B01D9032306E0C8
:109D6000054B1B6803F00053002BF0D0FB7B18461B
:109D70001037BD4680BD00BF004402580700FFFFFA
:109D800080B582B000AF78607B68002B01D10123E1
:109D900049E07B6893F83D30DBB2002B06D17B684D
:109DA000002283F83C20786800F041F87B680222AA
:109DB00083F83D207B681A687B6804331946104697
:109DC00000F096FD7B68012283F848207B68012221
:109DD00083F83E207B68012283F83F207B680122C4
:109DE00083F840207B68012283F841207B680122B0
:109DF00083F842207B68012283F843207B6801229C
:109E000083F844207B68012283F845207B68012287
:109E100083F846207B68012283F847207B68012273
:109E200083F83D20002318460837BD4680BD80B426
:109E300083B000AF786000BF0C37BD465DF8047B8F
:109E40007047000080B485B000AF78607B6893F8FD
:109E50003D30DBB2012B01D0012354E07B680222AC
:109E600083F83D207B681B68DA687B681B6842F0DA
:109E70000102DA607B681B68264A934222D07B6825
:109E80001B68B3F1804F1DD07B681B68224A934248
:109E900018D07B681B68214A934213D07B681B68EB
:109EA0001F4A93420ED07B681B681E4A934209D01A
:109EB0007B681B681C4A934204D07B681B681B4A62
:109EC000934215D17B681B689A68194B1340FB605D
:109ED000FB68062B15D0FB68B3F5803F11D07B687B
:109EE0001B681A687B681B6842F001021A6008E070
:109EF0007B681B681A687B681B6842F001021A6065
:109F000000E000BF002318461437BD465DF8047B0F
:109F1000704700BF000001400004004000080040FE
:109F2000000C0040000401400018004000400140C7
:109F30000700010080B582B000AF78607B68002B1D
:109F400001D1012349E07B6893F83D30DBB2002B5F
:109F500006D17B68002283F83C207868F9F79EFAE6
:109F60007B68022283F83D207B681A687B68043393
:109F70001946104600F0BCFC7B68012283F848209B
:109F80007B68012283F83E207B68012283F83F2012
:109F90007B68012283F840207B68012283F84120FE
:109FA0007B68012283F842207B68012283F84320EA
:109FB0007B68012283F844207B68012283F84520D6
:109FC0007B68012283F846207B68012283F84720C2
:109FD0007B68012283F83D20002318460837BD46E0
:109FE00080BD000080B584B000AF786039603B6808
:109FF000002B09D17B6893F83E30DBB2012B14BFF4
:10A0000001230023DBB23CE03B68042B09D17B68D1
:10A0100093F83F30DBB2012B14BF01230023DBB2E6
:10A020002FE03B68082B09D17B6893F84030DBB206
:10A03000012B14BF01230023DBB222E03B680C2B71
:10A0400009D17B6893F84130DBB2012B14BF0123A7
:10A050000023DBB215E03B68102B09D17B6893F835
:10A060004230DBB2012B14BF01230023DBB208E036
:10A070007B6893F84330DBB2012B14BF012300232C
:10A08000DBB2002B01D00123A1E03B68002B04D1FF
:10A090007B68022283F83E2023E03B68042B04D136
:10A0A0007B68022283F83F201BE03B68082B04D129
:10A0B0007B68022283F8402013E03B680C2B04D11C
:10A0C0007B68022283F841200BE03B68102B04D10F
:10A0D0007B68022283F8422003E07B68022283F837
:10A0E00043207B681B6801223968184600F07CFF1A
:10A0F0007B681B68384A934213D07B681B68374AD9
:10A1000093420ED07B681B68354A934209D07B6826
:10A110001B68344A934204D07B681B68324A9342DE
:10A1200001D1012300E00023002B07D07B681B68CE
:10A130005A6C7B681B6842F400425A647B681B6857
:10A14000254A934222D07B681B68B3F1804F1DD013
:10A150007B681B68254A934218D07B681B68244A99
:10A16000934213D07B681B68224A93420ED07B68CF
:10A170001B681A4A934209D07B681B681E4A9342A7
:10A1800004D07B681B68164A934215D17B681B6814
:10A190009A681A4B1340FB60FB68062B15D0FB68CE
:10A1A000B3F5803F11D07B681B681A687B681B6819
:10A1B00042F001021A6008E07B681B681A687B683D
:10A1C0001B6842F001021A6000E000BF002318463D
:10A1D0001037BD4680BD00BF0000014000040140B3
:10A1E000004001400044014000480140000400409C
:10A1F00000080040000C004000180040070001006B
:10A2000080B586B000AF786039607B68002B01D1E3
:10A2100001238FE07B6893F83D30DBB2002B06D141
:10A220007B68002283F83C207868F9F771F97B6835
:10A23000022283F83D207B681B6899687B681A6856
:10A240003E4B0B4093607B681A687B680433194669
:10A25000104600F04DFB7B681B689B687B617B6848
:10A260001B689B693B617B681B681B6AFB603B68E2
:10A270001B687A6913437B613A69314B13403B6138
:10A280003B689A683B689B691B0213433A69134316
:10A290003B613A692B4B13403B613A692A4B1340AF
:10A2A0003B613B68DA683B68DB691B0213433A6930
:10A2B00013433B613B681B691A013B681B6A1B0324
:10A2C00013433A6913433B61FB6823F02203FB60AD
:10A2D000FB6823F08803FB603B685A683B685B6956
:10A2E0001B011343FA681343FB607B681B687A69A0
:10A2F0009A607B681B683A699A617B681B68FA6898
:10A300001A627B68012283F848207B68012283F867
:10A310003E207B68012283F83F207B68012283F87E
:10A3200044207B68012283F845207B68012283F862
:10A330003D20002318461837BD4680BDF8BFFEFFFC
:10A34000FCFCFFFFF3F3FFFF0F0FFFFF80B584B0AE
:10A3500000AF786039607B6893F83E30FB737B68B0
:10A3600093F83F30BB737B6893F844307B737B6812
:10A3700093F845303B733B68002B10D1FB7B012BDE
:10A3800002D17B7B012B01D0012369E07B68022293
:10A3900083F83E207B68022283F8442031E03B684A
:10A3A000042B10D1BB7B012B02D13B7B012B01D0B5
:10A3B000012355E07B68022283F83F207B6802225C
:10A3C00083F845201DE0FB7B012B08D1BB7B012BD3
:10A3D00005D17B7B012B02D13B7B012B01D00123DB
:10A3E0003EE07B68022283F83E207B68022283F8ED
:10A3F0003F207B68022283F844207B68022283F896
:10A4000045203B68002B03D03B68042B08D00FE0AD
:10A410007B681B6801220021184600F0E5FD16E06C
:10A420007B681B6801220421184600F0DDFD0EE068
:10A430007B681B6801220021184600F0D5FD7B686F
:10A440001B6801220421184600F0CEFD00BF7B6886
:10A450001B681A687B681B6842F001021A600023BF
:10A4600018461037BD4680BD80B584B000AF786017
:10A470007B681B68DB68FB607B681B681B69BB60D3
:10A48000BB6803F00203002B20D0FB6803F002033B
:10A49000002B1BD07B681B686FF002021A617B687F
:10A4A00001221A777B681B689B6903F00303002B6A
:10A4B00003D0786800F0FEF905E0786800F0F0F964
:10A4C000786800F001FA7B6800221A77BB6803F015
:10A4D0000403002B20D0FB6803F00403002B1BD0E7
:10A4E0007B681B686FF004021A617B6802221A778E
:10A4F0007B681B689B6903F44073002B03D078686A
:10A5000000F0D8F905E0786800F0CAF9786800F042
:10A51000DBF97B6800221A77BB6803F00803002B85
:10A5200020D0FB6803F00803002B1BD07B681B685E
:10A530006FF008021A617B6804221A777B681B6837
:10A54000DB6903F00303002B03D0786800F0B2F955
:10A5500005E0786800F0A4F9786800F0B5F97B6848
:10A5600000221A77BB6803F01003002B20D0FB6891
:10A5700003F01003002B1BD07B681B686FF01002E8
:10A580001A617B6808221A777B681B68DB6903F411
:10A590004073002B03D0786800F08CF905E07868F0
:10A5A00000F07EF9786800F08FF97B6800221A7756
:10A5B000BB6803F00103002B0CD0FB6803F0010320
:10A5C000002B07D07B681B686FF001021A61786866
:10A5D000F8F78EFABB6803F08003002B04D1BB6848
:10A5E00003F40053002B0CD0FB6803F08003002B16
:10A5F00007D07B681B686FF402521A61786800F01C
:10A60000F1FEBB6803F48073002B0CD0FB6803F0F1
:10A610008003002B07D07B681B686FF480721A617F
:10A62000786800F0E9FEBB6803F04003002B0CD013
:10A63000FB6803F04003002B07D07B681B686FF0BA
:10A6400040021A61786800F049F9BB6803F0200302
:10A65000002B0CD0FB6803F02003002B07D07B6895
:10A660001B686FF020021A61786800F0B1FE00BF2D
:10A670001037BD4680BD000080B586B000AFF860E1
:10A68000B9607A600023FB75FB6893F83C30012BBE
:10A6900001D10223FFE0FB68012283F83C207B68A4
:10A6A000142B00F2F08001A252F823F001A7000859
:10A6B00087A8000887A8000887A8000841A7000805
:10A6C00087A8000887A8000887A8000883A70008B3
:10A6D00087A8000887A8000887A80008C3A7000863
:10A6E00087A8000887A8000887A8000805A8000810
:10A6F00087A8000887A8000887A8000845A80008C0
:10A70000FB681B68B968184600F098F9FB681B687D
:10A710009A69FB681B6842F008029A61FB681B6833
:10A720009A69FB681B6822F004029A61FB681B6847
:10A730009969BB681A69FB681B680A439A61A5E0BE
:10A74000FB681B68B968184600F008FAFB681B68CC
:10A750009A69FB681B6842F400629A61FB681B6897
:10A760009A69FB681B6822F480629A61FB681B6827
:10A770009969BB681B691A02FB681B680A439A61E6
:10A7800084E0FB681B68B968184600F071FAFB6842
:10A790001B68DA69FB681B6842F00802DA61FB6833
:10A7A0001B68DA69FB681B6822F00402DA61FB6847
:10A7B0001B68D969BB681A69FB681B680A43DA61C0
:10A7C00064E0FB681B68B968184600F0D9FAFB68BA
:10A7D0001B68DA69FB681B6842F40062DA61FB6897
:10A7E0001B68DA69FB681B6822F48062DA61FB6827
:10A7F0001B68D969BB681B691A02FB681B680A439E
:10A80000DA6143E0FB681B68B968184600F022FB78
:10A81000FB681B685A6DFB681B6842F008025A65AA
:10A82000FB681B685A6DFB681B6822F004025A65BE
:10A83000FB681B68596DBB681A69FB681B680A4393
:10A840005A6523E0FB681B68B968184600F066FB90
:10A85000FB681B685A6DFB681B6842F400625A650E
:10A86000FB681B685A6DFB681B6822F480625A659E
:10A87000FB681B68596DBB681B691A02FB681B6883
:10A880000A435A6502E00123FB7500BFFB68002202
:10A8900083F83C20FB7D18461837BD4680BD00BFBD
:10A8A00080B483B000AF786000BF0C37BD465DF860
:10A8B000047B704780B483B000AF786000BF0C3772
:10A8C000BD465DF8047B704780B483B000AF78600C
:10A8D00000BF0C37BD465DF8047B704780B483B081
:10A8E00000AF786000BF0C37BD465DF8047B704751
:10A8F00080B485B000AF786039607B681B68FB600E
:10A900007B68464A934213D07B68B3F1804F0FD0E7
:10A910007B68434A93420BD07B68424A934207D0FC
:10A920007B68414A934203D07B68404A934208D1F6
:10A93000FB6823F07003FB603B685B68FA681343B5
:10A94000FB607B68354A93421FD07B68B3F1804F30
:10A950001BD07B68324A934217D07B68314A9342BE
:10A9600013D07B68304A93420FD07B682F4A9342C2
:10A970000BD07B682E4A934207D07B682D4A9342C6
:10A9800003D07B682C4A934208D1FB6823F44073C0
:10A99000FB603B68DB68FA681343FB60FB6823F0ED
:10A9A00080023B685B691343FB607B68FA681A604E
:10A9B0003B689A687B68DA623B681A687B689A62CF
:10A9C0007B68164A93420FD07B68184A93420BD09B
:10A9D0007B68174A934207D07B68164A934203D09C
:10A9E0007B68154A934203D13B681A697B681A63F6
:10A9F0007B6801225A617B681B6903F00103012B0C
:10AA000005D17B681B6923F001027B681A6100BFD6
:10AA10001437BD465DF8047B704700BF000001405D
:10AA20000004004000080040000C00400004014009
:10AA300000400140004401400048014080B487B01C
:10AA400000AF786039607B681B6A7B617B681B6A3A
:10AA500023F001027B681A627B685B683B617B685C
:10AA60009B69FB60FA68374B1340FB60FB6823F07F
:10AA70000303FB603B681B68FA681343FB607B6958
:10AA800023F002037B613B689B687A6913437B6117
:10AA90007B682D4A93420FD07B682C4A93420BD09F
:10AAA0007B682B4A934207D07B682A4A934203D0A3
:10AAB0007B68294A93420CD17B6923F008037B61B0
:10AAC0003B68DB687A6913437B617B6923F004038D
:10AAD0007B617B681C4A93420FD07B681B4A934280
:10AAE0000BD07B681A4A934207D07B68194A93427D
:10AAF00003D07B68184A934211D13B6923F48073D9
:10AB00003B613B6923F400733B613B685B693A69D5
:10AB100013433B613B689B693A6913433B617B6824
:10AB20003A695A607B68FA689A613B685A687B6840
:10AB30005A637B687A691A6200BF1C37BD465DF8AC
:10AB4000047B70478FFFFEFF0000014000040140BE
:10AB500000400140004401400048014080B487B0FB
:10AB600000AF786039607B681B6A7B617B681B6A19
:10AB700023F010027B681A627B685B683B617B682C
:10AB80009B69FB60FA68344B1340FB60FB6823F45D
:10AB90004073FB603B681B681B02FA681343FB6051
:10ABA0007B6923F020037B613B689B681B017A690A
:10ABB00013437B617B68294A934203D07B68284A10
:10ABC00093420DD17B6923F080037B613B68DB6896
:10ABD0001B017A6913437B617B6923F040037B612E
:10ABE0007B681E4A93420FD07B681D4A93420BD06C
:10ABF0007B681C4A934207D07B681B4A934203D070
:10AC00007B681A4A934213D13B6923F480633B610A
:10AC10003B6923F400633B613B685B699B003A69D5
:10AC200013433B613B689B699B003A6913433B615B
:10AC30007B683A695A607B68FA689A613B685A682F
:10AC40007B689A637B687A691A6200BF1C37BD46CD
:10AC50005DF8047B704700BFFF8FFFFE00000140DE
:10AC60000004014000400140004401400048014010
:10AC700080B487B000AF786039607B681B6A7B6105
:10AC80007B681B6A23F480727B681A627B685B684E
:10AC90003B617B68DB69FB60FA68334B1340FB6008
:10ACA000FB6823F00303FB603B681B68FA681343EF
:10ACB000FB607B6923F400737B613B689B681B022C
:10ACC0007A6913437B617B68284A934203D07B688F
:10ACD000274A93420DD17B6923F400637B613B6873
:10ACE000DB681B027A6913437B617B6923F4806311
:10ACF0007B617B681D4A93420FD07B681C4A93425C
:10AD00000BD07B681B4A934207D07B681A4A934258
:10AD100003D07B68194A934213D13B6923F48053D3
:10AD20003B613B6923F400533B613B685B691B015A
:10AD30003A6913433B613B689B691B013A691343C2
:10AD40003B617B683A695A607B68FA68DA613B6804
:10AD50005A687B68DA637B687A691A6200BF1C37BD
:10AD6000BD465DF8047B70478FFFFEFF0000014089
:10AD700000040140004001400044014000480140FF
:10AD800080B487B000AF786039607B681B6A3B6134
:10AD90007B681B6A23F480527B681A627B685B685D
:10ADA0007B617B68DB69FB60FA68244B1340FB60C6
:10ADB000FB6823F44073FB603B681B681B02FA6866
:10ADC0001343FB603B6923F400533B613B689B6882
:10ADD0001B033A6913433B617B68194A93420FD0C6
:10ADE0007B68184A93420BD07B68174A934207D07E
:10ADF0007B68164A934203D07B68154A934209D177
:10AE00007B6923F480437B613B685B699B017A69C2
:10AE100013437B617B687A695A607B68FA68DA6100
:10AE20003B685A687B681A647B683A691A6200BF9B
:10AE30001C37BD465DF8047B704700BFFF8FFFFEE7
:10AE40000000014000040140004001400044014076
:10AE50000048014080B487B000AF786039607B68FB
:10AE60001B6A3B617B681B6A23F480327B681A6231
:10AE70007B685B687B617B685B6DFB60FA68214B7C
:10AE80001340FB603B681B68FA681343FB603B6937
:10AE900023F400333B613B689B681B043A6913430E
:10AEA0003B617B68184A93420FD07B68174A9342F4
:10AEB0000BD07B68164A934207D07B68154A9342B1
:10AEC00003D07B68144A934209D17B6923F4803311
:10AED0007B613B685B691B027A6913437B617B681A
:10AEE0007A695A607B68FA685A653B685A687B6879
:10AEF0009A657B683A691A6200BF1C37BD465DF8E7
:10AF0000047B70478FFFFEFF0000014000040140FA
:10AF100000400140004401400048014080B487B037
:10AF200000AF786039607B681B6A3B617B681B6A95
:10AF300023F480127B681A627B685B687B617B68A4
:10AF40005B6DFB60FA68224B1340FB603B681B683B
:10AF50001B02FA681343FB603B6923F400133B6157
:10AF60003B689B681B053A6913433B617B68194A40
:10AF700093420FD07B68184A93420BD07B68174AE4
:10AF8000934207D07B68164A934203D07B68154AE8
:10AF9000934209D17B6923F480237B613B685B6921
:10AFA0009B027A6913437B617B687A695A607B688C
:10AFB000FA685A653B685A687B68DA657B683A6963
:10AFC0001A6200BF1C37BD465DF8047B704700BFA6
:10AFD000FF8FFFFE000001400004014000400140DF
:10AFE000004401400048014080B487B000AFF860E1
:10AFF000B9607A60BB6803F01F03012202FA03F311
:10B000007B61FB681A6A7B69DB431A40FB681A6242
:10B01000FB681A6ABB6803F01F03796801FA03F33F
:10B020001A43FB681A6200BF1C37BD465DF8047BFB
:10B030007047000080B584B000AF786039603B682D
:10B04000002B09D17B6893F84430DBB2012B14BF8D
:10B0500001230023DBB222E03B68042B09D17B688B
:10B0600093F84530DBB2012B14BF01230023DBB280
:10B0700015E03B68082B09D17B6893F84630DBB2BA
:10B08000012B14BF01230023DBB208E07B6893F897
:10B090004730DBB2012B14BF01230023DBB2002BAE
:10B0A00001D0012373E03B68002B04D17B680222AE
:10B0B00083F8442013E03B68042B04D17B68022210
:10B0C00083F845200BE03B68082B04D17B68022203
:10B0D00083F8462003E07B68022283F847207B68E0
:10B0E0001B6804223968184600F090F97B681B68D9
:10B0F0005A6C7B681B6842F400425A647B681B6888
:10B10000254A934222D07B681B68B3F1804F1DD043
:10B110007B681B68214A934218D07B681B68204AD1
:10B12000934213D07B681B681E4A93420ED07B6803
:10B130001B681D4A934209D07B681B681B4A9342D7
:10B1400004D07B681B681A4A934215D17B681B6840
:10B150009A68184B1340FB60FB68062B15D0FB6800
:10B16000B3F5803F11D07B681B681A687B681B6849
:10B1700042F001021A6008E07B681B681A687B686D
:10B180001B6842F001021A6000E000BF002318466D
:10B190001037BD4680BD00BF0000014000040040E4
:10B1A00000080040000C004000040140001800406E
:10B1B000004001400700010080B485B000AF786016
:10B1C00039607B6893F83C30012B01D102236DE09C
:10B1D0007B68012283F83C207B68022283F83D20B3
:10B1E0007B681B685B68FB607B681B689B68BB6057
:10B1F0007B681B68304A934204D07B681B682F4AE7
:10B20000934208D1FB6823F47003FB603B685B68E2
:10B21000FA681343FB60FB6823F07003FB603B6834
:10B220001B68FA681343FB607B681B68FA685A6006
:10B230007B681B68204A934222D07B681B68B3F16D
:10B24000804F1DD07B681B681D4A934218D07B68D5
:10B250001B681C4A934213D07B681B681A4A9342AE
:10B260000ED07B681B68154A934209D07B681B6827
:10B27000164A934204D07B681B68154A93420CD14E
:10B28000BB6823F08003BB603B689B68BA681343CC
:10B29000BB607B681B68BA689A607B68012283F890
:10B2A0003D207B68002283F83C2000231846143799
:10B2B000BD465DF8047B704700000140000401407A
:10B2C0000004004000080040000C0040001800404E
:10B2D0000040014080B485B000AF78603960002341
:10B2E000FB607B6893F83C30012B01D1022365E0C1
:10B2F0007B68012283F83C20FB6823F0FF023B6857
:10B30000DB681343FB60FB6823F440723B689B6877
:10B310001343FB60FB6823F480623B685B68134364
:10B32000FB60FB6823F400623B681B681343FB600F
:10B33000FB6823F480523B681B691343FB60FB6886
:10B3400023F400523B685B691343FB60FB6823F402
:10B3500080423B689B6A1343FB60FB6823F47022C6
:10B360003B689B691B041343FB607B681B68164AA0
:10B37000934204D07B681B68144A934215D1FB6842
:10B3800023F470023B685B6A1B051343FB60FB6898
:10B3900023F080723B68DB691343FB60FB6823F09A
:10B3A00000723B681B6A1343FB607B681B68FA688A
:10B3B0005A647B68002283F83C2000231846143727
:10B3C000BD465DF8047B7047000001400004014069
:10B3D00080B483B000AF786000BF0C37BD465DF825
:10B3E000047B704780B483B000AF786000BF0C3737
:10B3F000BD465DF8047B704780B483B000AF7860D1
:10B4000000BF0C37BD465DF8047B704780B487B041
:10B4100000AFF860B9607A60BB6803F00F030422E4
:10B4200002FA03F37B61FB681A6A7B69DB431A400B
:10B43000FB681A62FB681A6ABB6803F00F0379683D
:10B4400001FA03F31A43FB681A6200BF1C37BD46BA
:10B450005DF8047B704780B582B000AF78607B6890
:10B46000002B01D1012342E07B68D3F88830002B08
:10B4700006D17B68002283F884207868F8F798FA70
:10B480007B682422C3F888207B681B681A687B6865
:10B490001B6822F001021A607B689B6A002B02D0B5
:10B4A000786801F079FB786800F00EFE0346012B06
:10B4B00001D101231BE07B681B685A687B681B680D
:10B4C00022F490425A607B681B689A687B681B680C
:10B4D00022F02A029A607B681B681A687B681B68E6
:10B4E00042F001021A60786801F0F8FB0346184642
:10B4F0000837BD4680BD80B58AB002AFF860B9603C
:10B500003B601346FB80FB68D3F88830202B7BD14F
:10B51000BB68002B02D0FB88002B01D1012374E013
:10B52000FB680022C3F89020FB682122C3F8882022
:10B53000F8F7E0FB7861FB68FA88A3F85420FB6811
:10B54000FA88A3F85620FB689B68B3F5805F08D1A2
:10B55000FB681B69002B04D10023FB61BB68BB6146
:10B5600003E0BB68FB610023BB6130E03B680093F4
:10B570007B6900228021F86801F05AFC0346002B09
:10B5800005D0FB682022C3F8882003233DE0FB6937
:10B59000002B0BD1BB691B881A46FB681B68C2F3E2
:10B5A00008029A62BB690233BB6107E0FB691A7843
:10B5B000FB681B689A62FB690133FB61FB68B3F8A7
:10B5C00056309BB2013B9AB2FB68A3F85620FB6849
:10B5D000B3F856309BB2002BC8D13B6800937B690F
:10B5E00000224021F86801F023FC0346002B05D01F
:10B5F000FB682022C3F88820032306E0FB68202292
:10B60000C3F88820002300E0022318462037BD46F7
:10B6100080BD000080B58AB000AFF860B960134605
:10B62000FB80FB68D3F88830202B67D1BB68002BE8
:10B6300002D0FB88002B01D1012360E0FB68BA68CF
:10B640001A65FB68FA88A3F85420FB68FA88A3F807
:10B650005620FB680022C3F89020FB682122C3F823
:10B660008820FB68DB6F002B28D0FB68DB6F264A45
:10B67000DA63FB68DB6F254A1A64FB68DB6F244AD8
:10B68000DA64FB68DB6F00221A65FB68D86FFB6821
:10B690001B6D1946FB681B6828331A46FB88F9F7AF
:10B6A00011F80346002B09D0FB681022C3F8902044
:10B6B000FB682022C3F88820012320E0FB681B6878
:10B6C00040221A62FB681B6808337B617B6953E880
:10B6D000003F3B613B6943F080037B62FB681B6872
:10B6E00008337A6A3A62FB61F9693A6A41E80023F1
:10B6F000BB61BB69002BE5D1002300E002231846A3
:10B700002837BD4680BD00BFA9D100083FD2000840
:10B71000C1D3000880B58AB000AFF860B9601346A5
:10B72000FB80FB68D3F88C30202B37D1BB68002B13
:10B7300002D0FB88002B01D1012330E0FB680022FE
:10B74000DA66FB681B68184A93421FD0FB681B68C7
:10B750005B6803F40003002B18D0FB681B687B6157
:10B760007B6953E8003F3B613B6943F080637B6248
:10B77000FB681B681A467B6A3B62FA61F9693A6AA0
:10B7800041E80023BB61BB69002BE6D1FB881A4668
:10B79000B968F86801F0BAFB034600E002231846D6
:10B7A0002837BD4680BD00BF000C005880B590B062
:10B7B00000AF78607B68D3F88830FB637B68D3F890
:10B7C0008C30BB637B681B689B6803F08003802B15
:10B7D00039D1FB6B212B36D17B681B6808333B6268
:10B7E0003B6A53E8003FFB61FB6923F080037B6306
:10B7F0007B681B6808337A6BFA62BB62B96AFA6AC3
:10B8000041E800237B627B6A002BE5D17B68DB6F1C
:10B81000002B15D07B68DB6F1846F9F7BDF903469E
:10B82000002B0DD07B68DB6F1846FAF743FE03460A
:10B83000202B05D17B681022C3F89020032347E01A
:10B84000786801F009FC7B681B689B6803F0400383
:10B85000402B3CD1BB6B222B39D17B681B68083352
:10B86000FB60FB6853E8003FBB60BB6823F040030C
:10B870003B637B681B6808333A6BBA617B6179690B
:10B88000BA6941E800233B613B69002BE5D17B6845
:10B89000D3F88030002B17D07B68D3F8803018465F
:10B8A000F9F77AF90346002B0ED07B68D3F8803085
:10B8B0001846FAF7FFFD0346202B05D17B681022BE
:10B8C000C3F89020032303E0786801F007FC00230D
:10B8D00018464037BD4680BD80B5BAB000AF78602D
:10B8E0007B681B68DB69C7F8E4307B681B681B68F2
:10B8F000C7F8E0307B681B689B68C7F8DC30D7F876
:10B90000E42040F60F031340C7F8D830D7F8D830FA
:10B91000002B1BD1D7F8E43003F02003002B15D007
:10B92000D7F8E03003F02003002B05D1D7F8DC3046
:10B9300003F08053002B09D07B685B6F002B00F075
:10B9400077837B685B6F7868984771E3D7F8D83066
:10B95000002B00F02381D7F8DC208D4B1340002B07
:10B9600006D1D7F8E0208B4B1340002B00F0168156
:10B97000D7F8E43003F00103002B11D0D7F8E03002
:10B9800003F48073002B0BD07B681B6801221A62C2
:10B990007B68D3F8903043F001027B68C3F89020B5
:10B9A000D7F8E43003F00203002B11D0D7F8DC30D5
:10B9B00003F00103002B0BD07B681B6802221A6284
:10B9C0007B68D3F8903043F004027B68C3F8902082
:10B9D000D7F8E43003F00403002B11D0D7F8DC30A3
:10B9E00003F00103002B0BD07B681B6804221A6252
:10B9F0007B68D3F8903043F002027B68C3F8902054
:10BA0000D7F8E43003F00803002B17D0D7F8E03064
:10BA100003F02003002B05D1D7F8DC205C4B13404A
:10BA2000002B0BD07B681B6808221A627B68D3F856
:10BA3000903043F008027B68C3F89020D7F8E430D8
:10BA400003F40063002B12D0D7F8E03003F08063DA
:10BA5000002B0CD07B681B684FF400621A627B6875
:10BA6000D3F8903043F020027B68C3F890207B68C5
:10BA7000D3F89030002B00F0DD82D7F8E43003F0EB
:10BA80002003002B13D0D7F8E03003F02003002B65
:10BA900005D1D7F8DC3003F08053002B07D07B684A
:10BAA0005B6F002B03D07B685B6F786898477B687F
:10BAB000D3F89030C7F8D4307B681B689B6803F0DC
:10BAC0004003402B05D0D7F8D43003F02803002BD7
:10BAD00054D0786801F002FB7B681B689B6803F018
:10BAE0004003402B46D17B681B680833C7F89C3065
:10BAF000D7F89C3053E8003FC7F89830D7F8983013
:10BB000023F04003C7F8D0307B681B680833D7F8B0
:10BB1000D020C7F8A820C7F8A430D7F8A410D7F8C9
:10BB2000A82041E80023C7F8A030D7F8A030002BA8
:10BB3000D9D17B68D3F88030002B17D07B68D3F83D
:10BB40008030154A1A657B68D3F880301846F9F7BB
:10BB500041FB0346002B19D07B68D3F880301B6D66
:10BB60007A68D2F88020104698470FE0786800F095
:10BB700095FA0BE0786800F091FA07E0786800F039
:10BB80008DFA7B680022C3F8902053E200BF51E297
:10BB9000010000102001000441D400087B68DB6E26
:10BBA000012B40F0E781D7F8E43003F01003002BBD
:10BBB00000F0E081D7F8E03003F01003002B00F034
:10BBC000D9817B681B6810221A627B681B689B689E
:10BBD00003F04003402B40F051817B68D3F8803064
:10BBE0001B68964A934268D07B68D3F880301B6804
:10BBF000934A934261D07B68D3F880301B68914AA6
:10BC000093425AD07B68D3F880301B688E4A9342A7
:10BC100053D07B68D3F880301B688C4A93424CD059
:10BC20007B68D3F880301B68894A934245D07B6893
:10BC3000D3F880301B68874A93423ED07B68D3F8A4
:10BC400080301B68844A934237D07B68D3F88030B9
:10BC50001B68824A934230D07B68D3F880301B68DF
:10BC60007F4A934229D07B68D3F880301B687D4A95
:10BC7000934222D07B68D3F880301B687A4A934283
:10BC80001BD07B68D3F880301B68784A934214D06D
:10BC90007B68D3F880301B68754A93420DD07B686F
:10BCA000D3F880301B68734A934206D07B68D3F880
:10BCB00080301B68704A934206D17B68D3F880308D
:10BCC0001B685B689BB205E07B68D3F880301B681B
:10BCD0005B689BB2A7F8BE30B7F8BE30002B00F00F
:10BCE000AB817B68B3F85C30B7F8BE209A4280F035
:10BCF000A3817B68B7F8BE20A3F85E207B68D3F8E9
:10BD00008030DB69B3F5807F00F087807B681B683B
:10BD1000C7F88830D7F8883053E8003FC7F8843038
:10BD2000D7F8843023F48073C7F8B8307B681B6879
:10BD30001A46D7F8B830C7F89430C7F89020D7F82B
:10BD40009010D7F8942041E80023C7F88C30D7F83A
:10BD50008C30002BDAD17B681B6808337B677B6FE4
:10BD600053E8003F3B673B6F23F00103C7F8B43053
:10BD70007B681B680833D7F8B420C7F88020FB67BE
:10BD8000F96FD7F8802041E80023BB67BB6F002B19
:10BD9000E1D17B681B6808333B663B6E53E8003F8C
:10BDA000FB65FB6D23F04003C7F8B0307B681B6870
:10BDB0000833D7F8B020FA66BB66B96EFA6E41E870
:10BDC00000237B667B6E002BE3D17B682022C3F8C7
:10BDD0008C207B680022DA667B681B68FB64FB6C46
:10BDE00053E8003FBB64BB6C23F01003C7F8AC30D2
:10BDF0007B681B681A46D7F8AC30BB657A65796DED
:10BE0000BA6D41E800233B653B6D002BE4D17B68B4
:10BE1000D3F880301846F8F7BFFE7B6802221A6715
:10BE20007B68B3F85C207B68B3F85E309BB2D31AB2
:10BE30009BB21946786800F03BF9FDE01000024023
:10BE400028000240400002405800024070000240BA
:10BE500088000240A0000240B800024010040240E6
:10BE6000280402404004024058040240700402408A
:10BE700088040240A0040240B80402407B68B3F882
:10BE80005C207B68B3F85E309BB2D31AA7F8CE3043
:10BE90007B68B3F85E309BB2002B00F0CF80B7F820
:10BEA000CE30002B00F0CA807B681B68BB63BB6B85
:10BEB00053E8003F7B637B6B23F49073C7F8C83073
:10BEC0007B681B681A46D7F8C8307B643A64396CC3
:10BED0007A6C41E80023FB63FB6B002BE4D17B68A9
:10BEE0001B6808337B627B6A53E8003F3B623A6A17
:10BEF000554B1340C7F8C4307B681B680833D7F82C
:10BF0000C4203A63FB62F96A3A6B41E80023BB62E2
:10BF1000BB6A002BE3D17B682022C3F88C207B68AE
:10BF20000022DA667B6800225A677B681B683B61E7
:10BF30003B6953E8003FFB60FB6823F01003C7F840
:10BF4000C0307B681B681A46D7F8C030FB61BA6105
:10BF5000B969FA6941E800237B617B69002BE4D170
:10BF60007B6802221A67B7F8CE301946786800F06D
:10BF70009FF863E0D7F8E43003F48013002B0ED071
:10BF8000D7F8DC3003F48003002B08D07B681B68F3
:10BF90004FF480121A62786801F093FA51E0D7F8F2
:10BFA000E43003F08003002B14D0D7F8E03003F026
:10BFB0008003002B05D1D7F8DC3003F40003002BFD
:10BFC00008D07B689B6F002B3AD07B689B6F7868AA
:10BFD000984735E0D7F8E43003F04003002B09D050
:10BFE000D7F8E03003F04003002B03D0786801F06D
:10BFF0003DFA26E0D7F8E43003F40003002B09D023
:10C00000D7F8E03003F08043002B03D0786801F0CC
:10C010006CFA16E0D7F8E43003F08073002B10D0F0
:10C02000D7F8E030002B0CDA786801F054FA08E019
:10C0300000BF06E000BF04E000BF02E000BF00E078
:10C0400000BFE837BD4680BDFEFFFFEF80B483B080
:10C0500000AF786000BF0C37BD465DF8047B7047C9
:10C0600080B483B000AF786000BF0C37BD465DF888
:10C07000047B704780B483B000AF786000BF0C379A
:10C08000BD465DF8047B704780B483B000AF786034
:10C0900000BF0C37BD465DF8047B704780B483B0A9
:10C0A00000AF786000BF0C37BD465DF8047B704779
:10C0B00080B483B000AF78600B467B8000BF0C3744
:10C0C000BD465DF8047B70472DE9B04F92B000AFDC
:10C0D0007861002387F842307B699A687B691B6925
:10C0E0001A437B695B691A437B69DB6913437B6491
:10C0F0007B691B681A68BE4B13407A691268796CB9
:10C100000B4313607B691B685B6823F440517B69B8
:10C11000DA687B691B680A435A607B699B697B64A8
:10C120007B691B68B34A934204D07B691B6A7A6CB3
:10C1300013437B647B691B689A68AF4B13407A6931
:10C140001268796C0B4393607B691B68DB6A23F090
:10C150000F017B695A6A7B691B680A43DA627B6953
:10C160001B68A64A934277D1A54B5B6D03F0380359
:10C17000282B6DD801A252F823F000BF21C200087D
:10C1800051C2000851C2000851C2000851C2000843
:10C1900051C2000851C2000851C2000829C200085B
:10C1A00051C2000851C2000851C2000851C2000823
:10C1B00051C2000851C2000851C2000831C2000833
:10C1C00051C2000851C2000851C2000851C2000803
:10C1D00051C2000851C2000851C2000839C200080B
:10C1E00051C2000851C2000851C2000851C20008E3
:10C1F00051C2000851C2000851C2000841C20008E3
:10C2000051C2000851C2000851C2000851C20008C2
:10C2100051C2000851C2000851C2000849C20008BA
:10C22000012387F8433022E2042387F843301EE2DB
:10C23000082387F843301AE2102387F8433016E2C8
:10C24000202387F8433012E2402387F843300EE280
:10C25000802387F843300AE27B691B68694A93426E
:10C2600030D1674B5B6D03F00703052B26D801A285
:10C2700052F823F08DC2000895C200089DC2000844
:10C28000A5C20008ADC20008B5C20008002387F8A7
:10C290004330ECE1042387F84330E8E1082387F8D2
:10C2A0004330E4E1102387F84330E0E1202387F8AE
:10C2B0004330DCE1402387F84330D8E1802387F81E
:10C2C0004330D4E17B691B684F4A934230D14C4BD9
:10C2D0005B6D03F00703052B26D801A252F823F06B
:10C2E000F9C2000801C3000809C3000811C300080F
:10C2F00019C3000821C30008002387F84330B6E1C2
:10C30000042387F84330B2E1082387F84330AEE1D5
:10C31000102387F84330AAE1202387F84330A6E1B1
:10C32000402387F84330A2E1802387F843309EE121
:10C330007B691B68354A934230D1314B5B6D03F00A
:10C340000703052B26D801A252F823F065C3000885
:10C350006DC3000875C300087DC3000885C30008CD
:10C360008DC30008002387F8433080E1042387F859
:10C3700043307CE1082387F8433078E1102387F8C5
:10C38000433074E1202387F8433070E1402387F87D
:10C3900043306CE1802387F8433068E17B691B6898
:10C3A0001B4A934242D1164B5B6D03F00703052BEA
:10C3B00038D801A252F823F0D1C30008D9C300082D
:10C3C000E1C30008E9C3000815C400081DC4000843
:10C3D000002387F843304AE1042387F8433046E1DD
:10C3E000082387F8433042E1102387F843303EE1C9
:10C3F000F369FFCF000C0058FFF4FF11001001405B
:10C40000004402580044004000480040004C0040F6
:10C4100000500040202387F8433028E1402387F86C
:10C42000433024E1802387F8433020E17B691B6897
:10C43000CB4A934276D1CB4B5B6D03F03803282B6C
:10C440006CD801A252F823F0EDC400081DC5000805
:10C450001DC500081DC500081DC500081DC5000834
:10C460001DC500081DC50008F5C400081DC500084D
:10C470001DC500081DC500081DC500081DC5000814
:10C480001DC500081DC50008FDC400081DC5000825
:10C490001DC500081DC500081DC500081DC50008F4
:10C4A0001DC500081DC5000805C500081DC50008FC
:10C4B0001DC500081DC500081DC500081DC50008D4
:10C4C0001DC500081DC500080DC500081DC50008D4
:10C4D0001DC500081DC500081DC500081DC50008B4
:10C4E0001DC500081DC5000815C50008012387F8F3
:10C4F0004330BCE0042387F84330B8E0082387F8D2
:10C500004330B4E0102387F84330B0E0202387F8AD
:10C510004330ACE0402387F84330A8E0802387F81D
:10C520004330A4E07B691B688F4A934230D18D4B26
:10C530005B6D03F00703052B26D801A252F823F008
:10C5400059C5000861C5000869C5000871C5000823
:10C5500079C5000881C50008002387F8433086E0CC
:10C56000042387F8433082E0082387F843307EE0D5
:10C57000102387F843307AE0202387F8433076E0B1
:10C58000402387F8433072E0802387F843306EE021
:10C590007B691B68754A934230D1724B5B6D03F027
:10C5A0000703052B26D801A252F823F0C5C50008C1
:10C5B000CDC50008D5C50008DDC50008E5C50008E3
:10C5C000EDC50008002387F8433050E0042387F8C6
:10C5D00043304CE0082387F8433048E0102387F8C5
:10C5E000433044E0202387F8433040E0402387F87D
:10C5F00043303CE0802387F8433038E07B691B6898
:10C600005B4A934230D1574B9B6D03F00703052BD8
:10C6100026D801A252F823F031C6000839C6000816
:10C6200041C6000849C6000851C6000859C600089E
:10C63000022387F843301AE0042387F8433016E0DA
:10C64000082387F8433012E0102387F843300EE0C8
:10C65000202387F843300AE0402387F8433006E080
:10C66000802387F8433002E0802387F843307B69DA
:10C670001B683F4A934240F0F88097F84330202BE4
:10C6800046DC022BC0F28280023B1E2B7ED801A228
:10C6900052F823F017C700088DC700081FC700080D
:10C6A0008DC700088DC700088DC700082FC7000878
:10C6B0008DC700088DC700088DC700088DC700080A
:10C6C0008DC700088DC700088DC700083FC7000848
:10C6D0008DC700088DC700088DC700088DC70008EA
:10C6E0008DC700088DC700088DC700088DC70008DA
:10C6F0008DC700088DC700088DC700088DC70008CA
:10C700008DC700088DC700088DC700087FC70008C7
:10C71000402B37D03AE0FCF711FFF8633CE007F11B
:10C7200024031846FCF720FFBB6AFB6334E007F1E3
:10C7300018031846FDF76CF8FB69FB632CE0094B06
:10C740001B6803F02003002B16D0064B1B68DB0888
:10C7500003F00303074A22FA03F3FB631CE000BF64
:10C76000001401400044025800780040007C004062
:10C77000000C00580090D0039D4BFB630CE09D4BD8
:10C78000FB6309E04FF40043FB6305E00023FB6318
:10C79000012387F8423000BFFB6B002B00F0DE81E5
:10C7A0007B695B6A944A32F813301A46FB6BB3FB21
:10C7B000F2F33B637B695A6813465B0013443A6BA0
:10C7C0009A4205D37B695B681B033A6B9A4203D993
:10C7D000012387F84230C1E1FB6B0022BB60FA60A5
:10C7E0007B695B6A844A32F813309BB200223B605B
:10C7F0007A60D7E90023D7E90201F3F7E5FF0246A3
:10C800000B46104619464FF000024FF000030B0292
:10C8100043EA1063020279694968490800200C461E
:10C82000054612EB040843EB05097B695B680022AF
:10C830009A46934652465B4640464946F3F7C4FF44
:10C8400002460B461346BB63BB6BB3F5407F08D370
:10C85000BB6BB3F5801F04D27B691B68BA6BDA60CF
:10C860007CE1012387F8423078E17B69DB69B3F52D
:10C87000004F40F0C58097F84330202B48DC002B58
:10C880007BDB202B79D801A252F823F017C90008CE
:10C890001FC900087BC900087BC9000827C9000818
:10C8A0007BC900087BC900087BC9000837C900089C
:10C8B0007BC900087BC900087BC900087BC9000848
:10C8C0007BC900087BC900087BC9000847C900086C
:10C8D0007BC900087BC900087BC900087BC9000828
:10C8E0007BC900087BC900087BC900087BC9000818
:10C8F0007BC900087BC900087BC900087BC9000808
:10C900007BC900087BC900087BC900086DC9000805
:10C91000402B2ED031E0FBF799FBF86333E0FBF7B7
:10C92000ABFBF8632FE007F124031846FCF71CFE6D
:10C93000BB6AFB6327E007F118031846FCF768FFA2
:10C94000FB69FB631FE02D4B1B6803F02003002BEA
:10C9500009D02A4B1B68DB0803F00303244A22FAA0
:10C9600003F3FB630FE0224BFB630CE0214BFB6303
:10C9700009E04FF40043FB6305E00023FB63012360
:10C9800087F8423000BFFB6B002B00F0E7807B692B
:10C990005B6A194A32F813301A46FB6BB3FBF2F3A9
:10C9A0005A007B695B685B081A447B695B68B2FB71
:10C9B000F3F3BB63BB6B0F2B16D9BB6BB3F5803F97
:10C9C00012D2BB6B9BB223F00F03FB86BB6B5B08E1
:10C9D0009BB203F007039AB2FB8E1343FB867B697D
:10C9E0001B68FA8EDA60B9E0012387F84230B5E0BF
:10C9F0000090D00300093D00B83D020800440258F1
:10CA000097F84330202B49DC002B7CDB202B7AD895
:10CA100001A252F823F000BFA3CA0008ABCA000865
:10CA200007CB000807CB0008B3CA000807CB0008F3
:10CA300007CB000807CB0008C3CA000807CB0008D3
:10CA400007CB000807CB000807CB000807CB00087E
:10CA500007CB000807CB0008D3CA000807CB0008A3
:10CA600007CB000807CB000807CB000807CB00085E
:10CA700007CB000807CB000807CB000807CB00084E
:10CA800007CB000807CB000807CB000807CB00083E
:10CA900007CB000807CB0008F9CA0008402B2ED0AE
:10CAA00031E0FBF7D3FAF86333E0FBF7E5FAF8631C
:10CAB0002FE007F124031846FCF756FDBB6AFB6321
:10CAC00027E007F118031846FCF7A2FEFB69FB6399
:10CAD0001FE02D4B1B6803F02003002B09D02A4BCD
:10CAE0001B68DB0803F00303284A22FA03F3FB6305
:10CAF0000FE0264BFB630CE0254BFB6309E04FF492
:10CB00000043FB6305E00023FB63012387F8423009
:10CB100000BFFB6B002B21D07B695B6A1D4A32F89A
:10CB200013301A46FB6BB3FBF2F27B695B685B0860
:10CB30001A447B695B68B2FBF3F3BB63BB6B0F2BDF
:10CB400009D9BB6BB3F5803F05D2BB6B9AB27B6949
:10CB50001B68DA6002E0012387F842307B6901221A
:10CB6000A3F86A207B690122A3F868207B69002270
:10CB70005A677B6900229A6797F84230184648370F
:10CB8000BD46BDE8B08F00BF004402580090D003FE
:10CB900000093D00B83D020880B483B000AF786062
:10CBA0007B689B6A03F00803002B0AD07B681B6834
:10CBB0005B6823F400417B689A6B7B681B680A43BF
:10CBC0005A607B689B6A03F00103002B0AD07B68E4
:10CBD0001B685B6823F400317B68DA6A7B681B683A
:10CBE0000A435A607B689B6A03F00203002B0AD059
:10CBF0007B681B685B6823F480317B681A6B7B68F9
:10CC00001B680A435A607B689B6A03F00403002B8D
:10CC10000AD07B681B685B6823F480217B685A6BB1
:10CC20007B681B680A435A607B689B6A03F01003A9
:10CC3000002B0AD07B681B689B6823F480517B68BB
:10CC4000DA6B7B681B680A439A607B689B6A03F017
:10CC50002003002B0AD07B681B689B6823F40051DB
:10CC60007B681A6C7B681B680A439A607B689B6AC6
:10CC700003F04003002B1AD07B681B685B6823F429
:10CC800080117B685A6C7B681B680A435A607B681A
:10CC90005B6CB3F5801F0AD17B681B685B6823F46B
:10CCA000C0017B689A6C7B681B680A435A607B688A
:10CCB0009B6A03F08003002B0AD07B681B685B68CB
:10CCC00023F400217B68DA6C7B681B680A435A6096
:10CCD00000BF0C37BD465DF8047B704780B598B047
:10CCE00002AF78607B680022C3F89020F7F702F863
:10CCF00078657B681B681B6803F00803082B2FD13D
:10CD00006FF07E4300937B6D00224FF40011786832
:10CD100000F08EF80346002B22D07B681B68BB63B3
:10CD2000BB6B53E8003F7B637B6B23F080033B6569
:10CD30007B681B681A463B6D7B643A64396C7A6C7D
:10CD400041E80023FB63FB6B002BE6D17B682022CC
:10CD5000C3F888207B68002283F88420032363E0E3
:10CD60007B681B681B6803F00403042B49D16FF038
:10CD70007E4300937B6D00224FF48001786800F0C1
:10CD800057F80346002B3CD07B681B687B627B6AAC
:10CD900053E8003F3B623B6A23F49073FB647B687B
:10CDA0001B681A46FB6C3B63FA62F96A3A6B41E80E
:10CDB0000023BB62BB6A002BE6D17B681B6808338B
:10CDC0003B613B6953E8003FFB60FB6823F00103D4
:10CDD000BB647B681B680833BA6CFA61BB61B969D4
:10CDE000FA6941E800237B617B69002BE5D17B6810
:10CDF0002022C3F88C207B68002283F88420032340
:10CE000012E07B682022C3F888207B682022C3F8C8
:10CE10008C207B680022DA667B6800221A677B68B8
:10CE2000002283F88420002318465837BD4680BD71
:10CE300080B584B000AFF860B9603B601346FB7109
:10CE40004FE0BB69B3F1FF3F4BD0F6F753FF02460B
:10CE50003B68D31ABA699A4202D3BB69002B01D14D
:10CE600003234EE0FB681B681B6803F00403002BE0
:10CE700037D0BB68802B34D0BB68402B31D0FB68E7
:10CE80001B68DB6903F00803082B10D1FB681B68E3
:10CE900008221A62F86800F021F9FB680822C3F83A
:10CEA0009020FB68002283F88420012329E0FB689E
:10CEB0001B68DB6903F40063B3F5006F11D1FB68F5
:10CEC0001B684FF400621A62F86800F007F9FB680B
:10CED0002022C3F89020FB68002283F884200323DB
:10CEE0000FE0FB681B68DA69BB681340BA689A42B6
:10CEF0000CBF01230023DBB21A46FB799A42A0D073
:10CF0000002318461037BD4680BD000080B596B09E
:10CF100000AFF860B9601346FB80FB68BA689A6599
:10CF2000FB68FA88A3F85C20FB680022C3F8902015
:10CF3000FB682222C3F88C20FB68D3F88030002BDA
:10CF40002DD0FB68D3F88030404ADA63FB68D3F811
:10CF500080303F4A1A64FB68D3F880303D4ADA6477
:10CF6000FB68D3F8803000221A65FB68D3F8800094
:10CF7000FB681B6824331946FB689B6D1A46FB88C7
:10CF8000F7F7A0FB0346002B09D0FB681022C3F87B
:10CF90009020FB682022C3F88C20012351E0FB681D
:10CFA0001B69002B18D0FB681B68FB63FB6B53E805
:10CFB000003FBB63BB6B43F480737B65FB681B68FE
:10CFC0001A467B6DBB647A64796CBA6C41E80023C5
:10CFD0003B643B6C002BE6D1FB681B680833BB62EB
:10CFE000BB6A53E8003F7B627B6A43F001033B6509
:10CFF000FB681B6808333A6D7A633B63396B7A6B65
:10D0000041E80023FB62FB6A002BE5D1FB681B684B
:10D0100008337B617B6953E8003F3B613B6943F028
:10D020004003FB64FB681B680833FA6C3A62FB61DF
:10D03000F9693A6A41E80023BB61BB69002BE5D17D
:10D04000002318465837BD4680BD00BF5BD200089C
:10D0500083D30008C1D3000880B48FB000AF7860DC
:10D060007B681B683B623B6A53E8003FFB61FB69DE
:10D0700023F0C0037B637B681B681A467B6BFB62F3
:10D08000BA62B96AFA6A41E800237B627B6A002BC4
:10D09000E6D17B681B680833FB60FB6853E8003F00
:10D0A000BB60BB6823F400033B637B681B680833E9
:10D0B0003A6BBA617B617969BA6941E800233B61E7
:10D0C0003B69002BE5D17B682022C3F8882000BF94
:10D0D0003C37BD465DF8047B7047000080B495B0D6
:10D0E00000AF78607B681B687B637B6B53E8003F15
:10D0F0003B633B6B23F49073FB647B681B681A46AD
:10D10000FB6C3B64FA63F96B3A6C41E80023BB6348
:10D11000BB6B002BE6D17B681B6808333B623B6A24
:10D1200053E8003FFB61FA691E4B1340BB647B6808
:10D130001B680833BA6CFA62BB62B96AFA6A41E8E2
:10D1400000237B627B6A002BE5D17B68DB6E012BC1
:10D1500018D17B681B68FB60FB6853E8003FBB602D
:10D16000BB6823F010037B647B681B681A467B6CEA
:10D17000BB617A617969BA6941E800233B613B6927
:10D18000002BE6D17B682022C3F88C207B6800222C
:10D19000DA667B6800225A6700BF5437BD465DF8E7
:10D1A000047B7047FEFFFFEF80B590B000AF786062
:10D1B0007B689B6BFB637B68DB69B3F5807F37D053
:10D1C000FB6B0022A3F85620FB6B1B6808337B62C5
:10D1D0007B6A53E8003F3B623B6A23F08003BB63FA
:10D1E000FB6B1B680833BA6B3A63FB62F96A3A6BF4
:10D1F00041E80023BB62BB6A002BE5D1FB6B1B68D7
:10D200003B613B6953E8003FFB60FB6843F0400330
:10D210007B63FB6B1B681A467B6BFB61BA61B96968
:10D22000FA6941E800237B617B69002BE6D102E0CB
:10D23000F86BFEF70BFF00BF4037BD4680BD80B5E1
:10D2400084B000AF78607B689B6BFB60F868FEF78A
:10D2500007FF00BF1037BD4680BD80B59CB000AF52
:10D2600078607B689B6BFB667B68DB69B3F5807FCE
:10D2700071D0FB6E0022A3F85E20FB6E1B68FB647E
:10D28000FB6C53E8003FBB64BB6C23F48073BB664C
:10D29000FB6E1B681A46BB6EBB657A65796DBA6D0D
:10D2A00041E800233B653B6D002BE6D1FB6E1B681C
:10D2B0000833BB63BB6B53E8003F7B637B6B23F09E
:10D2C00001037B66FB6E1B6808337A6E7A643B64ED
:10D2D000396C7A6C41E80023FB63FB6B002BE5D1D2
:10D2E000FB6E1B6808337B627B6A53E8003F3B623E
:10D2F0003B6A23F040033B66FB6E1B6808333A6EC3
:10D300003A63FB62F96A3A6B41E80023BB62BB6A8D
:10D31000002BE5D1FB6E2022C3F88C20FB6EDB6E68
:10D32000012B18D1FB6E1B683B613B6953E8003F42
:10D33000FB60FB6823F01003FB65FB6E1B681A465D
:10D34000FB6DFB61BA61B969FA6941E800237B6151
:10D350007B69002BE6D1FB6E00221A67FB6EDB6E49
:10D36000012B07D1FB6EB3F85C301946F86EFEF75F
:10D370009FFE02E0F86EFEF77DFE00BF7037BD46EF
:10D3800080BD80B584B000AF78607B689B6BFB602C
:10D39000FB6801221A67FB68DB6E012B09D1FB6871
:10D3A000B3F85C305B089BB21946F868FEF780FE64
:10D3B00002E0F868FEF768FE00BF1037BD4680BD8A
:10D3C00080B586B000AF78607B689B6B7B617B69C2
:10D3D000D3F888303B617B69D3F88C30FB607B6984
:10D3E0001B689B6803F08003802B09D13B69212BCC
:10D3F00006D17B690022A3F856207869FFF72CFE3E
:10D400007B691B689B6803F04003402B09D1FB68D4
:10D41000222B06D17B690022A3F85E207869FFF7F2
:10D420005DFE7B69D3F8903043F010027B69C3F84E
:10D4300090207869FEF732FE00BF1837BD4680BDE8
:10D4400080B584B000AF78607B689B6BFB60FB6845
:10D450000022A3F85E20FB680022A3F85620F8689B
:10D46000FEF71CFE00BF1037BD4680BD80B588B0FA
:10D4700000AF78607B681B68FB60FB6853E8003F87
:10D48000BB60BB6823F04003FB617B681B681A46E6
:10D49000FB69BB617A617969BA6941E800233B6144
:10D4A0003B69002BE6D17B682022C3F888207B688B
:10D4B00000229A677868FEF7C9FD00BF2037BD4695
:10D4C00080BD80B483B000AF786000BF0C37BD462C
:10D4D0005DF8047B704780B483B000AF786000BF14
:10D4E0000C37BD465DF8047B704780B483B000AF55
:10D4F000786000BF0C37BD465DF8047B704780B490
:10D5000085B000AF78607B6893F88430012B01D13F
:10D51000022327E07B68012283F884207B68242291
:10D52000C3F888207B681B681B68FB607B681B68EE
:10D530001A687B681B6822F001021A60FB6823F0FE
:10D540000053FB607B6800225A667B681B68FA68A0
:10D550001A607B682022C3F888207B68002283F849
:10D560008420002318461437BD465DF8047B7047BD
:10D5700080B584B000AF786039607B6893F8843000
:10D58000012B01D102232DE07B68012283F8842046
:10D590007B682422C3F888207B681B681B68FB60BB
:10D5A0007B681B681A687B681B6822F001021A609E
:10D5B0007B681B689B6823F060417B681B683A6846
:10D5C0000A439A60786800F04FF87B681B68FA6835
:10D5D0001A607B682022C3F888207B68002283F8C9
:10D5E0008420002318461037BD4680BD80B584B026
:10D5F00000AF786039607B6893F88430012B01D1EB
:10D6000002232DE07B68012283F884207B6824229A
:10D61000C3F888207B681B681B68FB607B681B68FD
:10D620001A687B681B6822F001021A607B681B681D
:10D630009B6823F060617B681B683A680A439A60C4
:10D64000786800F011F87B681B68FA681A607B68DC
:10D650002022C3F888207B68002283F884200023DE
:10D6600018461037BD4680BD80B485B000AF7860E5
:10D670007B685B6E002B08D17B680122A3F86A20CF
:10D680007B680122A3F8682031E01023FB7310238C
:10D69000BB737B681B689B685B0EDBB203F0070300
:10D6A0007B737B681B689B685B0FDBB203F007032F
:10D6B0003B73BB7B3A7B11498A5C02FB03F33A7BE9
:10D6C0000F498A5C93FBF2F39AB27B68A3F86A2055
:10D6D000FB7B7A7B09498A5C02FB03F37A7B08496E
:10D6E0008A5C93FBF2F39AB27B68A3F8682000BFD0
:10D6F0001437BD465DF8047B704700BFD03D02087B
:10D70000D83D020880B58AB000AF78600023FB6185
:10D7100002F01CFC5A4B1B68002B01D100F086F96B
:10D72000584B1A687B681340002B40F090807B6850
:10D73000002B1ED008227B6813447B607B6803F0BB
:10D740000703002B15D07B6823F0070308337B60A9
:10D750007B6803F00703002B0BD04FF0500383F3DB
:10D760001188BFF36F8FBFF34F8F7B6100BF00BF86
:10D77000FDE77B68002B6AD0434B1B687A689A42AE
:10D7800065D8424B3B62414B1B687B6204E07B6A7D
:10D790003B627B6A1B687B627B6A5B687A689A4241
:10D7A00003D97B6A1B68002BF1D1354B1B687A6A61
:10D7B0009A424CD03B6A1B6808221344FB617B6A87
:10D7C0001A683B6A1A607B6A5A687B68D21A082317
:10D7D0005B009A4220D97A6A7B681344BB61BB69BB
:10D7E00003F00703002B0BD04FF0500383F3118895
:10D7F000BFF36F8FBFF34F8F3B6100BF00BFFDE7EB
:10D800007B6A5A687B68D21ABB695A607B6A7A68FD
:10D810005A60B86900F06CF91B4B1A687B6A5B6848
:10D82000D31A194A1360184B1A68194B1B689A428D
:10D8300003D2154B1B68164A13607B6A5A68114B5A
:10D840001B681A437B6A5A607B6A00221A6002F0E6
:10D850008BFBFB6903F00703002B0BD04FF0500349
:10D8600083F31188BFF36F8FBFF34F8FFB6000BF4F
:10D8700000BFFDE7FB6918462837BD4680BD00BFE5
:10D8800028D7002434D700242CD7002420D7002404
:10D8900030D7002480B586B000AF78607B687B61AC
:10D8A0007B68002B4AD008235B427A6913447B6172
:10D8B0007B693B613B695A68224B1B681340002B14
:10D8C0000BD14FF0500383F31188BFF36F8FBFF379
:10D8D0004F8FFB6000BF00BFFDE73B691B68002B5B
:10D8E0000BD04FF0500383F31188BFF36F8FBFF35A
:10D8F0004F8FBB6000BF00BFFDE73B695A68114B0B
:10D900001B681340002B19D03B691B68002B15D1F5
:10D910003B695A680B4B1B68DB431A403B695A60F2
:10D9200002F014FB3B695A68074B1B681344064A14
:10D930001360386900F0DCF802F016FB00BF1837FE
:10D94000BD4680BD34D700242CD7002480B487B0D6
:10D9500000AF78607B687B6108235B427A6913447F
:10D960007B617B693B613B695A68064B1B68DB4303
:10D970001340FB60FB6818461C37BD465DF8047B0E
:10D98000704700BF34D7002480B584B000AF786002
:10D99000396002F0DBFA3868FFF7B4FEB860BB68A4
:10D9A000002B17D07B68002B14D07868FFF7CEFFD0
:10D9B000034608229B1AFB603A68FB689A4201D230
:10D9C0003B68FB60FA687968B86813F0BCFB78685C
:10D9D000FFF760FF02F0C8FABB6818461037BD4673
:10D9E00080BD80B586B000AF7860396002F0AEFAD5
:10D9F0003B687A6802FB03F37B617869FFF782FE7C
:10DA0000F860FB683B6104E03B695A1C3A61002204
:10DA10001A707B695A1E7A61002BF5D102F0A4FAC4
:10DA2000FB6818461837BD4680BD000080B485B03D
:10DA300000AF4CF25033BB60274BFB60FB6803F038
:10DA40000703002B0CD0FB680733FB60FB6823F057
:10DA50000703FB60BA68FB68D31A1F4A1344BB6014
:10DA6000FB687B601D4A7B6813601C4B00225A6078
:10DA70007B68BA681344FB600822FB689B1AFB6052
:10DA8000FB6823F00703FB60FB68154A1360144B27
:10DA90001B6800225A60124B1B6800221A607B68C8
:10DAA0003B603B68FA68D21A3B685A600C4B1A68B4
:10DAB0003B681A603B685B680A4A13603B685B68B6
:10DAC000094A1360094B4FF000421A6000BF143737
:10DAD000BD465DF8047B7047D013002420D7002496
:10DAE00028D7002430D700242CD7002434D7002492
:10DAF00080B485B000AF7860284BFB6002E0FB6823
:10DB00001B68FB60FB681B687A689A42F7D8FB6861
:10DB1000BB60FB685B68BA6813447A689A4208D1B4
:10DB2000FB685A687B685B681A44FB685A60FB684C
:10DB30007B607B68BB607B685B68BA681A44FB6883
:10DB40001B689A4218D1FB681A68154B1B689A42E9
:10DB50000DD07B685A68FB681B685B681A447B6859
:10DB60005A60FB681B681A687B681A6008E00C4BF7
:10DB70001A687B681A6003E0FB681A687B681A60A1
:10DB8000FA687B689A4202D0FB687A681A6000BF24
:10DB90001437BD465DF8047B704700BF20D70024D2
:10DBA00028D7002480B584B000AF78607B68D3F8B4
:10DBB0008C32FB604FF400620449F868FDF7AAFD5F
:10DBC000012318461037BD4680BD00BF38D700245A
:10DBD00080B584B000AF78607B68D3F88C32FB608E
:10DBE000F868FDF7E3FD012318461037BD4680BDF8
:10DBF00080B586B000AFF860B9607A603B60FB68C2
:10DC0000D3F88C327B617B69D3F88830202B18D114
:10DC10007B689BB21A46B9687869FDF7FBFC03463E
:10DC2000FB7400BFFB7C002B04D17B69D3F88830E8
:10DC3000202BF7D1FB7C002B01D17B6802E0002375
:10DC400000E0002318461837BD4680BD80B588B077
:10DC500000AFF860B9607A603B60FB68D3F88C3243
:10DC60007B610023FB610023BB6172B600BF7B694F
:10DC7000D3F880301B68594A934268D07B69D3F847
:10DC800080301B68564A934261D07B69D3F880305C
:10DC90001B68544A93425AD07B69D3F880301B6882
:10DCA000514A934253D07B69D3F880301B684F4A66
:10DCB00093424CD07B69D3F880301B684C4A934226
:10DCC00045D07B69D3F880301B684A4A93423ED0E6
:10DCD0007B69D3F880301B68474A934237D07B6911
:10DCE000D3F880301B68454A934230D07B69D3F823
:10DCF00080301B68424A934229D07B69D3F8803038
:10DD00001B68404A934222D07B69D3F880301B685D
:10DD10003D4A93421BD07B69D3F880301B683B4A55
:10DD2000934214D07B69D3F880301B68384A934201
:10DD30000DD07B69D3F880301B68364A934206D0F9
:10DD40007B69D3F880301B68334A934207D17B69E3
:10DD5000D3F880301B685B68C3F5006306E07B691D
:10DD6000D3F880301B685B68C3F500632B4A1360EF
:10DD700062B600BFFB690133FB61012000F090FF38
:10DD8000274B1A68254B1B689A4217D1FA693B68E2
:10DD90009A42FFF66AAF11E0214B1A68B968BB6975
:10DDA0000B4420498A5C1A701D4B1B680133C3F376
:10DDB0000A031B4A1360BB690133BB61184B1A6825
:10DDC000164B1B689A4203D0BA697B689A42E3D328
:10DDD000BB6918462037BD4680BD00BF1000024019
:10DDE00028000240400002405800024070000240FB
:10DDF00088000240A0000240B80002401004024027
:10DE000028040240400402405804024070040240CA
:10DE100088040240A0040240B80402403CDF002411
:10DE200038DF002438D7002480B582B000AF786096
:10DE300039600C4B1B681A467B6813441A46094B21
:10DE40001A60094B1B681A467B6813441A46064B36
:10DE50001A607868FFF756FC034618460837BD4637
:10DE600080BD00BF40DF002444DF002480B582B0C5
:10DE700000AF786039607B68002B0CD07868FFF7C2
:10DE800065FD0346064A1268D31A1A46044B1A6007
:10DE90007868FFF7FFFC00BF0837BD4680BD00BFB4
:10DEA00044DF002480B584B000AFF860B9607A60C8
:10DEB000154B1B681A46BB6813441A46124B1A606E
:10DEC000124B1B681A46BB6813441A460F4B1A6064
:10DED000FB68002B04D1B868FFF714FC03460EE082
:10DEE000F868FFF733FD0346084A1268D31A1A464A
:10DEF000064B1A60B968F868FFF746FD03461846F6
:10DF00001037BD4680BD00BF40DF002444DF002441
:10DF100080B584B000AFF860B9607A60FB68BA6819
:10DF200002FB03F30C4A126813441A460A4B1A60A8
:10DF3000FB68BA6802FB03F3084A126813441A46E6
:10DF4000064B1A60B968F868FFF74BFD03461846A0
:10DF50001037BD4680BD00BF40DF002444DF0024F1
:10DF60002DE9B04386B000AFC7E902017A60002313
:10DF70007B61D7E9020120A3D3E90023F2F7D4FBA8
:10DF800002460B467968C1E90023D7E902011AA3CA
:10DF9000D3E90023F2F7C8FB7B689A607B689B6833
:10DFA000002B20DA7B689B68114A82FB0312121750
:10DFB000DB17D31A01337B617B68D3E900237969CE
:10DFC000C8170C460546B2EB040863EB05097B68ED
:10DFD000C3E900897B689A687B69064901FB03F302
:10DFE0001A447B689A6000BF1837BD46BDE8B0830D
:10DFF000A12FB84400CA9A3B00CA9A3B0000000017
:10E000002DE9B04F8EB000AF7862396207F1280277
:10E010000023136053604FF000024FF00003C7E984
:10E020000C2307F12803184602F022FABB6ADA171C
:10E03000BB61FA614FF000024FF00003B9690B00B9
:10E040000022C7E90C23FB6A00221C461546D7E9CB
:10E050000C231119B9606B41FB60D7E90234C7E9A1
:10E060000C34D7E90C0102460B464FF000044FF088
:10E0700000055D0145EAD265540122462B46B2EB0C
:10E08000000863EB01094FF000024FF000034FEA74
:10E09000492343EAD8534FEA48229046994618EB61
:10E0A000000A49EB010B4FF000024FF000034FEA6A
:10E0B0008B1343EA9A634FEA8A12B2EB0A043C607C
:10E0C00063EB0B037B60D7E9004523461B183B61DC
:10E0D0002B4641EB03037B613A6AD7E90401FFF762
:10E0E0003FFF002318463837BD46BDE8B08F80B4E7
:10E0F00083B000AF78607B68002B01D1002300E083
:10E10000012318460C37BD465DF8047B704780B488
:10E1100083B000AF78607B68002B0C37BD465DF89C
:10E12000047B704780B582B000AF78600B46FB700F
:10E130007868FFF7DCFF00BF0837BD4680BD80B5BB
:10E1400082B000AF78607868FFF7E1FF00BF083762
:10E15000BD4680BD80B400AF064B1B68002B03D1C9
:10E16000054B1B68034A1360024B1846BD465DF819
:10E17000047B7047900000246407002480B483B0BF
:10E1800000AF78607B68002B01D1002300E0012301
:10E1900018460C37BD465DF8047B704780B483B0E9
:10E1A00000AF78607B68002B0C37BD465DF8047BC0
:10E1B000704780B582B000AF78600B46FB7078681E
:10E1C000FFF7DCFF00BF0837BD4680BD80B582B0D9
:10E1D00000AF78607868FFF7E1FF00BF0837BD4601
:10E1E00080BD000080B400AF064B1B68002B03D13C
:10E1F000054B1B68034A1360024B1846BD465DF889
:10E20000047B7047500100246407002480B582B06D
:10E2100000AF78607B68002B01D100231FE07B6892
:10E220001846FFF7ABFF034683F00103DBB2002B78
:10E2300004D0786800F017F8002310E07B681833EA
:10E24000184600F013F9034683F00103DBB2002BFC
:10E2500004D0786800F007F8002300E00123184696
:10E260000837BD4680BD80B582B000AF78607B685E
:10E27000002B09D07B681846FFF790FF7B681833A6
:10E28000184600F021F900E000BF0837BD4680BD08
:10E2900080B582B000AF78600B46FB707868FFF7FE
:10E2A000B5FF00BF0837BD4680BD80B582B000AF66
:10E2B00078607868FFF7D7FF00BF0837BD4680BD9C
:10E2C00080B500AFFFF78EFF0346094AD36000F028
:10E2D0001FF90346064A9364064B1B68002B03D1C3
:10E2E000054B1B68034A1360024B184680BD00BFF4
:10E2F0005C010024D40100246407002480B582B0AE
:10E3000000AF78607B68002B01D100230FE07B68B1
:10E310001846FFF77BFF034683F00103DBB2002BB7
:10E3200004D0786800F007F8002300E001231846C5
:10E330000837BD4680BD80B582B000AF78607B688D
:10E34000002B04D07B681846FFF78DFF00E000BF6C
:10E350000837BD4680BD80B582B000AF78600B46FF
:10E36000FB707868FFF7CAFF00BF0837BD4680BD65
:10E3700080B582B000AF78607868FFF7DCFF00BF3F
:10E380000837BD4680BD80B483B000AF78602423D9
:10E3900018460C37BD465DF8047B704780B485B0E5
:10E3A00000AF786039607B68FB603B68DB00FA682F
:10E3B000134418461437BD465DF8047B704780B49B
:10E3C00085B000AF786039607B68FB603B68DB003C
:10E3D000FA68134418461437BD465DF8047B70474D
:10E3E00080B586B000AFF860B9607A60B968F86847
:10E3F000FFF7D4FF78617B683B617B69D3E9002339
:10E400003969C1E9002300BF1837BD4680BD80B51A
:10E4100086B000AFF860B9607A60B968F868FFF755
:10E42000CEFF78617B683B613B69D3E90023796962
:10E43000C1E9002300BF1837BD4680BD80B500AFDD
:10E44000FFF73EFF0346064AD360064B1B68002BCE
:10E4500003D1054B1B68034A1360024B184680BD6D
:10E46000E0010024580200246407002480B483B033
:10E4700000AF78607B68002B01D100231BE0796836
:10E480004FF000024FF00003C1E9002379684FF01C
:10E4900000024FF00003C1E9022379684FF0000247
:10E4A0004FF00003C1E9042379684FF00002054BE7
:10E4B000C1E90623012318460C37BD465DF8047BED
:10E4C000704700BF0000F03F80B483B000AF7860B9
:10E4D0007B68002B0C37BD465DF8047B704780B528
:10E4E00082B000AF78600B46FB707868FFF7BEFF24
:10E4F00000BF0837BD4680BD80B582B000AF7860F0
:10E500007868FFF7E1FF00BF0837BD4680BD000017
:10E5100080B400AF064B1B68002B03D1054B1B6872
:10E52000034A1360024B1846BD465DF8047B7047F2
:10E53000540300246407002480B582B000AF7860E3
:10E540007B68002B01D100231FE07B68184600F098
:10E5500023F9034683F00103DBB2002B04D0786873
:10E5600000F017F8002310E07B681833184600F01D
:10E5700013F9034683F00103DBB2002B04D0786863
:10E5800000F007F8002300E0012318460837BD46D5
:10E5900080BD80B582B000AF78607B68002B09D069
:10E5A0007B68184600F008F97B681833184600F0BD
:10E5B00003F900E000BF0837BD4680BD80B582B0DA
:10E5C00000AF78600B46FB707868FFF7B5FF00BFBF
:10E5D0000837BD4680BD80B582B000AF78607868EE
:10E5E000FFF7D7FF00BF0837BD4680BD80B500AF3D
:10E5F00000F006F90346094AD36000F001F903462A
:10E60000064A9364064B1B68002B03D1054B1B681D
:10E61000034A1360024B184680BD00BF600300240C
:10E62000D80300246407002480B582B000AF78606E
:10E630007B68002B01D100230FE07B681846FFF7B1
:10E640007BFF034683F00103DBB2002B04D0786824
:10E6500000F007F8002300E0012318460837BD4604
:10E6600080BD80B582B000AF78607B68002B04D09D
:10E670007B681846FFF78DFF00E000BF0837BD46F6
:10E6800080BD80B582B000AF78600B46FB707868C3
:10E69000FFF7CAFF00BF0837BD4680BD80B582B016
:10E6A00000AF78607868FFF7DCFF00BF0837BD4631
:10E6B00080BD80B483B000AF7860242318460C3747
:10E6C000BD465DF8047B704780B485B000AF7860CC
:10E6D00039607B68FB603B68DB00FA6813441846CE
:10E6E0001437BD465DF8047B704780B485B000AF39
:10E6F000786039607B68FB603B68DB00FA68134434
:10E7000018461437BD465DF8047B704780B586B067
:10E7100000AFF860B9607A60B968F868FFF7D4FFB5
:10E7200078617B683B617B69D3E900233969C1E982
:10E73000002300BF1837BD4680BD80B586B000AF4E
:10E74000F860B9607A60B968F868FFF7CEFF786161
:10E750007B683B613B69D3E900237969C1E9002308
:10E7600000BF1837BD4680BD80B500AFFFF73EFF44
:10E770000346064AD360064B1B68002B03D1054BAA
:10E780001B68034A1360024B184680BDE403002453
:10E790005C0400246407002480B483B000AF786078
:10E7A0007B68002B01D1002300E0012318460C37C1
:10E7B000BD465DF8047B704780B483B000AF7860DD
:10E7C0007B68002B0C37BD465DF8047B704780B535
:10E7D00082B000AF78600B46FB707868FFF7DCFF13
:10E7E00000BF0837BD4680BD80B582B000AF7860FD
:10E7F0007868FFF7E1FF00BF0837BD4680BD000025
:10E8000080B400AF064B1B68002B03D1054B1B687F
:10E81000034A1360024B1846BD465DF8047B7047FF
:10E820001C0500246407002480B582B000AF786026
:10E830007B68002B01D1002340E07B68184600F084
:10E840009DF8034683F00103DBB2002B04D0786807
:10E8500000F038F8002331E07B68143318460AF0E2
:10E8600063FD034683F00103DBB2002B04D078681C
:10E8700000F028F8002321E07B6820331846FFF7DA
:10E880003DFD034683F00103DBB2002B04D0786822
:10E8900000F018F8002311E07B6803F5BC731846FC
:10E8A000FFF7C2FE034683F00103DBB2002B04D066
:10E8B000786800F007F8002300E0012318460837C5
:10E8C000BD4680BD80B582B000AF78607B68002B0C
:10E8D00014D07B68184600F07EF87B681433184625
:10E8E0000AF038FD7B6820331846FFF724FD7B686B
:10E8F00003F5BC731846FFF7B4FE00E000BF08370D
:10E90000BD4680BD80B582B000AF78600B46FB701D
:10E910007868FFF789FF00BF0837BD4680BD80B526
:10E9200082B000AF78607868FFF7CCFF00BF08378F
:10E93000BD4680BD80B500AF00F07AF803460C4AB2
:10E94000D360FFF77BFD0346094AC2F88430FFF726
:10E950000BFF0346064AC2F8C030064B1B68002B6B
:10E9600003D1054B1B68034A1360024B184680BD58
:10E9700028050024180600246407002480B582B00E
:10E9800000AF78607B68002B01D100231FE07B681B
:10E990001846FFF7ACFB034683F00103DBB2002B04
:10E9A00004D0786800F017F8002310E07B68083383
:10E9B00018460AF0B9FC034683F00103DBB2002BD2
:10E9C00004D0786800F007F8002300E0012318461F
:10E9D0000837BD4680BD80B582B000AF78607B68E7
:10E9E000002B09D07B681846FFF791FB7B68083342
:10E9F00018460AF0AFFC00E000BF0837BD4680BDF6
:10EA000080B582B000AF78600B46FB707868FFF786
:10EA1000B5FF00BF0837BD4680BD80B582B000AFEE
:10EA200078607868FFF7D7FF00BF0837BD4680BD24
:10EA300080B500AFFFF78EFB0346064AD360064B56
:10EA40001B68002B03D1054B1B68034A1360024B64
:10EA5000184680BD240600249C0600246407002478
:10EA600080B483B000AF03463960FB80B7F906304D
:10EA7000002B0ADB3B68DAB20C49B7F90630120109
:10EA8000D2B20B4483F800230AE03B68DAB20849AB
:10EA9000FB8803F00F03043B1201D2B20B441A7639
:10EAA00000BF0C37BD465DF8047B704700E100E015
:10EAB00000ED00E080B500AF054B1B6801F062FE81
:10EAC0000346012B01D002F057FC00BF80BD00BF00
:10EAD00010E000E080B500AF00216FF00400FFF708
:10EAE000BFFF00BF80BD000080B483B000AFEFF374
:10EAF00005833B603B68002B03D06FF005037B6010
:10EB00000CE00A4B1B68002B05D1084B01221A6050
:10EB100000237B6002E04FF0FF337B607B68184688
:10EB20000C37BD465DF8047B704700BF48DF00240A
:10EB300080B582B000AFEFF305833B603B68002BEC
:10EB400003D06FF005037B6010E00B4B1B68012BBB
:10EB500009D1FFF7BFFF084B02221A6001F086F9C6
:10EB600000237B6002E04FF0FF337B607B68184638
:10EB70000837BD4680BD00BF48DF002480B58EB099
:10EB800004AFF860B9607A6000233B61EFF305835E
:10EB90007B617B69002B7ED1FB68002B7BD08023BF
:10EBA0003B621823FB6100237B624FF0FF33BB61A4
:10EBB0007B68002B45D07B681B68002B02D07B68EC
:10EBC0001B687B627B689B69002B02D07B689B691A
:10EBD000FB61FB69002B08D0FB69382B05D87B68EB
:10EBE0005B6803F00103002B01D0002354E07B6835
:10EBF0005B69002B03D07B685B699B083B627B6889
:10EC00009B68002B0ED07B68DB68A72B0AD97B683A
:10EC10001B69002B06D07B685B69002B02D00123A7
:10EC2000BB6110E07B689B68002B0CD17B68DB68C4
:10EC3000002B08D17B681B69002B04D10023BB612A
:10EC400001E00023BB61BB69012B10D17B681B690C
:10EC50007A68926802920193FB690093BB683A6AF2
:10EC6000796AF86800F01AFE03463B6113E0BB695D
:10EC7000002B10D13B6A9AB207F110030193FB6994
:10EC80000093BB68796AF86800F068FE0346012BC0
:10EC900001D000233B613B6918462837BD4680BD43
:10ECA00080B584B000AF7860EFF30583BB60BB68CC
:10ECB000002B03D06FF00503FB6007E00023FB602F
:10ECC0007B68002B02D0786801F09AF8FB68184640
:10ECD0001037BD4680BD000080B485B000AFF8603D
:10ECE000B9607A60FB68074A1A60BB68064A1A6016
:10ECF0007B6880221A6000BF1437BD465DF8047B34
:10ED0000704700BF4CDF0024F4DF002480B485B0DE
:10ED100000AFF860B9607A60FB68074A1A60BB68A8
:10ED2000064A1A607B684FF480721A6000BF14377D
:10ED3000BD465DF8047B7047F4E100249CE20024AA
:10ED400080B483B000AF78607B6803F108027B6811
:10ED50005A607B684FF0FF329A607B6803F10802CB
:10ED60007B68DA607B6803F108027B681A617B6864
:10ED700000221A6000BF0C37BD465DF8047B704767
:10ED800080B483B000AF78607B6800221A6100BF56
:10ED90000C37BD465DF8047B704780B485B000AF8A
:10EDA000786039607B685B68FB603B68FA685A6032
:10EDB000FB689A683B689A60FB689B683A685A608F
:10EDC000FB683A689A603B687A681A617B681B68DE
:10EDD0005A1C7B681A6000BF1437BD465DF8047B7F
:10EDE000704780B485B000AF786039603B681B68BD
:10EDF000BB60BB68B3F1FF3F03D17B681B69FB605D
:10EE00000CE07B680833FB6002E0FB685B68FB603A
:10EE1000FB685B681B68BA689A42F6D2FB685A685E
:10EE20003B685A603B685B683A689A603B68FA687E
:10EE30009A60FB683A685A603B687A681A617B6836
:10EE40001B685A1C7B681A6000BF1437BD465DF80A
:10EE5000047B704780B485B000AF78607B681B6925
:10EE6000FB607B685B687A6892689A607B689B68E5
:10EE70007A6852685A60FB685B687A689A4203D184
:10EE80007B689A68FB685A607B6800221A61FB689D
:10EE90001B685A1EFB681A60FB681B68184614370B
:10EEA000BD465DF8047B704780B584B000AF7860E4
:10EEB00039607B68FB60FB68002B0BD14FF050037F
:10EEC00083F31188BFF36F8FBFF34F8FBB6000BF19
:10EED00000BFFDE702F0C0F9FB681A68FB68DB6B56
:10EEE000F968096C01FB03F31A44FB689A60FB683C
:10EEF00000229A63FB681A68FB685A60FB681A680C
:10EF0000FB68DB6B013BF968096C01FB03F31A44F6
:10EF1000FB68DA60FB68FF2283F84420FB68FF226D
:10EF200083F845203B68002B14D1FB681B69002B3C
:10EF30001AD0FB681033184601F036FA0346002B4E
:10EF400012D00D4B4FF080521A60BFF34F8FBFF3BA
:10EF50006F8F09E0FB6810331846FFF7F1FEFB687E
:10EF600024331846FFF7ECFE02F0A8F901231846F7
:10EF70001037BD4680BD00BF04ED00E080B58EB007
:10EF800002AFF860B9607A603B60FB68002B0BD180
:10EF90004FF0500383F31188BFF36F8FBFF34F8F90
:10EFA000BB6200BF00BFFDE73B68002B0BD14FF0F9
:10EFB000500383F31188BFF36F8FBFF34F8F7B62D2
:10EFC00000BF00BFFDE77B68002B02D0BB68002BB1
:10EFD00001D0012300E00023002B0BD14FF05003A0
:10EFE00083F31188BFF36F8FBFF34F8F3B6200BF76
:10EFF00000BFFDE77B68002B02D1BB68002B01D16D
:10F00000012300E00023002B0BD14FF0500383F3CA
:10F010001188BFF36F8FBFF34F8FFB6100BF00BF3D
:10F02000FDE750237B617B69502B0BD04FF05003E1
:10F0300083F31188BFF36F8FBFF34F8FBB6100BFA6
:10F0400000BFFDE77B693B68FB62FB6A002B0DD0CC
:10F05000FB6A012283F8462097F83820FB6A009368
:10F0600013467A68B968F86800F005F8FB6A184634
:10F070003037BD4680BD80B584B000AFF860B96060
:10F080007A60FB70BB68002B03D1BB69BA691A6058
:10F0900002E0BB697A681A60BB69FA68DA63BB6927
:10F0A000BA681A640121B869FFF7FEFEBB69FA78F5
:10F0B00083F84C2000BF1037BD4680BD80B58EB0B0
:10F0C00000AFF860B9607A603B6000237B63FB6847
:10F0D0003B633B6B002B0BD14FF0500383F3118844
:10F0E000BFF36F8FBFF34F8FBB6200BF00BFFDE761
:10F0F000BB68002B03D13B6B1B6C002B01D10123A0
:10F1000000E00023002B0BD14FF0500383F3118854
:10F11000BFF36F8FBFF34F8F7B6200BF00BFFDE770
:10F120003B68022B03D13B6BDB6B012B01D101232D
:10F1300000E00023002B0BD14FF0500383F3118824
:10F14000BFF36F8FBFF34F8F3B6200BF00BFFDE780
:10F1500001F018FB0346002B02D17B68002B01D184
:10F16000012300E00023002B0BD14FF0500383F369
:10F170001188BFF36F8FBFF34F8FFB6100BF00BFDC
:10F18000FDE702F069F83B6B9A6B3B6BDB6B9A42D5
:10F1900002D33B68022B29D13A68B968386B00F07A
:10F1A0000FFAF8623B6B5B6A002B10D03B6B243389
:10F1B000184601F0F9F80346002B13D03F4B4FF0EF
:10F1C00080521A60BFF34F8FBFF36F8F0AE0FB6A64
:10F1D000002B07D0394B4FF080521A60BFF34F8F8E
:10F1E000BFF36F8F02F06AF8012363E07B68002BA6
:10F1F00003D102F063F800235CE07B6B002B06D1A7
:10F2000007F11403184601F05BF901237B6302F058
:10F2100055F800F09BFE02F01FF83B6B93F844306A
:10F220005BB2B3F1FF3F03D13B6B002283F8442074
:10F230003B6B93F845305BB2B3F1FF3F03D13B6BBF
:10F24000002283F8452002F039F83A1D07F1140333
:10F250001146184601F04AF90346002B24D1386BB9
:10F2600000F0A6FA0346002B18D03B6B10337A68E7
:10F270001146184601F046F8386B00F031FA00F0FC
:10F2800073FE0346002B7FF47CAF0C4B4FF0805293
:10F290001A60BFF34F8FBFF36F8F72E7386B00F0C8
:10F2A0001FFA00F061FE6CE7386B00F019FA00F00D
:10F2B0005BFE002318463837BD4680BD04ED00E0F4
:10F2C00080B590B000AFF860B9607A603B60FB68D1
:10F2D000BB63BB6B002B0BD14FF0500383F3118842
:10F2E000BFF36F8FBFF34F8FBB6200BF00BFFDE75F
:10F2F000BB68002B03D1BB6B1B6C002B01D101231E
:10F3000000E00023002B0BD14FF0500383F3118852
:10F31000BFF36F8FBFF34F8F7B6200BF00BFFDE76E
:10F320003B68022B03D1BB6BDB6B012B01D10123AB
:10F3300000E00023002B0BD14FF0500383F3118822
:10F34000BFF36F8FBFF34F8F3B6200BF00BFFDE77E
:10F3500002F062F8EFF311824FF0500383F311884B
:10F36000BFF36F8FBFF34F8FFA61BB61FB697B63A4
:10F37000BB6B9A6BBB6BDB6B9A4202D33B68022B75
:10F380002FD1BB6B93F8453087F83330BB6B9B6B49
:10F39000FB623A68B968B86B00F012F997F933303C
:10F3A000B3F1FF3F12D1BB6B5B6A002B16D0BB6B76
:10F3B0002433184600F0F8FF0346002B0ED07B687C
:10F3C000002B0BD07B6801221A6007E097F83330DE
:10F3D0000133DBB25AB2BB6B83F845200123FB63D8
:10F3E00001E00023FB637B6B7B617B6983F3118806
:10F3F00000BFFB6B18464037BD4680BD80B58CB062
:10F4000000AFF860B9607A600023FB62FB68BB6202
:10F41000BB6A002B0BD14FF0500383F31188BFF36D
:10F420006F8FBFF34F8F3B6200BF00BFFDE7BB682C
:10F43000002B03D1BB6A1B6C002B01D1012300E020
:10F440000023002B0BD14FF0500383F31188BFF33F
:10F450006F8FBFF34F8FFB6100BF00BFFDE701F06F
:10F4600091F90346002B02D17B68002B01D10123C7
:10F4700000E00023002B0BD14FF0500383F31188E1
:10F48000BFF36F8FBFF34F8FBB6100BF00BFFDE7BE
:10F4900001F0E2FEBB6A9B6B7B627B6A002B1FD094
:10F4A000B968B86A00F0F6F87B6A5A1EBB6A9A63BC
:10F4B000BB6A1B69002B0FD0BB6A1033184600F0E3
:10F4C00073FF0346002B07D03C4B4FF080521A606D
:10F4D000BFF34F8FBFF36F8F01F0F0FE012369E0A0
:10F4E0007B68002B03D101F0E9FE002362E0FB6A98
:10F4F000002B06D107F11003184600F0E1FF0123AD
:10F50000FB6201F0DBFE00F021FD01F0A5FEBB6A0D
:10F5100093F844305BB2B3F1FF3F03D1BB6A0022E2
:10F5200083F84420BB6A93F845305BB2B3F1FF3FE8
:10F5300003D1BB6A002283F8452001F0BFFE3A1DCB
:10F5400007F110031146184600F0D0FF0346002BC8
:10F5500023D1B86A00F016F90346002B17D0BB6A16
:10F5600024337A681146184600F0CCFEB86A00F0E1
:10F57000B7F800F0F9FC0346002B89D10F4B4FF090
:10F5800080521A60BFF34F8FBFF36F8F80E7B86A66
:10F5900000F0A6F800F0E8FC7AE7B86A00F0A0F8FE
:10F5A00000F0E2FCB86A00F0EDF80346002B3FF4EF
:10F5B0006FAF002318463037BD4680BD04ED00E034
:10F5C00080B586B000AFF860B9607A6000237B61D7
:10F5D000FB689B6B3B61FB681B6C002B0DD1FB68D0
:10F5E0001B68002B4DD1FB689B68184601F0E8F8BA
:10F5F0007861FB6800229A6043E07B68002B19D198
:10F60000FB685868FB681B6C1A46B96811F09BFDD3
:10F61000FB685A68FB681B6C1A44FB685A60FB68FD
:10F620005A68FB689B689A422BD3FB681A68FB6890
:10F630005A6026E0FB68D868FB681B6C1A46B968FC
:10F6400011F081FDFB68DA68FB681B6C5B421A44B1
:10F65000FB68DA60FB68DA68FB681B689A4207D2CD
:10F66000FB689A68FB681B6C5B421A44FB68DA60B3
:10F670007B68022B05D13B69002B02D03B69013B23
:10F680003B613B695A1CFB689A637B6918461837D3
:10F69000BD4680BD80B582B000AF786039607B68C0
:10F6A0001B6C002B18D07B68DA687B681B6C1A44D3
:10F6B0007B68DA607B68DA687B689B689A4203D370
:10F6C0007B681A687B68DA607B68D9687B681B6C2A
:10F6D0001A46386811F037FD00BF0837BD4680BDB7
:10F6E00080B584B000AF786001F0B6FD7B6893F818
:10F6F0004530FB7311E07B685B6A002B12D07B689E
:10F700002433184600F050FE0346002B01D000F0D1
:10F7100051FFFB7B013BDBB2FB7397F90F30002BF2
:10F72000E9DC00E000BF7B68FF2283F8452001F0A0
:10F73000C5FD01F091FD7B6893F84430BB7311E087
:10F740007B681B69002B12D07B681033184600F0D1
:10F750002BFE0346002B01D000F02CFFBB7B013BAE
:10F76000DBB2BB7397F90E30002BE9DC00E000BF81
:10F770007B68FF2283F8442001F0A0FD00BF103712
:10F78000BD4680BD80B584B000AF786001F064FDF7
:10F790007B689B6B002B02D10123FB6001E00023FF
:10F7A000FB6001F08BFDFB6818461037BD4680BD3D
:10F7B00080B584B000AF786001F04EFD7B689A6B35
:10F7C0007B68DB6B9A4202D10123FB6001E00023DE
:10F7D000FB6001F073FDFB6818461037BD4680BD25
:10F7E00080B485B000AF786039600023FB6014E01E
:10F7F0000F4AFB6852F83330002B0BD10C49FB68E1
:10F800003A6841F833200A4AFB68DB0013447A68FF
:10F810005A6006E0FB680133FB60FB68072BE7D901
:10F8200000BF00BF1437BD465DF8047B704700BFC2
:10F830009CE6002480B586B000AFF860B9607A60BD
:10F84000FB687B6101F008FD7B6993F844305BB293
:10F85000B3F1FF3F03D17B69002283F844207B6929
:10F8600093F845305BB2B3F1FF3F03D17B690022CF
:10F8700083F8452001F022FD7B699B6B002B06D1AC
:10F880007B6924337A68B968184600F061FD7869AD
:10F89000FFF726FF00BF1837BD4680BD80B58EB08C
:10F8A00004AFF860B9607A603B607B6B002B0BD1D2
:10F8B0004FF0500383F31188BFF36F8FBFF34F8F67
:10F8C0003B6200BF00BFFDE7BB6B002B0BD14FF0CD
:10F8D000500383F31188BFF36F8FBFF34F8FFB612A
:10F8E00000BF00BFFDE7A8233B613B69A82B0BD0FD
:10F8F0004FF0500383F31188BFF36F8FBFF34F8F27
:10F90000BB6100BF00BFFDE73B69BB6B002B1ED096
:10F910007B6B002B1BD0BB6B7B627B6A7A6B1A63A1
:10F920007B6A022283F8A520002303937B6A02935B
:10F9300007F1140301933B6B00933B687A68B96845
:10F94000F86800F051F8786A00F0F6F801E000235A
:10F950007B617B6918462837BD4680BD80B58CB079
:10F9600004AFF860B9603B601346FB80FB889B00E6
:10F97000184601F093FD78617B69002B0ED0A8201A
:10F9800001F08CFDF861FB69002B03D0FB697A69FB
:10F990001A6305E0786901F04FFE01E00023FB6186
:10F9A000FB69002B17D0FB69002283F8A520FA8899
:10F9B00000230393FB690293FB6A0193BB6A0093E4
:10F9C0003B68B968F86800F00FF8F86900F0B4F81F
:10F9D0000123BB6102E04FF0FF33BB61BB691846F6
:10F9E0002037BD4680BD000080B588B000AFF8600C
:10F9F000B9607A603B603B6B186B7B689B001A4672
:10FA0000A52111F07DFA3B6B1A6B79686FF04043CA
:10FA10000B449B001344BB61BB6923F00703BB612C
:10FA2000BB6903F00703002B0BD04FF0500383F3A7
:10FA30001188BFF36F8FBFF34F8F7B6100BF00BF93
:10FA4000FDE7BB68002B1FD00023FB6112E0BA6802
:10FA5000FB69134419783A6BFB69134434330A4643
:10FA60001A70BA68FB6913441B78002B06D0FB6937
:10FA70000133FB61FB690F2BE9D900E000BF3B6B51
:10FA8000002283F8432003E03B6B002283F83420FC
:10FA9000BB6A372B01D93723BB623B6BBA6ADA6288
:10FAA0003B6BBA6ADA643B6B00221A653B6B04332A
:10FAB0001846FFF765F93B6B18331846FFF760F9F6
:10FAC0003B6B3A6B1A61BB6AC3F138023B6B9A61BC
:10FAD0003B6B3A6B5A623B6B0022C3F8A0203B6B36
:10FAE000002283F8A4203B6B54334C22002118469B
:10FAF00011F006FA3B6B0D4A9A653B6B0C4ADA65CE
:10FB00003B6B0C4A1A663A68F968B86901F076FAF4
:10FB100002463B6B1A60FB6A002B02D0FB6A3A6B11
:10FB20001A6000BF2037BD4680BD00BFA009022477
:10FB3000080A0224700A022480B582B000AF7860FF
:10FB400001F08AFB2D4B1B6801332C4A13602C4BB0
:10FB50001B68002B09D12A4A7B681360274B1B685E
:10FB6000012B10D100F04AFD0DE0264B1B68002B45
:10FB700009D1234B1B68DA6A7B68DB6A9A4202D898
:10FB80001F4A7B681360204B1B6801331E4A1360B9
:10FB90001D4B1A687B685A647B68DA6A1B4B1B68CA
:10FBA0009A4203D97B68DB6A184A13607B68DA6A79
:10FBB00013469B0013449B00154A1A447B68043388
:10FBC00019461046FFF7E9F801F078FB0D4B1B686A
:10FBD000002B0ED00A4B1B68DA6A7B68DB6A9A42FC
:10FBE00007D20C4B4FF080521A60BFF34F8FBFF318
:10FBF0006F8F00BF0837BD4680BD00BFB0EB00244B
:10FC0000DCE60024BCEB0024CCEB0024B8EB0024A1
:10FC1000E0E6002404ED00E080B584B000AF786039
:10FC200001F01AFB7B68002B02D12D4B1B6800E012
:10FC30007B68FB60FB6804331846FFF70BF9FB6831
:10FC40009B6A002B04D0FB6818331846FFF702F9B3
:10FC5000244B1B680133234A1360214B1B68FA684D
:10FC60009A420BD1FB68043319461F48FFF795F8F9
:10FC70001E4B1B6801331D4A136009E01C4B1B68B7
:10FC8000013B1B4A1360F86800F026FD00F05AFDA6
:10FC900001F014FB174B1B68002B1CD0104B1B688A
:10FCA000FA689A4217D1144B1B68002B0BD04FF007
:10FCB000500383F31188BFF36F8FBFF34F8FBB6087
:10FCC00000BF00BFFDE70D4B4FF080521A60BFF33D
:10FCD0004F8FBFF36F8F00BF1037BD4680BD00BF91
:10FCE000DCE60024CCEB002484EB002498EB002419
:10FCF000B0EB0024BCEB0024D8EB002404ED00E0C2
:10FD000080B58AB000AF7860396000237B627B6881
:10FD1000002B0BD14FF0500383F31188BFF36F8F8B
:10FD2000BFF34F8F7B6100BF00BFFDE73B68002B37
:10FD30000BD14FF0500383F31188BFF36F8FBFF3E4
:10FD40004F8F3B6100BF00BFFDE72A4B1B68002BB4
:10FD50000BD04FF0500383F31188BFF36F8FBFF3C5
:10FD60004F8FFB6000BF00BFFDE700F0EFF8224BB4
:10FD70001B683B627B681B683A681344FB617B68C5
:10FD80001B683A6A9A420BD27B681B68FA699A42EE
:10FD900011D2FA693B6A9A420DD901237B620AE0CB
:10FDA0007B681B68FA699A4203D3FA693B6A9A42F4
:10FDB00001D901237B627B68FA691A607B6A002B98
:10FDC00006D0FA693B6AD31A0021184600F068FD94
:10FDD00000F0CAF8B861BB69002B07D1074B4FF0A0
:10FDE00080521A60BFF34F8FBFF36F8F00BF283769
:10FDF000BD4680BDD8EB0024B4EB002404ED00E048
:10FE000080B584B000AF78600023FB607B68002B76
:10FE100018D0144B1B68002B0BD04FF0500383F30A
:10FE20001188BFF36F8FBFF34F8FBB6000BF00BF60
:10FE3000FDE700F08BF80021786800F031FD00F05C
:10FE400093F8F860FB68002B07D1074B4FF0805206
:10FE50001A60BFF34F8FBFF36F8F00BF1037BD46DF
:10FE600080BD00BFD8EB002404ED00E080B58AB06F
:10FE700004AF0023BB6000237B603A46391D07F1C5
:10FE800008031846FEF728FF39687B68BA680292B3
:10FE900001930023009300230A4624492448FFF7D6
:10FEA000FDFC0346234A1360224B1B68002B02D043
:10FEB00001237B6101E000237B617B69012B02D17F
:10FEC00000F042FD78617B69012B1BD14FF050039C
:10FED00083F31188BFF36F8FBFF34F8F3B6100BF78
:10FEE000154B1B685433154A1360154B4FF0FF3206
:10FEF0001A60144B01221A60134B00221A6001F0A1
:10FF000007F90FE07B69B3F1FF3F0BD14FF05003CE
:10FF100083F31188BFF36F8FBFF34F8FFB6000BF78
:10FF200000BFFDE700BF1837BD4680BD003D020899
:10FF3000CD050108D4EB0024DCE600248C08002465
:10FF4000D0EB0024BCEB0024B4EB002480B400AF61
:10FF5000044B1B680133034A136000BFBD465DF8C4
:10FF6000047B7047D8EB002480B584B000AF002339
:10FF7000FB600023BB60424B1B68002B0BD14FF092
:10FF8000500383F31188BFF36F8FBFF34F8F3B6034
:10FF900000BF00BFFDE701F05FF9394B1B68013B73
:10FFA000374A1360364B1B68002B62D1354B1B68F8
:10FFB000002B5ED02FE0344BDB68DB68FB60FB6816
:10FFC00018331846FEF746FFFB6804331846FEF761
:10FFD00041FFFB68DA6A2D4B1B689A4203D9FB6824
:10FFE000DB6A2A4A1360FB68DA6A13469B001344F3
:10FFF0009B00274A1A44FB68043319461046FEF753
:020000040801F1
:10000000CCFEFB68DA6A234B1B68DB6A9A4202D398
:10001000214B01221A601C4B1B68002BCBD1FB68C3
:10002000002B01D000F08EFB1C4B1B687B607B68B3
:10003000002B10D000F046F80346002B02D0164BE0
:1000400001221A607B68013B7B607B68002BF1D149
:10005000124B00221A60104B1B68002B09D00123A1
:10006000BB600F4B4FF080521A60BFF34F8FBFF34E
:100070006F8F01F023F9BB6818461037BD4680BD6D
:10008000D8EB0024B0EB002470EB0024B8EB002484
:10009000E0E60024DCE60024C4EB0024C0EB0024EE
:1000A00004ED00E080B483B000AF054B1B687B60BB
:1000B0007B6818460C37BD465DF8047B704700BF6F
:1000C000B4EB002480B586B000AF00237B614F4BBA
:1000D0001B68002B40F090804D4B1B6801333B6147
:1000E0004B4A3B6913603B69002B21D1494B1B688C
:1000F0001B68002B0BD04FF0500383F31188BFF324
:100100006F8FBFF34F8F3B6000BF00BFFDE7414BD8
:100110001B68FB60404B1B683E4A13603E4AFB680D
:1001200013603E4B1B6801333C4A136000F00AFB2E
:100130003B4B1B683A699A4249D3364B1B681B6894
:10014000002B04D1364B4FF0FF321A603FE0314BA9
:100150001B68DB68DB68BB60BB685B687B603A6917
:100160007B689A4203D22E4A7B6813602FE0BB68FB
:1001700004331846FEF76EFEBB689B6A002B04D062
:10018000BB6818331846FEF765FEBB68DA6A254B74
:100190001B689A4203D9BB68DB6A224A1360BB68BA
:1001A000DA6A13469B0013449B001F4A1A44BB683B
:1001B000043319461046FEF7F0FDBB68DA6A1B4BA4
:1001C0001B68DB6A9A42B8D301237B61B5E7174B02
:1001D0001B68DA6A144913469B0013449B000B44C6
:1001E0001B68012B01D901237B61114B1B68002B7C
:1001F00007D001237B6104E00E4B1B6801330D4ADD
:1002000013607B6918461837BD4680BDD8EB0024C3
:10021000B4EB002468EB00246CEB0024C8EB002452
:10022000D0EB0024B8EB0024E0E60024DCE6002458
:10023000C4EB0024C0EB002480B485B000AF2B4B8E
:100240001B68002B03D02A4B01221A6047E0284B81
:1002500000221A60274B1B68FB6011E0FB68002B33
:100260000BD14FF0500383F31188BFF36F8FBFF3AF
:100270004F8F7B6000BF00BFFDE7FB68013BFB6069
:100280001D49FA6813469B0013449B000B441B68EE
:10029000002BE3D0FA6813469B0013449B00164AD8
:1002A0001344BB60BB685B685A68BB685A60BB6834
:1002B0005A68BB6808339A4204D1BB685B685A68C5
:1002C000BB685A60BB685B68DB680C4A1360094A0C
:1002D000FB681360094B1B685433094A136000BF65
:1002E0001437BD465DF8047B704700BFD8EB00248F
:1002F000C4EB0024B8EB0024E0E60024DCE6002494
:100300008C08002480B584B000AF786039607B68C9
:10031000002B0BD14FF0500383F31188BFF36F8F85
:10032000BFF34F8FFB6000BF00BFFDE7074B1B68AB
:10033000183319467868FEF754FD0121386800F03B
:10034000AFFA00BF1037BD4680BD00BFDCE6002419
:1003500080B586B000AFF860B9607A60FB68002BAA
:100360000BD14FF0500383F31188BFF36F8FBFF3AE
:100370004F8F7B6100BF00BFFDE70A4B1B6818333E
:100380001946F868FEF709FD7B68002B02D04FF094
:10039000FF33BB607968B86800F082FA00BF183795
:1003A000BD4680BDDCE6002480B586B000AF786035
:1003B0007B68DB68DB683B613B69002B0BD14FF04E
:1003C000500383F31188BFF36F8FBFF34F8FFB6030
:1003D00000BF00BFFDE73B6918331846FEF73AFD42
:1003E0001D4B1B68002B1DD13B6904331846FEF7DB
:1003F00031FD3B69DA6A194B1B689A4203D93B69A4
:10040000DB6A164A13603B69DA6A13469B001344A1
:100410009B00134A1A443B69043319461046FEF701
:10042000BCFC05E03B69183319460E48FEF7B5FCE5
:100430003B69DA6A0C4B1B68DB6A9A4205D90123D7
:100440007B610A4B01221A6001E000237B617B691A
:1004500018461837BD4680BDD8EB0024B8EB002401
:10046000E0E6002470EB0024DCE60024C4EB00246A
:1004700080B584B000AF78607B68002B0BD14FF063
:10048000500383F31188BFF36F8FBFF34F8FFB606F
:1004900000BF00BFFDE700F0DFFE074B1A687B6876
:1004A0001A60064B1A687B685A6000F007FF00BFAD
:1004B0001037BD4680BD00BFC8EB0024B4EB00245C
:1004C00080B483B000AF7860064B1A687B681A600E
:1004D000054B1A687B685A6000BF0C37BD465DF853
:1004E000047B7047C8EB0024B4EB002480B588B0CF
:1004F00000AF786039607B68002B0BD14FF0500360
:1005000083F31188BFF36F8FBFF34F8F3B6100BF41
:1005100000BFFDE73B68002B0BD14FF0500383F386
:100520001188BFF36F8FBFF34F8FFB6000BF00BF19
:10053000FDE700F091FE1D4B1B68BB617B685B68AB
:10054000BA69D31A7B613B681B68B3F1FF3F02D1E4
:100550000023FB6123E07B681A68154B1B689A42F5
:1005600007D07B685B68BA699A4202D30123FB61BA
:1005700015E03B681B687A699A420BD23B681A689F
:100580007B69D21A3B681A607868FFF799FF0023ED
:10059000FB6104E03B6800221A600123FB6100F06C
:1005A0008DFEFB6918462037BD4680BDB4EB0024A4
:1005B000C8EB002480B400AF034B01221A6000BFD7
:1005C000BD465DF8047B7047C4EB002480B582B063
:1005D00000AF786000F052F8064B1B68012BF9D988
:1005E000054B4FF080521A60BFF34F8FBFF36F8FF0
:1005F000F0E700BFE0E6002404ED00E080B582B043
:1006000000AF00237B600CE07A6813469B00134424
:100610009B00124A13441846FEF792FB7B68013395
:100620007B607B68372BEFD90D48FEF789FB0D48BF
:10063000FEF786FB0C48FEF783FB0C48FEF780FBB9
:100640000B48FEF77DFB0B4B054A1A600A4B054A27
:100650001A6000BF0837BD4680BD00BFE0E6002439
:1006600040EB002454EB002470EB002484EB0024C6
:100670009CEB002468EB00246CEB002480B582B076
:1006800000AF19E000F0E8FD104BDB68DB687B6031
:100690007B6804331846FEF7DDFB0D4B1B68013BFE
:1006A0000B4A13600B4B1B68013B0A4A136000F0B6
:1006B00005FE786800F010F8064B1B68002BE1D1AE
:1006C00000BF00BF0837BD4680BD00BF84EB0024DB
:1006D000B0EB002498EB002480B584B000AF7860C4
:1006E0007B685433184610F05DFC7B6893F8A530A6
:1006F000002B08D17B681B6B184600F09DFF7868C3
:1007000000F09AFF19E07B6893F8A530012B03D124
:10071000786800F091FF10E07B6893F8A530022B19
:100720000BD04FF0500383F31188BFF36F8FBFF3EB
:100730004F8FFB6000BF00BFFDE700BF1037BD4615
:1007400080BD000080B483B000AF0C4B1B681B68F9
:10075000002B04D10A4B4FF0FF321A6008E0074B20
:100760001B68DB68DB687B607B685B68044A13603E
:1007700000BF0C37BD465DF8047B704768EB002472
:10078000D0EB002480B483B000AF0B4B1B68002B70
:1007900002D101237B6008E0084B1B68002B02D1CB
:1007A00002237B6001E000237B607B6818460C37E6
:1007B000BD465DF8047B7047BCEB0024D8EB0024F9
:1007C00080B586B000AF78607B683B6100237B61B9
:1007D0007B68002B58D02F4B1B683A699A420BD08C
:1007E0004FF0500383F31188BFF36F8FBFF34F8F28
:1007F000FB6000BF00BFFDE73B691B6D002B0BD109
:100800004FF0500383F31188BFF36F8FBFF34F8F07
:10081000BB6000BF00BFFDE73B691B6D5A1E3B6913
:100820001A653B69DA6A3B69DB6C9A422CD03B69FA
:100830001B6D002B28D13B6904331846FEF70AFBD9
:100840003B69DA6C3B69DA623B69DB6AC3F1380207
:100850003B699A613B69DA6A0F4B1B689A4203D97C
:100860003B69DB6A0C4A13603B69DA6A13469B00FA
:1008700013449B00094A1A443B6904331946104645
:10088000FEF78BFA01237B617B6918461837BD465A
:1008900080BD00BFDCE60024B8EB0024E0E60024C5
:1008A00080B584B000AF78603960214B1B68FB6075
:1008B000204B1B6804331846FEF7CCFA7B68B3F173
:1008C000FF3F0AD13B68002B07D01A4B1B6804334B
:1008D00019461948FEF761FA26E0FA687B68134466
:1008E000BB60144B1B68BA685A60BA68FB689A42CE
:1008F00009D2124B1A680F4B1B6804331946104675
:10090000FEF76FFA10E00E4B1A680A4B1B680433AF
:1009100019461046FEF765FA0A4B1B68BA689A42F8
:1009200002D2084ABB68136000BF1037BD4680BDC5
:10093000B4EB0024DCE600249CEB00246CEB0024E8
:1009400068EB0024D0EB002480B58AB004AF00230C
:100950007B6100F013FB1D4B1B68002B21D0002393
:10096000FB600023BB603A1D07F1080107F10C038F
:100970001846FEF7CBF97968BB68FA6802920193D2
:100980000223009300230A4611491248FEF786FF0E
:100990000346114A1360104B1B68002B01D0012342
:1009A0007B617B69002B0BD14FF0500383F31188DF
:1009B000BFF36F8FBFF34F8F3B6100BF00BFFDE7F9
:1009C0007B6918461837BD4680BD00BF0CEC00247B
:1009D000083D0208150B010810EC002480B58AB010
:1009E00000AFF860B9607A603B6000237B62FB680F
:1009F000002B0BD14FF0500383F31188BFF36F8F9F
:100A0000BFF34F8F3B6200BF00BFFDE7194B1B6870
:100A1000002B2AD0BB683B617B687B61FB68BB61B4
:100A2000BB68052B18DCFFF7ADFE0346022B09D18E
:100A3000104B186807F1100100233A6BFEF73EFBDC
:100A4000786212E00B4B186807F1100100230022B6
:100A5000FEF734FB786208E0064B186807F11001D6
:100A600000233A68FEF72CFC78627B6A1846283728
:100A7000BD4680BD0CEC002480B588B002AF786024
:100A80003960234B1B68DB68DB687B617B6904335F
:100A90001846FEF7DFF97B6993F8283003F004036A
:100AA000002B23D07B699A697B68D1187B683A68F0
:100AB000786900F0D5F80346002B20D0002300937E
:100AC00000237A6800217869FFF788FF38613B6965
:100AD000002B14D14FF0500383F31188BFF36F8FB5
:100AE000BFF34F8FFB6000BF00BFFDE77B6993F84A
:100AF000283023F00103DAB27B6983F828207B6970
:100B00001B6A7869984700BF1837BD4680BD00BF93
:100B100004EC002480B584B000AF786007F10803CE
:100B2000184600F059F8F860BB681946F86800F0FC
:100B300005F800F0D7F800BFF0E7000080B584B0FA
:100B400000AF78603960FFF701FA07F10803184633
:100B500000F066F8F860BB68002B30D13B68002BD2
:100B60000AD17A68FB689A4206D8FFF7FDF9F9685E
:100B70007868FFF781FF24E03B68002B08D0134B17
:100B80001B681B68002B01D1012300E000233B60A0
:100B90000F4B18687A68FB68D31A3A681946FEF753
:100BA00049FEFFF7E1F90346002B0AD1094B4FF04C
:100BB00080521A60BFF34F8FBFF36F8F01E0FFF7D2
:100BC000D3F900BF1037BD4680BD00BF08EC00243C
:100BD0000CEC002404ED00E080B485B000AF786038
:100BE0000E4B1B681B68002B01D1012200E0002284
:100BF0007B681A607B681B68002B05D1074B1B685C
:100C0000DB681B68FB6001E00023FB60FB681846A3
:100C10001437BD465DF8047B704700BF04EC002428
:100C200080B584B000AF7860FFF73CFAF8600B4BFA
:100C30001B68FA689A4205D200F03AF97B680122F3
:100C40001A6002E07B6800221A60044AFB681360A5
:100C5000FB6818461037BD4680BD00BF14EC002469
:100C600080B586B000AFF860B9607A603B60002361
:100C70007B61FB68BA685A60FB68FA681A61BA68F7
:100C80007B689A4212D87A683B68D21AFB689B69E3
:100C90009A4202D301237B611BE0104B1A68FB6868
:100CA000043319461046FEF79CF812E07A683B6858
:100CB0009A4206D2BA683B689A4202D301237B610A
:100CC00007E0074B1A68FB68043319461046FEF725
:100CD00088F87B6918461837BD4680BD08EC0024AB
:100CE00004EC002480B58EB002AFCEE07B68002B10
:100CF00019DA3B1D0433FB62FB6A002B0BD14FF06A
:100D0000500383F31188BFF36F8FBFF34F8FFB61E5
:100D100000BF00BFFDE7FB6A1B68FA6A5068FA6A09
:100D20009268114698477B68002BC0F2AE80FB6842
:100D3000BB62BB6A5B69002B04D0BB6A04331846F4
:100D4000FEF788F83B461846FFF76AFF78627B6833
:100D5000092B00F2978001A252F823F0850D0108BB
:100D6000850D0108850D0108FB0D01080F0E010816
:100D70005B0E0108850D0108850D0108FB0D0108BA
:100D80000F0E0108BB6A93F8283043F00103DAB272
:100D9000BB6A83F82820BA68BB6A9B69D118BB6814
:100DA0007A6AB86AFFF75CFF0346002B6CD0BB6A17
:100DB0001B6AB86A9847BB6A93F8283003F00403AB
:100DC000002B61D0BA68BB6A9B691A440023009368
:100DD00000230021B86AFFF701FE38623B6A002B4E
:100DE00052D14FF0500383F31188BFF36F8FBFF3DD
:100DF0004F8FBB6100BF00BFFDE7BB6A93F828308F
:100E000023F00103DAB2BB6A83F828203DE0BB6A15
:100E100093F8283043F00103DAB2BB6A83F8282044
:100E2000BA68BB6A9A61BB6A9B69002B0BD14FF011
:100E3000500383F31188BFF36F8FBFF34F8F7B6134
:100E400000BF00BFFDE7BB6A9A697B6AD1187B6A65
:100E50007A6AB86AFFF704FF17E0BB6A93F8283094
:100E600003F00203002B03D1B86A00F0E5FB0CE0AD
:100E7000BB6A93F8283023F00103DAB2BB6A83F827
:100E8000282002E000BF00E000BF084B1B68391DAE
:100E900000221846FEF7B2FA0346002B7FF426AF75
:100EA00000BF00BF3037BD4680BD00BF0CEC002442
:100EB00080B588B002AF49E02E4B1B68DB681B6829
:100EC0003B612C4B1B68DB68DB68FB60FB68043311
:100ED0001846FDF7BFFFFB681B6AF8689847FB6878
:100EE00093F8283003F00403002B2FD0FB689B6994
:100EF0003A691344BB60BA683B699A420ED9FB68F1
:100F0000BA685A60FB68FA681A611A4B1A68FB687B
:100F1000043319461046FDF764FF17E000230093E1
:100F200000233A690021F868FFF758FD78607B6874
:100F3000002B0BD14FF0500383F31188BFF36F8F59
:100F4000BFF34F8F3B6000BF00BFFDE7094B1B683D
:100F50001B68002BB0D1074B1B687B61064B1B68DD
:100F6000044A1360044A7B69136000BF1837BD460A
:100F700080BD00BF04EC002408EC002480B582B0E2
:100F800002AF00F069F9154B1B68002B20D1144803
:100F9000FDF7D6FE1348FDF7D3FE134B104A1A6037
:100FA000124B104A1A6000230093114B114A102172
:100FB0000A20FDF7E3FF0346084A1360074B1B684E
:100FC000002B05D0054B1B680B491846FEF708FCA3
:100FD00000F074F900BFBD4680BD00BF0CEC0024DA
:100FE000DCEB0024F0EB002404EC002408EC0024EB
:100FF000B8EC002418EC0024103D020880B485B041
:1010000000AFF860B9607A60FB68043BFB60FB6886
:101010004FF080721A60FB68043BFB60BB6823F0F2
:101020000102FB681A60FB68043BFB600C4AFB682A
:101030001A60FB68143BFB607A68FB681A60FB6807
:10104000043BFB60FB686FF002021A60FB68203B08
:10105000FB60FB6818461437BD465DF8047B70479B
:101060006510010880B485B000AF00237B60134B8E
:101070001B68B3F1FF3F0BD04FF0500383F311888F
:10108000BFF36F8FBFF34F8FFB6000BF00BFFDE763
:101090004FF0500383F31188BFF36F8FBFF34F8F6F
:1010A000BB6000BF00BF7B68002BFCD000BF00BF4F
:1010B0001437BD465DF8047B704700BFA8060024C6
:1010C000074B19680868B0E8F04F80F30988BFF350
:1010D0006F8F4FF0000080F311887047AFF30080EE
:1010E000DCE6002400BF00BF08480068006880F309
:1010F00008884FF0000080F3148862B661B6BFF331
:101100004F8FBFF36F8F00DF00BF00BF08ED00E01F
:1011100080B586B000AF474B1B68474A93420BD15E
:101120004FF0500383F31188BFF36F8FBFF34F8FDE
:101130003B6100BF00BFFDE73E4B1B683F4A934247
:101140000BD14FF0500383F31188BFF36F8FBFF3C0
:101150004F8FFB6000BF00BFFDE7394B7B617B69B0
:101160001B78DBB27B607B69FF221A707B691B787E
:10117000DBB2FB70FB78DBB203F05003DAB2314B29
:101180001A70314B07221A6009E02F4B1B68013B94
:101190002D4A1360FB78DBB25B00DBB2FB70FB789F
:1011A000DBB203F08003802BEFD0274B1B68C3F129
:1011B0000703042B0BD04FF0500383F31188BFF3C8
:1011C0006F8FBFF34F8FBB6000BF00BFFDE71E4BAB
:1011D0001B681B021C4A13601B4B1B6803F4E06373
:1011E000194A13607B68DAB27B691A70174B1B6867
:1011F000164A43F470031360144B1B68134A43F000
:101200007043136000F0DAF8114B00221A6000F00E
:10121000F9F8104B1B680F4A43F040431360FFF787
:1012200063FFFFF709F8FFF71DFF00231846183783
:10123000BD4680BD00ED00E071C20F4170C20F419C
:1012400000E400E008ED00240CED002420ED00E0B7
:10125000A806002434EF00E080B483B000AF4FF064
:10126000500383F31188BFF36F8FBFF34F8F7B6001
:1012700000BF104B1B6801330E4A13600D4B1B68F7
:10128000012B10D10C4B1B68DBB2002B0BD04FF0A5
:10129000500383F31188BFF36F8FBFF34F8F3B6011
:1012A00000BF00BFFDE700BF0C37BD465DF8047B03
:1012B000704700BFA806002404ED00E080B483B0AE
:1012C00000AF124B1B68002B0BD14FF0500383F380
:1012D0001188BFF36F8FBFF34F8F7B6000BF00BFDC
:1012E000FDE70A4B1B68013B084A1360074B1B686C
:1012F000002B05D100233B603B6883F3118800BFBE
:1013000000BF0C37BD465DF8047B7047A80600247B
:10131000EFF30980BFF36F8F154B1A681EF0100FA3
:1013200008BF20ED108A20E9F04F10602DE9090078
:101330004FF0500080F31188BFF34F8FBFF36F8FD2
:10134000FEF77AFF4FF0000080F3118809BC19689E
:101350000868B0E8F04F1EF0100F08BFB0EC108A1C
:1013600080F30988BFF36F8F704700BFAFF3008031
:10137000DCE6002400BF00BF80B582B000AF4FF0B4
:10138000500383F31188BFF36F8FBFF34F8F7B60E0
:1013900000BFFEF797FE0346002B03D0064B4FF02D
:1013A00080521A6000233B603B6883F3118800BFC2
:1013B00000BF0837BD4680BD04ED00E080B400AF3B
:1013C0000B4B00221A600B4B00221A600A4B1B6861
:1013D0000A4AA2FB03239B09094A013B1360044B01
:1013E00007221A6000BFBD465DF8047B704700BF4E
:1013F00010E000E018E000E008000024D34D621087
:1014000014E000E0DFF80C00016841F470010160B5
:10141000704700BF88ED00E080B485B000AFEFF307
:101420000583FB60FB680F2B15D9184AFB68134432
:101430001B78FB72164B1B78FA7A9A420BD24FF04C
:10144000500383F31188BFF36F8FBFF34F8F7B601F
:1014500000BF00BFFDE70F4B1B6803F4E0620E4BBB
:101460001B689A420BD94FF0500383F31188BFF3E6
:101470006F8FBFF34F8F3B6000BF00BFFDE700BF22
:101480001437BD465DF8047B704700BFF0E300E011
:1014900008ED00240CED00E00CED002480B58AB0CE
:1014A00000AF78600023FB61FEF750FD5C4B1B68CA
:1014B000002B01D100F024F95A4B1A687B681340C5
:1014C000002B40F095807B68002B1ED008227B68A3
:1014D00013447B607B6803F00703002B15D07B6807
:1014E00023F0070308337B607B6803F00703002BBE
:1014F0000BD04FF0500383F31188BFF36F8FBFF30E
:101500004F8F7B6100BF00BFFDE77B68002B6FD072
:10151000454B1B687A689A426AD8444B3B62434BFE
:101520001B687B6204E07B6A3B627B6A1B687B62B0
:101530007B6A5B687A689A4203D97B6A1B68002BD6
:10154000F1D1374B1B687A6A9A4251D03B6A1B68CB
:1015500008221344FB617B6A1A683B6A1A607B6A43
:101560005A687B68D21A08235B009A4220D97A6AAB
:101570007B681344BB61BB6903F00703002B0BD0EE
:101580004FF0500383F31188BFF36F8FBFF34F8F7A
:101590003B6100BF00BFFDE77B6A5A687B68D21AD7
:1015A000BB695A607B6A7A685A60B86900F00AF9C8
:1015B0001D4B1A687B6A5B68D31A1B4A13601A4B6F
:1015C0001A681B4B1B689A4203D2174B1B68184AB8
:1015D00013607B6A5A68134B1B681A437B6A5A6014
:1015E0007B6A00221A60134B1B680133114A136097
:1015F000FEF7BAFCFB6903F00703002B0BD04FF09A
:10160000500383F31188BFF36F8FBFF34F8FFB60DD
:1016100000BF00BFFDE7FB6918462837BD4680BD07
:1016200068B001247CB001246CB0012460B00124B6
:1016300070B0012474B0012480B586B000AF78602A
:101640007B687B617B68002B4FD008235B427A6903
:1016500013447B617B693B613B695A68254B1B687E
:101660001340002B0BD14FF0500383F31188BFF3CD
:101670006F8FBFF34F8FFB6000BF00BFFDE73B697B
:101680001B68002B0BD04FF0500383F31188BFF37E
:101690006F8FBFF34F8FBB6000BF00BFFDE73B699B
:1016A0005A68144B1B681340002B1ED03B691B6803
:1016B000002B1AD13B695A680E4B1B68DB431A405A
:1016C0003B695A60FEF742FC3B695A680A4B1B684B
:1016D0001344094A1360386900F074F8074B1B681B
:1016E0000133064A1360FEF73FFC00BF1837BD46C2
:1016F00080BD00BF7CB001246CB0012478B001240F
:1017000080B485B000AF4CF25033BB60274BFB6018
:10171000FB6803F00703002B0CD0FB680733FB606A
:10172000FB6823F00703FB60BA68FB68D31A1F4A03
:101730001344BB60FB687B601D4A7B6813601C4BD5
:1017400000225A607B68BA681344FB600822FB6879
:101750009B1AFB60FB6823F00703FB60FB68154ADC
:101760001360144B1B6800225A60124B1B68002246
:101770001A607B683B603B68FA68D21A3B685A6023
:101780000C4B1A683B681A603B685B680A4A136036
:101790003B685B68094A1360094B4FF000421A60CE
:1017A00000BF1437BD465DF8047B704710ED002480
:1017B00060B0012468B0012470B001246CB0012431
:1017C0007CB0012480B485B000AF7860284BFB600A
:1017D00002E0FB681B68FB60FB681B687A689A4242
:1017E000F7D8FB68BB60FB685B68BA6813447A682B
:1017F0009A4208D1FB685A687B685B681A44FB68A8
:101800005A60FB687B607B68BB607B685B68BA681A
:101810001A44FB681B689A4218D1FB681A68154B7A
:101820001B689A420DD07B685A68FB681B685B682E
:101830001A447B685A60FB681B681A687B681A60E8
:1018400008E00C4B1A687B681A6003E0FB681A68B2
:101850007B681A60FA687B689A4202D0FB687A68F3
:101860001A6000BF1437BD465DF8047B704700BFA7
:1018700060B0012468B00124044B1A680AB103481F
:101880007047034A014812681A607047B406002482
:1018900060070024024A034B12681A60704700BFB9
:1018A00060070024B406002438B5044650B10D4644
:1018B00000F074F8034604F118001C46E91800F023
:1018C0006DF8204438BD00BF70B50C4699B105468F
:1018D00000F0ECF80346214628465B68DB68984731
:1018E00000F0E4F8034604F1180128465B68BDE8FF
:1018F0007040DB681847084670BD00BF10B582B065
:101900000191A0B1044600F0D1F8034601992046A8
:101910005B689B68984700F0C9F80346019904F199
:1019200018005B689B6802B0BDE81040184702B021
:1019300010BD00BF10B5044648B1002100F02EF8DC
:10194000014604F118000C4600F028F8204410BDB0
:1019500010B582B0012300210DF107008DF807308A
:1019600000F08AF804460DF10700214600F084F8E3
:10197000204402B010BD00BF012370B503700546BE
:101980000E4600F079F804462846311900F074F844
:10199000204470BD00487047C0060024B8B138B577
:1019A0000D460821284601F099FB05F1080308219E
:1019B000C5F108051C18204601F090FB08210844D9
:1019C0000444204601F08AFB2844204438BD704777
:1019D00038B50C4671B1054601F094F904F10801DF
:1019E000284601F08FF904F110012846BDE838407F
:1019F00001F088B9084638BD98B138B50D4604469F
:101A000090ED000B084600F0DBFF284694ED020B3A
:101A100000F0D6FF284694ED040BBDE8384000F0F6
:101A2000CFBF704790B10821002010B501F056FBE0
:101A300008214418204601F051FB082108440444C1
:101A4000204601F04BFB0830204410BD704700BF1A
:101A500038B50821002001F041FB0821451828462F
:101A600001F03CFB082144182C44204601F036FBD1
:101A70000830204438BD00BF70B50C460123082152
:101A800004F1080503702046C4F1080401F026FBA8
:101A900046190821304601F021FB0821451835443C
:101AA000284601F01BFB2044284470BD00487047C5
:101AB000E806002438B50D460121044601F0C2FABB
:101AC00048B1A36801211D70A26823690A446175A9
:101AD0000B44A2602361A07D80F0010038BD00BFEF
:101AE00038B50D460121044601F0ACFA60B1A26898
:101AF0000121236912F8010B0B44003818BF0120A3
:101B00002870A26023616175A07D80F0010038BD5E
:101B100038B50D460121044601F094FA48B1A36896
:101B200001211D70A26823690A4461750B44A260FB
:101B30002361A07D80F0010038BD00BF38B50D469F
:101B40000121044601F07EFA50B1A36801211B78FF
:101B50002B70A26823690A4461750B44A26023615B
:101B6000A07D80F0010038BD2DE9F0410B4682B028
:101B700004460221ADF8063001F0B8FA01462046CD
:101B8000677D01F0FBFA0221204601F04FFA78BB95
:101B9000D4E90135AB4226D95E1BA36023692046F8
:101BA000C6F1020833444146236101F04BFA002894
:101BB0003BD0237D012B4AD09DF807302B70002E9F
:101BC00040D09DF806306B7023690221A268023371
:101BD000A07D424461759E1B80F00100A2602661D9
:101BE00002B0BDE8F0810221204601F02BFA90B14D
:101BF000237D012BA36814D09DF807109DF80620C3
:101C00001970A3685A700221A26823690A44617599
:101C10000B44A2602361A07D80F0010002B0BDE80A
:101C2000F081BDF806201A80EDE7A2682369A07D47
:101C3000921B9B1B677580F00100A260236102B0BC
:101C4000BDE8F081A3689DF806201A70BCE728461D
:101C50000DF10605324629460FF075FA4246A919DC
:101C6000A0680FF070FAAFE72DE9F043044683B0A7
:101C70000D460221ADF8062001F038FA0146204653
:101C800094F8158001F07AFA0221204601F0CEF98D
:101C900070BBD4E90167BE4225D923692046A660FE
:101CA000F61B3344C6F102092361494601F0CAF923
:101CB000002839D0012D4AD09DF807303B70002E06
:101CC00040D09DF806307B7023690221A268A07D78
:101CD00002334A4461759B1B80F00100A2602361BE
:101CE00003B0BDE8F0830221204601F0ABF988B1D2
:101CF000012DA36814D09DF807109DF806201970D7
:101D0000A3685A700221A26823690A4461750B44D2
:101D1000A2602361A07D80F0010003B0BDE8F083E4
:101D2000BDF806201A80EDE7A2682369A07D921B0A
:101D30009B1B84F8158080F00100A260236103B032
:101D4000BDE8F083A3689DF806201A70BCE70DF18A
:101D500006053246384629460FF0F5F94A46A919D4
:101D6000A0680FF0F0F9AFE72DE9F84304460D46FF
:101D7000022101F0BBF90146204694F8158001F0DC
:101D8000FDF90221204601F051F960BBD4E9016759
:101D9000BE4223D923692046A660F61B3344C6F110
:101DA00002092361494601F04DF9002834D0237D12
:101DB000012B42D07B782B70002E3AD03B786B7091
:101DC00023690221A2680233A07D4A4461759B1BEE
:101DD00080F00100A2602361BDE8F8830221204663
:101DE00001F030F980B1237D012BA36811D05B781D
:101DF0002B70A3681B786B700221A26823690A44C8
:101E000061750B44A2602361A07D80F00100BDE8F4
:101E1000F8831B882B80EFE7A2682369921BA07DC3
:101E20009B1B84F8158080F00100A2602361BDE84F
:101E3000F883A3681B786B70C2E7394632462846A0
:101E40000FF081F94A46A819A1680FF07CF9B7E7AD
:101E50002DE9F04704460E460221154601F046F9E9
:101E60000146204694F8158001F088F902212046A9
:101E700001F0DCF870BBD4E901794F4525D923691D
:101E80002046A760A7EB09073B44C7F1020A23617C
:101E9000514601F0D7F8002834D0012E43D099F8EC
:101EA00001302B70002F3AD099F800306B70236905
:101EB0000221A2680233A07D52446175DB1B80F0D1
:101EC0000100A2602361BDE8F0870221204601F0F5
:101ED000B9F878B1012EA36811D05B782B70A36894
:101EE0001B786B700221A26823690A4461750B4458
:101EF000A2602361A07D80F00100BDE8F0871B880F
:101F00002B80EFE7A2682369D21BA07DDB1B84F83E
:101F1000158080F00100A2602361BDE8F087A3680E
:101F20001B786B70C3E749463A4628460FF00BF919
:101F30005246E819A1680FF006F9B8E72DE9F0411B
:101F400082B004460191042101F0D0F801462046F8
:101F5000677D01F013F90421204601F067F800289D
:101F600039D1D4E90135AB4230D95E1BA360236976
:101F70002046C6F1040833444146236101F062F86B
:101F800000284CD0237D012B63D09DF807302B70A7
:101F9000002E51D09DF80630012E6B7050D09DF868
:101FA0000530022EAB704FD09DF80430EB702369E2
:101FB0000421A2680433A07D424461759E1B80F019
:101FC0000100A260266102B0BDE8F0810421204634
:101FD00001F038F8D0B1237D012BA3681CD09DF807
:101FE00007009DF806209DF805101870A3685A7028
:101FF000A3689DF804209970A368DA700421A26890
:1020000023690A4461750B44A2602361A07D80F0BE
:10201000010002B0BDE8F081019A1A60EEE7A26803
:102020002369A07D921B9B1B677580F00100A26055
:10203000236102B0BDE8F081A3689DF806201A7004
:10204000A3689DF805201A70A3689DF804201A70F3
:10205000ADE7284601AD324629460FF074F84246F6
:10206000A919A0680FF06FF8A1E700BF2DE9F043B0
:10207000044683B00D460421019201F037F8014671
:10208000204694F8158001F079F80421204600F0EC
:10209000CDFF002838D1D4E90176B7422FD9236982
:1020A0002046A760BF1B3B44C7F104092361494692
:1020B00000F0C8FF00284AD0012D63D09DF80730FA
:1020C0003370002F51D09DF80630012F737050D01F
:1020D0009DF80530022FB3704FD09DF80430F37097
:1020E00023690421A268A07D04334A446175DB1B87
:1020F00080F00100A260236103B0BDE8F0830421F9
:10210000204600F09FFFC8B1012DA3681CD09DF8A8
:1021100007009DF806209DF805101870A3685A70F6
:10212000A3689DF804209970A368DA700421A2685E
:1021300023690A4461750B44A2602361A07D80F08D
:10214000010003B0BDE8F083019A1A60EEE7A268CF
:102150002369A07DD21BDB1B84F8158080F0010071
:10216000A260236103B0BDE8F083A3689DF8062058
:102170001A70A3689DF805201A70A3689DF80420C2
:102180001A70ADE701AD3A46304629460EF0DBFF46
:102190004A46E919A0680EF0D6FFA1E72DE9F843F9
:1021A00004460D46042100F0A1FF0146204694F8A4
:1021B000158000F0E3FF0421204600F037FF0028DF
:1021C00038D1D4E90176B7422FD923692046A760D8
:1021D000BF1B3B44C7F104092361494600F032FFAD
:1021E000002846D0237D012B5CD0F3782B70002F84
:1021F0004CD0B378012F6B7005F102034AD073788D
:10220000022FAB7005F1030348D03378EB702369DC
:102210000421A2680433A07D4A446175DB1B80F071
:102220000100A2602361BDE8F8830421204600F08C
:1022300009FFB0B1237D012BA36817D0DB782B7089
:10224000A3689B786B70A3685B78AB70A3681B78FE
:10225000EB700421A26823690A4461750B44A260F3
:102260002361A07D80F00100BDE8F8831B682B602E
:10227000EFE7A2682369D21BA07DDB1B84F81580E1
:1022800080F00100A2602361BDE8F883A3689B7819
:102290006B70AB1CA268527803F8012BA26812780D
:1022A0001A70B4E731463A4628460EF04CFF4A46CB
:1022B000E819A1680EF047FFA9E700BF2DE9F04734
:1022C00004460E460421154600F010FF0146204644
:1022D00094F8158000F052FF0421204600F0A6FE7D
:1022E00000283CD1D4E90137BB4233D9A3EB07091D
:1022F000A36023692046C9F1040A4B445146236177
:1023000000F0A0FE002848D0012E61D0FB782B7091
:10231000B9F1000F50D0BB78B9F1010F6B7005F126
:1023200002034DD07B78B9F1020FAB7005F10303C6
:102330004AD03B78EB7023690421A2680433A07D66
:1023400052446175A3EB090380F00100A260236190
:10235000BDE8F0870421204600F074FEA8B1012EEC
:10236000A36817D0DB782B70A3689B786B70A36889
:102370005B78AB70A3681B78EB700421A2682369BB
:102380000A4461750B44A2602361A07D80F00100C6
:10239000BDE8F0871B682B60EFE7A2682369A2EB1A
:1023A0000902A07DA3EB090384F8158080F00100E9
:1023B000A2602361BDE8F087A3689B786B70AB1CBB
:1023C000A268527803F8012BA26812781A70B2E75B
:1023D00039464A4628460EF0B6FE524605EB09003D
:1023E000A1680EF0B0FEA6E72DE9F041044682B0E8
:1023F0000821CDE9002300F079FE01462046677DE3
:1024000000F0BCFE0821204600F010FE00284ED14E
:10241000D4E90135AB4245D95E1BA3602369204650
:10242000C6F1080833444146236100F00BFE002842
:1024300074D0237D012B00F09B809DF807302B701A
:10244000002E78D09DF80630012E6B7077D09DF865
:102450000530022EAB7076D09DF80430032EEB7061
:1024600075D09DF80330042E2B7174D09DF8023086
:10247000052E6B7173D09DF80130062EAB7172D0B2
:102480009DF80030EB7123690821A2680833A07D14
:10249000424461759E1B80F00100A260266102B07B
:1024A000BDE8F0810821204600F0CCFD50B3237D2B
:1024B000012B2DD0A3689DF807009DF806209DF8FC
:1024C00005101870A3685A70A3689DF804209DF841
:1024D00003009970A368DA70A3689DF802209DF844
:1024E00001101871A3685A71A3689DF800209971B2
:1024F000A368DA710821A26823690A4461750B4454
:10250000A2602361A07D80F0010002B0BDE8F081EF
:102510006B46A26803CB10605160EBE7A2682369A9
:10252000A07D921B9B1B677580F00100A260236158
:1025300002B0BDE8F081A3689DF806201A70A36878
:102540009DF805201A70A3689DF804201A70A368EE
:102550009DF803201A70A3689DF802201A70A368E2
:102560009DF801201A70A3689DF800201A708AE770
:1025700028466D46324629460EF0E5FD4246A91929
:10258000A0680EF0E0FD7EE72DE9F0410B4682B039
:1025900004460221ADF8063000F0A8FD01462046B1
:1025A000677D00F0EBFD0221204600F03FFD78BB87
:1025B000D4E90135AB4226D95E1BA36023692046CE
:1025C000C6F1020833444146236100F03BFD002878
:1025D0003BD0237D012B4AD09DF807302B70002E75
:1025E00040D09DF806306B7023690221A268023347
:1025F000A07D424461759E1B80F00100A2602661AF
:1026000002B0BDE8F0810221204600F01BFD90B130
:10261000237D012BA36814D09DF807109DF8062098
:102620001970A3685A700221A26823690A4461756F
:102630000B44A2602361A07D80F0010002B0BDE8E0
:10264000F081BDF806201A80EDE7A2682369A07D1D
:10265000921B9B1B677580F00100A260236102B092
:10266000BDE8F081A3689DF806201A70BCE72846F3
:102670000DF10605324629460EF065FD4246A919C0
:10268000A0680EF060FDAFE72DE9F84304460D4663
:10269000022100F02BFD0146204694F8158000F041
:1026A0006DFD0221204600F0C1FC60BBD4E901674A
:1026B000BE4223D923692046A660F61B3344C6F1E7
:1026C00002092361494600F0BDFC002834D0237D77
:1026D000012B42D07B782B70002E3AD03B786B7068
:1026E00023690221A2680233A07D4A4461759B1BC5
:1026F00080F00100A2602361BDE8F883022120463A
:1027000000F0A0FC80B1237D012BA36811D05B7881
:102710002B70A3681B786B700221A26823690A449E
:1027200061750B44A2602361A07D80F00100BDE8CB
:10273000F8831B882B80EFE7A2682369921BA07D9A
:102740009B1B84F8158080F00100A2602361BDE826
:10275000F883A3681B786B70C2E739463246284677
:102760000EF0F1FC4A46A819A1680EF0ECFCB7E7A0
:102770002DE9F04182B004460191042100F0B6FC3D
:1027800001462046677D00F0F9FC0421204600F058
:102790004DFC002839D1D4E90135AB4230D95E1B5C
:1027A000A36023692046C6F10408334441462361EF
:1027B00000F048FC00284CD0237D012B63D09DF80D
:1027C00007302B70002E51D09DF80630012E6B7013
:1027D00050D09DF80530022EAB704FD09DF80430DC
:1027E000EB7023690421A2680433A07D4244617523
:1027F0009E1B80F00100A260266102B0BDE8F0815E
:102800000421204600F01EFCD0B1237D012BA368DB
:102810001CD09DF807009DF806209DF80510187043
:10282000A3685A70A3689DF804209970A368DA70B1
:102830000421A26823690A4461750B44A2602361E4
:10284000A07D80F0010002B0BDE8F081019A1A601D
:10285000EEE7A2682369A07D921B9B1B677580F041
:102860000100A260236102B0BDE8F081A3689DF879
:1028700006201A70A3689DF805201A70A3689DF8B9
:1028800004201A70ADE7284601AD324629460EF005
:102890005AFC4246A919A0680EF055FCA1E700BFFA
:1028A0002DE9F84304460D46042100F01FFC0146C3
:1028B000204694F8158000F061FC0421204600F0C9
:1028C000B5FB002838D1D4E90176B7422FD9236966
:1028D0002046A760BF1B3B44C7F10409236149465A
:1028E00000F0B0FB002846D0237D012B5CD0F378AC
:1028F0002B70002F4CD0B378012F6B7005F10203C1
:102900004AD07378022FAB7005F1030348D03378B7
:10291000EB7023690421A2680433A07D4A446175E9
:10292000DB1B80F00100A2602361BDE8F883042175
:10293000204600F087FBB0B1237D012BA36817D0A0
:10294000DB782B70A3689B786B70A3685B78AB70A7
:10295000A3681B78EB700421A26823690A4461759F
:102960000B44A2602361A07D80F00100BDE8F883E4
:102970001B682B60EFE7A2682369D21BA07DDB1BDD
:1029800084F8158080F00100A2602361BDE8F8831F
:10299000A3689B786B70AB1CA268527803F8012B7C
:1029A000A26812781A70B4E731463A4628460EF00B
:1029B000CAFB4A46E819A1680EF0C5FBA9E700BFAB
:1029C0002DE9F041044682B008218DED000B00F0A6
:1029D0008DFB01462046677D00F0D0FB0821204694
:1029E00000F024FB00284ED1D4E90135AB4245D993
:1029F0005E1BA36023692046C6F1080833444146A4
:102A0000236100F01FFB002874D0237D012B00F010
:102A10009B809DF807302B70002E78D09DF80630F3
:102A2000012E6B7077D09DF80530022EAB7076D0FA
:102A30009DF80430032EEB7075D09DF80330042E02
:102A40002B7174D09DF80230052E6B7173D09DF8F8
:102A50000130062EAB7172D09DF80030EB71236906
:102A60000821A2680833A07D424461759E1B80F056
:102A70000100A260266102B0BDE8F0810821204675
:102A800000F0E0FA50B3237D012B2DD0A3689DF810
:102A900007009DF806209DF805101870A3685A706D
:102AA000A3689DF804209DF803009970A368DA706C
:102AB000A3689DF802209DF801101871A3685A714F
:102AC000A3689DF800209971A368DA710821A268B3
:102AD00023690A4461750B44A2602361A07D80F0E4
:102AE000010002B0BDE8F0816B46A26803CB106024
:102AF0005160EBE7A2682369A07D921B9B1B677561
:102B000080F00100A260236102B0BDE8F081A368FB
:102B10009DF806201A70A3689DF805201A70A36816
:102B20009DF804201A70A3689DF803201A70A3680A
:102B30009DF802201A70A3689DF801201A70A368FE
:102B40009DF800201A708AE728466D4632462946CD
:102B50000EF0F9FA4246A919A0680EF0F4FA7EE7E1
:102B60002DE9F043044683B00E4608218DED000B9D
:102B700000F0BCFA0146204694F8158000F0FEFAF9
:102B80000821204600F052FA00284DD1D4E901571F
:102B9000BD4244D923692046A560ED1B2B44C5F1F5
:102BA00008092361494600F04DFA002872D0012E31
:102BB00000F09B809DF807303B70002D78D09DF889
:102BC0000630012D7B7077D09DF80530022DBB704B
:102BD00076D09DF80430032DFB7075D09DF803303E
:102BE000042D3B7174D09DF80230052D7B7173D09C
:102BF0009DF80130062DBB7172D09DF80030FB713D
:102C000023690821A2680833A07D4A4461755D1BD1
:102C100080F00100A260256103B0BDE8F0830821C7
:102C2000204600F00FFA48B3012E2DD0A3689DF87E
:102C300007009DF806209DF805101870A3685A70CB
:102C4000A3689DF804209DF803009970A368DA70CA
:102C5000A3689DF802209DF801101871A3685A71AD
:102C6000A3689DF800209971A368DA710821A26811
:102C700023690A4461750B44A2602361A07D80F042
:102C8000010003B0BDE8F0836B46A26803CB10607F
:102C90005160EBE7A2682369A07D521B5B1B84F89F
:102CA000158080F00100A260236103B0BDE8F083CD
:102CB000A3689DF806201A70A3689DF805201A7075
:102CC000A3689DF804201A70A3689DF803201A7069
:102CD000A3689DF802201A70A3689DF801201A705D
:102CE000A3689DF800201A708AE76E462A46384687
:102CF00031460EF028FA4A467119A0680EF023FA00
:102D00007EE700BF2DE9F84304460D46082100F098
:102D1000EDF90146204694F8158000F02FFA0821BD
:102D2000204600F083F9002851D1D4E90167BE4262
:102D300048D923692046A660F61B3344C6F108092A
:102D40002361494600F07EF900286DD0237D012BD8
:102D500000F09380FB792B70002E72D0BB79012E8E
:102D60006B7005F1020370D07B79022EAB7005F118
:102D700003036ED03B79032EEB7005F104036CD096
:102D8000FB78042E2B7105F105036AD0BB78052E64
:102D90006B7105F1060368D07B78062EAB7105F1E7
:102DA000070366D03B78EB7123690821A2680833DA
:102DB000A07D4A4461759E1B80F00100A2602661DF
:102DC000BDE8F8830821204600F03CF910B3237DCC
:102DD000012BA36823D0DB792B70A3689B796B70E0
:102DE000A3685B79AB70A3681B79EB70A368DB7891
:102DF0002B71A3689B786B71A3685B78AB71A36838
:102E00001B78EB710821A26823690A4461750B44A1
:102E1000A2602361A07D80F00100BDE8F8831A68FC
:102E20005B682A606B60EDE7A2682369921BA07D56
:102E30009B1B84F8158080F00100A2602361BDE82F
:102E4000F883A3689B796B70AB1CA268527903F876
:102E5000012BA268127903F8012BA268D27803F83B
:102E6000012BA268927803F8012BA268527803F82C
:102E7000012BA26812781A7096E739463246284626
:102E80000EF061F94A46A819A1680EF05CF98BE7CB
:102E90002DE9F04704460F460821154600F026F9B3
:102EA0000146204694F8158000F068F90821204674
:102EB00000F0BCF8002859D1D4E901694E4550D939
:102EC00023692046A660A6EB09063344C6F1080A2A
:102ED0002361514600F0B6F8002873D0012F00F0AE
:102EE0009A8099F807302B70002E78D099F8063028
:102EF000012E6B7005F1020375D099F80530022E92
:102F0000AB7005F1030372D099F80430032EEB7017
:102F100005F104036FD099F80330042E2B7105F1ED
:102F200005036CD099F80230052E6B7105F106038C
:102F300069D099F80130062EAB7105F1070366D010
:102F400099F80030EB7123690821A2680833A07D4D
:102F5000524461759E1B80F00100A2602661BDE8AD
:102F6000F0870821204600F06DF808B3012FA36810
:102F700023D0DB792B70A3689B796B70A3685B7996
:102F8000AB70A3681B79EB70A368DB782B71A36827
:102F90009B786B71A3685B78AB71A3681B78EB714E
:102FA0000821A26823690A4461750B44A260236169
:102FB000A07D80F00100BDE8F0871A685B682A6098
:102FC0006B60EDE7A2682369921BA07D9B1B84F8D0
:102FD000158080F00100A2602361BDE8F087A3683E
:102FE0009B796B70AB1CA268527903F8012BA26825
:102FF000127903F8012BA268D27803F8012BA2689A
:10300000927803F8012BA268527803F8012BA2688A
:1030100012781A7097E74946324628460EF093F820
:103020005246A819A1680EF08EF88CE7837D3BB953
:10303000D0E901031944884234BF002001207047C1
:1030400000207047837D43B9D0E9012110B591423A
:10305000044605D20123184610BD002318467047C8
:1030600082693AB1C169904780F00103A075DBB273
:10307000184610BD0120A075FAE700BFC0E906128E
:10308000704700BF10B4019C0A44016042600A19F5
:103090001C4482600022C0E903349DF80830427568
:1030A0005DF8044B82750375C0E90622704700BFC6
:1030B00010B582B0049C009401240194FFF7E2FF54
:1030C00002B010BD10B5002482B00094FFF7F0FFED
:1030D00002B010BD0023FFF7F5BF00BFB0FBF1F257
:1030E00002FB11004B1E081A18407047437D8B42AB
:1030F00009D203694A1EB3FBF1F001FB1030091A33
:1031000001EA020070470020704700BF38B504464E
:103110000D46FFF7EBFFA36865751A18236918447D
:1031200063689342206128BF1346A36038BD00BF87
:1031300082680068101A7047D0E90120101A7047A1
:1031400038B5837DA3B904460D46D0E901329A42D1
:1031500000D331B92046FFF7EFFFA84228BF284629
:1031600038BD836933B1C1699847A0750028F1D093
:10317000002038BD01238375FAE700BF38B5044647
:103180000D46FFF753FF78B12369A2682B442A4408
:1031900023610123A260637538BDA2682D1A2369DB
:1031A00002441844A2602061294601222046FFF70C
:1031B000C7FF0028F1D10123637538BD2DE9F04127
:1031C0008AB0044601ADDDF8408005A885E80E0010
:1031D00003F046FC039F4046019EEDF7E1F8B8423C
:1031E00005460BD8421C414630460DF0ACFF204648
:1031F000A760C4E900650AB0BDE8F081471C099AE0
:103200003046079B394698473A460646EBE700BFEB
:10321000044B1A680AB103487047034A0148126810
:103220001A6070471807002460070024024A034B05
:1032300012681A60704700BF600700241807002456
:10324000F8B50446C8B10E4606F008F9042137184F
:103250003846FFF743FFA36905331D1804F120002A
:103260003D44294606F0EAF9014604F5BC700D44D8
:10327000294606F055FA801B2844F8BD70B50C4667
:1032800082B069B3054606F06DF90346214628462B
:103290005B68DB689847E66901AB6169324628469E
:1032A00006F09CFCB8B9019A96421CD306F034FA99
:1032B000034604F1200128465B68DB68984706F066
:1032C0009DFA034604F5BC7128465B68DB6802B0D2
:1032D000BDE870401847019B03B1013BA361E5E7DE
:1032E000084602B070BD0121A8756975A061284625
:1032F000FFF70CFF01992846FFF740FFD6E700BF14
:1033000060B370B504460D4606F02CF90346294615
:1033100020465B689B6898476669E6B13046EDF7E2
:103320003FF8421C3146A061284606F045FC06F0F5
:10333000F3F90346294604F120005B689B6898472F
:1033400006F05CFA0346294604F5BC705B68BDE8EC
:1033500070409B68184732463046E3E7704700BF2D
:1033600010B582B0012300210DF107008DF8073060
:1033700006F0EEF8044600230DF1070021468DF813
:10338000073006F0B9F901460DF107000C4421465B
:1033900006F024FA204402B010BD00BF70B5044608
:1033A000C0B1002106F05AF804210646FFF796FE48
:1033B000A369054604F120005A1D93191D442946AE
:1033C00006F03CF9014604F5BC700D44294606F0B0
:1033D000A7F9284470BD00BF0048704724070024A7
:1033E000002846D0034630B5027885B00A2A42D874
:1033F000DFE802F012121814140606061A2E160040
:103400000A6A596B002052F82120121A18BF0122B3
:1034100083F8392005B030BD0A68F2E78A69F0E721
:103420008A68EEE70A69ECE75C68084604F1430243
:1034300004F1440304F1420504F11001CDE9013225
:10344000009504F1410304F140020AF01FFBE1E79B
:103450005C68084604F1220204F1230104F121030F
:10346000CDE9002104F1200204F110010AF028FD49
:10347000D0E70B2070470120CCE700BFF0B59BB030
:10348000002800F08880037804460A2B00F2678148
:10349000DFE803F02D2D1544441919195A061500BB
:1034A000406890F82030002B40F0B28090F8223035
:1034B000002B40F0E48090F82130002B6FD10025E4
:1034C00028461BB0F0BD426B0B6A53F82230002B2C
:1034D000F5D0826800F11001406801F0CBFE05468E
:1034E0000028ECD040F25923984213D029E0426BD7
:1034F0000B6853F82230002BE1D000230AAAD0E950
:10350000010101F0FBFF05460028D9D040F29113DC
:10351000984216D1002384F83930D1E7426B8B6989
:1035200053F82230002BCAD0826800F110014068A5
:1035300000F02AFE05460028C1D040F2F51398425B
:10354000BED003F07DFBBBE7406890F84230002B13
:103550007DD1C3691BB190F84030002B44D190F865
:103560004430002B40F0AC8090F84330002BA6D0C4
:10357000C26A0AA910300AF061F905460028E0D1B4
:103580006068DDE90E230AF0CBFD002898D0012306
:1035900080F8233094E70B2528461BB0F0BD04AE1D
:1035A00010300AAA31460AF0BFFB05460028C8D1F0
:1035B0000AA960680AF074FD0746002800F0BB8085
:1035C000012190F908000AF0F5FC0328844640F038
:1035D000A78007F158040FCE0FC496E8030084E8D3
:1035E000030087F808C06BE7816A10300AF0A6F97B
:1035F00005460028A5D16068816A0AF051FD03469E
:10360000002800F0A3800122606883F82220A6E74A
:103610000AF020FD06466068002E3FF447AF706058
:1036200006F12801F26910300AF0C6FA05460028B2
:1036300040F08E80F7690FCF3572C6F80900C6F8E2
:103640000D106068C6F81120C6F815302EE704AAE0
:103650000AA910300AF07AF8054600287FF471AF05
:103660006068DDE90E230AF049FD30B19DF81030A5
:10367000012280F8213080F82020606869E710304E
:1036800004AA0AA90AF010FB054600287FF459AFE6
:1036900004A960680AF004FD074660B10AAD00F1B4
:1036A00040064FF0020C0FCD0FC695E8030086E8E8
:1036B000030087F808C06068002380F82230FAE62B
:1036C00000F130020AA910300AF0F8F80546002887
:1036D0007FF437AF6068DDE90E230AF033FD06465C
:1036E0006068002E3FF440AF0127836BB784002B46
:1036F0003FF43AAF436B05EB450103EBC1010AF020
:10370000CFFC38B16068013586F82570836BAB4219
:10371000F0D829E760680135836BAB42EAD823E72C
:1037200006AB0FCB8DE80F000321606896E80C0014
:103730000AF07EFDC4E606AB0FCB8DE80F00022138
:10374000606896E80C000AF073FDB9E6606806E769
:10375000314660680AF08EFC03F072FAB0E601258B
:10376000AEE600BFF0B5037885B004460A2B00F240
:103770003981DFE803F068424D5BA70606061D723B
:103780006200062B00F02681072B036B40F01C81A2
:1037900004F11005D0E90A1280689847A26A294608
:1037A000606801F0A7FD044678B303F049FA2CE005
:1037B000406890F84230002B00F08E8000260127F0
:1037C00004E00AF021FC98B92F7260680AF0CCFC82
:1037D000054600287FD06368E26A9B6995F821104E
:1037E00085F82060984795F821302846002BE8D1CD
:1037F000606829460AF03EFCE7E790F83900D4E912
:103800000B1300B1A06800249847204605B0F0BD16
:10381000406802F0A7F940F221330446984201D0F3
:103820000028C2D10024204605B0F0BD0024036B5F
:1038300080689847204605B0F0BD0024036B984788
:10384000204605B0F0BD90F83900236B00B1A068A8
:1038500000249847204605B0F0BD406890F8243019
:103860003BBB90F82030002B7DD040F6340601277A
:1038700007E028460AF090FC294660680AF0FAFB47
:10388000606800210AF022FC0546002868D06368C1
:10389000E16A9B699847B0424FF00001E9D10121EC
:1038A00028460AF079FC2F72EAE748680AF0E2FB42
:1038B00060680AF017FC01460028F6D1606880F8BD
:1038C0002410CEE70024036B00F1100180689847B4
:1038D000204605B0F0BD606890F840308BB1C568F7
:1038E0002DB3002695F8223043B1C36985F82260D4
:1038F00023B1816A2846E26A984760682D68002DE6
:10390000F0D190F8443093B1C56885B1002695F8A0
:1039100024304BB1436A85F824602BB1284695F8D2
:103920002510E26A984760682D68002DEFD190F865
:103930004330002B3FF476AF00270BE06368E26A68
:10394000D96A1E6A85F82370B047606829460AF074
:1039500091FB60680AF014FC05460028EED161E78F
:10396000606880F8205090F82130002B3FF45AAF67
:10397000C568B5B1022601E02D6895B195F908300A
:10398000032BF9D1C3692846E16A9847034605F13C
:103990006002284685F8253043B10AF01DFC6068B6
:1039A000EAE700231C4680F821302EE70FCA05F114
:1039B00058078DE80F0001216068D7E900230AF05D
:1039C00037FC2E726068D7E7816A04F110058068C1
:1039D0009847E3E600F11005036B826A2946806888
:1039E0009847DBE6012410E700283DD000293CD0B1
:1039F000034690F838000022002835D030B493F800
:103A000000C0BCF1080F1DD15C68256C35F07F4506
:103A100005D194F8440010B994F8430028B130BCA3
:103A2000704793F839000028F9D1013240339142B0
:103A300017D093F838000028F1D093F800C0BCF1FB
:103A4000080FE1D0BCF1090FEBD15C68256A002DAD
:103A5000E5D194F824000028E1D1013240339142AD
:103A6000E7D1002030BC704770470846704700BF60
:103A700010B50446882202490DF065FB204610BDB2
:103A8000504102080000000000296AD02DE9F041F1
:103A90000546B0B000285CD01646184688461F463A
:103AA00002F0ECFF002E54D080F0010414F0FF046B
:103AB0004FD1882230490EA80DF045FB0EA988226F
:103AC00028460DF040FB6846C5F80080AE6002F065
:103AD000BFF9EC4605F1140ED7F80080BCE80F00E2
:103AE000AEE80F00BCE80F00AEE80F00BCE80F0026
:103AF0009FED1F7BAEE80F00DCF80030B0013969A4
:103B0000CEF800302F6185ED1A7BC047686008B998
:103B100029E0686800EB84100134314600F0A8FA0F
:103B2000A642F6D805F1480000F098FA134A00239F
:103B30006868C5E91E2368B1AB6873B12A69B2FA37
:103B400082F35B094AB1184685F8803030B0BDE891
:103B5000F0810B2030B0BDE8F081002030B0BDE82E
:103B6000F0810B2070470A20F4E700BFAFF300801C
:103B700000CA9A3B0000000050410208E9390108E0
:103B8000002B18BF002A70B504460CBF012000208E
:103B90009DF810C0002908BF40F0010028BBB4FA0E
:103BA00084F56D090CB3D4E90206864201D30120E5
:103BB00070BD60684FEA861E00F80E5000EB86105C
:103BC000013603630123C56204F1140580F801C0C6
:103BD0000387C0E901122846E66002F04DF930B9CA
:103BE000A36C00200133A36470BD0B2070BD284678
:103BF00002F048F90028F3D070BD00BF51B3B0FA0D
:103C000080F270B552090446E0B1D0E90203834264
:103C100001D3012070BD60689D015E1C00EB831321
:103C2000596002214153012104F11405DA62198718
:103C30002846E66002F020F930B9E36C0020013339
:103C4000E36470BD0B2070BD284602F01BF900280C
:103C5000F3D070BD0B207047002844D0F0B500F1C0
:103C600014059BB00446284602F006F910B1002066
:103C70001BB0F0BD284602F005F9002830D10CA891
:103C800004AE02F0E5F80DF1300CAE462769BCE851
:103C90000F00AEE80F00BCE80F00AEE80F00BCE874
:103CA0000F00AEE80F00DCF80030CEF800300FCF88
:103CB0000FC63B68284622683360636E616DCDE9AC
:103CC0000232D4E91332CDE90021226EA16C02F058
:103CD000D9FB0028CCD00B9002F0B2FF0B98C7E7BD
:103CE00002F0AEFFCBE70B20704700BF2DE9F84F85
:103CF000054691469846FFF7AFFF05F1140630469A
:103D000002F08CF90746002840F0A880AB680BB39E
:103D100004466968A20101EB841C9CF83830CBB1E1
:103D20008B5C0A2B00F2DE80DFE803F09D9DA98DFD
:103D30008D060606CEC1B5000CF13402DCF8041085
:103D4000304602F0BBFC002840F087800134AB68AD
:103D50009C42DED343464A46304602F0DDFC95F8ED
:103D60008030002B00F0C680012B40F0BB80AB6898
:103D7000002B00F05981002440F29119A0460AE07E
:103D8000FFF72EFB044610B1484540F0B180AB6808
:103D9000984580F026816A68314602EB881008F168
:103DA000010890F838C0BCF1000FE9D1194610465F
:103DB000D5E91E329847002800F09A80AB68002BA6
:103DC00000F096804FF0000840F2911909E0FFF7EB
:103DD00055FB044610B1484540F08A80AB689845D1
:103DE00009D26868314600EB881008F1010890F8A4
:103DF0003820002AEBD1002B7AD000260EE012F8F2
:103E00000C20082A00F0FC80092A00F0EE8090F8CF
:103E100039208AB901369E4267D200246A684FEA87
:103E2000861C02EB861090F83810002960D041788B
:103E30000029E4D00129EDD1FFF794FC002840F0DF
:103E4000B580AB68E6E70CF13402DCF804103046CC
:103E500002F008FC00283FF479AF074602F0F0FEBC
:103E60003846BDE8F88F0CF13402DCF80410304617
:103E700002F0A8F800283FF469AF0746EEE70CF11E
:103E80003402DCF80410304602F0BCFB00283FF49A
:103E90005DAF0746E2E70CF13402DCF8041030466F
:103EA00002F084FB00283FF451AF0746D6E7DCF868
:103EB00004100CF134023046103109F0ADFF002837
:103EC0003FF444AF0746C9E7DCF8041000230CF1C7
:103ED00034023046103109F075FD00283FF436AF4A
:103EE0000746BBE7012702F0ABFE3846BDE8F88F76
:103EF0002746FAE7AB68002B00F09380002440F2DD
:103F00009119A04608E0FFF76BFA044608B148454E
:103F1000EED1AB68984566D26A68314602EB8810EC
:103F200008F1010890F838C0BCF1000FEBD1194638
:103F30001046D5E91E3298470028D9D0AB68002B2F
:103F4000D6D04FF0000A40F2911840F259290EE005
:103F500013F80B30082B34D0092B29D090F83930C6
:103F600003BB0AF1010AAB689A45BED20024686817
:103F70004FEA8A1B00EB8A1090F83830002BB7D03C
:103F80003146FFF77BFA002818BF404501D048456D
:103F90000CD16B6813EB0B0021D04278002AD7D0EC
:103FA000012ADED1FFF7DEFB0028DAD007469CE7C6
:103FB00043681A6A002AF5D193F82430002BD0D038
:103FC000F0E743681A6C32F07F42EBD193F844205B
:103FD000002AE7D193F84330002BC2D0E2E70B2749
:103FE00083E76A68E2E66A68A1E74268116A002925
:103FF0007FF422AF92F82420002A3FF40BAF1BE796
:104000004268116C31F07F417FF416AF92F8441092
:1040100000297FF411AF92F84320002A3FF4FAAE52
:104020000AE76A681C4682E76A681C46BEE600BF6B
:1040300090B170B50446006816461D4600F042F97E
:1040400030B132462B462046BDE87040FFF74EBEE9
:1040500002F0F6FD012070BD0B20704730B1202228
:10406000002108B50CF04CFF002008BD0B20704764
:10407000034678B100224FF00B0C41631046A3F8C1
:1040800000C01A631A879FED047BC3E9012283ED08
:104090000A7B70470B207047000000000000000002
:1040A0002DE9F04383B00A9F002B18BF002F27D0C3
:1040B000044628B3E9461D460E469046484600F0A1
:1040C000F7F82A46234699E8030084E803004146AE
:1040D000304600F001FA054660B93A4604F10C0199
:1040E0000320A76001F08AFA054618B9284603B0F4
:1040F000BDE8F08302F0A4FD284603B0BDE8F083DC
:104100000B25284603B0BDE8F08300BF18B1006856
:1041100008B1D0F80801704770B582B0F8B1044614
:104120000068E0B1D0F80831CBB10E46E1B11546D8
:10413000D2B1052100F5887002F0AEFC02460B46B4
:104140003146C5E9002323682A46D3F8080103F065
:1041500049FE064660B10126304602B070BD4FF4FC
:10416000FA76304602B070BD0B26304602B070BD04
:1041700020680521D5E9002300F58870009102F040
:10418000F7FC304602B070BD70B58E468CB00C4660
:1041900016460DF1180C0546BEE80F00ACE80F00FE
:1041A0009EE803008CE803005DB32B684BB3D3F8A3
:1041B000080130B346B30023324602A98DF8073018
:1041C0000DF107039FED127B8DED027B8DED047BDE
:1041D00003F010FF0546C8B99DF8072040F2F5131B
:1041E000002A08BF1D460DF1180EA446BEE80F00B8
:1041F000ACE80F009EE803008CE8030028460CB0F2
:1042000070BD4FF4FA75EEE70B25ECE70125EAE700
:10421000000000000000000030B1006820B1D0F8BC
:104220000801003818BF0120704700BF002B18BFDD
:10423000002A2DE9F04316460CBF01220022A1B04E
:10424000002908BF42F0010222BB044610B30DF161
:1042500010081F460D460DF11809404600F072FB8C
:1042600098E8030084E80300484600F0E5FC404677
:1042700000F068FBCDF800903B46324698E803001A
:1042800084E803002946204600F066FB30B921B0DF
:10429000BDE8F0830B2021B0BDE8F083039002F06D
:1042A000CFFC02F0CDFC039821B0BDE8F08300BF45
:1042B000034A034692E8030083E803001846704768
:1042C000D841020818B14068003818BF0120704773
:1042D0002DE9F8430646002300687360002849D0A2
:1042E0004769D0F80480D0F8109037B1143000F04E
:1042F00061FA0746002844D13068036B43B1283087
:1043000003F078FA18B1002F3ED002F099FC306823
:10431000036ADBB1D0E9062C012A7CF1000111DB34
:104320000024254653F824004946B8B1C0473368F5
:104330000134D3E9062C45F100051B6A944275EB64
:104340000C01EFDB18464946C04730684946C04774
:1043500000233846C6E90033BDE8F883013445F14F
:104360000005944275EB0C01DCDB18464946C0475A
:104370003068EBE7074600233846C6E90033BDE85E
:10438000F88302F05DFCB7E709F072FF0746BCE76F
:10439000002B18BF002A2DE9F04116460CBF012260
:1043A0000022A0B0002908BF42F001021ABB044657
:1043B00008B30DF110081F460D4600F043FD2060C4
:1043C000404600F0DFFD50220D4940460CF0BBFE98
:1043D0003B46324629462046CDF8008000F038FDA5
:1043E00010B920B0BDE8F081039002F029FC0398D9
:1043F00020B0BDE8F0810B2020B0BDE8F08100BF07
:10440000E0410208002B18BF002A2DE9F0411646B2
:104410000CBF01220022A0B0002908BF42F0010217
:104420001ABB044608B30DF110081F460D4600F0F4
:1044300083FF2060404601F033F850220D4940468A
:104440000CF081FE3B46324629462046CDF80080DE
:1044500000F078FF10B920B0BDE8F081039002F0C1
:10446000EFFB039820B0BDE8F0810B2020B0BDE841
:10447000F08100BF3042020861B32DE9F0410646E9
:104480008AB018B30D4690461F4601F0AFFAAC68EB
:104490000DF10C0C30600FCCACE80F0023682A46FD
:1044A00005F10C013046CCF80030109BCDE90087B7
:1044B000029301F0A1FA10B90AB0BDE8F0810990A9
:1044C00002F0BEFB09980AB0BDE8F0810B200AB0EB
:1044D000BDE8F0810B2070472DE9F047051E9EB026
:1044E0000E4690461F4640F39F80002900F09F80B3
:1044F000A1F1040E4FF0000C5EF8044F0CF1010C1A
:10450000002C00F094806545F6D1B8F1000F00F062
:104510008E80D8F80040002C00F089800DF1640CEA
:104520000FCCACE80F00236819A8CCF8003002F0DB
:10453000A5FA80F00100C0B2002878D1002F76D013
:104540003B68002B78D178210120DDE91C329847A7
:1045500004463860002800F0B68002A802F090FE01
:1045600002A904F1280050220CF0EDFD19ACD7F897
:1045700000E00FCCF446ACE80F0023680EF1140104
:104580004046CCF8003000F03FF90446002844D102
:10459000D7F800904FEAE578C9F82000C9F818501C
:1045A000C9F81C80002D4ED0002E4CD00421284686
:1045B000DDE91C329847C9F82000D7F80090D9F8F7
:1045C0002030CA4643B3012D78F100033BDB0024C1
:1045D000043EA1460BE031680CF0B5FD013449F111
:1045E0000009C84508BFA5422BD0D7F800A056F84F
:1045F000040FEBF7D5FE421C199B10461D99DAF803
:1046000020A0019298473B684AF824001B6A019A4F
:1046100053F824000028DED10A243846FFF758FE5C
:1046200020461EB0BDE8F08700293FF46EAF0B2492
:1046300020461EB0BDE8F087642420461EB0BDE8C9
:10464000F087D7F8009026490B68013336D01A4618
:1046500000240B60D9F814007B60436A0133C0E981
:10466000062434D090F830303BB9303000F048F9AF
:1046700004460028D1D13B68586918AA17A9406B95
:1046800001F0D4FB04460028C7D1179BEBB9396869
:104690004B6903F12802586B00F094FD0446002892
:1046A000BBD1396848692831183002F06DFF0446E3
:1046B0000028BDD009F0DCFD0446AEE701221C460F
:1046C0000A601346C6E70A24B2E70124A5E72430AE
:1046D00009F0E2FD044600289FD13B685869C1E714
:1046E00080B001240020704784B0F0B597B01DAEB3
:1046F00086E80E00002858D00368054633B16424CC
:10470000204617B0BDE8F04004B07047304602F0D4
:10471000B5F9002849D0B44611ACBCE80F000FC46D
:10472000DCF800305020219923601D9B98470446F7
:10473000286000283BD00DF1440C8646BCE80F00F1
:10474000AEE80F00DCF8003002A8CEF8003002F02E
:10475000ABFD0DF1080E04F1180C2F6820ACBEE87B
:104760000F00ACE80F00BEE80F00ACE80F00BEE899
:104770000F00ACE80F009EE803008CE8030094E80B
:1047800003008DE8030096E80E0007F1180002F020
:10479000FDFD04460028B3D021991E9B2868984748
:1047A000204609F065FD0446AAE70B24A8E70A2481
:1047B000A6E700BF30B587B0F0B103680446DBB1AF
:1047C0009C460DF1040EBCE80F00AEE80F00DCF8CB
:1047D000003001A8CEF8003002F050F960B1206836
:1047E000183002F08DFE054650B92068029B0599ED
:1047F0009847284607B030BD0B25284607B030BD86
:1048000009F036FD0546F8E72DE9F04194B000289F
:104810005BD004460068002857D00E4602F02EF9FF
:10482000002E52D080F00100C0B200284DD1336874
:1048300023B16424204614B0BDE8F08127680FAD91
:10484000BC46D7F80080BCE80F000FC5DCF800308C
:10485000502019462B60C04705463060D0B30DF19B
:104860003C0C8646BCE80F00AEE80F00DCF80030D8
:104870006846CEF8003002F017FDEE4605F1180C40
:1048800024683568BEE80F00ACE80F00BEE80F00F2
:10489000ACE80F00BEE80F00ACE80F009EE8030094
:1048A0008CE8030004F1180005F1180102F0D6FDB0
:1048B00004460028BED002F0ABF902F0C1F9304640
:1048C000FFF778FF40B10446B4E70B24204614B04C
:1048D000BDE8F0810A24ADE7204614B0BDE8F04100
:1048E00009F0C6BC20B1036813B1002059627047BB
:1048F0000B20704710B1006800B11830704700BF3E
:1049000010B5002382B00193B8B1044601A90C4848
:1049100002F066F910B1012002B010BD019B13B185
:104920001A78312A04D002230020237002B010BD6F
:104930005B78002BF7D10123F6E70B2002B010BD06
:1049400080420208034A034692E8030083E803001A
:1049500018467047B04202082DE9F04FA9B004464E
:104960000E461546DDF8C88023A81F4609F008FF4B
:10497000B8F1000F00F0F380404602F07FF8002D00
:1049800018BF002C80F001000CBF4FF0010C4FF05D
:10499000000C002E08BF4CF0010C4CEA000C1CF07F
:1049A000FF0940F0DC80D4F804A0BAF1000F40F019
:1049B000FC80002F00F0D3803846FFF783FC83464D
:1049C000002800F0D2805246304622A9CDF888A0B7
:1049D00004F03EFC8246002840F0C3802298002864
:1049E00040F0F1802846EBF7DBFC002840F0C08067
:1049F000794D22A90022284604F00CFC82460028AA
:104A000040F0AF802298002840F0D580D8F80030E0
:104A10007820D8F81010984782466060002800F08F
:104A2000CF800022002308A8CAE91A23CAE91C2360
:104A300000F002F908A9504668220CF084FB616876
:104A40004046276000F006F9002858D12846EBF7C9
:104A5000A7FC284410F8013CCDE903562F2BD8F8C9
:104A6000103000930CBF5D4B5D4B02934FF400631D
:104A70000193D4F804A098E80F0002F00DF9236820
:104A8000CAF87400314618682A466668283002F071
:104A900063FF6368B066986E002832D002F0ECFFC6
:104AA000824660B3D8F800300820D8F81010666845
:104AB00098476368F066D3F86CB0BBF1000F20D064
:104AC00006A823AE09F082FD06A86368C44603C8A1
:104AD000D3F86CE08BE80300BCE80F000FC6DCF8ED
:104AE0000030336028AB13E90F008DE80F0051460A
:104AF0003A467046239B09F0C1FD824628B363689D
:104B0000F3B1586F28B1D8F80430D8F8101098478E
:104B10006368986E10B102F031FF6368D86E48B1D7
:104B200009F008FE6368D8F81010D86ED8F8043081
:104B3000984763681846D8F81010D8F8043098479A
:104B400000234FF0010AC4E90033B9F1000F08D087
:104B5000D8F804302846D8F81010984701E04FF0F4
:104B60000B0A504629B0BDE8F08F4FF0650AF8E710
:104B70002B782F2B3FF43DAF0395D8F810300093DE
:104B8000184B02934FF40063019398E80F0002F072
:104B900083F80546E0B1002222A9229204F03AFBF4
:104BA00082460028D4D1D9462CE74FF0640A5046FB
:104BB00029B0BDE8F08F4FF0CA0A04F03DFBC4E70E
:104BC0004FF00A0AC1E74FF0C90A04F095FBC8E7A5
:104BD0004FF00A0AC5E700BF98420208A042020847
:104BE000A84202089C42020830B1436823B19B6E80
:104BF00013B10068FFF766BB0020704720B1406822
:104C000010B1806E00B18068704700BF20B140686D
:104C100010B1806E00B1C068704700BF28B1406815
:104C200018B1836E002B08BF0020704710B1406898
:104C300000B1806E704700BF10B5044668220021A5
:104C40000CF05EF9204601F00BFF0123204623758E
:104C500010BD00BF002818BF88421BD0F8B5B1FABC
:104C600081F60C46760999B10546878A84468E46B8
:104C70000FCDAEE80F002B6850220CF1180104F1A3
:104C80001800CEF80030A7820CF05DFA3046F8BD6F
:104C90000B20F8BD0B20704782B02DE9F04F91B08A
:104CA0001AAC9DF87C8084E80C0000283DD00C46AE
:104CB0000546FFF7B3FF00283AD02846FFF79EFFCE
:104CC000064628460BADFFF7A1FF0DF1680E07461B
:104CD000AC46BEE80F00ACE80F00DEF80030CCF8C0
:104CE0000030219B0BB38946DDF878A002F04CF927
:104CF00010AB089013E907008DE80700002108A811
:104D000095E80C0002F0B6F98346A0B101F080FFEF
:104D100001F096FFBBF10A0F18BF4FF0010B584688
:104D200011B0BDE8F04F02B070474FF00B0BF6E743
:104D30004FF0010BF3E70990079008A809F040FC39
:104D4000834680B10A2808A818BF4FF0010B02F073
:104D5000D1F9044600285BD151460998C84751460D
:104D60002046C847DBE709ABEC4605930FCDACE81E
:104D70000F002B683A4631462046CCF8003008AB8D
:104D800009F0BEFA8346D8B9099C024609900AA9DF
:104D9000204604F06FF950BB0A9D002D40D1219BA5
:104DA00008A81C6002F0A6F98346002843D001F051
:104DB0002FFFA8464FF0010B2C4601F041FF0AE0FF
:104DC000672814BF4FF0000808F00108079C08A8E6
:104DD00002F090F950BB51460998C8475146204609
:104DE000C847B8F1000F18BF4FF0680B97E701F004
:104DF0000FFF01F025FF08A802F07CF998B9514691
:104E00000998C847514620464FF0010BC84786E72E
:104E1000DDF81C8001F0FCFE01F012FF4446DAE7E9
:104E20004FF0670BD3E7D8464FF0010B01F0F0FECF
:104E300001F006FFCFE751460998C847514658464A
:104E4000C8476CE7014B1868704700BFB8420208BA
:104E50002DE9F04788B0109E002E6BD006F1500A65
:104E600005460F4690465046994601F007FE80F0F1
:104E70000104E4B2002C5DD1002D5BD02B6823B17E
:104E80006424204608B0BDE8F0873846FFF7ACFE42
:104E9000002854D0B8F1000F4CD0B9FA89F35B095F
:104EA000B9F1000F46D007AA0793CDE9033306F105
:104EB0005803059293E807008DE8070049463846F5
:104EC0009AE80C00FFF7E8FE00284FD1336DC820A8
:104ED000316E98472860002850D03846FFF7A6FE6C
:104EE00006F164034146079A009333462C6802F0AA
:104EF0002DFE2B68C4F8C400D3F8C40070B303F1CE
:104F0000700102F007FF2B680446D0B996F84820DC
:104F10003146184683F8B82070220CF014F93A682C
:104F2000C0F8C0200798736D316E9847204608B0CE
:104F3000BDE8F0870B24204608B0BDE8F087C82400
:104F40009FE7CBB1D3F8C42042B13846FFF76EFEDD
:104F50002B68D3F8C41002F0F1FE2B681846726D6E
:104F6000316E0124904700232B60DBE7672807D0D0
:104F7000692805D00A2801D00124D3E70A24D1E703
:104F80006724CFE770B5144D88B00446502213490A
:104F900028460CF0D8F802A801F062FD0DF1080CCB
:104FA00005F1500E6E46BCE80F00AEE80F00DCF8CD
:104FB00000303046CEF8003003F0A4FF05F1640362
:104FC000702296E8030083E80300294620460CF08F
:104FD000BAF8204608B070BD88B00124C04202086B
:104FE000F8B1036870B50446B3B11646D3F8C420CF
:104FF00092B1D3F8C0000D46FFF764F960B12368A1
:10500000D3F8C40040B155B13246294602F03EFD06
:10501000003818BF012070BD4FF4967070BD0B2092
:1050200070BD4FF496707047A0B1036810B5044688
:1050300073B1D3F8C4205AB1D3F8C000FFF742F9D6
:1050400030B12368D3F8C400003818BF012010BD68
:10505000002010BD0020704730B1006820B1D0F8AA
:10506000C400003818BF0120704700BFF0B502F13E
:1050700008070B4685B01446064697E807008DE8FA
:1050800007001846194994E80C0001F0F7FD337841
:1050900005462F2B23D004F10C0393E803008DE881
:1050A0000300701C94E80E0001F0EEFD064697E840
:1050B00007008DE807003146284694E80C0001F00F
:1050C000DDFD0346304662681E462169904728464A
:1050D0003546636821699847284605B0F0BD737866
:1050E000002BD8D1284605B0F0BD00BF4C430208C4
:1050F0002DE9F04385B068B1074608460C4601F03B
:10510000BDFC38B100232D4803A9039301F068FDCD
:10511000054620B10025284605B0BDE8F083039B75
:105120001A78002AF6D004F10C0999E803008DE8FA
:105130000300184694E80E0001F0E8FE80460028BF
:10514000E8D003A91E48039501F04AFD60B100268E
:1051500030466368216998474046636821699847EB
:10516000284605B0BDE8F083039B1E78F6B199E8A8
:1051700003008DE80300184694E80E0001F0C6FE17
:1051800006460028E3D022464146FFF76FFF05465A
:10519000002DDDD0284601F06FFD03460028D7D151
:1051A000284621691D4663689847D1E7224638465C
:1051B0004146FFF75BFF0546EAE700BF5843020898
:1051C000704302082DE9F04182B0002306460F46E5
:1051D000214801A99046019301F002FD20B101256B
:1051E000284602B0BDE8F08104461C490198EBF75F
:1051F00077F80546F0B90190B8F1000F21D001A968
:10520000174801F0EDFC0028E9D116490198EBF7A9
:1052100067F8034639463046B3FA83F35B0988F8EA
:105220000030FFF765FF70B1C8F80400284602B0EF
:10523000BDE8F081254688F80040284602B0BDE868
:10524000F0810B25CCE798F80050A5F10105B5FADF
:1052500085F56D09C4E700BF104302082443020826
:105260002C4302084443020818B1006808B1D0F882
:105270000801704770B58E468CB00C4616460DF18D
:10528000180C0546BEE80F00ACE80F009EE80300CE
:105290008CE803000DB32B68FBB1D3F80801E0B133
:1052A00036B30023324602A98DF807300DF107030B
:1052B00002F0E6FD054698B10A2818BF01250DF158
:1052C000180EA446BEE80F00ACE80F009EE80300ED
:1052D0008CE8030028460CB070BD4FF41675EEE75D
:1052E0009DF8072040F25923002A08BF1D46E6E733
:1052F0000B25E4E770B1006860B1D0F8080148B14F
:1053000069B110B54AB102F019FE10B1022818BFF8
:10531000012010BD4FF4167070470B2010BD0B20FC
:10532000704700BF30B1006820B1D0F808010038E4
:1053300018BF0120704700BF014B1868704700BFBD
:10534000904302082DE9F04788B0109FFFB107F1A4
:10535000500A05460E4691465046984601F08EFB8F
:1053600080F00104E4B294B98DB13046FFF73CFC03
:10537000002855D0B9F1000F09D0B8F1000F06D0C0
:105380002B684BB16424204608B0BDE8F0870B249D
:10539000204608B0BDE8F087CDE9033307AA07939C
:1053A00007F15803059293E807008DE8070041468E
:1053B00030469AE80C00FFF76FFC00285FD1C82147
:1053C0000120D7E917329847286000285FD030467F
:1053D000FFF72CFC07F164034946079A00933B460C
:1053E0002C6802F093FEC4F8C0002C68D4F8C0000A
:1053F00048B304F1700102F07FFF0446A8B92868A1
:10540000702297F84830394680F8B8300BF09BFE90
:1054100007987B6D396E9847204608B0BDE8F08745
:10542000C824204608B0BDE8F0872C686CB3D4F8D7
:10543000C0304BB13046FFF7F9FB2B68D3F8C010F2
:1054400002F06EFF2C6894B104F15006304601F072
:1054500015FB58B1E06E48B1314603F05BFD0646DE
:10546000C8B9636D216EE06E9847E6662C687B6D67
:105470002046396E0124984700232B60C8E767282F
:1054800007D0692805D00A2801D00124C0E70A24E2
:10549000BEE76724BCE708F0EBFE2C68E7E700BF37
:1054A00070B5144D8AB004465022134928460BF0BB
:1054B0004AFE04A801F0D4FA0DF1100C05F1500ECB
:1054C0006E46BCE80F00AEE80F00DCF80030304656
:1054D000CEF8003003F038FD05F1640396E80700CC
:1054E00083E807007022294620460BF02CFE204658
:1054F0000AB070BDF8B0012498430208002849D0D2
:105500002DE9F04115460268A4B00446002A39D0BE
:105510001F46D2F8C030ABB30E46002938D0002D5C
:105520003CD002A84FF0000803F09CFD0DF1080CE0
:10553000AE46BCE80F00AEE80F00BCE80F00AEE8D6
:105540000F00BCE80F00AEE80F009CE80F008EE8EB
:105550000F008DF84F802B4620680DF14F02314629
:10556000D0F8C000009702F03DFF0346C0B99DF897
:105570004F1040F29112002908BF1346184624B07C
:10558000BDE8F0814FF4C873184624B0BDE8F0813F
:105590000B23F3E74FF4C8731846704714ADC0E708
:1055A00008F066FE0346E9E718B1006808B1D0F8D4
:1055B000C000704730B1006820B1D0F8C00000389A
:1055C00018BF0120704700BF084601F00BBE00BFA6
:1055D000084601F02DBE00BF037A10B50C4643B15A
:1055E000052101F059FA02460B460020C4E90023C8
:1055F00010BD0846BDE8104001F0F4BDF8B5054601
:10560000104614460E4601F039FA28B1032D03D88E
:10561000DFE805F01F3059064FF00B0C6046F8BD6F
:10562000002CF9D0B6FA86F35B09002EF4D0336172
:105630009C4606F11405324F4FF0030EC6E90133C4
:105640000FCC0FC5236860462B60F76086F800E03A
:10565000F8BD002EE0D0002306F1140533709C46FF
:10566000C6E90133C6E903330FCC0FC52368604692
:105670002B60F8BD002CCFD0B6FA86F56D09002E50
:10568000CAD0A646357006F1140CBEE80F00C6E974
:105690000155C6E90355ACE80F00DEF800301020D4
:1056A000CCF80030236821699847306120B300228C
:1056B0000023AC460572C0E90023124A012360466C
:1056C000F2603370F8BD002CA6D0B6FA86F35B0901
:1056D000002EA1D033619C4606F11405DFF828E0C6
:1056E0000227C6E901330FCC0FC5236860462B6043
:1056F000C6F80CE03770F8BD4FF00A0C8EE700BF1B
:10570000D1550108D9550108C955010840B139B131
:1057100003781BB1C3680BB10069184701207047BB
:105720000B20704782B02DE9F04106A9DDE90C5647
:1057300081E80C0030B30446143001F09FF90DB33A
:1057400080F0010313F0FF031CD1099A002A19DB32
:10575000DDE90A12012972F1000213DAD4E9010726
:10576000002F40D0024603E0BB4202F1280210D0D5
:1057700011680133A942F7D1116AB142F4D14FF057
:10578000010E01E04FF00B0E7046BDE8F04102B093
:105790007047013303EB8303D900E369626A9847DA
:1057A000F0B1A3680DF1180C60604FF0000E03EB30
:1057B000830203F1010840F8325000EBC205BCE857
:1057C0000F0005F108070FC79CE8030087E80300F6
:1057D00070462E62C4F80880BDE8F04102B0704700
:1057E0004FF00A0ED0E72821D7E700BF00285FD08E
:1057F0002DE9F047054614300F46924601F03EF978
:1058000080F00100C0B200283FD1002F3DD0D5F874
:105810000880B8F1000F0CD0D5F8049008EB88068A
:105820004C4609EBC6062368BB4205D02834A64285
:10583000F9D10120BDE8F087236A2834A6422FD091
:105840005345F0D1A646A4F1280C2834BEE80F0039
:10585000ACE80F00BEE80F00A642ACE80F009EE8DF
:1058600003008CE80300EDD108F1FF34AC607CB19B
:1058700004EB8404EB696A6A4846E10098470346F2
:10588000C0B100206B60BDE8F0870B20BDE8F08759
:105890004846AB69696A984720466C60BDE8F08766
:1058A0005345C6D108F1FF34AC60002CE0D1EFE7DE
:1058B0000B2070470A20E9E72DE9F047054684B040
:1058C000144631B10378023B012B3FD904B0BDE847
:1058D000F087136802A91868FFF718FF0028F5D1B0
:1058E00020680521203001F0D7F8236881468846DA
:1058F00003F12800052101F0CFF8074620680E4685
:105900000521183001F0C8F82B7882460D46023B7D
:10591000029A012B039B37D9BA4273EB060160DA76
:105920004A4573EB0801D1DA1AEB0202206843EB17
:10593000050305252830009501F0E4F8206800955E
:105940002030DDE9022301F0DDF8BFE7136802A98A
:105950001868FFF7DBFE0028B8D1DDE90223134306
:10596000B4D020680521283001F096F8029D024647
:10597000039B2068521B00F1300061EB03030521FB
:10598000009101F0BFF8A1E713439FD020684FF0CA
:105990000508002300223030CDF8008001F0E8F83F
:1059A00051EA000306460F4690D0029A039B121A52
:1059B000CDF80080206863EB010312EB0A0200F1CE
:1059C000280043EB050301F09DF8CDF80080206826
:1059D000DDE902232030921B63EB070301F092F80C
:1059E00074E72068083008F0E7FE6FE7014B18689D
:1059F000704700BFE84302082DE9F04FABB00D46F9
:105A00000446924637A8359FDDF8D08001F036F87D
:105A1000B5FA85F35B0943EAD773002C08BF43F05E
:105A20000103002B64D180F00100C0B200285FD1D7
:105A3000236823B1642630462BB0BDE8F08F08A957
:105A40002846FFF763FE06460028F4D10DF1180B37
:105A50000BAE0DF160095846CDE9165A08F0B6FDB7
:105A60009BE8030089E80300304608F089FE0DAB8F
:105A700093E807008DE807005146484696E80C0079
:105A800008F0AEFD06460028D5D1169B1B78012BE9
:105A900033D0369942463B460DF1DC0E1A910DF19A
:105AA000940C4FF0000ACDE91C23DDE908239FED9B
:105AB0002A7B12EB080047EB03018DED227BCDE939
:105AC0001E23CDE92001BEE80F00ACE80F00DEF890
:105AD000003050208DF890A01946CCF80030379B4C
:105AE0009847206058B3502216A90BF02CFBA2E770
:105AF0000B2630462BB0BDE8F08F012000218DF839
:105B0000403012AB164A0DF1400C05940492CDE9D9
:105B100012014FF0FF304FF0FF31CDE914010FCBF0
:105B20008DE80F0028469CE80C00FFF7FBFD0346BC
:105B30000028AED048461E4608F0FCFD7BE74846EC
:105B40000A2608F0F7FD224605492846FFF74EFED3
:105B500071E700BFAFF3008000000000000000000C
:105B6000B95801082DE9F04F87B000286CD00368C0
:105B70000446002B62D0BFF35B8F93F83830BFF33D
:105B80005B8F002B4FD1036804A91868FFF7BEFD97
:105B90000546002849D1DDE90423002B49DB052611
:105BA00020680096203000F0E3FF23688046BFF3B2
:105BB0005B8FD3F810B0BFF35B8F20688946314606
:105BC000283000F069FF0F4631460646206818303D
:105BD00000F062FF024604980B46B618DDF814C0C8
:105BE000924647EB0107864277EB0C0104DA53EA51
:105BF00002012ED1064667462068052132463B4603
:105C00002830009100F07EFFBBF1000F0DD0049A08
:105C10002046059BB2EB080263EB0903D8472846F0
:105C200007B0BDE8F08F40F22135284607B0BDE847
:105C3000F08F0125284607B0BDE8F08F4FF4487576
:105C4000284607B0BDE8F08F0B25284607B0BDE811
:105C5000F08F801B6CEB0701013861F10001CDE989
:105C60000232EAF761FD029B013041F1000100FBC5
:105C700003F301FB0A33A0FB0A0A8619534443EBE2
:105C80000707B9E770B582B080B3036804468BB3E9
:105C90000D4659B3BFF35B8F93F83830BFF35B8F7A
:105CA00053B9036869461868FFF730FD064648B1E6
:105CB00040F22133984202D100231E462B70304619
:105CC00002B070BD20680521283000F0E5FE009B81
:105CD000C01A019B61EB03010128304671F10003FA
:105CE000B4BF012300232B7002B070BD0B263046D9
:105CF00002B070BD4FF44876E1E700BF70B582B0E6
:105D000030B3036804463BB30D4609B3BFF35B8F62
:105D100093F83830BFF35B8FABB9036869461868F6
:105D2000FFF7F4FC064658B920680521283000F03A
:105D3000B3FE009BC01A019B61EB03012860696000
:105D4000304602B070BD40F22136304602B070BD20
:105D50000B26304602B070BD4FF44876F0E700BF26
:105D600030B1006820B1C3680BB1083070471846E5
:105D7000704700BF002849D070B51546C2B09AB12F
:105D80001E466A4601AB0C4603F0F0F98446B8B9EA
:105D9000009971B1072919D04B1E052B3AD8DFE8BD
:105DA00003F026292C2F321D4FF00B0C604642B019
:105DB00070BD07290AD0002360462B6042B070BD39
:105DC00008F056FA8446604642B070BDFF2CF2D906
:105DD0002960002EEAD0FE233360E7E706232B601C
:105DE000002EE3D0019B6046336042B070BD0123BA
:105DF0002B60F5E702232B60F2E703232B60EFE72C
:105E000004232B60ECE705232B60E9E74FF00B0C34
:105E1000604670470B46044A4FF4807102A801F0B7
:105E200027F84FF0010CC1E7EC43020868B170B5E8
:105E30000D4616460446EAF7B3FA334601462A46AB
:105E40002046BDE87040FFF795BF0B20704700BFAC
:105E500010B5084C864684460FCCACE80F000FCC3A
:105E6000ACE80F000FCCACE80F0023687046CCF80C
:105E7000003010BD4C44020818B1006B003818BF48
:105E8000012070472DE9F04182B0002800F0958094
:105E9000066B0446002E00F08C80F06B02F07CFC58
:105EA000256B061E18BF4FF46176002D00F081802F
:105EB00000272068D5F84C80A96D67602F6020B15D
:105EC0000191C047256B01992760A86820B1C047A0
:105ED000256B0023C5E901334FF00008A068EF6C83
:105EE000A96DC4F80C80C5F80C8028B1B847256BA3
:105EF000C4F80880EF6CA96D4FF000086869C5F818
:105F0000108028B1B847C5F81480256BEF6CA96DD7
:105F10004FF000082069C4F81480C5F8408028B10B
:105F2000B847256BC4F81080EF6CA96D4FF00008DE
:105F3000A069C4F81C80C5F8188028B10191B84741
:105F4000256B0199C4F81880286A20B1B847256BE1
:105F50000023C5E907330027206AD5F84C80A96DD6
:105F600067626F6220B10191C047256B019927627A
:105F7000E86A20B1C047256B0023C5E90A33002732
:105F8000A06AD5F84C80A96DE7622F6320B101911A
:105F9000C047256B0199A762A86B20B1C047256B4C
:105FA0000023C5E90D33EB6C2846A96D9847002303
:105FB0002363304602B0BDE8F0810B26304602B0C4
:105FC000BDE8F08118B338B5036B04460BB319B3C1
:105FD0001D684068854217D2681C1860236843F822
:105FE000251002B115600846FFF7DEFA50B1236BA9
:105FF000426800209B6843F82520226B53680133D8
:10600000536038BD012038BD40F2863038BD0B20CA
:1060100070474FF4617038BD0B2038BD002874D034
:10602000036B10B50446002B71D0006838B162686C
:10603000002192000AF064FF236B00221A60A0681E
:1060400038B1E268002192000AF05AFF236B002267
:10605000DA60A06938B1E269002192000AF050FFCD
:10606000236B00229A61206A38B1626A0021920093
:106070000AF046FF236B00225A62A06A38B1E26A36
:10608000002192000AF03CFF236B00221A63206972
:1060900038B16269002192000AF032FF236B0022BE
:1060A0001A64986838B15A68002192000AF028FFF3
:1060B000236B00225A60586938B11A690021920096
:1060C0000AF01EFF236B00221A61186A38B1DA69E0
:1060D000002192000AF014FF236B0022DA61D86AD3
:1060E00038B19A6A002192000AF00AFF236B00225D
:1060F0009A62986B40B15A6B002192000AF000FF3F
:106100000023226B1846536310BD0B2070474FF4D9
:10611000617010BD002800F080812DE9F04F046B04
:1061200083B00546002C00F07A814FF000091F462D
:10613000D4F858A088461646D4E913B3C0F80490A2
:10614000C4F80090002900F0BF808C00524600681F
:10615000214601939847019B2860002800F0F680B3
:106160002246494601930AF0CBFEC5F80480524608
:10617000D5F830802146019BD8F80800C8F8049073
:1061800098472B6BC8F808009B68002B00F04A81E9
:106190002246494618460AF0B3FE2C6B4FF0000821
:1061A000D4F85890D4E91323C5F80C80C4F80C80B7
:1061B000002E40F09B80A86828B1494690472C6B80
:1061C000AE60D4F858904FF00008F619C4F810806B
:1061D00040F0A280606930B14946E36C984766613F
:1061E0002C6BD4F858900026D4E913A86E6126646D
:1061F000002F40F0AF80286938B14946D0472C6B5A
:106200002F61D4F85890D4E913A800260C9BEE61B6
:10621000A661002B40F09380A86920B14946D04781
:106220000C9B2C6BAB61206A28B14946D0472C6B84
:106230000023C4E9073300260D9BA76DD4E9138919
:106240006E626662002B00F098804FEA830A3A463D
:10625000286A5146C8472862002877D052463146FE
:106260000AF04EFE2C6B0D9B3A46E06A51466B627B
:10627000A662C8472B6BE062DC6A002C00F0F2805B
:106280002046524631460AF03BFE2C6B00260E9B00
:10629000A76DD4E91389EE622663002B40F0978046
:1062A000A86A20B13946C0470E9B2C6BAB62A06B2D
:1062B00000284CD03946C04700232A6B1846C2E953
:1062C0000D3303B0BDE8F08F006820B15146D847C8
:1062D0002C6BC5F80080A06800283FF45FAF5146E2
:1062E000D8472C6B0023C4E9013357E7B4004A4672
:1062F000A86821469847A86040B3224641460AF064
:10630000FFFD4FF000082C6BEE60F619D4F85890A2
:10631000C4F810803FF45EAFB6004A46236D606952
:106320003146984781466061002800F084803246FB
:1063300041460AF0E5FD2C6BD4F8589053E79C00D9
:106340004A46A8692146C047A86140BB0A2003B05D
:10635000BDE8F08FBC004A4628692146C047286145
:106360000028F3D0224631460AF0CAFD2C6B6F613B
:10637000D4F85890D4E913A847E7286A20B13946E1
:10638000C0470D9B2C6B2B62E06A00283FF47EAF68
:106390003946C0472C6B0023C4E90A3376E722460E
:1063A00031460AF0ADFD2F6B0C9B4A46386A2146F8
:1063B000EB61FE61C0472B6B38621F6A002F4AD029
:1063C0002246314638460AF09BFD2C6B33E79C0091
:1063D0003A46A86A2146C847A8620028B6D0224695
:1063E00031460AF08DFDD5F830A00E9B3A46214685
:1063F000DAF83800EB62CAF83460C8472B6BCAF889
:1064000038009B6B002B34D02246314618460AF0E8
:1064100077FD304603B0BDE8F08F0B2070474FF496
:10642000617094E7286851460193D847019B0A2080
:10643000C5E900338BE72B6BA868996DDB6C984737
:106440002B6B2869DA6C996DC5E9029990470A208F
:10645000C5E904997BE7A8694946D0470A20C5E900
:10646000067774E7286A3946C0470A20C5E9084418
:106470006DE7A86A39460193C047019B0A20C5E928
:106480000A3364E72DE9F04F85B005460E461746FE
:1064900012A89846DDF8449000F0F0FA002D72D072
:1064A00080F00100C0B200286DD1D5F830A0BAF15B
:1064B000000F04D06424204605B0BDE8F08FB9F188
:1064C000000F60D04846FDF7FDFE002868D0129B03
:1064D0005C20169998472863002863D05C225146B7
:1064E0000AF00EFD12ACD5F830B0DDE90F320BF139
:1064F000480CCBF8449003EB020E0E9BD9F80090A9
:106500009E440FCCCBE901AACBE904AACBE907AAA8
:10651000CBE90AAACBE90DAABE44ACE80F00236878
:106520000EEB460109F12800CCF8003002F02AF900
:106530002B6BCBF83C00D86B50B3109C43463A46CB
:106540003146029428460F9C01940E9C0094FFF75C
:10655000E1FD04460028AED02B6B2BBB002628465D
:106560003346324631460096CDE90166FFF7D2FD4B
:10657000286B00289FD0C36C816D984720462E63FE
:1065800005B0BDE8F08F0B24204605B0BDE8F08FC4
:10659000012402F001F9002818BF4FF46174DDE70F
:1065A000652488E70A2486E7D86BF2E718B338B584
:1065B000036B04460BB319B3DD68C068854217D27C
:1065C000681CD860A36843F8251002B1156008461E
:1065D00008F002F950B1236B426800205B6943F870
:1065E0002520226B13690133136138BD012038BDAA
:1065F00040F2863038BD0B2070474FF4617038BDD3
:106600000B2038BD28B338B5036B04461BB329B340
:10661000186C6569A84219D2451C1D64236943F8AA
:10662000201002B110600846FFF79AFB68B1226B98
:10663000E368156C013B1D4408F0CEF880B1236B74
:10664000426800205B6943F8252038BD40F286305F
:1066500038BD0B2070474FF4617038BD0B2038BD3A
:10666000012038BD18B338B5036B04460BB319B31A
:106670009D69C069854217D2681C9861A36943F877
:10668000251002B115600846FDF740FD50B1236B9F
:10669000426800201B6A43F82520226BD36901332E
:1066A000D36138BD012038BD40F2863038BD0B20A3
:1066B00070474FF4617038BD0B2038BD18B338B542
:1066C000036B04460BB319B35D6A406A854217D267
:1066D000681C5862236A43F8251002B11560084609
:1066E000FEF7C2FD50B1236B42680020DB6A43F81D
:1066F0002520226B936A0133936238BD012038BD97
:1067000040F2863038BD0B2070474FF4617038BDC1
:106710000B2038BD000000002DE9F04F2DED028B5D
:106720008DB0CDE90423002800F04F81066B0546AB
:10673000002E00F01A81436883B9EB6873B96B6966
:1067400063B9EB6953B96B6A43B9EB6A33B940F289
:1067500085300DB0BDEC028BBDE8F08F049B326C30
:10676000012B059B73F10003C0F2F880DDE904877B
:10677000002A00F00F810024134640F221393246EE
:10678000A246A3469FED988B14E00028E1D1DDE9F5
:106790000823424573EB070103DA90461F464FF08A
:1067A000010B2A6B136C01344AF1000A9C427AF106
:1067B000000128D2286908A9A60050F82400002862
:1067C000F1D0EB68D2F814C023445CF823E0BEF1AA
:1067D000000F06D013694CF823E0013313612B69D5
:1067E00098598DED088BFFF789FA4845CDD12B6973
:1067F000002201349A512A6B4AF1000A136C9C4220
:106800007AF10001D6D359461646DDE90432134326
:1068100040F0B480002300220C46CDE90823CDE9E6
:106820000A2308AB029306F13403F26B06F1100160
:106830000093301D06F11C03019206F1280201F0BD
:106840003DFE2B6B80461A6CE2B14FF000094F46BB
:106850002A690DF11F014FEA890652F8290060B13B
:106860008DF81F70FFF70EFA00287FF472AF9DF8C5
:106870001F300BB92A6993512B6B09F101091A6C6E
:106880004A45E5D838F0020076D16F687FB10246FC
:1068900002E00132BA420AD0996851F82210002968
:1068A000F7D12E6846F822100132BA42F4D1EF68CF
:1068B0007FB1002202E00132BA420AD0596951F890
:1068C00022100029F7D1AE6846F822100132BA42F0
:1068D000F4D1EF697FB1002202E00132BA420AD05E
:1068E000196A51F822100029F7D1AE6946F8221032
:1068F0000132BA42F4D16F6A7FB1002202E0013264
:10690000BA420AD0D96A51F822100029F7D12E6A6A
:1069100046F822100132BA42F4D1EF6A7FB1002268
:1069200002E00132BA420AD0996B51F822100029D4
:10693000F7D1AE6A46F822100132BA42F4D1B8F16A
:10694000020F7FF406AF84F00103DBB2002B18BF07
:1069500002200DB0BDEC028BBDE8F08F002A3AD0CA
:106960004FF0FF386FF0004705E74FF461700DB04E
:10697000BDEC028BBDE8F08F0120EAE6049B0C46DB
:10698000012B059B73F10003A8BF44F0010414B967
:10699000234647E71146002F02DA4FF0000847462A
:1069A0000C464046394612A3D3E90023E9F7BCFE62
:1069B0000FA3D3E90023CDE9080140463946E9F7A2
:1069C000B3FECDE90A2308AB2CE70B200DB0BDECDC
:1069D000028BBDE8F08F11464FF0FF386FF0004793
:1069E00013E700BFAFF30080FFFFFFFFFFFFFF7F54
:1069F00000CA9A3B0000000009F0F0B809F08EBA16
:106A000009F06AB909F060B910B5054C86468446AC
:106A10000FCCACE80F0023687046CCF8003010BDF6
:106A200080440208A8B10268A2B14168A1B110B4C3
:106A3000C46864B1806838B1084B1A600022C3E9A9
:106A400001100120C3E903425DF8044B7047204662
:106A5000FAE7704710467047084670474C07002415
:106A600010B5054C864684460FCCACE80F00236871
:106A70007046CCF8003010BD4C07002458B10368B4
:106A800043B1436833B1C36823B18068003818BF8D
:106A9000012070471846704780EA1041164A174B8C
:106AA0004FF0010C81F03D0101EBC10181EA1111B0
:106AB00002FB01F181EAD131A3FB01231B0903EBA6
:106AC0004302C3EBC203D0B4C91A0D4C6218D2E81A
:106AD0004F3FC2E846CF002EF9D1DBB2BFF35B8F48
:106AE000002BF4D1D0E90067BFF35B8F63543046CD
:106AF0003946D0BC704700BF2DEBD427C94216B22F
:106B000068B1012470B580EA104E1649164C8EF01B
:106B10003D0E0EEBCE0E8EEA1E1E01FB0EFE13493D
:106B20008EEADE3EA1FB0E514FF00105090901EB93
:106B3000410CC1EBCC01AEEB010E04EB0E0CDCE81A
:106B40004F1FCCE8465F002EF9D1C9B2BFF35B8F6F
:106B50000029F4D1C0E90023BFF35B8F04F80E10C5
:106B600070BD00BF2DEBD42768B10124C94216B215
:106B700080EA104C17498CF03D0C0CEBCC0C8CEAE5
:106B80001C1C01FB0CFC14498CEADC3C70B58646ED
:106B9000A1FB0C01114D4FF00100090901EB41046B
:106BA000C1EBC401ACEB010C05EB0C01D1E84F4F7C
:106BB000C1E8460F002EF9D1E4B2BFF35B8F002C81
:106BC000F4D1DEE90001CEE90023BFF35B8F05F8C5
:106BD0000C4070BD2DEBD427C94216B268B1012418
:106BE00068B110B50C4629B109F026F820B1206033
:106BF000002010BD034810BD034B236010BD0348A7
:106C0000704700BFB0440208544802089444020888
:106C1000064B1B783BB1064B1A780AB901221A7051
:106C2000044B18787047044B187870477FB10124E3
:106C300091B1012490B10124CC440208000000006D
:106C40009FED077B0023084A08481380084903701A
:106C50000B7082ED027B074A13707047AFF3008020
:106C6000000000000000000080B1012491B1012467
:106C700090B101247FB101240020704782B0002030
:106C80008DE80C0002B0704784B000200DF1040CB8
:106C900004B08CE80E0070470FB4F0B583B008ACB8
:106CA0000E9E84E80F0026B308A8FFF7E7FE00B3A6
:106CB00000210FAB32460846CDE9003300F006F95B
:106CC000431C054615D0471C0D9B9F4201D95D1EF4
:106CD0001F46089B38460C999847044648B13246EF
:106CE0003946019B00F0F2F8002809DB00236355C8
:106CF00000E00024204603B0BDE8F04004B0704737
:106D00002046099B0C9900249847F3E72DE9F04FA2
:106D10002DED028B87B0002680468A4600900846FB
:106D200008EE102A99461025E9F73AFB3746B34694
:106D300001901EE00BF1010B019B5E4504EB030883
:106D400011D22E44D9F80830D9F8102005EB4505AA
:106D5000B1009847002800F08880B5F5801F0746ED
:106D600028BF4FF48015009A07EB8B03A41A43F851
:106D7000044C514640460AF0EAF804463846002CD6
:106D8000D8D14046E9F70CFB009BA8EB030808EBC1
:106D900000040294BBF1000F45D018EE100AE9F789
:106DA000FFFA019A0646D9F80030821AD9F8101075
:106DB0000BFB0242501C059298478246002854D093
:106DC0003A683D46009901240AF0BDF93B68CDE9D7
:106DD000037A0AEB030818EE107ADDF800A0CDF86C
:106DE0000090DDF80490324639464046B0440AF03F
:106DF000AAF955F8042BA3454A440AEB02012AD00C
:106E00002868821A404690440AF09DF9621CA34506
:106E10001446E8D8DDF80090DDE9037A0023059AEE
:106E20000AF802300BE02046D9F80030D9F81010EB
:106E300001309847824610B100990AF07CF9384633
:106E4000D9F80430D9F810109847504607B0BDEC77
:106E5000028BBDE8F08F029B4046DDF800909A1A45
:106E6000DDE9037A0AF06FF9D8E74FF0000AE6E7A8
:106E70000CB430B583B006AB53F8042B0193E2B1E8
:106E8000B0FA80F4B1FA81F550EA010C4FEA5414DB
:106E90004FEA551508D084B97DB909F065FF03B0F4
:106EA000BDE8304002B070476146604609F05CFFC3
:106EB00003B0BDE8304002B070470AF00FF9162267
:106EC00003464FF0FF301A60E9E700BF70B5B2B17A
:106ED000B0FA80F4B1FA81F550EA010C4FEA54148B
:106EE0004FEA551505D054B94DB9BDE8704009F0C9
:106EF0003BBF61466046BDE8704009F035BF0AF00F
:106F0000EDF8162303604FF0FF3070BD84B070B50C
:106F100082B0054607AC84E80E00B0B1E9F740FA4C
:106F2000421C079B06460B9910460192984704465F
:106F300028B1019A29460AF006F90023A3552046F4
:106F400002B0BDE8704004B070470446F7E700BFE8
:106F500082B0F8B506AC054684E80C0088B14F1C39
:106F60000E460A9938469047044628B13A462946C3
:106F70000AF0E9F80023A3552046BDE8F84002B026
:106F800070470446F8E700BF0020014B18607047C7
:106F900094B1012400285ED02DE9F0410C4601682F
:106FA00082B0054629B1CB68A34206D91C46002908
:106FB000F9D11F2002B0BDE8F0818B68A34246D012
:106FC0000E6A002C33D0B4F1804F42D2A700D1F822
:106FD0001880086832463946C047002839D02B68E7
:106FE0003246394618605868C047002831D02D68AD
:106FF000AB686860A34225D22A6800EB070C9900B1
:1070000002EB830E00EB8306E64503D202EB070C8E
:10701000664522D3E31A704600219A00019209F0D6
:107020006FFF019A0021304609F06AFF0AE04F69BC
:1070300008683146B8472B68314658681C60B84725
:107040002D686C600020AC6002B0BDE8F0810020CB
:10705000B0E70A20AEE70B2070470B1F184413441B
:10706000043A1744002243F8042FBB4240F8042F8F
:10707000F9D1E7E782B070B504AC84E80C0080B3C6
:10708000066804462EB11E252846BDE8704002B0B1
:10709000704704A80D46FFF7F1FC10B3049B2420B1
:1070A00008999847206010B30DF1100E00F1100CF4
:1070B000C0E90066C0E90266BEE80F00ACE80F0058
:1070C000DEF8003029462046CCF80030FFF762FF9A
:1070D00005460028D8D0059B089920689847266067
:1070E000D2E70B252846BDE8704002B070470A255C
:1070F000CAE700BF2DE9F04182B000283AD0046809
:107100000646002C32D0A3682BB3002522682F46F8
:1071100052F82500E0B1216AD4F814800191C047EB
:107120000199D4E9003243F8257052F82500C04790
:10713000E3686268013B42F825700135E36034681A
:10714000A3689D4207D2226852F825000028E2D1A8
:1071500001359D42DCD300213046FFF71BFF04467A
:1071600020B930684369016A98473460204602B00C
:10717000BDE8F0810B24204602B0BDE8F08100BFDD
:1071800078B32DE9F84FD0F800B0BBF1000F1FD055
:10719000B1FA81F488466409D1B1DBF80870DBF8F4
:1071A0000060AFB19146043E56F8045F4FEA840A8E
:1071B0000134284655B1E9F7F3F80246294640461E
:1071C0004A4538BF4A4609F0B0FE20B1A742EBD18C
:1071D0000020BDE8F88FDBF8043053F80A00BDE862
:1071E000F88F704700B370B584B00446012069463B
:1071F000F6F706FFDDE90031002912DB53EA010250
:10720000029D01D1002D0CDB084E0020A3FB0632AD
:107210005B1906FB012242EBE572C4E9003204B0BF
:1072200070BD022004B070BD0B20704700CA9A3BAD
:1072300000B370B584B0044600206946F6F7E0FE5E
:10724000DDE90031002912DB53EA0102029D01D180
:10725000002D0CDB084E0020A3FB06325B1906FB59
:10726000012242EBE572C4E9003204B070BD022095
:1072700004B070BD0B20704700CA9A3B00000000AC
:1072800010B50446103000F00FF800232046A3602C
:10729000A364E3649FED027B84ED007B10BD00BF1F
:1072A000000000000000000010B504463822002154
:1072B00009F026FE04F1100001F028FE4FF0FF3324
:1072C0002046E36010BD00BF70B4059CDDE9036596
:1072D0007AB173B1002E18BF002D0AD04CB1646B87
:1072E000207400206562C4E90512C4E9073670BC49
:1072F00070470B2070BC704770B528B10446006819
:107300000D4601F0F1FD10B90124204670BD6368FF
:10731000002BF9D0002DF7D0286801F0E5FD0028FA
:10732000F2D06E68002EEFD0646832692069D0F820
:10733000883300F52870196802F0C0FF0246206902
:10734000D0F89033D0F8881301F054FD20693269E9
:10735000D0F8883300F52870196802F085FC0246E1
:107360002069D0F89033D0F8881301F043FD03462C
:107370002846002B14BF0024022401F019FCC4E7A6
:10738000014B1868704700BF784C020884B0F0B514
:1073900083B009AD85E80E0030B104462846FFF7FA
:1073A0006DFB08B1A6682EB10B2003B0BDE8F0401C
:1073B00004B070470022002304F1200CDFF898E0AD
:1073C0006F46C4E90023204B1B68A3600FCDACE8D7
:1073D0000F002B683846CCF80030C4F81CE0E6609B
:1073E00001F094FD04F11003032297E8030083E801
:1073F000030016481649267601F01AFB134807F0D9
:10740000C7FBF0B1134A8368516863631078596110
:10741000D1681874D9611169196251699268596209
:107420009A6104F05DFF08F00DFD08F039FD636B13
:1074300098620028F9D0002003B0BDE8F04004B005
:1074400070470120B1E700BF784C020850080224C1
:1074500048B3012498B1012498420208002847D07B
:1074600070B50D4649B10446806820B1224B1968B9
:10747000E8F736FFA8BBAB681BB14FF00B0C6046BA
:1074800070BD23462A4604F13006D3F800E01033DD
:1074900053F80CCC103253F8080C53F8041CB342C8
:1074A00042F810EC42F80CCC42F8080C42F8041CEC
:1074B000EBD119685B6811481160536007F068FBF5
:1074C00098B183684FF0000C6B63656B03F1100497
:1074D00010350FCD0FC495E8070084E8070060461B
:1074E00070BD4FF00C0C604670BD4FF0010CC6E74C
:1074F0004FF00B0C60467047784C0208500802248D
:1075000010B58EB088B304462030FFF7B7FA60B3E9
:10751000A06820B11A4B1968E8F7E2FE68BB194B66
:10752000196831B3626B01E0496811B38B689A4204
:10753000FAD1144807F03CFB6846FFF7B5FEEE466B
:10754000A4460024BEE80F00ACE80F00BEE80F0020
:10755000ACE80F00BEE80F00ACE80F009EE80300A7
:107560008CE8030020460EB010BD0B2420460EB060
:1075700010BD012420460EB010BD0C24F2E700BF60
:10758000784C0208500802242DE9F04383B000280B
:1075900000F0D3800E46002900F0CF80436B0546F3
:1075A000002B00F0CA80784B80681F6828B13946EC
:1075B000E8F796FE002840F0CA80744C4FF00008AF
:1075C00073497448D5E90023B760C6E90023EB6826
:1075D0000122B36401F0CCF9204606226E4901F085
:1075E00007FA6C4884F80D8007F0D2FA002800F002
:1075F000A9808468686B04F11009416A90F810C092
:10760000D0E9062301916146006A0090484602F0E5
:10761000A9FD4FF47A7204F5805360496048C4E9CB
:10762000E32204F55E72C4E9E122C3F894850122E5
:10763000C3F89885C3F89C85C3F8A085C4E9DA78B7
:10764000F46401F075F906225649574801F050F9E3
:1076500006225649564801F02BF901225549564851
:1076600001F0E6F801225549554801F001F90C22D4
:107670005449554801F09CF903225449544801F0FB
:10768000D7F904225349544801F0F2F953495448B8
:10769000042201F00DFA4246696BF06C00F0F6FE30
:1076A0000746002858D16B6B04F5287504F5227144
:1076B0009A6A284602F088FF22464A49284602F084
:1076C000A7FF3A464849284602F09EFF3A464749F6
:1076D000284602F0A1FF3A464549284602F0A0FF9D
:1076E000B4F89822042304F565719200284602F04C
:1076F000D7FFB4F89822042304F694319200C4F81A
:107700007403284602F0A2FFC4F87803284602F06A
:10771000C1FF41F29431C4F8800328462144B4F8F3
:10772000982202F081FFC4F87C03284603F070FD24
:10773000F8B1384603B0BDE8F0830B27384603B0F4
:10774000BDE8F0830127384603B0BDE8F0830C277D
:10775000384603B0BDE8F083484602F041FD2146BB
:107760000C4807F025FA3846C6F84C8003B0BDE84F
:10777000F083484602F034FD2146064807F018FA27
:10778000F7640127D5E700BF784C0208A00802245F
:1077900048BA012490080224F0CF0124CCB301247C
:1077A0006008022470010224B008022470B401248D
:1077B0007008022480B901248008022400B2012448
:1077C000F0B1012480060224C008022448B3012439
:1077D00050080224D0070224D0080224C8B2012491
:1077E00040080224C9E90108C1E9010861EA010869
:1077F000FDEA0108174BC16C70B51C68054634B32F
:107800000026D4E9014002698A4218D0002CF8D140
:1078100089B1D1F8883301F528709B78012B14BF0A
:107820000A21002103F0CCFCE86C01F061F9E86C5E
:10783000103002F0D5FC00233046EB6470BD1830E8
:1078400000F09CF8E96C0646002CDAD1E0E7264609
:10785000DEE700BF600802242DE9F04383B0002B6F
:1078600064D0064638480F4690461D4607F090F90A
:1078700000285BD08468EB6C04F12C0904F1180536
:107880002361FFF77DFDC4F82090C4E9060430466B
:10789000E8F786FD421C3C2A40D8484604F16809B6
:1078A000314609F050FC3846C4F82490E8F778FDDA
:1078B000421C3C2A32D83946484609F044FC236928
:1078C000012103F58053B3F894054218A3F89425D9
:1078D00002F08AFC60613B782F2B2CD17B7853BB64
:1078E00033461A4A3C211A4809F09CF920690621BE
:1078F0001FFA88F3D0F8842300F528700191144909
:1079000000911168626902F0FBF902462069D0F823
:107910008C33D0F8841301F06DFA18B9284600258D
:1079200001F0ECF8284603B0BDE8F08300252846B6
:1079300003B0BDE8F0833B46064A3C21009604486C
:1079400009F070F9D2E700BF60080224E0440208A1
:10795000B4B10124A84202088C461146BCF1000FC4
:107960000AD09CF800303BB132B1137823B1034602
:10797000826C6046FFF770BF00207047F8B528B3EF
:107980000746006820B1374B1968E8F7A9FCE8B949
:107990007D68DDB1344B1C68002C60D00026D4E932
:1079A0000141D1F880309D4213D0002CF7D12F4BEC
:1079B0001C68C4B1D4E901410B6A9D42F9D17C3104
:1079C000384600F0ADFC01280646F2D101263046CB
:1079D000F8BD8431384600F0B1F901280646F5D0EB
:1079E000002CDCD1E3E7224B1C686CB1D4E90141E7
:1079F0008B6F9D42F9D17C31384600F043FB012862
:107A00000646E3D0002CF1D11A4B1C686CB1D4E9C6
:107A100001418B6F9D42F9D17C313846FFF76CFCF8
:107A200001280646D2D0002CF1D128696A69D0F825
:107A3000883300F52870196802F016F902462869A3
:107A4000D0F88813D0F8903301F0D4F903463846C3
:107A5000002B08BF022601F051F83046F8BD26463B
:107A6000A5E700BF784C020870080224B008022481
:107A700080080224F0B101244368186900F55A70A7
:107A8000704700BFC96F03F0FDB900BF002853D095
:107A900070B50D468EB000294BD00446006801F049
:107AA00023FA002845D06668002E42D0B4692846E3
:107AB00023699847F369059013B105A8984705987D
:107AC000D6F880301B69009003F52870726906AB08
:107AD000B16F04F0A5FCD8B1A36806A92846984761
:107AE000336A04460BB106A8984796F87A30012B02
:107AF000D6F8803022D01869F16F00F5287003F0B5
:107B0000C1F92040C4B284F00100C0B20EB070BD13
:107B1000D6F880301869059B029600F5287000930E
:107B2000094B019306AB7269B16F04F0A9FC002800
:107B3000D2D101200EB070BD01207047186900F548
:107B4000287002F0E5FDDEE7857A01082DE9F04FA7
:107B500087B0002800F0D2800E46002900F0CE80C9
:107B60000446006815461F4601F0BEF980F001008A
:107B7000C0B2002840F0C280002D00F0BF802B78FA
:107B8000002B00F0BB80002F00F0B8805E48D4F8D6
:107B9000049006F0FDFF002800F0B080846804F136
:107BA0009C0AC4F88840FFF7EBFBC4F88400C4F8D3
:107BB0008CA02846E8F7F4FB013004F184083C2847
:107BC00000F28F802B46514A3C21504609F02AF89A
:107BD0004FF47A7339465022E36704F12800C4F861
:107BE000809009F0B0FA3B7A30464949022BD9F827
:107BF00010300CBFD3F87C33D3F87833A36700235D
:107C0000C4E9073301F084FB00286AD04268A2610E
:107C1000002A66D029463B46484607F007F86062CE
:107C2000002862D0D9F810300321062503F58053CF
:107C3000B3F89805421CA3F8982502F0D5FAD4F8B9
:107C40008020D9F810302061D3F884331069009572
:107C500000F5287019682269D9F8143002F0B8F8D4
:107C60000246D9F81000D0F88C33D0F8841301F014
:107C7000C1F8B0B3D9F8103005210DF1100A03F5A1
:107C80008053B3F89A05421CA3F89A2502F0ACFA87
:107C9000D4F88030394660611E695046D9F81030FA
:107CA000D4F824B006F52876D3F8847301F0BEF832
:107CB00003959AE8030001903046ADF80810DBF810
:107CC000103000933968D4E9043202F0E1F802463A
:107CD000D9F81000D0F88C33D0F8841301F08AF86A
:107CE00070B9606A08B100F079FF40464FF00008B3
:107CF00000F01CFF404607B0BDE8F08F4FF00008D1
:107D0000404607B0BDE8F08F70080224E044020846
:107D1000EC3F020878B110B5B1FA81F4640941B1C1
:107D200043685022084603F1280109F00CFA204666
:107D300010BD0B2010BD0B20704700BF2DE9F04196
:107D400028B1044600680D4601F0CEF818B90124A8
:107D50002046BDE8F0816368002BF8D0B5FA85F4C1
:107D60006409002DF3D0286801F0BEF80028EED099
:107D70006E68002EEBD0706AD6F8807006F0A6FF11
:107D8000D6F8803072691869D0F8883300F5287009
:107D9000196801F069FFD6F88030804632691869A9
:107DA000D0F8883300F52870196801F05DFF0646A9
:107DB00038694246D0F89033D0F8881301F01AF8A9
:107DC0003F6932460646D7F890333846D7F88813CD
:107DD00001F010F826B118B1284600F0A7FEB7E769
:107DE0000224F9E72DE9F043044600688BB00E4603
:107DF000154628B1214B1968E8F772FA002839D1E5
:107E0000646800276369D4F878809B689847D0F845
:107E100004903046D9F810309847D8F810300090C8
:107E200003F52870226902AB216F04F0F9FAC5E965
:107E3000000798B1D9F8083002A93046984794F85D
:107E40007230D8F81000012B0CD0616F00F528704B
:107E500003F018F838460BB0BDE8F08301200BB0F2
:107E6000BDE8F08300F5287002F052FC38460BB0F4
:107E7000BDE8F0830C200BB0BDE8F083784C02081D
:107E80002DE9F0430546006889B00C4690461E4631
:107E900028B1284B1968E8F723FA002846D10EB11B
:107EA00000233370D5F8049000F026FF484600F018
:107EB000FBFE0746B0B38568D5F83828D5F83C38BE
:107EC000C4E9083295F837382374B5F8342895F8A2
:107ED0003638A4F81120E374D5F82818D5F82C28E2
:107EE000D5F830386161A261E361D9F814309B683C
:107EF00098474468D5F8102805F110016846FBF74B
:107F0000E9F84146E36868469847394604460A4816
:107F100006F04EFE06B1347084F00100C0B209B024
:107F2000BDE8F083012009B0BDE8F0830C2009B062
:107F3000BDE8F083784C0208A0080224F0B505469D
:107F4000006891B00C46164628B1294B1968E8F72D
:107F5000C7F9002841D16D68A1686068AF6FD4E9A6
:107F6000043207932346069213F8012B9B788DF871
:107F700017208DF81630B4F80130E268ADF81430EF
:107F800002AB6C6907C3E3689847446830462369CD
:107F9000984700F118033869009308AB00F5287082
:107FA0002A69296F04F03CFA10B9012011B0F0BD24
:107FB00002A908A805F07AFBA36808A930469847EB
:107FC00095F872303869012B0AD0696F00F5287076
:107FD00002F058FF002011B0F0BD0C2011B0F0BD30
:107FE00000F5287002F094FB002011B0F0BD00BF36
:107FF000784C02082DE9F0410446006888B00F462D
:1080000090461D4620B11D4B1968E8F769F968BB19
:108010000DB100232B70646800F06EFE204600F066
:1080200043FE064630B363698468DB6804F5036287
:1080300052E90201C7E9080198474768D4F81028B7
:1080400004F110016846FBF745F84146FB686846B5
:108050009847314604460A4806F0AAFD05B12C703F
:1080600084F00100C0B208B0BDE8F0810C2008B077
:10807000BDE8F081012008B0BDE8F081784C02082D
:10808000A008022470B528B1044600680D4600F02F
:108090002BFF10B90124204670BD6368002BF9D076
:1080A000002DF7D0286800F01FFF0028F2D06E687E
:1080B000002EEFD0646832692069D0F8883300F56B
:1080C0002870196802F0FAF802462069D0F8903357
:1080D000D0F8881300F08EFE20693269D0F888331A
:1080E00000F52870196801F0BFFD02462069D0F83C
:1080F0009033D0F8881300F07DFE03462846002B0D
:1081000014BF0024022400F03DFDC4E72DE9F04F28
:108110008DB0002900F0D8800446002800F0D480FB
:1081200000680E4615461F4600F0DEFE80F0010096
:10813000C0B2002840F0C880002D00F0C5802B7828
:10814000002B00F0C180002F00F0BE806748D4F8FB
:10815000049006F01DFD0446002800F0B680D0F81B
:10816000088008F1980AC8F88080FFF709F9C8F874
:108170007C00C8F884A02846E8F712F9013008F11D
:108180007C043C2800F2A5802B46594A3C215046ED
:1081900008F048FD3946502208F12800C8F8209020
:1081A00008F0D1FF3046534901F0B2F8002800F042
:1081B00090804268C8F81820002A00F08A8029467A
:1081C0003B46484606F032FDC8F81C00002800F087
:1081D0008580D9F810300421062503F58053B3F8C3
:1081E0009C05421CA3F89C2501F0FEFFC8F8100076
:1081F000D9F81000D0F8843300F52870009519687C
:10820000D8F81020D9F8143001F012FE0246D9F83F
:108210001000D0F88C33D0F8841300F0EBFD002868
:1082200057D0D9F81030294608AE03F58053B3F87B
:108230009E05421CA3F89E2501F0D6FFD9F810A098
:10824000D8F81C303946C8F814003046DAF884B340
:10825000059300F0EBFD0395059B96E80300019064
:108260000AF52870ADF808101B690093DBF80010C0
:10827000D8E9043201F082FE0246D9F81000D0F8A5
:108280008C33D0F8841300F0B5FD10B33B7A4FF671
:10829000FF72D9F81000022B0A92D0F884134FF025
:1082A000000208BFD0F8803300F5287018BFD0F85E
:1082B000D4300B9207930AAB0093079BD8F8142095
:1082C000096801F0C1FF00E0002420460DB0BDE8C0
:1082D000F08FD8F81C0008B100F080FC2046002484
:1082E00000F03AFC20460DB0BDE8F08FB008022443
:1082F000E0440208EC3F020878B110B5B1FA81F40D
:10830000640941B143685022084603F1280108F08E
:108310001AFF204610BD0B2010BD0B20704700BF78
:108320002DE9F04128B1044600680D4600F0DCFD5F
:1083300018B901242046BDE8F0816368002BF8D00D
:10834000B5FA85F46409002DF3D0286800F0CCFD5F
:108350000028EED06E68002EEBD0376A726938695B
:10836000D0F8883300F52870196801F0A7FF02469D
:108370003869D0F89033D0F8881300F03BFDF069ED
:1083800006F0A4FC336A72691869D0F8883300F5E6
:108390002870196801F068FC336A804632691869F0
:1083A000D0F8883300F52870196801F05DFC0646A6
:1083B00038694246D0F89033D0F8881300F01AFD9F
:1083C0003F6932460646D7F890333846D7F88813C7
:1083D00000F010FD26B118B1284600F0BDFBA9E75A
:1083E0000224F9E7F0B50446006889B00F46154647
:1083F00028B1244B1968E7F773FF00283ED105B375
:10840000002364682B7000F077FC204600F04CFCE1
:108410000646F0B181686846D1F810281031FAF7A5
:1084200059FEA36939466846DB68984704463146D9
:10843000154806F0BDFB2C7084F00100C0B209B0F5
:10844000F0BD646800F058FC204600F02DFC0546A5
:1084500010B9012009B0F0BDA9686846D1F810280C
:108460001031FAF737FEA36939466846DB6898474A
:1084700029460446044806F09BFBDDE70C2009B0C2
:10848000F0BD00BF784C0208A008022408B508B16E
:1084900000F1100239B14969104601F06DFE80F01B
:1084A0000100C0B208BD044B1046596801F064FEDB
:1084B00080F00100C0B208BD98B101242DE9F0435D
:1084C000984640EA010389B048EA0303129C13432B
:1084D00000F0068105460E4691466CB1A64B04AFEE
:1084E0000FCB87E80F008DE80F0094E80F0000F035
:1084F00031FD002800F00B814FF0FF3700F0FCFB4E
:108500009E4B1C684CB123460021D3E9013202F591
:10851000805282F8A415002BF7D1B9F1000F11D0C9
:10852000D9F8001071B1D9F804C0002301205CF81B
:1085300023200133926F9942126902F5805282F82A
:10854000A405F4D1B8F1000F11D0D8F8001071B122
:10855000D8F804C0002301205CF823200133926F77
:108560009942126902F5805282F8A405F4D185B1CE
:10857000296871B1D5F804C0002301205CF82320DC
:108580000133126A9942126902F5805282F8A405F9
:10859000F4D144B322460023D2E9012101F58051F0
:1085A00091F8A4150B44DBB2002AF5D1002B5FD063
:1085B0007A1C0DD007EE907AF8EEE76A07EE903A53
:1085C000F8EE677A86EEA77AFDEEC77A17EE907A14
:1085D000A06800F5805393F8A435002B40F08D80FF
:1085E0006468002CF4D1B9F1000F00F0A180D9F833
:1085F0000070002F00F0A48000242746D9F8043032
:1086000053F8240000F050FB00283BD00134D9F887
:1086100000300127A342F1D80127B8F1000F10D094
:10862000D8F800306BB10024D8F8043053F8240097
:1086300000F03AFB70B30134D8F800300127A342B0
:10864000F2D8002D35D02B689BB300246B6853F80B
:10865000240000F029FB28B301342B680127A34232
:10866000F4D8002E3CD03468002C39D0012723E008
:10867000A068002100F5287002F0CAFB6468002C95
:10868000F6D1B0E7D9E9003242F824000134A34220
:10869000B4D8C2E7D8E9003242F8240001349C4241
:1086A000C2D3CEE7D5E9003242F824000134A34218
:1086B000CCD8A6B1346894B100231D4604E040F83C
:1086C00023200133A3420AD0706850F823100A7C9B
:1086D000002AF4D0013317460D74A342F4D147B1F8
:1086E000002009B0BDE8F0831EB134682F46002C8D
:1086F000E2D1022009B0BDE8F083394600F52870C8
:1087000002F0A0FB6468002C7FF462AF6BE794E892
:108710000F0000F075FC0023194AE8F755F8B0F196
:10872000004F074671F10003A8BF6FF00047E5E670
:10873000B8F1000F0FD0D8F8003093B14F4672E770
:10874000B8F1000F07D0D8F80030002B7FF46BAFE2
:1087500055B11F4677E7002DC6D02B6843B1474679
:1087600073E70DB14F466EE72F46002EA2D1C0E74A
:108770004746002E9ED1BCE7183D0208900802240F
:1087800040420F0008B5034806F002FA08B18068BD
:10879000103008BDD008022408B5084B196811B97B
:1087A0000AE0496841B18B6810339842F9D1034817
:1087B00006F0FEF9002008BD012008BDD008022403
:1087C000034B186810B1836893F84003704700BFEB
:1087D00090080224054B1B6823B1986800F52870A7
:1087E00001F07ABF00200021704700BF90080224EA
:1087F000054B1B6823B1986800F5287001F07EBF17
:1088000000200021704700BF9008022408B5074BE4
:108810001B684BB10146986800F5287002F0ACFB6C
:1088200080F00100C0B208BD012008BD90080224FC
:10883000E2B12DE9F041057B0646ADB9C8231746E4
:108840000C46A846836040F20113C0E900558381BD
:1088500001352146304606F0ABF9AF42A46004F181
:10886000C80404F8BC8CF3D1BDE8F081704700BFA8
:10887000E2B12DE9F041057B0646ADB9C8231746A4
:108880000C46A846836040F20113C0E9005583817D
:1088900001352146304606F08BF9AF42A46004F161
:1088A000C80404F8BC8CF3D1BDE8F081704700BF68
:1088B000E2B12DE9F041057B0646ADB9D823174654
:1088C0000C46A846836040F20113C0E9005583813D
:1088D00001352146304606F06BF9AF42A46004F141
:1088E000D80404F8CC8CF3D1BDE8F081704700BF08
:1088F000E2B12DE9F041057B0646ADB9D823174614
:108900000C46A846836040F20113C0E900558381FC
:1089100001352146304606F04BF9AF42A46004F120
:10892000D80404F8CC8CF3D1BDE8F081704700BFC7
:10893000E2B12DE9F041057B0646ADB9A423174607
:108940000C46A846836040F20113C0E900558381BC
:1089500001352146304606F02BF9AF42A46004F100
:10896000A40404F8988CF3D1BDE8F081704700BFEF
:10897000EAB12DE9F843057B0646B5B941F2A8589E
:1089800040F2011317460C46A946C0F808808381BF
:10899000C0E9005501352146304606F009F9AF42DD
:1089A000A46084F80C904444F4D1BDE8F883704787
:1089B000E2B12DE9F041057B0646ADB91C2317460F
:1089C0000C46A846836040F20113C0E9005583813C
:1089D00001352146304606F0EBF8AF42A46004F1C1
:1089E0001C0404F8108CF3D1BDE8F081704700BF7F
:1089F000EAB12DE9F041057B0646B5B94FF40463B1
:108A000017460C46A846836040F20113C0E90055A2
:108A1000838101352146304606F0CAF8AF42A46092
:108A200084F80C8004F50464F3D1BDE8F08170474C
:108A3000E2B12DE9F041057B0646ADB92C2317467E
:108A40000C46A846836040F20113C0E900558381BB
:108A500001352146304606F0ABF8AF42A46004F180
:108A60002C0404F8208CF3D1BDE8F081704700BFDE
:108A7000E2B12DE9F041057B0646ADB91C2317464E
:108A80000C46A846836040F20113C0E9005583817B
:108A900001352146304606F08BF8AF42A46004F160
:108AA0001C0404F8108CF3D1BDE8F081704700BFBE
:108AB000E2B12DE9F041057B0646ADB9202317460A
:108AC0000C46A846836040F20113C0E9005583813B
:108AD00001352146304606F06BF8AF42A46004F140
:108AE000200404F8148CF3D1BDE8F081704700BF76
:108AF0000146014806F05CB89008022438B50446E7
:108B0000006828B1074B1968E7F7EAFB40B9206015
:108B1000616829B1002504480D6106F049F86560D7
:108B200038BD00BF784C02086008022410B5044626
:108B3000006828B1064B1968E7F7D2FB38B9206006
:108B4000616821B1034806F033F80023636010BD6B
:108B5000784C02087008022410B50446006828B159
:108B6000064B1968E7F7BCFB38B92060616821B192
:108B7000034806F01DF80023636010BD784C02081E
:108B8000B008022410B50446006828B1064B1968E5
:108B9000E7F7A6FB38B92060616821B1034806F009
:108BA00007F80023636010BD784C02088008022497
:108BB00010B50446006828B1064B1968E7F790FB2A
:108BC00038B92060616821B1034805F0F1FF002346
:108BD000636010BD784C0208F0B1012410B5044662
:108BE0000348214605F0E4FF0023A36110BD00BF48
:108BF000C008022482B02B4930B50D6803AC84E86C
:108C00000C001C46002D4BD02B4600219A685B6857
:108C1000D2F81428904208BF0131002BF6D19DF8FC
:108C20000C30022B29D020D88C4228D8B4FA84F2F8
:108C3000520924B3DDB14FF0FF3C6FF0004401E076
:108C40006D68ADB1AB68D3F814188842F8D1D3F889
:108C5000181803F50263614553F8043C73EB040EE6
:108C6000EEDA8C461C462A46EAE7032BDCD00022CB
:108C70001046BDE8304002B070478C4205D9094823
:108C8000BDE8304002B005F083BFB4FA84F2520967
:108C9000002CEDD10348BDE8304002B005F078BFAC
:108CA0002946BCE7A0080224124B1B6830B5F3B17B
:108CB0004FF0FF3E6FF0004C002401E05B68A3B171
:108CC0009A68D2F814188842F8D1D2F8181802F528
:108CD0000262714552F8042C72EB0C05EEDA1C4668
:108CE0005B688E469446002BEAD1204630BD1C4678
:108CF000204630BDA00802243D4B2DE9F04F1F68EF
:108D00002DED068B8DB0FFF773FD002F5DD0B846BB
:108D100081468A4604ACD8F8085095F82038042BD0
:108D20009FED2D8B9FED2EAB9FED2F9B3FD0052B05
:108D300044D0032B3BD08DED048B8DED06AB08ABFF
:108D40008DED088B8DED0A8B0FCB8DE80F0094E82D
:108D50000F0000F0FFF818B18DED049B8DED068B30
:108D6000D5F8186805F5026555F8047CD8F804B004
:108D700094E80F0000F044F9301847EB0101484532
:108D800071EB0A0305DB55E9022391457AEB0303F6
:108D900003DA4146164805F00BFFBBF1000F14D073
:108DA000D846D8F8085095F82038042BBFD1D5F80C
:108DB000143840330FCB84E80F00C0E7D5F81438DF
:108DC00048330FCB84E80F00B9E70DB0BDEC068B3C
:108DD000BDE8F08FAFF3008000000000000000004D
:108DE00001000000000000001E0000000000000064
:108DF000A008022410B58C7886B0012CADF80E20A6
:108E00000CD0012419460DF10E020DF11703009448
:108E100000F5287002F05AF806B010BD00F5287071
:108E200001F076FC204606B010BD00BF4A7A91F8EA
:108E300008C0022A18BF00220270ACF10202B2FA86
:108E400082F2520942700A788988A2F10202818076
:108E5000B2FA82F252098270704700BF002330B527
:108E60000B7087B003681446BBB10E4A15460095D7
:108E700003920D4D426808460C49049205910291F7
:108E800021460B4A019507F0CDFE0028A8BF844279
:108E9000CCBF0120002007B030BD064B014A1D4663
:108EA000E5E700BFD0440208E8440208E4440208B1
:108EB000D44402085448020830B5144683B005462D
:108EC000074B084A08460095214607F0ABFE0028EC
:108ED000A8BF8442CCBF0120002003B030BD00BF3A
:108EE000EC440208A042020810B5044640B1FEF767
:108EF00047FA01462046E7F7F3F9B0FA80F0400957
:108F000010BD00BF00220260027170470022027093
:108F100042607047B0B138B5044608460D46FDF7CB
:108F2000ADFD68B1206820B16B68296998470023BE
:108F30002360201D05F01AFD003818BF012038BD40
:108F40000B2038BD0B2070470022C0E90022826050
:108F5000704700BFF0B484B004AC04E90F000346CE
:108F60002549019D104699424FF00202039EAA41F5
:108F700030D3224C6FF00041A3FB043204FB0522E6
:108F8000DD438C1A8542B44132D310EB030C42EB23
:108F90000601194802220A9D0B9FDDE90836984216
:108FA000B2411CD3154C6FF00040A3FB043204FB0C
:108FB0000622DE43841AAE42BC4115D35B1942EB54
:108FC00007028A4208BF63450CBF0120002004B09D
:108FD000F0BC70474FF0FF3C6FF00041D9E74FF015
:108FE000FF336FF00042ECE74FF0FF330246E8E753
:108FF0004FF0FF3CCDE700BF047DC12500CA9A3B7E
:1090000070B485B004AC04E90F0003461349019D18
:10901000104699424FF00202039EAA4111D3104C10
:109020006FF00041A3FB043204FB0522DD438C1AE0
:109030008542B4410CD3181842EB060105B070BC50
:1090400070474FF0FF306FF0004105B070BC7047C3
:109050004FF0FF3005B070BC704700BF047DC125E4
:1090600000CA9A3B10B504464022002107F048FF91
:10907000204610BD00285DD02DE9F0410D460029A5
:109080005AD004461646E7F78BF950B123782F2BB8
:109090000ED002232B6046B1002318463360BDE892
:1090A000F08101232B60002EF6D10020BDE8F08175
:1090B000431EE25C2F2A41D0621EC4F1010E02EB76
:1090C00000080EEB020712F8013F23F02001A3F184
:1090D0002F0C413919290FD9BCF10A0F0CD9A3F172
:1090E0005F03B3FA83F35B0933B904222A60002ECD
:1090F000DBD018463760D2E74245E2D101231A4F50
:1091000004E0984204F1010413461CD9984203F18B
:109110000102F6D021782F29F3D161782F291ED0B2
:10912000C95D4907EDD506222A60002EBDD000207A
:109130003360B4E70B2070470B20B0E703222A60AE
:10914000002EF4D1B1E7F72803D8002318462B608E
:10915000A5E707232B60002EA7D0F623E7E705221B
:109160002A60002EE3D1A0E7424D0208002843D038
:1091700070B51446C2B02AB301290D461E4602D16D
:1091800003782F2B12D001AA6946FFF773FF80B92D
:10919000009A4AB1072A07D0531E052B2ED8DFE8C4
:1091A00003F01C1F22252814F52D04D8002318468F
:1091B000236042B070BD07232360002EF9D0F42352
:1091C0003360F6E70B2042B070BD06232360002E0B
:1091D000EFD0019B336042B070BD01232360F6E7FE
:1091E00002232360F3E703232360F0E704232360D3
:1091F000EDE705232360EAE70B20704713464FF4A1
:109200008071034A02A8FDF733FE0120D1E700BFB9
:10921000F044020868B170B50D4616460446E7F7FB
:10922000BFF8334601462A462046BDE87040FFF7A6
:109230009DBF0B20704700BF072803D8024B53F88F
:109240002000704701487047E84602084045020880
:10925000002842D02DE9F0410D4600293FD00446B8
:109260001646E7F79DF810B3631EC4F1010103EB46
:109270000008CF1813F801EFAEF130022EF0200CE9
:10928000092AACF1410C05D9BCF1190F02D9BEF184
:109290005F0F14D19845ECD12278164BD35C13F0B4
:1092A000040313D1FF281CD818462B600CE00123BF
:1092B0002B607EB1002318463360BDE8F0810223A5
:1092C0002B603EB100203760BDE8F08103232B60A6
:1092D000002EEFD10020BDE8F0810B2070470B205D
:1092E000F2E704222A60002EF4D0FE2218463260F3
:1092F000EAE700BF424D0208042803D8024B53F8A6
:109300002000704701487047F447020808470208E8
:109310008368184710B504460068E6F7E1FF0028A7
:109320000CBF2046002010BD10B5044686B070B1B9
:1093300001A8FDF795FB019B059901209847206046
:1093400028B10021012201701046C4E9011206B0C3
:1093500010BD00BF20B3036810B5044686B073B1DA
:109360008368F3B101A8FDF77BFB029B0599206898
:1093700098470023C4E90033A36006B010BD4368DA
:10938000DBB98368002BF8D0124B5122012112481F
:109390001B68DB6807F0C8FB4FF0FF3006F03AFCB3
:1093A00070470C4B4C2201210C481B68DB6807F00E
:1093B000BBFB4FF0FF3006F02DFC064B4E22012187
:1093C00007481B68DB6807F0AFFB4FF0FF3006F083
:1093D00021FC00BF8C080024A848020808480208A5
:1093E000584802082DE9F041056804460E46284613
:1093F000E6F776FFC8B1114B1B689D4212D1D4F835
:109400000480D8F800406CB1D8F808500027043D1B
:10941000314655F8040FE6F763FFBB0040B1013752
:10942000BC42F5D10020BDE8F0812046BDE8F081C6
:10943000D8F81020BDE8F041D35818476007002441
:1094400000B583B0012300210DF107008DF807302E
:1094500000F0DCF803B05DF804FB00BF70B5054612
:1094600068B10C4600F082F804212618C4F1050406
:109470003046F9F733FEE9680C440444A01970BD86
:10948000F0B50C4683B0E9B1064600F0D3F80346C8
:10949000214630465B68DB689847276901ABA168C5
:1094A0003A46304600F09AFB019B054620B99F42A0
:1094B0000CD3284603B0F0BD03B1013B2846E3605E
:1094C00003B0F0BD0D46284603B0F0BD0121304683
:1094D000B5757175E560F9F719FE30460199F9F730
:1094E0004DFE284603B0F0BD08B370B504460D46E6
:1094F00000F0A0F80346294620465B689B68984721
:10950000A6685EB13046E6F74BFF0346421C314683
:109510002846E360BDE8704000F04EBB334632465B
:1095200031462846E360BDE8704000F045BB704717
:1095300038B5044650B1002100F018F80421054662
:10954000F9F7CCFDE26805325319184438BD00BF65
:10955000012310B50370044600F058F8002323706F
:1095600010BD00BF004870476807002480B138B5BF
:109570000D4604212846F9F7B1FD2B1DC5F1040560
:1095800004211C182046F9F7A9FD2844204438BDC1
:10959000704700BF38B50C4641B10546F9F780F970
:1095A000211D2846BDE83840F8F7F8BD084638BD0B
:1095B00060B138B50D46044601682846F9F7D8F879
:1095C00061682846BDE83840F8F7B8BC704700BF6E
:1095D00060B10421002010B5F9F780FD0421441882
:1095E0002046F9F77BFD0430204410BD704700BFD2
:1095F00010B504210020F9F771FD0421441820461C
:10960000F9F76CFD0430204410BD00BF38B50C469E
:1096100001230421251D03702046C4F10404F9F739
:109620005DFD054404212846F9F758FD20442844EF
:1096300038BD00BF004870479007002438B558B1C6
:109640000D4605F075FB08212C18C5F590752046D0
:10965000F9F744FD2844204438BD00BF38B50C4616
:1096600081B1054605F0DAFB0346214628465B68D2
:10967000DB68984704F1380128462422BDE83840C9
:1096800000F046BA084638BD90B138B504460D46DC
:1096900005F0C4FB0346294620465B689B68984753
:1096A00004F1380128462422BDE8384000F0DCB936
:1096B000704700BF58B1002110B505F039FB0446D2
:1096C0000821F9F70BFD204400F5907010BD70479C
:1096D00010B582B0012300210DF107008DF807308D
:1096E00005F08EFB04460821F9F7F8FC204400F54C
:1096F000907002B010BD00BF38B501230C46037056
:1097000005F07EFB2518C4F5907408212846F9F76A
:10971000E5FC2044284438BD00487047B8070024C1
:1097200038B558B10D46F8F7BFF808212C18C5F523
:1097300090752046F9F7D2FC2844204438BD00BF7C
:1097400038B50C4681B10546F8F724F903462146A1
:1097500028465B68DB68984704F1300128462422DC
:10976000BDE8384000F0D4B9084638BD90B138B5EE
:1097700004460D46F8F70EF90346294620465B6875
:109780009B68984704F1300128462422BDE8384000
:1097900000F06AB9704700BF58B1002110B5F8F762
:1097A00083F804460821F9F799FC204400F59070ED
:1097B00010BD704710B582B0012300210DF10700E4
:1097C0008DF80730F8F7D8F804460821F9F786FC39
:1097D000204400F5907002B010BD00BF38B50123E1
:1097E0000C460370F8F7C8F82518C4F590740821E2
:1097F0002846F9F773FC2044284438BD00487047D8
:10980000E00700242DE9F04119461F460546904621
:10981000F9F70CFCE0B93E460BE04144A86822464B
:10982000361B07F090FCAB68286923442044AB60EA
:109830002861314601222846F9F782FCB91B04460B
:109840000028EAD10123A87D6B755840BDE8F0815E
:109850003A464146A86807F076FCAA682B693A4464
:109860003B44AA602B61EDE72DE9F04119461F4604
:1098700005469046F9F7DAFBE8B93E460CE008EBFE
:109880000300A9682246361B07F05DFCAB68286917
:1098900023442044AB602861314601222846F9F771
:1098A0004FFCBB1B04460028E9D10123A87D6B7542
:1098B0005840BDE8F0813A46A968404607F043FCAD
:1098C000AA682B693A443B44AA602B61EDE700BFCC
:1098D0002DE9F0418846114617460546F9F7A6FBE3
:1098E000E0B93E460BE04144A8682246361B07F02B
:1098F0002AFCAB68286923442044AB6028613146C8
:1099000001222846F9F71CFCB91B04460028EAD1BD
:109910000123A87D6B755840BDE8F0813A46414669
:10992000A86807F010FCAA682B693A443B44AA6077
:109930002B61EDE72DE9F04119461F46054690469B
:10994000F9F774FBE0B93E460BE04144A8682246B3
:10995000361B07F0F8FBAB68286923442044AB6052
:109960002861314601222846F9F7EAFBB91B044673
:109970000028EAD10123A87D6B755840BDE8F0812D
:109980003A464146A86807F0DEFBAA682B693A44CC
:109990003B44AA602B61EDE72DE9F0418846114672
:1099A00017460546F9F742FBE8B93E460CE008EBDE
:1099B0000300A9682246361B07F0C5FBAB6828697F
:1099C00023442044AB602861314601222846F9F740
:1099D000B7FBBB1B04460028E9D10123A87D6B75AA
:1099E0005840BDE8F0813A46A968404607F0ABFB15
:1099F000AA682B693A443B44AA602B61EDE700BF9B
:109A00002DE9F04119461F4605469046F9F70EFB31
:109A1000E8B93E460CE008EB0300A9682246361B75
:109A200007F091FBAB68286923442044AB602861B0
:109A3000314601222846F9F783FBBB1B0446002868
:109A4000E9D10123A87D6B755840BDE8F0813A4605
:109A5000A968404607F077FBAA682B693A443B4463
:109A6000AA602B61EDE700BF2DE9F04104460E46E8
:109A700008211746F9F73AFB01462046657DF9F7BC
:109A80007DFB217D6575012910D057B1002500E0CF
:109A9000217D01352046B6EC020BF9F761F8AF42A3
:109AA000F6D1A07D80F00100BDE8F081FF002046E6
:109AB0003946F9F7BBFAF8B9B8460CE02A46314402
:109AC000A068A8EB050807F03EFBA26823692A44BA
:109AD0002B44A2602361414608222046F9F730FB5F
:109AE000A7EB080105460028E8D10823A07D63758F
:109AF00080F00100BDE8F0813A463146A06807F0E9
:109B000022FBA26823693A441F44A2602761ECE764
:109B10002DE9F04104460E4608211746F9F7E6FA0A
:109B200001462046657DF9F729FB217D65750129F0
:109B300010D057B1002500E0217D01353246204686
:109B40000836F9F7A5F9AF42F6D1A07D80F0010003
:109B5000BDE8F081FF0020463946F9F767FAF8B909
:109B6000B8460CE0F0182A46A168A8EB050807F0F3
:109B7000EAFAA26823692A442B44A2602361414681
:109B800008222046F9F7DCFAA7EB0803054600286F
:109B9000E8D10823A07D637580F00100BDE8F08165
:109BA0003A46A168304607F0CEFAA26823693A44E3
:109BB0001F44A2602761ECE770B515460E46017D93
:109BC0000446F8F753FA0DB9012070BD2B46324612
:109BD000217D2046BDE87040FFF714BE2DE9F0411D
:109BE0001D4616460F461A46017D0446F8F766FBE9
:109BF0002B689E4201D20122A27513B90120BDE853
:109C0000F0813A46217D2046BDE8F041FFF72CBEA9
:109C100070B515460E46017D0446F8F727FA0DB9D2
:109C2000012070BD2B463246217D2046BDE87040A4
:109C3000FFF780BE2DE9F0411D4616460F461A4635
:109C4000017D0446F8F73AFB2B689E4201D20122BF
:109C5000A27513B90120BDE8F0813A46217D204666
:109C6000BDE8F041FFF7CCBE10B500238EB004462E
:109C70000391CDE9013203230422009306AB01F0E6
:109C8000A5FB18B9044620460EB010BD029905AADE
:109C9000204601F0D7FC044605A906A803F0A8FB5E
:109CA00020460EB010BD00BFC2F3074C10B5BCF18A
:109CB000010F8CB0044602920CBF03F00102002297
:109CC0000E3303919DF838101A4404AB0191012121
:109CD00092B20091039901F079FB18B9044620462D
:109CE0000CB010BD029920460F9A01F0ABFC04465F
:109CF0000F9904A803F0D6FA20460CB010BD00BF9F
:109D000070B5ADF5167D054611ACADF854320323A0
:109D10009DF86C62CDE902212372002301228DF8A7
:109D200014309A9B2271CBB18DF81C2008934FF40C
:109D3000007215A909A8F9F7CDF905A909A802F03B
:109D40009BFE0D9B009628460194E3609BB2DDE9E3
:109D50000221FFF7A9FF0DF5167D70BD8DF81C30AF
:109D6000E5E700BF70B5ADF5187D054618460591CD
:109D700097A99DF8786213ACCDE9033202238DF8E0
:109D8000503000F053FA9C9B4FF4007217A90BA8B7
:109D900006939D9B0A9303238DF8543001238DF87D
:109DA000243000238DF81C30F9F794F906A90BA88C
:109DB00002F084FE0F9B2846009616939BB20194F6
:109DC000DDE90421FFF770FF0DF5187D70BD00BFC0
:109DD000F0B5ADF28C4D032605461846059192A9C3
:109DE0009DF8A0740EAC8DF83C60CDE9033200F014
:109DF0001DFA00234FF4007212A906A88DF84C3208
:109E00008DF854328DF84060F9F764F993A906A8EB
:109E100002F008FF0A9B2846009711939BB2019419
:109E2000DDE90421FFF740FF0DF28C4DF0BD00BFCE
:109E300070B5ADF5916D05461846059192A99DF84E
:109E400098640EACCDE9033204238DF83C3000F069
:109E5000EDF900234FF4007212A906A88DF84C32D8
:109E60008DF8543203238DF84030F9F733F993A974
:109E700006A802F087FF0A9B2846009611939BB222
:109E80000194DDE90421FFF70FFF0DF5916D70BD21
:109E90002DE9F041ADF5227D0646184603271DAC9D
:109EA000BDF8A8520591A1A99DF8AC82CDE9033275
:109EB0000523237100F0BAF90EA9A898277200F0C3
:109EC000B5F90023ADF84450003D9DF8A5228DF86A
:109ED000643018BF01258DF846308DF84C308DF870
:109EE0005430ADF8403001238DF842508DF83A30AF
:109EF0008ABB4FF0230E4FF0130C0B2521221121AA
:109F00000920ADF840309DF8A63223B9724661466B
:109F10002846ADF840709DF8A432012B25D0032BC4
:109F200029D02BB34FF4007221A906A8F9F7D2F873
:109F30000EA906A802F0D8FF0A9BCDF80080304693
:109F40000194E3609BB2DDE90421FFF7ADFE0DF55E
:109F5000227DBDE8F0814FF0220E4FF0120C0A2551
:109F60002022102108200227CDE7ADF84010D9E7C4
:109F7000ADF84000D6E7ADF84020D3E72DE9F04139
:109F8000ADF5247D0646184603271FACBDF8B05238
:109F90000591A3A99DF8B482CDE90332062323716C
:109FA00000F044F90EA9AA98277200F03FF90023A7
:109FB000ADF84450003D9DF8AD228DF8703018BFCB
:109FC00001258DF864308DF846308DF84C308DF8D1
:109FD0005430ADF8403001238DF842508DF83A30BE
:109FE0008ABB4FF0230E4FF0130C0B2521221121B9
:109FF0000920ADF840309DF8AE3223B97246614673
:10A000002846ADF840709DF8AC32012B25D0032BCB
:10A0100029D02BB34FF4007223A906A8F9F75AF8F8
:10A020000EA906A802F024FF0A9BCDF80080304656
:10A030000194E3609BB2DDE90421FFF735FE0DF5E5
:10A04000247DBDE8F0814FF0220E4FF0120C0A255E
:10A050002022102108200227CDE7ADF84010D9E7D3
:10A06000ADF84000D6E7ADF84020D3E7014B1878B3
:10A07000704700BFE00802242DE9F04F934689B0F5
:10A08000002204468A4605938DF81E2090F800228F
:10A0900022B300F202290DF11F0805AF0DF11E06D3
:10A0A0004FF4007502E0059B002B0FDDD4F874120D
:10A0B000234622464846CDE90278CDE9005601F014
:10A0C000D7FC0028EFD09DF81E30B3B10F4B002015
:10A0D0009DF81F201A7009B0BDE8F08F0DF11F0226
:10A0E000014600924FF40072D0F87452A84700283D
:10A0F000ECD09DF81E30002BE8D1CBF800000120F9
:10A10000CAF8004009B0BDE8F08F00BFE0080224A3
:10A1100030B590F8005287B0144695B9D0F8705217
:10A120000DF11703A847031E18BF0123A04218BF53
:10A1300000231BB90A4A9DF817101170184607B082
:10A1400030BD0B4600220DF117010094CDE901212D
:10A150000246D0F8701200F2022001F0ABFAE2E7FA
:10A16000E008022480F800120199C0E99A23009BBC
:10A17000C0E99C31704700BF38B5D0F8683203B3EE
:10A18000D0F86C220446E2B1D0F87022CAB1D0F8FF
:10A190007422B2B1C0F88C129847054688B194F881
:10A1A00000328BB90B4B28460B490C4AC4F880325D
:10A1B0004FF40073C4F88422A4F88832C4E99E41A5
:10A1C00038BD0025284638BD002104F2022001F0E8
:10A1D0006BFAE7E779A0010811A101086DA0010859
:10A1E000D0F86C32184700BF82B000238DF80610FB
:10A1F00060F30F03BDF8062062F31F43184602B058
:10A20000704700BF437882B0017800201A0903F03C
:10A210000F0302EB01128DF80630BDF8063062F331
:10A220000F0063F31F4002B0704700BF0246C0F347
:10A23000034382B0C2F30B1C03EB021081F800C091
:10A24000487002B0704700BF30B595B00446189D05
:10A250000393002D8DF81C30CDE904214FF000024E
:10A2600014BF012111468DF81D208DF81E208DF898
:10A27000241021D06B6810222968CDF82A30CDF83F
:10A280002610082300212046CDE900310CAB0599AA
:10A2900001F09CF818B90446204615B030BD049969
:10A2A00006AA204601F0CEF9044606A90CA803F040
:10A2B00049F9204615B030BD0822E2E710B5002369
:10A2C00094B0044605920193ADF81C308DF81E3011
:10A2D000CDF82630CDF82A300823CDE9022101221D
:10A2E00000930CAB8DF82420102201F06FF818B900
:10A2F0000446204614B010BD059906AA204601F078
:10A30000A1F9044606A90CA803F01CF9204614B0D4
:10A3100010BD00BF2DE9F04395B0BDF8787013B1C2
:10A3200015B0BDE8F08306461C980C46154604900F
:10A3300099461D989DF8768005900CA8D1E90121D9
:10A34000521AF8F7C7FE0CA8D4E90612F8F796FEE1
:10A35000E2699AB1B8F1070F82F8149040D0B8F1D1
:10A36000080F2ED0B8F1060F11D00123137529461E
:10A370002046F8F703FF15B0BDE8F083B8F1070FEA
:10A380002ED0B8F1080F1CD0B8F1060FEFD1D6F8D7
:10A390008880B8F1000F11D00CAB01953A463046D9
:10A3A000009306238DF81630D6F88C300293DDE941
:10A3B0000431C0470123E26986F8B430002AD4D1C1
:10A3C000D5E7D6F8A430002BF8D00CA806A9DDF804
:10A3D000408003F091F9A0B9E269002AC5D1C6E72F
:10A3E000D6F8AC303BB106A90CA8DDF8408002F0ED
:10A3F00049FE60BBE269A3682B44A360002AB4D184
:10A40000B5E7109B0CA8A8EB0308DDE90D21A844D3
:10A41000521AF8F75FFE0CA81FFA88F8D4E9061262
:10A42000F8F72CFE0CAB0821CDF8048000933A46D7
:10A430008DF8161006ABD6F8A81030460291059993
:10A44000D6F8A470B847012386F8B430C4E7DDE934
:10A450000D21109B0CA8521AA8EB0308F8F73AFE3E
:10A460000CA8A844D4E90612F8F708FE0CAB9DF836
:10A4700018101FFA88F800933A469DF819303046B4
:10A48000CDF8048003EB012307218DF816109BB251
:10A49000D6F8B01002910599D6F8AC70B8470123F0
:10A4A00086F8B430A6E700BF00B58BB001460422A1
:10A4B00002A8F8F70FFE0DF105030DF1060201A940
:10A4C00002A801F0C5FE9DF804300D2B03D000203A
:10A4D0000BB05DF804FB9DF8053013F0020F14BFBC
:10A4E000022001200BB05DF804FB00BF70B5002511
:10A4F000ADF5347D0E4604464FF42472294610A86B
:10A500000395049506F0FCFC03A9304602F05AFFBF
:10A51000BDF80C302046ADF8403001F08BF82B46EA
:10A520000C2205A9009008A8F8F7C2FD10A908A8F8
:10A5300002F0BCFF089B2A462946204601F026F877
:10A5400008A8F8F7F5FD236F024605A9D3E9000432
:10A55000A0470DF5347D70BD70B592B005460E462E
:10A56000144601F067F805A9009000230AA81122FB
:10A57000F8F79EFD182200230A2102FB04540AA8C2
:10A580000522503401F04AFE03A9204604F0ACFE37
:10A5900040BA03A98DF81060ADF80E000AA802F0C9
:10A5A000F7FF00220A9B2846114600F0EFFF0AA899
:10A5B000F8F7BEFD2B6F024605A9D3E90004A047BA
:10A5C00012B070BD000000009FED0D7B002310B5A0
:10A5D000044680F8A030C0E91C13C0E91E33C0E96E
:10A5E0002033C0E92233C0E9243380ED267B81216A
:10A5F00000F030FF04F10800BDE8104001F02ABD72
:10A600000000000000000000C0E92012704700BFF9
:10A61000C0E92212704700BFC0E92912704700BF8D
:10A62000C0E92B12704700BF10B5044684B0CDE9D5
:10A63000002100F0FFFF034604F10800DDE90021DE
:10A6400004B0BDE8104001F04BBD00BF30B589B08B
:10A650000446CDE90421039300F0ECFF054605997B
:10A6600004F108000095DDE9033201F04DFD002200
:10A670005FFA80FCC0F30724C0F30741030E6CF3BC
:10A68000070264F30F2261F3174263F31F6210465F
:10A6900009B030BD82B0083002B001F04FBD00BF3C
:10A6A00010B50C4C84B00830009401F05DFD002220
:10A6B0005FFA80FEC0F3072CC0F30741030E6EF370
:10A6C00007026CF30F2261F3174263F31F62104617
:10A6D00004B010BDA9A4010810B5044601F000FEA5
:10A6E000054AD4E92634C01A4FF0000361EB040197
:10A6F000E6F71AF810BD00BF40420F0010B504463F
:10A7000001F0EEFDD4E92632C01A61EB020110BD62
:10A710002DE9F047037E84B00446FBB14FF00009F9
:10A720000DF1020803AF02AE4846012204EB00150A
:10A730001146083501F034FC844643463A4631461A
:10A740002846CDF804C004F059FE00283DD109F197
:10A750000109237E5FFA89F08342E6D894F84830F5
:10A7600083B34FF000090DF1020803AF02AE484673
:10A7700000EB80050122022104EBC50501F010FC6D
:10A78000019020350CE0BDF802209DF80410029BDA
:10A7900000F0FCFE236FDDE90212D3E9000AD04786
:10A7A00043463A463146284605F04AF803462046D5
:10A7B000002BE8D109F1010994F848305FFA89F0DB
:10A7C0008342D5D804B0BDE8F087029B2046BDF88F
:10A7D000022009F101099DF8041000F0D7FE236F53
:10A7E000039A5D6818680299A847237E5FFA89F08A
:10A7F00083429AD8B2E700BF2DE9F0410D46ADF58E
:10A80000247D06466946284602F0EEFC044602A96D
:10A8100028469DF80570F7F763F99DF80830044065
:10A82000E4B25BB987A92846F7F75AF99DF81C32BC
:10A8300080464BB90DF5247DBDE8F08103A928467B
:10A8400002F07EFB0440EDE788A92846F7F776F989
:10A8500014EA080FEED00028ECD09DF820320D2B22
:10A86000E8D18AA92846F7F70FFF38B1BDF9283299
:10A87000002B06DD002F14BF0120022086F8B50052
:10A88000D8E70020FAE700BF2DE9F04F044697B063
:10A890000D46C14E09920DF12F030CAA0DF12E01A8
:10A8A000284601F0D5FC002800F042819DF82E30AA
:10A8B0009DF82620023B0D2BEDD801A151F823F085
:10A8C00027AB010897A8010817AB0108B5AA010832
:10A8D000ABAA010897A8010897A8010801AA0108D6
:10A8E00093A9010853A9010897A8010897A801088E
:10A8F00097A80108F9A8010810A9284602F0AAFEA5
:10A90000D4F89080B8F1000F00F01A8101F0E8FC53
:10A9100002460B46D4F894000021149F06908C4602
:10A920001598C7FB060C109FCDE9040C8C461198B6
:10A93000C7FB060CCDE9020CDDE91270C7FB06016E
:10A94000CDE900012046C0474FF0010384F8A03054
:10A95000A1E710A9284602F05BFE00219DF8440003
:10A9600001F04CFBC0F307280F9004F108004146AA
:10A9700001F032FC00288ED0BDF84010BDF8422016
:10A9800004F0A6FC42469DF83C102046FFF7E4FD8B
:10A9900081E710A9284602F013FE00219DF844002B
:10A9A00001F02CFBC0F307210D9004F1080001F029
:10A9B000FDFB804600283FF46EAF9DF842300DF15C
:10A9C000380A9DF84310BDF8402001EB032189B2FD
:10A9D00004F0DEFF404604F09FFFADF8320005E0D2
:10A9E000236FDDE90E12D3E90009C8470DF13203E8
:10A9F0000FAA5146404604F091FF0028F0D14AE7E3
:10AA00009DF825300DF1380ABDF8308028468DF8C4
:10AA1000353051469DF82730A8F104089DF82F9055
:10AA20008DF837301FFA88F89DF8243009F00E09A8
:10AA30008DF836208DF8343002F024FB50460FA9F3
:10AA40000DF1320200F01EFE0F99D4F880B0BDF86F
:10AA500032A01091BBF1000F06D0D4F884305246DA
:10AA6000204600930023D847E26F82B1616F4FF018
:10AA7000000C023903E00CF1010C944507D031F8C9
:10AA8000023F5345F7D1A36F002203F80C20BDF815
:10AA900032104B464246204602910F9901910D9982
:10AAA00000912946FFF736FCF5E629462046FFF7D8
:10AAB000A3FEF0E6002A3ED010A9284602F0D8FCFA
:10AAC0000EA90DAA10A800F0DDFD0E99D4F880A003
:10AAD0009DF84490BDF834800F91BAF1000F06D074
:10AAE000D4F884304246204600934B46D047E26F6C
:10AAF000002A3FF4D0AE606F0021023803E001313C
:10AB000091423FF4C8AE30F8023F4345F7D1A36FFE
:10AB100003F80190BFE6002A7FF4BDAE2946204627
:10AB200000F0F4FCB7E629462046FFF7DFFCB2E66A
:10AB300017B0BDE8F08F2946204600F0F5FCAAE6E4
:10AB400001F0CEFB4246149F159BC7FB0632181836
:10AB5000129F42EB0101139B4246C7FB06329C4603
:10AB6000DDE91037C3FB067843461CEB070C42EBCC
:10AB70000302B0EB0C0361EB0202002A08DB5B0866
:10AB800043EAC2735210C4F89830C4F89C20DBE644
:10AB9000013342F10002F2E700CA9A3B0B1E2DE995
:10ABA000F04FB8BF6FF000439DB08046059301F0B1
:10ABB0007BFB98F848208146002A00F09A80002606
:10ABC0006FF000434FF0FF3B0F46304603930EE01B
:10ABD0009A6B0136DB6B5A450399F0B273EB0101B6
:10ABE00001DA9346039398F8483083425FD900EB2B
:10ABF000800402210122E40001F0D2F9014604F1AF
:10AC000020053B464A4609914544284604F058FE33
:10AC100008EB04030028DBD09DF825500DF1500A05
:10AC20009DF82430404601354444049300F002FD71
:10AC300005EB8505002311220CA908EBC505009042
:10AC400050460136F8F734FA002305220B2150460E
:10AC500001F0E4FA0121688904F0F6FE2B8902462E
:10AC60000AA9ADF82A305046049BADF828208DF88B
:10AC70002C3002F0B9FC0022149B4046114600F033
:10AC800085FC5046F8F754FAD8F8703002460CA903
:10AC9000D3E90005A8470399F0B2D4E90E235A4539
:10ACA00073EB01019DDB98F8483083429FD86FF029
:10ACB0000043039A9A4208BFBBF1FF3F19D0ABEBA8
:10ACC0000903002B059DD8F8700008AA08BF0123CE
:10ACD00007A984689D420068A8BF1D462B46A0476F
:10ACE00048B9059B5B1B002B05933FF760AF0446FB
:10ACF00012E0059BE5E7DDE90712044600250CA8F4
:10AD0000F8F7E8F90DF11A0306AA0CA940468DF8E8
:10AD1000185000F04FFC18B920461DB0BDE8F08F68
:10AD200029469DF8180001F069F9C0F30746BDF8FF
:10AD30001AA0C0F30725012ECDE909004BD0022E41
:10AD40000FD0002EE8D13146304601F057F90246C7
:10AD50000CA940460A92FFF797FD20461DB0BDE8BA
:10AD6000F08F294608F108009DF8249001F034FA8C
:10AD7000074638B30E9A0CA80392F8F7DDF903469C
:10AD80000DF11900039A51460090384604F0A4F9D9
:10AD9000C0B19DF8193093B314AE4FF0020A0AE027
:10ADA0008DF8289031468DF8295040468DF82AA01C
:10ADB0000A9AFFF769FD04223146384604F00EFA7C
:10ADC0000028EDD140462A464946FFF7C5FB2046FC
:10ADD0001DB0BDE8F08F294608F1080001F0F2F936
:10ADE000002899D0514604F0EDF8002894D08DF851
:10ADF0002A600CA90A9A4046FFF746FD8CE78DF8B9
:10AE00002A600CA90A9A4046FFF73EFDC4E700BF3E
:10AE100070B504460D4601F047FA06462046FFF796
:10AE200077FC29462046FFF7B9FE01F03DFA831B67
:10AE3000E91A0029F6DC04F10800BDE8704001F0D1
:10AE4000D7B900BF70B504460D4601F02DFA06468D
:10AE50002046FFF75DFC0023294684F8B43005E066
:10AE600001F022FA831BE91A002907DD2046FFF7CB
:10AE700095FE94F8B4000028F2D070BD94F8B400A8
:10AE800070BD00BF2DE9F04106460D4601F00CFAF9
:10AE90000746304606F10808FFF73AFC002D10DBA4
:10AEA0002C4606E0FFF77AFE01F0FEF9C31BEC1A10
:10AEB00007D4404601F09CF9034621463046002B5A
:10AEC000F0D04046BDE8F04101F092B92DE9F84FCD
:10AED000DDF828B00646884692461F46FFF718FC64
:10AEE000BBF1000F04D05A46FF21384606F008F89F
:10AEF000C6F87CB07D1EC6E91DA701F0D5F9414614
:10AF000081463046FFF74AFE01F0CEF9A0EB09007A
:10AF1000A8EB0001BBF1000F29D0AE464FF0000CAA
:10AF20001EF8014FFF2C15D00CF1010CE345F7D8AA
:10AF30000023F36700E058B12B4615F8010F0233E8
:10AF40000128A3EB07038CBF002001209B45F2D80A
:10AF5000BDE8F88F3AF81C300CF1010CDC4501D249
:10AF6000002BDDD00029E3DD002BCAD1E0E7012072
:10AF7000C6F87CB0BDE8F88FF0B593B004460D4636
:10AF800000F058FB1422002300900AA80DEB0201E8
:10AF9000F8F78EF8002308220E210AA801F03EF9E6
:10AFA00001F09EF90E4607461BA3D3E90023E5F7FF
:10AFB000BBFB31460390384617A3D3E90023E5F7DE
:10AFC000B3FB03A90AA8049202F036FB00220A9BF5
:10AFD0002046114600F0DAFA0AA8F8F7A9F8236F1C
:10AFE000024605A9D3E90006B04701F05DF9002348
:10AFF0000646294684F8A03000E050B92046FFF705
:10B00000CDFD01F051F9831B94F8A000E91A002945
:10B01000F3DC13B0F0BD00BF00CA9A3B0000000093
:10B020002DE9F04F04469DB0FF2003936071002B83
:10B0300000F0B680894692464FF0000B236F5246CF
:10B040004946D3E90005A84701F02EF94FF47A7379
:10B05000054609E001F028F9401BC0F57A73002B82
:10B0600040DD6079FF2845D1226F08A996681068F5
:10B0700009AAB0470028EDD00CA80026DDE9081287
:10B08000F8F728F80DF11E0307AA0CA920468DF841
:10B090001C6000F08FFA0028DCD031469DF81C00BF
:10B0A00000F0ACFFC0F30747BDF81E30C0F3072621
:10B0B000012F0293CDE90A005CD0022F20D0002F8F
:10B0C000C8D13946384600F099FF0CA902460B90CA
:10B0D0002046FFF7D9FB01F0E7F8401BC0F57A7373
:10B0E000002BBEDC0BF1010B039B60795B4501D0AB
:10B0F000FF28A3D0FF3818BF01201DB0BDE8F08F96
:10B100009DF82830314604F10800049301F064F8FA
:10B11000804648B30E9A0CA80592F8F70DF803463E
:10B120000DF11D00059A00904046029903F0D4FFEE
:10B13000D0B19DF81D30002B3AD0049F0AE04FF0AB
:10B1400002038DF82C708DF82D608DF82E300B9A3F
:10B15000FFF79AFB14A90422404604F03FF8034687
:10B1600014A92046002BEAD1324604992046FFF765
:10B17000F3F96FE7314604F1080001F023F80028E5
:10B180003FF468AF029903F01DFF00283FF462AF5F
:10B190008DF82E700CA90B9A2046FFF775FB59E726
:10B1A000236FD3E90004A04701201DB0BDE8F08F54
:10B1B0008DF82E700CA90B9A2046FFF765FBBCE7B3
:10B1C00030B58FB004460D4600F034FA002310224B
:10B1D00002A9009006A8F7F76BFF06A9204600F029
:10B1E00079F90022069B2046114600F0CFF906A807
:10B1F000F7F79EFF2B46024602A92046FFF710FFF5
:10B2000018B16079B0FA80F040090FB030BD00BFCE
:10B210002DE9F04F00F1080B0446ABB058465E46EE
:10B2200000F022FF204600F005FA00231C220BA9A3
:10B23000009012A8F7F73CFF236F12A920461A8A44
:10B24000043A92B200F01CF91299204600F08AF9F3
:10B2500012A8F7F76DFFFF23814663710A2303935A
:10B26000236F4A460BA9D3E90005A84701F01CF853
:10B270004FF47A73054609E001F016F8401B627935
:10B28000C0F57A73002B38DDFF2A3CD1226F07A965
:10B290009768106808AAB8470028EDD01AA80027B8
:10B2A000DDE90712F7F716FF0DF11A0306AA1AA92E
:10B2B00020468DF8187000F07DF90028DCD0394662
:10B2C0009DF8180000F09AFEC0F30747BDF81AB0C9
:10B2D000C0F30728012FCDE9090053D0022F18D061
:10B2E000002FC9D13946384600F088FE1AA9024617
:10B2F0000A902046FFF7C8FABEE7039B013B039381
:10B3000001D0FF2AACD0002A51D000202BB0BDE8DC
:10B31000F08F9DF8243041463046049300F05CFFE6
:10B32000824648B31C9A1AA80592F7F705FF034610
:10B330000DF11900059A59460090504603F0CCFED5
:10B34000D0B19DF81930002B38D0049F0AE04FF09F
:10B3500002038DF828708DF829808DF82A300A9A1A
:10B36000FFF792FA22A90422504603F037FF034662
:10B3700022A92046002BEAD1424604992046FFF735
:10B38000EBF879E74146304600F01CFF00283FF417
:10B3900073AF594603F016FE00283FF46DAF8DF8E9
:10B3A0002A701AA90A9A2046FFF76EFA64E7304617
:10B3B00000F05AFE01202BB0BDE8F08F8DF82A7006
:10B3C0001AA90A9A2046FFF75FFABEE72DE9F0476F
:10B3D00082B00446104615461E46C1F3072A9DF862
:10B3E000287005F104099DF82C80019100F056FFAA
:10B3F0009DF806308144012B1DD0022B16D104F19B
:10B400000800514600F0D2FE044658B14946324683
:10B4100004F0A8F804462CB14346AAB23946304697
:10B4200000F0FCFE204602B0BDE8F0870024204674
:10B4300002B0BDE8F08704F10800514600F0AEFE0E
:10B4400004460028EED04946324603F0B7FF0446D2
:10B45000E1E700BF4FEA126CFF23027180F801C0E0
:10B46000C2F3074CC2F30722017080F802C0437197
:10B47000C27000B54FF0090EA0F806E05DF804FBBD
:10B4800030B5002389B0124D0C4607931946ADF82C
:10B490001C2001220193C2808DF804202A680393A6
:10B4A0000092AA880693ADF80620D0F801200292F7
:10B4B000027820468DF80C201022CDE9043300F0EC
:10B4C000ADFE6946204601F0EBFE09B030BD00BF7D
:10B4D000283D02080C4A02234FF4007C10B50C46AC
:10B4E00082B011890422C3800023ADF806102046E3
:10B4F0000321ADF804C000F091FE01A9204601F03F
:10B5000077FF02B010BD00BF283D020810B50B4602
:10B5100088B0044601A9184601F07AFF9DF804306E
:10B52000637108B010BD00BF10B584B00446084672
:10B5300002A901F09DFFE388022B01D004B010BDE9
:10B540000DF10A00FEF75EFE9DF808209DF8093017
:10B5500003EB02239BB2022BF0D19DF80C306371F8
:10B56000ECE700BF10B508228AB004460DEB0200DC
:10B57000F7F7B0FD14F8011B002302A801F08001C9
:10B5800000941A4601F046F80AB010BD30B58DB0EF
:10B5900004460D46194604A803920822F7F79AFDBF
:10B5A00014F8011B039B2A4604A8009401F032F80A
:10B5B0000DB030BD2DE9F041074684B008460C4679
:10B5C00015461E46F7F7B8FD082803D8002004B03A
:10B5D000BDE8F0810DF10C0833462A4620460DF1F6
:10B5E0000B01CDF8008001F033F83A789DF80B306C
:10B5F0009342EBD11B061BD49DF80C207B789A421A
:10B6000003D0012080F00100E1E79DF80D20B81C77
:10B61000BB789A42F5D19DF80E2010F8013F9A426E
:10B62000EFD19DF80F2043789A42EAD10020E9E754
:10B630000120CCE790F90030002BACBF082004209B
:10B64000704700BF10B582B04FF6F4740191C38803
:10B65000A3F10A0189B2A1420FD801339CB2C3F30E
:10B66000072CDBB2C480911C019882F800C0537093
:10B67000FEF7DCFD204602B010BD0A234FF0000C9F
:10B680001C46EFE770B5044602300D461646FEF73D
:10B69000B9FDC0F30F4328806B802278637803EBF9
:10B6A0000223338070BD00BF002341700370838587
:10B6B000704700BF2DE9F04F174642780E4683B021
:10B6C000A2F17D019B467E2304460129DDF838A0C6
:10B6D00080F838309DF8340040F21581A0F17D01EA
:10B6E00084F839200222012984F8622052D90C9B67
:10B6F000032184F83A00DDB284F86210A5F17D02DE
:10B70000012A5CD90C9B62180131C3F3072082F82F
:10B71000385084F86210A0F17D02012A61D94A1CD8
:10B720002144D2B281F8380084F86220002B6AD01C
:10B730004FF00008C14616E0292A68D8A018013247
:10B7400080F8381084F8622088EA01017D4B09F105
:10B750000109C9B233F8112082EA18280C9B4B4525
:10B7600069D994F862201BF80910A1F17D00012825
:10B77000E2D8501CC0B2292849D8A0184FF07D0348
:10B78000023281F0200580F8383080F8395084F892
:10B790006220D9E704214FF0030C0C9B22444FF0A8
:10B7A0007D0EA444DDB280F0200082F838E0A5F1DF
:10B7B0007D028CF8380084F86210012AA2D8621841
:10B7C0007D200C9B85F0200582F838000231C3F300
:10B7D000072082F8395084F86210A0F17D02012A16
:10B7E0009DD84D1C8A1C80F02000214454FA85F518
:10B7F000D2B24FF07D0C81F838C085F8380084F85B
:10B800006220002B94D11946ADF8043019E00025D0
:10B8100000E060B105F13801521B5346384621441F
:10B82000B04794F8622005449542F2D366D00020D8
:10B8300003B0BDE8F08F5FFA88F194F86220ADF8AC
:10B8400004804FF000094FF07D0BC84613E0292A11
:10B8500024D8A318013283F8381084F8622009F143
:10B860000109B9F1020F2DD009F1080394F8622003
:10B870006B4413F8041CA1F17D03012BE7D8531C82
:10B88000DBB2292B0AD8A31881F02001023283F8F9
:10B89000391083F838B084F86220E0E7002501E031
:10B8A0000028C4D005F13801521B534638462144C4
:10B8B000B04794F8622005449542F1D3B7D184F89B
:10B8C0006280D1E794F862209AB1002501E0002857
:10B8D000ADD005F13801521B534638462144B047DC
:10B8E00094F8622005449542F1D3A0D1002384F856
:10B8F00062300C9B98B203B0BDE8F08F4FF00003AC
:10B9000084F862302AE77D2182F0200284F8391021
:10B91000A0F17D0184F83A200322012984F86220F5
:10B9200003D805214FF0040C37E70C9B042184F861
:10B930003B00DDB284F86210A5F17D02012A3FF6DA
:10B94000E1AE3CE7744902082DE9F04F044685B0AA
:10B95000924689461D460F9E00F0A6FC94F82C20C6
:10B9600094F82D708046BA425FD017D8013FBA1ABA
:10B970000027D2B2B2421AD8D319B34252D8D2B9A0
:10B98000002600F091FC2B68A0EB08001B1A304643
:10B9900023EAE3732B6005B0BDE8F08F002F60D081
:10B9A000C2F12A02013FD2B2FFB2B242E4D9F2B2EE
:10B9B0000027002AE4D00E9B50460392009394F88F
:10B9C0002C102B680231DFF8A4B02144C84794F84A
:10B9D0002C30064603445908ABFB01212A22890872
:10B9E00002FB113184F82C100028C9D0039A904230
:10B9F000C7D1002FC5D00E9B02313A465046214494
:10BA000000930023C84794F82C20064413185A08C2
:10BA1000ABFB021B2A224FEA9B0B02FB1B3384F871
:10BA20002C30AEE7B61AF7B2A9E70023282EA3857B
:10BA3000BDD90E9B2922A11C504600932B68C847F4
:10BA400094F82C3006462A21034408485A08A0FBE3
:10BA50000202920801FB123384F82C30002E8FD0A2
:10BA60008FE7C2F12902D2B284E700BF310CC330A4
:10BA70002DE9F04F1E4690F82C5090F82D3083B0F1
:10BA8000044688469D42914600F08C812378C34D40
:10BA9000C34F072BFDD8DFE813F01C01FB00D900D2
:10BAA000BA008F0051003200080094F82C1094F86E
:10BAB0002D30994200F04D81E21892787D2A00F0F5
:10BAC000B88101332A217E2A4FEA5300A5FB00C02A
:10BAD0004FEA900001FB103384F82D3000F05782BC
:10BAE000A38E0020E18E03EB022320709BB29942CB
:10BAF000A38600F07881002003B0BDE8F08F94F8B1
:10BB00002C0094F82D30984200F03281E2189178A0
:10BB10007D2900F0708101332A207E294FEA5302EB
:10BB2000A5FB02C24FEA920200FB123384F82D30CB
:10BB300000F01D820723A1862370AAE7638EB4F864
:10BB400030E09E4527D832E0A5FB01B19CF802C049
:10BB50004FF02A0B8908BCF17D0F0BFB110100F09F
:10BB6000D480BCF17E0F84F82D1000F0CB8006F855
:10BB700003C0E08E638E80EA0C01B4F830E001333C
:10BB8000C9B29BB237F811207345638682EA10224E
:10BB9000E28680F01D8194F82D2094F82CA0501C92
:10BBA00004EB020C92454FEA5001CDD19E4540F086
:10BBB0001481062323706CE794F82C0094F82D3040
:10BBC000984200F0C680E21891787D2900F09381B8
:10BBD00001332A207E294FEA5302A5FB02C24FEA15
:10BBE000920200FB123384F82D3000F0D081238EB6
:10BBF000002003EB01230C9960869BB2E0868B4208
:10BC0000238640F2E280207003B0BDE8F08F94F804
:10BC10002C0094F82D30984200F0AA80E218917818
:10BC20007D2900F0868101332A207E294FEA5302C4
:10BC3000A5FB02C24FEA920200FB123384F82D30BA
:10BC400000F0958104232186237022E794F82C00CC
:10BC500094F82D20904200F0B480A31899787D29A3
:10BC600000F0078101322A237E294FEA5200A5FB0A
:10BC700000C04FEA900003FB102284F82D2000F052
:10BC80008A8163788B420CBF03230023237000E773
:10BC9000002394F82C1084F82E3094F82D3099421B
:10BCA0006AD0E21890787D2800F0008101332A21C3
:10BCB0007E2884F82E004FEA5302A5FB02C24FEA09
:10BCC000920201FB123384F82D3055D002232370E9
:10BCD000DFE694F82CC04FF02A0E94F82D305A1C51
:10BCE0009C4504EB03014FEA52033FF404AFA5FB6C
:10BCF000030389789B087E290EFB1323DBB284F8AB
:10BD00002D30ECD101232370C3E6501C4FF02A0BD9
:10BD100002324108A5FB01C189080BFB1101601823
:10BD2000C9B28A453FF442AF51088078A5FB01A112
:10BD30007E2880F0200C4FEA91010BFB112284F841
:10BD40002D207FF414AF9E453FF433AF01232370C1
:10BD50009FE60F9B0093012301934A460E9B4146A9
:10BD60002046FFF7F1FD00283FF4C5AE237890E6AA
:10BD70000F9B00930223EFE70F9B4A464146204664
:10BD80000093042301930E9BFFF7DEFD0028EDD105
:10BD900094F82E307E2BE9D0ADE600BF310CC330D5
:10BDA000744902080F9B0093052301930E9BFFF734
:10BDB000CBFD94F82D2094F82C309A423FF49BAEA2
:10BDC00064E60F9B00930323C6E70523237060E618
:10BDD0003FF4EFAEBCF17E0F94D0AEEB03030F9AAD
:10BDE00002330092B8E794F82E300D9A1370208E2B
:10BDF00003B0BDE8F08F591C4FF02A0C4A08A5FB90
:10BE000002E292080CFB1212D1B28842B0D0023387
:10BE1000224491785A08A5FB02027E294FEA920239
:10BE20000CFB123384F82D3000F0A18081F020014A
:10BE300080E603F1010C2A204FEA5C02A5FB02E236
:10BE4000920800FB12C25FFA82FC614581D0023386
:10BE5000224459089278A5FB01C17E2A4FEA91013C
:10BE600000FB113384F82D3000F0918082F0200225
:10BE700036E6511C4FF02A0C4B08A5FB03E39B0848
:10BE80000CFB1313D9B288429BD0023223445008D2
:10BE90009B78A5FB00107E2B4FEA90000CFB102234
:10BEA00084F82D2077D083F02001EAE603F1010C1D
:10BEB0002A204FEA5C02A5FB02E2920800FB12C2B4
:10BEC0005FFA82FC61453FF457AF02332244917818
:10BED0005A08A5FB02C27E2984F82E104FEA92026E
:10BEE00000FB123384F82D303FF446AF81F020017F
:10BEF00084F82E10EAE6591C4FF02A0C4A08A5FBDC
:10BF000002E292080CFB1212D1B288423FF421AF38
:10BF10000233224491785A08A5FB02027E294FEA97
:10BF200092020CFB123384F82D3030D081F02001C6
:10BF30005DE6591C4FF02A0C4A08A5FB02E2920864
:10BF40000CFB1212D1B288423FF412AF02332244EA
:10BF500091785A08A5FB02027E294FEA92020CFB57
:10BF6000123384F82D3002D081F020016AE60F9B55
:10BF70000093022301934A460E9B41462046FFF759
:10BF8000E3FC00287FF4F2AE0123237081E50F9BD0
:10BF900000930123EEE70F9B00930323EAE700BF22
:10BFA0000129844600B583B01FD002294FF0000E4E
:10BFB00020D0002300206EF307036CF30F2361F3FE
:10BFC000174362F31F635FFA83FCC3F30721C3F3D4
:10BFD00007421B0E6CF3070061F30F2062F317405A
:10BFE00063F31F6003B05DF804FB00F1010E5FFA1C
:10BFF0008EFEDEE780F0800EDBE700BF82B030B15E
:10C00000030621D4421E4FF0010CD2B201E0844657
:10C010000246002360F30703002062F30F236CF352
:10C02000174361F31F635FFA83FCC3F30721C3F374
:10C0300007421B0E6CF3070061F30F2062F31740F9
:10C0400063F31F6002B0704780F080024FF0020C73
:10C05000DFE700BF0023037480F8403080F84430ED
:10C0600080F86030704700BF70B5037C04464BB168
:10C07000064600253046013503F09AF9237C103638
:10C08000AB42F7D894F844305BB104F14206002586
:10C090003046013502F092FF94F844300236AB424C
:10C0A000F6D894F840305BB104F11806002530460C
:10C0B000013503F029FA94F840302836AB42F6D81F
:10C0C00094F860305BB104F1480600253046013534
:10C0D00002F0E0FF94F860301836AB42F6D870BD3D
:10C0E00010B5047C82B004F1010C80F810C000EBA4
:10C0F000041003F053F901222046114602B0BDE8B6
:10C100001040FFF74DBF00BF10B584B08446282013
:10C110009DF8184000949CF8404000FB04C004F1D6
:10C12000010E18308CF840E003F0B8F9012202212A
:10C13000204604B0BDE81040FFF732BF10B590F8BC
:10C14000444082B0621C04F1210380F8442000EBDB
:10C15000430002F02FFF00220121204602B0BDE87B
:10C160001040FFF71DBF00BF10B584B084461820F3
:10C17000069C00949CF8604000FB04C004F1010E92
:10C1800048308CF860E002F05FFF00220221204678
:10C1900004B0BDE81040FFF703BF00BF037C8B4233
:10C1A0008CBF00EB01100020704700BF90F84030BA
:10C1B0008B4204D9282303FB01001830704700206C
:10C1C000704700BF90F844308B4203D9213100EB17
:10C1D000410070470020704790F860308B4204D9CE
:10C1E000182303FB0100483070470020704700BF50
:10C1F00090F8403083B170B5064600F11805002470
:10C2000000E040B12846013403F0F2FB96F84030DC
:10C210002835A342F5D870BD01207047F8B50E4609
:10C220000421044615461F46F6F770FF01233146E8
:10C23000204647EA030223752B4600F029FA2046E0
:10C24000F6F77AFFA84234BF00200120F8BD00BFF6
:10C250002DE9F04104460D46042116469846F6F7AE
:10C2600055FF2046F6F768FF03288CBF01270027FB
:10C2700002D83846BDE8F08133464246204629467A
:10C2800000F01AFA98F80030384603F0010203F083
:10C29000FE0388F800302275BDE8F08110F003003D
:10C2A00018BFC0F10400704710B584B00120694682
:10C2B000F1F7A6FE08499DE81500A0FB010300194F
:10C2C00001FB0231054A4FF0000341EBE471E4F752
:10C2D0002BFA04B010BD00BF00CA9A3B40420F00C9
:10C2E00010B584B001206946F1F78AFE064A00982D
:10C2F0000299A0FB0203019C401802FB043343EBAC
:10C30000E17104B010BD00BF00CA9A3B2DE9F041B5
:10C310000C468AB0064691F8C11004F10800FFF7F8
:10C3200045FF054603F06EFB68B92046D4E92E317F
:10C33000984718B901200AB0BDE8F081284603F0FB
:10C3400061FB0028F6D029894FF6FC72EB89287B27
:10C350006F68121AB3FBF1F0B7FBF1F701FB103174
:10C36000D4F8C43089B207FB01F1043F3A440431E8
:10C370001FFA82F83A46A3EB0803C4F8C4302B68CE
:10C380001944002351F8040C009002A8F6F790FE1F
:10C39000D4F8C42002F10803BB4227D94246002347
:10C3A0000D2102A8FFF73AFF2989EB896A68B3FBE0
:10C3B000F1F0B2FBF1F201FB10339BB202FB03F38D
:10C3C0002A68D7500121E88903F03EFB0499039ABB
:10C3D000E8813046521AF6F77DFE304622460F4974
:10C3E000F6F74CFE00200AB0BDE8F08192B20223BD
:10C3F0000D2102A8FFF712FF2889EB896968D4F89C
:10C40000C420B3FBF0F7B1FBF0F100FB17330832A7
:10C410009BB201FB03F32968CA50D3E70DC301089F
:10C42000F0B587B0072700251C460646CDE9022156
:10C430000C9ACDE900750432FEF7C8FF80F00102C6
:10C44000D2B2A27512B1284607B0F0BD05AA029972
:10C450003046FFF7F7F805A90546204601F088F8B1
:10C46000A669E7692046D4E90121521AF6F732FE9F
:10C4700020463A463146F6F701FE284607B0F0BDA1
:10C480002DE9F04F91B0054608301E460591C1F3E5
:10C4900007210492FFF78AFE9DF81630012B00F069
:10C4A00093800446002800F08F8003F0ABFA002848
:10C4B00000F085802389E7896268B7FBF3F9B2FB56
:10C4C000F3F203FB19792368A2F1040B03921FFA1C
:10C4D00089F902FB09F909F104099944237B59F808
:10C4E000048C43457CD3ABF1040A5A46494608A85C
:10C4F000AAEB030A1A9BCDF8008008331FFA8AFAC8
:10C5000002930023F6F7D4FD029B52460D215B45B2
:10C5100034BF0223002308A8FFF780FE2189636847
:10C520003846B7FBF1F2B3FBF1F301FB12720121C4
:10C5300092B202FB03F3226842F803B003F084FADC
:10C54000039B08F104010746A3F108023046494461
:10C55000A2EB0802F6F7BEFD1A9B0721E7811A1D20
:10C5600000233046B2F5803F28BF1A4692B2FFF74B
:10C5700055FE07AA04992846FFF764F8044620B33D
:10C5800007A9304600F0F4FF3046D6E90121521ADF
:10C59000F6F7A0FD059B029A3046C5F8C0301B9BFC
:10C5A000C5F8C4202A46C5F8B8301C9B1849C5F800
:10C5B000BC30F6F763FD204611B0BDE8F08F1C9942
:10C5C00028461B9B984720B90024204611B0BDE89F
:10C5D000F08F204603F016FA00287FF46BAFF3E7E4
:10C5E0003846012103F030FA228963680746B3FB1D
:10C5F000F2F9B0FBF2F302FB13039BB203FB09F960
:10C60000236809F104099944237B59F8048C6AE7EB
:10C610000DC30108F0B5164683B004460D460193DC
:10C62000089FF5F775FA31462046F5F771FA019A39
:10C6300001212046F5F718FB2B0601D503B0F0BD0C
:10C6400004223946204603B0BDE8F040FDF740B96A
:10C65000F0B5164683B004460D460193089FF5F7E2
:10C660006DFA31462046F5F769FA019A0121204614
:10C67000F5F7EEFB95F90030002B01DA03B0F0BDC1
:10C6800004223946204603B0BDE8F040FDF784B9E6
:10C6900030B5154683B004460193F5F739FA2946BB
:10C6A0002046F5F735FA019A0121204603B0BDE88E
:10C6B0003040F5F7D9BA00BF30B5154683B004460F
:10C6C0000193F5F73BFA29462046F5F737FA019A28
:10C6D0000121204603B0BDE83040F5F7B9BB00BFEB
:10C6E0002DE9F84304220E460546FDF7F1F807460A
:10C6F0000222311D2846FDF7EBF838400222B11D19
:10C70000C7B22846FDF7E4F80422074006F1080105
:10C710002846FDF7DDF80740317B2846F5F7F8F9A4
:10C72000717B07402846F5F7C5F9737B07EA0008D7
:10C730003BB9B18B2846F5F717FA08EA0000BDE8C7
:10C74000F88331692846F5F7F9FB3369E3B1C0B1E5
:10C7500037464FF0000900E09CB17969284602F0A5
:10C7600011FCB9690446284602F00CFC09F10109E4
:10C770003369044008379945E4B2EDD308EA040868
:10C78000D7E74FF00008D4E708EA0008D1E700BF78
:10C790002DE9F84304220C460546FDF7FDF807464F
:10C7A0000222211D2846FDF7F7F838400222A11D7C
:10C7B000C6B22846FDF7F0F80422064004F108014D
:10C7C0002846FDF7E9F8064004F10C012846F5F784
:10C7D000B5F904F10D0106EA00072846F5F780F9DE
:10C7E000637B07403BB904F11C012846F5F7BCFA0E
:10C7F0003840BDE8F88304F110012846F5F7CEFC77
:10C800002369012B03D901230027AB75EBE70BB399
:10C81000F0B1A0464FF0000900E0CEB1D8F81410F6
:10C8200008F108084FF40072284602F0BBFBD8F864
:10C83000101006464FF40072284609F1010902F073
:10C84000B1FB236906409945F6B2E6D33740CAE703
:10C850000027C8E70740C6E72DE9F84304220F4642
:10C860000546FDF735F804460222391D2846FDF736
:10C870002FF820400222B91DC4B22846FDF728F83F
:10C88000397A04402846F5F715F93B7A00EA04089E
:10C8900013B94046BDE8F883F9682846F5F74EFB22
:10C8A000FB6803B3D0B13E464FF0000900E0ACB1E5
:10C8B0003169284602F066FB71690446284602F099
:10C8C00061FB09F10109FB68044008369945E4B2AF
:10C8D000EDD308EA04084046BDE8F8834FF00008AD
:10C8E0004046BDE8F88308EA0008D2E770B50D4677
:10C8F00009780646F5F70CF9044630B12B78022B7F
:10C900000CD0032B10D0012B08D0022205F50271A8
:10C910003046FCF7DDFF2040C0B270BD696830468C
:10C9200002F030FB0446F0E72946304651F8042F68
:10C930000431FDF76DF90446E7E700BF70B50B78E9
:10C940000C460546013B0D2B54D8DFE803F03007B9
:10C950001B1B07070707530C0C0C4E490431BDE89D
:10C960007040FFF7C3BF0979F5F7D2F8E8B1237932
:10C97000012B01D0022B3DD1A1682846BDE87040B3
:10C9800002F000BB0979F5F7C3F8064620B1237918
:10C99000022B39D0032B2FD0022204F50371284635
:10C9A000FCF796FF3040C0B270BD002070BD097921
:10C9B000F5F7AEF8064658B12379022B03D0032BC6
:10C9C00028D0012B04D1A168284602F0DBFA0646E4
:10C9D000B4F90C122846F5F7D7FD3040C0B270BD4F
:10C9E0000431BDE87040FFF77BBE0431BDE8704004
:10C9F000FFF732BF012070BDA26804F10C01284688
:10CA0000FDF706F90646C7E7A168284602F0BAFA1C
:10CA10000646C1E7A26804F10C012846FDF7F8F8C4
:10CA20000646D5E770B506460D46F5F787F8044685
:10CA300030B12B78022B0CD0032B12D0012B08D055
:10CA4000022205F502713046FCF7A6FF2040C0B275
:10CA500070BD4FF400726968304602F0A3FA0446D4
:10CA6000EEE72B1D4FF4007205F108013046FDF78B
:10CA7000E1F80446E4E700BF70B50D4609780646C4
:10CA8000F5F718F82B7804464BB9297A3046F5F7B4
:10CA900011F82B7A0440E4B243B9204670BD6968AE
:10CAA000304602F06FFA0440E4B2EEE7E96830463F
:10CAB00002F068FA0440204670BD00BF70B50D4614
:10CAC0000646096802F05EFA044629793046F4F712
:10CAD000F1FF2B790440E4B243B9297B3046F4F7E7
:10CAE000E9FF2B7B04403BB9204670BDA968304666
:10CAF00002F048FA0440F0E72969304602F042FAB1
:10CB00000440E4B2204670BD2DE9F0410C4609789E
:10CB10000646F4F7CFFF237805466BB994F8281042
:10CB20003046F4F7C7FF94F828300540EDB2002BEB
:10CB300069D12846BDE8F08161683046F5F7FEF915
:10CB40006368002B6BD0002867D0A168304602F0E4
:10CB500019FA6368012B53D900285ED0E16830468A
:10CB600002F010FA6368022B4AD9002855D02169D7
:10CB7000304602F007FA6368032B41D900284CD0F5
:10CB80006169304602F0FEF96368042B38D9002849
:10CB900043D0A169304602F0F5F96368052B2FD91F
:10CBA00000283AD0E169304602F0ECF96368062BC0
:10CBB00026D990B3216A304602F0E4F96368072B66
:10CBC0001ED950B3616A304602F0DCF96368082B65
:10CBD00016D910B3A16A304602F0D4F96368092B64
:10CBE0000ED9D0B104F12C08092700E0A8B158F8FB
:10CBF000041B304602F0C6F9013762689742F5D34C
:10CC00000540EDB28AE7E26A04F130013046FCF7F4
:10CC1000FFFF05402846BDE8F08100257EE728405B
:10CC2000C5B27BE770B50D4609780646F4F742FFBA
:10CC30002B7804464BB9297A3046F4F73BFF2B7A20
:10CC40000440E4B243B9204670BD6968304602F042
:10CC500099F90440E4B2EEE705F10C013046FFF724
:10CC600053FF0440204670BD2DE9F0410C46097881
:10CC70000646F4F71FFF237805466BB994F8281091
:10CC80003046F4F717FF94F828300540EDB2002B3A
:10CC900069D12846BDE8F08161683046F5F74EF964
:10CCA0006368002B6BD0002867D0A168304602F083
:10CCB00069F96368012B53D900285ED0E1683046DA
:10CCC00002F060F96368022B4AD9002855D0216927
:10CCD000304602F057F96368032B41D900284CD045
:10CCE0006169304602F04EF96368042B38D9002898
:10CCF00043D0A169304602F045F96368052B2FD96E
:10CD000000283AD0E169304602F03CF96368062B0E
:10CD100026D990B3216A304602F034F96368072BB4
:10CD20001ED950B3616A304602F02CF96368082BB3
:10CD300016D910B3A16A304602F024F96368092BB2
:10CD40000ED9D0B104F12C08092700E0A8B158F899
:10CD5000041B304602F016F9013762689742F5D39A
:10CD60000540EDB28AE7E26A04F130013046FCF793
:10CD70004FFF05402846BDE8F08100257EE72840AA
:10CD8000C5B27BE770B50D4609780646F4F792FE0A
:10CD90002B7804464BB9297A3046F4F78BFE2B7A70
:10CDA0000440E4B243B9204670BD6968304602F0E1
:10CDB000E9F80440E4B2EEE705F10C013046FFF774
:10CDC00053FF0440204670BD2DE9684388468146E4
:10CDD0000988F4F7C9FE064698F802104846F4F7A9
:10CDE00069FE98F802300640F5B2EBB998F80610E3
:10CDF0004846F4F75FFE98F8063005407BBB98F88C
:10CE00000C104846F4F756FE98F80C300540F3B97C
:10CE100098F814104846F4F74DFE98F81430054081
:10CE20004BB92846BDE86883B8F804104846F4F7C3
:10CE30009BFE0540DAE7D8F8182008F11C014846A7
:10CE4000FCF7E6FE2840C5B22846BDE86883D8F85E
:10CE500010104846F5F772F82840C5B2D8E7D8F860
:10CE600008104846F5F76AF82840C5B2C7E700BF82
:10CE7000F8B502220C460646FCF72AFD0546A178C5
:10CE80003046F4F717FEA3780540EDB20BB92846FB
:10CE9000F8BD04F108013046FFF796FF074694F805
:10CEA0002C103046F4F706FE94F82C303840C7B208
:10CEB0005BB994F838103046F4F7FCFD94F838303C
:10CEC00007404BB93D402846F8BDD4E90C23304615
:10CED000F5F78AFA0740ECE7E16B304602F052F8CA
:10CEE0000740FFB2EEE700BFF8B502220D46064646
:10CEF000FCF7EEFC0446A9783046F4F7DBFDAB788E
:10CF00000440E4B20BB92046F8BD05F108013046F3
:10CF1000FFF75AFF074695F82C103046F4F7CAFD84
:10CF200095F82C303840C7B213B93C402046F8BDC4
:10CF3000D5E90C233046F5F757FA0740F5E700BF6F
:10CF400070B505460E46F4F7F9FD68B1337804462E
:10CF5000013B0D2B09D8DFE803F0410A23230A0A1D
:10CF60000A0A081010105C560024204670BD311DBE
:10CF70002846BDE87040FFF755BD311D2846F4F73F
:10CF8000DDFD0028F0D03379012B01D0022BECD14C
:10CF9000B16828464FF40072BDE8704002F002B854
:10CFA000311D2846F4F7CAFD044670B13379022BCF
:10CFB0004CD0032B09D106F108034FF4007206F19F
:10CFC0000C012846FCF736FE0446022206F50371E2
:10CFD0002846FCF7E1FC2040C4B2C6E7311D2846D4
:10CFE000F4F7ACFD044630B13379022B36D0032B75
:10CFF0003CD0012B32D006F503712846F5F744FBEF
:10D000002040C4B2B1E7311D2846BDE87040FFF7AB
:10D01000BFBB04222846B118FCF7BEFC044602221E
:10D0200006F108012846FCF7B7FC0440022206F18D
:10D030000A012846E4B2FCF7AFFC034606F10C01F6
:10D0400028461C40F4F74CFD04408EE74FF4007274
:10D05000B168284601F0A6FF0446B6E74FF4007217
:10D06000B168284601F09EFF0446C4E706F10803B4
:10D070004FF4007206F10C012846FCF7DBFD044674
:10D08000B9E700BF70B5022205460E46FCF784FCE6
:10D09000022204462846B118FCF77EFC2040C0B2AC
:10D0A00070BD00BF2DE9F0470E4609788046F4F7C1
:10D0B0002FFD074638B13378062B00F081800D2B09
:10D0C00014D0052B02D03846BDE8F087B6F9081019
:10D0D0004046F5F759FA07464046D6E90423F5F7E6
:10D0E00083F93840C7B23846BDE8F087B6F9081072
:10D0F0004046F5F749FAF16807464046F4F71EFF47
:10D10000F368002BEDD018B306F10C09002404EBF2
:10D11000440506EBC505297C4046F4F7F9FC4FEAC7
:10D12000440A04EB4401002851D02B7CC900032B96
:10D1300054D8DFE803F033210F02494440468968A0
:10D1400001F020FF0134F268944244D20028DED17D
:10D150000027B8E70831A24410224046494406EBB4
:10D16000CA0AFCF7B5FB0546DAF824104046F4F786
:10D17000E5FE2840C0B2E5E70831A244042240465B
:10D18000494406EBCA0AFCF7A3FB0546BAF8181097
:10D190004046F4F7E9FC2840C0B2D3E70831A24486
:10D1A00002224046494406EBCA0AFCF791FB0546B9
:10D1B0009AF816104046F4F7ABFC2840C0B2C1E71D
:10D1C000B6F908104046BDE8F047F5F7DDB901347F
:10D1D000F268A242BCD80740FFB274E70134F3689A
:10D1E00018359C4297D36EE72DE9F041022206469E
:10D1F0000F46FCF7D1FB022205463046B918FCF772
:10D20000CBFB8046391D3046F4F798FC05EA08054B
:10D210000446791D30462C40F4F790FC2040C0B203
:10D22000BDE8F081F8B50E4607460978F4F770FCC2
:10D23000044671783846F4F76BFC0440B178384600
:10D24000F4F738FCB378E4B2044043B9317A384695
:10D25000F4F730FC337A04403BB92046F8BD7168DE
:10D26000384601F08FFE0440F0E771893846F4F744
:10D270007BFC0546B1893846F4F776FC0540F18918
:10D280003846EDB2F4F770FC318A25400446384642
:10D290002540F4F769FC00EA05042046F8BD00BF0C
:10D2A000FFF71EBAF8B5022207460E46FCF710FB40
:10D2B000022205463846B118FCF70AFB31790446CC
:10D2C0003846F4F725FC70B133792C40013BE4B2C9
:10D2D0000D2B09D8DFE803F04C0A23230A0A0A0AB7
:10D2E00008121212453E00242046F8BD06F108013E
:10D2F0003846FFF7FBFA04402046F8BD317A38463D
:10D30000F4F706FC0028EED0337A012B01D0022B73
:10D31000EAD1F168384601F035FE0440E4E7317A9D
:10D320003846F4F7F5FB054658B1337A022B34D072
:10D33000032B06D1F26806F110013846FCF768FCB1
:10D340000546022206F504713846FCF7C1FA28406A
:10D350000440C9E706F108013846FFF7C1F9044067
:10D36000C2E706F108013846FFF776FA0440BBE74A
:10D37000317A3846F4F7CCFB054630B1337A022BCC
:10D3800011D0032B15D0012B0DD0B6F91012384651
:10D39000F5F7FAF828400440A6E7F168384601F0AE
:10D3A000F1FD0546CDE7F168384601F0EBFD054695
:10D3B000EBE7F26806F110013846FCF729FC054658
:10D3C000E3E700BF70B5022205460E46FCF7E4FA1B
:10D3D000022204462846B118FCF7DEFA0346311D46
:10D3E00028461C40F4F7DAFEE4B2204070BD00BFCE
:10D3F00070B5022205460E46FCF76AFA0222044680
:10D400002846B118FCF764FA2040C0B270BD00BFD6
:10D410002DE9F8430E460546F4F790FB0446711CCF
:10D420002846F4F78BFB042281462846B118FCF706
:10D43000B3FA06F10801804602222846FCF7ACFA4E
:10D4400004EA090307460222DBB206F10A01284674
:10D4500003EA0804FCF7A0FA034628463C4006F11C
:10D460000C011D46F4F73CFB25402840BDE8F8833D
:10D470002DE9F041022206460F46FCF78DFA022202
:10D4800005463046B918FCF787FA8046391D304604
:10D49000F4F754FB05EA08050446791D30462C4094
:10D4A000F4F74CFB2040C0B2BDE8F0812DE9F0411B
:10D4B00002220C460546FCF70BFA0222804628465B
:10D4C000A118FCF705FA074621792846F4F720FB56
:10D4D00008EA070806466179284606EA0806F4F7CE
:10D4E00017FB217A3040C7B22846F4F7E3FA237AD3
:10D4F00006466BB994F81C122846F4F7DBFA94F848
:10D500001C323040C6B283B906EA0700BDE8F0819C
:10D51000217B2846F4F7FCFA88B104F10C01284677
:10D52000FFF70CFA3040C6B2E4E704F5087128466C
:10D53000FFF7B8FD064006EA0700BDE8F0810646A1
:10D54000D8E700BF70B5022205460E46FCF7C0F9C9
:10D55000022204462846B118FCF7BAF90346311DE9
:10D5600028461C40FFF75EFEE4B2204070BD00BFBD
:10D5700070B5022205460E46FCF7AAF902220446BF
:10D580002846B118FCF7A4F92040C0B270BD00BF16
:10D5900070B50C4605460E4634F8021BF4F7E4FA63
:10D5A0000222214604462846FCF792F903463179C7
:10D5B00028461C40F4F7ACFAE4B2204070BD00BF2E
:10D5C00070B50E460546F4F7CFFB02220446284606
:10D5D000B118FCF7E1F90346311D28461C40F4F769
:10D5E000ADFAE4B2204070BD70B50D46064609881C
:10D5F000F4F7BAFA698804463046F4F7B5FA0346F8
:10D60000297930461C40F4F783FAE4B2204070BD1B
:10D6100070B50E460546F4F7A7FB0446B11C284634
:10D62000F4F7A2FB0346311D28461C40F4F786FAA6
:10D63000E4B2204070BD00BF70B50D4606460968D3
:10D64000F5F796F8044669683046F4F777FC204011
:10D65000C0B270BD2DE9F0410E460546F5F720F940
:10D660000746311D2846F4F799FD804606F108016A
:10D670002846F5F715F907EA0807044606F10C01F4
:10D6800028463C40F4F78AFD06F110010440284684
:10D69000F5F706F90346E4B228461D4606F11401E3
:10D6A000F4F77CFD2C402040BDE8F0812DE9F041ED
:10D6B00004460D460C22FCF70BF9032205F10C0180
:10D6C00007462046FCF704F9E97B80462046F4F73C
:10D6D0001FFA296906462046F5F74AF807EA0807BF
:10D6E000034620463E4069691C46F4F727FC344057
:10D6F0002040C0B2BDE8F0812DE9F04104460D465E
:10D700000C22FCF749F9032205F10C0107462046DB
:10D71000FCF742F905F10F0180462046F4F70EFAB6
:10D7200005F1100106462046F5F7BAF807EA0807A2
:10D73000034620463E4005F114011C46F4F72EFD39
:10D7400034402040C0B2BDE8F08100BF002839D08D
:10D7500070B50446006880B30E461546F6F75CFDCA
:10D7600030B320680430F6F757FD08B3206808305E
:10D77000F6F752FDE0B120680C30F7F71BFFB8B1A7
:10D7800020681030F7F716FF90B1CDB1C6B12A4628
:10D7900031462068F6F7F8FC48B10A2807D040F275
:10D7A000F51240F6370390420CBF1846012070BDB9
:10D7B000F9F746FA40F6360070BD40F6360070BD07
:10D7C0000B2070BD40F63600704700BF90B370B5B7
:10D7D0000446006848B30E461546F6F71DFDF8B13D
:10D7E00020680430F6F718FDD0B120680830F6F74D
:10D7F00013FDA8B120680C30F7F7DCFE80B120687B
:10D800001030F7F7D7FE58B195B18EB120682A468F
:10D8100031460830F6F780FC003818BF012070BD93
:10D82000F9F70EFA40F6360070BD40F6360070BDCE
:10D830000B2070BD40F63600704700BF00283AD07C
:10D8400070B50446006888B30E461546F6F7E4FC4A
:10D8500038B320680430F6F7DFFC10B320680830D6
:10D86000F6F7DAFCE8B120680C30F7F7A3FEC0B198
:10D8700020681030F7F79EFE98B1D5B1CEB1206880
:10D880002A4631460830F6F77FFC48B10A2807D00F
:10D8900040F2F51240F6370390420CBF18460120C3
:10D8A00070BDF9F7CDF940F6360070BD40F6360090
:10D8B00070BD0B2070BD40F63600704700283AD08E
:10D8C00070B50446006888B30E461546F6F7A4FC0A
:10D8D00038B320680430F6F79FFC10B32068083096
:10D8E000F6F79AFCE8B120680C30F7F763FEC0B198
:10D8F00020681030F7F75EFE98B1D5B1CEB1206840
:10D900002A4631460430F6F73FFC48B10A2807D0D2
:10D9100040F2F51240F6370390420CBF1846012042
:10D9200070BDF9F78DF940F6360070BD40F636004F
:10D9300070BD0B2070BD40F636007047002838D00F
:10D9400030B50446006891B078B30D46F6F764FC34
:10D9500028B320680430F6F75FFC00B32068083075
:10D96000F6F75AFCD8B120680C30F7F723FEB0B1B7
:10D9700020681030F7F71EFE88B1EDB12068002353
:10D980006A4629460C30F7F7B9FD60B140F29113B1
:10D99000984214D00A2818BF012011B030BDF9F701
:10D9A0004FF940F6360011B030BD40F6360011B0E8
:10D9B00030BD40F6360070470B2011B030BD40F648
:10D9C0003700F0E7002848D0F8B50C4600293CD0D5
:10D9D00005460868002838D017461E46F6F71CFC96
:10D9E000B0B320680430F6F717FC88B3206808301D
:10D9F000F6F712FC60B320680C30F7F7DBFD38B3A4
:10DA000020681030F7F7D6FD10B32168284601F5DD
:10DA1000E272F8F727FEB8B92168284601F5E472EA
:10DA20000431F8F71FFE78B92168284601F5E6723F
:10DA30000831F8F717FE38B92168284601F5E87271
:10DA40000C31F8F7BFFA58B1F8BD40F63600F8BD12
:10DA5000F9F7F6F840F63600F8BD4FF461707047FC
:10DA60002168284601F5EA721031F8F7ABFA002870
:10DA7000EAD11FB12368D3F8C4313B60002EE3D054
:10DA80002368D3F8D0313360F8BD00BF002850D0F0
:10DA90002DE9F8430C4600293ED0054608680028C9
:10DAA0003AD016461F46F6F7B7FB002838D0206854
:10DAB0000430F6F7B1FB002832D020680830F6F7C2
:10DAC000ABFB68B320680C30F7F774FD40B32068F7
:10DAD0001030F7F76FFD18B3DDE90932002A18BFDF
:10DAE000002B089B0CBF01210021002B08BF41F037
:10DAF0000101002F08BF41F00101B9B9B6B1236897
:10DB00006C68D3E974218A42104638BF08468442C3
:10DB100012D80120BDE8F88340F63600BDE8F8834E
:10DB2000F9F78EF840F63600BDE8F8830B20BDE823
:10DB3000F8834FF461707047D3E9718ED3F8CCC18C
:10DB4000F0454046EC6938BF7046604538BF6046D6
:10DB50008442DED9D5F818902D6859F8280055F878
:10DB6000214055F82250181A59F82C2003F10C0CBA
:10DB700059F82E10B0FA80F0A5EB0C054009B5FA63
:10DB800085F56D09357003F11005641B089DB4FA25
:10DB900084F464093C701C1D08332870091B0020A4
:10DBA000D31A099AB1FA81F1B3FA83F349095B09EF
:10DBB00011700A9A1370B1E7002839D070B5044685
:10DBC000006880B30E461546F7F7ACFB30B320680B
:10DBD0000430F7F7A7FB08B320680830F7F7A2FB7B
:10DBE000E0B120680C30F7F71FFAB8B120681030A8
:10DBF000F7F71AFA90B1CDB1C6B12A46314620687E
:10DC0000F7F738FB48B10A2807D040F2592240F60E
:10DC1000990390420CBF1846012070BDF9F710F827
:10DC200040F6980070BD40F6980070BD0B2070BDA6
:10DC300040F69800704700BF90B370B50446006886
:10DC400048B30E461546F7F76DFBF8B1206804306F
:10DC5000F7F768FBD0B120680830F7F763FBA8B18D
:10DC600020680C30F7F7E0F980B120681030F7F742
:10DC7000DBF958B195B18EB12A4631462068F7F7E5
:10DC800039FB10B1022818BF012070BDF8F7D8FF8A
:10DC900040F6980070BD40F6980070BD0B2070BD36
:10DCA00040F69800704700BF00283AD070B504468F
:10DCB000006888B30E461546F7F734FB38B3206882
:10DCC0000430F7F72FFB10B320680830F7F72AFB72
:10DCD000E8B120680C30F7F7A7F9C0B12068103020
:10DCE000F7F7A2F998B1D5B1CEB120682A463146EE
:10DCF0000830F7F7BFFA48B10A2807D040F2592296
:10DD000040F6990390420CBF1846012070BDF8F709
:10DD100097FF40F6980070BD40F6980070BD0B204C
:10DD200070BD40F69800704700283AD070B50446A0
:10DD3000006888B30E461546F7F7F4FA38B3206842
:10DD40000430F7F7EFFA10B320680830F7F7EAFA73
:10DD5000E8B120680C30F7F767F9C0B120681030DF
:10DD6000F7F762F998B1D5B1CEB120682A463146AD
:10DD70000430F7F77FFA48B10A2807D040F2592259
:10DD800040F6990390420CBF1846012070BDF8F789
:10DD900057FF40F6980070BD40F6980070BD0B200C
:10DDA00070BD40F69800704798B370B5044600689F
:10DDB00050B30E461546F7F7B5FA00B320680430A5
:10DDC000F7F7B0FAD8B120680830F7F7ABFAB0B17E
:10DDD00020680C30F7F728F988B120681030F7F781
:10DDE00023F960B19DB196B120682A4631460430CE
:10DDF000F7F780FA10B1022818BF012070BDF8F7BC
:10DE00001FFF40F6980070BD40F6980070BD0B20D3
:10DE100070BD40F69800704700284DD070B50C4694
:10DE200059B10546086840B11646F7F77BFA20B1AC
:10DE300020680430F7F776FA10B940F6980070BD04
:10DE400020680830F7F76EFA0028F6D020680C300A
:10DE5000F7F702F90028F0D020681030F7F7FCF847
:10DE60000028EAD02168284601F5EE72F8F726FC72
:10DE70000028E4D12168284601F5F0720431F8F752
:10DE80001DFC0028DBD12168284601F5F27208311B
:10DE9000F8F714FC0028D2D12168284601F5F47265
:10DEA0001431F8F7AFFB0028C9D1002EC7D0236882
:10DEB000D3F8DC31336070BD4FF46170704700BF40
:10DEC000002867D02DE9F0410C4661B1054608688D
:10DED00048B116469846F7F725FA20B12068043075
:10DEE000F7F720FA18B940F69800BDE8F0812068ED
:10DEF0000830F7F717FA0028F5D020680C30F7F74C
:10DF0000ABF80028EFD020681030F7F7A5F800280C
:10DF1000E9D0DDE90623002A18BF002B0CBF012140
:10DF20000021B8F1000F08BF41F00101A9BBA6B361
:10DF3000216800202C69D1F8E8212F6A54F82220AA
:10DF4000D1F8DC41D1F8E03157F8244057F823509C
:10DF5000641AD1F8E431B4FA84F457F82330640930
:10DF600034700C1D2C1BB4FA84F4640988F800404A
:10DF700001F108041B1B069CB3FA83F35B092370B1
:10DF800001F11403D31A079AB3FA83F35B091370F0
:10DF9000BDE8F0814FF4617070470B20BDE8F0815F
:10DFA0000220704703207047042070470620704706
:10DFB00005207047C2B2062A10D804290ED800EBFB
:10DFC000800210B45318064C54F8233013B15DF896
:10DFD000044B184700205DF8044B70470020704741
:10DFE000744B020810B5074C864684460FCCACE84B
:10DFF0000F000FCCACE80F0023687046CCF800305F
:10E0000010BD00BF004C0208D0B18446D0F8090012
:10E0100000B587B0DCF80D10DCF81120DCF8153005
:10E020000DF1080EAEE80F00DCF804000CF1400220
:10E0300002A91030FFF7CAFB20B907B05DF804FB56
:10E040000B2070470190F8F7FBFD019807B05DF8D1
:10E0500004FB00BF60B1836843B11968002281608E
:10E060001A72C1681A629A841960C36018467047B0
:10E070000346FBE780B179B1C36899420DD02BB15B
:10E080001A68914203D01346002BF9D170470A68F1
:10E090001A6083680B60816070470B68C360F8E7A3
:10E0A00038B581B178B1C4680D4614B909E0246867
:10E0B0003CB104F109001022294602F0F7FE0028C5
:10E0C000F5D1204638BD0024204638BD40B1C06897
:10E0D00010B905E0006818B190F908308B42F9D109
:10E0E000704700BF40B1C06810B905E0006818B1C2
:10E0F00090F90830032BF9DD704700BF70B1C0689C
:10E1000060B110B401E0006828B1D0E90A41994239
:10E1100008BF9442F7D15DF8044B7047704700BFC9
:10E1200070B1C06860B110B401E0006828B1D0E9F6
:10E130001041994208BF9442F7D15DF8044B7047F3
:10E14000704700BF70B1C06860B110B401E00068F2
:10E1500028B1D0E91641994208BF9442F7D15DF841
:10E16000044B7047704700BF40B1C06810B905E06C
:10E17000006818B190F82030002BF9D0704700BF2C
:10E1800040B1C06810B905E0006818B190F82330BC
:10E19000002BF9D0704700BF98B100220B4600F168
:10E1A000280110B5446886B004F110000592CDE94D
:10E1B000032203AA8DF80C30FFF73EFD18B906B014
:10E1C00010BD0B2070470190F8F73AFD019806B09A
:10E1D00010BD00BF0000000010B310B590B00446A1
:10E1E00006A8FFF7FFFE0023D4F80900EC46D4F898
:10E1F0000D10D4F811208DF81830D4F81530CDF862
:10E200001CD0ACE80F009FED087B606806AA04F103
:10E21000580110308DED087BFFF7C6FD10B010BD22
:10E220000B207047AFF300800100000001000000E8
:10E2300082B030B58BB00EAC84E80C0088B10446D7
:10E2400001A80D46FFF7CEFE01AA0EA904F11000A9
:10E250008DF80450FFF7A8FD0BB0BDE8304002B0C8
:10E2600070470B200BB0BDE8304002B0704700BFD4
:10E270000B280DDC002809DB0B2807D8DFE800F0AD
:10E28000070606070606060606060707012070476A
:10E29000CB2818BF0120704730B5002383B000930E
:10E2A000D0B1044669461548F8F79AFC024610B109
:10E2B000012003B030BD009B8BB118780028F8D046
:10E2C00001A91846019201F0CDFE054650B1431C4C
:10E2D0000DD000202560ECE70B2003B030BD1846C0
:10E2E00003B030BD019B1B78002BF2D0E0E702F0B9
:10E2F000F5FE0368222BECD1DAE700BF244C0208BC
:10E300002DE9F04F8DB098461B9B0792002B18BF4C
:10E31000B8F1000F0CBF01230023002A08BF43F00F
:10E320000103002908BF43F00103002B3DD1B0FADF
:10E3300080F204465209002837D00F460BA900F09E
:10E3400051FA054668BB0B9B002B37D102460BA93F
:10E350003846FAF77DFF68BB0B9B002B33D12A466A
:10E360000BA90798FAF756FF20BB0B9D002D40F034
:10E37000A2807B21204602F0CBFD2378814620BB82
:10E380002F2B22D119AB93E8030016AB8DE80300C5
:10E3900020460ECBF8F7BAFD00281B9B08BF0A25C4
:10E3A000186028460DB0BDE8F08F0B2528460DB04B
:10E3B000BDE8F08FFFF75CFF0546F2E767252846CA
:10E3C0000DB0BDE8F08FC925EBE77E2B75D0B9F114
:10E3D000000F00F0C2800023A2461E460895554655
:10E3E0000994B2464C46DDF81CB0002C00F0AE801B
:10E3F0007D21284602F08CFDA0EB040921466948E6
:10E4000009F10106324602F090FD002851D0324653
:10E410002146654802F089FD28B13246214663480D
:10E4200002F083FD38BBD94618AB93E8070016AB62
:10E430008DE80700204631460CCBF8F789FD0446ED
:10E44000002800F0A3804A46284616AB2146F8F77C
:10E450005DFC1A990546179B204698475046179B26
:10E460001A999847002D6CD07B21284602F050FD68
:10E47000AA460446B9E709F1FF32611C4046F8F7A5
:10E480007FFE81460028CFD11B9B18AA6925186002
:10E4900016AB07CA8DE80700314620460CCBF8F7CB
:10E4A00057FD1A99179B9847179B1A9950469847FA
:10E4B00077E7B946B8E7CA2573E7079E3046E1F724
:10E4C0006FFF3B4A3B4B0396012818BF1346049746
:10E4D00002931A9B0093631C05934FF4006301930E
:10E4E00016AB0FCBF8F7D8FB064650B3B9F1000FC7
:10E4F00005D07B21B24602F00BFD81466EE73378F2
:10E500002F2B1BD0079C2046E1F74AFF4FF40063F6
:10E51000294A01931A9B04960093284B03940128DF
:10E5200018BF1346029316AB0FCBF8F7B5FB0346A3
:10E53000179A30461A991E46904716B11B9B1E60CB
:10E540002FE700231B9A0A2513602AE753465646F5
:10E55000DDE90854002BD2D123782F2B1ED0079E43
:10E560003046E1F71DFF1A9A4FF4006303960494B6
:10E57000CDE90023104A114B012818BF134602931E
:10E5800016AB0FCBF8F788FB0646D6E7DDE91A1283
:10E590005046179B14600A25984702E700231E4641
:10E5A000CCE700BF3C4C0208444C02084C4C02082B
:10E5B000344C0208DC440208A8420208A0420208C7
:10E5C00000280CBF0B200020704700BF034A034601
:10E5D00092E8030083E8030018467047584C02088D
:10E5E00082B0F0B587B004460D460DF1300E0DF146
:10E5F000040CCEE90023BEE80F00ACE80F00DEF803
:10E60000003001A8CCF80030F8F738FA54B380F0A5
:10E610000103DBB233BB6668EEB91DB32846F5F7DC
:10E6200051FE08B3019B1C2005999847074660607E
:10E6300010B32868283000F0CFFA386060680768A7
:10E64000A7B1012301AC00F1080703710FCC0FC77C
:10E6500023683B6000E06426304607B0BDE8F04028
:10E6600002B070470B26F7E76526F5E7029B012607
:10E67000059998476760EFE70A26EDE782B02DE934
:10E68000F04186B004460E4615460DF1300C0DF1F2
:10E69000040E4CF8043FBCE80F00AEE80F00DCF8B5
:10E6A000003001A8CEF80030F8F7E8F980F0010357
:10E6B000DBB23BBB34B3D4F80480B8F1000F1AD1FD
:10E6C00005B32846F5F7FEFDF0B1019B1C20059926
:10E6D00098470746606020B3C6B1066080F80480A2
:10E6E00001AC07F1080C00250FCCACE80F00236843
:10E6F000CCF8003000E06425284606B0BDE8F041C3
:10E7000002B070470B25F7E76525F5E72868283044
:10E7100000F062FA386067683E6826B101233B71F9
:10E72000DEE70A25E8E7029B384605990125984768
:10E730006660E1E770B582B0F0B14368044663B14A
:10E740001868DE68996960B11D7965B91846B047E7
:10E7500000232846636002B070BD1D46284602B003
:10E7600070BD0546F2E7019100F04CFA051E6368A2
:10E77000019918BF0125E9E70B25284602B070BDB5
:10E78000F0B587B006460B4C6846F8F769F9EE46D7
:10E79000A44625463446BEE80F00ACE80F000FCD76
:10E7A000DEF800700FC43046CCF80070276007B068
:10E7B000F0BD00BFE408022448B108B5436843B186
:10E7C000186800F0A5FA003818BF012008BD0B201A
:10E7D00070470B2008BD00BF10B1406800B1006851
:10E7E000704700BF002800F089802DE9F0470E46F1
:10E7F000002900F0858004461746E1F7D1FDB0B14D
:10E8000094F800E0DFF860C11CF80E3013F0040348
:10E8100039D100F1FF3814F808202F2A0FD1022235
:10E820003260A7B31846C7F80080BDE8F08701231F
:10E83000336067B3002318463B60BDE8F08704F1FE
:10E84000FF3A1D4619461AF8012FA2F13009B9F115
:10E85000090F1FD922F02009A9F14109B9F1190FB7
:10E8600018D95F2A24D02F2A58D07E2A4AD07B2A52
:10E870005BD07D2A69D1002D5CD10523336037B18F
:10E8800000203960D9E704233360002FD2D1002063
:10E89000BDE8F0871CF80220520709D500290CBFFB
:10E8A000002205F001021AB14D1E9D4231D01546DD
:10E8B00001318842C7D1002D42D1284601230CE006
:10E8C000BEF17E0F01D1012847D05A1C8B4200F1C6
:10E8D000010004F1010413462ED28045F5D02278C0
:10E8E0002F2AEDD162781CF802205207EDD50422C0
:10E8F0003260002FCBD000203B609EE70B2070479A
:10E900000B209AE70029D3D006233360002FB7D11C
:10E91000BDE709233360002FB2D1B8E7002DC7D07F
:10E9200008233360002FABD1B1E7002DF8D10B469F
:10E930000125BDE70025BBE70023184633607CE7CF
:10E9400005223260002FD6D1A1E7002D14BF082385
:10E9500003233360002F93D199E707233360002FFF
:10E9600095D00123C7E700BF424D020828B370B518
:10E9700004464068E0B104F10800F8F77FF8C0B140
:10E980002368C3B1002560682E4650F82500E3686F
:10E99000A1699847D4E9003040F8256001359D42CF
:10E9A000F3D3E368A169984700231846C4E900330C
:10E9B00070BD0B2070BD6068F3E70B20704700BF8F
:10E9C00082B002B0704700BF234A2DE9F0411268BF
:10E9D00094B01A9EBDF86C5013911293C2B3BDF857
:10E9E0004C109DF84E0001E052688AB39468A38AE7
:10E9F0008B42F9D1A37D8342F6D1482204F1300144
:10EA0000684602F0A0FB04F1280320460CCBFAF77D
:10EA1000F1F80746E0B1D0F808802A46304608F100
:10EA20001001FAF7B9FF30B939460C4814B0BDE807
:10EA3000F04100F0BDB8C8F81448C8F81058F9F70C
:10EA4000D7FE08F50262052342E9020188F8203862
:10EA500014B0BDE8F08100BFB0080224A008022471
:10EA600024482DE9F041006894B01A9EBDF86C70FE
:10EA7000139100283BD01D4601E04068B8B384687C
:10EA8000218B9142F9D1482204F12801684602F015
:10EA90005AFB04F1200320460CCBFAF7ABF8804672
:10EAA00028B33046D8F808603A4606F11001FAF764
:10EAB00073FF30B94146104814B0BDE8F04100F092
:10EAC00077B80FCD06F6280CC6F81448C6F81078AB
:10EAD000ACE80F0095E803008CE80300F9F788FE26
:10EAE00006F50262032342E9020186F8203814B0D9
:10EAF000BDE8F08180080224A008022422482DE904
:10EB0000F041006894B01A9EBDF86C701391B8B3D0
:10EB10001D4601E0406898B38468218B9142F9D189
:10EB2000482204F12801684602F00DFB04F120039D
:10EB300020460CCBFAF75EF8804608B33046D8F88A
:10EB400008603A4606F11001FAF726FF30B941464F
:10EB50000E4814B0BDE8F04100F02AB80022C6F813
:10EB60001448C6F81078C6F82C28C6F82858F9F7C3
:10EB70003FFE06F50262042342E9020186F82038CE
:10EB800014B0BDE8F08100BFF0B10124A008022458
:10EB90000346406858B142685A600AB100211160CA
:10EBA0001A68426002B1106000220260186070476B
:10EBB0000B680BB14A685A604A6802B11360036877
:10EBC0008B42436808BF02604B6003B119600023A9
:10EBD0000B604160704700BF38B505460848FFF735
:10EBE000D7FF034648B184680023E5612374F8F732
:10EBF000C7FB04F11403C4E90504184638BD00BF7F
:10EC00004008022408B5084B196811B90AE04968A0
:10EC100041B18B6814339842F9D10348FFF7C8FF1C
:10EC2000002008BD012008BD400802242DE9F04164
:10EC3000054684B022480F461646FFF7A9FF044652
:10EC4000002839D02B690221846803F58053DFF84E
:10EC50007880B3F89605421CC4E90565A3F89625AB
:10EC6000FBF7C2FA3C22206141463846FAF724F904
:10EC7000F0B1144F304664223946FAF7EFF8B8B1D4
:10EC8000286906216B69D0F8842300F52870CDF837
:10EC90000080CDE9017111682269FBF763F8024633
:10ECA0002869D0F88C33D0F88413FAF7A3F818B990
:10ECB00020460024F9F792FF204604B0BDE8F08119
:10ECC000C008022434090224F808022438B58569F2
:10ECD000DDB104462869D0F8883300F52870226930
:10ECE0001968FAF7C1FF02462869D0F88813D0F8EE
:10ECF0009033FAF77FF803462046002B14BF002418
:10ED00000224F9F76BFF204638BD0124204638BDA8
:10ED100060B110B504460068FAF7E6F808B90120BA
:10ED200010BD6368012200201A7410BD01207047D5
:10ED300038B5044650B10D4600F0A6FE034604F176
:10ED400018001C46E91800F06DF8204438BD00BFDB
:10ED500070B50C4699B1054600F01EFF03462146EA
:10ED600028465B68DB68984700F008F9034604F121
:10ED7000180128465B68BDE87040DB681847084604
:10ED800070BD00BF10B582B00191A0B1044600F083
:10ED900003FF0346019920465B689B68984700F093
:10EDA000EDF80346019904F118005B689B6802B016
:10EDB000BDE81040184702B010BD00BF10B50446B2
:10EDC00048B1002100F060FE014604F118000C4635
:10EDD00000F028F8204410BD10B582B001230021B6
:10EDE0000DF107008DF8073000F0BCFE04460DF170
:10EDF0000700214600F0A2F8204402B010BD00BF79
:10EE0000012370B5037005460E4600F0ABFE0446C4
:10EE10002846311900F092F8204470BD0048704730
:10EE200008080024E8B170B50D4608212846F4F71B
:10EE300055F905F108030821C5F108051E183046EB
:10EE4000F4F74CF90821441834442046F4F746F905
:10EE50000821084404442046F4F740F9284420449B
:10EE600070BD704738B50C4699B10546F3F74AFFB7
:10EE700004F108012846F3F745FF04F11001284684
:10EE8000F3F740FF04F118012846BDE83840F3F7D6
:10EE900039BF084638BD00BFC0B138B50D4604467D
:10EEA00090ED000B0846F3F78BFD284694ED020B1E
:10EEB000F3F786FD284694ED040BF3F781FD284611
:10EEC00094ED060BBDE83840F3F77ABD704700BFFC
:10EED000C0B10821002038B5F4F700F90821451821
:10EEE0002846F4F7FBF8082144182C442046F4F790
:10EEF000F5F80821084404442046F4F7EFF80830F8
:10EF0000204438BD704700BF38B508210020F4F711
:10EF1000E5F8082145182846F4F7E0F808214418D8
:10EF20002C442046F4F7DAF808210844044420462B
:10EF3000F4F7D4F80830204438BD00BF70B50C4653
:10EF40000123082104F1080503702046C4F10804D8
:10EF5000F4F7C4F8461908213046F4F7BFF8082141
:10EF6000451835442846F4F7B9F808210844054403
:10EF70002846F4F7B3F82044284470BD0048704791
:10EF80003008002410B582B0044608460191E1F72C
:10EF900007FA024601992046013202B0BDE810404E
:10EFA000FAF70ABE00B583B001ABFAF717FE03B05B
:10EFB0005DF804FB4FF6FF73038070474FF6FF7355
:10EFC0000380704738B5044600880D4600F044FDC4
:10EFD0000346C00F002BB8BF258038BD70B50C4666
:10EFE000054608892B68267DD1E90012B2FBF0F2B4
:10EFF000A3EB010CBCFBF2FC0CF1010C1FFA8CF32F
:10F00000B3FBF0FC00FB1C339BB202FB03F3181DA7
:10F01000084450F8042C16B1002640F8046C032A6A
:10F0200001D8012070BD08332846043A19442B69E1
:10F03000F4F748F8284622460249F4F71FF8002062
:10F0400070BD00BFDDEF010810B5C0E9001200245B
:10F05000029A038102610475C3B10C600189012920
:10F0600014D94FF0010C43680CF1010EBCFBF1F216
:10F07000B3FBF1F301FB12C21FFA8EFC92B202FB4A
:10F0800003F30268D45001896145ECD84FF0FF3397
:10F09000C36010BD0189D9B110B54FF0000EF44620
:10F0A000744643680EF1010EBCFBF1F2B3FBF1F3C1
:10F0B00001FB12C21FFA8EFC92B202FB03F302683C
:10F0C000D45001896145ECD84FF0FF33C36010BDC7
:10F0D0004FF0FF33C36070472DE9F84304460D46F7
:10F0E000018917468089984600F0AEFC29460646FD
:10F0F000A08900F0B1FC00280ADB00262946E0893F
:10F1000000F0AAFC002800DAE5813046BDE8F8836B
:10F110003046294600F0A0FC0028EEDB2369384683
:10F12000984781460121A08900F08EFCB9F1000FBB
:10F1300008BF85420CBF0126002604D10023089A8F
:10F14000A0811370DAE722896368B5FBF2F0B3FBA4
:10F15000F2F302FB105080B203FB00F0236804308E
:10F16000184450F8043C002BC7D13946424601F000
:10F17000EAFF21896368B5FBF1F2B3FBF1F301FB10
:10F18000125292B202FB03F3226842F80380012379
:10F19000089A1370B9F1000FAFD0A689012130464B
:10F1A00000F052FC218963680646B0FBF1F2B3FB24
:10F1B000F1F301FB1202206892B202FB03F3043365
:10F1C000184450F8043C002B97D023699847022834
:10F1D00002D00128E2D090E701268FE72DE9F04721
:10F1E00004460F4680890121904600F02DFC2289BB
:10F1F0006668B0FBF2F3B6FBF2F602FB13039BB2B8
:10F2000003FB06F6236804361E4456F8049CB9F145
:10F21000000F23D00546236930469847824600B345
:10F22000B4F80CA00121504600F00EFC2189824662
:10F2300063682068BAFBF1F2B3FBF1F301FB12A2A1
:10F2400092B202FB03F30433184450F8043C2BB190
:10F250002369984702281BD00128E3D00020BDE88D
:10F26000F0874A4631463846F3F734FF2189636810
:10F270000120B5FBF1F2B3FBF1F301FB125292B2A4
:10F2800002FB03F3226842F803A0A581BDE8F087E2
:10F29000208906EB08016368A9EB0802B5FBF0F6CC
:10F2A000B3FBF0F300FB16550020ADB203FB05F5F0
:10F2B000236858513846F3F70DFF38462246034974
:10F2C000F3F7DCFE0120A4F80CA0C8E7DDEF01088D
:10F2D00038B511460446C089154600F0BDFB00282C
:10F2E000B8BFE58138BD00BF2DE9F8430389044666
:10F2F0000F468589DBB12846012604E0664506F104
:10F30000010614D2A089B1B200F09EFBB4F808C087
:10F31000B0FBFCF2D4E900130CFB1202B3FBFCF3CC
:10F3200092B202FB03F3CB58002BE7D105463D8098
:10F330000121E689284600F08BFB0146304600F0AB
:10F3400087FB064628B34FF000094FF001084D46F1
:10F350001FFA89F1388800F077FBB4F808C06168BB
:10F3600008FA09FE226809F101094EEA050EB0FB10
:10F37000FCF3B1FBFCF103FB1C0083B201FB03F3C4
:10F38000D3580BB91FFA8EF54E45E1D12846BDE89A
:10F39000F88305462846BDE8F88300BF4FF6FF7C9A
:10F3A00001600373A0F80EC0C0E90132704700BFCE
:10F3B0004FF6FF72037BC28143607047F0B504468D
:10F3C00083B040680D461646FCF768FF6368184432
:10F3D000A368421993422CBF0127002702D2384666
:10F3E00003B0F0BD0090002330462168F3F760FEC3
:10F3F000616838462944616003B0F0BD2DE9F041F1
:10F4000004461D464068237B98428CBF0126002697
:10F4100002D83046BDE8F0818846E08901211746D0
:10F4200000F012FB2368E08128803046C8F80030E5
:10F4300063683B60237B6360BDE8F081F8B5B1F899
:10F4400008C00C4603680546267BD1E90012B2FBD2
:10F45000FCF2A3EB010E0369BEFBF2FE0EF1010EFE
:10F460001FFA8EFEBEFBFCF70CFB17EC1FFA8CFCA0
:10F4700002FB0CFC51F80C20B444921B0CF1080C5C
:10F48000043A6144F3F71EFE284622460249F3F788
:10F49000F5FD0020F8BD00BF3DF4010830B59DF832
:10F4A0000C4003810473C0E90012E3B10C60B0F8B2
:10F4B00008C0BCF1010F16D94FF0010E43680EF1E0
:10F4C0000105047B0168BEFBFCF2B3FBFCF30CFB03
:10F4D00012E21FFA85FE92B202FB03F3CC50B0F8A1
:10F4E00008C0F445EAD8074B4FF6FF724FF0FF34DF
:10F4F0006FF00045C0F80E30002342820384C0E95B
:10F50000064530BD0000FFFF018910B5B1B14FF0D5
:10F51000000EF44643680EF1010E047BBCFBF1F2D1
:10F52000B3FBF1F301FB12C21FFA8EFC92B202FB95
:10F5300003F30268D45001896145EBD8084B4FF6BC
:10F54000FF729FED057BC0F80E30002342820384DA
:10F5500080ED067B10BD00BFFFFFFFFFFFFFFF7FB9
:10F560000000FFFF2DE9F04F044691B000898B4663
:10F57000E68904926568236894F80C90B6FBF0F273
:10F58000B5FBF0F500FB12622F1F92B205FB0232B1
:10F59000111DD2F800800391002800F04A814FF03D
:10F5A000000CE24661460CF1010CB1FBF0F200FBED
:10F5B00012121FFA8CF192B205FB02F29A584A45D8
:10F5C00003D10AF1010A1FFA8AFA8142EBD34046BD
:10F5D0000421CDF814A0F3F781FD804408EB0B0261
:10F5E000BA4240F2CA80227B5A44BA4240F2B28008
:10F5F0004FF6FC72BBB2A2EB09021A4492B20AFBAC
:10F6000002F90592D9450692C0F0B38008F10402D0
:10F61000BA4280F0DA80A3F10409059BA9EB08093E
:10F620001FFA89F9ABEB090BBBFBF3F203FB12B337
:10F63000002B40F0C48093B2534500F29A80002B17
:10F6400000F0F980CDF81C804FF0000ADDF814803E
:10F650000DF1200B05951D4600E0C1462289584654
:10F6600063680AF1010AB6FBF2F1B3FBF2F302FBA5
:10F6700011613A4689B203FB01F123680431194450
:10F68000002351F804CCCDF800C0F3F711FD4A4631
:10F6900000230D215846FCF7C1FD218963683046DF
:10F6A000B6FBF1F2B3FBF1F301FB1262012192B25E
:10F6B00002FB03F32268D75000F0C6F906461FFA92
:10F6C0008AF39D42C9D8DDF81C80059D20893A4601
:10F6D0006368B6FBF0F1B3FBF0F300FB1161584631
:10F6E00089B201FB03F3216804331944002351F864
:10F6F000047C0097F3F7DCFC069F58460223BAB25D
:10F700000D21FCF78BFD08F10401039BA5F1080214
:10F7100025890B44A2EB0802B6FBF5F01946636895
:10F7200005FB1060B3FBF5F380B2256800FB03F323
:10F73000207B04303844E850049D2846F3F7CAFC87
:10F74000284622463D49F3F799FC0120E68111B095
:10F75000BDE8F08F0121E08900F076F905462189A6
:10F76000608A00F071F90146284600F075F900281A
:10F7700044DD002011B0BDE8F08F2189608A059238
:10F7800000F062F90146304600F066F90028059A5B
:10F79000EFDC2589D4E90073B6FBF5F4B3FBF5F390
:10F7A00005FB1464A4B204FB03F3DDE90310FA5073
:10F7B0000023CDF80080F3F77BFC0120DAE701326B
:10F7C000069393B25345D4D839E7304601210793C5
:10F7D00000F03AF9064620896268B6FBF0F1B2FB08
:10F7E000F0F200FB116189B201FB02F221680432E0
:10F7F0008B1853F8048C0393079B0CE721896368EB
:10F800000498B5FBF1F2B3FBF1F301FB125221684E
:10F8100092B202FB03F3227B04335A44194441F8A9
:10F82000042C237B00930023F3F742FC0120E581A5
:10F83000A0E78246CBE60DF1200B47E73DF4010837
:10F84000F8B504461D460F46008A0121164600F011
:10F85000FBF8288022896368B0FBF2F1B3FBF2F376
:10F8600002FB110CE1891FFA8CFC0CFB03FC2368E2
:10F870000CF1040C63443B6023689C445CF8043C3A
:10F88000336000F0E9F8002801DD0020F8BD237B9B
:10F8900032689A42F9D9618A208A00F0D9F823891E
:10F8A0008342F2D02888E3892082984201D0012047
:10F8B000F8BD012100F0C8F803460120E381F8BD3E
:10F8C00070B5018A0446408A15461E4600F0C4F809
:10F8D000002807DB4FF0FF326FF000430020C4E93F
:10F8E000062370BD94F8200040B9012384F820302D
:10F8F000643546F10006C4E9065670BDD4E9062316
:10F90000954276EB030304DB431C012084F820308E
:10F91000EEE70020ECE700BF408A70472DE9F04198
:10F9200090F8217097B180460D4616461C461888FF
:10F93000012100F089F82080B8F8101000F08CF850
:10F94000002806DD00231F4688F821303846BDE830
:10F95000F081B8F808202088D8F80410B0FBF2F342
:10F96000B1FBF2FC02FB13039BB203FB0CFCD8F8C7
:10F9700000300CF1040C63442B60D8F80030634471
:10F9800053F8043C336098F80C209A42D0D0DDE75D
:10F99000F8B504460E461046012100F059F8618A78
:10F9A00000F056F8C8B1054600270121608A00F032
:10F9B0004BF823896268013794F80CC02168BD4276
:10F9C0006082B0FBF3FEB2FBF3F203FB1E039BB2BB
:10F9D00002FB03F341F803C0E7D1003E4FF0000300
:10F9E00018BF012684F8203084F82160F8BD00BFDC
:10F9F000018A408A08B500F02FF8B0FA80F040097B
:10FA000008BD00BF0189E1B143684FF0000C30B57B
:10FA1000B3FBF1FE05686246047B60460CF1010C05
:10FA2000B2FBF1F301FB13231FFA8CF29BB20EFB26
:10FA300003F3EB589C4201D1013080B28A42EDD3EE
:10FA400030BD0846704700BF084480B2704700BF11
:10FA5000401A80B2704700BF884211D009D3884253
:10FA600010D9401AB0F5004FD4BF01204FF0FF303D
:10FA700070470B1AB3F5004FF1DA4FF0FF307047C3
:10FA80000020704701207047B8B138B50D460821F5
:10FA90002846F3F723FB05F108030821C5F1080503
:10FAA0001C182046F3F71AFB08210844044420469A
:10FAB000F3F714FB2844204438BD704738B50C4692
:10FAC00071B10546F3F71EF904F108012846F3F772
:10FAD00019F904F110012846BDE83840F3F712B9CE
:10FAE000084638BD98B138B50D46044690ED000B78
:10FAF0000846F2F765FF284694ED020BF2F760FF27
:10FB0000284694ED040BBDE83840F2F759BF704722
:10FB100090B10821002010B5F3F7E0FA082144184D
:10FB20002046F3F7DBFA0821084404442046F3F7A3
:10FB3000D5FA0830204410BD704700BF38B5082101
:10FB40000020F3F7CBFA082145182846F3F7C6FA48
:10FB5000082144182C442046F3F7C0FA083020440A
:10FB600038BD00BF70B50C460123082104F108051B
:10FB700003702046C4F10804F3F7B0FA46190821CF
:10FB80003046F3F7ABFA0821451835442846F3F719
:10FB9000A5FA2044284470BD004870475808002446
:10FBA0001FB514461A46094B1B680546D86854B958
:10FBB000074B1C46CDE9013400912B46054900F066
:10FBC00037FF01F0CEFA044BF4E700BF8C080024A5
:10FBD000D14C0208A34C0208964C0208024B0A467C
:10FBE0000146186800F002B88C08002470B5A1FB2B
:10FBF00002543CB9294600F099F8064628B9002677
:10FC0000304670BD0C220260F9E72A46214601F019
:10FC100077F9F5E708B5064B044613B10021AFF3B9
:10FC20000080044B1B6803B198472046E3F75EF859
:10FC300000000000D80A022407B5044B014601AABF
:10FC4000186800F005F803B05DF804FB8C08002488
:10FC50002DE9F84FDFF86CA006468946174602F0FA
:10FC600065F8DAF8004034B14B46984613F8012B9A
:10FC70003AB13D2AF9D1304602F05EF80020BDE8E5
:10FC8000F88FA8EB0908A34654F8040B0028F2D01B
:10FC90004246494601F049F90028F4D154F8043CA1
:10FCA00003EB080513F808303D2BECD1DAF80030EF
:10FCB000ABEB03039B1030463B6002F03DF8681C41
:10FCC000DDE700BF04000024024B0146186800F085
:10FCD0002DB800BF8C080024024B0146186802F0C2
:10FCE00031B800BF8C08002470B50F4E0C46316847
:10FCF000054611B901F0D0F930602146284601F0DF
:10FD0000CBF9431C03D14FF0FF34204670BDC41C17
:10FD100024F00304A042F8D0211A284601F0BCF9CF
:10FD20000130F2D1EFE700BF980902242DE9F84332
:10FD3000CD1C25F0030508350C2D38BF0C25002DF2
:10FD4000064601DBA94204D90C2333600020BDE83C
:10FD5000F883DFF8D48000F069F8D8F800301C464A
:10FD600044BB29463046FFF7BFFF431C044658D129
:10FD7000D8F800402746002F43D1002C4BD02368F1
:10FD80003946304604EB030901F086F9814542D13A
:10FD900021686D1A29463046FFF7A6FF01303AD098
:10FDA00023682B442360D8F800305A6862BBC8F837
:10FDB00000700FE02268521B20D40B2A17D961195A
:10FDC000A342256018BF5960636808BFC8F80010D7
:10FDD00062514B60304600F02FF804F10B00231DF8
:10FDE00020F00700C21A1CBF1B1AA350AFE76268BD
:10FDF000A3420CBFC8F800205A60EBE723466468B2
:10FE0000AEE73C467F68B6E71A465B68A342FBD183
:10FE100000235360DEE70C233360304600F00CF81B
:10FE200094E70560D6E700BF9C090224014801F071
:10FE300080B900BFE10A0224014801F07BB900BF8C
:10FE4000E10A022438B5104B1D682B6B0446B3B988
:10FE50001820FFF739FF0246286320B90B4B0C48E6
:10FE60004621FFF79DFE0B490B4BC0E900130B4BDE
:10FE700083600B23838100210120C2E904012B6BE5
:10FE800000221C615A6138BD8C080024D24C020843
:10FE9000E94C02080E33CDAB34126DE6ECDE050002
:10FEA000164B10B51C68236BB3B91820FFF70CFF75
:10FEB0000246206320B9124B12485221FFF770FE10
:10FEC0001149124BC0E90013114B83600B2383814E
:10FED00000210120C2E90401216B0E480B694C6925
:10FEE0000D4A584302FB0400A3FB0232013340EBEE
:10FEF0000200C1E9043020F0004010BD8C0800244D
:10FF0000D24C0208E94C02080E33CDAB34126DE638
:10FF1000ECDE05002DF451582D7F954C024B0A461E
:10FF20000146186800F002B88C0800242DE9F04161
:10FF3000804615460C4621B9BDE8F0411146FFF751
:10FF4000F5BE2AB901F0FEFE00242046BDE8F0818E
:10FF500002F0C4FA8542064602D8B5EB500FF4D839
:10FF600029464046FFF7E2FE07460028ECD0B5429E
:10FF70002A46214628BF324601F0E5F82146404690
:10FF800001F0E0FE3C46E0E72DE9F043344E8646C2
:10FF90000D46284615F8014B375D17F00807F8D1D4
:10FFA0002D2C2FD12C780127851C33F0100009D17E
:10FFB000302C2CD1287800F0DF00582827D16C781D
:10FFC000102302354FF0FF380026B8FBF3F803FB8F
:10FFD00008F96FEA09093046A4F1300CBCF1090FA9
:10FFE0001CD86446A3422ADDB6F1FF3F07D0804506
:10FFF00022D301D1A1451FDB00FB0340012615F8E8
:020000040802F0
:10000000014BE9E72B2C04BF2C78851CCDE7002B96
:10001000D8D1302C0CBF08230A23D3E7A4F1410C1C
:10002000BCF1190F01D8373CDCE7A4F1610CBCF13D
:10003000190F04D8573CD5E74FF0FF36DFE7731CA4
:1000400006D12223CEF80030304632B9BDE8F08325
:1000500007B14042002AF9D006B1691E1160F5E7E8
:10006000424D020813460A46014602480068FFF75F
:100070008BBF00BF8C080024F0B52DED028BB0EED5
:10008000408B85B017460D9D0C9E18EE902A25F0EA
:100090002005002AB6BF2D220022B1EE408B462D4E
:1000A0000C461A7004D0452D00D10134022100E025
:1000B000032103AB019302AB009322463346B0EE1B
:1000C000480B01F0DDF8472D14D1FB070AD50219C2
:1000D000B5EE408BF1EE10FA08BF03923021039B7E
:1000E000934219D3039B0E9A1B1A136005B0BDEC03
:1000F000028BF0BD462D00EB0402E9D10378302BD2
:1001000007D1B5EE408BF1EE10FA1CBFC4F101042B
:10011000346033681A44DBE75C1C03941970DEE733
:10012000F7B50029BABF49422D232B2309290270B4
:10013000437029DD0DF107031D460A271A46B1FB5E
:10014000F7F607FB1614303402F8014C0C46632C0A
:1001500003F1FF333146F1DC3031941E03F8011C0A
:10016000411C2346AB420AD30DF109039B1AAC4252
:1001700088BF002302330344181A03B0F0BD13F8FC
:10018000016B01F8016FEDE7302330318370C170EE
:10019000031DF1E7000000002DE9F04F8DB00C4683
:1001A000DDF8588016461F46054600F0E7FED0F8F9
:1001B00000B05846E0F7F4F800230A93D8F800306E
:1001C00094F8189022680590073323F0070303F191
:1001D0000801C8F8001093ED000B9FED976BB0EE8F
:1001E000C07BB4EE467BF1EE10FA84ED120B24DDF9
:1001F000B5EEC00BF1EE10FA02D52D2384F8433092
:100200008F49904BB9F1470F94BF8846984622F02A
:1002100004020323236122604FF0000A0097334653
:100220000BAA2146284600F0D1F9013040F0898020
:100230004FF0FF300DB0BDE8F08FB4EE400BF1EEA3
:1002400010FA09D710EE903A002BBCBF2D2384F88A
:1002500043307D497D4BD5E76368591C09F0DF0ABF
:1002600039D10623636042F4806200232260039345
:100270000AABCDE9019309AB009361680DF123034B
:100280002846FFF7F9FEBAF1470F0999804629D1B0
:10029000C81C02DB6368994241DDA9F102095FFADB
:1002A00089F901394A4604F150000991FFF738FFF6
:1002B0000A9A1318012A8246236102DC2268D207B7
:1002C00001D5013323619DF82330002BA6D02D23C7
:1002D00084F84330A2E7BAF1470FC4D1002BC2D152
:1002E0000123BFE7B9F1650FDBD9B9F1660F18D16A
:1002F000002963680BDD216113B92268D00702D59C
:1003000001330B442361A1654FF0000ADBE713B909
:100310002268D20701D50233F4E70123F2E74FF058
:1003200067090A9B994205DB23682161D807EAD552
:100330004B1CE7E70029D4BFC1F10202012213449C
:10034000E0E723685A0507D4236942463146284628
:10035000B84701302AD16BE7B9F1650F40F2E08070
:1003600094ED127BB5EE407BF1EE10FA33D1384AB2
:10037000012331462846B84701303FF459AFDDE943
:100380000938434502DB2368D8070FD5059B5A4639
:1003900031462846B84701303FF44AAF4FF00009D4
:1003A00008F1FF3804F11A0AC84509DC23689B07E5
:1003B00000F10781E0680B9B9842B8BF184639E707
:1003C0000123524631462846B84701303FF430AF4A
:1003D00009F10109E8E7099B002B3BDC1C4A0123DA
:1003E00031462846B84701303FF422AFDDE90939EC
:1003F00059EA030302D12368D907D7D5059B5A468A
:1004000031462846B84701303FF412AF4FF0000A9A
:1004100004F11A0B099B5B42534501DC4B4694E700
:1004200001235A4631462846B84701303FF400AF11
:100430000AF1010AEEE700BFFFFFFFFFFFFFEF7FBA
:10044000424E0208464E02084A4E02084E4E02082C
:10045000524E0208A36DDDF828A05345A8BF5346AD
:10046000002B994637DC0023079329EAE97904F148
:100470001A02A36D07990693A3EB09038B4231DCA3
:10048000099B9A453BDC2368DA0738D4099BAAEB21
:100490000309069BAAEB03039945A8BF9946B9F146
:1004A000000F34DC4FF0000829EAE97904F11A0B57
:1004B000099BAAEB0303A3EB090343457FF776AF40
:1004C00001235A4631462846B84701303FF4B0AEC2
:1004D00008F10108ECE7424631462846B8470130AA
:1004E000C1D1A5E60123314628460692B84701301E
:1004F0003FF49EAE079B069A01330793B9E7059B2D
:100500005A4631462846B8470130BFD190E6069A90
:100510004B46424431462846B8470130C2D187E6AF
:10052000DDF82890B9F1010F01DCDB0736D5012396
:10053000424631462846B84701303FF479AE059B24
:100540005A4631462846B84701303FF471AE94ED23
:10055000127BB5EE407BF1EE10FA09F1FF3918D0AD
:100560004B4608F1010231462846B84701300CD10C
:100570005EE601235A4631462846B84701303FF42B
:1005800057AE08F10108C845F3DB534604F15002A9
:10059000DCE64FF0000804F11A0BF4E701234246B1
:1005A000E1E701234A4631462846B84701303FF487
:1005B0003FAE08F10108E3680B995B1A4345F0DC94
:1005C000F8E64FF0000804F11909F4E72DE9F047C7
:1005D000164698468A680B69DDF820909342B8BFAA
:1005E0001346336091F8432007460C460AB10133A5
:1005F00033602368990642BF33680233336025684D
:1006000015F0060506D104F1190AE36832689B1A51
:10061000AB4226DC94F843302268003B18BF01232C
:1006200092062BD404F1430241463846C8470130B4
:100630001ED02368226903F00603042B02BFE5687D
:100640003368ED1AA3680CBF25EAE57500259342CF
:10065000C4BF9B1AED1800261A34B5421AD10020E7
:1006600008E00123524641463846C847013003D1CD
:100670004FF0FF30BDE8F0870135C6E7E1185A1C9E
:10068000302081F84300224494F8451082F843104A
:100690000233C7E70123224641463846C8470130A6
:1006A000E6D00136D9E700002DE9FF470F7E0C9E0A
:1006B000782F914680460C469A4601F1430207D8AE
:1006C000622F0AD8002F00F0D280582F00F0B98096
:1006D00004F1420684F842703AE0A7F16303152B57
:1006E000F6D801A151F823F0410702085507020886
:1006F000D1060208D1060208D1060208D106020876
:1007000055070208D1060208D1060208D1060208E0
:10071000D1060208550802087F0702080F080208E0
:10072000D1060208D106020877080208D10602089D
:100730007F070208D1060208D1060208170802083E
:1007400033681A1D1B68326004F1420684F8423097
:1007500001239DE033682068191D3160060601D52C
:100760001D6803E04506FBD5B3F90050002D03DA00
:100770002D236D4284F8433059480A2311E0216843
:100780003368080653F8045B02D4490648BFADB28B
:100790006F2F5348336014BF0A230823002184F8C5
:1007A00043106668A660002EA2BF216821F00401F4
:1007B00021600DB9002E4BD01646B5FBF3F103FBBB
:1007C0001157C75D06F8017D2F46BB420D46F4D98F
:1007D000082B0BD12368DF0708D52369616899428C
:1007E000DEBF302306F8013C06F1FF36921B226182
:1007F000CDF800A04B4603AA21464046FFF7E6FE8F
:1008000001304AD14FF0FF3004B0BDE8F0872368D3
:1008100043F0200323603348782784F84570236829
:1008200031681F0651F8045B02D45F0648BFADB2C1
:100830003160D90744BF43F0200323601DB110236A
:10084000ACE72748E9E7236823F020032360F6E7B5
:100850001646BDE7336825686169181D30602E06AD
:100860001B6801D5196002E06806FBD519800023DA
:1008700023611646BCE733681A1D32601E68626841
:1008800000213046DFF73CFD08B1801B60606368E3
:100890002361002384F84330AAE72369324649469E
:1008A0004046D0470130ADD023689B0713D4E068A1
:1008B000039B9842B8BF1846A6E701233246494633
:1008C0004046D04701309DD00135E36803995B1A5B
:1008D000AB42F2DCEBE7002504F11906F5E700BFB7
:1008E000544E0208654E0208002310B50446C0E9C4
:1008F0000033C0E90433836081814366C281836130
:10090000194608225C3000F0FBFA0D4B63620D4B78
:10091000A3620D4BE3620D4B23630D4B24629C429B
:1009200006D003F16802944202D0D0339C4205D134
:1009300004F15800BDE8104000F0FABB10BD00BF44
:100940008D0C0208AF0C0208E70C02080B0D020820
:10095000A0090224024A0349034800F07BB800BF03
:1009600080080024292B02089008002441680C4BC1
:10097000994210B5044601D002F0D6F8A168094B9F
:10098000994202D0204602F0CFF8E168064B994226
:1009900004D02046BDE8104002F0C6B810BD00BF2C
:1009A000A0090224080A0224700A022410B50B4B85
:1009B0000B4C0C4A1A60204600220421FFF794FFDA
:1009C00004F1680001220921FFF78EFF04F1D00035
:1009D0000222BDE810401221FFF786BFD80A022488
:1009E000A009022455090208014800F0A2BB00BF7B
:1009F000E20A0224014800F09DBB00BFE20A022483
:100A000010B50446FFF7F0FF236A1BB1BDE81040A4
:100A1000FFF7F0BF044B2362044B1B68002BF5D19A
:100A2000FFF7C4FFF2E700BF6D090208D80A0224ED
:100A30000EB403B5014603AB054853F8042B006818
:100A4000019301F0D5FE02B05DF804EB03B07047EE
:100A50008C0800242DE9F8430746884614460026F2
:100A6000D4E90195B9F1010905D52468002CF7D125
:100A70003046BDE8F883AB89012B07D9B5F90E30B4
:100A8000013303D029463846C04706436835E9E7B5
:100A90002DE9F047089C8A46904602FB03F906467A
:100AA00018B1036A0BB9FFF7ABFF636EDD0705D41E
:100AB000A389980502D4A06D00F03BFBA389190718
:100AC00016D52369A3B100254D451FD0A7681AF894
:100AD0000510013F002FA76004DAA3699F420FDBD6
:100AE0000A290DD023685A1C226019700135EBE7E2
:100AF0002146304600F084F90028E4D0002505E0C6
:100B00002246304600F03EF90130EFD1636EDA073D
:100B100005D4A3899B0502D4A06D00F00BFBB5FBA7
:100B2000F8F0BDE8F087000007B5009313460A46C9
:100B3000014603480068FFF7ABFF03B05DF804FB14
:100B40008C0800240FB407B5064904AB086853F8B5
:100B5000042B8168019301F04BFE03B05DF804EBB8
:100B600004B070478C080024036A70B58468054699
:100B70000E460BB9FFF744FF636EDB0705D4A3896C
:100B8000980502D4A06D00F0D4FAA389190702D504
:100B90002369002B35D12146284600F031F980B376
:100BA0004FF0FF35636EDA0705D4A3899B0502D4A5
:100BB000A06D00F0BFFA284670BD002B04DAA269D0
:100BC0009A4217DC0A2915D023685A1C2260197032
:100BD000A36816F8011F013BA3600029EDD1002B8B
:100BE00011DA22460A21284600F0CCF80130D7D08D
:100BF0000A25D7E72246284600F0C4F80130E7D19D
:100C0000CEE7013EE4E723685A1C22600A221A70EC
:100C1000EEE70000024B01461868FFF7A5BF00BFD2
:100C20008C0800240CB430B5174B0C1E1D689DB009
:100C300008DA8B232B604FF0FF301DB0BDE8304049
:100C400002B070474FF40273ADF8143014BF04F1D2
:100C5000FF332346049307934FF6FF7302900690E9
:100C6000ADF81630209A21AB02A92846019301F075
:100C700099FC431CBCBF8B232B60002CDDD0029B56
:100C800000221A70D9E700BF8C08002410B50C466A
:100C9000B1F90E1000F0EEF90028ABBF636DA38927
:100CA0001B1823F48053ACBF6365A38110BD2DE9ED
:100CB000F0411F468B89DB0505460C46164605D5D7
:100CC000B1F90E100223002200F0C2F9A389B4F991
:100CD0000E1023F48053A38132463B462846BDE8DC
:100CE000F04100F0E9B910B50C46B1F90E1000F072
:100CF000AFF9431CA38915BF606523F4805343F407
:100D00008053A38118BFA38110BDB1F90E1000F06C
:100D100039B930B51446002C9BB005461A4605DAA1
:100D20008B2303604FF0FF301BB030BD4FF40273D4
:100D3000ADF80C3014BF04F1FF3323460293059342
:100D40004FF6FF7300910491ADF80E3069461E9B7B
:100D500001F028FC431CBCBF8B232B60002CE3D08C
:100D6000009B00221A70DFE707B5009313460A467E
:100D7000014603480068FFF7CCFF03B05DF804FBB1
:100D80008C080024F8B50E461446054618B1036ACF
:100D90000BB9FFF735FEA369A360A3891A0701D534
:100DA000236943B92146284600F02AF818B14FF0CC
:100DB000FF373846F8BD23682269981A6369F6B28E
:100DC0008342374605DC2146284601F0ADFE002867
:100DD000EDD1A368013BA36023685A1C22601E70FA
:100DE0006269431C9A4204D0A389DB07E1D50A2E2D
:100DF000DFD12146284601F097FE0028D9D0D6E75A
:100E000038B5294B054618680C4618B1036A0BB96A
:100E1000FFF7F6FDB4F90C30190722D4DA0607D42F
:100E200009222A6043F04003A3814FF0FF3033E0F2
:100E3000580712D5616B41B104F14403994202D0C5
:100E4000284600F07FFF00236363A38923F0240377
:100E5000A3810023636023692360A38943F008030F
:100E6000A38123694BB9A38903F42073B3F5007FF1
:100E700003D02146284601F0A5FEB4F90C3013F04A
:100E800001020AD00022A26062695242A261226974
:100E900042B913F08000C5D138BD990758BF6269C7
:100EA000A260F4E70020F7E78C08002410B50139B0
:100EB0000244904201D1002005E0037811F8014F6F
:100EC000A34201D0181B10BD0130F2E7884210B5D3
:100ED00001EB020402D98442234607D8431EA142F3
:100EE00008D011F8012B03F8012FF8E7024401465E
:100EF0008A4200D110BD13F8014D02F8014DF7E709
:100F000002440346934200D1704703F8011BF9E7FE
:100F1000C9B20346184613F8012B12B18A42F9D11F
:100F20007047002918BF0020704710B56AB1013919
:100F3000841810F8012B11F8013F9A4203D1A04206
:100F400001D0002AF5D1D01A10BD1046FCE70A786E
:100F500070B56AB970BD9A4209D10C46054614F8BD
:100F6000013F002BF6D015F8016F9E42F7D00130FB
:100F70000378002BEFD11846ECE7000000487047DB
:100F8000CC09002438B5064D0023044608462B60E2
:100F9000E1F7D4FE431C02D12B6803B1236038BDB6
:100FA000DC0A0224294B1B68834270B504464BD0EF
:100FB000C369ABB1DB686BB10025E369DB685959E4
:100FC00000293BD10435802DF7D1E3692046D9684B
:100FD00000F0B8FEE369196811B1204600F0B2FED6
:100FE000616911B1204600F0ADFEE16911B1204602
:100FF00000F0A8FE216B11B1204600F0A3FE616B4A
:1010000011B1204600F09EFEA16B11B1204600F008
:1010100099FEA16C11B1204600F094FE616C11B1F3
:10102000204600F08FFEE16A11B1204600F08AFEF2
:10103000236A4BB12046BDE8704018470E68204631
:1010400000F080FE3146BBE770BD00BF8C08002475
:1010500038B5074D04460846114600222A601A4654
:10106000E1F793FE431C02D12B6803B1236038BD26
:10107000DC0A022438B5074D044608461146002212
:101080002A601A46E1F73DFE431C02D12B6803B1EA
:10109000236038BDDC0A022438B5064D002304461F
:1010A00008462B60E1F77EFE431C02D12B6803B19A
:1010B000236038BDDC0A022438B5074D04460846D3
:1010C000114600222A601A46E1F7D2FC431C02D1E5
:1010D0002B6803B1236038BDDC0A0224014B186879
:1010E000704700BF8C08002470B50D4D0D4C641B7B
:1010F000A4100026A64209D10B4D0C4C02F03CFC7A
:10110000641BA4100026A64205D170BD55F8043B0F
:1011100098470136EEE755F8043B98470136F2E769
:101120004852020848520208485202085452020823
:10113000704770477047034611F8012B03F8012BE5
:10114000002AF9D170470A44914200F1FF3300D1DF
:10115000704710B511F8014B03F8014F9142F9D1D6
:1011600010BD08B5062001F091FD0120E1F7BEFD9C
:101170002DE9F74F03690C69A34207467EDB013C6A
:1011800001F11408A30000F11405009305EB84039A
:10119000019358F8243055F8242001339A4208EB83
:1011A0008409B2FBF3F62ED34FF0000AC446AE46D4
:1011B000D3465CF8043B98B206FB00A0020C1B0C63
:1011C00006FB0323DEF8002080B292B2121A5A44C2
:1011D000DEF800004FEA134A9BB2C3EB224303EB55
:1011E000104392B242EA0342E1454EF8042B4FEA23
:1011F000234BDED2009BEB582BB9019B043B9D4255
:101200001A462FD33C61384601F060F8002825DBF0
:101210002946002058F8042BD1F800C01FFA82FE9E
:101220001FFA8CF3A3EB0E030344120CC2EB234210
:1012300002EB1C429BB243EA0243C14541F8043B26
:101240004FEA2240E6D255F8242005EB840322B968
:10125000043B9D421A460BD33C610136304603B035
:10126000BDE8F08F1268043B002ACBD1013CC6E7F1
:101270001268043B002AEFD1013CEAE70020EEE7C8
:101280002DE9F04F2DED028BC76991B08DED020B6A
:1012900055EC104B1C9E0791814609920D937FB926
:1012A0001020FEF711FD0246C9F81C0020B9A04B22
:1012B000EF21A048FEF774FCC0E901770760C76022
:1012C000D9F81C30196859B15A684A600123934013
:1012D0008B60484600F0C0FDD9F81C3000221A602F
:1012E0002B1EBBBF23F00043039300230122ACBF9E
:1012F00033603260904B039EB34310D10D9A42F29B
:101300000F731360C6F31303234300F0DE841D9BA9
:101310008A4F002B00F0E084FB1C00F0DBBC9DED4D
:10132000028BB5EE408BF1EE10FA0AD10D9A012333
:1013300013601D9B13B11D9A814B1360814F00F008
:10134000CBBC0EAA0FA94846B0EE480B01F06EF8D0
:10135000C6F30A530E9A0190002B45D0B0EE487B9D
:1013600018EE901AC1F3130141F07F5141F440117E
:10137000A3F2FF33002507EE901AB7EE086B9FED3E
:10138000665B37EE467B9FED666BA7EE056B9FEDC8
:10139000665B07EE903AB8EEE74BB0EE467BA4EE04
:1013A000057BFDEEC76BB5EEC07BF1EE10FA16EED5
:1013B000908A08D5B8EEE66BB4EE476BF1EE10FA02
:1013C00018BF08F1FF38B8F1160F2BD85E4901EBB2
:1013D000C80191ED007BB4EEC78BF1EE10FA01D598
:1013E00008F1FF3800211EE00F9B134403F2324145
:1013F0002029C1BFC1F140018E4003F2124124FAFD
:1014000001F1D6BFC1F12001314304FA01F107EE29
:10141000901AB8EE677B013B17EE901A0125A1F1F7
:10142000F871A8E70121D21A531E069345BFC2F1F5
:1014300001030593002300234CBF06930593B8F1E5
:10144000000F0C9118DB069BCDF8288043440693CF
:101450000023079A092A49D8052AC4BF043A0792EB
:10146000079AA2F10202CCBF00240124032A48D823
:10147000DFE802F00B2E2C3A059B0022A3EB0803B9
:1014800005930A92C8F10003E3E700220892099A43
:10149000002A39DC4FF0010BDA465A46CDF824B069
:1014A000D9F81C700021042000F11406964230D9AE
:1014B00079604846049300F08FFC049B074600289F
:1014C00046D1224B024640F2AF11F2E60122DDE79F
:1014D00000220892099A08EB020B0BF1010A52460E
:1014E000012AB8BF0122DBE70122F2E70124002232
:1014F000CDE907244FF0FF3B0021DA461222099183
:10150000CEE701220892F5E7DDF824B0DA465A4624
:10151000C6E701314000C7E761436F63A787D23F49
:10152000B3C8608B288AC63FFB799F501344D33FD2
:10153000D24C0208834E02080000F07F7F4E020862
:10154000534E0208524E0208804F0208DB4E02083A
:10155000D9F81C20BAF10E0F10606FD8002C6DD096
:10156000B8F1000F40F3C280CA4A08F00F0102EB45
:10157000C10218F4807F92ED007B4FEA281100F041
:10158000A980C54A92ED086B88EE066B8DED026B63
:1015900001F00F010322C048002940F09D809DED1D
:1015A000026B86EE077B8DED027B0C999DED027B35
:1015B000002900F0C180B7EE006BB4EEC67BF1EEFF
:1015C00010FA40F1B980BAF1000F00F0B580BBF11C
:1015D000000F31DDB2EE046B27EE067B8DED027B52
:1015E00008F1FF31049101325C469DED026BB1EED2
:1015F0000C5B07EE902AB8EEE77BA7EE065B15EED4
:10160000902A51EC150BA2F15071002C40F09880FB
:10161000B1EE047B36EE476B41EC170BB4EEC76BB3
:10162000F1EE10FA00F36182B1EE477BB4EEC76BC6
:10163000F1EE10FA00F1F5808DED028B0F9A002A81
:10164000C0F22C81B8F10E0F00F32881914B03EB0F
:10165000C80393ED006B099B002B03DABAF1000F6E
:1016600040F3D280B2EE044B9DED027B3E4687EE06
:10167000065BBDEEC55B15EE103A303306F8013B54
:10168000F31B9A45B8EEC53BA3EE467B40F0F880CD
:1016900037EE077BB4EEC67BF1EE10FA00F3DD8087
:1016A000B4EE467BF1EE10FA04D115EE103ADB07EA
:1016B00000F1D3800199484600F0CEFB00230D9A3B
:1016C000337008F1010313601D9B002B00F00483AD
:1016D0001E6001E302225EE7CC0704D590ED006BAB
:1016E000013227EE067B4910083055E722D0C8F1B9
:1016F0000001684A01F00F0002EBC00292ED007B8E
:1017000028EE077B8DED027B63480911002402223D
:1017100029B9002C3FF449AF8DED027B45E7CE0798
:1017200005D590ED006B0132012427EE067B4910B0
:101730000830EDE7022238E7CDF81080544654E730
:10174000544A02EBC40212ED024B089A41EC170B0B
:101750003C444AB3B6EE003BB7EE002B3E4683EE68
:10176000045BB2EE043B35EE477BFDEEC64B14EE58
:10177000902AB8EEE45B303236EE456BB4EEC76BC0
:10178000F1EE10FA06F8012B38D432EE465BB4EED7
:10179000C75BF1EE10FA62D4A6423FF44DAF27EEDC
:1017A000037B26EE036BE0E721463E4627EE047BF3
:1017B000B2EE043BFDEEC64B14EE902A303206F832
:1017C000012BA642B8EEE45B36EE456B19D1B6EEBE
:1017D000005B37EE054BB4EEC46BF1EE10FA3EDC65
:1017E00035EE475BB4EEC56BF1EE10FA7FF524AF32
:1017F0000E46013916F8013C302BF9D0DDF8108087
:1018000058E726EE036BD5E70BD1B1EE047B26EE4D
:10181000076B9DED027BB4EEC76BF1EE10FAC0F2E0
:10182000618100242546099BDB4304933E464FF02B
:1018300000082146484600F00FFB002DDED0B8F12D
:10184000000F05D0A84503D04146484600F004FBF0
:101850002946484600F000FBD0E7CDF8108033461B
:101860001E4613F8012D392A06D19F42F8D1049A59
:101870000132049230223A701A7801321A70BDE7B0
:1018800027EE047BB5EE407BF1EE10FA7FF4EFAE6D
:1018900010E700BF804F0208584F0208089900293E
:1018A00000F0E3800799012900F3C880002D00F0C3
:1018B000C18002F23342059E1C460493059B1344EB
:1018C0000593069B012113444846069300F078FBDC
:1018D000049B054666B1069A002A09DDB2420599C5
:1018E000A8BF3246891A05910699B61A8A1A069235
:1018F000FBB1089A002A00F0BC809CB12946224620
:1019000048460B9300F01CFC019A014605464846E8
:1019100000F06CFB01990490484600F09DFA049A8F
:101920000B9B01921A1B04D00199484600F008FC59
:1019300001900121484600F043FB0A9B0446002B1E
:1019400000F0D0811A460146484600F0F9FB079B9B
:10195000012B044600F39580029B002B40F08B8006
:10196000039BC3F31302002A40F0878023F0004258
:10197000120D1205002A00F08280059B01330593A9
:10198000069B0133069301230B930A9B002B00F067
:10199000AF81226904EB8202106900F0C5FAC0F140
:1019A0002000069B184410F01F0076D0C0F12002E2
:1019B000042A69DD059BC0F11C0003440593069BC6
:1019C000064403440693059B002B05DD01991A4646
:1019D000484600F00FFC0190069B002B05DD2146D8
:1019E0001A46484600F006FC04460C9B002B56D0D5
:1019F0000198214600F06AFC002850DA08F1FF3314
:101A00000493019900230A22484600F047FA089BF4
:101A10000190002B00F06E81294600230A224846DF
:101A200000F03CFABBF1000F054664DC079B022B7B
:101A30003EDC60E00E9AC2F136023CE70AF1FF3468
:101A4000A342BFBFE21A0A9B9B180A93AEBF1C1B9E
:101A500023460024BAF1000FB5BF059A059EA2EBFC
:101A60000A065246B8BF002227E7059E089D1C467D
:101A700030E71A4658E7002386E7029B84E70B927B
:101A800083E700230B9384E79DD0059B1C3213440E
:101A90000593069B1644134494E70246F5E7BAF112
:101AA000000FCDF81080D34621DC079B022B1EDDF2
:101AB000BBF1000F7FF4B7AE21465B4605224846D6
:101AC00000F0ECF901460446019800F0FFFB002805
:101AD0007FF7A9AE3E46312306F8013B049B013354
:101AE0000493A4E6CDF8108054462546F2E7089BFF
:101AF000002B00F00381002E05DD294632464846C2
:101B000000F078FB05460B9B002B58D069684846CF
:101B100000F062F9064628B9824B024640F2EF21F6
:101B2000FFF7C7BB2A690232920005F10C010C30A5
:101B3000FFF709FB01223146484600F05BFB7B1CA6
:101B4000059307EB0B030993029B03F00103A846DF
:101B500008930546059B0198214603F1FF3BFFF7DB
:101B600007FB4146029000F1300A019800F0AEFBFD
:101B70002A4606902146484600F0C4FBC268064645
:101B8000FAB90146019800F0A1FB024631464846E9
:101B90000A9200F061F9079B0A9A059E43EA020146
:101BA000089B19430FD1BAF1390F28D0069B002B9F
:101BB00002DD029B03F1310A8BF800A039E62846CA
:101BC000BDE70122E2E7069B002B04DB07990B43EC
:101BD00008990B4320D1002AEEDD019901224846E5
:101BE00000F008FB2146019000F070FB002803DCA8
:101BF000E2D11AF0010FDFD0BAF1390FD9D1392370
:101C00008BF8003033461E46013B16F8012C392A6A
:101C100053D001321A700CE6002A07DDBAF1390FF1
:101C2000EDD00AF101038BF8003002E6059B059A1E
:101C300003F801AC099B934229D0019900230A22A1
:101C4000484600F02BF9A84501904FF000034FF0F3
:101C50000A024146484607D100F020F98046054671
:101C6000059B0133059375E700F018F92946804676
:101C700000230A22484600F011F90546F0E7BBF1BF
:101C8000000FCCBF5E4601263E444FF0000801998C
:101C90000122484600F0AEFA2146019000F016FB02
:101CA0000028AFDC02D11AF0010FABD133461E463B
:101CB00013F8012D302AFAD0BBE59F42A3D1049B33
:101CC0000133049331233B70B3E51D9B164F1BB1C9
:101CD00007F108031D9A1360384611B0BDEC028B62
:101CE000BDE8F08F079B012B7FF736AE0A9B0B9365
:101CF000012056E6BBF1000F7FF7D7AE3E460198B4
:101D00002146FFF735FA00F1300A06F801ABF21B65
:101D10009345B4DD019900230A22484600F0BEF83D
:101D20000190ECE7DB4E0208764E02080148FFF70F
:101D300000BA00BFE00A02240148FFF7FBB900BF68
:101D4000E00A022438B50546002941D051F8043C88
:101D50000C1F002BB8BFE418FEF768F81D4A136883
:101D600033B9636014602846BDE83840FEF764B8B4
:101D7000A34208D9206821188B4201BF19685B680B
:101D800009182160EDE71A465B680BB1A342FAD946
:101D900011685018A0420BD12068014450188342AA
:101DA0001160E0D118685B68536008441060DAE79E
:101DB00002D90C232B60D6E7206821188B4204BF80
:101DC00019685B68636004BF091821605460CAE742
:101DD00038BD00BF9C09022470B5C66904460D4693
:101DE00076B91020FDF770FF0246E06120B9184B6C
:101DF00018486B21FDF7D4FEC0E901660660C66095
:101E0000E669F36883B1E369DB6853F82500B8B984
:101E1000012101FA05F6721D92002046FDF7E6FE4B
:101E200060B1C0E901560EE0212204212046FDF7F1
:101E3000DDFEE369F060DB68002BE4D1002070BDBB
:101E4000026843F825200023C0E90333F7E700BF09
:101E5000D24C0208EC4E020870B5C66905460C4625
:101E600076B91020FDF730FF0246E86120B9094B32
:101E700009488F21FDF794FEC0E901660660C6603F
:101E80003CB1EB696268DB6853F82210216043F8CB
:101E9000224070BDD24C0208EC4E02082DE9F04100
:101EA0000D6907460C461E4601F1140C0020DCF8B3
:101EB000003099B202FB01611E0C0B0C02FB0633D1
:101EC00089B2013001EB034185424CF8041B4FEA13
:101ED0001346ECDC0EB3A368AB4219DC61683846EC
:101EE0000131FFF779FF804628B902460C4B0D48B7
:101EF000BA21FDF755FE2269023204F10C0192006D
:101F00000C30FFF720F921463846FFF7A5FF44467D
:101F100004EB850301355E6125612046BDE8F08153
:101F2000DB4E0208EC4E0208B0F5803F034636BF98
:101F3000030400201020B3F1807F3CBF1B02083057
:101F4000B3F1805F3CBF1B010430B3F1804F3CBF55
:101F50009B000230002B05DB13F0804F00F10100E5
:101F600008BF202070470368024613F007000BD01B
:101F7000D90721D4980749BF5B089B08012013604B
:101F80005CBF13600220704799B209B91B0C102086
:101F9000D9B209B908301B0A190704BF1B0904305C
:101FA000990704BF9B080230D90703D45B0800F1EE
:101FB000010003D013607047002070472020704755
:101FC00010B50C460121FFF707FF024628B9054B63
:101FD000054840F24511FDF7E3FD0123446103612B
:101FE00010BD00BFDB4E0208EC4E02082DE9F04F99
:101FF00014460A6923699A42A8BF23460F46A4BF24
:102000000C461F46D4F810A0D7F81090A36861685A
:102010000AEB0906B34285B0B8BF0131FFF7DCFE19
:1020200030B90246444B45484FF4B171FDF7B8FD55
:1020300000F1140505EB86082B460022434521D309
:1020400007F1140104F1140202EB8A0201EB890387
:102050000293131B153B23F00303043304F115070C
:10206000BA4238BF04230193029B03918B420CD8E0
:10207000002E03DD58F8043D002B5BD0066105B04F
:10208000BDE8F08F43F8042BD8E7B1F800A0BAF10F
:10209000000F24D004F1140EA9464FF0000C5EF896
:1020A000047BD9F800301FFA87FB9BB20AFB0B3385
:1020B0004FEA174BD9F8007063444FEA174C0AFBFC
:1020C0000BC707EB13479BB243EA0743724549F836
:1020D000043B4FEA174CE2D8019B45F803C0039B31
:1020E000B3F802900431B9F1000F21D02B6804F14C
:1020F000140CAE464FF0000ABCF800B0BEF80270F7
:1021000009FB0B7757449BB243EA07434EF8043B65
:102110005CF8043B4FEA134ABEF8003009FB0A336F
:1021200003EB174362454FEA134AE5D8019FEB5191
:10213000043599E7013E9BE7DB4E0208EC4E0208AE
:102140002DE9F843154612F0030207460E4607D064
:10215000254C013A002354F82220FFF79FFE064643
:10216000AD103DD0FC697CB91020FDF7ADFD0246F5
:10217000F86128B91D4B1E4840F2B311FDF710FD60
:10218000C0E901440460C460D7F81C80D8F8084056
:102190004CB940F271213846FFF712FF0023C8F80E
:1021A0000800044603604FF00009EB070AD53146EA
:1021B00022463846FFF71AFF314680463846FFF779
:1021C0004BFE46466D100BD0206838B9224621469A
:1021D0003846FFF70BFF2060C0F800900446E4E7A4
:1021E0003046BDE8F88300BF484F0208D24C0208D1
:1021F000EC4E02082DE9F0470C464968236903EBD1
:102200006218A368074691464FEA621A08F1010670
:10221000B3420BDB3846FFF7DFFD054648B90246FF
:10222000284B29484FF4EF71FDF7BAFC01315B00F0
:10223000EEE7002300F1140100F1100218465345A7
:1022400033DB20692AEAEA7A04F1140319F01F0942
:1022500001EB8A0103EB800C2BD0C9F1200E8A46DA
:102260000022186800FA09F010434AF8040B53F8EA
:10227000042B9C4522FA0EF2F3D8ACEB0403153B79
:1022800023F00303043304F11500844538BF04230D
:10229000CA500AB108F10206013E38462E612146B5
:1022A000FFF7DAFD2846BDE8F08742F8040F013356
:1022B000C5E7043953F8042B41F8042F9C45F9D89D
:1022C000EAE700BFDB4E0208EC4E02080A6903464B
:1022D0000069801A30B50ED11433143103EB820437
:1022E00001EB820154F8045D51F8042D954203D0AE
:1022F00005D24FF0FF3030BDA342F3D3FBE70120FE
:10230000F9E700002DE9F74F894606461146484691
:102310001446FFF7DBFF051E12D129463046FFF7B2
:102320005BFD024628B93F4B40F237213E48FDF79E
:1023300037FC0123C0E90435104603B0BDE8F08F37
:10234000BCBF4B46A1463046D9F80410BABF1C4664
:1023500001250025FFF740FD024618B9314B40F238
:102360004521E3E7D9F810702669C56009F110032B
:1023700009F1140504F1140E00F1140B05EB8708A4
:102380000EEB86060193D9464FF0000C019B5EF8D8
:10239000040B53F804AF01931FFA8AF3194683B272
:1023A000CB1A000C6344C0EB1A4000EB23409BB2F5
:1023B00043EA0043764549F8043B4FEA204CE5D810
:1023C000331B153B23F0030315340433A64238BFF7
:1023D00004231D445B441E462C4644450ED308F19D
:1023E0000301491B21F00301033DA84538BF00212B
:1023F0000B4453F8041D91B117619DE754F8041B79
:10240000E646080C1CFA81FC714400EB2C4089B2B2
:1024100041EA004146F8041B4FEA204CDDE7013F4A
:10242000E7E700BFDB4E0208EC4E02082DE9F74358
:102430000F46012159EC108B1646FFF7CDFC0446E0
:1024400030B90246234B244840F20F31FDF7A8FB78
:10245000C9F30A55C9F313030DB143F48013019373
:10246000B8F1000323D068460093FFF77CFDDDE957
:102470000012D0B1C0F1200302FA03F30B43C240B3
:1024800063610192019BA361002B0CBF0122022218
:102490002261A5B1A5F2334505443D60C0F1350088
:1024A0003060204603B0BDE8F0836161EAE701A82F
:1024B000FFF759FD019B636120300122E8E704EB3F
:1024C0008203A0F2324038601869FFF72DFDC0EB9F
:1024D0004210E5E7DB4E0208EC4E020851F8043CDE
:1024E000181F002BBCBF0B58C01870472DE9F047D0
:1024F0008E681F46BE420B6882460C4690462DD819
:10250000B1F90C2012F4906F26D06569096905EBCA
:102510004505A3EB010905EBD5757B1C4B446D10FC
:102520009D4238BF1D46530527D52946FDF7FEFBC2
:10253000064660B321694A46FEF705FEA38923F4E7
:10254000906343F08003A381266165614E44A5EB4F
:1025500009052660A5603E46BE4200D93E46206879
:1025600032464146FEF7B2FCA3689B1BA36023687A
:10257000334423600020BDE8F0872A46FDF7D6FCEF
:1025800006460028E0D121695046FFF7DBFB0C230B
:10259000CAF80030A38943F04003A3814FF0FF3015
:1025A000E9E700002DE9F04F98468B891B069DB0A6
:1025B00007460D46144610D50B6973B94021FDF747
:1025C000B5FB2860286130B90C233B604FF0FF3029
:1025D0001DB0BDE8F08F40236B61002309932023D9
:1025E0008DF82930CDF80C803023DFF89C818DF8F0
:1025F0002A304FF0010923469A4613F8012B0AB1FD
:10260000252AF9D1BAEB040B0BD05B4622462946AA
:102610003846FFF76BFF013000F0A780099A5A4453
:1026200009929AF80030002B00F09F8000234FF0B1
:10263000FF32CDE905230AF1010A049307938DF8CF
:1026400053301A935446052214F8011B4E48DDF707
:1026500057FE049AD8B9D00644BF20238DF85330D2
:10266000110744BF2B238DF853309AF800302A2BE2
:1026700015D0079A544600204FF00A0C214611F855
:10268000013B303B092B4BD9B0B1079214E0A0EBD2
:10269000080309FA03F313430493A246D2E7039B0A
:1026A000191D1B680391002BBBBF5B4242F0020265
:1026B00007930793B8BF049223782E2B0AD163782F
:1026C0002A2B32D1039B1A1D1B68039243EAE37342
:1026D00002340593DFF8C0A0217803225046DDF7CD
:1026E0000FFE38B1049BA0EB0A0040228240134346
:1026F0000134049314F8011B24488DF82810062295
:10270000DDF7FEFD002836D0214B1BBB039B0733B2
:1027100023F0070308330393099B334409936AE7C3
:102720000CFB02320C460120A8E70023013405937C
:1027300019464FF00A0C204610F8012B303A092AAE
:1027400003D9002BC6D00591C4E70CFB0121044638
:102750000123F0E703AB00932A460E4B04A9384649
:10276000FDF71AFD421C0646D6D1AB895B063FF544
:102770002DAF09982CE703AB00932A46054B04A91B
:102780003846FDF791FFEDE7485002085250020825
:1027900099010208ED2402084E5002089368013B9B
:1027A000002B10B4936008DA9469A34201DB0A2974
:1027B00003D15DF8044BFEF7E5BA1368581C1060AE
:1027C000197008465DF8044B7047F8B506460F4689
:1027D0001446D518AC4201D1002007E014F8011BC3
:1027E0003A463046FFF7DAFF431CF3D1F8BD00004C
:1027F0002DE9F04F0D469DB014469846064618B197
:10280000036A0BB9FEF7FCF86B6ED90705D4AB89E8
:102810009A0502D4A86DFEF78CFCAB891B0701D585
:102820002B699BB929463046FEF7EAFA70B16B6E08
:10283000DC0704D54FF0FF301DB0BDE8F08FAB8949
:102840009805F7D4A86DFEF775FCF3E7002309930C
:1028500020238DF82930CDF80C803023DFF8AC81AF
:102860008DF82A304FF0010923469A4613F8012BC0
:102870000AB1252AF9D1BAEB040B0BD05B462246EC
:1028800029463046FFF7A1FF013000F0A780099AE2
:102890005A4409929AF80030002B00F09F800023E0
:1028A0004FF0FF32CDE905230AF1010A04930793A3
:1028B0008DF853301A935446052214F8011B5348DF
:1028C000DDF71EFD049AD8B9D10644BF20238DF848
:1028D0005330130744BF2B238DF853309AF8003040
:1028E0002A2B15D0079A544600204FF00A0C214697
:1028F00011F8013B303B092B4BD9B0B1079214E0E2
:10290000A0EB080309FA03F313430493A246D2E7AA
:10291000039B191D1B680391002BBBBF5B4242F058
:10292000020207930793B8BF049223782E2B0AD193
:1029300063782A2B32D1039B1A1D1B68039243EA4A
:10294000E37302340593DFF8D4A0217803225046C4
:10295000DDF7D6FC38B1049BA0EB0A004022824090
:1029600013430134049314F8011B29488DF82810EF
:102970000622DDF7C5FC00283FD0264B1BBB039B7E
:10298000073323F0070308330393099B3B44099360
:102990006AE70CFB02320C460120A8E70023013451
:1029A000059319464FF00A0C204610F8012B303AD7
:1029B000092A03D9002BC6D00591C4E70CFB0121DD
:1029C00004460123F0E703AB00932A46124B04A907
:1029D0003046FDF7E1FB0746781CD6D16B6ED90770
:1029E00005D4AB899A0502D4A86DFEF7A3FBAB8989
:1029F0005B063FF51FAF09981EE703AB00932A461D
:102A0000054B04A93046FDF74FFEE4E748500208A5
:102A10005250020899010208CB2702084E500208C2
:102A2000B1F90C202DE9F041160705460C4654D4A7
:102A30004B68002B02DC0B6C002B48DDE66A002E95
:102A400045D0002312F480522F68216A2B6030D0C9
:102A5000626DA389590705D56368D21A636B0BB100
:102A6000236CD21A0023E66A216A2846B047431C29
:102A7000A38906D129681D292BD82A4A0A41D607DD
:102A800027D400226260D9042269226004D5421C46
:102A900001D12B6803B96065616B2F60B9B104F196
:102AA0004403994202D02846FFF74CF900236363A0
:102AB0000DE001232846B0470246501CC9D12B68BF
:102AC000002BC6D01D2B01D0162B1ED12F6000204D
:102AD00022E043F040031BB21BE00F69002FF6D049
:102AE00093070E6808BF4B690F6018BF0023A6EB61
:102AF00007088B60B8F1000FE9DD216AA66A43463A
:102B00003A462846B047002808DCB4F90C3043F0B8
:102B10004003A3814FF0FF30BDE8F0810744A8EBEC
:102B20000008E7E7FEFFBFDF38B50B6905460C4636
:102B300013B90025284638BD18B1036A0BB9FDF753
:102B40005FFFB4F90C30002BF3D0626ED00704D4D1
:102B5000990502D4A06DFEF7ECFA28462146FFF74E
:102B60005FFF636EDA070546E4D4A3899B05E1D4D1
:102B7000A06DFEF7DFFADDE770B50C46B1F90E1077
:102B8000002996B015461E460DDAA38913F0800F72
:102B90004FF0000114BF40234FF4806300203160E8
:102BA0002B6016B070BD6A4600F078F80028ECDBA8
:102BB000019901F47041A1F50053594259414FF474
:102BC0008063EBE78B89F7B59D0706460C4607D572
:102BD00004F14703236023610123636103B0F0BD67
:102BE00001AB6A46FFF7C8FF009F054639463046ED
:102BF000FDF79CF848B9B4F90C309A05EED423F0EF
:102C0000030343F00203A381E2E7A389206043F0BA
:102C10008003A381019BC4E904075BB1B4F90E10E2
:102C2000304600F04DF828B1A38923F0030343F0A8
:102C30000103A381A3891D43A581CFE71F2938B5CF
:102C400005460C4604D9162303604FF0FF3038BD0B
:102C5000C26B12B152F821304BB9284600F052F83D
:102C6000224601462846BDE8384000F039B8012B1D
:102C70000AD0591C03D1162303600120E7E7002185
:102C800042F82410204698470020E0E7024B014616
:102C90001868FFF7D3BF00BF8C08002438B5074D74
:102CA00000230446084611462B60E0F753F8431C06
:102CB00002D12B6803B1236038BD00BFDC0A0224B7
:102CC00038B5064D0023044608462B60E0F752F85D
:102CD000431C02D12B6803B1236038BDDC0A0224F7
:102CE00038B5074D00230446084611462B60DFF730
:102CF000EDFF431C02D12B6803B1236038BD00BF38
:102D0000DC0A0224DFF7DABF82B001B901A942B1BF
:102D10004BB113780B601278101E18BF012002B05F
:102D200070471046FBE76FF00100F8E703460846DE
:102D300041B1FF2A04D98A221A604FF0FF30704750
:102D40000A700120704700001FB5B0EE407B17EEFF
:102D5000903A214A23F00043934206D89FED1C1B72
:102D600005B05DF804EB00F087B81C4A934204D923
:102D700030EE400B05B05DF804FB684600F03CF90E
:102D800000F00300012809D0022810D0B0B99DED51
:102D9000021B9DED000B00F06FF8EBE79DED021BB1
:102DA0009DED000B00F0D0F8B1EE400BE2E79DED99
:102DB000021B9DED000B00F05FF8F5E79DED021B97
:102DC0009DED000B012000F0BFF8D3E7AFF30080CA
:102DD0000000000000000000FB21E93FFFFFEF7F43
:102DE0001FB5B0EE407B17EE903A214A23F0004326
:102DF000934207D89FED1C1B002005B05DF804EB43
:102E000000F0A2B81B4A934204D930EE400B05B043
:102E10005DF804FB684600F0EFF800F003000128BD
:102E20000AD002280FD0C0B99DED021B9DED000B0A
:102E3000012000F089F8EAE79DED021B9DED000BF3
:102E400000F01AF8E3E79DED021B9DED000B012059
:102E500000F07AF8B1EE400BD9E79DED021B9DED35
:102E6000000B00F009F8F5E700000000000000008A
:102E7000FB21E93FFFFFEF7FB0EE405B15EE901ABC
:102E8000B7EE000B21F00041B1F1795F04D2FDEE05
:102E9000C57B17EE903A43B325EE056B21EE451B3B
:102EA0009FED1B7B9FED1C4BA6EE074B9FED1C7B04
:102EB000A4EE067B9FED1C4BA7EE064B9FED1C7B03
:102EC0001F4BA4EE067B9FED1C4B9942A7EE064BD1
:102ED000B6EE007B24EE064B26EE077BA6EE041B27
:102EE00004D837EE417B30EE470B7047154B9942C3
:102EF00009D80022A1F5001343EC162B30EE460B47
:102F000037EE467BEDE7B5EE026BF7E7AFF30080F7
:102F1000D43888BEE9FAA8BDC4B1B4BD9EEE213E46
:102F2000AD529C804F7E92BE9015CB19A001FA3E07
:102F30007751C1166CC156BF4C5555555555A53FD7
:102F40003233D33F0000E93F10EE903A23F00043C4
:102F5000B3F1795F04D2FDEEC07B17EE903A5BB31C
:102F600020EE006B20EE065B9FED157B9FED164B70
:102F7000A6EE074B9FED167BA4EE067B9FED164B4E
:102F8000A7EE064B9FED167BA4EE067B30B99FEDB6
:102F9000164BA6EE074BA4EE050B704727EE457BBC
:102FA000B6EE004BA1EE047B97EE061B9FED107B67
:102FB000A5EE071B30EE410B704700BFAFF300805A
:102FC0007CD5CF5A3AD9E53DEB9C2B8AE6E55ABE33
:102FD0007DFEB157E31DC73ED561C119A0012ABFCF
:102FE000A6F810111111813F495555555555C5BFCA
:102FF000495555555555C53F70B5B0EE407B17EE58
:10300000905A994B25F000469E4288B0044607D856
:103010000022002384ED000BC0E9022300201BE006
:10302000924B9E423BD8A3F51B23002D9FED7E6B58
:10303000A3F5F06319DD30EE467B9E420ED09FED86
:103040007C5B37EE456B37EE467B84ED006B37EEED
:10305000457B84ED027B012008B070BD9FED766B4F
:103060009FED775B37EE467BEBE79E4230EE067BCB
:103070000ED09FED6F5B37EE056B37EE467B84ED30
:10308000006B37EE057B4FF0FF3084ED027BE3E70A
:103090009FED696B9FED6A5B37EE067BEBE7744B48
:1030A0009E4270D800F0ECF8B6EE007B9FED666BA8
:1030B000A0EE067BFDEEC77BB8EEE75B17EE900A4D
:1030C000B1EE454B9FED587BA5EE470B9FED587B2E
:1030D0001F2825EE077B30EE476B05DC654B421E53
:1030E00053F82230B34209D116EE903AC3F30A5393
:1030F000C3EB1653102B4FEA265202DC84ED006B13
:103100001AE09FED4D3BB0EE406BA4EE036B30EE4A
:10311000467BA4EE037B9FED4A3B95EE037B36EEA8
:10312000473B13EE903AC3F30A53D31A312B17DC03
:10313000B0EE460B84ED003B94ED006B002D30EEBD
:10314000460B30EE470B84ED020B85DAB1EE466B91
:10315000B1EE400B84ED006B84ED020B40427BE747
:103160009FED3B7BB0EE460BA4EE070B36EE406BBB
:10317000A4EE076B9FED384BB0EE467B95EE047BDB
:1031800030EE476BBAE73C4B9E4206D930EE407BAF
:1031900080ED027B80ED007B40E710EE103A3215A7
:1031A000A2F216421846A6EB025141EC170BBDEEF7
:1031B000C76B9FED2B5BB8EEC66B37EE467B8DED94
:1031C000026B27EE057BBDEEC76B08A8B8EEC66B99
:1031D00037EE467B8DED046B27EE057B8DED067B90
:1031E000032130ED027BB5EE407BF1EE10FA0B4689
:1031F00001F1FF31F5D0214901910221009102A88E
:10320000214600F045F8002DBFF626AF94ED007B77
:10321000B1EE477B84ED007B94ED027BB1EE477B02
:1032200084ED027B9AE700BF00004054FB21F93F88
:103230003163621A61B4D03D0000601A61B4D03DC0
:103240007370032E8A19A33B83C8C96D305FE43FB6
:103250000000002E8A19A33BC14920259A837B399F
:103260000000000000007041FB21E93F7BD90240D3
:10327000FB21394164500208FFFFEF7FE450020850
:1032800051EC100B024621F0004343EC102B704729
:103290002DE9F04F2DED068BADF5137D9B4601908A
:1032A000BB4BA298DDF88C8253F8209012F1140FDA
:1032B000A8BFD31E0BF1FF3AB8BF00236FF017056C
:1032C0009FEDAD6BA4BF182093FBF0F303FB0555F6
:1032D000A3EB0A0415440F4609EB0A061AA808EBEB
:1032E000840C0022B2420EDD1AAA02EBCB020DF5CD
:1032F000D47E00264E4525DC9FED9F7BDDF804C083
:103300001446002015E0D44209D45CF8221007EEE0
:10331000901AB8EEE77BA0EC027B0132E2E7B0EE58
:10332000467BF8E7BCEC025B94ED006B0130A5EE48
:10333000067B5045A4F10804F4DDAEEC027B0136B7
:103340000832D7E706AA9FED8E9B9FED8FAB02EB6D
:10335000890208EB8303039202934C46E300049333
:1033600092AB03EBC40313ED280B6AAA06AB02EB86
:10337000C4021E4620460028A2F108024ADC284664
:10338000059300F001FAB0EE408BB4EE000B28EE8E
:10339000000B00F079FAB2EE007BA0EE478BFDEE59
:1033A000C87B002D17EE908A059BB8EEE77B38EEC0
:1033B000478B41DD601E06AAC5F1180C52F820604B
:1033C00046FA0CF2904402FA0CF2B61A06AA42F837
:1033D0002060C5F117021641002E3CDD4FF0000CB5
:1033E00008F1010860466FF07F4E644566DC002DF1
:1033F00003DD012D72D0022D7AD0022E2BD1B7EE33
:10340000000B30EE488B30B3284600F0BDF938EEA3
:10341000408B20E020EE097BBDEEC77B0138B8EE83
:10342000C77BA7EE4A0BBDEEC00BA6EC010A92EDDE
:10343000000B37EE000B9EE705D1621E06A951F87E
:103440002260F615C8E7B6EE007BB4EEC78BF1EE4E
:1034500010FA31DA0026B5EE408BF1EE10FA40F0AA
:103460009B80621E00204A4549DA002862D0013C58
:1034700006AB183D53F82430002BF8D0B7EE000B04
:10348000284600F081F99FED3E6B621C6AA9D300CB
:1034900001EBC2012246002A80F2A8802246002ABF
:1034A000C0F2C6806AA901EBC2059FED337BDFF84D
:1034B000E4C00020A11AB0E002268FE753F8042BE5
:1034C00048B922B1C2F1807243F8042C01220CF1F8
:1034D000010C104689E7AEEB0202F5E7621E06AB6F
:1034E00053F82230C3F3160306A941F8223084E7CB
:1034F000621E06AB53F82230C3F31503F4E706ABA4
:1035000053F82230013A1843ADE7013352F8040D65
:103510000028FAD0049A02F512726A4404EB0B00F8
:103520001AA9661C983A01EBC0002344B34204DA9E
:103530001C4613E7039A0123E8E70299DDF804C06B
:1035400051F82610049107EE901AB8EEE77B00249C
:10355000A0EC027B9FED087B8646544503DDA2EC80
:10356000027B0136E2E7BCEC025B3EED026B01340C
:10357000A5EE067BF1E700BF0000000000000000A0
:10358000000000000000703E0000000000007041DC
:1035900030520208F05102086842B0EE480B00F0C9
:1035A000F3F89FED736BB4EEC60BF1EE10FA17DB78
:1035B0009FED717B20EE077BBDEEC77B06AAB8EEC0
:1035C000C75BA5EE460BBDEEC00B183510EE103AEA
:1035D00042F8243017EE103A013442F824304DE717
:1035E000BDEEC00B06AA10EE103AF6E706A850F89A
:1035F0002200019007EE900A013AB8EEE77B27EE31
:10360000007B20EE060B21ED027B44E7BCEC025B65
:10361000B5EC026B0130A5EE067B484501DC81422A
:10362000F4DA42A800EBC10181ED007B013A36E7F4
:10363000A29A022A0ADC002A2DDC46D008F00700F4
:103640000DF5137DBDEC068BBDE8F08FA29A032A21
:10365000F4D142A9A3F108020A44114620460028E9
:10366000A1F1080152DC21460129A2F108025DDC2A
:103670009FED437B42AA1344012C67DC9DED425B26
:103680009DED446B002E67D187ED005B87ED026BEB
:1036900087ED047BD2E79FED3A6B42AA13442246A2
:1036A000002A24DA4EB3B1EE467B87ED007B9DED18
:1036B000427B44AA012337EE467B9C4220DA0EB1BE
:1036C000B1EE477B87ED027BB8E79FED2D7B42AAE9
:1036D0001344002C05DA0EB1B1EE477B87ED007B79
:1036E000ACE733ED026B013C37EE067BF1E733EDDF
:1036F000027B013A36EE076BD2E7B0EE467BD4E7A9
:10370000B2EC026B013337EE067BD6E791ED007B1E
:1037100091ED025B013837EE056B37EE467B81EDAC
:10372000006B37EE057B81ED027B98E792ED007B25
:1037300092ED025B013937EE056B37EE467B82ED89
:10374000006B37EE057B82ED027B8DE733ED026B7C
:10375000013C37EE067B8FE7B1EE455BB1EE466B81
:1037600087ED005BB1EE477B87ED026B90E700BF12
:103770000000000000007041000000000000703EEA
:10378000000000000000000010EE901AC1F30A5380
:103790008BB910EE103A21F0004119430AD09FED89
:1037A0002C7B374B20EE070B98420BDA9FED2A7BE0
:1037B00020EE070B704740F2FF72934207D130EEC4
:1037C000000B704710EE901AC1F30A53363B4CF2CF
:1037D000503290420DDD9FED227B10EE903AB0EE1C
:1037E000476B9FED215B002B27FE057B27EE060B29
:1037F0007047184440F2FE739842ECDC00280ADD62
:1038000021F0FF4153EC102B21F4E00141EA005379
:1038100043EC102B704710F1350F09DA9FED0E7B4A
:1038200010EE903AB0EE476B9FED115B002BDBE79B
:1038300021F0FF4153EC102B363021F4E00141EA36
:1038400000539FED0D7B43EC102BB1E7AFF30080ED
:10385000000000000000504359F3F8C21F6EA5019C
:103860009C7500883CE4377E9C7500883CE437FEFC
:1038700059F3F8C21F6EA581000000000000903CC3
:10388000B03CFFFF0000000010EE903AC3F30A5076
:1038900010EE102AA0F2FF31132930B5154633DCA3
:1038A000002918DA9FED307B30EE070BB5EEC00B28
:1038B000F1EE10FA0ADD002B50DA23F00043134337
:1038C000002293422A4B08BF4FF00043194610468E
:1038D00041EC100B1FE02748084103EA00041443A1
:1038E00019D09FED217B30EE070BB5EEC00BF1EE4A
:1038F00010FAEBDD002BBEBF4FF480120A419B187B
:1039000023EA00030022E1E7332905DDB1F5806FEA
:1039100001D130EE000B30BDA0F213444FF0FF3068
:10392000E0401042F7D09FED107B30EE070BB5EE74
:10393000C00BF1EE10FAC9DD002B02DA142903D115
:10394000013322EA0002C1E70124C1F1340104FA83
:1039500001F10A44AA4238BF1B19F2E700221346BC
:10396000B4E700BFAFF300809C7500883CE4377E6D
:103970000000F0BFFFFF0F00F8B500BFF8BC08BCA7
:103980009E467047F8B500BFF8BC08BC9E4670471D
:103990007374617274204150502048616E646C658C
:1039A000000000004572726F72206F6E206C696EAD
:1039B000652025643A2025642E2041626F72746967
:1039C0006E672E0A000000004572726F72206F6EE3
:1039D0002064656661756C7420616C6C6F636174E2
:1039E0006F727320286C696E65202564290A0000B7
:1039F0006F646F6D00000000626173655F666F6FDA
:103A0000747072696E7400004661696C6564206F41
:103A10006E206C696E652025643A2025642E204353
:103A20006F6E74696E75696E672E0A00636D645FF0
:103A300076656C3A252E32662C20252E32662C2097
:103A4000252E32660A000000524F5320446F6D61EC
:103A5000696E2049443A25640A0000005265636F8C
:103A60006E6E656374696E67206167656E742E2E75
:103A70002E00000053746172742059425F457861D2
:103A80006D706C655F4E6F646500000059425F4564
:103A900078616D706C655F4E6F6465006F646F6D0B
:103AA0005F72617700000000636D645F76656C0093
:103AB0006578656375746F725F636F756E743A25B0
:103AC000640A0000524F53205461736B20456E64AA
:103AD000000000005265737461727420537973742E
:103AE000656D21212100000064656661756C745468
:103AF00061736B006D795461736B526F73000000DA
:103B00006D795461736B43617200000073656300EB
:103B10006E616E6F736563006275696C74696E5F68
:103B2000696E74657266616365735F5F6D7367006C
:103B300054696D6500000000780000007900000005
:103B40007A00000067656F6D657472795F6D7367E9
:103B5000735F5F6D73670000506F696E74000000E3
:103B6000706F736974696F6E000000006F72696531
:103B70006E746174696F6E0067656F6D65747279DC
:103B80005F6D7367735F5F6D73670000506F736580
:103B900000000000706F736500000000636F7661C5
:103BA0007269616E6365000067656F6D6574727937
:103BB0005F6D7367735F5F6D73670000506F736550
:103BC00057697468436F76617269616E636500005E
:103BD00078000000790000007A0000007700000003
:103BE00067656F6D657472795F6D7367735F5F6D25
:103BF000736700005175617465726E696F6E0000C5
:103C00006C696E6561720000616E67756C6172004F
:103C100067656F6D657472795F6D7367735F5F6DF4
:103C200073670000547769737400000074776973D8
:103C300074000000636F76617269616E63650000F5
:103C400067656F6D657472795F6D7367735F5F6DC4
:103C500073670000547769737457697468436F76AB
:103C6000617269616E636500780000007900000090
:103C70007A00000067656F6D657472795F6D7367B8
:103C8000735F5F6D73670000566563746F72330016
:103C900068656164657200006368696C645F667280
:103CA000616D655F69640000706F736500000000FE
:103CB00074776973740000006E61765F6D7367736B
:103CC0005F5F6D73670000004F646F6D657472799C
:103CD000000000007374616D700000006672616D19
:103CE000655F6964000000007374645F6D736773DF
:103CF0005F5F6D7367000000486561646572000076
:103D000049444C4500000000546D72205376630016
:103D1000546D725100000000047DC12502000000B6
:103D2000FFD7F2320000000058524345010F000057
:103D3000FFFE0000E83A020800000000000000005A
:103D40000000000000000000D00700000800000094
:103D50000000000000000000F43A0208000000002B
:103D6000000000000000000000000000E02E000045
:103D7000180000000000000000000000003B0208E6
:103D80000000000000000000000000000000000033
:103D9000D007000028000000000000000000000024
:103DA00000000000010203040102030406070809E1
:103DB000000610160006101601000200040006009E
:103DC00008000A000C0010002000400080000001E4
:103DD00001010103070100000804020408010101B8
:103DE000183B0208303B02080200000008000000F7
:103DF0001800002425E100083FE10008443B0208C8
:103E0000583B020803000000180000009C0000243A
:103E1000B3E10008CDE10008783B02088C3B0208C2
:103E200002000000380000005C01002491E200085C
:103E3000ABE20008A83B0208BC3B020802000000FD
:103E400058010000E001002457E3000871E3000876
:103E5000E03B0208F43B02080400000020000000E0
:103E600064020024DFE40008F9E40008103C0208C2
:103E7000243C02080200000030000000600300241F
:103E8000BDE50008D7E50008403C0208543C0208A4
:103E90000200000050010000E403002483E6000853
:103EA0009DE60008743C0208883C020803000000FC
:103EB0001800000068040024CFE70008E9E70008C4
:103EC000B83C0208C83C020804000000C802000018
:103ED0002805002405E900081FE90008E83C02085D
:103EE000F83C020802000000140000002406002430
:103EF00001EA00081BEA000867656F6D6574727956
:103F00005F6D736773000000726F7369646C5F7438
:103F1000797065737570706F72745F696E74726FAB
:103F20007370656374696F6E5F635F5F6765745F0D
:103F30006D6573736167655F747970655F737570C4
:103F4000706F72745F68616E646C655F5F67656FE8
:103F50006D657472795F6D7367735F5F6D73675FB3
:103F60005F54776973740000726F7369646C5F7477
:103F7000797065737570706F72745F6D6963726F5D
:103F8000787263656464735F635F5F6765745F6DB8
:103F90006573736167655F747970655F7375707061
:103FA0006F72745F68616E646C655F5F67656F6D8B
:103FB000657472795F6D7367735F5F6D73675F5F61
:103FC0005477697374000000726F7369646C5F7476
:103FD000797065737570706F72745F696E74726FEB
:103FE0007370656374696F6E5F630000726F7369ED
:103FF000646C5F74797065737570706F72745F6DE7
:104000006963726F787263656464735F6300000054
:10401000C83F0208EC3F020802000000F83E020818
:10402000104002082C400208AC060024083F020899
:10403000683F020867656F6D657472795F6D7367BD
:10404000733A3A6D73670000566563746F7233009C
:104050006E61765F6D73677300000000726F736945
:10406000646C5F74797065737570706F72745F697A
:104070006E74726F7370656374696F6E5F635F5F98
:104080006765745F6D6573736167655F747970658B
:104090005F737570706F72745F68616E646C655F7A
:1040A0005F6E61765F6D7367735F5F6D73675F5F90
:1040B0004F646F6D6574727900000000726F7369F0
:1040C000646C5F74797065737570706F72745F6D16
:1040D0006963726F787263656464735F635F5F675F
:1040E00065745F6D6573736167655F747970655F33
:1040F000737570706F72745F68616E646C655F5F1A
:104100006E61765F6D7367735F5F6D73675F5F4F3F
:10411000646F6D6574727900C83F0208EC3F020855
:104120000200000050400208184102083441020811
:10413000100700245C400208BC4002086E61765FF4
:104140006D7367733A3A6D736700000000000000FA
:10415000000000000000000000000000000000005F
:10416000000000000000000000000000000000004F
:10417000000000000000000000000000000000003F
:10418000000000000000000000000000000000002F
:10419000000000000000000000000000000000001F
:1041A000000000000000000000000000000000000F
:1041B00000000000000000000000000000000000FF
:1041C00000000000000000000000000000000000EF
:1041D00000000000000000000000000000000000DF
:1041E000010000000A0000000102000000000000C1
:1041F00000000000000000000000000000000000BF
:1042000000000000000000000000000000000000AE
:10421000000000000000000000000000000000009E
:10422000000000000000000000000000000000008E
:10423000010000000A000000010200000000000070
:10424000000000000000000000000000000000006E
:10425000000000000000000000000000000000005E
:10426000000000000000000000000000000000004E
:10427000000000000000000000000000000000003E
:10428000524F535F4C4F43414C484F53545F4F4E36
:104290004C5900002E0000002F0000002F25730055
:1042A000257325730000000025732F25730000007F
:1042B00000000000000000000000000000000000FE
:1042C000010000000A0000000102000000000000E0
:1042D00000000000000000000000000000000000DE
:1042E00000000000000000000000000000000000CE
:1042F00000000000000000000000000000000000BE
:1043000000000000000000000000000000000000AD
:10431000524F535F53454355524954595F454E419F
:10432000424C45007472756500000000524F535FA7
:1043300053454355524954595F535452415445478C
:1043400059000000456E666F72636500656E636CB0
:104350006176657300000000524F535F534543552B
:10436000524954595F4B455953544F524500000030
:10437000524F535F53454355524954595F454E433D
:104380004C4156455F4F5645525249444500000046
:104390000000000000000000010000000A00000012
:1043A000010200000000000000000000000000000A
:1043B00000000000000000000000000000000000FD
:1043C00000000000000000000000000000000000ED
:1043D00000000000000000000000000000000000DD
:1043E00000000000000000000000000072636C5F2D
:1043F00076616C69646174655F656E636C61766536
:104400005F6E616D655F776974685F73697A65284F
:10441000293A20756E6B6E6F776E20726D775F76BE
:10442000616C69646174655F6E616D657370616311
:10443000655F776974685F73697A6528292072659A
:1044400073756C74202725642700000000000000AD
:10445000000000000000000000000000000000005C
:10446000000000000000000000000000000000004C
:10447000000000000000000000000000000000003C
:10448000000000000000000000000000000000002C
:1044900000000000617267756D656E7420656E7650
:1044A0005F6E616D65206973206E756C6C00000035
:1044B000617267756D656E7420656E765F76616C8E
:1044C0007565206973206E756C6C000065000000D6
:1044D0003A3A0000257325732573257325732573D8
:1044E000257300005F0000006464730072740000B4
:1044F000726D775F76616C69646174655F6E616D22
:1045000065737061636528293A20756E6B6E6F77ED
:104510006E20726D775F76616C69646174655F6649
:10452000756C6C5F746F7069635F6E616D6528296F
:1045300020726573756C74202725642700000000C5
:10454000756E6B6E6F776E20726573756C74206319
:104550006F646520666F7220726D77206E616D6585
:1045600073706163652076616C69646174696F6EF4
:10457000000000006E616D657370616365206D758C
:104580007374206E6F7420626520656D707479009D
:104590006E616D657370616365206D757374206203
:1045A00065206162736F6C7574652C206974206D71
:1045B000757374206C65616420776974682061206C
:1045C000272F27006E616D657370616365206D75BF
:1045D0007374206E6F7420656E6420776974682030
:1045E0006120272F272C20756E6C657373206F6EEA
:1045F0006C79206120272F27000000006E616D6517
:104600007370616365206D757374206E6F742063C1
:104610006F6E7461696E2063686172616374657244
:1046200073206F74686572207468616E20616C70AD
:1046300068616E756D65726963732C20275F272C26
:10464000206F7220272F27006E616D657370616384
:1046500065206D757374206E6F7420636F6E746166
:10466000696E20726570656174656420272F27006C
:104670006E616D657370616365206D757374206E16
:104680006F742068617665206120746F6B656E20A1
:1046900074686174207374617274732077697468CC
:1046A0002061206E756D6265720000006E616D653F
:1046B00073706163652073686F756C64206E6F74CE
:1046C000206578636565642027524D575F4E414DE4
:1046D0004553504143455F4D41585F4E414D455F05
:1046E0004C454E475448270000000000744502081E
:1046F00090450208C4450208FC45020848460208E5
:1047000070460208AC460208756E6B6E6F776E20BD
:10471000726573756C7420636F646520666F7220B8
:10472000726D77206E6F6465206E616D65207661B5
:104730006C69646174696F6E000000006E6F64657F
:10474000206E616D65206D757374206E6F742062CC
:104750006520656D707479006E6F6465206E616DA3
:1047600065206D757374206E6F7420636F6E746155
:10477000696E2063686172616374657273206F741F
:10478000686572207468616E20616C7068616E7516
:104790006D6572696373206F7220275F27000000C8
:1047A0006E6F6465206E616D65206D757374206E2B
:1047B0006F7420737461727420776974682061204B
:1047C0006E756D62657200006E6F6465206E616D5E
:1047D00065206C656E6774682073686F756C642003
:1047E0006E6F7420657863656564202732353527E0
:1047F00000000000000000003C4702085847020883
:10480000A0470208C8470208556E65787065637452
:10481000656420636F6E646974696F6E3A207374A7
:1048200072696E6720636170616369747920776172
:1048300073207A65726F20666F7220616C6C6F6393
:1048400061746564206461746121204578697469CC
:104850006E672E0A00000000556E657870656374FF
:10486000656420636F6E646974696F6E3A20737457
:1048700072696E672073697A6520776173206E6F45
:104880006E2D7A65726F20666F72206465616C6C44
:104890006F63617465642064617461212045786987
:1048A00074696E672E0A0000556E657870656374D2
:1048B0006564206265686176696F723A207374720C
:1048C000696E6720636170616369747920776173D1
:1048D000206E6F6E2D7A65726F20666F7220646530
:1048E000616C6C6F63617465642064617461212024
:1048F00045786974696E672E0A000000726F7369EB
:10490000646C5F74797065737570706F72745F63D7
:10491000000000007374645F6D7367733A3A6D73DF
:104920006700000048656164657200006275696C2B
:1049300074696E5F696E74657266616365733A3A35
:104940006D73670054696D6500000000506F7365FA
:1049500057697468436F76617269616E63650000C0
:10496000547769737457697468436F7661726961CB
:104970006E6365000000C1C081C1400101C3C00376
:10498000800241C201C6C006800741C70005C1C5FB
:1049900081C4400401CCC00C800D41CD000FC1CFBB
:1049A00081CE400E000AC1CA81CB400B01C9C009AB
:1049B000800841C801D8C018801941D9001BC1DB4B
:1049C00081DA401A001EC1DE81DF401F01DDC01DFB
:1049D000801C41DC0014C1D481D5401501D7C0171B
:1049E000801641D601D2C012801341D30011C1D12B
:1049F00081D0401001F0C030803141F10033C1F36B
:104A000081F240320036C1F681F7403701F5C035FA
:104A1000803441F4003CC1FC81FD403D01FFC03FBA
:104A2000803E41FE01FAC03A803B41FB0039C1F9AA
:104A300081F840380028C1E881E9402901EBC02B0A
:104A4000802A41EA01EEC02E802F41EF002DC1EDFA
:104A500081EC402C01E4C024802541E50027C1E71A
:104A600081E640260022C1E281E3402301E1C0212A
:104A7000802041E001A0C060806141A10063C1A32A
:104A800081A240620066C1A681A7406701A5C065FA
:104A9000806441A4006CC1AC81AD406D01AFC06FBA
:104AA000806E41AE01AAC06A806B41AB0069C1A9AA
:104AB00081A840680078C1B881B9407901BBC07B4A
:104AC000807A41BA01BEC07E807F41BF007DC1BDFA
:104AD00081BC407C01B4C074807541B50077C1B71A
:104AE00081B640760072C1B281B3407301B1C0712A
:104AF000807041B00050C190819140510193C053EA
:104B0000805241920196C056805741970055C195F9
:104B100081944054019CC05C805D419D005FC19FB9
:104B2000819E405E005AC19A819B405B0199C059A9
:104B3000805841980188C04880494189004BC18B09
:104B4000818A404A004EC18E818F404F018DC04DF9
:104B5000804C418C0044C184818540450187C04719
:104B6000804641860182C042804341830041C18129
:104B700081804040000000000000000000000000B4
:104B80000000000000000000A1DF0108A5DF01080F
:104B90000000000000000000000000000000000015
:104BA000A5DF0108A9DF0108ADDF01080000000052
:104BB0000000000000000000A9DF0108ADDF0108CF
:104BC000B1DF01080000000000000000000000004C
:104BD00000000000000000000000000000000000D5
:104BE00000000000000000000000000000000000C5
:104BF00000000000000000000000000000000000B5
:104C000000000000000000000000000000000000A4
:104C10000000000000000000000000000000000094
:104C200000000000524F535F444F4D41494E5F49D1
:104C30004400000025732F25732573007B6E6F647D
:104C4000657D00007B6E737D000000007B6E616DF2
:104C50006573706163657D00000000000000000066
:104C600063647200726D775F6D6963726F787263EF
:104C70006564647300000000644C0208506F736543
:104C8000000000005175617465726E696F6E0000FE
:104C9000506F696E74002C2066756E6374696F6E58
:104CA0003A2000617373657274696F6E20222573F8
:104CB00022206661696C65643A2066696C65202211
:104CC0002573222C206C696E65202564257325735D
:104CD0000A005245454E54206D616C6C6F63207321
:104CE0007563636565646564002F6275696C642F24
:104CF000676E752D746F6F6C732D666F722D737484
:104D00006D33325F31322E332E72656C312E32307C
:104D10003234303631322D313331352F7372632FC7
:104D20006E65776C69622F6E65776C69622F6C694E
:104D300062632F7374646C69622F72616E642E6398
:104D4000000020202020202020202028282828287B
:104D50002020202020202020202020202020202053
:104D600020208810101010101010101010101010AB
:104D700010100404040404040404040410101010AB
:104D80001010104141414141410101010101010166
:104D900001010101010101010101010101101010D6
:104DA0001010104242424242420202020202020239
:104DB00002020202020202020202020202101010A9
:104DC00010200000000000000000000000000000B3
:104DD00000000000000000000000000000000000D3
:104DE00000000000000000000000000000000000C3
:104DF00000000000000000000000000000000000B3
:104E000000000000000000000000000000000000A2
:104E10000000000000000000000000000000000092
:104E20000000000000000000000000000000000082
:104E30000000000000000000000000000000000072
:104E40000000494E4600696E66004E414E006E619C
:104E50006E00300030313233343536373839414224
:104E600043444546003031323334353637383961C2
:104E7000626364656600496E66696E697479004EA6
:104E8000614E002F6275696C642F676E752D746FAB
:104E90006F6C732D666F722D73746D33325F3132A8
:104EA0002E332E72656C312E323032343036313240
:104EB0002D313331352F7372632F6E65776C6962D4
:104EC0002F6E65776C69622F6C6962632F737464EF
:104ED0006C69622F64746F612E630042616C6C6F49
:104EE0006320737563636565646564002F6275692B
:104EF0006C642F676E752D746F6F6C732D666F7297
:104F00002D73746D33325F31322E332E72656C31F6
:104F10002E32303234303631322D313331352F7339
:104F200072632F6E65776C69622F6E65776C69624C
:104F30002F6C6962632F7374646C69622F6D707279
:104F400065632E63000000000500000019000000EA
:104F50007D000000000000000080E03779C341437D
:104F6000176E05B5B5B89346F5F93FE9034F384DCF
:104F7000321D30F94877825A3CBF737FDD4F15757B
:104F8000000000000000F03F00000000000024408E
:104F900000000000000059400000000000408F4069
:104FA000000000000088C34000000000006AF840D4
:104FB0000000000080842E4100000000D0126341F8
:104FC0000000000084D797410000000065CDCD416E
:104FD000000000205FA00242000000E8764837424F
:104FE000000000A2941A6D42000040E59C30A242ED
:104FF0000000901EC4BCD64200003426F56B0C4362
:105000000080E03779C3414300A0D8855734764308
:1050100000C84E676DC1AB43003D9160E458E14369
:10502000408CB5781DAF154450EFE2D6E41A4B44DE
:1050300092D54D06CFF08044F64AE1C7022DB54423
:10504000B49DD9794378EA44232D302B2000686C35
:105050004C00656667454647004300504F5349582A
:10506000002E0000FB21F93FFB2109407CD91240B2
:10507000FB2119407A6A1F407CD92240BBFD2540A4
:10508000FB2129403A462C407A6A2F405C47314048
:105090007CD932409C6B3440BBFD3540DB8F3740C0
:1050A000FB2139401BB43A403A463C405AD83D4077
:1050B0007A6A3F404C7E40405C4741406C10424021
:1050C0007CD942408CA243409C6B4440AC34454068
:1050D000BBFD4540CBC64640DB8F4740EB584840C0
:1050E000FB21494083F9A200444E6E00FC291500C3
:1050F000D1572700DD34F50062DBC0003C999500F4
:10510000419043006351FE00BBDEAB00B761C500B8
:105110003A6E2400D24D42004906E00009EA2E0012
:105120001C92D100EB1DFE0029B11C00E83EA70037
:10513000F535820044BB2E009CE98400B426700043
:10514000417E5F00D6913900538339009CF43900C9
:105150008B5F840028F9BD00F81F3B00DEFF97003D
:105160000F980500112FEF000A5A8B006D1F6D007C
:10517000CF7E360009CB2700464FB7009E663F0022
:105180002DEA5F00BA277500E5EBC7003D7BF10013
:10519000F739070092528A00FB6BEA001FB15F00EB
:1051A000085D8D00300356007BFC4600F0AB6B00C1
:1051B00020BCCF0036F49A00E3A91D005E61910087
:1051C000081BE60085996500A0145F008D4068000B
:1051D00080D8FF0027734D0006063100CA5615001F
:1051E000C9A873007BE260006B8CC0000000000067
:1051F00000000040FB21F93F000000002D44743EF8
:10520000000000809846F83C0000006051CC783BDC
:1052100000000080831BF0390000004020257A3810
:10522000000000802282E336000000001DF3693593
:10523000020000000300000004000000060000005F
:08524000A0B0FD7F0100000099
:0C524800C5020008951801082D3201086D
:04525400A1020008AB
:105258001E000000E40F00240090D0030090D0034B
:1052680010000000010000000C3B02080D000000C7
:105278000000000000000000000000000000000026
:105288000000000000000000000000000000000016
:105298000000000000000000000000000000000006
:1052A80000000000103B02080C0000000000000095
:1052B80000000000000000000000000000000000E6
:1052C80004000000000000000000000000000000D2
:1052D80000000000000000000000000000000000C6
:1052E80000000000E03D020815930108383B020861
:1052F80002000000000000000000000000000000A4
:105308000000000000000000000000000000000095
:105318000000000000000000000000000000000085
:1053280000000000000000003C3B020802000000F2
:105338000000000000000000000000000000000065
:10534800000000000800000000000000000000004D
:105358000000000000000000000000000000000045
:1053680000000000403B02080200000000000000AE
:105378000000000000000000000000000000000025
:105388001000000000000000000000000000000005
:105398000000000000000000000000000000000005
:1053A80000000000FC3D020815930108603B02085C
:1053B80012000000000000000000000000000000D3
:1053C80000000000000000000000000000000000D5
:1053D80000000000000000000000000000000000C5
:1053E80000000000000000006C3B020812000000F2
:1053F80000000000000000000000000000000000A5
:10540800000000001800000000000000000000007C
:105418000000000000000000000000000000000084
:105428000000000000000000183E02081593010863
:10543800943B020812000000000000000000000079
:105448000000000000000000000000000000000054
:105458000000000000000000000000000000000044
:105468000000000000000000000000009C3B020853
:105478000200000000000000000000000100000021
:1054880024000000000000003800000000000000B8
:1054980087E300089DE30008BFE30008E1E3000894
:1054A8000FE400080000000000000000343E02087D
:1054B80015930108D03B020802000000000000001C
:1054C80000000000000000000000000000000000D4
:1054D80000000000000000000000000000000000C4
:1054E80000000000000000000000000000000000B4
:1054F800D43B020802000000000000000000000089
:10550800000000000000000000000000080000008B
:105518000000000000000000000000000000000083
:10552800000000000000000000000000D83B020856
:105538000200000000000000000000000000000061
:105548000000000000000000100000000000000043
:105558000000000000000000000000000000000043
:105568000000000000000000DC3B02080200000010
:105578000000000000000000000000000000000023
:1055880000000000180000000000000000000000FB
:105598000000000000000000000000000000000003
:1055A8000000000000000000503E020815930108AA
:1055B800003C02081200000000000000000000008B
:1055C80000000000000000000000000000000000D3
:1055D80000000000000000000000000000000000C3
:1055E800000000000000000000000000083C020865
:1055F8001200000000000000000000000000000091
:10560800000000000000000018000000000000007A
:105618000000000000000000000000000000000082
:105628000000000000000000000000006C3E0208BE
:10563800159301082C3C020812000000000000002D
:105648000000000000000000000000000000000052
:105658000000000000000000000000000000000042
:105668000000000000000000000000000000000032
:10567800343C0208020000000000000000000000A6
:1056880001000000240000000000000030000000BD
:1056980000000000B3E60008C9E60008EBE60008D1
:1056A8000DE700083BE700080000000000000000CC
:1056B800883E020815930108683C020802000000B1
:1056C80000000000000000000000000000000000D2
:1056D80000000000000000000000000000000000C2
:1056E80000000000000000000000000000000000B2
:1056F800000000006C3C02080200000000000000EE
:105708000000000000000000000000000000000091
:105718000800000000000000000000000000000079
:105728000000000000000000000000000000000071
:10573800703C0208020000000000000000000000A9
:105748000000000000000000000000001000000041
:105758000000000000000000000000000000000041
:105768000000000000000000000000000000000031
:10577800A43E020815930108903C0208120000009C
:105788000000000000000000000000000000000011
:105798000000000000000000000000000000000001
:1057A80000000000000000000000000000000000F1
:1057B80000000000983C02081000000000000000F3
:1057C80000000000000000000000000000000000D1
:1057D80014000000000000000000000000000000AD
:1057E80000000000000000000000000000000000B1
:1057F800A83C0208120000000000000000000000A1
:105808000000000000000000000000002000000070
:105818000000000000000000000000000000000080
:10582800000000000000000000000000B03C02087A
:10583800120000000000000000000000000000004E
:1058480000000000000000007801000000000000D7
:105858000000000000000000000000000000000040
:10586800000000000000000000000000C03E020828
:1058780015930108D43C0208120000000000000043
:105888000000000000000000000000000000000010
:105898000000000000000000000000000000000000
:1058A80000000000000000000000000000000000F0
:1058B800DC3C0208100000000000000000000000AE
:1058C80000000000000000000000000008000000C8
:1058D80000000000000000000000000000000000C0
:1058E80000000000000000000000000000000000B0
:1058F800DC3E020815930108AAAAAAAAEDE5000849
:10590800951901080000000018400208E5930108F5
:10591800EC3F0208CC060024159301083440020825
:10592800C03F0208FD180108C91801083519010807
:10593800A918010851190108EC3F0208F4060024CF
:10594800159301083440020848400208F919010873
:10595800D1190108251A01089D190108511A0108D1
:1059680035E90008D9330108000000002041020889
:10597800E5930108EC3F020830070024159301085D
:105988003C410208B0400208013301087D32010899
:105998009D3301084132010861330108056A010895
:1059A800016A0108FD690108F969010800000000A1
:1059B800FC480208C83F0208EC3F020874070024AC
:1059C800159301081449020824490208E9940108BA
:1059D80081940108319501085D94010841940108FA
:1059E800EC3F02089C070024159301082C49020883
:1059F80044490208B195010895950108D195010817
:105A08006D950108F1950108EC3F0208C4070024D0
:105A180015930108344002084C4902088996010888
:105A28005D960108B59601083D960108D1960108D2
:105A3800EC3F0208EC0700241593010834400208E3
:105A4800604902086D970108419701089997010874
:105A580021970108B5970108EC3F020814080024B3
:105A680015930108344002087C4C020885ED0108B2
:105A780051ED0108BDED010831ED0108D9ED01082E
:105A8800EC3F02083C080024159301083440020842
:105A9800844C020899EE010865EE0108D1EE010870
:105AA80025EE010809EF0108EC3F0208640800240C
:105AB8001593010834400208904C0208E5FA0108E1
:105AC800BDFA010811FB010889FA01083DFB01082C
:105AD8000000000003000000A00902249008002430
:105AE80000000000A0090224080A0224700A022407
:105AF800000000000000000000000000000000009E
:105B0800000000000000000000000000000000008D
:105B1800000000000000000000000000000000007D
:105B2800000000000000000000000000430000002A
:105B3800000000000000000000000000000000005D
:105B4800000000000000000000000000430000000A
:105B5800000000000000000000000000000000003D
:105B680000000000000000000000000043000000EA
:105B7800000000000000000000000000000000001D
:105B880000000000000000000000000043000000CA
:105B980000000000000000000000000000000000FD
:105BA80000000000000000000000000043000000AA
:105BB80000000000000000000000000000000000DD
:105BC800000000000000000000000000430000008A
:105BD80000000000000000000000000000000000BD
:105BE800000000000000000000000000430000006A
:105BF800000000000000000000000000000000009D
:105C08000000000000000000000000002D2D020828
:105C1800092D020800000000414D020861500208E9
:105C2800D14C0208D14C0208D14C0208D14C0208D0
:105C3800D14C0208D14C0208D14C0208D14C0208C0
:105C4800D14C0208FFFFFFFFFFFFFFFFFFFFFFFF31
:105C5800FFFF0000010041534349490000000000D4
:105C6800000000000000000000000000000000002C
:105C780000000000000041534349490000000000B3
:105C8800000000000000000000000000000000000C
:085C9800000000000000000004
:0400000508003C01B2
:00000001FF
