:020000040800F2
:1000000000000824D11600086110000869100008DB
:10001000711000087910000881100008000000002D
:1000200000000000000000000000000081D1000876
:100030008910000800000000D1D3000869AB000857
:1000400021170008211700082117000821170008B0
:1000500021170008211700082117000821170008A0
:10006000211700082117000821170008991000081F
:10007000AD100008211700082117000821170008FB
:100080002117000821170008211700082117000870
:100090002117000821170008211700082117000860
:1000A0002117000821170008211700082117000850
:1000B0002117000821170008211700082117000840
:1000C0002117000821170008211700082117000830
:1000D00021170008C1100008211700082117000887
:1000E0002117000821170008000000002117000850
:1000F0002117000821170008211700082117000800
:1001000021170008211700082117000821170008EF
:10011000211700082117000821170008D510000832
:1001200021170008211700082117000821170008CF
:1001300021170008211700082117000821170008BF
:1001400000000000000000000000000000000000AF
:10015000211700082117000821170008211700089F
:10016000211700082117000821170008211700088F
:1001700021170008211700082117000800000000BF
:10018000211700082117000821170008211700086F
:10019000211700082117000821170008211700085F
:1001A000211700082117000821170008211700084F
:1001B000211700082117000821170008211700083F
:1001C000211700082117000821170008211700082F
:1001D000211700082117000821170008211700081F
:1001E000211700082117000821170008211700080F
:1001F00021170008211700082117000821170008FF
:1002000021170008211700082117000821170008EE
:1002100021170008211700082117000821170008DE
:10022000211700082117000821170008000000000E
:1002300021170008211700080000000021170008FE
:1002400021170008211700082117000821170008AE
:10025000211700082117000821170008211700089E
:10026000211700082117000821170008211700088E
:1002700021170008211700082117000800000000BE
:1002800021170008211700082117000800000000AE
:08029000000000002117000826
:1002A00010B5054C237833B9044B13B10448AFF3B0
:1002B00000800123237010BD88020024000000008C
:1002C000A8CA010808B5034B1BB103490348AFF3A3
:1002D000008008BD000000008C020024A8CA0108AC
:1002E00010F8012B11F8013B012A28BF9A42F7D0E0
:1002F000D01A70470000000000000000000000005D
:1003000001F0FF01102A2BDB10F0070F08D010F8C6
:10031000013B013A8B422DD010F0070F42B3F6D1CA
:10032000F0B441EA012141EA014122F007047FF0E3
:1003300000070023F0E80256083C85EA010586EA3A
:10034000010685FA47F5A3FA87F586FA47F6A5FA76
:1003500087F68EB9EED1F0BC01F0FF0102F0070282
:1003600032B110F8013B013A83EA010313B1F8D12D
:100370000020704701387047002D06BF354603380E
:10038000073815F0010F07D1013015F4807F02BF47
:10039000013015F4C03F0130F0BC0138704700BF98
:1003A000034613F8012B002AFBD1181A01387047B5
:1003B0007BB972B90029BEBF00204FF0004106E0B2
:1003C00008BF00281CBF6FF000414FF0FF3000F065
:1003D000B5B9ADF1080C6DE904CE002909DB002B9D
:1003E0001ADB00F04DF8DDF804E0DDE9022304B08B
:1003F0007047404261EB4101002B1BDB00F040F8ED
:10040000DDF804E0DDE9022304B0404261EB410184
:10041000524263EB43037047524263EB430300F0E5
:100420002FF8DDF804E0DDE9022304B0404261EB7F
:1004300041017047524263EB430300F021F8DDF8BD
:1004400004E0DDE9022304B0524263EB430370474A
:1004500053B94AB9002908BF00281CBF4FF0FF312B
:100460004FF0FF3000F06AB9ADF1080C6DE904CE31
:1004700000F006F8DDF804E0DDE9022304B070477F
:100480002DE9F047089D0C46002B4ED194468C4533
:100490008646B2FA82F262D94AB1C2F12003914093
:1004A00020FA03F30CFA02FC194300FA02FE4FEAA9
:1004B0001C471FFA8CF6B1FBF7F44FEA1E4307FB0B
:1004C000141143EA014304FB06F199420AD91CEBDB
:1004D000030304F1FF3080F01281994240F20F8152
:1004E000023C6344591A1FFA8EF3B1FBF7F007FB85
:1004F000101143EA014300FB06F69E420AD91CEBA9
:10050000030300F1FF3180F0FC809E4240F2F9804D
:10051000634402389B1B40EA044000211DB1D340D4
:100520000022C5E90032BDE8F0878B4205D90DB144
:10053000C5E9000100210846F5E7B3FA83F1002977
:1005400046D1A34202D39042C0F0F080861A64EBF9
:1005500003030120002DE6D0C5E90063E3E7002A8C
:1005600040F09080A1EB0C044FEA1C481FFA8CF776
:100570000121B4FBF8F64FEA1E4308FB164443EA98
:10058000044307FB06F0984208D91CEB030306F16D
:10059000FF3402D2984200F2CD8026461C1A1FFA80
:1005A0008EF3B4FBF8F008FB104443EA044300FB6D
:1005B00007F79F4208D91CEB030300F1FF3402D276
:1005C0009F4200F2B0802046DB1B40EA0640A5E7D0
:1005D000C1F120068B4022FA06F71F4320FA06FCE1
:1005E00004FA01F343EA0C03F44000FA01F8380C72
:1005F0004FEA1349B4FBF0FE1FFA87FC00FB1E44D0
:1006000049EA04440EFB0CF9A14502FA01F20AD9A9
:100610003C190EF1FF3A80F08480A14540F28180C0
:10062000AEF1020E3C44A4EB09041FFA83F9B4FBBB
:10063000F0F300FB134449EA044403FB0CFCA4451B
:1006400007D93C1903F1FF3067D2A44565D9023BB5
:100650003C4443EA0E40A0FB0293A4EB0C049C42F2
:10066000CE469C4651D34ED055B1B8EB0E0364EB49
:100670000C0404FA06F6CB401E43CC40C5E90064E6
:10068000002150E7C2F1200320FA03F10CFA02FC2A
:1006900024FA03F394400C434FEA1C4800FA02FE8C
:1006A0001FFA8CF7B3FBF8F008FB1031230C43EA78
:1006B000014300FB07F1994208D91CEB030300F149
:1006C000FF362CD299422AD9023863445B1AA4B26D
:1006D000B3FBF8F108FB113344EA034401FB07F3D1
:1006E000A34208D91CEB040401F1FF3613D2A34244
:1006F00011D902396444E41A41EA004139E7044659
:10070000F0E6084606E7C845AED2B9EB020E63EB49
:10071000070C0138A8E73146EDE7034699E7304674
:10072000D4E7D6467FE7634402384DE706462346C2
:1007300008460FE7023E634430E700BF704700BF42
:1007400080B500AF094B1B780133DAB2074B1A7042
:10075000064B1B78142B07D9044B00221A704FF458
:100760000051034804F0CBF900BF80BDA40200246F
:100770000008025880B582B000AF0BF0EDFC0346D4
:100780007B6006481AF0F4F8FFF7DAFF3B1D0A21F8
:1007900018460BF00FFB00BFF6E700BFC0CA010808
:1007A00080B586B000AF3B1D184610F00DF80F4B1A
:1007B0007B600F4BBB600F4BFB600F4B3B613B1DE6
:1007C000184610F00FF8034683F00103DBB2002B4C
:1007D00006D0612109481AF063F84FF0FF3300E0BA
:1007E000002318461837BD4680BD00BFBDA70008CE
:1007F00001A8000839A80008A5A80008D4CA010863
:1008000080B588B004AF78600023FB607B680293FA
:10081000074B0193074B0093074B084A08490120F7
:1008200010F032FCF860FB6818461037BD4680BDFA
:10083000E1A5000885A5000865A5000839A5000800
:100840009404002480B500AF0A4B1B680133094AA9
:100850001360084B1B68642B08DD064B00221A60EE
:100860000121642010F028FC034600E00023184614
:1008700080BD00BFA003002480B584B000AF7860C5
:100880007B68FB60FB681B68BB60B96803481AF0B3
:1008900007F800BF1037BD4680BD00BFFCCA010885
:1008A000B0B5B4B002AF0023C7F8C4309F4C07F115
:1008B000880318460FF0B4FF254607F188040FCCD3
:1008C0000FC523682B600EF023F90346C7F8A43048
:1008D000964B07F1A4046D4603F10C0292E8030065
:1008E00085E803000ECB20460EF014F9C7F8C000CF
:1008F000D7F8C030002B0BD0D7F8C0209F218C48F0
:1009000019F0CEFF8B4B05221A6000200BF0DEF9A8
:10091000894B1B781A4607F1A403114618460EF0BE
:10092000F7F9C7F8BC00D7F8BC30002B0BD0D7F8CC
:10093000BC20A0217E4819F0B3FF7E4B05221A602F
:1009400000200BF0C3F907F1A40318460EF0E8F9F4
:10095000C7F8B80032200AF0FDF9774B1B7819462A
:10096000764819F09DFFD7F8B800FFF749FFFFF769
:1009700017FF4FF4FA700AF0EDF907F1A4036B4A80
:100980000092002200216E480DF00AFEC7F8C40054
:10099000D7F8C430002B03D06A4819F0E9FFE8E724
:1009A00000BF694819F0E4FF684C07F18803184656
:1009B0000EF0DEF9224607F1880393E8030082E88F
:1009C00003005F4B624A634960480DF0AFFEC7F811
:1009D000B400D7F8B430002B0BD0D7F8B420B22134
:1009E000534819F05DFF534B05221A6000200BF0AD
:1009F0006DF9594B1B680133574A136012F020FA06
:100A00000246564B514956480DF042FFC7F8B00018
:100A1000D7F8B030002B0BD0D7F8B020B72144481E
:100A200019F03EFF434B05221A6000200BF04EF9EF
:100A3000494B1B6819464B4819F032FF4A4C3B465C
:100A400018460DF0C1FA20463B46882219461AF096
:100A500028FA414B1B681A46344B394942480DF07D
:100A6000BFFAC7F8AC00D7F8AC30002B0BD0D7F8E2
:100A7000AC20C0212E4819F013FF2E4B05221A601E
:100A800000200BF023F900230093384B384A3449F7
:100A900035480DF021FBC7F8A800D7F8A830002B87
:100AA0000BD0D7F8A820C321214819F0F9FE214B1B
:100AB00005221A6000200BF009F901224FF4804151
:100AC0002C4804F003F80BF047FB0346C7F8A030AE
:100AD00010E0294A4FF0000323480DF027FDFFF7EF
:100AE000B1FE0346002B0AD107F1A0030A211846E4
:100AF0000BF060F90F4B1B68022BEADD00E000BF32
:100B000000224FF480411B4803F0E0FF1B4819F01E
:100B10002FFF1B4819F02CFF0A200BF0CBF900F037
:100B200060FF00BFC837BD46B0BD00BFB40200249F
:100B300008CB0108A8020024000000242CCB0108E7
:100B4000C802002440CB010858CB010888030024C8
:100B50009003002470CB01089C03002480CB010883
:100B6000AC02002494CB010800030024790800089B
:100B7000B00200240008025880969800A8CB010813
:100B8000B8CB010880B582B000AF114BD3F8D83094
:100B90000F4A43F00103C2F8D8300D4BD3F8D830D8
:100BA00003F001037B607B68002205210B2000F02D
:100BB000F0FE0B2000F007FF002205210C2000F0C2
:100BC000E8FE0C2000F0FFFE00BF0837BD4680BDE8
:100BD0000044025880B500AF084A002108480AF0D6
:100BE00027F80346074A1360074A002107480AF01E
:100BF0001FF80346064A136000BF80BD40CC0108C1
:100C0000150C0008A403002464CC01082B0C000878
:100C1000A803002480B582B000AF7860FFF7AAFD7A
:100C20004FF47A700AF096F8FAE780B582B000AF18
:100C3000786064200AF08EF8FFF732FE4FF47A7085
:100C40000AF088F8FAE7000080B58AB000AF07F133
:100C5000140300221A605A609A60DA601A612A4B03
:100C6000D3F8E030284A43F00403C2F8E030264BC2
:100C7000D3F8E03003F004033B613B69224BD3F827
:100C8000E030214A43F08003C2F8E0301E4BD3F835
:100C9000E03003F08003FB60FB681B4BD3F8E030CF
:100CA000194A43F01003C2F8E030174BD3F8E03094
:100CB00003F01003BB60BB68134BD3F8E030124A5B
:100CC00043F00103C2F8E0300F4BD3F8E03003F0FB
:100CD00001037B607B6800224FF4C0410B4803F0A6
:100CE000F5FE4FF4C0437B610123BB610023FB6130
:100CF00000233B6207F114031946044803F036FD54
:100D000000BF2837BD4680BD004402580008025885
:100D100080B500AF00F0D6F800F004FD00F010F848
:100D2000FFF792FFFFF72EFF00F05CFB00F00EFBD9
:100D300009F034FFFFF74EFF09F054FF00BFFDE755
:100D400080B59EB000AF07F12C034C22002118465D
:100D500019F084FF07F10C0320220021184619F036
:100D60007DFF022003F0E6FE0023BB60484BDB6AF8
:100D7000474A23F00103D362454BDB6A03F00103CA
:100D8000BB60444B9B69434A43F440439361414BEE
:100D90009B6903F44043BB60BB6800BF3D4B9B694C
:100DA00003F40053B3F5005FF8D13B4BD3F8F430B4
:100DB000394A43F00203C2F8F430374BD3F8F43029
:100DC00003F002037B607B6800233B60314B9B692F
:100DD000304A43F4404393612E4B9B6903F44043F4
:100DE0003B602B4BDB6A2A4A43F00103D362284B5A
:100DF000DB6A03F001033B603B6800BF254B9B6946
:100E000003F40053B3F5005FF8D10123FB624FF404
:100E100080333B6302233B6502237B650523BB656F
:100E2000C023FB6502233B6608237B660223BB6667
:100E30000823FB6600233B6700237B6707F12C0335
:100E4000184603F0B1FE0346002B01D000F078F8FD
:100E50003F23FB6003233B6100237B610823BB61CD
:100E60004023FB6140233B624FF480637B6240235D
:100E7000BB6207F10C030421184604F0EFFA0346A5
:100E8000002B01D000F05CF800BF7837BD4680BD74
:100E900000040058004802580044025880B584B04D
:100EA00000AFF860B9607A607B689AB2FF23B968D6
:100EB000034806F0EBFF7B6818461037BD4680BD3F
:100EC0000004002480B584B000AF3B4600221A60C5
:100ED0005A609A60DA6000F089FD01233B700023BC
:100EE0007B7000237B601F233B7287237B72002370
:100EF000BB720023FB7201233B7301237B7300232E
:100F0000BB730023FB733B46184600F0A7FD04208B
:100F100000F084FD00BF1037BD4680BD80B582B0B3
:100F200000AF78607B681B68044A934201D100F0EF
:100F300035FC00BF0837BD4680BD00BF001400402F
:100F400080B400AF72B600BF00BFFDE780B582B0CD
:100F500000AF0C4BD3F8F4300A4A43F00203C2F856
:100F6000F430084BD3F8F43003F002037B607B6865
:100F700000220F216FF0010000F00BFD00BF0837C9
:100F8000BD4680BD0044025880B590B000AF786087
:100F90007B680F2B27D800227968372000F0F9FCF6
:100FA000372000F010FD294A7B681360284BD3F8E6
:100FB000E830274A43F02003C2F8E830244BD3F846
:100FC000E83003F02003FB60FB6807F1100207F133
:100FD00014031146184604F0CDFDBB6ABB63BB6B1E
:100FE000002B06D101E001232BE004F097FDF8630C
:100FF00004E004F093FD03465B00FB63FB6B154AC2
:10100000A2FB03239B0C013B7B63134B134A1A6027
:10101000114B40F2E732DA600F4A7B6B53600E4BA4
:1010200000221A610C4B00229A600B4806F010FC5B
:101030000346002B04D1084806F06CFC034600E090
:10104000012318464037BD4680BD00BF1000002474
:101050000044025883DE1B43AC030024001400400C
:1010600080B400AF00BFFDE780B400AF00BFFDE774
:1010700080B400AF00BFFDE780B400AF00BFFDE764
:1010800080B400AF00BFFDE780B400AF00BFBD4635
:101090005DF8047B7047000080B500AF024802F0A5
:1010A00047F800BF80BD00BF2805002480B500AF11
:1010B000024802F03DF800BF80BD00BFA00500243B
:1010C00080B500AF024807F0D1F800BF80BD00BF77
:1010D0009404002480B500AF024806F093FC00BFE2
:1010E00080BD00BFAC03002480B400AF01231846CC
:1010F000BD465DF8047B704780B582B000AF786074
:10110000396019F099FE034616221A604FF0FF333A
:1011100018460837BD4680BD80B582B000AF786004
:101120004FF0FF317868FFF7E7FF00BFFDE780B5BC
:1011300086B000AFF860B9607A6000237B610AE096
:10114000AFF300800146BB685A1CBA60CAB21A707D
:101150007B6901337B617A697B689A42F0DB7B684B
:1011600018461837BD4680BD80B483B000AF7860A4
:101170004FF0FF3318460C37BD465DF8047B7047CF
:1011800080B483B000AF786039603B684FF40052A0
:101190005A60002318460C37BD465DF8047B704743
:1011A00080B483B000AF7860012318460C37BD4689
:1011B0005DF8047B704780B485B000AFF860B9601B
:1011C0007A60002318461437BD465DF8047B7047EB
:1011D00080B586B000AF7860144A154BD31A7B6196
:1011E0007B693B61134B1B68002B02D1114B124AE8
:1011F0001A60104B1A687B6813443A699A4207D206
:1012000019F01AFE03460C221A604FF0FF3309E072
:10121000084B1B68FB60074B1A687B681344054A40
:101220001360FB6818461837BD4680BD00000824CF
:1012300000040000FC030024C0FC012480B400AFC3
:10124000374BD3F88830364A43F47003C2F88830FD
:10125000344B1B6803F00F03062B07D8314B1B6878
:1012600023F00F032F4A43F0070313602E4B1B6834
:101270002D4A43F0010313602B4B00221A612A4BC5
:101280001A682949294B13400B60264B1B6803F051
:101290000803002B07D0234B1B6823F00F03214AC0
:1012A00043F007031360204B00229A611E4B00227B
:1012B000DA611D4B00221A621B4B1D4A9A621A4BBF
:1012C0001C4ADA62184B1C4A1A63174B00225A63F5
:1012D000154B194A9A63144B0022DA63124B164AD3
:1012E0001A64114B00225A640F4B1B680E4A23F4F8
:1012F000802313600C4B00221A66104B1A68104BA7
:101300001340B3F1005F02D20E4B01221A600E4B64
:1013100043F2D2021A6000BFBD465DF8047B7047FD
:1013200000ED00E000200052004402587FEDF6EA94
:10133000000202020000FF01800201010010005CB7
:101340000000FFFF088100510040005280B500AF4F
:10135000224B234A1A60214B4FF4E1325A601F4B53
:1013600000229A601D4B0022DA601C4B00221A6199
:101370001A4B0C225A61194B00229A61174B00221A
:10138000DA61164B00221A62144B00225A62134B88
:1013900000229A62114806F029FD0346002B01D075
:1013A000FFF7CEFD00210D4808F0ACFD0346002BF1
:1013B00001D0FFF7C5FD0021084808F0E1FD034614
:1013C000002B01D0FFF7BCFD044808F062FD034686
:1013D000002B01D0FFF7B4FD00BF80BD0004002446
:1013E0000078004080B500AF224B234A1A60214BA1
:1013F000224A5A601F4B00229A601E4B0022DA607C
:101400001C4B00221A611B4B0C225A61194B002203
:101410009A61184B0022DA61164B00221A62154BB2
:1014200000225A62134B00229A62124806F0DEFC38
:101430000346002B01D0FFF783FD00210D4808F083
:1014400061FD0346002B01D0FFF77AFD002109481A
:1014500008F096FD0346002B01D0FFF771FD05480B
:1014600008F017FD0346002B01D0FFF769FD00BF10
:1014700080BD00BF940400240010014080841E0041
:1014800080B5BCB000AF786007F1DC0300221A60C1
:101490005A609A60DA601A6107F11803C0220021CD
:1014A000184619F0DBFB7B681B68804A934247D1E2
:1014B0004FF002024FF00003C7E906230023C7F8EC
:1014C000903007F11803184604F096FB0346002BF2
:1014D00001D0FFF735FD764BD3F8E830744A43F07E
:1014E0008043C2F8E830724BD3F8E83003F0804311
:1014F0007B617B696E4BD3F8E0306D4A43F010039B
:10150000C2F8E0306A4BD3F8E03003F010033B61DF
:101510003B694FF4C073C7F8DC300223C7F8E030F2
:101520000023C7F8E4300023C7F8E8300723C7F8E2
:10153000EC3007F1DC0319465E4803F017F9B0E020
:101540007B681B685C4A934240F0AB804FF001021D
:101550004FF00003C7E906230023C7F8943007F1D2
:101560001803184604F048FB0346002B01D0FFF790
:10157000E7FC4F4BD3F8F0304D4A43F01003C2F86C
:10158000F0304B4BD3F8F03003F01003FB60FB68F6
:10159000474BD3F8E030464A43F00103C2F8E0304D
:1015A000434BD3F8E03003F00103BB60BB684FF45A
:1015B000C063C7F8DC300223C7F8E0300023C7F867
:1015C000E4300023C7F8E8300723C7F8EC3007F110
:1015D000DC031946394803F0C9F8394B394A1A6017
:1015E000374B29225A60364B00229A60344B002236
:1015F000DA60334B4FF480621A61314B00225A613A
:101600002F4B00229A612E4B4FF48072DA612C4BE3
:1016100000221A622A4B00225A62294800F05EFA20
:101620000346002B01D0FFF78BFC7B68244AC3F8EC
:101630008020234A7B689363234B244A1A60224B01
:101640002A225A60204B40229A601F4B0022DA6007
:101650001D4B4FF480621A611B4B00225A611A4BDA
:1016600000229A61184B0022DA61174B00221A629D
:10167000154B00225A62144800F030FA0346002B42
:1016800001D0FFF75DFC7B680F4ADA670E4A7B6882
:10169000936300220521252000F07BF9252000F02E
:1016A00092F900BFF037BD4680BD00BF0078004012
:1016B0000044025800100258001001400000025877
:1016C0002805002410000240A00500242800024044
:1016D000DFF834D0FFF7B2FD0C480D490D4A002366
:1016E00002E0D458C4500433C4188C42F9D30A4AD7
:1016F0000A4C002301E013600432A242FBD319F02C
:10170000A1FBFFF705FB7047000008240000002440
:101710008402002430DB010888020024BCFC012480
:10172000FEE7000080B582B000AF032000F026F98C
:1017300004F04AF80246154B9B691B0A03F00F039D
:101740001349CB5C03F01F0322FA03F37B600F4BBA
:101750009B6903F00F030E4AD35C03F01F037A6802
:1017600022FA03F30B4A13600B4A7B6813600F20C5
:10177000FFF70AFC0346002B01D0012302E0FFF72C
:10178000E5FB002318460837BD4680BD00440258DB
:1017900088CC01080C0000240800002480B400AFAD
:1017A000064B1B781A46064B1B681344044A136009
:1017B00000BFBD465DF8047B704700BF14000024E5
:1017C0001806002480B400AF034B1B681846BD46C2
:1017D0005DF8047B704700BF1806002480B400AF9A
:1017E000034B1B681B0C1846BD465DF8047B704715
:1017F0000010005C80B485B000AF78607B6803F0B7
:101800000703FB600B4BDB68BB60BA684FF6FF0356
:101810001340BB60FB681A02BB681A43064B1343B4
:10182000BB60044ABB68D36000BF1437BD465DF897
:10183000047B704700ED00E00000FA0580B400AFC3
:10184000044BDB681B0A03F007031846BD465DF82E
:10185000047B704700ED00E080B483B000AF034626
:10186000FB80B7F90630002B0BDBFB8803F01F026F
:101870000749B7F906305B09012000FA02F241F886
:10188000232000BF0C37BD465DF8047B704700BFC6
:1018900000E100E080B483B000AF03463960FB8014
:1018A000B7F90630002B0ADB3B68DAB20C49B7F90E
:1018B00006301201D2B20B4483F800230AE03B68E1
:1018C000DAB20849FB8803F00F03043B1201D2B2DD
:1018D0000B441A7600BF0C37BD465DF8047B704799
:1018E00000E100E000ED00E080B489B000AFF860F6
:1018F000B9607A60FB6803F00703FB61FB69C3F121
:101900000703042B28BF0423BB61FB690433062BA8
:1019100002D9FB69033B00E000237B614FF0FF32FB
:10192000BB6902FA03F3DA43BB681A407B699A4049
:101930004FF0FF317B6901FA03F3D9437B680B4019
:10194000134318462437BD465DF8047B70470000FA
:1019500080B400AFBFF34F8F00BF064BDB6803F4CA
:10196000E0620449044B1343CB60BFF34F8F00BFC9
:1019700000BFFDE700ED00E00400FA0580B582B08D
:1019800000AF78607868FFF735FF00BF0837BD46C5
:1019900080BD80B586B000AF0346B9607A60FB8138
:1019A000FFF74CFF78617A68B9687869FFF79CFFA8
:1019B0000246B7F90E3011461846FFF76BFF00BF1D
:1019C0001837BD4680BD80B582B000AF0346FB80AE
:1019D000B7F906301846FFF73FFF00BF0837BD468E
:1019E00080BD80B500AFFFF7B3FF000080B400AF4B
:1019F000BFF35F8F00BF074B5B6A064A23F4803357
:101A00005362054B00225A6000BFBD465DF8047B5F
:101A1000704700BF00ED00E090ED00E080B483B0BF
:101A200000AF78600B4A7B6843F0010353600A4BB8
:101A30005B6A094A43F480335362BFF34F8F00BFA0
:101A4000BFF36F8F00BF00BF0C37BD465DF8047B4E
:101A5000704700BF90ED00E000ED00E080B483B07F
:101A600000AF78607B685A781B4B9A601A4B1B69F1
:101A7000194A23F001031361174A7B685B68D3603E
:101A80007B681B7B1A077B68DB7A1B061A437B6823
:101A90009B7ADB041A437B685B7B9B041A437B685D
:101AA0009B7B5B041A437B68DB7B1B041A437B68CC
:101AB0005B7A1B021A437B681B7A5B0013437A68CC
:101AC00012781146044A0B43136100BF0C37BD4620
:101AD0005DF8047B704700BF90ED00E080B586B0F4
:101AE00000AF7860FFF76EFE38617B68002B01D194
:101AF000012316E37B681B68664A93424AD07B68E1
:101B00001B68654A934245D07B681B68634A9342D1
:101B100040D07B681B68624A93423BD07B681B685D
:101B2000604A934236D07B681B685F4A934231D04B
:101B30007B681B685D4A93422CD07B681B685C4ABB
:101B4000934227D07B681B685A4A934222D07B6815
:101B50001B68594A93421DD07B681B68574A9342C1
:101B600018D07B681B68564A934213D07B681B6869
:101B7000544A93420ED07B681B68534A934209D063
:101B80007B681B68514A934204D07B681B68504AAB
:101B9000934201D1012300E00023002B00F03B81A0
:101BA0007B68022283F835207B68002283F834208A
:101BB0007B681B68374A93424AD07B681B68364A69
:101BC000934245D07B681B68344A934240D07B687F
:101BD0001B68334A93423BD07B681B68314A93426F
:101BE00036D07B681B68304A934231D07B681B68D3
:101BF0002E4A93422CD07B681B682D4A934227D0F3
:101C00007B681B682B4A934222D07B681B682A4A58
:101C100093421DD07B681B68284A934218D07B688A
:101C20001B68274A934213D07B681B68254A93425E
:101C30000ED07B681B68244A934209D07B681B68DE
:101C4000224A934204D07B681B68214A934208D100
:101C50007B681B681A687B681B6822F001021A60A7
:101C600007E07B681B681A687B681B6822F001022A
:101C70001A602FE0FFF7A6FD02463B69D31A052B39
:101C800028D97B6820225A657B68032283F8352097
:101C9000012346E2100002402800024040000240BA
:101CA000580002407000024088000240A00002403C
:101CB000B8000240100402402804024040040240E0
:101CC000580402407004024088040240A00402400C
:101CD000B80402407B681B681B6803F00103002BFB
:101CE000C8D17B681B681B687B617A69834B134092
:101CF0007B617B689A687B68DB681A437B681B6939
:101D00001A437B685B691A437B689B691A437B684B
:101D1000DB691A437B681B6A13437A6913437B614F
:101D20007B685B6A042B07D17B68DA6A7B681B6B74
:101D300013437A6913437B61714B1A68714B1340EB
:101D4000B3F1005F28D37B685B68282B03D97B68DD
:101D50005B682E2B17D97B685B683E2B03D97B68A9
:101D60005B68422B0FD97B685B68462B03D97B6885
:101D70005B68482B07D97B685B684E2B05D97B686D
:101D80005B68522B01D8012300E00023002B03D015
:101D90007B6943F480137B617B681B687A691A60F6
:101DA0007B681B685B697B617B6923F007037B6150
:101DB0007B685B6A7A6913437B617B685B6A042B8F
:101DC00017D17B689B6A7A6913437B617B68DB6A06
:101DD000002B0ED0786802F03FFB0346002B08D0A2
:101DE0007B6840225A657B68012283F835200123F5
:101DF00097E17B681B687A695A61786802F07AFA21
:101E00000346BB607B68DB6D03F01F033F229A40F3
:101E1000BB689A60CDE07B681B683B4A934222D046
:101E20007B681B68394A93421DD07B681B68384A1F
:101E3000934218D07B681B68364A934213D07B6864
:101E40001B68354A93420ED07B681B68334A934225
:101E500009D07B681B68324A934204D07B681B68B8
:101E6000304A934201D1012300E00023002B00F00F
:101E700097807B681B68244A934221D07B681B684B
:101E8000224A93421CD07B681B68214A934217D098
:101E90007B681B681F4A934212D07B681B681E4AEE
:101EA00093420DD07B681B681C4A934208D07B6824
:101EB0001B681B4A934203D07B681B68194A9342F4
:101EC0007B68022283F835207B68002283F8342067
:101ED0007B681B681B687B617A69134B13407B61CD
:101EE0007B689B68402B21D07B689B68802B02D14C
:101EF0004FF480431BE0002319E000BF3F8010FE39
:101F00000010005C0000FFFF085402581C540258E7
:101F10003054025844540258585402586C540258D1
:101F200080540258945402580F00FEFF10237A6820
:101F3000D268D2081A437B681B69DB081A437B68A6
:101F40005B69DB081A437B689B69DB081A437B6883
:101F5000DB69DB081A437B681B6A1B0913437A6938
:101F600013437B617B681B687A691A607B681B6816
:101F70001A466E4B13446E4AA2FB03231B099A00B8
:101F80007B68DA65786802F0B5F90346FB607B6828
:101F9000DB6D03F01F0301229A40FB685A6008E0E2
:101FA0007B6840225A657B68032283F83520012331
:101FB000B7E07B681B685F4A934272D07B681B68FE
:101FC0005D4A93426DD07B681B685C4A934268D03F
:101FD0007B681B685A4A934263D07B681B68594AE6
:101FE00093425ED07B681B68574A934259D07B6806
:101FF0001B68564A934254D07B681B68544A9342EC
:102000004FD07B681B68534A93424AD07B681B6859
:10201000514A934245D07B681B68504A934240D056
:102020007B681B684E4A93423BD07B681B684D4AD5
:10203000934236D07B681B684B4A934231D07B6811
:102040001B684A4A93422CD07B681B68484A9342DB
:1020500027D07B681B68474A934222D07B681B6865
:10206000454A93421DD07B681B68444A934218D06E
:102070007B681B68424A934213D07B681B68414AC5
:1020800093420ED07B681B683F4A934209D07B681D
:102090001B683E4A934204D07B681B683C4A9342CB
:1020A00001D1012300E00023002B32D0786802F038
:1020B0004FFA7B689B68802B02D17B6800225A60B4
:1020C0007B685A687B681B6ED2B21A607B685B6E55
:1020D0007A68926E5A607B685B68002B10D07B68D0
:1020E0005B68082B0CD8786802F0CCFA7B68DB6E52
:1020F00000221A607B681B6F7A68526F5A6008E092
:102100007B680022DA667B6800221A677B680022FF
:102110005A677B6800225A657B68012283F8352064
:10212000002318461837BD4680BD00BFF8ABFDA799
:10213000CDCCCCCC10000240280002404000024030
:10214000580002407000024088000240A000024097
:10215000B80002401004024028040240400402403B
:10216000580402407004024088040240A004024067
:10217000B8040240085402581C5402583054025803
:1021800044540258585402586C540258805402580F
:102190009454025880B586B000AFF860B9607A6098
:1021A0003B600023FB75FB68002B01D1012326E275
:1021B000FB6893F83430012B01D102231FE2FB6846
:1021C000012283F83420FB6893F83530DBB2012B11
:1021D00040F00A82FB68022283F83520FB68002267
:1021E0005A65FB681B68684A93424AD0FB681B68C3
:1021F000664A934245D0FB681B68654A934240D0CB
:10220000FB681B68634A93423BD0FB681B68624AC9
:10221000934236D0FB681B68604A934231D0FB681A
:102220001B685F4A93422CD0FB681B685D4A93424F
:1022300027D0FB681B685C4A934222D0FB681B686E
:102240005A4A93421DD0FB681B68594A934218D0E2
:10225000FB681B68574A934213D0FB681B68564AB9
:1022600093420ED0FB681B68544A934209D0FB6826
:102270001B68534A934204D0FB681B68514A93423F
:1022800008D1FB681B681A68FB681B6822F0010212
:102290001A6007E0FB681B681A68FB681B6822F07D
:1022A00001021A603B687A68B968F86801F076FE46
:1022B000FB681B68344A93424AD0FB681B68334A68
:1022C000934245D0FB681B68314A934240D0FB687B
:1022D0001B68304A93423BD0FB681B682E4A9342EE
:1022E00036D0FB681B682D4A934231D0FB681B68CF
:1022F0002B4A93422CD0FB681B682A4A934227D072
:10230000FB681B68284A934222D0FB681B68274A57
:1023100093421DD0FB681B68254A934218D0FB6886
:102320001B68244A934213D0FB681B68224A9342DD
:102330000ED0FB681B68214A934209D0FB681B68DA
:102340001F4A934204D0FB681B681E4A934201D186
:10235000012300E00023002B36D0FB681B681B68BC
:1023600023F01E02FB681B6842F016021A60FB682D
:102370001B6C002B3ED0FB681B681A68FB681B684F
:1023800042F008021A6035E01000024028000240C6
:1023900040000240580002407000024088000240A5
:1023A000A0000240B800024010040240280402408D
:1023B0004004024058040240700402408804024075
:1023C000A0040240B8040240FB681B681B6823F0AD
:1023D0000E02FB681B6842F00A021A60FB681B6C65
:1023E000002B07D0FB681B681A68FB681B6842F06B
:1023F00004021A60FB681B68834A934272D0FB6830
:102400001B68824A93426DD0FB681B68804A9342E6
:1024100068D0FB681B687F4A934263D0FB681B68E7
:102420007D4A93425ED0FB681B687C4A934259D038
:10243000FB681B687A4A934254D0FB681B68794A50
:1024400093424FD0FB681B68774A93424AD0FB689F
:102450001B68764A934245D0FB681B68744A9342D6
:1024600040D0FB681B68734A93423BD0FB681B68F3
:10247000714A934236D0FB681B68704A934231D050
:10248000FB681B686E4A93422CD0FB681B686D4A40
:10249000934227D0FB681B686B4A934222D0FB68AB
:1024A0001B686A4A93421DD0FB681B68684A9342C6
:1024B00018D0FB681B68674A934213D0FB681B68FF
:1024C000654A93420ED0FB681B68644A934209D068
:1024D000FB681B68624A934204D0FB681B68614A30
:1024E000934201D1012300E00023002B1AD0FB68A6
:1024F0001B6E1B6803F48033002B07D0FB681B6E38
:102500001A68FB681B6E42F480721A60FB68DB6E0F
:10251000002B07D0FB68DB6E1A68FB68DB6E42F4A9
:1025200080721A60FB681B68374A93424AD0FB6886
:102530001B68364A934245D0FB681B68344A934275
:1025400040D0FB681B68334A93423BD0FB681B6852
:10255000314A934236D0FB681B68304A934231D0EF
:10256000FB681B682E4A93422CD0FB681B682D4ADF
:10257000934227D0FB681B682B4A934222D0FB680A
:102580001B682A4A93421DD0FB681B68284A934265
:1025900018D0FB681B68274A934213D0FB681B685E
:1025A000254A93420ED0FB681B68244A934209D007
:1025B000FB681B68224A934204D0FB681B68214ACF
:1025C000934208D1FB681B681A68FB681B6842F0DD
:1025D00001021A6012E0FB681B681A68FB681B683E
:1025E00042F001021A6009E0FB684FF400625A658C
:1025F000FB68002283F834200123FB75FB7D18461D
:102600001837BD4680BD00BF1000024028000240C0
:102610004000024058000240700002408800024022
:10262000A0000240B800024010040240280402400A
:1026300040040240580402407004024088040240F2
:10264000A0040240B8040240085402581C54025826
:102650003054025844540258585402586C5402588A
:10266000805402589454025880B586B000AF786008
:10267000FFF7A8F838617B68002B01D10123DCE269
:102680007B6893F83530DBB2022B08D07B68802260
:102690005A657B68002283F834200123CDE27B68F1
:1026A0001B68764A93424AD07B681B68744A9342FF
:1026B00045D07B681B68734A934240D07B681B6897
:1026C000714A93423BD07B681B68704A934236D074
:1026D0007B681B686E4A934231D07B681B686D4AE9
:1026E00093422CD07B681B686B4A934227D07B684F
:1026F0001B686A4A934222D07B681B68684A9342EF
:102700001DD07B681B68674A934218D07B681B68A2
:10271000654A934213D07B681B68644A93420ED08B
:102720007B681B68624A934209D07B681B68614AD8
:10273000934204D07B681B685F4A934201D1012316
:1027400000E00023002B13D07B681B681A687B68AD
:102750001B6822F01E021A607B681B685A697B683E
:102760001B6822F080025A617B681B687B610AE06B
:102770007B681B681A687B681B6822F00E021A606F
:102780007B681B687B617B681B683C4A934272D004
:102790007B681B683A4A93426DD07B681B68394A54
:1027A000934268D07B681B68374A934263D07B684A
:1027B0001B68364A93425ED07B681B68344A93425A
:1027C00059D07B681B68334A934254D07B681B689E
:1027D000314A93424FD07B681B68304A93424AD0BB
:1027E0007B681B682E4A934245D07B681B682D4A44
:1027F000934240D07B681B682B4A93423BD07B6856
:102800001B682A4A934236D07B681B68284A934249
:1028100031D07B681B68274A93422CD07B681B68A9
:10282000254A934227D07B681B68244A934222D0D2
:102830007B681B68224A93421DD07B681B68214A33
:10284000934218D07B681B681F4A934213D07B6861
:102850001B681E4A93420ED07B681B681C4A934239
:1028600009D07B681B681B4A934204D07B681B68B5
:10287000194A934232D1012331E000BF10000240D7
:102880002800024040000240580002407000024010
:1028900088000240A0000240B8000240100402403C
:1028A00028040240400402405804024070040240E0
:1028B00088040240A0040240B804024008540258B0
:1028C0001C54025830540258445402585854025868
:1028D0006C54025880540258945402580023002B20
:1028E00007D07B681B6E1A687B681B6E22F48072AF
:1028F0001A607B681B686D4A93424AD07B681B68EC
:102900006B4A934245D07B681B686A4A934240D029
:102910007B681B68684A93423BD07B681B68674AA8
:10292000934236D07B681B68654A934231D07B68FE
:102930001B68644A93422CD07B681B68624A9342AE
:1029400027D07B681B68614A934222D07B681B6852
:102950005F4A93421DD07B681B685E4A934218D041
:102960007B681B685C4A934213D07B681B685B4A98
:1029700093420ED07B681B68594A934209D07B680A
:102980001B68584A934204D07B681B68564A93429E
:1029900008D17B681B681A687B681B6822F00102FB
:1029A0001A6007E07B681B681A687B681B6822F066
:1029B00001021A6013E0FEF705FF02463B69D31AD5
:1029C000052B0CD97B6820225A657B68032283F88B
:1029D00035207B68002283F8342001232DE17B69B8
:1029E0001B6803F00103002BE5D17B681B682F4AAD
:1029F00093424AD07B681B682D4A934245D07B683E
:102A00001B682C4A934240D07B681B682A4A934239
:102A10003BD07B681B68294A934236D07B681B6891
:102A2000274A934231D07B681B68264A93422CD0B8
:102A30007B681B68244A934227D07B681B68234A23
:102A4000934222D07B681B68214A93421DD07B6849
:102A50001B68204A934218D07B681B681E4A934229
:102A600013D07B681B681D4A93420ED07B681B689D
:102A70001B4A934209D07B681B681A4A934204D0D0
:102A80007B681B68184A934201D1012300E00023B0
:102A9000002B2BD07B689B6DBB607B68DB6D03F0EC
:102AA0001F033F229A40BB689A602AE01000024050
:102AB00028000240400002405800024070000240DE
:102AC00088000240A0000240B8000240100402400A
:102AD00028040240400402405804024070040240AE
:102AE00088040240A0040240B80402407B689B6D49
:102AF000FB607B68DB6D03F01F0301229A40FB68DB
:102B00005A607B681B684F4A934272D07B681B688F
:102B10004D4A93426DD07B681B684C4A934268D003
:102B20007B681B684A4A934263D07B681B68494AAA
:102B300093425ED07B681B68474A934259D07B68BA
:102B40001B68464A934254D07B681B68444A9342B0
:102B50004FD07B681B68434A93424AD07B681B680E
:102B6000414A934245D07B681B68404A934240D01B
:102B70007B681B683E4A93423BD07B681B683D4A9A
:102B8000934236D07B681B683B4A934231D07B68C6
:102B90001B683A4A93422CD07B681B68384A9342A0
:102BA00027D07B681B68374A934222D07B681B681A
:102BB000354A93421DD07B681B68344A934218D033
:102BC0007B681B68324A934213D07B681B68314A8A
:102BD00093420ED07B681B682F4A934209D07B68D2
:102BE0001B682E4A934204D07B681B682C4A934290
:102BF00001D1012300E00023002B15D07B685B6E20
:102C00007A68926E5A607B68DB6E002B0CD07B6812
:102C1000DB6E1A687B68DB6E22F480721A607B6858
:102C20001B6F7A68526F5A607B68012283F83520E7
:102C30007B68002283F83420002318461837BD46ED
:102C400080BD00BF1000024028000240400002404A
:102C5000580002407000024088000240A00002407C
:102C6000B800024010040240280402404004024020
:102C7000580402407004024088040240A00402404C
:102C8000B8040240085402581C54025830540258E8
:102C900044540258585402586C54025880540258F4
:102CA0009454025880B584B000AF78607B68002BE4
:102CB00001D1012337E27B6893F83530DBB2022B78
:102CC00004D07B6880225A6501232CE27B681B6854
:102CD0005C4A93424AD07B681B685B4A934245D06A
:102CE0007B681B68594A934240D07B681B68584AEE
:102CF00093423BD07B681B68564A934236D07B6830
:102D00001B68554A934231D07B681B68534A9342F3
:102D10002CD07B681B68524A934227D07B681B6883
:102D2000504A934222D07B681B684F4A93421DD081
:102D30007B681B684D4A934218D07B681B684C4ADD
:102D4000934213D07B681B684A4A93420ED07B683B
:102D50001B68494A934209D07B681B68474A9342E3
:102D600004D07B681B68464A934201D1012300E0EE
:102D70000023002B00F086807B68042283F8352036
:102D80007B681B682F4A93424AD07B681B682E4A97
:102D9000934245D07B681B682C4A934240D07B68A5
:102DA0001B682B4A93423BD07B681B68294A93429D
:102DB00036D07B681B68284A934231D07B681B68F9
:102DC000264A93422CD07B681B68254A934227D021
:102DD0007B681B68234A934222D07B681B68224A87
:102DE00093421DD07B681B68204A934218D07B68B1
:102DF0001B681F4A934213D07B681B681D4A93428D
:102E00000ED07B681B681C4A934209D07B681B6804
:102E10001A4A934204D07B681B68194A934208D12E
:102E20007B681B681A687B681B6822F001021A60C5
:102E300078E17B681B681A687B681B6822F00102D6
:102E40001A606FE11000024028000240400002407A
:102E5000580002407000024088000240A00002407A
:102E6000B80002401004024028040240400402401E
:102E7000580402407004024088040240A00402404A
:102E8000B80402407B681B681A687B681B6822F0E4
:102E90000E021A607B681B686C4A93424AD07B68BA
:102EA0001B686B4A934245D07B681B68694A934212
:102EB00040D07B681B68684A93423BD07B681B68A4
:102EC000664A934236D07B681B68654A934231D08C
:102ED0007B681B68634A93422CD07B681B68624AFC
:102EE000934227D07B681B68604A934222D07B685C
:102EF0001B685F4A93421DD07B681B685D4A934202
:102F000018D07B681B685C4A934213D07B681B68AF
:102F10005A4A93420ED07B681B68594A934209D0A3
:102F20007B681B68574A934204D07B681B68564AEB
:102F3000934208D17B681B681A687B681B6822F083
:102F400001021A6007E07B681B681A687B681B68CF
:102F500022F001021A607B681B683C4A934272D0DF
:102F60007B681B683A4A93426DD07B681B68394A7C
:102F7000934268D07B681B68374A934263D07B6872
:102F80001B68364A93425ED07B681B68344A934282
:102F900059D07B681B68334A934254D07B681B68C6
:102FA000314A93424FD07B681B68304A93424AD0E3
:102FB0007B681B682E4A934245D07B681B682D4A6C
:102FC000934240D07B681B682B4A93423BD07B687E
:102FD0001B682A4A934236D07B681B68284A934272
:102FE00031D07B681B68274A93422CD07B681B68D2
:102FF000254A934227D07B681B68244A934222D0FB
:103000007B681B68224A93421DD07B681B68214A5B
:10301000934218D07B681B681F4A934213D07B6889
:103020001B681E4A93420ED07B681B681C4A934261
:1030300009D07B681B681B4A934204D07B681B68DD
:10304000194A934232D1012331E000BF10000240FF
:103050002800024040000240580002407000024038
:1030600088000240A0000240B80002401004024064
:103070002804024040040240580402407004024008
:1030800088040240A0040240B804024008540258D8
:103090001C54025830540258445402585854025890
:1030A0006C54025880540258945402580023002B48
:1030B00028D07B681B6E1A687B681B6E22F48072B6
:1030C0001A607B689B6DFB607B68DB6D03F01F0300
:1030D00001229A40FB685A607B685B6E7A68926E48
:1030E0005A607B68DB6E002B0CD07B68DB6E1A6845
:1030F0007B68DB6E22F480721A607B681B6F7A68D3
:10310000526F5A607B68012283F835207B68002269
:1031100083F834207B681B6D002B03D07B681B6D0C
:1031200078689847002318461037BD4680BD00BF19
:1031300080B58AB000AF78600023FB60674B1B68E6
:10314000674AA2FB03239B0A7B627B689B6D3B6201
:103150007B689B6DFB613B6A1B68BB61FB691B68FD
:103160007B617B681B685F4A93424AD07B681B681F
:103170005D4A934245D07B681B685C4A934240D0CD
:103180007B681B685A4A93423BD07B681B68594A4C
:10319000934236D07B681B68574A934231D07B6894
:1031A0001B68564A93422CD07B681B68544A934252
:1031B00027D07B681B68534A934222D07B681B68E8
:1031C000514A93421DD07B681B68504A934218D0E5
:1031D0007B681B684E4A934213D07B681B684D4A3C
:1031E00093420ED07B681B684B4A934209D07B68A0
:1031F0001B684A4A934204D07B681B68484A934242
:1032000001D1012300E00023002B00F02B847B6818
:10321000DB6D03F01F0308229A40BB691340002BAB
:1032200000F0A2807B681B682E4A93424AD07B68DC
:103230001B682D4A934245D07B681B682B4A9342FA
:1032400040D07B681B682A4A93423BD07B681B684E
:10325000284A934236D07B681B68274A934231D074
:103260007B681B68254A93422CD07B681B68244AE4
:10327000934227D07B681B68224A934222D07B6806
:103280001B68214A93421DD07B681B681F4A9342EA
:1032900018D07B681B681E4A934213D07B681B685A
:1032A0001C4A93420ED07B681B681B4A934209D08C
:1032B0007B681B68194A934204D07B681B68184AD4
:1032C00093422FD17B681B681B6803F00403002B1B
:1032D00014BF01230023DBB22EE000BF080000244E
:1032E000B5814E1B10000240280002404000024001
:1032F000580002407000024088000240A0000240D6
:10330000B800024010040240280402404004024079
:10331000580402407004024088040240A0040240A5
:10332000B80402407B681B681B6803F00803002B8D
:1033300014BF01230023DBB2002B15D07B681B6870
:103340001A687B681B6822F004021A607B68DB6DD8
:1033500003F01F0308229A403B6A9A607B685B6D0A
:1033600043F001027B685A657B68DB6D03F01F0345
:10337000BA6922FA03F303F00103002B6ED07B68D5
:103380001B68694A93424AD07B681B68674A93422C
:1033900045D07B681B68664A934240D07B681B68B7
:1033A000644A93423BD07B681B68634A934236D0A1
:1033B0007B681B68614A934231D07B681B68604A16
:1033C00093422CD07B681B685E4A934227D07B686F
:1033D0001B685D4A934222D07B681B685B4A93421C
:1033E0001DD07B681B685A4A934218D07B681B68C3
:1033F000584A934213D07B681B68574A93420ED0B9
:103400007B681B68554A934209D07B681B68544A05
:10341000934204D07B681B68524A93420AD17B686E
:103420001B685B6903F08003002B14BF012300239A
:10343000DBB203E07B681B681B680023002B0DD008
:103440007B68DB6D03F01F0301229A403B6A9A60A0
:103450007B685B6D43F002027B685A657B68DB6DBD
:1034600003F01F0304229A40BB691340002B00F0B5
:103470008F807B681B682C4A93424AD07B681B680C
:103480002A4A934245D07B681B68294A934240D020
:103490007B681B68274A93423BD07B681B68264A9F
:1034A000934236D07B681B68244A934231D07B68B4
:1034B0001B68234A93422CD07B681B68214A9342A5
:1034C00027D07B681B68204A934222D07B681B6808
:1034D0001E4A93421DD07B681B681D4A934218D038
:1034E0007B681B681B4A934213D07B681B681A4A8F
:1034F00093420ED07B681B68184A934209D07B68C0
:103500001B68174A934204D07B681B68154A934294
:103510002AD17B681B681B6803F00203002B14BFD1
:1035200001230023DBB223E0100002402800024008
:1035300040000240580002407000024088000240F3
:10354000A0000240B80002401004024028040240DB
:1035500040040240580402407004024088040240C3
:10356000A0040240B80402407B681B681B6800236B
:10357000002B0DD07B68DB6D03F01F0304229A4003
:103580003B6A9A607B685B6D43F004027B685A6516
:103590007B68DB6D03F01F0310229A40BB69134068
:1035A000002B00F0A6807B681B68854A93424AD0B6
:1035B0007B681B68834A934245D07B681B68824ABC
:1035C000934240D07B681B68804A93423BD07B6823
:1035D0001B687F4A934236D07B681B687D4A9342C2
:1035E00031D07B681B687C4A93422CD07B681B6877
:1035F0007A4A934227D07B681B68794A934222D04B
:103600007B681B68774A93421DD07B681B68764AAB
:10361000934218D07B681B68744A934213D07B682E
:103620001B68734A93420ED07B681B68714A9342B1
:1036300009D07B681B68704A934204D07B681B6882
:103640006E4A93420AD17B681B681B6803F008032B
:10365000002B14BF01230023DBB209E07B681B6849
:103660001B6803F00403002B14BF01230023DBB20B
:10367000002B3ED07B68DB6D03F01F0310229A40C5
:103680003B6A9A607B681B681B6803F48023002BED
:1036900018D07B681B681B6803F40023002B08D13B
:1036A0007B681B6C002B24D07B681B6C7868984768
:1036B0001FE07B689B6C002B1BD07B689B6C786841
:1036C000984716E07B681B681B6803F48073002B27
:1036D00007D17B681B681A687B681B6822F00802A8
:1036E0001A607B681B6C002B03D07B681B6C7868AE
:1036F00098477B68DB6D03F01F0320229A40BB696B
:103700001340002B00F010817B681B682C4A934209
:103710004AD07B681B682B4A934245D07B681B6864
:10372000294A934240D07B681B68284A93423BD089
:103730007B681B68264A934236D07B681B68254A03
:10374000934231D07B681B68234A93422CD07B681C
:103750001B68224A934227D07B681B68204A934209
:1037600022D07B681B681F4A93421DD07B681B6870
:103770001D4A934218D07B681B681C4A934213D0A1
:103780007B681B681A4A93420ED07B681B68194AF3
:10379000934209D07B681B68174A934204D07B6828
:1037A0001B68164A93422BD17B681B681B6803F089
:1037B0001003002B14BF01230023DBB22AE000BF5B
:1037C0001000024028000240400002405800024021
:1037D0007000024088000240A0000240B800024091
:1037E00010040240280402404004024058040240F1
:1037F0007004024088040240A0040240B804024061
:103800007B681B681B6803F00203002B14BF0123B5
:103810000023DBB2002B00F087807B68DB6D03F0B8
:103820001F0320229A403B6A9A607B6893F83530E8
:10383000DBB2042B39D17B681B681A687B681B6874
:1038400022F016021A607B681B685A697B681B6845
:1038500022F080025A617B681B6C002B03D17B68CD
:103860009B6C002B07D07B681B681A687B681B6801
:1038700022F008021A607B68DB6D03F01F033F2211
:103880009A403B6A9A607B68012283F835207B6806
:10389000002283F834207B681B6D002B00F04A83E4
:1038A0007B681B6D7868984744E37B681B681B68DE
:1038B00003F48023002B18D07B681B681B6803F47B
:1038C0000023002B08D17B685B6C002B2CD07B681D
:1038D0005B6C7868984727E07B68DB6B002B23D014
:1038E0007B68DB6B786898471EE07B681B681B6809
:1038F00003F48073002B0FD17B681B681A687B6808
:103900001B6822F010021A607B68012283F83520C0
:103910007B68002283F834207B68DB6B002B03D0AC
:103920007B68DB6B786898477B685B6D002B00F0E9
:1039300006837B685B6D03F00103002B00F0888039
:103940007B68042283F835207B681B687A4A93429F
:103950004AD07B681B68794A934245D07B681B68D4
:10396000774A934240D07B681B68764A93423BD0AB
:103970007B681B68744A934236D07B681B68734A25
:10398000934231D07B681B68714A93422CD07B688C
:103990001B68704A934227D07B681B686E4A93422B
:1039A00022D07B681B686D4A93421DD07B681B68E0
:1039B0006B4A934218D07B681B686A4A934213D0C3
:1039C0007B681B68684A93420ED07B681B68674A15
:1039D000934209D07B681B68654A934204D07B6898
:1039E0001B68644A934208D17B681B681A687B682D
:1039F0001B6822F001021A6007E07B681B681A68E6
:103A00007B681B6822F001021A60FB680133FB60CF
:103A10007A6A9A4207D37B681B681B6803F001032C
:103A2000002BF2D100E000BF7B681B681B6803F02D
:103A30000103002B04D07B68032283F8352003E0C8
:103A40007B68012283F835207B68002283F83420CC
:103A50007B68DB6C002B00F072827B68DB6C786823
:103A600098476CE27B681B68434A934222D07B688C
:103A70001B68424A93421DD07B681B68404A9342B0
:103A800018D07B681B683F4A934213D07B681B6841
:103A90003D4A93420ED07B681B683C4A934209D052
:103AA0007B681B683A4A934204D07B681B68394A9A
:103AB000934201D1012300E00023002B00F03F825C
:103AC0007B681B681B683B617B68DB6D03F01F0331
:103AD00004229A407B691340002B00F0CD803B69A3
:103AE00003F00403002B00F0C7807B68DB6D03F05C
:103AF0001F0304229A40FB695A603B6903F40043A8
:103B0000002B49D03B6903F48033002B09D17B683B
:103B10009B6C002B00F010827B689B6C7868984748
:103B20000AE27B681B6C002B00F006827B681B6C32
:103B30007868984700E200BF100002402800024069
:103B400040000240580002407000024088000240DD
:103B5000A0000240B80002401004024028040240C5
:103B600040040240580402407004024088040240AD
:103B7000A0040240B8040240085402581C540258E1
:103B80003054025844540258585402586C54025845
:103B900080540258945402583B6903F02003002BD0
:103BA00060D17B681B687F4A93424AD07B681B6860
:103BB0007D4A934245D07B681B687C4A934240D043
:103BC0007B681B687A4A93423BD07B681B68794AC2
:103BD000934236D07B681B68774A934231D07B682A
:103BE0001B68764A93422CD07B681B68744A9342C8
:103BF00027D07B681B68734A934222D07B681B687E
:103C0000714A93421DD07B681B68704A934218D05A
:103C10007B681B686E4A934213D07B681B686D4AB1
:103C200093420ED07B681B686B4A934209D07B6835
:103C30001B686A4A934204D07B681B68684A9342B7
:103C400008D17B681B681A687B681B6822F0080231
:103C50001A6007E07B681B681A687B681B6822F0A3
:103C600004021A607B681B6C002B00F065817B6886
:103C70001B6C786898475FE17B68DB6D03F01F037E
:103C800002229A407B691340002B00F0C5803B69FB
:103C900003F00203002B00F0BF807B68DB6D03F0B4
:103CA0001F0302229A40FB695A603B6903F40043F8
:103CB000002B18D03B6903F48033002B09D17B68BB
:103CC0005B6C002B00F03A817B685B6C78689847EE
:103CD00034E17B68DB6B002B00F030817B68DB6BB1
:103CE000786898472AE13B6903F02003002B40F0F5
:103CF00089807B681B682B4A93424AD07B681B688B
:103D0000294A934245D07B681B68284A934240D099
:103D10007B681B68264A93423BD07B681B68254A18
:103D2000934236D07B681B68234A934231D07B682C
:103D30001B68224A93422CD07B681B68204A93421E
:103D400027D07B681B681F4A934222D07B681B6880
:103D50001D4A93421DD07B681B681C4A934218D0B1
:103D60007B681B681A4A934213D07B681B68194A08
:103D700093420ED07B681B68174A934209D07B6838
:103D80001B68164A934204D07B681B68144A93420E
:103D900028D17B681B681A687B681B6822F01402B4
:103DA0001A6027E010000240280002404000024054
:103DB000580002407000024088000240A00002400B
:103DC000B8000240100402402804024040040240AF
:103DD000580402407004024088040240A0040240DB
:103DE000B80402407B681B681A687B681B6822F075
:103DF0000A021A607B68012283F835207B68002262
:103E000083F834207B68DB6B002B00F097807B68A5
:103E1000DB6B7868984791E07B68DB6D03F01F03EC
:103E200008229A407B691340002B00F088803B6990
:103E300003F00803002B00F082807B681B68414A76
:103E400093424AD07B681B683F4A934245D07B68C7
:103E50001B683E4A934240D07B681B683C4A9342B1
:103E60003BD07B681B683B4A934236D07B681B681B
:103E7000394A934231D07B681B68384A93422CD030
:103E80007B681B68364A934227D07B681B68354A9B
:103E9000934222D07B681B68334A93421DD07B68D3
:103EA0001B68324A934218D07B681B68304A9342A1
:103EB00013D07B681B682F4A93420ED07B681B6827
:103EC0002D4A934209D07B681B682C4A934204D048
:103ED0007B681B682A4A934208D17B681B681A6872
:103EE0007B681B6822F01C021A6007E07B681B6875
:103EF0001A687B681B6822F00E021A607B68DB6D13
:103F000003F01F0301229A40FB695A607B6801227B
:103F10005A657B68012283F835207B68002283F88C
:103F200034207B68DB6C002B09D07B68DB6C786805
:103F3000984704E000BF02E000BF00E000BF283760
:103F4000BD4680BD100002402800024040000240F3
:103F5000580002407000024088000240A000024069
:103F6000B80002401004024028040240400402400D
:103F7000580402407004024088040240A004024039
:103F8000B804024080B483B000AF78607B685B6D9A
:103F900018460C37BD465DF8047B704780B487B087
:103FA00000AFF860B9607A603B60FB689B6D7B6135
:103FB000FB689B6D3B61FB681B687F4A934272D034
:103FC000FB681B687D4A93426DD0FB681B687C4A86
:103FD000934268D0FB681B687A4A934263D0FB68BF
:103FE0001B68794A93425ED0FB681B68774A93420C
:103FF00059D0FB681B68764A934254D0FB681B6813
:10400000744A93424FD0FB681B68734A93424AD06C
:10401000FB681B68714A934245D0FB681B68704A75
:10402000934240D0FB681B686E4A93423BD0FB68CA
:104030001B686D4A934236D0FB681B686B4A9342FB
:1040400031D0FB681B686A4A93422CD0FB681B681E
:10405000684A934227D0FB681B68674A934222D084
:10406000FB681B68654A93421DD0FB681B68644A65
:10407000934218D0FB681B68624A934213D0FB68D6
:104080001B68614A93420ED0FB681B685F4A9342EB
:1040900009D0FB681B685E4A934204D0FB681B682A
:1040A0005C4A934201D1012300E00023002B0DD094
:1040B000FB685B6EFA68926E5A60FB68DB6E002BE1
:1040C00004D0FB681B6FFA68526F5A60FB681B686C
:1040D000394A93424AD0FB681B68384A934245D01C
:1040E000FB681B68364A934240D0FB681B68354A20
:1040F00093423BD0FB681B68334A934236D0FB683F
:104100001B68324A934231D0FB681B68304A9342A5
:104110002CD0FB681B682F4A934227D0FB681B6892
:104120002D4A934222D0FB681B682C4A93421DD033
:10413000FB681B682A4A934218D0FB681B68294A0F
:10414000934213D0FB681B68274A93420ED0FB684A
:104150001B68264A934209D0FB681B68244A934295
:1041600004D0FB681B68234A934201D1012300E07D
:104170000023002B59D0FB68DB6D03F01F033F22A7
:104180009A407B699A60FB681B681A68FB681B6829
:1041900022F480221A60FB681B683A685A60FB6848
:1041A0009B68402B38D1FB681B687A689A60FB6873
:1041B0001B68BA68DA6086E01000024028000240FE
:1041C0004000024058000240700002408800024057
:1041D000A0000240B800024010040240280402403F
:1041E0004004024058040240700402408804024027
:1041F000A0040240B8040240085402581C5402585B
:104200003054025844540258585402586C540258BE
:104210008054025894540258FB681B68BA689A602C
:10422000FB681B687A68DA604DE0FB681B68294A06
:10423000934222D0FB681B68274A93421DD0FB683B
:104240001B68264A934218D0FB681B68244A934295
:1042500013D0FB681B68234A93420ED0FB681B688F
:10426000214A934209D0FB681B68204A934204D03C
:10427000FB681B681E4A934201D1012300E0002322
:10428000002B20D0FB68DB6D03F01F0301229A4056
:104290003B695A60FB681B683A685A60FB689B6818
:1042A000402B08D1FB681B687A689A60FB681B6822
:1042B000BA68DA6007E0FB681B68BA689A60FB6856
:1042C0001B687A68DA6000BF1C37BD465DF8047B66
:1042D000704700BF085402581C540258305402580A
:1042E00044540258585402586C540258805402588E
:1042F0009454025880B485B000AF78607B681B6826
:10430000424A93424AD07B681B68414A934245D057
:104310007B681B683F4A934240D07B681B683E4ADB
:1043200093423BD07B681B683C4A934236D07B6803
:104330001B683B4A934231D07B681B68394A9342E1
:104340002CD07B681B68384A934227D07B681B6857
:10435000364A934222D07B681B68354A93421DD06F
:104360007B681B68334A934218D07B681B68324ACB
:10437000934213D07B681B68304A93420ED07B680F
:104380001B682F4A934209D07B681B682D4A9342D1
:1043900004D07B681B682C4A934201D1012300E0C2
:1043A0000023002B24D07B681B68DBB2103B274A1C
:1043B000A2FB03231B09FB60FB6803F00703244AED
:1043C000D35C1A467B68DA65FB68032B08D97B68E7
:1043D0001B681A461F4B13401A1D7B689A650DE037
:1043E0007B681B681A461B4B13407A68936505E08F
:1043F0007B681B6823F0FF027B689A657B689B6D76
:1044000018461437BD465DF8047B70471000024023
:104410002800024040000240580002407000024064
:1044200088000240A0000240B80002401004024090
:104430002804024040040240580402407004024034
:1044400088040240A0040240B8040240ABAAAAAA11
:1044500098CC010800FCFFFF80B485B000AF786005
:104460000023FB737B689B69002B20D17B689B6AD0
:10447000032B58D801A252F823F000BF8D44000846
:104480009F4400088D440008274500087B68DB6ACC
:1044900003F08073002B48D00123FB7345E07B6859
:1044A000DB6AB3F1C07F42D10123FB733FE07B683D
:1044B0009B69B3F5005F23D17B689B6A032B38D8D7
:1044C00001A252F823F000BFD9440008DF440008DD
:1044D000D9440008F14400080123FB7330E07B68F5
:1044E000DB6A03F08073002B25D00123FB7322E0ED
:1044F0007B68DB6AB3F1C07F1FD10123FB731CE033
:104500007B689B6A022B02D9032B03D018E001239E
:10451000FB7315E07B68DB6A03F08073002B0ED021
:104520000123FB730BE000BF0AE000BF08E000BFFF
:1045300006E000BF04E000BF02E000BF00E000BFF3
:10454000FB7B18461437BD465DF8047B704700BFFF
:1045500080B485B000AF78607B681B68BB607B6807
:104560001B68384A934222D07B681B68364A9342C4
:104570001DD07B681B68354A934218D07B681B6846
:10458000334A934213D07B681B68324A93420ED061
:104590007B681B68304A934209D07B681B682F4AAE
:1045A000934204D07B681B682D4A934201D10123BA
:1045B00000E00023002B1AD07B681B68DBB2083BAD
:1045C000284AA2FB03231B09FB60FA68264B13440D
:1045D0009B001A467B681A667B68244A5A66FB6809
:1045E00003F01F0301229A407B689A6624E07B68EF
:1045F0001B68DBB2103B1E4AA2FB03231B09FB60B6
:10460000BB681C4A934206D8BB681B4A934202D936
:10461000FB680833FB60FA68184B13449B001A468A
:104620007B681A667B68164A5A66FB6803F01F03AC
:1046300001229A407B689A6600BF1437BD465DF838
:10464000047B7047085402581C54025830540258D6
:1046500044540258585402586C540258805402581A
:1046600094540258CDCCCCCC0096001680580258F9
:10467000ABAAAAAAB80402400F04024000820010AC
:104680008008024080B485B000AF78607B685B68CA
:10469000DBB2FB60FB68002B4AD0FB68082B47D8D5
:1046A0007B681B68254A934222D07B681B68244A9A
:1046B00093421DD07B681B68224A934218D07B68C6
:1046C0001B68214A934213D07B681B681F4A9342A0
:1046D0000ED07B681B681E4A934209D07B681B681A
:1046E0001C4A934204D07B681B681B4A934201D149
:1046F000012300E00023002B0AD0FA68174B134473
:104700009B001A467B68DA667B68154A1A6709E0DF
:10471000FA68144B13449B001A467B68DA667B6880
:10472000114A1A67FB68013B01229A407B685A676D
:1047300000BF1437BD465DF8047B7047085402582B
:104740001C540258305402584454025858540258C9
:104750006C54025880540258945402583F960016E4
:10476000405902583F8200104009024080B489B08D
:1047700000AF786039600023FB61894B7B6194E175
:104780003B681A680121FB6901FA03F313403B619E
:104790003B69002B00F086813B685B6803F00303F4
:1047A000012B05D03B685B6803F00303022B30D17B
:1047B0007B689B68BB61FB695B00032202FA03F321
:1047C000DB43BA691340BB613B68DA68FB695B0095
:1047D00002FA03F3BA691343BB617B68BA699A6052
:1047E0007B685B68BB610122FB6902FA03F3DB4370
:1047F000BA691340BB613B685B681B0903F00102A7
:10480000FB6902FA03F3BA691343BB617B68BA69B7
:104810005A603B685B6803F00303032B17D07B6887
:10482000DB68BB61FB695B00032202FA03F3DB4335
:10483000BA691340BB613B689A68FB695B0002FA86
:1048400003F3BA691343BB617B68BA69DA603B68FA
:104850005B6803F00303022B23D1FB69DA087B6852
:10486000083253F82230BB61FB6903F007039B0059
:104870000F2202FA03F3DB43BA691340BB613B68C2
:104880001A69FB6903F007039B0002FA03F3BA6994
:104890001343BB61FB69DA087B680832B96943F8E6
:1048A00022107B681B68BB61FB695B00032202FA74
:1048B00003F3DB43BA691340BB613B685B6803F0F9
:1048C0000302FB695B0002FA03F3BA691343BB619D
:1048D0007B68BA691A603B685B6803F44033002B5D
:1048E00000F0E0802F4BD3F8F4302E4A43F002035F
:1048F000C2F8F4302B4BD3F8F43003F00203FB6022
:10490000FB68294AFB699B08023352F82330BB61DC
:10491000FB6903F003039B000F2202FA03F3DB435E
:10492000BA691340BB617B68204A934252D07B68CE
:104930001F4A934231D07B681E4A93422BD07B683A
:104940001D4A934225D07B681C4A93421FD07B6846
:104950001B4A934219D07B681A4A934213D07B6852
:10496000194A93420DD07B68184A934207D07B685E
:10497000174A934201D109232DE00A232BE0082393
:1049800029E0072327E0062325E0052323E004236D
:1049900021E003231FE002231DE001231BE000BFF1
:1049A00080000058004402580004005800000258DB
:1049B0000004025800080258000C02580010025867
:1049C0000014025800180258001C02580020025817
:1049D000002402580023FA6902F003029200934077
:1049E000BA691343BB613849FB699B080233BA6952
:1049F00041F823204FF0B0431B68BB613B69DB43A8
:104A0000BA691340BB613B685B6803F48013002BF9
:104A100003D0BA693B691343BB614FF0B042BB6935
:104A200013604FF0B0435B68BB613B69DB43BA691D
:104A30001340BB613B685B6803F40013002B03D099
:104A4000BA693B691343BB614FF0B042BB69536025
:104A50007B695B68BB613B69DB43BA691340BB613F
:104A60003B685B6803F40033002B03D0BA693B69F1
:104A70001343BB617B69BA695A607B691B68BB6180
:104A80003B69DB43BA691340BB613B685B6803F475
:104A90008033002B03D0BA693B691343BB617B6948
:104AA000BA691A60FB690133FB613B681A68FB69EC
:104AB00022FA03F3002B7FF463AE00BF00BF24375C
:104AC000BD465DF8047B70470004005880B483B095
:104AD00000AF78600B467B8013467B707B78002BA1
:104AE00003D07A887B689A6103E07B881A047B682C
:104AF0009A6100BF0C37BD465DF8047B704780B4F7
:104B000085B000AF78600B467B807B685B69FB609B
:104B10007A88FB6813401A04FB68D9437B880B40F2
:104B20001A437B689A6100BF1437BD465DF8047B69
:104B30007047000080B584B000AF7860194BDB6827
:104B400003F00403042B0AD0164BDB6803F00703C1
:104B50007A689A4201D001231FE000231DE0114B27
:104B6000DB6823F007020F497B681343CB60FCF737
:104B700029FEF86009E0FCF725FE0246FB68D31A1F
:104B8000B3F57A7F01D9012307E0064B5B6803F494
:104B90000053B3F5005FEED1002318461037BD4631
:104BA00080BD00BF0048025880B58CB000AF78606F
:104BB0007B68002B02D1012300F048BC7B681B6896
:104BC00003F00103002B00F08880994B1B6903F070
:104BD0003803FB62964B9B6ABB62FB6A102B07D0C3
:104BE000FB6A182B11D1BB6A03F00303022B0CD113
:104BF0008F4B1B6803F40033002B6DD07B685B6820
:104C0000002B69D1012300F021BC7B685B68B3F500
:104C1000803F06D1864B1B68854A43F4803313607E
:104C20002EE07B685B68002B0CD1814B1B68804AAF
:104C300023F4803313607E4B1B687D4A23F480236A
:104C400013601DE07B685B68B3F5A02F0CD1784B37
:104C50001B68774A43F480231360754B1B68744AC2
:104C600043F4803313600BE0714B1B68704A23F4EC
:104C7000803313606E4B1B686D4A23F480231360EE
:104C80007B685B68002B13D0FCF79CFD786208E022
:104C9000FCF798FD02467B6AD31A642B01D90323E3
:104CA000D4E3634B1B6803F40033002BF0D014E013
:104CB000FCF788FD786208E0FCF784FD02467B6A19
:104CC000D31A642B01D90323C0E3594B1B6803F4A7
:104CD0000033002BF0D100E000BF7B681B6803F0BD
:104CE0000203002B00F0CA80514B1B6903F038030C
:104CF0003B624F4B9B6AFB613B6A002B07D03B6AD0
:104D0000182B56D1FB6903F00303002B51D1484BFC
:104D10001B6803F00403002B05D07B68DB68002BC5
:104D200001D1012392E3424B1B6823F019027B68F7
:104D3000DB683F4913430B60FCF744FD786208E0F1
:104D4000FCF740FD02467B6AD31A022B01D90323EC
:104D50007CE3374B1B6803F00403002BF0D0FCF717
:104D60003DFD034641F20302934217D87B681B695D
:104D7000402B08D12E4B5B6823F47C332C4A43F440
:104D8000003353607AE02A4B5B6823F47C327B6803
:104D90001B691B03264913434B606FE0244B5B6880
:104DA00023F0FE427B681B691B06214913434B60BD
:104DB00064E07B68DB68002B47D01D4B1B6823F049
:104DC00019027B68DB681A4913430B60FCF7FAFC95
:104DD000786208E0FCF7F6FC02467B6AD31A022BE5
:104DE00001D9032332E3124B1B6803F00403002BA9
:104DF000F0D0FCF7F3FC034641F20302934219D8CA
:104E00007B681B69402B08D1094B5B6823F47C331A
:104E1000074A43F40033536030E0054B5B6823F4EA
:104E20007C327B681B691B03014913434B6025E0FF
:104E3000004402589A4B5B6823F0FE427B681B6972
:104E40001B06974913434B6018E0954B1B68944A27
:104E500023F001031360FCF7B5FC786208E0FCF76F
:104E6000B1FC02467B6AD31A022B01D90323EDE27F
:104E70008B4B1B6803F00403002BF0D17B681B688D
:104E800003F01003002B00F0A980854B1B6903F091
:104E90003803BB61824B9B6A7B61BB69082B07D0DF
:104EA000BB69182B3AD17B6903F00303012B35D181
:104EB0007B4B1B6803F48073002B05D07B68DB6998
:104EC000802B01D00123C1E2FCF788FC034641F2AC
:104ED0000302934217D87B681B6A202B08D1704BC2
:104EE0005B6823F0F8436E4A43F08043536075E0FB
:104EF0006B4B5B6823F0F8427B681B6A9B06684932
:104F000013434B606AE0664BDB6823F07C527B689E
:104F10001B6A1B0662491343CB605FE07B68DB6959
:104F2000002B42D05E4B1B685D4A43F08003136048
:104F3000FCF748FC786208E0FCF744FC02467B6A18
:104F4000D31A022B01D9032380E2554B1B6803F4CB
:104F50008073002BF0D0FCF741FC034641F20302C2
:104F6000934217D87B681B6A202B08D14C4B5B6897
:104F700023F0F8434A4A43F0804353602EE0484B05
:104F80005B6823F0F8427B681B6A9B064449134325
:104F90004B6023E0424BDB6823F07C527B681B6A4A
:104FA0001B063F491343CB6018E03D4B1B683C4A4E
:104FB00023F080031360FCF705FC786208E0FCF73F
:104FC00001FC02467B6AD31A022B01D903233DE27E
:104FD000334B1B6803F48073002BF0D17B681B6894
:104FE00003F00803002B36D07B685B69002B19D0D7
:104FF0002B4B5B6F2A4A43F001035367FCF7E2FB3C
:10500000786208E0FCF7DEFB02467B6AD31A022BCB
:1050100001D903231AE2224B5B6F03F00203002B3A
:10502000F0D018E01E4B5B6F1D4A23F0010353675D
:10503000FCF7C8FB786208E0FCF7C4FB02467B6A19
:10504000D31A022B01D9032300E2154B5B6F03F047
:105050000203002BF0D17B681B6803F02003002BB8
:1050600039D07B689B69002B1CD00D4B1B680C4A08
:1050700043F480531360FCF7A5FB786208E0FCF76B
:10508000A1FB02467B6AD31A022B01D90323DDE17F
:10509000034B1B6803F40053002BF0D01BE000BF50
:1050A000004402589B4B1B689A4A23F480531360B8
:1050B000FCF788FB786208E0FCF784FB02467B6A19
:1050C000D31A022B01D90323C0E1924B1B6803F4CE
:1050D0000053002BF0D17B681B6803F00403002B06
:1050E00000F081808C4B1B688B4A43F48073136003
:1050F000FCF768FB786208E0FCF764FB02467B6A19
:10510000D31A642B01D90323A0E1834B1B6803F45A
:105110008073002BF0D07B689B68012B06D17D4B00
:105120001B6F7C4A43F0010313672DE07B689B688B
:10513000002B0CD1774B1B6F764A23F001031367CA
:10514000744B1B6F734A23F0040313671CE07B68E6
:105150009B68052B0CD16F4B1B6F6E4A43F0040309
:1051600013676C4B1B6F6B4A43F0010313670BE033
:10517000684B1B6F674A23F001031367654B1B6F76
:10518000644A23F0040313677B689B68002B15D0E7
:10519000FCF718FB78620AE0FCF714FB02467B6A16
:1051A000D31A41F28832934201D903234EE1594B7D
:1051B0001B6F03F00203002BEED014E0FCF702FBA0
:1051C00078620AE0FCF7FEFA02467B6AD31A41F2E3
:1051D0008832934201D9032338E14E4B1B6F03F011
:1051E0000203002BEED17B685B6A002B00F02D815F
:1051F000484B1B6903F03803182B00F0BD807B6817
:105200005B6A022B40F09E80424B1B68414A23F0B0
:1052100080731360FCF7D6FA786208E0FCF7D2FAE4
:1052200002467B6AD31A022B01D903230EE1394BC4
:105230001B6803F00073002BF0D1364B9A6A374B92
:1052400013407A68916A7A68D26A12010A43314936
:1052500013438B627B681B6B013BC3F308027B68C3
:105260005B6B013B5B029BB21A437B689B6B013B10
:105270001B0403F4FE031A437B68DB6B013B1B0634
:1052800003F0FE43234913430B63224BDB6A214A9D
:1052900023F00103D3621F4B5A6B214B13407A68F2
:1052A000926CD2001B4913434B631A4BDB6A23F009
:1052B0000C027B681B6C17491343CB62154BDB6AEE
:1052C00023F002027B685B6C12491343CB62114BE3
:1052D000DB6A104A43F48033D3620E4BDB6A0D4A1B
:1052E00043F40033D3620B4BDB6A0A4A43F4802356
:1052F000D362084BDB6A074A43F00103D362054BD4
:105300001B68044A43F080731360FCF75BFA786211
:1053100011E000BF00440258004802580CFCFFFF97
:105320000700FFFFFCF74EFA02467B6AD31A022BF6
:1053300001D903238AE0474B1B6803F00073002B5D
:10534000F0D082E0434B1B68424A23F08073136025
:10535000FCF738FA786208E0FCF734FA02467B6A18
:10536000D31A022B01D9032370E03A4B1B6803F0D8
:105370000073002BF0D168E0364B9B6A3B61354BE4
:105380001B6BFB607B685B6A012B31D03B6903F0D0
:1053900003027B689B6A9A422AD13B691B0903F08E
:1053A0003F027B68DB6A9A4222D1FB68C3F30802A2
:1053B0007B681B6B013B9A421AD1FB685B0A03F0C6
:1053C0007F027B685B6B013B9A4211D1FB681B0C2F
:1053D00003F07F027B689B6B013B9A4208D1FB681C
:1053E0001B0E03F07F027B68DB6B013B9A4201D00E
:1053F00001232BE0174B5B6BDB08C3F30C033B6112
:105400007B689B6C3A699A421FD0124BDB6A114A47
:1054100023F00103D362FCF7D5F9786200BFFCF7F3
:10542000D1F902467B6A9342F9D00A4B5A6B0A4B78
:1054300013407A68926CD200064913434B63054BC4
:10544000DB6A044A43F00103D36200231846303775
:10545000BD4680BD004402580700FFFF80B586B0FE
:1054600000AF786039607B68002B01D101239CE19B
:105470008A4B1B6803F00F033A689A4210D9874B96
:105480001B6823F00F0285493B6813430B60834B75
:105490001B6803F00F033A689A4201D0012384E1AC
:1054A0007B681B6803F00403002B10D07B681A692B
:1054B0007B4B9B6903F070039A4208D9784B9B6938
:1054C00023F070027B681B69754913438B617B680D
:1054D0001B6803F00803002B10D07B685A69704BDF
:1054E000DB6903F070039A4208D96D4BDB6923F046
:1054F00070027B685B696A491343CB617B681B68F8
:1055000003F01003002B10D07B689A69644BDB69B1
:1055100003F4E0639A4208D9614BDB6923F4E0624B
:105520007B689B695E491343CB617B681B6803F012
:105530002003002B10D07B68DA69594B1B6A03F0FB
:1055400070039A4208D9564B1B6A23F070027B689D
:10555000DB69534913430B627B681B6803F002034A
:10556000002B10D07B68DA684D4B9B6903F00F036A
:105570009A4208D94A4B9B6923F00F027B68DB688B
:10558000474913438B617B681B6803F00103002BC1
:1055900055D0434B9B6923F470627B689B684049FC
:1055A00013438B617B685B68022B07D13C4B1B6804
:1055B00003F40033002B21D10123F6E07B685B6804
:1055C000032B07D1364B1B6803F00073002B15D15A
:1055D0000123EAE07B685B68012B07D1304B1B6835
:1055E00003F48073002B09D10123DEE02C4B1B68F0
:1055F00003F00403002B01D10123D6E0284B1B69E3
:1056000023F007027B685B68254913430B61FCF7B5
:10561000D9F878610AE0FCF7D5F802467B69D31A1D
:1056200041F28832934201D90323BEE01C4B1B692F
:1056300003F038027B685B68DB009A42EBD17B6841
:105640001B6803F00203002B10D07B68DA68144B50
:105650009B6903F00F039A4208D2114B9B6923F018
:105660000F027B68DB680E4913438B610B4B1B6891
:1056700003F00F033A689A4214D2084B1B6823F0D8
:105680000F0206493B6813430B60044B1B6803F091
:105690000F033A689A4205D0012386E000200052A9
:1056A000004402587B681B6803F00403002B10D0F1
:1056B0007B681A693F4B9B6903F070039A4208D2DA
:1056C0003C4B9B6923F070027B681B69394913438B
:1056D0008B617B681B6803F00803002B10D07B688C
:1056E0005A69344BDB6903F070039A4208D2314B9C
:1056F000DB6923F070027B685B692E491343CB6141
:105700007B681B6803F01003002B10D07B689A693C
:10571000284BDB6903F4E0639A4208D2254BDB692E
:1057200023F4E0627B689B6922491343CB617B6869
:105730001B6803F02003002B10D07B68DA691D4B37
:105740001B6A03F070039A4208D21A4B1B6A23F0BB
:1057500070027B68DB69174913430B6200F034F871
:105760000246144B9B691B0A03F00F031249CB5CE2
:1057700003F01F0322FA03F33B610E4B9B6903F016
:105780000F030D4AD35C03F01F033A6922FA03F3B7
:105790000A4A13600A4A3B6913600A4B1B681846A1
:1057A000FBF7F2FB0346FB73FB7B18461837BD463D
:1057B00080BD00BF0044025888CC01080C000024C2
:1057C000080000241000002480B489B000AFB34B5F
:1057D0001B6903F03803182B00F2558101A252F81F
:1057E00023F000BF49580008875A0008875A00086C
:1057F000875A0008875A0008875A0008875A000805
:10580000875A00086F580008875A0008875A00080E
:10581000875A0008875A0008875A0008875A0008E4
:10582000875A000875580008875A0008875A0008E8
:10583000875A0008875A0008875A0008875A0008C4
:10584000875A00087B580008944B1B6803F020031C
:10585000002B09D0914B1B68DB0803F00303904A2F
:1058600022FA03F3BB6111E18D4BBB610EE18D4B5D
:10587000BB610BE18C4BBB6108E1884B9B6A03F079
:1058800003037B61854B9B6A1B0903F03F033B616C
:10589000824BDB6A03F00103FB60804B5B6BDB0830
:1058A000C3F30C03FA6802FB03F307EE903AF8EE39
:1058B000677AC7ED027A3B69002B00F0E1807B69D3
:1058C000022B00F083807B69022B00F2A1807B69B0
:1058D000002B03D07B69012B56D099E06F4B1B68DE
:1058E00003F02003002B2DD06C4B1B68DB0803F06A
:1058F00003036B4A22FA03F37B607B6807EE903A5E
:10590000F8EE676A3B6907EE903AF8EE677A86EE42
:10591000A77A624B1B6BC3F3080307EE903AF8EECD
:10592000676A97ED026ADFED615AC6EE257A76EE78
:10593000A77AF7EE006A77EEA67A67EE277AC7EDC8
:10594000077A87E03B6907EE903AF8EE677ADFED79
:10595000586A86EEA77A514B1B6BC3F3080307EE18
:10596000903AF8EE676A97ED026ADFED505AC6EE9C
:10597000257A76EEA77AF7EE006A77EEA67A67EEDA
:10598000277AC7ED077A65E03B6907EE903AF8EEB3
:10599000677ADFED486A86EEA77A404B1B6BC3F34C
:1059A000080307EE903AF8EE676A97ED026ADFEDBA
:1059B0003F5AC6EE257A76EEA77AF7EE006A77EEC2
:1059C000A67A67EE277AC7ED077A43E03B6907EED0
:1059D000903AF8EE677ADFED386A86EEA77A2F4BB9
:1059E0001B6BC3F3080307EE903AF8EE676A97ED76
:1059F000026ADFED2E5AC6EE257A76EEA77AF7EE2A
:105A0000006A77EEA67A67EE277AC7ED077A21E07B
:105A10003B6907EE903AF8EE677ADFED266A86EE8C
:105A2000A77A1E4B1B6BC3F3080307EE903AF8EE00
:105A3000676A97ED026ADFED1D5AC6EE257A76EEAB
:105A4000A77AF7EE006A77EEA67A67EE277AC7EDB7
:105A5000077A00BF114B1B6B5B0A03F07F03013316
:105A60003B603B6807EE903AB8EE677AD7ED076A7D
:105A7000C6EE877AFCEEE77A17EE903ABB6105E056
:105A80000023BB6102E0074BBB6100BFBB69184646
:105A90002437BD465DF8047B704700BF00440258C0
:105AA0000090D00300093D0040787D0100000046D1
:105AB0000024744C0024744A20BCBE4B80B582B0D4
:105AC00000AFFFF781FE0246104B9B691B0A03F0F3
:105AD0000F030F49CB5C03F01F0322FA03F37B6033
:105AE0000A4B9B6903F00F03094AD35C03F01F03C1
:105AF0007A6822FA03F3074A1360074A7B68136047
:105B0000044B1B6818460837BD4680BD0044025848
:105B100088CC01080C0000240800002480B500AFE8
:105B2000FFF7CCFF0246064BDB691B0903F00703B6
:105B30000449CB5C03F01F0322FA03F3184680BD2F
:105B40000044025888CC010880B500AFFFF7B6FFCB
:105B50000246064BDB691B0A03F007030449CB5CD2
:105B600003F01F0322FA03F3184680BD00440258D5
:105B700088CC010880B483B000AF786039607B685E
:105B80003F221A601A4B1B6903F007027B685A60B8
:105B9000174B9B6903F470627B689A60144B9B6996
:105BA00003F00F027B68DA60114B9B6903F070020F
:105BB0007B681A610E4BDB6903F070027B685A61E7
:105BC0000B4BDB6903F4E0627B689A61084B1B6A4C
:105BD00003F070027B68DA61064B1B6803F00F026A
:105BE0003B681A6000BF0C37BD465DF8047B704708
:105BF00000440258002000522DE9B04FCAB000AF57
:105C0000C7F81401002387F82731002387F82631CD
:105C1000D7F81431D3E9002302F00064002554EAD8
:105C2000050349D0D7F814319B6EB3F5401F2FD030
:105C3000B3F5401F28D8B3F5001F1AD0B3F5001FE5
:105C400022D8002B03D0B3F5801F07D01CE0B84B3F
:105C5000DB6AB74A43F40033D3621AE0D7F8143151
:105C600008330221184601F08FFC034687F82731DC
:105C70000FE0D7F8143128330221184601F036FD21
:105C8000034687F8273104E0012387F8273100E035
:105C900000BF97F82731002B0AD1A54B1B6D23F4C9
:105CA0004011D7F814319B6EA14A0B43136503E0F2
:105CB00097F8273187F82631D7F81431D3E9002334
:105CC00002F480784FF0000958EA090347D0D7F86A
:105CD00014319B6D042B2AD801A252F823F000BF87
:105CE000F55C0008035D0008195D0008375D0008D9
:105CF000375D00088E4BDB6A8D4A43F40033D36274
:105D00001AE0D7F8143108330021184601F03CFCA2
:105D1000034687F827310FE0D7F8143128330021E4
:105D2000184601F0E3FC034687F8273104E001231D
:105D300087F8273100E000BF97F82731002B0AD100
:105D40007B4B1B6D23F00701D7F814319B6D784A0C
:105D50000B43136503E097F8273187F82631D7F80E
:105D60001431D3E9002302F4007A4FF0000B5AEA11
:105D70000B034CD0D7F81431DB6DB3F5807F30D0F6
:105D8000B3F5807F29D8C02B2DD0C02B25D8802BF0
:105D900018D0802B21D8002B02D0402B07D01CE03C
:105DA000634BDB6A624A43F40033D3621CE0D7F8EA
:105DB000143108330021184601F0E6FB034687F84A
:105DC000273111E0D7F8143128330021184601F0AB
:105DD0008DFC034687F8273106E0012387F8273139
:105DE00002E000BF00E000BF97F82731002B0AD186
:105DF0004F4B1B6D23F4E071D7F81431DB6D4C4A27
:105E00000B43136503E097F8273187F82631D7F85D
:105E10001431D3E9002302F48063C7F8083100236A
:105E2000C7F80C31D7E942120B46134353D0D7F8C9
:105E30001431D3F8A830B3F5000F35D0B3F5000F07
:105E40002ED8B3F5C00F31D0B3F5C00F28D8B3F5B5
:105E5000800F1AD0B3F5800F22D8002B03D0B3F5F2
:105E6000001F07D01CE0324BDB6A314A43F4003399
:105E7000D3621CE0D7F8143108330021184601F032
:105E800083FB034687F8273111E0D7F81431283314
:105E90000021184601F02AFC034687F8273106E066
:105EA000012387F8273102E000BF00E000BF97F828
:105EB0002731002B0BD11E4B9B6D23F46001D7F8CB
:105EC0001431D3F8A8301A4A0B43936503E097F8CE
:105ED000273187F82631D7F81431D3E9002302F4AB
:105EE0000063C7F800310023C7F80431D7E9401236
:105EF0000B46134356D0D7F81431D3F8AC30B3F176
:105F0000806F38D0B3F1806F31D8B3F1407F34D097
:105F1000B3F1407F2BD8B3F1007F1DD0B3F1007FE8
:105F200025D8002B06D0B3F1807F0AD01FE000BF38
:105F300000440258A24BDB6AA14A43F40033D36207
:105F40001CE0D7F8143108330021184601F01CFB7F
:105F5000034687F8273111E0D7F8143128330021A0
:105F6000184601F0C3FB034687F8273106E00123FA
:105F700087F8273102E000BF00E000BF97F8273123
:105F8000002B0BD18E4B9B6D23F0E061D7F81431C1
:105F9000D3F8AC308A4A0B43936503E097F8273176
:105FA00087F82631D7F81431D3E9002302F00073C3
:105FB000C7F8F8300023C7F8FC30D7E93E120B468B
:105FC00013433AD0D7F81431DB6C302B1FD0302B71
:105FD00019D8202B0CD0202B15D8002B19D0102B22
:105FE00011D1774BDB6A764A43F40033D36211E078
:105FF000D7F8143108330221184601F0C5FA0346D8
:1060000087F8273106E0012387F8273102E000BF37
:1060100000E000BF97F82731002B0AD1684BDB6CFA
:1060200023F03001D7F81431DB6C654A0B43D3649D
:1060300003E097F8273187F82631D7F81431D3E9F0
:10604000002302F48053C7F8F0300023C7F8F4307F
:10605000D7E93C120B46134351D0D7F814311B6ECD
:10606000B3F5804F35D0B3F5804F2ED8B3F5405FF0
:1060700031D0B3F5405F28D8B3F5005F1AD0B3F53F
:10608000005F22D8002B03D0B3F5805F07D01CE05F
:106090004B4BDB6A4A4A43F40033D3621CE0D7F827
:1060A000143108330021184601F06EFA034687F8D0
:1060B000273111E0D7F8143128330021184601F0B8
:1060C00015FB034687F8273106E0012387F82731BF
:1060D00002E000BF00E000BF97F82731002B0AD193
:1060E000374B1B6D23F4E041D7F814311B6E344A53
:1060F0000B43136503E097F8273187F82631D7F86B
:106100001431D3E9002302F40053C7F8E830002328
:10611000C7F8EC30D7E93A120B46134356D0D7F8FC
:1061200014315B6EB3F5A02F33D0B3F5A02F2CD86C
:10613000B3F5802F2FD0B3F5802F26D8B3F5403F8D
:106140002BD0B3F5403F20D8B3F5003F12D0B3F5C4
:10615000003F1AD8002B22D0B3F5803F15D1D7F8D5
:10616000143108330121184601F00EFA034687F86E
:10617000273115E0D7F8143128330121184601F0F2
:10618000B5FA034687F827310AE0012387F827315B
:1061900006E000BF04E000BF02E000BF00E000BF77
:1061A00097F82731002B0DD1054B1B6D23F4E0210F
:1061B000D7F814315B6E024A0B43136506E000BF4B
:1061C0000044025897F8273187F82631D7F8143160
:1061D000D3E9002302F48043C7F8E0300023C7F876
:1061E000E430D7E938120B46134355D0D7F81431B1
:1061F000D3F8B030B3F1A04F33D0B3F1A04F2CD8C7
:10620000B3F1804F2FD0B3F1804F26D8B3F1405F68
:106210002BD0B3F1405F20D8B3F1005F12D0B3F1BF
:10622000005F1AD8002B22D0B3F1805F15D1D7F8C8
:10623000143108330121184601F0A6F9034687F806
:10624000273115E0D7F8143128330121184601F021
:106250004DFA034687F827310AE0012387F82731F2
:1062600006E000BF04E000BF02E000BF00E000BFA6
:1062700097F82731002B0BD1A34B9B6D23F0E04106
:10628000D7F81431D3F8B0309F4A0B43936503E03D
:1062900097F8273187F82631D7F81431D3E900234E
:1062A00002F40043C7F8D8300023C7F8DC30D7E940
:1062B00036120B46134337D0D7F814311B6FB3F1A6
:1062C000005F0ED0B3F1005F16D8002B18D0B3F1E9
:1062D000805F11D18C4BDB6A8B4A43F40033D3626D
:1062E0000FE0D7F8143108330121184601F04CF9BA
:1062F000034687F8273104E0012387F8273100E0BF
:1063000000BF97F82731002B0AD17F4B1B6D23F07C
:106310004051D7F814311B6F7B4A0B43136503E0E0
:1063200097F8273187F82631D7F81431D3E90023BD
:1063300002F08073C7F8D0300023C7F8D430D7E913
:1063400034120B46134339D0D7F814319B6C032B0E
:106350001CD801A252F823F0956300086963000875
:106360007763000895630008674BDB6A664A43F46D
:106370000033D3620FE0D7F81431083302211846F6
:1063800001F002F9034687F8273104E0012387F87A
:10639000273100E000BF97F82731002B0AD15A4B74
:1063A000DB6C23F00301D7F814319B6C564A0B4386
:1063B000D36403E097F8273187F82631D7F81431F2
:1063C000D3E9002302F48003C7F8C8300023C7F8DC
:1063D000CC30D7E932120B46134300F09F804B4B71
:1063E0001B684A4A43F480731360FBF7EBF9C7F864
:1063F00020010BE0FBF7E6F90246D7F82031D31A6B
:10640000642B03D9032387F8273105E03F4B1B6832
:1064100003F48073002BEDD097F82731002B79D14E
:10642000394B1A6FD7F81431D3F8B430534003F412
:106430004073002B15D0344B1B6F23F44073C7F807
:106440001C31314B1B6F304A43F4803313672E4BA2
:106450001B6F2D4A23F4803313672B4AD7F81C3166
:106460001367D7F81431D3F8B430B3F5807F18D15F
:10647000FBF7A8F9C7F820010DE0FBF7A3F90246E6
:10648000D7F82031D21A41F288339A4203D9032334
:1064900087F8273105E01C4B1B6F03F00203002B2C
:1064A000EBD097F82731002B29D1D7F81431D3F846
:1064B000B43003F44073B3F5407F0ED1124B1B6927
:1064C00023F47C51D7F81431D3F8B4301A09104BA7
:1064D00013400D4A0B43136105E00B4B1B690A4A3D
:1064E00023F47C531361084B196FD7F81431D3F898
:1064F000B430C3F30B03044A0B4313670EE097F861
:10650000273187F8263109E0004402580048025834
:10651000CFFFFF0097F8273187F82631D7F81431DD
:10652000D3E9002302F00103C7F8C0300023C7F805
:10653000C430D7E930120B46134300F08980D7F8F6
:106540001431DB6F282B6BD801A252F823F000BF67
:1065500029660008216600082166000821660008F7
:1065600021660008216600082166000821660008EF
:10657000F56500082166000821660008216600080C
:1065800021660008216600082166000821660008CF
:106590000B660008216600082166000821660008D5
:1065A00021660008216600082166000821660008AF
:1065B0002966000821660008216600082166000897
:1065C000216600082166000821660008216600088F
:1065D0002966000821660008216600082166000877
:1065E000216600082166000821660008216600086F
:1065F00029660008D7F8143108330121184600F045
:10660000C3FF034687F827310FE0D7F8143128334A
:106610000121184601F06AF8034687F8273104E0A3
:10662000012387F8273100E000BF97F82731002BBE
:106630000AD1BF4B5B6D23F03801D7F81431DB6F03
:10664000BB4A0B43536503E097F8273187F826319F
:10665000D7F81431D3E9002302F00203C7F8B830A9
:106660000023C7F8BC30D7E92E120B46134341D0A4
:10667000D7F814319B6F052B24D801A252F823F0D0
:10668000CD66000899660008AF660008CD66000870
:10669000CD660008CD660008D7F814310833012113
:1066A000184600F071FF034687F827310FE0D7F84E
:1066B000143128330121184601F018F8034687F8F1
:1066C000273104E0012387F8273100E000BF97F865
:1066D0002731002B0AD1964B5B6D23F00701D7F8C9
:1066E00014319B6F924A0B43536503E097F82731AF
:1066F00087F82631D7F81431D3E9002302F00403D8
:10670000C7F8B0300023C7F8B430D7E92C120B46D5
:10671000134344D0D7F81431D3F89430052B25D83F
:1067200001A252F823F000BF756700084167000816
:1067300057670008756700087567000875670008E7
:10674000D7F8143108330121184600F01DFF034625
:1067500087F827310FE0D7F8143128330121184684
:1067600000F0C4FF034687F8273104E0012387F8CF
:10677000273100E000BF97F82731002B0BD16C4B7D
:106780009B6D23F00701D7F81431D3F89430684A91
:106790000B43936503E097F8273187F82631D7F844
:1067A0001431D3E9002302F02003C7F8A8300023F6
:1067B000C7F8AC30D7E92A120B46134355D0D7F8A7
:1067C0001431D3F89030B3F1A04F33D0B3F1A04FD0
:1067D0002CD8B3F1804F2FD0B3F1804F26D8B3F12E
:1067E000405F2BD0B3F1405F20D8B3F1005F12D0EF
:1067F000B3F1005F1AD8002B22D0B3F1805F15D11E
:10680000D7F8143108330021184600F0BDFE0346C6
:1068100087F8273115E0D7F81431283302211846BC
:1068200000F064FF034687F827310AE0012387F868
:10683000273106E000BF04E000BF02E000BF00E037
:1068400000BF97F82731002B0BD1394B5B6D23F03C
:10685000E041D7F81431D3F89030354A0B435365F3
:1068600003E097F8273187F82631D7F81431D3E9B8
:10687000002302F04003C7F8A0300023C7F8A4307B
:10688000D7E928120B46134358D0D7F81431D3F860
:106890009C30B3F5A05F33D0B3F5A05F2CD8B3F52F
:1068A000805F2FD0B3F5805F26D8B3F5406F2BD033
:1068B000B3F5406F20D8B3F5006F12D0B3F5006F79
:1068C0001AD8002B22D0B3F5806F15D1D7F8143128
:1068D00008330021184600F057FE034687F8273199
:1068E00015E0D7F8143128330221184600F0FEFED7
:1068F000034687F827310AE0012387F8273106E0AD
:1069000000BF04E000BF02E000BF00E000BF97F856
:106910002731002B0ED1064B9B6D23F4E051D7F8A5
:106920001431D3F89C30024A0B43936506E000BF54
:106930000044025897F8273187F82631D7F81431E8
:10694000D3E9002302F08003C7F898300023C7F88A
:106950009C30D7E926120B46134355D0D7F8143193
:10696000D3F8A030B3F5204F33D0B3F5204F2CD857
:10697000B3F5004F2FD0B3F5004F26D8B3F5C04F75
:106980002BD0B3F5C04F20D8B3F5804F12D0B3F55C
:10699000804F1AD8002B22D0B3F5005F15D1D7F85D
:1069A000143108330021184600F0EEFD034687F845
:1069B000273115E0D7F8143128330221184600F0AA
:1069C00095FE034687F827310AE0012387F827312F
:1069D00006E000BF04E000BF02E000BF00E000BF2F
:1069E00097F82731002B0BD1A14B9B6D23F460410D
:1069F000D7F81431D3F8A0309D4A0B43936503E0D8
:106A000097F8273187F82631D7F81431D3E90023D6
:106A100002F00803C7F890300023C7F89430D7E994
:106A200024120B4613431ED0D7F81431D3F8843008
:106A3000B3F5805F0CD1D7F8143128330221184602
:106A400000F054FE0346002B02D0012387F82631C4
:106A5000874B5B6D23F44051D7F81431D3F8843061
:106A6000834A0B435365D7F81431D3E9002302F06E
:106A70001003C7F888300023C7F88C30D7E92212FA
:106A80000B4613431ED0D7F81431D3F89830B3F522
:106A9000807F0CD1D7F8143128330221184600F03A
:106AA00025FE0346002B02D0012387F82631704BC8
:106AB0009B6D23F44071D7F81431D3F898306C4AA9
:106AC0000B439365D7F81431D3E9002302F4002374
:106AD000C7F880300023C7F88430D7E920120B466E
:106AE00013433ED0D7F81431D3F8A430B3F5003FA8
:106AF00022D0B3F5003F1BD8002B03D0B3F5803F65
:106B00000BD015E0D7F8143108330021184600F0F7
:106B10003BFD034687F827310FE0D7F814312833BF
:106B20000221184600F0E2FD034687F8273104E011
:106B3000012387F8273100E000BF97F82731002BA9
:106B40000BD14B4B9B6D23F44031D7F81431D3F864
:106B5000A430474A0B43936503E097F8273187F841
:106B60002631D7F81431D3E9002302F48023BB6720
:106B70000023FB67D7E91E120B4613433BD0D7F81F
:106B80001431D3F88830B3F5401F1FD0B3F5401F40
:106B900018D8B3F5801F03D0B3F5001F07D011E05C
:106BA000334BDB6A324A43F40033D3620FE0D7F849
:106BB000143128330121184600F098FD034687F868
:106BC000273104E0012387F8273100E000BF97F860
:106BD0002731002B0BD1264B5B6D23F44011D7F8E6
:106BE0001431D3F88830224A0B43536503E097F8F9
:106BF000273187F82631D7F81431D3E9002302F47E
:106C000080333B6700237B67D7E91C120B46134395
:106C100034D0D7F814311B6D002B03D0B3F5803F6F
:106C200007D011E0124BDB6A114A43F40033D36200
:106C30000EE0D7F8143108330221184600F0A4FC06
:106C4000034687F8273103E0012387F8273100BF87
:106C500097F82731002B0DD1054BDB6C23F48031E5
:106C6000D7F814311B6D024A0B43D36406E000BF12
:106C70000044025897F8273187F82631D7F81431A5
:106C8000D3E9002302F00053BB660023FB66D7E97B
:106C90001A120B4613430CD0D7F8143128330221B3
:106CA000184600F023FD0346002B02D0012387F88D
:106CB0002631D7F81431D3E9002302F400333B66C0
:106CC00000237B66D7E918120B46134338D0D7F858
:106CD0001431D3F88030B3F5407F18D0B3F5407F3E
:106CE00011D8B3F5007F14D0B3F5007F0BD8002B7B
:106CF00011D0B3F5807F06D1C34BDB6AC24A43F49F
:106D00000033D36208E0012387F8273104E000BF95
:106D100002E000BF00E000BF97F82731002B0BD145
:106D2000B94B5B6D23F44071D7F81431D3F8803040
:106D3000B54A0B43536503E097F8273187F82631AE
:106D4000D7F81431D3E9002302F48013BB65002384
:106D5000FB65D7E916120B46134309D0AA4B1B6DEE
:106D600023F00041D7F814315B6FA74A0B4313653A
:106D7000D7F81431D3E9002302F080533B65002398
:106D80007B65D7E914120B4613430AD09E4B1B694F
:106D900023F48041D7F81431D3F8B8309A4A0B4322
:106DA0001361D7F81431D3E9002302F40013BB6454
:106DB0000023FB64D7E912120B46134309D0924B10
:106DC0001B6D23F08071D7F81431DB6E8E4A0B43B4
:106DD0001365D7F81431D3E9002302F080433B64F4
:106DE00000237B64D7E910120B4613430ED0864B69
:106DF0001B69854A23F400431361834B1969D7F853
:106E00001431D3F8BC30804A0B431361D7F81431E6
:106E1000D3E9002302F00043BB630023FB63D7E9FF
:106E20000E120B46134309D0774BDB6C23F0405115
:106E3000D7F814315B6D744A0B43D364D7F814311F
:106E4000D3E9002302F400033B6300237B63D7E90B
:106E50000C120B4613430AD06B4B5B6D23F44001BD
:106E6000D7F81431D3F88C30674A0B435365D7F801
:106E70001431D3E900230021B96203F00103FB625E
:106E8000D7E90A120B46134311D0D7F8143108334F
:106E90000021184600F078FB034687F8273197F861
:106EA0002731002B03D097F8273187F82631D7F800
:106EB0001431D3E900230021396203F002037B621D
:106EC000D7E908120B46134311D0D7F81431083311
:106ED0000121184600F058FB034687F8273197F840
:106EE0002731002B03D097F8273187F82631D7F8C0
:106EF0001431D3E900230021B96103F00403FB61DD
:106F0000D7E906120B46134311D0D7F814310833D2
:106F10000221184600F038FB034687F8273197F81E
:106F20002731002B03D097F8273187F82631D7F87F
:106F30001431D3E900230021396103F008037B6198
:106F4000D7E904120B46134311D0D7F81431283374
:106F50000021184600F0CAFB034687F8273197F84E
:106F60002731002B03D097F8273187F82631D7F83F
:106F70001431D3E900230021B96003F01003FB6052
:106F8000D7E902120B46134311D0D7F81431283336
:106F90000121184600F0AAFB034687F8273197F82D
:106FA0002731002B03D097F8273187F82631D7F8FF
:106FB0001431D3E900230021396003F020037B6002
:106FC000D7E900120B46134311D0D7F814312833F8
:106FD0000221184600F08AFB034687F8273197F80C
:106FE0002731002B03D097F8273187F8263197F8FF
:106FF0002631002B01D1002300E00123184607F5BC
:107000009477BD46BDE8B08F0044025880B500AF0C
:10701000FEF754FD0246064B1B6A1B0903F00703EB
:107020000449CB5C03F01F0322FA03F3184680BD2A
:107030000044025888CC010880B489B000AF786061
:10704000A14B9B6A03F00303BB619F4B9B6A1B0B25
:1070500003F03F037B619C4BDB6A1B0903F00103D8
:107060003B61994BDB6BDB08C3F30C033A6902FB12
:1070700003F307EE903AF8EE677AC7ED037A7B697F
:10708000002B00F01181BB69022B00F08380BB69EB
:10709000022B00F2A180BB69002B03D0BB69012B3E
:1070A00056D099E0884B1B6803F02003002B2DD0AD
:1070B000854B1B68DB0803F00303844A22FA03F3C1
:1070C000BB60BB6807EE903AF8EE676A7B6907EE33
:1070D000903AF8EE677A86EEA77A7B4B9B6BC3F308
:1070E000080307EE903AF8EE676A97ED036ADFED62
:1070F000785AC6EE257A76EEA77AF7EE006A77EE32
:10710000A67A67EE277AC7ED077A87E07B6907EEF4
:10711000903AF8EE677ADFED6F6A86EEA77A6A4BEF
:107120009B6BC3F3080307EE903AF8EE676A97ED9E
:10713000036ADFED675AC6EE257A76EEA77AF7EE98
:10714000006A77EEA67A67EE277AC7ED077A65E0E0
:107150007B6907EE903AF8EE677ADFED5F6A86EEBC
:10716000A77A594B9B6BC3F3080307EE903AF8EEEE
:10717000676A97ED036ADFED565AC6EE257A76EE1A
:10718000A77AF7EE006A77EEA67A67EE277AC7ED60
:10719000077A43E07B6907EE903AF8EE677ADFED15
:1071A0004F6A86EEA77A484B9B6BC3F3080307EE42
:1071B000903AF8EE676A97ED036ADFED455AC6EE3E
:1071C000257A76EEA77AF7EE006A77EEA67A67EE72
:1071D000277AC7ED077A21E07B6907EE903AF8EE4F
:1071E000677ADFED3D6A86EEA77A374B9B6BC3F378
:1071F000080307EE903AF8EE676A97ED036ADFED51
:10720000345AC6EE257A76EEA77AF7EE006A77EE64
:10721000A67A67EE277AC7ED077A00BF2A4B9B6BE9
:107220005B0A03F07F0307EE903AF8EE677AB7EE59
:10723000007A37EE877AD7ED076AC6EE877AFCEEDA
:10724000E77A17EE902A7B681A601F4B9B6B1B0C2A
:1072500003F07F0307EE903AF8EE677AB7EE007A14
:1072600037EE877AD7ED076AC6EE877AFCEEE77AC3
:1072700017EE902A7B685A60134B9B6B1B0E03F032
:107280007F0307EE903AF8EE677AB7EE007A37EEB2
:10729000877AD7ED076AC6EE877AFCEEE77A17EEB3
:1072A000902A7B689A6008E07B6800221A607B68FD
:1072B00000225A607B6800229A6000BF2437BD46D6
:1072C0005DF8047B704700BF004402580090D00373
:1072D000000000460024744C0024744A20BCBE4BBD
:1072E00080B489B000AF7860A14B9B6A03F00303C0
:1072F000BB619F4B9B6A1B0D03F03F037B619C4B63
:10730000DB6A1B0A03F001033B61994B5B6CDB08F2
:10731000C3F30C033A6902FB03F307EE903AF8EE6D
:10732000677AC7ED037A7B69002B00F01181BB6996
:10733000022B00F08380BB69022B00F2A180BB69A5
:10734000002B03D0BB69012B56D099E0884B1B68FA
:1073500003F02003002B2DD0854B1B68DB0803F0C6
:107360000303844A22FA03F3BB60BB6807EE903A3A
:10737000F8EE676A7B6907EE903AF8EE677A86EE78
:10738000A77A7B4B1B6CC3F3080307EE903AF8EE29
:10739000676A97ED036ADFED785AC6EE257A76EED6
:1073A000A77AF7EE006A77EEA67A67EE277AC7ED3E
:1073B000077A87E07B6907EE903AF8EE677ADFEDAF
:1073C0006F6A86EEA77A6A4B1B6CC3F3080307EE5D
:1073D000903AF8EE676A97ED036ADFED675AC6EEFA
:1073E000257A76EEA77AF7EE006A77EEA67A67EE50
:1073F000277AC7ED077A65E07B6907EE903AF8EEE9
:10740000677ADFED5F6A86EEA77A594B1B6CC3F390
:10741000080307EE903AF8EE676A97ED036ADFED2E
:10742000565AC6EE257A76EEA77AF7EE006A77EE20
:10743000A67A67EE277AC7ED077A43E07B6907EE05
:10744000903AF8EE677ADFED4F6A86EEA77A484BFE
:107450001B6CC3F3080307EE903AF8EE676A97EDEA
:10746000036ADFED455AC6EE257A76EEA77AF7EE87
:10747000006A77EEA67A67EE277AC7ED077A21E0F1
:107480007B6907EE903AF8EE677ADFED3D6A86EEAB
:10749000A77A374B1B6CC3F3080307EE903AF8EE5C
:1074A000676A97ED036ADFED345AC6EE257A76EE09
:1074B000A77AF7EE006A77EEA67A67EE277AC7ED2D
:1074C000077A00BF2A4B1B6C5B0A03F07F0307EEB1
:1074D000903AF8EE677AB7EE007A37EE877AD7ED12
:1074E000076AC6EE877AFCEEE77A17EE902A7B6889
:1074F0001A601F4B1B6C1B0C03F07F0307EE903AC6
:10750000F8EE677AB7EE007A37EE877AD7ED076A3A
:10751000C6EE877AFCEEE77A17EE902A7B685A600F
:10752000134B1B6C1B0E03F07F0307EE903AF8EE33
:10753000677AB7EE007A37EE877AD7ED076AC6EE3C
:10754000877AFCEEE77A17EE902A7B689A6008E06B
:107550007B6800221A607B6800225A607B680022E8
:107560009A6000BF2437BD465DF8047B704700BFBA
:10757000004402580090D003000000460024744CE0
:107580000024744A20BCBE4B80B584B000AF786044
:1075900039600023FB73534B9B6A03F00303032BF7
:1075A00001D1012399E04F4B1B684E4A23F08063C1
:1075B0001360FAF707F9B86008E0FAF703F9024632
:1075C000BB68D31A022B01D9032386E0454B1B6805
:1075D00003F00063002BF0D1424B9B6A23F47C3212
:1075E0007B681B681B033F4913438B627B685B68A6
:1075F000013BC3F308027B689B68013B5B029BB2C3
:107600001A437B68DB68013B1B0403F4FE031A4347
:107610007B681B69013B1B0603F0FE4331491343A2
:107620008B63304BDB6A23F0C0027B685B692D49BA
:107630001343CB622B4BDB6A23F020027B689B69F0
:1076400028491343CB62274BDB6A264A23F01003F9
:10765000D362244BDA6B244B13407A68D269D20090
:1076600020491343CB631F4BDB6A1E4A43F01003D0
:10767000D3623B68002B06D11A4BDB6A194A43F4EC
:107680000023D3620FE03B68012B06D1154BDB6A68
:10769000144A43F48013D36205E0124BDB6A114AAB
:1076A00043F40013D3620F4B1B680E4A43F0806310
:1076B0001360FAF787F8B86008E0FAF783F8024633
:1076C000BB68D31A022B01D9032306E0054B1B68C4
:1076D00003F00063002BF0D0FB7B18461037BD464B
:1076E00080BD00BF004402580700FFFF80B584B092
:1076F00000AF786039600023FB73534B9B6A03F043
:107700000303032B01D1012399E04F4B1B684E4A21
:1077100023F080531360FAF755F8B86008E0FAF7E1
:1077200051F80246BB68D31A022B01D9032386E025
:10773000454B1B6803F00053002BF0D1424B9B6A72
:1077400023F07C727B681B681B053F4913438B62E7
:107750007B685B68013BC3F308027B689B68013B65
:107760005B029BB21A437B68DB68013B1B0403F49A
:10777000FE031A437B681B69013B1B0603F0FE43B3
:10778000314913430B64304BDB6A23F440627B685E
:107790005B692D491343CB622B4BDB6A23F40072E8
:1077A0007B689B6928491343CB62274BDB6A264AD7
:1077B00023F48073D362244B5A6C244B13407A68B1
:1077C000D269D200204913434B641F4BDB6A1E4A27
:1077D00043F48073D3623B68002B06D11A4BDB6AFB
:1077E000194A43F48003D3620FE03B68012B06D1B2
:1077F000154BDB6A144A43F40003D36205E0124BD5
:10780000DB6A114A43F08073D3620F4B1B680E4A48
:1078100043F080531360F9F7D5FFB86008E0F9F73B
:10782000D1FF0246BB68D31A022B01D9032306E01D
:10783000054B1B6803F00053002BF0D0FB7B184670
:107840001037BD4680BD00BF004402580700FFFF4F
:1078500080B582B000AF78607B68002B01D1012336
:1078600049E07B6893F83D30DBB2002B06D17B68A2
:10787000002283F83C20786800F041F87B680222FF
:1078800083F83D207B681A687B68043319461046EC
:1078900000F0E8F97B68012283F848207B68012228
:1078A00083F83E207B68012283F83F207B68012219
:1078B00083F840207B68012283F841207B68012205
:1078C00083F842207B68012283F843207B680122F1
:1078D00083F844207B68012283F845207B680122DD
:1078E00083F846207B68012283F847207B680122C9
:1078F00083F83D20002318460837BD4680BD80B47C
:1079000083B000AF786000BF0C37BD465DF8047BE4
:107910007047000080B485B000AF78607B6893F852
:107920003D30DBB2012B01D0012354E07B68022201
:1079300083F83D207B681B68DA687B681B6842F02F
:107940000102DA607B681B68264A934222D07B687A
:107950001B68B3F1804F1DD07B681B68224A93429D
:1079600018D07B681B68214A934213D07B681B6840
:107970001F4A93420ED07B681B681E4A934209D06F
:107980007B681B681C4A934204D07B681B681B4AB7
:10799000934215D17B681B689A68194B1340FB60B2
:1079A000FB68062B15D0FB68B3F5803F11D07B68D0
:1079B0001B681A687B681B6842F001021A6008E0C5
:1079C0007B681B681A687B681B6842F001021A60BA
:1079D00000E000BF002318461437BD465DF8047B65
:1079E000704700BF00000140000400400008004054
:1079F000000C00400004014000180040004001401D
:107A00000700010080B584B000AF78607B681B6818
:107A1000DB68FB607B681B681B69BB60BB6803F0AD
:107A20000203002B20D0FB6803F00203002B1BD0C5
:107A30007B681B686FF002021A617B6801221A776B
:107A40007B681B689B6903F00303002B03D07868F5
:107A500000F0E9F805E0786800F0DBF8786800F0FD
:107A6000ECF87B6800221A77BB6803F00403002B54
:107A700020D0FB6803F00403002B1BD07B681B683D
:107A80006FF004021A617B6802221A777B681B6818
:107A90009B6903F44073002B03D0786800F0C3F8AF
:107AA00005E0786800F0B5F8786800F0C6F87B6803
:107AB00000221A77BB6803F00803002B20D0FB6874
:107AC00003F00803002B1BD07B681B686FF00802D3
:107AD0001A617B6804221A777B681B68DB6903F0F4
:107AE0000303002B03D0786800F09DF805E0786868
:107AF00000F08FF8786800F0A0F87B6800221A7711
:107B0000BB6803F01003002B20D0FB6803F01003C8
:107B1000002B1BD07B681B686FF010021A617B681A
:107B200008221A777B681B68DB6903F44073002B1B
:107B300003D0786800F077F805E0786800F069F81D
:107B4000786800F07AF87B6800221A77BB6803F047
:107B50000103002B0CD0FB6803F00103002B07D0BE
:107B60007B681B686FF001021A617868F9F7D6F933
:107B7000BB6803F08003002B04D1BB6803F40053FF
:107B8000002B0CD0FB6803F08003002B07D07B6830
:107B90001B686FF402521A61786800F013F9BB6831
:107BA00003F48073002B0CD0FB6803F08003002BE0
:107BB00007D07B681B686FF480721A61786800F0E8
:107BC0000BF9BB6803F04003002B0CD0FB6803F0FB
:107BD0004003002B07D07B681B686FF040021A61DE
:107BE000786800F034F8BB6803F02003002B0CD059
:107BF000FB6803F02003002B07D07B681B686FF045
:107C000020021A61786800F0D3F800BF1037BD4633
:107C100080BD80B483B000AF786000BF0C37BD4634
:107C20005DF8047B704780B483B000AF786000BF1C
:107C30000C37BD465DF8047B704780B483B000AF5D
:107C4000786000BF0C37BD465DF8047B704780B498
:107C500083B000AF786000BF0C37BD465DF8047B91
:107C60007047000080B485B000AF786039607B68F1
:107C70001B68FB607B68464A934213D07B68B3F174
:107C8000804F0FD07B68434A93420BD07B68424AB7
:107C9000934207D07B68414A934203D07B68404AB5
:107CA000934208D1FB6823F07003FB603B685B687C
:107CB000FA681343FB607B68354A93421FD07B68A8
:107CC000B3F1804F1BD07B68324A934217D07B6858
:107CD000314A934213D07B68304A93420FD07B687D
:107CE0002F4A93420BD07B682E4A934207D07B6881
:107CF0002D4A934203D07B682C4A934208D1FB68FB
:107D000023F44073FB603B68DB68FA681343FB6055
:107D1000FB6823F080023B685B691343FB607B6870
:107D2000FA681A603B689A687B68DA623B681A688E
:107D30007B689A627B68164A93420FD07B68184A28
:107D400093420BD07B68174A934207D07B68164A50
:107D5000934203D07B68154A934203D13B681A696A
:107D60007B681A637B6801225A617B681B6903F098
:107D70000103012B05D17B681B6923F001027B689D
:107D80001A6100BF1437BD465DF8047B704700BF21
:107D9000000001400004004000080040000C0040CA
:107DA00000040140004001400044014000480140FF
:107DB00080B483B000AF786000BF0C37BD465DF87B
:107DC000047B704780B483B000AF786000BF0C378D
:107DD000BD465DF8047B704780B483B000AF786027
:107DE00000BF0C37BD465DF8047B704780B582B09C
:107DF00000AF78607B68002B01D1012342E07B68F3
:107E0000D3F88830002B06D17B68002283F88420C9
:107E10007868F9F735FB7B682422C3F888207B68F3
:107E20001B681A687B681B6822F001021A607B6875
:107E30009B6A002B02D0786801F078FB786800F02C
:107E40000DFE0346012B01D101231BE07B681B685B
:107E50005A687B681B6822F490425A607B681B68F2
:107E60009A687B681B6822F02A029A607B681B680C
:107E70001A687B681B6842F001021A60786801F09A
:107E8000F7FB034618460837BD4680BD80B58AB06B
:107E900002AFF860B9603B601346FB80FB68D3F823
:107EA0008830202B7BD1BB68002B02D0FB88002BB5
:107EB00001D1012374E0FB680022C3F89020FB6825
:107EC0002122C3F88820F9F77DFC7861FB68FA88E5
:107ED000A3F85420FB68FA88A3F85620FB689B6837
:107EE000B3F5805F08D1FB681B69002B04D1002328
:107EF000FB61BB68BB6103E0BB68FB610023BB6146
:107F000030E03B6800937B6900228021F86801F033
:107F100059FC0346002B05D0FB682022C3F88820BB
:107F200003233DE0FB69002B0BD1BB691B881A467C
:107F3000FB681B68C2F308029A62BB690233BB612B
:107F400007E0FB691A78FB681B689A62FB690133DA
:107F5000FB61FB68B3F856309BB2013B9AB2FB68F9
:107F6000A3F85620FB68B3F856309BB2002BC8D15B
:107F70003B6800937B6900224021F86801F022FCF5
:107F80000346002B05D0FB682022C3F8882003237A
:107F900006E0FB682022C3F88820002300E00223CB
:107FA00018462037BD4680BD80B58AB000AFF86066
:107FB000B9601346FB80FB68D3F88830202B67D16B
:107FC000BB68002B02D0FB88002B01D1012360E0AD
:107FD000FB68BA681A65FB68FA88A3F85420FB6846
:107FE000FA88A3F85620FB680022C3F89020FB68AB
:107FF0002122C3F88820FB68DB6F002B28D0FB68A8
:10800000DB6F264ADA63FB68DB6F254A1A64FB687C
:10801000DB6F244ADA64FB68DB6F00221A65FB68B9
:10802000D86FFB681B6D1946FB681B6828331A461E
:10803000FB88FAF7AFF80346002B09D0FB68102243
:10804000C3F89020FB682022C3F88820012320E099
:10805000FB681B6840221A62FB681B6808337B615F
:108060007B6953E8003F3B613B6943F080037B62DF
:10807000FB681B6808337A6A3A62FB61F9693A6AFD
:1080800041E80023BB61BB69002BE5D1002300E080
:10809000022318462837BD4680BD00BF3D9B00081F
:1080A000D39B0008559D000880B58AB000AFF860EA
:1080B000B9601346FB80FB68D3F88C30202B37D196
:1080C000BB68002B02D0FB88002B01D1012330E0DC
:1080D000FB680022DA66FB681B68184A93421FD0CF
:1080E000FB681B685B6803F40003002B18D0FB6877
:1080F0001B687B617B6953E8003F3B613B6943F050
:1081000080637B62FB681B681A467B6A3B62FA618C
:10811000F9693A6A41E80023BB61BB69002BE6D1EB
:10812000FB881A46B968F86801F0BAFB034600E01C
:10813000022318462837BD4680BD00BF000C0058FA
:1081400080B590B000AF78607B68D3F88830FB636F
:108150007B68D3F88C30BB637B681B689B6803F03B
:108160008003802B39D1FB6B212B36D17B681B68B8
:1081700008333B623B6A53E8003FFB61FB6923F035
:1081800080037B637B681B6808337A6BFA62BB628F
:10819000B96AFA6A41E800237B627B6A002BE5D169
:1081A0007B68DB6F002B15D07B68DB6F1846FAF716
:1081B0005BFA0346002B0DD07B68DB6F1846FBF79C
:1081C000E1FE0346202B05D17B681022C3F89020E6
:1081D000032347E0786801F009FC7B681B689B6813
:1081E00003F04003402B3CD1BB6B222B39D17B6881
:1081F0001B680833FB60FB6853E8003FBB60BB684B
:1082000023F040033B637B681B6808333A6BBA6119
:108210007B617969BA6941E800233B613B69002BC6
:10822000E5D17B68D3F88030002B17D07B68D3F87A
:1082300080301846FAF718FA0346002B0ED07B68F8
:10824000D3F880301846FBF79DFE0346202B05D15E
:108250007B681022C3F89020032303E0786801F0C4
:1082600007FC002318464037BD4680BD80B5BAB034
:1082700000AF78607B681B68DB69C7F8E4307B6817
:108280001B681B68C7F8E0307B681B689B68C7F8F1
:10829000DC30D7F8E42040F60F031340C7F8D8309D
:1082A000D7F8D830002B1BD1D7F8E43003F02003E7
:1082B000002B15D0D7F8E03003F02003002B05D1B8
:1082C000D7F8DC3003F08053002B09D07B685B6F5C
:1082D000002B00F077837B685B6F7868984771E3C9
:1082E000D7F8D830002B00F02381D7F8DC208D4B55
:1082F0001340002B06D1D7F8E0208B4B1340002B06
:1083000000F01681D7F8E43003F00103002B11D000
:10831000D7F8E03003F48073002B0BD07B681B6828
:1083200001221A627B68D3F8903043F001027B6827
:10833000C3F89020D7F8E43003F00203002B11D0EB
:10834000D7F8DC3003F00103002B0BD07B681B68EF
:1083500002221A627B68D3F8903043F004027B68F3
:10836000C3F89020D7F8E43003F00403002B11D0B9
:10837000D7F8DC3003F00103002B0BD07B681B68BF
:1083800004221A627B68D3F8903043F002027B68C3
:10839000C3F89020D7F8E43003F00803002B17D07F
:1083A000D7F8E03003F02003002B05D1D7F8DC200C
:1083B0005C4B1340002B0BD07B681B6808221A62B1
:1083C0007B68D3F8903043F008027B68C3F89020B4
:1083D000D7F8E43003F40063002B12D0D7F8E03074
:1083E00003F08063002B0CD07B681B684FF40062A5
:1083F0001A627B68D3F8903043F020027B68C3F8A0
:1084000090207B68D3F89030002B00F0DD82D7F805
:10841000E43003F02003002B13D0D7F8E03003F052
:108420002003002B05D1D7F8DC3003F08053002B5C
:1084300007D07B685B6F002B03D07B685B6F78682D
:1084400098477B68D3F89030C7F8D4307B681B68B6
:108450009B6803F04003402B05D0D7F8D43003F0DD
:108460002803002B54D0786801F002FB7B681B685E
:108470009B6803F04003402B46D17B681B680833A0
:10848000C7F89C30D7F89C3053E8003FC7F89830C5
:10849000D7F8983023F04003C7F8D0307B681B68CA
:1084A0000833D7F8D020C7F8A820C7F8A430D7F8E9
:1084B000A410D7F8A82041E80023C7F8A030D7F8C7
:1084C000A030002BD9D17B68D3F88030002B17D097
:1084D0007B68D3F88030154A1A657B68D3F8803002
:1084E0001846FAF7DFFB0346002B19D07B68D3F858
:1084F00080301B6D7A68D2F88020104698470FE0D4
:10850000786800F095FA0BE0786800F091FA07E0DF
:10851000786800F08DFA7B680022C3F8902053E25F
:1085200000BF51E20100001020010004D59D0008A9
:108530007B68DB6E012B40F0E781D7F8E43003F075
:108540001003002B00F0E081D7F8E03003F01003B7
:10855000002B00F0D9817B681B6810221A627B68AF
:108560001B689B6803F04003402B40F051817B68FF
:10857000D3F880301B68964A934268D07B68D3F862
:1085800080301B68934A934261D07B68D3F8803077
:108590001B68914A93425AD07B68D3F880301B689D
:1085A0008E4A934253D07B68D3F880301B688C4A44
:1085B00093424CD07B68D3F880301B68894A934241
:1085C00045D07B68D3F880301B68874A93423ED001
:1085D0007B68D3F880301B68844A934237D07B682D
:1085E000D3F880301B68824A934230D07B68D3F83E
:1085F00080301B687F4A934229D07B68D3F8803053
:108600001B687D4A934222D07B68D3F880301B6878
:108610007A4A93421BD07B68D3F880301B68784A33
:10862000934214D07B68D3F880301B68754A93421C
:108630000DD07B68D3F880301B68734A934206D014
:108640007B68D3F880301B68704A934206D17B6800
:10865000D3F880301B685B689BB205E07B68D3F879
:1086600080301B685B689BB2A7F8BE30B7F8BE309D
:10867000002B00F0AB817B68B3F85C30B7F8BE200C
:108680009A4280F0A3817B68B7F8BE20A3F85E20F1
:108690007B68D3F88030DB69B3F5807F00F087809A
:1086A0007B681B68C7F88830D7F8883053E8003FEC
:1086B000C7F88430D7F8843023F48073C7F8B83013
:1086C0007B681B681A46D7F8B830C7F89430C7F8EB
:1086D0009020D7F89010D7F8942041E80023C7F8ED
:1086E0008C30D7F88C30002BDAD17B681B680833CC
:1086F0007B677B6F53E8003F3B673B6F23F00103D1
:10870000C7F8B4307B681B680833D7F8B420C7F8C3
:108710008020FB67F96FD7F8802041E80023BB6712
:10872000BB6F002BE1D17B681B6808333B663B6E57
:1087300053E8003FFB65FB6D23F04003C7F8B03002
:108740007B681B680833D7F8B020FA66BB66B96E41
:10875000FA6E41E800237B667B6E002BE3D17B68D9
:108760002022C3F88C207B680022DA667B681B68B5
:10877000FB64FB6C53E8003FBB64BB6C23F010034D
:10878000C7F8AC307B681B681A46D7F8AC30BB65BD
:108790007A65796DBA6D41E800233B653B6D002B2E
:1087A000E4D17B68D3F880301846F9F75DFF7B6829
:1087B00002221A677B68B3F85C207B68B3F85E30EE
:1087C0009BB2D31A9BB21946786800F03BF9FDE0E2
:1087D00010000240280002404000024058000240C1
:1087E0007000024088000240A0000240B800024031
:1087F0001004024028040240400402405804024091
:108800007004024088040240A0040240B804024000
:108810007B68B3F85C207B68B3F85E309BB2D31AF8
:10882000A7F8CE307B68B3F85E309BB2002B00F027
:10883000CF80B7F8CE30002B00F0CA807B681B6871
:10884000BB63BB6B53E8003F7B637B6B23F490738C
:10885000C7F8C8307B681B681A46D7F8C8307B64F5
:108860003A64396C7A6C41E80023FB63FB6B002BA4
:10887000E4D17B681B6808337B627B6A53E8003F66
:108880003B623A6A554B1340C7F8C4307B681B689B
:108890000833D7F8C4203A63FB62F96A3A6B41E8BF
:1088A0000023BB62BB6A002BE3D17B682022C3F8A4
:1088B0008C207B680022DA667B6800225A677B681E
:1088C0001B683B613B6953E8003FFB60FB6823F09A
:1088D0001003C7F8C0307B681B681A46D7F8C03051
:1088E000FB61BA61B969FA6941E800237B617B6980
:1088F000002BE4D17B6802221A67B7F8CE30194604
:10890000786800F09FF863E0D7F8E43003F4801350
:10891000002B0ED0D7F8DC3003F48003002B08D0F6
:108920007B681B684FF480121A62786801F093FA32
:1089300051E0D7F8E43003F08003002B14D0D7F8CF
:10894000E03003F08003002B05D1D7F8DC3003F4CE
:108950000003002B08D07B689B6F002B3AD07B680C
:108960009B6F7868984735E0D7F8E43003F0400310
:10897000002B09D0D7F8E03003F04003002B03D0E0
:10898000786801F03DFA26E0D7F8E43003F40003FC
:10899000002B09D0D7F8E03003F08043002B03D040
:1089A000786801F06CFA16E0D7F8E43003F08073D1
:1089B000002B10D0D7F8E030002B0CDA786801F0EB
:1089C00054FA08E000BF06E000BF04E000BF02E088
:1089D00000BF00E000BFE837BD4680BDFEFFFFEFEF
:1089E00080B483B000AF786000BF0C37BD465DF83F
:1089F000047B704780B483B000AF786000BF0C3751
:108A0000BD465DF8047B704780B483B000AF7860EA
:108A100000BF0C37BD465DF8047B704780B483B05F
:108A200000AF786000BF0C37BD465DF8047B70472F
:108A300080B483B000AF786000BF0C37BD465DF8EE
:108A4000047B704780B483B000AF78600B467B80B6
:108A500000BF0C37BD465DF8047B70472DE9B04F71
:108A600092B000AF7861002387F842307B699A6842
:108A70007B691B691A437B695B691A437B69DB6904
:108A800013437B647B691B681A68BE4B13407A6989
:108A90001268796C0B4313607B691B685B6823F475
:108AA00040517B69DA687B691B680A435A607B69BD
:108AB0009B697B647B691B68B34A934204D07B69E2
:108AC0001B6A7A6C13437B647B691B689A68AF4BA3
:108AD00013407A691268796C0B4393607B691B6859
:108AE000DB6A23F00F017B695A6A7B691B680A43C2
:108AF000DA627B691B68A64A934277D1A54B5B6D0E
:108B000003F03803282B6DD801A252F823F000BFE0
:108B1000B58B0008E58B0008E58B0008E58B0008A5
:108B2000E58B0008E58B0008E58B0008E58B000865
:108B3000BD8B0008E58B0008E58B0008E58B00087D
:108B4000E58B0008E58B0008E58B0008E58B000845
:108B5000C58B0008E58B0008E58B0008E58B000855
:108B6000E58B0008E58B0008E58B0008E58B000825
:108B7000CD8B0008E58B0008E58B0008E58B00082D
:108B8000E58B0008E58B0008E58B0008E58B000805
:108B9000D58B0008E58B0008E58B0008E58B000805
:108BA000E58B0008E58B0008E58B0008E58B0008E5
:108BB000DD8B0008012387F8433022E2042387F885
:108BC00043301EE2082387F843301AE2102387F867
:108BD000433016E2202387F8433012E2402387F81F
:108BE00043300EE2802387F843300AE27B691B683A
:108BF000694A934230D1674B5B6D03F00703052B45
:108C000026D801A252F823F0218C0008298C0008F4
:108C1000318C0008398C0008418C0008498C000810
:108C2000002387F84330ECE1042387F84330E8E180
:108C3000082387F84330E4E1102387F84330E0E16C
:108C4000202387F84330DCE1402387F84330D8E124
:108C5000802387F84330D4E17B691B684F4A9342F5
:108C600030D14C4B5B6D03F00703052B26D801A2D6
:108C700052F823F08D8C0008958C00089D8C00081C
:108C8000A58C0008AD8C0008B58C0008002387F87F
:108C90004330B6E1042387F84330B2E1082387F874
:108CA0004330AEE1102387F84330AAE1202387F850
:108CB0004330A6E1402387F84330A2E1802387F8C0
:108CC00043309EE17B691B68354A934230D1314B7A
:108CD0005B6D03F00703052B26D801A252F823F0A1
:108CE000F98C0008018D0008098D0008118D00081D
:108CF000198D0008218D0008002387F8433080E19A
:108D0000042387F843307CE1082387F8433078E177
:108D1000102387F8433074E1202387F8433070E153
:108D2000402387F843306CE1802387F8433068E1C3
:108D30007B691B681B4A934242D1164B5B6D03F063
:108D40000703052B38D801A252F823F0658D0008DF
:108D50006D8D0008758D00087D8D0008A98D0008B7
:108D6000B18D0008002387F843304AE1042387F8D7
:108D7000433046E1082387F8433042E1102387F867
:108D800043303EE1F369FFCF000C0058FFF4FF11C0
:108D900000100140004402580044004000480040D8
:108DA000004C004000500040202387F8433028E169
:108DB000402387F8433024E1802387F8433020E1C3
:108DC0007B691B68CB4A934276D1CB4B5B6D03F03A
:108DD0003803282B6CD801A252F823F0818E0008AA
:108DE000B18E0008B18E0008B18E0008B18E000867
:108DF000B18E0008B18E0008B18E0008898E00087F
:108E0000B18E0008B18E0008B18E0008B18E000846
:108E1000B18E0008B18E0008B18E0008918E000856
:108E2000B18E0008B18E0008B18E0008B18E000826
:108E3000B18E0008B18E0008B18E0008998E00082E
:108E4000B18E0008B18E0008B18E0008B18E000806
:108E5000B18E0008B18E0008B18E0008A18E000806
:108E6000B18E0008B18E0008B18E0008B18E0008E6
:108E7000B18E0008B18E0008B18E0008A98E0008DE
:108E8000012387F84330BCE0042387F84330B8E07F
:108E9000082387F84330B4E0102387F84330B0E06C
:108EA000202387F84330ACE0402387F84330A8E024
:108EB000802387F84330A4E07B691B688F4A934284
:108EC00030D18D4B5B6D03F00703052B26D801A233
:108ED00052F823F0ED8E0008F58E0008FD8E000894
:108EE000058F00080D8F0008158F0008002387F8F4
:108EF000433086E0042387F8433082E0082387F874
:108F000043307EE0102387F843307AE0202387F84F
:108F1000433076E0402387F8433072E0802387F8BF
:108F200043306EE07B691B68754A934230D1724BC7
:108F30005B6D03F00703052B26D801A252F823F03E
:108F4000598F0008618F0008698F0008718F000831
:108F5000798F0008818F0008002387F8433050E0A4
:108F6000042387F843304CE0082387F8433048E077
:108F7000102387F8433044E0202387F8433040E053
:108F8000402387F843303CE0802387F8433038E0C3
:108F90007B691B685B4A934230D1574B9B6D03F052
:108FA0000703052B26D801A252F823F0C58F00082D
:108FB000CD8F0008D58F0008DD8F0008E58F0008F1
:108FC000ED8F0008022387F843301AE0042387F866
:108FD000433016E0082387F8433012E0102387F867
:108FE00043300EE0202387F843300AE0402387F81F
:108FF000433006E0802387F8433002E0802387F87F
:1090000043307B691B683F4A934240F0F88097F8F1
:109010004330202B46DC022BC0F28280023B1E2B09
:109020007ED801A252F823F0AB90000821910008ED
:10903000B3900008219100082191000821910008B7
:10904000C390000821910008219100082191000897
:109050002191000821910008219100082191000828
:10906000D390000821910008219100082191000867
:109070002191000821910008219100082191000808
:1090800021910008219100082191000821910008F8
:1090900021910008219100082191000821910008E8
:1090A00013910008402B37D03AE0FDF7AFFFF8638B
:1090B0003CE007F124031846FDF7BEFFBB6AFB63E3
:1090C00034E007F118031846FEF70AF9FB69FB6361
:1090D0002CE0094B1B6803F02003002B16D0064B35
:1090E0001B68DB0803F00303074A22FA03F3FB6360
:1090F0001CE000BF0014014000440258007800400A
:10910000007C0040000C00580090D0039D4BFB6396
:109110000CE09D4BFB6309E04FF40043FB6305E06B
:109120000023FB63012387F8423000BFFB6B002B59
:1091300000F0DE817B695B6A944A32F813301A468C
:10914000FB6BB3FBF2F33B637B695A6813465B002E
:1091500013443A6B9A4205D37B695B681B033A6BF5
:109160009A4203D9012387F84230C1E1FB6B002208
:10917000BB60FA607B695B6A844A32F813309BB249
:1091800000223B607A60D7E90023D7E90201F7F7B4
:109190005FF902460B46104619464FF000024FF0A9
:1091A00000030B0243EA1063020279694968490827
:1091B00000200C46054612EB040843EB05097B69C9
:1091C0005B6800229A46934652465B4640464946B3
:1091D000F7F73EF902460B461346BB63BB6BB3F58C
:1091E000407F08D3BB6BB3F5801F04D27B691B683B
:1091F000BA6BDA607CE1012387F8423078E17B6961
:10920000DB69B3F5004F40F0C58097F84330202B61
:1092100048DC002B7BDB202B79D801A252F823F00D
:10922000AB920008B39200080F9300080F93000858
:10923000BB9200080F9300080F9300080F930008DB
:10924000CB9200080F9300080F9300080F930008BB
:109250000F9300080F9300080F9300080F93000866
:10926000DB9200080F9300080F9300080F9300088B
:109270000F9300080F9300080F9300080F93000846
:109280000F9300080F9300080F9300080F93000836
:109290000F9300080F9300080F9300080F93000826
:1092A00001930008402B2ED031E0FCF737FCF86327
:1092B00033E0FCF749FCF8632FE007F1240318467C
:1092C000FDF7BAFEBB6AFB6327E007F118031846F7
:1092D000FEF706F8FB69FB631FE02D4B1B6803F0EC
:1092E0002003002B09D02A4B1B68DB0803F0030383
:1092F000244A22FA03F3FB630FE0224BFB630CE0EA
:10930000214BFB6309E04FF40043FB6305E00023BE
:10931000FB63012387F8423000BFFB6B002B00F09A
:10932000E7807B695B6A194A32F813301A46FB6B97
:10933000B3FBF2F35A007B695B685B081A447B69F4
:109340005B68B2FBF3F3BB63BB6B0F2B16D9BB6B34
:10935000B3F5803F12D2BB6B9BB223F00F03FB86A9
:10936000BB6B5B089BB203F007039AB2FB8E1343FF
:10937000FB867B691B68FA8EDA60B9E0012387F807
:109380004230B5E00090D00300093D00A0CC0108B8
:109390000044025897F84330202B49DC002B7CDB3B
:1093A000202B7AD801A252F823F000BF379400088E
:1093B0003F9400089B9400089B9400084794000881
:1093C0009B9400089B9400089B9400085794000805
:1093D0009B9400089B9400089B9400089B940008B1
:1093E0009B9400089B9400089B94000867940008D5
:1093F0009B9400089B9400089B9400089B94000891
:109400009B9400089B9400089B9400089B94000880
:109410009B9400089B9400089B9400089B94000870
:109420009B9400089B9400089B9400088D9400086E
:10943000402B2ED031E0FCF771FBF86333E0FCF7F2
:1094400083FBF8632FE007F124031846FDF7F4FDD2
:10945000BB6AFB6327E007F118031846FDF740FFDE
:10946000FB69FB631FE02D4B1B6803F02003002BFF
:1094700009D02A4B1B68DB0803F00303284A22FAB1
:1094800003F3FB630FE0264BFB630CE0254BFB6310
:1094900009E04FF40043FB6305E00023FB63012375
:1094A00087F8423000BFFB6B002B21D07B695B6AE1
:1094B0001D4A32F813301A46FB6BB3FBF2F27B699C
:1094C0005B685B081A447B695B68B2FBF3F3BB63C0
:1094D000BB6B0F2B09D9BB6BB3F5803F05D2BB6BC0
:1094E0009AB27B691B68DA6002E0012387F8423098
:1094F0007B690122A3F86A207B690122A3F8682016
:109500007B6900225A677B6900229A6797F842308C
:1095100018464837BD46BDE8B08F00BF004402582A
:109520000090D00300093D00A0CC010880B483B0B6
:1095300000AF78607B689B6A03F00803002B0AD0B9
:109540007B681B685B6823F400417B689A6B7B68CF
:109550001B680A435A607B689B6A03F00103002B77
:109560000AD07B681B685B6823F400317B68DA6A89
:109570007B681B680A435A607B689B6A03F002039E
:10958000002B0AD07B681B685B6823F480317B6802
:109590001A6B7B681B680A435A607B689B6A03F0FE
:1095A0000403002B0AD07B681B685B6823F48021CE
:1095B0007B685A6B7B681B680A435A607B689B6AAE
:1095C00003F01003002B0AD07B681B689B6823F410
:1095D00080517B68DA6B7B681B680A439A607B6802
:1095E0009B6A03F02003002B0AD07B681B689B68F2
:1095F00023F400517B681A6C7B681B680A439A60ED
:109600007B689B6A03F04003002B1AD07B681B68C1
:109610005B6823F480117B685A6C7B681B680A4383
:109620005A607B685B6CB3F5801F0AD17B681B684E
:109630005B6823F4C0017B689A6C7B681B680A43F3
:109640005A607B689B6A03F08003002B0AD07B681A
:109650001B685B6823F400217B68DA6C7B681B68FD
:109660000A435A6000BF0C37BD465DF8047B704763
:1096700080B598B002AF78607B680022C3F8902074
:10968000F8F7A0F878657B681B681B6803F008038F
:10969000082B2FD16FF07E4300937B6D00224FF497
:1096A0000011786800F08EF80346002B22D07B680A
:1096B0001B68BB63BB6B53E8003F7B637B6B23F092
:1096C00080033B657B681B681A463B6D7B643A648C
:1096D000396C7A6C41E80023FB63FB6B002BE6D10D
:1096E0007B682022C3F888207B68002283F88420CE
:1096F000032363E07B681B681B6803F00403042BEF
:1097000049D16FF07E4300937B6D00224FF48001BE
:10971000786800F057F80346002B3CD07B681B6844
:109720007B627B6A53E8003F3B623B6A23F49073A1
:10973000FB647B681B681A46FB6C3B63FA62F96A40
:109740003A6B41E80023BB62BB6A002BE6D17B6821
:109750001B6808333B613B6953E8003FFB60FB68D3
:1097600023F00103BB647B681B680833BA6CFA61A1
:10977000BB61B969FA6941E800237B617B69002B11
:10978000E5D17B682022C3F88C207B68002283F817
:109790008420032312E07B682022C3F888207B68A2
:1097A0002022C3F88C207B680022DA667B680022C6
:1097B0001A677B68002283F88420002318465837F4
:1097C000BD4680BD80B584B000AFF860B9603B6035
:1097D0001346FB714FE0BB69B3F1FF3F4BD0F7F786
:1097E000F1FF02463B68D31ABA699A4202D3BB69B9
:1097F000002B01D103234EE0FB681B681B6803F0BC
:109800000403002B37D0BB68802B34D0BB68402BBF
:1098100031D0FB681B68DB6903F00803082B10D10B
:10982000FB681B6808221A62F86800F021F9FB68DF
:109830000822C3F89020FB68002283F884200123CB
:1098400029E0FB681B68DB6903F40063B3F5006F74
:1098500011D1FB681B684FF400621A62F86800F0CF
:1098600007F9FB682022C3F89020FB68002283F8E8
:10987000842003230FE0FB681B68DA69BB68134090
:10988000BA689A420CBF01230023DBB21A46FB7967
:109890009A42A0D0002318461037BD4680BD000074
:1098A00080B596B000AFF860B9601346FB80FB68E6
:1098B000BA689A65FB68FA88A3F85C20FB68002206
:1098C000C3F89020FB682222C3F88C20FB68D3F8F1
:1098D0008030002B2DD0FB68D3F88030404ADA630B
:1098E000FB68D3F880303F4A1A64FB68D3F88030B5
:1098F0003D4ADA64FB68D3F8803000221A65FB68C1
:10990000D3F88000FB681B6824331946FB689B6D05
:109910001A46FB88F8F73EFC0346002B09D0FB688B
:109920001022C3F89020FB682022C3F88C2001236A
:1099300051E0FB681B69002B18D0FB681B68FB63B8
:10994000FB6B53E8003FBB63BB6B43F480737B65E9
:10995000FB681B681A467B6DBB647A64796CBA6CD1
:1099600041E800233B643B6C002BE6D1FB681B689D
:109970000833BB62BB6A53E8003F7B627B6A43F0FB
:1099800001033B65FB681B6808333A6D7A633B63F0
:10999000396B7A6B41E80023FB62FB6A002BE5D14F
:1099A000FB681B6808337B617B6953E8003F3B61C0
:1099B0003B6943F04003FB64FB681B680833FA6CA7
:1099C0003A62FB61F9693A6A41E80023BB61BB690D
:1099D000002BE5D1002318465837BD4680BD00BF97
:1099E000EF9B0008179D0008559D000880B48FB0BC
:1099F00000AF78607B681B683B623B6A53E8003FBE
:109A0000FB61FB6923F0C0037B637B681B681A461C
:109A10007B6BFB62BA62B96AFA6A41E800237B6237
:109A20007B6A002BE6D17B681B680833FB60FB6810
:109A300053E8003FBB60BB6823F400033B637B68D3
:109A40001B6808333A6BBA617B617969BA6941E88E
:109A500000233B613B69002BE5D17B682022C3F8E2
:109A6000882000BF3C37BD465DF8047B704700008E
:109A700080B495B000AF78607B681B687B637B6BBC
:109A800053E8003F3B633B6B23F49073FB647B68BC
:109A90001B681A46FB6C3B64FA63F96B3A6C41E84D
:109AA0000023BB63BB6B002BE6D17B681B680833CC
:109AB0003B623B6A53E8003FFB61FA691E4B13406F
:109AC000BB647B681B680833BA6CFA62BB62B96A14
:109AD000FA6A41E800237B627B6A002BE5D17B6850
:109AE000DB6E012B18D17B681B68FB60FB6853E8B9
:109AF000003FBB60BB6823F010037B647B681B687E
:109B00001A467B6CBB617A617969BA6941E80023C6
:109B10003B613B69002BE6D17B682022C3F88C2097
:109B20007B680022DA667B6800225A6700BF5437E0
:109B3000BD465DF8047B7047FEFFFFEF80B590B037
:109B400000AF78607B689B6BFB637B68DB69B3F578
:109B5000807F37D0FB6B0022A3F85620FB6B1B687D
:109B600008337B627B6A53E8003F3B623B6A23F029
:109B70008003BB63FB6B1B680833BA6B3A63FB6201
:109B8000F96A3A6B41E80023BB62BB6A002BE5D15E
:109B9000FB6B1B683B613B6953E8003FFB60FB6864
:109BA00043F040037B63FB6B1B681A467B6BFB61D6
:109BB000BA61B969FA6941E800237B617B69002BCE
:109BC000E6D102E0F86BFEF70BFF00BF4037BD4661
:109BD00080BD80B584B000AF78607B689B6BFB6014
:109BE000F868FEF707FF00BF1037BD4680BD80B59F
:109BF0009CB000AF78607B689B6BFB667B68DB6921
:109C0000B3F5807F71D0FB6E0022A3F85E20FB6E5F
:109C10001B68FB64FB6C53E8003FBB64BB6C23F424
:109C20008073BB66FB6E1B681A46BB6EBB657A65AC
:109C3000796DBA6D41E800233B653B6D002BE6D1A1
:109C4000FB6E1B680833BB63BB6B53E8003F7B6351
:109C50007B6B23F001037B66FB6E1B6808337A6E17
:109C60007A643B64396C7A6C41E80023FB63FB6BDC
:109C7000002BE5D1FB6E1B6808337B627B6A53E8DF
:109C8000003F3B623B6A23F040033B66FB6E1B6870
:109C900008333A6E3A63FB62F96A3A6B41E8002393
:109CA000BB62BB6A002BE5D1FB6E2022C3F88C207F
:109CB000FB6EDB6E012B18D1FB6E1B683B613B69B1
:109CC00053E8003FFB60FB6823F01003FB65FB6E6D
:109CD0001B681A46FB6DFB61BA61B969FA6941E814
:109CE00000237B617B69002BE6D1FB6E00221A67A3
:109CF000FB6EDB6E012B07D1FB6EB3F85C301946AF
:109D0000F86EFEF79FFE02E0F86EFEF77DFE00BFE4
:109D10007037BD4680BD80B584B000AF78607B6889
:109D20009B6BFB60FB6801221A67FB68DB6E012BF3
:109D300009D1FB68B3F85C305B089BB21946F86840
:109D4000FEF780FE02E0F868FEF768FE00BF1037FD
:109D5000BD4680BD80B586B000AF78607B689B6BE8
:109D60007B617B69D3F888303B617B69D3F88C30A9
:109D7000FB607B691B689B6803F08003802B09D123
:109D80003B69212B06D17B690022A3F85620786914
:109D9000FFF72CFE7B691B689B6803F04003402B98
:109DA00009D1FB68222B06D17B690022A3F85E2033
:109DB0007869FFF75DFE7B69D3F8903043F01002BD
:109DC0007B69C3F890207869FEF732FE00BF183730
:109DD000BD4680BD80B584B000AF78607B689B6B6A
:109DE000FB60FB680022A3F85E20FB680022A3F85A
:109DF0005620F868FEF71CFE00BF1037BD4680BD38
:109E000080B588B000AF78607B681B68FB60FB683A
:109E100053E8003FBB60BB6823F04003FB617B68F5
:109E20001B681A46FB69BB617A617969BA6941E8C6
:109E300000233B613B69002BE6D17B682022C3F8FD
:109E400088207B6800229A677868FEF7C9FD00BF0A
:109E50002037BD4680BD80B483B000AF786000BFBE
:109E60000C37BD465DF8047B704780B483B000AF0B
:109E7000786000BF0C37BD465DF8047B704780B446
:109E800083B000AF786000BF0C37BD465DF8047B3F
:109E9000704780B485B000AF78607B6893F88430F9
:109EA000012B01D1022327E07B68012283F8842063
:109EB0007B682422C3F888207B681B681B68FB60D2
:109EC0007B681B681A687B681B6822F001021A60B5
:109ED000FB6823F00053FB607B6800225A667B68B6
:109EE0001B68FA681A607B682022C3F888207B68A8
:109EF000002283F88420002318461437BD465DF8FD
:109F0000047B704780B584B000AF786039607B68AF
:109F100093F88430012B01D102232DE07B680122CC
:109F200083F884207B682422C3F888207B681B6820
:109F30001B68FB607B681B681A687B681B6822F0E3
:109F400001021A607B681B689B6823F060417B6894
:109F50001B683A680A439A60786800F04FF87B689B
:109F60001B68FA681A607B682022C3F888207B6827
:109F7000002283F88420002318461037BD4680BD98
:109F800080B584B000AF786039607B6893F8843026
:109F9000012B01D102232DE07B68012283F884206C
:109FA0007B682422C3F888207B681B681B68FB60E1
:109FB0007B681B681A687B681B6822F001021A60C4
:109FC0007B681B689B6823F060617B681B683A684C
:109FD0000A439A60786800F011F87B681B68FA6899
:109FE0001A607B682022C3F888207B68002283F8EF
:109FF0008420002318461037BD4680BD80B485B04C
:10A0000000AF78607B685B6E002B08D17B68012213
:10A01000A3F86A207B680122A3F8682031E01023AE
:10A02000FB731023BB737B681B689B685B0EDBB202
:10A0300003F007037B737B681B689B685B0FDBB2D5
:10A0400003F007033B73BB7B3A7B11498A5C02FB3D
:10A0500003F33A7B0F498A5C93FBF2F39AB27B6875
:10A06000A3F86A20FB7B7A7B09498A5C02FB03F335
:10A070007A7B08498A5C93FBF2F39AB27B68A3F877
:10A08000682000BF1437BD465DF8047B704700BFF1
:10A09000B8CC0108C0CC010880B58AB000AF7860A8
:10A0A0000023FB6101F0ACFF5A4B1B68002B01D170
:10A0B00000F086F9584B1A687B681340002B40F07B
:10A0C00090807B68002B1ED008227B6813447B6045
:10A0D0007B6803F00703002B15D07B6823F0070390
:10A0E00008337B607B6803F00703002B0BD04FF035
:10A0F000500383F31188BFF36F8FBFF34F8F7B61E2
:10A1000000BF00BFFDE77B68002B6AD0434B1B6894
:10A110007A689A4265D8424B3B62414B1B687B622E
:10A1200004E07B6A3B627B6A1B687B627B6A5B68DC
:10A130007A689A4203D97B6A1B68002BF1D1354BB0
:10A140001B687A6A9A424CD03B6A1B680822134407
:10A15000FB617B6A1A683B6A1A607B6A5A687B6893
:10A16000D21A08235B009A4220D97A6A7B6813448A
:10A17000BB61BB6903F00703002B0BD04FF050030A
:10A1800083F31188BFF36F8FBFF34F8F3B6100BF25
:10A1900000BFFDE77B6A5A687B68D21ABB695A60C8
:10A1A0007B6A7A685A60B86900F06CF91B4B1A68D0
:10A1B0007B6A5B68D31A194A1360184B1A68194BEB
:10A1C0001B689A4203D2154B1B68164A13607B6AC0
:10A1D0005A68114B1B681A437B6A5A607B6A0022DB
:10A1E0001A6001F01BFFFB6903F00703002B0BD083
:10A1F0004FF0500383F31188BFF36F8FBFF34F8F7E
:10A20000FB6000BF00BFFDE7FB6918462837BD466D
:10A2100080BD00BF74C9002480C9002478C900240F
:10A220006CC900247CC9002480B586B000AF78607A
:10A230007B687B617B68002B4AD008235B427A698C
:10A2400013447B617B693B613B695A68224B1B6805
:10A250001340002B0BD14FF0500383F31188BFF351
:10A260006F8FBFF34F8FFB6000BF00BFFDE73B69FF
:10A270001B68002B0BD04FF0500383F31188BFF302
:10A280006F8FBFF34F8FBB6000BF00BFFDE73B691F
:10A290005A68114B1B681340002B19D03B691B688F
:10A2A000002B15D13B695A680B4B1B68DB431A40E6
:10A2B0003B695A6001F0A4FE3B695A68074B1B6872
:10A2C0001344064A1360386900F0DCF801F0A6FE7A
:10A2D00000BF1837BD4680BD80C9002478C900245E
:10A2E00080B487B000AF78607B687B6108235B42F5
:10A2F0007A6913447B617B693B613B695A68064B11
:10A300001B68DB431340FB60FB6818461C37BD46E7
:10A310005DF8047B704700BF80C9002480B584B01D
:10A3200000AF7860396001F06BFE3868FFF7B4FE6B
:10A33000B860BB68002B17D07B68002B14D07868FE
:10A34000FFF7CEFF034608229B1AFB603A68FB68C2
:10A350009A4201D23B68FB60FA687968B86810F0ED
:10A36000A0FD7868FFF760FF01F058FEBB68184653
:10A370001037BD4680BD80B586B000AF78603960CB
:10A3800001F03EFE3B687A6802FB03F37B6178696B
:10A39000FFF782FEF860FB683B6104E03B695A1CF2
:10A3A0003A6100221A707B695A1E7A61002BF5D13E
:10A3B00001F034FEFB6818461837BD4680BD00002A
:10A3C00080B485B000AF4CF25033BB60274BFB60CC
:10A3D000FB6803F00703002B0CD0FB680733FB601E
:10A3E000FB6823F00703FB60BA68FB68D31A1F4AB7
:10A3F0001344BB60FB687B601D4A7B6813601C4B89
:10A4000000225A607B68BA681344FB600822FB682C
:10A410009B1AFB60FB6823F00703FB60FB68154A8F
:10A420001360144B1B6800225A60124B1B680022F9
:10A430001A607B683B603B68FA68D21A3B685A60D6
:10A440000C4B1A683B681A603B685B680A4A1360E9
:10A450003B685B68094A1360094B4FF000421A6081
:10A4600000BF1437BD465DF8047B70471C0600240E
:10A470006CC9002474C900247CC9002478C9002454
:10A4800080C9002480B485B000AF7860284BFB60A1
:10A4900002E0FB681B68FB60FB681B687A689A42F5
:10A4A000F7D8FB68BB60FB685B68BA6813447A68DE
:10A4B0009A4208D1FB685A687B685B681A44FB685B
:10A4C0005A60FB687B607B68BB607B685B68BA68CE
:10A4D0001A44FB681B689A4218D1FB681A68154B2E
:10A4E0001B689A420DD07B685A68FB681B685B68E2
:10A4F0001A447B685A60FB681B681A687B681A609C
:10A5000008E00C4B1A687B681A6003E0FB681A6865
:10A510007B681A60FA687B689A4202D0FB687A68A6
:10A520001A6000BF1437BD465DF8047B704700BF5A
:10A530006CC9002474C9002480B584B000AF786071
:10A540007B68D3F88C32FB604FF400620449F868F2
:10A55000FDF7AAFD012318461037BD4680BD00BF98
:10A5600084C9002480B584B000AF78607B68D3F8DC
:10A570008C32FB60F868FDF7E3FD012318461037C5
:10A58000BD4680BD80B586B000AFF860B9607A6026
:10A590003B60FB68D3F88C327B617B69D3F88830F1
:10A5A000202B18D17B689BB21A46B9687869FDF7F1
:10A5B000FBFC0346FB7400BFFB7C002B04D17B69D2
:10A5C000D3F88830202BF7D1FB7C002B01D17B689E
:10A5D00002E0002300E0002318461837BD4680BD86
:10A5E00080B588B000AFF860B9607A603B60FB6806
:10A5F000D3F88C327B610023FB610023BB6172B610
:10A6000000BF7B69D3F880301B68594A934268D0F9
:10A610007B69D3F880301B68564A934261D07B69CE
:10A62000D3F880301B68544A93425AD07B69D3F8E0
:10A6300080301B68514A934253D07B69D3F88030F5
:10A640001B684F4A93424CD07B69D3F880301B681B
:10A650004C4A934245D07B69D3F880301B684A4A04
:10A6600093423ED07B69D3F880301B68474A9342BF
:10A6700037D07B69D3F880301B68454A934230D08D
:10A680007B69D3F880301B68424A934229D07B69AA
:10A69000D3F880301B68404A934222D07B69D3F8BC
:10A6A00080301B683D4A93421BD07B69D3F88030D1
:10A6B0001B683B4A934214D07B69D3F880301B68F7
:10A6C000384A93420DD07B69D3F880301B68364AF4
:10A6D000934206D07B69D3F880301B68334A93429B
:10A6E00007D17B69D3F880301B685B68C3F50063D2
:10A6F00006E07B69D3F880301B685B68C3F50063B4
:10A700002B4A136062B600BFFB690133FB61012075
:10A7100000F020FB274B1A68254B1B689A4217D183
:10A72000FA693B689A42FFF66AAF11E0214B1A685A
:10A73000B968BB690B4420498A5C1A701D4B1B68C1
:10A740000133C3F30A031B4A1360BB690133BB61C6
:10A75000184B1A68164B1B689A4203D0BA697B687B
:10A760009A42E3D3BB6918462037BD4680BD00BF7F
:10A770001000024028000240400002405800024001
:10A780007000024088000240A0000240B800024071
:10A7900010040240280402404004024058040240D1
:10A7A0007004024088040240A0040240B804024041
:10A7B00088D1002484D1002484C9002480B582B0CB
:10A7C00000AF786039600C4B1B681A467B681344F5
:10A7D0001A46094B1A60094B1B681A467B681344DA
:10A7E0001A46064B1A607868FFF756FC034618466F
:10A7F0000837BD4680BD00BF8CD1002490D1002415
:10A8000080B582B000AF786039607B68002B0CD0D7
:10A810007868FFF765FD0346064A1268D31A1A46A0
:10A82000044B1A607868FFF7FFFC00BF0837BD468D
:10A8300080BD00BF90D1002480B584B000AFF86027
:10A84000B9607A60154B1B681A46BB6813441A46F8
:10A85000124B1A60124B1B681A46BB6813441A4607
:10A860000F4B1A60FB68002B04D1B868FFF714FC8B
:10A8700003460EE0F868FFF733FD0346084A126806
:10A88000D31A1A46064B1A60B968F868FFF746FDF6
:10A89000034618461037BD4680BD00BF8CD100244A
:10A8A00090D1002480B584B000AFF860B9607A60C0
:10A8B000FB68BA6802FB03F30C4A126813441A4699
:10A8C0000A4B1A60FB68BA6802FB03F3084A126875
:10A8D00013441A46064B1A60B968F868FFF74BFD37
:10A8E000034618461037BD4680BD00BF8CD10024FA
:10A8F00090D10024000000002DE9B04386B000AFE5
:10A90000C7E902017A6000237B61D7E9020120A335
:10A91000D3E90023F5F74CFD02460B467968C1E9FF
:10A920000023D7E902011AA3D3E90023F5F740FD7C
:10A930007B689A607B689B68002B20DA7B689B6849
:10A94000114A82FB03121217DB17D31A01337B6102
:10A950007B68D3E900237969C8170C460546B2EB3A
:10A96000040863EB05097B68C3E900897B689A6882
:10A970007B69064901FB03F31A447B689A6000BFB8
:10A980001837BD46BDE8B083A12FB84400CA9A3B32
:10A9900000CA9A3B000000002DE9B04F8EB000AF16
:10A9A0007862396207F128020023136053604FF088
:10A9B00000024FF00003C7E90C2307F128031846F3
:10A9C00001F0B0FDBB6ADA17BB61FA614FF000021B
:10A9D0004FF00003B9690B000022C7E90C23FB6AA2
:10A9E00000221C461546D7E90C231119B9606B41AA
:10A9F000FB60D7E90234C7E90C34D7E90C01024601
:10AA00000B464FF000044FF000055D0145EAD265AA
:10AA1000540122462B46B2EB000863EB01094FF0CC
:10AA200000024FF000034FEA492343EAD8534FEAAC
:10AA300048229046994618EB000A49EB010B4FF06B
:10AA400000024FF000034FEA8B1343EA9A634FEA88
:10AA50008A12B2EB0A043C6063EB0B037B60D7E91C
:10AA6000004523461B183B612B4641EB03037B61EA
:10AA70003A6AD7E90401FFF73FFF00231846383749
:10AA8000BD46BDE8B08F80B483B000AF78607B680E
:10AA9000002B01D1002300E0012318460C37BD46EE
:10AAA0005DF8047B704780B483B000AF78607B684A
:10AAB000002B0C37BD465DF8047B704780B582B033
:10AAC00000AF78600B46FB707868FFF7DCFF00BFD3
:10AAD0000837BD4680BD80B582B000AF7860786829
:10AAE000FFF7E1FF00BF0837BD4680BD80B400AF6F
:10AAF000064B1B68002B03D1054B1B68034A1360F0
:10AB0000024B1846BD465DF8047B70475400002494
:10AB10007800002480B483B000AF03463960FB8026
:10AB2000B7F90630002B0ADB3B68DAB20C49B7F9FB
:10AB300006301201D2B20B4483F800230AE03B68CE
:10AB4000DAB20849FB8803F00F03043B1201D2B2CA
:10AB50000B441A7600BF0C37BD465DF8047B704786
:10AB600000E100E000ED00E080B500AF054B1B68A0
:10AB700001F062FE0346012B01D002F05DFC00BF34
:10AB800080BD00BF10E000E080B500AF00216FF095
:10AB90000400FFF7BFFF00BF80BD000080B483B09A
:10ABA00000AFEFF305833B603B68002B03D06FF0F1
:10ABB00005037B600CE00A4B1B68002B05D1084B9A
:10ABC00001221A6000237B6002E04FF0FF337B60BC
:10ABD0007B6818460C37BD465DF8047B704700BFA4
:10ABE00094D1002480B582B000AFEFF305833B60C1
:10ABF0003B68002B03D06FF005037B6010E00B4B2C
:10AC00001B68012B09D1FFF7BFFF084B02221A6016
:10AC100001F086F900237B6002E04FF0FF337B6098
:10AC20007B6818460837BD4680BD00BF94D100241C
:10AC300080B58EB004AFF860B9607A6000233B61E4
:10AC4000EFF305837B617B69002B7ED1FB68002BD2
:10AC50007BD080233B621823FB6100237B624FF093
:10AC6000FF33BB617B68002B45D07B681B68002BE2
:10AC700002D07B681B687B627B689B69002B02D0DB
:10AC80007B689B69FB61FB69002B08D0FB69382B53
:10AC900005D87B685B6803F00103002B01D000231B
:10ACA00054E07B685B69002B03D07B685B699B0881
:10ACB0003B627B689B68002B0ED07B68DB68A72B10
:10ACC0000AD97B681B69002B06D07B685B69002B67
:10ACD00002D00123BB6110E07B689B68002B0CD184
:10ACE0007B68DB68002B08D17B681B69002B04D1D3
:10ACF0000023BB6101E00023BB61BB69012B10D1C4
:10AD00007B681B697A68926802920193FB690093E1
:10AD1000BB683A6A796AF86800F01AFE03463B613C
:10AD200013E0BB69002B10D13B6A9AB207F1100304
:10AD30000193FB690093BB68796AF86800F068FECC
:10AD40000346012B01D000233B613B69184628379D
:10AD5000BD4680BD80B584B000AF7860EFF3058359
:10AD6000BB60BB68002B03D06FF00503FB6007E0FE
:10AD70000023FB607B68002B02D0786801F09AF812
:10AD8000FB6818461037BD4680BD000080B485B012
:10AD900000AFF860B9607A60FB68074A1A60BB6868
:10ADA000064A1A607B6880221A6000BF1437BD46CD
:10ADB0005DF8047B704700BF98D1002440D2002486
:10ADC00080B485B000AFF860B9607A60FB68074A6C
:10ADD0001A60BB68064A1A607B684FF480721A607A
:10ADE00000BF1437BD465DF8047B704740D4002493
:10ADF000E8D4002480B483B000AF78607B6803F1AE
:10AE000008027B685A607B684FF0FF329A607B686B
:10AE100003F108027B68DA607B6803F108027B6853
:10AE20001A617B6800221A6000BF0C37BD465DF8CE
:10AE3000047B704780B483B000AF78607B680022E9
:10AE40001A6100BF0C37BD465DF8047B704780B4C3
:10AE500085B000AF786039607B685B68FB603B68F9
:10AE6000FA685A60FB689A683B689A60FB689B685E
:10AE70003A685A60FB683A689A603B687A681A6177
:10AE80007B681B685A1C7B681A6000BF1437BD467C
:10AE90005DF8047B704780B485B000AF786039609E
:10AEA0003B681B68BB60BB68B3F1FF3F03D17B68A5
:10AEB0001B69FB600CE07B680833FB6002E0FB6809
:10AEC0005B68FB60FB685B681B68BA689A42F6D2F5
:10AED000FB685A683B685A603B685B683A689A60EE
:10AEE0003B68FA689A60FB683A685A603B687A681F
:10AEF0001A617B681B685A1C7B681A6000BF143794
:10AF0000BD465DF8047B704780B485B000AF7860C3
:10AF10007B681B69FB607B685B687A6892689A60F3
:10AF20007B689B687A6852685A60FB685B687A68DD
:10AF30009A4203D17B689A68FB685A607B6800225A
:10AF40001A61FB681B685A1EFB681A60FB681B6865
:10AF500018461437BD465DF8047B704780B584B051
:10AF600000AF786039607B68FB60FB68002B0BD119
:10AF70004FF0500383F31188BFF36F8FBFF34F8FF0
:10AF8000BB6000BF00BFFDE702F0C6F9FB681A68AE
:10AF9000FB68DB6BF968096C01FB03F31A44FB687F
:10AFA0009A60FB6800229A63FB681A68FB685A6023
:10AFB000FB681A68FB68DB6B013BF968096C01FBF5
:10AFC00003F31A44FB68DA60FB68FF2283F844202D
:10AFD000FB68FF2283F845203B68002B14D1FB68F7
:10AFE0001B69002B1AD0FB681033184601F036FAA3
:10AFF0000346002B12D00D4B4FF080521A60BFF366
:10B000004F8FBFF36F8F09E0FB6810331846FFF7CF
:10B01000F1FEFB6824331846FFF7ECFE02F0AEF9B0
:10B02000012318461037BD4680BD00BF04ED00E087
:10B0300080B58EB002AFF860B9607A603B60FB68A3
:10B04000002B0BD14FF0500383F31188BFF36F8FA8
:10B05000BFF34F8FBB6200BF00BFFDE73B68002B13
:10B060000BD14FF0500383F31188BFF36F8FBFF301
:10B070004F8F7B6200BF00BFFDE77B68002B02D0D3
:10B08000BB68002B01D0012300E00023002B0BD173
:10B090004FF0500383F31188BFF36F8FBFF34F8FCF
:10B0A0003B6200BF00BFFDE77B68002B02D1BB689D
:10B0B000002B01D1012300E00023002B0BD14FF026
:10B0C000500383F31188BFF36F8FBFF34F8FFB6182
:10B0D00000BF00BFFDE750237B617B69502B0BD085
:10B0E0004FF0500383F31188BFF36F8FBFF34F8F7F
:10B0F000BB6100BF00BFFDE77B693B68FB62FB6A89
:10B10000002B0DD0FB6A012283F8462097F83820E7
:10B11000FB6A009313467A68B968F86800F005F88E
:10B12000FB6A18463037BD4680BD80B584B000AF9D
:10B13000F860B9607A60FB70BB68002B03D1BB6913
:10B14000BA691A6002E0BB697A681A60BB69FA687A
:10B15000DA63BB69BA681A640121B869FFF7FEFEB9
:10B16000BB69FA7883F84C2000BF1037BD4680BD1C
:10B1700080B58EB000AFF860B9607A603B600023A4
:10B180007B63FB683B633B6B002B0BD14FF05003A1
:10B1900083F31188BFF36F8FBFF34F8FBB6200BF84
:10B1A00000BFFDE7BB68002B03D13B6B1B6C002B82
:10B1B00001D1012300E00023002B0BD14FF05003FD
:10B1C00083F31188BFF36F8FBFF34F8F7B6200BF94
:10B1D00000BFFDE73B68022B03D13B6BDB6B012B10
:10B1E00001D1012300E00023002B0BD14FF05003CD
:10B1F00083F31188BFF36F8FBFF34F8F3B6200BFA4
:10B2000000BFFDE701F018FB0346002B02D17B686D
:10B21000002B01D1012300E00023002B0BD14FF0C4
:10B22000500383F31188BFF36F8FBFF34F8FFB6120
:10B2300000BF00BFFDE702F06FF83B6B9A6B3B6B02
:10B24000DB6B9A4202D33B68022B29D13A68B9687A
:10B25000386B00F00FFAF8623B6B5B6A002B10D082
:10B260003B6B2433184601F0F9F80346002B13D04A
:10B270003F4B4FF080521A60BFF34F8FBFF36F8F79
:10B280000AE0FB6A002B07D0394B4FF080521A605E
:10B29000BFF34F8FBFF36F8F02F070F8012363E0AD
:10B2A0007B68002B03D102F069F800235CE07B6B24
:10B2B000002B06D107F11403184601F05BF90123B6
:10B2C0007B6302F05BF800F09BFE02F025F83B6B1D
:10B2D00093F844305BB2B3F1FF3F03D13B6B0022E4
:10B2E00083F844203B6B93F845305BB2B3F1FF3FEA
:10B2F00003D13B6B002283F8452002F03FF83A1D52
:10B3000007F114031146184601F04AF90346002BD1
:10B3100024D1386B00F0A6FA0346002B18D03B6B03
:10B3200010337A681146184601F046F8386B00F081
:10B3300031FA00F073FE0346002B7FF47CAF0C4B18
:10B340004FF080521A60BFF34F8FBFF36F8F72E7D9
:10B35000386B00F01FFA00F061FE6CE7386B00F00C
:10B3600019FA00F05BFE002318463837BD4680BD51
:10B3700004ED00E080B590B000AFF860B9607A608D
:10B380003B60FB68BB63BB6B002B0BD14FF05003E2
:10B3900083F31188BFF36F8FBFF34F8FBB6200BF82
:10B3A00000BFFDE7BB68002B03D1BB6B1B6C002B00
:10B3B00001D1012300E00023002B0BD14FF05003FB
:10B3C00083F31188BFF36F8FBFF34F8F7B6200BF92
:10B3D00000BFFDE73B68022B03D1BB6BDB6B012B8E
:10B3E00001D1012300E00023002B0BD14FF05003CB
:10B3F00083F31188BFF36F8FBFF34F8F3B6200BFA2
:10B4000000BFFDE702F068F8EFF311824FF0500340
:10B4100083F31188BFF36F8FBFF34F8FFA61BB6166
:10B42000FB697B63BB6B9A6BBB6BDB6B9A4202D392
:10B430003B68022B2FD1BB6B93F8453087F8333034
:10B44000BB6B9B6BFB623A68B968B86B00F012F992
:10B4500097F93330B3F1FF3F12D1BB6B5B6A002B1E
:10B4600016D0BB6B2433184600F0F8FF0346002BC0
:10B470000ED07B68002B0BD07B6801221A6007E09E
:10B4800097F833300133DBB25AB2BB6B83F84520F7
:10B490000123FB6301E00023FB637B6B7B617B6922
:10B4A00083F3118800BFFB6B18464037BD4680BD53
:10B4B00080B58CB000AFF860B9607A600023FB62A1
:10B4C000FB68BB62BB6A002B0BD14FF0500383F3C8
:10B4D0001188BFF36F8FBFF34F8F3B6200BF00BF78
:10B4E000FDE7BB68002B03D1BB6A1B6C002B01D1AD
:10B4F000012300E00023002B0BD14FF0500383F316
:10B500001188BFF36F8FBFF34F8FFB6100BF00BF88
:10B51000FDE701F091F90346002B02D17B68002B77
:10B5200001D1012300E00023002B0BD14FF0500389
:10B5300083F31188BFF36F8FBFF34F8FBB6100BFE1
:10B5400000BFFDE701F0E8FEBB6A9B6B7B627B6A94
:10B55000002B1FD0B968B86A00F0F6F87B6A5A1E53
:10B56000BB6A9A63BB6A1B69002B0FD0BB6A10339E
:10B57000184600F073FF0346002B07D03C4B4FF0FA
:10B5800080521A60BFF34F8FBFF36F8F01F0F6FE4A
:10B59000012369E07B68002B03D101F0EFFE00235B
:10B5A00062E0FB6A002B06D107F11003184600F099
:10B5B000E1FF0123FB6201F0E1FE00F021FD01F05B
:10B5C000ABFEBB6A93F844305BB2B3F1FF3F03D1EB
:10B5D000BB6A002283F84420BB6A93F845305BB213
:10B5E000B3F1FF3F03D1BB6A002283F8452001F08D
:10B5F000C5FE3A1D07F110031146184600F0D0FFB2
:10B600000346002B23D1B86A00F016F90346002B3D
:10B6100017D0BB6A24337A681146184600F0CCFE76
:10B62000B86A00F0B7F800F0F9FC0346002B89D1A6
:10B630000F4B4FF080521A60BFF34F8FBFF36F8FE5
:10B6400080E7B86A00F0A6F800F0E8FC7AE7B86A8C
:10B6500000F0A0F800F0E2FCB86A00F0EDF8034654
:10B66000002B3FF46FAF002318463037BD4680BD36
:10B6700004ED00E080B586B000AFF860B9607A6094
:10B6800000237B61FB689B6B3B61FB681B6C002BA1
:10B690000DD1FB681B68002B4DD1FB689B681846D9
:10B6A00001F0E8F87861FB6800229A6043E07B686B
:10B6B000002B19D1FB685868FB681B6C1A46B968E7
:10B6C0000FF0EFFBFB685A68FB681B6C1A44FB68C1
:10B6D0005A60FB685A68FB689B689A422BD3FB68E8
:10B6E0001A68FB685A6026E0FB68D868FB681B6C28
:10B6F0001A46B9680FF0D5FBFB68DA68FB681B6C6B
:10B700005B421A44FB68DA60FB68DA68FB681B6816
:10B710009A4207D2FB689A68FB681B6C5B421A442A
:10B72000FB68DA607B68022B05D13B69002B02D0F5
:10B730003B69013B3B613B695A1CFB689A637B692F
:10B7400018461837BD4680BD80B582B000AF78601E
:10B7500039607B681B6C002B18D07B68DA687B68CB
:10B760001B6C1A447B68DA607B68DA687B689B68CC
:10B770009A4203D37B681A687B68DA607B68D96871
:10B780007B681B6C1A4638680FF08BFB00BF0837CC
:10B79000BD4680BD80B584B000AF786001F0BCFDCF
:10B7A0007B6893F84530FB7311E07B685B6A002B84
:10B7B00012D07B682433184600F050FE0346002B5D
:10B7C00001D000F051FFFB7B013BDBB2FB7397F92B
:10B7D0000F30002BE9DC00E000BF7B68FF2283F81C
:10B7E000452001F0CBFD01F097FD7B6893F84430D4
:10B7F000BB7311E07B681B69002B12D07B68103390
:10B80000184600F02BFE0346002B01D000F02CFF61
:10B81000BB7B013BDBB2BB7397F90E30002BE9DC3D
:10B8200000E000BF7B68FF2283F8442001F0A6FD02
:10B8300000BF1037BD4680BD80B584B000AF7860D2
:10B8400001F06AFD7B689B6B002B02D10123FB603A
:10B8500001E00023FB6001F091FDFB681846103702
:10B86000BD4680BD80B584B000AF786001F054FD66
:10B870007B689A6B7B68DB6B9A4202D10123FB6089
:10B8800001E00023FB6001F079FDFB6818461037EA
:10B89000BD4680BD80B485B000AF786039600023BC
:10B8A000FB6014E00F4AFB6852F83330002B0BD1D9
:10B8B0000C49FB683A6841F833200A4AFB68DB0010
:10B8C00013447A685A6006E0FB680133FB60FB684A
:10B8D000072BE7D900BF00BF1437BD465DF8047BD6
:10B8E000704700BFE8D8002480B586B000AFF8608C
:10B8F000B9607A60FB687B6101F00EFD7B6993F8AB
:10B9000044305BB2B3F1FF3F03D17B69002283F87F
:10B9100044207B6993F845305BB2B3F1FF3F03D11C
:10B920007B69002283F8452001F028FD7B699B6B31
:10B93000002B06D17B6924337A68B968184600F079
:10B9400061FD7869FFF726FF00BF1837BD4680BD4F
:10B9500080B58EB004AFF860B9607A603B607B6BF5
:10B96000002B0BD14FF0500383F31188BFF36F8F7F
:10B97000BFF34F8F3B6200BF00BFFDE7BB6B002BE7
:10B980000BD14FF0500383F31188BFF36F8FBFF3D8
:10B990004F8FFB6100BF00BFFDE7A8233B613B6900
:10B9A000A82B0BD04FF0500383F31188BFF36F8F98
:10B9B000BFF34F8FBB6100BF00BFFDE73B69BB6BAF
:10B9C000002B1ED07B6B002B1BD0BB6B7B627B6A7A
:10B9D0007A6B1A637B6A022283F8A5200023039303
:10B9E0007B6A029307F1140301933B6B00933B685E
:10B9F0007A68B968F86800F051F8786A00F0F6F8EB
:10BA000001E000237B617B6918462837BD4680BD75
:10BA100080B58CB004AFF860B9603B601346FB8022
:10BA2000FB889B00184601F099FD78617B69002B2B
:10BA30000ED0A82001F092FDF861FB69002B03D025
:10BA4000FB697A691A6305E0786901F055FE01E047
:10BA50000023FB61FB69002B17D0FB69002283F8F0
:10BA6000A520FA8800230393FB690293FB6A0193E4
:10BA7000BB6A00933B68B968F86800F00FF8F86992
:10BA800000F0B4F80123BB6102E04FF0FF33BB616B
:10BA9000BB6918462037BD4680BD000080B588B020
:10BAA00000AFF860B9607A603B603B6B186B7B68F5
:10BAB0009B001A46A5210FF0D1F83B6B1A6B7968F1
:10BAC0006FF040430B449B001344BB61BB6923F000
:10BAD0000703BB61BB6903F00703002B0BD04FF0DA
:10BAE000500383F31188BFF36F8FBFF34F8F7B61D8
:10BAF00000BF00BFFDE7BB68002B1FD00023FB6128
:10BB000012E0BA68FB69134419783A6BFB69134475
:10BB100034330A461A70BA68FB6913441B78002B49
:10BB200006D0FB690133FB61FB690F2BE9D900E00B
:10BB300000BF3B6B002283F8432003E03B6B0022F5
:10BB400083F83420BB6A372B01D93723BB623B6BA8
:10BB5000BA6ADA623B6BBA6ADA643B6B00221A6536
:10BB60003B6B04331846FFF765F93B6B18331846F7
:10BB7000FFF760F93B6B3A6B1A61BB6AC3F138029D
:10BB80003B6B9A613B6B3A6B5A623B6B0022C3F88A
:10BB9000A0203B6B002283F8A4203B6B54334C2243
:10BBA000002118460FF05AF83B6B0D4A9A653B6B23
:10BBB0000C4ADA653B6B0C4A1A663A68F968B86950
:10BBC00001F076FA02463B6B1A60FB6A002B02D04A
:10BBD000FB6A3A6B1A6000BF2037BD4680BD00BFCC
:10BBE00078FB0124E0FB012448FC012480B582B0ED
:10BBF00000AF786001F090FB2D4B1B6801332C4A9D
:10BC000013602C4B1B68002B09D12A4A7B681360F8
:10BC1000274B1B68012B10D100F04AFD0DE0264B8D
:10BC20001B68002B09D1234B1B68DA6A7B68DB6A2F
:10BC30009A4202D81F4A7B681360204B1B6801336D
:10BC40001E4A13601D4B1A687B685A647B68DA6A67
:10BC50001B4B1B689A4203D97B68DB6A184A136046
:10BC60007B68DA6A13469B0013449B00154A1A440A
:10BC70007B68043319461046FFF7E9F801F07EFBB4
:10BC80000D4B1B68002B0ED00A4B1B68DA6A7B68D1
:10BC9000DB6A9A4207D20C4B4FF080521A60BFF316
:10BCA0004F8FBFF36F8F00BF0837BD4680BD00BF09
:10BCB000FCDD002428D9002408DE002418DE00243E
:10BCC00004DE00242CD9002404ED00E080B584B00B
:10BCD00000AF786001F020FB7B68002B02D12D4B78
:10BCE0001B6800E07B68FB60FB6804331846FFF7C5
:10BCF0000BF9FB689B6A002B04D0FB6818331846CD
:10BD0000FFF702F9244B1B680133234A1360214BD0
:10BD10001B68FA689A420BD1FB68043319461F4826
:10BD2000FFF795F81E4B1B6801331D4A136009E0AD
:10BD30001C4B1B68013B1B4A1360F86800F026FD92
:10BD400000F05AFD01F01AFB174B1B68002B1CD0AA
:10BD5000104B1B68FA689A4217D1144B1B68002BD2
:10BD60000BD04FF0500383F31188BFF36F8FBFF3F5
:10BD70004F8FBB6000BF00BFFDE70D4B4FF08052FF
:10BD80001A60BFF34F8FBFF36F8F00BF1037BD46F0
:10BD900080BD00BF28D9002418DE0024D0DD002497
:10BDA000E4DD0024FCDD002408DE002424DE002481
:10BDB00004ED00E080B58AB000AF78603960002300
:10BDC0007B627B68002B0BD14FF0500383F311880B
:10BDD000BFF36F8FBFF34F8F7B6100BF00BFFDE7E5
:10BDE0003B68002B0BD14FF0500383F31188BFF356
:10BDF0006F8FBFF34F8F3B6100BF00BFFDE72A4B42
:10BE00001B68002B0BD04FF0500383F31188BFF356
:10BE10006F8FBFF34F8FFB6000BF00BFFDE700F0E7
:10BE2000EFF8224B1B683B627B681B683A6813443F
:10BE3000FB617B681B683A6A9A420BD27B681B687D
:10BE4000FA699A4211D2FA693B6A9A420DD90123E2
:10BE50007B620AE07B681B68FA699A4203D3FA693D
:10BE60003B6A9A4201D901237B627B68FA691A60B6
:10BE70007B6A002B06D0FA693B6AD31A0021184668
:10BE800000F068FD00F0CAF8B861BB69002B07D16B
:10BE9000074B4FF080521A60BFF34F8FBFF36F8F85
:10BEA00000BF2837BD4680BD24DE002400DE00240C
:10BEB00004ED00E080B584B000AF78600023FB6043
:10BEC0007B68002B18D0144B1B68002B0BD04FF055
:10BED000500383F31188BFF36F8FBFF34F8FBB60A5
:10BEE00000BF00BFFDE700F08BF80021786800F08C
:10BEF00031FD00F093F8F860FB68002B07D1074B89
:10BF00004FF080521A60BFF34F8FBFF36F8F00BFA7
:10BF10001037BD4680BD00BF24DE002404ED00E0E4
:10BF200080B58AB004AF0023BB6000237B603A4633
:10BF3000391D07F108031846FEF728FF39687B68AA
:10BF4000BA68029201930023009300230A46244911
:10BF50002448FFF7FDFC0346234A1360224B1B686D
:10BF6000002B02D001237B6101E000237B617B6910
:10BF7000012B02D100F042FD78617B69012B1BD1BE
:10BF80004FF0500383F31188BFF36F8FBFF34F8FD0
:10BF90003B6100BF154B1B685433154A1360154BAA
:10BFA0004FF0FF321A60144B01221A60134B00222B
:10BFB0001A6001F00DF90FE07B69B3F1FF3F0BD17F
:10BFC0004FF0500383F31188BFF36F8FBFF34F8F90
:10BFD000FB6000BF00BFFDE700BF1837BD4680BD56
:10BFE00004CC010881C6000820DE002428D90024E2
:10BFF000C80000241CDE002408DE002400DE00242B
:10C0000080B400AF044B1B680133034A136000BFC8
:10C01000BD465DF8047B704724DE002480B584B003
:10C0200000AF0023FB600023BB60424B1B68002B6A
:10C030000BD14FF0500383F31188BFF36F8FBFF321
:10C040004F8F3B6000BF00BFFDE701F065F9394B42
:10C050001B68013B374A1360364B1B68002B62D1CB
:10C06000354B1B68002B5ED02FE0344BDB68DB6860
:10C07000FB60FB6818331846FEF746FFFB68043385
:10C080001846FEF741FFFB68DA6A2D4B1B689A429F
:10C0900003D9FB68DB6A2A4A1360FB68DA6A134635
:10C0A0009B0013449B00274A1A44FB68043319463B
:10C0B0001046FEF7CCFEFB68DA6A234B1B68DB6A8E
:10C0C0009A4202D3214B01221A601C4B1B68002BA1
:10C0D000CBD1FB68002B01D000F08EFB1C4B1B6802
:10C0E0007B607B68002B10D000F046F80346002BE5
:10C0F00002D0164B01221A607B68013B7B607B6893
:10C10000002BF1D1124B00221A60104B1B68002B40
:10C1100009D00123BB600F4B4FF080521A60BFF370
:10C120004F8FBFF36F8F01F029F9BB6818461037A6
:10C13000BD4680BD24DE0024FCDD0024BCDD0024DF
:10C1400004DE00242CD9002428D9002410DE002489
:10C150000CDE002404ED00E080B483B000AF054B9A
:10C160001B687B607B6818460C37BD465DF8047B16
:10C17000704700BF00DE002480B586B000AF00230A
:10C180007B614F4B1B68002B40F090804D4B1B6830
:10C1900001333B614B4A3B6913603B69002B21D162
:10C1A000494B1B681B68002B0BD04FF0500383F3E7
:10C1B0001188BFF36F8FBFF34F8F3B6000BF00BF8D
:10C1C000FDE7414B1B68FB60404B1B683E4A136018
:10C1D0003E4AFB6813603E4B1B6801333C4A1360C8
:10C1E00000F00AFB3B4B1B683A699A4249D3364B35
:10C1F0001B681B68002B04D1364B4FF0FF321A60CE
:10C200003FE0314B1B68DB68DB68BB60BB685B6889
:10C210007B603A697B689A4203D22E4A7B6813603E
:10C220002FE0BB6804331846FEF76EFEBB689B6ABE
:10C23000002B04D0BB6818331846FEF765FEBB68B8
:10C24000DA6A254B1B689A4203D9BB68DB6A224A2B
:10C250001360BB68DA6A13469B0013449B001F4AB5
:10C260001A44BB68043319461046FEF7F0FDBB685C
:10C27000DA6A1B4B1B68DB6A9A42B8D301237B61E5
:10C28000B5E7174B1B68DA6A144913469B00134441
:10C290009B000B441B68012B01D901237B61114BCF
:10C2A0001B68002B07D001237B6104E00E4B1B6849
:10C2B00001330D4A13607B6918461837BD4680BDAF
:10C2C00024DE002400DE0024B4DD0024B8DD0024D8
:10C2D00014DE00241CDE002404DE00242CD90024FB
:10C2E00028D9002410DE00240CDE002480B485B0A0
:10C2F00000AF2B4B1B68002B03D02A4B01221A6086
:10C3000047E0284B00221A60274B1B68FB6011E0B6
:10C31000FB68002B0BD14FF0500383F31188BFF360
:10C320006F8FBFF34F8F7B6000BF00BFFDE7FB68DF
:10C33000013BFB601D49FA6813469B0013449B00B8
:10C340000B441B68002BE3D0FA6813469B00134490
:10C350009B00164A1344BB60BB685B685A68BB68A5
:10C360005A60BB685A68BB6808339A4204D1BB68FC
:10C370005B685A68BB685A60BB685B68DB680C4ADC
:10C380001360094AFB681360094B1B685433094A60
:10C39000136000BF1437BD465DF8047B704700BFD3
:10C3A00024DE002410DE002404DE00242CD9002426
:10C3B00028D90024C800002480B584B000AF78607C
:10C3C00039607B68002B0BD14FF0500383F3118849
:10C3D000BFF36F8FBFF34F8FFB6000BF00BFFDE760
:10C3E000074B1B68183319467868FEF754FD012186
:10C3F000386800F0AFFA00BF1037BD4680BD00BFFF
:10C4000028D9002480B586B000AFF860B9607A60A2
:10C41000FB68002B0BD14FF0500383F31188BFF35F
:10C420006F8FBFF34F8F7B6100BF00BFFDE70A4BEB
:10C430001B6818331946F868FEF709FD7B68002B66
:10C4400002D04FF0FF33BB607968B86800F082FA21
:10C4500000BF1837BD4680BD28D9002480B586B0FE
:10C4600000AF78607B68DB68DB683B613B69002B71
:10C470000BD14FF0500383F31188BFF36F8FBFF3DD
:10C480004F8FFB6000BF00BFFDE73B6918331846C4
:10C49000FEF73AFD1D4B1B68002B1DD13B69043391
:10C4A0001846FEF731FD3B69DA6A194B1B689A4260
:10C4B00003D93B69DB6A164A13603B69DA6A1346A3
:10C4C0009B0013449B00134A1A443B6904331946EA
:10C4D0001046FEF7BCFC05E03B69183319460E48D0
:10C4E000FEF7B5FC3B69DA6A0C4B1B68DB6A9A42C3
:10C4F00005D901237B610A4B01221A6001E0002368
:10C500007B617B6918461837BD4680BD24DE002458
:10C5100004DE00242CD90024BCDD002428D900240A
:10C5200010DE002480B584B000AF78607B68002BFB
:10C530000BD14FF0500383F31188BFF36F8FBFF31C
:10C540004F8FFB6000BF00BFFDE700F0E5FE074B2B
:10C550001A687B681A60064B1A687B685A6000F09C
:10C560000DFF00BF1037BD4680BD00BF14DE0024A4
:10C5700000DE002480B483B000AF7860064B1A68F8
:10C580007B681A60054B1A687B685A6000BF0C37DD
:10C59000BD465DF8047B704714DE002400DE0024F5
:10C5A00080B588B000AF786039607B68002B0BD114
:10C5B0004FF0500383F31188BFF36F8FBFF34F8F9A
:10C5C0003B6100BF00BFFDE73B68002B0BD14FF084
:10C5D000500383F31188BFF36F8FBFF34F8FFB605E
:10C5E00000BF00BFFDE700F097FE1D4B1B68BB615D
:10C5F0007B685B68BA69D31A7B613B681B68B3F1DF
:10C60000FF3F02D10023FB6123E07B681A68154BD2
:10C610001B689A4207D07B685B68BA699A4202D36A
:10C620000123FB6115E03B681B687A699A420BD2D3
:10C630003B681A687B69D21A3B681A607868FFF712
:10C6400099FF0023FB6104E03B6800221A6001238C
:10C65000FB6100F093FEFB6918462037BD4680BDA4
:10C6600000DE002414DE002480B400AF034B01225E
:10C670001A6000BFBD465DF8047B704710DE0024E1
:10C6800080B582B000AF786000F052F8064B1B68AE
:10C69000012BF9D9054B4FF080521A60BFF34F8F31
:10C6A000BFF36F8FF0E700BF2CD9002404ED00E04A
:10C6B00080B582B000AF00237B600CE07A6813463F
:10C6C0009B0013449B00124A13441846FEF792FB4A
:10C6D0007B6801337B607B68372BEFD90D48FEF711
:10C6E00089FB0D48FEF786FB0C48FEF783FB0C48E0
:10C6F000FEF780FB0B48FEF77DFB0B4B054A1A60EB
:10C700000A4B054A1A6000BF0837BD4680BD00BF0E
:10C710002CD900248CDD0024A0DD0024BCDD002405
:10C72000D0DD0024E8DD0024B4DD0024B8DD0024E1
:10C7300080B582B000AF19E000F0EEFD104BDB6871
:10C74000DB687B607B6804331846FEF7DDFB0D4B2E
:10C750001B68013B0B4A13600B4B1B68013B0A4AE9
:10C76000136000F00BFE786800F010F8064B1B68B1
:10C77000002BE1D100BF00BF0837BD4680BD00BF20
:10C78000D0DD0024FCDD0024E4DD002480B584B08D
:10C7900000AF78607B68543318460EF0B1FA7B68BE
:10C7A00093F8A530002B08D17B681B6B184600F06E
:10C7B000A3FF786800F0A0FF19E07B6893F8A5302C
:10C7C000012B03D1786800F097FF10E07B6893F8A5
:10C7D000A530022B0BD04FF0500383F31188BFF329
:10C7E0006F8FBFF34F8FFB6000BF00BFFDE700BF3F
:10C7F0001037BD4680BD000080B483B000AF0C4B45
:10C800001B681B68002B04D10A4B4FF0FF321A60E3
:10C8100008E0074B1B68DB68DB687B607B685B6854
:10C82000044A136000BF0C37BD465DF8047B7047B7
:10C83000B4DD00241CDE002480B483B000AF0B4BB9
:10C840001B68002B02D101237B6008E0084B1B68AA
:10C85000002B02D102237B6001E000237B607B6818
:10C8600018460C37BD465DF8047B704708DE00248F
:10C8700024DE002480B586B000AF78607B683B6121
:10C8800000237B617B68002B58D02F4B1B683A69D3
:10C890009A420BD04FF0500383F31188BFF36F8F90
:10C8A000BFF34F8FFB6000BF00BFFDE73B691B6D0F
:10C8B000002B0BD14FF0500383F31188BFF36F8F20
:10C8C000BFF34F8FBB6000BF00BFFDE73B691B6D2F
:10C8D0005A1E3B691A653B69DA6A3B69DB6C9A420E
:10C8E0002CD03B691B6D002B28D13B6904331846C3
:10C8F000FEF70AFB3B69DA6C3B69DA623B69DB6A8B
:10C90000C3F138023B699A613B69DA6A0F4B1B68D5
:10C910009A4203D93B69DB6A0C4A13603B69DA6AC5
:10C9200013469B0013449B00094A1A443B69043395
:10C9300019461046FEF78BFA01237B617B69184686
:10C940001837BD4680BD00BF28D9002404DE00246E
:10C950002CD9002480B584B000AF78603960214BB9
:10C960001B68FB60204B1B6804331846FEF7CCFAAB
:10C970007B68B3F1FF3F0AD13B68002B07D01A4B0D
:10C980001B68043319461948FEF761FA26E0FA6875
:10C990007B681344BB60144B1B68BA685A60BA6862
:10C9A000FB689A4209D2124B1A680F4B1B6804337A
:10C9B00019461046FEF76FFA10E00E4B1A680A4B44
:10C9C0001B68043319461046FEF765FA0A4B1B68CC
:10C9D000BA689A4202D2084ABB68136000BF103797
:10C9E000BD4680BD00DE002428D90024E8DD0024F7
:10C9F000B8DD0024B4DD00241CDE002480B58AB03C
:10CA000004AF00237B6100F013FB1D4B1B68002B60
:10CA100021D00023FB600023BB603A1D07F1080111
:10CA200007F10C031846FEF7CBF97968BB68FA6882
:10CA3000029201930223009300230A4611491248EF
:10CA4000FEF786FF0346114A1360104B1B68002B4C
:10CA500001D001237B617B69002B0BD14FF0500388
:10CA600083F31188BFF36F8FBFF34F8F3B6100BF1C
:10CA700000BFFDE77B6918461837BD4680BD00BF83
:10CA800058DE00240CCC0108C9CB00085CDE002471
:10CA900080B58AB000AFF860B9607A603B6000236F
:10CAA0007B62FB68002B0BD14FF0500383F311889E
:10CAB000BFF36F8FBFF34F8F3B6200BF00BFFDE737
:10CAC000194B1B68002B2AD0BB683B617B687B61DC
:10CAD000FB68BB61BB68052B18DCFFF7ADFE0346A6
:10CAE000022B09D1104B186807F1100100233A6B93
:10CAF000FEF73EFB786212E00B4B186807F110015D
:10CB000000230022FEF734FB786208E0064B186829
:10CB100007F1100100233A68FEF72CFC78627B6A6B
:10CB200018462837BD4680BD58DE002480B588B041
:10CB300002AF78603960234B1B68DB68DB687B6180
:10CB40007B6904331846FEF7DFF97B6993F82830D8
:10CB500003F00403002B23D07B699A697B68D1180A
:10CB60007B683A68786900F0D5F80346002B20D03E
:10CB70000023009300237A6800217869FFF788FF7B
:10CB800038613B69002B14D14FF0500383F31188B7
:10CB9000BFF36F8FBFF34F8FFB6000BF00BFFDE798
:10CBA0007B6993F8283023F00103DAB27B6983F8BC
:10CBB00028207B691B6A7869984700BF1837BD46F3
:10CBC00080BD00BF50DE002480B584B000AF786027
:10CBD00007F10803184600F059F8F860BB681946D9
:10CBE000F86800F005F800F0D7F800BFF0E70000A3
:10CBF00080B584B000AF78603960FFF701FA07F1C3
:10CC00000803184600F066F8F860BB68002B30D1C6
:10CC10003B68002B0AD17A68FB689A4206D8FFF776
:10CC2000FDF9F9687868FFF781FF24E03B68002B85
:10CC300008D0134B1B681B68002B01D1012300E0B7
:10CC400000233B600F4B18687A68FB68D31A3A6878
:10CC50001946FEF749FEFFF7E1F90346002B0AD11A
:10CC6000094B4FF080521A60BFF34F8FBFF36F8FA5
:10CC700001E0FFF7D3F900BF1037BD4680BD00BF0C
:10CC800054DE002458DE002404ED00E080B485B0BA
:10CC900000AF78600E4B1B681B68002B01D101228E
:10CCA00000E000227B681A607B681B68002B05D1BE
:10CCB000074B1B68DB681B68FB6001E00023FB601F
:10CCC000FB6818461437BD465DF8047B704700BF0B
:10CCD00050DE002480B584B000AF7860FFF73CFAE6
:10CCE000F8600B4B1B68FA689A4205D200F03AF9DB
:10CCF0007B6801221A6002E07B6800221A60044A05
:10CD0000FB681360FB6818461037BD4680BD00BF46
:10CD100060DE002480B586B000AFF860B9607A604C
:10CD20003B6000237B61FB68BA685A60FB68FA6865
:10CD30001A61BA687B689A4212D87A683B68D21A3C
:10CD4000FB689B699A4202D301237B611BE0104B75
:10CD50001A68FB68043319461046FEF79CF812E087
:10CD60007A683B689A4206D2BA683B689A4202D314
:10CD700001237B6107E0074B1A68FB6804331946FF
:10CD80001046FEF788F87B6918461837BD4680BD07
:10CD900054DE002450DE002480B58EB002AFCEE019
:10CDA0007B68002B19DA3B1D0433FB62FB6A002B06
:10CDB0000BD14FF0500383F31188BFF36F8FBFF394
:10CDC0004F8FFB6100BF00BFFDE7FB6A1B68FA6A7B
:10CDD0005068FA6A9268114698477B68002BC0F247
:10CDE000AE80FB68BB62BB6A5B69002B04D0BB6A88
:10CDF00004331846FEF788F83B461846FFF76AFFEB
:10CE000078627B68092B00F2978001A252F823F028
:10CE100039CE000839CE000839CE0008AFCE000860
:10CE2000C3CE00080FCF000839CE000839CE000865
:10CE3000AFCE0008C3CE0008BB6A93F8283043F099
:10CE40000103DAB2BB6A83F82820BA68BB6A9B691F
:10CE5000D118BB687A6AB86AFFF75CFF0346002BFB
:10CE60006CD0BB6A1B6AB86A9847BB6A93F82830D3
:10CE700003F00403002B61D0BA68BB6A9B691A44B3
:10CE80000023009300230021B86AFFF701FE3862F7
:10CE90003B6A002B52D14FF0500383F31188BFF34C
:10CEA0006F8FBFF34F8FBB6100BF00BFFDE7BB6A51
:10CEB00093F8283023F00103DAB2BB6A83F8282004
:10CEC0003DE0BB6A93F8283043F00103DAB2BB6A55
:10CED00083F82820BA68BB6A9A61BB6A9B69002BF9
:10CEE0000BD14FF0500383F31188BFF36F8FBFF363
:10CEF0004F8F7B6100BF00BFFDE7BB6A9A697B6A09
:10CF0000D1187B6A7A6AB86AFFF704FF17E0BB6A38
:10CF100093F8283003F00203002B03D1B86A00F025
:10CF2000EBFB0CE0BB6A93F8283023F00103DAB284
:10CF3000BB6A83F8282002E000BF00E000BF084B76
:10CF40001B68391D00221846FEF7B2FA0346002B73
:10CF50007FF426AF00BF00BF3037BD4680BD00BFA5
:10CF600058DE002480B588B002AF49E02E4B1B6824
:10CF7000DB681B683B612C4B1B68DB68DB68FB6074
:10CF8000FB6804331846FDF7BFFFFB681B6AF868AF
:10CF90009847FB6893F8283003F00403002B2FD048
:10CFA000FB689B693A691344BB60BA683B699A4263
:10CFB0000ED9FB68BA685A60FB68FA681A611A4BA6
:10CFC0001A68FB68043319461046FDF764FF17E042
:10CFD0000023009300233A690021F868FFF758FD09
:10CFE00078607B68002B0BD14FF0500383F31188DE
:10CFF000BFF36F8FBFF34F8F3B6000BF00BFFDE7F4
:10D00000094B1B681B68002BB0D1074B1B687B6169
:10D01000064B1B68044A1360044A7B69136000BF17
:10D020001837BD4680BD00BF50DE002454DE00240A
:10D0300080B582B002AF00F06FF9154B1B68002B72
:10D0400020D11448FDF7D6FE1348FDF7D3FE134B4D
:10D05000104A1A60124B104A1A6000230093114BB9
:10D06000114A10210A20FDF7E3FF0346084A136026
:10D07000074B1B68002B05D0054B1B680B49184656
:10D08000FEF708FC00F07AF900BFBD4680BD00BF86
:10D0900058DE002428DE00243CDE002450DE00247C
:10D0A00054DE002404DF002464DE002414CC0108D4
:10D0B00080B485B000AFF860B9607A60FB68043B6B
:10D0C000FB60FB684FF080721A60FB68043BFB60FA
:10D0D000BB6823F00102FB681A60FB68043BFB603D
:10D0E0000C4AFB681A60FB68143BFB607A68FB68BB
:10D0F0001A60FB68043BFB60FB686FF002021A6079
:10D10000FB68203BFB60FB6818461437BD465DF8A2
:10D11000047B704719D1000880B485B000AF0023AC
:10D120007B60134B1B68B3F1FF3F0BD04FF05003F4
:10D1300083F31188BFF36F8FBFF34F8FFB6000BF86
:10D1400000BFFDE74FF0500383F31188BFF36F8FEB
:10D15000BFF34F8FBB6000BF00BF7B68002BFCD0CC
:10D1600000BF00BF1437BD465DF8047B704700BFA9
:10D17000600000240000000000000000000000002B
:10D18000074B19680868B0E8F04F80F30988BFF3CF
:10D190006F8F4FF0000080F311887047AFF300806D
:10D1A00028D9002400BF00BF08480068006880F349
:10D1B00008884FF0000080F3148862B661B6BFF3B0
:10D1C0004F8FBFF36F8F00DF00BF00BF08ED00E09F
:10D1D00080B586B000AF474B1B68474A93420BD1DE
:10D1E0004FF0500383F31188BFF36F8FBFF34F8F5E
:10D1F0003B6100BF00BFFDE73E4B1B683F4A9342C7
:10D200000BD14FF0500383F31188BFF36F8FBFF33F
:10D210004F8FFB6000BF00BFFDE7394B7B617B692F
:10D220001B78DBB27B607B69FF221A707B691B78FD
:10D23000DBB2FB70FB78DBB203F05003DAB2314BA8
:10D240001A70314B07221A6009E02F4B1B68013B13
:10D250002D4A1360FB78DBB25B00DBB2FB70FB781E
:10D26000DBB203F08003802BEFD0274B1B68C3F1A8
:10D270000703042B0BD04FF0500383F31188BFF347
:10D280006F8FBFF34F8FBB6000BF00BFFDE71E4B2A
:10D290001B681B021C4A13601B4B1B6803F4E063F2
:10D2A000194A13607B68DAB27B691A70174B1B68E6
:10D2B000164A43F470031360144B1B68134A43F07F
:10D2C0007043136000F0DAF8114B00221A6000F08E
:10D2D000F9F8104B1B680F4A43F040431360FFF707
:10D2E00063FFFFF703F8FFF717FF0023184618370F
:10D2F000BD4680BD00ED00E071C20F4170C20F411C
:10D3000000E400E054DF002458DF002420ED00E0BA
:10D310006000002434EF00E080B483B000AF4FF031
:10D32000500383F31188BFF36F8FBFF34F8F7B6080
:10D3300000BF104B1B6801330E4A13600D4B1B6876
:10D34000012B10D10C4B1B68DBB2002B0BD04FF024
:10D35000500383F31188BFF36F8FBFF34F8F3B6090
:10D3600000BF00BFFDE700BF0C37BD465DF8047B82
:10D37000704700BF6000002404ED00E080B483B07B
:10D3800000AF124B1B68002B0BD14FF0500383F3FF
:10D390001188BFF36F8FBFF34F8F7B6000BF00BF5B
:10D3A000FDE70A4B1B68013B084A1360074B1B68EB
:10D3B000002B05D100233B603B6883F3118800BF3D
:10D3C00000BF0C37BD465DF8047B70476000002449
:10D3D000EFF30980BFF36F8F154B1A681EF0100F23
:10D3E00008BF20ED108A20E9F04F10602DE90900F8
:10D3F0004FF0500080F31188BFF34F8FBFF36F8F52
:10D40000FEF774FF4FF0000080F3118809BC196823
:10D410000868B0E8F04F1EF0100F08BFB0EC108A9B
:10D4200080F30988BFF36F8F704700BFAFF30080B0
:10D4300028D9002400BF00BF80B582B000AF4FF0F4
:10D44000500383F31188BFF36F8FBFF34F8F7B605F
:10D4500000BFFEF791FE0346002B03D0064B4FF0B2
:10D4600080521A6000233B603B6883F3118800BF41
:10D4700000BF0837BD4680BD04ED00E080B400AFBA
:10D480000B4B00221A600B4B00221A600A4B1B68E0
:10D490000A4AA2FB03239B09094A013B1360044B80
:10D4A00007221A6000BFBD465DF8047B704700BFCD
:10D4B00010E000E018E000E008000024D34D621006
:10D4C00014E000E0DFF80C00016841F47001016035
:10D4D000704700BF88ED00E080B485B000AFEFF387
:10D4E0000583FB60FB680F2B15D9184AFB681344B2
:10D4F0001B78FB72164B1B78FA7A9A420BD24FF0CC
:10D50000500383F31188BFF36F8FBFF34F8F7B609E
:10D5100000BF00BFFDE70F4B1B6803F4E0620E4B3A
:10D520001B689A420BD94FF0500383F31188BFF365
:10D530006F8FBFF34F8F3B6000BF00BFFDE700BFA1
:10D540001437BD465DF8047B704700BFF0E300E090
:10D5500054DF00240CED00E058DF002480B58AB0D1
:10D5600000AF78600023FB61FEF74AFD5C4B1B684F
:10D57000002B01D100F024F95A4B1A687B68134044
:10D58000002B40F095807B68002B1ED008227B6822
:10D5900013447B607B6803F00703002B15D07B6886
:10D5A00023F0070308337B607B6803F00703002B3D
:10D5B0000BD04FF0500383F31188BFF36F8FBFF38D
:10D5C0004F8F7B6100BF00BFFDE77B68002B6FD0F2
:10D5D000454B1B687A689A426AD8444B3B62434B7E
:10D5E0001B687B6204E07B6A3B627B6A1B687B6230
:10D5F0007B6A5B687A689A4203D97B6A1B68002B56
:10D60000F1D1374B1B687A6A9A4251D03B6A1B684A
:10D6100008221344FB617B6A1A683B6A1A607B6AC2
:10D620005A687B68D21A08235B009A4220D97A6A2A
:10D630007B681344BB61BB6903F00703002B0BD06D
:10D640004FF0500383F31188BFF36F8FBFF34F8FF9
:10D650003B6100BF00BFFDE77B6A5A687B68D21A56
:10D66000BB695A607B6A7A685A60B86900F00AF947
:10D670001D4B1A687B6A5B68D31A1B4A13601A4BEE
:10D680001A681B4B1B689A4203D2174B1B68184A37
:10D6900013607B6A5A68134B1B681A437B6A5A6093
:10D6A0007B6A00221A60134B1B680133114A136016
:10D6B000FEF7B4FCFB6903F00703002B0BD04FF01F
:10D6C000500383F31188BFF36F8FBFF34F8FFB605D
:10D6D00000BF00BFFDE7FB6918462837BD4680BD87
:10D6E000B4A20124C8A20124B8A20124ACA201243E
:10D6F000BCA20124C0A2012480B586B000AF78602E
:10D700007B687B617B68002B4FD008235B427A6982
:10D7100013447B617B693B613B695A68254B1B68FD
:10D720001340002B0BD14FF0500383F31188BFF34C
:10D730006F8FBFF34F8FFB6000BF00BFFDE73B69FA
:10D740001B68002B0BD04FF0500383F31188BFF3FD
:10D750006F8FBFF34F8FBB6000BF00BFFDE73B691A
:10D760005A68144B1B681340002B1ED03B691B6882
:10D77000002B1AD13B695A680E4B1B68DB431A40D9
:10D780003B695A60FEF73CFC3B695A680A4B1B68D0
:10D790001344094A1360386900F074F8074B1B689A
:10D7A0000133064A1360FEF739FC00BF1837BD4647
:10D7B00080BD00BFC8A20124B8A20124C4A20124D4
:10D7C00080B485B000AF4CF25033BB60274BFB6098
:10D7D000FB6803F00703002B0CD0FB680733FB60EA
:10D7E000FB6823F00703FB60BA68FB68D31A1F4A83
:10D7F0001344BB60FB687B601D4A7B6813601C4B55
:10D8000000225A607B68BA681344FB600822FB68F8
:10D810009B1AFB60FB6823F00703FB60FB68154A5B
:10D820001360144B1B6800225A60124B1B680022C5
:10D830001A607B683B603B68FA68D21A3B685A60A2
:10D840000C4B1A683B681A603B685B680A4A1360B5
:10D850003B685B68094A1360094B4FF000421A604D
:10D8600000BF1437BD465DF8047B70475CDF0024C1
:10D87000ACA20124B4A20124BCA20124B8A20124B8
:10D88000C8A2012480B485B000AF7860284BFB604B
:10D8900002E0FB681B68FB60FB681B687A689A42C1
:10D8A000F7D8FB68BB60FB685B68BA6813447A68AA
:10D8B0009A4208D1FB685A687B685B681A44FB6827
:10D8C0005A60FB687B607B68BB607B685B68BA689A
:10D8D0001A44FB681B689A4218D1FB681A68154BFA
:10D8E0001B689A420DD07B685A68FB681B685B68AE
:10D8F0001A447B685A60FB681B681A687B681A6068
:10D9000008E00C4B1A687B681A6003E0FB681A6831
:10D910007B681A60FA687B689A4202D0FB687A6872
:10D920001A6000BF1437BD465DF8047B704700BF26
:10D93000ACA20124B4A20124002846D0034630B58D
:10D94000027885B00A2A42D8DFE802F012121814D1
:10D95000140606061A2E16000A6A596B002052F8A1
:10D960002120121A18BF012283F8392005B030BDDA
:10D970000A68F2E78A69F0E78A68EEE70A69ECE785
:10D980005C68084604F1430204F1440304F14205D3
:10D9900004F11001CDE90132009504F1410304F1D5
:10D9A000400209F0EBFFE1E75C68084604F122025F
:10D9B00004F1230104F12103CDE9002104F1200247
:10D9C00004F110010AF0F4F9D0E70B2070470120B0
:10D9D000CCE700BFF0B59BB0002800F0888003784A
:10D9E00004460A2B00F26781DFE803F02D2D154471
:10D9F000441919195A061500406890F82030002B78
:10DA000040F0B28090F82230002B40F0E48090F893
:10DA10002130002B6FD1002528461BB0F0BD426B92
:10DA20000B6A53F82230002BF5D0826800F1100108
:10DA3000406801F021FD05460028ECD040F2592352
:10DA4000984213D029E0426B0B6853F82230002B28
:10DA5000E1D000230AAAD0E9010101F051FE0546F8
:10DA60000028D9D040F29113984216D1002384F8AF
:10DA70003930D1E7426B8B6953F82230002BCAD082
:10DA8000826800F11001406800F0FEFD05460028A4
:10DA9000C1D040F2F5139842BED002F0B1FFBBE70F
:10DAA000406890F84230002B7DD1C3691BB190F8DB
:10DAB0004030002B44D190F84430002B40F0AC8033
:10DAC00090F84330002BA6D0C26A0AA9103009F0A2
:10DAD0002DFE05460028E0D16068DDE90E230AF03E
:10DAE00097FA002898D0012380F8233094E70B257B
:10DAF00028461BB0F0BD04AE10300AAA31460AF029
:10DB00008BF805460028C8D10AA960680AF040FAD7
:10DB10000746002800F0BB80012190F908000AF0B8
:10DB2000C1F90328844640F0A78007F158040FCEBE
:10DB30000FC496E8030084E8030087F808C06BE789
:10DB4000816A103009F072FE05460028A5D1606890
:10DB5000816A0AF01DFA0346002800F0A380012222
:10DB6000606883F82220A6E70AF0ECF906466068B0
:10DB7000002E3FF447AF706006F12801F2691030C3
:10DB800009F092FF0546002840F08E80F7690FCF1C
:10DB90003572C6F80900C6F80D106068C6F8112085
:10DBA000C6F815302EE704AA0AA9103009F046FD80
:10DBB000054600287FF471AF6068DDE90E230AF0A6
:10DBC00015FA30B19DF81030012280F8213080F82C
:10DBD0002020606869E7103004AA0AA909F0DCFF78
:10DBE000054600287FF459AF04A960680AF0D0F90F
:10DBF000074660B10AAD00F140064FF0020C0FCDB0
:10DC00000FC695E8030086E8030087F808C060683F
:10DC1000002380F82230FAE600F130020AA9103021
:10DC200009F0C4FD054600287FF437AF6068DDE9E0
:10DC30000E230AF0FFF906466068002E3FF440AF5D
:10DC40000127836BB784002B3FF43AAF436B05EB9E
:10DC5000450103EBC1010AF09BF938B16068013559
:10DC600086F82570836BAB42F0D829E760680135F0
:10DC7000836BAB42EAD823E706AB0FCB8DE80F00EE
:10DC80000321606896E80C000AF04AFAC4E606AB85
:10DC90000FCB8DE80F000221606896E80C000AF0B7
:10DCA0003FFAB9E6606806E7314660680AF05AF95B
:10DCB00002F0A6FEB0E60125AEE600BFF0B503789F
:10DCC00085B004460A2B00F23981DFE803F0684290
:10DCD0004D5BA70606061D726200062B00F026812A
:10DCE000072B036B40F01C8104F11005D0E90A12E8
:10DCF00080689847A26A2946606801F0FDFB0446E7
:10DD000078B302F07DFE2CE0406890F84230002BA2
:10DD100000F08E800026012704E00AF0EDF898B9A3
:10DD20002F7260680AF098F9054600287FD0636872
:10DD3000E26A9B6995F8211085F82060984795F86C
:10DD400021302846002BE8D1606829460AF00AF9FC
:10DD5000E7E790F83900D4E90B1300B1A06800247C
:10DD60009847204605B0F0BD406801F0DDFD40F267
:10DD700021330446984201D00028C2D10024204615
:10DD800005B0F0BD0024036B80689847204605B0BD
:10DD9000F0BD0024036B9847204605B0F0BD90F815
:10DDA0003900236B00B1A06800249847204605B0D5
:10DDB000F0BD406890F824303BBB90F82030002B39
:10DDC0007DD040F63406012707E028460AF05CF9CA
:10DDD000294660680AF0C6F8606800210AF0EEF88B
:10DDE0000546002868D06368E16A9B699847B0429D
:10DDF0004FF00001E9D1012128460AF045F92F72C0
:10DE0000EAE748680AF0AEF860680AF0E3F801460D
:10DE10000028F6D1606880F82410CEE70024036B58
:10DE200000F1100180689847204605B0F0BD606899
:10DE300090F840308BB1C5682DB3002695F822309C
:10DE400043B1C36985F8226023B1816A2846E26A3A
:10DE5000984760682D68002DF0D190F8443093B158
:10DE6000C56885B1002695F824304BB1436A85F822
:10DE700024602BB1284695F82510E26A984760681F
:10DE80002D68002DEFD190F84330002B3FF476AF92
:10DE900000270BE06368E26AD96A1E6A85F823707E
:10DEA000B047606829460AF05DF860680AF0E0F85B
:10DEB00005460028EED161E7606880F8205090F8B0
:10DEC0002130002B3FF45AAFC568B5B1022601E0FE
:10DED0002D6895B195F90830032BF9D1C36928460F
:10DEE000E16A9847034605F16002284685F8253027
:10DEF00043B10AF0E9F86068EAE700231C4680F8BD
:10DF000021302EE70FCA05F158078DE80F000121D7
:10DF10006068D7E900230AF003F92E726068D7E73A
:10DF2000816A04F1100580689847E3E600F1100566
:10DF3000036B826A294680689847DBE6012410E774
:10DF400000283DD000293CD0034690F8380000223C
:10DF5000002835D030B493F800C0BCF1080F1DD1B3
:10DF60005C68256C35F07F4505D194F8440010B904
:10DF700094F8430028B130BC704793F8390000286A
:10DF8000F9D101324033914217D093F8380000287C
:10DF9000F1D093F800C0BCF1080FE1D0BCF1090F3B
:10DFA000EBD15C68256A002DE5D194F824000028A7
:10DFB000E1D1013240339142E7D1002030BC7047BB
:10DFC00070470846704700BF10B5044688220249D2
:10DFD0000CF067FF204610BDE8CC010800000000EF
:10DFE00000296AD02DE9F0410546B0B000285CD088
:10DFF0001646184688461F4602F020FC002E54D0D4
:10E0000080F0010414F0FF044FD1882230490EA89B
:10E010000CF047FF0EA9882228460CF042FF684604
:10E02000C5F80080AE6001F0F5FDEC4605F1140E78
:10E03000D7F80080BCE80F00AEE80F00BCE80F0086
:10E04000AEE80F00BCE80F009FED1F7BAEE80F00AD
:10E05000DCF80030B0013969CEF800302F6185ED71
:10E060001A7BC047686008B929E0686800EB841033
:10E070000134314600F07CFAA642F6D805F148009A
:10E0800000F06AFA134A00236868C5E91E2368B1E4
:10E09000AB6873B12A69B2FA82F35B094AB11846D8
:10E0A00085F8803030B0BDE8F0810B2030B0BDE89D
:10E0B000F081002030B0BDE8F0810B2070470A20CD
:10E0C000F4E700BFAFF3008000CA9A3B00000000F5
:10E0D000E8CC010841DF0008002B18BF002A70B50A
:10E0E00004460CBF012000209DF810C0002908BF85
:10E0F00040F0010028BBB4FA84F56D090CB3D4E9F3
:10E100000206864201D3012070BD60684FEA861E78
:10E1100000F80E5000EB8610013603630123C56240
:10E1200004F1140580F801C00387C0E901122846F4
:10E13000E66001F083FD30B9A36C00200133A364D5
:10E1400070BD0B2070BD284601F07EFD0028F3D085
:10E1500070BD00BF002844D0F0B500F114059BB09D
:10E160000446284601F06AFD10B100201BB0F0BD46
:10E17000284601F069FD002830D10CA804AE01F05A
:10E1800049FD0DF1300CAE462769BCE80F00AEE842
:10E190000F00BCE80F00AEE80F00BCE80F00AEE8CF
:10E1A0000F00DCF80030CEF800300FCF0FC63B6810
:10E1B000284622683360636E616DCDE90232D4E98E
:10E1C0001332CDE90021226EA16C02F03DF8002847
:10E1D000CCD00B9002F014FC0B98C7E702F010FCB7
:10E1E000CBE70B20704700BF2DE9F84F054691465D
:10E1F0009846FFF7AFFF05F11406304601F0F0FD39
:10E200000746002840F0A880AB680BB30446696855
:10E21000A20101EB841C9CF83830CBB18B5C0A2B3B
:10E2200000F2DE80DFE803F09D9DA98D8D060606D5
:10E23000CEC1B5000CF13402DCF80410304602F017
:10E240001FF9002840F087800134AB689C42DED380
:10E2500043464A46304602F03FF995F88030002B9D
:10E2600000F0C680012B40F0BB80AB68002B00F0B3
:10E270005981002440F29119A0460AE0FFF75CFBA7
:10E28000044610B1484540F0B180AB68984580F035
:10E2900026816A68314602EB881008F1010890F87F
:10E2A00038C0BCF1000FE9D119461046D5E91E323D
:10E2B0009847002800F09A80AB68002B00F0968009
:10E2C0004FF0000840F2911909E0FFF783FB044684
:10E2D00010B1484540F08A80AB68984509D268681B
:10E2E000314600EB881008F1010890F83820002A28
:10E2F000EBD1002B7AD000260EE012F80C20082A71
:10E3000000F0FC80092A00F0EE8090F839208AB9EC
:10E3100001369E4267D200246A684FEA861C02EBEF
:10E32000861090F83810002960D041780029E4D098
:10E330000129EDD1FFF7C2FC002840F0B580AB68A1
:10E34000E6E70CF13402DCF80410304602F06CF819
:10E3500000283FF479AF074602F052FB3846BDE88B
:10E36000F88F0CF13402DCF80410304601F00CFD9B
:10E3700000283FF469AF0746EEE70CF13402DCF801
:10E380000410304602F020F800283FF45DAF074645
:10E39000E2E70CF13402DCF80410304601F0E8FF4B
:10E3A00000283FF451AF0746D6E7DCF804100CF123
:10E3B00034023046103109F0A7FC00283FF444AF86
:10E3C0000746C9E7DCF8041000230CF1340230469C
:10E3D000103109F06FFA00283FF436AF0746BBE76B
:10E3E000012702F00DFB3846BDE8F88F2746FAE713
:10E3F000AB68002B00F09380002440F29119A046F6
:10E4000008E0FFF799FA044608B14845EED1AB6839
:10E41000984566D26A68314602EB881008F1010817
:10E4200090F838C0BCF1000FEBD119461046D5E981
:10E430001E3298470028D9D0AB68002BD6D04FF0B9
:10E44000000A40F2911840F259290EE013F80B30FF
:10E45000082B34D0092B29D090F8393003BB0AF1AE
:10E46000010AAB689A45BED2002468684FEA8A1B4D
:10E4700000EB8A1090F83830002BB7D03146FFF708
:10E48000A9FA002818BF404501D048450CD16B6857
:10E4900013EB0B0021D04278002AD7D0012ADED11D
:10E4A000FFF70CFC0028DAD007469CE743681A6A9D
:10E4B000002AF5D193F82430002BD0D0F0E7436840
:10E4C0001A6C32F07F42EBD193F84420002AE7D156
:10E4D00093F84330002BC2D0E2E70B2783E76A684A
:10E4E000E2E66A68A1E74268116A00297FF422AF78
:10E4F00092F82420002A3FF40BAF1BE74268116C0E
:10E5000031F07F417FF416AF92F8441000297FF478
:10E5100011AF92F84320002A3FF4FAAE0AE76A6886
:10E520001C4682E76A681C46BEE600BF90B170B523
:10E530000446006816461D4600F044F930B13246E4
:10E540002B462046BDE87040FFF74EBE02F058FA59
:10E55000012070BD0B20704730B12022002108B58A
:10E560000CF07CFB002008BD0B2070470000000071
:10E57000034678B100224FF00B0C41631046A3F81C
:10E5800000C01A631A879FED047BC3E9012283ED63
:10E590000A7B70470B20704700000000000000005D
:10E5A0002DE9F04383B00A9F002B18BF002F27D01E
:10E5B000044628B3E9461D460E469046484600F0FC
:10E5C000F7F82A46234699E8030084E80300414609
:10E5D000304600F097F9054660B93A4604F10C015F
:10E5E0000320A76001F00CF9054618B9284603B0CE
:10E5F000BDE8F08302F004FA284603B0BDE8F083DA
:10E600000B25284603B0BDE8F08300BF18B10068B1
:10E6100008B1D0F80801704770B582B0F8B104466F
:10E620000068E0B1D0F80831CBB10E46E1B1154633
:10E63000D2B1052100F5887002F00EF902460B46B2
:10E640003146C5E9002323682A46D3F8080103F0C0
:10E6500091F9064660B10126304602B070BD4FF414
:10E66000FA76304602B070BD0B26304602B070BD5F
:10E6700020680521D5E9002300F58870009102F09B
:10E6800057F9304602B070BD70B58E468CB00C465E
:10E6900016460DF1180C0546BEE80F00ACE80F0059
:10E6A0009EE803008CE803005DB32B684BB3D3F8FE
:10E6B000080130B346B30023324602A98DF8073073
:10E6C0000DF107039FED127B8DED027B8DED047B39
:10E6D00003F058FA0546C8B99DF8072040F2F51333
:10E6E000002A08BF1D460DF1180EA446BEE80F0013
:10E6F000ACE80F009EE803008CE8030028460CB04D
:10E7000070BD4FF4FA75EEE70B25ECE70125EAE75B
:10E71000000000000000000030B1006820B1D0F817
:10E720000801003818BF0120704700BF002B18BF38
:10E73000002A2DE9F04316460CBF01220022A1B0A9
:10E74000002908BF42F0010222BB044610B30DF1BC
:10E7500010081F460D460DF11809404600F008FB51
:10E7600098E8030084E80300484600F07BFC40463C
:10E7700000F0FEFACDF800903B46324698E80300E0
:10E7800084E803002946204600F0FCFA30B921B0A5
:10E79000BDE8F0830B2021B0BDE8F083039002F0C8
:10E7A0002FF902F02DF9039821B0BDE8F08300BFE6
:10E7B000034A034692E8030083E8030018467047C3
:10E7C00070CD010818B14068003818BF01207047AB
:10E7D0002DE9F8430646002300687360002849D0FD
:10E7E0004769D0F80480D0F8109037B1143000F0A9
:10E7F000F7F90746002844D13068036B43B128304D
:10E8000002F01CFF18B1002F3ED002F0F9F830687A
:10E81000036ADBB1D0E9062C012A7CF1000111DB8F
:10E820000024254653F824004946B8B1C047336850
:10E830000134D3E9062C45F100051B6A944275EBBF
:10E840000C01EFDB18464946C04730684946C047CF
:10E8500000233846C6E90033BDE8F883013445F1AA
:10E860000005944275EB0C01DCDB18464946C047B5
:10E870003068EBE7074600233846C6E90033BDE8B9
:10E88000F88302F0BDF8B7E709F06AFC0746BCE779
:10E89000002B18BF002A2DE9F04116460CBF0122BB
:10E8A0000022A0B0002908BF42F001021ABB0446B2
:10E8B00008B30DF110081F460D4600F03FFE206022
:10E8C000404600F0EFFE50220D4940460CF0E9FAB8
:10E8D0003B46324629462046CDF8008000F034FE03
:10E8E00010B920B0BDE8F081039002F089F80398D8
:10E8F00020B0BDE8F0810B2020B0BDE8F08100BF62
:10E9000078CD01082DE9F047051E9EB00E469046D1
:10E910001F4640F39F80002900F09F80A1F1040E64
:10E920004FF0000C5EF8044F0CF1010C002C00F0CD
:10E9300094806545F6D1B8F1000F00F08E80D8F8CC
:10E940000040002C00F089800DF1640C0FCCACE885
:10E950000F00236819A8CCF8003001F06FFF80F099
:10E960000100C0B2002878D1002F76D03B68002B80
:10E9700078D178210120DDE91C32984704463860BF
:10E98000002800F0B68002A802F05AFB02A904F1A8
:10E99000280050220CF085FA19ACD7F800E00FCC13
:10E9A000F446ACE80F0023680EF114014046CCF8A1
:10E9B000003000F03FF90446002844D1D7F8009019
:10E9C0004FEAE578C9F82000C9F81850C9F81C804A
:10E9D000002D4ED0002E4CD004212846DDE91C32FB
:10E9E0009847C9F82000D7F80090D9F82030CA46D7
:10E9F00043B3012D78F100033BDB0024043EA14624
:10EA00000BE031680CF04DFA013449F10009C845BA
:10EA100008BFA5422BD0D7F800A056F8040FF1F795
:10EA2000BFFC421C199B10461D99DAF820A00192E8
:10EA300098473B684AF824001B6A019A53F824005F
:10EA40000028DED10A243846FFF7C2FE20461EB059
:10EA5000BDE8F08700293FF46EAF0B2420461EB0BE
:10EA6000BDE8F087642420461EB0BDE8F087D7F8E3
:10EA7000009026490B68013336D01A4600240B60FB
:10EA8000D9F814007B60436A0133C0E9062434D00E
:10EA900090F830303BB9303000F048F90446002897
:10EAA000D1D13B68586918AA17A9406B01F0A0F8AA
:10EAB00004460028C7D1179BEBB939684B6903F1AD
:10EAC0002802586B00F080FC04460028BBD139684E
:10EAD00048692831183002F07BFC04460028BDD07C
:10EAE00009F03EFB0446AEE701221C460A601346CD
:10EAF000C6E70A24B2E70124A5E7243009F044FB65
:10EB0000044600289FD13B685869C1E7CCA2012484
:10EB10000020704784B0F0B597B01DAE86E80E00B7
:10EB2000002858D00368054633B16424204617B046
:10EB3000BDE8F04004B07047304601F07FFE002889
:10EB400049D0B44611ACBCE80F000FC4DCF800306B
:10EB50005020219923601D9B984704462860002877
:10EB60003BD00DF1440C8646BCE80F00AEE80F0028
:10EB7000DCF8003002A8CEF8003002F075FA0DF192
:10EB8000080E04F1180C2F6820ACBEE80F00ACE8AA
:10EB90000F00BEE80F00ACE80F00BEE80F00ACE8C5
:10EBA0000F009EE803008CE8030094E803008DE862
:10EBB000030096E80E0007F1180002F00BFB044674
:10EBC0000028B3D021991E9B28689847204609F059
:10EBD000C7FA0446AAE70B24A8E70A24A6E700BF61
:10EBE00030B587B0F0B103680446DBB19C460DF147
:10EBF000040EBCE80F00AEE80F00DCF8003001A8FE
:10EC0000CEF8003001F01AFE60B12068183002F032
:10EC10009BFB054650B92068029B059998472846FA
:10EC200007B030BD0B25284607B030BD09F098FA73
:10EC30000546F8E72DE9F04194B000285BD0044682
:10EC40000068002857D00E4601F0F8FD002E52D083
:10EC500080F00100C0B200284DD1336823B1642494
:10EC6000204614B0BDE8F08127680FADBC46D7F848
:10EC70000080BCE80F000FC5DCF8003050201946BA
:10EC80002B60C04705463060D0B30DF13C0C864682
:10EC9000BCE80F00AEE80F00DCF800306846CEF8A4
:10ECA000003002F0E1F9EE4605F1180C24683568F1
:10ECB000BEE80F00ACE80F00BEE80F00ACE80F00A4
:10ECC000BEE80F00ACE80F009EE803008CE80300EC
:10ECD00004F1180005F1180102F0E4FA04460028D6
:10ECE000BED001F075FE01F08BFE3046FFF778FFD5
:10ECF00040B10446B4E70B24204614B0BDE8F081CF
:10ED00000A24ADE7204614B0BDE8F04109F028BA66
:10ED100020B1036813B10020596270470B2070477F
:10ED200010B1006800B11830704700BF10B5002363
:10ED300082B00193B8B1044601A90C4801F030FE3D
:10ED400010B1012002B010BD019B13B11A78312A15
:10ED500004D002230020237002B010BD5B78002B8A
:10ED6000F7D10123F6E70B2002B010BDC8CD010892
:10ED7000034A034692E8030083E8030018467047FD
:10ED8000F8CD01082DE9F04FA9B004460E4615460E
:10ED9000DDF8C88023A81F4609F01CFCB8F1000F5D
:10EDA00000F0F380404601F049FD002D18BF002C13
:10EDB00080F001000CBF4FF0010C4FF0000C002E52
:10EDC00008BF4CF0010C4CEA000C1CF0FF0940F0AD
:10EDD000DC80D4F804A0BAF1000F40F0FC80002FD2
:10EDE00000F0D3803846FFF7EDFC8346002800F0A2
:10EDF000D2805246304622A9CDF888A003F0B4FF55
:10EE00008246002840F0C3802298002840F0F1801C
:10EE10002846F1F7C5FA002840F0C080794D22A9B4
:10EE20000022284603F082FF8246002840F0AF808F
:10EE30002298002840F0D580D8F800307820D8F803
:10EE40001010984782466060002800F0CF800022B2
:10EE5000002308A8CAE91A23CAE91C2300F002F912
:10EE600008A9504668220CF01CF8616840462760EB
:10EE700000F006F9002858D12846F1F791FA284405
:10EE800010F8013CCDE903562F2BD8F81030009331
:10EE90000CBF5D4B5D4B02934FF400630193D4F8BC
:10EEA00004A098E80F0001F0D7FD2368CAF87400A9
:10EEB000314618682A466668283002F071FC63689B
:10EEC000B066986E002832D002F0FAFC824660B339
:10EED000D8F800300820D8F81010666898476368A2
:10EEE000F066D3F86CB0BBF1000F20D006A823AEBB
:10EEF00009F0E4FA06A86368C44603C8D3F86CE0D6
:10EF00008BE80300BCE80F000FC6DCF8003033606C
:10EF100028AB13E90F008DE80F0051463A467046C2
:10EF2000239B09F0D5FA824628B36368F3B1586F82
:10EF300028B1D8F80430D8F8101098476368986E54
:10EF400010B102F03FFC6368D86E48B109F01CFBB9
:10EF50006368D8F81010D86ED8F804309847636802
:10EF60001846D8F81010D8F80430984700234FF00E
:10EF7000010AC4E90033B9F1000F08D0D8F8043011
:10EF80002846D8F81010984701E04FF00B0A504679
:10EF900029B0BDE8F08F4FF0650AF8E72B782F2BEA
:10EFA0003FF43DAF0395D8F810300093184B02930F
:10EFB0004FF40063019398E80F0001F04DFD054602
:10EFC000E0B1002222A9229203F0B0FE824600287E
:10EFD000D4D1D9462CE74FF0640A504629B0BDE899
:10EFE000F08F4FF0CA0A03F0B3FEC4E74FF00A0AED
:10EFF000C1E74FF0C90A03F00BFFC8E74FF00A0A58
:10F00000C5E700BFE0CD0108E8CD0108F0CD01085B
:10F01000E4CD010830B1436823B19B6E13B10068A1
:10F02000FFF7D0BB0020704720B1406810B1806E60
:10F0300000B18068704700BF20B1406810B1806E99
:10F0400000B1C068704700BF28B1406818B1836E36
:10F05000002B08BF0020704710B1406800B1806EDF
:10F06000704700BF10B50446682200210BF0F6FD82
:10F07000204601F0D5FB01232046237510BD00BFBB
:10F08000002818BF88421BD0F8B5B1FA81F60C46AB
:10F09000760999B10546878A84468E460FCDAEE83B
:10F0A0000F002B6850220CF1180104F11800CEF863
:10F0B0000030A7820BF0F5FE3046F8BD0B20F8BDFE
:10F0C0000B20704782B02DE9F04F91B01AAC9DF83B
:10F0D0007C8084E80C0000283DD00C460546FFF7F4
:10F0E000B3FF00283AD02846FFF79EFF0646284681
:10F0F0000BADFFF7A1FF0DF1680E0746AC46BEE869
:10F100000F00ACE80F00DEF80030CCF80030219B97
:10F110000BB38946DDF878A001F016FE10AB08901D
:10F1200013E907008DE80700002108A895E80C0006
:10F1300001F080FE8346A0B101F04AFC01F060FCC2
:10F14000BBF10A0F18BF4FF0010B584611B0BDE8D4
:10F15000F04F02B070474FF00B0BF6E74FF0010B8A
:10F16000F3E70990079008A809F0A2F9834680B157
:10F170000A2808A818BF4FF0010B01F09BFE0446B7
:10F1800000285BD151460998C84751462046C847D8
:10F19000DBE709ABEC4605930FCDACE80F002B681D
:10F1A0003A4631462046CCF8003008AB09F020F84A
:10F1B0008346D8B9099C024609900AA9204603F063
:10F1C000E5FC50BB0A9D002D40D1219B08A81C6086
:10F1D00001F070FE8346002843D001F0F9FBA846F9
:10F1E0004FF0010B2C4601F00BFC0AE0672814BF1E
:10F1F0004FF0000808F00108079C08A801F05AFE2B
:10F2000050BB51460998C84751462046C847B8F1F7
:10F21000000F18BF4FF0680B97E701F0D9FB01F022
:10F22000EFFB08A801F046FE98B951460998C84777
:10F23000514620464FF0010BC84786E7DDF81C8099
:10F2400001F0C6FB01F0DCFB4446DAE74FF0670B48
:10F25000D3E7D8464FF0010B01F0BAFB01F0D0FB29
:10F26000CFE751460998C84751465846C8476CE70A
:10F27000F0B502F108070B4685B01446064697E83C
:10F2800007008DE807001846194994E80C0001F0C2
:10F29000D5FB337805462F2B23D004F10C0393E8DC
:10F2A00003008DE80300701C94E80E0001F0CCFB15
:10F2B000064697E807008DE807003146284694E89F
:10F2C0000C0001F0BBFB0346304662681E46216914
:10F2D000904728463546636821699847284605B017
:10F2E000F0BD7378002BD8D1284605B0F0BD00BF23
:10F2F0003CCE01082DE9F04385B068B107460846C9
:10F300000C4601F09BFA38B100232D4803A9039362
:10F3100001F046FB054620B10025284605B0BDE8B2
:10F32000F083039B1A78002AF6D004F10C0999E8BF
:10F3300003008DE80300184694E80E0001F0C6FCB7
:10F3400080460028E8D003A91E48039501F028FB59
:10F3500060B100263046636821699847404663687B
:10F3600021699847284605B0BDE8F083039B1E78C5
:10F37000F6B199E803008DE80300184694E80E0002
:10F3800001F0A4FC06460028E3D022464146FFF7E0
:10F390006FFF0546002DDDD0284601F04DFB0346EA
:10F3A0000028D7D1284621691D4663689847D1E7D0
:10F3B000224638464146FFF75BFF0546EAE700BFB5
:10F3C00048CE010860CE01082DE9F04182B000234B
:10F3D00006460F46214801A99046019301F0E0FA44
:10F3E00020B10125284602B0BDE8F08104461C4941
:10F3F0000198F0F775FF0546F0B90190B8F1000FDC
:10F4000021D001A9174801F0CBFA0028E9D116490B
:10F410000198F0F765FF034639463046B3FA83F3A7
:10F420005B0988F80030FFF765FF70B1C8F8040089
:10F43000284602B0BDE8F081254688F800402846FD
:10F4400002B0BDE8F0810B25CCE798F80050A5F19B
:10F450000105B5FA85F56D09C4E700BF00CE0108C6
:10F4600014CE01081CCE010834CE010818B1006882
:10F4700008B1D0F80801704770B58E468CB00C46C4
:10F4800016460DF1180C0546BEE80F00ACE80F005B
:10F490009EE803008CE803000DB32B68FBB1D3F8A2
:10F4A0000801E0B136B30023324602A98DF80730D7
:10F4B0000DF1070302F0ACFA054698B10A2818BF0F
:10F4C00001250DF1180EA446BEE80F00ACE80F00B0
:10F4D0009EE803008CE8030028460CB070BD4FF492
:10F4E0001675EEE79DF8072040F25923002A08BF61
:10F4F0001D46E6E70B25E4E770B1006860B1D0F87F
:10F50000080148B169B110B54AB102F0DFFA10B193
:10F51000022818BF012010BD4FF4167070470B2051
:10F5200010BD0B20704700BF30B1006820B1D0F88B
:10F530000801003818BF0120704700BF014B186850
:10F54000704700BF80CE01082DE9F04788B0109FBA
:10F55000FFB107F1500A05460E46914650469846BF
:10F5600001F06CF980F00104E4B294B98DB1304639
:10F57000FFF750FD002855D0B9F1000F09D0B8F1C0
:10F58000000F06D02B684BB16424204608B0BDE8BC
:10F59000F0870B24204608B0BDE8F087CDE903339F
:10F5A00007AA079307F15803059293E807008DE82F
:10F5B0000700414630469AE80C00FFF783FD00281B
:10F5C0005FD1C8210120D7E9173298472860002869
:10F5D0005FD03046FFF740FD07F164034946079AC4
:10F5E00000933B462C6802F059FBC4F8C0002C681D
:10F5F000D4F8C00048B304F1700102F045FC0446A1
:10F60000A8B92868702297F84830394680F8B83091
:10F610000BF047FC07987B6D396E9847204608B081
:10F62000BDE8F087C824204608B0BDE8F0872C6804
:10F630006CB3D4F8C0304BB13046FFF70DFD2B68EA
:10F64000D3F8C01002F034FC2C6894B104F15006D9
:10F65000304601F0F3F858B1E06E48B1314603F09E
:10F66000E5F90646C8B9636D216EE06E9847E66617
:10F670002C687B6D2046396E0124984700232B604F
:10F68000C8E7672807D0692805D00A2801D00124D7
:10F69000C0E70A24BEE76724BCE708F061FD2C68D8
:10F6A000E7E700BF70B5144D8AB0044650221349F5
:10F6B00028460BF0F6FB04A801F0B2F80DF1100C8F
:10F6C00005F1500E6E46BCE80F00AEE80F00DCF806
:10F6D00000303046CEF8003003F0C2F905F1640383
:10F6E00096E8070083E807007022294620460BF0C1
:10F6F000D8FB20460AB070BDD0A2012488CE0108F4
:10F70000002849D02DE9F04115460268A4B004460E
:10F71000002A39D01F46D2F8C030ABB30E460029BC
:10F7200038D0002D3CD002A84FF0000803F026FA94
:10F730000DF1080CAE46BCE80F00AEE80F00BCE8C7
:10F740000F00AEE80F00BCE80F00AEE80F009CE829
:10F750000F008EE80F008DF84F802B4620680DF1CA
:10F760004F023146D0F8C000009702F003FC034678
:10F77000C0B99DF84F1040F29112002908BF1346FE
:10F78000184624B0BDE8F0814FF4C873184624B081
:10F79000BDE8F0810B23F3E74FF4C87318467047B8
:10F7A00014ADC0E708F0DCFC0346E9E718B10068D7
:10F7B00008B1D0F8C000704730B1006820B1D0F86F
:10F7C000C000003818BF0120704700BF084601F094
:10F7D000E9BB00BF084601F00BBC00BF037A10B5BF
:10F7E0000C4643B1052101F037F802460B460020D4
:10F7F000C4E9002310BD0846BDE8104001F0D2BBAB
:10F80000F8B50546104614460E4601F017F828B123
:10F81000032D03D8DFE805F01F3059064FF00B0C1D
:10F820006046F8BD002CF9D0B6FA86F35B09002ECD
:10F83000F4D033619C4606F11405324F4FF0030EAD
:10F84000C6E901330FCC0FC5236860462B60F76013
:10F8500086F800E0F8BD002EE0D0002306F1140584
:10F8600033709C46C6E90133C6E903330FCC0FC59C
:10F87000236860462B60F8BD002CCFD0B6FA86F521
:10F880006D09002ECAD0A646357006F1140CBEE8EC
:10F890000F00C6E90155C6E90355ACE80F00DEF8D4
:10F8A00000301020CCF8003023682169984730617F
:10F8B00020B300220023AC460572C0E90023124A9F
:10F8C00001236046F2603370F8BD002CA6D0B6FA72
:10F8D00086F35B09002EA1D033619C4606F1140526
:10F8E000DFF828E00227C6E901330FCC0FC52368F3
:10F8F00060462B60C6F80CE03770F8BD4FF00A0C7C
:10F900008EE700BFD5F70008DDF70008CDF7000847
:10F9100040B139B103781BB1C3680BB10069184716
:10F92000012070470B2070472DE9F04F87B0002869
:10F930006CD003680446002B62D0BFF35B8F93F852
:10F940003830BFF35B8F002B4FD1036804A91868D0
:10F95000FFF7DEFF0546002849D1DDE90423002B2F
:10F9600049DB052620680096203000F0E1FF23687F
:10F970008046BFF35B8FD3F810B0BFF35B8F206876
:10F9800089463146283000F067FF0F46314606466B
:10F990002068183000F060FF024604980B46B61845
:10F9A000DDF814C0924647EB0107864277EB0C0165
:10F9B00004DA53EA02012ED1064667462068052183
:10F9C00032463B462830009100F07CFFBBF1000F2F
:10F9D0000DD0049A2046059BB2EB080263EB0903A5
:10F9E000D847284607B0BDE8F08F40F221352846B9
:10F9F00007B0BDE8F08F0125284607B0BDE8F08FBD
:10FA00004FF44875284607B0BDE8F08F0B2528460F
:10FA100007B0BDE8F08F801B6CEB0701013861F186
:10FA20000001CDE90232F0F7C3FC029B013041F145
:10FA3000000100FB03F301FB0A33A0FB0A0A86194D
:10FA4000534443EB0707B9E770B582B080B303684E
:10FA500004468BB30D4659B3BFF35B8F93F8383030
:10FA6000BFF35B8F53B9036869461868FFF750FF0F
:10FA7000064648B140F22133984202D100231E4687
:10FA80002B70304602B070BD20680521283000F090
:10FA9000E3FE009BC01A019B61EB03010128304685
:10FAA00071F10003B4BF012300232B7002B070BDBD
:10FAB0000B26304602B070BD4FF44876E1E700BF38
:10FAC00070B582B030B3036804463BB30D4609B34A
:10FAD000BFF35B8F93F83830BFF35B8FABB903682C
:10FAE00069461868FFF714FF064658B920680521D3
:10FAF000283000F0B1FE009BC01A019B61EB0301AE
:10FB000028606960304602B070BD40F22136304650
:10FB100002B070BD0B26304602B070BD4FF448767F
:10FB2000F0E700BF30B1006820B1C3680BB1083006
:10FB300070471846704700BF002849D070B5154679
:10FB4000C2B09AB11E466A4601AB0C4603F09AF861
:10FB50008446B8B9009971B1072919D04B1E052BFD
:10FB60003AD8DFE803F026292C2F321D4FF00B0C7A
:10FB7000604642B070BD07290AD0002360462B6062
:10FB800042B070BD08F0ECFA8446604642B070BDE9
:10FB9000FF2CF2D92960002EEAD0FE233360E7E77C
:10FBA00006232B60002EE3D0019B6046336042B0F9
:10FBB00070BD01232B60F5E702232B60F2E70323DE
:10FBC0002B60EFE704232B60ECE705232B60E9E7CC
:10FBD0004FF00B0C604670470B46044A4FF480719F
:10FBE00002A801F025F84FF0010CC1E7D8CE0108BA
:10FBF00068B170B50D4616460446F0F7D1FB3346A2
:10FC000001462A462046BDE87040FFF795BF0B200D
:10FC1000704700BF10B5084C864684460FCCACE850
:10FC20000F000FCCACE80F000FCCACE80F0023683E
:10FC30007046CCF8003010BD38CF010818B1006B09
:10FC4000003818BF012070472DE9F04182B000282C
:10FC500000F09580066B0446002E00F08C80F06B5F
:10FC600002F062FB256B061E18BF4FF46176002D73
:10FC700000F0818000272068D5F84C80A96D67606E
:10FC80002F6020B10191C047256B01992760A868BA
:10FC900020B1C047256B0023C5E901334FF00008B0
:10FCA000A068EF6CA96DC4F80C80C5F80C8028B171
:10FCB000B847256BC4F80880EF6CA96D4FF00008B9
:10FCC0006869C5F8108028B1B847C5F81480256B5D
:10FCD000EF6CA96D4FF000082069C4F81480C5F8D6
:10FCE000408028B1B847256BC4F81080EF6CA96D2F
:10FCF0004FF00008A069C4F81C80C5F8188028B12E
:10FD00000191B847256B0199C4F81880286A20B181
:10FD1000B847256B0023C5E907330027206AD5F8CB
:10FD20004C80A96D67626F6220B10191C047256B5D
:10FD300001992762E86A20B1C047256B0023C5E915
:10FD40000A330027A06AD5F84C80A96DE7622F63BB
:10FD500020B10191C047256B0199A762A86B20B122
:10FD6000C047256B0023C5E90D33EB6C2846A96D10
:10FD7000984700232363304602B0BDE8F0810B268C
:10FD8000304602B0BDE8F08118B338B5036B0446C5
:10FD90000BB319B31D684068854217D2681C186000
:10FDA000236843F8251002B115600846FFF7FEFCF2
:10FDB00050B1236B426800209B6843F82520226BDA
:10FDC00053680133536038BD012038BD40F286309E
:10FDD00038BD0B2070474FF4617038BD0B2038BD23
:10FDE000002874D0036B10B50446002B71D0006856
:10FDF00038B16268002192000AF030FF236B0022C4
:10FE00001A60A06838B1E268002192000AF026FF6B
:10FE1000236B0022DA60A06938B1E2690021920008
:10FE20000AF01CFF236B00229A61206A38B1626AD3
:10FE3000002192000AF012FF236B00225A62A06A8E
:10FE400038B1E26A002192000AF008FF236B002219
:10FE50001A63206938B16269002192000AF0FEFE3F
:10FE6000236B00221A64986838B15A680021920006
:10FE70000AF0F4FE236B00225A60586938B11A69FF
:10FE8000002192000AF0EAFE236B00221A61186A30
:10FE900038B1DA69002192000AF0E0FE236B0022FB
:10FEA000DA61D86A38B19A6A002192000AF0D6FE67
:10FEB000236B00229A62986B40B15A6B002192002A
:10FEC0000AF0CCFE0023226B1846536310BD0B20B2
:10FED00070474FF4617010BD002800F080812DE95B
:10FEE000F04F046B83B00546002C00F07A814FF090
:10FEF00000091F46D4F858A088461646D4E913B323
:10FF0000C0F80490C4F80090002900F0BF808C0075
:10FF100052460068214601939847019B28600028BB
:10FF200000F0F6802246494601930AF097FEC5F894
:10FF300004805246D5F830802146019BD8F808004D
:10FF4000C8F8049098472B6BC8F808009B68002BF2
:10FF500000F04A812246494618460AF07FFE2C6B83
:10FF60004FF00008D4F85890D4E91323C5F80C805A
:10FF7000C4F80C80002E40F09B80A86828B1494648
:10FF800090472C6BAE60D4F858904FF00008F619EB
:10FF9000C4F8108040F0A280606930B14946E36C3B
:10FFA000984766612C6BD4F858900026D4E913A8C2
:10FFB0006E612664002F40F0AF80286938B1494651
:10FFC000D0472C6B2F61D4F85890D4E913A80026A1
:10FFD0000C9BEE61A661002B40F09380A86920B1D4
:10FFE0004946D0470C9B2C6BAB61206A28B149462F
:10FFF000D0472C6B0023C4E9073300260D9BA76D67
:020000040801F1
:10000000D4E913896E626662002B00F098804FEA93
:10001000830A3A46286A5146C8472862002877D0A2
:10002000524631460AF01AFE2C6B0D9B3A46E06AA6
:1000300051466B62A662C8472B6BE062DC6A002CFB
:1000400000F0F2802046524631460AF007FE2C6B43
:1000500000260E9BA76DD4E91389EE622663002B60
:1000600040F09780A86A20B13946C0470E9B2C6BA0
:10007000AB62A06B00284CD03946C04700232A6BE6
:100080001846C2E90D3303B0BDE8F08F006820B117
:100090005146D8472C6BC5F80080A06800283FF473
:1000A0005FAF5146D8472C6B0023C4E9013357E7B3
:1000B000B4004A46A86821469847A86040B3224643
:1000C00041460AF0CBFD4FF000082C6BEE60F619AC
:1000D000D4F85890C4F810803FF45EAFB6004A469A
:1000E000236D60693146984781466061002800F0C1
:1000F0008480324641460AF0B1FD2C6BD4F858900A
:1001000053E79C004A46A8692146C047A86140BB06
:100110000A2003B0BDE8F08FBC004A46286921469A
:10012000C04728610028F3D0224631460AF096FDE8
:100130002C6B6F61D4F85890D4E913A847E7286A6C
:1001400020B13946C0470D9B2C6B2B62E06A00281A
:100150003FF47EAF3946C0472C6B0023C4E90A3315
:1001600076E7224631460AF079FD2F6B0C9B4A4612
:10017000386A2146EB61FE61C0472B6B38621F6A0B
:10018000002F4AD02246314638460AF067FD2C6BD4
:1001900033E79C003A46A86A2146C847A86200286F
:1001A000B6D0224631460AF059FDD5F830A00E9B54
:1001B0003A462146DAF83800EB62CAF83460C8479C
:1001C0002B6BCAF838009B6B002B34D0224631468B
:1001D00018460AF043FD304603B0BDE8F08F0B200F
:1001E00070474FF4617094E7286851460193D847EF
:1001F000019B0A20C5E900338BE72B6BA868996D3A
:10020000DB6C98472B6B2869DA6C996DC5E902990C
:1002100090470A20C5E904997BE7A8694946D04779
:100220000A20C5E9067774E7286A3946C0470A20DC
:10023000C5E908446DE7A86A39460193C047019BA8
:100240000A20C5E90A3364E72DE9F04F85B0054679
:100250000E46174612A89846DDF8449000F0EEFAD4
:10026000002D72D080F00100C0B200286DD1D5F809
:1002700030A0BAF1000F04D06424204605B0BDE8D8
:10028000F08FB9F1000F60D04846FEF79BFA0028C6
:1002900068D0129B5C20169998472863002863D089
:1002A0005C2251460AF0DAFC12ACD5F830B0DDE938
:1002B0000F320BF1480CCBF8449003EB020E0E9B6F
:1002C000D9F800909E440FCCCBE901AACBE904AA4F
:1002D000CBE907AACBE90AAACBE90DAABE44ACE850
:1002E0000F0023680EEB460109F12800CCF800301E
:1002F00002F010F82B6BCBF83C00D86B50B3109C7D
:1003000043463A463146029428460F9C01940E9C7F
:100310000094FFF7E1FD04460028AED02B6B2BBB09
:10032000002628463346324631460096CDE901661E
:10033000FFF7D2FD286B00289FD0C36C816D9847D2
:1003400020462E6305B0BDE8F08F0B24204605B093
:10035000BDE8F08F012401F0E7FF002818BF4FF43B
:100360006174DDE7652488E70A2486E7D86BF2E745
:1003700018B338B5036B04460BB319B3DD68C06816
:10038000854217D2681CD860A36843F8251002B1D3
:100390001560084608F03AF950B1236B4268002016
:1003A0005B6943F82520226B13690133136138BD63
:1003B000012038BD40F2863038BD0B2070474FF425
:1003C000617038BD0B2038BD28B338B5036B0446C7
:1003D0001BB329B3186C6569A84219D2451C1D646A
:1003E000236943F8201002B110600846FFF79AFB1A
:1003F00068B1226BE368156C013B1D4408F006F9F7
:1004000080B1236B426800205B6943F8252038BD2A
:1004100040F2863038BD0B2070474FF4617038BD14
:100420000B2038BD012038BD18B338B5036B044626
:100430000BB319B39D69C069854217D2681C9861D6
:10044000A36943F8251002B115600846FEF7DEF8EF
:1004500050B1236B426800201B6A43F82520226BB1
:10046000D3690133D36138BD012038BD40F28630F5
:1004700038BD0B2070474FF4617038BD0B2038BD7C
:1004800018B338B5036B04460BB319B35D6A406A01
:10049000854217D2681C5862236A43F8251002B1BE
:1004A00015600846FEF7E2FF50B1236B426800205A
:1004B000DB6A43F82520226B936A0133936238BDCF
:1004C000012038BD40F2863038BD0B2070474FF414
:1004D000617038BD0B2038BD2DE9F04F2DED028B3A
:1004E0008DB0CDE90423002800F04F81066B05464E
:1004F000002E00F01A81436883B9EB6873B96B6909
:1005000063B9EB6953B96B6A43B9EB6A33B940F22B
:1005100085300DB0BDEC028BBDE8F08F049B326CD2
:10052000012B059B73F10003C0F2F880DDE904871D
:10053000002A00F00F810024134640F22139324690
:10054000A246A3469FED988B14E00028E1D1DDE997
:100550000823424573EB070103DA90461F464FF02C
:10056000010B2A6B136C01344AF1000A9C427AF1A8
:10057000000128D2286908A9A60050F82400002804
:10058000F1D0EB68D2F814C023445CF823E0BEF14C
:10059000000F06D013694CF823E0013313612B6977
:1005A00098598DED088BFFF78BFA4845CDD12B6913
:1005B000002201349A512A6B4AF1000A136C9C42C2
:1005C0007AF10001D6D359461646DDE904321343C9
:1005D00040F0B480002300220C46CDE90823CDE989
:1005E0000A2308AB029306F13403F26B06F1100103
:1005F0000093301D06F11C03019206F1280201F060
:1006000025FD2B6B80461A6CE2B14FF000094F4676
:100610002A690DF11F014FEA890652F8290060B1DD
:100620008DF81F70FFF710FA00287FF472AF9DF865
:100630001F300BB92A6993512B6B09F101091A6C10
:100640004A45E5D838F0020076D16F687FB102469E
:1006500002E00132BA420AD0996851F8221000290A
:10066000F7D12E6846F822100132BA42F4D1EF6871
:100670007FB1002202E00132BA420AD0596951F832
:1006800022100029F7D1AE6846F822100132BA4292
:10069000F4D1EF697FB1002202E00132BA420AD000
:1006A000196A51F822100029F7D1AE6946F82210D4
:1006B0000132BA42F4D16F6A7FB1002202E0013206
:1006C000BA420AD0D96A51F822100029F7D12E6A0D
:1006D00046F822100132BA42F4D1EF6A7FB100220B
:1006E00002E00132BA420AD0996B51F82210002977
:1006F000F7D1AE6A46F822100132BA42F4D1B8F10D
:10070000020F7FF406AF84F00103DBB2002B18BFA9
:1007100002200DB0BDEC028BBDE8F08F002A3AD06C
:100720004FF0FF386FF0004705E74FF461700DB0F0
:10073000BDEC028BBDE8F08F0120EAE6049B0C467D
:10074000012B059B73F10003A8BF44F0010414B909
:10075000234647E71146002F02DA4FF000084746CC
:100760000C464046394612A3D3E90023EFF720FE9A
:100770000FA3D3E90023CDE9080140463946EFF73E
:1007800017FECDE90A2308AB2CE70B200DB0BDEC1A
:10079000028BBDE8F08F11464FF0FF386FF0004735
:1007A00013E700BFAFF30080FFFFFFFFFFFFFF7FF6
:1007B00000CA9A3B0000000009F02AB909F0B6BA55
:1007C00009F092B909F088B910B5054C86468446FF
:1007D0000FCCACE80F0023687046CCF8003010BD99
:1007E0006CCF0108A8B10268A2B14168A1B110B4F0
:1007F000C46864B1806838B1084B1A600022C3E94C
:1008000001100120C3E903425DF8044B7047204604
:10081000FAE77047104670470846704764000024A6
:1008200010B5054C864684460FCCACE80F00236813
:100830007046CCF8003010BD6400002458B1036845
:1008400043B1436833B1C36823B18068003818BF2F
:10085000012070471846704780EA1041164A174B2E
:100860004FF0010C81F03D0101EBC10181EA111152
:1008700002FB01F181EAD131A3FB01231B0903EB48
:100880004302C3EBC203D0B4C91A0D4C6218D2E8BC
:100890004F3FC2E846CF002EF9D1DBB2BFF35B8FEA
:1008A000002BF4D1D0E90067BFF35B8F635430466F
:1008B0003946D0BC704700BF2DEBD427C94216B2D1
:1008C00040A3012470B580EA104E1649164C8EF0F4
:1008D0003D0E0EEBCE0E8EEA1E1E01FB0EFE1349E0
:1008E0008EEADE3EA1FB0E514FF00105090901EB36
:1008F000410CC1EBCC01AEEB010E04EB0E0CDCE8BD
:100900004F1FCCE8465F002EF9D1C9B2BFF35B8F11
:100910000029F4D1C0E90023BFF35B8F04F80E1067
:1009200070BD00BF2DEBD42740A30124C94216B2ED
:1009300080EA104C17498CF03D0C0CEBCC0C8CEA87
:100940001C1C01FB0CFC14498CEADC3C70B586468F
:10095000A1FB0C01114D4FF00100090901EB41040D
:10096000C1EBC401ACEB010C05EB0C01D1E84F4F1E
:10097000C1E8460F002EF9D1E4B2BFF35B8F002C23
:10098000F4D1DEE90001CEE90023BFF35B8F05F867
:100990000C4070BD2DEBD427C94216B240A30124F0
:1009A00068B110B50C4629B109F04EF820B12060AD
:1009B000002010BD034810BD034B236010BD034849
:1009C000704700BF9CCF010808D1010880CF010803
:1009D000064B1B783BB1064B1A780AB901221A70F4
:1009E000044B18787047044B1878704757A30124BC
:1009F00069A3012468A30124B8CF01080000000006
:100A00009FED077B0023084A0848138008490370BC
:100A10000B7082ED027B074A13707047AFF30080C2
:100A2000000000000000000058A3012469A3012475
:100A300068A3012457A301240020704782B000203E
:100A40008DE80C0002B0704784B000200DF1040C5A
:100A500004B08CE80E0070470FB4F0B583B008AC5A
:100A60000E9E84E80F0026B308A8FFF7E7FE00B348
:100A700000210FAB32460846CDE9003300F006F9FD
:100A8000431C054615D0471C0D9B9F4201D95D1E96
:100A90001F46089B38460C999847044648B1324691
:100AA0003946019B00F0F2F8002809DB002363556A
:100AB00000E00024204603B0BDE8F04004B07047D9
:100AC0002046099B0C9900249847F3E72DE9F04F45
:100AD0002DED028B87B0002680468A46009008469E
:100AE00008EE102A99461025EFF75AFC3746B34610
:100AF00001901EE00BF1010B019B5E4504EB030826
:100B000011D22E44D9F80830D9F8102005EB45054C
:100B1000B1009847002800F08880B5F5801F07468F
:100B200028BF4FF48015009A07EB8B03A41A43F8F3
:100B3000044C514640460AF0B8F804463846002CAA
:100B4000D8D14046EFF72CFC009BA8EB030808EB3C
:100B500000040294BBF1000F45D018EE100AEFF725
:100B60001FFC019A0646D9F80030821AD9F81010F5
:100B70000BFB0242501C059298478246002854D035
:100B80003A683D46009901240AF08BF93B68CDE9AB
:100B9000037A0AEB030818EE107ADDF800A0CDF80E
:100BA0000090DDF80490324639464046B0440AF0E1
:100BB00078F955F8042BA3454A440AEB02012AD0E0
:100BC0002868821A404690440AF06BF9621CA345DB
:100BD0001446E8D8DDF80090DDE9037A0023059A91
:100BE0000AF802300BE02046D9F80030D9F810108E
:100BF00001309847824610B100990AF04AF9384608
:100C0000D9F80430D9F810109847504607B0BDEC19
:100C1000028BBDE8F08F029B4046DDF800909A1AE7
:100C2000DDE9037A0AF03DF9D8E74FF0000AE6E77C
:100C30000CB430B583B006AB53F8042B0193E2B18A
:100C4000B0FA80F4B1FA81F550EA010C4FEA54147D
:100C50004FEA551508D084B97DB909F033FF03B0C8
:100C6000BDE8304002B070476146604609F02AFF97
:100C700003B0BDE8304002B070470AF0DDF816223C
:100C800003464FF0FF301A60E9E700BF70B5B2B11C
:100C9000B0FA80F4B1FA81F550EA010C4FEA54142D
:100CA0004FEA551505D054B94DB9BDE8704009F06B
:100CB00009BF61466046BDE8704009F003BF0AF015
:100CC000BBF8162303604FF0FF3070BD84B070B5E1
:100CD00082B0054607AC84E80E00B0B1EFF760FBC8
:100CE000421C079B06460B99104601929847044602
:100CF00028B1019A29460AF0D4F80023A3552046CA
:100D000002B0BDE8704004B070470446F7E700BF8A
:100D100082B0F8B506AC054684E80C0088B14F1CDB
:100D20000E460A9938469047044628B13A46294665
:100D30000AF0B7F80023A3552046BDE8F84002B0FA
:100D400070470446F8E700BF0020014B1860704769
:100D50006CA3012400285ED02DE9F0410C46016807
:100D600082B0054629B1CB68A34206D91C460029AA
:100D7000F9D11F2002B0BDE8F0818B68A34246D0B4
:100D80000E6A002C33D0B4F1804F42D2A700D1F8C4
:100D90001880086832463946C047002839D02B6889
:100DA0003246394618605868C047002831D02D684F
:100DB000AB686860A34225D22A6800EB070C990053
:100DC00002EB830E00EB8306E64503D202EB070C31
:100DD000664522D3E31A704600219A00019209F079
:100DE0003DFF019A0021304609F038FF0AE04F69C3
:100DF00008683146B8472B68314658681C60B847C8
:100E00002D686C600020AC6002B0BDE8F08100206D
:100E1000B0E70A20AEE70B2070470B1F18441344BD
:100E2000043A1744002243F8042FBB4240F8042F31
:100E3000F9D1E7E782B070B504AC84E80C0080B368
:100E4000066804462EB11E252846BDE8704002B053
:100E5000704704A80D46FFF7F1FC10B3049B242053
:100E600008999847206010B30DF1100E00F1100C96
:100E7000C0E90066C0E90266BEE80F00ACE80F00FA
:100E8000DEF8003029462046CCF80030FFF762FF3C
:100E900005460028D8D0059B089920689847266009
:100EA000D2E70B252846BDE8704002B070470A25FE
:100EB000CAE700BF2DE9F04182B000283AD00468AB
:100EC0000646002C32D0A3682BB3002522682F469B
:100ED00052F82500E0B1216AD4F814800191C0478E
:100EE0000199D4E9003243F8257052F82500C04733
:100EF000E3686268013B42F825700135E3603468BD
:100F0000A3689D4207D2226852F825000028E2D14A
:100F100001359D42DCD300213046FFF71BFF04461C
:100F200020B930684369016A98473460204602B0AE
:100F3000BDE8F0810B24204602B0BDE8F08100BF7F
:100F400078B32DE9F84FD0F800B0BBF1000F1FD0F7
:100F5000B1FA81F488466409D1B1DBF80870DBF896
:100F60000060AFB19146043E56F8045F4FEA840A30
:100F70000134284655B1EFF713FA02462946404698
:100F80004A4538BF4A4609F07EFE20B1A742EBD160
:100F90000020BDE8F88FDBF8043053F80A00BDE804
:100FA000F88F704700B370B584B0044601206946DD
:100FB000F9F7F2FCDDE90031002912DB53EA010206
:100FC000029D01D1002D0CDB084E0020A3FB063250
:100FD0005B1906FB012242EBE572C4E9003204B062
:100FE00070BD022004B070BD0B20704700CA9A3B50
:100FF00000B370B584B0044600206946F9F7CCFC14
:10100000DDE90031002912DB53EA0102029D01D122
:10101000002D0CDB084E0020A3FB06325B1906FBFB
:10102000012242EBE572C4E9003204B070BD022037
:1010300004B070BD0B20704700CA9A3B000000004E
:1010400010B50446103000F00FF800232046A360CE
:10105000A364E3649FED027B84ED007B10BD00BFC1
:10106000000000000000000010B5044638220021F6
:1010700009F0F4FD04F1100001F0D4FC4FF0FF334F
:101080002046E36010BD00BF70B4059CDDE9036538
:101090007AB173B1002E18BF002D0AD04CB1646B29
:1010A000207400206562C4E90512C4E9073670BCEB
:1010B00070470B2070BC70471F4B1A7B70B50546FC
:1010C000ADF5247D0E4692B11C6884B1A06832460D
:1010D000294600F5287003F091F9646880F0010357
:1010E000D8B20CB10028F1D10DF5247D70BD134BA1
:1010F00000211A7818698DF800225A689C90A392F2
:101100005869DA689B689B926A469D9008469A9354
:1011100000F084FF0028E7D1324629469EA803F05C
:10112000B9F90446684603F035F984F00103D8B2F2
:101130000DF5247D70BD00BF68FA012470A3012461
:1011400070B528B1044600680D4601F05DFC10B989
:101150000124204670BD6368002BF9D0002DF7D024
:10116000286801F051FC0028F2D06E68002EEFD004
:10117000646832692069D0F8883300F528701968EE
:1011800003F07AFA02462069D0F89033D0F8881339
:1011900001F0C0FB20693269D0F8883300F528706F
:1011A000196802F0E1FE02462069D0F89033D0F8C9
:1011B000881301F0AFFB03462846002B14BF002420
:1011C000022401F085FAC4E7014B1868704700BF9C
:1011D00038D7010884B0F0B583B009AD85E80E00BA
:1011E00030B104462846FFF729FB08B1A6682EB1A6
:1011F0000B2003B0BDE8F04004B07047002200238C
:1012000004F1200CDFF898E06F46C4E90023204B7E
:101210001B68A3600FCDACE80F002B683846CCF8F4
:101220000030C4F81CE0E66001F0FCFB04F11003A0
:10123000032297E8030083E8030016481649267640
:1012400001F086F9134807F0DFFBF0B1134A836819
:101250005168636310785961D1681874D961116954
:1012600019625169926859629A6105F0D9F908F0DA
:10127000F1FC08F01DFD636B98620028F9D0002096
:1012800003B0BDE8F04004B070470120B1E700BFF3
:1012900038D7010828FA012420A5012470A30124CD
:1012A000E0CD0108002847D070B50D4649B104468D
:1012B000806820B1224B1968EFF712F8A8BBAB6821
:1012C0001BB14FF00B0C604670BD23462A4604F15B
:1012D0003006D3F800E0103353F80CCC103253F83A
:1012E000080C53F8041CB34242F810EC42F80CCC42
:1012F00042F8080C42F8041CEBD119685B681148ED
:101300001160536007F080FB98B183684FF0000CC8
:101310006B63656B03F1100410350FCD0FC495E8B6
:10132000070084E80700604670BD4FF00C0C604673
:1013300070BD4FF0010CC6E74FF00B0C60467047D4
:1013400038D7010828FA012410B58EB088B30446B6
:101350002030FFF773FA60B3A06820B11A4B196808
:10136000EEF7BEFF68BB194B196831B3626B01E041
:10137000496811B38B689A42FAD1144807F054FBBC
:101380006846FFF771FEEE46A4460024BEE80F0053
:10139000ACE80F00BEE80F00ACE80F00BEE80F009D
:1013A000ACE80F009EE803008CE8030020460EB076
:1013B00010BD0B2420460EB010BD012420460EB0F7
:1013C00010BD0C24F2E700BF38D7010828FA012429
:1013D0002DE9F04383B0002800F0D3800E460029A9
:1013E00000F0CF80436B0546002B00F0CA80784B9D
:1013F00080681F6828B13946EEF772FF002840F078
:10140000CA80744C4FF0000873497448D5E9002332
:10141000B760C6E90023EB680122B36401F038F835
:10142000204606226E4901F073F86C4884F80D805E
:1014300007F0EAFA002800F0A9808468686B04F1DC
:101440001009416A90F810C0D0E906230191614665
:10145000006A0090484602F05FFF4FF47A7204F58C
:10146000805360496048C4E9E32204F55E72C4E930
:10147000E122C3F894850122C3F89885C3F89C85BE
:10148000C3F8A085C4E9DA78F46400F0E1FF06222D
:101490005649574800F0BCFF06225649564800F00E
:1014A00097FF01225549564800F052FF0122554945
:1014B000554800F06DFF0C225449554801F008F8DA
:1014C00003225449544801F043F804225349544834
:1014D00001F05EF853495448042201F079F842467D
:1014E000696BF06C00F09AFD0746002858D16B6BD1
:1014F00004F5287504F522719A6A284603F040FA2B
:1015000022464A49284603F05FFA3A4648492846A7
:1015100003F056FA3A464749284603F059FA3A4644
:101520004549284603F058FAB4F89822042304F5F4
:1015300065719200284603F08FFAB4F898220423CC
:1015400004F694319200C4F87403284603F05AFA62
:10155000C4F87803284603F079FA41F29431C4F8CC
:10156000800328462144B4F8982203F039FAC4F8DD
:101570007C03284603F0ECFFF8B1384603B0BDE821
:10158000F0830B27384603B0BDE8F08301273846C7
:1015900003B0BDE8F0830C27384603B0BDE8F08304
:1015A000484602F0F7FE21460C4807F03DFA38465F
:1015B000C6F84C8003B0BDE8F083484602F0EAFE6E
:1015C0002146064807F030FAF7640127D5E700BF47
:1015D00038D7010878FA012420AC012468FA0124E4
:1015E000C8C10124A4A5012438FA012448F3012428
:1015F00088FA012448A6012448FA012458AB0124A2
:1016000058FA0124D8A30124C8A3012458F80124BE
:1016100098FA012420A5012428FA0124A8F901241C
:10162000A8FA0124A0A4012418FA01244188010881
:1016300039880108D988010875890108174BC16CE0
:1016400070B51C68054634B30026D4E90140026930
:101650008A4218D0002CF8D189B1D1F8883301F52D
:1016600028709B78012B14BF0A21002103F048FF4A
:10167000E86C00F0CDFFE86C103002F08BFE002328
:101680003046EB6470BD183000F09CF8E96C0646FB
:10169000002CDAD1E0E72646DEE700BF38FA012465
:1016A0002DE9F04383B0002B64D0064638480F463E
:1016B00090461D4607F0A8F900285BD08468EB6CC3
:1016C00004F12C0904F118052361FFF77DFDC4F82E
:1016D0002090C4E906043046EEF762FE421C3C2A24
:1016E00040D8484604F16809314609F0DAFB38462B
:1016F000C4F82490EEF754FE421C3C2A32D83946F6
:10170000484609F0CEFB2369012103F58053B3F865
:1017100094054218A3F8942502F040FE60613B78DE
:101720002F2B2CD17B7853BB33461A4A3C211A48C5
:1017300009F026F9206906211FFA88F3D0F88423DE
:1017400000F528700191144900911168626902F056
:1017500057FC02462069D0F88C33D0F8841301F08E
:10176000D9F818B92846002500F058FF284603B0DC
:10177000BDE8F0830025284603B0BDE8F0833B4672
:10178000064A3C210096044809F0FAF8D2E700BF67
:1017900038FA0124F0CF01088CA30124F0CD010810
:1017A0008C461146BCF1000F0AD09CF800303BB1CA
:1017B00032B1137823B10346826C6046FFF770BFE5
:1017C00000207047F8B528B30746006820B1374BB2
:1017D0001968EEF785FDE8B97D68DDB1344B1C680A
:1017E000002C60D00026D4E90141D1F880309D4220
:1017F00013D0002CF7D12F4B1C68C4B1D4E90141A0
:101800000B6A9D42F9D17C31384600F051FB01282A
:101810000646F2D101263046F8BD8431384600F044
:1018200055F801280646F5D0002CDCD1E3E7224B21
:101830001C686CB1D4E901418B6F9D42F9D17C31B8
:10184000384600F0E7F901280646E3D0002CF1D134
:101850001A4B1C686CB1D4E901418B6F9D42F9D1E0
:101860007C313846FFF76CFC01280646D2D0002CAC
:10187000F1D128696A69D0F8883300F528701968B1
:1018800002F072FB02462869D0F88813D0F8903332
:1018900001F040F803463846002B08BF022600F04E
:1018A000BDFE3046F8BD2646A5E700BF38D7010883
:1018B00048FA012488FA012458FA0124C8A3012413
:1018C0004368186900F55A70704700BF2DE9F04170
:1018D00028B1044600680D4601F096F818B90124B5
:1018E0002046BDE8F0816368002BF8D0B5FA85F496
:1018F0006409002DF3D0286801F086F80028EED0A6
:101900006E68002EEBD0706AD6F8807007F01AF976
:10191000D6F8803072691869D0F8883300F52870DD
:10192000196802F021FBD6F88030804632691869C8
:10193000D0F8883300F52870196802F015FB0646C8
:1019400038694246D0F89033D0F8881300F0E2FFAF
:101950003F6932460646D7F890333846D7F88813A1
:1019600000F0D8FF26B118B1284600F06FFEB7E7A7
:101970000224F9E72DE9F043044600688BB00E46D7
:10198000154628B1214B1968EEF7AAFC002839D179
:10199000646800276369D4F878809B689847D0F81A
:1019A00004903046D9F810309847D8F8103000909D
:1019B00003F52870226902AB216F04F047FEC5E9E8
:1019C000000798B1D9F8083002A93046984794F832
:1019D0007230D8F81000012B0CD0616F00F5287020
:1019E00003F01AFC38460BB0BDE8F08301200BB0C1
:1019F000BDE8F08300F5287003F054F838460BB0CA
:101A0000BDE8F0830C200BB0BDE8F08338D70108A7
:101A10002DE9F0430546006889B00C4690461E4605
:101A200028B1284B1968EEF75BFC002846D10EB1AF
:101A300000233370D5F8049000F0EEFE484600F025
:101A4000C3FE0746B0B38568D5F83828D5F83C38CA
:101A5000C4E9083295F837382374B5F8342895F876
:101A60003638A4F81120E374D5F82818D5F82C28B6
:101A7000D5F830386161A261E361D9F814309B6810
:101A800098474468D5F8102805F11001684602F01F
:101A9000F7F94146E36868469847394604460A48DC
:101AA00006F0C2FF06B1347084F00100C0B209B084
:101AB000BDE8F083012009B0BDE8F0830C2009B037
:101AC000BDE8F08338D7010878FA0124F0B505465F
:101AD000006891B00C46164628B1294B1968EEF7FC
:101AE000FFFB002841D16D68A1686068AF6FD4E941
:101AF000043207932346069213F8012B9B788DF846
:101B000017208DF81630B4F80130E268ADF81430C3
:101B100002AB6C6907C3E3689847446830462369A1
:101B2000984700F118033869009308AB00F5287056
:101B30002A69296F04F08AFD10B9012011B0F0BDA7
:101B400002A908A805F02AFDA36808A9304698470D
:101B500095F872303869012B0AD0696F00F528704A
:101B600003F05AFB002011B0F0BD0C2011B0F0BD05
:101B700000F5287002F096FF002011B0F0BD00BF04
:101B800038D701082DE9F0410446006888B00F46B7
:101B900090461D4620B11D4B1968EEF7A1FB68BBAE
:101BA0000DB100232B70646800F036FE204600F073
:101BB0000BFE064630B363698468DB6804F5036294
:101BC00052E90201C7E9080198474768D4F810288C
:101BD00004F11001684602F053F94146FB6868467B
:101BE0009847314604460A4806F01EFF05B12C709E
:101BF00084F00100C0B208B0BDE8F0810C2008B04C
:101C0000BDE8F081012008B0BDE8F08138D70108B7
:101C100078FA012470B528B1044600680D4600F03A
:101C2000F3FE10B90124204670BD6368002BF9D083
:101C3000002DF7D0286800F0E7FE0028F2D06E688B
:101C4000002EEFD0646832692069D0F8883300F53F
:101C50002870196802F010FD02462069D0F8903310
:101C6000D0F8881300F056FE20693269D0F8883326
:101C700000F52870196802F077F902462069D0F85B
:101C80009033D0F8881300F045FE03462846002B19
:101C900014BF0024022400F005FDC4E72DE9F04F35
:101CA0008DB0002900F0D8800446002800F0D480D0
:101CB00000680E4615461F4600F0A6FE80F00100A3
:101CC000C0B2002840F0C880002D00F0C5802B78FD
:101CD000002B00F0C180002F00F0BE806748D4F8D0
:101CE000049006F091FE0446002800F0B680D0F87B
:101CF000088008F1980AC8F88080FFF765FAC8F8EC
:101D00007C00C8F884A02846EEF74AFB013008F1B1
:101D10007C043C2800F2A5802B46594A3C215046C1
:101D200008F02EFE3946502208F12800C8F820900D
:101D300009F0B7F83046534901F076F8002800F072
:101D400090804268C8F81820002A00F08A8029464E
:101D50003B46484606F0A6FEC8F81C00002800F0E6
:101D60008580D9F810300421062503F58053B3F897
:101D70009C05421CA3F89C2502F010FBC8F810003B
:101D8000D9F81000D0F8843300F528700095196850
:101D9000D8F81020D9F8143002F09AF90246D9F890
:101DA0001000D0F88C33D0F8841300F0B3FD002875
:101DB00057D0D9F81030294608AE03F58053B3F850
:101DC0009E05421CA3F89E2502F0E8FAD9F810A05F
:101DD000D8F81C303946C8F814003046DAF884B315
:101DE000059300F0B3FD0395059B96E80300019071
:101DF0000AF52870ADF808101B690093DBF8001095
:101E0000D8E9043202F094F90246D9F81000D0F86B
:101E10008C33D0F8841300F07DFD10B33B7A4FF67D
:101E2000FF72D9F81000022B0A92D0F884134FF0F9
:101E3000000208BFD0F8803300F5287018BFD0F832
:101E4000D4300B9207930AAB0093079BD8F8142069
:101E5000096802F0D7FB00E0002420460DB0BDE881
:101E6000F08FD8F81C0008B100F048FC2046002490
:101E700000F002FC20460DB0BDE8F08F88FA012486
:101E8000F0CF0108BCCF010878B110B5B1FA81F4E8
:101E9000640941B143685022084603F1280109F062
:101EA00000F8204610BD0B2010BD0B20704700BF6E
:101EB0002DE9F04128B1044600680D4600F0A4FD6C
:101EC00018B901242046BDE8F0816368002BF8D0E2
:101ED000B5FA85F46409002DF3D0286800F094FD6C
:101EE0000028EED06E68002EEBD0376A7269386930
:101EF000D0F8883300F52870196802F0BDFB02465F
:101F00003869D0F89033D0F8881300F003FDF069F9
:101F100006F018FE336A72691869D0F8883300F544
:101F20002870196802F020F8336A8046326918690F
:101F3000D0F8883300F52870196802F015F80646C5
:101F400038694246D0F89033D0F8881300F0E2FCAC
:101F50003F6932460646D7F890333846D7F888139B
:101F600000F0D8FC26B118B1284600F085FBA9E79F
:101F70000224F9E7F0B50446006889B00F4615461B
:101F800028B1244B1968EEF7ABF900283ED105B310
:101F9000002364682B7000F03FFC204600F014FC26
:101FA0000646F0B181686846D1F81028103101F07A
:101FB00067FFA36939466846DB689847044631469F
:101FC000154806F031FD2C7084F00100C0B209B054
:101FD000F0BD646800F020FC204600F0F5FB0546EB
:101FE00010B9012009B0F0BDA9686846D1F81028E1
:101FF000103101F045FFA36939466846DB68984710
:1020000029460446044806F00FFDDDE70C2009B020
:10201000F0BD00BF38D7010878FA012408B508B12F
:1020200000F1100239B14969104602F07FF980F0E1
:102030000100C0B208BD044B1046596802F076F9A1
:1020400080F00100C0B208BD70A301242DE9F04367
:10205000984640EA010389B048EA0303129C1343FF
:1020600000F0068105460E4691466CB1A64B04AFC2
:102070000FCB87E80F008DE80F0094E80F0000F009
:10208000F5FC002800F00B814FF0FF3700F0C4FB97
:102090009E4B1C684CB123460021D3E9013202F566
:1020A000805282F8A415002BF7D1B9F1000F11D09E
:1020B000D9F8001071B1D9F804C0002301205CF8F0
:1020C00023200133926F9942126902F5805282F8FF
:1020D000A405F4D1B8F1000F11D0D8F8001071B1F7
:1020E000D8F804C0002301205CF823200133926F4C
:1020F0009942126902F5805282F8A405F4D185B1A3
:10210000296871B1D5F804C0002301205CF82320B0
:102110000133126A9942126902F5805282F8A405CD
:10212000F4D144B322460023D2E9012101F58051C4
:1021300091F8A4150B44DBB2002AF5D1002B5FD037
:102140007A1C0DD007EE907AF8EEE76A07EE903A27
:10215000F8EE677A86EEA77AFDEEC77A17EE907AE8
:10216000A06800F5805393F8A435002B40F08D80D3
:102170006468002CF4D1B9F1000F00F0A180D9F807
:102180000070002F00F0A48000242746D9F8043006
:1021900053F8240000F018FB00283BD00134D9F894
:1021A00000300127A342F1D80127B8F1000F10D069
:1021B000D8F800306BB10024D8F8043053F824006C
:1021C00000F002FB70B30134D8F800300127A342BD
:1021D000F2D8002D35D02B689BB300246B6853F8E0
:1021E000240000F0F1FA28B301342B680127A34240
:1021F000F4D8002E3CD03468002C39D0012723E0DD
:10220000A068002100F5287002F0CCFF6468002C63
:10221000F6D1B0E7D9E9003242F824000134A342F4
:10222000B4D8C2E7D8E9003242F8240001349C4215
:10223000C2D3CEE7D5E9003242F824000134A342EC
:10224000CCD8A6B1346894B100231D4604E040F810
:1022500023200133A3420AD0706850F823100A7C6F
:10226000002AF4D0013317460D74A342F4D147B1CC
:10227000002009B0BDE8F0831EB134682F46002C61
:10228000E2D1022009B0BDE8F083394600F528709C
:1022900002F0A2FF6468002C7FF462AF6BE794E861
:1022A0000F0000F039FC0023194AEEF7D1F8B0F125
:1022B000004F074671F10003A8BF6FF00047E5E645
:1022C000B8F1000F0FD0D8F8003093B14F4672E745
:1022D000B8F1000F07D0D8F80030002B7FF46BAFB7
:1022E00055B11F4677E7002DC6D02B6843B147464E
:1022F00073E70DB14F466EE72F46002EA2D1C0E71F
:102300004746002E9ED1BCE720CC010868FA012484
:1023100040420F0008B5034806F076FB08B180681C
:10232000103008BDA8FA012408B5084B196811B986
:102330000AE0496841B18B6810339842F9D10348EB
:1023400006F072FB002008BD012008BDA8FA012498
:10235000E2B12DE9F041057B0646ADB9C823174629
:102360000C46A846836040F20113C0E90055838102
:1023700001352146304606F057FBAF42A46004F118
:10238000C80404F8BC8CF3D1BDE8F081704700BFED
:10239000E2B12DE9F041057B0646ADB9C8231746E9
:1023A0000C46A846836040F20113C0E900558381C2
:1023B00001352146304606F037FBAF42A46004F1F8
:1023C000C80404F8BC8CF3D1BDE8F081704700BFAD
:1023D000E2B12DE9F041057B0646ADB9D823174699
:1023E0000C46A846836040F20113C0E90055838182
:1023F00001352146304606F017FBAF42A46004F1D8
:10240000D80404F8CC8CF3D1BDE8F081704700BF4C
:10241000E2B12DE9F041057B0646ADB9D823174658
:102420000C46A846836040F20113C0E90055838141
:1024300001352146304606F0F7FAAF42A46004F1B8
:10244000D80404F8CC8CF3D1BDE8F081704700BF0C
:10245000E2B12DE9F041057B0646ADB9A42317464C
:102460000C46A846836040F20113C0E90055838101
:1024700001352146304606F0D7FAAF42A46004F198
:10248000A40404F8988CF3D1BDE8F081704700BF34
:10249000EAB12DE9F843057B0646B5B941F2A858E3
:1024A00040F2011317460C46A946C0F80880838104
:1024B000C0E9005501352146304606F0B5FAAF4275
:1024C000A46084F80C904444F4D1BDE8F8837047CC
:1024D000E2B12DE9F041057B0646ADB91C23174654
:1024E0000C46A846836040F20113C0E90055838181
:1024F00001352146304606F097FAAF42A46004F158
:102500001C0404F8108CF3D1BDE8F081704700BFC3
:10251000EAB12DE9F041057B0646B5B94FF40463F5
:1025200017460C46A846836040F20113C0E90055E7
:10253000838101352146304606F076FAAF42A46029
:1025400084F80C8004F50464F3D1BDE8F081704791
:10255000E2B12DE9F041057B0646ADB92C231746C3
:102560000C46A846836040F20113C0E90055838100
:1025700001352146304606F057FAAF42A46004F117
:102580002C0404F8208CF3D1BDE8F081704700BF23
:10259000E2B12DE9F041057B0646ADB91C23174693
:1025A0000C46A846836040F20113C0E900558381C0
:1025B00001352146304606F037FAAF42A46004F1F7
:1025C0001C0404F8108CF3D1BDE8F081704700BF03
:1025D000E2B12DE9F041057B0646ADB9202317464F
:1025E0000C46A846836040F20113C0E90055838180
:1025F00001352146304606F017FAAF42A46004F1D7
:10260000200404F8148CF3D1BDE8F081704700BFBA
:102610000146014806F008BA68FA012438B50446B4
:10262000006828B1074B1968EDF75AFE40B92060E1
:10263000616829B1002504480D6106F0F5F965606F
:1026400038BD00BF38D7010838FA012410B5044658
:10265000006828B1064B1968EDF742FE38B92060D2
:10266000616821B1034806F0DFF90023636010BD03
:1026700038D7010848FA012410B50446006828B18B
:10268000064B1968EDF72CFE38B92060616821B15E
:10269000034806F0C9F90023636010BD38D701086C
:1026A00088FA012410B50446006828B1064B196861
:1026B000EDF716FE38B92060616821B1034806F0D5
:1026C000B3F90023636010BD38D7010858FA01241C
:1026D00010B50446006828B1064B1968EDF700FEF6
:1026E00038B92060616821B1034806F09DF90023E4
:1026F000636010BD38D70108C8A3012410B5044693
:102700000348214606F090F90023A36110BD00BFE5
:1027100098FA012482B02B4930B50D6803AC84E8E7
:102720000C001C46002D4BD02B4600219A685B689C
:10273000D2F81428904208BF0131002BF6D19DF841
:102740000C30022B29D020D88C4228D8B4FA84F23D
:10275000520924B3DDB14FF0FF3C6FF0004401E0BB
:102760006D68ADB1AB68D3F814188842F8D1D3F8CE
:10277000181803F50263614553F8043C73EB040E2B
:10278000EEDA8C461C462A46EAE7032BDCD0002210
:102790001046BDE8304002B070478C4205D9094868
:1027A000BDE8304002B006F02FB9B4FA84F2520905
:1027B000002CEDD10348BDE8304002B006F024B94A
:1027C0002946BCE778FA0124124B1B6830B5F3B1F7
:1027D0004FF0FF3E6FF0004C002401E05B68A3B1B6
:1027E0009A68D2F814188842F8D1D2F8181802F56D
:1027F0000262714552F8042C72EB0C05EEDA1C46AD
:102800005B688E469446002BEAD1204630BD1C46BC
:10281000204630BD78FA01243D4B2DE9F04F1F686A
:102820002DED068B8DB006F0AFF9002F5DD0B846C8
:1028300081468A4604ACD8F8085095F82038042B15
:102840009FED2D8B9FED2EAB9FED2F9B3FD0052B4A
:1028500044D0032B3BD08DED048B8DED06AB08AB44
:102860008DED088B8DED0A8B0FCB8DE80F0094E872
:102870000F0000F0FBF818B18DED049B8DED068B79
:10288000D5F8186805F5026555F8047CD8F804B049
:1028900094E80F0000F040F9301847EB010148457B
:1028A00071EB0A0305DB55E9022391457AEB03033B
:1028B00003DA4146164806F0B7F8BBF1000F14D012
:1028C000D846D8F8085095F82038042BBFD1D5F851
:1028D000143840330FCB84E80F00C0E7D5F8143824
:1028E00048330FCB84E80F00B9E70DB0BDEC068B81
:1028F000BDE8F08FAFF30080000000000000000092
:1029000001000000000000001E00000000000000A8
:1029100078FA012410B58C7886B0012CADF80E2021
:102920000CD0012419460DF10E020DF1170300948D
:1029300000F5287002F094FC06B010BD00F5287078
:1029400002F0B0F8204606B010BD00BF4A7A91F8F8
:1029500008C0022A18BF00220270ACF10202B2FACB
:1029600082F2520942700A788988A2F102028180BB
:10297000B2FA82F252098270704700BF002330B56C
:102980000B7087B003681446BBB10E4A154600951C
:1029900003920D4D426808460C490492059102913C
:1029A00021460B4A019507F0EBFF0028A8BF84429F
:1029B000CCBF0120002007B030BD064B014A1D46A8
:1029C000E5E700BFE0CF0108F8CF0108F4CF010828
:1029D000E4CF010808D1010830B5144683B005469C
:1029E000074B084A08460095214607F0C9FF002812
:1029F000A8BF8442CCBF0120002003B030BD00BF7F
:102A0000FCCF0108E8CD010810B5044640B1FEF73F
:102A1000DBFB01462046EDF763FCB0FA80F040098D
:102A200010BD00BF0022027042607047B0B138B5DF
:102A3000044608460D46FDF701FF68B1206820B145
:102A40006B682969984700232360201D05F0CAFEA2
:102A5000003818BF012038BD0B2038BD0B2070474F
:102A60000022C0E900228260704700BFF0B484B049
:102A700004AC04E90F0003462549019D1046994224
:102A80004FF00202039EAA4130D3224C6FF0004166
:102A9000A3FB043204FB0522DD438C1A8542B441BA
:102AA00032D310EB030C42EB0601194802220A9DB7
:102AB0000B9FDDE908369842B2411CD3154C6FF0EC
:102AC0000040A3FB043204FB0622DE43841AAE421C
:102AD000BC4115D35B1942EB07028A4208BF63452C
:102AE0000CBF0120002004B0F0BC70474FF0FF3C49
:102AF0006FF00041D9E74FF0FF336FF00042ECE791
:102B00004FF0FF330246E8E74FF0FF3CCDE700BF50
:102B1000047DC12500CA9A3B70B485B004AC04E9B9
:102B20000F0003461349019D104699424FF00202DF
:102B3000039EAA4111D3104C6FF00041A3FB043255
:102B400004FB0522DD438C1A8542B4410CD31818CE
:102B500042EB060105B070BC70474FF0FF306FF0DC
:102B6000004105B070BC70474FF0FF3005B070BC3D
:102B7000704700BF047DC12500CA9A3B10B50446CA
:102B80004022002108F06AF8204610BD00285DD0E0
:102B90002DE9F0410D4600295AD004461646EDF7BE
:102BA000FFFB50B123782F2B0ED002232B6046B1B0
:102BB000002318463360BDE8F08101232B60002E0E
:102BC000F6D10020BDE8F081431EE25C2F2A41D0FF
:102BD000621EC4F1010E02EB00080EEB020712F8B0
:102BE000013F23F02001A3F12F0C413919290FD9FE
:102BF000BCF10A0F0CD9A3F15F03B3FA83F35B09AD
:102C000033B904222A60002EDBD018463760D2E7A1
:102C10004245E2D101231A4F04E0984204F1010435
:102C200013461CD9984203F10102F6D021782F29CE
:102C3000F3D161782F291ED0C95D4907EDD5062251
:102C40002A60002EBDD000203360B4E70B2070470F
:102C50000B20B0E703222A60002EF4D1B1E7F72859
:102C600003D8002318462B60A5E707232B60002E0E
:102C7000A7D0F623E7E705222A60002EE3D1A0E7DC
:102C8000FDD70108002843D070B51446C2B02AB35E
:102C900001290D461E4602D103782F2B12D001AA1E
:102CA0006946FFF773FF80B9009A4AB1072A07D037
:102CB000531E052B2ED8DFE803F01C1F22252814F5
:102CC000F52D04D800231846236042B070BD0723B9
:102CD0002360002EF9D0F4233360F6E70B2042B0D6
:102CE00070BD06232360002EEFD0019B336042B0FD
:102CF00070BD01232360F6E702232360F3E703237B
:102D00002360F0E704232360EDE705232360EAE76F
:102D10000B20704713464FF48071034A02A8FDF759
:102D200087FF0120D1E700BF00D0010868B170B56E
:102D30000D4616460446EDF733FB334601462A4658
:102D40002046BDE87040FFF79DBF0B20704700BFD5
:102D5000072803D8024B53F82000704701487047FA
:102D6000F8D1010850D00108002842D02DE9F041E7
:102D70000D4600293FD004461646EDF711FB10B36F
:102D8000631EC4F1010103EB0008CF1813F801EF33
:102D9000AEF130022EF0200C092AACF1410C05D91D
:102DA000BCF1190F02D9BEF15F0F14D19845ECD1D7
:102DB0002278164BD35C13F0040313D1FF281CD8E0
:102DC00018462B600CE001232B607EB100231846CF
:102DD0003360BDE8F08102232B603EB100203760F4
:102DE000BDE8F08103232B60002EEFD10020BDE869
:102DF000F0810B2070470B20F2E704222A60002E9E
:102E0000F4D0FE2218463260EAE700BFFDD7010881
:102E1000042803D8024B53F820007047014870473C
:102E200004D3010818D201088368184710B5044676
:102E30000068EDF755FA00280CBF2046002010BDB1
:102E4000044B1A680AB103487047034A01481268E4
:102E50001A60704784000024B8000024024A034B23
:102E600012681A60704700BFB80000248400002474
:102E70000421002008B501F007F8043008BD00BFA8
:102E800009B100F019BF0846704700BF38B108B556
:102E90000B460421184600F0F7FF043008BD7047C8
:102EA0000A4618B10168104600F06EBE704700BFB8
:102EB00030B10421002008B500F0E6FF043008BD61
:102EC000704700BF004870479000002438B50D4699
:102ED0000121044600F08CFF48B1A36801211D7058
:102EE000A26823690A4461750B44A2602361A07D36
:102EF00080F0010038BD00BF38B50D460121044601
:102F000000F076FF60B1A2680121236912F8010B7D
:102F10000B44003818BF01202870A260236161753E
:102F2000A07D80F0010038BD38B50D460121044672
:102F300000F05EFF48B1A36801211D70A2682369FB
:102F40000A4461750B44A2602361A07D80F00100FA
:102F500038BD00BF38B50D460121044600F048FFDA
:102F600050B1A36801211B782B70A26823690A4421
:102F700061750B44A2602361A07D80F0010038BD23
:102F80002DE9F0410B4682B004460221ADF806302F
:102F900000F082FF01462046677D00F0C5FF022158
:102FA000204600F019FF78BBD4E90135AB4226D9A1
:102FB0005E1BA36023692046C6F1020833444146E4
:102FC000236100F015FF00283BD0237D012B4AD060
:102FD0009DF807302B70002E40D09DF806306B70A6
:102FE00023690221A2680233A07D424461759E1BC1
:102FF00080F00100A260266102B0BDE8F0810221EC
:10300000204600F0F5FE90B1237D012BA36814D07B
:103010009DF807109DF806201970A3685A700221C8
:10302000A26823690A4461750B44A2602361A07DF4
:1030300080F0010002B0BDE8F081BDF806201A80E2
:10304000EDE7A2682369A07D921B9B1B677580F04A
:103050000100A260236102B0BDE8F081A3689DF881
:1030600006201A70BCE728460DF1060532462946AF
:1030700007F017FF4246A919A06807F012FFAFE753
:103080002DE9F043044683B00D460221ADF8062039
:1030900000F002FF0146204694F8158000F044FF3E
:1030A0000221204600F098FE70BBD4E90167BE42C1
:1030B00025D923692046A660F61B3344C6F10209D0
:1030C0002361494600F094FE002839D0012D4AD0F2
:1030D0009DF807303B70002E40D09DF806307B7085
:1030E00023690221A268A07D02334A4461759B1BBB
:1030F00080F00100A260236103B0BDE8F0830221EB
:10310000204600F075FE88B1012DA36814D09DF80B
:1031100007109DF806201970A3685A700221A26852
:1031200023690A4461750B44A2602361A07D80F08D
:10313000010003B0BDE8F083BDF806201A80EDE77A
:10314000A2682369A07D921B9B1B84F8158080F0E8
:103150000100A260236103B0BDE8F083A3689DF87D
:1031600006201A70BCE70DF106053246384629469E
:1031700007F097FE4A46A919A06807F092FEAFE74C
:103180002DE9F84304460D46022100F085FE014674
:10319000204694F8158000F0C7FE0221204600F07A
:1031A0001BFE60BBD4E90167BE4223D923692046D8
:1031B000A660F61B3344C6F102092361494600F0BC
:1031C00017FE002834D0237D012B42D07B782B7052
:1031D000002E3AD03B786B7023690221A26802333B
:1031E000A07D4A4461759B1B80F00100A2602361B1
:1031F000BDE8F8830221204600F0FAFD80B1237D6E
:10320000012BA36811D05B782B70A3681B786B70BF
:103210000221A26823690A4461750B44A2602361FC
:10322000A07D80F00100BDE8F8831B882B80EFE7CC
:10323000A2682369921BA07D9B1B84F8158080F0F7
:103240000100A2602361BDE8F883A3681B786B705E
:10325000C2E739463246284607F023FE4A46A819F7
:10326000A16807F01EFEB7E72DE9F04704460E46B9
:103270000221154600F010FE0146204694F8158004
:1032800000F052FE0221204600F0A6FD70BBD4E9FA
:1032900001794F4525D923692046A760A7EB090787
:1032A0003B44C7F1020A2361514600F0A1FD00280A
:1032B00034D0012E43D099F801302B70002F3AD032
:1032C00099F800306B7023690221A2680233A07D57
:1032D00052446175DB1B80F00100A2602361BDE8F0
:1032E000F0870221204600F083FD78B1012EA3680B
:1032F00011D05B782B70A3681B786B700221A268D9
:1033000023690A4461750B44A2602361A07D80F0AB
:103310000100BDE8F0871B882B80EFE7A2682369D6
:10332000D21BA07DDB1B84F8158080F00100A26019
:103330002361BDE8F087A3681B786B70C3E749463B
:103340003A46284607F0ADFD5246E819A16807F055
:10335000A8FDB8E72DE9F04182B0044601910421AF
:1033600000F09AFD01462046677D00F0DDFD042156
:10337000204600F031FD002839D1D4E90135AB42B7
:1033800030D95E1BA36023692046C6F1040833448C
:103390004146236100F02CFD00284CD0237D012BF9
:1033A00063D09DF807302B70002E51D09DF8063069
:1033B000012E6B7050D09DF80530022EAB704FD0AF
:1033C0009DF80430EB7023690421A2680433A07DCA
:1033D000424461759E1B80F00100A260266102B02C
:1033E000BDE8F0810421204600F002FDD0B1237D2C
:1033F000012BA3681CD09DF807009DF806209DF8BE
:1034000005101870A3685A70A3689DF8042099707D
:10341000A368DA700421A26823690A4461750B4429
:10342000A2602361A07D80F0010002B0BDE8F081C0
:10343000019A1A60EEE7A2682369A07D921B9B1B8C
:10344000677580F00100A260236102B0BDE8F081E1
:10345000A3689DF806201A70A3689DF805201A70CD
:10346000A3689DF804201A70ADE7284601AD3246E6
:10347000294607F016FD4246A919A06807F011FD7C
:10348000A1E700BF2DE9F043044683B00D460421B7
:10349000019200F001FD0146204694F8158000F0ED
:1034A00043FD0421204600F097FC002838D1D4E9E0
:1034B0000176B7422FD923692046A760BF1B3B4442
:1034C000C7F104092361494600F092FC00284AD064
:1034D000012D63D09DF807303370002F51D09DF837
:1034E0000630012F737050D09DF80530022FB37055
:1034F0004FD09DF80430F37023690421A268A07DA9
:1035000004334A446175DB1B80F00100A260236133
:1035100003B0BDE8F0830421204600F069FCC8B187
:10352000012DA3681CD09DF807009DF806209DF88A
:1035300005101870A3685A70A3689DF8042099704C
:10354000A368DA700421A26823690A4461750B44F8
:10355000A2602361A07D80F0010003B0BDE8F0838C
:10356000019A1A60EEE7A2682369A07DD21BDB1BDB
:1035700084F8158080F00100A260236103B0BDE8EB
:10358000F083A3689DF806201A70A3689DF80520B3
:103590001A70A3689DF804201A70ADE701AD3A4691
:1035A0003046294607F07DFC4A46E919A06807F035
:1035B00078FCA1E72DE9F84304460D46042100F00C
:1035C0006BFC0146204694F8158000F0ADFC042108
:1035D000204600F001FC002838D1D4E90176B7423A
:1035E0002FD923692046A760BF1B3B44C7F10409BC
:1035F0002361494600F0FCFB002846D0237D012BC7
:103600005CD0F3782B70002F4CD0B378012F6B7007
:1036100005F102034AD07378022FAB7005F1030362
:1036200048D03378EB7023690421A2680433A07D6D
:103630004A446175DB1B80F00100A2602361BDE894
:10364000F8830421204600F0D3FBB0B1237D012B89
:10365000A36817D0DB782B70A3689B786B70A36886
:103660005B78AB70A3681B78EB700421A2682369B8
:103670000A4461750B44A2602361A07D80F00100C3
:10368000BDE8F8831B682B60EFE7A2682369D21BB3
:10369000A07DDB1B84F8158080F00100A26023610F
:1036A000BDE8F883A3689B786B70AB1CA268527866
:1036B00003F8012BA26812781A70B4E731463A4633
:1036C000284607F0EEFB4A46E819A16807F0E9FB37
:1036D000A9E700BF2DE9F04704460E460421154630
:1036E00000F0DAFB0146204694F8158000F01CFC3F
:1036F0000421204600F070FB00283CD1D4E90137BA
:10370000BB4233D9A3EB0709A36023692046C9F163
:10371000040A4B445146236100F06AFB002848D05C
:10372000012E61D0FB782B70B9F1000F50D0BB781F
:10373000B9F1010F6B7005F102034DD07B78B9F13F
:10374000020FAB7005F103034AD03B78EB7023699D
:103750000421A2680433A07D52446175A3EB0903E0
:1037600080F00100A2602361BDE8F08704212046BB
:1037700000F03EFBA8B1012EA36817D0DB782B70B8
:10378000A3689B786B70A3685B78AB70A3681B78A9
:10379000EB700421A26823690A4461750B44A2609E
:1037A0002361A07D80F00100BDE8F0871B682B60DD
:1037B000EFE7A2682369A2EB0902A07DA3EB09034E
:1037C00084F8158080F00100A2602361BDE8F087D5
:1037D000A3689B786B70AB1CA268527803F8012B2E
:1037E000A26812781A70B2E739464A46284607F0AE
:1037F00058FB524605EB0900A16807F052FBA6E70B
:103800002DE9F041044682B00821CDE9002300F003
:1038100043FB01462046677D00F086FB08212046D9
:1038200000F0DAFA00284ED1D4E90135AB4245D98F
:103830005E1BA36023692046C6F108083344414655
:10384000236100F0D5FA002874D0237D012B00F00D
:103850009B809DF807302B70002E78D09DF80630A5
:10386000012E6B7077D09DF80530022EAB7076D0AC
:103870009DF80430032EEB7075D09DF80330042EB4
:103880002B7174D09DF80230052E6B7173D09DF8AA
:103890000130062EAB7172D09DF80030EB712369B8
:1038A0000821A2680833A07D424461759E1B80F008
:1038B0000100A260266102B0BDE8F0810821204627
:1038C00000F096FA50B3237D012B2DD0A3689DF80C
:1038D00007009DF806209DF805101870A3685A701F
:1038E000A3689DF804209DF803009970A368DA701E
:1038F000A3689DF802209DF801101871A3685A7101
:10390000A3689DF800209971A368DA710821A26864
:1039100023690A4461750B44A2602361A07D80F095
:10392000010002B0BDE8F0816B46A26803CB1060D5
:103930005160EBE7A2682369A07D921B9B1B677512
:1039400080F00100A260236102B0BDE8F081A368AD
:103950009DF806201A70A3689DF805201A70A368C8
:103960009DF804201A70A3689DF803201A70A368BC
:103970009DF802201A70A3689DF801201A70A368B0
:103980009DF800201A708AE728466D46324629467F
:1039900007F087FA4246A919A06807F082FA7EE785
:1039A0002DE9F0410B4682B004460221ADF8063005
:1039B00000F072FA01462046677D00F0B5FA022158
:1039C000204600F009FA78BBD4E90135AB4226D98C
:1039D0005E1BA36023692046C6F1020833444146BA
:1039E000236100F005FA00283BD0237D012B4AD04B
:1039F0009DF807302B70002E40D09DF806306B707C
:103A000023690221A2680233A07D424461759E1B96
:103A100080F00100A260266102B0BDE8F0810221C1
:103A2000204600F0E5F990B1237D012BA36814D066
:103A30009DF807109DF806201970A3685A7002219E
:103A4000A26823690A4461750B44A2602361A07DCA
:103A500080F0010002B0BDE8F081BDF806201A80B8
:103A6000EDE7A2682369A07D921B9B1B677580F020
:103A70000100A260236102B0BDE8F081A3689DF857
:103A800006201A70BCE728460DF106053246294685
:103A900007F007FA4246A919A06807F002FAAFE753
:103AA0002DE9F84304460D46022100F0F5F90146E0
:103AB000204694F8158000F037FA0221204600F0E5
:103AC0008BF960BBD4E90167BE4223D92369204644
:103AD000A660F61B3344C6F102092361494600F093
:103AE00087F9002834D0237D012B42D07B782B70BE
:103AF000002E3AD03B786B7023690221A268023312
:103B0000A07D4A4461759B1B80F00100A260236187
:103B1000BDE8F8830221204600F06AF980B1237DD8
:103B2000012BA36811D05B782B70A3681B786B7096
:103B30000221A26823690A4461750B44A2602361D3
:103B4000A07D80F00100BDE8F8831B882B80EFE7A3
:103B5000A2682369921BA07D9B1B84F8158080F0CE
:103B60000100A2602361BDE8F883A3681B786B7035
:103B7000C2E739463246284607F093F94A46A81963
:103B8000A16807F08EF9B7E72DE9F04182B004464D
:103B90000191042100F080F901462046677D00F084
:103BA000C3F90421204600F017F9002839D1D4E9DF
:103BB0000135AB4230D95E1BA36023692046C6F1B4
:103BC000040833444146236100F012F900284CD028
:103BD000237D012B63D09DF807302B70002E51D030
:103BE0009DF80630012E6B7050D09DF80530022EE6
:103BF000AB704FD09DF80430EB7023690421A268AC
:103C00000433A07D424461759E1B80F00100A260D8
:103C1000266102B0BDE8F0810421204600F0E8F8FA
:103C2000D0B1237D012BA3681CD09DF807009DF81F
:103C300006209DF805101870A3685A70A3689DF8B7
:103C400004209970A368DA700421A26823690A44E9
:103C500061750B44A2602361A07D80F0010002B079
:103C6000BDE8F081019A1A60EEE7A2682369A07DA1
:103C7000921B9B1B677580F00100A260236102B05C
:103C8000BDE8F081A3689DF806201A70A3689DF82E
:103C900005201A70A3689DF804201A70ADE7284625
:103CA00001AD3246294607F0FCF84246A919A06842
:103CB00007F0F7F8A1E700BF2DE9F84304460D46E9
:103CC000042100F0E9F80146204694F8158000F040
:103CD0002BF90421204600F07FF8002838D1D4E9E0
:103CE0000176B7422FD923692046A760BF1B3B440A
:103CF000C7F104092361494600F07AF8002846D04C
:103D0000237D012B5CD0F3782B70002F4CD0B3783F
:103D1000012F6B7005F102034AD07378022FAB704C
:103D200005F1030348D03378EB7023690421A268BE
:103D30000433A07D4A446175DB1B80F00100A26062
:103D40002361BDE8F8830421204600F051F8B0B1AA
:103D5000237D012BA36817D0DB782B70A3689B7899
:103D60006B70A3685B78AB70A3681B78EB70042161
:103D7000A26823690A4461750B44A2602361A07D97
:103D800080F00100BDE8F8831B682B60EFE7A268B4
:103D90002369D21BA07DDB1B84F8158080F0010015
:103DA000A2602361BDE8F883A3689B786B70AB1CAD
:103DB000A268527803F8012BA26812781A70B4E74F
:103DC00031463A46284607F06CF84A46E819A16899
:103DD00007F067F8A9E700BF837D3BB9D0E901038D
:103DE0001944884234BF00200120704700207047EA
:103DF000837D43B9D0E9012110B59142044605D233
:103E00000123184610BD00231846704782693AB155
:103E1000C169904780F00103A075DBB2184610BD60
:103E20000120A075FAE700BFC0E90612704700BF85
:103E300010B4019C0A44016042600A191C4482606B
:103E40000022C0E903349DF8083042755DF8044B48
:103E500082750375C0E90622704700BF10B582B0B5
:103E6000049C009401240194FFF7E2FF02B010BD0E
:103E700010B5002482B00094FFF7F0FF02B010BD2F
:103E80000023FFF7F5BF00BFB0FBF1F202FB11000A
:103E90004B1E081A18407047437D8B4209D20369B4
:103EA0004A1EB3FBF1F001FB1030091A01EA0200CF
:103EB00070470020704700BF38B504460D46FFF735
:103EC000EBFFA36865751A18236918446368934269
:103ED000206128BF1346A36038BD00BF8268006818
:103EE000101A7047D0E90120101A704738B5837D49
:103EF000A3B904460D46D0E901329A4200D331B944
:103F00002046FFF7EFFFA84228BF284638BD836947
:103F100033B1C1699847A0750028F1D0002038BDA1
:103F200001238375FAE700BF38B504460D46FFF755
:103F300053FF78B12369A2682B442A4423610123EB
:103F4000A260637538BDA2682D1A23690244184423
:103F5000A2602061294601222046FFF7C7FF002802
:103F6000F1D10123637538BD10B500238EB004462E
:103F70000391CDE9013203230422009306AB01F043
:103F8000C5FB18B9044620460EB010BD029905AA1B
:103F9000204601F0F7FC044605A906A803F0AEF997
:103FA00020460EB010BD00BFC2F3074C10B5BCF1E7
:103FB000010F8CB0044602920CBF03F001020022F4
:103FC0000E3303919DF838101A4404AB019101217E
:103FD00092B20091039901F099FB18B9044620466A
:103FE0000CB010BD029920460F9A01F0CBFC04469C
:103FF0000F9904A803F0C6F820460CB010BD00BF0E
:1040000070B5ADF5167D054611ACADF854320323FD
:104010009DF86C62CDE902212372002301228DF804
:1040200014309A9B2271CBB18DF81C2008934FF469
:10403000007215A909A8FFF723FF05A909A802F036
:1040400067FD0D9B009628460194E3609BB2DDE975
:104050000221FFF7A9FF0DF5167D70BD8DF81C300C
:10406000E5E700BF70B5ADF5187D0546184605912A
:1040700097A99DF8786213ACCDE9033202238DF83D
:10408000503000F0ADF99C9B4FF4007217A90BA8BB
:1040900006939D9B0A9303238DF8543001238DF8DA
:1040A000243000238DF81C30FFF7EAFE06A90BA888
:1040B00002F050FD0F9B2846009616939BB2019488
:1040C000DDE90421FFF770FF0DF5187D70BD00BF1D
:1040D00070B5ADF5916D05461846059192A99DF80C
:1040E00098640EACCDE9033204238DF83C3000F027
:1040F00077F900234FF4007212A906A88DF84C320C
:104100008DF8543203238DF84030FFF7B9FE93A9A0
:1041100006A802F0D3FD0A9B2846009611939BB295
:104120000194DDE90421FFF73FFF0DF5916D70BDAE
:104130002DE9F041ADF5247D0646184603271FAC56
:10414000BDF8B0520591A3A99DF8B482CDE9033220
:104150000623237100F044F90EA9AA98277200F0F3
:104160003FF90023ADF84450003D9DF8AD228DF895
:10417000703018BF01258DF864308DF846308DF809
:104180004C308DF85430ADF8403001238DF842505A
:104190008DF83A308ABB4FF0230E4FF0130C0B25ED
:1041A000212211210920ADF840309DF8AE3223B90B
:1041B000724661462846ADF840709DF8AC32012B3E
:1041C00025D0032B29D02BB34FF4007223A906A8C6
:1041D000FFF756FE0EA906A802F0E6FD0A9BCDF8F1
:1041E000008030460194E3609BB2DDE90421FFF7D3
:1041F000DBFE0DF5247DBDE8F0814FF0220E4FF07F
:10420000120C0A252022102108200227CDE7ADF844
:104210004010D9E7ADF84000D6E7ADF84020D3E72D
:10422000014B1878704700BFB8FA01242DE9F04F10
:10423000934689B0002204468A4605938DF81E20D5
:1042400090F8002222B300F202290DF11F0805AFF9
:104250000DF11E064FF4007502E0059B002B0FDDEB
:10426000D4F87412234622464846CDE90278CDE9B7
:10427000005601F09DFD0028EFD09DF81E30B3B12F
:104280000F4B00209DF81F201A7009B0BDE8F08F79
:104290000DF11F02014600924FF40072D0F87452E3
:1042A000A8470028ECD09DF81E30002BE8D1CBF8B1
:1042B00000000120CAF8004009B0BDE8F08F00BF3F
:1042C000B8FA012430B590F8005287B0144695B979
:1042D000D0F870520DF11703A847031E18BF012331
:1042E000A04218BF00231BB90A4A9DF8171011708D
:1042F000184607B030BD0B4600220DF1170100949F
:10430000CDE901210246D0F8701200F2022001F03E
:1043100071FBE2E7B8FA012480F800120199C0E9C4
:104320009A23009BC0E99C31704700BF38B5D0F894
:10433000683203B3D0F86C220446E2B1D0F87022A0
:10434000CAB1D0F87422B2B1C0F88C1298470546B1
:1043500088B194F800328BB90B4B28460B490C4AB4
:10436000C4F880324FF40073C4F88422A4F8883271
:10437000C4E99E4138BD0025284638BD002104F21D
:10438000022001F031FBE7E72D420108C542010898
:1043900021420108D0F86C32184700BF82B00023D8
:1043A0008DF8061060F30F03BDF8062062F31F437B
:1043B000184602B0704700BF437882B001780020F1
:1043C0001A0903F00F0302EB01128DF80630BDF855
:1043D000063062F30F0063F31F4002B0704700BF66
:1043E0000246C0F3034382B0C2F30B1C03EB02107E
:1043F00081F800C0487002B0704700BF2DE9F0435B
:10440000174691B010220646884608A80DEB020117
:104410000025FFF735FD1E4B02242A461B8808A8FD
:104420000095ADF80A304FF420633178ADF80830CC
:104430002B46039402F03AF921462B46082208A89D
:1044400002F08CF8044602A908A802F02BFF04B180
:1044500018B9002011B0BDE8F08308A8FFF73EFDB1
:1044600081460DE0336FD3E90004A047044641467E
:10447000304600F04BFF04EA000C1CF0FF00E9D1CD
:10448000AF424A4604A905F10105EBD1E1E700BFBF
:1044900030CC01082DE9F04F2DED028BD3B006464C
:1044A0008A4600240CA910A805921022FFF7E8FC08
:1044B000534B022522461B88802110A80094ADF89A
:1044C00082304FF420632195ADF88030234602F00E
:1044D000EDF823462946082210A802F03FF881464D
:1044E00020A910A802F0DEFE09EA000010F0FF0982
:1044F00007D14FF0000B584653B0BDEC028BBDE81E
:10450000F08F10A80494FFF7E9FC08EE100ADDE92B
:1045100004239342EDD018EE102A0CA955464FF013
:104520000008D6E90003984702F05EF803900BE01C
:1045300002F05AF8039BC01A2D1A02F055F80390A6
:10454000002D30DD002F2ED0534609AA08A930686F
:10455000B4684F46CDF82080A04783460028E7D0B6
:1045600018A8DDE90812FFF78BFC07AB0DF1190263
:1045700018A90AA8CDE90A8801F0BCF9C8220021CF
:1045800020A806F06BFB18A8FFF7ACFC042816D88F
:104590009DF83531002B13BF4FF0010B4FF0000B8E
:1045A00001270027C4E7049B01330493BBF1000FEC
:1045B000ADD0584653B0BDEC028BBDE8F08F0DF185
:1045C0001E030DF11B020DF11A0118A88DF81A80B7
:1045D000ADF81E808DF81B8002F0BAF818A8FFF71E
:1045E00081FCBDF81E309842D2D39DF81A30062BBC
:1045F000CED118A920A88DF8358100F0C7FAC7E7F9
:1046000030CC010830B595B00446189D0393002DB9
:104610008DF81C30CDE904214FF0000214BF0121B8
:1046200011468DF81D208DF81E208DF8241021D004
:104630006B6810222968CDF82A30CDF8261008239F
:1046400000212046CDE900310CAB059901F05EF860
:1046500018B90446204615B030BD049906AA204674
:1046600001F090F9044606A90CA802F0F1FE2046DC
:1046700015B030BD0822E2E710B5002394B004461F
:1046800005920193ADF81C308DF81E30CDF8263020
:10469000CDF82A300823CDE90221012200930CAB8A
:1046A0008DF82420102201F031F818B90446204674
:1046B00014B010BD059906AA204601F063F904461E
:1046C00006A90CA802F0C4FE204614B010BD00BF1D
:1046D0002DE9F04395B0BDF8787013B115B0BDE881
:1046E000F08306461C980C461546049099461D9882
:1046F0009DF8768005900CA8D1E90121521AFFF7A8
:10470000BFFB0CA8D4E90612FFF78EFBE2699AB151
:10471000B8F1070F82F8149040D0B8F1080F2ED0EE
:10472000B8F1060F11D00123137529462046FFF773
:10473000FBFB15B0BDE8F083B8F1070F2ED0B8F140
:10474000080F1CD0B8F1060FEFD1D6F88880B8F169
:10475000000F11D00CAB01953A463046009306236A
:104760008DF81630D6F88C300293DDE90431C0475D
:104770000123E26986F8B430002AD4D1D5E7D6F80F
:10478000A430002BF8D00CA806A9DDF8408002F078
:104790002BFFA0B9E269002AC5D1C6E7D6F8AC3034
:1047A0003BB106A90CA8DDF8408002F0DBFB60BB42
:1047B000E269A3682B44A360002AB4D1B5E7109B3B
:1047C0000CA8A8EB0308DDE90D21A844521AFFF755
:1047D00057FB0CA81FFA88F8D4E90612FFF724FB50
:1047E0000CAB0821CDF8048000933A468DF81610E2
:1047F00006ABD6F8A810304602910599D6F8A470F9
:10480000B847012386F8B430C4E7DDE90D21109BD9
:104810000CA8521AA8EB0308FFF732FB0CA8A84417
:10482000D4E90612FFF700FB0CAB9DF818101FFA35
:1048300088F800933A469DF819303046CDF8048048
:1048400003EB012307218DF816109BB2D6F8B010A8
:1048500002910599D6F8AC70B847012386F8B430B8
:10486000A6E700BF00B58BB00146042202A8FFF7FF
:1048700007FB0DF105030DF1060201A902A801F0E5
:1048800087FE9DF804300D2B03D000200BB05DF89F
:1048900004FB9DF8053013F0020F14BF0220012025
:1048A0000BB05DF804FB00BF70B50025ADF5347D9D
:1048B0000E4604464FF42472294610A80395049529
:1048C00006F0CCF903A9304602F002FDBDF80C3029
:1048D0002046ADF8403001F04DF82B460C2205A9DA
:1048E000009008A8FFF7BAFA10A908A802F064FD22
:1048F000089B2A462946204600F0E8FF08A8FFF753
:10490000EDFA236F024605A9D3E90004A0470DF58F
:10491000347D70BD70B592B005460E46144601F068
:1049200029F805A9009000230AA81122FFF796FA9A
:10493000182200230A2102FB04540AA8052250343D
:1049400001F00CFE03A9204604F096FC40BA03A92E
:104950008DF81060ADF80E000AA802F09FFD00224D
:104960000A9B2846114600F0B1FF0AA8FFF7B6FAE5
:104970002B6F024605A9D3E90004A04712B070BD11
:104980009FED0D7B002310B5044680F8A030C0E9F0
:104990001C13C0E91E33C0E92033C0E92233C0E94B
:1049A000243380ED267B812100F0F4FE04F1080021
:1049B000BDE8104001F0EEBC000000000000000067
:1049C000C0E92012704700BFC0E92212704700BF43
:1049D000C0E92912704700BFC0E92B12704700BF21
:1049E00010B5044684B0CDE9002100F0C3FF0346B2
:1049F00004F10800DDE9002104B0BDE8104001F039
:104A00000FBD00BF30B589B00446CDE90421039342
:104A100000F0B0FF0546059904F108000095DDE9B6
:104A2000033201F011FD00225FFA80FCC0F307247D
:104A3000C0F30741030E6CF3070264F30F2261F326
:104A4000174263F31F62104609B030BD82B00830D0
:104A500002B001F013BD00BF10B50C4C84B008309B
:104A6000009401F021FD00225FFA80FEC0F3072CC4
:104A7000C0F30741030E6EF307026CF30F2261F3DC
:104A8000174263F31F62104604B010BD6548010869
:104A900010B5044601F0C4FDD4E92632C01A61EB1A
:104AA000020110BD2DE9F047037E84B00446FBB13E
:104AB0004FF000090DF1020803AF02AE4846012293
:104AC00004EB00151146083501F00AFC8446434604
:104AD0003A4631462846CDF804C004F057FC002879
:104AE0003DD109F10109237E5FFA89F08342E6D8BE
:104AF00094F8483083B34FF000090DF1020803AF7A
:104B000002AE484600EB80050122022104EBC505F8
:104B100001F0E6FB019020350CE0BDF802209DF885
:104B20000410029B00F0D2FE236FDDE90212D3E9EC
:104B3000000AD04743463A463146284604F048FE2C
:104B400003462046002BE8D109F1010994F84830CA
:104B50005FFA89F08342D5D804B0BDE8F087029BA4
:104B60002046BDF8022009F101099DF8041000F06B
:104B7000ADFE236F039A5D6818680299A847237EEB
:104B80005FFA89F083429AD8B2E700BF2DE9F0417D
:104B90000D46ADF5247D06466946284602F094FA96
:104BA000044602A928469DF80570FEF7A5F99DF870
:104BB00008300440E4B25BB987A92846FEF79CF9A7
:104BC0009DF81C3280464BB90DF5247DBDE8F0817F
:104BD00003A9284602F024F90440EDE788A92846F5
:104BE000FEF7B8F914EA080FEED00028ECD09DF8D3
:104BF00020320D2BE8D18AA92846FEF751FF38B1A3
:104C0000BDF92832002B06DD002F14BF0120022041
:104C100086F8B500D8E70020FAE700BF2DE9F04F8D
:104C2000044697B00D46C14E09920DF12F030CAA10
:104C30000DF12E01284601F0ABFC002800F0428166
:104C40009DF82E309DF82620023B0D2BEDD801A1BA
:104C500051F823F0BB4E01082B4C0108AB4E010864
:104C6000494E01083F4E01082B4C01082B4C01080E
:104C7000954D0108274D0108E74C01082B4C010810
:104C80002B4C01082B4C01088D4C010810A928461B
:104C900002F058FCD4F89080B8F1000F00F01A81AF
:104CA00001F0BEFC02460B46D4F894000021149F8C
:104CB00006908C461598C7FB060C109FCDE9040C96
:104CC0008C461198C7FB060CCDE9020CDDE9127089
:104CD000C7FB0601CDE900012046C0474FF00103A4
:104CE00084F8A030A1E710A9284602F017FC0021A3
:104CF0009DF8440001F022FBC0F307280F9004F157
:104D00000800414601F008FC00288ED0BDF8401094
:104D1000BDF8422004F0A4FA42469DF83C1020461B
:104D2000FFF7F8FD81E710A9284602F0CFFB00212C
:104D30009DF8440001F002FBC0F307210D9004F13F
:104D4000080001F0D3FB804600283FF46EAF9DF8C9
:104D500042300DF1380A9DF84310BDF8402001EBB8
:104D6000032189B204F0DCFD404604F09DFDADF85E
:104D7000320005E0236FDDE90E12D3E90009C847D0
:104D80000DF132030FAA5146404604F08FFD002872
:104D9000F0D14AE79DF825300DF1380ABDF8308092
:104DA00028468DF8353051469DF82730A8F1040883
:104DB0009DF82F908DF837301FFA88F89DF8243031
:104DC00009F00E098DF836208DF8343002F0CAF85B
:104DD00050460FA90DF1320200F0F4FD0F99D4F8FE
:104DE00080B0BDF832A01091BBF1000F06D0D4F80E
:104DF00084305246204600930023D847E26F82B1A8
:104E0000616F4FF0000C023903E00CF1010C944586
:104E100007D031F8023F5345F7D1A36F002203F8C2
:104E20000C20BDF832104B464246204602910F99A5
:104E300001910D9900912946FFF74AFCF5E62946B4
:104E40002046FFF7A3FEF0E6002A3ED010A9284630
:104E500002F094FA0EA90DAA10A800F0B3FD0E9965
:104E6000D4F880A09DF84490BDF834800F91BAF139
:104E7000000F06D0D4F884304246204600934B46BB
:104E8000D047E26F002A3FF4D0AE606F00210238B5
:104E900003E0013191423FF4C8AE30F8023F434590
:104EA000F7D1A36F03F80190BFE6002A7FF4BDAEEF
:104EB0002946204600F0CAFCB7E629462046FFF7FF
:104EC000F3FCB2E617B0BDE8F08F2946204600F0AB
:104ED000CBFCAAE601F0A4FB4246149F159BC7FB3E
:104EE00006321818129F42EB0101139B4246C7FB82
:104EF00006329C46DDE91037C3FB067843461CEBBF
:104F0000070C42EB0302B0EB0C0361EB0202002A38
:104F100008DB5B0843EAC2735210C4F89830C4F847
:104F20009C20DBE6013342F10002F2E700CA9A3B23
:104F30000B1E2DE9F04FB8BF6FF000439DB08046C7
:104F4000059301F051FB98F848208146002A00F0B3
:104F50009A8000266FF000434FF0FF3B0F4630462B
:104F600003930EE09A6B0136DB6B5A450399F0B25E
:104F700073EB010101DA9346039398F848308342BA
:104F80005FD900EB800402210122E40001F0A8F9BE
:104F9000014604F120053B464A460991454428460E
:104FA00004F056FC08EB04030028DBD09DF82550E4
:104FB0000DF1500A9DF824304046013544440493D5
:104FC00000F0D8FC05EB8505002311220CA908EBA5
:104FD000C505009050460136FEF740FF002305222C
:104FE0000B21504601F0BAFA0121688904F0D2FC85
:104FF0002B8902460AA9ADF82A305046049BADF829
:1050000028208DF82C3002F075FA0022149B4046BF
:10501000114600F05BFC5046FEF760FFD8F8703098
:1050200002460CA9D3E90005A8470399F0B2D4E9D8
:105030000E235A4573EB01019DDB98F848308342FB
:105040009FD86FF00043039A9A4208BFBBF1FF3F1D
:1050500019D0ABEB0903002B059DD8F8700008AA06
:1050600008BF012307A984689D420068A8BF1D46A8
:105070002B46A04748B9059B5B1B002B05933FF7C8
:1050800060AF044612E0059BE5E7DDE90712044640
:1050900000250CA8FEF7F4FE0DF11A0306AA0CA9D0
:1050A00040468DF8185000F025FC18B920461DB078
:1050B000BDE8F08F29469DF8180001F03FF9C0F3D4
:1050C0000746BDF81AA0C0F30725012ECDE9090057
:1050D0004BD0022E0FD0002EE8D13146304601F0E1
:1050E0002DF902460CA940460A92FFF797FD20468B
:1050F0001DB0BDE8F08F294608F108009DF8249006
:1051000001F00AFA074638B30E9A0CA80392FEF78C
:10511000E9FE03460DF11900039A51460090384606
:1051200003F0A2FFC0B19DF8193093B314AE4FF055
:10513000020A0AE08DF8289031468DF82950404641
:105140008DF82AA00A9AFFF769FD042231463846F5
:1051500004F00CF80028EDD140462A464946FFF7F6
:10516000D9FB20461DB0BDE8F08F294608F10800A4
:1051700001F0C8F9002899D0514603F0EBFE002851
:1051800094D08DF82A600CA90A9A4046FFF746FD94
:105190008CE78DF82A600CA90A9A4046FFF73EFD7D
:1051A000C4E700BF70B504460D4601F01DFA06467F
:1051B0002046FFF777FC29462046FFF7B9FE01F0AD
:1051C00013FA831BE91A0029F6DC04F10800BDE894
:1051D000704001F0ADB900BF70B504460D4601F056
:1051E00003FA06462046FFF75DFC0023294684F8B3
:1051F000B43005E001F0F8F9831BE91A002907DD56
:105200002046FFF795FE94F8B4000028F2D070BD58
:1052100094F8B40070BD00BF2DE9F04106460D467C
:1052200001F0E2F90746304606F10808FFF73AFCBC
:10523000002D10DB2C4606E0FFF77AFE01F0D4F9D2
:10524000C31BEC1A07D4404601F072F9034621460D
:105250003046002BF0D04046BDE8F04101F068B97F
:105260002DE9F84FDDF828B00646884692461F46DD
:10527000FFF718FCBBF1000F04D05A46FF21384657
:1052800005F0ECFCC6F87CB07D1EC6E91DA701F058
:10529000ABF9414681463046FFF74AFE01F0A4F9DA
:1052A000A0EB0900A8EB0001BBF1000F29D0AE462E
:1052B0004FF0000C1EF8014FFF2C15D00CF1010C23
:1052C000E345F7D80023F36700E058B12B4615F803
:1052D000010F02330128A3EB07038CBF002001203C
:1052E0009B45F2D8BDE8F88F3AF81C300CF1010C60
:1052F000DC4501D2002BDDD00029E3DD002BCAD133
:10530000E0E70120C6F87CB0BDE8F88F70B5044630
:105310000D4601F069F906462046FFF7C3FB00235E
:10532000294684F8B53005E001F05EF9831BE91ADF
:1053300000290CDD2046FFF7FBFD94F8B50000289E
:10534000F2D0A0F10100B0FA80F0400970BD94F8ED
:10535000B500A0F10100B0FA80F0400970BD00BFB7
:105360002DE9F04F04469DB0FF2003936071002BA0
:1053700000F0B680894692464FF0000B236F5246EC
:105380004946D3E90005A84701F02EF94FF47A7396
:10539000054609E001F028F9401BC0F57A73002B9F
:1053A00040DD6079FF2845D1226F08A99668106812
:1053B00009AAB0470028EDD00CA80026DDE90812A4
:1053C000FEF75EFD0DF11E0307AA0CA920468DF81D
:1053D0001C6000F08FFA0028DCD031469DF81C00DC
:1053E00000F0ACFFC0F30747BDF81E30C0F307263E
:1053F000012F0293CDE90A005CD0022F20D0002FAC
:10540000C8D13946384600F099FF0CA902460B90E6
:105410002046FFF703FC01F0E7F8401BC0F57A7364
:10542000002BBEDC0BF1010B039B60795B4501D0C7
:10543000FF28A3D0FF3818BF01201DB0BDE8F08FB2
:105440009DF82830314604F10800049301F064F817
:10545000804648B30E9A0CA80592FEF743FD03461A
:105460000DF11D00059A00904046029903F0FCFDE5
:10547000D0B19DF81D30002B3AD0049F0AE04FF0C8
:1054800002038DF82C708DF82D608DF82E300B9A5C
:10549000FFF7C4FB14A90422404603F067FE03464D
:1054A00014A92046002BEAD1324604992046FFF782
:1054B00031FA6FE7314604F1080001F023F80028C3
:1054C0003FF468AF029903F045FD00283FF462AF56
:1054D0008DF82E700CA90B9A2046FFF79FFB59E719
:1054E000236FD3E90004A04701201DB0BDE8F08F71
:1054F0008DF82E700CA90B9A2046FFF78FFBBCE7A6
:1055000030B58FB004460D4600F034FA0023102267
:1055100002A9009006A8FEF7A1FC06A9204600F00B
:1055200079F90022069B2046114600F0CFF906A823
:10553000FEF7D4FC2B46024602A92046FFF710FFD7
:1055400018B16079B0FA80F040090FB030BD00BFEB
:105550002DE9F04F00F1080B0446ABB058465E460B
:1055600000F022FF204600F005FA00231C220BA9C0
:10557000009012A8FEF772FC236F12A920461A8A27
:10558000043A92B200F01CF91299204600F08AF910
:1055900012A8FEF7A3FCFF23814663710A2303933D
:1055A000236F4A460BA9D3E90005A84701F01CF870
:1055B0004FF47A73054609E001F016F8401B627952
:1055C000C0F57A73002B38DDFF2A3CD1226F07A982
:1055D0009768106808AAB8470028EDD01AA80027D5
:1055E000DDE90712FEF74CFC0DF11A0306AA1AA911
:1055F00020468DF8187000F07DF90028DCD039467F
:105600009DF8180000F09AFEC0F30747BDF81AB0E5
:10561000C0F30728012FCDE9090053D0022F18D07D
:10562000002FC9D13946384600F088FE1AA9024633
:105630000A902046FFF7F2FABEE7039B013B039373
:1056400001D0FF2AACD0002A51D000202BB0BDE8F9
:10565000F08F9DF8243041463046049300F05CFF03
:10566000824648B31C9A1AA80592FEF73BFC0346F3
:105670000DF11900059A59460090504603F0F4FCCC
:10568000D0B19DF81930002B38D0049F0AE04FF0BC
:1056900002038DF828708DF829808DF82A300A9A37
:1056A000FFF7BCFA22A90422504603F05FFD03462F
:1056B00022A92046002BEAD1424604992046FFF752
:1056C00029F979E74146304600F01CFF00283FF4F5
:1056D00073AF594603F03EFC00283FF46DAF8DF8E0
:1056E0002A701AA90A9A2046FFF798FA64E730460A
:1056F00000F05AFE01202BB0BDE8F08F8DF82A7023
:105700001AA90A9A2046FFF789FABEE72DE9F04761
:1057100082B00446104615461E46C1F3072A9DF87E
:10572000287005F104099DF82C80019100F056FFC6
:105730009DF806308144012B1DD0022B16D104F1B7
:105740000800514600F0D2FE044658B149463246A0
:1057500003F0D0FE04462CB14346AAB23946304687
:1057600000F0FCFE204602B0BDE8F0870024204691
:1057700002B0BDE8F08704F10800514600F0AEFE2B
:1057800004460028EED04946324603F0DFFD0446C9
:10579000E1E700BF4FEA126CFF23027180F801C0FD
:1057A000C2F3074CC2F30722017080F802C04371B4
:1057B000C27000B54FF0090EA0F806E05DF804FBDA
:1057C00030B5002389B0124D0C4607931946ADF849
:1057D0001C2001220193C2808DF804202A680393C3
:1057E0000092AA880693ADF80620D0F80120029214
:1057F000027820468DF80C201022CDE9043300F009
:10580000ADFE6946204601F0BBFC09B030BD00BFCB
:1058100034CC01080C4A02234FF4007C10B50C462E
:1058200082B011890422C3800023ADF806102046FF
:105830000321ADF804C000F091FE01A9204601F05B
:105840005DFD02B010BD00BF34CC010810B50B46A1
:1058500088B0044601A9184601F060FD9DF80430A7
:10586000637108B010BD00BF10B584B0044608468F
:1058700002A901F083FDE388022B01D004B010BD22
:105880000DF10A00FEF798FD9DF808209DF80930FB
:1058900003EB02239BB2022BF0D19DF80C30637115
:1058A000ECE700BF10B508228AB004460DEB0200F9
:1058B000FEF7E6FA14F8011B002302A801F08001AC
:1058C00000941A4600F0F2FE0AB010BD30B58DB05B
:1058D00004460D46194604A803920822FEF7D0FAA2
:1058E00014F8011B039B2A4604A8009400F0DEFE76
:1058F0000DB030BD2DE9F041074684B008460C4696
:1059000015461E46FEF7EEFA082803D8002004B01C
:10591000BDE8F0810DF10C0833462A4620460DF112
:105920000B01CDF8008000F0DFFE3A789DF80B30D7
:105930009342EBD11B061BD49DF80C207B789A4236
:1059400003D0012080F00100E1E79DF80D20B81C94
:10595000BB789A42F5D19DF80E2010F8013F9A428B
:10596000EFD19DF80F2043789A42EAD10020E9E771
:105970000120CCE790F90030002BACBF08200420B8
:10598000704700BF10B582B04FF6F4740191C38820
:10599000A3F10A0189B2A1420FD801339CB2C3F32B
:1059A000072CDBB2C480911C019882F800C05370B0
:1059B000FEF716FD204602B010BD0A234FF0000C82
:1059C0001C46EFE770B5044602300D461646FEF75A
:1059D000F3FCC0F30F4328806B802278637803EBDD
:1059E0000223338070BD00BF0023417003708385A4
:1059F000704700BF2DE9F04F174642780E4683B03E
:105A0000A2F17D019B467E2304460129DDF838A0E2
:105A100080F838309DF8340040F21581A0F17D0106
:105A200084F839200222012984F8622052D90C9B83
:105A3000032184F83A00DDB284F86210A5F17D02FA
:105A4000012A5CD90C9B62180131C3F3072082F84C
:105A5000385084F86210A0F17D02012A61D94A1CF5
:105A60002144D2B281F8380084F86220002B6AD039
:105A70004FF00008C14616E0292A68D8A018013264
:105A800080F8381084F8622088EA01017D4B09F122
:105A90000109C9B233F8112082EA18280C9B4B4542
:105AA00069D994F862201BF80910A1F17D00012842
:105AB000E2D8501CC0B2292849D8A0184FF07D0365
:105AC000023281F0200580F8383080F8395084F8AF
:105AD0006220D9E704214FF0030C0C9B22444FF0C5
:105AE0007D0EA444DDB280F0200082F838E0A5F1FC
:105AF0007D028CF8380084F86210012AA2D862185E
:105B00007D200C9B85F0200582F838000231C3F31C
:105B1000072082F8395084F86210A0F17D02012A32
:105B20009DD84D1C8A1C80F02000214454FA85F534
:105B3000D2B24FF07D0C81F838C085F8380084F877
:105B40006220002B94D11946ADF8043019E00025ED
:105B500000E060B105F13801521B5346384621443C
:105B6000B04794F8622005449542F2D366D00020F5
:105B700003B0BDE8F08F5FFA88F194F86220ADF8C9
:105B800004804FF000094FF07D0BC84613E0292A2E
:105B900024D8A318013283F8381084F8622009F160
:105BA0000109B9F1020F2DD009F1080394F8622020
:105BB0006B4413F8041CA1F17D03012BE7D8531C9F
:105BC000DBB2292B0AD8A31881F02001023283F816
:105BD000391083F838B084F86220E0E7002501E04E
:105BE0000028C4D005F13801521B534638462144E1
:105BF000B04794F8622005449542F1D3B7D184F8B8
:105C00006280D1E794F862209AB1002501E0002873
:105C1000ADD005F13801521B534638462144B047F8
:105C200094F8622005449542F1D3A0D1002384F872
:105C300062300C9B98B203B0BDE8F08F4FF00003C8
:105C400084F862302AE77D2182F0200284F839103E
:105C5000A0F17D0184F83A200322012984F8622012
:105C600003D805214FF0040C37E70C9B042184F87E
:105C70003B00DDB284F86210A5F17D02012A3FF6F7
:105C8000E1AE3CE734D401082DE9F04F044685B07D
:105C9000924689461D460F9E00F0A6FC94F82C20E3
:105CA00094F82D708046BA425FD017D8013FBA1AD7
:105CB0000027D2B2B2421AD8D319B34252D8D2B9BD
:105CC000002600F091FC2B68A0EB08001B1A304660
:105CD00023EAE3732B6005B0BDE8F08F002F60D09E
:105CE000C2F12A02013FD2B2FFB2B242E4D9F2B20B
:105CF0000027002AE4D00E9B50460392009394F8AC
:105D00002C102B680231DFF8A4B02144C84794F866
:105D10002C30064603445908ABFB01212A2289088E
:105D200002FB113184F82C100028C9D0039A90424C
:105D3000C7D1002FC5D00E9B02313A4650462144B0
:105D400000930023C84794F82C20064413185A08DF
:105D5000ABFB021B2A224FEA9B0B02FB1B3384F88E
:105D60002C30AEE7B61AF7B2A9E70023282EA38598
:105D7000BDD90E9B2922A11C504600932B68C84711
:105D800094F82C3006462A21034408485A08A0FB00
:105D90000202920801FB123384F82C30002E8FD0BF
:105DA0008FE7C2F12902D2B284E700BF310CC330C1
:105DB0002DE9F04F1E4690F82C5090F82D3083B00E
:105DC000044688469D42914600F08C812378C34D5D
:105DD000C34F072BFDD8DFE813F01C01FB00D900EF
:105DE000BA008F0051003200080094F82C1094F88B
:105DF0002D30994200F04D81E21892787D2A00F012
:105E0000B88101332A217E2A4FEA5300A5FB00C046
:105E10004FEA900001FB103384F82D3000F05782D8
:105E2000A38E0020E18E03EB022320709BB29942E7
:105E3000A38600F07881002003B0BDE8F08F94F8CD
:105E40002C0094F82D30984200F03281E2189178BD
:105E50007D2900F0708101332A207E294FEA530208
:105E6000A5FB02C24FEA920200FB123384F82D30E8
:105E700000F01D820723A1862370AAE7638EB4F881
:105E800030E09E4527D832E0A5FB01B19CF802C066
:105E90004FF02A0B8908BCF17D0F0BFB110100F0BC
:105EA000D480BCF17E0F84F82D1000F0CB8006F872
:105EB00003C0E08E638E80EA0C01B4F830E0013359
:105EC000C9B29BB237F811207345638682EA10226B
:105ED000E28680F01D8194F82D2094F82CA0501CAF
:105EE00004EB020C92454FEA5001CDD19E4540F0A3
:105EF0001481062323706CE794F82C0094F82D305D
:105F0000984200F0C680E21891787D2900F09381D4
:105F100001332A207E294FEA5302A5FB02C24FEA31
:105F2000920200FB123384F82D3000F0D081238ED2
:105F3000002003EB01230C9960869BB2E0868B4224
:105F4000238640F2E280207003B0BDE8F08F94F821
:105F50002C0094F82D30984200F0AA80E218917835
:105F60007D2900F0868101332A207E294FEA5302E1
:105F7000A5FB02C24FEA920200FB123384F82D30D7
:105F800000F0958104232186237022E794F82C00E9
:105F900094F82D20904200F0B480A31899787D29C0
:105FA00000F0078101322A237E294FEA5200A5FB27
:105FB00000C04FEA900003FB102284F82D2000F06F
:105FC0008A8163788B420CBF03230023237000E790
:105FD000002394F82C1084F82E3094F82D30994238
:105FE0006AD0E21890787D2800F0008101332A21E0
:105FF0007E2884F82E004FEA5302A5FB02C24FEA26
:10600000920201FB123384F82D3055D00223237005
:10601000DFE694F82CC04FF02A0E94F82D305A1C6D
:106020009C4504EB03014FEA52033FF404AFA5FB88
:10603000030389789B087E290EFB1323DBB284F8C7
:106040002D30ECD101232370C3E6501C4FF02A0BF6
:1060500002324108A5FB01C189080BFB1101601840
:10606000C9B28A453FF442AF51088078A5FB01A12F
:106070007E2880F0200C4FEA91010BFB112284F85E
:106080002D207FF414AF9E453FF433AF01232370DE
:106090009FE60F9B0093012301934A460E9B4146C6
:1060A0002046FFF7F1FD00283FF4C5AE237890E6C7
:1060B0000F9B00930223EFE70F9B4A464146204681
:1060C0000093042301930E9BFFF7DEFD0028EDD122
:1060D00094F82E307E2BE9D0ADE600BF310CC330F2
:1060E00034D401080F9B0093052301930E9BFFF707
:1060F000CBFD94F82D2094F82C309A423FF49BAEBF
:1061000064E60F9B00930323C6E70523237060E634
:106110003FF4EFAEBCF17E0F94D0AEEB03030F9AC9
:1061200002330092B8E794F82E300D9A1370208E47
:1061300003B0BDE8F08F591C4FF02A0C4A08A5FBAC
:1061400002E292080CFB1212D1B28842B0D00233A4
:10615000224491785A08A5FB02027E294FEA920256
:106160000CFB123384F82D3000F0A18081F0200167
:1061700080E603F1010C2A204FEA5C02A5FB02E253
:10618000920800FB12C25FFA82FC614581D00233A3
:10619000224459089278A5FB01C17E2A4FEA910159
:1061A00000FB113384F82D3000F0918082F0200242
:1061B00036E6511C4FF02A0C4B08A5FB03E39B0865
:1061C0000CFB1313D9B288429BD0023223445008EF
:1061D0009B78A5FB00107E2B4FEA90000CFB102251
:1061E00084F82D2077D083F02001EAE603F1010C3A
:1061F0002A204FEA5C02A5FB02E2920800FB12C2D1
:106200005FFA82FC61453FF457AF02332244917834
:106210005A08A5FB02C27E2984F82E104FEA92028A
:1062200000FB123384F82D303FF446AF81F020019B
:1062300084F82E10EAE6591C4FF02A0C4A08A5FBF8
:1062400002E292080CFB1212D1B288423FF421AF55
:106250000233224491785A08A5FB02027E294FEAB4
:1062600092020CFB123384F82D3030D081F02001E3
:106270005DE6591C4FF02A0C4A08A5FB02E2920881
:106280000CFB1212D1B288423FF412AF0233224407
:1062900091785A08A5FB02027E294FEA92020CFB74
:1062A000123384F82D3002D081F020016AE60F9B72
:1062B0000093022301934A460E9B41462046FFF776
:1062C000E3FC00287FF4F2AE0123237081E50F9BED
:1062D00000930123EEE70F9B00930323EAE700BF3F
:1062E0000129844600B583B01FD002294FF0000E6B
:1062F00020D0002300206EF307036CF30F2361F31B
:10630000174362F31F635FFA83FCC3F30721C3F3F0
:1063100007421B0E6CF3070061F30F2062F3174076
:1063200063F31F6003B05DF804FB00F1010E5FFA38
:106330008EFEDEE780F0800EDBE700BF82B030B17A
:10634000030621D4421E4FF0010CD2B201E0844674
:106350000246002360F30703002062F30F236CF36F
:10636000174361F31F635FFA83FCC3F30721C3F391
:1063700007421B0E6CF3070061F30F2062F3174016
:1063800063F31F6002B0704780F080024FF0020C90
:10639000DFE700BF0023037480F8403080F844300A
:1063A00080F86030704700BF70B5037C04464BB185
:1063B000064600253046013502F0C2FF237C103628
:1063C000AB42F7D894F844305BB104F142060025A3
:1063D0003046013502F0BAFD94F844300236AB4243
:1063E000F6D894F840305BB104F118060025304629
:1063F000013503F051F894F840302836AB42F6D816
:1064000094F860305BB104F1480600253046013550
:1064100002F008FE94F860301836AB42F6D870BD32
:1064200010B5047C82B004F1010C80F810C000EBC0
:10643000041002F07BFF01222046114602B0BDE8A5
:106440001040FFF74DBF00BF10B584B08446282030
:106450009DF8184000949CF8404000FB04C004F1F3
:10646000010E18308CF840E002F0E0FF012202211A
:10647000204604B0BDE81040FFF732BF10B590F8D9
:10648000444082B0621C04F1210380F8442000EBF8
:10649000430002F057FD00220121204602B0BDE872
:1064A0001040FFF71DBF00BF10B584B08446182010
:1064B000069C00949CF8604000FB04C004F1010EAF
:1064C00048308CF860E002F087FD0022022120466F
:1064D00004B0BDE81040FFF703BF00BF037C8B4250
:1064E0008CBF00EB01100020704700BF90F84030D7
:1064F0008B4204D9282303FB010018307047002089
:10650000704700BF90F844308B4203D9213100EB33
:10651000410070470020704790F860308B4204D9EA
:10652000182303FB0100483070470020704700BF6C
:1065300090F8403083B170B5064600F1180500248C
:1065400000E040B12846013403F01AFA96F84030D2
:106550002835A342F5D870BD01207047F8B50E4626
:106560000421044615461F46FDF7A6FC01233146CB
:10657000204647EA030223752B4600F0D5F8204653
:10658000FDF7B0FCA84234BF00200120F8BD00BFD9
:106590002DE9F04104460D46042116469846FDF7C4
:1065A0008BFC2046FDF79EFC03288CBF01270027AB
:1065B00002D83846BDE8F081334642462046294697
:1065C00000F0C6F898F80030384603F0010203F0F6
:1065D000FE0388F800302275BDE8F08110F003005A
:1065E00018BFC0F10400704710B584B0012069469F
:1065F000F4F7D2F908499DE81500A0FB0103001942
:1066000001FB0231054A4FF0000341EBE471E9F769
:10661000CFFE04B010BD00BF00CA9A3B40420F003D
:1066200010B584B001206946F4F7B6F9064A00981F
:106630000299A0FB0203019C401802FB043343EBC8
:10664000E17104B010BD00BF00CA9A3BF0B587B03D
:10665000072700251C460646CDE902210C9ACDE904
:1066600000750432FFF752F880F00102D2B2A27531
:1066700012B1284607B0F0BD05AA02993046FFF7CF
:1066800081F905A90546204600F0F8FEA669E769EC
:106690002046D4E90121521AFDF7F2FB20463A4682
:1066A0003146FDF7C1FB284607B0F0BDF0B51646F0
:1066B00083B004460D460193089FFCF735FC314634
:1066C0002046FCF731FC019A01212046FCF7D8FC5A
:1066D0002B0601D503B0F0BD04223946204603B095
:1066E000BDE8F04002F0F2BAF0B5164683B00446B9
:1066F0000D460193089FFCF72DFC31462046FCF720
:1067000029FC019A01212046FCF7AEFD95F90030E5
:10671000002B01DA03B0F0BD04223946204603B055
:10672000BDE8F04002F036BB30B5154683B00446F4
:106730000193FCF7F9FB29462046FCF7F5FB019A8B
:106740000121204603B0BDE83040FCF799BC00BFF2
:1067500030B5154683B004460193FCF7FBFB294690
:106760002046FCF7F7FB019A0121204603B0BDE863
:106770003040FCF779BD00BF2DE9F84304220E46F6
:10678000054602F0A3FA07460222311D284602F010
:106790009DFA38400222B11DC7B2284602F096FA8F
:1067A0000422074006F10801284602F08FFA07404C
:1067B000317B2846FCF7B8FB717B07402846FCF785
:1067C00085FB737B07EA00083BB9B18B2846FCF7D1
:1067D000D7FB08EA0000BDE8F88331692846FCF7DA
:1067E000B9FD3369E3B1C0B137464FF0000900E0AD
:1067F0009CB17969284602F08DFBB96904462846A8
:1068000002F088FB09F10109336904400837994512
:10681000E4B2EDD308EA0408D7E74FF00008D4E764
:1068200008EA0008D1E700BF2DE9F84304220C462E
:10683000054602F0AFFA07460222211D284602F063
:10684000A9FA38400222A11DC6B2284602F0A2FAD7
:106850000422064004F10801284602F09BFA064093
:1068600004F10C012846FCF775FB04F10D0106EA62
:1068700000072846FCF740FB637B07403BB904F167
:106880001C012846FCF77CFC3840BDE8F88304F185
:1068900010012846FCF78EFE2369012B03D9012342
:1068A0000027AB75EBE70BB3F0B1A0464FF0000942
:1068B00000E0CEB1D8F8141008F108084FF40072C7
:1068C000284602F037FBD8F8101006464FF4007245
:1068D000284609F1010902F02DFB2369064099457C
:1068E000F6B2E6D33740CAE70027C8E70740C6E755
:1068F0002DE9F84304220F46054602F0E7F9044665
:106900000222391D284602F0E1F920400222B91D79
:10691000C4B2284602F0DAF9397A04402846FCF776
:10692000D5FA3B7A00EA040813B94046BDE8F8837B
:10693000F9682846FCF70EFDFB6803B3D0B13E466C
:106940004FF0000900E0ACB13169284602F0E2FAEC
:1069500071690446284602F0DDFA09F10109FB6875
:10696000044008369945E4B2EDD308EA04084046ED
:10697000BDE8F8834FF000084046BDE8F88308EA18
:106980000008D2E770B50D4609780646FCF7CCFA48
:10699000044630B12B78022B0CD0032B10D0012BE6
:1069A00008D0022205F50271304602F08FF920402E
:1069B000C0B270BD6968304602F0ACFA0446F0E738
:1069C0002946304651F8042F043102F077FA044684
:1069D000E7E700BF70B50B780C460546013B0D2B71
:1069E00054D8DFE803F030071B1B07070707530CD9
:1069F0000C0C4E490431BDE87040FFF7C3BF097964
:106A0000FCF792FAE8B12379012B01D0022B3DD19A
:106A1000A1682846BDE8704002F07CBA0979FCF70D
:106A200083FA064620B12379022B39D0032B2FD0CD
:106A3000022204F50371284602F048F93040C0B242
:106A400070BD002070BD0979FCF76EFA064658B19A
:106A50002379022B03D0032B28D0012B04D1A1686A
:106A6000284602F057FA0646B4F90C122846FCF7FD
:106A700097FF3040C0B270BD0431BDE87040FFF7F1
:106A80007BBE0431BDE87040FFF732BF012070BD0E
:106A9000A26804F10C01284602F010FA0646C7E786
:106AA000A168284602F036FA0646C1E7A26804F15A
:106AB0000C01284602F002FA0646D5E770B50646F4
:106AC0000D46FCF747FA044630B12B78022B0CD068
:106AD000032B12D0012B08D0022205F5027130469B
:106AE00002F058F92040C0B270BD4FF400726968DE
:106AF000304602F01FFA0446EEE72B1D4FF40072F9
:106B000005F10801304602F0EBF90446E4E700BF66
:106B100070B50D4609780646FCF7D8F92B7804467F
:106B20004BB9297A3046FCF7D1F92B7A0440E4B20C
:106B300043B9204670BD6968304602F0EBF9044065
:106B4000E4B2EEE7E968304602F0E4F9044020469A
:106B500070BD00BF70B50D460646096802F0DAF94F
:106B6000044629793046FCF7B1F92B790440E4B2A8
:106B700043B9297B3046FCF7A9F92B7B04403BB98C
:106B8000204670BDA968304602F0C4F90440F0E721
:106B90002969304602F0BEF90440E4B2204670BDD7
:106BA0002DE9F0410C4609780646FCF78FF9237869
:106BB00005466BB994F828103046FCF787F994F82D
:106BC00028300540EDB2002B69D12846BDE8F081A0
:106BD00061683046FCF7BEFB6368002B6BD0002871
:106BE00067D0A168304602F095F96368012B53D94C
:106BF00000285ED0E168304602F08CF96368022B11
:106C00004AD9002855D02169304602F083F96368DB
:106C1000032B41D900284CD06169304602F07AF943
:106C20006368042B38D9002843D0A169304602F0AC
:106C300071F96368052B2FD900283AD0E1693046F5
:106C400002F068F96368062B26D990B3216A3046B2
:106C500002F060F96368072B1ED950B3616A3046B1
:106C600002F058F96368082B16D910B3A16A3046B0
:106C700002F050F96368092B0ED9D0B104F12C0849
:106C8000092700E0A8B158F8041B304602F042F989
:106C9000013762689742F5D30540EDB28AE7E26AB0
:106CA00004F13001304602F009F905402846BDE8FC
:106CB000F08100257EE72840C5B27BE770B50D4620
:106CC00009780646FCF702F92B7804464BB9297A75
:106CD0003046FCF7FBF82B7A0440E4B243B9204677
:106CE00070BD6968304602F015F90440E4B2EEE781
:106CF00005F10C013046FFF753FF0440204670BDFC
:106D00002DE96843884681460988FCF739F906462B
:106D100098F802104846FCF7D9F898F80230064077
:106D2000F5B2EBB998F806104846FCF7CFF898F89A
:106D3000063005407BBB98F80C104846FCF7C6F8B7
:106D400098F80C300540F3B998F814104846FCF751
:106D5000BDF898F8143005404BB92846BDE8688363
:106D6000B8F804104846FCF70BF90540DAE7D8F804
:106D7000182008F11C01484602F0A0F82840C5B2CE
:106D80002846BDE86883D8F810104846FCF7E2FAB8
:106D90002840C5B2D8E7D8F808104846FCF7DAFA18
:106DA0002840C5B2C7E700BFF8B502220C46064628
:106DB00001F08CFF0546A1783046FCF787F8A378F0
:106DC0000540EDB20BB92846F8BD04F10801304684
:106DD000FFF796FF074694F82C103046FCF776F83C
:106DE00094F82C303840C7B25BB994F8381030466C
:106DF000FCF76CF894F8383007404BB93D40284612
:106E0000F8BDD4E90C233046FCF7FAFC0740ECE768
:106E1000E16B304602F07EF80740FFB2EEE700BFBC
:106E200070B505460E46FCF795F868B13378044610
:106E3000013B0D2B09D8DFE803F0410A23230A0A9E
:106E40000A0A081010105C560024204670BD311D3F
:106E50002846BDE87040FFF731BE311D2846FCF7DB
:106E600079F80028F0D03379012B01D0022BECD136
:106E7000B16828464FF40072BDE8704002F05AB87D
:106E8000311D2846FCF766F8044670B13379022BB1
:106E90004CD0032B09D106F108034FF4007206F120
:106EA0000C01284602F01CF80446022206F5037184
:106EB000284601F06FFF2040C4B2C6E7311D2846C6
:106EC000FCF748F8044630B13379022B36D0032B57
:106ED0003CD0012B32D006F503712846FCF7E0FDCB
:106EE0002040C4B2B1E7311D2846BDE87040FFF72D
:106EF0009BBC04222846B11801F04CFF0446022234
:106F000006F10801284601F045FF0440022206F17F
:106F10000A012846E4B201F03DFF034606F10C01E8
:106F200028461C40FBF7E8FF04408EE74FF4007250
:106F3000B168284601F0FEFF0446B6E74FF4007240
:106F4000B168284601F0F6FF0446C4E706F10803DD
:106F50004FF4007206F10C01284601F0C1FF04460F
:106F6000B9E700BF70B5022205460E4601F012FFD8
:106F7000022204462846B11801F00CFF2040C0B29E
:106F800070BD00BF2DE9F0470E4609788046FBF73B
:106F9000CBFF074638B13378062B00F081800D2BEC
:106FA00014D0052B02D03846BDE8F087B6F908109A
:106FB0004046FCF7F5FC07464046D6E90423FCF7BB
:106FC0001FFC3840C7B23846BDE8F087B6F9081054
:106FD0004046FCF7E5FCF16807464046FCF7BAF985
:106FE000F368002BEDD018B306F10C09002404EB74
:106FF000440506EBC505297C4046FBF795FF4FEAA3
:10700000440A04EB4401002851D02B7CC900032B17
:1070100054D8DFE803F033210F0249444046896821
:1070200001F078FF0134F268944244D20028DED1A6
:107030000027B8E70831A24410224046494406EB35
:10704000CA0A01F043FE0546DAF824104046FCF770
:1070500081F92840C0B2E5E70831A2440422404645
:10706000494406EBCA0A01F031FE0546BAF8181089
:107070004046FBF785FF2840C0B2D3E70831A24461
:1070800002224046494406EBCA0A01F01FFE0546AB
:107090009AF816104046FBF747FF2840C0B2C1E7F8
:1070A000B6F908104046BDE8F047FCF779BC01345A
:1070B000F268A242BCD80740FFB274E70134F3681B
:1070C00018359C4297D36EE72DE9F041022206461F
:1070D0000F4601F05FFE022205463046B91801F066
:1070E00059FE8046391D3046FBF734FF05EA080596
:1070F0000446791D30462C40FBF72CFF2040C0B2DF
:10710000BDE8F081F8B50E4607460978FBF70CFF9D
:10711000044671783846FBF707FF0440B1783846DB
:10712000FBF7D4FEB378E4B2044043B9317A384671
:10713000FBF7CCFE337A04403BB92046F8BD7168BA
:10714000384601F0E7FE0440F0E771893846FBF766
:1071500017FF0546B1893846FBF712FF0540F18954
:107160003846EDB2FBF70CFF318A2540044638461D
:107170002540FBF705FF00EA05042046F8BD00BFE7
:10718000FFF7FABAF8B5022207460E4601F09EFD57
:10719000022205463846B11801F098FD31790446BF
:1071A0003846FBF7C1FE70B133792C40013BE4B2A5
:1071B0000D2B09D8DFE803F04C0A23230A0A0A0A38
:1071C00008121212453E00242046F8BD06F10801BF
:1071D0003846FFF7D7FB04402046F8BD317A3846E1
:1071E000FBF7A2FE0028EED0337A012B01D0022B50
:1071F000EAD1F168384601F08DFE0440E4E7317AC7
:107200003846FBF791FE054658B1337A022B34D04D
:10721000032B06D1F26806F11001384601F04EFE4C
:107220000546022206F50471384601F04FFD28405C
:107230000440C9E706F108013846FFF79DFA04400B
:10724000C2E706F108013846FFF752FB0440BBE7EE
:10725000317A3846FBF768FE054630B1337A022BA7
:1072600011D0032B15D0012B0DD0B6F910123846D2
:10727000FCF796FB28400440A6E7F168384601F089
:1072800049FE0546CDE7F168384601F043FE054664
:10729000EBE7F26806F11001384601F00FFE0546F3
:1072A000E3E700BF70B5022205460E4601F00EFD71
:1072B000022204462846B11801F008FD0346716811
:1072C00028461C40FCF746F8E4B2204070BD00BFE1
:1072D00070B5022205460E4601F05CFD022204460E
:1072E0002846B11801F056FD0346311D28461C40C2
:1072F000FCF760F9E4B2204070BD00BF70B5022217
:1073000005460E4601F0E2FC022204462846B1186A
:1073100001F0DCFC2040C0B270BD00BF2DE9F84395
:107320000E460546FBF716FE0446711C2846FBF781
:1073300011FE042281462846B11801F02BFD06F10A
:10734000080180460222284601F024FD04EA0903D0
:1073500007460222DBB206F10A01284603EA0804C6
:1073600001F018FD034628463C4006F10C011D467D
:10737000FBF7C2FD25402840BDE8F8832DE9F04128
:10738000022206460F4601F005FD02220546304660
:10739000B91801F0FFFC8046391D3046FBF7DAFDD5
:1073A00005EA08050446791D30462C40FBF7D2FD5E
:1073B0002040C0B2BDE8F0812DE9F04102220C4628
:1073C000054601F083FC022280462846A11801F000
:1073D0007DFC074621792846FBF7A6FD08EA070849
:1073E00006466179284606EA0806FBF79DFD217AE4
:1073F0003040C7B22846FBF769FD237A06466BB9D1
:1074000094F81C122846FBF761FD94F81C323040BA
:10741000C6B283B906EA0700BDE8F081217B2846A1
:10742000FBF782FD88B104F10C012846FFF7D2FA80
:107430003040C6B2E4E704F508712846FFF7A2FD24
:10744000064006EA0700BDE8F0810646D8E700BF1F
:1074500070B5022205460E4601F038FC02220446B1
:107460002846B11801F032FC0346311D28461C4065
:10747000FFF748FEE4B2204070BD00BF70B50222A5
:1074800005460E4601F022FC022204462846B118A9
:1074900001F01CFC2040C0B270BD00BF70B50C46AE
:1074A00005460E4634F8021BFBF76AFD0222214610
:1074B0000446284601F00AFC0346317928461C4060
:1074C000FBF732FDE4B2204070BD00BF70B50E4640
:1074D0000546FBF755FE022204462846B11801F086
:1074E00059FC0346311D28461C40FBF733FDE4B22E
:1074F000204070BD70B50D4606460988FBF740FD7B
:10750000698804463046FBF73BFD0346297930463F
:107510001C40FBF709FDE4B2204070BD70B50E467B
:107520000546FBF72DFE0446B11C2846FBF728FE56
:107530000346311D28461C40FBF70CFDE4B22040F9
:1075400070BD00BF2DE9F0410E460546FCF7B4FBC7
:107550000746311D2846FCF72DF8804606F1080144
:107560002846FCF7A9FB07EA0807044606F10C01C8
:1075700028463C40FCF71EF806F11001044028465E
:10758000FCF79AFB0346E4B228461D4606F11401B7
:10759000FCF710F82C402040BDE8F0812DE9F041C7
:1075A00004460D460C2201F091FB032205F10C016B
:1075B0000746204601F08AFBE97B80462046FBF720
:1075C000B3FC296906462046FCF7DEFA07EA0807FD
:1075D000034620463E4069691C46FBF7BBFE34402B
:1075E0002040C0B2BDE8F0812DE9F04104460D46CF
:1075F0000C2201F0CFFB032205F10C0107462046C7
:1076000001F0C8FB05F10F0180462046FBF7A2FC04
:1076100005F1100106462046FCF74EFB07EA080775
:10762000034620463E4005F114011C46FBF7C2FF0D
:1076300034402040C0B2BDE8F08100BF002839D0FE
:1076400070B50446006880B30E461546F7F764F837
:1076500030B320680430F7F75FF808B320680830CB
:10766000F7F75AF8E0B120680C30F8F7A5F8B8B190
:1076700020681030F8F7A0F890B1CDB1C6B12A4615
:1076800031462068F7F700F848B10A2807D040F2E1
:10769000F51240F6370390420CBF1846012070BD2A
:1076A000F9F7AEF940F6360070BD40F6360070BD11
:1076B0000B2070BD40F63600704700BF90B370B528
:1076C0000446006848B30E461546F7F725F8F8B1AA
:1076D00020680430F7F720F8D0B120680830F7F7B9
:1076E0001BF8A8B120680C30F8F766F880B1206864
:1076F0001030F8F761F858B195B18EB120682A467C
:1077000031460830F6F788FF003818BF012070BDF9
:10771000F9F776F940F6360070BD40F6360070BDD8
:107720000B2070BD40F63600704700BF00283AD0ED
:1077300070B50446006888B30E461546F6F7ECFFB0
:1077400038B320680430F6F7E7FF10B3206808303C
:10775000F6F7E2FFE8B120680C30F8F72DF8C0B179
:1077600020681030F8F728F898B1D5B1CEB120686C
:107770002A4631460830F6F787FF48B10A2807D075
:1077800040F2F51240F6370390420CBF1846012034
:1077900070BDF9F735F940F6360070BD40F6360099
:1077A00070BD0B2070BD40F63600704700283AD0FF
:1077B00070B50446006888B30E461546F6F7ACFF70
:1077C00038B320680430F6F7A7FF10B320680830FC
:1077D000F6F7A2FFE8B120680C30F7F7EDFFC0B173
:1077E00020681030F7F7E8FF98B1D5B1CEB1206826
:1077F0002A4631460430F6F747FF48B10A2807D039
:1078000040F2F51240F6370390420CBF18460120B3
:1078100070BDF9F7F5F840F6360070BD40F6360059
:1078200070BD0B2070BD40F636007047002838D080
:1078300030B50446006891B078B30D46F6F76CFF9A
:1078400028B320680430F6F767FF00B320680830DB
:10785000F6F762FFD8B120680C30F7F7ADFFB0B192
:1078600020681030F7F7A8FF88B1EDB12068002339
:107870006A4629460C30F7F743FF60B140F2911396
:10788000984214D00A2818BF012011B030BDF9F772
:10789000B7F840F6360011B030BD40F6360011B0F2
:1078A00030BD40F6360070470B2011B030BD40F6B9
:1078B0003700F0E7002848D0F8B50C4600293CD046
:1078C00005460868002838D017461E46F6F724FFFC
:1078D000B0B320680430F6F71FFF88B32068083083
:1078E000F6F71AFF60B320680C30F7F765FF38B37E
:1078F00020681030F7F760FF10B32168284601F5C3
:10790000E272F8F791FDB8B92168284601F5E472F2
:107910000431F8F789FD78B92168284601F5E67247
:107920000831F8F781FD38B92168284601F5E87279
:107930000C31F8F729FA58B1F8BD40F63600F8BD19
:10794000F9F75EF840F63600F8BD4FF46170704705
:107950002168284601F5EA721031F8F715FA002877
:10796000EAD11FB12368D3F8C4313B60002EE3D0C5
:107970002368D3F8D0313360F8BD00BF002850D061
:107980002DE9F8430C4600293ED00546086800283A
:107990003AD016461F46F6F7BFFE002838D02068BA
:1079A0000430F6F7B9FE002832D020680830F6F728
:1079B000B3FE68B320680C30F7F7FEFE40B32068D2
:1079C0001030F7F7F9FE18B3DDE90932002A18BFC5
:1079D000002B089B0CBF01210021002B08BF41F0A8
:1079E0000101002F08BF41F00101B9B9B6B1236808
:1079F0006C68D3E974218A42104638BF0846844235
:107A000012D80120BDE8F88340F63600BDE8F883BF
:107A1000F8F7F6FF40F63600BDE8F8830B20BDE826
:107A2000F8834FF461707047D3E9718ED3F8CCC1FD
:107A3000F0454046EC6938BF7046604538BF604647
:107A40008442DED9D5F818902D6859F8280055F8E9
:107A5000214055F82250181A59F82C2003F10C0C2B
:107A600059F82E10B0FA80F0A5EB0C054009B5FAD4
:107A700085F56D09357003F11005641B089DB4FA96
:107A800084F464093C701C1D08332870091B002015
:107A9000D31A099AB1FA81F1B3FA83F349095B0960
:107AA00011700A9A1370B1E7002839D070B50446F6
:107AB000006880B30E461546F7F736FD30B32068F0
:107AC0000430F7F731FD08B320680830F7F72CFDD4
:107AD000E0B120680C3000F09FFDB8B12068103094
:107AE00000F09AFD90B1CDB1C6B12A46314620686A
:107AF000F7F7C2FC48B10A2807D040F2592240F6F5
:107B0000990390420CBF1846012070BDF8F778FF2A
:107B100040F6980070BD40F6980070BD0B2070BD17
:107B200040F69800704700BF90B370B504460068F7
:107B300048B30E461546F7F7F7FCF8B12068043055
:107B4000F7F7F2FCD0B120680830F7F7EDFCA8B1E8
:107B500020680C3000F060FD80B12068103000F02B
:107B60005BFD58B195B18EB12A4631462068F7F7D2
:107B7000C3FC10B1022818BF012070BDF8F740FF08
:107B800040F6980070BD40F6980070BD0B2070BDA7
:107B900040F69800704700BF00283AD070B5044600
:107BA000006888B30E461546F7F7BEFC38B3206868
:107BB0000430F7F7B9FC10B320680830F7F7B4FCCD
:107BC000E8B120680C3000F027FDC0B1206810300B
:107BD00000F022FD98B1D5B1CEB120682A463146D9
:107BE0000830F7F749FC48B10A2807D040F259227B
:107BF00040F6990390420CBF1846012070BDF8F77B
:107C0000FFFE40F6980070BD40F6980070BD0B2056
:107C100070BD40F69800704700283AD070B5044611
:107C2000006888B30E461546F7F77EFC38B3206827
:107C30000430F7F779FC10B320680830F7F774FCCC
:107C4000E8B120680C3000F0E7FCC0B120681030CB
:107C500000F0E2FC98B1D5B1CEB120682A46314699
:107C60000430F7F709FC48B10A2807D040F259223E
:107C700040F6990390420CBF1846012070BDF8F7FA
:107C8000BFFE40F6980070BD40F6980070BD0B2016
:107C900070BD40F69800704798B370B50446006810
:107CA00050B30E461546F7F73FFC00B3206804308A
:107CB000F7F73AFCD8B120680830F7F735FCB0B1D7
:107CC00020680C3000F0A8FC88B12068103000F06B
:107CD000A3FC60B19DB196B120682A4631460430BC
:107CE000F7F70AFC10B1022818BF012070BDF8F7A1
:107CF00087FE40F6980070BD40F6980070BD0B20DE
:107D000070BD40F69800704700284DD070B50C4605
:107D100059B10546086840B11646F7F705FC20B191
:107D200020680430F7F700FC10B940F6980070BDE9
:107D300020680830F7F7F8FB0028F6D020680C30F0
:107D400000F082FC0028F0D02068103000F07CFCAD
:107D50000028EAD02168284601F5EE72F8F790FB7A
:107D60000028E4D12168284601F5F0720431F8F7C3
:107D700087FB0028DBD12168284601F5F272083123
:107D8000F8F77EFB0028D2D12168284601F5F4726D
:107D90001431F8F719FB0028C9D1002EC7D0236889
:107DA000D3F8DC31336070BD4FF46170704700BFB1
:107DB000002867D02DE9F0410C4661B105460868FE
:107DC00048B116469846F7F7AFFB20B1206804305B
:107DD000F7F7AAFB18B940F69800BDE8F0812068D3
:107DE0000830F7F7A1FB0028F5D020680C3000F030
:107DF0002BFC0028EFD02068103000F025FC002874
:107E0000E9D0DDE90623002A18BF002B0CBF0121B1
:107E10000021B8F1000F08BF41F00101A9BBA6B3D2
:107E2000216800202C69D1F8E8212F6A54F822201B
:107E3000D1F8DC41D1F8E03157F8244057F823500D
:107E4000641AD1F8E431B4FA84F457F823306409A1
:107E500034700C1D2C1BB4FA84F4640988F80040BB
:107E600001F108041B1B069CB3FA83F35B09237022
:107E700001F11403D31A079AB3FA83F35B09137061
:107E8000BDE8F0814FF4617070470B20BDE8F081D0
:107E90000220704703207047042070470620704777
:107EA00005207047C2B2062A10D804290ED800EB6C
:107EB000800210B45318064C54F8233013B15DF807
:107EC000044B184700205DF8044B704700207047B2
:107ED00034D6010810B5074C864684460FCCACE872
:107EE0000F000FCCACE80F0023687046CCF80030D0
:107EF00010BD00BFC0D60108D0B18446D0F809003B
:107F000000B587B0DCF80D10DCF81120DCF8153076
:107F10000DF1080EAEE80F00DCF804000CF1400291
:107F200002A91030FFF7CAFB20B907B05DF804FBC7
:107F30000B2070470190F8F763FD019807B05DF8DA
:107F400004FB00BF60B1836843B1196800228160FF
:107F50001A72C1681A629A841960C3601846704721
:107F60000346FBE780B179B1C36899420DD02BB1CC
:107F70001A68914203D01346002BF9D170470A6862
:107F80001A6083680B60816070470B68C360F8E714
:107F900038B581B178B1C4680D4614B909E02468D8
:107FA0003CB104F109001022294602F02DFE002800
:107FB000F5D1204638BD0024204638BD40B1C06808
:107FC00010B905E0006818B190F908308B42F9D17A
:107FD000704700BF40B1C06810B905E0006818B133
:107FE00090F90830032BF9DD704700BF70B1C0680D
:107FF00060B110B401E0006828B1D0E90A419942AB
:1080000008BF9442F7D15DF8044B7047704700BF3A
:1080100070B1C06860B110B401E0006828B1D0E967
:108020001041994208BF9442F7D15DF8044B704764
:10803000704700BF70B1C06860B110B401E0006863
:1080400028B1D0E91641994208BF9442F7D15DF8B2
:10805000044B7047704700BF40B1C06810B905E0DD
:10806000006818B190F82030002BF9D0704700BF9D
:1080700040B1C06810B905E0006818B190F823302D
:10808000002BF9D0704700BF98B100220B4600F1D9
:10809000280110B5446886B004F110000592CDE9BE
:1080A000032203AA8DF80C30FFF73EFD18B906B085
:1080B00010BD0B2070470190F8F7A2FC019806B0A4
:1080C00010BD00BF0000000010B310B590B0044612
:1080D00006A8FFF7FFFE0023D4F80900EC46D4F809
:1080E0000D10D4F811208DF81830D4F81530CDF8D3
:1080F0001CD0ACE80F009FED087B606806AA04F175
:10810000580110308DED087BFFF7C6FD10B010BD93
:108110000B207047AFF30080010000000100000059
:1081200082B030B58BB00EAC84E80C0088B1044648
:1081300001A80D46FFF7CEFE01AA0EA904F110001A
:108140008DF80450FFF7A8FD0BB0BDE8304002B039
:1081500070470B200BB0BDE8304002B0704700BF45
:108160000B280DDC002809DB0B2807D8DFE800F01E
:1081700007060607060606060606070701207047DB
:10818000CB2818BF0120704730B5002383B000937F
:10819000D0B1044669461548F8F702FC024610B112
:1081A000012003B030BD009B8BB118780028F8D0B7
:1081B00001A91846019201F05DFE054650B1431C2D
:1081C0000DD000202560ECE70B2003B030BD184631
:1081D00003B030BD019B1B78002BF2D0E0E702F02A
:1081E0002BFE0368222BECD1DAE700BFE4D60108AE
:1081F0002DE9F04F8DB098461B9B0792002B18BFBE
:10820000B8F1000F0CBF01230023002A08BF43F080
:108210000103002908BF43F00103002B3DD1B0FA50
:1082200080F204465209002837D00F460BA900F00F
:1082300015FA054668BB0B9B002B37D102460BA9EC
:108240003846FAF791FD68BB0B9B002B33D12A46C9
:108250000BA90798FAF76AFD20BB0B9D002D40F093
:10826000A2807B21204602F001FD2378814620BBBD
:108270002F2B22D119AB93E8030016AB8DE8030036
:1082800020460ECBF8F722FD00281B9B08BF0A25CD
:10829000186028460DB0BDE8F08F0B2528460DB0BC
:1082A000BDE8F08FFFF75CFF0546F2E7672528463B
:1082B0000DB0BDE8F08FC925EBE77E2B75D0B9F185
:1082C000000F00F0C2800023A2461E4608955546C6
:1082D0000994B2464C46DDF81CB0002C00F0AE808C
:1082E0007D21284602F0C2FCA0EB04092146694822
:1082F00009F10106324602F0C6FC002851D0324690
:108300002146654802F0BFFC28B132462146634849
:1083100002F0B9FC38BBD94618AB93E8070016AB9E
:108320008DE80700204631460CCBF8F7F1FC0446F7
:10833000002800F0A3804A46284616AB2146F8F7ED
:10834000C5FB1A990546179B204698475046179B30
:108350001A999847002D6CD07B21284602F086FCA4
:10836000AA460446B9E709F1FF32611C4046F8F716
:10837000E7FD81460028CFD11B9B18AA692518600C
:1083800016AB07CA8DE80700314620460CCBF8F73C
:10839000BFFC1A99179B9847179B1A995046984704
:1083A00077E7B946B8E7CA2573E7079E3046E7F78F
:1083B000F7FF3B4A3B4B0396012818BF134604972F
:1083C00002931A9B0093631C05934FF4006301937F
:1083D00016AB0FCBF8F740FB064650B3B9F1000FD0
:1083E00005D07B21B24602F041FC81466EE733782E
:1083F0002F2B1BD0079C2046E7F7D2FF4FF40063DA
:10840000294A01931A9B04960093284B0394012850
:1084100018BF1346029316AB0FCBF8F71DFB0346AC
:10842000179A30461A991E46904716B11B9B1E603C
:108430002FE700231B9A0A2513602AE75346564666
:10844000DDE90854002BD2D123782F2B1ED0079EB4
:108450003046E7F7A5FF1A9A4FF400630396049499
:10846000CDE90023104A114B012818BF134602938F
:1084700016AB0FCBF8F7F0FA0646D6E7DDE91A128D
:108480005046179B14600A25984702E700231E46B2
:10849000CCE700BFFCD6010804D701080CD70108BF
:1084A000F4D60108ECCF0108F0CD0108E8CD0108B1
:1084B00000280CBF0B200020704700BF034A034672
:1084C00092E8030083E803001846704718D70108B4
:1084D00082B02DE9F04186B004460E4615460DF1F6
:1084E000300C0DF1040E4CF8043FBCE80F00AEE870
:1084F0000F00DCF8003001A8CEF80030F8F79EF944
:1085000080F00103DBB23BBB34B3D4F80480B8F194
:10851000000F1AD105B32846F6F754F9F0B1019BC4
:108520001C20059998470746606020B3C6B10660D5
:1085300080F8048001AC07F1080C00250FCCACE8F2
:108540000F002368CCF8003000E06425284606B010
:10855000BDE8F04102B070470B25F7E76525F5E768
:108560002868283000F074FA386067683E6826B1E1
:1085700001233B71DEE70A25E8E7029B38460599AF
:10858000012598476660E1E770B582B0F0B14368B5
:10859000044663B11868DE68996960B11D7965B9F0
:1085A0001846B04700232846636002B070BD1D46E0
:1085B000284602B070BD0546F2E7019100F05EFA70
:1085C000051E6368019918BF0125E9E70B252846B8
:1085D00002B070BDF0B587B006460B4C6846F8F7A0
:1085E0001FF9EE46A44625463446BEE80F00ACE827
:1085F0000F000FCDDEF800700FC43046CCF80070CD
:10860000276007B0F0BD00BFBCFA012410B140687C
:1086100000B10068704700BFA0B1036810B5044600
:1086200073B1D3F8C4205AB1D3F8C000F6F7CAF832
:1086300030B12368D3F8C400003818BF012010BD42
:10864000002010BD0020704730B1006820B1D0F884
:10865000C400003818BF0120704700BF002800F098
:1086600089802DE9F0470E46002900F085800446F8
:108670001746E7F795FEB0B194F800E0DFF860C167
:108680001CF80E3013F0040339D100F1FF3814F850
:1086900008202F2A0FD102223260A7B31846C7F84C
:1086A0000080BDE8F0870123336067B300231846DC
:1086B0003B60BDE8F08704F1FF3A1D4619461AF801
:1086C000012FA2F13009B9F1090F1FD922F02009B9
:1086D000A9F14109B9F1190F18D95F2A24D02F2A1D
:1086E00058D07E2A4AD07B2A5BD07D2A69D1002DC2
:1086F0005CD10523336037B100203960D9E704230A
:108700003360002FD2D10020BDE8F0871CF8022092
:10871000520709D500290CBF002205F001021AB149
:108720004D1E9D4231D0154601318842C7D1002DE2
:1087300042D1284601230CE0BEF17E0F01D1012871
:1087400047D05A1C8B4200F1010004F1010413468A
:108750002ED28045F5D022782F2AEDD162781CF8F0
:1087600002205207EDD504223260002FCBD000202A
:108770003B609EE70B2070470B209AE70029D3D07F
:1087800006233360002FB7D1BDE709233360002FE4
:10879000B2D1B8E7002DC7D008233360002FABD18A
:1087A000B1E7002DF8D10B460125BDE70025BBE759
:1087B0000023184633607CE705223260002FD6D1B3
:1087C000A1E7002D14BF082303233360002F93D1AA
:1087D00099E707233360002F95D00123C7E700BF37
:1087E000FDD7010828B370B504464068E0B104F134
:1087F0000800F8F723F8C0B12368C3B1002560680A
:108800002E4650F82500E368A1699847D4E9003066
:1088100040F8256001359D42F3D3E368A16998478C
:1088200000231846C4E9003370BD0B2070BD60689A
:10883000F3E70B20704700BF82B002B0704700BF63
:10884000234A2DE9F041126894B01A9EBDF86C508D
:1088500013911293C2B3BDF84C109DF84E0001E085
:1088600052688AB39468A38A8B42F9D1A37D83426C
:10887000F6D1482204F13001684602F012FB04F1FF
:10888000280320460CCBF9F745FF0746E0B1D0F8A6
:1088900008802A46304608F1100100F07BFA30B912
:1088A00039460C4814B0BDE8F04100F0BDB8C8F836
:1088B0001448C8F8105800F067F908F5026205235B
:1088C00042E9020188F8203814B0BDE8F08100BF09
:1088D00088FA012478FA012424482DE9F04100683F
:1088E00094B01A9EBDF86C70139100283BD01D46C1
:1088F00001E04068B8B38468218B9142F9D14822E5
:1089000004F12801684602F0CCFA04F12003204665
:108910000CCBF9F7FFFE804628B33046D8F8086044
:108920003A4606F1100100F035FA30B941461048D8
:1089300014B0BDE8F04100F077B80FCD06F6280C72
:10894000C6F81448C6F81078ACE80F0095E80300A4
:108950008CE8030000F018F906F50262032342E9EF
:10896000020186F8203814B0BDE8F08158FA0124DD
:1089700078FA012422482DE9F041006894B01A9E4B
:10898000BDF86C701391B8B31D4601E0406898B310
:108990008468218B9142F9D1482204F1280168466C
:1089A00002F07FFA04F1200320460CCBF9F7B2FE67
:1089B000804608B33046D8F808603A4606F1100100
:1089C00000F0E8F930B941460E4814B0BDE8F04176
:1089D00000F02AB80022C6F81448C6F81078C6F885
:1089E0002C28C6F8285800F0CFF806F502620423B8
:1089F00042E9020186F8203814B0BDE8F08100BFDA
:108A0000C8A3012478FA01240346406858B142689B
:108A10005A600AB1002111601A68426002B1106008
:108A200000220260186070470B680BB14A685A60F8
:108A30004A6802B1136003688B42436808BF026052
:108A40004B6003B1196000230B604160704700BFA9
:108A500038B505460848FFF7D7FF034648B1846894
:108A60000023E5612374F8F7AFFB04F11403C4E9B4
:108A70000504184638BD00BF18FA012408B5084B94
:108A8000196811B90AE0496841B18B6814339842FA
:108A9000F9D10348FFF7C8FF002008BD012008BD39
:108AA00018FA01242DE9F041054684B022480F460A
:108AB0001646FFF7A9FF0446002839D02B6902218A
:108AC000846803F58053DFF87880B3F89605421C7C
:108AD000C4E90565A3F89625FBF760FC3C222061FC
:108AE00041463846F9F778FFF0B1144F304664221A
:108AF0003946F9F743FFB8B1286906216B69D0F808
:108B0000842300F52870CDF80080CDE9017111684B
:108B10002269FBF7A7FA02462869D0F88C33D0F80F
:108B20008413F9F7F7FE18B920460024F9F7E6FD9B
:108B3000204604B0BDE8F08198FA01240CFB012422
:108B4000D0FA012438B58569DDB104462869D0F82A
:108B5000883300F5287022691968FBF705FA024688
:108B60002869D0F88813D0F89033F9F7D3FE03467C
:108B70002046002B14BF00240224F9F7BFFD204635
:108B800038BD0124204638BD054B1B6823B19868C9
:108B900000F52870FBF77CBF00200021704700BF64
:108BA00068FA01242DE9F041056804460E4628467E
:108BB000E7F796FBC8B1114B1B689D4212D1D4F860
:108BC0000480D8F800406CB1D8F808500027043D64
:108BD000314655F8040FE7F783FBBB0040B101377E
:108BE000BC42F5D10020BDE8F0812046BDE8F0810F
:108BF000D8F81020BDE8F041D3581847B800002439
:108C00002DE9F04119461F4605469046FBF7E4F86A
:108C1000E0B93E460BE04144A8682246361B02F00C
:108C200040F9AB68286923442044AB602861314691
:108C300001222846FBF75AF9B91B04460028EAD15D
:108C40000123A87D6B755840BDE8F0813A46414646
:108C5000A86802F026F9AA682B693A443B44AA6046
:108C60002B61EDE72DE9F04119461F460546904678
:108C7000FBF7B2F8E8B93E460CE008EB0300A96840
:108C80002246361B02F00DF9AB68286923442044C4
:108C9000AB602861314601222846FBF727F9BB1B50
:108CA00004460028E9D10123A87D6B755840BDE832
:108CB000F0813A46A968404602F0F3F8AA682B69A9
:108CC0003A443B44AA602B61EDE700BF2DE9F04137
:108CD0008846114617460546FBF77EF8E0B93E4642
:108CE0000BE04144A8682246361B02F0DAF8AB6874
:108CF000286923442044AB6028613146012228467C
:108D0000FBF7F4F8B91B04460028EAD10123A87D3B
:108D10006B755840BDE8F0813A464146A86802F0BC
:108D2000C0F8AA682B693A443B44AA602B61EDE77E
:108D30002DE9F04119461F4605469046FBF74CF8D1
:108D4000E0B93E460BE04144A8682246361B02F0DB
:108D5000A8F8AB68286923442044AB6028613146F9
:108D600001222846FBF7C2F8B91B04460028EAD1C5
:108D70000123A87D6B755840BDE8F0813A46414615
:108D8000A86802F08EF8AA682B693A443B44AA60AE
:108D90002B61EDE72DE9F04188461146174605465F
:108DA000FBF71AF8E8B93E460CE008EB0300A968A7
:108DB0002246361B02F075F8AB682869234420442C
:108DC000AB602861314601222846FBF78FF8BB1BB8
:108DD00004460028E9D10123A87D6B755840BDE801
:108DE000F0813A46A968404602F05BF8AA682B6910
:108DF0003A443B44AA602B61EDE700BF2DE9F04106
:108E000019461F4605469046FAF7E6FFE8B93E4682
:108E10000CE008EB0300A9682246361B02F041F87B
:108E2000AB68286923442044AB60286131460122A5
:108E30002846FBF75BF8BB1B04460028E9D1012359
:108E4000A87D6B755840BDE8F0813A46A968404658
:108E500002F027F8AA682B693A443B44AA602B61C8
:108E6000EDE700BF70B515460E46017D0446FAF7E2
:108E700009FB0DB9012070BD2B463246217D2046ED
:108E8000BDE87040FFF7BCBE2DE9F0411D46164617
:108E90000F461A46017D0446FAF71CFC2B689E42D9
:108EA00001D20122A27513B90120BDE8F0813A4632
:108EB000217D2046BDE8F041FFF7D4BE70B51546D0
:108EC0000E46017D0446FAF7DDFA0DB9012070BDAA
:108ED0002B463246217D2046BDE87040FFF728BF73
:108EE0002DE9F0411D4616460F461A46017D0446FF
:108EF000FAF7F0FB2B689E4201D20122A27513B94A
:108F00000120BDE8F0813A46217D2046BDE8F041D0
:108F1000FFF774BF10B582B0044608460191E7F729
:108F20003FFA024601992046013202B0BDE81040E6
:108F3000FFF798BF00B583B001ABFFF7A5FF03B003
:108F40005DF804FB4FF6FF73038070474FF6FF7325
:108F50000380704738B5044600880D4600F022FDB6
:108F60000346C00F002BB8BF258038BD70B50C4636
:108F7000054608892B68267DD1E90012B2FBF0F284
:108F8000A3EB010CBCFBF2FC0CF1010C1FFA8CF3FF
:108F9000B3FBF0FC00FB1C339BB202FB03F3181D78
:108FA000084450F8042C16B1002640F8046C032A3B
:108FB00001D8012070BD08332846043A19442B69B2
:108FC000FAF756FF284622460249FAF72DFF0020FD
:108FD00070BD00BF6D8F010810B5C0E900120024FC
:108FE000029A038102610475C3B10C6001890129F1
:108FF00014D94FF0010C43680CF1010EBCFBF1F2E7
:10900000B3FBF1F301FB12C21FFA8EFC92B202FB1A
:1090100003F30268D45001896145ECD84FF0FF3367
:10902000C36010BD0189D9B110B54FF0000EF446F0
:10903000744643680EF1010EBCFBF1F2B3FBF1F391
:1090400001FB12C21FFA8EFC92B202FB03F302680C
:10905000D45001896145ECD84FF0FF33C36010BD97
:109060004FF0FF33C36070472DE9F84304460D46C7
:10907000018917468089984600F08CFC29460646EF
:10908000A08900F08FFC00280ADB00262946E08931
:1090900000F088FC002800DAE5813046BDE8F8835E
:1090A0003046294600F07EFC0028EEDB2369384676
:1090B000984781460121A08900F06CFCB9F1000FAE
:1090C00008BF85420CBF0126002604D10023089A60
:1090D000A0811370DAE722896368B5FBF2F0B3FB75
:1090E000F2F302FB105080B203FB00F0236804305F
:1090F000184450F8043C002BC7D13946424601F0D1
:10910000D0FE21896368B5FBF1F2B3FBF1F301FBFB
:10911000125292B202FB03F3226842F80380012349
:10912000089A1370B9F1000FAFD0A689012130461B
:1091300000F030FC218963680646B0FBF1F2B3FB16
:10914000F1F301FB1202206892B202FB03F3043335
:10915000184450F8043C002B97D023699847022804
:1091600002D00128E2D090E701268FE72DE9F047F1
:1091700004460F4680890121904600F00BFC2289AD
:109180006668B0FBF2F3B6FBF2F602FB13039BB288
:1091900003FB06F6236804361E4456F8049CB9F116
:1091A000000F23D00546236930469847824600B316
:1091B000B4F80CA00121504600F0ECFB2189824656
:1091C00063682068BAFBF1F2B3FBF1F301FB12A272
:1091D00092B202FB03F30433184450F8043C2BB161
:1091E0002369984702281BD00128E3D00020BDE85E
:1091F000F0874A4631463846FAF742FE21896368CD
:109200000120B5FBF1F2B3FBF1F301FB125292B274
:1092100002FB03F3226842F803A0A581BDE8F087B2
:10922000208906EB08016368A9EB0802B5FBF0F69C
:10923000B3FBF0F300FB16550020ADB203FB05F5C0
:10924000236858513846FAF71BFE38462246034930
:10925000FAF7EAFD0120A4F80CA0C8E76D8F010819
:1092600038B511460446C089154600F09BFB00281E
:10927000B8BFE58138BD00BF2DE9F8430389044636
:109280000F468589DBB12846012604E0664506F1D4
:10929000010614D2A089B1B200F07CFBB4F808C07A
:1092A000B0FBFCF2D4E900130CFB1202B3FBFCF39D
:1092B00092B202FB03F3CB58002BE7D105463D8069
:1092C0000121E689284600F069FB0146304600F09E
:1092D00065FB064628B34FF000094FF001084D46E4
:1092E0001FFA89F1388800F055FBB4F808C06168AE
:1092F00008FA09FE226809F101094EEA050EB0FBE1
:10930000FCF3B1FBFCF103FB1C0083B201FB03F394
:10931000D3580BB91FFA8EF54E45E1D12846BDE86A
:10932000F88305462846BDE8F88300BF4FF6FF7C6A
:1093300001600373A0F80EC0C0E90132704700BF9E
:109340004FF6FF72037BC28143607047F0B504465D
:1093500083B040680D461646FDF740F9636818442F
:10936000A368421993422CBF0127002702D2384636
:1093700003B0F0BD0090002330462168FAF76EFD7F
:10938000616838462944616003B0F0BD2DE9F041C1
:1093900004461D464068237B98428CBF0126002668
:1093A00002D83046BDE8F0818846E08901211746A1
:1093B00000F0F0FA2368E08128803046C8F80030D9
:1093C00063683B60237B6360BDE8F081F8B5B1F86A
:1093D00008C00C4603680546267BD1E90012B2FBA3
:1093E000FCF2A3EB010E0369BEFBF2FE0EF1010ECF
:1093F0001FFA8EFEBEFBFCF70CFB17EC1FFA8CFC71
:1094000002FB0CFC51F80C20B444921B0CF1080C2C
:10941000043A6144FAF72CFD284622460249FAF73D
:1094200003FD0020F8BD00BFCD93010830B59DF8C5
:109430000C4003810473C0E90012E3B10C60B0F882
:1094400008C0BCF1010F16D94FF0010E43680EF1B0
:109450000105047B0168BEFBFCF2B3FBFCF30CFBD3
:1094600012E21FFA85FE92B202FB03F3CC50B0F871
:1094700008C0F445EAD8074B4FF6FF724FF0FF34AF
:109480006FF00045C0F80E30002342820384C0E92B
:10949000064530BD0000FFFF018910B5B1B14FF0A6
:1094A000000EF44643680EF1010E047BBCFBF1F2A2
:1094B000B3FBF1F301FB12C21FFA8EFC92B202FB66
:1094C00003F30268D45001896145EBD8084B4FF68D
:1094D000FF729FED057BC0F80E30002342820384AB
:1094E00080ED067B10BD00BFFFFFFFFFFFFFFF7F8A
:1094F0000000FFFF2DE9F04F044691B000898B4634
:10950000E68904926568236894F80C90B6FBF0F243
:10951000B5FBF0F500FB12622F1F92B205FB023281
:10952000111DD2F800800391002800F04A814FF00D
:10953000000CE24661460CF1010CB1FBF0F200FBBD
:1095400012121FFA8CF192B205FB02F29A584A45A8
:1095500003D10AF1010A1FFA8AFA8142EBD340468D
:109560000421CDF814A0FAF78FFC804408EB0B021D
:10957000BA4240F2CA80227B5A44BA4240F2B280D8
:109580004FF6FC72BBB2A2EB09021A4492B20AFB7C
:1095900002F90592D9450692C0F0B38008F10402A1
:1095A000BA4280F0DA80A3F10409059BA9EB08090F
:1095B0001FFA89F9ABEB090BBBFBF3F203FB12B308
:1095C000002B40F0C48093B2534500F29A80002BE8
:1095D00000F0F980CDF81C804FF0000ADDF814800F
:1095E0000DF1200B05951D4600E0C1462289584625
:1095F00063680AF1010AB6FBF2F1B3FBF2F302FB76
:1096000011613A4689B203FB01F123680431194420
:10961000002351F804CCCDF800C0FAF71FFC4A46ED
:1096200000230D215846FCF799FF218963683046D5
:10963000B6FBF1F2B3FBF1F301FB1262012192B22E
:1096400002FB03F32268D75000F0A4F906461FFA84
:109650008AF39D42C9D8DDF81C80059D20893A46D1
:109660006368B6FBF0F1B3FBF0F300FB1161584601
:1096700089B201FB03F3216804331944002351F834
:10968000047C0097FAF7EAFB069F58460223BAB219
:109690000D21FCF763FF08F10401039BA5F108020B
:1096A00025890B44A2EB0802B6FBF5F01946636866
:1096B00005FB1060B3FBF5F380B2256800FB03F3F4
:1096C000207B04303844E850049D2846FAF7D8FB44
:1096D000284622463D49FAF7A7FB0120E68111B052
:1096E000BDE8F08F0121E08900F054F90546218999
:1096F000608A00F04FF90146284600F053F900282F
:1097000044DD002011B0BDE8F08F2189608A059208
:1097100000F040F90146304600F044F90028059A6F
:10972000EFDC2589D4E90073B6FBF5F4B3FBF5F360
:1097300005FB1464A4B204FB03F3DDE90310FA5043
:109740000023CDF80080FAF789FB0120DAE7013227
:10975000069393B25345D4D839E730460121079395
:1097600000F018F9064620896268B6FBF0F1B2FBFA
:10977000F0F200FB116189B201FB02F221680432B0
:109780008B1853F8048C0393079B0CE721896368BB
:109790000498B5FBF1F2B3FBF1F301FB125221681F
:1097A00092B202FB03F3227B04335A44194441F87A
:1097B000042C237B00930023FAF750FB0120E58162
:1097C000A0E78246CBE60DF1200B47E7CD930108D9
:1097D000F8B504461D460F46008A0121164600F0E2
:1097E000D9F8288022896368B0FBF2F1B3FBF2F369
:1097F00002FB110CE1891FFA8CFC0CFB03FC2368B3
:109800000CF1040C63443B6023689C445CF8043C0A
:10981000336000F0C7F8002801DD0020F8BD237B8D
:1098200032689A42F9D9618A208A00F0B7F8238910
:109830008342F2D02888E3892082984201D0012017
:10984000F8BD012100F0A6F803460120E381F8BD30
:1098500070B5018A0446408A15461E4600F0A2F8FB
:10986000002807DB4FF0FF326FF000430020C4E90F
:10987000062370BD94F8200040B9012384F82030FD
:10988000643546F10006C4E9065670BDD4E90623E6
:10989000954276EB030304DB431C012084F820305F
:1098A000EEE70020ECE700BF408A70472DE9F04169
:1098B00090F8217097B180460D4616461C461888D0
:1098C000012100F067F82080B8F8101000F06AF865
:1098D000002806DD00231F4688F821303846BDE801
:1098E000F081B8F808202088D8F80410B0FBF2F313
:1098F000B1FBF2FC02FB13039BB203FB0CFCD8F898
:1099000000300CF1040C63442B60D8F80030634441
:1099100053F8043C336098F80C209A42D0D0DDE72D
:10992000F8B504460E461046012100F037F8618A6A
:1099300000F034F8C8B1054600270121608A00F024
:1099400029F823896268013794F80CC02168BD4268
:109950006082B0FBF3FEB2FBF3F203FB1E039BB28B
:1099600002FB03F341F803C0E7D1003E4FF00003D0
:1099700018BF012684F8203084F82160F8BD00BFAC
:10998000018A408A08B500F00DF8B0FA80F040096D
:1099900008BD00BF084480B2704700BF401A80B2C3
:1099A000704700BF884211D009D3884210D9401AAD
:1099B000B0F5004FD4BF01204FF0FF3070470B1AB5
:1099C000B3F5004FF1DA4FF0FF30704700207047D9
:1099D000012070471FB514461A46094B1B680546FF
:1099E000D86854B9074B1C46CDE9013400912B4689
:1099F000054900F025FF01F062FA044BF4E700BFCF
:109A0000C80000248CD701085ED7010851D701088F
:109A1000024B0A460146186800F002B8C80000244C
:109A200070B5A1FB02543CB9294600F087F8064600
:109A300028B90026304670BD0C220260F9E72A469C
:109A4000214601F00BF9F5E707B5044B014601AAE1
:109A5000186800F005F803B05DF804FBC8000024A6
:109A60002DE9F84FDFF86CA006468946174602F04C
:109A70000DF8DAF8004034B14B46984613F8012B44
:109A80003AB13D2AF9D1304602F006F80020BDE88F
:109A9000F88FA8EB0908A34654F8040B0028F2D06D
:109AA0004246494601F0EFF80028F4D154F8043C4E
:109AB00003EB080513F808303D2BECD1DAF8003041
:109AC000ABEB03039B1030463B6001F0E5FF681CE5
:109AD000DDE700BF04000024024B0146186800F0D7
:109AE0002DB800BFC8000024024B0146186801F0E1
:109AF000D9BF00BFC800002470B50F4E0C463168B6
:109B0000054611B901F076F930602146284601F08A
:109B100071F9431C03D14FF0FF34204670BDC41CC3
:109B200024F00304A042F8D0211A284601F062F97B
:109B30000130F2D1EFE700BF70FB01242DE9F843BB
:109B4000CD1C25F0030508350C2D38BF0C25002D44
:109B5000064601DBA94204D90C2333600020BDE88E
:109B6000F883DFF8D48000F069F8D8F800301C469C
:109B700044BB29463046FFF7BFFF431C044658D17B
:109B8000D8F800402746002F43D1002C4BD0236843
:109B90003946304604EB030901F02CF9814542D1E6
:109BA00021686D1A29463046FFF7A6FF01303AD0EA
:109BB00023682B442360D8F800305A6862BBC8F889
:109BC00000700FE02268521B20D40B2A17D96119AC
:109BD000A342256018BF5960636808BFC8F8001029
:109BE00062514B60304600F02FF804F10B00231D4A
:109BF00020F00700C21A1CBF1B1AA350AFE762680F
:109C0000A3420CBFC8F800205A60EBE72346646803
:109C1000AEE73C467F68B6E71A465B68A342FBD1D5
:109C200000235360DEE70C233360304600F00CF86D
:109C300094E70560D6E700BF74FB0124014801F0FA
:109C400026B900BFB9FC0124014801F021B900BFC9
:109C5000B9FC012438B5104B1D682B6B0446B3B911
:109C60001820FFF739FF0246286320B90B4B0C4838
:109C70004621FFF7AFFE0B490B4BC0E900130B4B1E
:109C800083600B23838100210120C2E904012B6B37
:109C900000221C615A6138BDC80000248DD701081C
:109CA000A4D701080E33CDAB34126DE6ECDE05000F
:109CB000164B10B51C68236BB3B91820FFF70CFFC7
:109CC0000246206320B9124B12485221FFF782FE50
:109CD0001149124BC0E90013114B83600B238381A0
:109CE00000210120C2E90401216B0E480B694C6977
:109CF0000D4A584302FB0400A3FB0232013340EB40
:109D00000200C1E9043020F0004010BDC80000246A
:109D10008DD70108A4D701080E33CDAB34126DE600
:109D2000ECDE05002DF451582D7F954C024B0A4670
:109D30000146186800F002B8C80000242DE9F0417F
:109D4000804615460C4621B9BDE8F0411146FFF7A3
:109D5000F5BE2AB901F0A6FE00242046BDE8F08138
:109D600002F06CFA8542064602D8B5EB500FF4D8E3
:109D700029464046FFF7E2FE07460028ECD0B542F0
:109D80002A46214628BF324601F08BF8214640463C
:109D900001F088FE3C46E0E72DE9F043344E86466C
:109DA0000D46284615F8014B375D17F00807F8D126
:109DB0002D2C2FD12C780127851C33F0100009D1D0
:109DC000302C2CD1287800F0DF00582827D16C786F
:109DD000102302354FF0FF380026B8FBF3F803FBE1
:109DE00008F96FEA09093046A4F1300CBCF1090FFB
:109DF0001CD86446A3422ADDB6F1FF3F07D0804558
:109E000022D301D1A1451FDB00FB0340012615F839
:109E1000014BE9E72B2C04BF2C78851CCDE7002BE8
:109E2000D8D1302C0CBF08230A23D3E7A4F1410C6E
:109E3000BCF1190F01D8373CDCE7A4F1610CBCF18F
:109E4000190F04D8573CD5E74FF0FF36DFE7731CF6
:109E500006D12223CEF80030304632B9BDE8F08377
:109E600007B14042002AF9D006B1691E1160F5E73A
:109E7000FDD7010813460A46014602480068FFF76D
:109E80008BBF00BFC8000024F0B52DED028BB0EEF3
:109E9000408B85B017460D9D0C9E18EE902A25F03C
:109EA0002005002AB6BF2D220022B1EE408B462DA0
:109EB0000C461A7004D0452D00D10134022100E077
:109EC000032103AB019302AB009322463346B0EE6D
:109ED000480B01F085F8472D14D1FB070AD502196C
:109EE000B5EE408BF1EE10FA08BF03923021039BD0
:109EF000934219D3039B0E9A1B1A136005B0BDEC55
:109F0000028BF0BD462D00EB0402E9D10378302B23
:109F100007D1B5EE408BF1EE10FA1CBFC4F101047D
:109F2000346033681A44DBE75C1C03941970DEE785
:109F3000F7B50029BABF49422D232B230929027006
:109F4000437029DD0DF107031D460A271A46B1FBB0
:109F5000F7F607FB1614303402F8014C0C46632C5C
:109F600003F1FF333146F1DC3031941E03F8011C5C
:109F7000411C2346AB420AD30DF109039B1AAC42A4
:109F800088BF002302330344181A03B0F0BD13F84E
:109F9000016B01F8016FEDE7302330318370C17040
:109FA000031DF1E7000000002DE9F04F8DB00C46D5
:109FB000DDF8588016461F46054600F08DFED0F8A5
:109FC00000B05846E6F7ECF900230A93D8F80030C1
:109FD00094F8189022680590073323F0070303F1E3
:109FE0000801C8F8001093ED000B9FED976BB0EEE1
:109FF000C07BB4EE467BF1EE10FA84ED120B24DD4B
:10A00000B5EEC00BF1EE10FA02D52D2384F84330E3
:10A010008F49904BB9F1470F94BF8846984622F07C
:10A0200004020323236122604FF0000A00973346A5
:10A030000BAA2146284600F0D1F9013040F0898072
:10A040004FF0FF300DB0BDE8F08FB4EE400BF1EEF5
:10A0500010FA09D710EE903A002BBCBF2D2384F8DC
:10A0600043307D497D4BD5E76368591C09F0DF0A11
:10A0700039D10623636042F4806200232260039397
:10A080000AABCDE9019309AB009361680DF123039D
:10A090002846FFF7F9FEBAF1470F0999804629D102
:10A0A000C81C02DB6368994241DDA9F102095FFA2D
:10A0B00089F901394A4604F150000991FFF738FF48
:10A0C0000A9A1318012A8246236102DC2268D20709
:10A0D00001D5013323619DF82330002BA6D02D2319
:10A0E00084F84330A2E7BAF1470FC4D1002BC2D1A4
:10A0F0000123BFE7B9F1650FDBD9B9F1660F18D1BC
:10A10000002963680BDD216113B92268D00702D5ED
:10A1100001330B442361A1654FF0000ADBE713B95B
:10A120002268D20701D50233F4E70123F2E74FF0AA
:10A1300067090A9B994205DB23682161D807EAD5A4
:10A140004B1CE7E70029D4BFC1F1020201221344EE
:10A15000E0E723685A0507D423694246314628467A
:10A16000B84701302AD16BE7B9F1650F40F2E080C2
:10A1700094ED127BB5EE407BF1EE10FA33D1384A04
:10A18000012331462846B84701303FF459AFDDE995
:10A190000938434502DB2368D8070FD5059B5A468B
:10A1A00031462846B84701303FF44AAF4FF0000926
:10A1B00008F1FF3804F11A0AC84509DC23689B0737
:10A1C00000F10781E0680B9B9842B8BF184639E759
:10A1D0000123524631462846B84701303FF430AF9C
:10A1E00009F10109E8E7099B002B3BDC1C4A01232C
:10A1F00031462846B84701303FF422AFDDE909393E
:10A2000059EA030302D12368D907D7D5059B5A46DB
:10A2100031462846B84701303FF412AF4FF0000AEC
:10A2200004F11A0B099B5B42534501DC4B4694E752
:10A2300001235A4631462846B84701303FF400AF63
:10A240000AF1010AEEE700BFFFFFFFFFFFFFEF7F0C
:10A25000FDD8010801D9010805D9010809D901086B
:10A260000DD90108A36DDDF828A05345A8BF5346BA
:10A27000002B994637DC0023079329EAE97904F19A
:10A280001A02A36D07990693A3EB09038B4231DCF5
:10A29000099B9A453BDC2368DA0738D4099BAAEB73
:10A2A0000309069BAAEB03039945A8BF9946B9F198
:10A2B000000F34DC4FF0000829EAE97904F11A0BA9
:10A2C000099BAAEB0303A3EB090343457FF776AF92
:10A2D00001235A4631462846B84701303FF4B0AE14
:10A2E00008F10108ECE7424631462846B8470130FC
:10A2F000C1D1A5E60123314628460692B847013070
:10A300003FF49EAE079B069A01330793B9E7059B7E
:10A310005A4631462846B8470130BFD190E6069AE2
:10A320004B46424431462846B8470130C2D187E601
:10A33000DDF82890B9F1010F01DCDB0736D50123E8
:10A34000424631462846B84701303FF479AE059B76
:10A350005A4631462846B84701303FF471AE94ED75
:10A36000127BB5EE407BF1EE10FA09F1FF3918D0FF
:10A370004B4608F1010231462846B84701300CD15E
:10A380005EE601235A4631462846B84701303FF47D
:10A3900057AE08F10108C845F3DB534604F15002FB
:10A3A000DCE64FF0000804F11A0BF4E70123424603
:10A3B000E1E701234A4631462846B84701303FF4D9
:10A3C0003FAE08F10108E3680B995B1A4345F0DCE6
:10A3D000F8E64FF0000804F11909F4E72DE9F04719
:10A3E000164698468A680B69DDF820909342B8BFFC
:10A3F0001346336091F8432007460C460AB10133F7
:10A4000033602368990642BF33680233336025689E
:10A4100015F0060506D104F1190AE36832689B1AA3
:10A42000AB4226DC94F843302268003B18BF01237E
:10A4300092062BD404F1430241463846C847013006
:10A440001ED02368226903F00603042B02BFE568CF
:10A450003368ED1AA3680CBF25EAE5750025934221
:10A46000C4BF9B1AED1800261A34B5421AD1002039
:10A4700008E00123524641463846C847013003D11F
:10A480004FF0FF30BDE8F0870135C6E7E1185A1CF0
:10A49000302081F84300224494F8451082F843109C
:10A4A0000233C7E70123224641463846C8470130F8
:10A4B000E6D00136D9E700002DE9FF470F7E0C9E5C
:10A4C000782F914680460C469A4601F1430207D800
:10A4D000622F0AD8002F00F0D280582F00F0B980E8
:10A4E00004F1420684F842703AE0A7F16303152BA9
:10A4F000F6D801A151F823F051A5010865A501087E
:10A50000E1A40108E1A40108E1A40108E1A4010813
:10A5100065A50108E1A40108E1A40108E1A401087E
:10A52000E1A4010865A601088FA501081FA601087E
:10A53000E1A40108E1A4010887A60108E1A401083B
:10A540008FA50108E1A40108E1A4010827A60108DC
:10A5500033681A1D1B68326004F1420684F84230E9
:10A5600001239DE033682068191D3160060601D57E
:10A570001D6803E04506FBD5B3F90050002D03DA52
:10A580002D236D4284F8433059480A2311E0216895
:10A590003368080653F8045B02D4490648BFADB2DD
:10A5A0006F2F5348336014BF0A230823002184F817
:10A5B00043106668A660002EA2BF216821F0040146
:10A5C00021600DB9002E4BD01646B5FBF3F103FB0D
:10A5D0001157C75D06F8017D2F46BB420D46F4D9E1
:10A5E000082B0BD12368DF0708D5236961689942DE
:10A5F000DEBF302306F8013C06F1FF36921B2261D4
:10A60000CDF800A04B4603AA21464046FFF7E6FEE0
:10A6100001304AD14FF0FF3004B0BDE8F087236825
:10A6200043F0200323603348782784F8457023687B
:10A6300031681F0651F8045B02D45F0648BFADB213
:10A640003160D90744BF43F0200323601DB11023BC
:10A65000ACE72748E9E7236823F020032360F6E707
:10A660001646BDE7336825686169181D30602E06FF
:10A670001B6801D5196002E06806FBD5198000232C
:10A6800023611646BCE733681A1D32601E68626893
:10A6900000213046E5F734FE08B1801B6060636836
:10A6A0002361002384F84330AAE7236932464946F0
:10A6B0004046D0470130ADD023689B0713D4E068F3
:10A6C000039B9842B8BF1846A6E701233246494685
:10A6D0004046D04701309DD00135E36803995B1AAD
:10A6E000AB42F2DCEBE7002504F11906F5E700BF09
:10A6F0000FD9010820D90108002310B50446C0E98C
:10A700000033C0E90433836081814366C281836181
:10A71000194608225C3000F0A1FA0D4B63620D4B24
:10A72000A3620D4BE3620D4B23630D4B24629C42ED
:10A7300006D003F16802944202D0D0339C4205D186
:10A7400004F15800BDE8104000F0A0BB10BD00BFF0
:10A75000E9A901080BAA010843AA010867AA010890
:10A7600078FB0124024A0349034800F07BB800BF8C
:10A77000BC00002489C80108CC00002441680C4BAF
:10A78000994210B5044601D002F07EF8A168094B49
:10A79000994202D0204602F077F8E168064B9942D0
:10A7A00004D02046BDE8104002F06EB810BD00BFD6
:10A7B00078FB0124E0FB012448FC012410B50B4B7D
:10A7C0000B4C0C4A1A60204600220421FFF794FF2C
:10A7D00004F1680001220921FFF78EFF04F1D00087
:10A7E0000222BDE810401221FFF786BFB0FC012411
:10A7F00078FB012465A70108014800F048BB00BFB1
:10A80000BAFC0124014800F043BB00BFBAFC01249C
:10A8100010B50446FFF7F0FF236A1BB1BDE81040F6
:10A82000FFF7F0BF044B2362044B1B68002BF5D1EC
:10A83000FFF7C4FFF2E700BF7DA70108B0FC0124C9
:10A840000EB403B5014603AB054853F8042B00686A
:10A85000019301F07DFE02B05DF804EB03B0704798
:10A86000C80000242DE9F843074688461446002610
:10A87000D4E90195B9F1010905D52468002CF7D177
:10A880003046BDE8F883AB89012B07D9B5F90E3006
:10A89000013303D029463846C04706436835E9E707
:10A8A0000FB407B5064904AB086853F8042B816858
:10A8B000019301F04DFE03B05DF804EB04B0704766
:10A8C000C8000024036A70B5846805460E460BB9BB
:10A8D000FFF79EFF636EDB0705D4A389980502D4BA
:10A8E000A06D00F0D4FAA389190702D52369002BC3
:10A8F00035D12146284600F031F980B34FF0FF35BD
:10A90000636EDA0705D4A3899B0502D4A06D00F01D
:10A91000BFFA284670BD002B04DAA2699A4217DC00
:10A920000A2915D023685A1C22601970A36816F8EA
:10A93000011F013BA3600029EDD1002B11DA224653
:10A940000A21284600F0CCF80130D7D00A25D7E7F5
:10A950002246284600F0C4F80130E7D1CEE7013E98
:10A96000E4E723685A1C22600A221A70EEE700000E
:10A97000024B01461868FFF7A5BF00BFC8000024BE
:10A980000CB430B5174B0C1E1D689DB008DA8B2334
:10A990002B604FF0FF301DB0BDE8304002B0704773
:10A9A0004FF40273ADF8143014BF04F1FF332346A3
:10A9B000049307934FF6FF7302900690ADF816309C
:10A9C000209A21AB02A92846019301F09BFC431C6D
:10A9D000BCBF8B232B60002CDDD0029B00221A70A1
:10A9E000D9E700BFC800002410B50C46B1F90E101D
:10A9F00000F0EEF90028ABBF636DA3891B1823F4A8
:10AA00008053ACBF6365A38110BD2DE9F0411F46A3
:10AA10008B89DB0505460C46164605D5B1F90E10A7
:10AA20000223002200F0C2F9A389B4F90E1023F426
:10AA30008053A38132463B462846BDE8F04100F0F2
:10AA4000E9B910B50C46B1F90E1000F0AFF9431C8E
:10AA5000A38915BF606523F4805343F48053A38119
:10AA600018BFA38110BDB1F90E1000F039B930B58F
:10AA70001446002C9BB005461A4605DA8B2303606A
:10AA80004FF0FF301BB030BD4FF40273ADF80C3007
:10AA900014BF04F1FF332346029305934FF6FF736F
:10AAA00000910491ADF80E3069461E9B01F02AFC1E
:10AAB000431CBCBF8B232B60002CE3D0009B0022E7
:10AAC0001A70DFE707B5009313460A4601460348AC
:10AAD0000068FFF7CCFF03B05DF804FBC80000245A
:10AAE000F8B50E461446054618B1036A0BB9FFF7D0
:10AAF0008FFEA369A360A3891A0701D5236943B90F
:10AB00002146284600F02AF818B14FF0FF373846A2
:10AB1000F8BD23682269981A6369F6B28342374602
:10AB200005DC2146284601F0AFFE0028EDD1A368E0
:10AB3000013BA36023685A1C22601E706269431C9B
:10AB40009A4204D0A389DB07E1D50A2EDFD1214642
:10AB5000284601F099FE0028D9D0D6E738B5294B10
:10AB6000054618680C4618B1036A0BB9FFF750FE8A
:10AB7000B4F90C30190722D4DA0607D409222A6066
:10AB800043F04003A3814FF0FF3033E0580712D564
:10AB9000616B41B104F14403994202D0284600F0B0
:10ABA00081FF00236363A38923F02403A38100238F
:10ABB000636023692360A38943F00803A3812369A9
:10ABC0004BB9A38903F42073B3F5007F03D021466A
:10ABD000284601F0A7FEB4F90C3013F001020AD0A8
:10ABE0000022A26062695242A261226942B913F056
:10ABF0008000C5D138BD990758BF6269A260F4E7EB
:10AC00000020F7E7C800002410B501390244904243
:10AC100001D1002005E0037811F8014FA34201D0D3
:10AC2000181B10BD0130F2E7884210B501EB020499
:10AC300002D98442234607D8431EA14208D011F806
:10AC4000012B03F8012FF8E7024401468A4200D1A4
:10AC500010BD13F8014D02F8014DF7E70244034619
:10AC6000934200D1704703F8011BF9E7C9B20346CC
:10AC7000184613F8012B12B18A42F9D17047002906
:10AC800018BF0020704710B56AB10139841810F858
:10AC9000012B11F8013F9A4203D1A04201D0002AB2
:10ACA000F5D1D01A10BD1046FCE70A7870B56AB924
:10ACB00070BD9A4209D10C46054614F8013F002B9D
:10ACC000F6D015F8016F9E42F7D001300378002BC3
:10ACD000EFD11846ECE70000004870470802002456
:10ACE00038B5064D0023044608462B60E6F73CFACB
:10ACF000431C02D12B6803B1236038BDB4FC01248E
:10AD0000294B1B68834270B504464BD0C369ABB175
:10AD1000DB686BB10025E369DB68595900293BD139
:10AD20000435802DF7D1E3692046D96800F0BAFEDA
:10AD3000E369196811B1204600F0B4FE616911B1F0
:10AD4000204600F0AFFEE16911B1204600F0AAFEF6
:10AD5000216B11B1204600F0A5FE616B11B12046B8
:10AD600000F0A0FEA16B11B1204600F09BFEA16C8B
:10AD700011B1204600F096FE616C11B1204600F042
:10AD800091FEE16A11B1204600F08CFE236A4BB1BE
:10AD90002046BDE8704018470E68204600F082FE4D
:10ADA0003146BBE770BD00BFC800002438B5074D71
:10ADB00004460846114600222A601A46E6F7FBF9C7
:10ADC000431C02D12B6803B1236038BDB4FC0124BD
:10ADD00038B5074D04460846114600222A601A4637
:10ADE000E6F7A5F9431C02D12B6803B1236038BDF7
:10ADF000B4FC012438B5064D0023044608462B60F8
:10AE0000E6F7E6F9431C02D12B6803B1236038BD95
:10AE1000B4FC012438B5074D04460846114600220B
:10AE20002A601A46E6F73AF8431C02D12B6803B1B0
:10AE3000236038BDB4FC0124014B1868704700BF83
:10AE4000C800002470B50D4D0D4C641BA4100026E5
:10AE5000A64209D10B4D0C4C01F026FE641BA41038
:10AE60000026A64205D170BD55F8043B984701362F
:10AE7000EEE755F8043B98470136F2E724DB01087A
:10AE800024DB010824DB01082CDB01087047704734
:10AE90007047034611F8012B03F8012B002AF9D162
:10AEA00070470A44914200F1FF3300D1704710B55A
:10AEB00011F8014B03F8014F9142F9D110BD08B5CB
:10AEC000062001F093FD0120E6F726F92DE9F74F62
:10AED00003690C69A34207467EDB013C01F11408BB
:10AEE000A30000F11405009305EB8403019358F8C7
:10AEF000243055F8242001339A4208EB8409B2FB30
:10AF0000F3F62ED34FF0000AC446AE46D3465CF8A3
:10AF1000043B98B206FB00A0020C1B0C06FB0323AB
:10AF2000DEF8002080B292B2121A5A44DEF8000015
:10AF30004FEA134A9BB2C3EB224303EB104392B296
:10AF400042EA0342E1454EF8042B4FEA234BDED29E
:10AF5000009BEB582BB9019B043B9D421A462FD313
:10AF60003C61384601F062F8002825DB29460020C4
:10AF700058F8042BD1F800C01FFA82FE1FFA8CF398
:10AF8000A3EB0E030344120CC2EB234202EB1C4260
:10AF90009BB243EA0243C14541F8043B4FEA2240D9
:10AFA000E6D255F8242005EB840322B9043B9D42E8
:10AFB0001A460BD33C610136304603B0BDE8F08F32
:10AFC0001268043B002ACBD1013CC6E71268043B5F
:10AFD000002AEFD1013CEAE70020EEE70000000084
:10AFE0002DE9F04F2DED028BC76991B08DED020B6D
:10AFF00055EC104B1C9E0791814609920D937FB929
:10B000001020FEF769FD0246C9F81C0020B9A04BCC
:10B01000EF21A048FEF7DEFCC0E901770760C760BA
:10B02000D9F81C30196859B15A684A600123934015
:10B030008B60484600F0C0FDD9F81C3000221A6031
:10B040002B1EBBBF23F00043039300230122ACBFA0
:10B0500033603260904B039EB34310D10D9A42F29D
:10B060000F731360C6F31303234300F0DE841D9BAC
:10B070008A4F002B00F0E084FB1C00F0DBBC9DED50
:10B08000028BB5EE408BF1EE10FA0AD10D9A012336
:10B0900013601D9B13B11D9A814B1360814F00F00B
:10B0A000CBBC0EAA0FA94846B0EE480B01F06EF8D3
:10B0B000C6F30A530E9A0190002B45D0B0EE487BA0
:10B0C00018EE901AC1F3130141F07F5141F4401181
:10B0D000A3F2FF33002507EE901AB7EE086B9FED41
:10B0E000665B37EE467B9FED666BA7EE056B9FEDCB
:10B0F000665B07EE903AB8EEE74BB0EE467BA4EE07
:10B10000057BFDEEC76BB5EEC07BF1EE10FA16EED7
:10B11000908A08D5B8EEE66BB4EE476BF1EE10FA04
:10B1200018BF08F1FF38B8F1160F2BD85E4901EBB4
:10B13000C80191ED007BB4EEC78BF1EE10FA01D59A
:10B1400008F1FF3800211EE00F9B134403F2324147
:10B150002029C1BFC1F140018E4003F2124124FAFF
:10B1600001F1D6BFC1F12001314304FA01F107EE2C
:10B17000901AB8EE677B013B17EE901A0125A1F1FA
:10B18000F871A8E70121D21A531E069345BFC2F1F8
:10B1900001030593002300234CBF06930593B8F1E8
:10B1A000000F0C9118DB069BCDF8288043440693D2
:10B1B0000023079A092A49D8052AC4BF043A0792EE
:10B1C000079AA2F10202CCBF00240124032A48D826
:10B1D000DFE802F00B2E2C3A059B0022A3EB0803BC
:10B1E00005930A92C8F10003E3E700220892099A46
:10B1F000002A39DC4FF0010BDA465A46CDF824B06C
:10B20000D9F81C700021042000F11406964230D9B0
:10B2100079604846049300F08FFC049B07460028A1
:10B2200046D1224B024640F2AF11F2E60122DDE7A1
:10B2300000220892099A08EB020B0BF1010A524610
:10B24000012AB8BF0122DBE70122F2E70124002234
:10B25000CDE907244FF0FF3B0021DA461222099185
:10B26000CEE701220892F5E7DDF824B0DA465A4627
:10B27000C6E701314000C7E761436F63A787D23F4C
:10B28000B3C8608B288AC63FFB799F501344D33FD5
:10B290008DD701083ED901080000F07F3AD9010896
:10B2A0000ED901080DD9010838DA010896D901082C
:10B2B000D9F81C20BAF10E0F10606FD8002C6DD099
:10B2C000B8F1000F40F3C280CA4A08F00F0102EB48
:10B2D000C10218F4807F92ED007B4FEA281100F044
:10B2E000A980C54A92ED086B88EE066B8DED026B66
:10B2F00001F00F010322C048002940F09D809DED20
:10B30000026B86EE077B8DED027B0C999DED027B37
:10B31000002900F0C180B7EE006BB4EEC67BF1EE01
:10B3200010FA40F1B980BAF1000F00F0B580BBF11E
:10B33000000F31DDB2EE046B27EE067B8DED027B54
:10B3400008F1FF31049101325C469DED026BB1EED4
:10B350000C5B07EE902AB8EEE77BA7EE065B15EED6
:10B36000902A51EC150BA2F15071002C40F09880FE
:10B37000B1EE047B36EE476B41EC170BB4EEC76BB6
:10B38000F1EE10FA00F36182B1EE477BB4EEC76BC9
:10B39000F1EE10FA00F1F5808DED028B0F9A002A84
:10B3A000C0F22C81B8F10E0F00F32881914B03EB12
:10B3B000C80393ED006B099B002B03DABAF1000F71
:10B3C00040F3D280B2EE044B9DED027B3E4687EE09
:10B3D000065BBDEEC55B15EE103A303306F8013B57
:10B3E000F31B9A45B8EEC53BA3EE467B40F0F880D0
:10B3F00037EE077BB4EEC67BF1EE10FA00F3DD808A
:10B40000B4EE467BF1EE10FA04D115EE103ADB07EC
:10B4100000F1D3800199484600F0CEFB00230D9A3D
:10B42000337008F1010313601D9B002B00F00483AF
:10B430001E6001E302225EE7CC0704D590ED006BAD
:10B44000013227EE067B4910083055E722D0C8F1BB
:10B450000001684A01F00F0002EBC00292ED007B90
:10B4600028EE077B8DED027B634809110024022240
:10B4700029B9002C3FF449AF8DED027B45E7CE079B
:10B4800005D590ED006B0132012427EE067B4910B3
:10B490000830EDE7022238E7CDF81080544654E733
:10B4A000544A02EBC40212ED024B089A41EC170B0E
:10B4B0003C444AB3B6EE003BB7EE002B3E4683EE6B
:10B4C000045BB2EE043B35EE477BFDEEC64B14EE5B
:10B4D000902AB8EEE45B303236EE456BB4EEC76BC3
:10B4E000F1EE10FA06F8012B38D432EE465BB4EEDA
:10B4F000C75BF1EE10FA62D4A6423FF44DAF27EEDF
:10B50000037B26EE036BE0E721463E4627EE047BF5
:10B51000B2EE043BFDEEC64B14EE902A303206F834
:10B52000012BA642B8EEE45B36EE456B19D1B6EEC0
:10B53000005B37EE054BB4EEC46BF1EE10FA3EDC67
:10B5400035EE475BB4EEC56BF1EE10FA7FF524AF34
:10B550000E46013916F8013C302BF9D0DDF8108089
:10B5600058E726EE036BD5E70BD1B1EE047B26EE50
:10B57000076B9DED027BB4EEC76BF1EE10FAC0F2E3
:10B58000618100242546099BDB4304933E464FF02E
:10B5900000082146484600F00FFB002DDED0B8F130
:10B5A000000F05D0A84503D04146484600F004FBF3
:10B5B0002946484600F000FBD0E7CDF8108033461E
:10B5C0001E4613F8012D392A06D19F42F8D1049A5C
:10B5D0000132049230223A701A7801321A70BDE7B3
:10B5E00027EE047BB5EE407BF1EE10FA7FF4EFAE70
:10B5F00010E700BF38DA010810DA010808990029BD
:10B6000000F0E3800799012900F3C880002D00F0C5
:10B61000C18002F23342059E1C460493059B1344ED
:10B620000593069B012113444846069300F078FBDE
:10B63000049B054666B1069A002A09DDB2420599C7
:10B64000A8BF3246891A05910699B61A8A1A069237
:10B65000FBB1089A002A00F0BC809CB12946224622
:10B6600048460B9300F01CFC019A014605464846EB
:10B6700000F06CFB01990490484600F09DFA049A92
:10B680000B9B01921A1B04D00199484600F008FC5C
:10B6900001900121484600F043FB0A9B0446002B21
:10B6A00000F0D0811A460146484600F0F9FB079B9E
:10B6B000012B044600F39580029B002B40F08B8009
:10B6C000039BC3F31302002A40F0878023F000425B
:10B6D000120D1205002A00F08280059B01330593AC
:10B6E000069B0133069301230B930A9B002B00F06A
:10B6F000AF81226904EB8202106900F0C5FAC0F143
:10B700002000069B184410F01F0076D0C0F12002E4
:10B71000042A69DD059BC0F11C0003440593069BC8
:10B72000064403440693059B002B05DD01991A4648
:10B73000484600F00FFC0190069B002B05DD2146DA
:10B740001A46484600F006FC04460C9B002B56D0D7
:10B750000198214600F06AFC002850DA08F1FF3316
:10B760000493019900230A22484600F047FA089BF7
:10B770000190002B00F06E81294600230A224846E2
:10B7800000F03CFABBF1000F054664DC079B022B7E
:10B790003EDC60E00E9AC2F136023CE70AF1FF346B
:10B7A000A342BFBFE21A0A9B9B180A93AEBF1C1BA1
:10B7B00023460024BAF1000FB5BF059A059EA2EBFF
:10B7C0000A065246B8BF002227E7059E089D1C4680
:10B7D00030E71A4658E7002386E7029B84E70B927E
:10B7E00083E700230B9384E79DD0059B1C32134411
:10B7F0000593069B1644134494E70246F5E7BAF115
:10B80000000FCDF81080D34621DC079B022B1EDDF4
:10B81000BBF1000F7FF4B7AE21465B4605224846D8
:10B8200000F0ECF901460446019800F0FFFB002807
:10B830007FF7A9AE3E46312306F8013B049B013356
:10B840000493A4E6CDF8108054462546F2E7089B01
:10B85000002B00F00381002E05DD294632464846C4
:10B8600000F078FB05460B9B002B58D069684846D2
:10B8700000F062F9064628B9824B024640F2EF21F9
:10B88000FFF7C7BB2A690232920005F10C010C30A8
:10B89000FFF707FB01223146484600F05BFB7B1CAB
:10B8A000059307EB0B030993029B03F00103A846E2
:10B8B00008930546059B0198214603F1FF3BFFF7DE
:10B8C00005FB4146029000F1300A019800F0AEFB02
:10B8D0002A4606902146484600F0C4FBC268064648
:10B8E000FAB90146019800F0A1FB024631464846EC
:10B8F0000A9200F061F9079B0A9A059E43EA020149
:10B90000089B19430FD1BAF1390F28D0069B002BA1
:10B9100002DD029B03F1310A8BF800A039E62846CC
:10B92000BDE70122E2E7069B002B04DB07990B43EE
:10B9300008990B4320D1002AEEDD019901224846E7
:10B9400000F008FB2146019000F070FB002803DCAA
:10B95000E2D11AF0010FDFD0BAF1390FD9D1392372
:10B960008BF8003033461E46013B16F8012C392A6D
:10B9700053D001321A700CE6002A07DDBAF1390FF4
:10B98000EDD00AF101038BF8003002E6059B059A21
:10B9900003F801AC099B934229D0019900230A22A4
:10B9A000484600F02BF9A84501904FF000034FF0F6
:10B9B0000A024146484607D100F020F98046054674
:10B9C000059B0133059375E700F018F92946804679
:10B9D00000230A22484600F011F90546F0E7BBF1C2
:10B9E000000FCCBF5E4601263E444FF0000801998F
:10B9F0000122484600F0AEFA2146019000F016FB05
:10BA00000028AFDC02D11AF0010FABD133461E463D
:10BA100013F8012D302AFAD0BBE59F42A3D1049B35
:10BA20000133049331233B70B3E51D9B164F1BB1CB
:10BA300007F108031D9A1360384611B0BDEC028B64
:10BA4000BDE8F08F079B012B7FF736AE0A9B0B9367
:10BA5000012056E6BBF1000F7FF7D7AE3E460198B6
:10BA60002146FFF733FA00F1300A06F801ABF21B6A
:10BA70009345B4DD019900230A22484600F0BEF840
:10BA80000190ECE796D9010831D901080148FFF788
:10BA9000FEB900BFB8FC01240148FFF7F9B900BFA7
:10BAA000B8FC012438B50546002941D051F8043CC2
:10BAB0000C1F002BB8BFE418FEF7C0F81D4A13682E
:10BAC00033B9636014602846BDE83840FEF7BCB85F
:10BAD000A34208D9206821188B4201BF19685B680E
:10BAE00009182160EDE71A465B680BB1A342FAD949
:10BAF00011685018A0420BD12068014450188342AD
:10BB00001160E0D118685B68536008441060DAE7A0
:10BB100002D90C232B60D6E7206821188B4204BF82
:10BB200019685B68636004BF091821605460CAE744
:10BB300038BD00BF74FB012470B5C66904460D46CC
:10BB400076B91020FDF7C8FF0246E06120B9184B16
:10BB500018486B21FDF73EFFC0E901660660C6602C
:10BB6000E669F36883B1E369DB6853F82500B8B987
:10BB7000012101FA05F6721D92002046FDF750FFE3
:10BB800060B1C0E901560EE0212204212046FDF7F4
:10BB900047FFE369F060DB68002BE4D1002070BD53
:10BBA000026843F825200023C0E90333F7E700BF0C
:10BBB0008DD70108A7D9010870B5C66905460C469E
:10BBC00076B91020FDF788FF0246E86120B9094BDD
:10BBD00009488F21FDF7FEFEC0E901660660C660D8
:10BBE0003CB1EB696268DB6853F82210216043F8CE
:10BBF000224070BD8DD70108A7D901082DE9F04179
:10BC00000D6907460C461E4601F1140C0020DCF8B5
:10BC1000003099B202FB01611E0C0B0C02FB0633D3
:10BC200089B2013001EB034185424CF8041B4FEA15
:10BC30001346ECDC0EB3A368AB4219DC61683846EE
:10BC40000131FFF779FF804628B902460C4B0D48B9
:10BC5000BA21FDF7BFFE2269023204F10C01920005
:10BC60000C30FFF71EF921463846FFF7A5FF444682
:10BC700004EB850301355E6125612046BDE8F08156
:10BC800096D90108A7D90108B0F5803F034636BF11
:10BC9000030400201020B3F1807F3CBF1B0208305A
:10BCA000B3F1805F3CBF1B010430B3F1804F3CBF58
:10BCB0009B000230002B05DB13F0804F00F10100E8
:10BCC00008BF202070470368024613F007000BD01E
:10BCD000D90721D4980749BF5B089B08012013604E
:10BCE0005CBF13600220704799B209B91B0C102089
:10BCF000D9B209B908301B0A190704BF1B0904305F
:10BD0000990704BF9B080230D90703D45B0800F1F0
:10BD1000010003D013607047002070472020704757
:10BD200010B50C460121FFF707FF024628B9054B65
:10BD3000054840F24511FDF74DFE012344610361C2
:10BD400010BD00BF96D90108A7D901082DE9F04F11
:10BD500014460A6923699A42A8BF23460F46A4BF26
:10BD60000C461F46D4F810A0D7F81090A36861685D
:10BD70000AEB0906B34285B0B8BF0131FFF7DCFE1C
:10BD800030B90246444B45484FF4B171FDF722FEED
:10BD900000F1140505EB86082B460022434521D30C
:10BDA00007F1140104F1140202EB8A0201EB89038A
:10BDB0000293131B153B23F00303043304F115070F
:10BDC000BA4238BF04230193029B03918B420CD8E3
:10BDD000002E03DD58F8043D002B5BD0066105B052
:10BDE000BDE8F08F43F8042BD8E7B1F800A0BAF112
:10BDF000000F24D004F1140EA9464FF0000C5EF899
:10BE0000047BD9F800301FFA87FB9BB20AFB0B3387
:10BE10004FEA174BD9F8007063444FEA174C0AFBFE
:10BE20000BC707EB13479BB243EA0743724549F838
:10BE3000043B4FEA174CE2D8019B45F803C0039B33
:10BE4000B3F802900431B9F1000F21D02B6804F14E
:10BE5000140CAE464FF0000ABCF800B0BEF80270F9
:10BE600009FB0B7757449BB243EA07434EF8043B68
:10BE70005CF8043B4FEA134ABEF8003009FB0A3372
:10BE800003EB174362454FEA134AE5D8019FEB5194
:10BE9000043599E7013E9BE796D90108A7D9010827
:10BEA0002DE9F843154612F0030207460E4607D067
:10BEB000254C013A002354F82220FFF79FFE064646
:10BEC000AD103DD0FC697CB91020FDF705FE02469F
:10BED000F86128B91D4B1E4840F2B311FDF77AFDF9
:10BEE000C0E901440460C460D7F81C80D8F8084059
:10BEF0004CB940F271213846FFF712FF0023C8F811
:10BF00000800044603604FF00009EB070AD53146EC
:10BF100022463846FFF71AFF314680463846FFF77B
:10BF20004BFE46466D100BD0206838B9224621469C
:10BF30003846FFF70BFF2060C0F800900446E4E7A6
:10BF40003046BDE8F88300BF00DA01088DD701084C
:10BF5000A7D901082DE9F0470C464968236903EB8E
:10BF60006218A368074691464FEA621A08F1010673
:10BF7000B3420BDB3846FFF7DFFD054648B9024602
:10BF8000284B29484FF4EF71FDF724FD01315B0088
:10BF9000EEE7002300F1140100F1100218465345AA
:10BFA00033DB20692AEAEA7A04F1140319F01F0945
:10BFB00001EB8A0103EB800C2BD0C9F1200E8A46DD
:10BFC0000022186800FA09F010434AF8040B53F8ED
:10BFD000042B9C4522FA0EF2F3D8ACEB0403153B7C
:10BFE00023F00303043304F11500844538BF042310
:10BFF000CA500AB108F10206013E38462E612146B8
:10C00000FFF7DAFD2846BDE8F08742F8040F013358
:10C01000C5E7043953F8042B41F8042F9C45F9D89F
:10C02000EAE700BF96D90108A7D901080A690346C3
:10C030000069801A30B50ED11433143103EB820439
:10C0400001EB820154F8045D51F8042D954203D0B0
:10C0500005D24FF0FF3030BDA342F3D3FBE7012000
:10C06000F9E700002DE9F74F894606461146484694
:10C070001446FFF7DBFF051E12D129463046FFF7B5
:10C080005BFD024628B93F4B40F237213E48FDF7A1
:10C09000A1FC0123C0E90435104603B0BDE8F08FD0
:10C0A000BCBF4B46A1463046D9F80410BABF1C4667
:10C0B00001250025FFF740FD024618B9314B40F23B
:10C0C0004521E3E7D9F810702669C56009F110032E
:10C0D00009F1140504F1140E00F1140B05EB8708A7
:10C0E0000EEB86060193D9464FF0000C019B5EF8DB
:10C0F000040B53F804AF01931FFA8AF3194683B275
:10C10000CB1A000C6344C0EB1A4000EB23409BB2F7
:10C1100043EA0043764549F8043B4FEA204CE5D812
:10C12000331B153B23F0030315340433A64238BFF9
:10C1300004231D445B441E462C4644450ED308F19F
:10C140000301491B21F00301033DA84538BF00212D
:10C150000B4453F8041D91B117619DE754F8041B7B
:10C16000E646080C1CFA81FC714400EB2C4089B2B5
:10C1700041EA004146F8041B4FEA204CDDE7013F4D
:10C18000E7E700BF96D90108A7D901082DE9F743D1
:10C190000F46012159EC108B1646FFF7CDFC0446E3
:10C1A00030B90246234B244840F20F31FDF712FC10
:10C1B000C9F30A55C9F313030DB143F48013019376
:10C1C000B8F1000323D068460093FFF77CFDDDE95A
:10C1D0000012D0B1C0F1200302FA03F30B43C240B6
:10C1E00063610192019BA361002B0CBF012202221B
:10C1F0002261A5B1A5F2334505443D60C0F135008B
:10C200003060204603B0BDE8F0836161EAE701A831
:10C21000FFF759FD019B636120300122E8E704EB41
:10C220008203A0F2324038601869FFF72DFDC0EBA1
:10C230004210E5E796D90108A7D9010851F8043C56
:10C24000181F002BBCBF0B58C01870472DE9F047D2
:10C250008E681F46BE420B6882460C4690462DD81B
:10C26000B1F90C2012F4906F26D06569096905EBCD
:10C270004505A3EB010905EBD5757B1C4B446D10FF
:10C280009D4238BF1D46530527D52946FDF756FC6C
:10C29000064660B321694A46FEF703FEA38923F4EC
:10C2A000906343F08003A381266165614E44A5EB52
:10C2B00009052660A5603E46BE4200D93E4620687C
:10C2C00032464146FEF7B0FCA3689B1BA36023687F
:10C2D000334423600020BDE8F0872A46FDF72EFD99
:10C2E00006460028E0D121695046FFF7DBFB0C230E
:10C2F000CAF80030A38943F04003A3814FF0FF3018
:10C30000E9E700002DE9F04F98468B891B069DB0A8
:10C3100007460D46144610D50B6973B94021FDF749
:10C320000DFC2860286130B90C233B604FF0FF30D2
:10C330001DB0BDE8F08F40236B61002309932023DB
:10C340008DF82930CDF80C803023DFF89C818DF8F2
:10C350002A304FF0010923469A4613F8012B0AB1FF
:10C36000252AF9D1BAEB040B0BD05B4622462946AD
:10C370003846FFF76BFF013000F0A780099A5A4456
:10C3800009929AF80030002B00F09F8000234FF0B4
:10C39000FF32CDE905230AF1010A049307938DF8D2
:10C3A00053301A935446052214F8011B4E48E3F704
:10C3B000A7FF049AD8B9D00644BF20238DF8533084
:10C3C000110744BF2B238DF853309AF800302A2BE5
:10C3D00015D0079A544600204FF00A0C214611F858
:10C3E000013B303B092B4BD9B0B1079214E0A0EBD5
:10C3F000080309FA03F313430493A246D2E7039B0D
:10C40000191D1B680391002BBBBF5B4242F0020267
:10C4100007930793B8BF049223782E2B0AD1637831
:10C420002A2B32D1039B1A1D1B68039243EAE37344
:10C4300002340593DFF8C0A0217803225046E3F7C9
:10C440005FFF38B1049BA0EB0A00402282401343F7
:10C450000134049314F8011B24488DF82810062297
:10C46000E3F74EFF002836D0214B1BBB039B07335D
:10C4700023F0070308330393099B334409936AE7C6
:10C480000CFB02320C460120A8E70023013405937F
:10C4900019464FF00A0C204610F8012B303A092AB1
:10C4A00003D9002BC6D00591C4E70CFB012104463B
:10C4B0000123F0E703AB00932A460E4B04A938464C
:10C4C000FDF772FD421C0646D6D1AB895B063FF5EF
:10C4D0002DAF09982CE703AB00932A46054B04A91E
:10C4E0003846FDF7E9FFEDE700DB01080ADB01084C
:10C4F000A99F01084DC2010806DB01089368013BB2
:10C50000002B10B4936008DA9469A34201DB0A2976
:10C5100003D15DF8044BFEF7E3BA1368581C1060B2
:10C52000197008465DF8044B7047F8B506460F468B
:10C530001446D518AC4201D1002007E014F8011BC5
:10C540003A463046FFF7DAFF431CF3D1F8BD00004E
:10C550002DE9F04F0D469DB014469846064618B199
:10C56000036A0BB9FEF754F96B6ED90705D4AB8992
:10C570009A0502D4A86DFEF78AFCAB891B0701D58A
:10C580002B699BB929463046FEF7E8FA70B16B6E0D
:10C59000DC0704D54FF0FF301DB0BDE8F08FAB894C
:10C5A0009805F7D4A86DFEF773FCF3E70023099311
:10C5B00020238DF82930CDF80C803023DFF8AC81B2
:10C5C0008DF82A304FF0010923469A4613F8012BC3
:10C5D0000AB1252AF9D1BAEB040B0BD05B462246EF
:10C5E00029463046FFF7A1FF013000F0A780099AE5
:10C5F0005A4409929AF80030002B00F09F800023E3
:10C600004FF0FF32CDE905230AF1010A04930793A5
:10C610008DF853301A935446052214F8011B5348E1
:10C62000E3F76EFE049AD8B9D10644BF20238DF8F3
:10C630005330130744BF2B238DF853309AF8003042
:10C640002A2B15D0079A544600204FF00A0C214699
:10C6500011F8013B303B092B4BD9B0B1079214E0E4
:10C66000A0EB080309FA03F313430493A246D2E7AD
:10C67000039B191D1B680391002BBBBF5B4242F05B
:10C68000020207930793B8BF049223782E2B0AD196
:10C6900063782A2B32D1039B1A1D1B68039243EA4D
:10C6A000E37302340593DFF8D4A0217803225046C7
:10C6B000E3F726FE38B1049BA0EB0A00402282403B
:10C6C00013430134049314F8011B29488DF82810F2
:10C6D0000622E3F715FE00283FD0264B1BBB039B29
:10C6E000073323F0070308330393099B3B44099363
:10C6F0006AE70CFB02320C460120A8E70023013454
:10C70000059319464FF00A0C204610F8012B303AD9
:10C71000092A03D9002BC6D00591C4E70CFB0121DF
:10C7200004460123F0E703AB00932A46124B04A909
:10C730003046FDF739FC0746781CD6D16B6ED90719
:10C7400005D4AB899A0502D4A86DFEF7A1FBAB898D
:10C750005B063FF51FAF09981EE703AB00932A461F
:10C76000054B04A93046FDF7A7FEE4E700DB01080E
:10C770000ADB0108A99F01082BC5010806DB010897
:10C78000B1F90C202DE9F041160705460C4654D4AA
:10C790004B68002B02DC0B6C002B48DDE66A002E98
:10C7A00045D0002312F480522F68216A2B6030D0CC
:10C7B000626DA389590705D56368D21A636B0BB103
:10C7C000236CD21A0023E66A216A2846B047431C2C
:10C7D000A38906D129681D292BD82A4A0A41D607E0
:10C7E00027D400226260D9042269226004D5421C49
:10C7F00001D12B6803B96065616B2F60B9B104F199
:10C800004403994202D02846FFF74CF900236363A2
:10C810000DE001232846B0470246501CC9D12B68C1
:10C82000002BC6D01D2B01D0162B1ED12F6000204F
:10C8300022E043F040031BB21BE00F69002FF6D04B
:10C8400093070E6808BF4B690F6018BF0023A6EB63
:10C8500007088B60B8F1000FE9DD216AA66A43463C
:10C860003A462846B047002808DCB4F90C3043F0BB
:10C870004003A3814FF0FF30BDE8F0810744A8EBEF
:10C880000008E7E7FEFFBFDF38B50B6905460C4639
:10C8900013B90025284638BD18B1036A0BB9FDF756
:10C8A000B7FFB4F90C30002BF3D0626ED00704D47C
:10C8B000990502D4A06DFEF7EAFA28462146FFF753
:10C8C0005FFF636EDA070546E4D4A3899B05E1D4D4
:10C8D000A06DFEF7DDFADDE770B50C46B1F90E107C
:10C8E000002996B015461E460DDAA38913F0800F75
:10C8F0004FF0000114BF40234FF4806300203160EB
:10C900002B6016B070BD6A4600F078F80028ECDBAA
:10C91000019901F47041A1F50053594259414FF476
:10C920008063EBE78B89F7B59D0706460C4607D574
:10C9300004F14703236023610123636103B0F0BD69
:10C9400001AB6A46FFF7C8FF009F054639463046EF
:10C95000FDF7F4F848B9B4F90C309A05EED423F099
:10C96000030343F00203A381E2E7A389206043F0BD
:10C970008003A381019BC4E904075BB1B4F90E10E5
:10C98000304600F04DF828B1A38923F0030343F0AB
:10C990000103A381A3891D43A581CFE71F2938B5D2
:10C9A00005460C4604D9162303604FF0FF3038BD0E
:10C9B000C26B12B152F821304BB9284600F052F840
:10C9C000224601462846BDE8384000F039B8012B20
:10C9D0000AD0591C03D1162303600120E7E7002188
:10C9E00042F82410204698470020E0E7024B014619
:10C9F0001868FFF7D3BF00BFC800002438B5074D43
:10CA000000230446084611462B60E4F7B9FB431C9B
:10CA100002D12B6803B1236038BD00BFB4FC0124F0
:10CA200038B5064D0023044608462B60E4F7B8FBF2
:10CA3000431C02D12B6803B1236038BDB4FC012430
:10CA400038B5074D00230446084611462B60E4F72D
:10CA500053FB431C02D12B6803B1236038BD00BFD8
:10CA6000B4FC0124E4F740BB82B001B901A942B192
:10CA70004BB113780B601278101E18BF012002B062
:10CA800070471046FBE76FF00100F8E703460846E1
:10CA900041B1FF2A04D98A221A604FF0FF30704753
:10CAA0000A70012070470000F8B500BFF8BC08BC50
:10CAB0009E467047F8B500BFF8BC08BC9E4670475C
:10CAC0007374617274204150502048616E646C65CB
:10CAD000000000004572726F72206F6E2064656600
:10CAE00061756C7420616C6C6F6361746F7273201C
:10CAF000286C696E65202564290A000064617461F0
:10CB00003A256C640A0000004572726F72206F6EE5
:10CB1000206C696E652025643A2025642E204162D0
:10CB20006F7274696E672E0A00000000524F532026
:10CB3000446F6D61696E2049443A25640A00000023
:10CB40005265636F6E6E656374696E6720616765B9
:10CB50006E742E2E2E0000005374617274205942A0
:10CB60005F4578616D706C655F4E6F6465000000B5
:10CB700059425F4578616D706C655F4E6F6465000A
:10CB8000696E7433325F7375627363726962657262
:10CB9000000000006578656375746F725F636F7580
:10CBA0006E743A25640A0000524F53205461736B2F
:10CBB00020456E6400000000526573746172742039
:10CBC00053797374656D21212100000064656661ED
:10CBD000756C745461736B006D795461736B526F33
:10CBE0007300000064617461000000007374645F8E
:10CBF0006D7367735F5F6D7367000000496E743318
:10CC00003200000049444C4500000000546D722081
:10CC100053766300546D7251000000000000000064
:10CC2000047DC12502000000FFD7F23200000000A1
:10CC3000FFFD000058524345010F0000FFFE0000B9
:10CC4000CCCB010800000000000000000000000044
:10CC500000000000D00700000800000000000000F5
:10CC600000000000D8CB0108000000000000000018
:10CC70000000000000000000E02E0000180000008E
:10CC8000000000000000000000000000010203049A
:10CC90000102030406070809000610160006101614
:10CCA000010002000400060008000A000C00100049
:10CCB0002000400080000001010101030701000085
:10CCC0000804020408010101ECCB0108FCCB0108B7
:10CCD000010000000400000018000024BDAA0008A4
:10CCE000D7AA0008000000000000000000000000BB
:10CCF0000000000000000000000000000000000034
:10CD00000000000000000000000000000000000023
:10CD10000000000000000000000000000000000013
:10CD20000000000000000000000000000000000003
:10CD300000000000000000000000000000000000F3
:10CD400000000000000000000000000000000000E3
:10CD500000000000000000000000000000000000D3
:10CD600000000000000000000000000000000000C3
:10CD70000000000000000000010000000A000000A8
:10CD800001020000000000000000000000000000A0
:10CD90000000000000000000000000000000000093
:10CDA0000000000000000000000000000000000083
:10CDB0000000000000000000000000000000000073
:10CDC0000000000000000000524F535F4C4F4341F1
:10CDD0004C484F53545F4F4E4C5900002E000000FA
:10CDE0002F0000002F25730025732573000000001D
:10CDF00025732F25730000000000000000000000D4
:10CE0000524F535F53454355524954595F454E4124
:10CE1000424C45007472756500000000524F535F2C
:10CE200053454355524954595F5354524154454711
:10CE300059000000456E666F72636500656E636C35
:10CE40006176657300000000524F535F53454355B0
:10CE5000524954595F4B455953544F5245000000B5
:10CE6000524F535F53454355524954595F454E43C2
:10CE70004C4156455F4F56455252494445000000CB
:10CE80000000000000000000010000000A00000097
:10CE9000010200000000000000000000000000008F
:10CEA0000000000000000000000000000000000082
:10CEB0000000000000000000000000000000000072
:10CEC0000000000000000000000000000000000062
:10CED000000000000000000072636C5F76616C6906
:10CEE000646174655F656E636C6176655F6E616DCC
:10CEF000655F776974685F73697A6528293A207578
:10CF00006E6B6E6F776E20726D775F76616C6964A1
:10CF10006174655F6E616D6573706163655F77698C
:10CF200074685F73697A65282920726573756C74FB
:10CF300020272564270000000000000000000000FA
:10CF400000000000000000000000000000000000E1
:10CF500000000000000000000000000000000000D1
:10CF600000000000000000000000000000000000C1
:10CF700000000000000000000000000000000000B1
:10CF8000617267756D656E7420656E765F6E616D3A
:10CF900065206973206E756C6C00000061726775A6
:10CFA0006D656E7420656E765F76616C756520695F
:10CFB00073206E756C6C000065000000726F736901
:10CFC000646C5F74797065737570706F72745F6D87
:10CFD0006963726F787263656464735F63000000F5
:10CFE0003A3A00002573257325732573257325733D
:10CFF000257300005F000000646473007274000019
:10D00000726D775F76616C69646174655F6E616D86
:10D0100065737061636528293A20756E6B6E6F7752
:10D020006E20726D775F76616C69646174655F66AE
:10D03000756C6C5F746F7069635F6E616D652829D4
:10D0400020726573756C742027256427000000002A
:10D05000756E6B6E6F776E20726573756C7420637E
:10D060006F646520666F7220726D77206E616D65EA
:10D0700073706163652076616C69646174696F6E59
:10D08000000000006E616D657370616365206D75F1
:10D090007374206E6F7420626520656D7074790002
:10D0A0006E616D657370616365206D757374206268
:10D0B00065206162736F6C7574652C206974206DD6
:10D0C000757374206C6561642077697468206120D1
:10D0D000272F27006E616D657370616365206D7524
:10D0E0007374206E6F7420656E6420776974682095
:10D0F0006120272F272C20756E6C657373206F6E4F
:10D100006C79206120272F27000000006E616D657B
:10D110007370616365206D757374206E6F74206326
:10D120006F6E7461696E20636861726163746572A9
:10D1300073206F74686572207468616E20616C7012
:10D1400068616E756D65726963732C20275F272C8B
:10D15000206F7220272F27006E616D6573706163E9
:10D1600065206D757374206E6F7420636F6E7461CB
:10D17000696E20726570656174656420272F2700D1
:10D180006E616D657370616365206D757374206E7B
:10D190006F742068617665206120746F6B656E2006
:10D1A0007468617420737461727473207769746831
:10D1B0002061206E756D6265720000006E616D65A4
:10D1C00073706163652073686F756C64206E6F7433
:10D1D000206578636565642027524D575F4E414D49
:10D1E0004553504143455F4D41585F4E414D455F6A
:10D1F0004C454E47544827000000000084D00108E9
:10D20000A0D00108D4D001080CD1010858D10108E0
:10D2100080D10108BCD10108756E6B6E6F776E20EE
:10D22000726573756C7420636F646520666F72201D
:10D23000726D77206E6F6465206E616D652076611A
:10D240006C69646174696F6E000000006E6F6465E4
:10D25000206E616D65206D757374206E6F74206231
:10D260006520656D707479006E6F6465206E616D08
:10D2700065206D757374206E6F7420636F6E7461BA
:10D28000696E2063686172616374657273206F7484
:10D29000686572207468616E20616C7068616E757B
:10D2A0006D6572696373206F7220275F270000002D
:10D2B0006E6F6465206E616D65206D757374206E90
:10D2C0006F742073746172742077697468206120B0
:10D2D0006E756D62657200006E6F6465206E616DC3
:10D2E00065206C656E6774682073686F756C642068
:10D2F0006E6F742065786365656420273235352745
:10D3000000000000000000004CD2010868D20108B3
:10D31000B0D20108D8D20108726F7369646C5F746F
:10D32000797065737570706F72745F696E74726F07
:10D330007370656374696F6E5F6300007374645F1C
:10D340006D73677300000000726F7369646C5F74C3
:10D35000797065737570706F72745F696E74726FD7
:10D360007370656374696F6E5F635F5F6765745F39
:10D370006D6573736167655F747970655F737570F0
:10D38000706F72745F68616E646C655F5F73746404
:10D390005F6D7367735F5F6D73675F5F496E743353
:10D3A00032000000726F7369646C5F74797065732A
:10D3B0007570706F72745F6D6963726F7872636598
:10D3C0006464735F635F5F6765745F6D65737361EA
:10D3D00067655F747970655F737570706F72745F85
:10D3E00068616E646C655F5F7374645F6D736773AF
:10D3F0005F5F6D73675F5F496E74333200000000DA
:10D4000018D30108BCCF0108020000003CD301087A
:10D4100000D401081CD401087C00002448D3010872
:10D42000A4D301087374645F6D7367733A3A6D73C4
:10D43000670000000000C1C081C1400101C3C003FA
:10D44000800241C201C6C006800741C70005C1C5B0
:10D4500081C4400401CCC00C800D41CD000FC1CF70
:10D4600081CE400E000AC1CA81CB400B01C9C00960
:10D47000800841C801D8C018801941D9001BC1DB00
:10D4800081DA401A001EC1DE81DF401F01DDC01DB0
:10D49000801C41DC0014C1D481D5401501D7C017D0
:10D4A000801641D601D2C012801341D30011C1D1E0
:10D4B00081D0401001F0C030803141F10033C1F320
:10D4C00081F240320036C1F681F7403701F5C035B0
:10D4D000803441F4003CC1FC81FD403D01FFC03F70
:10D4E000803E41FE01FAC03A803B41FB0039C1F960
:10D4F00081F840380028C1E881E9402901EBC02BC0
:10D50000802A41EA01EEC02E802F41EF002DC1EDAF
:10D5100081EC402C01E4C024802541E50027C1E7CF
:10D5200081E640260022C1E281E3402301E1C021DF
:10D53000802041E001A0C060806141A10063C1A3DF
:10D5400081A240620066C1A681A7406701A5C065AF
:10D55000806441A4006CC1AC81AD406D01AFC06F6F
:10D56000806E41AE01AAC06A806B41AB0069C1A95F
:10D5700081A840680078C1B881B9407901BBC07BFF
:10D58000807A41BA01BEC07E807F41BF007DC1BDAF
:10D5900081BC407C01B4C074807541B50077C1B7CF
:10D5A00081B640760072C1B281B3407301B1C071DF
:10D5B000807041B00050C190819140510193C0539F
:10D5C000805241920196C056805741970055C195AF
:10D5D00081944054019CC05C805D419D005FC19F6F
:10D5E000819E405E005AC19A819B405B0199C0595F
:10D5F000805841980188C04880494189004BC18BBF
:10D60000818A404A004EC18E818F404F018DC04DAE
:10D61000804C418C0044C184818540450187C047CE
:10D62000804641860182C042804341830041C181DE
:10D630008180404000000000000000000000000069
:10D640000000000000000000917E0108957E0108A6
:10D6500000000000000000000000000000000000CA
:10D66000957E0108997E01089D7E0108000000005A
:10D670000000000000000000997E01089D7E010866
:10D68000A17E010800000000000000000000000072
:10D69000000000000000000000000000000000008A
:10D6A000000000000000000000000000000000007A
:10D6B000000000000000000000000000000000006A
:10D6C000000000000000000000000000000000005A
:10D6D000000000000000000000000000000000004A
:10D6E00000000000524F535F444F4D41494E5F4987
:10D6F0004400000025732F25732573007B6E6F6433
:10D70000657D00007B6E737D000000007B6E616DA7
:10D710006573706163657D0000000000000000001B
:10D7200063647200726D775F6D6963726F787263A4
:10D73000656464730000000024D70108726F736988
:10D74000646C5F74797065737570706F72745F6309
:10D75000002C2066756E6374696F6E3A20006173E9
:10D7600073657274696F6E20222573222066616969
:10D770006C65643A2066696C6520222573222C2032
:10D780006C696E65202564257325730A0052454532
:10D790004E54206D616C6C6F6320737563636565B7
:10D7A000646564002F6275696C642F676E752D74F3
:10D7B0006F6F6C732D666F722D73746D33325F31C2
:10D7C000322E332E72656C312E3230323430363197
:10D7D000322D313331352F7372632F6E65776C695B
:10D7E000622F6E65776C69622F6C6962632F737448
:10D7F000646C69622F72616E642E630000202020C9
:10D8000020202020202028282828282020202020F0
:10D8100020202020202020202020202020881010C0
:10D82000101010101010101010101010100404041C
:10D8300004040404040404101010101010104141DA
:10D8400041414141010101010101010101010101C8
:10D8500001010101010101011010101010104242DC
:10D860004242424202020202020202020202020298
:10D870000202020202020202101010102000000038
:10D880000000000000000000000000000000000098
:10D890000000000000000000000000000000000088
:10D8A0000000000000000000000000000000000078
:10D8B0000000000000000000000000000000000068
:10D8C0000000000000000000000000000000000058
:10D8D0000000000000000000000000000000000048
:10D8E0000000000000000000000000000000000038
:10D8F00000000000000000000000000000494E464B
:10D9000000696E66004E414E006E616E0030003060
:10D910003132333435363738394142434445460095
:10D920003031323334353637383961626364656695
:10D9300000496E66696E697479004E614E002F620F
:10D9400075696C642F676E752D746F6F6C732D66BF
:10D950006F722D73746D33325F31322E332E7265D8
:10D960006C312E32303234303631322D3133313564
:10D970002F7372632F6E65776C69622F6E65776C9B
:10D9800069622F6C6962632F7374646C69622F64BF
:10D99000746F612E630042616C6C6F6320737563FA
:10D9A000636565646564002F6275696C642F676EDA
:10D9B000752D746F6F6C732D666F722D73746D336C
:10D9C000325F31322E332E72656C312E323032346A
:10D9D000303631322D313331352F7372632F6E650E
:10D9E000776C69622F6E65776C69622F6C69626310
:10D9F0002F7374646C69622F6D707265632E63009F
:10DA000005000000190000007D000000000000007B
:10DA10000080E03779C34143176E05B5B5B893462A
:10DA2000F5F93FE9034F384D321D30F94877825AF6
:10DA30003CBF737FDD4F1575000000000000F03F14
:10DA400000000000000024400000000000005940D9
:10DA50000000000000408F40000000000088C3402C
:10DA600000000000006AF8400000000080842E41A1
:10DA700000000000D01263410000000084D79741ED
:10DA80000000000065CDCD41000000205FA00242F3
:10DA9000000000E876483742000000A2941A6D4268
:10DAA000000040E59C30A2420000901EC4BCD6425B
:10DAB00000003426F56B0C430080E03779C3414306
:10DAC00000A0D8855734764300C84E676DC1AB437C
:10DAD000003D9160E458E143408CB5781DAF15449A
:10DAE00050EFE2D6E41A4B4492D54D06CFF0804475
:10DAF000F64AE1C7022DB544B49DD9794378EA448A
:10DB0000232D302B2000686C4C0065666745464726
:0CDB1000004300504F534958002E000005
:08DB1C00C427FE7F0100000098
:08DB2400C50200085D2E010896
:04DB2C00A10200084A
:10DB30001E000000F80300240090D0030090D003E2
:10DB40001000000001000000E4CB01080D000000FF
:10DB500000000000000000000000000000000000C5
:10DB600000000000000000000000000000000000B5
:10DB700000000000000000000000000000000000A5
:10DB80000000000000000000C8CC01082D2E010894
:10DB9000AAAAAAAAC5070108C1070108BD0701086A
:10DBA000B90701080000000018D30108EDAA000819
:10DBB000C52E01080000000008D40108A58B01084B
:10DBC000BCCF01089C0000242D2E010824D401089C
:10DBD0009CD30108A12E0108812E0108B12E010855
:10DBE0008D2E0108712E01083CD7010800000000AD
:10DBF0000300000078FB0124CC000024000000009A
:10DC000078FB0124E0FB012448FC01240000000013
:10DC10000000000000000000000000000000000004
:10DC200000000000000000000000000000000000F4
:10DC300000000000000000000000000000000000E4
:10DC40000000000000000000430000000000000091
:10DC500000000000000000000000000000000000C4
:10DC60000000000000000000430000000000000071
:10DC700000000000000000000000000000000000A4
:10DC80000000000000000000430000000000000051
:10DC90000000000000000000000000000000000084
:10DCA0000000000000000000430000000000000031
:10DCB0000000000000000000000000000000000064
:10DCC0000000000000000000430000000000000011
:10DCD0000000000000000000000000000000000044
:10DCE00000000000000000004300000000000000F1
:10DCF0000000000000000000000000000000000024
:10DD000000000000000000004300000000000000D0
:10DD10000000000000000000000000000000000003
:10DD200000000000000000008DCA010869CA010857
:10DD300000000000FCD7010819DB01088CD701089E
:10DD40008CD701088CD701088CD701088CD7010823
:10DD50008CD701088CD701088CD701088CD7010813
:10DD6000FFFFFFFFFFFFFFFFFFFFFFFFFFFF0000C1
:10DD70000100415343494900000000000000000039
:10DD80000000000000000000000000000000000093
:10DD9000000041534349490000000000000000001A
:10DDA0000000000000000000000000000000000073
:04DDB000000000006F
:04000005080016D108
:00000001FF
