:020000040800F2
:100000000000082415170008A5100008AD1000080E
:10001000B5100008BD100008C51000080000000061
:10002000000000000000000000000000C1D1000836
:10003000CD1000080000000011D40008A9AB000892
:1000400065170008651700086517000865170008A0
:100050006517000865170008651700086517000890
:10006000651700086517000865170008DD1000080F
:10007000F1100008651700086517000865170008EB
:100080006517000865170008651700086517000860
:100090006517000865170008651700086517000850
:1000A0006517000865170008651700086517000840
:1000B0006517000865170008651700086517000830
:1000C0006517000865170008651700086517000820
:1000D0006517000805110008651700086517000876
:1000E0006517000865170008000000006517000884
:1000F00065170008651700086517000865170008F0
:1001000065170008651700086517000865170008DF
:100110006517000865170008651700081911000821
:1001200065170008651700086517000865170008BF
:1001300065170008651700086517000865170008AF
:1001400000000000000000000000000000000000AF
:10015000651700086517000865170008651700088F
:10016000651700086517000865170008651700087F
:1001700065170008651700086517000800000000F3
:10018000651700086517000865170008651700085F
:10019000651700086517000865170008651700084F
:1001A000651700086517000865170008651700083F
:1001B000651700086517000865170008651700082F
:1001C000651700086517000865170008651700081F
:1001D000651700086517000865170008651700080F
:1001E00065170008651700086517000865170008FF
:1001F00065170008651700086517000865170008EF
:1002000065170008651700086517000865170008DE
:1002100065170008651700086517000865170008CE
:100220006517000865170008651700080000000042
:100230006517000865170008000000006517000832
:10024000651700086517000865170008651700089E
:10025000651700086517000865170008651700088E
:10026000651700086517000865170008651700087E
:1002700065170008651700086517000800000000F2
:1002800065170008651700086517000800000000E2
:080290000000000065170008E2
:1002A00010B5054C237833B9044B13B10448AFF3B0
:1002B00000800123237010BD88020024000000008C
:1002C000C8CF010808B5034B1BB103490348AFF37E
:1002D000008008BD000000008C020024C8CF010887
:1002E00010F8012B11F8013B012A28BF9A42F7D0E0
:1002F000D01A70470000000000000000000000005D
:1003000001F0FF01102A2BDB10F0070F08D010F8C6
:10031000013B013A8B422DD010F0070F42B3F6D1CA
:10032000F0B441EA012141EA014122F007047FF0E3
:1003300000070023F0E80256083C85EA010586EA3A
:10034000010685FA47F5A3FA87F586FA47F6A5FA76
:1003500087F68EB9EED1F0BC01F0FF0102F0070282
:1003600032B110F8013B013A83EA010313B1F8D12D
:100370000020704701387047002D06BF354603380E
:10038000073815F0010F07D1013015F4807F02BF47
:10039000013015F4C03F0130F0BC0138704700BF98
:1003A000034613F8012B002AFBD1181A01387047B5
:1003B0007BB972B90029BEBF00204FF0004106E0B2
:1003C00008BF00281CBF6FF000414FF0FF3000F065
:1003D000B5B9ADF1080C6DE904CE002909DB002B9D
:1003E0001ADB00F04DF8DDF804E0DDE9022304B08B
:1003F0007047404261EB4101002B1BDB00F040F8ED
:10040000DDF804E0DDE9022304B0404261EB410184
:10041000524263EB43037047524263EB430300F0E5
:100420002FF8DDF804E0DDE9022304B0404261EB7F
:1004300041017047524263EB430300F021F8DDF8BD
:1004400004E0DDE9022304B0524263EB430370474A
:1004500053B94AB9002908BF00281CBF4FF0FF312B
:100460004FF0FF3000F06AB9ADF1080C6DE904CE31
:1004700000F006F8DDF804E0DDE9022304B070477F
:100480002DE9F047089D0C46002B4ED194468C4533
:100490008646B2FA82F262D94AB1C2F12003914093
:1004A00020FA03F30CFA02FC194300FA02FE4FEAA9
:1004B0001C471FFA8CF6B1FBF7F44FEA1E4307FB0B
:1004C000141143EA014304FB06F199420AD91CEBDB
:1004D000030304F1FF3080F01281994240F20F8152
:1004E000023C6344591A1FFA8EF3B1FBF7F007FB85
:1004F000101143EA014300FB06F69E420AD91CEBA9
:10050000030300F1FF3180F0FC809E4240F2F9804D
:10051000634402389B1B40EA044000211DB1D340D4
:100520000022C5E90032BDE8F0878B4205D90DB144
:10053000C5E9000100210846F5E7B3FA83F1002977
:1005400046D1A34202D39042C0F0F080861A64EBF9
:1005500003030120002DE6D0C5E90063E3E7002A8C
:1005600040F09080A1EB0C044FEA1C481FFA8CF776
:100570000121B4FBF8F64FEA1E4308FB164443EA98
:10058000044307FB06F0984208D91CEB030306F16D
:10059000FF3402D2984200F2CD8026461C1A1FFA80
:1005A0008EF3B4FBF8F008FB104443EA044300FB6D
:1005B00007F79F4208D91CEB030300F1FF3402D276
:1005C0009F4200F2B0802046DB1B40EA0640A5E7D0
:1005D000C1F120068B4022FA06F71F4320FA06FCE1
:1005E00004FA01F343EA0C03F44000FA01F8380C72
:1005F0004FEA1349B4FBF0FE1FFA87FC00FB1E44D0
:1006000049EA04440EFB0CF9A14502FA01F20AD9A9
:100610003C190EF1FF3A80F08480A14540F28180C0
:10062000AEF1020E3C44A4EB09041FFA83F9B4FBBB
:10063000F0F300FB134449EA044403FB0CFCA4451B
:1006400007D93C1903F1FF3067D2A44565D9023BB5
:100650003C4443EA0E40A0FB0293A4EB0C049C42F2
:10066000CE469C4651D34ED055B1B8EB0E0364EB49
:100670000C0404FA06F6CB401E43CC40C5E90064E6
:10068000002150E7C2F1200320FA03F10CFA02FC2A
:1006900024FA03F394400C434FEA1C4800FA02FE8C
:1006A0001FFA8CF7B3FBF8F008FB1031230C43EA78
:1006B000014300FB07F1994208D91CEB030300F149
:1006C000FF362CD299422AD9023863445B1AA4B26D
:1006D000B3FBF8F108FB113344EA034401FB07F3D1
:1006E000A34208D91CEB040401F1FF3613D2A34244
:1006F00011D902396444E41A41EA004139E7044659
:10070000F0E6084606E7C845AED2B9EB020E63EB49
:10071000070C0138A8E73146EDE7034699E7304674
:10072000D4E7D6467FE7634402384DE706462346C2
:1007300008460FE7023E634430E700BF704700BF42
:1007400080B500AF094B1B780133DAB2074B1A7042
:10075000064B1B78142B07D9044B00221A704FF458
:100760000051034804F0EDF900BF80BDA40200244D
:100770000008025880B582B000AF0BF00DFD0346B3
:100780007B6006481AF084FBFFF7DAFF3B1D0A2165
:1007900018460BF02FFB00BFF6E700BFE0CF0108C3
:1007A00080B586B000AF3B1D184610F0A1FA0F4B84
:1007B0007B600F4BBB600F4BFB600F4B3B613B1DE6
:1007C000184610F0A3FA034683F00103DBB2002BB6
:1007D00006D0622109481AF0F3FA4FF0FF3300E027
:1007E000002318461837BD4680BD00BF01A8000889
:1007F00045A800087DA80008E9A80008F4CF010872
:1008000080B588B004AF78600023FB607B680293FA
:10081000074B0193074B0093074B084A08490120F7
:1008200010F0C6FEF860FB6818461037BD4680BD64
:1008300025A60008C9A50008A9A500087DA50008EF
:100840009004002480B586B000AFF860C7E90023AB
:10085000FB68002B21D0134B1B68194612481AF075
:10086000AFFA00220F4911480EF010FE78617B6943
:10087000002B0AD00E4B1B6801330D4A13607A69B6
:1008800099210C481AF09CFA02E0094B00221A60E8
:10089000044B1B680133034A136000BF1837BD4681
:1008A00080BD00BFB00200241CD00108AC020024AF
:1008B000A80200242CD00108B0B5B6B002AF0023C6
:1008C000C7F8CC30AA4C07F18803184610F03CFA60
:1008D000254607F188040FCC0FC523682B600EF066
:1008E00057F90346C7F8A830A14B07F1A8046D4695
:1008F00003F10C0292E8030085E803000ECB2046CA
:100900000EF048F9C7F8C800D7F8C830002B0BD054
:10091000D7F8C820A42197481AF052FA964B05221E
:100920001A6000200BF0F2F9944B1B781A4607F17D
:10093000A803114618460EF02BFAC7F8C400D7F8E2
:10094000C430002B0BD0D7F8C420A52189481AF059
:1009500037FA894B05221A6000200BF0D7F907F10E
:10096000A80318460EF01CFAC7F8C00032200AF09F
:1009700011FA824B1B78194681481AF021FAD7F8F0
:10098000C000FFF73DFFFFF70BFF4FF4FA700AF0CE
:1009900001FA07F1A803764A009200220021794863
:1009A0000DF00EFEC7F8CC00D7F8CC30002B03D0EA
:1009B00075481AF06DFAE8E700BF74481AF068FA53
:1009C000734C07F1880318460EF012FA224607F11D
:1009D000880393E8030082E803006A4B6D4A6E497E
:1009E0006B480DF0B3FEC7F8BC00D7F8BC30002B45
:1009F0000BD0D7F8BC20B7215E481AF0E1F95E4B66
:100A000005221A6000200BF081F9644B1B6801334A
:100A1000624A136012F09CFC0246614B5C496148DB
:100A20000DF046FFC7F8B800D7F8B830002B0BD050
:100A3000D7F8B820BC214F481AF0C2F94E4B052216
:100A40001A6000200BF062F9574B009346A3D3E9DC
:100A500000234C4955480DF065FFC7F8B400D7F89E
:100A6000B430002B0BD0D7F8B420C32141481AF082
:100A7000A7F9414B05221A6000200BF047F9474BBC
:100A80001B6819464A481AF09BF94A4C3B461846DF
:100A90000DF0BAFA20463B46882219461AF091FC1E
:100AA0003E4B1B681A46324B364942480DF0B8FAA5
:100AB000C7F8B000D7F8B030002B0BD0D7F8B02073
:100AC000CC212C481AF07CF92B4B05221A6000200F
:100AD0000BF01CF9354937480DF01EFBC7F8AC0088
:100AE000D7F8AC30002B0BD0D7F8AC20CF21214861
:100AF0001AF066F9204B05221A6000200BF006F967
:100B000001224FF480412C4804F002F80BF044FB22
:100B10000346C7F8A4300BE0284A4FF000032548ED
:100B20000DF014FD07F1A4030A2118460BF062F939
:100B3000114B1B68022BEFDD00224FF480411E4851
:100B400003F0E6FF1E481AF0A3F91E481AF0A0F9B8
:100B50000A200BF0CFF900F066FF00BFD037BD468A
:100B6000B0BD00BFAFF3008000CA9A3B0000000098
:100B7000B802002450D00108A8020024000000247C
:100B800074D00108CC02002488D00108A0D001084C
:100B90008803002490030024B8D001089C0300249B
:100BA000C8D00108AC02002445080008B4020024A3
:100BB000D8D001080003002400080258809698004D
:100BC000ECD00108FCD0010880B582B000AF114B19
:100BD000D3F8D8300F4A43F00103C2F8D8300D4B98
:100BE000D3F8D83003F001037B607B680022052135
:100BF0000B2000F0F0FE0B2000F007FF0022052183
:100C00000C2000F0E8FE0C2000F0FFFE00BF0837CB
:100C1000BD4680BD0044025880B500AF084A00219F
:100C200008480AF025F80346074A1360074A0021DE
:100C300007480AF01DF80346064A136000BF80BD4E
:100C40007CD10108590C0008A0030024A0D10108A0
:100C50006F0C0008A403002480B582B000AF786058
:100C6000FFF788FD4FF47A700AF094F8FAE780B540
:100C700082B000AF786064200AF08CF8FFF71CFEA9
:100C80004FF47A700AF086F8FAE7000080B58AB06F
:100C900000AF07F1140300221A605A609A60DA600C
:100CA0001A612A4BD3F8E030284A43F00403C2F813
:100CB000E030264BD3F8E03003F004033B613B699E
:100CC000224BD3F8E030214A43F08003C2F8E030F1
:100CD0001E4BD3F8E03003F08003FB60FB681B4B36
:100CE000D3F8E030194A43F01003C2F8E030174B54
:100CF000D3F8E03003F01003BB60BB68134BD3F8AC
:100D0000E030124A43F00103C2F8E0300F4BD3F851
:100D1000E03003F001037B607B6800224FF4C041A8
:100D20000B4803F0F5FE4FF4C0437B610123BB6128
:100D30000023FB6100233B6207F1140319460448BA
:100D400003F036FD00BF2837BD4680BD0044025881
:100D50000008025880B500AF00F0D6F800F004FD9E
:100D600000F010F8FFF792FFFFF72EFF00F05CFB9A
:100D700000F00EFB09F032FFFFF74EFF09F052FFC3
:100D800000BFFDE780B59EB000AF07F12C034C22F9
:100D9000002118461AF0F2F907F10C032022002175
:100DA00018461AF0EBF9022003F0E6FE0023BB60C0
:100DB000484BDB6A474A23F00103D362454BDB6AA9
:100DC00003F00103BB60444B9B69434A43F4404337
:100DD0009361414B9B6903F44043BB60BB6800BF18
:100DE0003D4B9B6903F40053B3F5005FF8D13B4BD7
:100DF000D3F8F430394A43F00203C2F8F430374BE9
:100E0000D3F8F43003F002037B607B6800233B607F
:100E1000314B9B69304A43F4404393612E4B9B69AD
:100E200003F440433B602B4BDB6A2A4A43F0010347
:100E3000D362284BDB6A03F001033B603B6800BFD1
:100E4000254B9B6903F40053B3F5005FF8D10123F0
:100E5000FB624FF480333B6302233B6502237B65D7
:100E60000523BB65C023FB6502233B6608237B6625
:100E70000223BB660823FB6600233B6700237B67D6
:100E800007F12C03184603F0B1FE0346002B01D0F6
:100E900000F078F83F23FB6003233B6100237B6174
:100EA0000823BB614023FB6140233B624FF4806316
:100EB0007B624023BB6207F10C030421184604F057
:100EC000EFFA0346002B01D000F05CF800BF783742
:100ED000BD4680BD00040058004802580044025836
:100EE00080B584B000AFF860B9607A607B689AB270
:100EF000FF23B968034806F0EBFF7B6818461037FC
:100F0000BD4680BDFC03002480B584B000AF3B46E5
:100F100000221A605A609A60DA6000F089FD0123AD
:100F20003B7000237B7000237B601F233B72872371
:100F30007B720023BB720023FB7201233B730123EE
:100F40007B730023BB730023FB733B46184600F002
:100F5000A7FD042000F084FD00BF1037BD4680BD12
:100F600080B582B000AF78607B681B68044A93420A
:100F700001D100F035FC00BF0837BD4680BD00BF81
:100F80000014004080B400AF72B600BF00BFFDE7A0
:100F900080B582B000AF0C4BD3F8F4300A4A43F06E
:100FA0000203C2F8F430084BD3F8F43003F0020324
:100FB0007B607B6800220F216FF0010000F00BFDC9
:100FC00000BF0837BD4680BD0044025880B590B0D0
:100FD00000AF78607B680F2B27D800227968372014
:100FE00000F0F9FC372000F010FD294A7B681360FF
:100FF000284BD3F8E830274A43F02003C2F8E83002
:10100000244BD3F8E83003F02003FB60FB6807F1C2
:10101000100207F114031146184604F0CDFDBB6A17
:10102000BB63BB6B002B06D101E001232BE004F076
:1010300097FDF86304E004F093FD03465B00FB6357
:10104000FB6B154AA2FB03239B0C013B7B63134BF9
:10105000134A1A60114B40F2E732DA600F4A7B6B99
:1010600053600E4B00221A610C4B00229A600B4811
:1010700006F010FC0346002B04D1084806F06CFC77
:10108000034600E0012318464037BD4680BD00BF3F
:10109000100000240044025883DE1B43A8030024F0
:1010A0000014004080B400AF00BFFDE780B400AF83
:1010B00000BFFDE780B400AF00BFFDE780B400AF24
:1010C00000BFFDE780B400AF00BFFDE780B400AF14
:1010D00000BFBD465DF8047B7047000080B500AFDF
:1010E000024802F047F800BF80BD00BF240500247D
:1010F00080B500AF024802F03DF800BF80BD00BFE0
:101100009C05002480B500AF024807F0D1F800BF6D
:1011100080BD00BF9004002480B500AF024806F0F7
:1011200093FC00BF80BD00BFA803002480B400AFC3
:1011300001231846BD465DF8047B704780B582B038
:1011400000AF786039601AF007F9034616221A607A
:101150004FF0FF3318460837BD4680BD80B582B0DA
:1011600000AF78604FF0FF317868FFF7E7FF00BF0E
:10117000FDE780B586B000AFF860B9607A60002303
:101180007B610AE0AFF300800146BB685A1CBA607D
:10119000CAB21A707B6901337B617A697B689A42B3
:1011A000F0DB7B6818461837BD4680BD80B483B03D
:1011B00000AF78604FF0FF3318460C37BD465DF83E
:1011C000047B704780B483B000AF786039603B68BF
:1011D0004FF400525A60002318460C37BD465DF8A4
:1011E000047B704780B483B000AF78600123184659
:1011F0000C37BD465DF8047B704780B485B000AF06
:10120000F860B9607A60002318461437BD465DF86F
:10121000047B704780B586B000AF7860144A154BE8
:10122000D31A7B617B693B61134B1B68002B02D196
:10123000114B124A1A60104B1A687B6813443A69C2
:101240009A4207D21AF088F803460C221A604FF02F
:10125000FF3309E0084B1B68FB60074B1A687B688B
:101260001344054A1360FB6818461837BD4680BD15
:101270000000082400040000F8030024C0FC01243E
:1012800080B400AF374BD3F88830364A43F470034C
:10129000C2F88830344B1B6803F00F03062B07D8C5
:1012A000314B1B6823F00F032F4A43F007031360F1
:1012B0002E4B1B682D4A43F0010313602B4B002279
:1012C0001A612A4B1A682949294B13400B60264B97
:1012D0001B6803F00803002B07D0234B1B6823F087
:1012E0000F03214A43F007031360204B00229A6149
:1012F0001E4B0022DA611D4B00221A621B4B1D4A55
:101300009A621A4B1C4ADA62184B1C4A1A63174B32
:1013100000225A63154B194A9A63144B0022DA6370
:10132000124B164A1A64114B00225A640F4B1B6869
:101330000E4A23F4802313600C4B00221A66104BD4
:101340001A68104B1340B3F1005F02D20E4B01221A
:101350001A600E4B43F2D2021A6000BFBD465DF820
:10136000047B704700ED00E000200052004402586A
:101370007FEDF6EA000202020000FF018002010197
:101380000010005C0000FFFF088100510040005287
:1013900080B500AF224B234A1A60214B4FF4E13253
:1013A0005A601F4B00229A601D4B0022DA601C4BD2
:1013B00000221A611A4B0C225A61194B00229A61C1
:1013C000174B0022DA61164B00221A62144B0022DE
:1013D0005A62134B00229A62114806F029FD034617
:1013E000002B01D0FFF7CEFD00210D4808F0ACFD29
:1013F0000346002B01D0FFF7C5FD0021084808F087
:10140000E1FD0346002B01D0FFF7BCFD044808F0C6
:1014100062FD0346002B01D0FFF7B4FD00BF80BD85
:10142000FC0300240078004080B500AF224B234A23
:101430001A60214B224A5A601F4B00229A601E4BB1
:101440000022DA601C4B00221A611B4B0C225A61ED
:10145000194B00229A61184B0022DA61164B0022C8
:101460001A62154B00225A62134B00229A621248EC
:1014700006F0DEFC0346002B01D0FFF783FD0021C0
:101480000D4808F061FD0346002B01D0FFF77AFDFF
:101490000021094808F096FD0346002B01D0FFF714
:1014A00071FD054808F017FD0346002B01D0FFF73A
:1014B00069FD00BF80BD00BF900400240010014002
:1014C00080841E0080B5BCB000AF786007F1DC03FB
:1014D00000221A605A609A60DA601A6107F11803F4
:1014E000C0220021184619F049FE7B681B68804A1B
:1014F000934247D14FF002024FF00003C7E90623A1
:101500000023C7F8903007F11803184604F096FB43
:101510000346002B01D0FFF735FD764BD3F8E830BA
:10152000744A43F08043C2F8E830724BD3F8E83095
:1015300003F080437B617B696E4BD3F8E0306D4AEA
:1015400043F01003C2F8E0306A4BD3F8E03003F008
:1015500010033B613B694FF4C073C7F8DC300223D2
:10156000C7F8E0300023C7F8E4300023C7F8E830BC
:101570000723C7F8EC3007F1DC0319465E4803F097
:1015800017F9B0E07B681B685C4A934240F0AB807F
:101590004FF001024FF00003C7E906230023C7F80C
:1015A000943007F11803184604F048FB0346002B5B
:1015B00001D0FFF7E7FC4F4BD3F8F0304D4A43F032
:1015C0001003C2F8F0304B4BD3F8F03003F01003A7
:1015D000FB60FB68474BD3F8E030464A43F0010319
:1015E000C2F8E030434BD3F8E03003F00103BB60B6
:1015F000BB684FF4C063C7F8DC300223C7F8E030A3
:101600000023C7F8E4300023C7F8E8300723C7F801
:10161000EC3007F1DC031946394803F0C9F8394BBF
:10162000394A1A60374B29225A60364B00229A6099
:10163000344B0022DA60334B4FF480621A61314B35
:1016400000225A612F4B00229A612E4B4FF4807278
:10165000DA612C4B00221A622A4B00225A62294876
:1016600000F05EFA0346002B01D0FFF78BFC7B688D
:10167000244AC3F88020234A7B689363234B244A7F
:101680001A60224B2A225A60204B40229A601F4B3C
:101690000022DA601D4B4FF480621A611B4B00225E
:1016A0005A611A4B00229A61184B0022DA61174BDB
:1016B00000221A62154B00225A62144800F030FAD8
:1016C0000346002B01D0FFF75DFC7B680F4ADA6709
:1016D0000E4A7B68936300220521252000F07BF9E8
:1016E000252000F092F900BFF037BD4680BD00BF55
:1016F00000780040004402580010025800100140D9
:101700000000025824050024100002409C0500241B
:1017100028000240DFF834D0FFF7B2FD0C480D4935
:101720000D4A002302E0D458C4500433C4188C423C
:10173000F9D30A4A0A4C002301E013600432A242A2
:10174000FBD319F00FFEFFF705FB704700000824DC
:10175000000000248402002468E0010888020024BC
:10176000BCFC0124FEE7000080B582B000AF03207E
:1017700000F026F904F04AF80246154B9B691B0A53
:1017800003F00F031349CB5C03F01F0322FA03F3AA
:101790007B600F4B9B6903F00F030E4AD35C03F091
:1017A0001F037A6822FA03F30B4A13600B4A7B6823
:1017B00013600F20FFF70AFC0346002B01D0012322
:1017C00002E0FFF7E5FB002318460837BD4680BD61
:1017D00000440258C4D101080C0000240800002471
:1017E00080B400AF064B1B781A46064B1B681344A7
:1017F000044A136000BFBD465DF8047B704700BF1C
:10180000140000241406002480B400AF034B1B68AE
:101810001846BD465DF8047B704700BF14060024DF
:1018200080B400AF034B1B681B0C1846BD465DF827
:10183000047B70470010005C80B485B000AF786016
:101840007B6803F00703FB600B4BDB68BB60BA6887
:101850004FF6FF031340BB60FB681A02BB681A43D4
:10186000064B1343BB60044ABB68D36000BF143708
:10187000BD465DF8047B704700ED00E00000FA050E
:1018800080B400AF044BDB681B0A03F00703184663
:10189000BD465DF8047B704700ED00E080B483B086
:1018A00000AF0346FB80B7F90630002B0BDBFB884B
:1018B00003F01F020749B7F906305B09012000FA5F
:1018C00002F241F8232000BF0C37BD465DF8047BCF
:1018D000704700BF00E100E080B483B000AF034672
:1018E0003960FB80B7F90630002B0ADB3B68DAB2BF
:1018F0000C49B7F906301201D2B20B4483F8002329
:101900000AE03B68DAB20849FB8803F00F03043BA6
:101910001201D2B20B441A7600BF0C37BD465DF8F7
:10192000047B704700E100E000ED00E080B489B086
:1019300000AFF860B9607A60FB6803F00703FB61F1
:10194000FB69C3F10703042B28BF0423BB61FB69B8
:101950000433062B02D9FB69033B00E000237B61C3
:101960004FF0FF32BB6902FA03F3DA43BB681A4057
:101970007B699A404FF0FF317B6901FA03F3D94349
:101980007B680B40134318462437BD465DF8047B43
:101990007047000080B400AFBFF34F8F00BF064B0D
:1019A000DB6803F4E0620449044B1343CB60BFF3EC
:1019B0004F8F00BF00BFFDE700ED00E00400FA0517
:1019C00080B582B000AF78607868FFF735FF00BF60
:1019D0000837BD4680BD80B586B000AF0346B9600C
:1019E0007A60FB81FFF74CFF78617A68B9687869A3
:1019F000FFF79CFF0246B7F90E3011461846FFF775
:101A00006BFF00BF1837BD4680BD80B582B000AF08
:101A10000346FB80B7F906301846FFF73FFF00BFCB
:101A20000837BD4680BD80B500AFFFF7B3FF0000AB
:101A300080B400AFBFF35F8F00BF074B5B6A064AFD
:101A400023F480335362054B00225A6000BFBD4629
:101A50005DF8047B704700BF00ED00E090ED00E012
:101A600080B483B000AF78600B4A7B6843F0010319
:101A700053600A4B5B6A094A43F480335362BFF3F5
:101A80004F8F00BFBFF36F8F00BF00BF0C37BD4645
:101A90005DF8047B704700BF90ED00E000ED00E0D2
:101AA00080B483B000AF78607B685A781B4B9A6033
:101AB0001A4B1B69194A23F001031361174A7B680B
:101AC0005B68D3607B681B7B1A077B68DB7A1B062D
:101AD0001A437B689B7ADB041A437B685B7B9B041D
:101AE0001A437B689B7B5B041A437B68DB7B1B048C
:101AF0001A437B685B7A1B021A437B681B7A5B0084
:101B000013437A6812781146044A0B43136100BFED
:101B10000C37BD465DF8047B704700BF90ED00E0D8
:101B200080B586B000AF7860FFF76EFE38617B68E5
:101B3000002B01D1012316E37B681B68664A9342A0
:101B40004AD07B681B68654A934245D07B681B6816
:101B5000634A934240D07B681B68624A93423BD001
:101B60007B681B68604A934236D07B681B685F4A7B
:101B7000934231D07B681B685D4A93422CD07B68CE
:101B80001B685C4A934227D07B681B685A4A934281
:101B900022D07B681B68594A93421DD07B681B6822
:101BA000574A934218D07B681B68564A934213D019
:101BB0007B681B68544A93420ED07B681B68534A6B
:101BC000934209D07B681B68514A934204D07B68DA
:101BD0001B68504A934201D1012300E00023002BEF
:101BE00000F03B817B68022283F835207B6800226D
:101BF00083F834207B681B68374A93424AD07B685D
:101C00001B68364A934245D07B681B68344A93422E
:101C100040D07B681B68334A93423BD07B681B688B
:101C2000314A934236D07B681B68304A934231D0A8
:101C30007B681B682E4A93422CD07B681B682D4A18
:101C4000934227D07B681B682B4A934222D07B6843
:101C50001B682A4A93421DD07B681B68284A93421E
:101C600018D07B681B68274A934213D07B681B6897
:101C7000254A93420ED07B681B68244A934209D0C0
:101C80007B681B68224A934204D07B681B68214A08
:101C9000934208D17B681B681A687B681B6822F036
:101CA00001021A6007E07B681B681A687B681B6882
:101CB00022F001021A602FE0FFF7A6FD02463B6901
:101CC000D31A052B28D97B6820225A657B6803220A
:101CD00083F83520012346E210000240280002402C
:101CE000400002405800024070000240880002405C
:101CF000A0000240B8000240100402402804024044
:101D0000400402405804024070040240880402402B
:101D1000A0040240B80402407B681B681B6803F003
:101D20000103002BC8D17B681B681B687B617A6943
:101D3000834B13407B617B689A687B68DB681A433E
:101D40007B681B691A437B685B691A437B689B69E4
:101D50001A437B68DB691A437B681B6A13437A6901
:101D600013437B617B685B6A042B07D17B68DA6A6B
:101D70007B681B6B13437A6913437B61714B1A6851
:101D8000714B1340B3F1005F28D37B685B68282B4D
:101D900003D97B685B682E2B17D97B685B683E2B69
:101DA00003D97B685B68422B0FD97B685B68462B45
:101DB00003D97B685B68482B07D97B685B684E2B2F
:101DC00005D97B685B68522B01D8012300E0002312
:101DD000002B03D07B6943F480137B617B681B6815
:101DE0007A691A607B681B685B697B617B6923F099
:101DF00007037B617B685B6A7A6913437B617B685D
:101E00005B6A042B17D17B689B6A7A6913437B61F9
:101E10007B68DB6A002B0ED0786802F03FFB03463C
:101E2000002B08D07B6840225A657B68012283F82A
:101E30003520012397E17B681B687A695A617868CD
:101E400002F07AFA0346BB607B68DB6D03F01F0388
:101E50003F229A40BB689A60CDE07B681B683B4A92
:101E6000934222D07B681B68394A93421DD07B681D
:101E70001B68384A934218D07B681B68364A9342E5
:101E800013D07B681B68354A93420ED07B681B6871
:101E9000334A934209D07B681B68324A934204D08C
:101EA0007B681B68304A934201D1012300E0002384
:101EB000002B00F097807B681B68244A934221D056
:101EC0007B681B68224A93421CD07B681B68214AAE
:101ED000934217D07B681B681F4A934212D07B68DD
:101EE0001B681E4A93420DD07B681B681C4A9342B4
:101EF00008D07B681B681B4A934203D07B681B6831
:101F0000194A93427B68022283F835207B680022BD
:101F100083F834207B681B681B687B617A69134BEC
:101F200013407B617B689B68402B21D07B689B685A
:101F3000802B02D14FF480431BE0002319E000BF47
:101F40003F8010FE0010005C0000FFFF08540258A4
:101F50001C540258305402584454025858540258E1
:101F60006C54025880540258945402580F00FEFFDB
:101F700010237A68D268D2081A437B681B69DB0891
:101F80001A437B685B69DB081A437B689B69DB0843
:101F90001A437B68DB69DB081A437B681B6A1B09F1
:101FA00013437A6913437B617B681B687A691A6003
:101FB0007B681B681A466E4B13446E4AA2FB0323D0
:101FC0001B099A007B68DA65786802F0B5F9034668
:101FD000FB607B68DB6D03F01F0301229A40FB6806
:101FE0005A6008E07B6840225A657B68032283F8C8
:101FF00035200123B7E07B681B685F4A934272D0AB
:102000007B681B685D4A93426DD07B681B685C4AA5
:10201000934268D07B681B685A4A934263D07B68BE
:102020001B68594A93425ED07B681B68574A9342AB
:1020300059D07B681B68564A934254D07B681B6812
:10204000544A93424FD07B681B68534A93424AD00C
:102050007B681B68514A934245D07B681B68504A95
:10206000934240D07B681B684E4A93423BD07B68CA
:102070001B684D4A934236D07B681B684B4A93429B
:1020800031D07B681B684A4A93422CD07B681B681E
:10209000484A934227D07B681B68474A934222D024
:1020A0007B681B68454A93421DD07B681B68444A85
:1020B000934218D07B681B68424A934213D07B68D6
:1020C0001B68414A93420ED07B681B683F4A93428B
:1020D00009D07B681B683E4A934204D07B681B682A
:1020E0003C4A934201D1012300E00023002B32D06F
:1020F000786802F04FFA7B689B68802B02D17B687E
:1021000000225A607B685A687B681B6ED2B21A60E4
:102110007B685B6E7A68926E5A607B685B68002BA6
:1021200010D07B685B68082B0CD8786802F0CCFA7A
:102130007B68DB6E00221A607B681B6F7A68526FC7
:102140005A6008E07B680022DA667B6800221A6722
:102150007B6800225A677B6800225A657B680122EF
:1021600083F83520002318461837BD4680BD00BFD0
:10217000F8ABFDA7CDCCCCCC10000240280002402B
:1021800040000240580002407000024088000240B7
:10219000A0000240B800024010040240280402409F
:1021A0004004024058040240700402408804024087
:1021B000A0040240B8040240085402581C540258BB
:1021C0003054025844540258585402586C5402581F
:1021D000805402589454025880B586B000AFF8601D
:1021E000B9607A603B600023FB75FB68002B01D16E
:1021F000012326E2FB6893F83430012B01D102233E
:102200001FE2FB68012283F83420FB6893F8353025
:10221000DBB2012B40F00A82FB68022283F83520F2
:10222000FB6800225A65FB681B68684A93424AD0E3
:10223000FB681B68664A934245D0FB681B68654A89
:10224000934240D0FB681B68634A93423BD0FB68D3
:102250001B68624A934236D0FB681B68604A93420F
:1022600031D0FB681B685F4A93422CD0FB681B6827
:102270005D4A934227D0FB681B685C4A934222D098
:10228000FB681B685A4A93421DD0FB681B68594A79
:10229000934218D0FB681B68574A934213D0FB68DF
:1022A0001B68564A93420ED0FB681B68544A9342FF
:1022B00009D0FB681B68534A934204D0FB681B6833
:1022C000514A934208D1FB681B681A68FB681B6877
:1022D00022F001021A6007E0FB681B681A68FB68BD
:1022E0001B6822F001021A603B687A68B968F868D6
:1022F00001F076FEFB681B68344A93424AD0FB68C3
:102300001B68334A934245D0FB681B68314A9342AD
:1023100040D0FB681B68304A93423BD0FB681B6887
:102320002E4A934236D0FB681B682D4A934231D027
:10233000FB681B682B4A93422CD0FB681B682A4A17
:10234000934227D0FB681B68284A934222D0FB683F
:102350001B68274A93421DD0FB681B68254A93429D
:1023600018D0FB681B68244A934213D0FB681B6893
:10237000224A93420ED0FB681B68214A934209D03F
:10238000FB681B681F4A934204D0FB681B681E4A07
:10239000934201D1012300E00023002B36D0FB68DB
:1023A0001B681B6823F01E02FB681B6842F01602C4
:1023B0001A60FB681B6C002B3ED0FB681B681A6818
:1023C000FB681B6842F008021A6035E0100002400A
:1023D00028000240400002405800024070000240C5
:1023E00088000240A0000240B800024010040240F1
:1023F0002804024040040240580402407004024095
:1024000088040240A0040240B8040240FB681B6834
:102410001B6823F00E02FB681B6842F00A021A6078
:10242000FB681B6C002B07D0FB681B681A68FB68F5
:102430001B6842F004021A60FB681B68834A9342DF
:1024400072D0FB681B68824A93426DD0FB681B68A0
:10245000804A934268D0FB681B687F4A934263D0EE
:10246000FB681B687D4A93425ED0FB681B687C4A10
:10247000934259D0FB681B687A4A934254D0FB6858
:102480001B68794A93424FD0FB681B68774A934296
:102490004AD0FB681B68764A934245D0FB681B68AC
:1024A000744A934240D0FB681B68734A93423BD006
:1024B000FB681B68714A934236D0FB681B68704A00
:1024C000934231D0FB681B686E4A93422CD0FB6864
:1024D0001B686D4A934227D0FB681B686B4A934286
:1024E00022D0FB681B686A4A93421DD0FB681B68B8
:1024F000684A934218D0FB681B68674A934213D01E
:10250000FB681B68654A93420ED0FB681B68644AEF
:10251000934209D0FB681B68624A934204D0FB686F
:102520001B68614A934201D1012300E00023002B84
:102530001AD0FB681B6E1B6803F48033002B07D096
:10254000FB681B6E1A68FB681B6E42F480721A608F
:10255000FB68DB6E002B07D0FB68DB6E1A68FB683C
:10256000DB6E42F480721A60FB681B68374A934244
:102570004AD0FB681B68364A934245D0FB681B680B
:10258000344A934240D0FB681B68334A93423BD0A5
:10259000FB681B68314A934236D0FB681B68304A9F
:1025A000934231D0FB681B682E4A93422CD0FB68C3
:1025B0001B682D4A934227D0FB681B682B4A934225
:1025C00022D0FB681B682A4A93421DD0FB681B6817
:1025D000284A934218D0FB681B68274A934213D0BD
:1025E000FB681B68254A93420ED0FB681B68244A8F
:1025F000934209D0FB681B68224A934204D0FB68CF
:102600001B68214A934208D1FB681B681A68FB6863
:102610001B6842F001021A6012E0FB681B681A682E
:10262000FB681B6842F001021A6009E0FB684FF486
:1026300000625A65FB68002283F834200123FB7591
:10264000FB7D18461837BD4680BD00BF1000024014
:102650002800024040000240580002407000024042
:1026600088000240A0000240B8000240100402406E
:102670002804024040040240580402407004024012
:1026800088040240A0040240B804024008540258E2
:102690001C5402583054025844540258585402589A
:1026A0006C540258805402589454025880B586B035
:1026B00000AF7860FFF7A8F838617B68002B01D184
:1026C0000123DCE27B6893F83530DBB2022B08D0C3
:1026D0007B6880225A657B68002283F834200123BE
:1026E000CDE27B681B68764A93424AD07B681B68C0
:1026F000744A934245D07B681B68734A934240D02A
:102700007B681B68714A93423BD07B681B68704AA8
:10271000934236D07B681B686E4A934231D07B6807
:102720001B686D4A93422CD07B681B686B4A9342AE
:1027300027D07B681B686A4A934222D07B681B685B
:10274000684A93421DD07B681B68674A934218D041
:102750007B681B68654A934213D07B681B68644A98
:1027600093420ED07B681B68624A934209D07B6813
:102770001B68614A934204D07B681B685F4A93429E
:1027800001D1012300E00023002B13D07B681B68DC
:102790001A687B681B6822F01E021A607B681B683F
:1027A0005A697B681B6822F080025A617B681B684B
:1027B0007B610AE07B681B681A687B681B6822F0F3
:1027C0000E021A607B681B687B617B681B683C4A51
:1027D000934272D07B681B683A4A93426DD07B6803
:1027E0001B68394A934268D07B681B68374A93421A
:1027F00063D07B681B68364A93425ED07B681B6857
:10280000344A934259D07B681B68334A934254D070
:102810007B681B68314A93424FD07B681B68304A03
:1028200093424AD07B681B682E4A934245D07B680E
:102830001B682D4A934240D07B681B682B4A934209
:102840003BD07B681B682A4A934236D07B681B6862
:10285000284A934231D07B681B68274A93422CD088
:102860007B681B68254A934227D07B681B68244AF3
:10287000934222D07B681B68224A93421DD07B681A
:102880001B68214A934218D07B681B681F4A9342F9
:1028900013D07B681B681E4A93420ED07B681B686E
:1028A0001C4A934209D07B681B681B4A934204D0A0
:1028B0007B681B68194A934232D1012331E000BF83
:1028C0001000024028000240400002405800024030
:1028D0007000024088000240A0000240B8000240A0
:1028E0001004024028040240400402405804024000
:1028F0007004024088040240A0040240B804024070
:10290000085402581C540258305402584454025877
:10291000585402586C540258805402589454025827
:102920000023002B07D07B681B6E1A687B681B6E28
:1029300022F480721A607B681B686D4A93424AD009
:102940007B681B686B4A934245D07B681B686A4A68
:10295000934240D07B681B68684A93423BD07B68B7
:102960001B68674A934236D07B681B68654A93426E
:1029700031D07B681B68644A93422CD07B681B680B
:10298000624A934227D07B681B68614A934222D0F7
:102990007B681B685F4A93421DD07B681B685E4A58
:1029A000934218D07B681B685C4A934213D07B68C3
:1029B0001B685B4A93420ED07B681B68594A93425E
:1029C00009D07B681B68584A934204D07B681B6817
:1029D000564A934208D17B681B681A687B681B685B
:1029E00022F001021A6007E07B681B681A687B68A6
:1029F0001B6822F001021A6013E0FEF705FF024691
:102A00003B69D31A052B0CD97B6820225A657B6859
:102A1000032283F835207B68002283F834200123C9
:102A20002DE17B691B6803F00103002BE5D17B6876
:102A30001B682F4A93424AD07B681B682D4A9342F9
:102A400045D07B681B682C4A934240D07B681B684A
:102A50002A4A93423BD07B681B68294A934236D06E
:102A60007B681B68274A934231D07B681B68264AE3
:102A700093422CD07B681B68244A934227D07B6802
:102A80001B68234A934222D07B681B68214A9342E9
:102A90001DD07B681B68204A934218D07B681B6856
:102AA0001E4A934213D07B681B681D4A93420ED086
:102AB0007B681B681B4A934209D07B681B681A4AD3
:102AC000934204D07B681B68184A934201D10123CA
:102AD00000E00023002B2BD07B689B6DBB607B68E4
:102AE000DB6D03F01F033F229A40BB689A602AE027
:102AF00010000240280002404000024058000240FE
:102B00007000024088000240A0000240B80002406D
:102B100010040240280402404004024058040240CD
:102B20007004024088040240A0040240B80402403D
:102B30007B689B6DFB607B68DB6D03F01F030122EC
:102B40009A40FB685A607B681B684F4A934272D078
:102B50007B681B684D4A93426DD07B681B684C4A6A
:102B6000934268D07B681B684A4A934263D07B6873
:102B70001B68494A93425ED07B681B68474A934270
:102B800059D07B681B68464A934254D07B681B68C7
:102B9000444A93424FD07B681B68434A93424AD0D1
:102BA0007B681B68414A934245D07B681B68404A5A
:102BB000934240D07B681B683E4A93423BD07B687F
:102BC0001B683D4A934236D07B681B683B4A934260
:102BD00031D07B681B683A4A93422CD07B681B68D3
:102BE000384A934227D07B681B68374A934222D0E9
:102BF0007B681B68354A93421DD07B681B68344A4A
:102C0000934218D07B681B68324A934213D07B688A
:102C10001B68314A93420ED07B681B682F4A93424F
:102C200009D07B681B682E4A934204D07B681B68DE
:102C30002C4A934201D1012300E00023002B15D040
:102C40007B685B6E7A68926E5A607B68DB6E002BE5
:102C50000CD07B68DB6E1A687B68DB6E22F48072B6
:102C60001A607B681B6F7A68526F5A607B6801221A
:102C700083F835207B68002283F83420002318462F
:102C80001837BD4680BD00BF10000240280002403A
:102C9000400002405800024070000240880002409C
:102CA000A0000240B8000240100402402804024084
:102CB000400402405804024070040240880402406C
:102CC000A0040240B8040240085402581C540258A0
:102CD0003054025844540258585402586C54025804
:102CE000805402589454025880B584B000AF786084
:102CF0007B68002B01D1012337E27B6893F83530E4
:102D0000DBB2022B04D07B6880225A6501232CE2BF
:102D10007B681B685C4A93424AD07B681B685B4AAD
:102D2000934245D07B681B68594A934240D07B68E8
:102D30001B68584A93423BD07B681B68564A9342B3
:102D400036D07B681B68554A934231D07B681B683C
:102D5000534A93422CD07B681B68524A934227D037
:102D60007B681B68504A934222D07B681B684F4A9D
:102D700093421DD07B681B684D4A934218D07B68F4
:102D80001B684C4A934213D07B681B684A4A9342A3
:102D90000ED07B681B68494A934209D07B681B6848
:102DA000474A934204D07B681B68464A934201D14C
:102DB000012300E00023002B00F086807B680422C2
:102DC00083F835207B681B682F4A93424AD07B6882
:102DD0001B682E4A934245D07B681B682C4A93425D
:102DE00040D07B681B682B4A93423BD07B681B68B2
:102DF000294A934236D07B681B68284A934231D0D7
:102E00007B681B68264A93422CD07B681B68254A46
:102E1000934227D07B681B68234A934222D07B6869
:102E20001B68224A93421DD07B681B68204A93424C
:102E300018D07B681B681F4A934213D07B681B68BD
:102E40001D4A93420ED07B681B681C4A934209D0EE
:102E50007B681B681A4A934204D07B681B68194A36
:102E6000934208D17B681B681A687B681B6822F054
:102E700001021A6078E17B681B681A687B681B682E
:102E800022F001021A606FE11000024028000240A7
:102E9000400002405800024070000240880002409A
:102EA000A0000240B8000240100402402804024082
:102EB000400402405804024070040240880402406A
:102EC000A0040240B80402407B681B681A687B6853
:102ED0001B6822F00E021A607B681B686C4A9342E2
:102EE0004AD07B681B686B4A934245D07B681B685D
:102EF000694A934240D07B681B68684A93423BD042
:102F00007B681B68664A934236D07B681B68654ABB
:102F1000934231D07B681B68634A93422CD07B6814
:102F20001B68624A934227D07B681B68604A9342C1
:102F300022D07B681B685F4A93421DD07B681B6868
:102F40005D4A934218D07B681B685C4A934213D059
:102F50007B681B685A4A93420ED07B681B68594AAB
:102F6000934209D07B681B68574A934204D07B6820
:102F70001B68564A934208D17B681B681A687B68B5
:102F80001B6822F001021A6007E07B681B681A6860
:102F90007B681B6822F001021A607B681B683C4A50
:102FA000934272D07B681B683A4A93426DD07B682B
:102FB0001B68394A934268D07B681B68374A934242
:102FC00063D07B681B68364A93425ED07B681B687F
:102FD000344A934259D07B681B68334A934254D099
:102FE0007B681B68314A93424FD07B681B68304A2C
:102FF00093424AD07B681B682E4A934245D07B6837
:103000001B682D4A934240D07B681B682B4A934231
:103010003BD07B681B682A4A934236D07B681B688A
:10302000284A934231D07B681B68274A93422CD0B0
:103030007B681B68254A934227D07B681B68244A1B
:10304000934222D07B681B68224A93421DD07B6842
:103050001B68214A934218D07B681B681F4A934221
:1030600013D07B681B681E4A93420ED07B681B6896
:103070001C4A934209D07B681B681B4A934204D0C8
:103080007B681B68194A934232D1012331E000BFAB
:103090001000024028000240400002405800024058
:1030A0007000024088000240A0000240B8000240C8
:1030B0001004024028040240400402405804024028
:1030C0007004024088040240A0040240B804024098
:1030D000085402581C5402583054025844540258A0
:1030E000585402586C540258805402589454025850
:1030F0000023002B28D07B681B6E1A687B681B6E30
:1031000022F480721A607B689B6DFB607B68DB6DCC
:1031100003F01F0301229A40FB685A607B685B6ED4
:103120007A68926E5A607B68DB6E002B0CD07B68ED
:10313000DB6E1A687B68DB6E22F480721A607B6833
:103140001B6F7A68526F5A607B68012283F83520C2
:103150007B68002283F834207B681B6D002B03D032
:103160007B681B6D78689847002318461037BD466A
:1031700080BD00BF80B58AB000AF78600023FB60DF
:10318000674B1B68674AA2FB03239B0A7B627B6831
:103190009B6D3B627B689B6DFB613B6A1B68BB61FF
:1031A000FB691B687B617B681B685F4A93424AD05E
:1031B0007B681B685D4A934245D07B681B685C4A0C
:1031C000934240D07B681B685A4A93423BD07B684D
:1031D0001B68594A934236D07B681B68574A934212
:1031E00031D07B681B68564A93422CD07B681B68A1
:1031F000544A934227D07B681B68534A934222D09B
:103200007B681B68514A93421DD07B681B68504AFB
:10321000934218D07B681B684E4A934213D07B6858
:103220001B684D4A93420ED07B681B684B4A934201
:1032300009D07B681B684A4A934204D07B681B68AC
:10324000484A934201D1012300E00023002B00F003
:103250002B847B68DB6D03F01F0308229A40BB6957
:103260001340002B00F0A2807B681B682E4A93421B
:103270004AD07B681B682D4A934245D07B681B6807
:103280002B4A934240D07B681B682A4A93423BD02A
:103290007B681B68284A934236D07B681B68274AA4
:1032A000934231D07B681B68254A93422CD07B68BF
:1032B0001B68244A934227D07B681B68224A9342AA
:1032C00022D07B681B68214A93421DD07B681B6813
:1032D0001F4A934218D07B681B681E4A934213D042
:1032E0007B681B681C4A93420ED07B681B681B4A94
:1032F000934209D07B681B68194A934204D07B68CB
:103300001B68184A93422FD17B681B681B6803F027
:103310000403002B14BF01230023DBB22EE000BF07
:1033200008000024B5814E1B100002402800024016
:1033300040000240580002407000024088000240F5
:10334000A0000240B80002401004024028040240DD
:1033500040040240580402407004024088040240C5
:10336000A0040240B80402407B681B681B6803F09D
:103370000803002B14BF01230023DBB2002B15D060
:103380007B681B681A687B681B6822F004021A605D
:103390007B68DB6D03F01F0308229A403B6A9A604A
:1033A0007B685B6D43F001027B685A657B68DB6D6F
:1033B00003F01F03BA6922FA03F303F00103002BA1
:1033C0006ED07B681B68694A93424AD07B681B6851
:1033D000674A934245D07B681B68664A934240D057
:1033E0007B681B68644A93423BD07B681B68634AD6
:1033F000934236D07B681B68614A934231D07B6828
:103400001B68604A93422CD07B681B685E4A9342DB
:1034100027D07B681B685D4A934222D07B681B687B
:103420005B4A93421DD07B681B685A4A934218D06E
:103430007B681B68584A934213D07B681B68574AC5
:1034400093420ED07B681B68554A934209D07B6833
:103450001B68544A934204D07B681B68524A9342CB
:103460000AD17B681B685B6903F08003002B14BFE3
:1034700001230023DBB203E07B681B681B68002389
:10348000002B0DD07B68DB6D03F01F0301229A40F7
:103490003B6A9A607B685B6D43F002027B685A6509
:1034A0007B68DB6D03F01F0304229A40BB69134065
:1034B000002B00F08F807B681B682C4A93424AD017
:1034C0007B681B682A4A934245D07B681B68294A5F
:1034D000934240D07B681B68274A93423BD07B686D
:1034E0001B68264A934236D07B681B68244A934265
:1034F00031D07B681B68234A93422CD07B681B68C1
:10350000214A934227D07B681B68204A934222D0ED
:103510007B681B681E4A93421DD07B681B681D4A4E
:10352000934218D07B681B681B4A934213D07B6878
:103530001B681A4A93420ED07B681B68184A934254
:1035400009D07B681B68174A934204D07B681B68CC
:10355000154A93422AD17B681B681B6803F002035B
:10356000002B14BF01230023DBB223E01000024034
:103570002800024040000240580002407000024013
:1035800088000240A0000240B8000240100402403F
:1035900028040240400402405804024070040240E3
:1035A00088040240A0040240B80402407B681B6803
:1035B0001B680023002B0DD07B68DB6D03F01F031D
:1035C00004229A403B6A9A607B685B6D43F0040278
:1035D0007B685A657B68DB6D03F01F0310229A40FD
:1035E000BB691340002B00F0A6807B681B68854AEE
:1035F00093424AD07B681B68834A934245D07B68DC
:103600001B68824A934240D07B681B68804A934281
:103610003BD07B681B687F4A934236D07B681B682F
:103620007D4A934231D07B681B687C4A93422CD000
:103630007B681B687A4A934227D07B681B68794A6B
:10364000934222D07B681B68774A93421DD07B68E7
:103650001B68764A934218D07B681B68744A934271
:1036600013D07B681B68734A93420ED07B681B683B
:10367000714A934209D07B681B68704A934204D018
:103680007B681B686E4A93420AD17B681B681B6883
:1036900003F00803002B14BF01230023DBB209E071
:1036A0007B681B681B6803F00403002B14BF012315
:1036B0000023DBB2002B3ED07B68DB6D03F01F03E1
:1036C00010229A403B6A9A607B681B681B6803F46F
:1036D0008023002B18D07B681B681B6803F4002331
:1036E000002B08D17B681B6C002B24D07B681B6CE3
:1036F000786898471FE07B689B6C002B1BD07B6829
:103700009B6C7868984716E07B681B681B6803F41D
:103710008073002B07D17B681B681A687B681B6865
:1037200022F008021A607B681B6C002B03D07B68B8
:103730001B6C786898477B68DB6D03F01F032022C1
:103740009A40BB691340002B00F010817B681B6816
:103750002C4A93424AD07B681B682B4A934245D03F
:103760007B681B68294A934240D07B681B68284AC3
:1037700093423BD07B681B68264A934236D07B68D5
:103780001B68254A934231D07B681B68234A9342C9
:103790002CD07B681B68224A934227D07B681B6829
:1037A000204A934222D07B681B681F4A93421DD057
:1037B0007B681B681D4A934218D07B681B681C4AB3
:1037C000934213D07B681B681A4A93420ED07B68E1
:1037D0001B68194A934209D07B681B68174A9342B9
:1037E00004D07B681B68164A93422BD17B681B6808
:1037F0001B6803F01003002B14BF01230023DBB26E
:103800002AE000BF100002402800024040000240B1
:10381000580002407000024088000240A0000240B0
:10382000B800024010040240280402404004024054
:10383000580402407004024088040240A004024080
:10384000B80402407B681B681B6803F00203002B6E
:1038500014BF01230023DBB2002B00F087807B68BC
:10386000DB6D03F01F0320229A403B6A9A607B685D
:1038700093F83530DBB2042B39D17B681B681A68AA
:103880007B681B6822F016021A607B681B685A6905
:103890007B681B6822F080025A617B681B6C002BDE
:1038A00003D17B689B6C002B07D07B681B681A6870
:1038B0007B681B6822F008021A607B68DB6D03F0EE
:1038C0001F033F229A403B6A9A607B68012283F87B
:1038D00035207B68002283F834207B681B6D002B29
:1038E00000F04A837B681B6D7868984744E37B68E7
:1038F0001B681B6803F48023002B18D07B681B68AF
:103900001B6803F40023002B08D17B685B6C002B41
:103910002CD07B685B6C7868984727E07B68DB6B12
:10392000002B23D07B68DB6B786898471EE07B68B0
:103930001B681B6803F48073002B0FD17B681B6826
:103940001A687B681B6822F010021A607B680122EB
:1039500083F835207B68002283F834207B68DB6B9A
:10396000002B03D07B68DB6B786898477B685B6DC6
:10397000002B00F006837B685B6D03F00103002BD6
:1039800000F088807B68042283F835207B681B6800
:103990007A4A93424AD07B681B68794A934245D061
:1039A0007B681B68774A934240D07B681B68764AE5
:1039B00093423BD07B681B68744A934236D07B6845
:1039C0001B68734A934231D07B681B68714A9342EB
:1039D0002CD07B681B68704A934227D07B681B6899
:1039E0006E4A934222D07B681B686D4A93421DD079
:1039F0007B681B686B4A934218D07B681B686A4AD5
:103A0000934213D07B681B68684A93420ED07B6850
:103A10001B68674A934209D07B681B68654A9342DA
:103A200004D07B681B68644A934208D17B681B689A
:103A30001A687B681B6822F001021A6007E07B6845
:103A40001B681A687B681B6822F001021A60FB6819
:103A50000133FB607A6A9A4207D37B681B681B6854
:103A600003F00103002BF2D100E000BF7B681B686C
:103A70001B6803F00103002B04D07B68032283F84A
:103A8000352003E07B68012283F835207B68002223
:103A900083F834207B68DB6C002B00F072827B683B
:103AA000DB6C786898476CE27B681B68434A9342FA
:103AB00022D07B681B68424A93421DD07B681B68FA
:103AC000404A934218D07B681B683F4A934213D008
:103AD0007B681B683D4A93420ED07B681B683C4A5A
:103AE000934209D07B681B683A4A934204D07B68B2
:103AF0001B68394A934201D1012300E00023002BC7
:103B000000F03F827B681B681B683B617B68DB6D54
:103B100003F01F0304229A407B691340002B00F03E
:103B2000CD803B6903F00403002B00F0C7807B6865
:103B3000DB6D03F01F0304229A40FB695A603B6966
:103B400003F40043002B49D03B6903F48033002B7E
:103B500009D17B689B6C002B00F010827B689B6C0A
:103B6000786898470AE27B681B6C002B00F006829D
:103B70007B681B6C7868984700E200BF1000024029
:103B800028000240400002405800024070000240FD
:103B900088000240A0000240B80002401004024029
:103BA00028040240400402405804024070040240CD
:103BB00088040240A0040240B8040240085402589D
:103BC0001C54025830540258445402585854025855
:103BD0006C54025880540258945402583B6903F0C4
:103BE0002003002B60D17B681B687F4A93424AD038
:103BF0007B681B687D4A934245D07B681B687C4A82
:103C0000934240D07B681B687A4A93423BD07B68E2
:103C10001B68794A934236D07B681B68774A934287
:103C200031D07B681B68764A93422CD07B681B6836
:103C3000744A934227D07B681B68734A934222D010
:103C40007B681B68714A93421DD07B681B68704A71
:103C5000934218D07B681B686E4A934213D07B68EE
:103C60001B686D4A93420ED07B681B686B4A934277
:103C700009D07B681B686A4A934204D07B681B6842
:103C8000684A934208D17B681B681A687B681B6886
:103C900022F008021A6007E07B681B681A687B68DC
:103CA0001B6822F004021A607B681B6C002B00F07A
:103CB00065817B681B6C786898475FE17B68DB6D8A
:103CC00003F01F0302229A407B691340002B00F08F
:103CD000C5803B6903F00203002B00F0BF807B68C6
:103CE000DB6D03F01F0302229A40FB695A603B69B7
:103CF00003F40043002B18D03B6903F48033002BFE
:103D000009D17B685B6C002B00F03A817B685B6CAF
:103D10007868984734E17B68DB6B002B00F03081DA
:103D20007B68DB6B786898472AE13B6903F02003E6
:103D3000002B40F089807B681B682B4A93424AD055
:103D40007B681B68294A934245D07B681B68284AD8
:103D5000934240D07B681B68264A93423BD07B68E5
:103D60001B68254A934236D07B681B68234A9342DE
:103D700031D07B681B68224A93422CD07B681B6839
:103D8000204A934227D07B681B681F4A934222D067
:103D90007B681B681D4A93421DD07B681B681C4AC8
:103DA000934218D07B681B681A4A934213D07B68F1
:103DB0001B68194A93420ED07B681B68174A9342CE
:103DC00009D07B681B68164A934204D07B681B6845
:103DD000144A934228D17B681B681A687B681B6869
:103DE00022F014021A6027E010000240280002406E
:103DF000400002405800024070000240880002402B
:103E0000A0000240B8000240100402402804024012
:103E100040040240580402407004024088040240FA
:103E2000A0040240B80402407B681B681A687B68E3
:103E30001B6822F00A021A607B68012283F8352091
:103E40007B68002283F834207B68DB6B002B00F05A
:103E500097807B68DB6B7868984791E07B68DB6DC7
:103E600003F01F0308229A407B691340002B00F0E7
:103E700088803B6903F00803002B00F082807B6898
:103E80001B68414A93424AD07B681B683F4A934271
:103E900045D07B681B683E4A934240D07B681B68D4
:103EA0003C4A93423BD07B681B683B4A934236D0E6
:103EB0007B681B68394A934231D07B681B68384A5B
:103EC00093422CD07B681B68364A934227D07B688C
:103ED0001B68354A934222D07B681B68334A934261
:103EE0001DD07B681B68324A934218D07B681B68E0
:103EF000304A934213D07B681B682F4A93420ED0FE
:103F00007B681B682D4A934209D07B681B682C4A4A
:103F1000934204D07B681B682A4A934208D17B688D
:103F20001B681A687B681B6822F01C021A6007E095
:103F30007B681B681A687B681B6822F00E021A6097
:103F40007B68DB6D03F01F0301229A40FB695A6016
:103F50007B6801225A657B68012283F835207B68E3
:103F6000002283F834207B68DB6C002B09D07B684F
:103F7000DB6C7868984704E000BF02E000BF00E017
:103F800000BF2837BD4680BD100002402800024017
:103F90004000024058000240700002408800024089
:103FA000A0000240B8000240100402402804024071
:103FB0004004024058040240700402408804024059
:103FC000A0040240B804024080B483B000AF78601F
:103FD0007B685B6D18460C37BD465DF8047B704707
:103FE00080B487B000AFF860B9607A603B60FB686E
:103FF0009B6D7B61FB689B6D3B61FB681B687F4A27
:10400000934272D0FB681B687D4A93426DD0FB6877
:104010001B687C4A934268D0FB681B687A4A9342CB
:1040200063D0FB681B68794A93425ED0FB681B68CB
:10403000774A934259D0FB681B68764A934254D022
:10404000FB681B68744A93424FD0FB681B68734A35
:1040500093424AD0FB681B68714A934245D0FB6883
:104060001B68704A934240D0FB681B686E4A9342BB
:104070003BD0FB681B686D4A934236D0FB681B68D7
:104080006B4A934231D0FB681B686A4A93422CD03A
:10409000FB681B68684A934227D0FB681B68674A25
:1040A000934222D0FB681B68654A93421DD0FB688F
:1040B0001B68644A934218D0FB681B68624A9342AB
:1040C00013D0FB681B68614A93420ED0FB681B68E3
:1040D0005F4A934209D0FB681B685E4A934204D052
:1040E000FB681B685C4A934201D1012300E0002376
:1040F000002B0DD0FB685B6EFA68926E5A60FB680D
:10410000DB6E002B04D0FB681B6FFA68526F5A609D
:10411000FB681B68394A93424AD0FB681B68384ADF
:10412000934245D0FB681B68364A934240D0FB68F7
:104130001B68354A93423BD0FB681B68334A934265
:1041400036D0FB681B68324A934231D0FB681B684B
:10415000304A93422CD0FB681B682F4A934227D0E9
:10416000FB681B682D4A934222D0FB681B682C4ACF
:1041700093421DD0FB681B682A4A934218D0FB6803
:104180001B68294A934213D0FB681B68274A934255
:104190000ED0FB681B68264A934209D0FB681B6857
:1041A000244A934204D0FB681B68234A934201D1FE
:1041B000012300E00023002B59D0FB68DB6D03F0E6
:1041C0001F033F229A407B699A60FB681B681A684C
:1041D000FB681B6822F480221A60FB681B683A683F
:1041E0005A60FB689B68402B38D1FB681B687A6873
:1041F0009A60FB681B68BA68DA6086E010000240CB
:104200002800024040000240580002407000024076
:1042100088000240A0000240B800024010040240A2
:104220002804024040040240580402407004024046
:1042300088040240A0040240B80402400854025816
:104240001C540258305402584454025858540258CE
:104250006C5402588054025894540258FB681B68EE
:10426000BA689A60FB681B687A68DA604DE0FB68A0
:104270001B68294A934222D0FB681B68274A934255
:104280001DD0FB681B68264A934218D0FB681B6848
:10429000244A934213D0FB681B68234A93420ED0F2
:1042A000FB681B68214A934209D0FB681B68204ABF
:1042B000934204D0FB681B681E4A934201D101233C
:1042C00000E00023002B20D0FB68DB6D03F01F0310
:1042D00001229A403B695A60FB681B683A685A6041
:1042E000FB689B68402B08D1FB681B687A689A6062
:1042F000FB681B68BA68DA6007E0FB681B68BA688D
:104300009A60FB681B687A68DA6000BF1C37BD469C
:104310005DF8047B704700BF085402581C540258D3
:104320003054025844540258585402586C5402589D
:10433000805402589454025880B485B000AF78601D
:104340007B681B68424A93424AD07B681B68414A9B
:10435000934245D07B681B683F4A934240D07B68BC
:104360001B683E4A93423BD07B681B683C4A9342A1
:1043700036D07B681B683B4A934231D07B681B6810
:10438000394A93422CD07B681B68384A934227D025
:104390007B681B68364A934222D07B681B68354A8B
:1043A00093421DD07B681B68334A934218D07B68C8
:1043B0001B68324A934213D07B681B68304A934291
:1043C0000ED07B681B682F4A934209D07B681B681C
:1043D0002D4A934204D07B681B682C4A934201D13A
:1043E000012300E00023002B24D07B681B68DBB294
:1043F000103B274AA2FB03231B09FB60FB6803F069
:104400000703244AD35C1A467B68DA65FB68032BF2
:1044100008D97B681B681A461F4B13401A1D7B681E
:104420009A650DE07B681B681A461B4B13407A683F
:10443000936505E07B681B6823F0FF027B689A6543
:104440007B689B6D18461437BD465DF8047B70474A
:104450001000024028000240400002405800024084
:104460007000024088000240A0000240B8000240F4
:104470001004024028040240400402405804024054
:104480007004024088040240A0040240B8040240C4
:10449000ABAAAAAAD4D1010800FCFFFF80B485B062
:1044A00000AF78600023FB737B689B69002B20D1F1
:1044B0007B689B6A032B58D801A252F823F000BFF7
:1044C000D1440008E3440008D14400086B450008CB
:1044D0007B68DB6A03F08073002B48D00123FB73F9
:1044E00045E07B68DB6AB3F1C07F42D10123FB73F7
:1044F0003FE07B689B69B3F5005F23D17B689B6AD3
:10450000032B38D801A252F823F000BF1D45000844
:10451000234500081D450008354500080123FB73AD
:1045200030E07B68DB6A03F08073002B25D0012329
:10453000FB7322E07B68DB6AB3F1C07F1FD10123EC
:10454000FB731CE07B689B6A022B02D9032B03D010
:1045500018E00123FB7315E07B68DB6A03F08073CE
:10456000002B0ED00123FB730BE000BF0AE000BF5D
:1045700008E000BF06E000BF04E000BF02E000BFAB
:1045800000E000BFFB7B18461437BD465DF8047B96
:10459000704700BF80B485B000AF78607B681B684F
:1045A000BB607B681B68384A934222D07B681B68DB
:1045B000364A93421DD07B681B68354A934218D017
:1045C0007B681B68334A934213D07B681B68324A6E
:1045D00093420ED07B681B68304A934209D07B68B7
:1045E0001B682F4A934204D07B681B682D4A934274
:1045F00001D1012300E00023002B1AD07B681B6847
:10460000DBB2083B284AA2FB03231B09FB60FA68C4
:10461000264B13449B001A467B681A667B68244A23
:104620005A66FB6803F01F0301229A407B689A6672
:1046300024E07B681B68DBB2103B1E4AA2FB03230D
:104640001B09FB60BB681C4A934206D8BB681B4A27
:10465000934202D9FB680833FB60FA68184B134495
:104660009B001A467B681A667B68164A5A66FB6886
:1046700003F01F0301229A407B689A6600BF14373B
:10468000BD465DF8047B7047085402581C5402581C
:104690003054025844540258585402586C5402582A
:1046A0008054025894540258CDCCCCCC00960016BD
:1046B00080580258ABAAAAAAB80402400F040240CC
:1046C000008200108008024080B485B000AF78609E
:1046D0007B685B68DBB2FB60FB68002B4AD0FB6841
:1046E000082B47D87B681B68254A934222D07B68F9
:1046F0001B68244A93421DD07B681B68224A934260
:1047000018D07B681B68214A934213D07B681B68D2
:104710001F4A93420ED07B681B681E4A934209D001
:104720007B681B681C4A934204D07B681B681B4A49
:10473000934201D1012300E00023002B0AD0FA6844
:10474000174B13449B001A467B68DA667B68154A50
:104750001A6709E0FA68144B13449B001A467B68F9
:10476000DA667B68114A1A67FB68013B01229A40AE
:104770007B685A6700BF1437BD465DF8047B7047FD
:10478000085402581C5402583054025844540258D9
:10479000585402586C540258805402589454025889
:1047A0003F960016405902583F82001040090240CF
:1047B00080B489B000AF786039600023FB61894B19
:1047C0007B6194E13B681A680121FB6901FA03F3FC
:1047D00013403B613B69002B00F086813B685B68BE
:1047E00003F00303012B05D03B685B6803F0030370
:1047F000022B30D17B689B68BB61FB695B000322A5
:1048000002FA03F3DB43BA691340BB613B68DA6821
:10481000FB695B0002FA03F3BA691343BB617B686F
:10482000BA699A607B685B68BB610122FB6902FA26
:1048300003F3DB43BA691340BB613B685B681B0948
:1048400003F00102FB6902FA03F3BA691343BB6187
:104850007B68BA695A603B685B6803F00303032B0B
:1048600017D07B68DB68BB61FB695B00032202FA3F
:1048700003F3DB43BA691340BB613B689A68FB6989
:104880005B0002FA03F3BA691343BB617B68BA6940
:10489000DA603B685B6803F00303022B23D1FB69FA
:1048A000DA087B68083253F82230BB61FB6903F0F9
:1048B00007039B000F2202FA03F3DB43BA6913409C
:1048C000BB613B681A69FB6903F007039B0002FAAE
:1048D00003F3BA691343BB61FB69DA087B680832EA
:1048E000B96943F822107B681B68BB61FB695B00F8
:1048F000032202FA03F3DB43BA691340BB613B684E
:104900005B6803F00302FB695B0002FA03F3BA6918
:104910001343BB617B68BA691A603B685B6803F448
:104920004033002B00F0E0802F4BD3F8F4302E4AB8
:1049300043F00203C2F8F4302B4BD3F8F43003F009
:104940000203FB60FB68294AFB699B08023352F8AB
:104950002330BB61FB6903F003039B000F2202FAC3
:1049600003F3DB43BA691340BB617B68204A93427F
:1049700052D07B681F4A934231D07B681E4A9342D3
:104980002BD07B681D4A934225D07B681C4A9342FA
:104990001FD07B681B4A934219D07B681A4A934206
:1049A00013D07B68194A93420DD07B68184A934212
:1049B00007D07B68174A934201D109232DE00A23CF
:1049C0002BE0082329E0072327E0062325E0052321
:1049D00023E0042321E003231FE002231DE0012341
:1049E0001BE000BF8000005800440258000400583B
:1049F000000002580004025800080258000C025837
:104A0000001002580014025800180258001C0258E6
:104A100000200258002402580023FA6902F0030221
:104A200092009340BA691343BB613849FB699B0804
:104A30000233BA6941F823204FF0B0431B68BB61D1
:104A40003B69DB43BA691340BB613B685B6803F4B5
:104A50008013002B03D0BA693B691343BB614FF04D
:104A6000B042BB6913604FF0B0435B68BB613B6908
:104A7000DB43BA691340BB613B685B6803F4001316
:104A8000002B03D0BA693B691343BB614FF0B042BE
:104A9000BB6953607B695B68BB613B69DB43BA6997
:104AA0001340BB613B685B6803F40033002B03D009
:104AB000BA693B691343BB617B69BA695A607B6918
:104AC0001B68BB613B69DB43BA691340BB613B6850
:104AD0005B6803F48033002B03D0BA693B6913434E
:104AE000BB617B69BA691A60FB690133FB613B6892
:104AF0001A68FB6922FA03F3002B7FF463AE00BF50
:104B000000BF2437BD465DF8047B704700040058A1
:104B100080B483B000AF78600B467B8013467B7017
:104B20007B78002B03D07A887B689A6103E07B88CE
:104B30001A047B689A6100BF0C37BD465DF8047BA0
:104B4000704780B485B000AF78600B467B807B688F
:104B50005B69FB607A88FB6813401A04FB68D943E1
:104B60007B880B401A437B689A6100BF1437BD46AF
:104B70005DF8047B7047000080B584B000AF7860BA
:104B8000194BDB6803F00403042B0AD0164BDB68D7
:104B900003F007037A689A4201D001231FE0002343
:104BA0001DE0114BDB6823F007020F497B681343BC
:104BB000CB60FCF729FEF86009E0FCF725FE024611
:104BC000FB68D31AB3F57A7F01D9012307E0064BBE
:104BD0005B6803F40053B3F5005FEED10023184681
:104BE0001037BD4680BD00BF0048025880B58CB06C
:104BF00000AF78607B68002B02D1012300F048BC35
:104C00007B681B6803F00103002B00F08880994B40
:104C10001B6903F03803FB62964B9B6ABB62FB6A1D
:104C2000102B07D0FB6A182B11D1BB6A03F00303CA
:104C3000022B0CD18F4B1B6803F40033002B6DD07B
:104C40007B685B68002B69D1012300F021BC7B6885
:104C50005B68B3F5803F06D1864B1B68854A43F4F9
:104C6000803313602EE07B685B68002B0CD1814B96
:104C70001B68804A23F4803313607E4B1B687D4A97
:104C800023F4802313601DE07B685B68B3F5A02FDD
:104C90000CD1784B1B68774A43F480231360754B23
:104CA0001B68744A43F4803313600BE0714B1B683C
:104CB000704A23F4803313606E4B1B686D4A23F4F3
:104CC000802313607B685B68002B13D0FCF79CFD8E
:104CD000786208E0FCF798FD02467B6AD31A642BE1
:104CE00001D90323D4E3634B1B6803F40033002B87
:104CF000F0D014E0FCF788FD786208E0FCF784FD52
:104D000002467B6AD31A642B01D90323C0E3594BB3
:104D10001B6803F40033002BF0D100E000BF7B6878
:104D20001B6803F00203002B00F0CA80514B1B6983
:104D300003F038033B624F4B9B6AFB613B6A002BDD
:104D400007D03B6A182B56D1FB6903F00303002BF5
:104D500051D1484B1B6803F00403002B05D07B683E
:104D6000DB68002B01D1012392E3424B1B6823F047
:104D700019027B68DB683F4913430B60FCF744FD75
:104D8000786208E0FCF740FD02467B6AD31A022BEA
:104D900001D903237CE3374B1B6803F00403002B8A
:104DA000F0D0FCF73DFD034641F20302934217D8D1
:104DB0007B681B69402B08D12E4B5B6823F47C3346
:104DC0002C4A43F4003353607AE02A4B5B6823F4A7
:104DD0007C327B681B691B03264913434B606FE0E1
:104DE000244B5B6823F0FE427B681B691B0621494C
:104DF00013434B6064E07B68DB68002B47D01D4B9E
:104E00001B6823F019027B68DB681A4913430B60A7
:104E1000FCF7FAFC786208E0FCF7F6FC02467B6AD5
:104E2000D31A022B01D9032332E3124B1B6803F080
:104E30000403002BF0D0FCF7F3FC034641F203021D
:104E4000934219D87B681B69402B08D1094B5B68DA
:104E500023F47C33074A43F40033536030E0054BBE
:104E60005B6823F47C327B681B691B030149134395
:104E70004B6025E0004402589A4B5B6823F0FE42E9
:104E80007B681B691B06974913434B6018E0954BE1
:104E90001B68944A23F001031360FCF7B5FC7862A9
:104EA00008E0FCF7B1FC02467B6AD31A022B01D959
:104EB0000323EDE28B4B1B6803F00403002BF0D1BE
:104EC0007B681B6803F01003002B00F0A980854B62
:104ED0001B6903F03803BB61824B9B6A7B61BB6932
:104EE000082B07D0BB69182B3AD17B6903F0030369
:104EF000012B35D17B4B1B6803F48073002B05D04D
:104F00007B68DB69802B01D00123C1E2FCF788FCC0
:104F1000034641F20302934217D87B681B6A202B99
:104F200008D1704B5B6823F0F8436E4A43F080432E
:104F3000536075E06B4B5B6823F0F8427B681B6A3B
:104F40009B06684913434B606AE0664BDB6823F0BD
:104F50007C527B681B6A1B0662491343CB605FE08F
:104F60007B68DB69002B42D05E4B1B685D4A43F0D7
:104F700080031360FCF748FC786208E0FCF744FC0F
:104F800002467B6AD31A022B01D9032380E2554BD8
:104F90001B6803F48073002BF0D0FCF741FC034640
:104FA00041F20302934217D87B681B6A202B08D179
:104FB0004C4B5B6823F0F8434A4A43F0804353600C
:104FC0002EE0484B5B6823F0F8427B681B6A9B0627
:104FD000444913434B6023E0424BDB6823F07C528F
:104FE0007B681B6A1B063F491343CB6018E03D4BAF
:104FF0001B683C4A23F080031360FCF705FC7862D1
:1050000008E0FCF701FC02467B6AD31A022B01D9A7
:1050100003233DE2334B1B6803F48073002BF0D174
:105020007B681B6803F00803002B36D07B685B6944
:10503000002B19D02B4B5B6F2A4A43F001035367B7
:10504000FCF7E2FB786208E0FCF7DEFB02467B6AD5
:10505000D31A022B01D903231AE2224B5B6F03F010
:105060000203002BF0D018E01E4B5B6F1D4A23F0AB
:1050700001035367FCF7C8FB786208E0FCF7C4FB48
:1050800002467B6AD31A022B01D9032300E2154B97
:105090005B6F03F00203002BF0D17B681B6803F009
:1050A0002003002B39D07B689B69002B1CD00D4B53
:1050B0001B680C4A43F480531360FCF7A5FB78622D
:1050C00008E0FCF7A1FB02467B6AD31A022B01D948
:1050D0000323DDE1034B1B6803F40053002BF0D0E6
:1050E0001BE000BF004402589B4B1B689A4A23F404
:1050F00080531360FCF788FB786208E0FCF784FBC0
:1051000002467B6AD31A022B01D90323C0E1924BDA
:105110001B6803F40053002BF0D17B681B6803F07D
:105120000403002B00F081808C4B1B688B4A43F4F6
:1051300080731360FCF768FB786208E0FCF764FB9F
:1051400002467B6AD31A642B01D90323A0E1834B67
:105150001B6803F48073002BF0D07B689B68012BE5
:1051600006D17D4B1B6F7C4A43F0010313672DE092
:105170007B689B68002B0CD1774B1B6F764A23F022
:1051800001031367744B1B6F734A23F00403136707
:105190001CE07B689B68052B0CD16F4B1B6F6E4A24
:1051A00043F0040313676C4B1B6F6B4A43F001031E
:1051B00013670BE0684B1B6F674A23F0010313670B
:1051C000654B1B6F644A23F0040313677B689B687D
:1051D000002B15D0FCF718FB78620AE0FCF714FBF3
:1051E00002467B6AD31A41F28832934201D90323E3
:1051F0004EE1594B1B6F03F00203002BEED014E07D
:10520000FCF702FB78620AE0FCF7FEFA02467B6AD2
:10521000D31A41F28832934201D9032338E14E4B2D
:105220001B6F03F00203002BEED17B685B6A002B3F
:1052300000F02D81484B1B6903F03803182B00F058
:10524000BD807B685B6A022B40F09E80424B1B68EE
:10525000414A23F080731360FCF7D6FA786208E0C5
:10526000FCF7D2FA02467B6AD31A022B01D9032338
:105270000EE1394B1B6803F00073002BF0D1364B65
:105280009A6A374B13407A68916A7A68D26A120137
:105290000A43314913438B627B681B6B013BC3F3A9
:1052A00008027B685B6B013B5B029BB21A437B6825
:1052B0009B6B013B1B0403F4FE031A437B68DB6B0F
:1052C000013B1B0603F0FE43234913430B63224BB0
:1052D000DB6A214A23F00103D3621F4B5A6B214B37
:1052E00013407A68926CD2001B4913434B631A4BEC
:1052F000DB6A23F00C027B681B6C17491343CB62FB
:10530000154BDB6A23F002027B685B6C1249134386
:10531000CB62114BDB6A104A43F48033D3620E4BED
:10532000DB6A0D4A43F40033D3620B4BDB6A0A4A53
:1053300043F48023D362084BDB6A074A43F001033E
:10534000D362054B1B68044A43F080731360FCF77B
:105350005BFA786211E000BF00440258004802582E
:105360000CFCFFFF0700FFFFFCF74EFA02467B6ACA
:10537000D31A022B01D903238AE0474B1B6803F0A1
:105380000073002BF0D082E0434B1B68424A23F0AD
:1053900080731360FCF738FA786208E0FCF734FA9F
:1053A00002467B6AD31A022B01D9032370E03A4BE1
:1053B0001B6803F00073002BF0D168E0364B9B6A4A
:1053C0003B61354B1B6BFB607B685B6A012B31D00B
:1053D0003B6903F003027B689B6A9A422AD13B69CE
:1053E0001B0903F03F027B68DB6A9A4222D1FB680B
:1053F000C3F308027B681B6B013B9A421AD1FB681E
:105400005B0A03F07F027B685B6B013B9A4211D120
:10541000FB681B0C03F07F027B689B6B013B9A428D
:1054200008D1FB681B0E03F07F027B68DB6B013B3E
:105430009A4201D001232BE0174B5B6BDB08C3F3CF
:105440000C033B617B689B6C3A699A421FD0124BFC
:10545000DB6A114A23F00103D362FCF7D5F97862C5
:1054600000BFFCF7D1F902467B6A9342F9D00A4BA0
:105470005A6B0A4B13407A68926CD2000649134368
:105480004B63054BDB6A044A43F00103D3620023FC
:1054900018463037BD4680BD004402580700FFFF64
:1054A00080B586B000AF786039607B68002B01D191
:1054B00001239CE18A4B1B6803F00F033A689A4270
:1054C00010D9874B1B6823F00F0285493B681343B3
:1054D0000B60834B1B6803F00F033A689A4201D0BC
:1054E000012384E17B681B6803F00403002B10D0C8
:1054F0007B681A697B4B9B6903F070039A4208D959
:10550000784B9B6923F070027B681B6975491343D4
:105510008B617B681B6803F00803002B10D07B684D
:105520005A69704BDB6903F070039A4208D96D4BDE
:10553000DB6923F070027B685B696A491343CB61C6
:105540007B681B6803F01003002B10D07B689A69FE
:10555000644BDB6903F4E0639A4208D9614BDB6971
:1055600023F4E0627B689B695E491343CB617B68EF
:105570001B6803F02003002B10D07B68DA69594BBD
:105580001B6A03F070039A4208D9564B1B6A23F03A
:1055900070027B68DB69534913430B627B681B68AD
:1055A00003F00203002B10D07B68DA684D4B9B6937
:1055B00003F00F039A4208D94A4B9B6923F00F026C
:1055C0007B68DB68474913438B617B681B6803F08A
:1055D0000103002B55D0434B9B6923F470627B6819
:1055E0009B68404913438B617B685B68022B07D142
:1055F0003C4B1B6803F40033002B21D10123F6E060
:105600007B685B68032B07D1364B1B6803F0007384
:10561000002B15D10123EAE07B685B68012B07D1E1
:10562000304B1B6803F48073002B09D10123DEE0AB
:105630002C4B1B6803F00403002B01D10123D6E09F
:10564000284B1B6923F007027B685B6825491343DD
:105650000B61FCF7D9F878610AE0FCF7D5F802464F
:105660007B69D31A41F28832934201D90323BEE009
:105670001C4B1B6903F038027B685B68DB009A42B5
:10568000EBD17B681B6803F00203002B10D07B6812
:10569000DA68144B9B6903F00F039A4208D2114B4E
:1056A0009B6923F00F027B68DB680E4913438B6113
:1056B0000B4B1B6803F00F033A689A4214D2084B55
:1056C0001B6823F00F0206493B6813430B60044B31
:1056D0001B6803F00F033A689A4205D0012386E065
:1056E00000200052004402587B681B6803F004034A
:1056F000002B10D07B681A693F4B9B6903F0700345
:105700009A4208D23C4B9B6923F070027B681B696C
:10571000394913438B617B681B6803F00803002B36
:1057200010D07B685A69344BDB6903F070039A42EE
:1057300008D2314BDB6923F070027B685B692E492C
:105740001343CB617B681B6803F01003002B10D060
:105750007B689A69284BDB6903F4E0639A4208D2BC
:10576000254BDB6923F4E0627B689B692249134384
:10577000CB617B681B6803F02003002B10D07B6893
:10578000DA691D4B1B6A03F070039A4208D21A4B68
:105790001B6A23F070027B68DB69174913430B62B5
:1057A00000F034F80246144B9B691B0A03F00F0308
:1057B0001249CB5C03F01F0322FA03F33B610E4B4B
:1057C0009B6903F00F030D4AD35C03F01F033A6992
:1057D00022FA03F30A4A13600A4A3B6913600A4B30
:1057E0001B681846FBF7F2FB0346FB73FB7B18466E
:1057F0001837BD4680BD00BF00440258C4D101081F
:105800000C000024080000241000002480B489B09B
:1058100000AFB34B1B6903F03803182B00F255811E
:1058200001A252F823F000BF8D580008CB5A00089F
:10583000CB5A0008CB5A0008CB5A0008CB5A0008B4
:10584000CB5A0008CB5A0008B3580008CB5A0008BE
:10585000CB5A0008CB5A0008CB5A0008CB5A000894
:10586000CB5A0008CB5A0008B9580008CB5A000898
:10587000CB5A0008CB5A0008CB5A0008CB5A000874
:10588000CB5A0008CB5A0008BF580008944B1B683D
:1058900003F02003002B09D0914B1B68DB0803F0B9
:1058A0000303904A22FA03F3BB6111E18D4BBB6104
:1058B0000EE18D4BBB610BE18C4BBB6108E1884B6A
:1058C0009B6A03F003037B61854B9B6A1B0903F012
:1058D0003F033B61824BDB6A03F00103FB60804BBB
:1058E0005B6BDB08C3F30C03FA6802FB03F307EE00
:1058F000903AF8EE677AC7ED027A3B69002B00F028
:10590000E1807B69022B00F083807B69022B00F22F
:10591000A1807B69002B03D07B69012B56D099E0D5
:105920006F4B1B6803F02003002B2DD06C4B1B68C2
:10593000DB0803F003036B4A22FA03F37B607B6806
:1059400007EE903AF8EE676A3B6907EE903AF8EE98
:10595000677A86EEA77A624B1B6BC3F3080307EEE8
:10596000903AF8EE676A97ED026ADFED615AC6EE8B
:10597000257A76EEA77AF7EE006A77EEA67A67EEDA
:10598000277AC7ED077A87E03B6907EE903AF8EE91
:10599000677ADFED586A86EEA77A514B1B6BC3F32B
:1059A000080307EE903AF8EE676A97ED026ADFEDBA
:1059B000505AC6EE257A76EEA77AF7EE006A77EEB1
:1059C000A67A67EE277AC7ED077A65E03B6907EEAE
:1059D000903AF8EE677ADFED486A86EEA77A404B98
:1059E0001B6BC3F3080307EE903AF8EE676A97ED76
:1059F000026ADFED3F5AC6EE257A76EEA77AF7EE19
:105A0000006A77EEA67A67EE277AC7ED077A43E059
:105A10003B6907EE903AF8EE677ADFED386A86EE7A
:105A2000A77A2F4B1B6BC3F3080307EE903AF8EEEF
:105A3000676A97ED026ADFED2E5AC6EE257A76EE9A
:105A4000A77AF7EE006A77EEA67A67EE277AC7EDB7
:105A5000077A21E03B6907EE903AF8EE677ADFEDCE
:105A6000266A86EEA77A1E4B1B6BC3F3080307EE6C
:105A7000903AF8EE676A97ED026ADFED1D5AC6EEBE
:105A8000257A76EEA77AF7EE006A77EEA67A67EEC9
:105A9000277AC7ED077A00BF114B1B6B5B0A03F037
:105AA0007F0301333B603B6807EE903AB8EE677ABC
:105AB000D7ED076AC6EE877AFCEEE77A17EE903AE2
:105AC000BB6105E00023BB6102E0074BBB6100BF87
:105AD000BB6918462437BD465DF8047B704700BF9C
:105AE000004402580090D00300093D0040787D0139
:105AF000000000460024744C0024744A20BCBE4BB5
:105B000080B582B000AFFFF781FE0246104B9B6963
:105B10001B0A03F00F030F49CB5C03F01F0322FAAB
:105B200003F37B600A4B9B6903F00F03094AD35CC4
:105B300003F01F037A6822FA03F3074A1360074A47
:105B40007B681360044B1B6818460837BD4680BD50
:105B500000440258C4D101080C00002408000024AD
:105B600080B500AFFFF7CCFF0246064BDB691B098F
:105B700003F007030449CB5C03F01F0322FA03F38D
:105B8000184680BD00440258C4D1010880B500AF5A
:105B9000FFF7B6FF0246064BDB691B0A03F007035B
:105BA0000449CB5C03F01F0322FA03F3184680BDBF
:105BB00000440258C4D1010880B483B000AF7860BB
:105BC00039607B683F221A601A4B1B6903F0070299
:105BD0007B685A60174B9B6903F470627B689A601C
:105BE000144B9B6903F00F027B68DA60114B9B69D1
:105BF00003F070027B681A610E4BDB6903F07002E0
:105C00007B685A610B4BDB6903F4E0627B689A6145
:105C1000084B1B6A03F070027B68DA61064B1B6855
:105C200003F00F023B681A6000BF0C37BD465DF8F9
:105C3000047B704700440258002000522DE9B04F09
:105C4000CAB000AFC7F81401002387F8273100233A
:105C500087F82631D7F81431D3E9002302F0006425
:105C6000002554EA050349D0D7F814319B6EB3F5EB
:105C7000401F2FD0B3F5401F28D8B3F5001F1AD00E
:105C8000B3F5001F22D8002B03D0B3F5801F07D037
:105C90001CE0B84BDB6AB74A43F40033D3621AE026
:105CA000D7F8143108330221184601F08FFC03465F
:105CB00087F827310FE0D7F814312833022118462E
:105CC00001F036FD034687F8273104E0012387F809
:105CD000273100E000BF97F82731002B0AD1A54BF0
:105CE0001B6D23F44011D7F814319B6EA14A0B436E
:105CF000136503E097F8273187F82631D7F8143178
:105D0000D3E9002302F480784FF0000958EA090330
:105D100047D0D7F814319B6D042B2AD801A252F832
:105D200023F000BF395D0008475D00085D5D000895
:105D30007B5D00087B5D00088E4BDB6A8D4A43F477
:105D40000033D3621AE0D7F8143108330021184623
:105D500001F03CFC034687F827310FE0D7F81431F7
:105D600028330021184601F0E3FC034687F8273169
:105D700004E0012387F8273100E000BF97F82731BE
:105D8000002B0AD17B4B1B6D23F00701D7F8143190
:105D90009B6D784A0B43136503E097F8273187F82A
:105DA0002631D7F81431D3E9002302F4007A4FF0FA
:105DB000000B5AEA0B034CD0D7F81431DB6DB3F566
:105DC000807F30D0B3F5807F29D8C02B2DD0C02B59
:105DD00025D8802B18D0802B21D8002B02D0402B27
:105DE00007D01CE0634BDB6A624A43F40033D362A2
:105DF0001CE0D7F8143108330021184601F0E6FB07
:105E0000034687F8273111E0D7F8143128330021F1
:105E1000184601F08DFC034687F8273106E0012380
:105E200087F8273102E000BF00E000BF97F8273174
:105E3000002B0AD14F4B1B6D23F4E071D7F81431BE
:105E4000DB6D4C4A0B43136503E097F8273187F865
:105E50002631D7F81431D3E9002302F48063C7F860
:105E600008310023C7F80C31D7E942120B4613431F
:105E700053D0D7F81431D3F8A830B3F5000F35D08C
:105E8000B3F5000F2ED8B3F5C00F31D0B3F5C00F66
:105E900028D8B3F5800F1AD0B3F5800F22D8002B85
:105EA00003D0B3F5001F07D01CE0324BDB6A314A48
:105EB00043F40033D3621CE0D7F8143108330021D7
:105EC000184601F083FB034687F8273111E0D7F825
:105ED000143128330021184601F02AFC034687F8C4
:105EE000273106E0012387F8273102E000BF00E0F8
:105EF00000BF97F82731002B0BD11E4B9B6D23F46D
:105F00006001D7F81431D3F8A8301A4A0B439365CF
:105F100003E097F8273187F82631D7F81431D3E911
:105F2000002302F40063C7F800310023C7F80431EE
:105F3000D7E940120B46134356D0D7F81431D3F8A3
:105F4000AC30B3F1806F38D0B3F1806F31D8B3F19A
:105F5000407F34D0B3F1407F2BD8B3F1007F1DD008
:105F6000B3F1007F25D8002B06D0B3F1807F0AD093
:105F70001FE000BF00440258A24BDB6AA14A43F471
:105F80000033D3621CE0D7F81431083300211846DF
:105F900001F01CFB034687F8273111E0D7F81431D4
:105FA00028330021184601F0C3FB034687F8273148
:105FB00006E0012387F8273102E000BF00E000BFC0
:105FC00097F82731002B0BD18E4B9B6D23F0E061AE
:105FD000D7F81431D3F8AC308A4A0B43936503E009
:105FE00097F8273187F82631D7F81431D3E9002301
:105FF00002F00073C7F8F8300023C7F8FC30D7E987
:106000003E120B4613433AD0D7F81431DB6C302BD9
:106010001FD0302B19D8202B0CD0202B15D8002BBB
:1060200019D0102B11D1774BDB6A764A43F4003339
:10603000D36211E0D7F8143108330221184601F079
:10604000C5FA034687F8273106E0012387F8273190
:1060500002E000BF00E000BF97F82731002B0AD113
:10606000684BDB6C23F03001D7F81431DB6C654AE8
:106070000B43D36403E097F8273187F82631D7F82C
:106080001431D3E9002302F48053C7F8F030002321
:10609000C7F8F430D7E93C120B46134351D0D7F878
:1060A00014311B6EB3F5804F35D0B3F5804F2ED829
:1060B000B3F5405F31D0B3F5405F28D8B3F5005F4A
:1060C0001AD0B3F5005F22D8002B03D0B3F5805F60
:1060D00007D01CE04B4BDB6A4A4A43F40033D362DF
:1060E0001CE0D7F8143108330021184601F06EFA8D
:1060F000034687F8273111E0D7F8143128330021FF
:10610000184601F015FB034687F8273106E0012306
:1061100087F8273102E000BF00E000BF97F8273181
:10612000002B0AD1374B1B6D23F4E041D7F8143113
:106130001B6E344A0B43136503E097F8273187F849
:106140002631D7F81431D3E9002302F40053C7F8FD
:10615000E8300023C7F8EC30D7E93A120B46134376
:1061600056D0D7F814315B6EB3F5A02F33D0B3F50A
:10617000A02F2CD8B3F5802F2FD0B3F5802F26D8A1
:10618000B3F5403F2BD0B3F5403F20D8B3F5003FE7
:1061900012D0B3F5003F1AD8002B22D0B3F5803FC0
:1061A00015D1D7F8143108330121184601F00EFA41
:1061B000034687F8273115E0D7F814312833012139
:1061C000184601F0B5FA034687F827310AE00123A3
:1061D00087F8273106E000BF04E000BF02E000BFFF
:1061E00000E000BF97F82731002B0DD1054B1B6D48
:1061F00023F4E021D7F814315B6E024A0B43136598
:1062000006E000BF0044025897F8273187F826318E
:10621000D7F81431D3E9002302F48043C7F8E03003
:106220000023C7F8E430D7E938120B46134355D0A2
:10623000D7F81431D3F8B030B3F1A04F33D0B3F165
:10624000A04F2CD8B3F1804F2FD0B3F1804F26D878
:10625000B3F1405F2BD0B3F1405F20D8B3F1005FC2
:1062600012D0B3F1005F1AD8002B22D0B3F1805FB7
:1062700015D1D7F8143108330121184601F0A6F9D9
:10628000034687F8273115E0D7F814312833012168
:10629000184601F04DFA034687F827310AE001233A
:1062A00087F8273106E000BF04E000BF02E000BF2E
:1062B00000E000BF97F82731002B0BD1A34B9B6D5B
:1062C00023F0E041D7F81431D3F8B0309F4A0B43A4
:1062D000936503E097F8273187F82631D7F8143112
:1062E000D3E9002302F40043C7F8D8300023C7F8ED
:1062F000DC30D7E936120B46134337D0D7F81431C8
:106300001B6FB3F1005F0ED0B3F1005F16D8002B06
:1063100018D0B3F1805F11D18C4BDB6A8B4A43F408
:106320000033D3620FE0D7F8143108330121184647
:1063300001F04CF9034687F8273104E0012387F880
:10634000273100E000BF97F82731002B0AD17F4B9F
:106350001B6D23F04051D7F814311B6F7B4A0B4360
:10636000136503E097F8273187F82631D7F8143101
:10637000D3E9002302F08073C7F8D0300023C7F8B8
:10638000D430D7E934120B46134339D0D7F814313F
:106390009B6C032B1CD801A252F823F0D963000890
:1063A000AD630008BB630008D9630008674BDB6A74
:1063B000664A43F40033D3620FE0D7F81431083350
:1063C0000221184601F002F9034687F8273104E05C
:1063D000012387F8273100E000BF97F82731002B11
:1063E0000AD15A4BDB6C23F00301D7F814319B6CB4
:1063F000564A0B43D36403E097F8273187F82631D8
:10640000D7F81431D3E9002302F48003C7F8C83069
:106410000023C7F8CC30D7E932120B46134300F003
:106420009F804B4B1B684A4A43F480731360FBF711
:10643000EBF9C7F820010BE0FBF7E6F90246D7F8C5
:106440002031D31A642B03D9032387F8273105E0C1
:106450003F4B1B6803F48073002BEDD097F8273176
:10646000002B79D1394B1A6FD7F81431D3F8B430E7
:10647000534003F44073002B15D0344B1B6F23F4AF
:106480004073C7F81C31314B1B6F304A43F48033E3
:1064900013672E4B1B6F2D4A23F4803313672B4A4F
:1064A000D7F81C311367D7F81431D3F8B430B3F5EB
:1064B000807F18D1FBF7A8F9C7F820010DE0FBF7A2
:1064C000A3F90246D7F82031D21A41F288339A4212
:1064D00003D9032387F8273105E01C4B1B6F03F01A
:1064E0000203002BEBD097F82731002B29D1D7F8E6
:1064F0001431D3F8B43003F44073B3F5407F0ED1B8
:10650000124B1B6923F47C51D7F81431D3F8B43003
:106510001A09104B13400D4A0B43136105E00B4B56
:106520001B690A4A23F47C531361084B196FD7F88F
:106530001431D3F8B430C3F30B03044A0B4313678D
:106540000EE097F8273187F8263109E00044025819
:1065500000480258CFFFFF0097F8273187F826310F
:10656000D7F81431D3E9002302F00103C7F8C03093
:106570000023C7F8C430D7E930120B46134300F0AC
:106580008980D7F81431DB6F282B6BD801A252F821
:1065900023F000BF6D6600086566000865660008A8
:1065A000656600086566000865660008656600089F
:1065B00065660008396600086566000865660008BB
:1065C000656600086566000865660008656600087F
:1065D000656600084F660008656600086566000885
:1065E000656600086566000865660008656600085F
:1065F000656600086D660008656600086566000847
:10660000656600086566000865660008656600083E
:10661000656600086D660008656600086566000826
:10662000656600086566000865660008656600081E
:10663000656600086D660008D7F81431083301213B
:10664000184600F0C3FF034687F827310FE0D7F85C
:10665000143128330121184601F06AF8034687F8FF
:10666000273104E0012387F8273100E000BF97F8C5
:106670002731002B0AD1BF4B5B6D23F03801D7F8CF
:106680001431DB6FBB4A0B43536503E097F82731A6
:1066900087F82631D7F81431D3E9002302F002033A
:1066A000C7F8B8300023C7F8BC30D7E92E120B4624
:1066B000134341D0D7F814319B6F052B24D801A286
:1066C00052F823F011670008DD660008F366000841
:1066D000116700081167000811670008D7F8143126
:1066E00008330121184600F071FF034687F827316F
:1066F0000FE0D7F8143128330121184601F018F8BB
:10670000034687F8273104E0012387F8273100E0AA
:1067100000BF97F82731002B0AD1964B5B6D23F011
:106720000701D7F814319B6F924A0B43536503E07E
:1067300097F8273187F82631D7F81431D3E90023A9
:1067400002F00403C7F8B0300023C7F8B430D7E92B
:106750002C120B46134344D0D7F81431D3F894309D
:10676000052B25D801A252F823F000BFB967000815
:10677000856700089B670008B9670008B9670008CB
:10678000B9670008D7F8143108330121184600F022
:106790001DFF034687F827310FE0D7F8143128335F
:1067A0000121184600F0C4FF034687F8273104E0B2
:1067B000012387F8273100E000BF97F82731002B2D
:1067C0000BD16C4B9B6D23F00701D7F81431D3F834
:1067D0009430684A0B43936503E097F8273187F8B4
:1067E0002631D7F81431D3E9002302F02003C7F88B
:1067F000A8300023C7F8AC30D7E92A120B46134360
:1068000055D0D7F81431D3F89030B3F1A04F33D02E
:10681000B3F1A04F2CD8B3F1804F2FD0B3F1804FFC
:1068200026D8B3F1405F2BD0B3F1405F20D8B3F14D
:10683000005F12D0B3F1005F1AD8002B22D0B3F161
:10684000805F15D1D7F8143108330021184600F0C5
:10685000BDFE034687F8273115E0D7F814312833F9
:106860000221184600F064FF034687F827310AE04A
:10687000012387F8273106E000BF04E000BF02E0F3
:1068800000BF00E000BF97F82731002B0BD1394B38
:106890005B6D23F0E041D7F81431D3F89030354ADE
:1068A0000B43536503E097F8273187F82631D7F873
:1068B0001431D3E9002302F04003C7F8A0300023CD
:1068C000C7F8A430D7E928120B46134358D0D7F89D
:1068D0001431D3F89C30B3F5A05F33D0B3F5A05F8B
:1068E0002CD8B3F5805F2FD0B3F5805F26D8B3F5F1
:1068F000406F2BD0B3F5406F20D8B3F5006F12D0A6
:10690000B3F5006F1AD8002B22D0B3F5806F15D1E4
:10691000D7F8143108330021184600F057FE03461B
:1069200087F8273115E0D7F81431283302211846AB
:1069300000F0FEFE034687F827310AE0012387F8BE
:10694000273106E000BF04E000BF02E000BF00E026
:1069500000BF97F82731002B0ED1064B9B6D23F417
:10696000E051D7F81431D3F89C30024A0B439365B9
:1069700006E000BF0044025897F8273187F8263117
:10698000D7F81431D3E9002302F08003C7F8983018
:106990000023C7F89C30D7E926120B46134355D085
:1069A000D7F81431D3F8A030B3F5204F33D0B3F576
:1069B000204F2CD8B3F5004F2FD0B3F5004F26D879
:1069C000B3F5C04F2BD0B3F5C04F20D8B3F5804FEF
:1069D00012D0B3F5804F1AD8002B22D0B3F5005F48
:1069E00015D1D7F8143108330021184600F0EEFD18
:1069F000034687F8273115E0D7F8143128330221F0
:106A0000184600F095FE034687F827310AE0012377
:106A100087F8273106E000BF04E000BF02E000BFB6
:106A200000E000BF97F82731002B0BD1A14B9B6DE5
:106A300023F46041D7F81431D3F8A0309D4A0B43BA
:106A4000936503E097F8273187F82631D7F814319A
:106A5000D3E9002302F00803C7F890300023C7F8F9
:106A60009430D7E924120B4613431ED0D7F81431C3
:106A7000D3F88430B3F5805F0CD1D7F814312833C4
:106A80000221184600F054FE0346002B02D00123D9
:106A900087F82631874B5B6D23F44051D7F81431CA
:106AA000D3F88430834A0B435365D7F81431D3E9C4
:106AB000002302F01003C7F888300023C7F88C3099
:106AC000D7E922120B4613431ED0D7F81431D3F85E
:106AD0009830B3F5807F0CD1D7F8143128330221D8
:106AE000184600F025FE0346002B02D0012387F84C
:106AF0002631704B9B6D23F44071D7F81431D3F8D5
:106B000098306C4A0B439365D7F81431D3E90023CE
:106B100002F40023C7F880300023C7F88430D7E997
:106B200020120B4613433ED0D7F81431D3F8A430CB
:106B3000B3F5003F22D0B3F5003F1BD8002B03D0A4
:106B4000B3F5803F0BD015E0D7F81431083300219E
:106B5000184600F03BFD034687F827310FE0D7F8D1
:106B6000143128330221184600F0E2FD034687F86D
:106B7000273104E0012387F8273100E000BF97F8B0
:106B80002731002B0BD14B4B9B6D23F44031D7F8B1
:106B90001431D3F8A430474A0B43936503E097F8C8
:106BA000273187F82631D7F81431D3E9002302F4CE
:106BB0008023BB670023FB67D7E91E120B461343F4
:106BC0003BD0D7F81431D3F88830B3F5401F1FD02D
:106BD000B3F5401F18D8B3F5801F03D0B3F5001FDD
:106BE00007D011E0334BDB6A324A43F40033D362FF
:106BF0000FE0D7F8143128330121184600F098FD32
:106C0000034687F8273104E0012387F8273100E0A5
:106C100000BF97F82731002B0BD1264B5B6D23F477
:106C20004011D7F81431D3F88830224A0B4353650A
:106C300003E097F8273187F82631D7F81431D3E9E4
:106C4000002302F480333B6700237B67D7E91C12E3
:106C50000B46134334D0D7F814311B6D002B03D0EF
:106C6000B3F5803F07D011E0124BDB6A114A43F4C1
:106C70000033D3620EE0D7F81431083302211846EE
:106C800000F0A4FC034687F8273103E0012387F8CE
:106C9000273100BF97F82731002B0DD1054BDB6C56
:106CA00023F48031D7F814311B6D024A0B43D364AF
:106CB00006E000BF0044025897F8273187F82631D4
:106CC000D7F81431D3E9002302F00053BB66002348
:106CD000FB66D7E91A120B4613430CD0D7F81431D0
:106CE00028330221184600F023FD0346002B02D072
:106CF000012387F82631D7F81431D3E9002302F4B1
:106D000000333B6600237B66D7E918120B4613431A
:106D100038D0D7F81431D3F88030B3F5407F18D08D
:106D2000B3F5407F11D8B3F5007F14D0B3F5007FE1
:106D30000BD8002B11D0B3F5807F06D1C34BDB6A93
:106D4000C24A43F40033D36208E0012387F82731B5
:106D500004E000BF02E000BF00E000BF97F8273169
:106D6000002B0BD1B94B5B6D23F44071D7F8143174
:106D7000D3F88030B54A0B43536503E097F82731C9
:106D800087F82631D7F81431D3E9002302F48013B1
:106D9000BB650023FB65D7E916120B46134309D0E8
:106DA000AA4B1B6D23F00041D7F814315B6FA74A43
:106DB0000B431365D7F81431D3E9002302F0805355
:106DC0003B6500237B65D7E914120B4613430AD0B9
:106DD0009E4B1B6923F48041D7F81431D3F8B830A7
:106DE0009A4A0B431361D7F81431D3E9002302F414
:106DF0000013BB640023FB64D7E912120B46134354
:106E000009D0924B1B6D23F08071D7F81431DB6EE3
:106E10008E4A0B431365D7F81431D3E9002302F0EF
:106E200080433B6400237B64D7E910120B46134375
:106E30000ED0864B1B69854A23F400431361834BB4
:106E40001969D7F81431D3F8BC30804A0B43136169
:106E5000D7F81431D3E9002302F00043BB630023C9
:106E6000FB63D7E90E120B46134309D0774BDB6C5B
:106E700023F04051D7F814315B6D744A0B43D3644F
:106E8000D7F81431D3E9002302F400033B63002355
:106E90007B63D7E90C120B4613430AD06B4B5B6D37
:106EA00023F44001D7F81431D3F88C30674A0B43F0
:106EB0005365D7F81431D3E900230021B96203F0F8
:106EC0000103FB62D7E90A120B46134311D0D7F82E
:106ED000143108330021184600F078FB034687F888
:106EE000273197F82731002B03D097F8273187F8FF
:106EF0002631D7F81431D3E900230021396203F099
:106F000002037B62D7E908120B46134311D0D7F86E
:106F1000143108330121184600F058FB034687F866
:106F2000273197F82731002B03D097F8273187F8BE
:106F30002631D7F81431D3E900230021B96103F0D9
:106F40000403FB61D7E906120B46134311D0D7F8AF
:106F5000143108330221184600F038FB034687F845
:106F6000273197F82731002B03D097F8273187F87E
:106F70002631D7F81431D3E900230021396103F019
:106F800008037B61D7E904120B46134311D0D7F8ED
:106F9000143128330021184600F0CAFB034687F855
:106FA000273197F82731002B03D097F8273187F83E
:106FB0002631D7F81431D3E900230021B96003F05A
:106FC0001003FB60D7E902120B46134311D0D7F828
:106FD000143128330121184600F0AAFB034687F834
:106FE000273197F82731002B03D097F8273187F8FE
:106FF0002631D7F81431D3E900230021396003F09A
:1070000020037B60D7E900120B46134311D0D7F859
:10701000143128330221184600F08AFB034687F812
:10702000273197F82731002B03D097F8273187F8BD
:10703000263197F82631002B01D1002300E00123EF
:10704000184607F59477BD46BDE8B08F0044025856
:1070500080B500AFFEF754FD0246064B1B6A1B09C4
:1070600003F007030449CB5C03F01F0322FA03F388
:10707000184680BD00440258C4D1010880B489B0CC
:1070800000AF7860A14B9B6A03F00303BB619F4B89
:107090009B6A1B0B03F03F037B619C4BDB6A1B0964
:1070A00003F001033B61994BDB6BDB08C3F30C037B
:1070B0003A6902FB03F307EE903AF8EE677AC7ED00
:1070C000037A7B69002B00F01181BB69022B00F071
:1070D0008380BB69022B00F2A180BB69002B03D027
:1070E000BB69012B56D099E0884B1B6803F0200345
:1070F000002B2DD0854B1B68DB0803F00303844A6B
:1071000022FA03F3BB60BB6807EE903AF8EE676AB9
:107110007B6907EE903AF8EE677A86EEA77A7B4BAA
:107120009B6BC3F3080307EE903AF8EE676A97ED9E
:10713000036ADFED785AC6EE257A76EEA77AF7EE87
:10714000006A77EEA67A67EE277AC7ED077A87E0BE
:107150007B6907EE903AF8EE677ADFED6F6A86EEAC
:10716000A77A6A4B9B6BC3F3080307EE903AF8EEDD
:10717000676A97ED036ADFED675AC6EE257A76EE09
:10718000A77AF7EE006A77EEA67A67EE277AC7ED60
:10719000077A65E07B6907EE903AF8EE677ADFEDF3
:1071A0005F6A86EEA77A594B9B6BC3F3080307EE21
:1071B000903AF8EE676A97ED036ADFED565AC6EE2D
:1071C000257A76EEA77AF7EE006A77EEA67A67EE72
:1071D000277AC7ED077A43E07B6907EE903AF8EE2D
:1071E000677ADFED4F6A86EEA77A484B9B6BC3F355
:1071F000080307EE903AF8EE676A97ED036ADFED51
:10720000455AC6EE257A76EEA77AF7EE006A77EE53
:10721000A67A67EE277AC7ED077A21E07B6907EE49
:10722000903AF8EE677ADFED3D6A86EEA77A374B43
:107230009B6BC3F3080307EE903AF8EE676A97ED8D
:10724000036ADFED345AC6EE257A76EEA77AF7EEBA
:10725000006A77EEA67A67EE277AC7ED077A00BF55
:107260002A4B9B6B5B0A03F07F0307EE903AF8EE24
:10727000677AB7EE007A37EE877AD7ED076AC6EEFF
:10728000877AFCEEE77A17EE902A7B681A601F4B2C
:107290009B6B1B0C03F07F0307EE903AF8EE677AC6
:1072A000B7EE007A37EE877AD7ED076AC6EE877AAF
:1072B000FCEEE77A17EE902A7B685A60134B9B6BC3
:1072C0001B0E03F07F0307EE903AF8EE677AB7EEF5
:1072D000007A37EE877AD7ED076AC6EE877AFCEE3A
:1072E000E77A17EE902A7B689A6008E07B680022B4
:1072F0001A607B6800225A607B6800229A6000BF97
:107300002437BD465DF8047B704700BF0044025837
:107310000090D003000000460024744C0024744AFE
:1073200020BCBE4B80B489B000AF7860A14B9B6A93
:1073300003F00303BB619F4B9B6A1B0D03F03F03EC
:107340007B619C4BDB6A1B0A03F001033B61994B99
:107350005B6CDB08C3F30C033A6902FB03F307EE33
:10736000903AF8EE677AC7ED037A7B69002B00F05C
:107370001181BB69022B00F08380BB69022B00F2F4
:10738000A180BB69002B03D0BB69012B56D099E0CB
:10739000884B1B6803F02003002B2DD0854B1B6806
:1073A000DB0803F00303844A22FA03F3BB60BB68E3
:1073B00007EE903AF8EE676A7B6907EE903AF8EECE
:1073C000677A86EEA77A7B4B1B6CC3F3080307EE44
:1073D000903AF8EE676A97ED036ADFED785AC6EEE9
:1073E000257A76EEA77AF7EE006A77EEA67A67EE50
:1073F000277AC7ED077A87E07B6907EE903AF8EEC7
:10740000677ADFED6F6A86EEA77A6A4B1B6CC3F36F
:10741000080307EE903AF8EE676A97ED036ADFED2E
:10742000675AC6EE257A76EEA77AF7EE006A77EE0F
:10743000A67A67EE277AC7ED077A65E07B6907EEE3
:10744000903AF8EE677ADFED5F6A86EEA77A594BDD
:107450001B6CC3F3080307EE903AF8EE676A97EDEA
:10746000036ADFED565AC6EE257A76EEA77AF7EE76
:10747000006A77EEA67A67EE277AC7ED077A43E0CF
:107480007B6907EE903AF8EE677ADFED4F6A86EE99
:10749000A77A484B1B6CC3F3080307EE903AF8EE4B
:1074A000676A97ED036ADFED455AC6EE257A76EEF8
:1074B000A77AF7EE006A77EEA67A67EE277AC7ED2D
:1074C000077A21E07B6907EE903AF8EE677ADFED04
:1074D0003D6A86EEA77A374B1B6CC3F3080307EEB1
:1074E000903AF8EE676A97ED036ADFED345AC6EE1C
:1074F000257A76EEA77AF7EE006A77EEA67A67EE3F
:10750000277AC7ED077A00BF2A4B1B6C5B0A03F092
:107510007F0307EE903AF8EE677AB7EE007A37EE1F
:10752000877AD7ED076AC6EE877AFCEEE77A17EE20
:10753000902A7B681A601F4B1B6C1B0C03F07F03A7
:1075400007EE903AF8EE677AB7EE007A37EE877A70
:10755000D7ED076AC6EE877AFCEEE77A17EE902A37
:107560007B685A60134B1B6C1B0E03F07F0307EE06
:10757000903AF8EE677AB7EE007A37EE877AD7ED71
:10758000076AC6EE877AFCEEE77A17EE902A7B68E8
:107590009A6008E07B6800221A607B6800225A60CB
:1075A0007B6800229A6000BF2437BD465DF8047BEB
:1075B000704700BF004402580090D003000000460E
:1075C0000024744C0024744A20BCBE4B80B584B0A7
:1075D00000AF786039600023FB73534B9B6A03F064
:1075E0000303032B01D1012399E04F4B1B684E4A43
:1075F00023F080631360FAF707F9B86008E0FAF740
:1076000003F90246BB68D31A022B01D9032386E093
:10761000454B1B6803F00063002BF0D1424B9B6A83
:1076200023F47C327B681B681B033F4913438B6246
:107630007B685B68013BC3F308027B689B68013B86
:107640005B029BB21A437B68DB68013B1B0403F4BB
:10765000FE031A437B681B69013B1B0603F0FE43D4
:10766000314913438B63304BDB6A23F0C0027B68E4
:107670005B692D491343CB622B4BDB6A23F020025D
:107680007B689B6928491343CB62274BDB6A264AF8
:1076900023F01003D362244BDA6B244B13407A6837
:1076A000D269D20020491343CB631F4BDB6A1E4AC9
:1076B00043F01003D3623B68002B06D11A4BDB6A00
:1076C000194A43F40023D3620FE03B68012B06D133
:1076D000154BDB6A144A43F48013D36205E0124B66
:1076E000DB6A114A43F40013D3620F4B1B680E4A46
:1076F00043F080631360FAF787F8B86008E0FAF7A0
:1077000083F80246BB68D31A022B01D9032306E093
:10771000054B1B6803F00063002BF0D0FB7B184681
:107720001037BD4680BD00BF004402580700FFFF70
:1077300080B584B000AF786039600023FB73534B91
:107740009B6A03F00303032B01D1012399E04F4B04
:107750001B684E4A23F080531360FAF755F8B8605F
:1077600008E0FAF751F80246BB68D31A022B01D998
:10777000032386E0454B1B6803F00053002BF0D138
:10778000424B9B6A23F07C727B681B681B053F4958
:1077900013438B627B685B68013BC3F308027B6821
:1077A0009B68013B5B029BB21A437B68DB68013B31
:1077B0001B0403F4FE031A437B681B69013B1B0691
:1077C00003F0FE43314913430B64304BDB6A23F46F
:1077D00040627B685B692D491343CB622B4BDB6AAC
:1077E00023F400727B689B6928491343CB62274BC3
:1077F000DB6A264A23F48073D362244B5A6C244BF1
:1078000013407A68D269D200204913434B641F4B5E
:10781000DB6A1E4A43F48073D3623B68002B06D1B7
:107820001A4BDB6A194A43F48003D3620FE03B68CA
:10783000012B06D1154BDB6A144A43F40003D362D3
:1078400005E0124BDB6A114A43F08073D3620F4BA1
:107850001B680E4A43F080531360F9F7D5FFB860F8
:1078600008E0F9F7D1FF0246BB68D31A022B01D911
:10787000032306E0054B1B6803F00053002BF0D0F8
:10788000FB7B18461037BD4680BD00BF0044025840
:107890000700FFFF80B582B000AF78607B68002BE7
:1078A00001D1012349E07B6893F83D30DBB2002B26
:1078B00006D17B68002283F83C20786800F041F80C
:1078C0007B68022283F83D207B681A687B6804335A
:1078D0001946104600F0E8F97B68012283F8482039
:1078E0007B68012283F83E207B68012283F83F20D9
:1078F0007B68012283F840207B68012283F84120C5
:107900007B68012283F842207B68012283F84320B0
:107910007B68012283F844207B68012283F845209C
:107920007B68012283F846207B68012283F8472088
:107930007B68012283F83D20002318460837BD46A6
:1079400080BD80B483B000AF786000BF0C37BD4607
:107950005DF8047B7047000080B485B000AF7860AC
:107960007B6893F83D30DBB2012B01D0012354E05A
:107970007B68022283F83D207B681B68DA687B689D
:107980001B6842F00102DA607B681B68264A93425A
:1079900022D07B681B68B3F1804F1DD07B681B68C9
:1079A000224A934218D07B681B68214A934213D025
:1079B0007B681B681F4A93420ED07B681B681E4A77
:1079C000934209D07B681B681C4A934204D07B68B1
:1079D0001B681B4A934215D17B681B689A68194B38
:1079E0001340FB60FB68062B15D0FB68B3F5803FA6
:1079F00011D07B681B681A687B681B6842F0010223
:107A00001A6008E07B681B681A687B681B6842F094
:107A100001021A6000E000BF002318461437BD467B
:107A20005DF8047B704700BF000001400004004087
:107A300000080040000C0040000401400018004015
:107A4000004001400700010080B584B000AF7860BD
:107A50007B681B68DB68FB607B681B681B69BB601D
:107A6000BB6803F00203002B20D0FB6803F0020385
:107A7000002B1BD07B681B686FF002021A617B68C9
:107A800001221A777B681B689B6903F00303002BB4
:107A900003D0786800F0E9F805E0786800F0DBF8DA
:107AA000786800F0ECF87B6800221A77BB6803F076
:107AB0000403002B20D0FB6803F00403002B1BD031
:107AC0007B681B686FF004021A617B6802221A77D8
:107AD0007B681B689B6903F44073002B03D07868B4
:107AE00000F0C3F805E0786800F0B5F8786800F0B9
:107AF000C6F87B6800221A77BB6803F00803002BE6
:107B000020D0FB6803F00803002B1BD07B681B68A8
:107B10006FF008021A617B6804221A777B681B6881
:107B2000DB6903F00303002B03D0786800F09DF8B5
:107B300005E0786800F08FF8786800F0A0F87B68BE
:107B400000221A77BB6803F01003002B20D0FB68DB
:107B500003F01003002B1BD07B681B686FF0100232
:107B60001A617B6808221A777B681B68DB6903F45B
:107B70004073002B03D0786800F077F805E0786850
:107B800000F069F8786800F07AF87B6800221A77CC
:107B9000BB6803F00103002B0CD0FB6803F001036A
:107BA000002B07D07B681B686FF001021A617868B0
:107BB000F9F7D6F9BB6803F08003002B04D1BB684A
:107BC00003F40053002B0CD0FB6803F08003002B60
:107BD00007D07B681B686FF402521A61786800F066
:107BE00013F9BB6803F48073002B0CD0FB6803F01F
:107BF0008003002B07D07B681B686FF480721A61CA
:107C0000786800F00BF9BB6803F04003002B0CD040
:107C1000FB6803F04003002B07D07B681B686FF004
:107C200040021A61786800F034F8BB6803F0200362
:107C3000002B0CD0FB6803F02003002B07D07B68DF
:107C40001B686FF020021A61786800F0D3F800BF5B
:107C50001037BD4680BD80B483B000AF786000BFF0
:107C60000C37BD465DF8047B704780B483B000AF2D
:107C7000786000BF0C37BD465DF8047B704780B468
:107C800083B000AF786000BF0C37BD465DF8047B61
:107C9000704780B483B000AF786000BF0C37BD463A
:107CA0005DF8047B7047000080B485B000AF786059
:107CB00039607B681B68FB607B68464A934213D03F
:107CC0007B68B3F1804F0FD07B68434A93420BD05F
:107CD0007B68424A934207D07B68414A934203D073
:107CE0007B68404A934208D1FB6823F07003FB6035
:107CF0003B685B68FA681343FB607B68354A9342D4
:107D00001FD07B68B3F1804F1BD07B68324A93420F
:107D100017D07B68314A934213D07B68304A934234
:107D20000FD07B682F4A93420BD07B682E4A934238
:107D300007D07B682D4A934203D07B682C4A93423C
:107D400008D1FB6823F44073FB603B68DB68FA688A
:107D50001343FB60FB6823F080023B685B691343BD
:107D6000FB607B68FA681A603B689A687B68DA6235
:107D70003B681A687B689A627B68164A93420FD008
:107D80007B68184A93420BD07B68174A934207D00E
:107D90007B68164A934203D07B68154A934203D10D
:107DA0003B681A697B681A637B6801225A617B68A9
:107DB0001B6903F00103012B05D17B681B6923F0CC
:107DC00001027B681A6100BF1437BD465DF8047B71
:107DD000704700BF00000140000400400008004060
:107DE000000C0040000401400040014000440140FC
:107DF0000048014080B483B000AF786000BF0C370A
:107E0000BD465DF8047B704780B483B000AF7860F6
:107E100000BF0C37BD465DF8047B704780B483B06B
:107E200000AF786000BF0C37BD465DF8047B70473B
:107E300080B582B000AF78607B68002B01D1012350
:107E400042E07B68D3F88830002B06D17B680022A3
:107E500083F884207868F9F735FB7B682422C3F81F
:107E600088207B681B681A687B681B6822F0010207
:107E70001A607B689B6A002B02D0786801F078FB5F
:107E8000786800F00DFE0346012B01D101231BE0B1
:107E90007B681B685A687B681B6822F490425A60B2
:107EA0007B681B689A687B681B6822F02A029A60CC
:107EB0007B681B681A687B681B6842F001021A60C5
:107EC000786801F0F7FB034618460837BD4680BDC9
:107ED00080B58AB002AFF860B9603B601346FB80A2
:107EE000FB68D3F88830202B7BD1BB68002B02D0F5
:107EF000FB88002B01D1012374E0FB680022C3F84A
:107F00009020FB682122C3F88820F9F77DFC786176
:107F1000FB68FA88A3F85420FB68FA88A3F8562077
:107F2000FB689B68B3F5805F08D1FB681B69002B79
:107F300004D10023FB61BB68BB6103E0BB68FB614C
:107F40000023BB6130E03B6800937B690022802105
:107F5000F86801F059FC0346002B05D0FB6820228D
:107F6000C3F8882003233DE0FB69002B0BD1BB69DC
:107F70001B881A46FB681B68C2F308029A62BB6939
:107F80000233BB6107E0FB691A78FB681B689A62E1
:107F9000FB690133FB61FB68B3F856309BB2013BD0
:107FA0009AB2FB68A3F85620FB68B3F856309BB230
:107FB000002BC8D13B6800937B6900224021F86800
:107FC00001F022FC0346002B05D0FB682022C3F8F9
:107FD0008820032306E0FB682022C3F888200023C2
:107FE00000E0022318462037BD4680BD80B58AB028
:107FF00000AFF860B9601346FB80FB68D3F88830A7
:10800000202B67D1BB68002B02D0FB88002B01D14D
:10801000012360E0FB68BA681A65FB68FA88A3F878
:108020005420FB68FA88A3F85620FB680022C3F8A6
:108030009020FB682122C3F88820FB68DB6F002BAF
:1080400028D0FB68DB6F264ADA63FB68DB6F254AC2
:108050001A64FB68DB6F244ADA64FB68DB6F00227A
:108060001A65FB68D86FFB681B6D1946FB681B68B7
:1080700028331A46FB88FAF7AFF80346002B09D0DD
:10808000FB681022C3F89020FB682022C3F88820E8
:10809000012320E0FB681B6840221A62FB681B6812
:1080A00008337B617B6953E8003F3B613B6943F0E8
:1080B00080037B62FB681B6808337A6A3A62FB6163
:1080C000F9693A6A41E80023BB61BB69002BE5D13D
:1080D000002300E0022318462837BD4680BD00BFBC
:1080E000819B0008179C0008999D000880B58AB004
:1080F00000AFF860B9601346FB80FB68D3F88C30A2
:10810000202B37D1BB68002B02D0FB88002B01D17C
:10811000012330E0FB680022DA66FB681B68184A1E
:1081200093421FD0FB681B685B6803F40003002BBD
:1081300018D0FB681B687B617B6953E8003F3B619B
:108140003B6943F080637B62FB681B681A467B6A6D
:108150003B62FA61F9693A6A41E80023BB61BB6995
:10816000002BE6D1FB881A46B968F86801F0BAFB23
:10817000034600E0022318462837BD4680BD00BFF5
:10818000000C005880B590B000AF78607B68D3F8E1
:108190008830FB637B68D3F88C30BB637B681B68DB
:1081A0009B6803F08003802B39D1FB6B212B36D1E8
:1081B0007B681B6808333B623B6A53E8003FFB6106
:1081C000FB6923F080037B637B681B6808337A6B51
:1081D000FA62BB62B96AFA6A41E800237B627B6A91
:1081E000002BE5D17B68DB6F002B15D07B68DB6F44
:1081F0001846FAF75BFA0346002B0DD07B68DB6F5D
:108200001846FBF7E1FE0346202B05D17B681022C0
:10821000C3F89020032347E0786801F009FC7B68ED
:108220001B689B6803F04003402B3CD1BB6B222BA7
:1082300039D17B681B680833FB60FB6853E8003F5B
:10824000BB60BB6823F040033B637B681B6808335B
:108250003A6BBA617B617969BA6941E800233B6195
:108260003B69002BE5D17B68D3F88030002B17D019
:108270007B68D3F880301846FAF718FA0346002BCB
:108280000ED07B68D3F880301846FBF79DFE03467E
:10829000202B05D17B681022C3F89020032303E034
:1082A000786801F007FC002318464037BD4680BDC2
:1082B00080B5BAB000AF78607B681B68DB69C7F82F
:1082C000E4307B681B681B68C7F8E0307B681B687C
:1082D0009B68C7F8DC30D7F8E42040F60F03134062
:1082E000C7F8D830D7F8D830002B1BD1D7F8E430F6
:1082F00003F02003002B15D0D7F8E03003F0200363
:10830000002B05D1D7F8DC3003F08053002B09D0C7
:108310007B685B6F002B00F077837B685B6F78680E
:10832000984771E3D7F8D830002B00F02381D7F8B5
:10833000DC208D4B1340002B06D1D7F8E0208B4B6F
:108340001340002B00F01681D7F8E43003F001034E
:10835000002B11D0D7F8E03003F48073002B0BD042
:108360007B681B6801221A627B68D3F8903043F067
:1083700001027B68C3F89020D7F8E43003F00203D1
:10838000002B11D0D7F8DC3003F00103002B0BD009
:108390007B681B6802221A627B68D3F8903043F036
:1083A00004027B68C3F89020D7F8E43003F004039C
:1083B000002B11D0D7F8DC3003F00103002B0BD0D9
:1083C0007B681B6804221A627B68D3F8903043F004
:1083D00002027B68C3F89020D7F8E43003F008036A
:1083E000002B17D0D7F8E03003F02003002B05D185
:1083F000D7F8DC205C4B1340002B0BD07B681B684C
:1084000008221A627B68D3F8903043F008027B6838
:10841000C3F89020D7F8E43003F40063002B12D0A7
:10842000D7F8E03003F08063002B0CD07B681B682A
:108430004FF400621A627B68D3F8903043F0200258
:108440007B68C3F890207B68D3F89030002B00F055
:10845000DD82D7F8E43003F02003002B13D0D7F8E7
:10846000E03003F02003002B05D1D7F8DC3003F017
:108470008053002B07D07B685B6F002B03D07B6899
:108480005B6F786898477B68D3F89030C7F8D43032
:108490007B681B689B6803F04003402B05D0D7F82E
:1084A000D43003F02803002B54D0786801F002FB8D
:1084B0007B681B689B6803F04003402B46D17B68B8
:1084C0001B680833C7F89C30D7F89C3053E8003F4E
:1084D000C7F89830D7F8983023F04003C7F8D03069
:1084E0007B681B680833D7F8D020C7F8A820C7F8E6
:1084F000A430D7F8A410D7F8A82041E80023C7F883
:10850000A030D7F8A030002BD9D17B68D3F88030C9
:10851000002B17D07B68D3F88030154A1A657B682A
:10852000D3F880301846FAF7DFFB0346002B19D04A
:108530007B68D3F880301B6D7A68D2F880201046B3
:1085400098470FE0786800F095FA0BE0786800F043
:1085500091FA07E0786800F08DFA7B680022C3F892
:10856000902053E200BF51E20100001020010004FE
:10857000199E00087B68DB6E012B40F0E781D7F87D
:10858000E43003F01003002B00F0E081D7F8E03076
:1085900003F01003002B00F0D9817B681B681022C8
:1085A0001A627B681B689B6803F04003402B40F015
:1085B00051817B68D3F880301B68964A934268D01B
:1085C0007B68D3F880301B68934A934261D07B6804
:1085D000D3F880301B68914A93425AD07B68D3F815
:1085E00080301B688E4A934253D07B68D3F880302A
:1085F0001B688C4A93424CD07B68D3F880301B6850
:10860000894A934245D07B68D3F880301B68874AFB
:1086100093423ED07B68D3F880301B68844A9342F3
:1086200037D07B68D3F880301B68824A934230D0C1
:108630007B68D3F880301B687F4A934229D07B68DF
:10864000D3F880301B687D4A934222D07B68D3F8F0
:1086500080301B687A4A93421BD07B68D3F8803005
:108660001B68784A934214D07B68D3F880301B682B
:10867000754A93420DD07B68D3F880301B68734AEB
:10868000934206D07B68D3F880301B68704A9342CF
:1086900006D17B68D3F880301B685B689BB205E02D
:1086A0007B68D3F880301B685B689BB2A7F8BE304C
:1086B000B7F8BE30002B00F0AB817B68B3F85C30BC
:1086C000B7F8BE209A4280F0A3817B68B7F8BE203D
:1086D000A3F85E207B68D3F88030DB69B3F5807F38
:1086E00000F087807B681B68C7F88830D7F888302F
:1086F00053E8003FC7F88430D7F8843023F4807300
:10870000C7F8B8307B681B681A46D7F8B830C7F886
:108710009430C7F89020D7F89010D7F8942041E80B
:108720000023C7F88C30D7F88C30002BDAD17B6867
:108730001B6808337B677B6F53E8003F3B673B6FE9
:1087400023F00103C7F8B4307B681B680833D7F8FF
:10875000B420C7F88020FB67F96FD7F8802041E884
:108760000023BB67BB6F002BE1D17B681B6808331C
:108770003B663B6E53E8003FFB65FB6D23F0400317
:10878000C7F8B0307B681B680833D7F8B020FA66AA
:10879000BB66B96EFA6E41E800237B667B6E002BE8
:1087A000E3D17B682022C3F88C207B680022DA6644
:1087B0007B681B68FB64FB6C53E8003FBB64BB6CCD
:1087C00023F01003C7F8AC307B681B681A46D7F853
:1087D000AC30BB657A65796DBA6D41E800233B65C5
:1087E0003B6D002BE4D17B68D3F880301846F9F755
:1087F0005DFF7B6802221A677B68B3F85C207B68A8
:10880000B3F85E309BB2D31A9BB21946786800F079
:108810003BF9FDE010000240280002404000024009
:10882000580002407000024088000240A000024050
:10883000B8000240100402402804024040040240F4
:10884000580402407004024088040240A004024020
:10885000B80402407B68B3F85C207B68B3F85E30F4
:108860009BB2D31AA7F8CE307B68B3F85E309BB2C8
:10887000002B00F0CF80B7F8CE30002B00F0CA807C
:108880007B681B68BB63BB6B53E8003F7B637B6B00
:1088900023F49073C7F8C8307B681B681A46D7F872
:1088A000C8307B643A64396C7A6C41E80023FB631E
:1088B000FB6B002BE4D17B681B6808337B627B6A0F
:1088C00053E8003F3B623A6A554B1340C7F8C43047
:1088D0007B681B680833D7F8C4203A63FB62F96AE7
:1088E0003A6B41E80023BB62BB6A002BE3D17B6893
:1088F0002022C3F88C207B680022DA667B68002285
:108900005A677B681B683B613B6953E8003FFB602B
:10891000FB6823F01003C7F8C0307B681B681A4659
:10892000D7F8C030FB61BA61B969FA6941E8002340
:108930007B617B69002BE4D17B6802221A67B7F860
:10894000CE301946786800F09FF863E0D7F8E4303D
:1089500003F48013002B0ED0D7F8DC3003F480032F
:10896000002B08D07B681B684FF480121A6278686D
:1089700001F093FA51E0D7F8E43003F08003002BC4
:1089800014D0D7F8E03003F08003002B05D1D7F8DE
:10899000DC3003F40003002B08D07B689B6F002BB6
:1089A0003AD07B689B6F7868984735E0D7F8E43019
:1089B00003F04003002B09D0D7F8E03003F0400368
:1089C000002B03D0786801F03DFA26E0D7F8E430B8
:1089D00003F40003002B09D0D7F8E03003F0804304
:1089E000002B03D0786801F06CFA16E0D7F8E43079
:1089F00003F08073002B10D0D7F8E030002B0CDA96
:108A0000786801F054FA08E000BF06E000BF04E017
:108A100000BF02E000BF00E000BFE837BD4680BDF8
:108A2000FEFFFFEF80B483B000AF786000BF0C376B
:108A3000BD465DF8047B704780B483B000AF7860BA
:108A400000BF0C37BD465DF8047B704780B483B02F
:108A500000AF786000BF0C37BD465DF8047B7047FF
:108A600080B483B000AF786000BF0C37BD465DF8BE
:108A7000047B704780B483B000AF786000BF0C37D0
:108A8000BD465DF8047B704780B483B000AF78606A
:108A90000B467B8000BF0C37BD465DF8047B7047FA
:108AA0002DE9B04F92B000AF7861002387F84230D3
:108AB0007B699A687B691B691A437B695B691A4306
:108AC0007B69DB6913437B647B691B681A68BE4B57
:108AD00013407A691268796C0B4313607B691B68D9
:108AE0005B6823F440517B69DA687B691B680A4341
:108AF0005A607B699B697B647B691B68B34A9342BC
:108B000004D07B691B6A7A6C13437B647B691B68A6
:108B10009A68AF4B13407A691268796C0B43936083
:108B20007B691B68DB6A23F00F017B695A6A7B69EA
:108B30001B680A43DA627B691B68A64A934277D1B5
:108B4000A54B5B6D03F03803282B6DD801A252F8BA
:108B500023F000BFF98B0008298C0008298C00083D
:108B6000298C0008298C0008298C0008298C000811
:108B7000298C0008018C0008298C0008298C000829
:108B8000298C0008298C0008298C0008298C0008F1
:108B9000298C0008098C0008298C0008298C000801
:108BA000298C0008298C0008298C0008298C0008D1
:108BB000298C0008118C0008298C0008298C0008D9
:108BC000298C0008298C0008298C0008298C0008B1
:108BD000298C0008198C0008298C0008298C0008B1
:108BE000298C0008298C0008298C0008298C000891
:108BF000298C0008218C0008012387F8433022E2E9
:108C0000042387F843301EE2082387F843301AE232
:108C1000102387F8433016E2202387F8433012E20E
:108C2000402387F843300EE2802387F843300AE27E
:108C30007B691B68694A934230D1674B5B6D03F0D7
:108C40000703052B26D801A252F823F0658C0008F3
:108C50006D8C0008758C00087D8C0008858C0008E0
:108C60008D8C0008002387F84330ECE1042387F85B
:108C70004330E8E1082387F84330E4E1102387F824
:108C80004330E0E1202387F84330DCE1402387F8DC
:108C90004330D8E1802387F84330D4E17B691B68F7
:108CA0004F4A934230D14C4B5B6D03F00703052BC9
:108CB00026D801A252F823F0D18C0008D98C0008E4
:108CC000E18C0008E98C0008F18C0008F98C0008A0
:108CD000002387F84330B6E1042387F84330B2E13C
:108CE000082387F84330AEE1102387F84330AAE128
:108CF000202387F84330A6E1402387F84330A2E1E0
:108D0000802387F843309EE17B691B68354A934294
:108D100030D1314B5B6D03F00703052B26D801A240
:108D200052F823F03D8D0008458D00084D8D000858
:108D3000558D00085D8D0008658D0008002387F8BB
:108D4000433080E1042387F843307CE1082387F82F
:108D5000433078E1102387F8433074E1202387F80B
:108D6000433070E1402387F843306CE1802387F87B
:108D7000433068E17B691B681B4A934242D1164B22
:108D80005B6D03F00703052B38D801A252F823F0DE
:108D9000A98D0008B18D0008B98D0008C18D0008AB
:108DA000ED8D0008F58D0008002387F843304AE177
:108DB000042387F8433046E1082387F8433042E133
:108DC000102387F843303EE1F369FFCF000C0058D1
:108DD000FFF4FF110010014000440258004400401D
:108DE00000480040004C004000500040202387F81D
:108DF000433028E1402387F8433024E1802387F87B
:108E0000433020E17B691B68CB4A934276D1CB4B40
:108E10005B6D03F03803282B6CD801A252F823F0C5
:108E2000C58E0008F58E0008F58E0008F58E000846
:108E3000F58E0008F58E0008F58E0008F58E000806
:108E4000CD8E0008F58E0008F58E0008F58E00081E
:108E5000F58E0008F58E0008F58E0008F58E0008E6
:108E6000D58E0008F58E0008F58E0008F58E0008F6
:108E7000F58E0008F58E0008F58E0008F58E0008C6
:108E8000DD8E0008F58E0008F58E0008F58E0008CE
:108E9000F58E0008F58E0008F58E0008F58E0008A6
:108EA000E58E0008F58E0008F58E0008F58E0008A6
:108EB000F58E0008F58E0008F58E0008F58E000886
:108EC000ED8E0008012387F84330BCE0042387F8C7
:108ED0004330B8E0082387F84330B4E0102387F824
:108EE0004330B0E0202387F84330ACE0402387F8DC
:108EF0004330A8E0802387F84330A4E07B691B68F7
:108F00008F4A934230D18D4B5B6D03F00703052BE5
:108F100026D801A252F823F0318F0008398F0008BB
:108F2000418F0008498F0008518F0008598F0008B1
:108F3000002387F8433086E0042387F8433082E03B
:108F4000082387F843307EE0102387F843307AE027
:108F5000202387F8433076E0402387F8433072E0DF
:108F6000802387F843306EE07B691B68754A934223
:108F700030D1724B5B6D03F00703052B26D801A29D
:108F800052F823F09D8F0008A58F0008AD8F0008D0
:108F9000B58F0008BD8F0008C58F0008002387F833
:108FA000433050E0042387F843304CE0082387F82F
:108FB000433048E0102387F8433044E0202387F80B
:108FC000433040E0402387F843303CE0802387F87B
:108FD000433038E07B691B685B4A934230D1574B82
:108FE0009B6D03F00703052B26D801A252F823F04E
:108FF00009900008119000081990000821900008BD
:109000002990000831900008022387F843301AE0C5
:10901000042387F8433016E0082387F8433012E032
:10902000102387F843300EE0202387F843300AE00E
:10903000402387F8433006E0802387F8433002E07E
:10904000802387F843307B691B683F4A934240F096
:10905000F88097F84330202B46DC022BC0F2828048
:10906000023B1E2B7ED801A252F823F0EF9000089D
:1090700065910008F7900008659100086591000867
:109080006591000807910008659100086591000846
:1090900065910008659100086591000865910008D8
:1090A0006591000817910008659100086591000816
:1090B00065910008659100086591000865910008B8
:1090C00065910008659100086591000865910008A8
:1090D0006591000865910008659100086591000898
:1090E0006591000857910008402B37D03AE0FDF712
:1090F000AFFFF8633CE007F124031846FDF7BEFF1D
:10910000BB6AFB6334E007F118031846FEF70AF95F
:10911000FB69FB632CE0094B1B6803F02003002B69
:1091200016D0064B1B68DB0803F00303074A22FA3C
:1091300003F3FB631CE000BF00140140004402582D
:1091400000780040007C0040000C00580090D003E4
:109150009D4BFB630CE09D4BFB6309E04FF4004328
:10916000FB6305E00023FB63012387F8423000BF67
:10917000FB6B002B00F0DE817B695B6A944A32F85E
:1091800013301A46FB6BB3FBF2F33B637B695A68FF
:1091900013465B0013443A6B9A4205D37B695B68C4
:1091A0001B033A6B9A4203D9012387F84230C1E18D
:1091B000FB6B0022BB60FA607B695B6A844A32F811
:1091C00013309BB200223B607A60D7E90023D7E9D5
:1091D0000201F7F73DF902460B46104619464FF0DB
:1091E00000024FF000030B0243EA106302027969A8
:1091F0004968490800200C46054612EB040843EB79
:1092000005097B695B6800229A46934652465B4695
:1092100040464946F7F71CF902460B461346BB6326
:10922000BB6BB3F5407F08D3BB6BB3F5801F04D293
:109230007B691B68BA6BDA607CE1012387F84230F6
:1092400078E17B69DB69B3F5004F40F0C58097F8A2
:109250004330202B48DC002B7BDB202B79D801A26C
:1092600052F823F0EF920008F79200085393000899
:1092700053930008FF92000853930008539300088B
:10928000539300080F93000853930008539300086A
:109290005393000853930008539300085393000816
:1092A000539300081F93000853930008539300083A
:1092B00053930008539300085393000853930008F6
:1092C00053930008539300085393000853930008E6
:1092D00053930008539300085393000853930008D6
:1092E0005393000845930008402B2ED031E0FCF743
:1092F00037FCF86333E0FCF749FCF8632FE007F133
:1093000024031846FDF7BAFEBB6AFB6327E007F1AA
:1093100018031846FEF706F8FB69FB631FE02D4BA8
:109320001B6803F02003002B09D02A4B1B68DB08C5
:1093300003F00303244A22FA03F3FB630FE0224BFA
:10934000FB630CE0214BFB6309E04FF40043FB633C
:1093500005E00023FB63012387F8423000BFFB6B6D
:10936000002B00F0E7807B695B6A194A32F8133002
:109370001A46FB6BB3FBF2F35A007B695B685B0830
:109380001A447B695B68B2FBF3F3BB63BB6B0F2BC7
:1093900016D9BB6BB3F5803F12D2BB6B9BB223F0E7
:1093A0000F03FB86BB6B5B089BB203F007039AB20B
:1093B000FB8E1343FB867B691B68FA8EDA60B9E08B
:1093C000012387F84230B5E00090D00300093D004A
:1093D000DCD101080044025897F84330202B49DCC7
:1093E000002B7CDB202B7AD801A252F823F000BF9F
:1093F0007B94000883940008DF940008DF94000841
:109400008B940008DF940008DF940008DF940008C4
:109410009B940008DF940008DF940008DF940008A4
:10942000DF940008DF940008DF940008DF94000850
:10943000AB940008DF940008DF940008DF94000874
:10944000DF940008DF940008DF940008DF94000830
:10945000DF940008DF940008DF940008DF94000820
:10946000DF940008DF940008DF940008DF94000810
:10947000D1940008402B2ED031E0FCF771FBF8634B
:1094800033E0FCF783FBF8632FE007F12403184671
:10949000FDF7F4FDBB6AFB6327E007F118031846EC
:1094A000FDF740FFFB69FB631FE02D4B1B6803F0DA
:1094B0002003002B09D02A4B1B68DB0803F00303B1
:1094C000284A22FA03F3FB630FE0264BFB630CE010
:1094D000254BFB6309E04FF40043FB6305E00023E9
:1094E000FB63012387F8423000BFFB6B002B21D0C8
:1094F0007B695B6A1D4A32F813301A46FB6BB3FB7B
:10950000F2F27B695B685B081A447B695B68B2FBBB
:10951000F3F3BB63BB6B0F2B09D9BB6BB3F5803F78
:1095200005D2BB6B9AB27B691B68DA6002E001234B
:1095300087F842307B690122A3F86A207B69012207
:10954000A3F868207B6900225A677B6900229A672A
:1095500097F8423018464837BD46BDE8B08F00BF87
:10956000004402580090D00300093D00DCD10108FE
:1095700080B483B000AF78607B689B6A03F0080317
:10958000002B0AD07B681B685B6823F400417B6872
:109590009A6B7B681B680A435A607B689B6A03F07E
:1095A0000103002B0AD07B681B685B6823F4003141
:1095B0007B68DA6A7B681B680A435A607B689B6A2F
:1095C00003F00203002B0AD07B681B685B6823F45E
:1095D00080317B681A6B7B681B680A435A607B6822
:1095E0009B6A03F00403002B0AD07B681B685B684E
:1095F00023F480217B685A6B7B681B680A435A609E
:109600007B689B6A03F01003002B0AD07B681B6801
:109610009B6823F480517B68DA6B7B681B680A4384
:109620009A607B689B6A03F02003002B0AD07B685A
:109630001B689B6823F400517B681A6C7B681B686D
:109640000A439A607B689B6A03F04003002B1AD0A0
:109650007B681B685B6823F480117B685A6C7B68AD
:109660001B680A435A607B685B6CB3F5801F0AD1A4
:109670007B681B685B6823F4C0017B689A6C7B681D
:109680001B680A435A607B689B6A03F08003002BC7
:109690000AD07B681B685B6823F400217B68DA6C66
:1096A0007B681B680A435A6000BF0C37BD465DF8F3
:1096B000047B704780B598B002AF78607B68002269
:1096C000C3F89020F8F7A0F878657B681B681B68E2
:1096D00003F00803082B2FD16FF07E4300937B6DBE
:1096E00000224FF40011786800F08EF80346002B3A
:1096F00022D07B681B68BB63BB6B53E8003F7B6376
:109700007B6B23F080033B657B681B681A463B6DCF
:109710007B643A64396C7A6C41E80023FB63FB6B31
:10972000002BE6D17B682022C3F888207B680022CA
:1097300083F88420032363E07B681B681B6803F0C5
:109740000403042B49D16FF07E4300937B6D00220C
:109750004FF48001786800F057F80346002B3CD0A6
:109760007B681B687B627B6A53E8003F3B623B6A15
:1097700023F49073FB647B681B681A46FB6C3B63A5
:10978000FA62F96A3A6B41E80023BB62BB6A002BBC
:10979000E6D17B681B6808333B613B6953E8003FB7
:1097A000FB60FB6823F00103BB647B681B68083324
:1097B000BA6CFA61BB61B969FA6941E800237B615F
:1097C0007B69002BE5D17B682022C3F88C207B6865
:1097D000002283F88420032312E07B682022C3F850
:1097E00088207B682022C3F88C207B680022DA6600
:1097F0007B6800221A677B68002283F8842000239C
:1098000018465837BD4680BD80B584B000AFF860BB
:10981000B9603B601346FB714FE0BB69B3F1FF3F9A
:109820004BD0F7F7F1FF02463B68D31ABA699A4268
:1098300002D3BB69002B01D103234EE0FB681B68F8
:109840001B6803F00403002B37D0BB68802B34D097
:10985000BB68402B31D0FB681B68DB6903F0080351
:10986000082B10D1FB681B6808221A62F86800F008
:1098700021F9FB680822C3F89020FB68002283F8D6
:109880008420012329E0FB681B68DB6903F4006383
:10989000B3F5006F11D1FB681B684FF400621A62C8
:1098A000F86800F007F9FB682022C3F89020FB68F5
:1098B000002283F8842003230FE0FB681B68DA6929
:1098C000BB681340BA689A420CBF01230023DBB285
:1098D0001A46FB799A42A0D0002318461037BD469D
:1098E00080BD000080B596B000AFF860B960134647
:1098F000FB80FB68BA689A65FB68FA88A3F85C206D
:10990000FB680022C3F89020FB682222C3F88C2059
:10991000FB68D3F88030002B2DD0FB68D3F8803063
:10992000404ADA63FB68D3F880303F4A1A64FB6828
:10993000D3F880303D4ADA64FB68D3F880300022E7
:109940001A65FB68D3F88000FB681B68243319464E
:10995000FB689B6D1A46FB88F8F73EFC0346002B1C
:1099600009D0FB681022C3F89020FB682022C3F8BE
:109970008C20012351E0FB681B69002B18D0FB6889
:109980001B68FB63FB6B53E8003FBB63BB6B43F49B
:1099900080737B65FB681B681A467B6DBB647A64C9
:1099A000796CBA6C41E800233B643B6C002BE6D138
:1099B000FB681B680833BB62BB6A53E8003F7B62ED
:1099C0007B6A43F001033B65FB681B6808333A6D13
:1099D0007A633B63396B7A6B41E80023FB62FB6A75
:1099E000002BE5D1FB681B6808337B617B6953E87A
:1099F000003F3B613B6943F04003FB64FB681B682D
:109A00000833FA6C3A62FB61F9693A6A41E800236B
:109A1000BB61BB69002BE5D1002318465837BD4612
:109A200080BD00BF339C00085B9D0008999D000825
:109A300080B48FB000AF78607B681B683B623B6A84
:109A400053E8003FFB61FB6923F0C0037B637B6845
:109A50001B681A467B6BFB62BA62B96AFA6A41E814
:109A600000237B627B6A002BE6D17B681B6808338E
:109A7000FB60FB6853E8003FBB60BB6823F4000356
:109A80003B637B681B6808333A6BBA617B61796919
:109A9000BA6941E800233B613B69002BE5D17B6853
:109AA0002022C3F8882000BF3C37BD465DF8047B08
:109AB0007047000080B495B000AF78607B681B6889
:109AC0007B637B6B53E8003F3B633B6B23F49073FA
:109AD000FB647B681B681A46FB6C3B64FA63F96B9A
:109AE0003A6C41E80023BB63BB6B002BE6D17B687B
:109AF0001B6808333B623B6A53E8003FFB61FA692D
:109B00001E4B1340BB647B681B680833BA6CFA6257
:109B1000BB62B96AFA6A41E800237B627B6A002B68
:109B2000E5D17B68DB6E012B18D17B681B68FB607D
:109B3000FB6853E8003FBB60BB6823F010037B6405
:109B40007B681B681A467B6CBB617A617969BA696C
:109B500041E800233B613B69002BE6D17B68202272
:109B6000C3F88C207B680022DA667B6800225A6783
:109B700000BF5437BD465DF8047B7047FEFFFFEF22
:109B800080B590B000AF78607B689B6BFB637B68AF
:109B9000DB69B3F5807F37D0FB6B0022A3F856203A
:109BA000FB6B1B6808337B627B6A53E8003F3B62B8
:109BB0003B6A23F08003BB63FB6B1B680833BA6B03
:109BC0003A63FB62F96A3A6B41E80023BB62BB6A05
:109BD000002BE5D1FB6B1B683B613B6953E8003F01
:109BE000FB60FB6843F040037B63FB6B1B681A461A
:109BF0007B6BFB61BA61B969FA6941E800237B615B
:109C00007B69002BE6D102E0F86BFEF70BFF00BF8B
:109C10004037BD4680BD80B584B000AF78607B68BA
:109C20009B6BFB60F868FEF707FF00BF1037BD466F
:109C300080BD80B59CB000AF78607B689B6BFB6695
:109C40007B68DB69B3F5807F71D0FB6E0022A3F8DF
:109C50005E20FB6E1B68FB64FB6C53E8003FBB643B
:109C6000BB6C23F48073BB66FB6E1B681A46BB6E2D
:109C7000BB657A65796DBA6D41E800233B653B6D44
:109C8000002BE6D1FB6E1B680833BB63BB6B53E84C
:109C9000003F7B637B6B23F001037B66FB6E1B68DD
:109CA00008337A6E7A643B64396C7A6C41E800233D
:109CB000FB63FB6B002BE5D1FB6E1B6808337B62FB
:109CC0007B6A53E8003F3B623B6A23F040033B66FC
:109CD000FB6E1B6808333A6E3A63FB62F96A3A6BB3
:109CE00041E80023BB62BB6A002BE5D1FB6E20225A
:109CF000C3F88C20FB6EDB6E012B18D1FB6E1B684A
:109D00003B613B6953E8003FFB60FB6823F01003B5
:109D1000FB65FB6E1B681A46FB6DFB61BA61B96996
:109D2000FA6941E800237B617B69002BE6D1FB6E79
:109D300000221A67FB6EDB6E012B07D1FB6EB3F8B6
:109D40005C301946F86EFEF79FFE02E0F86EFEF7F3
:109D50007DFE00BF7037BD4680BD80B584B000AFCA
:109D600078607B689B6BFB60FB6801221A67FB686D
:109D7000DB6E012B09D1FB68B3F85C305B089BB24A
:109D80001946F868FEF780FE02E0F868FEF768FE04
:109D900000BF1037BD4680BD80B586B000AF78608B
:109DA0007B689B6B7B617B69D3F888303B617B6907
:109DB000D3F88C30FB607B691B689B6803F08003E1
:109DC000802B09D13B69212B06D17B690022A3F8A6
:109DD00056207869FFF72CFE7B691B689B6803F0AF
:109DE0004003402B09D1FB68222B06D17B6900225E
:109DF000A3F85E207869FFF75DFE7B69D3F89030A9
:109E000043F010027B69C3F890207869FEF732FEB8
:109E100000BF1837BD4680BD80B584B000AF786004
:109E20007B689B6BFB60FB680022A3F85E20FB68ED
:109E30000022A3F85620F868FEF71CFE00BF10377A
:109E4000BD4680BD80B588B000AF78607B681B6878
:109E5000FB60FB6853E8003FBB60BB6823F0400336
:109E6000FB617B681B681A46FB69BB617A61796993
:109E7000BA6941E800233B613B69002BE6D17B686E
:109E80002022C3F888207B6800229A677868FEF752
:109E9000C9FD00BF2037BD4680BD80B483B000AF90
:109EA000786000BF0C37BD465DF8047B704780B416
:109EB00083B000AF786000BF0C37BD465DF8047B0F
:109EC000704780B483B000AF786000BF0C37BD46E8
:109ED0005DF8047B704780B485B000AF78607B6824
:109EE00093F88430012B01D1022327E07B68012203
:109EF00083F884207B682422C3F888207B681B6851
:109F00001B68FB607B681B681A687B681B6822F013
:109F100001021A60FB6823F00053FB607B6800229B
:109F20005A667B681B68FA681A607B682022C3F84F
:109F300088207B68002283F8842000231846143789
:109F4000BD465DF8047B704780B584B000AF786093
:109F500039607B6893F88430012B01D102232DE016
:109F60007B68012283F884207B682422C3F8882040
:109F70007B681B681B68FB607B681B681A687B68D2
:109F80001B6822F001021A607B681B689B6823F043
:109F900060417B681B683A680A439A60786800F001
:109FA0004FF87B681B68FA681A607B682022C3F848
:109FB00088207B68002283F884200023184610370D
:109FC000BD4680BD80B584B000AF786039607B68E5
:109FD00093F88430012B01D102232DE07B6801220C
:109FE00083F884207B682422C3F888207B681B6860
:109FF0001B68FB607B681B681A687B681B6822F023
:10A0000001021A607B681B689B6823F060617B68B3
:10A010001B683A680A439A60786800F011F87B6818
:10A020001B68FA681A607B682022C3F888207B6866
:10A03000002283F88420002318461037BD4680BDD7
:10A0400080B485B000AF78607B685B6E002B08D170
:10A050007B680122A3F86A207B680122A3F86820AC
:10A0600031E01023FB731023BB737B681B689B6874
:10A070005B0EDBB203F007037B737B681B689B6896
:10A080005B0FDBB203F007033B73BB7B3A7B1149E9
:10A090008A5C02FB03F33A7B0F498A5C93FBF2F381
:10A0A0009AB27B68A3F86A20FB7B7A7B09498A5CB9
:10A0B00002FB03F37A7B08498A5C93FBF2F39AB2C2
:10A0C0007B68A3F8682000BF1437BD465DF8047BA9
:10A0D000704700BFF4D10108FCD1010880B58AB0F7
:10A0E00000AF78600023FB6101F0AAFF5A4B1B68A8
:10A0F000002B01D100F086F9584B1A687B68134099
:10A10000002B40F090807B68002B1ED008227B68DB
:10A1100013447B607B6803F00703002B15D07B683A
:10A1200023F0070308337B607B6803F00703002BF1
:10A130000BD04FF0500383F31188BFF36F8FBFF341
:10A140004F8F7B6100BF00BFFDE77B68002B6AD0AB
:10A15000434B1B687A689A4265D8424B3B62414B3D
:10A160001B687B6204E07B6A3B627B6A1B687B62E4
:10A170007B6A5B687A689A4203D97B6A1B68002B0A
:10A18000F1D1354B1B687A6A9A424CD03B6A1B6806
:10A1900008221344FB617B6A1A683B6A1A607B6A77
:10A1A0005A687B68D21A08235B009A4220D97A6ADF
:10A1B0007B681344BB61BB6903F00703002B0BD022
:10A1C0004FF0500383F31188BFF36F8FBFF34F8FAE
:10A1D0003B6100BF00BFFDE77B6A5A687B68D21A0B
:10A1E000BB695A607B6A7A685A60B86900F06CF99A
:10A1F0001B4B1A687B6A5B68D31A194A1360184BA9
:10A200001A68194B1B689A4203D2154B1B68164AF1
:10A2100013607B6A5A68114B1B681A437B6A5A6049
:10A220007B6A00221A6001F019FFFB6903F0070343
:10A23000002B0BD04FF0500383F31188BFF36F8FC7
:10A24000BFF34F8FFB6000BF00BFFDE7FB691846FF
:10A250002837BD4680BD00BF70C900247CC90024DA
:10A2600074C9002468C9002478C9002480B586B068
:10A2700000AF78607B687B617B68002B4AD0082345
:10A280005B427A6913447B617B693B613B695A6835
:10A29000224B1B681340002B0BD14FF0500383F36C
:10A2A0001188BFF36F8FBFF34F8FFB6000BF00BFFC
:10A2B000FDE73B691B68002B0BD04FF0500383F385
:10A2C0001188BFF36F8FBFF34F8FBB6000BF00BF1C
:10A2D000FDE73B695A68114B1B681340002B19D0EE
:10A2E0003B691B68002B15D13B695A680B4B1B68F7
:10A2F000DB431A403B695A6001F0A2FE3B695A6891
:10A30000074B1B681344064A1360386900F0DCF8F9
:10A3100001F0A4FE00BF1837BD4680BD7CC90024F3
:10A3200074C9002480B487B000AF78607B687B611B
:10A3300008235B427A6913447B617B693B613B691B
:10A340005A68064B1B68DB431340FB60FB681846EA
:10A350001C37BD465DF8047B704700BF7CC90024F4
:10A3600080B584B000AF7860396001F069FE38686C
:10A37000FFF7B4FEB860BB68002B17D07B68002BDA
:10A3800014D07868FFF7CEFF034608229B1AFB60C3
:10A390003A68FB689A4201D23B68FB60FA687968C8
:10A3A000B86811F00EF87868FFF760FF01F056FE0C
:10A3B000BB6818461037BD4680BD80B586B000AF7B
:10A3C0007860396001F03CFE3B687A6802FB03F379
:10A3D0007B617869FFF782FEF860FB683B6104E00F
:10A3E0003B695A1C3A6100221A707B695A1E7A61D5
:10A3F000002BF5D101F032FEFB6818461837BD4638
:10A4000080BD000080B485B000AF4CF25033BB601B
:10A41000274BFB60FB6803F00703002B0CD0FB68A5
:10A420000733FB60FB6823F00703FB60BA68FB6837
:10A43000D31A1F4A1344BB60FB687B601D4A7B68CC
:10A4400013601C4B00225A607B68BA681344FB609F
:10A450000822FB689B1AFB60FB6823F00703FB6084
:10A46000FB68154A1360144B1B6800225A60124B9C
:10A470001B6800221A607B683B603B68FA68D21A4E
:10A480003B685A600C4B1A683B681A603B685B6813
:10A490000A4A13603B685B68094A1360094B4FF036
:10A4A00000421A6000BF1437BD465DF8047B704758
:10A4B0001806002468C9002470C9002478C9002443
:10A4C00074C900247CC9002480B485B000AF7860D2
:10A4D000284BFB6002E0FB681B68FB60FB681B68A5
:10A4E0007A689A42F7D8FB68BB60FB685B68BA6819
:10A4F00013447A689A4208D1FB685A687B685B68A3
:10A500001A44FB685A60FB687B607B68BB607B68B1
:10A510005B68BA681A44FB681B689A4218D1FB68EA
:10A520001A68154B1B689A420DD07B685A68FB6805
:10A530001B685B681A447B685A60FB681B681A6872
:10A540007B681A6008E00C4B1A687B681A6003E0AD
:10A55000FB681A687B681A60FA687B689A4202D0C6
:10A56000FB687A681A6000BF1437BD465DF8047B4B
:10A57000704700BF68C9002470C9002480B584B04A
:10A5800000AF78607B68D3F88C32FB604FF40062D8
:10A590000449F868FDF7AAFD012318461037BD46A7
:10A5A00080BD00BF80C9002480B584B000AF786052
:10A5B0007B68D3F88C32FB60F868FDF7E3FD01237C
:10A5C00018461037BD4680BD80B586B000AFF86034
:10A5D000B9607A603B60FB68D3F88C327B617B6941
:10A5E000D3F88830202B18D17B689BB21A46B96803
:10A5F0007869FDF7FBFC0346FB7400BFFB7C002B76
:10A6000004D17B69D3F88830202BF7D1FB7C002B59
:10A6100001D17B6802E0002300E0002318461837D0
:10A62000BD4680BD80B588B000AFF860B9607A6083
:10A630003B60FB68D3F88C327B610023FB61002315
:10A64000BB6172B600BF7B69D3F880301B68594A82
:10A65000934268D07B69D3F880301B68564A934296
:10A6600061D07B69D3F880301B68544A93425AD03A
:10A670007B69D3F880301B68514A934253D07B6981
:10A68000D3F880301B684F4A93424CD07B69D3F893
:10A6900080301B684C4A934245D07B69D3F88030A8
:10A6A0001B684A4A93423ED07B69D3F880301B68CE
:10A6B000474A934237D07B69D3F880301B68454ABC
:10A6C000934230D07B69D3F880301B68424A934272
:10A6D00029D07B69D3F880301B68404A934222D04E
:10A6E0007B69D3F880301B683D4A93421BD07B695D
:10A6F000D3F880301B683B4A934214D07B69D3F86F
:10A7000080301B68384A93420DD07B69D3F8803083
:10A710001B68364A934206D07B69D3F880301B68A9
:10A72000334A934207D17B69D3F880301B685B685A
:10A73000C3F5006306E07B69D3F880301B685B6873
:10A74000C3F500632B4A136062B600BFFB69013397
:10A75000FB61012000F01EFB274B1A68254B1B688C
:10A760009A4217D1FA693B689A42FFF66AAF11E044
:10A77000214B1A68B968BB690B4420498A5C1A707E
:10A780001D4B1B680133C3F30A031B4A1360BB69EB
:10A790000133BB61184B1A68164B1B689A4203D0F1
:10A7A000BA697B689A42E3D3BB6918462037BD4635
:10A7B00080BD00BF1000024028000240400002405F
:10A7C000580002407000024088000240A000024091
:10A7D000B800024010040240280402404004024035
:10A7E000580402407004024088040240A004024061
:10A7F000B804024084D1002480D1002480C9002400
:10A8000080B582B000AF786039600C4B1B681A4687
:10A810007B6813441A46094B1A60094B1B681A4699
:10A820007B6813441A46064B1A607868FFF756FC9B
:10A83000034618460837BD4680BD00BF88D10024B6
:10A840008CD1002480B582B000AF786039607B681D
:10A85000002B0CD07868FFF765FD0346064A1268A6
:10A86000D31A1A46044B1A607868FFF7FFFC00BF42
:10A870000837BD4680BD00BF8CD1002480B584B0B0
:10A8800000AFF860B9607A60154B1B681A46BB6868
:10A8900013441A46124B1A60124B1B681A46BB68C7
:10A8A00013441A460F4B1A60FB68002B04D1B8689A
:10A8B000FFF714FC03460EE0F868FFF733FD03468C
:10A8C000084A1268D31A1A46064B1A60B968F86823
:10A8D000FFF746FD034618461037BD4680BD00BF52
:10A8E00088D100248CD1002480B584B000AFF860FA
:10A8F000B9607A60FB68BA6802FB03F30C4A12681D
:10A9000013441A460A4B1A60FB68BA6802FB03F349
:10A91000084A126813441A46064B1A60B968F86868
:10A92000FFF74BFD034618461037BD4680BD00BFFC
:10A9300088D100248CD100242DE9B04386B000AF2B
:10A94000C7E902017A6000237B61D7E9020120A3F5
:10A95000D3E90023F5F72CFD02460B467968C1E9DF
:10A960000023D7E902011AA3D3E90023F5F720FD5C
:10A970007B689A607B689B68002B20DA7B689B6809
:10A98000114A82FB03121217DB17D31A01337B61C2
:10A990007B68D3E900237969C8170C460546B2EBFA
:10A9A000040863EB05097B68C3E900897B689A6842
:10A9B0007B69064901FB03F31A447B689A6000BF78
:10A9C0001837BD46BDE8B083A12FB84400CA9A3BF2
:10A9D00000CA9A3B000000002DE9B04F8EB000AFD6
:10A9E0007862396207F128020023136053604FF048
:10A9F00000024FF00003C7E90C2307F128031846B3
:10AA000001F0B0FDBB6ADA17BB61FA614FF00002DA
:10AA10004FF00003B9690B000022C7E90C23FB6A61
:10AA200000221C461546D7E90C231119B9606B4169
:10AA3000FB60D7E90234C7E90C34D7E90C010246C0
:10AA40000B464FF000044FF000055D0145EAD2656A
:10AA5000540122462B46B2EB000863EB01094FF08C
:10AA600000024FF000034FEA492343EAD8534FEA6C
:10AA700048229046994618EB000A49EB010B4FF02B
:10AA800000024FF000034FEA8B1343EA9A634FEA48
:10AA90008A12B2EB0A043C6063EB0B037B60D7E9DC
:10AAA000004523461B183B612B4641EB03037B61AA
:10AAB0003A6AD7E90401FFF73FFF00231846383709
:10AAC000BD46BDE8B08F80B483B000AF78607B68CE
:10AAD000002B01D1002300E0012318460C37BD46AE
:10AAE0005DF8047B704780B483B000AF78607B680A
:10AAF000002B0C37BD465DF8047B704780B582B0F3
:10AB000000AF78600B46FB707868FFF7DCFF00BF92
:10AB10000837BD4680BD80B582B000AF78607868E8
:10AB2000FFF7E1FF00BF0837BD4680BD80B400AF2E
:10AB3000064B1B68002B03D1054B1B68034A1360AF
:10AB4000024B1846BD465DF8047B70475400002454
:10AB50007800002480B483B000AF03463960FB80E6
:10AB6000B7F90630002B0ADB3B68DAB20C49B7F9BB
:10AB700006301201D2B20B4483F800230AE03B688E
:10AB8000DAB20849FB8803F00F03043B1201D2B28A
:10AB90000B441A7600BF0C37BD465DF8047B704746
:10ABA00000E100E000ED00E080B500AF054B1B6860
:10ABB00001F062FE0346012B01D002F05DFC00BFF4
:10ABC00080BD00BF10E000E080B500AF00216FF055
:10ABD0000400FFF7BFFF00BF80BD000080B483B05A
:10ABE00000AFEFF305833B603B68002B03D06FF0B1
:10ABF00005037B600CE00A4B1B68002B05D1084B5A
:10AC000001221A6000237B6002E04FF0FF337B607B
:10AC10007B6818460C37BD465DF8047B704700BF63
:10AC200090D1002480B582B000AFEFF305833B6084
:10AC30003B68002B03D06FF005037B6010E00B4BEB
:10AC40001B68012B09D1FFF7BFFF084B02221A60D6
:10AC500001F086F900237B6002E04FF0FF337B6058
:10AC60007B6818460837BD4680BD00BF90D10024E0
:10AC700080B58EB004AFF860B9607A6000233B61A4
:10AC8000EFF305837B617B69002B7ED1FB68002B92
:10AC90007BD080233B621823FB6100237B624FF053
:10ACA000FF33BB617B68002B45D07B681B68002BA2
:10ACB00002D07B681B687B627B689B69002B02D09B
:10ACC0007B689B69FB61FB69002B08D0FB69382B13
:10ACD00005D87B685B6803F00103002B01D00023DB
:10ACE00054E07B685B69002B03D07B685B699B0841
:10ACF0003B627B689B68002B0ED07B68DB68A72BD0
:10AD00000AD97B681B69002B06D07B685B69002B26
:10AD100002D00123BB6110E07B689B68002B0CD143
:10AD20007B68DB68002B08D17B681B69002B04D192
:10AD30000023BB6101E00023BB61BB69012B10D183
:10AD40007B681B697A68926802920193FB690093A1
:10AD5000BB683A6A796AF86800F01AFE03463B61FC
:10AD600013E0BB69002B10D13B6A9AB207F11003C4
:10AD70000193FB690093BB68796AF86800F068FE8C
:10AD80000346012B01D000233B613B69184628375D
:10AD9000BD4680BD80B584B000AF7860EFF3058319
:10ADA000BB60BB68002B03D06FF00503FB6007E0BE
:10ADB0000023FB607B68002B02D0786801F09AF8D2
:10ADC000FB6818461037BD4680BD000080B485B0D2
:10ADD00000AFF860B9607A60FB68074A1A60BB6828
:10ADE000064A1A607B6880221A6000BF1437BD468D
:10ADF0005DF8047B704700BF94D100243CD200244E
:10AE000080B485B000AFF860B9607A60FB68074A2B
:10AE10001A60BB68064A1A607B684FF480721A6039
:10AE200000BF1437BD465DF8047B70473CD4002456
:10AE3000E4D4002480B483B000AF78607B6803F171
:10AE400008027B685A607B684FF0FF329A607B682B
:10AE500003F108027B68DA607B6803F108027B6813
:10AE60001A617B6800221A6000BF0C37BD465DF88E
:10AE7000047B704780B483B000AF78607B680022A9
:10AE80001A6100BF0C37BD465DF8047B704780B483
:10AE900085B000AF786039607B685B68FB603B68B9
:10AEA000FA685A60FB689A683B689A60FB689B681E
:10AEB0003A685A60FB683A689A603B687A681A6137
:10AEC0007B681B685A1C7B681A6000BF1437BD463C
:10AED0005DF8047B704780B485B000AF786039605E
:10AEE0003B681B68BB60BB68B3F1FF3F03D17B6865
:10AEF0001B69FB600CE07B680833FB6002E0FB68C9
:10AF00005B68FB60FB685B681B68BA689A42F6D2B4
:10AF1000FB685A683B685A603B685B683A689A60AD
:10AF20003B68FA689A60FB683A685A603B687A68DE
:10AF30001A617B681B685A1C7B681A6000BF143753
:10AF4000BD465DF8047B704780B485B000AF786083
:10AF50007B681B69FB607B685B687A6892689A60B3
:10AF60007B689B687A6852685A60FB685B687A689D
:10AF70009A4203D17B689A68FB685A607B6800221A
:10AF80001A61FB681B685A1EFB681A60FB681B6825
:10AF900018461437BD465DF8047B704780B584B011
:10AFA00000AF786039607B68FB60FB68002B0BD1D9
:10AFB0004FF0500383F31188BFF36F8FBFF34F8FB0
:10AFC000BB6000BF00BFFDE702F0C6F9FB681A686E
:10AFD000FB68DB6BF968096C01FB03F31A44FB683F
:10AFE0009A60FB6800229A63FB681A68FB685A60E3
:10AFF000FB681A68FB68DB6B013BF968096C01FBB5
:10B0000003F31A44FB68DA60FB68FF2283F84420EC
:10B01000FB68FF2283F845203B68002B14D1FB68B6
:10B020001B69002B1AD0FB681033184601F036FA62
:10B030000346002B12D00D4B4FF080521A60BFF325
:10B040004F8FBFF36F8F09E0FB6810331846FFF78F
:10B05000F1FEFB6824331846FFF7ECFE02F0AEF970
:10B06000012318461037BD4680BD00BF04ED00E047
:10B0700080B58EB002AFF860B9607A603B60FB6863
:10B08000002B0BD14FF0500383F31188BFF36F8F68
:10B09000BFF34F8FBB6200BF00BFFDE73B68002BD3
:10B0A0000BD14FF0500383F31188BFF36F8FBFF3C1
:10B0B0004F8F7B6200BF00BFFDE77B68002B02D093
:10B0C000BB68002B01D0012300E00023002B0BD133
:10B0D0004FF0500383F31188BFF36F8FBFF34F8F8F
:10B0E0003B6200BF00BFFDE77B68002B02D1BB685D
:10B0F000002B01D1012300E00023002B0BD14FF0E6
:10B10000500383F31188BFF36F8FBFF34F8FFB6141
:10B1100000BF00BFFDE750237B617B69502B0BD044
:10B120004FF0500383F31188BFF36F8FBFF34F8F3E
:10B13000BB6100BF00BFFDE77B693B68FB62FB6A48
:10B14000002B0DD0FB6A012283F8462097F83820A7
:10B15000FB6A009313467A68B968F86800F005F84E
:10B16000FB6A18463037BD4680BD80B584B000AF5D
:10B17000F860B9607A60FB70BB68002B03D1BB69D3
:10B18000BA691A6002E0BB697A681A60BB69FA683A
:10B19000DA63BB69BA681A640121B869FFF7FEFE79
:10B1A000BB69FA7883F84C2000BF1037BD4680BDDC
:10B1B00080B58EB000AFF860B9607A603B60002364
:10B1C0007B63FB683B633B6B002B0BD14FF0500361
:10B1D00083F31188BFF36F8FBFF34F8FBB6200BF44
:10B1E00000BFFDE7BB68002B03D13B6B1B6C002B42
:10B1F00001D1012300E00023002B0BD14FF05003BD
:10B2000083F31188BFF36F8FBFF34F8F7B6200BF53
:10B2100000BFFDE73B68022B03D13B6BDB6B012BCF
:10B2200001D1012300E00023002B0BD14FF050038C
:10B2300083F31188BFF36F8FBFF34F8F3B6200BF63
:10B2400000BFFDE701F018FB0346002B02D17B682D
:10B25000002B01D1012300E00023002B0BD14FF084
:10B26000500383F31188BFF36F8FBFF34F8FFB61E0
:10B2700000BF00BFFDE702F06FF83B6B9A6B3B6BC2
:10B28000DB6B9A4202D33B68022B29D13A68B9683A
:10B29000386B00F00FFAF8623B6B5B6A002B10D042
:10B2A0003B6B2433184601F0F9F80346002B13D00A
:10B2B0003F4B4FF080521A60BFF34F8FBFF36F8F39
:10B2C0000AE0FB6A002B07D0394B4FF080521A601E
:10B2D000BFF34F8FBFF36F8F02F070F8012363E06D
:10B2E0007B68002B03D102F069F800235CE07B6BE4
:10B2F000002B06D107F11403184601F05BF9012376
:10B300007B6302F05BF800F09BFE02F025F83B6BDC
:10B3100093F844305BB2B3F1FF3F03D13B6B0022A3
:10B3200083F844203B6B93F845305BB2B3F1FF3FA9
:10B3300003D13B6B002283F8452002F03FF83A1D11
:10B3400007F114031146184601F04AF90346002B91
:10B3500024D1386B00F0A6FA0346002B18D03B6BC3
:10B3600010337A681146184601F046F8386B00F041
:10B3700031FA00F073FE0346002B7FF47CAF0C4BD8
:10B380004FF080521A60BFF34F8FBFF36F8F72E799
:10B39000386B00F01FFA00F061FE6CE7386B00F0CC
:10B3A00019FA00F05BFE002318463837BD4680BD11
:10B3B00004ED00E080B590B000AFF860B9607A604D
:10B3C0003B60FB68BB63BB6B002B0BD14FF05003A2
:10B3D00083F31188BFF36F8FBFF34F8FBB6200BF42
:10B3E00000BFFDE7BB68002B03D1BB6B1B6C002BC0
:10B3F00001D1012300E00023002B0BD14FF05003BB
:10B4000083F31188BFF36F8FBFF34F8F7B6200BF51
:10B4100000BFFDE73B68022B03D1BB6BDB6B012B4D
:10B4200001D1012300E00023002B0BD14FF050038A
:10B4300083F31188BFF36F8FBFF34F8F3B6200BF61
:10B4400000BFFDE702F068F8EFF311824FF0500300
:10B4500083F31188BFF36F8FBFF34F8FFA61BB6126
:10B46000FB697B63BB6B9A6BBB6BDB6B9A4202D352
:10B470003B68022B2FD1BB6B93F8453087F83330F4
:10B48000BB6B9B6BFB623A68B968B86B00F012F952
:10B4900097F93330B3F1FF3F12D1BB6B5B6A002BDE
:10B4A00016D0BB6B2433184600F0F8FF0346002B80
:10B4B0000ED07B68002B0BD07B6801221A6007E05E
:10B4C00097F833300133DBB25AB2BB6B83F84520B7
:10B4D0000123FB6301E00023FB637B6B7B617B69E2
:10B4E00083F3118800BFFB6B18464037BD4680BD13
:10B4F00080B58CB000AFF860B9607A600023FB6261
:10B50000FB68BB62BB6A002B0BD14FF0500383F387
:10B510001188BFF36F8FBFF34F8F3B6200BF00BF37
:10B52000FDE7BB68002B03D1BB6A1B6C002B01D16C
:10B53000012300E00023002B0BD14FF0500383F3D5
:10B540001188BFF36F8FBFF34F8FFB6100BF00BF48
:10B55000FDE701F091F90346002B02D17B68002B37
:10B5600001D1012300E00023002B0BD14FF0500349
:10B5700083F31188BFF36F8FBFF34F8FBB6100BFA1
:10B5800000BFFDE701F0E8FEBB6A9B6B7B627B6A54
:10B59000002B1FD0B968B86A00F0F6F87B6A5A1E13
:10B5A000BB6A9A63BB6A1B69002B0FD0BB6A10335E
:10B5B000184600F073FF0346002B07D03C4B4FF0BA
:10B5C00080521A60BFF34F8FBFF36F8F01F0F6FE0A
:10B5D000012369E07B68002B03D101F0EFFE00231B
:10B5E00062E0FB6A002B06D107F11003184600F059
:10B5F000E1FF0123FB6201F0E1FE00F021FD01F01B
:10B60000ABFEBB6A93F844305BB2B3F1FF3F03D1AA
:10B61000BB6A002283F84420BB6A93F845305BB2D2
:10B62000B3F1FF3F03D1BB6A002283F8452001F04C
:10B63000C5FE3A1D07F110031146184600F0D0FF71
:10B640000346002B23D1B86A00F016F90346002BFD
:10B6500017D0BB6A24337A681146184600F0CCFE36
:10B66000B86A00F0B7F800F0F9FC0346002B89D166
:10B670000F4B4FF080521A60BFF34F8FBFF36F8FA5
:10B6800080E7B86A00F0A6F800F0E8FC7AE7B86A4C
:10B6900000F0A0F800F0E2FCB86A00F0EDF8034614
:10B6A000002B3FF46FAF002318463037BD4680BDF6
:10B6B00004ED00E080B586B000AFF860B9607A6054
:10B6C00000237B61FB689B6B3B61FB681B6C002B61
:10B6D0000DD1FB681B68002B4DD1FB689B68184699
:10B6E00001F0E8F87861FB6800229A6043E07B682B
:10B6F000002B19D1FB685868FB681B6C1A46B968A7
:10B700000FF05FFEFB685A68FB681B6C1A44FB680D
:10B710005A60FB685A68FB689B689A422BD3FB68A7
:10B720001A68FB685A6026E0FB68D868FB681B6CE7
:10B730001A46B9680FF045FEFB68DA68FB681B6CB7
:10B740005B421A44FB68DA60FB68DA68FB681B68D6
:10B750009A4207D2FB689A68FB681B6C5B421A44EA
:10B76000FB68DA607B68022B05D13B69002B02D0B5
:10B770003B69013B3B613B695A1CFB689A637B69EF
:10B7800018461837BD4680BD80B582B000AF7860DE
:10B7900039607B681B6C002B18D07B68DA687B688B
:10B7A0001B6C1A447B68DA607B68DA687B689B688C
:10B7B0009A4203D37B681A687B68DA607B68D96831
:10B7C0007B681B6C1A4638680FF0FBFD00BF08371A
:10B7D000BD4680BD80B584B000AF786001F0BCFD8F
:10B7E0007B6893F84530FB7311E07B685B6A002B44
:10B7F00012D07B682433184600F050FE0346002B1D
:10B8000001D000F051FFFB7B013BDBB2FB7397F9EA
:10B810000F30002BE9DC00E000BF7B68FF2283F8DB
:10B82000452001F0CBFD01F097FD7B6893F8443093
:10B83000BB7311E07B681B69002B12D07B6810334F
:10B84000184600F02BFE0346002B01D000F02CFF21
:10B85000BB7B013BDBB2BB7397F90E30002BE9DCFD
:10B8600000E000BF7B68FF2283F8442001F0A6FDC2
:10B8700000BF1037BD4680BD80B584B000AF786092
:10B8800001F06AFD7B689B6B002B02D10123FB60FA
:10B8900001E00023FB6001F091FDFB6818461037C2
:10B8A000BD4680BD80B584B000AF786001F054FD26
:10B8B0007B689A6B7B68DB6B9A4202D10123FB6049
:10B8C00001E00023FB6001F079FDFB6818461037AA
:10B8D000BD4680BD80B485B000AF7860396000237C
:10B8E000FB6014E00F4AFB6852F83330002B0BD199
:10B8F0000C49FB683A6841F833200A4AFB68DB00D0
:10B9000013447A685A6006E0FB680133FB60FB6809
:10B91000072BE7D900BF00BF1437BD465DF8047B95
:10B92000704700BFE4D8002480B586B000AFF8604F
:10B93000B9607A60FB687B6101F00EFD7B6993F86A
:10B9400044305BB2B3F1FF3F03D17B69002283F83F
:10B9500044207B6993F845305BB2B3F1FF3F03D1DC
:10B960007B69002283F8452001F028FD7B699B6BF1
:10B97000002B06D17B6924337A68B968184600F039
:10B9800061FD7869FFF726FF00BF1837BD4680BD0F
:10B9900080B58EB004AFF860B9607A603B607B6BB5
:10B9A000002B0BD14FF0500383F31188BFF36F8F3F
:10B9B000BFF34F8F3B6200BF00BFFDE7BB6B002BA7
:10B9C0000BD14FF0500383F31188BFF36F8FBFF398
:10B9D0004F8FFB6100BF00BFFDE7A8233B613B69C0
:10B9E000A82B0BD04FF0500383F31188BFF36F8F58
:10B9F000BFF34F8FBB6100BF00BFFDE73B69BB6B6F
:10BA0000002B1ED07B6B002B1BD0BB6B7B627B6A39
:10BA10007A6B1A637B6A022283F8A52000230393C2
:10BA20007B6A029307F1140301933B6B00933B681D
:10BA30007A68B968F86800F051F8786A00F0F6F8AA
:10BA400001E000237B617B6918462837BD4680BD35
:10BA500080B58CB004AFF860B9603B601346FB80E2
:10BA6000FB889B00184601F099FD78617B69002BEB
:10BA70000ED0A82001F092FDF861FB69002B03D0E5
:10BA8000FB697A691A6305E0786901F055FE01E007
:10BA90000023FB61FB69002B17D0FB69002283F8B0
:10BAA000A520FA8800230393FB690293FB6A0193A4
:10BAB000BB6A00933B68B968F86800F00FF8F86952
:10BAC00000F0B4F80123BB6102E04FF0FF33BB612B
:10BAD000BB6918462037BD4680BD000080B588B0E0
:10BAE00000AFF860B9607A603B603B6B186B7B68B5
:10BAF0009B001A46A5210FF041FB3B6B1A6B79683E
:10BB00006FF040430B449B001344BB61BB6923F0BF
:10BB10000703BB61BB6903F00703002B0BD04FF099
:10BB2000500383F31188BFF36F8FBFF34F8F7B6197
:10BB300000BF00BFFDE7BB68002B1FD00023FB61E7
:10BB400012E0BA68FB69134419783A6BFB69134435
:10BB500034330A461A70BA68FB6913441B78002B09
:10BB600006D0FB690133FB61FB690F2BE9D900E0CB
:10BB700000BF3B6B002283F8432003E03B6B0022B5
:10BB800083F83420BB6A372B01D93723BB623B6B68
:10BB9000BA6ADA623B6BBA6ADA643B6B00221A65F6
:10BBA0003B6B04331846FFF765F93B6B18331846B7
:10BBB000FFF760F93B6B3A6B1A61BB6AC3F138025D
:10BBC0003B6B9A613B6B3A6B5A623B6B0022C3F84A
:10BBD000A0203B6B002283F8A4203B6B54334C2203
:10BBE000002118460FF0CAFA3B6B0D4A9A653B6B71
:10BBF0000C4ADA653B6B0C4A1A663A68F968B86910
:10BC000001F076FA02463B6B1A60FB6A002B02D009
:10BC1000FB6A3A6B1A6000BF2037BD4680BD00BF8B
:10BC200078FB0124E0FB012448FC012480B582B0AC
:10BC300000AF786001F090FB2D4B1B6801332C4A5C
:10BC400013602C4B1B68002B09D12A4A7B681360B8
:10BC5000274B1B68012B10D100F04AFD0DE0264B4D
:10BC60001B68002B09D1234B1B68DA6A7B68DB6AEF
:10BC70009A4202D81F4A7B681360204B1B6801332D
:10BC80001E4A13601D4B1A687B685A647B68DA6A27
:10BC90001B4B1B689A4203D97B68DB6A184A136006
:10BCA0007B68DA6A13469B0013449B00154A1A44CA
:10BCB0007B68043319461046FFF7E9F801F07EFB74
:10BCC0000D4B1B68002B0ED00A4B1B68DA6A7B6891
:10BCD000DB6A9A4207D20C4B4FF080521A60BFF3D6
:10BCE0004F8FBFF36F8F00BF0837BD4680BD00BFC9
:10BCF000F8DD002424D9002404DE002414DE00240E
:10BD000000DE002428D9002404ED00E080B584B0D2
:10BD100000AF786001F020FB7B68002B02D12D4B37
:10BD20001B6800E07B68FB60FB6804331846FFF784
:10BD30000BF9FB689B6A002B04D0FB68183318468C
:10BD4000FFF702F9244B1B680133234A1360214B90
:10BD50001B68FA689A420BD1FB68043319461F48E6
:10BD6000FFF795F81E4B1B6801331D4A136009E06D
:10BD70001C4B1B68013B1B4A1360F86800F026FD52
:10BD800000F05AFD01F01AFB174B1B68002B1CD06A
:10BD9000104B1B68FA689A4217D1144B1B68002B92
:10BDA0000BD04FF0500383F31188BFF36F8FBFF3B5
:10BDB0004F8FBB6000BF00BFFDE70D4B4FF08052BF
:10BDC0001A60BFF34F8FBFF36F8F00BF1037BD46B0
:10BDD00080BD00BF24D9002414DE0024CCDD002463
:10BDE000E0DD0024F8DD002404DE002420DE002451
:10BDF00004ED00E080B58AB000AF786039600023C0
:10BE00007B627B68002B0BD14FF0500383F31188CA
:10BE1000BFF36F8FBFF34F8F7B6100BF00BFFDE7A4
:10BE20003B68002B0BD14FF0500383F31188BFF315
:10BE30006F8FBFF34F8F3B6100BF00BFFDE72A4B01
:10BE40001B68002B0BD04FF0500383F31188BFF316
:10BE50006F8FBFF34F8FFB6000BF00BFFDE700F0A7
:10BE6000EFF8224B1B683B627B681B683A681344FF
:10BE7000FB617B681B683A6A9A420BD27B681B683D
:10BE8000FA699A4211D2FA693B6A9A420DD90123A2
:10BE90007B620AE07B681B68FA699A4203D3FA69FD
:10BEA0003B6A9A4201D901237B627B68FA691A6076
:10BEB0007B6A002B06D0FA693B6AD31A0021184628
:10BEC00000F068FD00F0CAF8B861BB69002B07D12B
:10BED000074B4FF080521A60BFF34F8FBFF36F8F45
:10BEE00000BF2837BD4680BD20DE0024FCDD0024D5
:10BEF00004ED00E080B584B000AF78600023FB6003
:10BF00007B68002B18D0144B1B68002B0BD04FF014
:10BF1000500383F31188BFF36F8FBFF34F8FBB6064
:10BF200000BF00BFFDE700F08BF80021786800F04B
:10BF300031FD00F093F8F860FB68002B07D1074B48
:10BF40004FF080521A60BFF34F8FBFF36F8F00BF67
:10BF50001037BD4680BD00BF20DE002404ED00E0A8
:10BF600080B58AB004AF0023BB6000237B603A46F3
:10BF7000391D07F108031846FEF728FF39687B686A
:10BF8000BA68029201930023009300230A462449D1
:10BF90002448FFF7FDFC0346234A1360224B1B682D
:10BFA000002B02D001237B6101E000237B617B69D0
:10BFB000012B02D100F042FD78617B69012B1BD17E
:10BFC0004FF0500383F31188BFF36F8FBFF34F8F90
:10BFD0003B6100BF154B1B685433154A1360154B6A
:10BFE0004FF0FF321A60144B01221A60134B0022EB
:10BFF0001A6001F00DF90FE07B69B3F1FF3F0BD13F
:10C000004FF0500383F31188BFF36F8FBFF34F8F4F
:10C01000FB6000BF00BFFDE700BF1837BD4680BD15
:10C0200048D10108C1C600081CDE002424D9002420
:10C03000C800002418DE002404DE0024FCDD0024F7
:10C0400080B400AF044B1B680133034A136000BF88
:10C05000BD465DF8047B704720DE002480B584B0C7
:10C0600000AF0023FB600023BB60424B1B68002B2A
:10C070000BD14FF0500383F31188BFF36F8FBFF3E1
:10C080004F8F3B6000BF00BFFDE701F065F9394B02
:10C090001B68013B374A1360364B1B68002B62D18B
:10C0A000354B1B68002B5ED02FE0344BDB68DB6820
:10C0B000FB60FB6818331846FEF746FFFB68043345
:10C0C0001846FEF741FFFB68DA6A2D4B1B689A425F
:10C0D00003D9FB68DB6A2A4A1360FB68DA6A1346F5
:10C0E0009B0013449B00274A1A44FB6804331946FB
:10C0F0001046FEF7CCFEFB68DA6A234B1B68DB6A4E
:10C100009A4202D3214B01221A601C4B1B68002B60
:10C11000CBD1FB68002B01D000F08EFB1C4B1B68C1
:10C120007B607B68002B10D000F046F80346002BA4
:10C1300002D0164B01221A607B68013B7B607B6852
:10C14000002BF1D1124B00221A60104B1B68002B00
:10C1500009D00123BB600F4B4FF080521A60BFF330
:10C160004F8FBFF36F8F01F029F9BB681846103766
:10C17000BD4680BD20DE0024F8DD0024B8DD0024AB
:10C1800000DE002428D9002424D900240CDE002459
:10C1900008DE002404ED00E080B483B000AF054B5E
:10C1A0001B687B607B6818460C37BD465DF8047BD6
:10C1B000704700BFFCDD002480B586B000AF0023CF
:10C1C0007B614F4B1B68002B40F090804D4B1B68F0
:10C1D00001333B614B4A3B6913603B69002B21D122
:10C1E000494B1B681B68002B0BD04FF0500383F3A7
:10C1F0001188BFF36F8FBFF34F8F3B6000BF00BF4D
:10C20000FDE7414B1B68FB60404B1B683E4A1360D7
:10C210003E4AFB6813603E4B1B6801333C4A136087
:10C2200000F00AFB3B4B1B683A699A4249D3364BF4
:10C230001B681B68002B04D1364B4FF0FF321A608D
:10C240003FE0314B1B68DB68DB68BB60BB685B6849
:10C250007B603A697B689A4203D22E4A7B681360FE
:10C260002FE0BB6804331846FEF76EFEBB689B6A7E
:10C27000002B04D0BB6818331846FEF765FEBB6878
:10C28000DA6A254B1B689A4203D9BB68DB6A224AEB
:10C290001360BB68DA6A13469B0013449B001F4A75
:10C2A0001A44BB68043319461046FEF7F0FDBB681C
:10C2B000DA6A1B4B1B68DB6A9A42B8D301237B61A5
:10C2C000B5E7174B1B68DA6A144913469B00134401
:10C2D0009B000B441B68012B01D901237B61114B8F
:10C2E0001B68002B07D001237B6104E00E4B1B6809
:10C2F00001330D4A13607B6918461837BD4680BD6F
:10C3000020DE0024FCDD0024B0DD0024B4DD0024A8
:10C3100010DE002418DE002400DE002428D90024CA
:10C3200024D900240CDE002408DE002480B485B06B
:10C3300000AF2B4B1B68002B03D02A4B01221A6045
:10C3400047E0284B00221A60274B1B68FB6011E076
:10C35000FB68002B0BD14FF0500383F31188BFF320
:10C360006F8FBFF34F8F7B6000BF00BFFDE7FB689F
:10C37000013BFB601D49FA6813469B0013449B0078
:10C380000B441B68002BE3D0FA6813469B00134450
:10C390009B00164A1344BB60BB685B685A68BB6865
:10C3A0005A60BB685A68BB6808339A4204D1BB68BC
:10C3B0005B685A68BB685A60BB685B68DB680C4A9C
:10C3C0001360094AFB681360094B1B685433094A20
:10C3D000136000BF1437BD465DF8047B704700BF93
:10C3E00020DE00240CDE002400DE002428D90024F6
:10C3F00024D90024C800002480B584B000AF786040
:10C4000039607B68002B0BD14FF0500383F3118808
:10C41000BFF36F8FBFF34F8FFB6000BF00BFFDE71F
:10C42000074B1B68183319467868FEF754FD012145
:10C43000386800F0AFFA00BF1037BD4680BD00BFBE
:10C4400024D9002480B586B000AFF860B9607A6066
:10C45000FB68002B0BD14FF0500383F31188BFF31F
:10C460006F8FBFF34F8F7B6100BF00BFFDE70A4BAB
:10C470001B6818331946F868FEF709FD7B68002B26
:10C4800002D04FF0FF33BB607968B86800F082FAE1
:10C4900000BF1837BD4680BD24D9002480B586B0C2
:10C4A00000AF78607B68DB68DB683B613B69002B31
:10C4B0000BD14FF0500383F31188BFF36F8FBFF39D
:10C4C0004F8FFB6000BF00BFFDE73B691833184684
:10C4D000FEF73AFD1D4B1B68002B1DD13B69043351
:10C4E0001846FEF731FD3B69DA6A194B1B689A4220
:10C4F00003D93B69DB6A164A13603B69DA6A134663
:10C500009B0013449B00134A1A443B6904331946A9
:10C510001046FEF7BCFC05E03B69183319460E488F
:10C52000FEF7B5FC3B69DA6A0C4B1B68DB6A9A4282
:10C5300005D901237B610A4B01221A6001E0002327
:10C540007B617B6918461837BD4680BD20DE00241C
:10C5500000DE002428D90024B8DD002424D90024DA
:10C560000CDE002480B584B000AF78607B68002BBF
:10C570000BD14FF0500383F31188BFF36F8FBFF3DC
:10C580004F8FFB6000BF00BFFDE700F0E5FE074BEB
:10C590001A687B681A60064B1A687B685A6000F05C
:10C5A0000DFF00BF1037BD4680BD00BF10DE002468
:10C5B000FCDD002480B483B000AF7860064B1A68BD
:10C5C0007B681A60054B1A687B685A6000BF0C379D
:10C5D000BD465DF8047B704710DE0024FCDD0024BE
:10C5E00080B588B000AF786039607B68002B0BD1D4
:10C5F0004FF0500383F31188BFF36F8FBFF34F8F5A
:10C600003B6100BF00BFFDE73B68002B0BD14FF043
:10C61000500383F31188BFF36F8FBFF34F8FFB601D
:10C6200000BF00BFFDE700F097FE1D4B1B68BB611C
:10C630007B685B68BA69D31A7B613B681B68B3F19E
:10C64000FF3F02D10023FB6123E07B681A68154B92
:10C650001B689A4207D07B685B68BA699A4202D32A
:10C660000123FB6115E03B681B687A699A420BD293
:10C670003B681A687B69D21A3B681A607868FFF7D2
:10C6800099FF0023FB6104E03B6800221A6001234C
:10C69000FB6100F093FEFB6918462037BD4680BD64
:10C6A000FCDD002410DE002480B400AF034B012227
:10C6B0001A6000BFBD465DF8047B70470CDE0024A5
:10C6C00080B582B000AF786000F052F8064B1B686E
:10C6D000012BF9D9054B4FF080521A60BFF34F8FF1
:10C6E000BFF36F8FF0E700BF28D9002404ED00E00E
:10C6F00080B582B000AF00237B600CE07A681346FF
:10C700009B0013449B00124A13441846FEF792FB09
:10C710007B6801337B607B68372BEFD90D48FEF7D0
:10C7200089FB0D48FEF786FB0C48FEF783FB0C489F
:10C73000FEF780FB0B48FEF77DFB0B4B054A1A60AA
:10C740000A4B054A1A6000BF0837BD4680BD00BFCE
:10C7500028D9002488DD00249CDD0024B8DD0024D5
:10C76000CCDD0024E4DD0024B0DD0024B4DD0024B1
:10C7700080B582B000AF19E000F0EEFD104BDB6831
:10C78000DB687B607B6804331846FEF7DDFB0D4BEE
:10C790001B68013B0B4A13600B4B1B68013B0A4AA9
:10C7A000136000F00BFE786800F010F8064B1B6871
:10C7B000002BE1D100BF00BF0837BD4680BD00BFE0
:10C7C000CCDD0024F8DD0024E0DD002480B584B059
:10C7D00000AF78607B68543318460EF021FD7B680B
:10C7E00093F8A530002B08D17B681B6B184600F02E
:10C7F000A3FF786800F0A0FF19E07B6893F8A530EC
:10C80000012B03D1786800F097FF10E07B6893F864
:10C81000A530022B0BD04FF0500383F31188BFF3E8
:10C820006F8FBFF34F8FFB6000BF00BFFDE700BFFE
:10C830001037BD4680BD000080B483B000AF0C4B04
:10C840001B681B68002B04D10A4B4FF0FF321A60A3
:10C8500008E0074B1B68DB68DB687B607B685B6814
:10C86000044A136000BF0C37BD465DF8047B704777
:10C87000B0DD002418DE002480B483B000AF0B4B81
:10C880001B68002B02D101237B6008E0084B1B686A
:10C89000002B02D102237B6001E000237B607B68D8
:10C8A00018460C37BD465DF8047B704704DE002453
:10C8B00020DE002480B586B000AF78607B683B61E5
:10C8C00000237B617B68002B58D02F4B1B683A6993
:10C8D0009A420BD04FF0500383F31188BFF36F8F50
:10C8E000BFF34F8FFB6000BF00BFFDE73B691B6DCF
:10C8F000002B0BD14FF0500383F31188BFF36F8FE0
:10C90000BFF34F8FBB6000BF00BFFDE73B691B6DEE
:10C910005A1E3B691A653B69DA6A3B69DB6C9A42CD
:10C920002CD03B691B6D002B28D13B690433184682
:10C93000FEF70AFB3B69DA6C3B69DA623B69DB6A4A
:10C94000C3F138023B699A613B69DA6A0F4B1B6895
:10C950009A4203D93B69DB6A0C4A13603B69DA6A85
:10C9600013469B0013449B00094A1A443B69043355
:10C9700019461046FEF78BFA01237B617B69184646
:10C980001837BD4680BD00BF24D9002400DE002436
:10C9900028D9002480B584B000AF78603960214B7D
:10C9A0001B68FB60204B1B6804331846FEF7CCFA6B
:10C9B0007B68B3F1FF3F0AD13B68002B07D01A4BCD
:10C9C0001B68043319461948FEF761FA26E0FA6835
:10C9D0007B681344BB60144B1B68BA685A60BA6822
:10C9E000FB689A4209D2124B1A680F4B1B6804333A
:10C9F00019461046FEF76FFA10E00E4B1A680A4B04
:10CA00001B68043319461046FEF765FA0A4B1B688B
:10CA1000BA689A4202D2084ABB68136000BF103756
:10CA2000BD4680BDFCDD002424D90024E4DD0024C3
:10CA3000B4DD0024B0DD002418DE002480B58AB007
:10CA400004AF00237B6100F013FB1D4B1B68002B20
:10CA500021D00023FB600023BB603A1D07F10801D1
:10CA600007F10C031846FEF7CBF97968BB68FA6842
:10CA7000029201930223009300230A4611491248AF
:10CA8000FEF786FF0346114A1360104B1B68002B0C
:10CA900001D001237B617B69002B0BD14FF0500348
:10CAA00083F31188BFF36F8FBFF34F8F3B6100BFDC
:10CAB00000BFFDE77B6918461837BD4680BD00BF43
:10CAC00054DE002450D1010809CC000858DE0024AF
:10CAD00080B58AB000AFF860B9607A603B6000232F
:10CAE0007B62FB68002B0BD14FF0500383F311885E
:10CAF000BFF36F8FBFF34F8F3B6200BF00BFFDE7F7
:10CB0000194B1B68002B2AD0BB683B617B687B619B
:10CB1000FB68BB61BB68052B18DCFFF7ADFE034665
:10CB2000022B09D1104B186807F1100100233A6B52
:10CB3000FEF73EFB786212E00B4B186807F110011C
:10CB400000230022FEF734FB786208E0064B1868E9
:10CB500007F1100100233A68FEF72CFC78627B6A2B
:10CB600018462837BD4680BD54DE002480B588B005
:10CB700002AF78603960234B1B68DB68DB687B6140
:10CB80007B6904331846FEF7DFF97B6993F8283098
:10CB900003F00403002B23D07B699A697B68D118CA
:10CBA0007B683A68786900F0D5F80346002B20D0FE
:10CBB0000023009300237A6800217869FFF788FF3B
:10CBC00038613B69002B14D14FF0500383F3118877
:10CBD000BFF36F8FBFF34F8FFB6000BF00BFFDE758
:10CBE0007B6993F8283023F00103DAB27B6983F87C
:10CBF00028207B691B6A7869984700BF1837BD46B3
:10CC000080BD00BF4CDE002480B584B000AF7860EA
:10CC100007F10803184600F059F8F860BB68194698
:10CC2000F86800F005F800F0D7F800BFF0E7000062
:10CC300080B584B000AF78603960FFF701FA07F182
:10CC40000803184600F066F8F860BB68002B30D186
:10CC50003B68002B0AD17A68FB689A4206D8FFF736
:10CC6000FDF9F9687868FFF781FF24E03B68002B45
:10CC700008D0134B1B681B68002B01D1012300E077
:10CC800000233B600F4B18687A68FB68D31A3A6838
:10CC90001946FEF749FEFFF7E1F90346002B0AD1DA
:10CCA000094B4FF080521A60BFF34F8FBFF36F8F65
:10CCB00001E0FFF7D3F900BF1037BD4680BD00BFCC
:10CCC00050DE002454DE002404ED00E080B485B082
:10CCD00000AF78600E4B1B681B68002B01D101224E
:10CCE00000E000227B681A607B681B68002B05D17E
:10CCF000074B1B68DB681B68FB6001E00023FB60DF
:10CD0000FB6818461437BD465DF8047B704700BFCA
:10CD10004CDE002480B584B000AF7860FFF73CFAA9
:10CD2000F8600B4B1B68FA689A4205D200F03AF99A
:10CD30007B6801221A6002E07B6800221A60044AC4
:10CD4000FB681360FB6818461037BD4680BD00BF06
:10CD50005CDE002480B586B000AFF860B9607A6010
:10CD60003B6000237B61FB68BA685A60FB68FA6825
:10CD70001A61BA687B689A4212D87A683B68D21AFC
:10CD8000FB689B699A4202D301237B611BE0104B35
:10CD90001A68FB68043319461046FEF79CF812E047
:10CDA0007A683B689A4206D2BA683B689A4202D3D4
:10CDB00001237B6107E0074B1A68FB6804331946BF
:10CDC0001046FEF788F87B6918461837BD4680BDC7
:10CDD00050DE00244CDE002480B58EB002AFCEE0E1
:10CDE0007B68002B19DA3B1D0433FB62FB6A002BC6
:10CDF0000BD14FF0500383F31188BFF36F8FBFF354
:10CE00004F8FFB6100BF00BFFDE7FB6A1B68FA6A3A
:10CE10005068FA6A9268114698477B68002BC0F206
:10CE2000AE80FB68BB62BB6A5B69002B04D0BB6A47
:10CE300004331846FEF788F83B461846FFF76AFFAA
:10CE400078627B68092B00F2978001A252F823F0E8
:10CE500079CE000879CE000879CE0008EFCE000820
:10CE600003CF00084FCF000879CE000879CE000824
:10CE7000EFCE000803CF0008BB6A93F8283043F0D8
:10CE80000103DAB2BB6A83F82820BA68BB6A9B69DF
:10CE9000D118BB687A6AB86AFFF75CFF0346002BBB
:10CEA0006CD0BB6A1B6AB86A9847BB6A93F8283093
:10CEB00003F00403002B61D0BA68BB6A9B691A4473
:10CEC0000023009300230021B86AFFF701FE3862B7
:10CED0003B6A002B52D14FF0500383F31188BFF30C
:10CEE0006F8FBFF34F8FBB6100BF00BFFDE7BB6A11
:10CEF00093F8283023F00103DAB2BB6A83F82820C4
:10CF00003DE0BB6A93F8283043F00103DAB2BB6A14
:10CF100083F82820BA68BB6A9A61BB6A9B69002BB8
:10CF20000BD14FF0500383F31188BFF36F8FBFF322
:10CF30004F8F7B6100BF00BFFDE7BB6A9A697B6AC8
:10CF4000D1187B6A7A6AB86AFFF704FF17E0BB6AF8
:10CF500093F8283003F00203002B03D1B86A00F0E5
:10CF6000EBFB0CE0BB6A93F8283023F00103DAB244
:10CF7000BB6A83F8282002E000BF00E000BF084B36
:10CF80001B68391D00221846FEF7B2FA0346002B33
:10CF90007FF426AF00BF00BF3037BD4680BD00BF65
:10CFA00054DE002480B588B002AF49E02E4B1B68E8
:10CFB000DB681B683B612C4B1B68DB68DB68FB6034
:10CFC000FB6804331846FDF7BFFFFB681B6AF8686F
:10CFD0009847FB6893F8283003F00403002B2FD008
:10CFE000FB689B693A691344BB60BA683B699A4223
:10CFF0000ED9FB68BA685A60FB68FA681A611A4B66
:10D000001A68FB68043319461046FDF764FF17E001
:10D010000023009300233A690021F868FFF758FDC8
:10D0200078607B68002B0BD14FF0500383F311889D
:10D03000BFF36F8FBFF34F8F3B6000BF00BFFDE7B3
:10D04000094B1B681B68002BB0D1074B1B687B6129
:10D05000064B1B68044A1360044A7B69136000BFD7
:10D060001837BD4680BD00BF4CDE002450DE0024D2
:10D0700080B582B002AF00F06FF9154B1B68002B32
:10D0800020D11448FDF7D6FE1348FDF7D3FE134B0D
:10D09000104A1A60124B104A1A6000230093114B79
:10D0A000114A10210A20FDF7E3FF0346084A1360E6
:10D0B000074B1B68002B05D0054B1B680B49184616
:10D0C000FEF708FC00F07AF900BFBD4680BD00BF46
:10D0D00054DE002424DE002438DE00244CDE00244C
:10D0E00050DE002400DF002460DE002458D1010857
:10D0F00080B485B000AFF860B9607A60FB68043B2B
:10D10000FB60FB684FF080721A60FB68043BFB60B9
:10D11000BB6823F00102FB681A60FB68043BFB60FC
:10D120000C4AFB681A60FB68143BFB607A68FB687A
:10D130001A60FB68043BFB60FB686FF002021A6038
:10D14000FB68203BFB60FB6818461437BD465DF862
:10D15000047B704759D1000880B485B000AF00232C
:10D160007B60134B1B68B3F1FF3F0BD04FF05003B4
:10D1700083F31188BFF36F8FBFF34F8FFB6000BF46
:10D1800000BFFDE74FF0500383F31188BFF36F8FAB
:10D19000BFF34F8FBB6000BF00BF7B68002BFCD08C
:10D1A00000BF00BF1437BD465DF8047B704700BF69
:10D1B00060000024000000000000000000000000EB
:10D1C000074B19680868B0E8F04F80F30988BFF38F
:10D1D0006F8F4FF0000080F311887047AFF300802D
:10D1E00024D9002400BF00BF08480068006880F30D
:10D1F00008884FF0000080F3148862B661B6BFF370
:10D200004F8FBFF36F8F00DF00BF00BF08ED00E05E
:10D2100080B586B000AF474B1B68474A93420BD19D
:10D220004FF0500383F31188BFF36F8FBFF34F8F1D
:10D230003B6100BF00BFFDE73E4B1B683F4A934286
:10D240000BD14FF0500383F31188BFF36F8FBFF3FF
:10D250004F8FFB6000BF00BFFDE7394B7B617B69EF
:10D260001B78DBB27B607B69FF221A707B691B78BD
:10D27000DBB2FB70FB78DBB203F05003DAB2314B68
:10D280001A70314B07221A6009E02F4B1B68013BD3
:10D290002D4A1360FB78DBB25B00DBB2FB70FB78DE
:10D2A000DBB203F08003802BEFD0274B1B68C3F168
:10D2B0000703042B0BD04FF0500383F31188BFF307
:10D2C0006F8FBFF34F8FBB6000BF00BFFDE71E4BEA
:10D2D0001B681B021C4A13601B4B1B6803F4E063B2
:10D2E000194A13607B68DAB27B691A70174B1B68A6
:10D2F000164A43F470031360144B1B68134A43F03F
:10D300007043136000F0DAF8114B00221A6000F04D
:10D31000F9F8104B1B680F4A43F040431360FFF7C6
:10D3200063FFFFF703F8FFF717FF002318461837CE
:10D33000BD4680BD00ED00E071C20F4170C20F41DB
:10D3400000E400E050DF002454DF002420ED00E082
:10D350006000002434EF00E080B483B000AF4FF0F1
:10D36000500383F31188BFF36F8FBFF34F8F7B6040
:10D3700000BF104B1B6801330E4A13600D4B1B6836
:10D38000012B10D10C4B1B68DBB2002B0BD04FF0E4
:10D39000500383F31188BFF36F8FBFF34F8F3B6050
:10D3A00000BF00BFFDE700BF0C37BD465DF8047B42
:10D3B000704700BF6000002404ED00E080B483B03B
:10D3C00000AF124B1B68002B0BD14FF0500383F3BF
:10D3D0001188BFF36F8FBFF34F8F7B6000BF00BF1B
:10D3E000FDE70A4B1B68013B084A1360074B1B68AB
:10D3F000002B05D100233B603B6883F3118800BFFD
:10D4000000BF0C37BD465DF8047B70476000002408
:10D41000EFF30980BFF36F8F154B1A681EF0100FE2
:10D4200008BF20ED108A20E9F04F10602DE90900B7
:10D430004FF0500080F31188BFF34F8FBFF36F8F11
:10D44000FEF774FF4FF0000080F3118809BC1968E3
:10D450000868B0E8F04F1EF0100F08BFB0EC108A5B
:10D4600080F30988BFF36F8F704700BFAFF3008070
:10D4700024D9002400BF00BF80B582B000AF4FF0B8
:10D48000500383F31188BFF36F8FBFF34F8F7B601F
:10D4900000BFFEF791FE0346002B03D0064B4FF072
:10D4A00080521A6000233B603B6883F3118800BF01
:10D4B00000BF0837BD4680BD04ED00E080B400AF7A
:10D4C0000B4B00221A600B4B00221A600A4B1B68A0
:10D4D0000A4AA2FB03239B09094A013B1360044B40
:10D4E00007221A6000BFBD465DF8047B704700BF8D
:10D4F00010E000E018E000E008000024D34D6210C6
:10D5000014E000E0DFF80C00016841F470010160F4
:10D51000704700BF88ED00E080B485B000AFEFF346
:10D520000583FB60FB680F2B15D9184AFB68134471
:10D530001B78FB72164B1B78FA7A9A420BD24FF08B
:10D54000500383F31188BFF36F8FBFF34F8F7B605E
:10D5500000BF00BFFDE70F4B1B6803F4E0620E4BFA
:10D560001B689A420BD94FF0500383F31188BFF325
:10D570006F8FBFF34F8F3B6000BF00BFFDE700BF61
:10D580001437BD465DF8047B704700BFF0E300E050
:10D5900050DF00240CED00E054DF002480B58AB099
:10D5A00000AF78600023FB61FEF74AFD5C4B1B680F
:10D5B000002B01D100F024F95A4B1A687B68134004
:10D5C000002B40F095807B68002B1ED008227B68E2
:10D5D00013447B607B6803F00703002B15D07B6846
:10D5E00023F0070308337B607B6803F00703002BFD
:10D5F0000BD04FF0500383F31188BFF36F8FBFF34D
:10D600004F8F7B6100BF00BFFDE77B68002B6FD0B1
:10D61000454B1B687A689A426AD8444B3B62434B3D
:10D620001B687B6204E07B6A3B627B6A1B687B62EF
:10D630007B6A5B687A689A4203D97B6A1B68002B15
:10D64000F1D1374B1B687A6A9A4251D03B6A1B680A
:10D6500008221344FB617B6A1A683B6A1A607B6A82
:10D660005A687B68D21A08235B009A4220D97A6AEA
:10D670007B681344BB61BB6903F00703002B0BD02D
:10D680004FF0500383F31188BFF36F8FBFF34F8FB9
:10D690003B6100BF00BFFDE77B6A5A687B68D21A16
:10D6A000BB695A607B6A7A685A60B86900F00AF907
:10D6B0001D4B1A687B6A5B68D31A1B4A13601A4BAE
:10D6C0001A681B4B1B689A4203D2174B1B68184AF7
:10D6D00013607B6A5A68134B1B681A437B6A5A6053
:10D6E0007B6A00221A60134B1B680133114A1360D6
:10D6F000FEF7B4FCFB6903F00703002B0BD04FF0DF
:10D70000500383F31188BFF36F8FBFF34F8FFB601C
:10D7100000BF00BFFDE7FB6918462837BD4680BD46
:10D72000B0A20124C4A20124B4A20124A8A201240D
:10D73000B8A20124BCA2012480B586B000AF7860F5
:10D740007B687B617B68002B4FD008235B427A6942
:10D7500013447B617B693B613B695A68254B1B68BD
:10D760001340002B0BD14FF0500383F31188BFF30C
:10D770006F8FBFF34F8FFB6000BF00BFFDE73B69BA
:10D780001B68002B0BD04FF0500383F31188BFF3BD
:10D790006F8FBFF34F8FBB6000BF00BFFDE73B69DA
:10D7A0005A68144B1B681340002B1ED03B691B6842
:10D7B000002B1AD13B695A680E4B1B68DB431A4099
:10D7C0003B695A60FEF73CFC3B695A680A4B1B6890
:10D7D0001344094A1360386900F074F8074B1B685A
:10D7E0000133064A1360FEF739FC00BF1837BD4607
:10D7F00080BD00BFC4A20124B4A20124C0A20124A0
:10D8000080B485B000AF4CF25033BB60274BFB6057
:10D81000FB6803F00703002B0CD0FB680733FB60A9
:10D82000FB6823F00703FB60BA68FB68D31A1F4A42
:10D830001344BB60FB687B601D4A7B6813601C4B14
:10D8400000225A607B68BA681344FB600822FB68B8
:10D850009B1AFB60FB6823F00703FB60FB68154A1B
:10D860001360144B1B6800225A60124B1B68002285
:10D870001A607B683B603B68FA68D21A3B685A6062
:10D880000C4B1A683B681A603B685B680A4A136075
:10D890003B685B68094A1360094B4FF000421A600D
:10D8A00000BF1437BD465DF8047B704758DF002485
:10D8B000A8A20124B0A20124B8A20124B4A2012488
:10D8C000C4A2012480B485B000AF7860284BFB600F
:10D8D00002E0FB681B68FB60FB681B687A689A4281
:10D8E000F7D8FB68BB60FB685B68BA6813447A686A
:10D8F0009A4208D1FB685A687B685B681A44FB68E7
:10D900005A60FB687B607B68BB607B685B68BA6859
:10D910001A44FB681B689A4218D1FB681A68154BB9
:10D920001B689A420DD07B685A68FB681B685B686D
:10D930001A447B685A60FB681B681A687B681A6027
:10D9400008E00C4B1A687B681A6003E0FB681A68F1
:10D950007B681A60FA687B689A4202D0FB687A6832
:10D960001A6000BF1437BD465DF8047B704700BFE6
:10D97000A8A20124B0A20124002846D0034630B555
:10D98000027885B00A2A42D8DFE802F01212181491
:10D99000140606061A2E16000A6A596B002052F861
:10D9A0002120121A18BF012283F8392005B030BD9A
:10D9B0000A68F2E78A69F0E78A68EEE70A69ECE745
:10D9C0005C68084604F1430204F1440304F1420593
:10D9D00004F11001CDE90132009504F1410304F195
:10D9E00040020AF017FAE1E75C68084604F12202F7
:10D9F00004F1230104F12103CDE9002104F1200207
:10DA000004F110010AF020FCD0E70B207047012040
:10DA1000CCE700BFF0B59BB0002800F08880037809
:10DA200004460A2B00F26781DFE803F02D2D154430
:10DA3000441919195A061500406890F82030002B37
:10DA400040F0B28090F82230002B40F0E48090F853
:10DA50002130002B6FD1002528461BB0F0BD426B52
:10DA60000B6A53F82230002BF5D0826800F11001C8
:10DA7000406801F055FE05460028ECD040F25923DD
:10DA8000984213D029E0426B0B6853F82230002BE8
:10DA9000E1D000230AAAD0E9010101F0A3FE054666
:10DAA0000028D9D040F29113984216D1002384F86F
:10DAB0003930D1E7426B8B6953F82230002BCAD042
:10DAC000826800F11001406800F0EEFD0546002874
:10DAD000C1D040F2F5139842BED003F025FABBE75F
:10DAE000406890F84230002B7DD1C3691BB190F89B
:10DAF0004030002B44D190F84430002B40F0AC80F3
:10DB000090F84330002BA6D0C26A0AA910300AF060
:10DB100059F805460028E0D16068DDE90E230AF0D7
:10DB2000C3FC002898D0012380F8233094E70B250C
:10DB300028461BB0F0BD04AE10300AAA31460AF0E8
:10DB4000B7FA05460028C8D10AA960680AF06CFC3B
:10DB50000746002800F0BB80012190F908000AF078
:10DB6000EDFB0328844640F0A78007F158040FCE50
:10DB70000FC496E8030084E8030087F808C06BE749
:10DB8000816A10300AF09EF805460028A5D1606829
:10DB9000816A0AF049FC0346002800F0A3800122B4
:10DBA000606883F82220A6E70AF018FC0646606841
:10DBB000002E3FF447AF706006F12801F269103083
:10DBC0000AF0BEF90546002840F08E80F7690FCFB5
:10DBD0003572C6F80900C6F80D106068C6F8112045
:10DBE000C6F815302EE704AA0AA9103009F072FF12
:10DBF000054600287FF471AF6068DDE90E230AF066
:10DC000041FC30B19DF81030012280F8213080F8BD
:10DC10002020606869E7103004AA0AA90AF008FA0F
:10DC2000054600287FF459AF04A960680AF0FCFBA0
:10DC3000074660B10AAD00F140064FF0020C0FCD6F
:10DC40000FC695E8030086E8030087F808C06068FF
:10DC5000002380F82230FAE600F130020AA91030E1
:10DC600009F0F0FF054600287FF437AF6068DDE972
:10DC70000E230AF02BFC06466068002E3FF440AFEE
:10DC80000127836BB784002B3FF43AAF436B05EB5E
:10DC9000450103EBC1010AF0C7FB38B160680135EB
:10DCA00086F82570836BAB42F0D829E760680135B0
:10DCB000836BAB42EAD823E706AB0FCB8DE80F00AE
:10DCC0000321606896E80C000AF076FCC4E606AB17
:10DCD0000FCB8DE80F000221606896E80C000AF077
:10DCE0006BFCB9E6606806E7314660680AF086FBBF
:10DCF00003F01AF9B0E60125AEE600BFF0B50378EF
:10DD000085B004460A2B00F23981DFE803F068424F
:10DD10004D5BA70606061D726200062B00F02681E9
:10DD2000072B036B40F01C8104F11005D0E90A12A7
:10DD300080689847A26A2946606801F031FD044670
:10DD400078B303F0F1F82CE0406890F84230002BF3
:10DD500000F08E800026012704E00AF019FB98B934
:10DD60002F7260680AF0C4FB054600287FD0636804
:10DD7000E26A9B6995F8211085F82060984795F82C
:10DD800021302846002BE8D1606829460AF036FB8E
:10DD9000E7E790F83900D4E90B1300B1A06800243C
:10DDA0009847204605B0F0BD406802F04FF840F2B9
:10DDB00021330446984201D00028C2D100242046D5
:10DDC00005B0F0BD0024036B80689847204605B07D
:10DDD000F0BD0024036B9847204605B0F0BD90F8D5
:10DDE0003900236B00B1A06800249847204605B095
:10DDF000F0BD406890F824303BBB90F82030002BF9
:10DE00007DD040F63406012707E028460AF088FB5B
:10DE1000294660680AF0F2FA606800210AF01AFBED
:10DE20000546002868D06368E16A9B699847B0425C
:10DE30004FF00001E9D1012128460AF071FB2F7251
:10DE4000EAE748680AF0DAFA60680AF00FFB014670
:10DE50000028F6D1606880F82410CEE70024036B18
:10DE600000F1100180689847204605B0F0BD606859
:10DE700090F840308BB1C5682DB3002695F822305C
:10DE800043B1C36985F8226023B1816A2846E26AFA
:10DE9000984760682D68002DF0D190F8443093B118
:10DEA000C56885B1002695F824304BB1436A85F8E2
:10DEB00024602BB1284695F82510E26A98476068DF
:10DEC0002D68002DEFD190F84330002B3FF476AF52
:10DED00000270BE06368E26AD96A1E6A85F823703E
:10DEE000B047606829460AF089FA60680AF00CFBBE
:10DEF00005460028EED161E7606880F8205090F870
:10DF00002130002B3FF45AAFC568B5B1022601E0BD
:10DF10002D6895B195F90830032BF9D1C3692846CE
:10DF2000E16A9847034605F16002284685F82530E6
:10DF300043B10AF015FB6068EAE700231C4680F84D
:10DF400021302EE70FCA05F158078DE80F00012197
:10DF50006068D7E900230AF02FFB2E726068D7E7CC
:10DF6000816A04F1100580689847E3E600F1100526
:10DF7000036B826A294680689847DBE6012410E734
:10DF800000283DD000293CD0034690F838000022FC
:10DF9000002835D030B493F800C0BCF1080F1DD173
:10DFA0005C68256C35F07F4505D194F8440010B9C4
:10DFB00094F8430028B130BC704793F8390000282A
:10DFC000F9D101324033914217D093F8380000283C
:10DFD000F1D093F800C0BCF1080FE1D0BCF1090FFB
:10DFE000EBD15C68256A002DE5D194F82400002867
:10DFF000E1D1013240339142E7D1002030BC70477B
:10E0000070470846704700BF10B504468822024991
:10E010000DF0D7F9204610BD20D201080000000005
:10E0200000296AD02DE9F0410546B0B000285CD047
:10E030001646184688461F4602F094FE002E54D01D
:10E0400080F0010414F0FF044FD1882230490EA85B
:10E050000DF0B7F90EA9882228460DF0B2F96846EE
:10E06000C5F80080AE6002F067F8EC4605F1140ECA
:10E07000D7F80080BCE80F00AEE80F00BCE80F0046
:10E08000AEE80F00BCE80F009FED1F7BAEE80F006D
:10E09000DCF80030B0013969CEF800302F6185ED31
:10E0A0001A7BC047686008B929E0686800EB8410F3
:10E0B0000134314600F06CFAA642F6D805F148006A
:10E0C00000F05AFA134A00236868C5E91E2368B1B4
:10E0D000AB6873B12A69B2FA82F35B094AB1184698
:10E0E00085F8803030B0BDE8F0810B2030B0BDE85D
:10E0F000F081002030B0BDE8F0810B2070470A208D
:10E10000F4E700BFAFF3008000CA9A3B00000000B4
:10E1100020D2010881DF000851B3B0FA80F270B557
:10E1200052090446E0B1D0E90203834201D3012041
:10E1300070BD60689D015E1C00EB83135960022175
:10E140004153012104F11405DA6219872846E6607B
:10E1500002F006F830B9E36C00200133E36470BDCF
:10E160000B2070BD284602F001F80028F3D070BDE6
:10E170000B207047002844D0F0B500F114059BB087
:10E180000446284601F0ECFF10B100201BB0F0BDA2
:10E19000284601F0EBFF002830D10CA804AE01F0B6
:10E1A000CBFF0DF1300CAE462769BCE80F00AEE89E
:10E1B0000F00BCE80F00AEE80F00BCE80F00AEE8AF
:10E1C0000F00DCF80030CEF800300FCF0FC63B68F0
:10E1D000284622683360636E616DCDE90232D4E96E
:10E1E0001332CDE90021226EA16C02F0BFFA0028A3
:10E1F000CCD00B9002F098FE0B98C7E702F094FE8B
:10E20000CBE70B20704700BF2DE9F84F054691463C
:10E210009846FFF7AFFF05F11406304602F072F89A
:10E220000746002840F0A880AB680BB30446696835
:10E23000A20101EB841C9CF83830CBB18B5C0A2B1B
:10E2400000F2DE80DFE803F09D9DA98D8D060606B5
:10E25000CEC1B5000CF13402DCF80410304602F0F7
:10E26000A1FB002840F087800134AB689C42DED3DC
:10E2700043464A46304602F0C3FB95F88030002BF7
:10E2800000F0C680012B40F0BB80AB68002B00F093
:10E290005981002440F29119A0460AE0FFF76CFB77
:10E2A000044610B1484540F0B180AB68984580F015
:10E2B00026816A68314602EB881008F1010890F85F
:10E2C00038C0BCF1000FE9D119461046D5E91E321D
:10E2D0009847002800F09A80AB68002B00F09680E9
:10E2E0004FF0000840F2911909E0FFF793FB044654
:10E2F00010B1484540F08A80AB68984509D26868FB
:10E30000314600EB881008F1010890F83820002A07
:10E31000EBD1002B7AD000260EE012F80C20082A50
:10E3200000F0FC80092A00F0EE8090F839208AB9CC
:10E3300001369E4267D200246A684FEA861C02EBCF
:10E34000861090F83810002960D041780029E4D078
:10E350000129EDD1FFF7D2FC002840F0B580AB6871
:10E36000E6E70CF13402DCF80410304602F0EEFA75
:10E3700000283FF479AF074602F0D6FD3846BDE8E5
:10E38000F88F0CF13402DCF80410304601F08EFFF7
:10E3900000283FF469AF0746EEE70CF13402DCF8E1
:10E3A0000410304602F0A2FA00283FF45DAF0746A1
:10E3B000E2E70CF13402DCF80410304602F06AFAAD
:10E3C00000283FF451AF0746D6E7DCF804100CF103
:10E3D00034023046103109F0E3FE00283FF444AF28
:10E3E0000746C9E7DCF8041000230CF1340230467C
:10E3F000103109F0ABFC00283FF436AF0746BBE70D
:10E40000012702F091FD3846BDE8F88F2746FAE76C
:10E41000AB68002B00F09380002440F29119A046D5
:10E4200008E0FFF7A9FA044608B14845EED1AB6809
:10E43000984566D26A68314602EB881008F10108F7
:10E4400090F838C0BCF1000FEBD119461046D5E961
:10E450001E3298470028D9D0AB68002BD6D04FF099
:10E46000000A40F2911840F259290EE013F80B30DF
:10E47000082B34D0092B29D090F8393003BB0AF18E
:10E48000010AAB689A45BED2002468684FEA8A1B2D
:10E4900000EB8A1090F83830002BB7D03146FFF7E8
:10E4A000B9FA002818BF404501D048450CD16B6827
:10E4B00013EB0B0021D04278002AD7D0012ADED1FD
:10E4C000FFF71CFC0028DAD007469CE743681A6A6D
:10E4D000002AF5D193F82430002BD0D0F0E7436820
:10E4E0001A6C32F07F42EBD193F84420002AE7D136
:10E4F00093F84330002BC2D0E2E70B2783E76A682A
:10E50000E2E66A68A1E74268116A00297FF422AF57
:10E5100092F82420002A3FF40BAF1BE74268116CED
:10E5200031F07F417FF416AF92F8441000297FF458
:10E5300011AF92F84320002A3FF4FAAE0AE76A6866
:10E540001C4682E76A681C46BEE600BF90B170B503
:10E550000446006816461D4600F044F930B13246C4
:10E560002B462046BDE87040FFF74EBE02F0DCFCB3
:10E57000012070BD0B20704730B12022002108B56A
:10E580000CF0FCFD002008BD0B20704700000000CF
:10E59000034678B100224FF00B0C41631046A3F8FC
:10E5A00000C01A631A879FED047BC3E9012283ED43
:10E5B0000A7B70470B20704700000000000000003D
:10E5C0002DE9F04383B00A9F002B18BF002F27D0FE
:10E5D000044628B3E9461D460E469046484600F0DC
:10E5E000F7F82A46234699E8030084E803004146E9
:10E5F000304600F0C7F9054660B93A4604F10C010F
:10E600000320A76001F06EF9054618B9284603B04B
:10E61000BDE8F08302F088FC284603B0BDE8F08333
:10E620000B25284603B0BDE8F08300BF18B1006891
:10E6300008B1D0F80801704770B582B0F8B104464F
:10E640000068E0B1D0F80831CBB10E46E1B1154613
:10E65000D2B1052100F5887002F092FB02460B460C
:10E660003146C5E9002323682A46D3F8080103F0A0
:10E670002DFD064660B10126304602B070BD4FF454
:10E68000FA76304602B070BD0B26304602B070BD3F
:10E6900020680521D5E9002300F58870009102F07B
:10E6A000DBFB304602B070BD70B58E468CB00C46B8
:10E6B00016460DF1180C0546BEE80F00ACE80F0039
:10E6C0009EE803008CE803005DB32B684BB3D3F8DE
:10E6D000080130B346B30023324602A98DF8073053
:10E6E0000DF107039FED127B8DED027B8DED047B19
:10E6F00003F0F4FD0546C8B99DF8072040F2F51374
:10E70000002A08BF1D460DF1180EA446BEE80F00F2
:10E71000ACE80F009EE803008CE8030028460CB02C
:10E7200070BD4FF4FA75EEE70B25ECE70125EAE73B
:10E73000000000000000000030B1006820B1D0F8F7
:10E740000801003818BF0120704700BF002B18BF18
:10E75000002A2DE9F04316460CBF01220022A1B089
:10E76000002908BF42F0010222BB044610B30DF19C
:10E7700010081F460D460DF11809404600F038FB01
:10E7800098E8030084E80300484600F0ABFC4046EC
:10E7900000F02EFBCDF800903B46324698E803008F
:10E7A00084E803002946204600F02CFB30B921B054
:10E7B000BDE8F0830B2021B0BDE8F083039002F0A8
:10E7C000B3FB02F0B1FB039821B0BDE8F08300BFBA
:10E7D000034A034692E8030083E8030018467047A3
:10E7E000A8D2010818B14068003818BF012070474E
:10E7F0002DE9F8430646002300687360002849D0DD
:10E800004769D0F80480D0F8109037B1143000F088
:10E8100027FA0746002844D13068036B43B12830FB
:10E8200003F05CF918B1002F3ED002F07DFB306898
:10E83000036ADBB1D0E9062C012A7CF1000111DB6F
:10E840000024254653F824004946B8B1C047336830
:10E850000134D3E9062C45F100051B6A944275EB9F
:10E860000C01EFDB18464946C04730684946C047AF
:10E8700000233846C6E90033BDE8F883013445F18A
:10E880000005944275EB0C01DCDB18464946C04795
:10E890003068EBE7074600233846C6E90033BDE899
:10E8A000F88302F041FBB7E709F0A6FE0746BCE794
:10E8B000002B18BF002A2DE9F04116460CBF01229B
:10E8C0000022A0B0002908BF42F001021ABB044692
:10E8D00008B30DF110081F460D4600F009FD206039
:10E8E000404600F0A5FD50220D4940460CF069FD60
:10E8F0003B46324629462046CDF8008000F0FEFC1B
:10E9000010B920B0BDE8F081039002F00DFB039830
:10E9100020B0BDE8F0810B2020B0BDE8F08100BF41
:10E92000B0D2010861B32DE9F04106468AB018B3B0
:10E930000D4690461F4601F0CDF9AC680DF10C0C68
:10E9400030600FCCACE80F0023682A4605F10C01BB
:10E950003046CCF80030109BCDE90087029301F0DF
:10E96000BFF910B90AB0BDE8F081099002F0DCFAF5
:10E9700009980AB0BDE8F0810B200AB0BDE8F0812B
:10E980000B2070472DE9F047051E9EB00E469046BD
:10E990001F4640F39F80002900F09F80A1F1040EE4
:10E9A0004FF0000C5EF8044F0CF1010C002C00F04D
:10E9B00094806545F6D1B8F1000F00F08E80D8F84C
:10E9C0000040002C00F089800DF1640C0FCCACE805
:10E9D0000F00236819A8CCF8003002F0C3F980F0CA
:10E9E0000100C0B2002878D1002F76D03B68002B00
:10E9F00078D178210120DDE91C329847044638603F
:10EA0000002800F0B68002A802F0AEFD02A904F1D1
:10EA1000280050220CF0D5FC19ACD7F800E00FCC40
:10EA2000F446ACE80F0023680EF114014046CCF820
:10EA3000003000F03FF90446002844D1D7F8009098
:10EA40004FEAE578C9F82000C9F81850C9F81C80C9
:10EA5000002D4ED0002E4CD004212846DDE91C327A
:10EA60009847C9F82000D7F80090D9F82030CA4656
:10EA700043B3012D78F100033BDB0024043EA146A3
:10EA80000BE031680CF09DFC013449F10009C845E8
:10EA900008BFA5422BD0D7F800A056F8040FF1F715
:10EAA0007FFC421C199B10461D99DAF820A00192A8
:10EAB00098473B684AF824001B6A019A53F82400DF
:10EAC0000028DED10A243846FFF792FE20461EB009
:10EAD000BDE8F08700293FF46EAF0B2420461EB03E
:10EAE000BDE8F087642420461EB0BDE8F087D7F863
:10EAF000009026490B68013336D01A4600240B607B
:10EB0000D9F814007B60436A0133C0E9062434D08D
:10EB100090F830303BB9303000F048F90446002816
:10EB2000D1D13B68586918AA17A9406B01F0F2FAD5
:10EB300004460028C7D1179BEBB939684B6903F12C
:10EB40002802586B00F094FD04460028BBD13968B8
:10EB500048692831183002F08BFE04460028BDD0E9
:10EB600009F04AFD0446AEE701221C460A6013463E
:10EB7000C6E70A24B2E70124A5E7243009F050FDD6
:10EB8000044600289FD13B685869C1E7C8A2012408
:10EB90000020704784B0F0B597B01DAE86E80E0037
:10EBA000002858D00368054633B16424204617B0C6
:10EBB000BDE8F04004B07047304602F0D3F80028BA
:10EBC00049D0B44611ACBCE80F000FC4DCF80030EB
:10EBD0005020219923601D9B9847044628600028F7
:10EBE0003BD00DF1440C8646BCE80F00AEE80F00A8
:10EBF000DCF8003002A8CEF8003002F0C9FC0DF1BC
:10EC0000080E04F1180C2F6820ACBEE80F00ACE829
:10EC10000F00BEE80F00ACE80F00BEE80F00ACE844
:10EC20000F009EE803008CE8030094E803008DE8E1
:10EC3000030096E80E0007F1180002F01BFD0446E1
:10EC40000028B3D021991E9B28689847204609F0D8
:10EC5000D3FC0446AAE70B24A8E70A24A6E700BFD2
:10EC600030B587B0F0B103680446DBB19C460DF1C6
:10EC7000040EBCE80F00AEE80F00DCF8003001A87D
:10EC8000CEF8003002F06EF860B12068183002F063
:10EC9000ABFD054650B92068029B05999847284668
:10ECA00007B030BD0B25284607B030BD09F0A4FCE5
:10ECB0000546F8E72DE9F04194B000285BD0044602
:10ECC0000068002857D00E4602F04CF8002E52D0B3
:10ECD00080F00100C0B200284DD1336823B1642414
:10ECE000204614B0BDE8F08127680FADBC46D7F8C8
:10ECF0000080BCE80F000FC5DCF80030502019463A
:10ED00002B60C04705463060D0B30DF13C0C864601
:10ED1000BCE80F00AEE80F00DCF800306846CEF823
:10ED2000003002F035FCEE4605F1180C2468356819
:10ED3000BEE80F00ACE80F00BEE80F00ACE80F0023
:10ED4000BEE80F00ACE80F009EE803008CE803006B
:10ED500004F1180005F1180102F0F4FC0446002843
:10ED6000BED002F0C9F802F0DFF83046FFF778FFB6
:10ED700040B10446B4E70B24204614B0BDE8F0814E
:10ED80000A24ADE7204614B0BDE8F04109F034BCD8
:10ED900020B1036813B10020596270470B207047FF
:10EDA00010B1006800B11830704700BF10B50023E3
:10EDB00082B00193B8B1044601A90C4802F084F86E
:10EDC00010B1012002B010BD019B13B11A78312A95
:10EDD00004D002230020237002B010BD5B78002B0A
:10EDE000F7D10123F6E70B2002B010BD00D30108D4
:10EDF000034A034692E8030083E80300184670477D
:10EE000030D301082DE9F04FA9B004460E4615464F
:10EE1000DDF8C88023A81F4609F076FEB8F1000F80
:10EE200000F0F380404601F09DFF002D18BF002C3C
:10EE300080F001000CBF4FF0010C4FF0000C002ED1
:10EE400008BF4CF0010C4CEA000C1CF0FF0940F02C
:10EE5000DC80D4F804A0BAF1000F40F0FC80002F51
:10EE600000F0D3803846FFF7BDFC8346002800F051
:10EE7000D2805246304622A9CDF888A004F0FCF991
:10EE80008246002840F0C3802298002840F0F1809C
:10EE90002846F1F785FA002840F0C080794D22A974
:10EEA0000022284604F0CAF98246002840F0AF80CC
:10EEB0002298002840F0D580D8F800307820D8F883
:10EEC0001010984782466060002800F0CF80002232
:10EED000002308A8CAE91A23CAE91C2300F002F992
:10EEE00008A9504668220CF06CFA61684046276019
:10EEF00000F006F9002858D12846F1F751FA2844C5
:10EF000010F8013CCDE903562F2BD8F810300093B0
:10EF10000CBF5D4B5D4B02934FF400630193D4F83B
:10EF200004A098E80F0002F02BF82368CAF87400D8
:10EF3000314618682A466668283002F081FE636808
:10EF4000B066986E002832D002F00AFF824660B3A5
:10EF5000D8F800300820D8F8101066689847636821
:10EF6000F066D3F86CB0BBF1000F20D006A823AE3A
:10EF700009F0F0FC06A86368C44603C8D3F86CE047
:10EF80008BE80300BCE80F000FC6DCF800303360EC
:10EF900028AB13E90F008DE80F0051463A46704642
:10EFA000239B09F02FFD824628B36368F3B1586FA5
:10EFB00028B1D8F80430D8F8101098476368986ED4
:10EFC00010B102F04FFE6368D86E48B109F076FDCB
:10EFD0006368D8F81010D86ED8F804309847636882
:10EFE0001846D8F81010D8F80430984700234FF08E
:10EFF000010AC4E90033B9F1000F08D0D8F8043091
:10F000002846D8F81010984701E04FF00B0A5046F8
:10F0100029B0BDE8F08F4FF0650AF8E72B782F2B69
:10F020003FF43DAF0395D8F810300093184B02938E
:10F030004FF40063019398E80F0001F0A1FF05462B
:10F04000E0B1002222A9229204F0F8F882460028BA
:10F05000D4D1D9462CE74FF0640A504629B0BDE818
:10F06000F08F4FF0CA0A04F0FBF8C4E74FF00A0A29
:10F07000C1E74FF0C90A04F053F9C8E74FF00A0A94
:10F08000C5E700BF18D3010820D3010828D3010821
:10F090001CD3010830B1436823B19B6E13B10068E3
:10F0A000FFF7A0BB0020704720B1406810B1806E10
:10F0B00000B18068704700BF20B1406810B1806E19
:10F0C00000B1C068704700BF28B1406818B1836EB6
:10F0D000002B08BF0020704710B1406800B1806E5F
:10F0E000704700BF10B50446682200210CF046F8B6
:10F0F000204601F029FE01232046237510BD00BFE4
:10F10000002818BF88421BD0F8B5B1FA81F60C462A
:10F11000760999B10546878A84468E460FCDAEE8BA
:10F120000F002B6850220CF1180104F11800CEF8E2
:10F130000030A7820CF045F93046F8BD0B20F8BD31
:10F140000B20704782B02DE9F04F91B01AAC9DF8BA
:10F150007C8084E80C0000283DD00C460546FFF773
:10F16000B3FF00283AD02846FFF79EFF0646284600
:10F170000BADFFF7A1FF0DF1680E0746AC46BEE8E8
:10F180000F00ACE80F00DEF80030CCF80030219B17
:10F190000BB38946DDF878A002F06AF810AB08904E
:10F1A00013E907008DE80700002108A895E80C0086
:10F1B00002F0D4F88346A0B101F09EFE01F0B4FE47
:10F1C000BBF10A0F18BF4FF0010B584611B0BDE854
:10F1D000F04F02B070474FF00B0BF6E74FF0010B0A
:10F1E000F3E70990079008A809F0AEFB834680B1C9
:10F1F0000A2808A818BF4FF0010B02F0EFF80446E8
:10F2000000285BD151460998C84751462046C84757
:10F21000DBE709ABEC4605930FCDACE80F002B689C
:10F220003A4631462046CCF8003008AB09F02CFABB
:10F230008346D8B9099C024609900AA9204603F0E2
:10F240002DFF50BB0A9D002D40D1219B08A81C60BA
:10F2500002F0C4F88346002843D001F04DFEA846D2
:10F260004FF0010B2C4601F05FFE0AE0672814BF47
:10F270004FF0000808F00108079C08A802F0AEF85B
:10F2800050BB51460998C84751462046C847B8F177
:10F29000000F18BF4FF0680B97E701F02DFE01F04B
:10F2A00043FE08A802F09AF898B951460998C84751
:10F2B000514620464FF0010BC84786E7DDF81C8019
:10F2C00001F01AFE01F030FE4446DAE74FF0670B1A
:10F2D000D3E7D8464FF0010B01F00EFE01F024FEFB
:10F2E000CFE751460998C84751465846C8476CE78A
:10F2F000014B1868704700BF38D301082DE9F0476B
:10F3000088B0109E002E6BD006F1500A05460F46BD
:10F3100090465046994601F025FD80F00104E4B284
:10F32000002C5DD1002D5BD02B6823B164242046D6
:10F3300008B0BDE8F0873846FFF7ACFE002854D08F
:10F34000B8F1000F4CD0B9FA89F35B09B9F1000F9D
:10F3500046D007AA0793CDE9033306F15803059277
:10F3600093E807008DE80700494638469AE80C0004
:10F37000FFF7E8FE00284FD1336DC820316E984763
:10F380002860002850D03846FFF7A6FE06F1640337
:10F390004146079A009333462C6802F04BFD2B68D8
:10F3A000C4F8C400D3F8C40070B303F1700102F0D4
:10F3B00025FE2B680446D0B996F8482031461846F9
:10F3C00083F8B82070220BF0FCFF3A68C0F8C02028
:10F3D0000798736D316E9847204608B0BDE8F087F6
:10F3E0000B24204608B0BDE8F087C8249FE7CBB1C6
:10F3F000D3F8C42042B13846FFF76EFE2B68D3F82D
:10F40000C41002F00FFE2B681846726D316E012495
:10F41000904700232B60DBE7672807D0692805D0D9
:10F420000A2801D00124D3E70A24D1E76724CFE7D3
:10F4300070B5144D88B004465022134928460BF08D
:10F44000C0FF02A801F080FC0DF1080C05F1500E80
:10F450006E46BCE80F00AEE80F00DCF80030304626
:10F46000CEF8003003F082FD05F16403702296E8C7
:10F47000030083E80300294620460BF0A2FF204644
:10F4800008B070BDD0A2012440D30108F8B10368D0
:10F4900070B50446B3B11646D3F8C42092B1D3F880
:10F4A000C0000D46FFF79EF960B12368D3F8C40091
:10F4B00040B155B13246294602F05CFC003818BF15
:10F4C000012070BD4FF4967070BD0B2070BD4FF4DD
:10F4D00096707047A0B1036810B5044673B1D3F8B5
:10F4E000C4205AB1D3F8C000FFF77CF930B12368CB
:10F4F000D3F8C400003818BF012010BD002010BD93
:10F500000020704730B1006820B1D0F8C400003846
:10F5100018BF0120704700BFF0B502F108070B4685
:10F5200085B01446064697E807008DE807001846A0
:10F53000194994E80C0001F015FD337805462F2B8E
:10F5400023D004F10C0393E803008DE80300701C42
:10F5500094E80E0001F00CFD064697E807008DE8E0
:10F5600007003146284694E80C0001F0FBFC0346F6
:10F57000304662681E4621699047284635466368D2
:10F5800021699847284605B0F0BD7378002BD8D183
:10F59000284605B0F0BD00BFCCD301082DE9F043EB
:10F5A00085B068B1074608460C4601F0DBFB38B170
:10F5B00000232D4803A9039301F086FC054620B1E2
:10F5C0000025284605B0BDE8F083039B1A78002A81
:10F5D000F6D004F10C0999E803008DE80300184601
:10F5E00094E80E0001F006FE80460028E8D003A94A
:10F5F0001E48039501F068FC60B100263046636840
:10F60000216998474046636821699847284605B0B4
:10F61000BDE8F083039B1E78F6B199E803008DE8FE
:10F620000300184694E80E0001F0E4FD06460028A9
:10F63000E3D022464146FFF76FFF0546002DDDD09F
:10F64000284601F08DFC03460028D7D128462169C1
:10F650001D4663689847D1E7224638464146FFF782
:10F660005BFF0546EAE700BFD8D30108F0D30108E5
:10F670002DE9F04182B0002306460F46214801A93A
:10F680009046019301F020FC20B10125284602B0EC
:10F69000BDE8F08104461C490198F0F721FE0546BB
:10F6A000F0B90190B8F1000F21D001A9174801F07D
:10F6B0000BFC0028E9D116490198F0F711FE03462A
:10F6C00039463046B3FA83F35B0988F80030FFF718
:10F6D00065FF70B1C8F80400284602B0BDE8F081AB
:10F6E000254688F80040284602B0BDE8F0810B2589
:10F6F000CCE798F80050A5F10105B5FA85F56D093C
:10F70000C4E700BF90D30108A4D30108ACD301081B
:10F71000C4D3010818B1006808B1D0F808017047D7
:10F7200070B58E468CB00C4616460DF1180C054689
:10F73000BEE80F00ACE80F009EE803008CE8030071
:10F740000DB32B68FBB1D3F80801E0B136B3002349
:10F75000324602A98DF807300DF1070302F004FDCF
:10F76000054698B10A2818BF01250DF1180EA446C8
:10F77000BEE80F00ACE80F009EE803008CE8030031
:10F7800028460CB070BD4FF41675EEE79DF80720C3
:10F7900040F25923002A08BF1D46E6E70B25E4E79F
:10F7A00070B1006860B1D0F8080148B169B110B516
:10F7B0004AB102F037FD10B1022818BF012010BD78
:10F7C0004FF4167070470B2010BD0B20704700BF20
:10F7D00030B1006820B1D0F80801003818BF01200E
:10F7E000704700BF002849D02DE9F0411546026856
:10F7F000A4B00446002A39D01F46D2F8C030ABB3BB
:10F800000E46002938D0002D3CD002A84FF0000849
:10F8100003F03CFC0DF1080CAE46BCE80F00AEE86E
:10F820000F00BCE80F00AEE80F00BCE80F00AEE828
:10F830000F009CE80F008EE80F008DF84F802B46DC
:10F8400020680DF14F023146D0F8C000009702F059
:10F8500033FE0346C0B99DF84F1040F291120029C3
:10F8600008BF1346184624B0BDE8F0814FF4C873B2
:10F87000184624B0BDE8F0810B23F3E74FF4C873BA
:10F880001846704714ADC0E708F0B6FE0346E9E736
:10F8900018B1006808B1D0F8C000704730B10068F6
:10F8A00020B1D0F8C000003818BF0120704700BF59
:10F8B000084601F00BBE00BF084601F02DBE00BF98
:10F8C000037A10B50C4643B1052101F059FA0246FE
:10F8D0000B460020C4E9002310BD0846BDE81040D7
:10F8E00001F0F4BDF8B50546104614460E4601F089
:10F8F00039FA28B1032D03D8DFE805F01F30590687
:10F900004FF00B0C6046F8BD002CF9D0B6FA86F328
:10F910005B09002EF4D033619C4606F11405324F8A
:10F920004FF0030EC6E901330FCC0FC523686046C4
:10F930002B60F76086F800E0F8BD002EE0D00023D1
:10F9400006F1140533709C46C6E90133C6E903335A
:10F950000FCC0FC5236860462B60F8BD002CCFD0BC
:10F96000B6FA86F56D09002ECAD0A646357006F1A6
:10F97000140CBEE80F00C6E90155C6E90355ACE812
:10F980000F00DEF800301020CCF800302368216929
:10F990009847306120B300220023AC460572C0E9CD
:10F9A0000023124A01236046F2603370F8BD002C38
:10F9B000A6D0B6FA86F35B09002EA1D033619C462F
:10F9C00006F11405DFF828E00227C6E901330FCC61
:10F9D0000FC5236860462B60C6F80CE03770F8BD91
:10F9E0004FF00A0C8EE700BFB9F80008C1F8000814
:10F9F000B1F8000840B139B103781BB1C3680BB14D
:10FA000000691847012070470B20704782B02DE92C
:10FA1000F04106A9DDE90C5681E80C0030B304463C
:10FA2000143001F09FF90DB380F0010313F0FF03D0
:10FA30001CD1099A002A19DBDDE90A12012972F1A9
:10FA4000000213DAD4E90107002F40D0024603E098
:10FA5000BB4202F1280210D011680133A942F7D14C
:10FA6000116AB142F4D14FF0010E01E04FF00B0EDC
:10FA70007046BDE8F04102B07047013303EB8303E9
:10FA8000D900E369626A9847F0B1A3680DF1180CD8
:10FA900060604FF0000E03EB830203F1010840F8B1
:10FAA000325000EBC205BCE80F0005F108070FC794
:10FAB0009CE8030087E8030070462E62C4F80880C3
:10FAC000BDE8F04102B070474FF00A0ED0E72821A0
:10FAD000D7E700BF00285FD02DE9F0470546143076
:10FAE0000F46924601F03EF980F00100C0B20028B6
:10FAF0003FD1002F3DD0D5F80880B8F1000F0CD0D1
:10FB0000D5F8049008EB88064C4609EBC606236836
:10FB1000BB4205D02834A642F9D10120BDE8F087C8
:10FB2000236A2834A6422FD05345F0D1A646A4F12B
:10FB3000280C2834BEE80F00ACE80F00BEE80F0028
:10FB4000A642ACE80F009EE803008CE80300EDD16C
:10FB500008F1FF34AC607CB104EB8404EB696A6AA1
:10FB60004846E10098470346C0B100206B60BDE8FD
:10FB7000F0870B20BDE8F0874846AB69696A984773
:10FB800020466C60BDE8F0875345C6D108F1FF34CC
:10FB9000AC60002CE0D1EFE70B2070470A20E9E7CA
:10FBA0002DE9F047054684B0144631B10378023B95
:10FBB000012B3FD904B0BDE8F087136802A918688B
:10FBC000FFF718FF0028F5D120680521203001F04B
:10FBD000D7F823688146884603F12800052101F003
:10FBE000CFF8074620680E460521183001F0C8F806
:10FBF0002B7882460D46023B029A012B039B37D994
:10FC0000BA4273EB060160DA4A4573EB0801D1DAB8
:10FC10001AEB0202206843EB050305252830009506
:10FC200001F0E4F8206800952030DDE9022301F0BE
:10FC3000DDF8BFE7136802A91868FFF7DBFE0028AC
:10FC4000B8D1DDE902231343B4D020680521283060
:10FC500001F096F8029D0246039B2068521B00F1BA
:10FC6000300061EB03030521009101F0BFF8A1E72B
:10FC700013439FD020684FF0050800230022303046
:10FC8000CDF8008001F0E8F851EA000306460F467F
:10FC900090D0029A039B121ACDF80080206863EB83
:10FCA000010312EB0A0200F1280043EB050301F007
:10FCB0009DF8CDF800802068DDE902232030921BFA
:10FCC00063EB070301F092F874E72068083008F04E
:10FCD00037FF6FE7014B1868704700BF10D4010869
:10FCE0002DE9F04FABB00D460446924637A8359F3C
:10FCF000DDF8D08001F036F8B5FA85F35B0943EA08
:10FD0000D773002C08BF43F00103002B64D180F0AF
:10FD10000100C0B200285FD1236823B164263046B9
:10FD20002BB0BDE8F08F08A92846FFF763FE064612
:10FD30000028F4D10DF1180B0BAE0DF160095846F7
:10FD4000CDE9165A08F006FE9BE8030089E8030097
:10FD5000304608F0D9FE0DAB93E807008DE80700A8
:10FD60005146484696E80C0008F0FEFD064600287D
:10FD7000D5D1169B1B78012B33D0369942463B4692
:10FD80000DF1DC0E1A910DF1940C4FF0000ACDE943
:10FD90001C23DDE908239FED2A7B12EB080047EBCB
:10FDA00003018DED227BCDE91E23CDE92001BEE8C4
:10FDB0000F00ACE80F00DEF8003050208DF890A066
:10FDC0001946CCF80030379B9847206058B3502232
:10FDD00016A90BF0F6FAA2E70B2630462BB0BDE8C9
:10FDE000F08F012000218DF8403012AB164A0DF142
:10FDF000400C05940492CDE912014FF0FF304FF012
:10FE0000FF31CDE914010FCB8DE80F0028469CE8A7
:10FE10000C00FFF7FBFD03460028AED048461E4607
:10FE200008F04CFE7BE748460A2608F047FE2246CB
:10FE300005492846FFF74EFE71E700BFAFF300808B
:10FE40000000000000000000A1FB00082DE9F04FB9
:10FE500087B000286CD003680446002B62D0BFF343
:10FE60005B8F93F83830BFF35B8F002B4FD1036863
:10FE700004A91868FFF7BEFD0546002849D1DDE951
:10FE80000423002B49DB052620680096203000F073
:10FE9000E3FF23688046BFF35B8FD3F810B0BFF356
:10FEA0005B8F206889463146283000F069FF0F4695
:10FEB000314606462068183000F062FF024604987A
:10FEC0000B46B618DDF814C0924647EB0107864290
:10FED00077EB0C0104DA53EA02012ED1064667469D
:10FEE0002068052132463B462830009100F07EFF15
:10FEF000BBF1000F0DD0049A2046059BB2EB08021F
:10FF000063EB0903D847284607B0BDE8F08F40F2FD
:10FF10002135284607B0BDE8F08F0125284607B0F7
:10FF2000BDE8F08F4FF44875284607B0BDE8F08F64
:10FF30000B25284607B0BDE8F08F801B6CEB07014E
:10FF4000013861F10001CDE90232F0F731FA029B8C
:10FF5000013041F1000100FB03F301FB0A33A0FB78
:10FF60000A0A8619534443EB0707B9E770B582B014
:10FF700080B3036804468BB30D4659B3BFF35B8F60
:10FF800093F83830BFF35B8F53B90368694618683C
:10FF9000FFF730FD064648B140F22133984202D1C6
:10FFA00000231E462B70304602B070BD206805212C
:10FFB000283000F0E5FE009BC01A019B61EB0301B5
:10FFC0000128304671F10003B4BF012300232B70D8
:10FFD00002B070BD0B26304602B070BD4FF44876BB
:10FFE000E1E700BF70B582B030B3036804463BB3AD
:10FFF0000D4609B3BFF35B8F93F83830BFF35B8FC7
:020000040801F1
:10000000ABB9036869461868FFF7F4FC064658B9AF
:1000100020680521283000F0B3FE009BC01A019B28
:1000200061EB030128606960304602B070BD40F2A8
:100030002136304602B070BD0B26304602B070BD8E
:100040004FF44876F0E700BF30B1006820B1C368D4
:100050000BB1083070471846704700BF002849D0E0
:1000600070B51546C2B09AB11E466A4601AB0C4641
:1000700003F090F88446B8B9009971B1072919D0F6
:100080004B1E052B3AD8DFE803F026292C2F321D12
:100090004FF00B0C604642B070BD07290AD0002318
:1000A00060462B6042B070BD08F0A6FA84466046F8
:1000B00042B070BDFF2CF2D92960002EEAD0FE2399
:1000C0003360E7E706232B60002EE3D0019B6046F8
:1000D000336042B070BD01232B60F5E702232B6033
:1000E000F2E703232B60EFE704232B60ECE7052303
:1000F0002B60E9E74FF00B0C604670470B46044A53
:100100004FF4807102A801F027F84FF0010CC1E70D
:1001100014D4010868B170B50D4616460446F0F7D0
:100120003FF9334601462A462046BDE87040FFF7B6
:1001300095BF0B20704700BF10B5084C864684461B
:100140000FCCACE80F000FCCACE80F000FCCACE844
:100150000F0023687046CCF8003010BD74D401083D
:1001600018B1006B003818BF012070472DE9F0412D
:1001700082B0002800F09580066B0446002E00F047
:100180008C80F06B02F072FB256B061E18BF4FF4DB
:100190006176002D00F0818000272068D5F84C8022
:1001A000A96D67602F6020B10191C047256B01994F
:1001B0002760A86820B1C047256B0023C5E901333B
:1001C0004FF00008A068EF6CA96DC4F80C80C5F86A
:1001D0000C8028B1B847256BC4F80880EF6CA96D76
:1001E0004FF000086869C5F8108028B1B847C5F815
:1001F0001480256BEF6CA96D4FF000082069C4F8DE
:100200001480C5F8408028B1B847256BC4F8108029
:10021000EF6CA96D4FF00008A069C4F81C80C5F808
:10022000188028B10191B847256B0199C4F818804E
:10023000286A20B1B847256B0023C5E9073300279A
:10024000206AD5F84C80A96D67626F6220B1019178
:10025000C047256B01992762E86A20B1C047256B2A
:100260000023C5E90A330027A06AD5F84C80A96DA0
:10027000E7622F6320B10191C047256B0199A76206
:10028000A86B20B1C047256B0023C5E90D33EB6C8B
:100290002846A96D984700232363304602B0BDE885
:1002A000F0810B26304602B0BDE8F08118B338B5B6
:1002B000036B04460BB319B31D684068854217D21F
:1002C000681C1860236843F8251002B115600846C1
:1002D000FFF7DEFA50B1236B426800209B6843F8B9
:1002E0002520226B53680133536038BD012038BD8F
:1002F00040F2863038BD0B2070474FF4617038BD36
:100300000B2038BD002874D0036B10B50446002BB9
:1003100071D0006838B16268002192000AF02EFFA7
:10032000236B00221A60A06838B1E26800219200B5
:100330000AF024FF236B0022DA60A06938B1E26979
:10034000002192000AF01AFF236B00229A61206AB2
:1003500038B1626A002192000AF010FF236B00227C
:100360005A62A06A38B1E26A002192000AF006FFE0
:10037000236B00221A63206938B162690021920060
:100380000AF0FCFE236B00221A64986838B15A68A0
:10039000002192000AF0F2FE236B00225A60586995
:1003A00038B11A69002192000AF0E8FE236B00229E
:1003B0001A61186A38B1DA69002192000AF0DEFE8B
:1003C000236B0022DA61D86A38B19A6A0021920060
:1003D0000AF0D4FE236B00229A62986B40B15A6BEC
:1003E000002192000AF0CAFE0023226B18465363D4
:1003F00010BD0B2070474FF4617010BD002800F055
:1004000080812DE9F04F046B83B00546002C00F08D
:100410007A814FF000091F46D4F858A08846164646
:10042000D4E913B3C0F80490C4F80090002900F098
:10043000BF808C0052460068214601939847019B7B
:100440002860002800F0F6802246494601930AF011
:1004500095FEC5F804805246D5F830802146019BB0
:10046000D8F80800C8F8049098472B6BC8F8080023
:100470009B68002B00F04A812246494618460AF044
:100480007DFE2C6B4FF00008D4F85890D4E913236C
:10049000C5F80C80C4F80C80002E40F09B80A86842
:1004A00028B1494690472C6BAE60D4F858904FF075
:1004B0000008F619C4F8108040F0A280606930B1DD
:1004C0004946E36C984766612C6BD4F85890002637
:1004D000D4E913A86E612664002F40F0AF8028692C
:1004E00038B14946D0472C6B2F61D4F85890D4E9E5
:1004F00013A800260C9BEE61A661002B40F09380B0
:10050000A86920B14946D0470C9B2C6BAB61206A8F
:1005100028B14946D0472C6B0023C4E90733002695
:100520000D9BA76DD4E913896E626662002B00F003
:1005300098804FEA830A3A46286A5146C84728629B
:10054000002877D0524631460AF018FE2C6B0D9BDE
:100550003A46E06A51466B62A662C8472B6BE0627E
:10056000DC6A002C00F0F2802046524631460AF048
:1005700005FE2C6B00260E9BA76DD4E91389EE6255
:100580002663002B40F09780A86A20B13946C04707
:100590000E9B2C6BAB62A06B00284CD03946C04739
:1005A00000232A6B1846C2E90D3303B0BDE8F08F73
:1005B000006820B15146D8472C6BC5F80080A06870
:1005C00000283FF45FAF5146D8472C6B0023C4E9A5
:1005D000013357E7B4004A46A86821469847A86007
:1005E00040B3224641460AF0C9FD4FF000082C6B8B
:1005F000EE60F619D4F85890C4F810803FF45EAF5E
:10060000B6004A46236D606931469847814660616D
:10061000002800F08480324641460AF0AFFD2C6B82
:10062000D4F8589053E79C004A46A8692146C04731
:10063000A86140BB0A2003B0BDE8F08FBC004A4669
:1006400028692146C04728610028F3D02246314658
:100650000AF094FD2C6B6F61D4F85890D4E913A87C
:1006600047E7286A20B13946C0470D9B2C6B2B62A7
:10067000E06A00283FF47EAF3946C0472C6B002368
:10068000C4E90A3376E7224631460AF077FD2F6B3C
:100690000C9B4A46386A2146EB61FE61C0472B6BD2
:1006A00038621F6A002F4AD02246314638460AF087
:1006B00065FD2C6B33E79C003A46A86A2146C84783
:1006C000A8620028B6D0224631460AF057FDD5F878
:1006D00030A00E9B3A462146DAF83800EB62CAF8A1
:1006E0003460C8472B6BCAF838009B6B002B34D0A2
:1006F0002246314618460AF041FD304603B0BDE8B7
:10070000F08F0B2070474FF4617094E728685146D2
:100710000193D847019B0A20C5E900338BE72B6B77
:10072000A868996DDB6C98472B6B2869DA6C996D1A
:10073000C5E9029990470A20C5E904997BE7A869B1
:100740004946D0470A20C5E9067774E7286A394642
:10075000C0470A20C5E908446DE7A86A39460193F5
:10076000C047019B0A20C5E90A3364E72DE9F04F31
:1007700085B005460E46174612A89846DDF8449007
:1007800000F0F0FA002D72D080F00100C0B2002815
:100790006DD1D5F830A0BAF1000F04D06424204602
:1007A00005B0BDE8F08FB9F1000F60D04846FEF704
:1007B00019F8002868D0129B5C2016999847286386
:1007C000002863D05C2251460AF0D8FC12ACD5F860
:1007D00030B0DDE90F320BF1480CCBF8449003EB5D
:1007E000020E0E9BD9F800909E440FCCCBE901AAD3
:1007F000CBE904AACBE907AACBE90AAACBE90DAA5F
:10080000BE44ACE80F0023680EEB460109F1280056
:10081000CCF8003002F020F82B6BCBF83C00D86B02
:1008200050B3109C43463A463146029428460F9CEA
:1008300001940E9C0094FFF7E1FD04460028AED021
:100840002B6B2BBB0026284633463246314600969A
:10085000CDE90166FFF7D2FD286B00289FD0C36C5D
:10086000816D984720462E6305B0BDE8F08F0B24BC
:10087000204605B0BDE8F08F012401F0F7FF002805
:1008800018BF4FF46174DDE7652488E70A2486E722
:10089000D86BF2E718B338B5036B04460BB319B342
:1008A000DD68C068854217D2681CD860A36843F829
:1008B000251002B11560084608F052F950B1236BBB
:1008C000426800205B6943F82520226B13690133DD
:1008D000136138BD012038BD40F2863038BD0B2091
:1008E00070474FF4617038BD0B2038BD28B338B560
:1008F000036B04461BB329B3186C6569A84219D26F
:10090000451C1D64236943F8201002B1106008469D
:10091000FFF79AFB68B1226BE368156C013B1D443D
:1009200008F01EF980B1236B426800205B6943F830
:10093000252038BD40F2863038BD0B2070474FF47B
:10094000617038BD0B2038BD012038BD18B338B5F3
:10095000036B04460BB319B39D69C069854217D276
:10096000681C9861A36943F8251002B11560084618
:10097000FDF75CFE50B1236B426800201B6A43F810
:100980002520226BD3690133D36138BD012038BDE6
:1009900040F2863038BD0B2070474FF4617038BD8F
:1009A0000B2038BD18B338B5036B04460BB319B32D
:1009B0005D6A406A854217D2681C5862236A43F810
:1009C000251002B115600846FEF7A4FE50B1236B56
:1009D00042680020DB6A43F82520226B936A0133CA
:1009E000936238BD012038BD40F2863038BD0B20FF
:1009F00070474FF4617038BD0B2038BD0000000017
:100A00002DE9F04F2DED028B8DB0CDE904230028A8
:100A100000F04F81066B0546002E00F01A814368F6
:100A200083B9EB6873B96B6963B9EB6953B96B6AE6
:100A300043B9EB6A33B940F285300DB0BDEC028B9F
:100A4000BDE8F08F049B326C012B059B73F1000312
:100A5000C0F2F880DDE90487002A00F00F8100244D
:100A6000134640F221393246A246A3469FED988BA9
:100A700014E00028E1D1DDE90823424573EB0701CA
:100A800003DA90461F464FF0010B2A6B136C0134BA
:100A90004AF1000A9C427AF1000128D2286908A98B
:100AA000A60050F824000028F1D0EB68D2F814C05A
:100AB00023445CF823E0BEF1000F06D013694CF824
:100AC00023E0013313612B6998598DED088BFFF7F3
:100AD00089FA4845CDD12B69002201349A512A6BFD
:100AE0004AF1000A136C9C427AF10001D6D35946B0
:100AF0001646DDE90432134340F0B480002300229F
:100B00000C46CDE90823CDE90A2308AB029306F190
:100B10003403F26B06F110010093301D06F11C0343
:100B2000019206F1280201F033FD2B6B80461A6C0E
:100B3000E2B14FF000094F462A690DF11F014FEA5B
:100B4000890652F8290060B18DF81F70FFF70EFA80
:100B500000287FF472AF9DF81F300BB92A699351BA
:100B60002B6B09F101091A6C4A45E5D838F00200EF
:100B700076D16F687FB1024602E00132BA420AD0F4
:100B8000996851F822100029F7D12E6846F82210F2
:100B90000132BA42F4D1EF687FB1002202E00132A3
:100BA000BA420AD0596951F822100029F7D1AE682B
:100BB00046F822100132BA42F4D1EF697FB1002227
:100BC00002E00132BA420AD0196A51F82210002913
:100BD000F7D1AE6946F822100132BA42F4D16F6AF9
:100BE0007FB1002202E00132BA420AD0D96A51F83C
:100BF00022100029F7D12E6A46F822100132BA429B
:100C0000F4D1EF6A7FB1002202E00132BA420AD089
:100C1000996B51F822100029F7D1AE6A46F82210DC
:100C20000132BA42F4D1B8F1020F7FF406AF84F07A
:100C30000103DBB2002B18BF02200DB0BDEC028B0C
:100C4000BDE8F08F002A3AD04FF0FF386FF0004730
:100C500005E74FF461700DB0BDEC028BBDE8F08F7D
:100C60000120EAE6049B0C46012B059B73F100036F
:100C7000A8BF44F0010414B9234647E71146002FEA
:100C800002DA4FF0000847460C464046394612A3A8
:100C9000D3E90023EFF78CFB0FA3D3E90023CDE9C1
:100CA000080140463946EFF783FBCDE90A2308AB3C
:100CB0002CE70B200DB0BDEC028BBDE8F08F114688
:100CC0004FF0FF386FF0004713E700BFAFF300802D
:100CD000FFFFFFFFFFFFFF7F00CA9A3B00000000FD
:100CE00009F028B909F0B4BA09F090B909F086B949
:100CF00010B5054C864684460FCCACE80F0023683F
:100D00007046CCF8003010BDA8D40108A8B1026824
:100D1000A2B14168A1B110B4C46864B1806838B1AF
:100D2000084B1A600022C3E901100120C3E9034205
:100D30005DF8044B70472046FAE77047104670474D
:100D4000084670476400002410B5054C864684466A
:100D50000FCCACE80F0023687046CCF8003010BD13
:100D60006400002458B1036843B1436833B1C368D9
:100D700023B18068003818BF0120704718467047BB
:100D800080EA1041164A174B4FF0010C81F03D01EB
:100D900001EBC10181EA111102FB01F181EAD131BC
:100DA000A3FB01231B0903EB4302C3EBC203D0B433
:100DB000C91A0D4C6218D2E84F3FC2E846CF002E48
:100DC000F9D1DBB2BFF35B8F002BF4D1D0E9006720
:100DD000BFF35B8F635430463946D0BC704700BFC9
:100DE0002DEBD427C94216B240A3012470B580EA86
:100DF000104E1649164C8EF03D0E0EEBCE0E8EEABE
:100E00001E1E01FB0EFE13498EEADE3EA1FB0E51B3
:100E10004FF00105090901EB410CC1EBCC01AEEB30
:100E2000010E04EB0E0CDCE84F1FCCE8465F002EF1
:100E3000F9D1C9B2BFF35B8F0029F4D1C0E9002317
:100E4000BFF35B8F04F80E1070BD00BF2DEBD427ED
:100E500040A30124C94216B280EA104C17498CF015
:100E60003D0C0CEBCC0C8CEA1C1C01FB0CFC14495B
:100E70008CEADC3C70B58646A1FB0C01114D4FF0AD
:100E80000100090901EB4104C1EBC401ACEB010C09
:100E900005EB0C01D1E84F4FC1E8460F002EF9D108
:100EA000E4B2BFF35B8F002CF4D1DEE90001CEE9A0
:100EB0000023BFF35B8F05F80C4070BD2DEBD427EA
:100EC000C94216B240A3012468B110B50C4629B13D
:100ED00009F04CF820B12060002010BD034810BD7F
:100EE000034B236010BD0348704700BFD8D40108EE
:100EF00044D60108BCD40108064B1B783BB1064B15
:100F00001A780AB901221A70044B18787047044BFA
:100F10001878704757A3012469A3012468A301240A
:100F2000F4D40108000000009FED077B0023084A6D
:100F300008481380084903700B7082ED027B074A52
:100F400013707047AFF30080000000000000000045
:100F500058A3012469A3012468A3012457A30124F1
:100F60000020704782B000208DE80C0002B070476E
:100F700084B000200DF1040C04B08CE80E00704722
:100F80000FB4F0B583B008AC0E9E84E80F0026B312
:100F900008A8FFF7E7FE00B300210FAB3246084672
:100FA000CDE9003300F006F9431C054615D0471C77
:100FB0000D9B9F4201D95D1E1F46089B38460C9928
:100FC0009847044648B132463946019B00F0F2F892
:100FD000002809DB0023635500E00024204603B00D
:100FE000BDE8F04004B070472046099B0C990024EE
:100FF0009847F3E72DE9F04F2DED028B87B00026DF
:1010000080468A460090084608EE102A9946102528
:10101000EFF7C6F93746B34601901EE00BF1010B1E
:10102000019B5E4504EB030811D22E44D9F8083029
:10103000D9F8102005EB4505B1009847002800F0CD
:101040008880B5F5801F074628BF4FF48015009AA9
:1010500007EB8B03A41A43F8044C514640460AF0B0
:10106000B4F804463846002CD8D14046EFF798F93A
:10107000009BA8EB030808EB00040294BBF1000FEF
:1010800045D018EE100AEFF78BF9019A0646D9F809
:101090000030821AD9F810100BFB0242501C059246
:1010A00098478246002854D03A683D46009901246A
:1010B0000AF087F93B68CDE9037A0AEB030818EEDA
:1010C000107ADDF800A0CDF80090DDF804903246EB
:1010D00039464046B0440AF074F955F8042BA3454C
:1010E0004A440AEB02012AD02868821A40469044FA
:1010F0000AF067F9621CA3451446E8D8DDF80090B1
:10110000DDE9037A0023059A0AF802300BE0204655
:10111000D9F80030D9F8101001309847824610B144
:1011200000990AF046F93846D9F80430D9F8101079
:101130009847504607B0BDEC028BBDE8F08F029B8C
:101140004046DDF800909A1ADDE9037A0AF039F991
:10115000D8E74FF0000AE6E70CB430B583B006AB31
:1011600053F8042B0193E2B1B0FA80F4B1FA81F59F
:1011700050EA010C4FEA54144FEA551508D084B9CF
:101180007DB909F02FFF03B0BDE8304002B07047D1
:101190006146604609F026FF03B0BDE8304002B06A
:1011A00070470AF0D9F8162203464FF0FF301A6054
:1011B000E9E700BF70B5B2B1B0FA80F4B1FA81F5D9
:1011C00050EA010C4FEA54144FEA551505D054B9B2
:1011D0004DB9BDE8704009F005BF61466046BDE805
:1011E000704009F0FFBE0AF0B7F8162303604FF015
:1011F000FF3070BD84B070B582B0054607AC84E89E
:101200000E00B0B1EFF7CCF8421C079B06460B99D5
:10121000104601929847044628B1019A29460AF0DF
:10122000D0F80023A355204602B0BDE8704004B0BA
:1012300070470446F7E700BF82B0F8B506AC054634
:1012400084E80C0088B14F1C0E460A993846904736
:10125000044628B13A4629460AF0B3F80023A355BC
:101260002046BDE8F84002B070470446F8E700BFEA
:101270000020014B186070476CA3012400285ED049
:101280002DE9F0410C46016882B0054629B1CB68D2
:10129000A34206D91C460029F9D11F2002B0BDE89F
:1012A000F0818B68A34246D00E6A002C33D0B4F193
:1012B000804F42D2A700D1F81880086832463946DC
:1012C000C047002839D02B68324639461860586824
:1012D000C047002831D02D68AB686860A34225D292
:1012E0002A6800EB070C990002EB830E00EB8306E3
:1012F000E64503D202EB070C664522D3E31A70469B
:1013000000219A00019209F039FF019A002130462C
:1013100009F034FF0AE04F6908683146B8472B6886
:10132000314658681C60B8472D686C600020AC607E
:1013300002B0BDE8F0810020B0E70A20AEE70B2044
:1013400070470B1F18441344043A1744002243F813
:10135000042FBB4240F8042FF9D1E7E782B070B503
:1013600004AC84E80C0080B3066804462EB11E2548
:101370002846BDE8704002B0704704A80D46FFF74C
:10138000F1FC10B3049B242008999847206010B307
:101390000DF1100E00F1100CC0E90066C0E9026604
:1013A000BEE80F00ACE80F00DEF80030294620460A
:1013B000CCF80030FFF762FF05460028D8D0059B27
:1013C0000899206898472660D2E70B252846BDE893
:1013D000704002B070470A25CAE700BF2DE9F0410E
:1013E00082B000283AD004680646002C32D0A368A8
:1013F0002BB3002522682F4652F82500E0B1216A60
:10140000D4F814800191C0470199D4E9003243F81F
:10141000257052F82500C047E3686268013B42F836
:1014200025700135E3603468A3689D4207D22268C5
:1014300052F825000028E2D101359D42DCD300217D
:101440003046FFF71BFF044620B930684369016A44
:1014500098473460204602B0BDE8F0810B24204656
:1014600002B0BDE8F08100BF78B32DE9F84FD0F8A5
:1014700000B0BBF1000F1FD0B1FA81F488466409B7
:10148000D1B1DBF80870DBF80060AFB19146043EE3
:1014900056F8045F4FEA840A0134284655B1EEF746
:1014A0007FFF0246294640464A4538BF4A4609F072
:1014B0007AFE20B1A742EBD10020BDE8F88FDBF81F
:1014C000043053F80A00BDE8F88F704700B370B5D8
:1014D00084B0044601206946F9F77EFADDE900315F
:1014E000002912DB53EA0102029D01D1002D0CDB21
:1014F000084E0020A3FB06325B1906FB012242EBDB
:10150000E572C4E9003204B070BD022004B070BDC1
:101510000B20704700CA9A3B00B370B584B00446F4
:1015200000206946F9F758FADDE90031002912DB9D
:1015300053EA0102029D01D1002D0CDB084E002070
:10154000A3FB06325B1906FB012242EBE572C4E9FC
:10155000003204B070BD022004B070BD0B20704793
:1015600000CA9A3B0000000010B50446103000F09D
:101570000FF800232046A360A364E3649FED027B81
:1015800084ED007B10BD00BF0000000000000000E3
:1015900010B504463822002109F0F0FD04F11000D6
:1015A00001F0E8FC4FF0FF332046E36010BD00BFC0
:1015B00070B4059CDDE903657AB173B1002E18BFE4
:1015C000002D0AD04CB1646B207400206562C4E920
:1015D0000512C4E9073670BC70470B2070BC704719
:1015E00070B528B1044600680D4601F0B1FC10B991
:1015F0000124204670BD6368002BF9D0002DF7D080
:10160000286801F0A5FC0028F2D06E68002EEFD00B
:10161000646832692069D0F8883300F52870196849
:1016200003F072F902462069D0F89033D0F888139D
:1016300001F014FC20693269D0F8883300F5287075
:10164000196802F019FF02462069D0F89033D0F8EB
:10165000881301F003FC03462846002B14BF002426
:10166000022401F0D7FAC4E7014B1868704700BFA5
:1016700074DC010884B0F0B583B009AD85E80E00D4
:1016800030B104462846FFF76DFB08B1A6682EB1BD
:101690000B2003B0BDE8F04004B0704700220023E7
:1016A00004F1200CDFF898E06F46C4E90023204BDA
:1016B0001B68A3600FCDACE80F002B683846CCF850
:1016C0000030C4F81CE0E66001F054FC04F11003A3
:1016D000032297E8030083E803001648164926769C
:1016E00001F0D8F9134807F0EDFBF0B1134A836815
:1016F0005168636310785961D1681874D9611169B0
:1017000019625169926859629A6105F0A7F808F068
:1017100033FD08F05FFD636B98620028F9D000206C
:1017200003B0BDE8F04004B070470120B1E700BF4E
:1017300074DC010828FA012420A5012470A30124E7
:1017400018D30108002847D070B50D4649B10446AA
:10175000806820B1224B1968EEF7C2FDA8BBAB68C8
:101760001BB14FF00B0C604670BD23462A4604F1B6
:101770003006D3F800E0103353F80CCC103253F895
:10178000080C53F8041CB34242F810EC42F80CCC9D
:1017900042F8080C42F8041CEBD119685B68114848
:1017A0001160536007F08EFB98B183684FF0000C16
:1017B0006B63656B03F1100410350FCD0FC495E812
:1017C000070084E80700604670BD4FF00C0C6046CF
:1017D00070BD4FF0010CC6E74FF00B0C6046704730
:1017E00074DC010828FA012410B58EB088B30446D1
:1017F0002030FFF7B7FA60B3A06820B11A4B196820
:10180000EEF76EFD68BB194B196831B3626B01E0EE
:10181000496811B38B689A42FAD1144807F062FB09
:101820006846FFF7B5FEEE46A4460024BEE80F006A
:10183000ACE80F00BEE80F00ACE80F00BEE80F00F8
:10184000ACE80F009EE803008CE8030020460EB0D1
:1018500010BD0B2420460EB010BD012420460EB052
:1018600010BD0C24F2E700BF74DC010828FA012443
:101870002DE9F04383B0002800F0D3800E46002904
:1018800000F0CF80436B0546002B00F0CA80784BF8
:1018900080681F6828B13946EEF722FD002840F025
:1018A000CA80744C4FF0000873497448D5E900238E
:1018B000B760C6E90023EB680122B36401F08AF83F
:1018C000204606226E4901F0C5F86C4884F80D8068
:1018D00007F0F8FA002800F0A9808468686B04F12A
:1018E0001009416A90F810C0D0E9062301916146C1
:1018F000006A0090484602F095FF4FF47A7204F5B2
:10190000805360496048C4E9E32204F55E72C4E98B
:10191000E122C3F894850122C3F89885C3F89C8519
:10192000C3F8A085C4E9DA78F46401F033F806223C
:101930005649574801F00EF806225649564800F01D
:10194000E9FF01225549564800F0A4FF01225549FC
:10195000554800F0BFFF0C225449554801F05AF891
:1019600003225449544801F095F80422534954483D
:1019700001F0B0F853495448042201F0CBF8424634
:10198000696BF06C00F0ECFD0746002858D16B6BDA
:1019900004F5287504F522719A6A284603F038F98F
:1019A00022464A49284603F057F93A46484928460C
:1019B00003F04EF93A464749284603F051F93A46B2
:1019C0004549284603F050F9B4F89822042304F559
:1019D00065719200284603F087F9B4F89822042331
:1019E00004F694319200C4F87403284603F052F9C7
:1019F000C4F87803284603F071F941F29431C4F831
:101A0000800328462144B4F8982203F031F9C4F841
:101A10007C03284603F0BAFEF8B1384603B0BDE8AF
:101A2000F0830B27384603B0BDE8F0830127384622
:101A300003B0BDE8F0830C27384603B0BDE8F0835F
:101A4000484602F02DFF21460C4807F04BFA384675
:101A5000C6F84C8003B0BDE8F083484602F020FF92
:101A60002146064807F03EFAF7640127D5E700BF94
:101A700074DC010878FA012420AC012468FA0124FE
:101A8000C8C10124A4A5012438FA012448F3012483
:101A900088FA012448A6012448FA012458AB0124FD
:101AA00058FA0124D8A30124C8A3012458F801241A
:101AB00098FA012420A5012428FA0124A8F9012478
:101AC000A8FA0124A0A4012418FA0124FD8C01081D
:101AD000F58C0108958D0108318E0108174BC16CFA
:101AE00070B51C68054634B30026D4E9014002698C
:101AF0008A4218D0002CF8D189B1D1F8883301F589
:101B000028709B78012B14BF0A21002103F016FED8
:101B1000E86C01F01FF8E86C103002F0C1FE002301
:101B20003046EB6470BD183000F09CF8E96C064656
:101B3000002CDAD1E0E72646DEE700BF38FA0124C0
:101B40002DE9F04383B0002B64D0064638480F4699
:101B500090461D4607F0B6F900285BD08468EB6C10
:101B600004F12C0904F118052361FFF77DFDC4F889
:101B70002090C4E906043046EEF712FC421C3C2AD1
:101B800040D8484604F16809314609F01AFC384645
:101B9000C4F82490EEF704FC421C3C2A32D83946A3
:101BA000484609F00EFC2369012103F58053B3F880
:101BB00094054218A3F8942502F076FE60613B7804
:101BC0002F2B2CD17B7853BB33461A4A3C211A4821
:101BD00009F066F9206906211FFA88F3D0F88423FA
:101BE00000F528700191144900911168626902F0B2
:101BF0008FFC02462069D0F88C33D0F8841301F0B2
:101C00002DF918B92846002500F0AAFF284603B090
:101C1000BDE8F0830025284603B0BDE8F0833B46CD
:101C2000064A3C210096044809F03AF9D2E700BF81
:101C300038FA01242CD501088CA3012428D30108EB
:101C40008C461146BCF1000F0AD09CF800303BB125
:101C500032B1137823B10346826C6046FFF770BF40
:101C600000207047F8B528B30746006820B1374B0D
:101C70001968EEF735FBE8B97D68DDB1344B1C68B7
:101C8000002C60D00026D4E90141D1F880309D427B
:101C900013D0002CF7D12F4B1C68C4B1D4E90141FB
:101CA0000B6A9D42F9D17C31384600F0A3FB012834
:101CB0000646F2D101263046F8BD8431384600F0A0
:101CC000B1F901280646F5D0002CDCD1E3E7224B20
:101CD0001C686CB1D4E901418B6F9D42F9D17C3114
:101CE000384600F043FB01280646E3D0002CF1D132
:101CF0001A4B1C686CB1D4E901418B6F9D42F9D13C
:101D00007C313846FFF76CFC01280646D2D0002C07
:101D1000F1D128696A69D0F8883300F5287019680C
:101D200002F0AAFB02462869D0F88813D0F8903355
:101D300001F094F803463846002B08BF022600F055
:101D40000FFF3046F8BD2646A5E700BF74DC01084A
:101D500048FA012488FA012458FA0124C8A301246E
:101D60004368186900F55A70704700BFC96F03F0E7
:101D70009BBB00BF002853D070B50D468EB0002924
:101D80004BD00446006801F0E3F8002845D06668AF
:101D9000002E42D0B469284623699847F36905901C
:101DA00013B105A898470598D6F880301B690090B4
:101DB00003F52870726906ABB16F04F0EFFDD8B17E
:101DC000A36806A928469847336A04460BB106A8BB
:101DD000984796F87A30012BD6F8803022D01869CF
:101DE000F16F00F5287003F05FFB2040C4B284F06F
:101DF0000100C0B20EB070BDD6F880301869059BE6
:101E0000029600F528700093094B019306AB7269A6
:101E1000B16F04F0F3FD0028D2D101200EB070BDE7
:101E200001207047186900F5287002F083FFDEE793
:101E30006D1D01082DE9F04F87B0002800F0D28019
:101E40000E46002900F0CE800446006815461F4665
:101E500001F07EF880F00100C0B2002840F0C2809E
:101E6000002D00F0BF802B78002B00F0BB80002FEE
:101E700000F0B8805E48D4F8049007F023F80028FA
:101E800000F0B080846804F19C0AC4F88840FFF731
:101E9000EBFBC4F88400C4F88CA02846EEF780FA67
:101EA000013004F184083C2800F28F802B46514A0F
:101EB0003C21504608F0F4FF4FF47A733946502223
:101EC000E36704F12800C4F8809009F07AFA3B7ABD
:101ED00030464949022BD9F810300CBFD3F87C3377
:101EE000D3F87833A3670023C4E9073301F024FA59
:101EF00000286AD04268A261002A66D029463B4683
:101F0000484607F02DF86062002862D0D9F81030FA
:101F10000321062503F58053B3F89805421CA3F866
:101F2000982502F0C1FCD4F88020D9F81030206147
:101F3000D3F884331069009500F528701968226978
:101F4000D9F8143002F04CFB0246D9F81000D0F852
:101F50008C33D0F8841300F081FFB0B3D9F810307F
:101F600005210DF1100A03F58053B3F89A05421CC0
:101F7000A3F89A2502F098FCD4F8803039466061C5
:101F80001E695046D9F81030D4F824B006F52876EA
:101F9000D3F8847300F07EFF03959AE80300019064
:101FA0003046ADF80810DBF8103000933968D4E9FA
:101FB000043202F045FB0246D9F81000D0F88C3309
:101FC000D0F8841300F04AFF70B9606A08B100F0DD
:101FD00037FE40464FF0000800F0DAFD404607B0FB
:101FE000BDE8F08F4FF00008404607B0BDE8F08F25
:101FF00048FA01242CD50108F8D4010878B110B5AD
:10200000B1FA81F4640941B143685022084603F1F2
:10201000280109F0D6F9204610BD0B2010BD0B2079
:10202000704700BF2DE9F04128B1044600680D4615
:1020300000F08EFF18B901242046BDE8F0816368E6
:10204000002BF8D0B5FA85F46409002DF3D0286888
:1020500000F07EFF0028EED06E68002EEBD0706A94
:10206000D6F8807006F0CCFFD6F880307269186917
:10207000D0F8883300F52870196802F0FDF9D6F819
:102080008030804632691869D0F8883300F52870AE
:10209000196802F0F1F9064638694246D0F89033E3
:1020A000D0F8881300F0DAFE3F6932460646D7F8CA
:1020B00090333846D7F8881300F0D0FE26B118B117
:1020C000284600F065FDB7E70224F9E72DE9F04363
:1020D000044600688BB00E46154628B1214B19689E
:1020E000EEF7FEF8002839D1646800276369D4F858
:1020F00078809B689847D0F804903046D9F8103023
:102100009847D8F81030009003F52870226902AB88
:10211000216F04F043FCC5E9000798B1D9F80830F5
:1021200002A93046984794F87230D8F81000012B75
:102130000CD0616F00F5287003F0B6F938460BB08B
:10214000BDE8F08301200BB0BDE8F08300F52870F6
:1021500002F0F0FD38460BB0BDE8F0830C200BB068
:10216000BDE8F08374DC01082DE9F0430546006802
:1021700089B00C4690461E4628B1284B1968EEF7E8
:10218000AFF8002846D10EB100233370D5F8049083
:1021900000F0E6FD484600F0B9FD0746B0B385689B
:1021A000D5F83828D5F83C38C4E9083295F83738DE
:1021B0002374B5F8342895F83638A4F81120E37460
:1021C000D5F82818D5F82C28D5F830386161A261E7
:1021D000E361D9F814309B6898474468D5F8102813
:1021E00005F11001684602F0D3F84146E3686846FD
:1021F0009847394604460A4806F074FE06B1347022
:1022000084F00100C0B209B0BDE8F083012009B03C
:10221000BDE8F0830C2009B0BDE8F08374DC010850
:1022200078FA0124F0B50546006891B00C461646D0
:1022300028B1294B1968EEF753F8002841D16D6891
:10224000A1686068AF6FD4E9043207932346069211
:1022500013F8012B9B788DF817208DF81630B4F801
:102260000130E268ADF8143002AB6C6907C3E36873
:102270009847446830462369984700F11803386945
:10228000009308AB00F528702A69296F04F086FBDB
:1022900010B9012011B0F0BD02A908A805F0CAFBD1
:1022A000A36808A93046984795F872303869012B21
:1022B0000AD0696F00F5287003F0F6F8002011B01D
:1022C000F0BD0C2011B0F0BD00F5287002F032FD19
:1022D000002011B0F0BD00BF74DC01082DE9F04111
:1022E0000446006888B00F4690461D4620B11D4B3D
:1022F0001968EDF7F5FF68BB0DB100232B7064681A
:1023000000F02EFD204600F001FD064630B3636963
:102310008468DB6804F5036252E90201C7E9080139
:1023200098474768D4F8102804F11001684602F075
:102330002FF84146FB6868469847314604460A48EC
:1023400006F0D0FD05B12C7084F00100C0B208B0D9
:10235000BDE8F0810C2008B0BDE8F081012008B094
:10236000BDE8F08174DC010878FA012470B528B169
:10237000044600680D4600F0EBFD10B9012420462C
:1023800070BD6368002BF9D0002DF7D0286800F0ED
:10239000DFFD0028F2D06E68002EEFD0646832694D
:1023A0002069D0F8883300F52870196802F0ACFA7B
:1023B00002462069D0F89033D0F8881300F04EFD23
:1023C00020693269D0F8883300F52870196802F066
:1023D00053F802462069D0F89033D0F8881300F003
:1023E0003DFD03462846002B14BF0024022400F0C4
:1023F000FBFBC4E72DE9F04128B1044600680D4617
:1024000000F0A6FD18B901242046BDE8F0816368FC
:10241000002BF8D0B5FA85F46409002DF3D02868B4
:1024200000F096FD0028EED06E68002EEBD0376AE3
:1024300072693869D0F8883300F52870196802F09D
:1024400063FA02463869D0F89033D0F8881300F068
:1024500005FDF06906F0D4FD336A72691869D0F899
:10246000883300F52870196802F006F8336A804650
:1024700032691869D0F8883300F52870196801F0BE
:10248000FBFF064638694246D0F89033D0F88813EF
:1024900000F0E4FC3F6932460646D7F890333846F0
:1024A000D7F8881300F0DAFC26B118B1284600F0FE
:1024B00085FBA9E70224F9E7F0B50446006889B076
:1024C0000F46154628B1244B1968EDF709FF00287F
:1024D0003ED105B3002364682B7000F041FC204618
:1024E00000F014FC0646F0B181686846D1F8102867
:1024F000103101F04DFFA36939466846DB68984703
:1025000004463146154806F0EDFC2C7084F00100BD
:10251000C0B209B0F0BD646800F022FC204600F0B3
:10252000F5FB054610B9012009B0F0BDA968684661
:10253000D1F81028103101F02BFFA3693946684605
:10254000DB68984729460446044806F0CBFCDDE7E3
:102550000C2009B0F0BD00BF74DC010878FA01243A
:1025600008B508B100F1100239B14969104602F00E
:1025700063F980F00100C0B208BD044B10465968F1
:1025800002F05AF980F00100C0B208BD70A3012426
:102590002DE9F043984640EA010389B048EA030375
:1025A000129C134300F0068105460E4691466CB11D
:1025B000A64B04AF0FCB87E80F008DE80F0094E81F
:1025C0000F0000F0DBFC002800F00B814FF0FF371C
:1025D00000F0C6FB9E4B1C684CB123460021D3E99A
:1025E000013202F5805282F8A415002BF7D1B9F11F
:1025F000000F11D0D9F8001071B1D9F804C0002330
:1026000001205CF823200133926F9942126902F590
:10261000805282F8A405F4D1B8F1000F11D0D8F897
:10262000001071B1D8F804C0002301205CF8232009
:102630000133926F9942126902F5805282F8A40523
:10264000F4D185B1296871B1D5F804C00023012007
:102650005CF823200133126A9942126902F5805214
:1026600082F8A405F4D144B322460023D2E9012123
:1026700001F5805191F8A4150B44DBB2002AF5D185
:10268000002B5FD07A1C0DD007EE907AF8EEE76A47
:1026900007EE903AF8EE677A86EEA77AFDEEC77AF3
:1026A00017EE907AA06800F5805393F8A435002BBC
:1026B00040F08D806468002CF4D1B9F1000F00F077
:1026C000A180D9F80070002F00F0A48000242746D4
:1026D000D9F8043053F8240000F018FB00283BD050
:1026E0000134D9F800300127A342F1D80127B8F10D
:1026F000000F10D0D8F800306BB10024D8F80430A7
:1027000053F8240000F002FB70B30134D8F8003015
:102710000127A342F2D8002D35D02B689BB30024AB
:102720006B6853F8240000F0F1FA28B301342B68E9
:102730000127A342F4D8002E3CD03468002C39D0B5
:10274000012723E0A068002100F5287002F072FE46
:102750006468002CF6D1B0E7D9E9003242F82400D1
:102760000134A342B4D8C2E7D8E9003242F82400C9
:1027700001349C42C2D3CEE7D5E9003242F82400AE
:102780000134A342CCD8A6B1346894B100231D46CD
:1027900004E040F823200133A3420AD0706850F8C7
:1027A00023100A7C002AF4D0013317460D74A3428B
:1027B000F4D147B1002009B0BDE8F0831EB1346800
:1027C0002F46002CE2D1022009B0BDE8F083394643
:1027D00000F5287002F048FE6468002C7FF462AFB8
:1027E0006BE794E80F0000F01FFC0023194AEDF797
:1027F0002FFEB0F1004F074671F10003A8BF6FF044
:102800000047E5E6B8F1000F0FD0D8F8003093B1DB
:102810004F4672E7B8F1000F07D0D8F80030002B10
:102820007FF46BAF55B11F4677E7002DC6D02B68FC
:1028300043B1474673E70DB14F466EE72F46002E72
:10284000A2D1C0E74746002E9ED1BCE760D1010867
:1028500068FA012440420F0008B5034806F032FB35
:1028600008B18068103008BDA8FA012408B5084BEB
:10287000196811B90AE0496841B18B681033984270
:10288000F9D1034806F02EFB002008BD012008BD49
:10289000A8FA0124E2B12DE9F041057B0646ADB965
:1028A000C82317460C46A846836040F20113C0E9CE
:1028B0000055838101352146304606F013FBAF42B7
:1028C000A46004F1C80404F8BC8CF3D1BDE8F08125
:1028D000704700BFE2B12DE9F041057B0646ADB976
:1028E000C82317460C46A846836040F20113C0E98E
:1028F0000055838101352146304606F0F3FAAF4298
:10290000A46004F1C80404F8BC8CF3D1BDE8F081E4
:10291000704700BFE2B12DE9F041057B0646ADB935
:10292000D82317460C46A846836040F20113C0E93D
:102930000055838101352146304606F0D3FAAF4277
:10294000A46004F1D80404F8CC8CF3D1BDE8F08184
:10295000704700BFE2B12DE9F041057B0646ADB9F5
:10296000D82317460C46A846836040F20113C0E9FD
:102970000055838101352146304606F0B3FAAF4257
:10298000A46004F1D80404F8CC8CF3D1BDE8F08144
:10299000704700BFE2B12DE9F041057B0646ADB9B5
:1029A000A42317460C46A846836040F20113C0E9F1
:1029B0000055838101352146304606F093FAAF4237
:1029C000A46004F1A40404F8988CF3D1BDE8F0816C
:1029D000704700BFEAB12DE9F843057B0646B5B95B
:1029E00041F2A85840F2011317460C46A946C0F818
:1029F00008808381C0E9005501352146304606F044
:102A000071FAAF42A46084F80C904444F4D1BDE85C
:102A1000F8837047E2B12DE9F041057B0646ADB978
:102A20001C2317460C46A846836040F20113C0E9F8
:102A30000055838101352146304606F053FAAF42F6
:102A4000A46004F11C0404F8108CF3D1BDE8F081FB
:102A5000704700BFEAB12DE9F041057B0646B5B9E4
:102A60004FF4046317460C46A846836040F20113F6
:102A7000C0E90055838101352146304606F032FA1F
:102A8000AF42A46084F80C8004F50464F3D1BDE87F
:102A9000F0817047E2B12DE9F041057B0646ADB902
:102AA0002C2317460C46A846836040F20113C0E968
:102AB0000055838101352146304606F013FAAF42B6
:102AC000A46004F12C0404F8208CF3D1BDE8F0815B
:102AD000704700BFE2B12DE9F041057B0646ADB974
:102AE0001C2317460C46A846836040F20113C0E938
:102AF0000055838101352146304606F0F3F9AF4297
:102B0000A46004F11C0404F8108CF3D1BDE8F0813A
:102B1000704700BFE2B12DE9F041057B0646ADB933
:102B2000202317460C46A846836040F20113C0E9F3
:102B30000055838101352146304606F0D3F9AF4276
:102B4000A46004F1200404F8148CF3D1BDE8F081F2
:102B5000704700BF0146014806F0C4B968FA012475
:102B600038B50446006828B1074B1968EDF7B8FB83
:102B700040B92060616829B1002504480D6106F064
:102B8000B1F9656038BD00BF74DC010838FA012472
:102B900010B50446006828B1064B1968EDF7A0FB94
:102BA00038B92060616821B1034806F09BF9002321
:102BB000636010BD74DC010848FA012410B50446B6
:102BC000006828B1064B1968EDF78AFB38B9206018
:102BD000616821B1034806F085F90023636010BDE8
:102BE00074DC010888FA012410B50446006828B195
:102BF000064B1968EDF774FB38B92060616821B1A4
:102C0000034806F06FF90023636010BD74DC01080F
:102C100058FA012410B50446006828B1064B19681B
:102C2000EDF75EFB38B92060616821B1034806F01A
:102C300059F90023636010BD74DC0108C8A30124A6
:102C400010B504460348214606F04CF90023A36161
:102C500010BD00BF98FA012482B02B4930B50D6831
:102C600003AC84E80C001C46002D4BD02B46002101
:102C70009A685B68D2F81428904208BF0131002B93
:102C8000F6D19DF80C30022B29D020D88C4228D8C0
:102C9000B4FA84F2520924B3DDB14FF0FF3C6FF077
:102CA000004401E06D68ADB1AB68D3F814188842F8
:102CB000F8D1D3F8181803F50263614553F8043CC2
:102CC00073EB040EEEDA8C461C462A46EAE7032B29
:102CD000DCD000221046BDE8304002B070478C4284
:102CE00005D90948BDE8304002B006F0EBB8B4FAA7
:102CF00084F25209002CEDD10348BDE8304002B007
:102D000006F0E0B82946BCE778FA0124124B1B68AC
:102D100030B5F3B14FF0FF3E6FF0004C002401E0FE
:102D20005B68A3B19A68D2F814188842F8D1D2F837
:102D3000181802F50262714552F8042C72EB0C056A
:102D4000EEDA1C465B688E469446002BEAD120469C
:102D500030BD1C46204630BD78FA0124000000003A
:102D60003D4B2DE9F04F1F682DED068B8DB006F021
:102D700079F9002F5DD0B84681468A4604ACD8F870
:102D8000085095F82038042B9FED2D8B9FED2EAB2E
:102D90009FED2F9B3FD0052B44D0032B3BD08DEDD7
:102DA000048B8DED06AB08AB8DED088B8DED0A8B9A
:102DB0000FCB8DE80F0094E80F0000F0DFF818B19A
:102DC0008DED049B8DED068BD5F8186805F5026531
:102DD00055F8047CD8F804B094E80F0000F024F90A
:102DE000301847EB0101484571EB0A0305DB55E953
:102DF000022391457AEB030303DA4146164806F0B5
:102E000071F8BBF1000F14D0D846D8F8085095F8E7
:102E10002038042BBFD1D5F8143840330FCB84E8C9
:102E20000F00C0E7D5F8143848330FCB84E80F0003
:102E3000B9E70DB0BDEC068BBDE8F08FAFF30080B5
:102E40000000000000000000010000000000000081
:102E50001E0000000000000078FA012410B58C78F4
:102E600086B0012CADF80E200CD0012419460DF1CE
:102E70000E020DF11703009400F5287002F038FBE4
:102E800006B010BD00F5287001F054FF204606B0D2
:102E900010BD00BF4A7A91F808C0022A18BF00226C
:102EA0000270ACF10202B2FA82F2520942700A7860
:102EB0008988A2F102028180B2FA82F252098270FC
:102EC000704700BF002330B50B7087B0036814460D
:102ED000BBB10E4A1546009503920D4D4268084657
:102EE0000C4904920591029121460B4A019507F085
:102EF000D7FF0028A8BF8442CCBF0120002007B024
:102F000030BD064B014A1D46E5E700BF1CD5010850
:102F100034D5010830D5010820D5010844D6010870
:102F200030B5144683B00546074B084A084600955D
:102F3000214607F0B5FF0028A8BF8442CCBF01207E
:102F4000002003B030BD00BF38D5010820D30108F0
:102F500010B5044640B1FEF787FB01462046EDF769
:102F6000BFF9B0FA80F0400910BD00BF0022026036
:102F7000027170470022027042607047F0B484B062
:102F800004AC04E90F0003462549019D104699420F
:102F90004FF00202039EAA4130D3224C6FF0004151
:102FA000A3FB043204FB0522DD438C1A8542B441A5
:102FB00032D310EB030C42EB0601194802220A9DA2
:102FC0000B9FDDE908369842B2411CD3154C6FF0D7
:102FD0000040A3FB043204FB0622DE43841AAE4207
:102FE000BC4115D35B1942EB07028A4208BF634517
:102FF0000CBF0120002004B0F0BC70474FF0FF3C34
:103000006FF00041D9E74FF0FF336FF00042ECE77B
:103010004FF0FF330246E8E74FF0FF3CCDE700BF3B
:10302000047DC12500CA9A3B70B485B004AC04E9A4
:103030000F0003461349019D104699424FF00202CA
:10304000039EAA4111D3104C6FF00041A3FB043240
:1030500004FB0522DD438C1A8542B4410CD31818B9
:1030600042EB060105B070BC70474FF0FF306FF0C7
:10307000004105B070BC70474FF0FF3005B070BC28
:10308000704700BF047DC12500CA9A3B10B50446B5
:103090004022002108F072F8204610BD00285DD0C3
:1030A0002DE9F0410D4600295AD004461646EDF7A9
:1030B00077F950B123782F2B0ED002232B6046B125
:1030C000002318463360BDE8F08101232B60002EF9
:1030D000F6D10020BDE8F081431EE25C2F2A41D0EA
:1030E000621EC4F1010E02EB00080EEB020712F89B
:1030F000013F23F02001A3F12F0C413919290FD9E9
:10310000BCF10A0F0CD9A3F15F03B3FA83F35B0997
:1031100033B904222A60002EDBD018463760D2E78C
:103120004245E2D101231A4F04E0984204F1010420
:1031300013461CD9984203F10102F6D021782F29B9
:10314000F3D161782F291ED0C95D4907EDD506223C
:103150002A60002EBDD000203360B4E70B207047FA
:103160000B20B0E703222A60002EF4D1B1E7F72844
:1031700003D8002318462B60A5E707232B60002EF9
:10318000A7D0F623E7E705222A60002EE3D1A0E7C7
:1031900039DD0108002843D070B51446C2B02AB307
:1031A00001290D461E4602D103782F2B12D001AA09
:1031B0006946FFF773FF80B9009A4AB1072A07D022
:1031C000531E052B2ED8DFE803F01C1F22252814E0
:1031D000F52D04D800231846236042B070BD0723A4
:1031E0002360002EF9D0F4233360F6E70B2042B0C1
:1031F00070BD06232360002EEFD0019B336042B0E8
:1032000070BD01232360F6E702232360F3E7032365
:103210002360F0E704232360EDE705232360EAE75A
:103220000B20704713464FF48071034A02A8FDF744
:1032300093FF0120D1E700BF3CD5010868B170B50C
:103240000D4616460446EDF7ABF8334601462A46CE
:103250002046BDE87040FFF79DBF0B20704700BFC0
:10326000072803D8024B53F82000704701487047E5
:1032700034D701088CD50108002842D02DE9F0414F
:103280000D4600293FD004461646EDF789F810B3E5
:10329000631EC4F1010103EB0008CF1813F801EF1E
:1032A000AEF130022EF0200C092AACF1410C05D908
:1032B000BCF1190F02D9BEF15F0F14D19845ECD1C2
:1032C0002278164BD35C13F0040313D1FF281CD8CB
:1032D00018462B600CE001232B607EB100231846BA
:1032E0003360BDE8F08102232B603EB100203760DF
:1032F000BDE8F08103232B60002EEFD10020BDE854
:10330000F0810B2070470B20F2E704222A60002E88
:10331000F4D0FE2218463260EAE700BF39DD01082A
:10332000042803D8024B53F8200070470148704727
:1033300040D8010854D701088368184710B50446DF
:103340000068ECF7CDFF00280CBF2046002010BD20
:10335000044B1A680AB103487047034A01481268CF
:103360001A60704784000024B8000024024A034B0E
:1033700012681A60704700BFB8000024840000245F
:103380000421002008B501F007F8043008BD00BF93
:1033900009B100F019BF0846704700BF38B108B541
:1033A0000B460421184600F0F7FF043008BD7047B3
:1033B0000A4618B10168104600F06EBE704700BFA3
:1033C00030B10421002008B500F0E6FF043008BD4C
:1033D000704700BF004870479000002438B50D4684
:1033E0000121044600F08CFF48B1A36801211D7043
:1033F000A26823690A4461750B44A2602361A07D21
:1034000080F0010038BD00BF38B50D4601210446EB
:1034100000F076FF60B1A2680121236912F8010B68
:103420000B44003818BF01202870A2602361617529
:10343000A07D80F0010038BD38B50D46012104465D
:1034400000F05EFF48B1A36801211D70A2682369E6
:103450000A4461750B44A2602361A07D80F00100E5
:1034600038BD00BF38B50D460121044600F048FFC5
:1034700050B1A36801211B782B70A26823690A440C
:1034800061750B44A2602361A07D80F0010038BD0E
:103490002DE9F0410B4682B004460221ADF806301A
:1034A00000F082FF01462046677D00F0C5FF022143
:1034B000204600F019FF78BBD4E90135AB4226D98C
:1034C0005E1BA36023692046C6F1020833444146CF
:1034D000236100F015FF00283BD0237D012B4AD04B
:1034E0009DF807302B70002E40D09DF806306B7091
:1034F00023690221A2680233A07D424461759E1BAC
:1035000080F00100A260266102B0BDE8F0810221D6
:10351000204600F0F5FE90B1237D012BA36814D066
:103520009DF807109DF806201970A3685A700221B3
:10353000A26823690A4461750B44A2602361A07DDF
:1035400080F0010002B0BDE8F081BDF806201A80CD
:10355000EDE7A2682369A07D921B9B1B677580F035
:103560000100A260236102B0BDE8F081A3689DF86C
:1035700006201A70BCE728460DF10605324629469A
:1035800007F01FFF4246A919A06807F01AFFAFE72E
:103590002DE9F043044683B00D460221ADF8062024
:1035A00000F002FF0146204694F8158000F044FF29
:1035B0000221204600F098FE70BBD4E90167BE42AC
:1035C00025D923692046A660F61B3344C6F10209BB
:1035D0002361494600F094FE002839D0012D4AD0DD
:1035E0009DF807303B70002E40D09DF806307B7070
:1035F00023690221A268A07D02334A4461759B1BA6
:1036000080F00100A260236103B0BDE8F0830221D5
:10361000204600F075FE88B1012DA36814D09DF8F6
:1036200007109DF806201970A3685A700221A2683D
:1036300023690A4461750B44A2602361A07D80F078
:10364000010003B0BDE8F083BDF806201A80EDE765
:10365000A2682369A07D921B9B1B84F8158080F0D3
:103660000100A260236103B0BDE8F083A3689DF868
:1036700006201A70BCE70DF1060532463846294689
:1036800007F09FFE4A46A919A06807F09AFEAFE727
:103690002DE9F84304460D46022100F085FE01465F
:1036A000204694F8158000F0C7FE0221204600F065
:1036B0001BFE60BBD4E90167BE4223D923692046C3
:1036C000A660F61B3344C6F102092361494600F0A7
:1036D00017FE002834D0237D012B42D07B782B703D
:1036E000002E3AD03B786B7023690221A268023326
:1036F000A07D4A4461759B1B80F00100A26023619C
:10370000BDE8F8830221204600F0FAFD80B1237D58
:10371000012BA36811D05B782B70A3681B786B70AA
:103720000221A26823690A4461750B44A2602361E7
:10373000A07D80F00100BDE8F8831B882B80EFE7B7
:10374000A2682369921BA07D9B1B84F8158080F0E2
:103750000100A2602361BDE8F883A3681B786B7049
:10376000C2E739463246284607F02BFE4A46A819DA
:10377000A16807F026FEB7E72DE9F04704460E469C
:103780000221154600F010FE0146204694F81580EF
:1037900000F052FE0221204600F0A6FD70BBD4E9E5
:1037A00001794F4525D923692046A760A7EB090772
:1037B0003B44C7F1020A2361514600F0A1FD0028F5
:1037C00034D0012E43D099F801302B70002F3AD01D
:1037D00099F800306B7023690221A2680233A07D42
:1037E00052446175DB1B80F00100A2602361BDE8DB
:1037F000F0870221204600F083FD78B1012EA368F6
:1038000011D05B782B70A3681B786B700221A268C3
:1038100023690A4461750B44A2602361A07D80F096
:103820000100BDE8F0871B882B80EFE7A2682369C1
:10383000D21BA07DDB1B84F8158080F00100A26004
:103840002361BDE8F087A3681B786B70C3E7494626
:103850003A46284607F0B5FD5246E819A16807F038
:10386000B0FDB8E72DE9F04182B004460191042192
:1038700000F09AFD01462046677D00F0DDFD042141
:10388000204600F031FD002839D1D4E90135AB42A2
:1038900030D95E1BA36023692046C6F10408334477
:1038A0004146236100F02CFD00284CD0237D012BE4
:1038B00063D09DF807302B70002E51D09DF8063054
:1038C000012E6B7050D09DF80530022EAB704FD09A
:1038D0009DF80430EB7023690421A2680433A07DB5
:1038E000424461759E1B80F00100A260266102B017
:1038F000BDE8F0810421204600F002FDD0B1237D17
:10390000012BA3681CD09DF807009DF806209DF8A8
:1039100005101870A3685A70A3689DF80420997068
:10392000A368DA700421A26823690A4461750B4414
:10393000A2602361A07D80F0010002B0BDE8F081AB
:10394000019A1A60EEE7A2682369A07D921B9B1B77
:10395000677580F00100A260236102B0BDE8F081CC
:10396000A3689DF806201A70A3689DF805201A70B8
:10397000A3689DF804201A70ADE7284601AD3246D1
:10398000294607F01EFD4246A919A06807F019FD57
:10399000A1E700BF2DE9F043044683B00D460421A2
:1039A000019200F001FD0146204694F8158000F0D8
:1039B00043FD0421204600F097FC002838D1D4E9CB
:1039C0000176B7422FD923692046A760BF1B3B442D
:1039D000C7F104092361494600F092FC00284AD04F
:1039E000012D63D09DF807303370002F51D09DF822
:1039F0000630012F737050D09DF80530022FB37040
:103A00004FD09DF80430F37023690421A268A07D93
:103A100004334A446175DB1B80F00100A26023611E
:103A200003B0BDE8F0830421204600F069FCC8B172
:103A3000012DA3681CD09DF807009DF806209DF875
:103A400005101870A3685A70A3689DF80420997037
:103A5000A368DA700421A26823690A4461750B44E3
:103A6000A2602361A07D80F0010003B0BDE8F08377
:103A7000019A1A60EEE7A2682369A07DD21BDB1BC6
:103A800084F8158080F00100A260236103B0BDE8D6
:103A9000F083A3689DF806201A70A3689DF805209E
:103AA0001A70A3689DF804201A70ADE701AD3A467C
:103AB0003046294607F085FC4A46E919A06807F018
:103AC00080FCA1E72DE9F84304460D46042100F0EF
:103AD0006BFC0146204694F8158000F0ADFC0421F3
:103AE000204600F001FC002838D1D4E90176B74225
:103AF0002FD923692046A760BF1B3B44C7F10409A7
:103B00002361494600F0FCFB002846D0237D012BB1
:103B10005CD0F3782B70002F4CD0B378012F6B70F2
:103B200005F102034AD07378022FAB7005F103034D
:103B300048D03378EB7023690421A2680433A07D58
:103B40004A446175DB1B80F00100A2602361BDE87F
:103B5000F8830421204600F0D3FBB0B1237D012B74
:103B6000A36817D0DB782B70A3689B786B70A36871
:103B70005B78AB70A3681B78EB700421A2682369A3
:103B80000A4461750B44A2602361A07D80F00100AE
:103B9000BDE8F8831B682B60EFE7A2682369D21B9E
:103BA000A07DDB1B84F8158080F00100A2602361FA
:103BB000BDE8F883A3689B786B70AB1CA268527851
:103BC00003F8012BA26812781A70B4E731463A461E
:103BD000284607F0F6FB4A46E819A16807F0F1FB12
:103BE000A9E700BF2DE9F04704460E46042115461B
:103BF00000F0DAFB0146204694F8158000F01CFC2A
:103C00000421204600F070FB00283CD1D4E90137A4
:103C1000BB4233D9A3EB0709A36023692046C9F14E
:103C2000040A4B445146236100F06AFB002848D047
:103C3000012E61D0FB782B70B9F1000F50D0BB780A
:103C4000B9F1010F6B7005F102034DD07B78B9F12A
:103C5000020FAB7005F103034AD03B78EB70236988
:103C60000421A2680433A07D52446175A3EB0903CB
:103C700080F00100A2602361BDE8F08704212046A6
:103C800000F03EFBA8B1012EA36817D0DB782B70A3
:103C9000A3689B786B70A3685B78AB70A3681B7894
:103CA000EB700421A26823690A4461750B44A26089
:103CB0002361A07D80F00100BDE8F0871B682B60C8
:103CC000EFE7A2682369A2EB0902A07DA3EB090339
:103CD00084F8158080F00100A2602361BDE8F087C0
:103CE000A3689B786B70AB1CA268527803F8012B19
:103CF000A26812781A70B2E739464A46284607F099
:103D000060FB524605EB0900A16807F05AFBA6E7E5
:103D10002DE9F041044682B00821CDE9002300F0EE
:103D200043FB01462046677D00F086FB08212046C4
:103D300000F0DAFA00284ED1D4E90135AB4245D97A
:103D40005E1BA36023692046C6F108083344414640
:103D5000236100F0D5FA002874D0237D012B00F0F8
:103D60009B809DF807302B70002E78D09DF8063090
:103D7000012E6B7077D09DF80530022EAB7076D097
:103D80009DF80430032EEB7075D09DF80330042E9F
:103D90002B7174D09DF80230052E6B7173D09DF895
:103DA0000130062EAB7172D09DF80030EB712369A3
:103DB0000821A2680833A07D424461759E1B80F0F3
:103DC0000100A260266102B0BDE8F0810821204612
:103DD00000F096FA50B3237D012B2DD0A3689DF8F7
:103DE00007009DF806209DF805101870A3685A700A
:103DF000A3689DF804209DF803009970A368DA7009
:103E0000A3689DF802209DF801101871A3685A71EB
:103E1000A3689DF800209971A368DA710821A2684F
:103E200023690A4461750B44A2602361A07D80F080
:103E3000010002B0BDE8F0816B46A26803CB1060C0
:103E40005160EBE7A2682369A07D921B9B1B6775FD
:103E500080F00100A260236102B0BDE8F081A36898
:103E60009DF806201A70A3689DF805201A70A368B3
:103E70009DF804201A70A3689DF803201A70A368A7
:103E80009DF802201A70A3689DF801201A70A3689B
:103E90009DF800201A708AE728466D46324629466A
:103EA00007F08FFA4246A919A06807F08AFA7EE760
:103EB0002DE9F0410B4682B004460221ADF80630F0
:103EC00000F072FA01462046677D00F0B5FA022143
:103ED000204600F009FA78BBD4E90135AB4226D977
:103EE0005E1BA36023692046C6F1020833444146A5
:103EF000236100F005FA00283BD0237D012B4AD036
:103F00009DF807302B70002E40D09DF806306B7066
:103F100023690221A2680233A07D424461759E1B81
:103F200080F00100A260266102B0BDE8F0810221AC
:103F3000204600F0E5F990B1237D012BA36814D051
:103F40009DF807109DF806201970A3685A70022189
:103F5000A26823690A4461750B44A2602361A07DB5
:103F600080F0010002B0BDE8F081BDF806201A80A3
:103F7000EDE7A2682369A07D921B9B1B677580F00B
:103F80000100A260236102B0BDE8F081A3689DF842
:103F900006201A70BCE728460DF106053246294670
:103FA00007F00FFA4246A919A06807F00AFAAFE72E
:103FB0002DE9F84304460D46022100F0F5F90146CB
:103FC000204694F8158000F037FA0221204600F0D0
:103FD0008BF960BBD4E90167BE4223D9236920462F
:103FE000A660F61B3344C6F102092361494600F07E
:103FF00087F9002834D0237D012B42D07B782B70A9
:10400000002E3AD03B786B7023690221A2680233FC
:10401000A07D4A4461759B1B80F00100A260236172
:10402000BDE8F8830221204600F06AF980B1237DC3
:10403000012BA36811D05B782B70A3681B786B7081
:104040000221A26823690A4461750B44A2602361BE
:10405000A07D80F00100BDE8F8831B882B80EFE78E
:10406000A2682369921BA07D9B1B84F8158080F0B9
:104070000100A2602361BDE8F883A3681B786B7020
:10408000C2E739463246284607F09BF94A46A81946
:10409000A16807F096F9B7E72DE9F04182B0044630
:1040A0000191042100F080F901462046677D00F06F
:1040B000C3F90421204600F017F9002839D1D4E9CA
:1040C0000135AB4230D95E1BA36023692046C6F19F
:1040D000040833444146236100F012F900284CD013
:1040E000237D012B63D09DF807302B70002E51D01B
:1040F0009DF80630012E6B7050D09DF80530022ED1
:10410000AB704FD09DF80430EB7023690421A26896
:104110000433A07D424461759E1B80F00100A260C3
:10412000266102B0BDE8F0810421204600F0E8F8E5
:10413000D0B1237D012BA3681CD09DF807009DF80A
:1041400006209DF805101870A3685A70A3689DF8A2
:1041500004209970A368DA700421A26823690A44D4
:1041600061750B44A2602361A07D80F0010002B064
:10417000BDE8F081019A1A60EEE7A2682369A07D8C
:10418000921B9B1B677580F00100A260236102B047
:10419000BDE8F081A3689DF806201A70A3689DF819
:1041A00005201A70A3689DF804201A70ADE7284610
:1041B00001AD3246294607F004F94246A919A06824
:1041C00007F0FFF8A1E700BF2DE9F84304460D46CC
:1041D000042100F0E9F80146204694F8158000F02B
:1041E0002BF90421204600F07FF8002838D1D4E9CB
:1041F0000176B7422FD923692046A760BF1B3B44F5
:10420000C7F104092361494600F07AF8002846D036
:10421000237D012B5CD0F3782B70002F4CD0B3782A
:10422000012F6B7005F102034AD07378022FAB7037
:1042300005F1030348D03378EB7023690421A268A9
:104240000433A07D4A446175DB1B80F00100A2604D
:104250002361BDE8F8830421204600F051F8B0B195
:10426000237D012BA36817D0DB782B70A3689B7884
:104270006B70A3685B78AB70A3681B78EB7004214C
:10428000A26823690A4461750B44A2602361A07D82
:1042900080F00100BDE8F8831B682B60EFE7A2689F
:1042A0002369D21BA07DDB1B84F8158080F0010000
:1042B000A2602361BDE8F883A3689B786B70AB1C98
:1042C000A268527803F8012BA26812781A70B4E73A
:1042D00031463A46284607F074F84A46E819A1687C
:1042E00007F06FF8A9E700BF837D3BB9D0E9010370
:1042F0001944884234BF00200120704700207047D5
:10430000837D43B9D0E9012110B59142044605D21D
:104310000123184610BD00231846704782693AB140
:10432000C169904780F00103A075DBB2184610BD4B
:104330000120A075FAE700BFC0E90612704700BF70
:1043400010B4019C0A44016042600A191C44826056
:104350000022C0E903349DF8083042755DF8044B33
:1043600082750375C0E90622704700BF10B582B0A0
:10437000049C009401240194FFF7E2FF02B010BDF9
:1043800010B5002482B00094FFF7F0FF02B010BD1A
:104390000023FFF7F5BF00BFB0FBF1F202FB1100F5
:1043A0004B1E081A18407047437D8B4209D203699F
:1043B0004A1EB3FBF1F001FB1030091A01EA0200BA
:1043C00070470020704700BF38B504460D46FFF720
:1043D000EBFFA36865751A18236918446368934254
:1043E000206128BF1346A36038BD00BF8268006803
:1043F000101A7047D0E90120101A704738B5837D34
:10440000A3B904460D46D0E901329A4200D331B92E
:104410002046FFF7EFFFA84228BF284638BD836932
:1044200033B1C1699847A0750028F1D0002038BD8C
:1044300001238375FAE700BF38B504460D46FFF740
:1044400053FF78B12369A2682B442A4423610123D6
:10445000A260637538BDA2682D1A2369024418440E
:10446000A2602061294601222046FFF7C7FF0028ED
:10447000F1D10123637538BD10B500238EB0044619
:104480000391CDE9013203230422009306AB01F02E
:104490005BFA18B9044620460EB010BD029905AA71
:1044A000204601F08DFB044605A906A803F072F929
:1044B00020460EB010BD00BFC2F3074C10B5BCF1D2
:1044C000010F8CB0044602920CBF03F001020022DF
:1044D0000E3303919DF838101A4404AB0191012169
:1044E00092B20091039901F02FFA18B904462046C0
:1044F0000CB010BD029920460F9A01F061FB0446F2
:104500000F9904A803F0A0F820460CB010BD00BF1E
:1045100070B5ADF5167D054611ACADF854320323E8
:104520009DF86C62CDE902212372002301228DF8EF
:1045300014309A9B2271CBB18DF81C2008934FF454
:10454000007215A909A8FFF723FF05A909A802F021
:1045500051FD0D9B009628460194E3609BB2DDE976
:104560000221FFF7A9FF0DF5167D70BD8DF81C30F7
:10457000E5E700BF70B5ADF5187D05461846059115
:1045800097A99DF8786213ACCDE9033202238DF828
:10459000503000F0ABF99C9B4FF4007217A90BA8A8
:1045A00006939D9B0A9303238DF8543001238DF8C5
:1045B000243000238DF81C30FFF7EAFE06A90BA873
:1045C00002F03AFD0F9B2846009616939BB2019489
:1045D000DDE90421FFF770FF0DF5187D70BD00BF08
:1045E000F0B5ADF28C4D032605461846059192A90B
:1045F0009DF8A0740EAC8DF83C60CDE9033200F05C
:1046000075F900234FF4007212A906A88DF84C32F8
:104610008DF854328DF84060FFF7BAFE93A906A8D2
:1046200002F0BEFD0A9B2846009711939BB20194AD
:10463000DDE90421FFF740FF0DF28C4DF0BD00BF16
:104640002DE9F041ADF5227D0646184603271DAC45
:10465000BDF8A8520591A1A99DF8AC82CDE903321D
:104660000523237100F042F90EA9A898277200F0E3
:104670003DF90023ADF84450003D9DF8A5228DF88A
:10468000643018BF01258DF846308DF84C308DF818
:104690005430ADF8403001238DF842508DF83A3057
:1046A0008ABB4FF0230E4FF0130C0B252122112152
:1046B0000920ADF840309DF8A63223B97246614614
:1046C0002846ADF840709DF8A432012B25D0032B6D
:1046D00029D02BB34FF4007221A906A8FFF758FE8A
:1046E0000EA906A802F0D2FD0A9BCDF80080304644
:1046F0000194E3609BB2DDE90421FFF7DDFE0DF5D7
:10470000227DBDE8F0814FF0220E4FF0120C0A25F9
:104710002022102108200227CDE7ADF84010D9E76C
:10472000ADF84000D6E7ADF84020D3E7014B18784C
:10473000704700BFB8FA01242DE9F04F934689B0C5
:10474000002204468A4605938DF81E2090F8002228
:1047500022B300F202290DF11F0805AF0DF11E066C
:104760004FF4007502E0059B002B0FDDD4F87412A6
:10477000234622464846CDE90278CDE9005601F0AD
:1047800035FC0028EFD09DF81E30B3B10F4B002050
:104790009DF81F201A7009B0BDE8F08F0DF11F02BF
:1047A000014600924FF40072D0F87452A8470028D6
:1047B000ECD09DF81E30002BE8D1CBF80000012092
:1047C000CAF8004009B0BDE8F08F00BFB8FA012474
:1047D00030B590F8005287B0144695B9D0F87052B1
:1047E0000DF11703A847031E18BF0123A04218BFED
:1047F00000231BB90A4A9DF817101170184607B01C
:1048000030BD0B4600220DF117010094CDE90121C6
:104810000246D0F8701200F2022001F009FAE2E735
:10482000B8FA012480F800120199C0E99A23009B8C
:10483000C0E99C31704700BF38B5D0F8683203B387
:10484000D0F86C220446E2B1D0F87022CAB1D0F898
:104850007422B2B1C0F88C129847054688B194F81A
:1048600000328BB90B4B28460B490C4AC4F88032F6
:104870004FF40073C4F88422A4F88832C4E99E413E
:1048800038BD0025284638BD002104F2022001F081
:10489000C9F9E7E739470108D14701082D47010861
:1048A000D0F86C32184700BF82B000238DF8061094
:1048B00060F30F03BDF8062062F31F43184602B0F1
:1048C000704700BF437882B0017800201A0903F0D6
:1048D0000F0302EB01128DF80630BDF8063062F3CB
:1048E0000F0063F31F4002B0704700BF0246C0F3E1
:1048F000034382B0C2F30B1C03EB021081F800C02B
:10490000487002B0704700BF10B5002394B0044651
:1049100005920193ADF81C308DF81E30CDF826308D
:10492000CDF82A300823CDE90221012200930CABF7
:104930008DF82420102201F007F818B9044620460B
:1049400014B010BD059906AA204601F039F90446B5
:1049500006A90CA802F0C8FF204614B010BD00BF85
:104960002DE9F04395B0BDF8787013B115B0BDE8EE
:10497000F08306461C980C461546049099461D98EF
:104980009DF8768005900CA8D1E90121521AFFF715
:10499000FFFC0CA8D4E90612FFF7CEFCE2699AB13D
:1049A000B8F1070F82F8149040D0B8F1080F2ED05C
:1049B000B8F1060F11D00123137529462046FFF7E1
:1049C0003BFD15B0BDE8F083B8F1070F2ED0B8F16C
:1049D000080F1CD0B8F1060FEFD1D6F88880B8F1D7
:1049E000000F11D00CAB01953A46304600930623D8
:1049F0008DF81630D6F88C300293DDE90431C047CB
:104A00000123E26986F8B430002AD4D1D5E7D6F87C
:104A1000A430002BF8D00CA806A9DDF8408003F0E4
:104A20002FF8A0B9E269002AC5D1C6E7D6F8AC30A4
:104A30003BB106A90CA8DDF8408002F0F5FC60BB94
:104A4000E269A3682B44A360002AB4D1B5E7109BA8
:104A50000CA8A8EB0308DDE90D21A844521AFFF7C2
:104A600097FC0CA81FFA88F8D4E90612FFF764FC3B
:104A70000CAB0821CDF8048000933A468DF816104F
:104A800006ABD6F8A810304602910599D6F8A47066
:104A9000B847012386F8B430C4E7DDE90D21109B47
:104AA0000CA8521AA8EB0308FFF772FC0CA8A84444
:104AB000D4E90612FFF740FC0CAB9DF818101FFA62
:104AC00088F800933A469DF819303046CDF80480B6
:104AD00003EB012307218DF816109BB2D6F8B01016
:104AE00002910599D6F8AC70B847012386F8B43026
:104AF000A6E700BF00B58BB00146042202A8FFF76D
:104B000047FC0DF105030DF1060201A902A801F011
:104B10005DFE9DF804300D2B03D000200BB05DF836
:104B200004FB9DF8053013F0020F14BF0220012092
:104B30000BB05DF804FB00BF70B50025ADF5347D0A
:104B40000E4604464FF42472294610A80395049596
:104B500006F014FB03A9304602F006FEBDF80C3047
:104B60002046ADF8403001F023F82B460C2205A971
:104B7000009008A8FFF7FAFB10A908A802F068FE49
:104B8000089B2A462946204600F0BEFF08A8FFF7EA
:104B90002DFC236F024605A9D3E90004A0470DF5BB
:104BA000347D70BD70B592B005460E46144600F0D7
:104BB000FFFF05A9009000230AA81122FFF7D6FBEA
:104BC000182200230A2102FB04540AA805225034AB
:104BD00001F0E2FD03A9204604F0BCFD40BA03A9A0
:104BE0008DF81060ADF80E000AA802F0A3FE0022B6
:104BF0000A9B2846114600F087FF0AA8FFF7F6FB3C
:104C00002B6F024605A9D3E90004A04712B070BD7E
:104C10009FED0D7B002310B5044680F8A030C0E95D
:104C20001C13C0E91E33C0E92033C0E92233C0E9B8
:104C3000243380ED267B812100F0CAFE04F10800B8
:104C4000BDE8104001F0C4BC0000000000000000FE
:104C5000C0E92012704700BFC0E92212704700BFB0
:104C6000C0E92912704700BFC0E92B12704700BF8E
:104C700010B5044684B0CDE9002100F099FF034649
:104C800004F10800DDE9002104B0BDE8104001F0A6
:104C9000E5BC00BF30B589B00446CDE904210393DB
:104CA00000F086FF0546059904F108000095DDE94E
:104CB000033201F0E7FC00225FFA80FCC0F3072416
:104CC000C0F30741030E6CF3070264F30F2261F394
:104CD000174263F31F62104609B030BD82B008303E
:104CE00002B001F0E9BC00BF10B50C4C84B0083034
:104CF000009401F0F7FC00225FFA80FEC0F3072C5D
:104D0000C0F30741030E6EF307026CF30F2261F349
:104D1000174263F31F62104604B010BDF54A010844
:104D200010B5044601F09AFDD4E92632C01A61EBB1
:104D3000020110BD2DE9F047037E84B00446FBB1AB
:104D40004FF000090DF1020803AF02AE4846012200
:104D500004EB00151146083501F0E0FB844643469C
:104D60003A4631462846CDF804C004F07DFD0028BF
:104D70003DD109F10109237E5FFA89F08342E6D82B
:104D800094F8483083B34FF000090DF1020803AFE7
:104D900002AE484600EB80050122022104EBC50566
:104DA00001F0BCFB019020350CE0BDF802209DF81D
:104DB0000410029B00F0A8FE236FDDE90212D3E984
:104DC000000AD04743463A463146284604F070FF71
:104DD00003462046002BE8D109F1010994F8483038
:104DE0005FFA89F08342D5D804B0BDE8F087029B12
:104DF0002046BDF8022009F101099DF8041000F0D9
:104E000083FE236F039A5D6818680299A847237E82
:104E10005FFA89F083429AD8B2E700BF2DE9F041EA
:104E20000D46ADF5247D06466946284602F0AEFBE8
:104E3000044602A928469DF80570FEF7E5FA9DF89C
:104E400008300440E4B25BB987A92846FEF7DCFAD3
:104E50009DF81C3280464BB90DF5247DBDE8F081EC
:104E600003A9284602F03EFA0440EDE788A9284647
:104E7000FEF7F8FA14EA080FEED00028ECD09DF8FF
:104E800020320D2BE8D18AA92846FFF791F838B1D6
:104E9000BDF92832002B06DD002F14BF01200220AF
:104EA00086F8B500D8E70020FAE700BF2DE9F04FFB
:104EB000044697B00D46C14E09920DF12F030CAA7E
:104EC0000DF12E01284601F081FC002800F04281FE
:104ED0009DF82E309DF82620023B0D2BEDD801A128
:104EE00051F823F04B510108BB4E01083B5101081A
:104EF000D9500108CF500108BB4E0108BB4E010834
:104F000025500108B74F0108774F0108BB4E010833
:104F1000BB4E0108BB4E01081D4F010810A92846D1
:104F200002F05CFDD4F89080B8F1000F00F01A8117
:104F300001F094FC02460B46D4F894000021149F23
:104F400006908C461598C7FB060C109FCDE9040C03
:104F50008C461198C7FB060CCDE9020CDDE91270F6
:104F6000C7FB0601CDE900012046C0474FF0010311
:104F700084F8A030A1E710A9284602F01BFD00210B
:104F80009DF8440001F0F8FAC0F307280F9004F1EF
:104F90000800414601F0DEFB00288ED0BDF840102D
:104FA000BDF8422004F0CAFB42469DF83C10204662
:104FB000FFF7F8FD81E710A9284602F0D3FC002195
:104FC0009DF8440001F0D8FAC0F307210D9004F1D8
:104FD000080001F0A9FB804600283FF46EAF9DF861
:104FE00042300DF1380A9DF84310BDF8402001EB26
:104FF000032189B204F004FF404604F0C5FEADF879
:10500000320005E0236FDDE90E12D3E90009C8473D
:105010000DF132030FAA5146404604F0B7FE0028B6
:10502000F0D14AE79DF825300DF1380ABDF83080FF
:1050300028468DF8353051469DF82730A8F10408F0
:105040009DF82F908DF837301FFA88F89DF824309E
:1050500009F00E098DF836208DF8343002F0E4F9AD
:1050600050460FA90DF1320200F0CAFD0F99D4F895
:1050700080B0BDF832A01091BBF1000F06D0D4F87B
:1050800084305246204600930023D847E26F82B115
:10509000616F4FF0000C023903E00CF1010C9445F4
:1050A00007D031F8023F5345F7D1A36F002203F830
:1050B0000C20BDF832104B464246204602910F9913
:1050C00001910D9900912946FFF74AFCF5E6294622
:1050D0002046FFF7A3FEF0E6002A3ED010A928469E
:1050E00002F098FB0EA90DAA10A800F089FD0E99F8
:1050F000D4F880A09DF84490BDF834800F91BAF1A7
:10510000000F06D0D4F884304246204600934B4628
:10511000D047E26F002A3FF4D0AE606F0021023822
:1051200003E0013191423FF4C8AE30F8023F4345FD
:10513000F7D1A36F03F80190BFE6002A7FF4BDAE5C
:105140002946204600F0A0FCB7E629462046FFF796
:10515000F3FCB2E617B0BDE8F08F2946204600F018
:10516000A1FCAAE601F07AFB4246149F159BC7FBFF
:1051700006321818129F42EB0101139B4246C7FBEF
:1051800006329C46DDE91037C3FB067843461CEB2C
:10519000070C42EB0302B0EB0C0361EB0202002AA6
:1051A00008DB5B0843EAC2735210C4F89830C4F8B5
:1051B0009C20DBE6013342F10002F2E700CA9A3B91
:1051C0000B1E2DE9F04FB8BF6FF000439DB0804635
:1051D000059301F027FB98F848208146002A00F04B
:1051E0009A8000266FF000434FF0FF3B0F46304699
:1051F00003930EE09A6B0136DB6B5A450399F0B2CC
:1052000073EB010101DA9346039398F84830834227
:105210005FD900EB800402210122E40001F07EF955
:10522000014604F120053B464A460991454428467B
:1052300004F07EFD08EB04030028DBD09DF8255028
:105240000DF1500A9DF82430404601354444049342
:1052500000F0AEFC05EB8505002311220CA908EB3C
:10526000C505009050460136FFF780F8002305225F
:105270000B21504601F090FA0121688904F01CFED0
:105280002B8902460AA9ADF82A305046049BADF896
:1052900028208DF82C3002F079FB0022149B404628
:1052A000114600F031FC5046FFF7A0F8D8F87030F6
:1052B00002460CA9D3E90005A8470399F0B2D4E946
:1052C0000E235A4573EB01019DDB98F84830834269
:1052D0009FD86FF00043039A9A4208BFBBF1FF3F8B
:1052E00019D0ABEB0903002B059DD8F8700008AA74
:1052F00008BF012307A984689D420068A8BF1D4616
:105300002B46A04748B9059B5B1B002B05933FF735
:1053100060AF044612E0059BE5E7DDE907120446AD
:1053200000250CA8FFF734F80DF11A0306AA0CA902
:1053300040468DF8185000F0FBFB18B920461DB010
:10534000BDE8F08F29469DF8180001F015F9C0F36B
:105350000746BDF81AA0C0F30725012ECDE90900C4
:105360004BD0022E0FD0002EE8D13146304601F04E
:1053700003F902460CA940460A92FFF797FD204622
:105380001DB0BDE8F08F294608F108009DF8249073
:1053900001F0E0F9074638B30E9A0CA80392FFF724
:1053A00029F803460DF11900039A5146009038463A
:1053B00004F0C8F8C0B19DF8193093B314AE4FF0A3
:1053C000020A0AE08DF8289031468DF829504046AF
:1053D0008DF82AA00A9AFFF769FD04223146384663
:1053E00004F032F90028EDD140462A464946FFF73D
:1053F000D9FB20461DB0BDE8F08F294608F1080012
:1054000001F09EF9002899D0514604F011F80028C7
:1054100094D08DF82A600CA90A9A4046FFF746FD01
:105420008CE78DF82A600CA90A9A4046FFF73EFDEA
:10543000C4E700BF70B504460D4601F0F3F9064617
:105440002046FFF777FC29462046FFF7B9FE01F01A
:10545000E9F9831BE91A0029F6DC04F10800BDE82C
:10546000704001F083B900BF70B504460D4601F0ED
:10547000D9F906462046FFF75DFC0023294684F84B
:10548000B43005E001F0CEF9831BE91A002907DDED
:105490002046FFF795FE94F8B4000028F2D070BDC6
:1054A00094F8B40070BD00BF2DE9F04106460D46EA
:1054B00001F0B8F90746304606F10808FFF73AFC54
:1054C000002D10DB2C4606E0FFF77AFE01F0AAF96A
:1054D000C31BEC1A07D4404601F048F903462146A5
:1054E0003046002BF0D04046BDE8F04101F03EB917
:1054F0002DE9F84FDDF828B00646884692461F464B
:10550000FFF718FCBBF1000F04D05A46FF213846C4
:1055100005F034FEC6F87CB07D1EC6E91DA701F07B
:1055200081F9414681463046FFF74AFE01F07AF99B
:10553000A0EB0900A8EB0001BBF1000F29D0AE469B
:105540004FF0000C1EF8014FFF2C15D00CF1010C90
:10555000E345F7D80023F36700E058B12B4615F870
:10556000010F02330128A3EB07038CBF00200120A9
:105570009B45F2D8BDE8F88F3AF81C300CF1010CCD
:10558000DC4501D2002BDDD00029E3DD002BCAD1A0
:10559000E0E70120C6F87CB0BDE8F88F2DE9F04FB8
:1055A00004469DB0FF2003936071002B00F0B6808D
:1055B000894692464FF0000B236F52464946D3E985
:1055C0000005A84701F02EF94FF47A73054609E06B
:1055D00001F028F9401BC0F57A73002B40DD60799B
:1055E000FF2845D1226F08A99668106809AAB0471C
:1055F0000028EDD00CA80026DDE90812FEF7C8FE51
:105600000DF11E0307AA0CA920468DF81C6000F0BE
:105610008FFA0028DCD031469DF81C0000F0ACFF6A
:10562000C0F30747BDF81E30C0F30726012F0293D1
:10563000CDE90A005CD0022F20D0002FC8D1394616
:10564000384600F099FF0CA902460B902046FFF760
:105650002DFC01F0E7F8401BC0F57A73002BBEDC8F
:105660000BF1010B039B60795B4501D0FF28A3D0B0
:10567000FF3818BF01201DB0BDE8F08F9DF828301D
:10568000314604F10800049301F064F8804648B301
:105690000E9A0CA80592FEF7ADFE03460DF11D0013
:1056A000059A00904046029903F04CFFD0B19DF856
:1056B0001D30002B3AD0049F0AE04FF002038DF812
:1056C0002C708DF82D608DF82E300B9AFFF7EEFBC5
:1056D00014A90422404603F0B7FF034614A920464C
:1056E000002BEAD1324604992046FFF75BFA6FE7B8
:1056F000314604F1080001F023F800283FF468AFB8
:10570000029903F095FE00283FF462AF8DF82E70E9
:105710000CA90B9A2046FFF7C9FB59E7236FD3E981
:105720000004A04701201DB0BDE8F08F8DF82E7059
:105730000CA90B9A2046FFF7B9FBBCE730B58FB038
:1057400004460D4600F034FA0023102202A900900E
:1057500006A8FEF70BFE06A9204600F079F9002204
:10576000069B2046114600F0CFF906A8FEF73EFE44
:105770002B46024602A92046FFF710FF18B16079B8
:10578000B0FA80F040090FB030BD00BF2DE9F04FF6
:1057900000F1080B0446ABB058465E4600F022FF0D
:1057A000204600F005FA00231C220BA9009012A845
:1057B000FEF7DCFD236F12A920461A8A043A92B242
:1057C00000F01CF91299204600F08AF912A8FEF7A1
:1057D0000DFEFF23814663710A230393236F4A461C
:1057E0000BA9D3E90005A84701F01CF84FF47A7320
:1057F000054609E001F016F8401B6279C0F57A739E
:10580000002B38DDFF2A3CD1226F07A9976810686A
:1058100008AAB8470028EDD01AA80027DDE907122A
:10582000FEF7B6FD0DF11A0306AA1AA920468DF857
:10583000187000F07DF90028DCD039469DF818007A
:1058400000F09AFEC0F30747BDF81AB0C0F307286E
:10585000012FCDE9090053D0022F18D0002FC9D154
:105860003946384600F088FE1AA902460A902046BA
:10587000FFF71CFBBEE7039B013B039301D0FF2A0C
:10588000ACD0002A51D000202BB0BDE8F08F9DF89D
:10589000243041463046049300F05CFF824648B312
:1058A0001C9A1AA80592FEF7A5FD03460DF11900F2
:1058B000059A59460090504603F044FED0B19DF839
:1058C0001930002B38D0049F0AE04FF002038DF806
:1058D00028708DF829808DF82A300A9AFFF7E6FAA9
:1058E00022A90422504603F0AFFE034622A9204617
:1058F000002BEAD1424604992046FFF753F979E795
:105900004146304600F01CFF00283FF473AF594673
:1059100003F08EFD00283FF46DAF8DF82A701AA9B0
:105920000A9A2046FFF7C2FA64E7304600F05AFEB2
:1059300001202BB0BDE8F08F8DF82A701AA90A9AC1
:105940002046FFF7B3FABEE72DE9F04782B00446E0
:10595000104615461E46C1F3072A9DF8287005F12A
:1059600004099DF82C80019100F056FF9DF8063047
:105970008144012B1DD0022B16D104F108005146A1
:1059800000F0D2FE044658B14946324604F022F8EF
:1059900004462CB14346AAB23946304600F0FCFE1C
:1059A000204602B0BDE8F0870024204602B0BDE8E2
:1059B000F08704F10800514600F0AEFE04460028CE
:1059C000EED04946324603F02FFF0446E1E700BF20
:1059D0004FEA126CFF23027180F801C0C2F3074C3A
:1059E000C2F30722017080F802C04371C27000B593
:1059F0004FF0090EA0F806E05DF804FB30B5002377
:105A000089B0124D0C4607931946ADF81C200122AF
:105A10000193C2808DF804202A6803930092AA881B
:105A20000693ADF80620D0F80120029202782046B5
:105A30008DF80C201022CDE9043300F0ADFE69464C
:105A4000204601F0FFFD09B030BD00BF70D1010854
:105A50000C4A02234FF4007C10B50C4682B0118929
:105A60000422C3800023ADF8061020460321ADF8C0
:105A700004C000F091FE01A9204601F08BFE02B0A7
:105A800010BD00BF70D1010810B50B4688B00446A8
:105A900001A9184601F08EFE9DF80430637108B02C
:105AA00010BD00BF10B584B00446084602A901F03D
:105AB000B1FEE388022B01D004B010BD0DF10A0045
:105AC000FEF700FF9DF808209DF8093003EB022344
:105AD0009BB2022BF0D19DF80C306371ECE700BF54
:105AE00010B508228AB004460DEB0200FEF750FC08
:105AF00014F8011B002302A801F0800100941A464B
:105B000001F046F80AB010BD30B58DB004460D4620
:105B1000194604A803920822FEF73AFC14F8011B68
:105B2000039B2A4604A8009401F032F80DB030BD62
:105B30002DE9F041074684B008460C4615461E463E
:105B4000FEF758FC082803D8002004B0BDE8F08117
:105B50000DF10C0833462A4620460DF10B01CDF815
:105B6000008001F033F83A789DF80B309342EBD186
:105B70001B061BD49DF80C207B789A4203D0012091
:105B800080F00100E1E79DF80D20B81CBB789A4237
:105B9000F5D19DF80E2010F8013F9A42EFD19DF803
:105BA0000F2043789A42EAD10020E9E70120CCE7B0
:105BB00090F90030002BACBF08200420704700BFD4
:105BC00010B582B04FF6F4740191C388A3F10A01B5
:105BD00089B2A1420FD801339CB2C3F3072CDBB2C8
:105BE000C480911C019882F800C05370FEF77EFEBD
:105BF000204602B010BD0A234FF0000C1C46EFE710
:105C000070B5044602300D461646FEF75BFEC0F343
:105C10000F4328806B802278637803EB0223338064
:105C200070BD00BF0023417003708385704700BFC3
:105C30002DE9F04F174642780E4683B0A2F17D0160
:105C40009B467E2304460129DDF838A080F83830D1
:105C50009DF8340040F21581A0F17D0184F83920CF
:105C60000222012984F8622052D90C9B032184F876
:105C70003A00DDB284F86210A5F17D02012A5CD9F8
:105C80000C9B62180131C3F3072082F8385084F866
:105C90006210A0F17D02012A61D94A1C2144D2B2CE
:105CA00081F8380084F86220002B6AD04FF0000899
:105CB000C14616E0292A68D8A018013280F83810A9
:105CC00084F8622088EA01017D4B09F10109C9B21B
:105CD00033F8112082EA18280C9B4B4569D994F8B7
:105CE00062201BF80910A1F17D000128E2D8501CA8
:105CF000C0B2292849D8A0184FF07D03023281F0A4
:105D0000200580F8383080F8395084F86220D9E7CF
:105D100004214FF0030C0C9B22444FF07D0EA44451
:105D2000DDB280F0200082F838E0A5F17D028CF829
:105D3000380084F86210012AA2D862187D200C9BDA
:105D400085F0200582F838000231C3F3072082F87D
:105D5000395084F86210A0F17D02012A9DD84D1CB3
:105D60008A1C80F02000214454FA85F5D2B24FF00D
:105D70007D0C81F838C085F8380084F86220002B4B
:105D800094D11946ADF8043019E0002500E060B167
:105D900005F13801521B534638462144B04794F868
:105DA000622005449542F2D366D0002003B0BDE8DE
:105DB000F08F5FFA88F194F86220ADF804804FF01C
:105DC00000094FF07D0BC84613E0292A24D8A318F8
:105DD000013283F8381084F8622009F10109B9F121
:105DE000020F2DD009F1080394F862206B4413F8D8
:105DF000041CA1F17D03012BE7D8531CDBB2292B36
:105E00000AD8A31881F02001023283F8391083F8F0
:105E100038B084F86220E0E7002501E00028C4D013
:105E200005F13801521B534638462144B04794F8D7
:105E3000622005449542F1D3B7D184F86280D1E75E
:105E400094F862209AB1002501E00028ADD005F158
:105E50003801521B534638462144B04794F862201B
:105E600005449542F1D3A0D1002384F862300C9B05
:105E700098B203B0BDE8F08F4FF0000384F86230B1
:105E80002AE77D2182F0200284F83910A0F17D01FB
:105E900084F83A200322012984F8622003D80521DE
:105EA0004FF0040C37E70C9B042184F83B00DDB273
:105EB00084F86210A5F17D02012A3FF6E1AE3CE7CD
:105EC00070D901082DE9F04F044685B09246894605
:105ED0001D460F9E00F0A6FC94F82C2094F82D701F
:105EE0008046BA425FD017D8013FBA1A0027D2B213
:105EF000B2421AD8D319B34252D8D2B9002600F010
:105F000091FC2B68A0EB08001B1A304623EAE373D0
:105F10002B6005B0BDE8F08F002F60D0C2F12A02DF
:105F2000013FD2B2FFB2B242E4D9F2B20027002A56
:105F3000E4D00E9B50460392009394F82C102B68EB
:105F40000231DFF8A4B02144C84794F82C3006464B
:105F500003445908ABFB01212A22890802FB1131B5
:105F600084F82C100028C9D0039A9042C7D1002F82
:105F7000C5D00E9B02313A4650462144009300237F
:105F8000C84794F82C20064413185A08ABFB021B90
:105F90002A224FEA9B0B02FB1B3384F82C30AEE71E
:105FA000B61AF7B2A9E70023282EA385BDD90E9B08
:105FB0002922A11C504600932B68C84794F82C3026
:105FC00006462A21034408485A08A0FB0202920808
:105FD00001FB123384F82C30002E8FD08FE7C2F1F2
:105FE0002902D2B284E700BF310CC3302DE9F04F53
:105FF0001E4690F82C5090F82D3083B00446884609
:106000009D42914600F08C812378C34DC34F072BEE
:10601000FDD8DFE813F01C01FB00D900BA008F00A7
:1060200051003200080094F82C1094F82D30994259
:1060300000F04D81E21892787D2A00F0B88101339A
:106040002A217E2A4FEA5300A5FB00C04FEA9000A8
:1060500001FB103384F82D3000F05782A38E00200E
:10606000E18E03EB022320709BB29942A38600F0DD
:106070007881002003B0BDE8F08F94F82C0094F8EC
:106080002D30984200F03281E21891787D2900F09D
:10609000708101332A207E294FEA5302A5FB02C2F8
:1060A0004FEA920200FB123384F82D3000F01D827B
:1060B0000723A1862370AAE7638EB4F830E09E45DB
:1060C00027D832E0A5FB01B19CF802C04FF02A0BA3
:1060D0008908BCF17D0F0BFB110100F0D480BCF1ED
:1060E0007E0F84F82D1000F0CB8006F803C0E08E00
:1060F000638E80EA0C01B4F830E00133C9B29BB280
:1061000037F811207345638682EA1022E28680F018
:106110001D8194F82D2094F82CA0501C04EB020C47
:1061200092454FEA5001CDD19E4540F0148106239F
:1061300023706CE794F82C0094F82D30984200F00E
:10614000C680E21891787D2900F0938101332A20DE
:106150007E294FEA5302A5FB02C24FEA920200FBDE
:10616000123384F82D3000F0D081238E002003EB11
:1061700001230C9960869BB2E0868B42238640F215
:10618000E280207003B0BDE8F08F94F82C0094F802
:106190002D30984200F0AA80E21891787D2900F015
:1061A000868101332A207E294FEA5302A5FB02C2D1
:1061B0004FEA920200FB123384F82D3000F09581F3
:1061C00004232186237022E794F82C0094F82D20D4
:1061D000904200F0B480A31899787D2900F00781DF
:1061E00001322A237E294FEA5200A5FB00C04FEA64
:1061F000900003FB102284F82D2000F08A81637840
:106200008B420CBF03230023237000E7002394F884
:106210002C1084F82E3094F82D3099426AD0E21870
:1062200090787D2800F0008101332A217E2884F8AF
:106230002E004FEA5302A5FB02C24FEA920201FB75
:10624000123384F82D3055D002232370DFE694F802
:106250002CC04FF02A0E94F82D305A1C9C4504EBAC
:1062600003014FEA52033FF404AFA5FB030389780F
:106270009B087E290EFB1323DBB284F82D30ECD172
:1062800001232370C3E6501C4FF02A0B0232410851
:10629000A5FB01C189080BFB11016018C9B28A4531
:1062A0003FF442AF51088078A5FB01A17E2880F021
:1062B000200C4FEA91010BFB112284F82D207FF472
:1062C00014AF9E453FF433AF012323709FE60F9B2D
:1062D0000093012301934A460E9B41462046FFF757
:1062E000F1FD00283FF4C5AE237890E60F9B0093A4
:1062F0000223EFE70F9B4A464146204600930423C2
:1063000001930E9BFFF7DEFD0028EDD194F82E30AF
:106310007E2BE9D0ADE600BF310CC33070D9010847
:106320000F9B0093052301930E9BFFF7CBFD94F881
:106330002D2094F82C309A423FF49BAE64E60F9BDC
:1063400000930323C6E70523237060E63FF4EFAE16
:10635000BCF17E0F94D0AEEB03030F9A0233009290
:10636000B8E794F82E300D9A1370208E03B0BDE874
:10637000F08F591C4FF02A0C4A08A5FB02E2920844
:106380000CFB1212D1B28842B0D002332244917871
:106390005A08A5FB02027E294FEA92020CFB123337
:1063A00084F82D3000F0A18081F0200180E603F117
:1063B000010C2A204FEA5C02A5FB02E2920800FBD6
:1063C00012C25FFA82FC614581D00233224459082F
:1063D0009278A5FB01C17E2A4FEA910100FB11339F
:1063E00084F82D3000F0918082F0200236E6511CB6
:1063F0004FF02A0C4B08A5FB03E39B080CFB13137F
:10640000D9B288429BD00232234450089B78A5FB26
:1064100000107E2B4FEA90000CFB102284F82D20F8
:1064200077D083F02001EAE603F1010C2A204FEA3D
:106430005C02A5FB02E2920800FB12C25FFA82FC3A
:1064400061453FF457AF0233224491785A08A5FBC7
:1064500002C27E2984F82E104FEA920200FB12330A
:1064600084F82D303FF446AF81F0200184F82E10DF
:10647000EAE6591C4FF02A0C4A08A5FB02E29208F2
:106480000CFB1212D1B288423FF421AF02332244F6
:1064900091785A08A5FB02027E294FEA92020CFB72
:1064A000123384F82D3030D081F020015DE6591C84
:1064B0004FF02A0C4A08A5FB02E292080CFB1212CC
:1064C000D1B288423FF412AF0233224491785A0885
:1064D000A5FB02027E294FEA92020CFB123384F8DC
:1064E0002D3002D081F020016AE60F9B0093022339
:1064F00001934A460E9B41462046FFF7E3FC0028E5
:106500007FF4F2AE0123237081E50F9B00930123FA
:10651000EEE70F9B00930323EAE700BF01298446BF
:1065200000B583B01FD002294FF0000E20D0002309
:1065300000206EF307036CF30F2361F3174362F33C
:106540001F635FFA83FCC3F30721C3F307421B0EEB
:106550006CF3070061F30F2062F3174063F31F60D1
:1065600003B05DF804FB00F1010E5FFA8EFEDEE77A
:1065700080F0800EDBE700BF82B030B1030621D48B
:10658000421E4FF0010CD2B201E0844602460023C5
:1065900060F30703002062F30F236CF3174361F3EA
:1065A0001F635FFA83FCC3F30721C3F307421B0E8B
:1065B0006CF3070061F30F2062F3174063F31F6071
:1065C00002B0704780F080024FF0020CDFE700BF9E
:1065D0000023037480F8403080F8443080F8603045
:1065E000704700BF70B5037C04464BB106460025DA
:1065F0003046013503F012F9237C1036AB42F7D850
:1066000094F844305BB104F1420600253046013570
:1066100002F00AFF94F844300236AB42F6D894F800
:1066200040305BB104F1180600253046013503F017
:10663000A3F994F840302836AB42F6D894F860308D
:106640005BB104F1480600253046013502F058FFE1
:1066500094F860301836AB42F6D870BD10B5047CA3
:1066600082B004F1010C80F810C000EB041003F0BC
:10667000CBF801222046114602B0BDE81040FFF7DA
:106680004DBF00BF10B584B0844628209DF8184047
:1066900000949CF8404000FB04C004F1010E183047
:1066A0008CF840E003F030F901220221204604B0CA
:1066B000BDE81040FFF732BF10B590F8444082B0FB
:1066C000621C04F1210380F8442000EB430002F037
:1066D000A7FE00220121204602B0BDE81040FFF7CE
:1066E0001DBF00BF10B584B084461820069C0094DE
:1066F0009CF8604000FB04C004F1010E48308CF8A7
:1067000060E002F0D7FE00220221204604B0BDE87E
:106710001040FFF703BF00BF037C8B428CBF00EB30
:1067200001100020704700BF90F840308B4204D920
:10673000282303FB0100183070470020704700BF7A
:1067400090F844308B4203D9213100EB410070476F
:106750000020704790F860308B4204D9182303FB67
:106760000100483070470020704700BF90F840306B
:1067700083B170B5064600F11805002400E040B171
:106780002846013403F06CFB96F840302835A342CC
:10679000F5D870BD01207047F8B50E4604210446B7
:1067A00015461F46FDF710FE01233146204647EAF5
:1067B000030223752B4600F029FA2046FDF71AFE46
:1067C000A84234BF00200120F8BD00BF2DE9F041F0
:1067D00004460D46042116469846FDF7F5FD204671
:1067E000FDF708FE03288CBF0127002702D8384692
:1067F000BDE8F081334642462046294600F01AFAA9
:1068000098F80030384603F0010203F0FE0388F8E0
:1068100000302275BDE8F08110F0030018BFC0F110
:106820000400704710B584B001206946F4F7D4F82D
:1068300008499DE81500A0FB0103001901FB023186
:10684000054A4FF0000341EBE471E9F7B1FD04B0F4
:1068500010BD00BF00CA9A3B40420F0010B584B083
:1068600001206946F4F7B8F8064A00980299A0FB9F
:106870000203019C401802FB043343EBE17104B0B6
:1068800010BD00BF00CA9A3B2DE9F0410C468AB00A
:10689000064691F8C11004F10800FFF745FF0546D0
:1068A00003F0E8FA68B92046D4E92E31984718B9C0
:1068B00001200AB0BDE8F081284603F0DBFA002889
:1068C000F6D029894FF6FC72EB89287B6F68121A83
:1068D000B3FBF1F0B7FBF1F701FB1031D4F8C43092
:1068E00089B207FB01F1043F3A4404311FFA82F8F0
:1068F0003A46A3EB0803C4F8C4302B6819440023BC
:1069000051F8040C009002A8FDF730FDD4F8C42023
:1069100002F10803BB4227D9424600230D2102A8F9
:10692000FFF73AFF2989EB896A68B3FBF1F0B2FB04
:10693000F1F201FB10339BB202FB03F32A68D7503C
:106940000121E88903F0B8FA0499039AE8813046F6
:10695000521AFDF71DFD304622460F49FDF7ECFCAB
:1069600000200AB0BDE8F08192B202230D2102A8F6
:10697000FFF712FF2889EB896968D4F8C420B3FBBC
:10698000F0F7B1FBF0F100FB173308329BB201FBCB
:1069900003F32968CA50D3E789680108F0B587B0C6
:1069A000072700251C460646CDE902210C9ACDE9B1
:1069B00000750432FEF7C8FF80F00102D2B2A27562
:1069C00012B1284607B0F0BD05AA02993046FFF77C
:1069D000F7F805A90546204600F09CFFA669E7697F
:1069E0002046D4E90121521AFDF7D2FC20463A464E
:1069F0003146FDF7A1FC284607B0F0BD2DE9F04F68
:106A000091B0054608301E460591C1F30721049256
:106A1000FFF78AFE9DF81630012B00F093800446A4
:106A2000002800F08F8003F025FA002800F0858010
:106A30002389E7896268B7FBF3F9B2FBF3F203FB42
:106A400019792368A2F1040B03921FFA89F902FB5A
:106A500009F909F104099944237B59F8048C434549
:106A60007CD3ABF1040A5A46494608A8AAEB030AAC
:106A70001A9BCDF8008008331FFA8AFA029300238C
:106A8000FDF774FC029B52460D215B4534BF022387
:106A9000002308A8FFF780FE218963683846B7FB0A
:106AA000F1F2B3FBF1F301FB1272012192B202FB8E
:106AB00003F3226842F803B003F0FEF9039B08F1E8
:106AC00004010746A3F1080230464944A2EB08023C
:106AD000FDF75EFC1A9B0721E7811A1D0023304653
:106AE000B2F5803F28BF1A4692B2FFF755FE07AABB
:106AF00004992846FFF764F8044620B307A93046F6
:106B000000F008FF3046D6E90121521AFDF740FC9B
:106B1000059B029A3046C5F8C0301B9BC5F8C420BF
:106B20002A46C5F8B8301C9B1849C5F8BC30FDF79B
:106B300003FC204611B0BDE8F08F1C9928461B9B32
:106B4000984720B90024204611B0BDE8F08F2046B8
:106B500003F090F900287FF46BAFF3E7384601218A
:106B600003F0AAF9228963680746B3FBF2F9B0FB88
:106B7000F2F302FB13039BB203FB09F9236809F14B
:106B800004099944237B59F8048C6AE78968010851
:106B9000F0B5164683B004460D460193089FFCF7F6
:106BA0004BFC31462046FCF747FC019A0121204668
:106BB000FCF7EEFC2B0601D503B0F0BD04223946EC
:106BC000204603B0BDE8F04002F0EEBAF0B516463C
:106BD00083B004460D460193089FFCF743FC314601
:106BE0002046FCF73FFC019A01212046FCF7C4FD3A
:106BF00095F90030002B01DA03B0F0BD04223946CC
:106C0000204603B0BDE8F04002F032BB30B5154677
:106C100083B004460193FCF70FFC29462046FCF79D
:106C20000BFC019A0121204603B0BDE83040FCF77F
:106C3000AFBC00BF30B5154683B004460193FCF7E6
:106C400011FC29462046FCF70DFC019A0121204643
:106C500003B0BDE83040FCF78FBD00BF2DE9F8431D
:106C600004220E46054602F09FFA07460222311D15
:106C7000284602F099FA38400222B11DC7B22846D0
:106C800002F092FA0422074006F10801284602F0B9
:106C90008BFA0740317B2846FCF7CEFB717B07401F
:106CA0002846FCF79BFB737B07EA00083BB9B18BD6
:106CB0002846FCF7EDFB08EA0000BDE8F8833169DF
:106CC0002846FCF7CFFD3369E3B1C0B137464FF03A
:106CD000000900E09CB17969284602F089FBB96996
:106CE0000446284602F084FB09F101093369044097
:106CF00008379945E4B2EDD308EA0408D7E74FF026
:106D00000008D4E708EA0008D1E700BF2DE9F843FE
:106D100004220C46054602F0ABFA07460222211D6A
:106D2000284602F0A5FA38400222A11DC6B2284624
:106D300002F09EFA0422064004F10801284602F0FF
:106D400097FA064004F10C012846FCF78BFB04F18E
:106D50000D0106EA00072846FCF756FB637B074057
:106D60003BB904F11C012846FCF792FC3840BDE811
:106D7000F88304F110012846FCF7A4FE2369012BD7
:106D800003D901230027AB75EBE70BB3F0B1A046A5
:106D90004FF0000900E0CEB1D8F8141008F108084F
:106DA0004FF40072284602F033FBD8F81010064664
:106DB0004FF40072284609F1010902F029FB23690A
:106DC00006409945F6B2E6D33740CAE70027C8E740
:106DD0000740C6E72DE9F84304220F46054602F0B6
:106DE000E3F904460222391D284602F0DDF920406D
:106DF0000222B91DC4B2284602F0D6F9397A0440FD
:106E00002846FCF7EBFA3B7A00EA040813B940463F
:106E1000BDE8F883F9682846FCF724FDFB6803B356
:106E2000D0B13E464FF0000900E0ACB131692846D0
:106E300002F0DEFA71690446284602F0D9FA09F137
:106E40000109FB68044008369945E4B2EDD308EA2D
:106E500004084046BDE8F8834FF000084046BDE80E
:106E6000F88308EA0008D2E770B50D4609780646AF
:106E7000FCF7E2FA044630B12B78022B0CD0032B3E
:106E800010D0012B08D0022205F50271304602F025
:106E90008BF92040C0B270BD6968304602F0A8FA94
:106EA0000446F0E72946304651F8042F043102F039
:106EB00073FA0446E7E700BF70B50B780C46054649
:106EC000013B0D2B54D8DFE803F030071B1B0707ED
:106ED0000707530C0C0C4E490431BDE87040FFF716
:106EE000C3BF0979FCF7A8FAE8B12379012B01D0D7
:106EF000022B3DD1A1682846BDE8704002F078BA67
:106F00000979FCF799FA064620B12379022B39D08A
:106F1000032B2FD0022204F50371284602F044F916
:106F20003040C0B270BD002070BD0979FCF784FA12
:106F3000064658B12379022B03D0032B28D0012B0E
:106F400004D1A168284602F053FA0646B4F90C129F
:106F50002846FCF7ADFF3040C0B270BD0431BDE83B
:106F60007040FFF77BBE0431BDE87040FFF732BFD1
:106F7000012070BDA26804F10C01284602F00CFA51
:106F80000646C7E7A168284602F032FA0646C1E77E
:106F9000A26804F10C01284602F0FEF90646D5E786
:106FA00070B506460D46FCF75DFA044630B12B7805
:106FB000022B0CD0032B12D0012B08D0022205F596
:106FC0000271304602F054F92040C0B270BD4FF457
:106FD00000726968304602F01BFA0446EEE72B1D8A
:106FE0004FF4007205F10801304602F0E7F904465B
:106FF000E4E700BF70B50D4609780646FCF7EEF9E8
:107000002B7804464BB9297A3046FCF7E7F92B7AFE
:107010000440E4B243B9204670BD6968304602F0CE
:10702000E7F90440E4B2EEE7E968304602F0E0F93F
:107030000440204670BD00BF70B50D460646096885
:1070400002F0D6F9044629793046FCF7C7F92B79C6
:107050000440E4B243B9297B3046FCF7BFF92B7BEF
:1070600004403BB9204670BDA968304602F0C0F923
:107070000440F0E72969304602F0BAF90440E4B26E
:10708000204670BD2DE9F0410C4609780646FCF714
:10709000A5F9237805466BB994F828103046FCF71B
:1070A0009DF994F828300540EDB2002B69D12846AF
:1070B000BDE8F08161683046FCF7D4FB6368002BC3
:1070C0006BD0002867D0A168304602F091F9636860
:1070D000012B53D900285ED0E168304602F088F9D0
:1070E0006368022B4AD9002855D02169304602F046
:1070F0007FF96368032B41D900284CD06169304681
:1071000002F076F96368042B38D9002843D0A169CE
:10711000304602F06DF96368052B2FD900283AD06C
:10712000E169304602F064F96368062B26D990B312
:10713000216A304602F05CF96368072B1ED950B310
:10714000616A304602F054F96368082B16D910B30F
:10715000A16A304602F04CF96368092B0ED9D0B110
:1071600004F12C08092700E0A8B158F8041B3046A8
:1071700002F03EF9013762689742F5D30540EDB25F
:107180008AE7E26A04F13001304602F005F9054071
:107190002846BDE8F08100257EE72840C5B27BE7A0
:1071A00070B50D4609780646FCF718F92B780446A9
:1071B0004BB9297A3046FCF711F92B7A0440E4B236
:1071C00043B9204670BD6968304602F011F90440A9
:1071D000E4B2EEE705F10C013046FFF753FF04403F
:1071E000204670BD2DE96843884681460988FCF732
:1071F0004FF9064698F802104846FCF7EFF898F861
:1072000002300640F5B2EBB998F806104846FCF794
:10721000E5F898F8063005407BBB98F80C10484616
:10722000FCF7DCF898F80C300540F3B998F8141026
:107230004846FCF7D3F898F8143005404BB9284677
:10724000BDE86883B8F804104846FCF721F905400A
:10725000DAE7D8F8182008F11C01484602F09CF83B
:107260002840C5B22846BDE86883D8F810104846C3
:10727000FCF7F8FA2840C5B2D8E7D8F80810484615
:10728000FCF7F0FA2840C5B2C7E700BFF8B5022204
:107290000D46064601F088FF0446A9783046FCF703
:1072A0009DF8AB780440E4B20BB92046F8BD05F177
:1072B00008013046FFF796FF074695F82C10304638
:1072C000FCF78CF895F82C303840C7B213B93C4025
:1072D0002046F8BDD5E90C233046FCF719FD0740E0
:1072E000F5E700BF70B505460E46FCF7BBF868B180
:1072F00033780446013B0D2B09D8DFE803F0410A3F
:1073000023230A0A0A0A081010105C56002420469B
:1073100070BD311D2846BDE87040FFF741BE311DEC
:107320002846FCF79FF80028F0D03379012B01D0D4
:10733000022BECD1B16828464FF40072BDE87040D2
:1073400002F066B8311D2846FCF78CF8044670B18F
:107350003379022B4CD0032B09D106F108034FF4EB
:10736000007206F10C01284602F028F804460222B9
:1073700006F50371284601F07BFF2040C4B2C6E742
:10738000311D2846FCF76EF8044630B13379022BE4
:1073900036D0032B3CD0012B32D006F503712846A2
:1073A000FCF706FE2040C4B2B1E7311D2846BDE817
:1073B0007040FFF7ABBC04222846B11801F058FF1B
:1073C0000446022206F10801284601F051FF04405C
:1073D000022206F10A012846E4B201F049FF034601
:1073E00006F10C0128461C40FCF70EF804408EE71D
:1073F0004FF40072B168284602F00AF80446B6E776
:107400004FF40072B168284602F002F80446C4E75F
:1074100006F108034FF4007206F10C01284601F052
:10742000CDFF0446B9E700BF70B5022205460E46FF
:1074300001F01EFF022204462846B11801F018FF91
:107440002040C0B270BD00BF2DE9F0470E4609785C
:107450008046FBF7F1FF074638B13378062B00F082
:1074600081800D2B14D0052B02D03846BDE8F08763
:10747000B6F908104046FCF71BFD07464046D6E922
:107480000423FCF745FC3840C7B23846BDE8F08716
:10749000B6F908104046FCF70BFDF1680746404678
:1074A000FCF7E0F9F368002BEDD018B306F10C09F6
:1074B000002404EB440506EBC505297C4046FBF798
:1074C000BBFF4FEA440A04EB4401002851D02B7C57
:1074D000C900032B54D8DFE803F033210F024944DD
:1074E0004046896801F084FF0134F268944244D236
:1074F0000028DED10027B8E70831A2441022404618
:10750000494406EBCA0A01F04FFE0546DAF824109A
:107510004046FCF7A7F92840C0B2E5E70831A2448D
:1075200004224046494406EBCA0A01F03DFE0546E6
:10753000BAF818104046FBF7ABFF2840C0B2D3E7BB
:107540000831A24402224046494406EBCA0A01F02F
:107550002BFE05469AF816104046FBF76DFF2840B3
:10756000C0B2C1E7B6F908104046BDE8F047FCF7E5
:107570009FBC0134F268A242BCD80740FFB274E756
:107580000134F36818359C4297D36EE72DE9F0413A
:10759000022206460F4601F06BFE022205463046E7
:1075A000B91801F065FE8046391D3046FBF75AFFD9
:1075B00005EA08050446791D30462C40FBF752FFCA
:1075C0002040C0B2BDE8F081F8B50E460746097804
:1075D000FBF732FF044671783846FBF72DFF044075
:1075E000B1783846FBF7FAFEB378E4B2044043B909
:1075F000317A3846FBF7F2FE337A04403BB9204635
:10760000F8BD7168384601F0F3FE0440F0E7718977
:107610003846FBF73DFF0546B1893846FBF738FF92
:107620000540F1893846EDB2FBF732FF318A25403B
:10763000044638462540FBF72BFF00EA05042046A8
:10764000F8BD00BFFFF70ABBF8B5022207460E4699
:1076500001F0AAFD022205463846B11801F0A4FD4A
:10766000317904463846FBF7E7FE70B133792C4098
:10767000013BE4B20D2B09D8DFE803F04C0A2323C9
:107680000A0A0A0A08121212453E00242046F8BDD2
:1076900006F108013846FFF7E7FB04402046F8BD35
:1076A000317A3846FBF7C8FE0028EED0337A012B3A
:1076B00001D0022BEAD1F168384601F099FE04406E
:1076C000E4E7317A3846FBF7B7FE054658B1337A1E
:1076D000022B34D0032B06D1F26806F11001384694
:1076E00001F05AFE0546022206F50471384601F003
:1076F0005BFD28400440C9E706F108013846FFF762
:10770000ADFA0440C2E706F108013846FFF762FB14
:107710000440BBE7317A3846FBF78EFE054630B1B0
:10772000337A022B11D0032B15D0012B0DD0B6F9D3
:1077300010123846FCF7BCFB28400440A6E7F1686D
:10774000384601F055FE0546CDE7F168384601F0B0
:107750004FFE0546EBE7F26806F11001384601F0EE
:107760001BFE0546E3E700BF70B5022205460E4644
:1077700001F07EFD022204462846B11801F078FD92
:107780000346311D28461C40FCF79CF9E4B220401A
:1077900070BD00BF70B5022205460E4601F004FD23
:1077A000022204462846B11801F0FEFC2040C0B277
:1077B00070BD00BF2DE9F8430E460546FBF752FEAB
:1077C0000446711C2846FBF74DFE042281462846DC
:1077D000B11801F04DFD06F108018046022228464D
:1077E00001F046FD04EA090307460222DBB206F176
:1077F0000A01284603EA080401F03AFD0346284638
:107800003C4006F10C011D46FBF7FEFD25402840DB
:10781000BDE8F8832DE9F041022206460F4601F04B
:1078200027FD022205463046B91801F021FD8046A9
:10783000391D3046FBF716FE05EA08050446791D9A
:1078400030462C40FBF70EFE2040C0B2BDE8F08170
:107850002DE9F04102220C46054601F0A5FC02226A
:1078600080462846A11801F09FFC0746217928464A
:10787000FBF7E2FD08EA070806466179284606EAB2
:107880000806FBF7D9FD217A3040C7B22846FBF73E
:10789000A5FD237A06466BB994F81C122846FBF71F
:1078A0009DFD94F81C323040C6B283B906EA070049
:1078B000BDE8F081217B2846FBF7BEFD88B104F1CD
:1078C0000C012846FFF7F8FA3040C6B2E4E704F5A9
:1078D00008712846FFF7B8FD064006EA0700BDE834
:1078E000F0810646D8E700BF70B5022205460E4675
:1078F00001F05AFC022204462846B11801F054FC5B
:107900000346311D28461C40FFF75EFEE4B22040CE
:1079100070BD00BF70B5022205460E4601F044FC62
:10792000022204462846B11801F03EFC2040C0B2B5
:1079300070BD00BF70B50C4605460E4634F8021BFC
:10794000FBF7A6FD022221460446284601F02CFC46
:107950000346317928461C40FBF76EFDE4B2204017
:1079600070BD00BF70B50E460546FBF791FE0222C2
:1079700004462846B11801F07BFC0346311D284619
:107980001C40FBF76FFDE4B2204070BD70B50D46A2
:1079900006460988FBF77CFD698804463046FBF7FC
:1079A00077FD0346297930461C40FBF745FDE4B2DC
:1079B000204070BD70B50E460546FBF769FE0446D3
:1079C000B11C2846FBF764FE0346311D28461C40C7
:1079D000FBF748FDE4B2204070BD00BF2DE9F04147
:1079E0000E460546FCF7F0FB0746311D2846FCF71E
:1079F00069F8804606F108012846FCF7E5FB07EA2E
:107A00000807044606F10C0128463C40FCF75AF8EA
:107A100006F1100104402846FCF7D6FB0346E4B209
:107A200028461D4606F11401FCF74CF82C40204076
:107A3000BDE8F0812DE9F04104460D460C2201F02D
:107A4000B3FB032205F10C010746204601F0ACFB15
:107A5000E97B80462046FBF7EFFC29690646204675
:107A6000FCF71AFB07EA0807034620463E4069690F
:107A70001C46FBF7F7FE34402040C0B2BDE8F08161
:107A80002DE9F04104460D460C2201F0F1FB0322E2
:107A900005F10C010746204601F0EAFB05F10F0154
:107AA00080462046FBF7DEFC05F110010646204625
:107AB000FCF78AFB07EA0807034620463E4005F12B
:107AC00014011C46FBF7FEFF34402040C0B2BDE865
:107AD000F08100BF002839D070B50446006880B33B
:107AE0000E461546F6F728FE30B320680430F6F748
:107AF00023FE08B320680830F6F71EFEE0B12068C8
:107B00000C30F7F7CBFEB8B120681030F7F7C6FE9F
:107B100090B1CDB1C6B12A4631462068F6F7C4FD12
:107B200048B10A2807D040F2F51240F637039042D8
:107B30000CBF1846012070BDF9F7F6F940F6360083
:107B400070BD40F6360070BD0B2070BD40F63600AB
:107B5000704700BF90B370B50446006848B30E4646
:107B60001546F6F7E9FDF8B120680430F6F7E4FDB4
:107B7000D0B120680830F6F7DFFDA8B120680C30DE
:107B8000F7F78CFE80B120681030F7F787FE58B108
:107B900095B18EB120682A4631460830F6F74CFD83
:107BA000003818BF012070BDF9F7BEF940F6360065
:107BB00070BD40F6360070BD0B2070BD40F636003B
:107BC000704700BF00283AD070B50446006888B3FB
:107BD0000E461546F6F7B0FD38B320680430F6F7C8
:107BE000ABFD10B320680830F6F7A6FDE8B12068B9
:107BF0000C30F7F753FEC0B120681030F7F74EFE97
:107C000098B1D5B1CEB120682A4631460830F6F792
:107C10004BFD48B10A2807D040F2F51240F6370371
:107C200090420CBF1846012070BDF9F77DF940F66F
:107C3000360070BD40F6360070BD0B2070BD40F6BA
:107C40003600704700283AD070B50446006888B303
:107C50000E461546F6F770FD38B320680430F6F787
:107C60006BFD10B320680830F6F766FDE8B12068B8
:107C70000C30F7F713FEC0B120681030F7F70EFE96
:107C800098B1D5B1CEB120682A4631460430F6F716
:107C90000BFD48B10A2807D040F2F51240F6370331
:107CA00090420CBF1846012070BDF9F73DF940F62F
:107CB000360070BD40F6360070BD0B2070BD40F63A
:107CC00036007047002838D030B50446006891B0BF
:107CD00078B30D46F6F730FD28B320680430F6F788
:107CE0002BFD00B320680830F6F726FDD8B12068D8
:107CF0000C30F7F7D3FDB0B120681030F7F7CEFDA8
:107D000088B1EDB1206800236A4629460C30F7F7A8
:107D100069FD60B140F29113984214D00A2818BF4F
:107D2000012011B030BDF9F7FFF840F6360011B070
:107D300030BD40F6360011B030BD40F63600704719
:107D40000B2011B030BD40F63700F0E7002848D0D6
:107D5000F8B50C4600293CD005460868002838D004
:107D600017461E46F6F7E8FCB0B320680430F6F775
:107D7000E3FC88B320680830F6F7DEFC60B32068C7
:107D80000C30F7F78BFD38B320681030F7F786FD1D
:107D900010B32168284601F5E272F8F7D7FDB8B9AB
:107DA0002168284601F5E4720431F8F7CFFD78B96F
:107DB0002168284601F5E6720831F8F7C7FD38B9A1
:107DC0002168284601F5E8720C31F8F76FFA58B1CE
:107DD000F8BD40F63600F8BDF9F7A6F840F63600D3
:107DE000F8BD4FF4617070472168284601F5EA72CA
:107DF0001031F8F75BFA0028EAD11FB12368D3F8F5
:107E0000C4313B60002EE3D02368D3F8D031336017
:107E1000F8BD00BF002850D02DE9F8430C460029DA
:107E20003ED00546086800283AD016461F46F6F7A9
:107E300083FC002838D020680430F6F77DFC002849
:107E400032D020680830F6F777FC68B320680C3031
:107E5000F7F724FD40B320681030F7F71FFD18B383
:107E6000DDE90932002A18BF002B089B0CBF012155
:107E70000021002B08BF41F00101002F08BF41F095
:107E80000101B9B9B6B123686C68D3E974218A429B
:107E9000104638BF0846844212D80120BDE8F88356
:107EA00040F63600BDE8F883F9F73EF840F63600B4
:107EB000BDE8F8830B20BDE8F8834FF4617070478C
:107EC000D3E9718ED3F8CCC1F0454046EC6938BF98
:107ED0007046604538BF60468442DED9D5F81890B8
:107EE0002D6859F8280055F8214055F82250181AE5
:107EF00059F82C2003F10C0C59F82E10B0FA80F030
:107F0000A5EB0C054009B5FA85F56D09357003F14F
:107F10001005641B089DB4FA84F464093C701C1DB0
:107F200008332870091B0020D31A099AB1FA81F18D
:107F3000B3FA83F349095B0911700A9A1370B1E728
:107F4000002839D070B50446006880B30E46154647
:107F5000F7F73EFC30B320680430F7F739FC08B37C
:107F600020680830F7F734FCE0B120680C30F7F7F0
:107F7000B1FAB8B120681030F7F7ACFA90B1CDB1D2
:107F8000C6B12A4631462068F7F7CAFB48B10A282D
:107F900007D040F2592240F6990390420CBF184690
:107FA000012070BDF8F7C0FF40F6980070BD40F6A4
:107FB000980070BD0B2070BD40F69800704700BF60
:107FC00090B370B50446006848B30E461546F7F7FF
:107FD000FFFBF8B120680430F7F7FAFBD0B1206856
:107FE0000830F7F7F5FBA8B120680C30F7F772FA04
:107FF00080B120681030F7F76DFA58B195B18EB1A5
:108000002A4631462068F7F7CBFB10B1022818BF8B
:10801000012070BDF8F788FF40F6980070BD40F66B
:10802000980070BD0B2070BD40F69800704700BFEF
:1080300000283AD070B50446006888B30E4615464D
:10804000F7F7C6FB38B320680430F7F7C1FB10B36D
:1080500020680830F7F7BCFBE8B120680C30F7F770
:1080600039FAC0B120681030F7F734FA98B1D5B1B9
:10807000CEB120682A4631460830F7F751FB48B1A7
:108080000A2807D040F2592240F6990390420CBFCB
:108090001846012070BDF8F747FF40F6980070BD04
:1080A00040F6980070BD0B2070BD40F698007047F8
:1080B00000283AD070B50446006888B30E461546CD
:1080C000F7F786FB38B320680430F7F781FB10B36D
:1080D00020680830F7F77CFBE8B120680C30F7F730
:1080E000F9F9C0B120681030F7F7F4F998B1D5B1BB
:1080F000CEB120682A4631460430F7F711FB48B16B
:108100000A2807D040F2592240F6990390420CBF4A
:108110001846012070BDF8F707FF40F6980070BDC3
:1081200040F6980070BD0B2070BD40F69800704777
:1081300098B370B50446006850B30E461546F7F77D
:1081400047FB00B320680430F7F742FBD8B1206842
:108150000830F7F73DFBB0B120680C30F7F7BAF9FB
:1081600088B120681030F7F7B5F960B19DB196B1CC
:1081700020682A4631460430F7F712FB10B1022876
:1081800018BF012070BDF8F7CFFE40F6980070BD13
:1081900040F6980070BD0B2070BD40F69800704707
:1081A00000284DD070B50C4659B10546086840B15D
:1081B0001646F7F70DFB20B120680430F7F708FBEF
:1081C00010B940F6980070BD20680830F7F700FB42
:1081D0000028F6D020680C30F7F794F90028F0D08A
:1081E00020681030F7F78EF90028EAD02168284679
:1081F00001F5EE72F8F7D6FB0028E4D12168284695
:1082000001F5F0720431F8F7CDFB0028DBD12168CD
:10821000284601F5F2720831F8F7C4FB0028D2D1E4
:108220002168284601F5F4721431F8F75FFB002845
:10823000C9D1002EC7D02368D3F8DC31336070BDBC
:108240004FF46170704700BF002867D02DE9F041FE
:108250000C4661B10546086848B116469846F7F7DE
:10826000B7FA20B120680430F7F7B2FA18B940F62F
:108270009800BDE8F08120680830F7F7A9FA0028D7
:10828000F5D020680C30F7F73DF90028EFD02068D2
:108290001030F7F737F90028E9D0DDE90623002A86
:1082A00018BF002B0CBF01210021B8F1000F08BF3F
:1082B00041F00101A9BBA6B3216800202C69D1F8C7
:1082C000E8212F6A54F82220D1F8DC41D1F8E031BE
:1082D00057F8244057F82350641AD1F8E431B4FA1F
:1082E00084F457F82330640934700C1D2C1BB4FA45
:1082F00084F4640988F8004001F108041B1B069C03
:10830000B3FA83F35B09237001F11403D31A079ABC
:10831000B3FA83F35B091370BDE8F0814FF4617029
:1083200070470B20BDE8F0810220704703207047A2
:10833000042070470620704705207047C2B2062A05
:1083400010D804290ED800EB800210B45318064C44
:1083500054F8233013B15DF8044B184700205DF842
:10836000044B70470020704770DB010810B5074CC4
:10837000864684460FCCACE80F000FCCACE80F006B
:1083800023687046CCF8003010BD00BFFCDB01084C
:10839000D0B18446D0F8090000B587B0DCF80D10E4
:1083A000DCF81120DCF815300DF1080EAEE80F00F6
:1083B000DCF804000CF1400202A91030FFF7CAFB00
:1083C00020B907B05DF804FB0B2070470190F8F767
:1083D000ABFD019807B05DF804FB00BF60B1836896
:1083E00043B11968002281601A72C1681A629A84C6
:1083F0001960C360184670470346FBE780B179B146
:10840000C36899420DD02BB11A68914203D013462C
:10841000002BF9D170470A681A6083680B6081608D
:1084200070470B68C360F8E738B581B178B1C468AC
:108430000D4614B909E024683CB104F1090010228A
:10844000294602F071FE0028F5D1204638BD0024EF
:10845000204638BD40B1C06810B905E0006818B1C9
:1084600090F908308B42F9D1704700BF40B1C06825
:1084700010B905E0006818B190F90830032BF9DD58
:10848000704700BF70B1C06860B110B401E000680F
:1084900028B1D0E90A41994208BF9442F7D15DF86A
:1084A000044B7047704700BF70B1C06860B110B432
:1084B00001E0006828B1D0E91041994208BF944218
:1084C000F7D15DF8044B7047704700BF70B1C068CA
:1084D00060B110B401E0006828B1D0E916419942BA
:1084E00008BF9442F7D15DF8044B7047704700BF56
:1084F00040B1C06810B905E0006818B190F82030AC
:10850000002BF9D0704700BF40B1C06810B905E03A
:10851000006818B190F82330002BF9D0704700BFE5
:1085200098B100220B4600F1280110B5446886B0CE
:1085300004F110000592CDE9032203AA8DF80C3056
:10854000FFF73EFD18B906B010BD0B207047019033
:10855000F8F7EAFC019806B010BD00BF000000006B
:1085600010B310B590B0044606A8FFF7FFFE002335
:10857000D4F80900EC46D4F80D10D4F811208DF889
:108580001830D4F81530CDF81CD0ACE80F009FEDB2
:10859000087B606806AA04F1580110308DED087B55
:1085A000FFF7C6FD10B010BD0B207047AFF3008081
:1085B000010000000100000082B030B58BB00EACAD
:1085C00084E80C0088B1044601A80D46FFF7CEFEF2
:1085D00001AA0EA904F110008DF80450FFF7A8FDC0
:1085E0000BB0BDE8304002B070470B200BB0BDE8C7
:1085F000304002B0704700BF0B280DDC002809DBBB
:108600000B2807D8DFE800F007060607060606066F
:108610000606070701207047CB2818BF01207047C6
:1086200030B5002383B00093D0B1044669461548A5
:10863000F8F74AFC024610B1012003B030BD009BA0
:108640008BB118780028F8D001A91846019201F0E2
:10865000A3FE054650B1431C0DD000202560ECE779
:108660000B2003B030BD184603B030BD019B1B7812
:10867000002BF2D0E0E702F06FFE0368222BECD172
:10868000DAE700BF20DC01082DE9F04F8DB09846F5
:108690001B9B0792002B18BFB8F1000F0CBF0123E2
:1086A0000023002A08BF43F00103002908BF43F05C
:1086B0000103002B3DD1B0FA80F204465209002894
:1086C00037D00F460BA900F051FA054668BB0B9B4B
:1086D000002B37D102460BA93846FAF7CDFD68BB0F
:1086E0000B9B002B33D12A460BA90798FAF7A6FD5E
:1086F00020BB0B9D002D40F0A2807B21204602F084
:1087000045FD2378814620BB2F2B22D119AB93E85E
:10871000030016AB8DE8030020460ECBF8F76AFD88
:1087200000281B9B08BF0A25186028460DB0BDE82D
:10873000F08F0B2528460DB0BDE8F08FFFF75CFFEA
:108740000546F2E7672528460DB0BDE8F08FC9253C
:10875000EBE77E2B75D0B9F1000F00F0C28000234B
:10876000A2461E46089555460994B2464C46DDF889
:108770001CB0002C00F0AE807D21284602F006FDE2
:10878000A0EB04092146694809F10106324602F0CE
:108790000AFD002851D032462146654802F003FD0B
:1087A00028B132462146634802F0FDFC38BBD94669
:1087B00018AB93E8070016AB8DE80700204631465A
:1087C0000CCBF8F739FD0446002800F0A3804A4698
:1087D000284616AB2146F8F70DFC1A990546179B5B
:1087E000204698475046179B1A999847002D6CD001
:1087F0007B21284602F0CAFCAA460446B9E709F1E3
:10880000FF32611C4046F8F72FFE81460028CFD189
:108810001B9B18AA6925186016AB07CA8DE80700CC
:10882000314620460CCBF8F707FD1A99179B98475D
:10883000179B1A995046984777E7B946B8E7CA2573
:1088400073E7079E3046E7F7ABFD3B4A3B4B039689
:10885000012818BF1346049702931A9B0093631CC8
:1088600005934FF40063019316AB0FCBF8F788FB29
:10887000064650B3B9F1000F05D07B21B24602F095
:1088800085FC81466EE733782F2B1BD0079C204652
:10889000E7F786FD4FF40063294A01931A9B04967B
:1088A0000093284B0394012818BF1346029316AB7C
:1088B0000FCBF8F765FB0346179A30461A991E4608
:1088C000904716B11B9B1E602FE700231B9A0A25B9
:1088D00013602AE753465646DDE90854002BD2D1EF
:1088E00023782F2B1ED0079E3046E7F759FD1A9AA2
:1088F0004FF4006303960494CDE90023104A114B12
:10890000012818BF1346029316AB0FCBF8F738FBBC
:108910000646D6E7DDE91A125046179B14600A2571
:10892000984702E700231E46CCE700BF38DC010869
:1089300040DC010848DC010830DC010828D50108CA
:1089400028D3010820D3010800280CBF0B200020E9
:10895000704700BF034A034692E8030083E8030020
:108960001846704754DC010882B0F0B587B0044661
:108970000D460DF1300E0DF1040CCEE90023BEE8DA
:108980000F00ACE80F00DEF8003001A8CCF8003092
:10899000F8F7E8F954B380F00103DBB233BB666843
:1089A000EEB91DB32846F5F71DFF08B3019B1C2047
:1089B000059998470746606010B32868283000F092
:1089C000A5FA386060680768A7B1012301AC00F11F
:1089D000080703710FCC0FC723683B6000E06426D3
:1089E000304607B0BDE8F04002B070470B26F7E70D
:1089F0006526F5E7029B0126059998476760EFE732
:108A00000A26EDE782B02DE9F04186B004460E4615
:108A100015460DF1300C0DF1040E4CF8043FBCE886
:108A20000F00AEE80F00DCF8003001A8CEF80030EF
:108A3000F8F798F980F00103DBB23BBB34B3D4F80C
:108A40000480B8F1000F1AD105B32846F5F7CAFE25
:108A5000F0B1019B1C20059998470746606020B340
:108A6000C6B1066080F8048001AC07F1080C00254F
:108A70000FCCACE80F002368CCF8003000E0642590
:108A8000284606B0BDE8F04102B070470B25F7E775
:108A90006525F5E72868283000F038FA38606768FF
:108AA0003E6826B101233B71DEE70A25E8E7029B19
:108AB00038460599012598476660E1E770B582B0B0
:108AC000F0B14368044663B11868DE68996960B123
:108AD0001D7965B91846B04700232846636002B087
:108AE00070BD1D46284602B070BD0546F2E70191F3
:108AF00000F022FA051E6368019918BF0125E9E715
:108B00000B25284602B070BDF0B587B006460B4C69
:108B10006846F8F719F9EE46A44625463446BEE8FD
:108B20000F00ACE80F000FCDDEF800700FC4304628
:108B3000CCF80070276007B0F0BD00BFBCFA01247C
:108B400048B108B5436843B1186800F07BFA0038B3
:108B500018BF012008BD0B2070470B2008BD00BFC7
:108B600010B1406800B10068704700BF002800F0F5
:108B700089802DE9F0470E46002900F085800446E3
:108B80001746E7F70DFCB0B194F800E0DFF860C1DC
:108B90001CF80E3013F0040339D100F1FF3814F83B
:108BA00008202F2A0FD102223260A7B31846C7F837
:108BB0000080BDE8F0870123336067B300231846C7
:108BC0003B60BDE8F08704F1FF3A1D4619461AF8EC
:108BD000012FA2F13009B9F1090F1FD922F02009A4
:108BE000A9F14109B9F1190F18D95F2A24D02F2A08
:108BF00058D07E2A4AD07B2A5BD07D2A69D1002DAD
:108C00005CD10523336037B100203960D9E70423F4
:108C10003360002FD2D10020BDE8F0871CF802207D
:108C2000520709D500290CBF002205F001021AB134
:108C30004D1E9D4231D0154601318842C7D1002DCD
:108C400042D1284601230CE0BEF17E0F01D101285C
:108C500047D05A1C8B4200F1010004F10104134675
:108C60002ED28045F5D022782F2AEDD162781CF8DB
:108C700002205207EDD504223260002FCBD0002015
:108C80003B609EE70B2070470B209AE70029D3D06A
:108C900006233360002FB7D1BDE709233360002FCF
:108CA000B2D1B8E7002DC7D008233360002FABD175
:108CB000B1E7002DF8D10B460125BDE70025BBE744
:108CC0000023184633607CE705223260002FD6D19E
:108CD000A1E7002D14BF082303233360002F93D195
:108CE00099E707233360002F95D00123C7E700BF22
:108CF00039DD010882B002B0704700BF234A2DE978
:108D0000F041126894B01A9EBDF86C501391129302
:108D1000C2B3BDF84C109DF84E0001E052688AB312
:108D20009468A38A8B42F9D1A37D8342F6D148226D
:108D300004F13001684602F044FB04F128032046A8
:108D40000CCBF9F789FF0746E0B1D0F808802A4636
:108D5000304608F1100100F08BFA30B939460C4862
:108D600014B0BDE8F04100F0BDB8C8F81448C8F828
:108D7000105800F077F908F50262052342E9020174
:108D800088F8203814B0BDE8F08100BF88FA0124CB
:108D900078FA012424482DE9F041006894B01A9E25
:108DA000BDF86C70139100283BD01D4601E040686F
:108DB000B8B38468218B9142F9D1482204F128018B
:108DC000684602F0FEFA04F1200320460CCBF9F7C6
:108DD00043FF804628B33046D8F808603A4606F18B
:108DE000100100F045FA30B94146104814B0BDE812
:108DF000F04100F077B80FCD06F6280CC6F81448FD
:108E0000C6F81078ACE80F0095E803008CE8030082
:108E100000F028F906F50262032342E9020186F810
:108E2000203814B0BDE8F08158FA012478FA012402
:108E300022482DE9F041006894B01A9EBDF86C708C
:108E40001391B8B31D4601E0406898B38468218B44
:108E50009142F9D1482204F12801684602F0B1FAA2
:108E600004F1200320460CCBF9F7F6FE804608B348
:108E70003046D8F808603A4606F1100100F0F8F9DB
:108E800030B941460E4814B0BDE8F04100F02AB8B0
:108E90000022C6F81448C6F81078C6F82C28C6F880
:108EA000285800F0DFF806F50262042342E90201C7
:108EB00086F8203814B0BDE8F08100BFC8A30124B3
:108EC00078FA01240346406858B142685A600AB1F2
:108ED000002111601A68426002B110600022026035
:108EE000186070470B680BB14A685A604A6802B153
:108EF000136003688B42436808BF02604B6003B194
:108F0000196000230B604160704700BF38B505460B
:108F10000848FFF7D7FF034648B184680023E5619E
:108F20002374F8F7A1FB04F11403C4E905041846FF
:108F300038BD00BF18FA012408B5084B196811B9EB
:108F40000AE0496841B18B6814339842F9D103486B
:108F5000FFF7C8FF002008BD012008BD18FA012452
:108F60002DE9F041054684B022480F461646FFF72A
:108F7000A9FF0446002839D02B690221846803F533
:108F80008053DFF87880B3F89605421CC4E9056584
:108F9000A3F89625FBF788FC3C2220614146384621
:108FA000F9F7BEFFF0B1144F304664223946F9F7A5
:108FB00089FFB8B1286906216B69D0F8842300F5D0
:108FC0002870CDF80080CDE9017111682269FBF7A6
:108FD000D1FA02462869D0F88C33D0F88413F9F717
:108FE0003DFF18B920460024F9F72AFE204604B0B8
:108FF000BDE8F08198FA01240CFB0124D0FA012489
:1090000038B58569DDB104462869D0F8883300F5A4
:10901000287022691968FBF72FFA02462869D0F8F0
:109020008813D0F89033F9F719FF03462046002B38
:1090300014BF00240224F9F703FE204638BD0124A2
:10904000204638BD60B110B504460068F9F780FFCE
:1090500008B9012010BD6368012200201A7410BDF8
:1090600001207047054B1B6823B1986800F52870F4
:10907000FBF756BE00200021704700BF68FA0124AC
:109080002DE9F041056804460E462846E7F728F921
:10909000C8B1114B1B689D4212D1D4F80480D8F896
:1090A00000406CB1D8F808500027043D314655F80F
:1090B000040FE7F715F9BB0040B10137BC42F5D109
:1090C0000020BDE8F0812046BDE8F081D8F81020EE
:1090D000BDE8F041D3581847B80000242DE9F0410D
:1090E00019461F4605469046FBF7FEF8E0B93E4696
:1090F0000BE04144A8682246361B02F062F9AB68D7
:10910000286923442044AB60286131460122284667
:10911000FBF774F9B91B04460028EAD10123A87DA6
:109120006B755840BDE8F0813A464146A86802F0A8
:1091300048F9AA682B693A443B44AA602B61EDE7E1
:109140002DE9F04119461F4605469046FBF7CCF83D
:10915000E8B93E460CE008EB0300A9682246361B3E
:1091600002F02FF9AB68286923442044AB602861E2
:10917000314601222846FBF741F9BB1B0446002873
:10918000E9D10123A87D6B755840BDE8F0813A46CE
:10919000A968404602F015F9AA682B693A443B4495
:1091A000AA602B61EDE700BF2DE9F041884611462A
:1091B00017460546FBF798F8E0B93E460BE04144F8
:1091C000A8682246361B02F0FCF8AB6828692344E5
:1091D0002044AB602861314601222846FBF70EF996
:1091E000B91B04460028EAD10123A87D6B755840BD
:1091F000BDE8F0813A464146A86802F0E2F8AA6864
:109200002B693A443B44AA602B61EDE72DE9F0411C
:1092100019461F4605469046FBF766F8E0B93E46FC
:109220000BE04144A8682246361B02F0CAF8AB683E
:10923000286923442044AB60286131460122284636
:10924000FBF7DCF8B91B04460028EAD10123A87D0E
:109250006B755840BDE8F0813A464146A86802F077
:10926000B0F8AA682B693A443B44AA602B61EDE749
:109270002DE9F0418846114617460546FBF734F8BC
:10928000E8B93E460CE008EB0300A9682246361B0D
:1092900002F097F8AB68286923442044AB6028614A
:1092A000314601222846FBF7A9F8BB1B04460028DB
:1092B000E9D10123A87D6B755840BDE8F0813A469D
:1092C000A968404602F07DF8AA682B693A443B44FD
:1092D000AA602B61EDE700BF2DE9F04119461F465A
:1092E00005469046FBF700F8E8B93E460CE008EB6F
:1092F0000300A9682246361B02F063F8AB682869B0
:1093000023442044AB602861314601222846FBF704
:1093100075F8BB1B04460028E9D10123A87D6B75B5
:109320005840BDE8F0813A46A968404602F049F845
:10933000AA682B693A443B44AA602B61EDE700BF61
:1093400070B515460E46017D0446FAF723FB0DB9AC
:10935000012070BD2B463246217D2046BDE870407D
:10936000FFF7BCBE2DE9F0411D4616460F461A46D2
:10937000017D0446FAF736FC2B689E4201D2012299
:10938000A27513B90120BDE8F0813A46217D20463F
:10939000BDE8F041FFF7D4BE70B515460E46017D1D
:1093A0000446FAF7F7FA0DB9012070BD2B46324694
:1093B000217D2046BDE87040FFF728BF2DE9F04130
:1093C0001D4616460F461A46017D0446FAF70AFC6A
:1093D0002B689E4201D20122A27513B90120BDE87B
:1093E000F0813A46217D2046BDE8F041FFF774BF89
:1093F00010B582B0044608460191E6F7D1FF024657
:1094000001992046013202B0BDE81040FFF798BF35
:1094100000B583B001ABFFF7A5FF03B05DF804FB17
:109420004FF6FF73038070474FF6FF73038070475A
:1094300038B5044600880D4600F046FD0346C00FCF
:10944000002BB8BF258038BD70B50C46054608898D
:109450002B68267DD1E90012B2FBF0F2A3EB010CE0
:10946000BCFBF2FC0CF1010C1FFA8CF3B3FBF0FC1B
:1094700000FB1C339BB202FB03F3181D084450F899
:10948000042C16B1002640F8046C032A01D80120F0
:1094900070BD08332846043A19442B69FAF770FF67
:1094A000284622460249FAF747FF002070BD00BF58
:1094B0004994010810B5C0E900120024029A038102
:1094C00002610475C3B10C600189012914D94FF000
:1094D000010C43680CF1010EBCFBF1F2B3FBF1F39C
:1094E00001FB12C21FFA8EFC92B202FB03F3026868
:1094F000D45001896145ECD84FF0FF33C36010BDF3
:109500000189D9B110B54FF0000EF4467446436896
:109510000EF1010EBCFBF1F2B3FBF1F301FB12C241
:109520001FFA8EFC92B202FB03F30268D450018949
:109530006145ECD84FF0FF33C36010BD4FF0FF33EF
:10954000C36070472DE9F84304460D46018917466C
:109550008089984600F0B0FC29460646A08900F0B4
:10956000B3FC00280ADB00262946E08900F0ACFCA9
:10957000002800DAE5813046BDE8F8833046294608
:1095800000F0A2FC0028EEDB2369384698478146AC
:109590000121A08900F090FCB9F1000F08BF8542BD
:1095A0000CBF0126002604D10023089AA081137065
:1095B000DAE722896368B5FBF2F0B3FBF2F302FB52
:1095C000105080B203FB00F023680430184450F8B8
:1095D000043C002BC7D13946424601F0F2FE2189F6
:1095E0006368B5FBF1F2B3FBF1F301FB125292B2E7
:1095F00002FB03F3226842F803800123089A1370E8
:10960000B9F1000FAFD0A6890121304600F054FC1B
:10961000218963680646B0FBF1F2B3FBF1F301FB6D
:109620001202206892B202FB03F30433184450F88C
:10963000043C002B97D023699847022802D00128C8
:10964000E2D090E701268FE72DE9F04704460F4668
:1096500080890121904600F02FFC22896668B0FBCA
:10966000F2F3B6FBF2F602FB13039BB203FB06F622
:10967000236804361E4456F8049CB9F1000F23D029
:109680000546236930469847824600B3B4F80CA0DB
:109690000121504600F010FC218982466368206851
:1096A000BAFBF1F2B3FBF1F301FB12A292B202FB9F
:1096B00003F30433184450F8043C2BB12369984752
:1096C00002281BD00128E3D00020BDE8F0874A46DD
:1096D00031463846FAF75CFE218963680120B5FB04
:1096E000F1F2B3FBF1F301FB125292B202FB03F36E
:1096F000226842F803A0A581BDE8F087208906EB27
:1097000008016368A9EB0802B5FBF0F6B3FBF0F3C0
:1097100000FB16550020ADB203FB05F52368585138
:109720003846FAF735FE384622460349FAF704FE72
:109730000120A4F80CA0C8E74994010838B51146E7
:109740000446C089154600F0BFFB0028B8BFE5817C
:1097500038BD00BF2DE9F843038904460F468589CB
:10976000DBB12846012604E0664506F1010614D265
:10977000A089B1B200F0A0FBB4F808C0B0FBFCF2C5
:10978000D4E900130CFB1202B3FBFCF392B202FB10
:1097900003F3CB58002BE7D105463D800121E68934
:1097A000284600F08DFB0146304600F089FB064656
:1097B00028B34FF000094FF001084D461FFA89F118
:1097C000388800F079FBB4F808C0616808FA09FE2F
:1097D000226809F101094EEA050EB0FBFCF3B1FB6A
:1097E000FCF103FB1C0083B201FB03F3D3580BB95C
:1097F0001FFA8EF54E45E1D12846BDE8F8830546AF
:109800002846BDE8F88300BF4FF6FF7C0160037374
:10981000A0F80EC0C0E90132704700BF4FF6FF72DA
:10982000037BC28143607047F0B5044683B0406853
:109830000D461646FCF7F0FF63681844A36842190A
:1098400093422CBF0127002702D2384603B0F0BD57
:109850000090002330462168FAF788FD6168384699
:109860002944616003B0F0BD2DE9F04104461D4676
:109870004068237B98428CBF0126002602D83046E0
:10988000BDE8F0818846E0890121174600F014FB0D
:109890002368E08128803046C8F8003063683B6068
:1098A000237B6360BDE8F081F8B5B1F808C00C46D1
:1098B00003680546267BD1E90012B2FBFCF2A3EB5C
:1098C000010E0369BEFBF2FE0EF1010E1FFA8EFEC1
:1098D000BEFBFCF70CFB17EC1FFA8CFC02FB0CFC2C
:1098E00051F80C20B444921B0CF1080C043A61446A
:1098F000FAF746FD284622460249FAF71DFD0020E8
:10990000F8BD00BFA998010830B59DF80C4003814F
:109910000473C0E90012E3B10C60B0F808C0BCF1F8
:10992000010F16D94FF0010E43680EF10105047BBB
:109930000168BEFBFCF2B3FBFCF30CFB12E21FFA66
:1099400085FE92B202FB03F3CC50B0F808C0F44598
:10995000EAD8074B4FF6FF724FF0FF346FF0004527
:10996000C0F80E30002342820384C0E9064530BDB2
:109970000000FFFF00000000018910B5B1B14FF0F9
:10998000000EF44643680EF1010E047BBCFBF1F2BD
:10999000B3FBF1F301FB12C21FFA8EFC92B202FB81
:1099A00003F30268D45001896145EBD8084B4FF6A8
:1099B000FF729FED057BC0F80E30002342820384C6
:1099C00080ED067B10BD00BFFFFFFFFFFFFFFF7FA5
:1099D0000000FFFF2DE9F04F044691B000898B464F
:1099E000E68904926568236894F80C90B6FBF0F25F
:1099F000B5FBF0F500FB12622F1F92B205FB02329D
:109A0000111DD2F800800391002800F04A814FF028
:109A1000000CE24661460CF1010CB1FBF0F200FBD8
:109A200012121FFA8CF192B205FB02F29A584A45C3
:109A300003D10AF1010A1FFA8AFA8142EBD34046A8
:109A40000421CDF814A0FAF7A7FC804408EB0B0220
:109A5000BA4240F2CA80227B5A44BA4240F2B280F3
:109A60004FF6FC72BBB2A2EB09021A4492B20AFB97
:109A700002F90592D9450692C0F0B38008F10402BC
:109A8000BA4280F0DA80A3F10409059BA9EB08092A
:109A90001FFA89F9ABEB090BBBFBF3F203FB12B323
:109AA000002B40F0C48093B2534500F29A80002B03
:109AB00000F0F980CDF81C804FF0000ADDF814802A
:109AC0000DF1200B05951D4600E0C1462289584640
:109AD00063680AF1010AB6FBF2F1B3FBF2F302FB91
:109AE00011613A4689B203FB01F12368043119443C
:109AF000002351F804CCCDF800C0FAF737FC4A46F1
:109B000000230D215846FCF747FE21896368304643
:109B1000B6FBF1F2B3FBF1F301FB1262012192B249
:109B200002FB03F32268D75000F0C6F906461FFA7D
:109B30008AF39D42C9D8DDF81C80059D20893A46EC
:109B40006368B6FBF0F1B3FBF0F300FB116158461C
:109B500089B201FB03F3216804331944002351F84F
:109B6000047C0097FAF702FC069F58460223BAB21B
:109B70000D21FCF711FE08F10401039BA5F1080279
:109B800025890B44A2EB0802B6FBF5F01946636881
:109B900005FB1060B3FBF5F380B2256800FB03F30F
:109BA000207B04303844E850049D2846FAF7F0FB47
:109BB000284622463D49FAF7BFFB0120E68111B055
:109BC000BDE8F08F0121E08900F076F90546218992
:109BD000608A00F071F90146284600F075F9002806
:109BE00044DD002011B0BDE8F08F2189608A059224
:109BF00000F062F90146304600F066F90028059A47
:109C0000EFDC2589D4E90073B6FBF5F4B3FBF5F37B
:109C100005FB1464A4B204FB03F3DDE90310FA505E
:109C20000023CDF80080FAF7A1FB0120DAE701322A
:109C3000069393B25345D4D839E7304601210793B0
:109C400000F03AF9064620896268B6FBF0F1B2FBF3
:109C5000F0F200FB116189B201FB02F221680432CB
:109C60008B1853F8048C0393079B0CE721896368D6
:109C70000498B5FBF1F2B3FBF1F301FB125221683A
:109C800092B202FB03F3227B04335A44194441F895
:109C9000042C237B00930023FAF768FB0120E58165
:109CA000A0E78246CBE60DF1200B47E7A998010813
:109CB000F8B504461D460F46008A0121164600F0FD
:109CC000FBF8288022896368B0FBF2F1B3FBF2F362
:109CD00002FB110CE1891FFA8CFC0CFB03FC2368CE
:109CE0000CF1040C63443B6023689C445CF8043C26
:109CF000336000F0E9F8002801DD0020F8BD237B87
:109D000032689A42F9D9618A208A00F0D9F8238909
:109D10008342F2D02888E3892082984201D0012032
:109D2000F8BD012100F0C8F803460120E381F8BD29
:109D300070B5018A0446408A15461E4600F0C4F8F4
:109D4000002807DB4FF0FF326FF000430020C4E92A
:109D5000062370BD94F8200040B9012384F8203018
:109D6000643546F10006C4E9065670BDD4E9062301
:109D7000954276EB030304DB431C012084F820307A
:109D8000EEE70020ECE700BF408A70472DE9F04184
:109D900090F8217097B180460D4616461C461888EB
:109DA000012100F089F82080B8F8101000F08CF83C
:109DB000002806DD00231F4688F821303846BDE81C
:109DC000F081B8F808202088D8F80410B0FBF2F32E
:109DD000B1FBF2FC02FB13039BB203FB0CFCD8F8B3
:109DE00000300CF1040C63442B60D8F8003063445D
:109DF00053F8043C336098F80C209A42D0D0DDE749
:109E0000F8B504460E461046012100F059F8618A63
:109E100000F056F8C8B1054600270121608A00F01D
:109E20004BF823896268013794F80CC02168BD4261
:109E30006082B0FBF3FEB2FBF3F203FB1E039BB2A6
:109E400002FB03F341F803C0E7D1003E4FF00003EB
:109E500018BF012684F8203084F82160F8BD00BFC7
:109E6000018A408A08B500F02FF8B0FA80F0400966
:109E700008BD00BF0189E1B143684FF0000C30B567
:109E8000B3FBF1FE05686246047B60460CF1010CF1
:109E9000B2FBF1F301FB13231FFA8CF29BB20EFB12
:109EA00003F3EB589C4201D1013080B28A42EDD3DA
:109EB00030BD0846704700BF084480B2704700BFFD
:109EC000401A80B2704700BF884211D009D388423F
:109ED00010D9401AB0F5004FD4BF01204FF0FF3029
:109EE00070470B1AB3F5004FF1DA4FF0FF307047AF
:109EF00000207047012070471FB514461A46094BD1
:109F00001B680546D86854B9074B1C46CDE9013497
:109F100000912B46054900F023FF01F060FA044B45
:109F2000F4E700BFC8000024C8DC01089ADC01087F
:109F30008DDC0108024B0A460146186800F002B8A1
:109F4000C800002470B5A1FB02543CB9294600F0BA
:109F500087F8064628B90026304670BD0C220260FC
:109F6000F9E72A46214601F009F9F5E707B5044B60
:109F7000014601AA186800F005F803B05DF804FB7B
:109F8000C80000242DE9F84FDFF86CA0064689468A
:109F9000174602F00BF8DAF8004034B14B46984609
:109FA00013F8012B3AB13D2AF9D1304602F004F8FA
:109FB0000020BDE8F88FA8EB0908A34654F8040B6D
:109FC0000028F2D04246494601F0EDF80028F4D1CD
:109FD00054F8043C03EB080513F808303D2BECD192
:109FE000DAF80030ABEB03039B1030463B6001F026
:109FF000E3FF681CDDE700BF04000024024B0146BC
:10A00000186800F02DB800BFC8000024024B0146BC
:10A01000186801F0D7BF00BFC800002470B50F4E0C
:10A020000C463168054611B901F074F930602146DB
:10A03000284601F06FF9431C03D14FF0FF3420464E
:10A0400070BDC41C24F00304A042F8D0211A284695
:10A0500001F060F90130F2D1EFE700BF70FB01249D
:10A060002DE9F843CD1C25F0030508350C2D38BF2C
:10A070000C25002D064601DBA94204D90C233360D0
:10A080000020BDE8F883DFF8D48000F069F8D8F844
:10A0900000301C4644BB29463046FFF7BFFF431C37
:10A0A000044658D1D8F800402746002F43D1002C51
:10A0B0004BD023683946304604EB030901F02AF9F6
:10A0C000814542D121686D1A29463046FFF7A6FF27
:10A0D00001303AD023682B442360D8F800305A6806
:10A0E00062BBC8F800700FE02268521B20D40B2A14
:10A0F00017D96119A342256018BF5960636808BF6A
:10A10000C8F8001062514B60304600F02FF804F19F
:10A110000B00231D20F00700C21A1CBF1B1AA350FE
:10A12000AFE76268A3420CBFC8F800205A60EBE7B3
:10A1300023466468AEE73C467F68B6E71A465B682C
:10A14000A342FBD100235360DEE70C23336030468B
:10A1500000F00CF894E70560D6E700BF74FB01241B
:10A16000014801F024B900BFB9FC0124014801F005
:10A170001FB900BFB9FC012438B5104B1D682B6B0B
:10A180000446B3B91820FFF739FF0246286320B907
:10A190000B4B0C484621FFF7AFFE0B490B4BC0E9B8
:10A1A00000130B4B83600B23838100210120C2E944
:10A1B00004012B6B00221C615A6138BDC8000024C9
:10A1C000C9DC0108E0DC01080E33CDAB34126DE6CA
:10A1D000ECDE0500164B10B51C68236BB3B91820D4
:10A1E000FFF70CFF0246206320B9124B12485221A0
:10A1F000FFF782FE1149124BC0E90013114B836037
:10A200000B23838100210120C2E90401216B0E4848
:10A210000B694C690D4A584302FB0400A3FB023250
:10A22000013340EB0200C1E9043020F0004010BDD2
:10A23000C8000024C9DC0108E0DC01080E33CDAB06
:10A2400034126DE6ECDE05002DF451582D7F954C4F
:10A25000024B0A460146186800F002B8C800002404
:10A260002DE9F041804615460C4621B9BDE8F04184
:10A270001146FFF7F5BE2AB901F0A4FE00242046DE
:10A28000BDE8F08102F06AFA8542064602D8B5EBD5
:10A29000500FF4D829464046FFF7E2FE0746002853
:10A2A000ECD0B5422A46214628BF324601F089F853
:10A2B0002146404601F086FE3C46E0E72DE9F043AA
:10A2C000344E86460D46284615F8014B375D17F08B
:10A2D0000807F8D12D2C2FD12C780127851C33F0BD
:10A2E000100009D1302C2CD1287800F0DF0058283C
:10A2F00027D16C78102302354FF0FF380026B8FBC9
:10A30000F3F803FB08F96FEA09093046A4F1300CB1
:10A31000BCF1090F1CD86446A3422ADDB6F1FF3F09
:10A3200007D0804522D301D1A1451FDB00FB0340AC
:10A33000012615F8014BE9E72B2C04BF2C78851C6E
:10A34000CDE7002BD8D1302C0CBF08230A23D3E74C
:10A35000A4F1410CBCF1190F01D8373CDCE7A4F1A2
:10A36000610CBCF1190F04D8573CD5E74FF0FF360C
:10A37000DFE7731C06D12223CEF80030304632B915
:10A38000BDE8F08307B14042002AF9D006B1691E4A
:10A390001160F5E739DD010813460A460146024817
:10A3A0000068FFF78BBF00BFC8000024F0B52DED9B
:10A3B000028BB0EE408B85B017460D9D0C9E18EEBB
:10A3C000902A25F02005002AB6BF2D220022B1EEEA
:10A3D000408B462D0C461A7004D0452D00D1013417
:10A3E000022100E0032103AB019302AB009322465C
:10A3F0003346B0EE480B01F083F8472D14D1FB072C
:10A400000AD50219B5EE408BF1EE10FA08BF03929F
:10A410003021039B934219D3039B0E9A1B1A13609E
:10A4200005B0BDEC028BF0BD462D00EB0402E9D176
:10A430000378302B07D1B5EE408BF1EE10FA1CBF3C
:10A44000C4F10104346033681A44DBE75C1C0394F4
:10A450001970DEE7F7B50029BABF49422D232B2337
:10A4600009290270437029DD0DF107031D460A27F3
:10A470001A46B1FBF7F607FB1614303402F8014C0C
:10A480000C46632C03F1FF333146F1DC3031941E6E
:10A4900003F8011C411C2346AB420AD30DF109030A
:10A4A0009B1AAC4288BF002302330344181A03B03E
:10A4B000F0BD13F8016B01F8016FEDE73023303187
:10A4C0008370C170031DF1E72DE9F04F8DB00C468C
:10A4D000DDF8588016461F46054600F08DFED0F880
:10A4E00000B05846E5F75CFF00230A93D8F8003027
:10A4F00094F8189022680590073323F0070303F1BE
:10A500000801C8F8001093ED000B9FED976BB0EEBB
:10A51000C07BB4EE467BF1EE10FA84ED120B24DD25
:10A52000B5EEC00BF1EE10FA02D52D2384F84330BE
:10A530008F49904BB9F1470F94BF8846984622F057
:10A5400004020323236122604FF0000A0097334680
:10A550000BAA2146284600F0D1F9013040F089804D
:10A560004FF0FF300DB0BDE8F08FB4EE400BF1EED0
:10A5700010FA09D710EE903A002BBCBF2D2384F8B7
:10A5800043307D497D4BD5E76368591C09F0DF0AEC
:10A5900039D10623636042F4806200232260039372
:10A5A0000AABCDE9019309AB009361680DF1230378
:10A5B0002846FFF7FBFEBAF1470F0999804629D1DB
:10A5C000C81C02DB6368994241DDA9F102095FFA08
:10A5D00089F901394A4604F150000991FFF73AFF21
:10A5E0000A9A1318012A8246236102DC2268D207E4
:10A5F00001D5013323619DF82330002BA6D02D23F4
:10A6000084F84330A2E7BAF1470FC4D1002BC2D17E
:10A610000123BFE7B9F1650FDBD9B9F1660F18D196
:10A62000002963680BDD216113B92268D00702D5C8
:10A6300001330B442361A1654FF0000ADBE713B936
:10A640002268D20701D50233F4E70123F2E74FF085
:10A6500067090A9B994205DB23682161D807EAD57F
:10A660004B1CE7E70029D4BFC1F1020201221344C9
:10A67000E0E723685A0507D4236942463146284655
:10A68000B84701302AD16BE7B9F1650F40F2E0809D
:10A6900094ED127BB5EE407BF1EE10FA33D1384ADF
:10A6A000012331462846B84701303FF459AFDDE970
:10A6B0000938434502DB2368D8070FD5059B5A4666
:10A6C00031462846B84701303FF44AAF4FF0000901
:10A6D00008F1FF3804F11A0AC84509DC23689B0712
:10A6E00000F10781E0680B9B9842B8BF184639E734
:10A6F0000123524631462846B84701303FF430AF77
:10A7000009F10109E8E7099B002B3BDC1C4A012306
:10A7100031462846B84701303FF422AFDDE9093918
:10A7200059EA030302D12368D907D7D5059B5A46B6
:10A7300031462846B84701303FF412AF4FF0000AC7
:10A7400004F11A0B099B5B42534501DC4B4694E72D
:10A7500001235A4631462846B84701303FF400AF3E
:10A760000AF1010AEEE700BFFFFFFFFFFFFFEF7FE7
:10A7700039DE01083DDE010841DE010845DE010841
:10A7800049DE0108A36DDDF828A05345A8BF534654
:10A79000002B994637DC0023079329EAE97904F175
:10A7A0001A02A36D07990693A3EB09038B4231DCD0
:10A7B000099B9A453BDC2368DA0738D4099BAAEB4E
:10A7C0000309069BAAEB03039945A8BF9946B9F173
:10A7D000000F34DC4FF0000829EAE97904F11A0B84
:10A7E000099BAAEB0303A3EB090343457FF776AF6D
:10A7F00001235A4631462846B84701303FF4B0AEEF
:10A8000008F10108ECE7424631462846B8470130D6
:10A81000C1D1A5E60123314628460692B84701304A
:10A820003FF49EAE079B069A01330793B9E7059B59
:10A830005A4631462846B8470130BFD190E6069ABD
:10A840004B46424431462846B8470130C2D187E6DC
:10A85000DDF82890B9F1010F01DCDB0736D50123C3
:10A86000424631462846B84701303FF479AE059B51
:10A870005A4631462846B84701303FF471AE94ED50
:10A88000127BB5EE407BF1EE10FA09F1FF3918D0DA
:10A890004B4608F1010231462846B84701300CD139
:10A8A0005EE601235A4631462846B84701303FF458
:10A8B00057AE08F10108C845F3DB534604F15002D6
:10A8C000DCE64FF0000804F11A0BF4E701234246DE
:10A8D000E1E701234A4631462846B84701303FF4B4
:10A8E0003FAE08F10108E3680B995B1A4345F0DCC1
:10A8F000F8E64FF0000804F11909F4E72DE9F047F4
:10A90000164698468A680B69DDF820909342B8BFD6
:10A910001346336091F8432007460C460AB10133D1
:10A9200033602368990642BF336802333360256879
:10A9300015F0060506D104F1190AE36832689B1A7E
:10A94000AB4226DC94F843302268003B18BF012359
:10A9500092062BD404F1430241463846C8470130E1
:10A960001ED02368226903F00603042B02BFE568AA
:10A970003368ED1AA3680CBF25EAE57500259342FC
:10A98000C4BF9B1AED1800261A34B5421AD1002014
:10A9900008E00123524641463846C847013003D1FA
:10A9A0004FF0FF30BDE8F0870135C6E7E1185A1CCB
:10A9B000302081F84300224494F8451082F8431077
:10A9C0000233C7E70123224641463846C8470130D3
:10A9D000E6D00136D9E700002DE9FF470F7E0C9E37
:10A9E000782F914680460C469A4601F1430207D8DB
:10A9F000622F0AD8002F00F0D280582F00F0B980C3
:10AA000004F1420684F842703AE0A7F16303152B83
:10AA1000F6D801A151F823F071AA010885AA01080E
:10AA200001AA010801AA010801AA010801AA010856
:10AA300085AA010801AA010801AA010801AA0108C2
:10AA400001AA010885AB0108AFAA01083FAB0108C4
:10AA500001AA010801AA0108A7AB010801AA01087F
:10AA6000AFAA010801AA010801AA010847AB010821
:10AA700033681A1D1B68326004F1420684F84230C4
:10AA800001239DE033682068191D3160060601D559
:10AA90001D6803E04506FBD5B3F90050002D03DA2D
:10AAA0002D236D4284F8433059480A2311E0216870
:10AAB0003368080653F8045B02D4490648BFADB2B8
:10AAC0006F2F5348336014BF0A230823002184F8F2
:10AAD00043106668A660002EA2BF216821F0040121
:10AAE00021600DB9002E4BD01646B5FBF3F103FBE8
:10AAF0001157C75D06F8017D2F46BB420D46F4D9BC
:10AB0000082B0BD12368DF0708D5236961689942B8
:10AB1000DEBF302306F8013C06F1FF36921B2261AE
:10AB2000CDF800A04B4603AA21464046FFF7E6FEBB
:10AB300001304AD14FF0FF3004B0BDE8F087236800
:10AB400043F0200323603348782784F84570236856
:10AB500031681F0651F8045B02D45F0648BFADB2EE
:10AB60003160D90744BF43F0200323601DB1102397
:10AB7000ACE72748E9E7236823F020032360F6E7E2
:10AB80001646BDE7336825686169181D30602E06DA
:10AB90001B6801D5196002E06806FBD51980002307
:10ABA00023611646BCE733681A1D32601E6862686E
:10ABB00000213046E5F7A4FB08B1801B60606368A4
:10ABC0002361002384F84330AAE7236932464946CB
:10ABD0004046D0470130ADD023689B0713D4E068CE
:10ABE000039B9842B8BF1846A6E701233246494660
:10ABF0004046D04701309DD00135E36803995B1A88
:10AC0000AB42F2DCEBE7002504F11906F5E700BFE3
:10AC10004BDE01085CDE0108002310B50446C0E9E4
:10AC20000033C0E90433836081814366C28183615C
:10AC3000194608225C3000F0A1FA0D4B63620D4BFF
:10AC4000A3620D4BE3620D4B23630D4B24629C42C8
:10AC500006D003F16802944202D0D0339C4205D161
:10AC600004F15800BDE8104000F0A0BB10BD00BFCB
:10AC700009AF01082BAF010863AF010887AF0108D6
:10AC800078FB0124024A0349034800F07BB800BF67
:10AC9000BC000024A9CD0108CC00002441680C4B65
:10ACA000994210B5044601D002F07EF8A168094B24
:10ACB000994202D0204602F077F8E168064B9942AB
:10ACC00004D02046BDE8104002F06EB810BD00BFB1
:10ACD00078FB0124E0FB012448FC012410B50B4B58
:10ACE0000B4C0C4A1A60204600220421FFF794FF07
:10ACF00004F1680001220921FFF78EFF04F1D00062
:10AD00000222BDE810401221FFF786BFB0FC0124EB
:10AD100078FB012485AC0108014800F048BB00BF66
:10AD2000BAFC0124014800F043BB00BFBAFC012477
:10AD300010B50446FFF7F0FF236A1BB1BDE81040D1
:10AD4000FFF7F0BF044B2362044B1B68002BF5D1C7
:10AD5000FFF7C4FFF2E700BF9DAC0108B0FC01247F
:10AD60000EB403B5014603AB054853F8042B006845
:10AD7000019301F07DFE02B05DF804EB03B0704773
:10AD8000C80000242DE9F8430746884614460026EB
:10AD9000D4E90195B9F1010905D52468002CF7D152
:10ADA0003046BDE8F883AB89012B07D9B5F90E30E1
:10ADB000013303D029463846C04706436835E9E7E2
:10ADC0000FB407B5064904AB086853F8042B816833
:10ADD000019301F04DFE03B05DF804EB04B0704741
:10ADE000C8000024036A70B5846805460E460BB996
:10ADF000FFF79EFF636EDB0705D4A389980502D495
:10AE0000A06D00F0D4FAA389190702D52369002B9D
:10AE100035D12146284600F031F980B34FF0FF3597
:10AE2000636EDA0705D4A3899B0502D4A06D00F0F8
:10AE3000BFFA284670BD002B04DAA2699A4217DCDB
:10AE40000A2915D023685A1C22601970A36816F8C5
:10AE5000011F013BA3600029EDD1002B11DA22462E
:10AE60000A21284600F0CCF80130D7D00A25D7E7D0
:10AE70002246284600F0C4F80130E7D1CEE7013E73
:10AE8000E4E723685A1C22600A221A70EEE70000E9
:10AE9000024B01461868FFF7A5BF00BFC800002499
:10AEA0000CB430B5174B0C1E1D689DB008DA8B230F
:10AEB0002B604FF0FF301DB0BDE8304002B070474E
:10AEC0004FF40273ADF8143014BF04F1FF3323467E
:10AED000049307934FF6FF7302900690ADF8163077
:10AEE000209A21AB02A92846019301F09BFC431C48
:10AEF000BCBF8B232B60002CDDD0029B00221A707C
:10AF0000D9E700BFC800002410B50C46B1F90E10F7
:10AF100000F0EEF90028ABBF636DA3891B1823F482
:10AF20008053ACBF6365A38110BD2DE9F0411F467E
:10AF30008B89DB0505460C46164605D5B1F90E1082
:10AF40000223002200F0C2F9A389B4F90E1023F401
:10AF50008053A38132463B462846BDE8F04100F0CD
:10AF6000E9B910B50C46B1F90E1000F0AFF9431C69
:10AF7000A38915BF606523F4805343F48053A381F4
:10AF800018BFA38110BDB1F90E1000F039B930B56A
:10AF90001446002C9BB005461A4605DA8B23036045
:10AFA0004FF0FF301BB030BD4FF40273ADF80C30E2
:10AFB00014BF04F1FF332346029305934FF6FF734A
:10AFC00000910491ADF80E3069461E9B01F02AFCF9
:10AFD000431CBCBF8B232B60002CE3D0009B0022C2
:10AFE0001A70DFE707B5009313460A460146034887
:10AFF0000068FFF7CCFF03B05DF804FBC800002435
:10B00000F8B50E461446054618B1036A0BB9FFF7AA
:10B010008FFEA369A360A3891A0701D5236943B9E9
:10B020002146284600F02AF818B14FF0FF3738467D
:10B03000F8BD23682269981A6369F6B283423746DD
:10B0400005DC2146284601F0AFFE0028EDD1A368BB
:10B05000013BA36023685A1C22601E706269431C76
:10B060009A4204D0A389DB07E1D50A2EDFD121461D
:10B07000284601F099FE0028D9D0D6E738B5294BEB
:10B08000054618680C4618B1036A0BB9FFF750FE65
:10B09000B4F90C30190722D4DA0607D409222A6041
:10B0A00043F04003A3814FF0FF3033E0580712D53F
:10B0B000616B41B104F14403994202D0284600F08B
:10B0C00081FF00236363A38923F02403A38100236A
:10B0D000636023692360A38943F00803A381236984
:10B0E0004BB9A38903F42073B3F5007F03D0214645
:10B0F000284601F0A7FEB4F90C3013F001020AD083
:10B100000022A26062695242A261226942B913F030
:10B110008000C5D138BD990758BF6269A260F4E7C5
:10B120000020F7E7C800002410B50139024490421E
:10B1300001D1002005E0037811F8014FA34201D0AE
:10B14000181B10BD0130F2E7884210B501EB020474
:10B1500002D98442234607D8431EA14208D011F8E1
:10B16000012B03F8012FF8E7024401468A4200D17F
:10B1700010BD13F8014D02F8014DF7E702440346F4
:10B18000934200D1704703F8011BF9E7C9B20346A7
:10B19000184613F8012B12B18A42F9D170470029E1
:10B1A00018BF0020704710B56AB10139841810F833
:10B1B000012B11F8013F9A4203D1A04201D0002A8D
:10B1C000F5D1D01A10BD1046FCE70A7870B56AB9FF
:10B1D00070BD9A4209D10C46054614F8013F002B78
:10B1E000F6D015F8016F9E42F7D001300378002B9E
:10B1F000EFD11846ECE70000004870470802002431
:10B2000038B5064D0023044608462B60E5F7CEFF0F
:10B21000431C02D12B6803B1236038BDB4FC012468
:10B22000294B1B68834270B504464BD0C369ABB150
:10B23000DB686BB10025E369DB68595900293BD114
:10B240000435802DF7D1E3692046D96800F0BAFEB5
:10B25000E369196811B1204600F0B4FE616911B1CB
:10B26000204600F0AFFEE16911B1204600F0AAFED1
:10B27000216B11B1204600F0A5FE616B11B1204693
:10B2800000F0A0FEA16B11B1204600F09BFEA16C66
:10B2900011B1204600F096FE616C11B1204600F01D
:10B2A00091FEE16A11B1204600F08CFE236A4BB199
:10B2B0002046BDE8704018470E68204600F082FE28
:10B2C0003146BBE770BD00BFC800002438B5074D4C
:10B2D00004460846114600222A601A46E5F78DFF0B
:10B2E000431C02D12B6803B1236038BDB4FC012498
:10B2F00038B5074D04460846114600222A601A4612
:10B30000E5F737FF431C02D12B6803B1236038BD3A
:10B31000B4FC012438B5064D0023044608462B60D2
:10B32000E5F778FF431C02D12B6803B1236038BDD9
:10B33000B4FC012438B5074D0446084611460022E6
:10B340002A601A46E5F7CCFD431C02D12B6803B1F5
:10B35000236038BDB4FC0124014B1868704700BF5E
:10B36000C800002470B50D4D0D4C641BA4100026C0
:10B37000A64209D10B4D0C4C01F026FE641BA41013
:10B380000026A64205D170BD55F8043B984701360A
:10B39000EEE755F8043B98470136F2E75CE0010818
:10B3A0005CE001085CE0010864E001087047704758
:10B3B0007047034611F8012B03F8012B002AF9D13D
:10B3C00070470A44914200F1FF3300D1704710B535
:10B3D00011F8014B03F8014F9142F9D110BD08B5A6
:10B3E000062001F093FD0120E5F7B8FE2DE9F74FA7
:10B3F00003690C69A34207467EDB013C01F1140896
:10B40000A30000F11405009305EB8403019358F8A1
:10B41000243055F8242001339A4208EB8409B2FB0A
:10B42000F3F62ED34FF0000AC446AE46D3465CF87E
:10B43000043B98B206FB00A0020C1B0C06FB032386
:10B44000DEF8002080B292B2121A5A44DEF80000F0
:10B450004FEA134A9BB2C3EB224303EB104392B271
:10B4600042EA0342E1454EF8042B4FEA234BDED279
:10B47000009BEB582BB9019B043B9D421A462FD3EE
:10B480003C61384601F062F8002825DB294600209F
:10B4900058F8042BD1F800C01FFA82FE1FFA8CF373
:10B4A000A3EB0E030344120CC2EB234202EB1C423B
:10B4B0009BB243EA0243C14541F8043B4FEA2240B4
:10B4C000E6D255F8242005EB840322B9043B9D42C3
:10B4D0001A460BD33C610136304603B0BDE8F08F0D
:10B4E0001268043B002ACBD1013CC6E71268043B3A
:10B4F000002AEFD1013CEAE70020EEE7000000005F
:10B500002DE9F04F2DED028BC76991B08DED020B47
:10B5100055EC104B1C9E0791814609920D937FB903
:10B520001020FEF76BFD0246C9F81C0020B9A04BA5
:10B53000EF21A048FEF7E0FCC0E901770760C76093
:10B54000D9F81C30196859B15A684A6001239340F0
:10B550008B60484600F0C0FDD9F81C3000221A600C
:10B560002B1EBBBF23F00043039300230122ACBF7B
:10B5700033603260904B039EB34310D10D9A42F278
:10B580000F731360C6F31303234300F0DE841D9B87
:10B590008A4F002B00F0E084FB1C00F0DBBC9DED2B
:10B5A000028BB5EE408BF1EE10FA0AD10D9A012311
:10B5B00013601D9B13B11D9A814B1360814F00F0E6
:10B5C000CBBC0EAA0FA94846B0EE480B01F06EF8AE
:10B5D000C6F30A530E9A0190002B45D0B0EE487B7B
:10B5E00018EE901AC1F3130141F07F5141F440115C
:10B5F000A3F2FF33002507EE901AB7EE086B9FED1C
:10B60000665B37EE467B9FED666BA7EE056B9FEDA5
:10B61000665B07EE903AB8EEE74BB0EE467BA4EEE1
:10B62000057BFDEEC76BB5EEC07BF1EE10FA16EEB2
:10B63000908A08D5B8EEE66BB4EE476BF1EE10FADF
:10B6400018BF08F1FF38B8F1160F2BD85E4901EB8F
:10B65000C80191ED007BB4EEC78BF1EE10FA01D575
:10B6600008F1FF3800211EE00F9B134403F2324122
:10B670002029C1BFC1F140018E4003F2124124FADA
:10B6800001F1D6BFC1F12001314304FA01F107EE07
:10B69000901AB8EE677B013B17EE901A0125A1F1D5
:10B6A000F871A8E70121D21A531E069345BFC2F1D3
:10B6B00001030593002300234CBF06930593B8F1C3
:10B6C000000F0C9118DB069BCDF8288043440693AD
:10B6D0000023079A092A49D8052AC4BF043A0792C9
:10B6E000079AA2F10202CCBF00240124032A48D801
:10B6F000DFE802F00B2E2C3A059B0022A3EB080397
:10B7000005930A92C8F10003E3E700220892099A20
:10B71000002A39DC4FF0010BDA465A46CDF824B046
:10B72000D9F81C700021042000F11406964230D98B
:10B7300079604846049300F08FFC049B074600287C
:10B7400046D1224B024640F2AF11F2E60122DDE77C
:10B7500000220892099A08EB020B0BF1010A5246EB
:10B76000012AB8BF0122DBE70122F2E7012400220F
:10B77000CDE907244FF0FF3B0021DA461222099160
:10B78000CEE701220892F5E7DDF824B0DA465A4602
:10B79000C6E701314000C7E761436F63A787D23F27
:10B7A000B3C8608B288AC63FFB799F501344D33FB0
:10B7B000C9DC01087ADE01080000F07F76DE0108AE
:10B7C0004ADE010849DE010870DF0108D2DE010807
:10B7D000D9F81C20BAF10E0F10606FD8002C6DD074
:10B7E000B8F1000F40F3C280CA4A08F00F0102EB23
:10B7F000C10218F4807F92ED007B4FEA281100F01F
:10B80000A980C54A92ED086B88EE066B8DED026B40
:10B8100001F00F010322C048002940F09D809DEDFA
:10B82000026B86EE077B8DED027B0C999DED027B12
:10B83000002900F0C180B7EE006BB4EEC67BF1EEDC
:10B8400010FA40F1B980BAF1000F00F0B580BBF1F9
:10B85000000F31DDB2EE046B27EE067B8DED027B2F
:10B8600008F1FF31049101325C469DED026BB1EEAF
:10B870000C5B07EE902AB8EEE77BA7EE065B15EEB1
:10B88000902A51EC150BA2F15071002C40F09880D9
:10B89000B1EE047B36EE476B41EC170BB4EEC76B91
:10B8A000F1EE10FA00F36182B1EE477BB4EEC76BA4
:10B8B000F1EE10FA00F1F5808DED028B0F9A002A5F
:10B8C000C0F22C81B8F10E0F00F32881914B03EBED
:10B8D000C80393ED006B099B002B03DABAF1000F4C
:10B8E00040F3D280B2EE044B9DED027B3E4687EEE4
:10B8F000065BBDEEC55B15EE103A303306F8013B32
:10B90000F31B9A45B8EEC53BA3EE467B40F0F880AA
:10B9100037EE077BB4EEC67BF1EE10FA00F3DD8064
:10B92000B4EE467BF1EE10FA04D115EE103ADB07C7
:10B9300000F1D3800199484600F0CEFB00230D9A18
:10B94000337008F1010313601D9B002B00F004838A
:10B950001E6001E302225EE7CC0704D590ED006B88
:10B96000013227EE067B4910083055E722D0C8F196
:10B970000001684A01F00F0002EBC00292ED007B6B
:10B9800028EE077B8DED027B63480911002402221B
:10B9900029B9002C3FF449AF8DED027B45E7CE0776
:10B9A00005D590ED006B0132012427EE067B49108E
:10B9B0000830EDE7022238E7CDF81080544654E70E
:10B9C000544A02EBC40212ED024B089A41EC170BE9
:10B9D0003C444AB3B6EE003BB7EE002B3E4683EE46
:10B9E000045BB2EE043B35EE477BFDEEC64B14EE36
:10B9F000902AB8EEE45B303236EE456BB4EEC76B9E
:10BA0000F1EE10FA06F8012B38D432EE465BB4EEB4
:10BA1000C75BF1EE10FA62D4A6423FF44DAF27EEB9
:10BA2000037B26EE036BE0E721463E4627EE047BD0
:10BA3000B2EE043BFDEEC64B14EE902A303206F80F
:10BA4000012BA642B8EEE45B36EE456B19D1B6EE9B
:10BA5000005B37EE054BB4EEC46BF1EE10FA3EDC42
:10BA600035EE475BB4EEC56BF1EE10FA7FF524AF0F
:10BA70000E46013916F8013C302BF9D0DDF8108064
:10BA800058E726EE036BD5E70BD1B1EE047B26EE2B
:10BA9000076B9DED027BB4EEC76BF1EE10FAC0F2BE
:10BAA000618100242546099BDB4304933E464FF009
:10BAB00000082146484600F00FFB002DDED0B8F10B
:10BAC000000F05D0A84503D04146484600F004FBCE
:10BAD0002946484600F000FBD0E7CDF810803346F9
:10BAE0001E4613F8012D392A06D19F42F8D1049A37
:10BAF0000132049230223A701A7801321A70BDE78E
:10BB000027EE047BB5EE407BF1EE10FA7FF4EFAE4A
:10BB100010E700BF70DF010848DF0108089900291D
:10BB200000F0E3800799012900F3C880002D00F0A0
:10BB3000C18002F23342059E1C460493059B1344C8
:10BB40000593069B012113444846069300F078FBB9
:10BB5000049B054666B1069A002A09DDB2420599A2
:10BB6000A8BF3246891A05910699B61A8A1A069212
:10BB7000FBB1089A002A00F0BC809CB129462246FD
:10BB800048460B9300F01CFC019A014605464846C6
:10BB900000F06CFB01990490484600F09DFA049A6D
:10BBA0000B9B01921A1B04D00199484600F008FC37
:10BBB00001900121484600F043FB0A9B0446002BFC
:10BBC00000F0D0811A460146484600F0F9FB079B79
:10BBD000012B044600F39580029B002B40F08B80E4
:10BBE000039BC3F31302002A40F0878023F0004236
:10BBF000120D1205002A00F08280059B0133059387
:10BC0000069B0133069301230B930A9B002B00F044
:10BC1000AF81226904EB8202106900F0C5FAC0F11D
:10BC20002000069B184410F01F0076D0C0F12002BF
:10BC3000042A69DD059BC0F11C0003440593069BA3
:10BC4000064403440693059B002B05DD01991A4623
:10BC5000484600F00FFC0190069B002B05DD2146B5
:10BC60001A46484600F006FC04460C9B002B56D0B2
:10BC70000198214600F06AFC002850DA08F1FF33F1
:10BC80000493019900230A22484600F047FA089BD2
:10BC90000190002B00F06E81294600230A224846BD
:10BCA00000F03CFABBF1000F054664DC079B022B59
:10BCB0003EDC60E00E9AC2F136023CE70AF1FF3446
:10BCC000A342BFBFE21A0A9B9B180A93AEBF1C1B7C
:10BCD00023460024BAF1000FB5BF059A059EA2EBDA
:10BCE0000A065246B8BF002227E7059E089D1C465B
:10BCF00030E71A4658E7002386E7029B84E70B9259
:10BD000083E700230B9384E79DD0059B1C321344EB
:10BD10000593069B1644134494E70246F5E7BAF1EF
:10BD2000000FCDF81080D34621DC079B022B1EDDCF
:10BD3000BBF1000F7FF4B7AE21465B4605224846B3
:10BD400000F0ECF901460446019800F0FFFB0028E2
:10BD50007FF7A9AE3E46312306F8013B049B013331
:10BD60000493A4E6CDF8108054462546F2E7089BDC
:10BD7000002B00F00381002E05DD2946324648469F
:10BD800000F078FB05460B9B002B58D069684846AD
:10BD900000F062F9064628B9824B024640F2EF21D4
:10BDA000FFF7C7BB2A690232920005F10C010C3083
:10BDB000FFF707FB01223146484600F05BFB7B1C86
:10BDC000059307EB0B030993029B03F00103A846BD
:10BDD00008930546059B0198214603F1FF3BFFF7B9
:10BDE00005FB4146029000F1300A019800F0AEFBDD
:10BDF0002A4606902146484600F0C4FBC268064623
:10BE0000FAB90146019800F0A1FB024631464846C6
:10BE10000A9200F061F9079B0A9A059E43EA020123
:10BE2000089B19430FD1BAF1390F28D0069B002B7C
:10BE300002DD029B03F1310A8BF800A039E62846A7
:10BE4000BDE70122E2E7069B002B04DB07990B43C9
:10BE500008990B4320D1002AEEDD019901224846C2
:10BE600000F008FB2146019000F070FB002803DC85
:10BE7000E2D11AF0010FDFD0BAF1390FD9D139234D
:10BE80008BF8003033461E46013B16F8012C392A48
:10BE900053D001321A700CE6002A07DDBAF1390FCF
:10BEA000EDD00AF101038BF8003002E6059B059AFC
:10BEB00003F801AC099B934229D0019900230A227F
:10BEC000484600F02BF9A84501904FF000034FF0D1
:10BED0000A024146484607D100F020F9804605464F
:10BEE000059B0133059375E700F018F92946804654
:10BEF00000230A22484600F011F90546F0E7BBF19D
:10BF0000000FCCBF5E4601263E444FF00008019969
:10BF10000122484600F0AEFA2146019000F016FBDF
:10BF20000028AFDC02D11AF0010FABD133461E4618
:10BF300013F8012D302AFAD0BBE59F42A3D1049B10
:10BF40000133049331233B70B3E51D9B164F1BB1A6
:10BF500007F108031D9A1360384611B0BDEC028B3F
:10BF6000BDE8F08F079B012B7FF736AE0A9B0B9342
:10BF7000012056E6BBF1000F7FF7D7AE3E46019891
:10BF80002146FFF733FA00F1300A06F801ABF21B45
:10BF90009345B4DD019900230A22484600F0BEF81B
:10BFA0000190ECE7D2DE01086DDE01080148FFF7E1
:10BFB000FEB900BFB8FC01240148FFF7F9B900BF82
:10BFC000B8FC012438B50546002941D051F8043C9D
:10BFD0000C1F002BB8BFE418FEF7C2F81D4A136807
:10BFE00033B9636014602846BDE83840FEF7BEB838
:10BFF000A34208D9206821188B4201BF19685B68E9
:10C0000009182160EDE71A465B680BB1A342FAD923
:10C0100011685018A0420BD1206801445018834287
:10C020001160E0D118685B68536008441060DAE77B
:10C0300002D90C232B60D6E7206821188B4204BF5D
:10C0400019685B68636004BF091821605460CAE71F
:10C0500038BD00BF74FB012470B5C66904460D46A7
:10C0600076B91020FDF7CAFF0246E06120B9184BEF
:10C0700018486B21FDF740FFC0E901660660C66005
:10C08000E669F36883B1E369DB6853F82500B8B962
:10C09000012101FA05F6721D92002046FDF752FFBC
:10C0A00060B1C0E901560EE0212204212046FDF7CF
:10C0B00049FFE369F060DB68002BE4D1002070BD2C
:10C0C000026843F825200023C0E90333F7E700BFE7
:10C0D000C9DC0108E3DE010870B5C66905460C46F7
:10C0E00076B91020FDF78AFF0246E86120B9094BB6
:10C0F00009488F21FDF700FFC0E901660660C660B0
:10C100003CB1EB696268DB6853F82210216043F8A8
:10C11000224070BDC9DC0108E3DE01082DE9F041D1
:10C120000D6907460C461E4601F1140C0020DCF890
:10C13000003099B202FB01611E0C0B0C02FB0633AE
:10C1400089B2013001EB034185424CF8041B4FEAF0
:10C150001346ECDC0EB3A368AB4219DC61683846C9
:10C160000131FFF779FF804628B902460C4B0D4894
:10C17000BA21FDF7C1FE2269023204F10C019200DE
:10C180000C30FFF71EF921463846FFF7A5FF44465D
:10C1900004EB850301355E6125612046BDE8F08131
:10C1A000D2DE0108E3DE0108B0F5803F034636BF6A
:10C1B000030400201020B3F1807F3CBF1B02083035
:10C1C000B3F1805F3CBF1B010430B3F1804F3CBF33
:10C1D0009B000230002B05DB13F0804F00F10100C3
:10C1E00008BF202070470368024613F007000BD0F9
:10C1F000D90721D4980749BF5B089B080120136029
:10C200005CBF13600220704799B209B91B0C102063
:10C21000D9B209B908301B0A190704BF1B09043039
:10C22000990704BF9B080230D90703D45B0800F1CB
:10C23000010003D013607047002070472020704732
:10C2400010B50C460121FFF707FF024628B9054B40
:10C25000054840F24511FDF74FFE0123446103619B
:10C2600010BD00BFD2DE0108E3DE01082DE9F04F6A
:10C2700014460A6923699A42A8BF23460F46A4BF01
:10C280000C461F46D4F810A0D7F81090A368616838
:10C290000AEB0906B34285B0B8BF0131FFF7DCFEF7
:10C2A00030B90246444B45484FF4B171FDF724FEC6
:10C2B00000F1140505EB86082B460022434521D3E7
:10C2C00007F1140104F1140202EB8A0201EB890365
:10C2D0000293131B153B23F00303043304F11507EA
:10C2E000BA4238BF04230193029B03918B420CD8BE
:10C2F000002E03DD58F8043D002B5BD0066105B02D
:10C30000BDE8F08F43F8042BD8E7B1F800A0BAF1EC
:10C31000000F24D004F1140EA9464FF0000C5EF873
:10C32000047BD9F800301FFA87FB9BB20AFB0B3362
:10C330004FEA174BD9F8007063444FEA174C0AFBD9
:10C340000BC707EB13479BB243EA0743724549F813
:10C35000043B4FEA174CE2D8019B45F803C0039B0E
:10C36000B3F802900431B9F1000F21D02B6804F129
:10C37000140CAE464FF0000ABCF800B0BEF80270D4
:10C3800009FB0B7757449BB243EA07434EF8043B43
:10C390005CF8043B4FEA134ABEF8003009FB0A334D
:10C3A00003EB174362454FEA134AE5D8019FEB516F
:10C3B000043599E7013E9BE7D2DE0108E3DE010880
:10C3C0002DE9F843154612F0030207460E4607D042
:10C3D000254C013A002354F82220FFF79FFE064621
:10C3E000AD103DD0FC697CB91020FDF707FE024678
:10C3F000F86128B91D4B1E4840F2B311FDF77CFDD2
:10C40000C0E901440460C460D7F81C80D8F8084033
:10C410004CB940F271213846FFF712FF0023C8F8EB
:10C420000800044603604FF00009EB070AD53146C7
:10C4300022463846FFF71AFF314680463846FFF756
:10C440004BFE46466D100BD0206838B92246214677
:10C450003846FFF70BFF2060C0F800900446E4E781
:10C460003046BDE8F88300BF3CDF0108C9DC0108A5
:10C47000E3DE01082DE9F0470C464968236903EB28
:10C480006218A368074691464FEA621A08F101064E
:10C49000B3420BDB3846FFF7DFFD054648B90246DD
:10C4A000284B29484FF4EF71FDF726FD01315B0061
:10C4B000EEE7002300F1140100F110021846534585
:10C4C00033DB20692AEAEA7A04F1140319F01F0920
:10C4D00001EB8A0103EB800C2BD0C9F1200E8A46B8
:10C4E0000022186800FA09F010434AF8040B53F8C8
:10C4F000042B9C4522FA0EF2F3D8ACEB0403153B57
:10C5000023F00303043304F11500844538BF0423EA
:10C51000CA500AB108F10206013E38462E61214692
:10C52000FFF7DAFD2846BDE8F08742F8040F013333
:10C53000C5E7043953F8042B41F8042F9C45F9D87A
:10C54000EAE700BFD2DE0108E3DE01080A6903461C
:10C550000069801A30B50ED11433143103EB820414
:10C5600001EB820154F8045D51F8042D954203D08B
:10C5700005D24FF0FF3030BDA342F3D3FBE70120DB
:10C58000F9E700002DE9F74F89460646114648466F
:10C590001446FFF7DBFF051E12D129463046FFF790
:10C5A0005BFD024628B93F4B40F237213E48FDF77C
:10C5B000A3FC0123C0E90435104603B0BDE8F08FA9
:10C5C000BCBF4B46A1463046D9F80410BABF1C4642
:10C5D00001250025FFF740FD024618B9314B40F216
:10C5E0004521E3E7D9F810702669C56009F1100309
:10C5F00009F1140504F1140E00F1140B05EB870882
:10C600000EEB86060193D9464FF0000C019B5EF8B5
:10C61000040B53F804AF01931FFA8AF3194683B24F
:10C62000CB1A000C6344C0EB1A4000EB23409BB2D2
:10C6300043EA0043764549F8043B4FEA204CE5D8ED
:10C64000331B153B23F0030315340433A64238BFD4
:10C6500004231D445B441E462C4644450ED308F17A
:10C660000301491B21F00301033DA84538BF002108
:10C670000B4453F8041D91B117619DE754F8041B56
:10C68000E646080C1CFA81FC714400EB2C4089B290
:10C6900041EA004146F8041B4FEA204CDDE7013F28
:10C6A000E7E700BFD2DE0108E3DE01082DE9F7432A
:10C6B0000F46012159EC108B1646FFF7CDFC0446BE
:10C6C00030B90246234B244840F20F31FDF714FCE9
:10C6D000C9F30A55C9F313030DB143F48013019351
:10C6E000B8F1000323D068460093FFF77CFDDDE935
:10C6F0000012D0B1C0F1200302FA03F30B43C24091
:10C7000063610192019BA361002B0CBF01220222F5
:10C710002261A5B1A5F2334505443D60C0F1350065
:10C720003060204603B0BDE8F0836161EAE701A80C
:10C73000FFF759FD019B636120300122E8E704EB1C
:10C740008203A0F2324038601869FFF72DFDC0EB7C
:10C750004210E5E7D2DE0108E3DE010851F8043CAF
:10C76000181F002BBCBF0B58C01870472DE9F047AD
:10C770008E681F46BE420B6882460C4690462DD8F6
:10C78000B1F90C2012F4906F26D06569096905EBA8
:10C790004505A3EB010905EBD5757B1C4B446D10DA
:10C7A0009D4238BF1D46530527D52946FDF758FC45
:10C7B000064660B321694A46FEF703FEA38923F4C7
:10C7C000906343F08003A381266165614E44A5EB2D
:10C7D00009052660A5603E46BE4200D93E46206857
:10C7E00032464146FEF7B0FCA3689B1BA36023685A
:10C7F000334423600020BDE8F0872A46FDF730FD72
:10C8000006460028E0D121695046FFF7DBFB0C23E8
:10C81000CAF80030A38943F04003A3814FF0FF30F2
:10C82000E9E700002DE9F04F98468B891B069DB083
:10C8300007460D46144610D50B6973B94021FDF724
:10C840000FFC2860286130B90C233B604FF0FF30AB
:10C850001DB0BDE8F08F40236B61002309932023B6
:10C860008DF82930CDF80C803023DFF89C818DF8CD
:10C870002A304FF0010923469A4613F8012B0AB1DA
:10C88000252AF9D1BAEB040B0BD05B462246294688
:10C890003846FFF76BFF013000F0A780099A5A4431
:10C8A00009929AF80030002B00F09F8000234FF08F
:10C8B000FF32CDE905230AF1010A049307938DF8AD
:10C8C00053301A935446052214F8011B4E48E3F7DF
:10C8D00017FD049AD8B9D00644BF20238DF85330F1
:10C8E000110744BF2B238DF853309AF800302A2BC0
:10C8F00015D0079A544600204FF00A0C214611F833
:10C90000013B303B092B4BD9B0B1079214E0A0EBAF
:10C91000080309FA03F313430493A246D2E7039BE7
:10C92000191D1B680391002BBBBF5B4242F0020242
:10C9300007930793B8BF049223782E2B0AD163780C
:10C940002A2B32D1039B1A1D1B68039243EAE3731F
:10C9500002340593DFF8C0A0217803225046E3F7A4
:10C96000CFFC38B1049BA0EB0A0040228240134365
:10C970000134049314F8011B24488DF82810062272
:10C98000E3F7BEFC002836D0214B1BBB039B0733CB
:10C9900023F0070308330393099B334409936AE7A1
:10C9A0000CFB02320C460120A8E70023013405935A
:10C9B00019464FF00A0C204610F8012B303A092A8C
:10C9C00003D9002BC6D00591C4E70CFB0121044616
:10C9D0000123F0E703AB00932A460E4B04A9384627
:10C9E000FDF772FD421C0646D6D1AB895B063FF5CA
:10C9F0002DAF09982CE703AB00932A46054B04A9F9
:10CA00003846FDF7E9FFEDE738E0010842E00108AC
:10CA1000C9A401086DC701083EE001089368013B05
:10CA2000002B10B4936008DA9469A34201DB0A2951
:10CA300003D15DF8044BFEF7E3BA1368581C10608D
:10CA4000197008465DF8044B7047F8B506460F4666
:10CA50001446D518AC4201D1002007E014F8011BA0
:10CA60003A463046FFF7DAFF431CF3D1F8BD000029
:10CA70002DE9F04F0D469DB014469846064618B174
:10CA8000036A0BB9FEF754F96B6ED90705D4AB896D
:10CA90009A0502D4A86DFEF78AFCAB891B0701D565
:10CAA0002B699BB929463046FEF7E8FA70B16B6EE8
:10CAB000DC0704D54FF0FF301DB0BDE8F08FAB8927
:10CAC0009805F7D4A86DFEF773FCF3E700230993EC
:10CAD00020238DF82930CDF80C803023DFF8AC818D
:10CAE0008DF82A304FF0010923469A4613F8012B9E
:10CAF0000AB1252AF9D1BAEB040B0BD05B462246CA
:10CB000029463046FFF7A1FF013000F0A780099ABF
:10CB10005A4409929AF80030002B00F09F800023BD
:10CB20004FF0FF32CDE905230AF1010A0493079380
:10CB30008DF853301A935446052214F8011B5348BC
:10CB4000E3F7DEFB049AD8B9D10644BF20238DF861
:10CB50005330130744BF2B238DF853309AF800301D
:10CB60002A2B15D0079A544600204FF00A0C214674
:10CB700011F8013B303B092B4BD9B0B1079214E0BF
:10CB8000A0EB080309FA03F313430493A246D2E788
:10CB9000039B191D1B680391002BBBBF5B4242F036
:10CBA000020207930793B8BF049223782E2B0AD171
:10CBB00063782A2B32D1039B1A1D1B68039243EA28
:10CBC000E37302340593DFF8D4A0217803225046A2
:10CBD000E3F796FB38B1049BA0EB0A0040228240A9
:10CBE00013430134049314F8011B29488DF82810CD
:10CBF0000622E3F785FB00283FD0264B1BBB039B97
:10CC0000073323F0070308330393099B3B4409933D
:10CC10006AE70CFB02320C460120A8E7002301342E
:10CC2000059319464FF00A0C204610F8012B303AB4
:10CC3000092A03D9002BC6D00591C4E70CFB0121BA
:10CC400004460123F0E703AB00932A46124B04A9E4
:10CC50003046FDF739FC0746781CD6D16B6ED907F4
:10CC600005D4AB899A0502D4A86DFEF7A1FBAB8968
:10CC70005B063FF51FAF09981EE703AB00932A46FA
:10CC8000054B04A93046FDF7A7FEE4E738E00108AC
:10CC900042E00108C9A401084BCA01083EE00108AE
:10CCA000B1F90C202DE9F041160705460C4654D485
:10CCB0004B68002B02DC0B6C002B48DDE66A002E73
:10CCC00045D0002312F480522F68216A2B6030D0A7
:10CCD000626DA389590705D56368D21A636B0BB1DE
:10CCE000236CD21A0023E66A216A2846B047431C07
:10CCF000A38906D129681D292BD82A4A0A41D607BB
:10CD000027D400226260D9042269226004D5421C23
:10CD100001D12B6803B96065616B2F60B9B104F173
:10CD20004403994202D02846FFF74CF9002363637D
:10CD30000DE001232846B0470246501CC9D12B689C
:10CD4000002BC6D01D2B01D0162B1ED12F6000202A
:10CD500022E043F040031BB21BE00F69002FF6D026
:10CD600093070E6808BF4B690F6018BF0023A6EB3E
:10CD700007088B60B8F1000FE9DD216AA66A434617
:10CD80003A462846B047002808DCB4F90C3043F096
:10CD90004003A3814FF0FF30BDE8F0810744A8EBCA
:10CDA0000008E7E7FEFFBFDF38B50B6905460C4614
:10CDB00013B90025284638BD18B1036A0BB9FDF731
:10CDC000B7FFB4F90C30002BF3D0626ED00704D457
:10CDD000990502D4A06DFEF7EAFA28462146FFF72E
:10CDE0005FFF636EDA070546E4D4A3899B05E1D4AF
:10CDF000A06DFEF7DDFADDE770B50C46B1F90E1057
:10CE0000002996B015461E460DDAA38913F0800F4F
:10CE10004FF0000114BF40234FF4806300203160C5
:10CE20002B6016B070BD6A4600F078F80028ECDB85
:10CE3000019901F47041A1F50053594259414FF451
:10CE40008063EBE78B89F7B59D0706460C4607D54F
:10CE500004F14703236023610123636103B0F0BD44
:10CE600001AB6A46FFF7C8FF009F054639463046CA
:10CE7000FDF7F6F848B9B4F90C309A05EED423F072
:10CE8000030343F00203A381E2E7A389206043F098
:10CE90008003A381019BC4E904075BB1B4F90E10C0
:10CEA000304600F04DF828B1A38923F0030343F086
:10CEB0000103A381A3891D43A581CFE71F2938B5AD
:10CEC00005460C4604D9162303604FF0FF3038BDE9
:10CED000C26B12B152F821304BB9284600F052F81B
:10CEE000224601462846BDE8384000F039B8012BFB
:10CEF0000AD0591C03D1162303600120E7E7002163
:10CF000042F82410204698470020E0E7024B0146F3
:10CF10001868FFF7D3BF00BFC800002438B5074D1D
:10CF200000230446084611462B60E4F74BF9431CE6
:10CF300002D12B6803B1236038BD00BFB4FC0124CB
:10CF400038B5064D0023044608462B60E4F74AF93D
:10CF5000431C02D12B6803B1236038BDB4FC01240B
:10CF600038B5074D00230446084611462B60E4F708
:10CF7000E5F8431C02D12B6803B1236038BD00BF24
:10CF8000B4FC0124E4F7D2B882B001B901A942B1DE
:10CF90004BB113780B601278101E18BF012002B03D
:10CFA00070471046FBE76FF00100F8E703460846BC
:10CFB00041B1FF2A04D98A221A604FF0FF3070472E
:10CFC0000A70012070470000F8B500BFF8BC08BC2B
:10CFD0009E467047F8B500BFF8BC08BC9E46704737
:10CFE0007374617274204150502048616E646C65A6
:10CFF000000000004572726F72206F6E20646566DB
:10D0000061756C7420616C6C6F6361746F727320F6
:10D01000286C696E65202564290A00005075626CD1
:10D02000697368696E673A2025640A004661696C15
:10D030006564206F6E206C696E652025643A20253A
:10D04000642E20436F6E74696E75696E672E0A00D8
:10D050004572726F72206F6E206C696E6520256458
:10D060003A2025642E2041626F7274696E672E0A21
:10D0700000000000524F5320446F6D61696E2049DB
:10D08000443A25640A0000005265636F6E6E656362
:10D0900074696E67206167656E742E2E2E00000025
:10D0A00053746172742059425F4578616D706C658C
:10D0B0005F4E6F646500000059425F4578616D7096
:10D0C0006C655F4E6F646500696E7433325F7075B6
:10D0D000626C6973686572006578656375746F72F8
:10D0E0005F636F756E743A25640A0000524F5320D7
:10D0F0005461736B20456E640000000052657374C8
:10D100006172742053797374656D212121000000D0
:10D1100064656661756C745461736B006D795461FC
:10D12000736B526F73000000646174610000000053
:10D130007374645F6D7367735F5F6D736700000086
:10D14000496E74333200000049444C450000000031
:10D15000546D722053766300546D725100000000CC
:10D16000047DC12502000000FFD7F232000000005C
:10D1700058524345010F0000FFFE000010D1010886
:10D18000000000000000000000000000000000009F
:10D19000D0070000080000000000000000000000B0
:10D1A0001CD1010800000000000000000000000089
:10D1B00000000000E02E0000180000000000000049
:10D1C000000000000000000001020304010203044B
:10D1D00006070809000610160006101601000200D6
:10D1E0000400060008000A000C00100020004000A7
:10D1F000800000010101010307010000080402048E
:10D200000801010130D1010840D1010801000000EE
:10D210000400000018000024FDAA000817AB000855
:10D2200000000000000000000000000000000000FE
:10D2300000000000000000000000000000000000EE
:10D2400000000000000000000000000000000000DE
:10D2500000000000000000000000000000000000CE
:10D2600000000000000000000000000000000000BE
:10D2700000000000000000000000000000000000AE
:10D28000000000000000000000000000000000009E
:10D29000000000000000000000000000000000008E
:10D2A000000000000000000000000000000000007E
:10D2B000010000000A000000010200000000000060
:10D2C000000000000000000000000000000000005E
:10D2D000000000000000000000000000000000004E
:10D2E000000000000000000000000000000000003E
:10D2F000000000000000000000000000000000002E
:10D30000524F535F4C4F43414C484F53545F4F4E25
:10D310004C5900002E0000002F0000002F25730044
:10D32000257325730000000025732F25730000006E
:10D3300000000000000000000000000000000000ED
:10D34000010000000A0000000102000000000000CF
:10D3500000000000000000000000000000000000CD
:10D3600000000000000000000000000000000000BD
:10D3700000000000000000000000000000000000AD
:10D38000000000000000000000000000000000009D
:10D39000524F535F53454355524954595F454E418F
:10D3A000424C45007472756500000000524F535F97
:10D3B00053454355524954595F535452415445477C
:10D3C00059000000456E666F72636500656E636CA0
:10D3D0006176657300000000524F535F534543551B
:10D3E000524954595F4B455953544F524500000020
:10D3F000524F535F53454355524954595F454E432D
:10D400004C4156455F4F5645525249444500000035
:10D410000000000072636C5F76616C696461746522
:10D420005F656E636C6176655F6E616D655F776980
:10D4300074685F73697A6528293A20756E6B6E6F20
:10D44000776E20726D775F76616C69646174655F79
:10D450006E616D6573706163655F776974685F7332
:10D46000697A65282920726573756C742027256494
:10D470002700000000000000000000000000000085
:10D48000000000000000000000000000000000009C
:10D49000000000000000000000000000000000008C
:10D4A000000000000000000000000000000000007C
:10D4B00000000000000000000000000061726775BD
:10D4C0006D656E7420656E765F6E616D6520697343
:10D4D000206E756C6C000000617267756D656E740E
:10D4E00020656E765F76616C7565206973206E7558
:10D4F0006C6C000065000000726F7369646C5F748F
:10D50000797065737570706F72745F6D6963726F37
:10D51000787263656464735F630000003A3A0000E8
:10D5200025732573257325732573257325730000D3
:10D530005F0000006464730072740000726D775FB6
:10D5400076616C69646174655F6E616D657370614D
:10D55000636528293A20756E6B6E6F776E20726D49
:10D56000775F76616C69646174655F66756C6C5F2A
:10D57000746F7069635F6E616D65282920726573D1
:10D58000756C74202725642700000000756E6B6E93
:10D590006F776E20726573756C7420636F6465209D
:10D5A000666F7220726D77206E616D657370616356
:10D5B000652076616C69646174696F6E00000000BB
:10D5C0006E616D657370616365206D757374206E37
:10D5D0006F7420626520656D707479006E616D6591
:10D5E0007370616365206D7573742062652061627C
:10D5F000736F6C7574652C206974206D757374205D
:10D600006C6561642077697468206120272F27008A
:10D610006E616D657370616365206D757374206EE6
:10D620006F7420656E642077697468206120272FED
:10D63000272C20756E6C657373206F6E6C7920617A
:10D6400020272F27000000006E616D6573706163F5
:10D6500065206D757374206E6F7420636F6E7461D6
:10D66000696E2063686172616374657273206F74A0
:10D67000686572207468616E20616C7068616E7597
:10D680006D65726963732C20275F272C206F7220D1
:10D69000272F27006E616D657370616365206D755E
:10D6A0007374206E6F7420636F6E7461696E207284
:10D6B0006570656174656420272F27006E616D6554
:10D6C0007370616365206D757374206E6F7420686C
:10D6D000617665206120746F6B656E20746861747B
:10D6E0002073746172747320776974682061206E8E
:10D6F000756D6265720000006E616D6573706163C7
:10D70000652073686F756C64206E6F742065786334
:10D710006565642027524D575F4E414D455350413A
:10D7200043455F4D41585F4E414D455F4C454E4727
:10D730005448270000000000C0D50108DCD50108CE
:10D7400010D6010848D6010894D60108BCD60108B5
:10D75000F8D60108756E6B6E6F776E207265737503
:10D760006C7420636F646520666F7220726D772021
:10D770006E6F6465206E616D652076616C696461B1
:10D7800074696F6E000000006E6F6465206E616DDD
:10D7900065206D757374206E6F7420626520656DF1
:10D7A000707479006E6F6465206E616D65206D75B3
:10D7B0007374206E6F7420636F6E7461696E206382
:10D7C000686172616374657273206F74686572203A
:10D7D0007468616E20616C7068616E756D657269E8
:10D7E0006373206F7220275F270000006E6F6465EF
:10D7F000206E616D65206D757374206E6F7420737B
:10D800007461727420776974682061206E756D622E
:10D81000657200006E6F6465206E616D65206C65D9
:10D820006E6774682073686F756C64206E6F742007
:10D830006578636565642027323535270000000070
:10D840000000000088D70108A4D70108ECD7010820
:10D8500014D80108726F7369646C5F7479706573B2
:10D860007570706F72745F696E74726F73706563D8
:10D8700074696F6E5F6300007374645F6D736773C8
:10D8800000000000726F7369646C5F747970657377
:10D890007570706F72745F696E74726F73706563A8
:10D8A00074696F6E5F635F5F6765745F6D657373E7
:10D8B0006167655F747970655F737570706F72749E
:10D8C0005F68616E646C655F5F7374645F6D7367DE
:10D8D000735F5F6D73675F5F496E74333200000082
:10D8E000726F7369646C5F74797065737570706F53
:10D8F00072745F6D6963726F787263656464735F7D
:10D90000635F5F6765745F6D6573736167655F749F
:10D910007970655F737570706F72745F68616E6443
:10D920006C655F5F7374645F6D7367735F5F6D7366
:10D93000675F5F496E7433320000000054D80108FD
:10D94000F8D401080200000078D801083CD9010889
:10D9500058D901087C00002484D80108E0D80108C7
:10D960007374645F6D7367733A3A6D736700000098
:10D970000000C1C081C1400101C3C003800241C297
:10D9800001C6C006800741C70005C1C581C4400467
:10D9900001CCC00C800D41CD000FC1CF81CE400E17
:10D9A000000AC1CA81CB400B01C9C009800841C827
:10D9B00001D8C018801941D9001BC1DB81DA401A97
:10D9C000001EC1DE81DF401F01DDC01D801C41DC67
:10D9D0000014C1D481D5401501D7C017801641D697
:10D9E00001D2C012801341D30011C1D181D04010A7
:10D9F00001F0C030803141F10033C1F381F2403297
:10DA00000036C1F681F7403701F5C035803441F466
:10DA1000003CC1FC81FD403D01FFC03F803E41FE16
:10DA200001FAC03A803B41FB0039C1F981F8403826
:10DA30000028C1E881E9402901EBC02B802A41EA96
:10DA400001EEC02E802F41EF002DC1ED81EC402C66
:10DA500001E4C024802541E50027C1E781E6402696
:10DA60000022C1E281E3402301E1C021802041E0A6
:10DA700001A0C060806141A10063C1A381A2406296
:10DA80000066C1A681A7406701A5C065806441A466
:10DA9000006CC1AC81AD406D01AFC06F806E41AE16
:10DAA00001AAC06A806B41AB0069C1A981A8406826
:10DAB0000078C1B881B9407901BBC07B807A41BA96
:10DAC00001BEC07E807F41BF007DC1BD81BC407C66
:10DAD00001B4C074807541B50077C1B781B6407696
:10DAE0000072C1B281B3407301B1C071807041B0A6
:10DAF0000050C190819140510193C0538052419296
:10DB00000196C056805741970055C1958194405465
:10DB1000019CC05C805D419D005FC19F819E405E15
:10DB2000005AC19A819B405B0199C0598058419825
:10DB30000188C04880494189004BC18B818A404A95
:10DB4000004EC18E818F404F018DC04D804C418C65
:10DB50000044C184818540450187C0478046418695
:10DB60000182C042804341830041C18181804040A5
:10DB700000000000000000000000000000000000A5
:10DB800000000000298301082D8301080000000027
:10DB90000000000000000000000000002D830108CC
:10DBA00031830108358301080000000000000000F7
:10DBB0000000000031830108358301083983010822
:10DBC0000000000000000000000000000000000055
:10DBD0000000000000000000000000000000000045
:10DBE0000000000000000000000000000000000035
:10DBF0000000000000000000000000000000000025
:10DC00000000000000000000000000000000000014
:10DC10000000000000000000000000000000000004
:10DC2000524F535F444F4D41494E5F4944000000FD
:10DC300025732F25732573007B6E6F64657D00004F
:10DC40007B6E737D000000007B6E616D657370619B
:10DC500063657D0000000000000000006364720046
:10DC6000726D775F6D6963726F78726365646473F8
:10DC70000000000060DC0108726F7369646C5F74FF
:10DC8000797065737570706F72745F63002C2066B5
:10DC9000756E6374696F6E3A200061737365727498
:10DCA000696F6E2022257322206661696C65643A73
:10DCB0002066696C6520222573222C206C696E65B4
:10DCC000202564257325730A005245454E54206D66
:10DCD000616C6C6F63207375636365656465640074
:10DCE0002F6275696C642F676E752D746F6F6C731E
:10DCF0002D666F722D73746D33325F31322E332E79
:10DD000072656C312E32303234303631322D31334F
:10DD100031352F7372632F6E65776C69622F6E6574
:10DD2000776C69622F6C6962632F7374646C6962CB
:10DD30002F72616E642E630000202020202020209E
:10DD400020202828282828202020202020202020AB
:10DD500020202020202020202088101010101010BB
:10DD60001010101010101010100404040404040407
:10DD700004040410101010101010414141414141A1
:10DD80000101010101010101010101010101010183
:10DD90000101010110101010101042424242424293
:10DDA0000202020202020202020202020202020253
:10DDB00002020202101010102000000000000000FB
:10DDC0000000000000000000000000000000000053
:10DDD0000000000000000000000000000000000043
:10DDE0000000000000000000000000000000000033
:10DDF0000000000000000000000000000000000023
:10DE00000000000000000000000000000000000012
:10DE10000000000000000000000000000000000002
:10DE200000000000000000000000000000000000F2
:10DE3000000000000000000000494E4600696E66C8
:10DE4000004E414E006E616E00300030313233348E
:10DE50003536373839414243444546003031323354
:10DE600034353637383961626364656600496E66F9
:10DE7000696E697479004E614E002F6275696C6439
:10DE80002F676E752D746F6F6C732D666F722D73A7
:10DE9000746D33325F31322E332E72656C312E3217
:10DEA000303234303631322D313331352F737263A5
:10DEB0002F6E65776C69622F6E65776C69622F6C67
:10DEC0006962632F7374646C69622F64746F612E6E
:10DED000630042616C6C6F63207375636365656496
:10DEE0006564002F6275696C642F676E752D746FA1
:10DEF0006F6C732D666F722D73746D33325F3132B8
:10DF00002E332E72656C312E32303234303631324F
:10DF10002D313331352F7372632F6E65776C6962E3
:10DF20002F6E65776C69622F6C6962632F737464FE
:10DF30006C69622F6D707265632E630005000000CE
:10DF4000190000007D0000000080E03779C34143E4
:10DF5000176E05B5B5B89346F5F93FE9034F384D4F
:10DF6000321D30F94877825A3CBF737FDD4F1575FB
:10DF7000000000000000F03F00000000000024400E
:10DF800000000000000059400000000000408F40E9
:10DF9000000000000088C34000000000006AF84054
:10DFA0000000000080842E4100000000D012634178
:10DFB0000000000084D797410000000065CDCD41EE
:10DFC000000000205FA00242000000E876483742CF
:10DFD000000000A2941A6D42000040E59C30A2426D
:10DFE0000000901EC4BCD64200003426F56B0C43E2
:10DFF0000080E03779C3414300A0D8855734764389
:10E0000000C84E676DC1AB43003D9160E458E143E9
:10E01000408CB5781DAF154450EFE2D6E41A4B445E
:10E0200092D54D06CFF08044F64AE1C7022DB544A3
:10E03000B49DD9794378EA44232D302B2000686CB5
:10E040004C00656667454647004300504F534958AA
:04E05000002E00009E
:08E054008C22FE7F0100000098
:08E05C00C50200086D33010844
:04E06400A10200080D
:10E068001E000000F40300240090D0030090D003A9
:10E07800100000000100000028D101080D00000078
:10E088000000000000000000000000000000000088
:10E098000000000000000000000000000000000078
:10E0A8000000000000000000000000000000000068
:10E0B800000000000000000004D201083D33010800
:10E0C800AAAAAAAAED0C0108E90C0108E50C0108A6
:10E0D800E10C01080000000054D801082DAB00082D
:10E0E800D53301080000000044D9010881900108D7
:10E0F800F8D401089C0000243D33010860D90108C8
:10E10800D8D80108B133010891330108C133010897
:10E118009D3301088133010878DC01080000000004
:10E128000300000078FB0124CC000024000000005C
:10E1380078FB0124E0FB012448FC012400000000D6
:10E1480000000000000000000000000000000000C7
:10E1580000000000000000000000000000000000B7
:10E1680000000000000000000000000000000000A7
:10E178000000000000000000430000000000000054
:10E188000000000000000000000000000000000087
:10E198000000000000000000430000000000000034
:10E1A8000000000000000000000000000000000067
:10E1B8000000000000000000430000000000000014
:10E1C8000000000000000000000000000000000047
:10E1D80000000000000000004300000000000000F4
:10E1E8000000000000000000000000000000000027
:10E1F80000000000000000004300000000000000D4
:10E208000000000000000000000000000000000006
:10E2180000000000000000004300000000000000B3
:10E2280000000000000000000000000000000000E6
:10E238000000000000000000430000000000000093
:10E2480000000000000000000000000000000000C6
:10E258000000000000000000ADCF010889CF0108D0
:10E268000000000038DD010851E00108C8DC0108A1
:10E27800C8DC0108C8DC0108C8DC0108C8DC0108E2
:10E28800C8DC0108C8DC0108C8DC0108C8DC0108D2
:10E29800FFFFFFFFFFFFFFFFFFFFFFFFFFFF000084
:10E2A80001004153434949000000000000000000FC
:10E2B8000000000000000000000000000000000056
:10E2C80000004153434949000000000000000000DD
:10E2D8000000000000000000000000000000000036
:04E2E8000000000032
:0400000508001715C3
:00000001FF
