:020000040800F2
:1000000000000824251B000859130008611300088C
:10001000691300087113000879130008000000003C
:10002000000000000000000000000000D1D5000822
:10003000811300080000000021D80008B9AF0008B3
:10004000751B0008751B0008751B0008751B000850
:10005000751B0008751B0008751B0008751B000840
:10006000751B0008751B0008751B0008911300081C
:10007000A5130008751B0008751B0008751B0008F8
:10008000751B0008751B0008751B0008751B000810
:10009000751B0008751B0008751B0008751B000800
:1000A000751B0008751B0008751B0008751B0008F0
:1000B000751B0008751B0008751B0008751B0008E0
:1000C000751B0008751B0008751B0008751B0008D0
:1000D000751B0008B9130008751B0008CD13000834
:1000E000751B0008751B000800000000751B000848
:1000F000751B0008751B0008751B0008751B0008A0
:10010000751B0008751B0008751B0008751B00088F
:10011000751B0008751B0008751B0008E11300081B
:10012000751B0008751B0008751B0008751B00086F
:10013000751B0008751B0008751B0008751B00085F
:1001400000000000000000000000000000000000AF
:10015000751B0008751B0008751B0008751B00083F
:10016000751B0008751B0008751B0008751B00082F
:10017000751B0008751B0008751B000800000000B7
:10018000751B0008751B0008751B0008751B00080F
:10019000751B0008751B0008751B0008751B0008FF
:1001A000751B0008751B0008751B0008751B0008EF
:1001B000751B0008751B0008751B0008751B0008DF
:1001C000751B0008751B0008751B0008751B0008CF
:1001D000751B0008751B0008751B0008751B0008BF
:1001E000751B0008751B0008751B0008751B0008AF
:1001F000751B0008751B0008751B0008751B00089F
:10020000751B0008751B0008751B0008751B00088E
:10021000751B0008751B0008751B0008751B00087E
:10022000751B0008751B0008751B00080000000006
:10023000751B0008751B000800000000751B0008F6
:10024000751B0008751B0008751B0008751B00084E
:10025000751B0008751B0008751B0008751B00083E
:10026000751B0008751B0008751B0008751B00082E
:10027000751B0008751B0008751B000800000000B6
:10028000751B0008751B0008751B000800000000A6
:0802900000000000751B0008CE
:1002A00010B5054C237833B9044B13B10448AFF3B0
:1002B00000800123237010BD000300240000000013
:1002C000B8D0010808B5034B1BB103490348AFF38D
:1002D000008008BD0000000004030024B8D001081D
:1002E00010F8012B11F8013B012A28BF9A42F7D0E0
:1002F000D01A70470000000000000000000000005D
:1003000001F0FF01102A2BDB10F0070F08D010F8C6
:10031000013B013A8B422DD010F0070F42B3F6D1CA
:10032000F0B441EA012141EA014122F007047FF0E3
:1003300000070023F0E80256083C85EA010586EA3A
:10034000010685FA47F5A3FA87F586FA47F6A5FA76
:1003500087F68EB9EED1F0BC01F0FF0102F0070282
:1003600032B110F8013B013A83EA010313B1F8D12D
:100370000020704701387047002D06BF354603380E
:10038000073815F0010F07D1013015F4807F02BF47
:10039000013015F4C03F0130F0BC0138704700BF98
:1003A000034613F8012B002AFBD1181A01387047B5
:1003B0007BB972B90029BEBF00204FF0004106E0B2
:1003C00008BF00281CBF6FF000414FF0FF3000F065
:1003D000B5B9ADF1080C6DE904CE002909DB002B9D
:1003E0001ADB00F04DF8DDF804E0DDE9022304B08B
:1003F0007047404261EB4101002B1BDB00F040F8ED
:10040000DDF804E0DDE9022304B0404261EB410184
:10041000524263EB43037047524263EB430300F0E5
:100420002FF8DDF804E0DDE9022304B0404261EB7F
:1004300041017047524263EB430300F021F8DDF8BD
:1004400004E0DDE9022304B0524263EB430370474A
:1004500053B94AB9002908BF00281CBF4FF0FF312B
:100460004FF0FF3000F06AB9ADF1080C6DE904CE31
:1004700000F006F8DDF804E0DDE9022304B070477F
:100480002DE9F047089D0C46002B4ED194468C4533
:100490008646B2FA82F262D94AB1C2F12003914093
:1004A00020FA03F30CFA02FC194300FA02FE4FEAA9
:1004B0001C471FFA8CF6B1FBF7F44FEA1E4307FB0B
:1004C000141143EA014304FB06F199420AD91CEBDB
:1004D000030304F1FF3080F01281994240F20F8152
:1004E000023C6344591A1FFA8EF3B1FBF7F007FB85
:1004F000101143EA014300FB06F69E420AD91CEBA9
:10050000030300F1FF3180F0FC809E4240F2F9804D
:10051000634402389B1B40EA044000211DB1D340D4
:100520000022C5E90032BDE8F0878B4205D90DB144
:10053000C5E9000100210846F5E7B3FA83F1002977
:1005400046D1A34202D39042C0F0F080861A64EBF9
:1005500003030120002DE6D0C5E90063E3E7002A8C
:1005600040F09080A1EB0C044FEA1C481FFA8CF776
:100570000121B4FBF8F64FEA1E4308FB164443EA98
:10058000044307FB06F0984208D91CEB030306F16D
:10059000FF3402D2984200F2CD8026461C1A1FFA80
:1005A0008EF3B4FBF8F008FB104443EA044300FB6D
:1005B00007F79F4208D91CEB030300F1FF3402D276
:1005C0009F4200F2B0802046DB1B40EA0640A5E7D0
:1005D000C1F120068B4022FA06F71F4320FA06FCE1
:1005E00004FA01F343EA0C03F44000FA01F8380C72
:1005F0004FEA1349B4FBF0FE1FFA87FC00FB1E44D0
:1006000049EA04440EFB0CF9A14502FA01F20AD9A9
:100610003C190EF1FF3A80F08480A14540F28180C0
:10062000AEF1020E3C44A4EB09041FFA83F9B4FBBB
:10063000F0F300FB134449EA044403FB0CFCA4451B
:1006400007D93C1903F1FF3067D2A44565D9023BB5
:100650003C4443EA0E40A0FB0293A4EB0C049C42F2
:10066000CE469C4651D34ED055B1B8EB0E0364EB49
:100670000C0404FA06F6CB401E43CC40C5E90064E6
:10068000002150E7C2F1200320FA03F10CFA02FC2A
:1006900024FA03F394400C434FEA1C4800FA02FE8C
:1006A0001FFA8CF7B3FBF8F008FB1031230C43EA78
:1006B000014300FB07F1994208D91CEB030300F149
:1006C000FF362CD299422AD9023863445B1AA4B26D
:1006D000B3FBF8F108FB113344EA034401FB07F3D1
:1006E000A34208D91CEB040401F1FF3613D2A34244
:1006F00011D902396444E41A41EA004139E7044659
:10070000F0E6084606E7C845AED2B9EB020E63EB49
:10071000070C0138A8E73146EDE7034699E7304674
:10072000D4E7D6467FE7634402384DE706462346C2
:1007300008460FE7023E634430E700BF704700BF42
:1007400080B500AF094B1B780133DAB2074B1A7042
:10075000064B1B78142B07D9044B00221A704FF458
:100760000051034804F0F5FB00BF80BD1C030024CA
:100770000008025880B582B000AF0BF015FF0346A9
:100780007B6006481AF0FCFBFFF7DAFF3B1D0A21ED
:1007900018460BF037FD00BFF6E700BFD0D00108C8
:1007A00080B485B000AF03460A46FB711346BB8098
:1007B0004FF0FF33FB60FB79012B08D0FB79022B54
:1007C00005D0FB79032B02D0FB79042B10D1B7F9AC
:1007D0000430B43B40F6980202FB03F31B4A82FB51
:1007E00003121A44D211DB179B1A03F56173FB60E5
:1007F000FB79052B0FD1B7F9043040F6F84202FB24
:1008000003F3134A82FB03121A441212DB17D31AA2
:1008100003F5BE73FB60FB79062B0FD1B7F90430EB
:1008200040F6980202FB03F3084A82FB03121A44C3
:10083000D211DB17D31A03F56173FB60FB6818460E
:100840001437BD465DF8047B704700BFB7600BB638
:1008500049D6B9F280B584B000AF0346FB710B46B0
:10086000BB8013467B80B7F90420FB7911461846FC
:10087000FFF796FF0346FB81B7F90E30002B06DB2E
:10088000F9897A88FB79184600F018F800E000BF73
:100890001037BD4680BD000080B582B000AF7860E3
:1008A0000B467B807A88FF237968034807F018FDA0
:1008B00000BF0837BD4680BDA805002480B588B0BC
:1008C00000AF0346FB710B46BB8013467B80FF23C2
:1008D000FB77FF23BB77FB797B7707233B770323EA
:1008E000FB762A23BB76BB88B3F57A6F03D94FF426
:1008F0007A63BB8004E0BB885F2B01D86023BB8098
:10090000BB881B0A9BB27B76BB883B767B881B0A25
:100910009BB2FB757B88BB757A7F3B7F1344DAB251
:10092000FB7E1344DAB2BB7E1344DAB27B7E1344FF
:10093000DAB23B7E1344DAB2FB7D1344DAB2BB7DFC
:100940001344DBB2DB437B75FB7F3B72BB7F7B7267
:100950007B7FBB723B7FFB72FB7E3B73BB7E7B73FB
:100960007B7EBB733B7EFB73FB7D3B74BB7D7B74EB
:100970007B7DBB7407F108030B211846FFF78CFF42
:1009800000BF2037BD4680BDB0B500AF01F044F9CF
:10099000034600221C46154622462B4610461946A1
:1009A000B0BD0000B0B588B000AFFFF7EDFFC7E9FC
:1009B00004010023FB770DE04FF47A7012F0EAFF98
:1009C000FB7F0133FB7712F0BFFF0346002B01D002
:1009D0000523FB77FB7F042BEED912F0B5FF03460E
:1009E00083F00103DBB2002B12D04FF47A7012F0C7
:1009F000D1FFF860FB68002B0AD0FA6878210F4815
:100A00001AF056FA0E4B05221A6000200BF086FBF6
:100A100012F0A4FFC7E90001FFF7B6FFC7E9040120
:100A2000D7E90001D7E90423841A61EB0305054BDC
:100A3000C3E9004500BF2037BD46B0BDE4D0010882
:100A4000200300240804002480B586B000AF3B1DBD
:100A5000184611F0B5F90F4B7B600F4BBB600F4B85
:100A6000FB600F4B3B613B1D184611F0B7F9034685
:100A700083F00103DBB2002B06D09D2109481AF058
:100A800017FA4FF0FF3300E0002318461837BD4631
:100A900080BD00BF11AC000855AC00088DAC00084B
:100AA000F9AC000808D1010880B588B004AF7860BF
:100AB0000023FB607B680293074B0193074B009375
:100AC000074B084A0849012011F0DAFDF860FB687D
:100AD00018461037BD4680BD35AA0008D9A90008C0
:100AE000B9A900088DA900081405002480B500AF3D
:100AF0000A4B1B680133094A1360084B1B68642BBF
:100B000008DD064B00221A600121642011F0D0FD9F
:100B1000034600E00023184680BD00BF20040024E7
:100B200080B586B000AF78607B687B617B691B789D
:100B3000FB747B695B883B827B699B88FB81F97CCA
:100B4000B7F91020B7F90E3007481AF0B1F9B7F924
:100B50000E20B7F91010FB7C1846FFF77BFE00BF94
:100B60001837BD4680BD00BF30D10108B0B5B4B064
:100B700002AF0023C7F8C430A14C07F18803184620
:100B800011F04AF9254607F188040FCC0FC52368F8
:100B90002B600FF0B9FA0346C7F8A430984B07F161
:100BA000A4046D4603F10C0292E8030085E80300FB
:100BB0000ECB20460FF0AAFAC7F8C000D7F8C03015
:100BC000002B0BD0D7F8C020DF218E481AF070F927
:100BD0008D4B05221A6000200BF0A0FA8B4B1B787E
:100BE0001A4607F1A403114618460FF08DFBC7F80B
:100BF000BC00D7F8BC30002B0BD0D7F8BC20E021CC
:100C000080481AF055F9804B05221A6000200BF03D
:100C100085FA07F1A40318460FF07EFBC7F8B80069
:100C200032200AF0BFFA794B1B78194678481AF03F
:100C30003FF9D7F8B800FFF737FFFFF705FF4FF48C
:100C4000FA700AF0AFFA07F1A4036D4A009200228D
:100C5000002170480EF0A0FFC7F8C400D7F8C430D8
:100C6000002B03D06C481AF08BF9E8E700BF6B4803
:100C70001AF086F9FFF796FE694C07F188031846CB
:100C80000FF072FB224607F1880393E8030082E825
:100C90000300604B634A644961480FF043F8C7F8AA
:100CA000B400D7F8B430002B0BD0D7F8B420F32120
:100CB00054481AF0FDF8544B05221A6000200BF03E
:100CC0002DFA5A4B1B780133DAB2584B1A700DF0DB
:100CD0005BF80246564B524956480FF0D5F8C7F814
:100CE000B000D7F8B030002B0BD0D7F8B020F721E8
:100CF00044481AF0DDF8444B05221A6000200BF03E
:100D00000DFA4A4B1B7819464B481AF0D1F84B4C58
:100D10003B4618460EF056FC20463B4688221946B4
:100D20001AF0C7FB414B1B781A46354B39494348EB
:100D30000EF052FCC7F8AC00D7F8AC30002B0BD04B
:100D4000D7F8AC20FF212F481AF0B2F82E4B05221D
:100D50001A6000200BF0E2F900230093384B394A67
:100D6000344936480EF0B4FCC7F8A800D7F8A830CC
:100D7000002B0CD0D7F8A8204FF4817121481AF02D
:100D800097F8214B05221A6000200BF0C7F90122C9
:100D90004FF480412C4804F0C3F80BF005FC0346E7
:100DA000C7F8A03010E0294A4FF0000323480EF0A6
:100DB000B9FEFFF79BFE0346002B0AD107F1A00303
:100DC0000A2118460BF01EFA0F4B1B68022BEADDB6
:100DD00000E000BF00224FF480411B4804F0A0F85F
:100DE0001B481AF0CDF81B481AF0CAF80A200BF07D
:100DF00089FA01F020F800BFC837BD46B0BD00BF7A
:100E000030030024E4D00108200300240000002463
:100E100048D10108440300245CD1010874D10108C1
:100E200000040024140400248CD1010810040024C0
:100E30009CD1010824030024A8D1010878030024D0
:100E4000210B00082803002400080258809698000F
:100E5000BCD10108CCD1010880B582B000AF114BE4
:100E6000D3F8D8300F4A43F00103C2F8D8300D4B05
:100E7000D3F8D83003F001037B607B6800220521A2
:100E80000B2000F0B0FF0B2000F0C7FF002205216F
:100E90000C2000F0A8FF0C2000F0BFFF00BF0837B7
:100EA000BD4680BD0044025880B500AF084A00210D
:100EB00008480AF0E5F80346074A1360074A00218C
:100EC00007480AF0DDF80346064A136000BF80BDFC
:100ED00060D20108E90E00082404002484D201082D
:100EE000FF0E00082804002480B582B000AF7860AF
:100EF000FFF740FC4FF47A700AF054F9FAE780B536
:100F000082B000AF786064200AF04CF9FFF72EFE43
:100F10004FF47A700AF046F9FAE7000080B58AB01B
:100F200000AF07F1140300221A605A609A60DA6079
:100F30001A61324BD3F8E030304A43F00403C2F870
:100F4000E0302E4BD3F8E03003F004033B613B6903
:100F50002A4BD3F8E030294A43F08003C2F8E0304E
:100F6000264BD3F8E03003F08003FB60FB68234B93
:100F7000D3F8E030214A43F01003C2F8E0301F4BB1
:100F8000D3F8E03003F01003BB60BB681B4BD3F811
:100F9000E0301A4A43F00803C2F8E030174BD3F8A8
:100FA000E03003F008037B607B68144BD3F8E0303B
:100FB000124A43F00103C2F8E030104BD3F8E0309E
:100FC00003F001033B603B6800224FF4C0410C4832
:100FD00003F0A6FF4FF4C0437B610123BB610023F4
:100FE000FB6100233B6207F114031946044803F038
:100FF000E7FD00BF2837BD4680BD00BF0044025852
:101000000008025880B500AF00F0D8F800F0B4FD39
:1010100000F012F8FFF782FFFFF71EFF00F068FBF9
:1010200000F0B4FB00F018FB09F0E0FFFFF73CFF15
:101030000AF000F800BFFDE780B59EB000AF07F1F1
:101040002C034C22002118461AF010F907F10C036A
:101050002022002118461AF009F9022003F094FF1B
:101060000023BB60484BDB6A474A23F00103D3628D
:10107000454BDB6A03F00103BB60444B9B69434A69
:1010800043F440439361414B9B6903F44043BB608D
:10109000BB6800BF3D4B9B6903F40053B3F5005F91
:1010A000F8D13B4BD3F8F430394A43F00203C2F88D
:1010B000F430374BD3F8F43003F002037B607B68E5
:1010C00000233B60314B9B69304A43F440439361BA
:1010D0002E4B9B6903F440433B602B4BDB6A2A4A4F
:1010E00043F00103D362284BDB6A03F001033B604A
:1010F0003B6800BF254B9B6903F40053B3F5005FC9
:10110000F8D10123FB624FF480333B6302233B653C
:1011100002237B650523BB65C023FB6502233B6679
:1011200008237B660223BB660823FB6600233B671C
:1011300000237B6707F12C03184603F05FFF03468B
:10114000002B01D000F078F83F23FB6003233B61C4
:1011500000237B610823BB614023FB6140233B628A
:101160004FF480637B624023BB6207F10C030421D0
:10117000184604F09DFB0346002B01D000F05CF8FC
:1011800000BF7837BD4680BD0004005800480258B3
:101190000044025880B584B000AFF860B9607A604E
:1011A0007B689AB2FF23B968034807F099F87B6817
:1011B00018461037BD4680BD8004002480B584B039
:1011C00000AF3B4600221A605A609A60DA6000F075
:1011D00037FE01233B7000237B7000237B601F23BD
:1011E0003B7287237B720023BB720023FB720123B7
:1011F0003B7301237B730023BB730023FB733B46CC
:10120000184600F055FE042000F032FE00BF1037F3
:10121000BD4680BD80B582B000AF78607B681B683A
:10122000044A934201D100F0E3FC00BF0837BD46F9
:1012300080BD00BF0014004080B400AF72B600BF94
:1012400000BFFDE780B582B000AF0C4BD3F8F4309F
:101250000A4A43F00203C2F8F430084BD3F8F430E2
:1012600003F002037B607B6800220F216FF0010016
:1012700000F0B9FD00BF0837BD4680BD00440258EC
:1012800080B590B000AF78607B680F2B27D8002224
:101290007968372000F0A7FD372000F0BEFD294A0D
:1012A0007B681360284BD3F8E830274A43F02003CB
:1012B000C2F8E830244BD3F8E83003F02003FB6099
:1012C000FB6807F1100207F114031146184604F0F9
:1012D0007BFEBB6ABB63BB6B002B06D101E0012325
:1012E0002BE004F045FEF86304E004F041FE034601
:1012F0005B00FB63FB6B154AA2FB03239B0C013BCA
:101300007B63134B134A1A60114B40F2E732DA60E9
:101310000F4A7B6B53600E4B00221A610C4B00226C
:101320009A600B4806F0BEFC0346002B04D1084827
:1013300006F01AFD034600E0012318464037BD467B
:1013400080BD00BF100000240044025883DE1B4310
:101350002C0400240014004080B400AF00BFFDE75F
:1013600080B400AF00BFFDE780B400AF00BFFDE771
:1013700080B400AF00BFFDE780B400AF00BFFDE761
:1013800080B400AF00BFBD465DF8047B704700002D
:1013900080B500AF024802F0F5F800BF80BD00BF85
:1013A0003C06002480B500AF024802F0EBF800BF15
:1013B00080BD00BFB406002480B500AF024807F02E
:1013C0007FF900BF80BD00BF1405002480B500AFC9
:1013D000024807F075F900BF80BD00BFA8050024D2
:1013E00080B500AF024806F037FD00BF80BD00BFEA
:1013F0002C04002480B400AF01231846BD465DF8DC
:10140000047B704780B582B000AF786039601AF015
:101410001BF8034616221A604FF0FF3318460837B0
:10142000BD4680BD80B582B000AF78604FF0FF311F
:101430007868FFF7E7FF00BFFDE780B586B000AF33
:10144000F860B9607A6000237B610AE0AFF3008046
:101450000146BB685A1CBA60CAB21A707B69013374
:101460007B617A697B689A42F0DB7B6818461837A3
:10147000BD4680BD80B483B000AF78604FF0FF33CD
:1014800018460C37BD465DF8047B704780B483B0C6
:1014900000AF786039603B684FF400525A60002317
:1014A00018460C37BD465DF8047B704780B483B0A6
:1014B00000AF7860012318460C37BD465DF8047B09
:1014C000704780B485B000AFF860B9607A600023DF
:1014D00018461437BD465DF8047B704780B586B06A
:1014E00000AF7860144A154BD31A7B617B693B616E
:1014F000134B1B68002B02D1114B124A1A60104B80
:101500001A687B6813443A699A4207D219F09CFF23
:1015100003460C221A604FF0FF3309E0084B1B68AA
:10152000FB60074B1A687B681344054A1360FB682D
:1015300018461837BD4680BD00000824000400008E
:101540007C040024D8FD012480B400AF374BD3F8CD
:101550008830364A43F47003C2F88830344B1B6835
:1015600003F00F03062B07D8314B1B6823F00F0342
:101570002F4A43F0070313602E4B1B682D4A43F09C
:10158000010313602B4B00221A612A4B1A68294968
:10159000294B13400B60264B1B6803F00803002BFC
:1015A00007D0234B1B6823F00F03214A43F00703A6
:1015B0001360204B00229A611E4B0022DA611D4B02
:1015C00000221A621B4B1D4A9A621A4B1C4ADA62AD
:1015D000184B1C4A1A63174B00225A63154B194AC1
:1015E0009A63144B0022DA63124B164A1A64114BA9
:1015F00000225A640F4B1B680E4A23F480231360A9
:101600000C4B00221A66104B1A68104B1340B3F1B2
:10161000005F02D20E4B01221A600E4B43F2D2023F
:101620001A6000BFBD465DF8047B704700ED00E026
:1016300000200052004402587FEDF6EA0002020248
:101640000000FF01800201010010005C0000FFFFAC
:10165000088100510040005280B500AF224B234A60
:101660001A60214B4FF4E1325A601F4B00229A60FE
:101670001D4B0022DA601C4B00221A611A4B0C220F
:101680005A61194B00229A61174B0022DA61164BFE
:1016900000221A62144B00225A62134B00229A62F3
:1016A000114806F0CDFD0346002B01D0FFF7C4FD25
:1016B00000210D4808F050FE0346002B01D0FFF733
:1016C000BBFD0021084808F085FE0346002B01D031
:1016D000FFF7B2FD044808F006FE0346002B01D0D8
:1016E000FFF7AAFD00BF80BD800400240078004001
:1016F00080B500AF224B234A1A60214B224A5A6020
:101700001F4B00229A601E4B0022DA601C4B002205
:101710001A611B4B0C225A61194B00229A61184B1B
:101720000022DA61164B00221A62154B00225A621F
:10173000134B00229A62124806F082FD0346002BEA
:1017400001D0FFF779FD00210D4808F005FE0346A2
:10175000002B01D0FFF770FD0021094808F03AFE88
:101760000346002B01D0FFF767FD054808F0BBFDDD
:101770000346002B01D0FFF75FFD00BF80BD00BF17
:10178000140500240010014080841E0080B500AFC5
:10179000224B234A1A60214B4FF4E1325A601F4B0F
:1017A00000229A601D4B0022DA601C4B00221A6155
:1017B0001A4B0C225A61194B00229A61174B0022D6
:1017C000DA61164B00221A62144B00225A62134B44
:1017D00000229A62114806F033FD0346002B01D027
:1017E000FFF72AFD00210D4808F0B6FD0346002B47
:1017F00001D0FFF721FD0021084808F0EBFD03466A
:10180000002B01D0FFF718FD044808F06CFD0346DB
:10181000002B01D0FFF710FD00BF80BDA8050024FC
:101820000048004080B5BEB000AF786007F1E40327
:1018300000221A605A609A60DA601A6107F1200388
:10184000C0220021184619F011FD7B681B68AA4AC6
:10185000934247D14FF002024FF00003C7E908233B
:101860000023C7F8983007F12003184604F0EEFB78
:101870000346002B01D0FFF7DFFCA04BD3F8E83084
:101880009E4A43F08043C2F8E8309C4BD3F8E830DE
:1018900003F08043FB61FB69984BD3F8E030974A33
:1018A00043F01003C2F8E030944BD3F8E03003F07B
:1018B0001003BB61BB694FF4C073C7F8E430022367
:1018C000C7F8E8300023C7F8EC300023C7F8F03041
:1018D0000723C7F8F43007F1E4031946884803F0FA
:1018E0006FF905E17B681B68864A934240F0AC8043
:1018F0004FF001024FF00003C7E908230023C7F8A7
:101900009C3007F12003184604F0A0FB0346002B8F
:1019100001D0FFF791FC794BD3F8F030774A43F0D0
:101920001003C2F8F030754BD3F8F03003F0100319
:101930007B617B69714BD3F8E030704A43F001035F
:10194000C2F8E0306D4BD3F8E03003F001033B61A7
:101950003B694FF4C063C7F8E4300223C7F8E830AE
:101960000023C7F8EC300023C7F8F0300723C7F88E
:10197000F43007F1E4031946634803F021F9634B9F
:10198000634A1A60614B29225A60604B00229A60B8
:101990005E4B0022DA605D4B4FF480621A615B4B54
:1019A00000225A61594B00229A61584B4FF48072C1
:1019B000DA61564B00221A62544B00225A62534895
:1019C00000F0B6FA0346002B01D0FFF735FC7B6828
:1019D0004E4AC3F880204D4A7B6893634D4B4E4A74
:1019E0001A604C4B2A225A604A4B40229A60494B5B
:1019F0000022DA60474B4FF480621A61454B0022A7
:101A00005A61444B00229A61424B0022DA61414BF9
:101A100000221A623F4B00225A623E4800F088FAC8
:101A20000346002B01D0FFF707FC7B68394ADA67D1
:101A3000384A7B68936300220521252000F0D3F902
:101A4000252000F0EAF953E07B681B68334A934293
:101A50004ED14FF002024FF00003C7E908230023E4
:101A6000C7F8983007F12003184604F0EFFA034650
:101A7000002B01D0FFF7E0FB204BD3F8E8301F4AE2
:101A800043F48023C2F8E8301C4BD3F8E83003F469
:101A90008023FB60FB68194BD3F8E030174A43F012
:101AA0000803C2F8E030154BD3F8E03003F0080328
:101AB000BB60BB684FF44073C7F8E4300223C7F83B
:101AC000E8300023C7F8EC300023C7F8F0300723D4
:101AD000C7F8F43007F1E4031946114803F070F831
:101AE00000220521272000F07EF9272000F095F93B
:101AF00000BFF837BD4680BD007800400044025862
:101B00000010025800100140000002583C0600245A
:101B100010000240B40600242800024000480040A3
:101B2000000C0258DFF834D0FFF70EFD0C480D49C9
:101B30000D4A002302E0D458C4500433C4188C4228
:101B4000F9D30A4A0A4C002301E013600432A2428E
:101B5000FBD319F07FFCFFF755FA7047000008240B
:101B600000000024FC02002450E1010800030024CE
:101B7000D4FD0124FEE7000080B582B000AF032051
:101B800000F026F904F04AF80246154B9B691B0A3F
:101B900003F00F031349CB5C03F01F0322FA03F396
:101BA0007B600F4B9B6903F00F030E4AD35C03F07D
:101BB0001F037A6822FA03F30B4A13600B4A7B680F
:101BC00013600F20FFF75CFB0346002B01D00123BD
:101BD00002E0FFF737FB002318460837BD4680BDFB
:101BE00000440258A8D201080C0000240800002478
:101BF00080B400AF064B1B781A46064B1B68134493
:101C0000044A136000BFBD465DF8047B704700BF07
:101C1000140000242C07002480B400AF034B1B6881
:101C20001846BD465DF8047B704700BF2C070024B2
:101C300080B400AF034B1B681B0C1846BD465DF813
:101C4000047B70470010005C80B485B000AF786002
:101C50007B6803F00703FB600B4BDB68BB60BA6873
:101C60004FF6FF031340BB60FB681A02BB681A43C0
:101C7000064B1343BB60044ABB68D36000BF1437F4
:101C8000BD465DF8047B704700ED00E00000FA05FA
:101C900080B400AF044BDB681B0A03F0070318464F
:101CA000BD465DF8047B704700ED00E080B483B072
:101CB00000AF0346FB80B7F90630002B0BDBFB8837
:101CC00003F01F020749B7F906305B09012000FA4B
:101CD00002F241F8232000BF0C37BD465DF8047BBB
:101CE000704700BF00E100E080B483B000AF03465E
:101CF0003960FB80B7F90630002B0ADB3B68DAB2AB
:101D00000C49B7F906301201D2B20B4483F8002314
:101D10000AE03B68DAB20849FB8803F00F03043B92
:101D20001201D2B20B441A7600BF0C37BD465DF8E3
:101D3000047B704700E100E000ED00E080B489B072
:101D400000AFF860B9607A60FB6803F00703FB61DD
:101D5000FB69C3F10703042B28BF0423BB61FB69A4
:101D60000433062B02D9FB69033B00E000237B61AF
:101D70004FF0FF32BB6902FA03F3DA43BB681A4043
:101D80007B699A404FF0FF317B6901FA03F3D94335
:101D90007B680B40134318462437BD465DF8047B2F
:101DA0007047000080B400AFBFF34F8F00BF064BF9
:101DB000DB6803F4E0620449044B1343CB60BFF3D8
:101DC0004F8F00BF00BFFDE700ED00E00400FA0503
:101DD00080B582B000AF78607868FFF735FF00BF4C
:101DE0000837BD4680BD80B586B000AF0346B960F8
:101DF0007A60FB81FFF74CFF78617A68B96878698F
:101E0000FFF79CFF0246B7F90E3011461846FFF760
:101E10006BFF00BF1837BD4680BD80B582B000AFF4
:101E20000346FB80B7F906301846FFF73FFF00BFB7
:101E30000837BD4680BD80B500AFFFF7B3FF000097
:101E400080B400AFBFF35F8F00BF074B5B6A064AE9
:101E500023F480335362054B00225A6000BFBD4615
:101E60005DF8047B704700BF00ED00E090ED00E0FE
:101E700080B483B000AF78600B4A7B6843F0010305
:101E800053600A4B5B6A094A43F480335362BFF3E1
:101E90004F8F00BFBFF36F8F00BF00BF0C37BD4631
:101EA0005DF8047B704700BF90ED00E000ED00E0BE
:101EB00080B483B000AF78607B685A781B4B9A601F
:101EC0001A4B1B69194A23F001031361174A7B68F7
:101ED0005B68D3607B681B7B1A077B68DB7A1B0619
:101EE0001A437B689B7ADB041A437B685B7B9B0409
:101EF0001A437B689B7B5B041A437B68DB7B1B0478
:101F00001A437B685B7A1B021A437B681B7A5B006F
:101F100013437A6812781146044A0B43136100BFD9
:101F20000C37BD465DF8047B704700BF90ED00E0C4
:101F300080B586B000AF7860FFF76EFE38617B68D1
:101F4000002B01D1012316E37B681B68664A93428C
:101F50004AD07B681B68654A934245D07B681B6802
:101F6000634A934240D07B681B68624A93423BD0ED
:101F70007B681B68604A934236D07B681B685F4A67
:101F8000934231D07B681B685D4A93422CD07B68BA
:101F90001B685C4A934227D07B681B685A4A93426D
:101FA00022D07B681B68594A93421DD07B681B680E
:101FB000574A934218D07B681B68564A934213D005
:101FC0007B681B68544A93420ED07B681B68534A57
:101FD000934209D07B681B68514A934204D07B68C6
:101FE0001B68504A934201D1012300E00023002BDB
:101FF00000F03B817B68022283F835207B68002259
:1020000083F834207B681B68374A93424AD07B6848
:102010001B68364A934245D07B681B68344A93421A
:1020200040D07B681B68334A93423BD07B681B6877
:10203000314A934236D07B681B68304A934231D094
:102040007B681B682E4A93422CD07B681B682D4A04
:10205000934227D07B681B682B4A934222D07B682F
:102060001B682A4A93421DD07B681B68284A93420A
:1020700018D07B681B68274A934213D07B681B6883
:10208000254A93420ED07B681B68244A934209D0AC
:102090007B681B68224A934204D07B681B68214AF4
:1020A000934208D17B681B681A687B681B6822F022
:1020B00001021A6007E07B681B681A687B681B686E
:1020C00022F001021A602FE0FFF7A6FD02463B69ED
:1020D000D31A052B28D97B6820225A657B680322F6
:1020E00083F83520012346E2100002402800024018
:1020F0004000024058000240700002408800024048
:10210000A0000240B800024010040240280402402F
:102110004004024058040240700402408804024017
:10212000A0040240B80402407B681B681B6803F0EF
:102130000103002BC8D17B681B681B687B617A692F
:10214000834B13407B617B689A687B68DB681A432A
:102150007B681B691A437B685B691A437B689B69D0
:102160001A437B68DB691A437B681B6A13437A69ED
:1021700013437B617B685B6A042B07D17B68DA6A57
:102180007B681B6B13437A6913437B61714B1A683D
:10219000714B1340B3F1005F28D37B685B68282B39
:1021A00003D97B685B682E2B17D97B685B683E2B55
:1021B00003D97B685B68422B0FD97B685B68462B31
:1021C00003D97B685B68482B07D97B685B684E2B1B
:1021D00005D97B685B68522B01D8012300E00023FE
:1021E000002B03D07B6943F480137B617B681B6801
:1021F0007A691A607B681B685B697B617B6923F085
:1022000007037B617B685B6A7A6913437B617B6848
:102210005B6A042B17D17B689B6A7A6913437B61E5
:102220007B68DB6A002B0ED0786802F03FFB034628
:10223000002B08D07B6840225A657B68012283F816
:102240003520012397E17B681B687A695A617868B9
:1022500002F07AFA0346BB607B68DB6D03F01F0374
:102260003F229A40BB689A60CDE07B681B683B4A7E
:10227000934222D07B681B68394A93421DD07B6809
:102280001B68384A934218D07B681B68364A9342D1
:1022900013D07B681B68354A93420ED07B681B685D
:1022A000334A934209D07B681B68324A934204D078
:1022B0007B681B68304A934201D1012300E0002370
:1022C000002B00F097807B681B68244A934221D042
:1022D0007B681B68224A93421CD07B681B68214A9A
:1022E000934217D07B681B681F4A934212D07B68C9
:1022F0001B681E4A93420DD07B681B681C4A9342A0
:1023000008D07B681B681B4A934203D07B681B681C
:10231000194A93427B68022283F835207B680022A9
:1023200083F834207B681B681B687B617A69134BD8
:1023300013407B617B689B68402B21D07B689B6846
:10234000802B02D14FF480431BE0002319E000BF33
:102350003F8010FE0010005C0000FFFF0854025890
:102360001C540258305402584454025858540258CD
:102370006C54025880540258945402580F00FEFFC7
:1023800010237A68D268D2081A437B681B69DB087D
:102390001A437B685B69DB081A437B689B69DB082F
:1023A0001A437B68DB69DB081A437B681B6A1B09DD
:1023B00013437A6913437B617B681B687A691A60EF
:1023C0007B681B681A466E4B13446E4AA2FB0323BC
:1023D0001B099A007B68DA65786802F0B5F9034654
:1023E000FB607B68DB6D03F01F0301229A40FB68F2
:1023F0005A6008E07B6840225A657B68032283F8B4
:1024000035200123B7E07B681B685F4A934272D096
:102410007B681B685D4A93426DD07B681B685C4A91
:10242000934268D07B681B685A4A934263D07B68AA
:102430001B68594A93425ED07B681B68574A934297
:1024400059D07B681B68564A934254D07B681B68FE
:10245000544A93424FD07B681B68534A93424AD0F8
:102460007B681B68514A934245D07B681B68504A81
:10247000934240D07B681B684E4A93423BD07B68B6
:102480001B684D4A934236D07B681B684B4A934287
:1024900031D07B681B684A4A93422CD07B681B680A
:1024A000484A934227D07B681B68474A934222D010
:1024B0007B681B68454A93421DD07B681B68444A71
:1024C000934218D07B681B68424A934213D07B68C2
:1024D0001B68414A93420ED07B681B683F4A934277
:1024E00009D07B681B683E4A934204D07B681B6816
:1024F0003C4A934201D1012300E00023002B32D05B
:10250000786802F04FFA7B689B68802B02D17B6869
:1025100000225A607B685A687B681B6ED2B21A60D0
:102520007B685B6E7A68926E5A607B685B68002B92
:1025300010D07B685B68082B0CD8786802F0CCFA66
:102540007B68DB6E00221A607B681B6F7A68526FB3
:102550005A6008E07B680022DA667B6800221A670E
:102560007B6800225A677B6800225A657B680122DB
:1025700083F83520002318461837BD4680BD00BFBC
:10258000F8ABFDA7CDCCCCCC100002402800024017
:1025900040000240580002407000024088000240A3
:1025A000A0000240B800024010040240280402408B
:1025B0004004024058040240700402408804024073
:1025C000A0040240B8040240085402581C540258A7
:1025D0003054025844540258585402586C5402580B
:1025E000805402589454025880B586B000AFF86009
:1025F000B9607A603B600023FB75FB68002B01D15A
:10260000012326E2FB6893F83430012B01D1022329
:102610001FE2FB68012283F83420FB6893F8353011
:10262000DBB2012B40F00A82FB68022283F83520DE
:10263000FB6800225A65FB681B68684A93424AD0CF
:10264000FB681B68664A934245D0FB681B68654A75
:10265000934240D0FB681B68634A93423BD0FB68BF
:102660001B68624A934236D0FB681B68604A9342FB
:1026700031D0FB681B685F4A93422CD0FB681B6813
:102680005D4A934227D0FB681B685C4A934222D084
:10269000FB681B685A4A93421DD0FB681B68594A65
:1026A000934218D0FB681B68574A934213D0FB68CB
:1026B0001B68564A93420ED0FB681B68544A9342EB
:1026C00009D0FB681B68534A934204D0FB681B681F
:1026D000514A934208D1FB681B681A68FB681B6863
:1026E00022F001021A6007E0FB681B681A68FB68A9
:1026F0001B6822F001021A603B687A68B968F868C2
:1027000001F076FEFB681B68344A93424AD0FB68AE
:102710001B68334A934245D0FB681B68314A934299
:1027200040D0FB681B68304A93423BD0FB681B6873
:102730002E4A934236D0FB681B682D4A934231D013
:10274000FB681B682B4A93422CD0FB681B682A4A03
:10275000934227D0FB681B68284A934222D0FB682B
:102760001B68274A93421DD0FB681B68254A934289
:1027700018D0FB681B68244A934213D0FB681B687F
:10278000224A93420ED0FB681B68214A934209D02B
:10279000FB681B681F4A934204D0FB681B681E4AF3
:1027A000934201D1012300E00023002B36D0FB68C7
:1027B0001B681B6823F01E02FB681B6842F01602B0
:1027C0001A60FB681B6C002B3ED0FB681B681A6804
:1027D000FB681B6842F008021A6035E010000240F6
:1027E00028000240400002405800024070000240B1
:1027F00088000240A0000240B800024010040240DD
:102800002804024040040240580402407004024080
:1028100088040240A0040240B8040240FB681B6820
:102820001B6823F00E02FB681B6842F00A021A6064
:10283000FB681B6C002B07D0FB681B681A68FB68E1
:102840001B6842F004021A60FB681B68834A9342CB
:1028500072D0FB681B68824A93426DD0FB681B688C
:10286000804A934268D0FB681B687F4A934263D0DA
:10287000FB681B687D4A93425ED0FB681B687C4AFC
:10288000934259D0FB681B687A4A934254D0FB6844
:102890001B68794A93424FD0FB681B68774A934282
:1028A0004AD0FB681B68764A934245D0FB681B6898
:1028B000744A934240D0FB681B68734A93423BD0F2
:1028C000FB681B68714A934236D0FB681B68704AEC
:1028D000934231D0FB681B686E4A93422CD0FB6850
:1028E0001B686D4A934227D0FB681B686B4A934272
:1028F00022D0FB681B686A4A93421DD0FB681B68A4
:10290000684A934218D0FB681B68674A934213D009
:10291000FB681B68654A93420ED0FB681B68644ADB
:10292000934209D0FB681B68624A934204D0FB685B
:102930001B68614A934201D1012300E00023002B70
:102940001AD0FB681B6E1B6803F48033002B07D082
:10295000FB681B6E1A68FB681B6E42F480721A607B
:10296000FB68DB6E002B07D0FB68DB6E1A68FB6828
:10297000DB6E42F480721A60FB681B68374A934230
:102980004AD0FB681B68364A934245D0FB681B68F7
:10299000344A934240D0FB681B68334A93423BD091
:1029A000FB681B68314A934236D0FB681B68304A8B
:1029B000934231D0FB681B682E4A93422CD0FB68AF
:1029C0001B682D4A934227D0FB681B682B4A934211
:1029D00022D0FB681B682A4A93421DD0FB681B6803
:1029E000284A934218D0FB681B68274A934213D0A9
:1029F000FB681B68254A93420ED0FB681B68244A7B
:102A0000934209D0FB681B68224A934204D0FB68BA
:102A10001B68214A934208D1FB681B681A68FB684F
:102A20001B6842F001021A6012E0FB681B681A681A
:102A3000FB681B6842F001021A6009E0FB684FF472
:102A400000625A65FB68002283F834200123FB757D
:102A5000FB7D18461837BD4680BD00BF1000024000
:102A6000280002404000024058000240700002402E
:102A700088000240A0000240B8000240100402405A
:102A800028040240400402405804024070040240FE
:102A900088040240A0040240B804024008540258CE
:102AA0001C54025830540258445402585854025886
:102AB0006C540258805402589454025880B586B021
:102AC00000AF7860FFF7A8F838617B68002B01D170
:102AD0000123DCE27B6893F83530DBB2022B08D0AF
:102AE0007B6880225A657B68002283F834200123AA
:102AF000CDE27B681B68764A93424AD07B681B68AC
:102B0000744A934245D07B681B68734A934240D015
:102B10007B681B68714A93423BD07B681B68704A94
:102B2000934236D07B681B686E4A934231D07B68F3
:102B30001B686D4A93422CD07B681B686B4A93429A
:102B400027D07B681B686A4A934222D07B681B6847
:102B5000684A93421DD07B681B68674A934218D02D
:102B60007B681B68654A934213D07B681B68644A84
:102B700093420ED07B681B68624A934209D07B68FF
:102B80001B68614A934204D07B681B685F4A93428A
:102B900001D1012300E00023002B13D07B681B68C8
:102BA0001A687B681B6822F01E021A607B681B682B
:102BB0005A697B681B6822F080025A617B681B6837
:102BC0007B610AE07B681B681A687B681B6822F0DF
:102BD0000E021A607B681B687B617B681B683C4A3D
:102BE000934272D07B681B683A4A93426DD07B68EF
:102BF0001B68394A934268D07B681B68374A934206
:102C000063D07B681B68364A93425ED07B681B6842
:102C1000344A934259D07B681B68334A934254D05C
:102C20007B681B68314A93424FD07B681B68304AEF
:102C300093424AD07B681B682E4A934245D07B68FA
:102C40001B682D4A934240D07B681B682B4A9342F5
:102C50003BD07B681B682A4A934236D07B681B684E
:102C6000284A934231D07B681B68274A93422CD074
:102C70007B681B68254A934227D07B681B68244ADF
:102C8000934222D07B681B68224A93421DD07B6806
:102C90001B68214A934218D07B681B681F4A9342E5
:102CA00013D07B681B681E4A93420ED07B681B685A
:102CB0001C4A934209D07B681B681B4A934204D08C
:102CC0007B681B68194A934232D1012331E000BF6F
:102CD000100002402800024040000240580002401C
:102CE0007000024088000240A0000240B80002408C
:102CF00010040240280402404004024058040240EC
:102D00007004024088040240A0040240B80402405B
:102D1000085402581C540258305402584454025863
:102D2000585402586C540258805402589454025813
:102D30000023002B07D07B681B6E1A687B681B6E14
:102D400022F480721A607B681B686D4A93424AD0F5
:102D50007B681B686B4A934245D07B681B686A4A54
:102D6000934240D07B681B68684A93423BD07B68A3
:102D70001B68674A934236D07B681B68654A93425A
:102D800031D07B681B68644A93422CD07B681B68F7
:102D9000624A934227D07B681B68614A934222D0E3
:102DA0007B681B685F4A93421DD07B681B685E4A44
:102DB000934218D07B681B685C4A934213D07B68AF
:102DC0001B685B4A93420ED07B681B68594A93424A
:102DD00009D07B681B68584A934204D07B681B6803
:102DE000564A934208D17B681B681A687B681B6847
:102DF00022F001021A6007E07B681B681A687B6892
:102E00001B6822F001021A6013E0FEF705FF02467C
:102E10003B69D31A052B0CD97B6820225A657B6845
:102E2000032283F835207B68002283F834200123B5
:102E30002DE17B691B6803F00103002BE5D17B6862
:102E40001B682F4A93424AD07B681B682D4A9342E5
:102E500045D07B681B682C4A934240D07B681B6836
:102E60002A4A93423BD07B681B68294A934236D05A
:102E70007B681B68274A934231D07B681B68264ACF
:102E800093422CD07B681B68244A934227D07B68EE
:102E90001B68234A934222D07B681B68214A9342D5
:102EA0001DD07B681B68204A934218D07B681B6842
:102EB0001E4A934213D07B681B681D4A93420ED072
:102EC0007B681B681B4A934209D07B681B681A4ABF
:102ED000934204D07B681B68184A934201D10123B6
:102EE00000E00023002B2BD07B689B6DBB607B68D0
:102EF000DB6D03F01F033F229A40BB689A602AE013
:102F000010000240280002404000024058000240E9
:102F10007000024088000240A0000240B800024059
:102F200010040240280402404004024058040240B9
:102F30007004024088040240A0040240B804024029
:102F40007B689B6DFB607B68DB6D03F01F030122D8
:102F50009A40FB685A607B681B684F4A934272D064
:102F60007B681B684D4A93426DD07B681B684C4A56
:102F7000934268D07B681B684A4A934263D07B685F
:102F80001B68494A93425ED07B681B68474A93425C
:102F900059D07B681B68464A934254D07B681B68B3
:102FA000444A93424FD07B681B68434A93424AD0BD
:102FB0007B681B68414A934245D07B681B68404A46
:102FC000934240D07B681B683E4A93423BD07B686B
:102FD0001B683D4A934236D07B681B683B4A93424C
:102FE00031D07B681B683A4A93422CD07B681B68BF
:102FF000384A934227D07B681B68374A934222D0D5
:103000007B681B68354A93421DD07B681B68344A35
:10301000934218D07B681B68324A934213D07B6876
:103020001B68314A93420ED07B681B682F4A93423B
:1030300009D07B681B682E4A934204D07B681B68CA
:103040002C4A934201D1012300E00023002B15D02C
:103050007B685B6E7A68926E5A607B68DB6E002BD1
:103060000CD07B68DB6E1A687B68DB6E22F48072A2
:103070001A607B681B6F7A68526F5A607B68012206
:1030800083F835207B68002283F83420002318461B
:103090001837BD4680BD00BF100002402800024026
:1030A0004000024058000240700002408800024088
:1030B000A0000240B8000240100402402804024070
:1030C0004004024058040240700402408804024058
:1030D000A0040240B8040240085402581C5402588C
:1030E0003054025844540258585402586C540258F0
:1030F000805402589454025880B584B000AF786070
:103100007B68002B01D1012337E27B6893F83530CF
:10311000DBB2022B04D07B6880225A6501232CE2AB
:103120007B681B685C4A93424AD07B681B685B4A99
:10313000934245D07B681B68594A934240D07B68D4
:103140001B68584A93423BD07B681B68564A93429F
:1031500036D07B681B68554A934231D07B681B6828
:10316000534A93422CD07B681B68524A934227D023
:103170007B681B68504A934222D07B681B684F4A89
:1031800093421DD07B681B684D4A934218D07B68E0
:103190001B684C4A934213D07B681B684A4A93428F
:1031A0000ED07B681B68494A934209D07B681B6834
:1031B000474A934204D07B681B68464A934201D138
:1031C000012300E00023002B00F086807B680422AE
:1031D00083F835207B681B682F4A93424AD07B686E
:1031E0001B682E4A934245D07B681B682C4A934249
:1031F00040D07B681B682B4A93423BD07B681B689E
:10320000294A934236D07B681B68284A934231D0C2
:103210007B681B68264A93422CD07B681B68254A32
:10322000934227D07B681B68234A934222D07B6855
:103230001B68224A93421DD07B681B68204A934238
:1032400018D07B681B681F4A934213D07B681B68A9
:103250001D4A93420ED07B681B681C4A934209D0DA
:103260007B681B681A4A934204D07B681B68194A22
:10327000934208D17B681B681A687B681B6822F040
:1032800001021A6078E17B681B681A687B681B681A
:1032900022F001021A606FE1100002402800024093
:1032A0004000024058000240700002408800024086
:1032B000A0000240B800024010040240280402406E
:1032C0004004024058040240700402408804024056
:1032D000A0040240B80402407B681B681A687B683F
:1032E0001B6822F00E021A607B681B686C4A9342CE
:1032F0004AD07B681B686B4A934245D07B681B6849
:10330000694A934240D07B681B68684A93423BD02D
:103310007B681B68664A934236D07B681B68654AA7
:10332000934231D07B681B68634A93422CD07B6800
:103330001B68624A934227D07B681B68604A9342AD
:1033400022D07B681B685F4A93421DD07B681B6854
:103350005D4A934218D07B681B685C4A934213D045
:103360007B681B685A4A93420ED07B681B68594A97
:10337000934209D07B681B68574A934204D07B680C
:103380001B68564A934208D17B681B681A687B68A1
:103390001B6822F001021A6007E07B681B681A684C
:1033A0007B681B6822F001021A607B681B683C4A3C
:1033B000934272D07B681B683A4A93426DD07B6817
:1033C0001B68394A934268D07B681B68374A93422E
:1033D00063D07B681B68364A93425ED07B681B686B
:1033E000344A934259D07B681B68334A934254D085
:1033F0007B681B68314A93424FD07B681B68304A18
:1034000093424AD07B681B682E4A934245D07B6822
:103410001B682D4A934240D07B681B682B4A93421D
:103420003BD07B681B682A4A934236D07B681B6876
:10343000284A934231D07B681B68274A93422CD09C
:103440007B681B68254A934227D07B681B68244A07
:10345000934222D07B681B68224A93421DD07B682E
:103460001B68214A934218D07B681B681F4A93420D
:1034700013D07B681B681E4A93420ED07B681B6882
:103480001C4A934209D07B681B681B4A934204D0B4
:103490007B681B68194A934232D1012331E000BF97
:1034A0001000024028000240400002405800024044
:1034B0007000024088000240A0000240B8000240B4
:1034C0001004024028040240400402405804024014
:1034D0007004024088040240A0040240B804024084
:1034E000085402581C54025830540258445402588C
:1034F000585402586C54025880540258945402583C
:103500000023002B28D07B681B6E1A687B681B6E1B
:1035100022F480721A607B689B6DFB607B68DB6DB8
:1035200003F01F0301229A40FB685A607B685B6EC0
:103530007A68926E5A607B68DB6E002B0CD07B68D9
:10354000DB6E1A687B68DB6E22F480721A607B681F
:103550001B6F7A68526F5A607B68012283F83520AE
:103560007B68002283F834207B681B6D002B03D01E
:103570007B681B6D78689847002318461037BD4656
:1035800080BD00BF80B58AB000AF78600023FB60CB
:10359000674B1B68674AA2FB03239B0A7B627B681D
:1035A0009B6D3B627B689B6DFB613B6A1B68BB61EB
:1035B000FB691B687B617B681B685F4A93424AD04A
:1035C0007B681B685D4A934245D07B681B685C4AF8
:1035D000934240D07B681B685A4A93423BD07B6839
:1035E0001B68594A934236D07B681B68574A9342FE
:1035F00031D07B681B68564A93422CD07B681B688D
:10360000544A934227D07B681B68534A934222D086
:103610007B681B68514A93421DD07B681B68504AE7
:10362000934218D07B681B684E4A934213D07B6844
:103630001B684D4A93420ED07B681B684B4A9342ED
:1036400009D07B681B684A4A934204D07B681B6898
:10365000484A934201D1012300E00023002B00F0EF
:103660002B847B68DB6D03F01F0308229A40BB6943
:103670001340002B00F0A2807B681B682E4A934207
:103680004AD07B681B682D4A934245D07B681B68F3
:103690002B4A934240D07B681B682A4A93423BD016
:1036A0007B681B68284A934236D07B681B68274A90
:1036B000934231D07B681B68254A93422CD07B68AB
:1036C0001B68244A934227D07B681B68224A934296
:1036D00022D07B681B68214A93421DD07B681B68FF
:1036E0001F4A934218D07B681B681E4A934213D02E
:1036F0007B681B681C4A93420ED07B681B681B4A80
:10370000934209D07B681B68194A934204D07B68B6
:103710001B68184A93422FD17B681B681B6803F013
:103720000403002B14BF01230023DBB22EE000BFF3
:1037300008000024B5814E1B100002402800024002
:1037400040000240580002407000024088000240E1
:10375000A0000240B80002401004024028040240C9
:1037600040040240580402407004024088040240B1
:10377000A0040240B80402407B681B681B6803F089
:103780000803002B14BF01230023DBB2002B15D04C
:103790007B681B681A687B681B6822F004021A6049
:1037A0007B68DB6D03F01F0308229A403B6A9A6036
:1037B0007B685B6D43F001027B685A657B68DB6D5B
:1037C00003F01F03BA6922FA03F303F00103002B8D
:1037D0006ED07B681B68694A93424AD07B681B683D
:1037E000674A934245D07B681B68664A934240D043
:1037F0007B681B68644A93423BD07B681B68634AC2
:10380000934236D07B681B68614A934231D07B6813
:103810001B68604A93422CD07B681B685E4A9342C7
:1038200027D07B681B685D4A934222D07B681B6867
:103830005B4A93421DD07B681B685A4A934218D05A
:103840007B681B68584A934213D07B681B68574AB1
:1038500093420ED07B681B68554A934209D07B681F
:103860001B68544A934204D07B681B68524A9342B7
:103870000AD17B681B685B6903F08003002B14BFCF
:1038800001230023DBB203E07B681B681B68002375
:10389000002B0DD07B68DB6D03F01F0301229A40E3
:1038A0003B6A9A607B685B6D43F002027B685A65F5
:1038B0007B68DB6D03F01F0304229A40BB69134051
:1038C000002B00F08F807B681B682C4A93424AD003
:1038D0007B681B682A4A934245D07B681B68294A4B
:1038E000934240D07B681B68274A93423BD07B6859
:1038F0001B68264A934236D07B681B68244A934251
:1039000031D07B681B68234A93422CD07B681B68AC
:10391000214A934227D07B681B68204A934222D0D9
:103920007B681B681E4A93421DD07B681B681D4A3A
:10393000934218D07B681B681B4A934213D07B6864
:103940001B681A4A93420ED07B681B68184A934240
:1039500009D07B681B68174A934204D07B681B68B8
:10396000154A93422AD17B681B681B6803F0020347
:10397000002B14BF01230023DBB223E01000024020
:1039800028000240400002405800024070000240FF
:1039900088000240A0000240B8000240100402402B
:1039A00028040240400402405804024070040240CF
:1039B00088040240A0040240B80402407B681B68EF
:1039C0001B680023002B0DD07B68DB6D03F01F0309
:1039D00004229A403B6A9A607B685B6D43F0040264
:1039E0007B685A657B68DB6D03F01F0310229A40E9
:1039F000BB691340002B00F0A6807B681B68854ADA
:103A000093424AD07B681B68834A934245D07B68C7
:103A10001B68824A934240D07B681B68804A93426D
:103A20003BD07B681B687F4A934236D07B681B681B
:103A30007D4A934231D07B681B687C4A93422CD0EC
:103A40007B681B687A4A934227D07B681B68794A57
:103A5000934222D07B681B68774A93421DD07B68D3
:103A60001B68764A934218D07B681B68744A93425D
:103A700013D07B681B68734A93420ED07B681B6827
:103A8000714A934209D07B681B68704A934204D004
:103A90007B681B686E4A93420AD17B681B681B686F
:103AA00003F00803002B14BF01230023DBB209E05D
:103AB0007B681B681B6803F00403002B14BF012301
:103AC0000023DBB2002B3ED07B68DB6D03F01F03CD
:103AD00010229A403B6A9A607B681B681B6803F45B
:103AE0008023002B18D07B681B681B6803F400231D
:103AF000002B08D17B681B6C002B24D07B681B6CCF
:103B0000786898471FE07B689B6C002B1BD07B6814
:103B10009B6C7868984716E07B681B681B6803F409
:103B20008073002B07D17B681B681A687B681B6851
:103B300022F008021A607B681B6C002B03D07B68A4
:103B40001B6C786898477B68DB6D03F01F032022AD
:103B50009A40BB691340002B00F010817B681B6802
:103B60002C4A93424AD07B681B682B4A934245D02B
:103B70007B681B68294A934240D07B681B68284AAF
:103B800093423BD07B681B68264A934236D07B68C1
:103B90001B68254A934231D07B681B68234A9342B5
:103BA0002CD07B681B68224A934227D07B681B6815
:103BB000204A934222D07B681B681F4A93421DD043
:103BC0007B681B681D4A934218D07B681B681C4A9F
:103BD000934213D07B681B681A4A93420ED07B68CD
:103BE0001B68194A934209D07B681B68174A9342A5
:103BF00004D07B681B68164A93422BD17B681B68F4
:103C00001B6803F01003002B14BF01230023DBB259
:103C10002AE000BF1000024028000240400002409D
:103C2000580002407000024088000240A00002409C
:103C3000B800024010040240280402404004024040
:103C4000580402407004024088040240A00402406C
:103C5000B80402407B681B681B6803F00203002B5A
:103C600014BF01230023DBB2002B00F087807B68A8
:103C7000DB6D03F01F0320229A403B6A9A607B6849
:103C800093F83530DBB2042B39D17B681B681A6896
:103C90007B681B6822F016021A607B681B685A69F1
:103CA0007B681B6822F080025A617B681B6C002BCA
:103CB00003D17B689B6C002B07D07B681B681A685C
:103CC0007B681B6822F008021A607B68DB6D03F0DA
:103CD0001F033F229A403B6A9A607B68012283F867
:103CE00035207B68002283F834207B681B6D002B15
:103CF00000F04A837B681B6D7868984744E37B68D3
:103D00001B681B6803F48023002B18D07B681B689A
:103D10001B6803F40023002B08D17B685B6C002B2D
:103D20002CD07B685B6C7868984727E07B68DB6BFE
:103D3000002B23D07B68DB6B786898471EE07B689C
:103D40001B681B6803F48073002B0FD17B681B6812
:103D50001A687B681B6822F010021A607B680122D7
:103D600083F835207B68002283F834207B68DB6B86
:103D7000002B03D07B68DB6B786898477B685B6DB2
:103D8000002B00F006837B685B6D03F00103002BC2
:103D900000F088807B68042283F835207B681B68EC
:103DA0007A4A93424AD07B681B68794A934245D04D
:103DB0007B681B68774A934240D07B681B68764AD1
:103DC00093423BD07B681B68744A934236D07B6831
:103DD0001B68734A934231D07B681B68714A9342D7
:103DE0002CD07B681B68704A934227D07B681B6885
:103DF0006E4A934222D07B681B686D4A93421DD065
:103E00007B681B686B4A934218D07B681B686A4AC0
:103E1000934213D07B681B68684A93420ED07B683C
:103E20001B68674A934209D07B681B68654A9342C6
:103E300004D07B681B68644A934208D17B681B6886
:103E40001A687B681B6822F001021A6007E07B6831
:103E50001B681A687B681B6822F001021A60FB6805
:103E60000133FB607A6A9A4207D37B681B681B6840
:103E700003F00103002BF2D100E000BF7B681B6858
:103E80001B6803F00103002B04D07B68032283F836
:103E9000352003E07B68012283F835207B6800220F
:103EA00083F834207B68DB6C002B00F072827B6827
:103EB000DB6C786898476CE27B681B68434A9342E6
:103EC00022D07B681B68424A93421DD07B681B68E6
:103ED000404A934218D07B681B683F4A934213D0F4
:103EE0007B681B683D4A93420ED07B681B683C4A46
:103EF000934209D07B681B683A4A934204D07B689E
:103F00001B68394A934201D1012300E00023002BB2
:103F100000F03F827B681B681B683B617B68DB6D40
:103F200003F01F0304229A407B691340002B00F02A
:103F3000CD803B6903F00403002B00F0C7807B6851
:103F4000DB6D03F01F0304229A40FB695A603B6952
:103F500003F40043002B49D03B6903F48033002B6A
:103F600009D17B689B6C002B00F010827B689B6CF6
:103F7000786898470AE27B681B6C002B00F0068289
:103F80007B681B6C7868984700E200BF1000024015
:103F900028000240400002405800024070000240E9
:103FA00088000240A0000240B80002401004024015
:103FB00028040240400402405804024070040240B9
:103FC00088040240A0040240B80402400854025889
:103FD0001C54025830540258445402585854025841
:103FE0006C54025880540258945402583B6903F0B0
:103FF0002003002B60D17B681B687F4A93424AD024
:104000007B681B687D4A934245D07B681B687C4A6D
:10401000934240D07B681B687A4A93423BD07B68CE
:104020001B68794A934236D07B681B68774A934273
:1040300031D07B681B68764A93422CD07B681B6822
:10404000744A934227D07B681B68734A934222D0FC
:104050007B681B68714A93421DD07B681B68704A5D
:10406000934218D07B681B686E4A934213D07B68DA
:104070001B686D4A93420ED07B681B686B4A934263
:1040800009D07B681B686A4A934204D07B681B682E
:10409000684A934208D17B681B681A687B681B6872
:1040A00022F008021A6007E07B681B681A687B68C8
:1040B0001B6822F004021A607B681B6C002B00F066
:1040C00065817B681B6C786898475FE17B68DB6D76
:1040D00003F01F0302229A407B691340002B00F07B
:1040E000C5803B6903F00203002B00F0BF807B68B2
:1040F000DB6D03F01F0302229A40FB695A603B69A3
:1041000003F40043002B18D03B6903F48033002BE9
:1041100009D17B685B6C002B00F03A817B685B6C9B
:104120007868984734E17B68DB6B002B00F03081C6
:104130007B68DB6B786898472AE13B6903F02003D2
:10414000002B40F089807B681B682B4A93424AD041
:104150007B681B68294A934245D07B681B68284AC4
:10416000934240D07B681B68264A93423BD07B68D1
:104170001B68254A934236D07B681B68234A9342CA
:1041800031D07B681B68224A93422CD07B681B6825
:10419000204A934227D07B681B681F4A934222D053
:1041A0007B681B681D4A93421DD07B681B681C4AB4
:1041B000934218D07B681B681A4A934213D07B68DD
:1041C0001B68194A93420ED07B681B68174A9342BA
:1041D00009D07B681B68164A934204D07B681B6831
:1041E000144A934228D17B681B681A687B681B6855
:1041F00022F014021A6027E010000240280002405A
:104200004000024058000240700002408800024016
:10421000A0000240B80002401004024028040240FE
:1042200040040240580402407004024088040240E6
:10423000A0040240B80402407B681B681A687B68CF
:104240001B6822F00A021A607B68012283F835207D
:104250007B68002283F834207B68DB6B002B00F046
:1042600097807B68DB6B7868984791E07B68DB6DB3
:1042700003F01F0308229A407B691340002B00F0D3
:1042800088803B6903F00803002B00F082807B6884
:104290001B68414A93424AD07B681B683F4A93425D
:1042A00045D07B681B683E4A934240D07B681B68C0
:1042B0003C4A93423BD07B681B683B4A934236D0D2
:1042C0007B681B68394A934231D07B681B68384A47
:1042D00093422CD07B681B68364A934227D07B6878
:1042E0001B68354A934222D07B681B68334A93424D
:1042F0001DD07B681B68324A934218D07B681B68CC
:10430000304A934213D07B681B682F4A93420ED0E9
:104310007B681B682D4A934209D07B681B682C4A36
:10432000934204D07B681B682A4A934208D17B6879
:104330001B681A687B681B6822F01C021A6007E081
:104340007B681B681A687B681B6822F00E021A6083
:104350007B68DB6D03F01F0301229A40FB695A6002
:104360007B6801225A657B68012283F835207B68CF
:10437000002283F834207B68DB6C002B09D07B683B
:10438000DB6C7868984704E000BF02E000BF00E003
:1043900000BF2837BD4680BD100002402800024003
:1043A0004000024058000240700002408800024075
:1043B000A0000240B800024010040240280402405D
:1043C0004004024058040240700402408804024045
:1043D000A0040240B804024080B483B000AF78600B
:1043E0007B685B6D18460C37BD465DF8047B7047F3
:1043F00080B487B000AFF860B9607A603B60FB685A
:104400009B6D7B61FB689B6D3B61FB681B687F4A12
:10441000934272D0FB681B687D4A93426DD0FB6863
:104420001B687C4A934268D0FB681B687A4A9342B7
:1044300063D0FB681B68794A93425ED0FB681B68B7
:10444000774A934259D0FB681B68764A934254D00E
:10445000FB681B68744A93424FD0FB681B68734A21
:1044600093424AD0FB681B68714A934245D0FB686F
:104470001B68704A934240D0FB681B686E4A9342A7
:104480003BD0FB681B686D4A934236D0FB681B68C3
:104490006B4A934231D0FB681B686A4A93422CD026
:1044A000FB681B68684A934227D0FB681B68674A11
:1044B000934222D0FB681B68654A93421DD0FB687B
:1044C0001B68644A934218D0FB681B68624A934297
:1044D00013D0FB681B68614A93420ED0FB681B68CF
:1044E0005F4A934209D0FB681B685E4A934204D03E
:1044F000FB681B685C4A934201D1012300E0002362
:10450000002B0DD0FB685B6EFA68926E5A60FB68F8
:10451000DB6E002B04D0FB681B6FFA68526F5A6089
:10452000FB681B68394A93424AD0FB681B68384ACB
:10453000934245D0FB681B68364A934240D0FB68E3
:104540001B68354A93423BD0FB681B68334A934251
:1045500036D0FB681B68324A934231D0FB681B6837
:10456000304A93422CD0FB681B682F4A934227D0D5
:10457000FB681B682D4A934222D0FB681B682C4ABB
:1045800093421DD0FB681B682A4A934218D0FB68EF
:104590001B68294A934213D0FB681B68274A934241
:1045A0000ED0FB681B68264A934209D0FB681B6843
:1045B000244A934204D0FB681B68234A934201D1EA
:1045C000012300E00023002B59D0FB68DB6D03F0D2
:1045D0001F033F229A407B699A60FB681B681A6838
:1045E000FB681B6822F480221A60FB681B683A682B
:1045F0005A60FB689B68402B38D1FB681B687A685F
:104600009A60FB681B68BA68DA6086E010000240B6
:104610002800024040000240580002407000024062
:1046200088000240A0000240B8000240100402408E
:104630002804024040040240580402407004024032
:1046400088040240A0040240B80402400854025802
:104650001C540258305402584454025858540258BA
:104660006C5402588054025894540258FB681B68DA
:10467000BA689A60FB681B687A68DA604DE0FB688C
:104680001B68294A934222D0FB681B68274A934241
:104690001DD0FB681B68264A934218D0FB681B6834
:1046A000244A934213D0FB681B68234A93420ED0DE
:1046B000FB681B68214A934209D0FB681B68204AAB
:1046C000934204D0FB681B681E4A934201D1012328
:1046D00000E00023002B20D0FB68DB6D03F01F03FC
:1046E00001229A403B695A60FB681B683A685A602D
:1046F000FB689B68402B08D1FB681B687A689A604E
:10470000FB681B68BA68DA6007E0FB681B68BA6878
:104710009A60FB681B687A68DA6000BF1C37BD4688
:104720005DF8047B704700BF085402581C540258BF
:104730003054025844540258585402586C54025889
:10474000805402589454025880B485B000AF786009
:104750007B681B68424A93424AD07B681B68414A87
:10476000934245D07B681B683F4A934240D07B68A8
:104770001B683E4A93423BD07B681B683C4A93428D
:1047800036D07B681B683B4A934231D07B681B68FC
:10479000394A93422CD07B681B68384A934227D011
:1047A0007B681B68364A934222D07B681B68354A77
:1047B00093421DD07B681B68334A934218D07B68B4
:1047C0001B68324A934213D07B681B68304A93427D
:1047D0000ED07B681B682F4A934209D07B681B6808
:1047E0002D4A934204D07B681B682C4A934201D126
:1047F000012300E00023002B24D07B681B68DBB280
:10480000103B274AA2FB03231B09FB60FB6803F054
:104810000703244AD35C1A467B68DA65FB68032BDE
:1048200008D97B681B681A461F4B13401A1D7B680A
:104830009A650DE07B681B681A461B4B13407A682B
:10484000936505E07B681B6823F0FF027B689A652F
:104850007B689B6D18461437BD465DF8047B704736
:104860001000024028000240400002405800024070
:104870007000024088000240A0000240B8000240E0
:104880001004024028040240400402405804024040
:104890007004024088040240A0040240B8040240B0
:1048A000ABAAAAAAB8D2010800FCFFFF80B485B069
:1048B00000AF78600023FB737B689B69002B20D1DD
:1048C0007B689B6A032B58D801A252F823F000BFE3
:1048D000E1480008F3480008E14800087B49000867
:1048E0007B68DB6A03F08073002B48D00123FB73E5
:1048F00045E07B68DB6AB3F1C07F42D10123FB73E3
:104900003FE07B689B69B3F5005F23D17B689B6ABE
:10491000032B38D801A252F823F000BF2D4900081C
:10492000334900082D490008454900080123FB735D
:1049300030E07B68DB6A03F08073002B25D0012315
:10494000FB7322E07B68DB6AB3F1C07F1FD10123D8
:10495000FB731CE07B689B6A022B02D9032B03D0FC
:1049600018E00123FB7315E07B68DB6A03F08073BA
:10497000002B0ED00123FB730BE000BF0AE000BF49
:1049800008E000BF06E000BF04E000BF02E000BF97
:1049900000E000BFFB7B18461437BD465DF8047B82
:1049A000704700BF80B485B000AF78607B681B683B
:1049B000BB607B681B68384A934222D07B681B68C7
:1049C000364A93421DD07B681B68354A934218D003
:1049D0007B681B68334A934213D07B681B68324A5A
:1049E00093420ED07B681B68304A934209D07B68A3
:1049F0001B682F4A934204D07B681B682D4A934260
:104A000001D1012300E00023002B1AD07B681B6832
:104A1000DBB2083B284AA2FB03231B09FB60FA68B0
:104A2000264B13449B001A467B681A667B68244A0F
:104A30005A66FB6803F01F0301229A407B689A665E
:104A400024E07B681B68DBB2103B1E4AA2FB0323F9
:104A50001B09FB60BB681C4A934206D8BB681B4A13
:104A6000934202D9FB680833FB60FA68184B134481
:104A70009B001A467B681A667B68164A5A66FB6872
:104A800003F01F0301229A407B689A6600BF143727
:104A9000BD465DF8047B7047085402581C54025808
:104AA0003054025844540258585402586C54025816
:104AB0008054025894540258CDCCCCCC00960016A9
:104AC00080580258ABAAAAAAB80402400F040240B8
:104AD000008200108008024080B485B000AF78608A
:104AE0007B685B68DBB2FB60FB68002B4AD0FB682D
:104AF000082B47D87B681B68254A934222D07B68E5
:104B00001B68244A93421DD07B681B68224A93424B
:104B100018D07B681B68214A934213D07B681B68BE
:104B20001F4A93420ED07B681B681E4A934209D0ED
:104B30007B681B681C4A934204D07B681B681B4A35
:104B4000934201D1012300E00023002B0AD0FA6830
:104B5000174B13449B001A467B68DA667B68154A3C
:104B60001A6709E0FA68144B13449B001A467B68E5
:104B7000DA667B68114A1A67FB68013B01229A409A
:104B80007B685A6700BF1437BD465DF8047B7047E9
:104B9000085402581C5402583054025844540258C5
:104BA000585402586C540258805402589454025875
:104BB0003F960016405902583F82001040090240BB
:104BC00080B489B000AF786039600023FB61894B05
:104BD0007B6194E13B681A680121FB6901FA03F3E8
:104BE00013403B613B69002B00F086813B685B68AA
:104BF00003F00303012B05D03B685B6803F003035C
:104C0000022B30D17B689B68BB61FB695B00032290
:104C100002FA03F3DB43BA691340BB613B68DA680D
:104C2000FB695B0002FA03F3BA691343BB617B685B
:104C3000BA699A607B685B68BB610122FB6902FA12
:104C400003F3DB43BA691340BB613B685B681B0934
:104C500003F00102FB6902FA03F3BA691343BB6173
:104C60007B68BA695A603B685B6803F00303032BF7
:104C700017D07B68DB68BB61FB695B00032202FA2B
:104C800003F3DB43BA691340BB613B689A68FB6975
:104C90005B0002FA03F3BA691343BB617B68BA692C
:104CA000DA603B685B6803F00303022B23D1FB69E6
:104CB000DA087B68083253F82230BB61FB6903F0E5
:104CC00007039B000F2202FA03F3DB43BA69134088
:104CD000BB613B681A69FB6903F007039B0002FA9A
:104CE00003F3BA691343BB61FB69DA087B680832D6
:104CF000B96943F822107B681B68BB61FB695B00E4
:104D0000032202FA03F3DB43BA691340BB613B6839
:104D10005B6803F00302FB695B0002FA03F3BA6904
:104D20001343BB617B68BA691A603B685B6803F434
:104D30004033002B00F0E0802F4BD3F8F4302E4AA4
:104D400043F00203C2F8F4302B4BD3F8F43003F0F5
:104D50000203FB60FB68294AFB699B08023352F897
:104D60002330BB61FB6903F003039B000F2202FAAF
:104D700003F3DB43BA691340BB617B68204A93426B
:104D800052D07B681F4A934231D07B681E4A9342BF
:104D90002BD07B681D4A934225D07B681C4A9342E6
:104DA0001FD07B681B4A934219D07B681A4A9342F2
:104DB00013D07B68194A93420DD07B68184A9342FE
:104DC00007D07B68174A934201D109232DE00A23BB
:104DD0002BE0082329E0072327E0062325E005230D
:104DE00023E0042321E003231FE002231DE001232D
:104DF0001BE000BF80000058004402580004005827
:104E0000000002580004025800080258000C025822
:104E1000001002580014025800180258001C0258D2
:104E200000200258002402580023FA6902F003020D
:104E300092009340BA691343BB613849FB699B08F0
:104E40000233BA6941F823204FF0B0431B68BB61BD
:104E50003B69DB43BA691340BB613B685B6803F4A1
:104E60008013002B03D0BA693B691343BB614FF039
:104E7000B042BB6913604FF0B0435B68BB613B69F4
:104E8000DB43BA691340BB613B685B6803F4001302
:104E9000002B03D0BA693B691343BB614FF0B042AA
:104EA000BB6953607B695B68BB613B69DB43BA6983
:104EB0001340BB613B685B6803F40033002B03D0F5
:104EC000BA693B691343BB617B69BA695A607B6904
:104ED0001B68BB613B69DB43BA691340BB613B683C
:104EE0005B6803F48033002B03D0BA693B6913433A
:104EF000BB617B69BA691A60FB690133FB613B687E
:104F00001A68FB6922FA03F3002B7FF463AE00BF3B
:104F100000BF2437BD465DF8047B7047000400588D
:104F200080B483B000AF78600B467B8013467B7003
:104F30007B78002B03D07A887B689A6103E07B88BA
:104F40001A047B689A6100BF0C37BD465DF8047B8C
:104F5000704780B485B000AF78600B467B807B687B
:104F60005B69FB607A88FB6813401A04FB68D943CD
:104F70007B880B401A437B689A6100BF1437BD469B
:104F80005DF8047B7047000080B584B000AF7860A6
:104F9000194BDB6803F00403042B0AD0164BDB68C3
:104FA00003F007037A689A4201D001231FE000232F
:104FB0001DE0114BDB6823F007020F497B681343A8
:104FC000CB60FCF729FEF86009E0FCF725FE0246FD
:104FD000FB68D31AB3F57A7F01D9012307E0064BAA
:104FE0005B6803F40053B3F5005FEED1002318466D
:104FF0001037BD4680BD00BF0048025880B58CB058
:1050000000AF78607B68002B02D1012300F048BC20
:105010007B681B6803F00103002B00F08880994B2C
:105020001B6903F03803FB62964B9B6ABB62FB6A09
:10503000102B07D0FB6A182B11D1BB6A03F00303B6
:10504000022B0CD18F4B1B6803F40033002B6DD067
:105050007B685B68002B69D1012300F021BC7B6871
:105060005B68B3F5803F06D1864B1B68854A43F4E5
:10507000803313602EE07B685B68002B0CD1814B82
:105080001B68804A23F4803313607E4B1B687D4A83
:1050900023F4802313601DE07B685B68B3F5A02FC9
:1050A0000CD1784B1B68774A43F480231360754B0F
:1050B0001B68744A43F4803313600BE0714B1B6828
:1050C000704A23F4803313606E4B1B686D4A23F4DF
:1050D000802313607B685B68002B13D0FCF79CFD7A
:1050E000786208E0FCF798FD02467B6AD31A642BCD
:1050F00001D90323D4E3634B1B6803F40033002B73
:10510000F0D014E0FCF788FD786208E0FCF784FD3D
:1051100002467B6AD31A642B01D90323C0E3594B9F
:105120001B6803F40033002BF0D100E000BF7B6864
:105130001B6803F00203002B00F0CA80514B1B696F
:1051400003F038033B624F4B9B6AFB613B6A002BC9
:1051500007D03B6A182B56D1FB6903F00303002BE1
:1051600051D1484B1B6803F00403002B05D07B682A
:10517000DB68002B01D1012392E3424B1B6823F033
:1051800019027B68DB683F4913430B60FCF744FD61
:10519000786208E0FCF740FD02467B6AD31A022BD6
:1051A00001D903237CE3374B1B6803F00403002B76
:1051B000F0D0FCF73DFD034641F20302934217D8BD
:1051C0007B681B69402B08D12E4B5B6823F47C3332
:1051D0002C4A43F4003353607AE02A4B5B6823F493
:1051E0007C327B681B691B03264913434B606FE0CD
:1051F000244B5B6823F0FE427B681B691B06214938
:1052000013434B6064E07B68DB68002B47D01D4B89
:105210001B6823F019027B68DB681A4913430B6093
:10522000FCF7FAFC786208E0FCF7F6FC02467B6AC1
:10523000D31A022B01D9032332E3124B1B6803F06C
:105240000403002BF0D0FCF7F3FC034641F2030209
:10525000934219D87B681B69402B08D1094B5B68C6
:1052600023F47C33074A43F40033536030E0054BAA
:105270005B6823F47C327B681B691B030149134381
:105280004B6025E0004402589A4B5B6823F0FE42D5
:105290007B681B691B06974913434B6018E0954BCD
:1052A0001B68944A23F001031360FCF7B5FC786295
:1052B00008E0FCF7B1FC02467B6AD31A022B01D945
:1052C0000323EDE28B4B1B6803F00403002BF0D1AA
:1052D0007B681B6803F01003002B00F0A980854B4E
:1052E0001B6903F03803BB61824B9B6A7B61BB691E
:1052F000082B07D0BB69182B3AD17B6903F0030355
:10530000012B35D17B4B1B6803F48073002B05D038
:105310007B68DB69802B01D00123C1E2FCF788FCAC
:10532000034641F20302934217D87B681B6A202B85
:1053300008D1704B5B6823F0F8436E4A43F080431A
:10534000536075E06B4B5B6823F0F8427B681B6A27
:105350009B06684913434B606AE0664BDB6823F0A9
:105360007C527B681B6A1B0662491343CB605FE07B
:105370007B68DB69002B42D05E4B1B685D4A43F0C3
:1053800080031360FCF748FC786208E0FCF744FCFB
:1053900002467B6AD31A022B01D9032380E2554BC4
:1053A0001B6803F48073002BF0D0FCF741FC03462C
:1053B00041F20302934217D87B681B6A202B08D165
:1053C0004C4B5B6823F0F8434A4A43F080435360F8
:1053D0002EE0484B5B6823F0F8427B681B6A9B0613
:1053E000444913434B6023E0424BDB6823F07C527B
:1053F0007B681B6A1B063F491343CB6018E03D4B9B
:105400001B683C4A23F080031360FCF705FC7862BC
:1054100008E0FCF701FC02467B6AD31A022B01D993
:1054200003233DE2334B1B6803F48073002BF0D160
:105430007B681B6803F00803002B36D07B685B6930
:10544000002B19D02B4B5B6F2A4A43F001035367A3
:10545000FCF7E2FB786208E0FCF7DEFB02467B6AC1
:10546000D31A022B01D903231AE2224B5B6F03F0FC
:105470000203002BF0D018E01E4B5B6F1D4A23F097
:1054800001035367FCF7C8FB786208E0FCF7C4FB34
:1054900002467B6AD31A022B01D9032300E2154B83
:1054A0005B6F03F00203002BF0D17B681B6803F0F5
:1054B0002003002B39D07B689B69002B1CD00D4B3F
:1054C0001B680C4A43F480531360FCF7A5FB786219
:1054D00008E0FCF7A1FB02467B6AD31A022B01D934
:1054E0000323DDE1034B1B6803F40053002BF0D0D2
:1054F0001BE000BF004402589B4B1B689A4A23F4F0
:1055000080531360FCF788FB786208E0FCF784FBAB
:1055100002467B6AD31A022B01D90323C0E1924BC6
:105520001B6803F40053002BF0D17B681B6803F069
:105530000403002B00F081808C4B1B688B4A43F4E2
:1055400080731360FCF768FB786208E0FCF764FB8B
:1055500002467B6AD31A642B01D90323A0E1834B53
:105560001B6803F48073002BF0D07B689B68012BD1
:1055700006D17D4B1B6F7C4A43F0010313672DE07E
:105580007B689B68002B0CD1774B1B6F764A23F00E
:1055900001031367744B1B6F734A23F004031367F3
:1055A0001CE07B689B68052B0CD16F4B1B6F6E4A10
:1055B00043F0040313676C4B1B6F6B4A43F001030A
:1055C00013670BE0684B1B6F674A23F001031367F7
:1055D000654B1B6F644A23F0040313677B689B6869
:1055E000002B15D0FCF718FB78620AE0FCF714FBDF
:1055F00002467B6AD31A41F28832934201D90323CF
:105600004EE1594B1B6F03F00203002BEED014E068
:10561000FCF702FB78620AE0FCF7FEFA02467B6ABE
:10562000D31A41F28832934201D9032338E14E4B19
:105630001B6F03F00203002BEED17B685B6A002B2B
:1056400000F02D81484B1B6903F03803182B00F044
:10565000BD807B685B6A022B40F09E80424B1B68DA
:10566000414A23F080731360FCF7D6FA786208E0B1
:10567000FCF7D2FA02467B6AD31A022B01D9032324
:105680000EE1394B1B6803F00073002BF0D1364B51
:105690009A6A374B13407A68916A7A68D26A120123
:1056A0000A43314913438B627B681B6B013BC3F395
:1056B00008027B685B6B013B5B029BB21A437B6811
:1056C0009B6B013B1B0403F4FE031A437B68DB6BFB
:1056D000013B1B0603F0FE43234913430B63224B9C
:1056E000DB6A214A23F00103D3621F4B5A6B214B23
:1056F00013407A68926CD2001B4913434B631A4BD8
:10570000DB6A23F00C027B681B6C17491343CB62E6
:10571000154BDB6A23F002027B685B6C1249134372
:10572000CB62114BDB6A104A43F48033D3620E4BD9
:10573000DB6A0D4A43F40033D3620B4BDB6A0A4A3F
:1057400043F48023D362084BDB6A074A43F001032A
:10575000D362054B1B68044A43F080731360FCF767
:105760005BFA786211E000BF00440258004802581A
:105770000CFCFFFF0700FFFFFCF74EFA02467B6AB6
:10578000D31A022B01D903238AE0474B1B6803F08D
:105790000073002BF0D082E0434B1B68424A23F099
:1057A00080731360FCF738FA786208E0FCF734FA8B
:1057B00002467B6AD31A022B01D9032370E03A4BCD
:1057C0001B6803F00073002BF0D168E0364B9B6A36
:1057D0003B61354B1B6BFB607B685B6A012B31D0F7
:1057E0003B6903F003027B689B6A9A422AD13B69BA
:1057F0001B0903F03F027B68DB6A9A4222D1FB68F7
:10580000C3F308027B681B6B013B9A421AD1FB6809
:105810005B0A03F07F027B685B6B013B9A4211D10C
:10582000FB681B0C03F07F027B689B6B013B9A4279
:1058300008D1FB681B0E03F07F027B68DB6B013B2A
:105840009A4201D001232BE0174B5B6BDB08C3F3BB
:105850000C033B617B689B6C3A699A421FD0124BE8
:10586000DB6A114A23F00103D362FCF7D5F97862B1
:1058700000BFFCF7D1F902467B6A9342F9D00A4B8C
:105880005A6B0A4B13407A68926CD2000649134354
:105890004B63054BDB6A044A43F00103D3620023E8
:1058A00018463037BD4680BD004402580700FFFF50
:1058B00080B586B000AF786039607B68002B01D17D
:1058C00001239CE18A4B1B6803F00F033A689A425C
:1058D00010D9874B1B6823F00F0285493B6813439F
:1058E0000B60834B1B6803F00F033A689A4201D0A8
:1058F000012384E17B681B6803F00403002B10D0B4
:105900007B681A697B4B9B6903F070039A4208D944
:10591000784B9B6923F070027B681B6975491343C0
:105920008B617B681B6803F00803002B10D07B6839
:105930005A69704BDB6903F070039A4208D96D4BCA
:10594000DB6923F070027B685B696A491343CB61B2
:105950007B681B6803F01003002B10D07B689A69EA
:10596000644BDB6903F4E0639A4208D9614BDB695D
:1059700023F4E0627B689B695E491343CB617B68DB
:105980001B6803F02003002B10D07B68DA69594BA9
:105990001B6A03F070039A4208D9564B1B6A23F026
:1059A00070027B68DB69534913430B627B681B6899
:1059B00003F00203002B10D07B68DA684D4B9B6923
:1059C00003F00F039A4208D94A4B9B6923F00F0258
:1059D0007B68DB68474913438B617B681B6803F076
:1059E0000103002B55D0434B9B6923F470627B6805
:1059F0009B68404913438B617B685B68022B07D12E
:105A00003C4B1B6803F40033002B21D10123F6E04B
:105A10007B685B68032B07D1364B1B6803F0007370
:105A2000002B15D10123EAE07B685B68012B07D1CD
:105A3000304B1B6803F48073002B09D10123DEE097
:105A40002C4B1B6803F00403002B01D10123D6E08B
:105A5000284B1B6923F007027B685B6825491343C9
:105A60000B61FCF7D9F878610AE0FCF7D5F802463B
:105A70007B69D31A41F28832934201D90323BEE0F5
:105A80001C4B1B6903F038027B685B68DB009A42A1
:105A9000EBD17B681B6803F00203002B10D07B68FE
:105AA000DA68144B9B6903F00F039A4208D2114B3A
:105AB0009B6923F00F027B68DB680E4913438B61FF
:105AC0000B4B1B6803F00F033A689A4214D2084B41
:105AD0001B6823F00F0206493B6813430B60044B1D
:105AE0001B6803F00F033A689A4205D0012386E051
:105AF00000200052004402587B681B6803F0040336
:105B0000002B10D07B681A693F4B9B6903F0700330
:105B10009A4208D23C4B9B6923F070027B681B6958
:105B2000394913438B617B681B6803F00803002B22
:105B300010D07B685A69344BDB6903F070039A42DA
:105B400008D2314BDB6923F070027B685B692E4918
:105B50001343CB617B681B6803F01003002B10D04C
:105B60007B689A69284BDB6903F4E0639A4208D2A8
:105B7000254BDB6923F4E0627B689B692249134370
:105B8000CB617B681B6803F02003002B10D07B687F
:105B9000DA691D4B1B6A03F070039A4208D21A4B54
:105BA0001B6A23F070027B68DB69174913430B62A1
:105BB00000F034F80246144B9B691B0A03F00F03F4
:105BC0001249CB5C03F01F0322FA03F33B610E4B37
:105BD0009B6903F00F030D4AD35C03F01F033A697E
:105BE00022FA03F30A4A13600A4A3B6913600A4B1C
:105BF0001B681846FBF744FB0346FB73FB7B184608
:105C00001837BD4680BD00BF00440258A8D2010825
:105C10000C000024080000241000002480B489B087
:105C200000AFB34B1B6903F03803182B00F255810A
:105C300001A252F823F000BF9D5C0008DB5E000863
:105C4000DB5E0008DB5E0008DB5E0008DB5E000850
:105C5000DB5E0008DB5E0008C35C0008DB5E00085A
:105C6000DB5E0008DB5E0008DB5E0008DB5E000830
:105C7000DB5E0008DB5E0008C95C0008DB5E000834
:105C8000DB5E0008DB5E0008DB5E0008DB5E000810
:105C9000DB5E0008DB5E0008CF5C0008944B1B68ED
:105CA00003F02003002B09D0914B1B68DB0803F0A5
:105CB0000303904A22FA03F3BB6111E18D4BBB61F0
:105CC0000EE18D4BBB610BE18C4BBB6108E1884B56
:105CD0009B6A03F003037B61854B9B6A1B0903F0FE
:105CE0003F033B61824BDB6A03F00103FB60804BA7
:105CF0005B6BDB08C3F30C03FA6802FB03F307EEEC
:105D0000903AF8EE677AC7ED027A3B69002B00F013
:105D1000E1807B69022B00F083807B69022B00F21B
:105D2000A1807B69002B03D07B69012B56D099E0C1
:105D30006F4B1B6803F02003002B2DD06C4B1B68AE
:105D4000DB0803F003036B4A22FA03F37B607B68F2
:105D500007EE903AF8EE676A3B6907EE903AF8EE84
:105D6000677A86EEA77A624B1B6BC3F3080307EED4
:105D7000903AF8EE676A97ED026ADFED615AC6EE77
:105D8000257A76EEA77AF7EE006A77EEA67A67EEC6
:105D9000277AC7ED077A87E03B6907EE903AF8EE7D
:105DA000677ADFED586A86EEA77A514B1B6BC3F317
:105DB000080307EE903AF8EE676A97ED026ADFEDA6
:105DC000505AC6EE257A76EEA77AF7EE006A77EE9D
:105DD000A67A67EE277AC7ED077A65E03B6907EE9A
:105DE000903AF8EE677ADFED486A86EEA77A404B84
:105DF0001B6BC3F3080307EE903AF8EE676A97ED62
:105E0000026ADFED3F5AC6EE257A76EEA77AF7EE04
:105E1000006A77EEA67A67EE277AC7ED077A43E045
:105E20003B6907EE903AF8EE677ADFED386A86EE66
:105E3000A77A2F4B1B6BC3F3080307EE903AF8EEDB
:105E4000676A97ED026ADFED2E5AC6EE257A76EE86
:105E5000A77AF7EE006A77EEA67A67EE277AC7EDA3
:105E6000077A21E03B6907EE903AF8EE677ADFEDBA
:105E7000266A86EEA77A1E4B1B6BC3F3080307EE58
:105E8000903AF8EE676A97ED026ADFED1D5AC6EEAA
:105E9000257A76EEA77AF7EE006A77EEA67A67EEB5
:105EA000277AC7ED077A00BF114B1B6B5B0A03F023
:105EB0007F0301333B603B6807EE903AB8EE677AA8
:105EC000D7ED076AC6EE877AFCEEE77A17EE903ACE
:105ED000BB6105E00023BB6102E0074BBB6100BF73
:105EE000BB6918462437BD465DF8047B704700BF88
:105EF000004402580090D00300093D0040787D0125
:105F0000000000460024744C0024744A20BCBE4BA0
:105F100080B582B000AFFFF781FE0246104B9B694F
:105F20001B0A03F00F030F49CB5C03F01F0322FA97
:105F300003F37B600A4B9B6903F00F03094AD35CB0
:105F400003F01F037A6822FA03F3074A1360074A33
:105F50007B681360044B1B6818460837BD4680BD3C
:105F600000440258A8D201080C00002408000024B4
:105F700080B500AFFFF7CCFF0246064BDB691B097B
:105F800003F007030449CB5C03F01F0322FA03F379
:105F9000184680BD00440258A8D2010880B500AF61
:105FA000FFF7B6FF0246064BDB691B0A03F0070347
:105FB0000449CB5C03F01F0322FA03F3184680BDAB
:105FC00000440258A8D2010880B483B000AF7860C2
:105FD00039607B683F221A601A4B1B6903F0070285
:105FE0007B685A60174B9B6903F470627B689A6008
:105FF000144B9B6903F00F027B68DA60114B9B69BD
:1060000003F070027B681A610E4BDB6903F07002CB
:106010007B685A610B4BDB6903F4E0627B689A6131
:10602000084B1B6A03F070027B68DA61064B1B6841
:1060300003F00F023B681A6000BF0C37BD465DF8E5
:10604000047B704700440258002000522DE9B04FF5
:10605000CAB000AFC7F81401002387F82731002326
:1060600087F82631D7F81431D3E9002302F0006411
:10607000002554EA050349D0D7F814319B6EB3F5D7
:10608000401F2FD0B3F5401F28D8B3F5001F1AD0FA
:10609000B3F5001F22D8002B03D0B3F5801F07D023
:1060A0001CE0B84BDB6AB74A43F40033D3621AE012
:1060B000D7F8143108330221184601F08FFC03464B
:1060C00087F827310FE0D7F814312833022118461A
:1060D00001F036FD034687F8273104E0012387F8F5
:1060E000273100E000BF97F82731002B0AD1A54BDC
:1060F0001B6D23F44011D7F814319B6EA14A0B435A
:10610000136503E097F8273187F82631D7F8143163
:10611000D3E9002302F480784FF0000958EA09031C
:1061200047D0D7F814319B6D042B2AD801A252F81E
:1061300023F000BF49610008576100086D61000845
:106140008B6100088B6100088E4BDB6A8D4A43F43B
:106150000033D3621AE0D7F814310833002118460F
:1061600001F03CFC034687F827310FE0D7F81431E3
:1061700028330021184601F0E3FC034687F8273155
:1061800004E0012387F8273100E000BF97F82731AA
:10619000002B0AD17B4B1B6D23F00701D7F814317C
:1061A0009B6D784A0B43136503E097F8273187F816
:1061B0002631D7F81431D3E9002302F4007A4FF0E6
:1061C000000B5AEA0B034CD0D7F81431DB6DB3F552
:1061D000807F30D0B3F5807F29D8C02B2DD0C02B45
:1061E00025D8802B18D0802B21D8002B02D0402B13
:1061F00007D01CE0634BDB6A624A43F40033D3628E
:106200001CE0D7F8143108330021184601F0E6FBF2
:10621000034687F8273111E0D7F8143128330021DD
:10622000184601F08DFC034687F8273106E001236C
:1062300087F8273102E000BF00E000BF97F8273160
:10624000002B0AD14F4B1B6D23F4E071D7F81431AA
:10625000DB6D4C4A0B43136503E097F8273187F851
:106260002631D7F81431D3E9002302F48063C7F84C
:1062700008310023C7F80C31D7E942120B4613430B
:1062800053D0D7F81431D3F8A830B3F5000F35D078
:10629000B3F5000F2ED8B3F5C00F31D0B3F5C00F52
:1062A00028D8B3F5800F1AD0B3F5800F22D8002B71
:1062B00003D0B3F5001F07D01CE0324BDB6A314A34
:1062C00043F40033D3621CE0D7F8143108330021C3
:1062D000184601F083FB034687F8273111E0D7F811
:1062E000143128330021184601F02AFC034687F8B0
:1062F000273106E0012387F8273102E000BF00E0E4
:1063000000BF97F82731002B0BD11E4B9B6D23F458
:106310006001D7F81431D3F8A8301A4A0B439365BB
:1063200003E097F8273187F82631D7F81431D3E9FD
:10633000002302F40063C7F800310023C7F80431DA
:10634000D7E940120B46134356D0D7F81431D3F88F
:10635000AC30B3F1806F38D0B3F1806F31D8B3F186
:10636000407F34D0B3F1407F2BD8B3F1007F1DD0F4
:10637000B3F1007F25D8002B06D0B3F1807F0AD07F
:106380001FE000BF00440258A24BDB6AA14A43F45D
:106390000033D3621CE0D7F81431083300211846CB
:1063A00001F01CFB034687F8273111E0D7F81431C0
:1063B00028330021184601F0C3FB034687F8273134
:1063C00006E0012387F8273102E000BF00E000BFAC
:1063D00097F82731002B0BD18E4B9B6D23F0E0619A
:1063E000D7F81431D3F8AC308A4A0B43936503E0F5
:1063F00097F8273187F82631D7F81431D3E90023ED
:1064000002F00073C7F8F8300023C7F8FC30D7E972
:106410003E120B4613433AD0D7F81431DB6C302BC5
:106420001FD0302B19D8202B0CD0202B15D8002BA7
:1064300019D0102B11D1774BDB6A764A43F4003325
:10644000D36211E0D7F8143108330221184601F065
:10645000C5FA034687F8273106E0012387F827317C
:1064600002E000BF00E000BF97F82731002B0AD1FF
:10647000684BDB6C23F03001D7F81431DB6C654AD4
:106480000B43D36403E097F8273187F82631D7F818
:106490001431D3E9002302F48053C7F8F03000230D
:1064A000C7F8F430D7E93C120B46134351D0D7F864
:1064B00014311B6EB3F5804F35D0B3F5804F2ED815
:1064C000B3F5405F31D0B3F5405F28D8B3F5005F36
:1064D0001AD0B3F5005F22D8002B03D0B3F5805F4C
:1064E00007D01CE04B4BDB6A4A4A43F40033D362CB
:1064F0001CE0D7F8143108330021184601F06EFA79
:10650000034687F8273111E0D7F8143128330021EA
:10651000184601F015FB034687F8273106E00123F2
:1065200087F8273102E000BF00E000BF97F827316D
:10653000002B0AD1374B1B6D23F4E041D7F81431FF
:106540001B6E344A0B43136503E097F8273187F835
:106550002631D7F81431D3E9002302F40053C7F8E9
:10656000E8300023C7F8EC30D7E93A120B46134362
:1065700056D0D7F814315B6EB3F5A02F33D0B3F5F6
:10658000A02F2CD8B3F5802F2FD0B3F5802F26D88D
:10659000B3F5403F2BD0B3F5403F20D8B3F5003FD3
:1065A00012D0B3F5003F1AD8002B22D0B3F5803FAC
:1065B00015D1D7F8143108330121184601F00EFA2D
:1065C000034687F8273115E0D7F814312833012125
:1065D000184601F0B5FA034687F827310AE001238F
:1065E00087F8273106E000BF04E000BF02E000BFEB
:1065F00000E000BF97F82731002B0DD1054B1B6D34
:1066000023F4E021D7F814315B6E024A0B43136583
:1066100006E000BF0044025897F8273187F826317A
:10662000D7F81431D3E9002302F48043C7F8E030EF
:106630000023C7F8E430D7E938120B46134355D08E
:10664000D7F81431D3F8B030B3F1A04F33D0B3F151
:10665000A04F2CD8B3F1804F2FD0B3F1804F26D864
:10666000B3F1405F2BD0B3F1405F20D8B3F1005FAE
:1066700012D0B3F1005F1AD8002B22D0B3F1805FA3
:1066800015D1D7F8143108330121184601F0A6F9C5
:10669000034687F8273115E0D7F814312833012154
:1066A000184601F04DFA034687F827310AE0012326
:1066B00087F8273106E000BF04E000BF02E000BF1A
:1066C00000E000BF97F82731002B0BD1A34B9B6D47
:1066D00023F0E041D7F81431D3F8B0309F4A0B4390
:1066E000936503E097F8273187F82631D7F81431FE
:1066F000D3E9002302F40043C7F8D8300023C7F8D9
:10670000DC30D7E936120B46134337D0D7F81431B3
:106710001B6FB3F1005F0ED0B3F1005F16D8002BF2
:1067200018D0B3F1805F11D18C4BDB6A8B4A43F4F4
:106730000033D3620FE0D7F8143108330121184633
:1067400001F04CF9034687F8273104E0012387F86C
:10675000273100E000BF97F82731002B0AD17F4B8B
:106760001B6D23F04051D7F814311B6F7B4A0B434C
:10677000136503E097F8273187F82631D7F81431ED
:10678000D3E9002302F08073C7F8D0300023C7F8A4
:10679000D430D7E934120B46134339D0D7F814312B
:1067A0009B6C032B1CD801A252F823F0E967000868
:1067B000BD670008CB670008E9670008674BDB6A24
:1067C000664A43F40033D3620FE0D7F8143108333C
:1067D0000221184601F002F9034687F8273104E048
:1067E000012387F8273100E000BF97F82731002BFD
:1067F0000AD15A4BDB6C23F00301D7F814319B6CA0
:10680000564A0B43D36403E097F8273187F82631C3
:10681000D7F81431D3E9002302F48003C7F8C83055
:106820000023C7F8CC30D7E932120B46134300F0EF
:106830009F804B4B1B684A4A43F480731360FBF7FD
:10684000EBF9C7F820010BE0FBF7E6F90246D7F8B1
:106850002031D31A642B03D9032387F8273105E0AD
:106860003F4B1B6803F48073002BEDD097F8273162
:10687000002B79D1394B1A6FD7F81431D3F8B430D3
:10688000534003F44073002B15D0344B1B6F23F49B
:106890004073C7F81C31314B1B6F304A43F48033CF
:1068A00013672E4B1B6F2D4A23F4803313672B4A3B
:1068B000D7F81C311367D7F81431D3F8B430B3F5D7
:1068C000807F18D1FBF7A8F9C7F820010DE0FBF78E
:1068D000A3F90246D7F82031D21A41F288339A42FE
:1068E00003D9032387F8273105E01C4B1B6F03F006
:1068F0000203002BEBD097F82731002B29D1D7F8D2
:106900001431D3F8B43003F44073B3F5407F0ED1A3
:10691000124B1B6923F47C51D7F81431D3F8B430EF
:106920001A09104B13400D4A0B43136105E00B4B42
:106930001B690A4A23F47C531361084B196FD7F87B
:106940001431D3F8B430C3F30B03044A0B43136779
:106950000EE097F8273187F8263109E00044025805
:1069600000480258CFFFFF0097F8273187F82631FB
:10697000D7F81431D3E9002302F00103C7F8C0307F
:106980000023C7F8C430D7E930120B46134300F098
:106990008980D7F81431DB6F282B6BD801A252F80D
:1069A00023F000BF7D6A0008756A0008756A000858
:1069B000756A0008756A0008756A0008756A00083B
:1069C000756A0008496A0008756A0008756A000857
:1069D000756A0008756A0008756A0008756A00081B
:1069E000756A00085F6A0008756A0008756A000821
:1069F000756A0008756A0008756A0008756A0008FB
:106A0000756A00087D6A0008756A0008756A0008E2
:106A1000756A0008756A0008756A0008756A0008DA
:106A2000756A00087D6A0008756A0008756A0008C2
:106A3000756A0008756A0008756A0008756A0008BA
:106A4000756A00087D6A0008D7F8143108330121FF
:106A5000184600F0C3FF034687F827310FE0D7F848
:106A6000143128330121184601F06AF8034687F8EB
:106A7000273104E0012387F8273100E000BF97F8B1
:106A80002731002B0AD1BF4B5B6D23F03801D7F8BB
:106A90001431DB6FBB4A0B43536503E097F8273192
:106AA00087F82631D7F81431D3E9002302F0020326
:106AB000C7F8B8300023C7F8BC30D7E92E120B4610
:106AC000134341D0D7F814319B6F052B24D801A272
:106AD00052F823F0216B0008ED6A0008036B0008F0
:106AE000216B0008216B0008216B0008D7F81431D6
:106AF00008330121184600F071FF034687F827315B
:106B00000FE0D7F8143128330121184601F018F8A6
:106B1000034687F8273104E0012387F8273100E096
:106B200000BF97F82731002B0AD1964B5B6D23F0FD
:106B30000701D7F814319B6F924A0B43536503E06A
:106B400097F8273187F82631D7F81431D3E9002395
:106B500002F00403C7F8B0300023C7F8B430D7E917
:106B60002C120B46134344D0D7F81431D3F8943089
:106B7000052B25D801A252F823F000BFC96B0008ED
:106B8000956B0008AB6B0008C96B0008C96B000867
:106B9000C96B0008D7F8143108330121184600F0FA
:106BA0001DFF034687F827310FE0D7F8143128334B
:106BB0000121184600F0C4FF034687F8273104E09E
:106BC000012387F8273100E000BF97F82731002B19
:106BD0000BD16C4B9B6D23F00701D7F81431D3F820
:106BE0009430684A0B43936503E097F8273187F8A0
:106BF0002631D7F81431D3E9002302F02003C7F877
:106C0000A8300023C7F8AC30D7E92A120B4613434B
:106C100055D0D7F81431D3F89030B3F1A04F33D01A
:106C2000B3F1A04F2CD8B3F1804F2FD0B3F1804FE8
:106C300026D8B3F1405F2BD0B3F1405F20D8B3F139
:106C4000005F12D0B3F1005F1AD8002B22D0B3F14D
:106C5000805F15D1D7F8143108330021184600F0B1
:106C6000BDFE034687F8273115E0D7F814312833E5
:106C70000221184600F064FF034687F827310AE036
:106C8000012387F8273106E000BF04E000BF02E0DF
:106C900000BF00E000BF97F82731002B0BD1394B24
:106CA0005B6D23F0E041D7F81431D3F89030354ACA
:106CB0000B43536503E097F8273187F82631D7F85F
:106CC0001431D3E9002302F04003C7F8A0300023B9
:106CD000C7F8A430D7E928120B46134358D0D7F889
:106CE0001431D3F89C30B3F5A05F33D0B3F5A05F77
:106CF0002CD8B3F5805F2FD0B3F5805F26D8B3F5DD
:106D0000406F2BD0B3F5406F20D8B3F5006F12D091
:106D1000B3F5006F1AD8002B22D0B3F5806F15D1D0
:106D2000D7F8143108330021184600F057FE034607
:106D300087F8273115E0D7F8143128330221184697
:106D400000F0FEFE034687F827310AE0012387F8AA
:106D5000273106E000BF04E000BF02E000BF00E012
:106D600000BF97F82731002B0ED1064B9B6D23F403
:106D7000E051D7F81431D3F89C30024A0B439365A5
:106D800006E000BF0044025897F8273187F8263103
:106D9000D7F81431D3E9002302F08003C7F8983004
:106DA0000023C7F89C30D7E926120B46134355D071
:106DB000D7F81431D3F8A030B3F5204F33D0B3F562
:106DC000204F2CD8B3F5004F2FD0B3F5004F26D865
:106DD000B3F5C04F2BD0B3F5C04F20D8B3F5804FDB
:106DE00012D0B3F5804F1AD8002B22D0B3F5005F34
:106DF00015D1D7F8143108330021184600F0EEFD04
:106E0000034687F8273115E0D7F8143128330221DB
:106E1000184600F095FE034687F827310AE0012363
:106E200087F8273106E000BF04E000BF02E000BFA2
:106E300000E000BF97F82731002B0BD1A14B9B6DD1
:106E400023F46041D7F81431D3F8A0309D4A0B43A6
:106E5000936503E097F8273187F82631D7F8143186
:106E6000D3E9002302F00803C7F890300023C7F8E5
:106E70009430D7E924120B4613431ED0D7F81431AF
:106E8000D3F88430B3F5805F0CD1D7F814312833B0
:106E90000221184600F054FE0346002B02D00123C5
:106EA00087F82631874B5B6D23F44051D7F81431B6
:106EB000D3F88430834A0B435365D7F81431D3E9B0
:106EC000002302F01003C7F888300023C7F88C3085
:106ED000D7E922120B4613431ED0D7F81431D3F84A
:106EE0009830B3F5807F0CD1D7F8143128330221C4
:106EF000184600F025FE0346002B02D0012387F838
:106F00002631704B9B6D23F44071D7F81431D3F8C0
:106F100098306C4A0B439365D7F81431D3E90023BA
:106F200002F40023C7F880300023C7F88430D7E983
:106F300020120B4613433ED0D7F81431D3F8A430B7
:106F4000B3F5003F22D0B3F5003F1BD8002B03D090
:106F5000B3F5803F0BD015E0D7F81431083300218A
:106F6000184600F03BFD034687F827310FE0D7F8BD
:106F7000143128330221184600F0E2FD034687F859
:106F8000273104E0012387F8273100E000BF97F89C
:106F90002731002B0BD14B4B9B6D23F44031D7F89D
:106FA0001431D3F8A430474A0B43936503E097F8B4
:106FB000273187F82631D7F81431D3E9002302F4BA
:106FC0008023BB670023FB67D7E91E120B461343E0
:106FD0003BD0D7F81431D3F88830B3F5401F1FD019
:106FE000B3F5401F18D8B3F5801F03D0B3F5001FC9
:106FF00007D011E0334BDB6A324A43F40033D362EB
:107000000FE0D7F8143128330121184600F098FD1D
:10701000034687F8273104E0012387F8273100E091
:1070200000BF97F82731002B0BD1264B5B6D23F463
:107030004011D7F81431D3F88830224A0B435365F6
:1070400003E097F8273187F82631D7F81431D3E9D0
:10705000002302F480333B6700237B67D7E91C12CF
:107060000B46134334D0D7F814311B6D002B03D0DB
:10707000B3F5803F07D011E0124BDB6A114A43F4AD
:107080000033D3620EE0D7F81431083302211846DA
:1070900000F0A4FC034687F8273103E0012387F8BA
:1070A000273100BF97F82731002B0DD1054BDB6C42
:1070B00023F48031D7F814311B6D024A0B43D3649B
:1070C00006E000BF0044025897F8273187F82631C0
:1070D000D7F81431D3E9002302F00053BB66002334
:1070E000FB66D7E91A120B4613430CD0D7F81431BC
:1070F00028330221184600F023FD0346002B02D05E
:10710000012387F82631D7F81431D3E9002302F49C
:1071100000333B6600237B66D7E918120B46134306
:1071200038D0D7F81431D3F88030B3F5407F18D079
:10713000B3F5407F11D8B3F5007F14D0B3F5007FCD
:107140000BD8002B11D0B3F5807F06D1C34BDB6A7F
:10715000C24A43F40033D36208E0012387F82731A1
:1071600004E000BF02E000BF00E000BF97F8273155
:10717000002B0BD1B94B5B6D23F44071D7F8143160
:10718000D3F88030B54A0B43536503E097F82731B5
:1071900087F82631D7F81431D3E9002302F480139D
:1071A000BB650023FB65D7E916120B46134309D0D4
:1071B000AA4B1B6D23F00041D7F814315B6FA74A2F
:1071C0000B431365D7F81431D3E9002302F0805341
:1071D0003B6500237B65D7E914120B4613430AD0A5
:1071E0009E4B1B6923F48041D7F81431D3F8B83093
:1071F0009A4A0B431361D7F81431D3E9002302F400
:107200000013BB640023FB64D7E912120B4613433F
:1072100009D0924B1B6D23F08071D7F81431DB6ECF
:107220008E4A0B431365D7F81431D3E9002302F0DB
:1072300080433B6400237B64D7E910120B46134361
:107240000ED0864B1B69854A23F400431361834BA0
:107250001969D7F81431D3F8BC30804A0B43136155
:10726000D7F81431D3E9002302F00043BB630023B5
:10727000FB63D7E90E120B46134309D0774BDB6C47
:1072800023F04051D7F814315B6D744A0B43D3643B
:10729000D7F81431D3E9002302F400033B63002341
:1072A0007B63D7E90C120B4613430AD06B4B5B6D23
:1072B00023F44001D7F81431D3F88C30674A0B43DC
:1072C0005365D7F81431D3E900230021B96203F0E4
:1072D0000103FB62D7E90A120B46134311D0D7F81A
:1072E000143108330021184600F078FB034687F874
:1072F000273197F82731002B03D097F8273187F8EB
:107300002631D7F81431D3E900230021396203F084
:1073100002037B62D7E908120B46134311D0D7F85A
:10732000143108330121184600F058FB034687F852
:10733000273197F82731002B03D097F8273187F8AA
:107340002631D7F81431D3E900230021B96103F0C5
:107350000403FB61D7E906120B46134311D0D7F89B
:10736000143108330221184600F038FB034687F831
:10737000273197F82731002B03D097F8273187F86A
:107380002631D7F81431D3E900230021396103F005
:1073900008037B61D7E904120B46134311D0D7F8D9
:1073A000143128330021184600F0CAFB034687F841
:1073B000273197F82731002B03D097F8273187F82A
:1073C0002631D7F81431D3E900230021B96003F046
:1073D0001003FB60D7E902120B46134311D0D7F814
:1073E000143128330121184600F0AAFB034687F820
:1073F000273197F82731002B03D097F8273187F8EA
:107400002631D7F81431D3E900230021396003F085
:1074100020037B60D7E900120B46134311D0D7F845
:10742000143128330221184600F08AFB034687F8FE
:10743000273197F82731002B03D097F8273187F8A9
:10744000263197F82631002B01D1002300E00123DB
:10745000184607F59477BD46BDE8B08F0044025842
:1074600080B500AFFEF754FD0246064B1B6A1B09B0
:1074700003F007030449CB5C03F01F0322FA03F374
:10748000184680BD00440258A8D2010880B489B0D3
:1074900000AF7860A14B9B6A03F00303BB619F4B75
:1074A0009B6A1B0B03F03F037B619C4BDB6A1B0950
:1074B00003F001033B61994BDB6BDB08C3F30C0367
:1074C0003A6902FB03F307EE903AF8EE677AC7EDEC
:1074D000037A7B69002B00F01181BB69022B00F05D
:1074E0008380BB69022B00F2A180BB69002B03D013
:1074F000BB69012B56D099E0884B1B6803F0200331
:10750000002B2DD0854B1B68DB0803F00303844A56
:1075100022FA03F3BB60BB6807EE903AF8EE676AA5
:107520007B6907EE903AF8EE677A86EEA77A7B4B96
:107530009B6BC3F3080307EE903AF8EE676A97ED8A
:10754000036ADFED785AC6EE257A76EEA77AF7EE73
:10755000006A77EEA67A67EE277AC7ED077A87E0AA
:107560007B6907EE903AF8EE677ADFED6F6A86EE98
:10757000A77A6A4B9B6BC3F3080307EE903AF8EEC9
:10758000676A97ED036ADFED675AC6EE257A76EEF5
:10759000A77AF7EE006A77EEA67A67EE277AC7ED4C
:1075A000077A65E07B6907EE903AF8EE677ADFEDDF
:1075B0005F6A86EEA77A594B9B6BC3F3080307EE0D
:1075C000903AF8EE676A97ED036ADFED565AC6EE19
:1075D000257A76EEA77AF7EE006A77EEA67A67EE5E
:1075E000277AC7ED077A43E07B6907EE903AF8EE19
:1075F000677ADFED4F6A86EEA77A484B9B6BC3F341
:10760000080307EE903AF8EE676A97ED036ADFED3C
:10761000455AC6EE257A76EEA77AF7EE006A77EE3F
:10762000A67A67EE277AC7ED077A21E07B6907EE35
:10763000903AF8EE677ADFED3D6A86EEA77A374B2F
:107640009B6BC3F3080307EE903AF8EE676A97ED79
:10765000036ADFED345AC6EE257A76EEA77AF7EEA6
:10766000006A77EEA67A67EE277AC7ED077A00BF41
:107670002A4B9B6B5B0A03F07F0307EE903AF8EE10
:10768000677AB7EE007A37EE877AD7ED076AC6EEEB
:10769000877AFCEEE77A17EE902A7B681A601F4B18
:1076A0009B6B1B0C03F07F0307EE903AF8EE677AB2
:1076B000B7EE007A37EE877AD7ED076AC6EE877A9B
:1076C000FCEEE77A17EE902A7B685A60134B9B6BAF
:1076D0001B0E03F07F0307EE903AF8EE677AB7EEE1
:1076E000007A37EE877AD7ED076AC6EE877AFCEE26
:1076F000E77A17EE902A7B689A6008E07B680022A0
:107700001A607B6800225A607B6800229A6000BF82
:107710002437BD465DF8047B704700BF0044025823
:107720000090D003000000460024744C0024744AEA
:1077300020BCBE4B80B489B000AF7860A14B9B6A7F
:1077400003F00303BB619F4B9B6A1B0D03F03F03D8
:107750007B619C4BDB6A1B0A03F001033B61994B85
:107760005B6CDB08C3F30C033A6902FB03F307EE1F
:10777000903AF8EE677AC7ED037A7B69002B00F048
:107780001181BB69022B00F08380BB69022B00F2E0
:10779000A180BB69002B03D0BB69012B56D099E0B7
:1077A000884B1B6803F02003002B2DD0854B1B68F2
:1077B000DB0803F00303844A22FA03F3BB60BB68CF
:1077C00007EE903AF8EE676A7B6907EE903AF8EEBA
:1077D000677A86EEA77A7B4B1B6CC3F3080307EE30
:1077E000903AF8EE676A97ED036ADFED785AC6EED5
:1077F000257A76EEA77AF7EE006A77EEA67A67EE3C
:10780000277AC7ED077A87E07B6907EE903AF8EEB2
:10781000677ADFED6F6A86EEA77A6A4B1B6CC3F35B
:10782000080307EE903AF8EE676A97ED036ADFED1A
:10783000675AC6EE257A76EEA77AF7EE006A77EEFB
:10784000A67A67EE277AC7ED077A65E07B6907EECF
:10785000903AF8EE677ADFED5F6A86EEA77A594BC9
:107860001B6CC3F3080307EE903AF8EE676A97EDD6
:10787000036ADFED565AC6EE257A76EEA77AF7EE62
:10788000006A77EEA67A67EE277AC7ED077A43E0BB
:107890007B6907EE903AF8EE677ADFED4F6A86EE85
:1078A000A77A484B1B6CC3F3080307EE903AF8EE37
:1078B000676A97ED036ADFED455AC6EE257A76EEE4
:1078C000A77AF7EE006A77EEA67A67EE277AC7ED19
:1078D000077A21E07B6907EE903AF8EE677ADFEDF0
:1078E0003D6A86EEA77A374B1B6CC3F3080307EE9D
:1078F000903AF8EE676A97ED036ADFED345AC6EE08
:10790000257A76EEA77AF7EE006A77EEA67A67EE2A
:10791000277AC7ED077A00BF2A4B1B6C5B0A03F07E
:107920007F0307EE903AF8EE677AB7EE007A37EE0B
:10793000877AD7ED076AC6EE877AFCEEE77A17EE0C
:10794000902A7B681A601F4B1B6C1B0C03F07F0393
:1079500007EE903AF8EE677AB7EE007A37EE877A5C
:10796000D7ED076AC6EE877AFCEEE77A17EE902A23
:107970007B685A60134B1B6C1B0E03F07F0307EEF2
:10798000903AF8EE677AB7EE007A37EE877AD7ED5D
:10799000076AC6EE877AFCEEE77A17EE902A7B68D4
:1079A0009A6008E07B6800221A607B6800225A60B7
:1079B0007B6800229A6000BF2437BD465DF8047BD7
:1079C000704700BF004402580090D00300000046FA
:1079D0000024744C0024744A20BCBE4B80B584B093
:1079E00000AF786039600023FB73534B9B6A03F050
:1079F0000303032B01D1012399E04F4B1B684E4A2F
:107A000023F080631360FAF707F9B86008E0FAF72B
:107A100003F90246BB68D31A022B01D9032386E07F
:107A2000454B1B6803F00063002BF0D1424B9B6A6F
:107A300023F47C327B681B681B033F4913438B6232
:107A40007B685B68013BC3F308027B689B68013B72
:107A50005B029BB21A437B68DB68013B1B0403F4A7
:107A6000FE031A437B681B69013B1B0603F0FE43C0
:107A7000314913438B63304BDB6A23F0C0027B68D0
:107A80005B692D491343CB622B4BDB6A23F0200249
:107A90007B689B6928491343CB62274BDB6A264AE4
:107AA00023F01003D362244BDA6B244B13407A6823
:107AB000D269D20020491343CB631F4BDB6A1E4AB5
:107AC00043F01003D3623B68002B06D11A4BDB6AEC
:107AD000194A43F40023D3620FE03B68012B06D11F
:107AE000154BDB6A144A43F48013D36205E0124B52
:107AF000DB6A114A43F40013D3620F4B1B680E4A32
:107B000043F080631360FAF787F8B86008E0FAF78B
:107B100083F80246BB68D31A022B01D9032306E07F
:107B2000054B1B6803F00063002BF0D0FB7B18466D
:107B30001037BD4680BD00BF004402580700FFFF5C
:107B400080B584B000AF786039600023FB73534B7D
:107B50009B6A03F00303032B01D1012399E04F4BF0
:107B60001B684E4A23F080531360FAF755F8B8604B
:107B700008E0FAF751F80246BB68D31A022B01D984
:107B8000032386E0454B1B6803F00053002BF0D124
:107B9000424B9B6A23F07C727B681B681B053F4944
:107BA00013438B627B685B68013BC3F308027B680D
:107BB0009B68013B5B029BB21A437B68DB68013B1D
:107BC0001B0403F4FE031A437B681B69013B1B067D
:107BD00003F0FE43314913430B64304BDB6A23F45B
:107BE00040627B685B692D491343CB622B4BDB6A98
:107BF00023F400727B689B6928491343CB62274BAF
:107C0000DB6A264A23F48073D362244B5A6C244BDC
:107C100013407A68D269D200204913434B641F4B4A
:107C2000DB6A1E4A43F48073D3623B68002B06D1A3
:107C30001A4BDB6A194A43F48003D3620FE03B68B6
:107C4000012B06D1154BDB6A144A43F40003D362BF
:107C500005E0124BDB6A114A43F08073D3620F4B8D
:107C60001B680E4A43F080531360F9F7D5FFB860E4
:107C700008E0F9F7D1FF0246BB68D31A022B01D9FD
:107C8000032306E0054B1B6803F00053002BF0D0E4
:107C9000FB7B18461037BD4680BD00BF004402582C
:107CA0000700FFFF80B582B000AF78607B68002BD3
:107CB00001D1012349E07B6893F83D30DBB2002B12
:107CC00006D17B68002283F83C20786800F041F8F8
:107CD0007B68022283F83D207B681A687B68043346
:107CE0001946104600F0E8F97B68012283F8482025
:107CF0007B68012283F83E207B68012283F83F20C5
:107D00007B68012283F840207B68012283F84120B0
:107D10007B68012283F842207B68012283F843209C
:107D20007B68012283F844207B68012283F8452088
:107D30007B68012283F846207B68012283F8472074
:107D40007B68012283F83D20002318460837BD4692
:107D500080BD80B483B000AF786000BF0C37BD46F3
:107D60005DF8047B7047000080B485B000AF786098
:107D70007B6893F83D30DBB2012B01D0012354E046
:107D80007B68022283F83D207B681B68DA687B6889
:107D90001B6842F00102DA607B681B68264A934246
:107DA00022D07B681B68B3F1804F1DD07B681B68B5
:107DB000224A934218D07B681B68214A934213D011
:107DC0007B681B681F4A93420ED07B681B681E4A63
:107DD000934209D07B681B681C4A934204D07B689D
:107DE0001B681B4A934215D17B681B689A68194B24
:107DF0001340FB60FB68062B15D0FB68B3F5803F92
:107E000011D07B681B681A687B681B6842F001020E
:107E10001A6008E07B681B681A687B681B6842F080
:107E200001021A6000E000BF002318461437BD4667
:107E30005DF8047B704700BF000001400004004073
:107E400000080040000C0040000401400018004001
:107E5000004001400700010080B584B000AF7860A9
:107E60007B681B68DB68FB607B681B681B69BB6009
:107E7000BB6803F00203002B20D0FB6803F0020371
:107E8000002B1BD07B681B686FF002021A617B68B5
:107E900001221A777B681B689B6903F00303002BA0
:107EA00003D0786800F0E9F805E0786800F0DBF8C6
:107EB000786800F0ECF87B6800221A77BB6803F062
:107EC0000403002B20D0FB6803F00403002B1BD01D
:107ED0007B681B686FF004021A617B6802221A77C4
:107EE0007B681B689B6903F44073002B03D07868A0
:107EF00000F0C3F805E0786800F0B5F8786800F0A5
:107F0000C6F87B6800221A77BB6803F00803002BD1
:107F100020D0FB6803F00803002B1BD07B681B6894
:107F20006FF008021A617B6804221A777B681B686D
:107F3000DB6903F00303002B03D0786800F09DF8A1
:107F400005E0786800F08FF8786800F0A0F87B68AA
:107F500000221A77BB6803F01003002B20D0FB68C7
:107F600003F01003002B1BD07B681B686FF010021E
:107F70001A617B6808221A777B681B68DB6903F447
:107F80004073002B03D0786800F077F805E078683C
:107F900000F069F8786800F07AF87B6800221A77B8
:107FA000BB6803F00103002B0CD0FB6803F0010356
:107FB000002B07D07B681B686FF001021A6178689C
:107FC000F9F728F9BB6803F08003002B04D1BB68E4
:107FD00003F40053002B0CD0FB6803F08003002B4C
:107FE00007D07B681B686FF402521A61786800F052
:107FF00013F9BB6803F48073002B0CD0FB6803F00B
:108000008003002B07D07B681B686FF480721A61B5
:10801000786800F00BF9BB6803F04003002B0CD02C
:10802000FB6803F04003002B07D07B681B686FF0F0
:1080300040021A61786800F034F8BB6803F020034E
:10804000002B0CD0FB6803F02003002B07D07B68CB
:108050001B686FF020021A61786800F0D3F800BF47
:108060001037BD4680BD80B483B000AF786000BFDC
:108070000C37BD465DF8047B704780B483B000AF19
:10808000786000BF0C37BD465DF8047B704780B454
:1080900083B000AF786000BF0C37BD465DF8047B4D
:1080A000704780B483B000AF786000BF0C37BD4626
:1080B0005DF8047B7047000080B485B000AF786045
:1080C00039607B681B68FB607B68464A934213D02B
:1080D0007B68B3F1804F0FD07B68434A93420BD04B
:1080E0007B68424A934207D07B68414A934203D05F
:1080F0007B68404A934208D1FB6823F07003FB6021
:108100003B685B68FA681343FB607B68354A9342BF
:108110001FD07B68B3F1804F1BD07B68324A9342FB
:1081200017D07B68314A934213D07B68304A934220
:108130000FD07B682F4A93420BD07B682E4A934224
:1081400007D07B682D4A934203D07B682C4A934228
:1081500008D1FB6823F44073FB603B68DB68FA6876
:108160001343FB60FB6823F080023B685B691343A9
:10817000FB607B68FA681A603B689A687B68DA6221
:108180003B681A687B689A627B68164A93420FD0F4
:108190007B68184A93420BD07B68174A934207D0FA
:1081A0007B68164A934203D07B68154A934203D1F9
:1081B0003B681A697B681A637B6801225A617B6895
:1081C0001B6903F00103012B05D17B681B6923F0B8
:1081D00001027B681A6100BF1437BD465DF8047B5D
:1081E000704700BF0000014000040040000800404C
:1081F000000C0040000401400040014000440140E8
:108200000048014080B483B000AF786000BF0C37F5
:10821000BD465DF8047B704780B483B000AF7860E2
:1082200000BF0C37BD465DF8047B704780B483B057
:1082300000AF786000BF0C37BD465DF8047B704727
:1082400080B582B000AF78607B68002B01D101233C
:1082500042E07B68D3F88830002B06D17B6800228F
:1082600083F884207868F9F7DDFA7B682422C3F864
:1082700088207B681B681A687B681B6822F00102F3
:108280001A607B689B6A002B02D0786801F078FB4B
:10829000786800F00DFE0346012B01D101231BE09D
:1082A0007B681B685A687B681B6822F490425A609E
:1082B0007B681B689A687B681B6822F02A029A60B8
:1082C0007B681B681A687B681B6842F001021A60B1
:1082D000786801F0F7FB034618460837BD4680BDB5
:1082E00080B58AB002AFF860B9603B601346FB808E
:1082F000FB68D3F88830202B7BD1BB68002B02D0E1
:10830000FB88002B01D1012374E0FB680022C3F835
:108310009020FB682122C3F88820F9F77DFC786162
:10832000FB68FA88A3F85420FB68FA88A3F8562063
:10833000FB689B68B3F5805F08D1FB681B69002B65
:1083400004D10023FB61BB68BB6103E0BB68FB6138
:108350000023BB6130E03B6800937B6900228021F1
:10836000F86801F059FC0346002B05D0FB68202279
:10837000C3F8882003233DE0FB69002B0BD1BB69C8
:108380001B881A46FB681B68C2F308029A62BB6925
:108390000233BB6107E0FB691A78FB681B689A62CD
:1083A000FB690133FB61FB68B3F856309BB2013BBC
:1083B0009AB2FB68A3F85620FB68B3F856309BB21C
:1083C000002BC8D13B6800937B6900224021F868EC
:1083D00001F022FC0346002B05D0FB682022C3F8E5
:1083E0008820032306E0FB682022C3F888200023AE
:1083F00000E0022318462037BD4680BD80B58AB014
:1084000000AFF860B9601346FB80FB68D3F8883092
:10841000202B67D1BB68002B02D0FB88002B01D139
:10842000012360E0FB68BA681A65FB68FA88A3F864
:108430005420FB68FA88A3F85620FB680022C3F892
:108440009020FB682122C3F88820FB68DB6F002B9B
:1084500028D0FB68DB6F264ADA63FB68DB6F254AAE
:108460001A64FB68DB6F244ADA64FB68DB6F002266
:108470001A65FB68D86FFB681B6D1946FB681B68A3
:1084800028331A46FB88FAF7AFF80346002B09D0C9
:10849000FB681022C3F89020FB682022C3F88820D4
:1084A000012320E0FB681B6840221A62FB681B68FE
:1084B00008337B617B6953E8003F3B613B6943F0D4
:1084C00080037B62FB681B6808337A6A3A62FB614F
:1084D000F9693A6A41E80023BB61BB69002BE5D129
:1084E000002300E0022318462837BD4680BD00BFA8
:1084F000919F000827A00008A9A1000880B58AB0B4
:1085000000AFF860B9601346FB80FB68D3F88C308D
:10851000202B37D1BB68002B02D0FB88002B01D168
:10852000012330E0FB680022DA66FB681B68184A0A
:1085300093421FD0FB681B685B6803F40003002BA9
:1085400018D0FB681B687B617B6953E8003F3B6187
:108550003B6943F080637B62FB681B681A467B6A59
:108560003B62FA61F9693A6A41E80023BB61BB6981
:10857000002BE6D1FB881A46B968F86801F0BAFB0F
:10858000034600E0022318462837BD4680BD00BFE1
:10859000000C005880B590B000AF78607B68D3F8CD
:1085A0008830FB637B68D3F88C30BB637B681B68C7
:1085B0009B6803F08003802B39D1FB6B212B36D1D4
:1085C0007B681B6808333B623B6A53E8003FFB61F2
:1085D000FB6923F080037B637B681B6808337A6B3D
:1085E000FA62BB62B96AFA6A41E800237B627B6A7D
:1085F000002BE5D17B68DB6F002B15D07B68DB6F30
:108600001846FAF75BFA0346002B0DD07B68DB6F48
:108610001846FBF7E1FE0346202B05D17B681022AC
:10862000C3F89020032347E0786801F009FC7B68D9
:108630001B689B6803F04003402B3CD1BB6B222B93
:1086400039D17B681B680833FB60FB6853E8003F47
:10865000BB60BB6823F040033B637B681B68083347
:108660003A6BBA617B617969BA6941E800233B6181
:108670003B69002BE5D17B68D3F88030002B17D005
:108680007B68D3F880301846FAF718FA0346002BB7
:108690000ED07B68D3F880301846FBF79DFE03466A
:1086A000202B05D17B681022C3F89020032303E020
:1086B000786801F007FC002318464037BD4680BDAE
:1086C00080B5BAB000AF78607B681B68DB69C7F81B
:1086D000E4307B681B681B68C7F8E0307B681B6868
:1086E0009B68C7F8DC30D7F8E42040F60F0313404E
:1086F000C7F8D830D7F8D830002B1BD1D7F8E430E2
:1087000003F02003002B15D0D7F8E03003F020034E
:10871000002B05D1D7F8DC3003F08053002B09D0B3
:108720007B685B6F002B00F077837B685B6F7868FA
:10873000984771E3D7F8D830002B00F02381D7F8A1
:10874000DC208D4B1340002B06D1D7F8E0208B4B5B
:108750001340002B00F01681D7F8E43003F001033A
:10876000002B11D0D7F8E03003F48073002B0BD02E
:108770007B681B6801221A627B68D3F8903043F053
:1087800001027B68C3F89020D7F8E43003F00203BD
:10879000002B11D0D7F8DC3003F00103002B0BD0F5
:1087A0007B681B6802221A627B68D3F8903043F022
:1087B00004027B68C3F89020D7F8E43003F0040388
:1087C000002B11D0D7F8DC3003F00103002B0BD0C5
:1087D0007B681B6804221A627B68D3F8903043F0F0
:1087E00002027B68C3F89020D7F8E43003F0080356
:1087F000002B17D0D7F8E03003F02003002B05D171
:10880000D7F8DC205C4B1340002B0BD07B681B6837
:1088100008221A627B68D3F8903043F008027B6824
:10882000C3F89020D7F8E43003F40063002B12D093
:10883000D7F8E03003F08063002B0CD07B681B6816
:108840004FF400621A627B68D3F8903043F0200244
:108850007B68C3F890207B68D3F89030002B00F041
:10886000DD82D7F8E43003F02003002B13D0D7F8D3
:10887000E03003F02003002B05D1D7F8DC3003F003
:108880008053002B07D07B685B6F002B03D07B6885
:108890005B6F786898477B68D3F89030C7F8D4301E
:1088A0007B681B689B6803F04003402B05D0D7F81A
:1088B000D43003F02803002B54D0786801F002FB79
:1088C0007B681B689B6803F04003402B46D17B68A4
:1088D0001B680833C7F89C30D7F89C3053E8003F3A
:1088E000C7F89830D7F8983023F04003C7F8D03055
:1088F0007B681B680833D7F8D020C7F8A820C7F8D2
:10890000A430D7F8A410D7F8A82041E80023C7F86E
:10891000A030D7F8A030002BD9D17B68D3F88030B5
:10892000002B17D07B68D3F88030154A1A657B6816
:10893000D3F880301846FAF7DFFB0346002B19D036
:108940007B68D3F880301B6D7A68D2F8802010469F
:1089500098470FE0786800F095FA0BE0786800F02F
:1089600091FA07E0786800F08DFA7B680022C3F87E
:10897000902053E200BF51E20100001020010004EA
:1089800029A200087B68DB6E012B40F0E781D7F855
:10899000E43003F01003002B00F0E081D7F8E03062
:1089A00003F01003002B00F0D9817B681B681022B4
:1089B0001A627B681B689B6803F04003402B40F001
:1089C00051817B68D3F880301B68964A934268D007
:1089D0007B68D3F880301B68934A934261D07B68F0
:1089E000D3F880301B68914A93425AD07B68D3F801
:1089F00080301B688E4A934253D07B68D3F8803016
:108A00001B688C4A93424CD07B68D3F880301B683B
:108A1000894A934245D07B68D3F880301B68874AE7
:108A200093423ED07B68D3F880301B68844A9342DF
:108A300037D07B68D3F880301B68824A934230D0AD
:108A40007B68D3F880301B687F4A934229D07B68CB
:108A5000D3F880301B687D4A934222D07B68D3F8DC
:108A600080301B687A4A93421BD07B68D3F88030F1
:108A70001B68784A934214D07B68D3F880301B6817
:108A8000754A93420DD07B68D3F880301B68734AD7
:108A9000934206D07B68D3F880301B68704A9342BB
:108AA00006D17B68D3F880301B685B689BB205E019
:108AB0007B68D3F880301B685B689BB2A7F8BE3038
:108AC000B7F8BE30002B00F0AB817B68B3F85C30A8
:108AD000B7F8BE209A4280F0A3817B68B7F8BE2029
:108AE000A3F85E207B68D3F88030DB69B3F5807F24
:108AF00000F087807B681B68C7F88830D7F888301B
:108B000053E8003FC7F88430D7F8843023F48073EB
:108B1000C7F8B8307B681B681A46D7F8B830C7F872
:108B20009430C7F89020D7F89010D7F8942041E8F7
:108B30000023C7F88C30D7F88C30002BDAD17B6853
:108B40001B6808337B677B6F53E8003F3B673B6FD5
:108B500023F00103C7F8B4307B681B680833D7F8EB
:108B6000B420C7F88020FB67F96FD7F8802041E870
:108B70000023BB67BB6F002BE1D17B681B68083308
:108B80003B663B6E53E8003FFB65FB6D23F0400303
:108B9000C7F8B0307B681B680833D7F8B020FA6696
:108BA000BB66B96EFA6E41E800237B667B6E002BD4
:108BB000E3D17B682022C3F88C207B680022DA6630
:108BC0007B681B68FB64FB6C53E8003FBB64BB6CB9
:108BD00023F01003C7F8AC307B681B681A46D7F83F
:108BE000AC30BB657A65796DBA6D41E800233B65B1
:108BF0003B6D002BE4D17B68D3F880301846F9F741
:108C00005DFF7B6802221A677B68B3F85C207B6893
:108C1000B3F85E309BB2D31A9BB21946786800F065
:108C20003BF9FDE0100002402800024040000240F5
:108C3000580002407000024088000240A00002403C
:108C4000B8000240100402402804024040040240E0
:108C5000580402407004024088040240A00402400C
:108C6000B80402407B68B3F85C207B68B3F85E30E0
:108C70009BB2D31AA7F8CE307B68B3F85E309BB2B4
:108C8000002B00F0CF80B7F8CE30002B00F0CA8068
:108C90007B681B68BB63BB6B53E8003F7B637B6BEC
:108CA00023F49073C7F8C8307B681B681A46D7F85E
:108CB000C8307B643A64396C7A6C41E80023FB630A
:108CC000FB6B002BE4D17B681B6808337B627B6AFB
:108CD00053E8003F3B623A6A554B1340C7F8C43033
:108CE0007B681B680833D7F8C4203A63FB62F96AD3
:108CF0003A6B41E80023BB62BB6A002BE3D17B687F
:108D00002022C3F88C207B680022DA667B68002270
:108D10005A677B681B683B613B6953E8003FFB6017
:108D2000FB6823F01003C7F8C0307B681B681A4645
:108D3000D7F8C030FB61BA61B969FA6941E800232C
:108D40007B617B69002BE4D17B6802221A67B7F84C
:108D5000CE301946786800F09FF863E0D7F8E43029
:108D600003F48013002B0ED0D7F8DC3003F480031B
:108D7000002B08D07B681B684FF480121A62786859
:108D800001F093FA51E0D7F8E43003F08003002BB0
:108D900014D0D7F8E03003F08003002B05D1D7F8CA
:108DA000DC3003F40003002B08D07B689B6F002BA2
:108DB0003AD07B689B6F7868984735E0D7F8E43005
:108DC00003F04003002B09D0D7F8E03003F0400354
:108DD000002B03D0786801F03DFA26E0D7F8E430A4
:108DE00003F40003002B09D0D7F8E03003F08043F0
:108DF000002B03D0786801F06CFA16E0D7F8E43065
:108E000003F08073002B10D0D7F8E030002B0CDA81
:108E1000786801F054FA08E000BF06E000BF04E003
:108E200000BF02E000BF00E000BFE837BD4680BDE4
:108E3000FEFFFFEF80B483B000AF786000BF0C3757
:108E4000BD465DF8047B704780B483B000AF7860A6
:108E500000BF0C37BD465DF8047B704780B483B01B
:108E600000AF786000BF0C37BD465DF8047B7047EB
:108E700080B483B000AF786000BF0C37BD465DF8AA
:108E8000047B704780B483B000AF786000BF0C37BC
:108E9000BD465DF8047B704780B483B000AF786056
:108EA0000B467B8000BF0C37BD465DF8047B7047E6
:108EB0002DE9B04F92B000AF7861002387F84230BF
:108EC0007B699A687B691B691A437B695B691A43F2
:108ED0007B69DB6913437B647B691B681A68BE4B43
:108EE00013407A691268796C0B4313607B691B68C5
:108EF0005B6823F440517B69DA687B691B680A432D
:108F00005A607B699B697B647B691B68B34A9342A7
:108F100004D07B691B6A7A6C13437B647B691B6892
:108F20009A68AF4B13407A691268796C0B4393606F
:108F30007B691B68DB6A23F00F017B695A6A7B69D6
:108F40001B680A43DA627B691B68A64A934277D1A1
:108F5000A54B5B6D03F03803282B6DD801A252F8A6
:108F600023F000BF099000083990000839900008EC
:108F700039900008399000083990000839900008AD
:108F800039900008119000083990000839900008C5
:108F9000399000083990000839900008399000088D
:108FA000399000081990000839900008399000089D
:108FB000399000083990000839900008399000086D
:108FC0003990000821900008399000083990000875
:108FD000399000083990000839900008399000084D
:108FE000399000082990000839900008399000084D
:108FF000399000083990000839900008399000082D
:109000003990000831900008012387F8433022E2AC
:10901000042387F843301EE2082387F843301AE21E
:10902000102387F8433016E2202387F8433012E2FA
:10903000402387F843300EE2802387F843300AE26A
:109040007B691B68694A934230D1674B5B6D03F0C3
:109050000703052B26D801A252F823F075900008CB
:109060007D900008859000088D900008959000087C
:109070009D900008002387F84330ECE1042387F833
:109080004330E8E1082387F84330E4E1102387F810
:109090004330E0E1202387F84330DCE1402387F8C8
:1090A0004330D8E1802387F84330D4E17B691B68E3
:1090B0004F4A934230D14C4B5B6D03F00703052BB5
:1090C00026D801A252F823F0E1900008E9900008A8
:1090D000F1900008F990000801910008099100083A
:1090E000002387F84330B6E1042387F84330B2E128
:1090F000082387F84330AEE1102387F84330AAE114
:10910000202387F84330A6E1402387F84330A2E1CB
:10911000802387F843309EE17B691B68354A934280
:1091200030D1314B5B6D03F00703052B26D801A22C
:1091300052F823F04D910008559100085D91000808
:10914000659100086D91000875910008002387F86B
:10915000433080E1042387F843307CE1082387F81B
:10916000433078E1102387F8433074E1202387F8F7
:10917000433070E1402387F843306CE1802387F867
:10918000433068E17B691B681B4A934242D1164B0E
:109190005B6D03F00703052B38D801A252F823F0CA
:1091A000B9910008C1910008C9910008D191000847
:1091B000FD91000805920008002387F843304AE13A
:1091C000042387F8433046E1082387F8433042E11F
:1091D000102387F843303EE1F369FFCF000C0058BD
:1091E000FFF4FF1100100140004402580044004009
:1091F00000480040004C004000500040202387F809
:10920000433028E1402387F8433024E1802387F866
:10921000433020E17B691B68CB4A934276D1CB4B2C
:109220005B6D03F03803282B6CD801A252F823F0B1
:10923000D5920008059300080593000805930008DF
:10924000059300080593000805930008059300089E
:10925000DD920008059300080593000805930008B7
:10926000059300080593000805930008059300087E
:10927000E59200080593000805930008059300088F
:10928000059300080593000805930008059300085E
:10929000ED92000805930008059300080593000867
:1092A000059300080593000805930008059300083E
:1092B000F59200080593000805930008059300083F
:1092C000059300080593000805930008059300081E
:1092D000FD920008012387F84330BCE0042387F89F
:1092E0004330B8E0082387F84330B4E0102387F810
:1092F0004330B0E0202387F84330ACE0402387F8C8
:109300004330A8E0802387F84330A4E07B691B68E2
:109310008F4A934230D18D4B5B6D03F00703052BD1
:1093200026D801A252F823F041930008499300087F
:10933000519300085993000861930008699300084D
:10934000002387F8433086E0042387F8433082E027
:10935000082387F843307EE0102387F843307AE013
:10936000202387F8433076E0402387F8433072E0CB
:10937000802387F843306EE07B691B68754A93420F
:1093800030D1724B5B6D03F00703052B26D801A289
:1093900052F823F0AD930008B5930008BD93000880
:1093A000C5930008CD930008D5930008002387F8E3
:1093B000433050E0042387F843304CE0082387F81B
:1093C000433048E0102387F8433044E0202387F8F7
:1093D000433040E0402387F843303CE0802387F867
:1093E000433038E07B691B685B4A934230D1574B6E
:1093F0009B6D03F00703052B26D801A252F823F03A
:109400001994000821940008299400083194000858
:109410003994000841940008022387F843301AE089
:10942000042387F8433016E0082387F8433012E01E
:10943000102387F843300EE0202387F843300AE0FA
:10944000402387F8433006E0802387F8433002E06A
:10945000802387F843307B691B683F4A934240F082
:10946000F88097F84330202B46DC022BC0F2828034
:10947000023B1E2B7ED801A252F823F0FF94000875
:109480007595000807950008759500087595000802
:1094900075950008179500087595000875950008E2
:1094A0007595000875950008759500087595000874
:1094B00075950008279500087595000875950008B2
:1094C0007595000875950008759500087595000854
:1094D0007595000875950008759500087595000844
:1094E0007595000875950008759500087595000834
:1094F0007595000867950008402B37D03AE0FDF7D6
:10950000AFFFF8633CE007F124031846FDF7BEFF08
:10951000BB6AFB6334E007F118031846FEF70AF94B
:10952000FB69FB632CE0094B1B6803F02003002B55
:1095300016D0064B1B68DB0803F00303074A22FA28
:1095400003F3FB631CE000BF001401400044025819
:1095500000780040007C0040000C00580090D003D0
:109560009D4BFB630CE09D4BFB6309E04FF4004314
:10957000FB6305E00023FB63012387F8423000BF53
:10958000FB6B002B00F0DE817B695B6A944A32F84A
:1095900013301A46FB6BB3FBF2F33B637B695A68EB
:1095A00013465B0013443A6B9A4205D37B695B68B0
:1095B0001B033A6B9A4203D9012387F84230C1E179
:1095C000FB6B0022BB60FA607B695B6A844A32F8FD
:1095D00013309BB200223B607A60D7E90023D7E9C1
:1095E0000201F6F735FF02460B46104619464FF0CA
:1095F00000024FF000030B0243EA10630202796994
:109600004968490800200C46054612EB040843EB64
:1096100005097B695B6800229A46934652465B4681
:1096200040464946F6F714FF02460B461346BB6315
:10963000BB6BB3F5407F08D3BB6BB3F5801F04D27F
:109640007B691B68BA6BDA607CE1012387F84230E2
:1096500078E17B69DB69B3F5004F40F0C58097F88E
:109660004330202B48DC002B7BDB202B79D801A258
:1096700052F823F0FF960008079700086397000848
:10968000639700080F970008639700086397000826
:10969000639700081F970008639700086397000806
:1096A00063970008639700086397000863970008B2
:1096B000639700082F9700086397000863970008D6
:1096C0006397000863970008639700086397000892
:1096D0006397000863970008639700086397000882
:1096E0006397000863970008639700086397000872
:1096F0006397000855970008402B2ED031E0FCF707
:1097000037FCF86333E0FCF749FCF8632FE007F11E
:1097100024031846FDF7BAFEBB6AFB6327E007F196
:1097200018031846FEF706F8FB69FB631FE02D4B94
:109730001B6803F02003002B09D02A4B1B68DB08B1
:1097400003F00303244A22FA03F3FB630FE0224BE6
:10975000FB630CE0214BFB6309E04FF40043FB6328
:1097600005E00023FB63012387F8423000BFFB6B59
:10977000002B00F0E7807B695B6A194A32F81330EE
:109780001A46FB6BB3FBF2F35A007B695B685B081C
:109790001A447B695B68B2FBF3F3BB63BB6B0F2BB3
:1097A00016D9BB6BB3F5803F12D2BB6B9BB223F0D3
:1097B0000F03FB86BB6B5B089BB203F007039AB2F7
:1097C000FB8E1343FB867B691B68FA8EDA60B9E077
:1097D000012387F84230B5E00090D00300093D0036
:1097E000C0D201080044025897F84330202B49DCCE
:1097F000002B7CDB202B7AD801A252F823F000BF8B
:109800008B98000893980008EF980008EF980008DC
:109810009B980008EF980008EF980008EF98000860
:10982000AB980008EF980008EF980008EF98000840
:10983000EF980008EF980008EF980008EF980008EC
:10984000BB980008EF980008EF980008EF98000810
:10985000EF980008EF980008EF980008EF980008CC
:10986000EF980008EF980008EF980008EF980008BC
:10987000EF980008EF980008EF980008EF980008AC
:10988000E1980008402B2ED031E0FCF771FBF86323
:1098900033E0FCF783FBF8632FE007F1240318465D
:1098A000FDF7F4FDBB6AFB6327E007F118031846D8
:1098B000FDF740FFFB69FB631FE02D4B1B6803F0C6
:1098C0002003002B09D02A4B1B68DB0803F003039D
:1098D000284A22FA03F3FB630FE0264BFB630CE0FC
:1098E000254BFB6309E04FF40043FB6305E00023D5
:1098F000FB63012387F8423000BFFB6B002B21D0B4
:109900007B695B6A1D4A32F813301A46FB6BB3FB66
:10991000F2F27B695B685B081A447B695B68B2FBA7
:10992000F3F3BB63BB6B0F2B09D9BB6BB3F5803F64
:1099300005D2BB6B9AB27B691B68DA6002E0012337
:1099400087F842307B690122A3F86A207B690122F3
:10995000A3F868207B6900225A677B6900229A6716
:1099600097F8423018464837BD46BDE8B08F00BF73
:10997000004402580090D00300093D00C0D2010805
:1099800080B483B000AF78607B689B6A03F0080303
:10999000002B0AD07B681B685B6823F400417B685E
:1099A0009A6B7B681B680A435A607B689B6A03F06A
:1099B0000103002B0AD07B681B685B6823F400312D
:1099C0007B68DA6A7B681B680A435A607B689B6A1B
:1099D00003F00203002B0AD07B681B685B6823F44A
:1099E00080317B681A6B7B681B680A435A607B680E
:1099F0009B6A03F00403002B0AD07B681B685B683A
:109A000023F480217B685A6B7B681B680A435A6089
:109A10007B689B6A03F01003002B0AD07B681B68ED
:109A20009B6823F480517B68DA6B7B681B680A4370
:109A30009A607B689B6A03F02003002B0AD07B6846
:109A40001B689B6823F400517B681A6C7B681B6859
:109A50000A439A607B689B6A03F04003002B1AD08C
:109A60007B681B685B6823F480117B685A6C7B6899
:109A70001B680A435A607B685B6CB3F5801F0AD190
:109A80007B681B685B6823F4C0017B689A6C7B6809
:109A90001B680A435A607B689B6A03F08003002BB3
:109AA0000AD07B681B685B6823F400217B68DA6C52
:109AB0007B681B680A435A6000BF0C37BD465DF8DF
:109AC000047B704780B598B002AF78607B68002255
:109AD000C3F89020F8F7A0F878657B681B681B68CE
:109AE00003F00803082B2FD16FF07E4300937B6DAA
:109AF00000224FF40011786800F08EF80346002B26
:109B000022D07B681B68BB63BB6B53E8003F7B6361
:109B10007B6B23F080033B657B681B681A463B6DBB
:109B20007B643A64396C7A6C41E80023FB63FB6B1D
:109B3000002BE6D17B682022C3F888207B680022B6
:109B400083F88420032363E07B681B681B6803F0B1
:109B50000403042B49D16FF07E4300937B6D0022F8
:109B60004FF48001786800F057F80346002B3CD092
:109B70007B681B687B627B6A53E8003F3B623B6A01
:109B800023F49073FB647B681B681A46FB6C3B6391
:109B9000FA62F96A3A6B41E80023BB62BB6A002BA8
:109BA000E6D17B681B6808333B613B6953E8003FA3
:109BB000FB60FB6823F00103BB647B681B68083310
:109BC000BA6CFA61BB61B969FA6941E800237B614B
:109BD0007B69002BE5D17B682022C3F88C207B6851
:109BE000002283F88420032312E07B682022C3F83C
:109BF00088207B682022C3F88C207B680022DA66EC
:109C00007B6800221A677B68002283F88420002387
:109C100018465837BD4680BD80B584B000AFF860A7
:109C2000B9603B601346FB714FE0BB69B3F1FF3F86
:109C30004BD0F7F7F1FF02463B68D31ABA699A4254
:109C400002D3BB69002B01D103234EE0FB681B68E4
:109C50001B6803F00403002B37D0BB68802B34D083
:109C6000BB68402B31D0FB681B68DB6903F008033D
:109C7000082B10D1FB681B6808221A62F86800F0F4
:109C800021F9FB680822C3F89020FB68002283F8C2
:109C90008420012329E0FB681B68DB6903F400636F
:109CA000B3F5006F11D1FB681B684FF400621A62B4
:109CB000F86800F007F9FB682022C3F89020FB68E1
:109CC000002283F8842003230FE0FB681B68DA6915
:109CD000BB681340BA689A420CBF01230023DBB271
:109CE0001A46FB799A42A0D0002318461037BD4689
:109CF00080BD000080B596B000AFF860B960134633
:109D0000FB80FB68BA689A65FB68FA88A3F85C2058
:109D1000FB680022C3F89020FB682222C3F88C2045
:109D2000FB68D3F88030002B2DD0FB68D3F880304F
:109D3000404ADA63FB68D3F880303F4A1A64FB6814
:109D4000D3F880303D4ADA64FB68D3F880300022D3
:109D50001A65FB68D3F88000FB681B68243319463A
:109D6000FB689B6D1A46FB88F8F73EFC0346002B08
:109D700009D0FB681022C3F89020FB682022C3F8AA
:109D80008C20012351E0FB681B69002B18D0FB6875
:109D90001B68FB63FB6B53E8003FBB63BB6B43F487
:109DA00080737B65FB681B681A467B6DBB647A64B5
:109DB000796CBA6C41E800233B643B6C002BE6D124
:109DC000FB681B680833BB62BB6A53E8003F7B62D9
:109DD0007B6A43F001033B65FB681B6808333A6DFF
:109DE0007A633B63396B7A6B41E80023FB62FB6A61
:109DF000002BE5D1FB681B6808337B617B6953E866
:109E0000003F3B613B6943F04003FB64FB681B6818
:109E10000833FA6C3A62FB61F9693A6A41E8002357
:109E2000BB61BB69002BE5D1002318465837BD46FE
:109E300080BD00BF43A000086BA10008A9A10008D5
:109E400080B48FB000AF78607B681B683B623B6A70
:109E500053E8003FFB61FB6923F0C0037B637B6831
:109E60001B681A467B6BFB62BA62B96AFA6A41E800
:109E700000237B627B6A002BE6D17B681B6808337A
:109E8000FB60FB6853E8003FBB60BB6823F4000342
:109E90003B637B681B6808333A6BBA617B61796905
:109EA000BA6941E800233B613B69002BE5D17B683F
:109EB0002022C3F8882000BF3C37BD465DF8047BF4
:109EC0007047000080B495B000AF78607B681B6875
:109ED0007B637B6B53E8003F3B633B6B23F49073E6
:109EE000FB647B681B681A46FB6C3B64FA63F96B86
:109EF0003A6C41E80023BB63BB6B002BE6D17B6867
:109F00001B6808333B623B6A53E8003FFB61FA6918
:109F10001E4B1340BB647B681B680833BA6CFA6243
:109F2000BB62B96AFA6A41E800237B627B6A002B54
:109F3000E5D17B68DB6E012B18D17B681B68FB6069
:109F4000FB6853E8003FBB60BB6823F010037B64F1
:109F50007B681B681A467B6CBB617A617969BA6958
:109F600041E800233B613B69002BE6D17B6820225E
:109F7000C3F88C207B680022DA667B6800225A676F
:109F800000BF5437BD465DF8047B7047FEFFFFEF0E
:109F900080B590B000AF78607B689B6BFB637B689B
:109FA000DB69B3F5807F37D0FB6B0022A3F8562026
:109FB000FB6B1B6808337B627B6A53E8003F3B62A4
:109FC0003B6A23F08003BB63FB6B1B680833BA6BEF
:109FD0003A63FB62F96A3A6B41E80023BB62BB6AF1
:109FE000002BE5D1FB6B1B683B613B6953E8003FED
:109FF000FB60FB6843F040037B63FB6B1B681A4606
:10A000007B6BFB61BA61B969FA6941E800237B6146
:10A010007B69002BE6D102E0F86BFEF70BFF00BF77
:10A020004037BD4680BD80B584B000AF78607B68A6
:10A030009B6BFB60F868FEF707FF00BF1037BD465B
:10A0400080BD80B59CB000AF78607B689B6BFB6681
:10A050007B68DB69B3F5807F71D0FB6E0022A3F8CB
:10A060005E20FB6E1B68FB64FB6C53E8003FBB6427
:10A07000BB6C23F48073BB66FB6E1B681A46BB6E19
:10A08000BB657A65796DBA6D41E800233B653B6D30
:10A09000002BE6D1FB6E1B680833BB63BB6B53E838
:10A0A000003F7B637B6B23F001037B66FB6E1B68C9
:10A0B00008337A6E7A643B64396C7A6C41E8002329
:10A0C000FB63FB6B002BE5D1FB6E1B6808337B62E7
:10A0D0007B6A53E8003F3B623B6A23F040033B66E8
:10A0E000FB6E1B6808333A6E3A63FB62F96A3A6B9F
:10A0F00041E80023BB62BB6A002BE5D1FB6E202246
:10A10000C3F88C20FB6EDB6E012B18D1FB6E1B6835
:10A110003B613B6953E8003FFB60FB6823F01003A1
:10A12000FB65FB6E1B681A46FB6DFB61BA61B96982
:10A13000FA6941E800237B617B69002BE6D1FB6E65
:10A1400000221A67FB6EDB6E012B07D1FB6EB3F8A2
:10A150005C301946F86EFEF79FFE02E0F86EFEF7DF
:10A160007DFE00BF7037BD4680BD80B584B000AFB6
:10A1700078607B689B6BFB60FB6801221A67FB6859
:10A18000DB6E012B09D1FB68B3F85C305B089BB236
:10A190001946F868FEF780FE02E0F868FEF768FEF0
:10A1A00000BF1037BD4680BD80B586B000AF786077
:10A1B0007B689B6B7B617B69D3F888303B617B69F3
:10A1C000D3F88C30FB607B691B689B6803F08003CD
:10A1D000802B09D13B69212B06D17B690022A3F892
:10A1E00056207869FFF72CFE7B691B689B6803F09B
:10A1F0004003402B09D1FB68222B06D17B6900224A
:10A20000A3F85E207869FFF75DFE7B69D3F8903094
:10A2100043F010027B69C3F890207869FEF732FEA4
:10A2200000BF1837BD4680BD80B584B000AF7860F0
:10A230007B689B6BFB60FB680022A3F85E20FB68D9
:10A240000022A3F85620F868FEF71CFE00BF103766
:10A25000BD4680BD80B588B000AF78607B681B6864
:10A26000FB60FB6853E8003FBB60BB6823F0400322
:10A27000FB617B681B681A46FB69BB617A6179697F
:10A28000BA6941E800233B613B69002BE6D17B685A
:10A290002022C3F888207B6800229A677868FEF73E
:10A2A000C9FD00BF2037BD4680BD80B483B000AF7C
:10A2B000786000BF0C37BD465DF8047B704780B402
:10A2C00083B000AF786000BF0C37BD465DF8047BFB
:10A2D000704780B483B000AF786000BF0C37BD46D4
:10A2E0005DF8047B704780B485B000AF78607B6810
:10A2F00093F88430012B01D1022327E07B680122EF
:10A3000083F884207B682422C3F888207B681B683C
:10A310001B68FB607B681B681A687B681B6822F0FF
:10A3200001021A60FB6823F00053FB607B68002287
:10A330005A667B681B68FA681A607B682022C3F83B
:10A3400088207B68002283F8842000231846143775
:10A35000BD465DF8047B704780B584B000AF78607F
:10A3600039607B6893F88430012B01D102232DE002
:10A370007B68012283F884207B682422C3F888202C
:10A380007B681B681B68FB607B681B681A687B68BE
:10A390001B6822F001021A607B681B689B6823F02F
:10A3A00060417B681B683A680A439A60786800F0ED
:10A3B0004FF87B681B68FA681A607B682022C3F834
:10A3C00088207B68002283F88420002318461037F9
:10A3D000BD4680BD80B584B000AF786039607B68D1
:10A3E00093F88430012B01D102232DE07B680122F8
:10A3F00083F884207B682422C3F888207B681B684C
:10A400001B68FB607B681B681A687B681B6822F00E
:10A4100001021A607B681B689B6823F060617B689F
:10A420001B683A680A439A60786800F011F87B6804
:10A430001B68FA681A607B682022C3F888207B6852
:10A44000002283F88420002318461037BD4680BDC3
:10A4500080B485B000AF78607B685B6E002B08D15C
:10A460007B680122A3F86A207B680122A3F8682098
:10A4700031E01023FB731023BB737B681B689B6860
:10A480005B0EDBB203F007037B737B681B689B6882
:10A490005B0FDBB203F007033B73BB7B3A7B1149D5
:10A4A0008A5C02FB03F33A7B0F498A5C93FBF2F36D
:10A4B0009AB27B68A3F86A20FB7B7A7B09498A5CA5
:10A4C00002FB03F37A7B08498A5C93FBF2F39AB2AE
:10A4D0007B68A3F8682000BF1437BD465DF8047B95
:10A4E000704700BFD8D20108E0D2010880B58AB019
:10A4F00000AF78600023FB6101F0AAFF5A4B1B6894
:10A50000002B01D100F086F9584B1A687B68134084
:10A51000002B40F090807B68002B1ED008227B68C7
:10A5200013447B607B6803F00703002B15D07B6826
:10A5300023F0070308337B607B6803F00703002BDD
:10A540000BD04FF0500383F31188BFF36F8FBFF32D
:10A550004F8F7B6100BF00BFFDE77B68002B6AD097
:10A56000434B1B687A689A4265D8424B3B62414B29
:10A570001B687B6204E07B6A3B627B6A1B687B62D0
:10A580007B6A5B687A689A4203D97B6A1B68002BF6
:10A59000F1D1354B1B687A6A9A424CD03B6A1B68F2
:10A5A00008221344FB617B6A1A683B6A1A607B6A63
:10A5B0005A687B68D21A08235B009A4220D97A6ACB
:10A5C0007B681344BB61BB6903F00703002B0BD00E
:10A5D0004FF0500383F31188BFF36F8FBFF34F8F9A
:10A5E0003B6100BF00BFFDE77B6A5A687B68D21AF7
:10A5F000BB695A607B6A7A685A60B86900F06CF986
:10A600001B4B1A687B6A5B68D31A194A1360184B94
:10A610001A68194B1B689A4203D2154B1B68164ADD
:10A6200013607B6A5A68114B1B681A437B6A5A6035
:10A630007B6A00221A6001F019FFFB6903F007032F
:10A64000002B0BD04FF0500383F31188BFF36F8FB3
:10A65000BFF34F8FFB6000BF00BFFDE7FB691846EB
:10A660002837BD4680BD00BF88CA002494CA002494
:10A670008CCA002480CA002490CA002480B586B009
:10A6800000AF78607B687B617B68002B4AD0082331
:10A690005B427A6913447B617B693B613B695A6821
:10A6A000224B1B681340002B0BD14FF0500383F358
:10A6B0001188BFF36F8FBFF34F8FFB6000BF00BFE8
:10A6C000FDE73B691B68002B0BD04FF0500383F371
:10A6D0001188BFF36F8FBFF34F8FBB6000BF00BF08
:10A6E000FDE73B695A68114B1B681340002B19D0DA
:10A6F0003B691B68002B15D13B695A680B4B1B68E3
:10A70000DB431A403B695A6001F0A2FE3B695A687C
:10A71000074B1B681344064A1360386900F0DCF8E5
:10A7200001F0A4FE00BF1837BD4680BD94CA0024C6
:10A730008CCA002480B487B000AF78607B687B61EE
:10A7400008235B427A6913447B617B693B613B6907
:10A750005A68064B1B68DB431340FB60FB681846D6
:10A760001C37BD465DF8047B704700BF94CA0024C7
:10A7700080B584B000AF7860396001F069FE386858
:10A78000FFF7B4FEB860BB68002B17D07B68002BC6
:10A7900014D07868FFF7CEFF034608229B1AFB60AF
:10A7A0003A68FB689A4201D23B68FB60FA687968B4
:10A7B000B86810F07EFE7868FFF760FF01F056FE83
:10A7C000BB6818461037BD4680BD80B586B000AF67
:10A7D0007860396001F03CFE3B687A6802FB03F365
:10A7E0007B617869FFF782FEF860FB683B6104E0FB
:10A7F0003B695A1C3A6100221A707B695A1E7A61C1
:10A80000002BF5D101F032FEFB6818461837BD4623
:10A8100080BD000080B485B000AF4CF25033BB6007
:10A82000274BFB60FB6803F00703002B0CD0FB6891
:10A830000733FB60FB6823F00703FB60BA68FB6823
:10A84000D31A1F4A1344BB60FB687B601D4A7B68B8
:10A8500013601C4B00225A607B68BA681344FB608B
:10A860000822FB689B1AFB60FB6823F00703FB6070
:10A87000FB68154A1360144B1B6800225A60124B88
:10A880001B6800221A607B683B603B68FA68D21A3A
:10A890003B685A600C4B1A683B681A603B685B68FF
:10A8A0000A4A13603B685B68094A1360094B4FF022
:10A8B00000421A6000BF1437BD465DF8047B704744
:10A8C0003007002480CA002488CA002490CA0024CB
:10A8D0008CCA002494CA002480B485B000AF78608C
:10A8E000284BFB6002E0FB681B68FB60FB681B6891
:10A8F0007A689A42F7D8FB68BB60FB685B68BA6805
:10A9000013447A689A4208D1FB685A687B685B688E
:10A910001A44FB685A60FB687B607B68BB607B689D
:10A920005B68BA681A44FB681B689A4218D1FB68D6
:10A930001A68154B1B689A420DD07B685A68FB68F1
:10A940001B685B681A447B685A60FB681B681A685E
:10A950007B681A6008E00C4B1A687B681A6003E099
:10A96000FB681A687B681A60FA687B689A4202D0B2
:10A97000FB687A681A6000BF1437BD465DF8047B37
:10A98000704700BF80CA002488CA002480B584B004
:10A9900000AF78607B68D3F88C32FB604FF40062C4
:10A9A0000449F868FDF7AAFD012318461037BD4693
:10A9B00080BD00BF98CA002480B584B000AF786025
:10A9C0007B68D3F88C32FB60F868FDF7E3FD012368
:10A9D00018461037BD4680BD80B586B000AFF86020
:10A9E000B9607A603B60FB68D3F88C327B617B692D
:10A9F000D3F88830202B18D17B689BB21A46B968EF
:10AA00007869FDF7FBFC0346FB7400BFFB7C002B61
:10AA100004D17B69D3F88830202BF7D1FB7C002B45
:10AA200001D17B6802E0002300E0002318461837BC
:10AA3000BD4680BD80B588B000AFF860B9607A606F
:10AA40003B60FB68D3F88C327B610023FB61002301
:10AA5000BB6172B600BF7B69D3F880301B68594A6E
:10AA6000934268D07B69D3F880301B68564A934282
:10AA700061D07B69D3F880301B68544A93425AD026
:10AA80007B69D3F880301B68514A934253D07B696D
:10AA9000D3F880301B684F4A93424CD07B69D3F87F
:10AAA00080301B684C4A934245D07B69D3F8803094
:10AAB0001B684A4A93423ED07B69D3F880301B68BA
:10AAC000474A934237D07B69D3F880301B68454AA8
:10AAD000934230D07B69D3F880301B68424A93425E
:10AAE00029D07B69D3F880301B68404A934222D03A
:10AAF0007B69D3F880301B683D4A93421BD07B6949
:10AB0000D3F880301B683B4A934214D07B69D3F85A
:10AB100080301B68384A93420DD07B69D3F880306F
:10AB20001B68364A934206D07B69D3F880301B6895
:10AB3000334A934207D17B69D3F880301B685B6846
:10AB4000C3F5006306E07B69D3F880301B685B685F
:10AB5000C3F500632B4A136062B600BFFB69013383
:10AB6000FB61012000F01EFB274B1A68254B1B6878
:10AB70009A4217D1FA693B689A42FFF66AAF11E030
:10AB8000214B1A68B968BB690B4420498A5C1A706A
:10AB90001D4B1B680133C3F30A031B4A1360BB69D7
:10ABA0000133BB61184B1A68164B1B689A4203D0DD
:10ABB000BA697B689A42E3D3BB6918462037BD4621
:10ABC00080BD00BF1000024028000240400002404B
:10ABD000580002407000024088000240A00002407D
:10ABE000B800024010040240280402404004024021
:10ABF000580402407004024088040240A00402404D
:10AC0000B80402409CD2002498D2002498CA0024A0
:10AC100080B582B000AF786039600C4B1B681A4673
:10AC20007B6813441A46094B1A60094B1B681A4685
:10AC30007B6813441A46064B1A607868FFF756FC87
:10AC4000034618460837BD4680BD00BFA0D2002489
:10AC5000A4D2002480B582B000AF786039607B68F0
:10AC6000002B0CD07868FFF765FD0346064A126892
:10AC7000D31A1A46044B1A607868FFF7FFFC00BF2E
:10AC80000837BD4680BD00BFA4D2002480B584B083
:10AC900000AFF860B9607A60154B1B681A46BB6854
:10ACA00013441A46124B1A60124B1B681A46BB68B3
:10ACB00013441A460F4B1A60FB68002B04D1B86886
:10ACC000FFF714FC03460EE0F868FFF733FD034678
:10ACD000084A1268D31A1A46064B1A60B968F8680F
:10ACE000FFF746FD034618461037BD4680BD00BF3E
:10ACF000A0D20024A4D2002480B584B000AFF860B4
:10AD0000B9607A60FB68BA6802FB03F30C4A126808
:10AD100013441A460A4B1A60FB68BA6802FB03F335
:10AD2000084A126813441A46064B1A60B968F86854
:10AD3000FFF74BFD034618461037BD4680BD00BFE8
:10AD4000A0D20024A4D200242DE9B04386B000AFE5
:10AD5000C7E902017A6000237B61D7E9020120A3E1
:10AD6000D3E90023F5F724FB02460B467968C1E9D5
:10AD70000023D7E902011AA3D3E90023F5F718FB52
:10AD80007B689A607B689B68002B20DA7B689B68F5
:10AD9000114A82FB03121217DB17D31A01337B61AE
:10ADA0007B68D3E900237969C8170C460546B2EBE6
:10ADB000040863EB05097B68C3E900897B689A682E
:10ADC0007B69064901FB03F31A447B689A6000BF64
:10ADD0001837BD46BDE8B083A12FB84400CA9A3BDE
:10ADE00000CA9A3B000000002DE9B04F8EB000AFC2
:10ADF0007862396207F128020023136053604FF034
:10AE000000024FF00003C7E90C2307F1280318469E
:10AE100001F0B0FDBB6ADA17BB61FA614FF00002C6
:10AE20004FF00003B9690B000022C7E90C23FB6A4D
:10AE300000221C461546D7E90C231119B9606B4155
:10AE4000FB60D7E90234C7E90C34D7E90C010246AC
:10AE50000B464FF000044FF000055D0145EAD26556
:10AE6000540122462B46B2EB000863EB01094FF078
:10AE700000024FF000034FEA492343EAD8534FEA58
:10AE800048229046994618EB000A49EB010B4FF017
:10AE900000024FF000034FEA8B1343EA9A634FEA34
:10AEA0008A12B2EB0A043C6063EB0B037B60D7E9C8
:10AEB000004523461B183B612B4641EB03037B6196
:10AEC0003A6AD7E90401FFF73FFF002318463837F5
:10AED000BD46BDE8B08F80B483B000AF78607B68BA
:10AEE000002B01D1002300E0012318460C37BD469A
:10AEF0005DF8047B704780B483B000AF78607B68F6
:10AF0000002B0C37BD465DF8047B704780B582B0DE
:10AF100000AF78600B46FB707868FFF7DCFF00BF7E
:10AF20000837BD4680BD80B582B000AF78607868D4
:10AF3000FFF7E1FF00BF0837BD4680BD80B400AF1A
:10AF4000064B1B68002B03D1054B1B68034A13609B
:10AF5000024B1846BD465DF8047B7047CC000024C8
:10AF60003001002480B483B000AF03463960FB8019
:10AF7000B7F90630002B0ADB3B68DAB20C49B7F9A7
:10AF800006301201D2B20B4483F800230AE03B687A
:10AF9000DAB20849FB8803F00F03043B1201D2B276
:10AFA0000B441A7600BF0C37BD465DF8047B704732
:10AFB00000E100E000ED00E080B500AF054B1B684C
:10AFC00001F062FE0346012B01D002F05DFC00BFE0
:10AFD00080BD00BF10E000E080B500AF00216FF041
:10AFE0000400FFF7BFFF00BF80BD000080B483B046
:10AFF00000AFEFF305833B603B68002B03D06FF09D
:10B0000005037B600CE00A4B1B68002B05D1084B45
:10B0100001221A6000237B6002E04FF0FF337B6067
:10B020007B6818460C37BD465DF8047B704700BF4F
:10B03000A8D2002480B582B000AFEFF305833B6057
:10B040003B68002B03D06FF005037B6010E00B4BD7
:10B050001B68012B09D1FFF7BFFF084B02221A60C2
:10B0600001F086F900237B6002E04FF0FF337B6044
:10B070007B6818460837BD4680BD00BFA8D20024B3
:10B0800080B58EB004AFF860B9607A6000233B6190
:10B09000EFF305837B617B69002B7ED1FB68002B7E
:10B0A0007BD080233B621823FB6100237B624FF03F
:10B0B000FF33BB617B68002B45D07B681B68002B8E
:10B0C00002D07B681B687B627B689B69002B02D087
:10B0D0007B689B69FB61FB69002B08D0FB69382BFF
:10B0E00005D87B685B6803F00103002B01D00023C7
:10B0F00054E07B685B69002B03D07B685B699B082D
:10B100003B627B689B68002B0ED07B68DB68A72BBB
:10B110000AD97B681B69002B06D07B685B69002B12
:10B1200002D00123BB6110E07B689B68002B0CD12F
:10B130007B68DB68002B08D17B681B69002B04D17E
:10B140000023BB6101E00023BB61BB69012B10D16F
:10B150007B681B697A68926802920193FB6900938D
:10B16000BB683A6A796AF86800F01AFE03463B61E8
:10B1700013E0BB69002B10D13B6A9AB207F11003B0
:10B180000193FB690093BB68796AF86800F068FE78
:10B190000346012B01D000233B613B691846283749
:10B1A000BD4680BD80B584B000AF7860EFF3058305
:10B1B000BB60BB68002B03D06FF00503FB6007E0AA
:10B1C0000023FB607B68002B02D0786801F09AF8BE
:10B1D000FB6818461037BD4680BD000080B485B0BE
:10B1E00000AFF860B9607A60FB68074A1A60BB6814
:10B1F000064A1A607B6880221A6000BF1437BD4679
:10B200005DF8047B704700BFACD2002454D3002407
:10B2100080B485B000AFF860B9607A60FB68074A17
:10B220001A60BB68064A1A607B684FF480721A6025
:10B2300000BF1437BD465DF8047B704754D5002429
:10B24000FCD5002480B483B000AF78607B6803F144
:10B2500008027B685A607B684FF0FF329A607B6817
:10B2600003F108027B68DA607B6803F108027B68FF
:10B270001A617B6800221A6000BF0C37BD465DF87A
:10B28000047B704780B483B000AF78607B68002295
:10B290001A6100BF0C37BD465DF8047B704780B46F
:10B2A00085B000AF786039607B685B68FB603B68A5
:10B2B000FA685A60FB689A683B689A60FB689B680A
:10B2C0003A685A60FB683A689A603B687A681A6123
:10B2D0007B681B685A1C7B681A6000BF1437BD4628
:10B2E0005DF8047B704780B485B000AF786039604A
:10B2F0003B681B68BB60BB68B3F1FF3F03D17B6851
:10B300001B69FB600CE07B680833FB6002E0FB68B4
:10B310005B68FB60FB685B681B68BA689A42F6D2A0
:10B32000FB685A683B685A603B685B683A689A6099
:10B330003B68FA689A60FB683A685A603B687A68CA
:10B340001A617B681B685A1C7B681A6000BF14373F
:10B35000BD465DF8047B704780B485B000AF78606F
:10B360007B681B69FB607B685B687A6892689A609F
:10B370007B689B687A6852685A60FB685B687A6889
:10B380009A4203D17B689A68FB685A607B68002206
:10B390001A61FB681B685A1EFB681A60FB681B6811
:10B3A00018461437BD465DF8047B704780B584B0FD
:10B3B00000AF786039607B68FB60FB68002B0BD1C5
:10B3C0004FF0500383F31188BFF36F8FBFF34F8F9C
:10B3D000BB6000BF00BFFDE702F0C6F9FB681A685A
:10B3E000FB68DB6BF968096C01FB03F31A44FB682B
:10B3F0009A60FB6800229A63FB681A68FB685A60CF
:10B40000FB681A68FB68DB6B013BF968096C01FBA0
:10B4100003F31A44FB68DA60FB68FF2283F84420D8
:10B42000FB68FF2283F845203B68002B14D1FB68A2
:10B430001B69002B1AD0FB681033184601F036FA4E
:10B440000346002B12D00D4B4FF080521A60BFF311
:10B450004F8FBFF36F8F09E0FB6810331846FFF77B
:10B46000F1FEFB6824331846FFF7ECFE02F0AEF95C
:10B47000012318461037BD4680BD00BF04ED00E033
:10B4800080B58EB002AFF860B9607A603B60FB684F
:10B49000002B0BD14FF0500383F31188BFF36F8F54
:10B4A000BFF34F8FBB6200BF00BFFDE73B68002BBF
:10B4B0000BD14FF0500383F31188BFF36F8FBFF3AD
:10B4C0004F8F7B6200BF00BFFDE77B68002B02D07F
:10B4D000BB68002B01D0012300E00023002B0BD11F
:10B4E0004FF0500383F31188BFF36F8FBFF34F8F7B
:10B4F0003B6200BF00BFFDE77B68002B02D1BB6849
:10B50000002B01D1012300E00023002B0BD14FF0D1
:10B51000500383F31188BFF36F8FBFF34F8FFB612D
:10B5200000BF00BFFDE750237B617B69502B0BD030
:10B530004FF0500383F31188BFF36F8FBFF34F8F2A
:10B54000BB6100BF00BFFDE77B693B68FB62FB6A34
:10B55000002B0DD0FB6A012283F8462097F8382093
:10B56000FB6A009313467A68B968F86800F005F83A
:10B57000FB6A18463037BD4680BD80B584B000AF49
:10B58000F860B9607A60FB70BB68002B03D1BB69BF
:10B59000BA691A6002E0BB697A681A60BB69FA6826
:10B5A000DA63BB69BA681A640121B869FFF7FEFE65
:10B5B000BB69FA7883F84C2000BF1037BD4680BDC8
:10B5C00080B58EB000AFF860B9607A603B60002350
:10B5D0007B63FB683B633B6B002B0BD14FF050034D
:10B5E00083F31188BFF36F8FBFF34F8FBB6200BF30
:10B5F00000BFFDE7BB68002B03D13B6B1B6C002B2E
:10B6000001D1012300E00023002B0BD14FF05003A8
:10B6100083F31188BFF36F8FBFF34F8F7B6200BF3F
:10B6200000BFFDE73B68022B03D13B6BDB6B012BBB
:10B6300001D1012300E00023002B0BD14FF0500378
:10B6400083F31188BFF36F8FBFF34F8F3B6200BF4F
:10B6500000BFFDE701F018FB0346002B02D17B6819
:10B66000002B01D1012300E00023002B0BD14FF070
:10B67000500383F31188BFF36F8FBFF34F8FFB61CC
:10B6800000BF00BFFDE702F06FF83B6B9A6B3B6BAE
:10B69000DB6B9A4202D33B68022B29D13A68B96826
:10B6A000386B00F00FFAF8623B6B5B6A002B10D02E
:10B6B0003B6B2433184601F0F9F80346002B13D0F6
:10B6C0003F4B4FF080521A60BFF34F8FBFF36F8F25
:10B6D0000AE0FB6A002B07D0394B4FF080521A600A
:10B6E000BFF34F8FBFF36F8F02F070F8012363E059
:10B6F0007B68002B03D102F069F800235CE07B6BD0
:10B70000002B06D107F11403184601F05BF9012361
:10B710007B6302F05BF800F09BFE02F025F83B6BC8
:10B7200093F844305BB2B3F1FF3F03D13B6B00228F
:10B7300083F844203B6B93F845305BB2B3F1FF3F95
:10B7400003D13B6B002283F8452002F03FF83A1DFD
:10B7500007F114031146184601F04AF90346002B7D
:10B7600024D1386B00F0A6FA0346002B18D03B6BAF
:10B7700010337A681146184601F046F8386B00F02D
:10B7800031FA00F073FE0346002B7FF47CAF0C4BC4
:10B790004FF080521A60BFF34F8FBFF36F8F72E785
:10B7A000386B00F01FFA00F061FE6CE7386B00F0B8
:10B7B00019FA00F05BFE002318463837BD4680BDFD
:10B7C00004ED00E080B590B000AFF860B9607A6039
:10B7D0003B60FB68BB63BB6B002B0BD14FF050038E
:10B7E00083F31188BFF36F8FBFF34F8FBB6200BF2E
:10B7F00000BFFDE7BB68002B03D1BB6B1B6C002BAC
:10B8000001D1012300E00023002B0BD14FF05003A6
:10B8100083F31188BFF36F8FBFF34F8F7B6200BF3D
:10B8200000BFFDE73B68022B03D1BB6BDB6B012B39
:10B8300001D1012300E00023002B0BD14FF0500376
:10B8400083F31188BFF36F8FBFF34F8F3B6200BF4D
:10B8500000BFFDE702F068F8EFF311824FF05003EC
:10B8600083F31188BFF36F8FBFF34F8FFA61BB6112
:10B87000FB697B63BB6B9A6BBB6BDB6B9A4202D33E
:10B880003B68022B2FD1BB6B93F8453087F83330E0
:10B89000BB6B9B6BFB623A68B968B86B00F012F93E
:10B8A00097F93330B3F1FF3F12D1BB6B5B6A002BCA
:10B8B00016D0BB6B2433184600F0F8FF0346002B6C
:10B8C0000ED07B68002B0BD07B6801221A6007E04A
:10B8D00097F833300133DBB25AB2BB6B83F84520A3
:10B8E0000123FB6301E00023FB637B6B7B617B69CE
:10B8F00083F3118800BFFB6B18464037BD4680BDFF
:10B9000080B58CB000AFF860B9607A600023FB624C
:10B91000FB68BB62BB6A002B0BD14FF0500383F373
:10B920001188BFF36F8FBFF34F8F3B6200BF00BF23
:10B93000FDE7BB68002B03D1BB6A1B6C002B01D158
:10B94000012300E00023002B0BD14FF0500383F3C1
:10B950001188BFF36F8FBFF34F8FFB6100BF00BF34
:10B96000FDE701F091F90346002B02D17B68002B23
:10B9700001D1012300E00023002B0BD14FF0500335
:10B9800083F31188BFF36F8FBFF34F8FBB6100BF8D
:10B9900000BFFDE701F0E8FEBB6A9B6B7B627B6A40
:10B9A000002B1FD0B968B86A00F0F6F87B6A5A1EFF
:10B9B000BB6A9A63BB6A1B69002B0FD0BB6A10334A
:10B9C000184600F073FF0346002B07D03C4B4FF0A6
:10B9D00080521A60BFF34F8FBFF36F8F01F0F6FEF6
:10B9E000012369E07B68002B03D101F0EFFE002307
:10B9F00062E0FB6A002B06D107F11003184600F045
:10BA0000E1FF0123FB6201F0E1FE00F021FD01F006
:10BA1000ABFEBB6A93F844305BB2B3F1FF3F03D196
:10BA2000BB6A002283F84420BB6A93F845305BB2BE
:10BA3000B3F1FF3F03D1BB6A002283F8452001F038
:10BA4000C5FE3A1D07F110031146184600F0D0FF5D
:10BA50000346002B23D1B86A00F016F90346002BE9
:10BA600017D0BB6A24337A681146184600F0CCFE22
:10BA7000B86A00F0B7F800F0F9FC0346002B89D152
:10BA80000F4B4FF080521A60BFF34F8FBFF36F8F91
:10BA900080E7B86A00F0A6F800F0E8FC7AE7B86A38
:10BAA00000F0A0F800F0E2FCB86A00F0EDF8034600
:10BAB000002B3FF46FAF002318463037BD4680BDE2
:10BAC00004ED00E080B586B000AFF860B9607A6040
:10BAD00000237B61FB689B6B3B61FB681B6C002B4D
:10BAE0000DD1FB681B68002B4DD1FB689B68184685
:10BAF00001F0E8F87861FB6800229A6043E07B6817
:10BB0000002B19D1FB685868FB681B6C1A46B96892
:10BB10000FF0CFFCFB685A68FB681B6C1A44FB688B
:10BB20005A60FB685A68FB689B689A422BD3FB6893
:10BB30001A68FB685A6026E0FB68D868FB681B6CD3
:10BB40001A46B9680FF0B5FCFB68DA68FB681B6C35
:10BB50005B421A44FB68DA60FB68DA68FB681B68C2
:10BB60009A4207D2FB689A68FB681B6C5B421A44D6
:10BB7000FB68DA607B68022B05D13B69002B02D0A1
:10BB80003B69013B3B613B695A1CFB689A637B69DB
:10BB900018461837BD4680BD80B582B000AF7860CA
:10BBA00039607B681B6C002B18D07B68DA687B6877
:10BBB0001B6C1A447B68DA607B68DA687B689B6878
:10BBC0009A4203D37B681A687B68DA607B68D9681D
:10BBD0007B681B6C1A4638680FF06BFC00BF083797
:10BBE000BD4680BD80B584B000AF786001F0BCFD7B
:10BBF0007B6893F84530FB7311E07B685B6A002B30
:10BC000012D07B682433184600F050FE0346002B08
:10BC100001D000F051FFFB7B013BDBB2FB7397F9D6
:10BC20000F30002BE9DC00E000BF7B68FF2283F8C7
:10BC3000452001F0CBFD01F097FD7B6893F844307F
:10BC4000BB7311E07B681B69002B12D07B6810333B
:10BC5000184600F02BFE0346002B01D000F02CFF0D
:10BC6000BB7B013BDBB2BB7397F90E30002BE9DCE9
:10BC700000E000BF7B68FF2283F8442001F0A6FDAE
:10BC800000BF1037BD4680BD80B584B000AF78607E
:10BC900001F06AFD7B689B6B002B02D10123FB60E6
:10BCA00001E00023FB6001F091FDFB6818461037AE
:10BCB000BD4680BD80B584B000AF786001F054FD12
:10BCC0007B689A6B7B68DB6B9A4202D10123FB6035
:10BCD00001E00023FB6001F079FDFB681846103796
:10BCE000BD4680BD80B485B000AF78603960002368
:10BCF000FB6014E00F4AFB6852F83330002B0BD185
:10BD00000C49FB683A6841F833200A4AFB68DB00BB
:10BD100013447A685A6006E0FB680133FB60FB68F5
:10BD2000072BE7D900BF00BF1437BD465DF8047B81
:10BD3000704700BFFCD9002480B586B000AFF86022
:10BD4000B9607A60FB687B6101F00EFD7B6993F856
:10BD500044305BB2B3F1FF3F03D17B69002283F82B
:10BD600044207B6993F845305BB2B3F1FF3F03D1C8
:10BD70007B69002283F8452001F028FD7B699B6BDD
:10BD8000002B06D17B6924337A68B968184600F025
:10BD900061FD7869FFF726FF00BF1837BD4680BDFB
:10BDA00080B58EB004AFF860B9607A603B607B6BA1
:10BDB000002B0BD14FF0500383F31188BFF36F8F2B
:10BDC000BFF34F8F3B6200BF00BFFDE7BB6B002B93
:10BDD0000BD14FF0500383F31188BFF36F8FBFF384
:10BDE0004F8FFB6100BF00BFFDE7A8233B613B69AC
:10BDF000A82B0BD04FF0500383F31188BFF36F8F44
:10BE0000BFF34F8FBB6100BF00BFFDE73B69BB6B5A
:10BE1000002B1ED07B6B002B1BD0BB6B7B627B6A25
:10BE20007A6B1A637B6A022283F8A52000230393AE
:10BE30007B6A029307F1140301933B6B00933B6809
:10BE40007A68B968F86800F051F8786A00F0F6F896
:10BE500001E000237B617B6918462837BD4680BD21
:10BE600080B58CB004AFF860B9603B601346FB80CE
:10BE7000FB889B00184601F099FD78617B69002BD7
:10BE80000ED0A82001F092FDF861FB69002B03D0D1
:10BE9000FB697A691A6305E0786901F055FE01E0F3
:10BEA0000023FB61FB69002B17D0FB69002283F89C
:10BEB000A520FA8800230393FB690293FB6A019390
:10BEC000BB6A00933B68B968F86800F00FF8F8693E
:10BED00000F0B4F80123BB6102E04FF0FF33BB6117
:10BEE000BB6918462037BD4680BD000080B588B0CC
:10BEF00000AFF860B9607A603B603B6B186B7B68A1
:10BF00009B001A46A5210FF0B1F93B6B1A6B7968BB
:10BF10006FF040430B449B001344BB61BB6923F0AB
:10BF20000703BB61BB6903F00703002B0BD04FF085
:10BF3000500383F31188BFF36F8FBFF34F8F7B6183
:10BF400000BF00BFFDE7BB68002B1FD00023FB61D3
:10BF500012E0BA68FB69134419783A6BFB69134421
:10BF600034330A461A70BA68FB6913441B78002BF5
:10BF700006D0FB690133FB61FB690F2BE9D900E0B7
:10BF800000BF3B6B002283F8432003E03B6B0022A1
:10BF900083F83420BB6A372B01D93723BB623B6B54
:10BFA000BA6ADA623B6BBA6ADA643B6B00221A65E2
:10BFB0003B6B04331846FFF765F93B6B18331846A3
:10BFC000FFF760F93B6B3A6B1A61BB6AC3F1380249
:10BFD0003B6B9A613B6B3A6B5A623B6B0022C3F836
:10BFE000A0203B6B002283F8A4203B6B54334C22EF
:10BFF000002118460FF03AF93B6B0D4A9A653B6BEE
:10C000000C4ADA653B6B0C4A1A663A68F968B869FB
:10C0100001F076FA02463B6B1A60FB6A002B02D0F5
:10C02000FB6A3A6B1A6000BF2037BD4680BD00BF77
:10C0300090FC0124F8FC012460FD012480B582B04D
:10C0400000AF786001F090FB2D4B1B6801332C4A48
:10C0500013602C4B1B68002B09D12A4A7B681360A4
:10C06000274B1B68012B10D100F04AFD0DE0264B39
:10C070001B68002B09D1234B1B68DA6A7B68DB6ADB
:10C080009A4202D81F4A7B681360204B1B68013319
:10C090001E4A13601D4B1A687B685A647B68DA6A13
:10C0A0001B4B1B689A4203D97B68DB6A184A1360F2
:10C0B0007B68DA6A13469B0013449B00154A1A44B6
:10C0C0007B68043319461046FFF7E9F801F07EFB60
:10C0D0000D4B1B68002B0ED00A4B1B68DA6A7B687D
:10C0E000DB6A9A4207D20C4B4FF080521A60BFF3C2
:10C0F0004F8FBFF36F8F00BF0837BD4680BD00BFB5
:10C1000010DF00243CDA00241CDF00242CDF002494
:10C1100018DF002440DA002404ED00E080B584B08C
:10C1200000AF786001F020FB7B68002B02D12D4B23
:10C130001B6800E07B68FB60FB6804331846FFF770
:10C140000BF9FB689B6A002B04D0FB681833184678
:10C15000FFF702F9244B1B680133234A1360214B7C
:10C160001B68FA689A420BD1FB68043319461F48D2
:10C17000FFF795F81E4B1B6801331D4A136009E059
:10C180001C4B1B68013B1B4A1360F86800F026FD3E
:10C1900000F05AFD01F01AFB174B1B68002B1CD056
:10C1A000104B1B68FA689A4217D1144B1B68002B7E
:10C1B0000BD04FF0500383F31188BFF36F8FBFF3A1
:10C1C0004F8FBB6000BF00BFFDE70D4B4FF08052AB
:10C1D0001A60BFF34F8FBFF36F8F00BF1037BD469C
:10C1E00080BD00BF3CDA00242CDF0024E4DE002404
:10C1F000F8DE002410DF00241CDF002438DF0024D8
:10C2000004ED00E080B58AB000AF786039600023AB
:10C210007B627B68002B0BD14FF0500383F31188B6
:10C22000BFF36F8FBFF34F8F7B6100BF00BFFDE790
:10C230003B68002B0BD14FF0500383F31188BFF301
:10C240006F8FBFF34F8F3B6100BF00BFFDE72A4BED
:10C250001B68002B0BD04FF0500383F31188BFF302
:10C260006F8FBFF34F8FFB6000BF00BFFDE700F093
:10C27000EFF8224B1B683B627B681B683A681344EB
:10C28000FB617B681B683A6A9A420BD27B681B6829
:10C29000FA699A4211D2FA693B6A9A420DD901238E
:10C2A0007B620AE07B681B68FA699A4203D3FA69E9
:10C2B0003B6A9A4201D901237B627B68FA691A6062
:10C2C0007B6A002B06D0FA693B6AD31A0021184614
:10C2D00000F068FD00F0CAF8B861BB69002B07D117
:10C2E000074B4FF080521A60BFF34F8FBFF36F8F31
:10C2F00000BF2837BD4680BD38DF002414DF00248E
:10C3000004ED00E080B584B000AF78600023FB60EE
:10C310007B68002B18D0144B1B68002B0BD04FF000
:10C32000500383F31188BFF36F8FBFF34F8FBB6050
:10C3300000BF00BFFDE700F08BF80021786800F037
:10C3400031FD00F093F8F860FB68002B07D1074B34
:10C350004FF080521A60BFF34F8FBFF36F8F00BF53
:10C360001037BD4680BD00BF38DF002404ED00E07B
:10C3700080B58AB004AF0023BB6000237B603A46DF
:10C38000391D07F108031846FEF728FF39687B6856
:10C39000BA68029201930023009300230A462449BD
:10C3A0002448FFF7FDFC0346234A1360224B1B6819
:10C3B000002B02D001237B6101E000237B617B69BC
:10C3C000012B02D100F042FD78617B69012B1BD16A
:10C3D0004FF0500383F31188BFF36F8FBFF34F8F7C
:10C3E0003B6100BF154B1B685433154A1360154B56
:10C3F0004FF0FF321A60144B01221A60134B0022D7
:10C400001A6001F00DF90FE07B69B3F1FF3F0BD12A
:10C410004FF0500383F31188BFF36F8FBFF34F8F3B
:10C42000FB6000BF00BFFDE700BF1837BD4680BD01
:10C4300028D20108D1CA000834DF00243CDA0024E5
:10C440004001002430DF00241CDF002414DF00241E
:10C4500080B400AF044B1B680133034A136000BF74
:10C46000BD465DF8047B704738DF002480B584B09A
:10C4700000AF0023FB600023BB60424B1B68002B16
:10C480000BD14FF0500383F31188BFF36F8FBFF3CD
:10C490004F8F3B6000BF00BFFDE701F065F9394BEE
:10C4A0001B68013B374A1360364B1B68002B62D177
:10C4B000354B1B68002B5ED02FE0344BDB68DB680C
:10C4C000FB60FB6818331846FEF746FFFB68043331
:10C4D0001846FEF741FFFB68DA6A2D4B1B689A424B
:10C4E00003D9FB68DB6A2A4A1360FB68DA6A1346E1
:10C4F0009B0013449B00274A1A44FB6804331946E7
:10C500001046FEF7CCFEFB68DA6A234B1B68DB6A39
:10C510009A4202D3214B01221A601C4B1B68002B4C
:10C52000CBD1FB68002B01D000F08EFB1C4B1B68AD
:10C530007B607B68002B10D000F046F80346002B90
:10C5400002D0164B01221A607B68013B7B607B683E
:10C55000002BF1D1124B00221A60104B1B68002BEC
:10C5600009D00123BB600F4B4FF080521A60BFF31C
:10C570004F8FBFF36F8F01F029F9BB681846103752
:10C58000BD4680BD38DF002410DF0024D0DE00244B
:10C5900018DF002440DA00243CDA002424DF0024E1
:10C5A00020DF002404ED00E080B483B000AF054B31
:10C5B0001B687B607B6818460C37BD465DF8047BC2
:10C5C000704700BF14DF002480B586B000AF0023A1
:10C5D0007B614F4B1B68002B40F090804D4B1B68DC
:10C5E00001333B614B4A3B6913603B69002B21D10E
:10C5F000494B1B681B68002B0BD04FF0500383F393
:10C600001188BFF36F8FBFF34F8F3B6000BF00BF38
:10C61000FDE7414B1B68FB60404B1B683E4A1360C3
:10C620003E4AFB6813603E4B1B6801333C4A136073
:10C6300000F00AFB3B4B1B683A699A4249D3364BE0
:10C640001B681B68002B04D1364B4FF0FF321A6079
:10C650003FE0314B1B68DB68DB68BB60BB685B6835
:10C660007B603A697B689A4203D22E4A7B681360EA
:10C670002FE0BB6804331846FEF76EFEBB689B6A6A
:10C68000002B04D0BB6818331846FEF765FEBB6864
:10C69000DA6A254B1B689A4203D9BB68DB6A224AD7
:10C6A0001360BB68DA6A13469B0013449B001F4A61
:10C6B0001A44BB68043319461046FEF7F0FDBB6808
:10C6C000DA6A1B4B1B68DB6A9A42B8D301237B6191
:10C6D000B5E7174B1B68DA6A144913469B001344ED
:10C6E0009B000B441B68012B01D901237B61114B7B
:10C6F0001B68002B07D001237B6104E00E4B1B68F5
:10C7000001330D4A13607B6918461837BD4680BD5A
:10C7100038DF002414DF0024C8DE0024CCDE00242F
:10C7200028DF002430DF002418DF002440DA002452
:10C730003CDA002424DF002420DF002480B485B00C
:10C7400000AF2B4B1B68002B03D02A4B01221A6031
:10C7500047E0284B00221A60274B1B68FB6011E062
:10C76000FB68002B0BD14FF0500383F31188BFF30C
:10C770006F8FBFF34F8F7B6000BF00BFFDE7FB688B
:10C78000013BFB601D49FA6813469B0013449B0064
:10C790000B441B68002BE3D0FA6813469B0013443C
:10C7A0009B00164A1344BB60BB685B685A68BB6851
:10C7B0005A60BB685A68BB6808339A4204D1BB68A8
:10C7C0005B685A68BB685A60BB685B68DB680C4A88
:10C7D0001360094AFB681360094B1B685433094A0C
:10C7E000136000BF1437BD465DF8047B704700BF7F
:10C7F00038DF002424DF002418DF002440DA00247E
:10C800003CDA00244001002480B584B000AF786099
:10C8100039607B68002B0BD14FF0500383F31188F4
:10C82000BFF36F8FBFF34F8FFB6000BF00BFFDE70B
:10C83000074B1B68183319467868FEF754FD012131
:10C84000386800F0AFFA00BF1037BD4680BD00BFAA
:10C850003CDA002480B586B000AFF860B9607A6039
:10C86000FB68002B0BD14FF0500383F31188BFF30B
:10C870006F8FBFF34F8F7B6100BF00BFFDE70A4B97
:10C880001B6818331946F868FEF709FD7B68002B12
:10C8900002D04FF0FF33BB607968B86800F082FACD
:10C8A00000BF1837BD4680BD3CDA002480B586B095
:10C8B00000AF78607B68DB68DB683B613B69002B1D
:10C8C0000BD14FF0500383F31188BFF36F8FBFF389
:10C8D0004F8FFB6000BF00BFFDE73B691833184670
:10C8E000FEF73AFD1D4B1B68002B1DD13B6904333D
:10C8F0001846FEF731FD3B69DA6A194B1B689A420C
:10C9000003D93B69DB6A164A13603B69DA6A13464E
:10C910009B0013449B00134A1A443B690433194695
:10C920001046FEF7BCFC05E03B69183319460E487B
:10C93000FEF7B5FC3B69DA6A0C4B1B68DB6A9A426E
:10C9400005D901237B610A4B01221A6001E0002313
:10C950007B617B6918461837BD4680BD38DF0024EF
:10C9600018DF002440DA0024D0DE00243CDA002462
:10C9700024DF002480B584B000AF78607B68002B92
:10C980000BD14FF0500383F31188BFF36F8FBFF3C8
:10C990004F8FFB6000BF00BFFDE700F0E5FE074BD7
:10C9A0001A687B681A60064B1A687B685A6000F048
:10C9B0000DFF00BF1037BD4680BD00BF28DF00243B
:10C9C00014DF002480B483B000AF7860064B1A688F
:10C9D0007B681A60054B1A687B685A6000BF0C3789
:10C9E000BD465DF8047B704728DF002414DF002477
:10C9F00080B588B000AF786039607B68002B0BD1C0
:10CA00004FF0500383F31188BFF36F8FBFF34F8F45
:10CA10003B6100BF00BFFDE73B68002B0BD14FF02F
:10CA2000500383F31188BFF36F8FBFF34F8FFB6009
:10CA300000BF00BFFDE700F097FE1D4B1B68BB6108
:10CA40007B685B68BA69D31A7B613B681B68B3F18A
:10CA5000FF3F02D10023FB6123E07B681A68154B7E
:10CA60001B689A4207D07B685B68BA699A4202D316
:10CA70000123FB6115E03B681B687A699A420BD27F
:10CA80003B681A687B69D21A3B681A607868FFF7BE
:10CA900099FF0023FB6104E03B6800221A60012338
:10CAA000FB6100F093FEFB6918462037BD4680BD50
:10CAB00014DF002428DF002480B400AF034B0122E0
:10CAC0001A6000BFBD465DF8047B704724DF002478
:10CAD00080B582B000AF786000F052F8064B1B685A
:10CAE000012BF9D9054B4FF080521A60BFF34F8FDD
:10CAF000BFF36F8FF0E700BF40DA002404ED00E0E1
:10CB000080B582B000AF00237B600CE07A681346EA
:10CB10009B0013449B00124A13441846FEF792FBF5
:10CB20007B6801337B607B68372BEFD90D48FEF7BC
:10CB300089FB0D48FEF786FB0C48FEF783FB0C488B
:10CB4000FEF780FB0B48FEF77DFB0B4B054A1A6096
:10CB50000A4B054A1A6000BF0837BD4680BD00BFBA
:10CB600040DA0024A0DE0024B4DE0024D0DE00245D
:10CB7000E4DE0024FCDE0024C8DE0024CCDE002439
:10CB800080B582B000AF19E000F0EEFD104BDB681D
:10CB9000DB687B607B6804331846FEF7DDFB0D4BDA
:10CBA0001B68013B0B4A13600B4B1B68013B0A4A95
:10CBB000136000F00BFE786800F010F8064B1B685D
:10CBC000002BE1D100BF00BF0837BD4680BD00BFCC
:10CBD000E4DE002410DF0024F8DE002480B584B0F9
:10CBE00000AF78607B68543318460EF091FB7B6889
:10CBF00093F8A530002B08D17B681B6B184600F01A
:10CC0000A3FF786800F0A0FF19E07B6893F8A530D7
:10CC1000012B03D1786800F097FF10E07B6893F850
:10CC2000A530022B0BD04FF0500383F31188BFF3D4
:10CC30006F8FBFF34F8FFB6000BF00BFFDE700BFEA
:10CC40001037BD4680BD000080B483B000AF0C4BF0
:10CC50001B681B68002B04D10A4B4FF0FF321A608F
:10CC600008E0074B1B68DB68DB687B607B685B6800
:10CC7000044A136000BF0C37BD465DF8047B704763
:10CC8000C8DE002430DF002480B483B000AF0B4B3B
:10CC90001B68002B02D101237B6008E0084B1B6856
:10CCA000002B02D102237B6001E000237B607B68C4
:10CCB00018460C37BD465DF8047B70471CDF002426
:10CCC00038DF002480B586B000AF78607B683B61B8
:10CCD00000237B617B68002B58D02F4B1B683A697F
:10CCE0009A420BD04FF0500383F31188BFF36F8F3C
:10CCF000BFF34F8FFB6000BF00BFFDE73B691B6DBB
:10CD0000002B0BD14FF0500383F31188BFF36F8FCB
:10CD1000BFF34F8FBB6000BF00BFFDE73B691B6DDA
:10CD20005A1E3B691A653B69DA6A3B69DB6C9A42B9
:10CD30002CD03B691B6D002B28D13B69043318466E
:10CD4000FEF70AFB3B69DA6C3B69DA623B69DB6A36
:10CD5000C3F138023B699A613B69DA6A0F4B1B6881
:10CD60009A4203D93B69DB6A0C4A13603B69DA6A71
:10CD700013469B0013449B00094A1A443B69043341
:10CD800019461046FEF78BFA01237B617B69184632
:10CD90001837BD4680BD00BF3CDA002418DF0024F0
:10CDA00040DA002480B584B000AF78603960214B50
:10CDB0001B68FB60204B1B6804331846FEF7CCFA57
:10CDC0007B68B3F1FF3F0AD13B68002B07D01A4BB9
:10CDD0001B68043319461948FEF761FA26E0FA6821
:10CDE0007B681344BB60144B1B68BA685A60BA680E
:10CDF000FB689A4209D2124B1A680F4B1B68043326
:10CE000019461046FEF76FFA10E00E4B1A680A4BEF
:10CE10001B68043319461046FEF765FA0A4B1B6877
:10CE2000BA689A4202D2084ABB68136000BF103742
:10CE3000BD4680BD14DF00243CDA0024FCDE002463
:10CE4000CCDE0024C8DE002430DF002480B58AB0A8
:10CE500004AF00237B6100F013FB1D4B1B68002B0C
:10CE600021D00023FB600023BB603A1D07F10801BD
:10CE700007F10C031846FEF7CBF97968BB68FA682E
:10CE8000029201930223009300230A46114912489B
:10CE9000FEF786FF0346114A1360104B1B68002BF8
:10CEA00001D001237B617B69002B0BD14FF0500334
:10CEB00083F31188BFF36F8FBFF34F8F3B6100BFC8
:10CEC00000BFFDE77B6918461837BD4680BD00BF2F
:10CED0006CDF002430D2010819D0000870DF002474
:10CEE00080B58AB000AFF860B9607A603B6000231B
:10CEF0007B62FB68002B0BD14FF0500383F311884A
:10CF0000BFF36F8FBFF34F8F3B6200BF00BFFDE7E2
:10CF1000194B1B68002B2AD0BB683B617B687B6187
:10CF2000FB68BB61BB68052B18DCFFF7ADFE034651
:10CF3000022B09D1104B186807F1100100233A6B3E
:10CF4000FEF73EFB786212E00B4B186807F1100108
:10CF500000230022FEF734FB786208E0064B1868D5
:10CF600007F1100100233A68FEF72CFC78627B6A17
:10CF700018462837BD4680BD6CDF002480B588B0D8
:10CF800002AF78603960234B1B68DB68DB687B612C
:10CF90007B6904331846FEF7DFF97B6993F8283084
:10CFA00003F00403002B23D07B699A697B68D118B6
:10CFB0007B683A68786900F0D5F80346002B20D0EA
:10CFC0000023009300237A6800217869FFF788FF27
:10CFD00038613B69002B14D14FF0500383F3118863
:10CFE000BFF36F8FBFF34F8FFB6000BF00BFFDE744
:10CFF0007B6993F8283023F00103DAB27B6983F868
:10D0000028207B691B6A7869984700BF1837BD469E
:10D0100080BD00BF64DF002480B584B000AF7860BD
:10D0200007F10803184600F059F8F860BB68194684
:10D03000F86800F005F800F0D7F800BFF0E700004E
:10D0400080B584B000AF78603960FFF701FA07F16E
:10D050000803184600F066F8F860BB68002B30D172
:10D060003B68002B0AD17A68FB689A4206D8FFF722
:10D07000FDF9F9687868FFF781FF24E03B68002B31
:10D0800008D0134B1B681B68002B01D1012300E063
:10D0900000233B600F4B18687A68FB68D31A3A6824
:10D0A0001946FEF749FEFFF7E1F90346002B0AD1C6
:10D0B000094B4FF080521A60BFF34F8FBFF36F8F51
:10D0C00001E0FFF7D3F900BF1037BD4680BD00BFB8
:10D0D00068DF00246CDF002404ED00E080B485B03C
:10D0E00000AF78600E4B1B681B68002B01D101223A
:10D0F00000E000227B681A607B681B68002B05D16A
:10D10000074B1B68DB681B68FB6001E00023FB60CA
:10D11000FB6818461437BD465DF8047B704700BFB6
:10D1200064DF002480B584B000AF7860FFF73CFA7C
:10D13000F8600B4B1B68FA689A4205D200F03AF986
:10D140007B6801221A6002E07B6800221A60044AB0
:10D15000FB681360FB6818461037BD4680BD00BFF2
:10D1600074DF002480B586B000AFF860B9607A60E3
:10D170003B6000237B61FB68BA685A60FB68FA6811
:10D180001A61BA687B689A4212D87A683B68D21AE8
:10D19000FB689B699A4202D301237B611BE0104B21
:10D1A0001A68FB68043319461046FEF79CF812E033
:10D1B0007A683B689A4206D2BA683B689A4202D3C0
:10D1C00001237B6107E0074B1A68FB6804331946AB
:10D1D0001046FEF788F87B6918461837BD4680BDB3
:10D1E00068DF002464DF002480B58EB002AFCEE09B
:10D1F0007B68002B19DA3B1D0433FB62FB6A002BB2
:10D200000BD14FF0500383F31188BFF36F8FBFF33F
:10D210004F8FFB6100BF00BFFDE7FB6A1B68FA6A26
:10D220005068FA6A9268114698477B68002BC0F2F2
:10D23000AE80FB68BB62BB6A5B69002B04D0BB6A33
:10D2400004331846FEF788F83B461846FFF76AFF96
:10D2500078627B68092B00F2978001A252F823F0D4
:10D2600089D2000889D2000889D20008FFD20008BC
:10D2700013D300085FD3000889D2000889D20008C0
:10D28000FFD2000813D30008BB6A93F8283043F09C
:10D290000103DAB2BB6A83F82820BA68BB6A9B69CB
:10D2A000D118BB687A6AB86AFFF75CFF0346002BA7
:10D2B0006CD0BB6A1B6AB86A9847BB6A93F828307F
:10D2C00003F00403002B61D0BA68BB6A9B691A445F
:10D2D0000023009300230021B86AFFF701FE3862A3
:10D2E0003B6A002B52D14FF0500383F31188BFF3F8
:10D2F0006F8FBFF34F8FBB6100BF00BFFDE7BB6AFD
:10D3000093F8283023F00103DAB2BB6A83F82820AF
:10D310003DE0BB6A93F8283043F00103DAB2BB6A00
:10D3200083F82820BA68BB6A9A61BB6A9B69002BA4
:10D330000BD14FF0500383F31188BFF36F8FBFF30E
:10D340004F8F7B6100BF00BFFDE7BB6A9A697B6AB4
:10D35000D1187B6A7A6AB86AFFF704FF17E0BB6AE4
:10D3600093F8283003F00203002B03D1B86A00F0D1
:10D37000EBFB0CE0BB6A93F8283023F00103DAB230
:10D38000BB6A83F8282002E000BF00E000BF084B22
:10D390001B68391D00221846FEF7B2FA0346002B1F
:10D3A0007FF426AF00BF00BF3037BD4680BD00BF51
:10D3B0006CDF002480B588B002AF49E02E4B1B68BB
:10D3C000DB681B683B612C4B1B68DB68DB68FB6020
:10D3D000FB6804331846FDF7BFFFFB681B6AF8685B
:10D3E0009847FB6893F8283003F00403002B2FD0F4
:10D3F000FB689B693A691344BB60BA683B699A420F
:10D400000ED9FB68BA685A60FB68FA681A611A4B51
:10D410001A68FB68043319461046FDF764FF17E0ED
:10D420000023009300233A690021F868FFF758FDB4
:10D4300078607B68002B0BD14FF0500383F3118889
:10D44000BFF36F8FBFF34F8F3B6000BF00BFFDE79F
:10D45000094B1B681B68002BB0D1074B1B687B6115
:10D46000064B1B68044A1360044A7B69136000BFC3
:10D470001837BD4680BD00BF64DF002468DF00248C
:10D4800080B582B002AF00F06FF9154B1B68002B1E
:10D4900020D11448FDF7D6FE1348FDF7D3FE134BF9
:10D4A000104A1A60124B104A1A6000230093114B65
:10D4B000114A10210A20FDF7E3FF0346084A1360D2
:10D4C000074B1B68002B05D0054B1B680B49184602
:10D4D000FEF708FC00F07AF900BFBD4680BD00BF32
:10D4E0006CDF00243CDF002450DF002464DF0024D4
:10D4F00068DF002418E0002478DF002438D2010817
:10D5000080B485B000AFF860B9607A60FB68043B16
:10D51000FB60FB684FF080721A60FB68043BFB60A5
:10D52000BB6823F00102FB681A60FB68043BFB60E8
:10D530000C4AFB681A60FB68143BFB607A68FB6866
:10D540001A60FB68043BFB60FB686FF002021A6024
:10D55000FB68203BFB60FB6818461437BD465DF84E
:10D56000047B704769D5000880B485B000AF002304
:10D570007B60134B1B68B3F1FF3F0BD04FF05003A0
:10D5800083F31188BFF36F8FBFF34F8FFB6000BF32
:10D5900000BFFDE74FF0500383F31188BFF36F8F97
:10D5A000BFF34F8FBB6000BF00BF7B68002BFCD078
:10D5B00000BF00BF1437BD465DF8047B704700BF55
:10D5C000D80000240000000000000000000000005F
:10D5D000074B19680868B0E8F04F80F30988BFF37B
:10D5E0006F8F4FF0000080F311887047AFF3008019
:10D5F0003CDA002400BF00BF08480068006880F3E0
:10D6000008884FF0000080F3148862B661B6BFF35B
:10D610004F8FBFF36F8F00DF00BF00BF08ED00E04A
:10D6200080B586B000AF474B1B68474A93420BD189
:10D630004FF0500383F31188BFF36F8FBFF34F8F09
:10D640003B6100BF00BFFDE73E4B1B683F4A934272
:10D650000BD14FF0500383F31188BFF36F8FBFF3EB
:10D660004F8FFB6000BF00BFFDE7394B7B617B69DB
:10D670001B78DBB27B607B69FF221A707B691B78A9
:10D68000DBB2FB70FB78DBB203F05003DAB2314B54
:10D690001A70314B07221A6009E02F4B1B68013BBF
:10D6A0002D4A1360FB78DBB25B00DBB2FB70FB78CA
:10D6B000DBB203F08003802BEFD0274B1B68C3F154
:10D6C0000703042B0BD04FF0500383F31188BFF3F3
:10D6D0006F8FBFF34F8FBB6000BF00BFFDE71E4BD6
:10D6E0001B681B021C4A13601B4B1B6803F4E0639E
:10D6F000194A13607B68DAB27B691A70174B1B6892
:10D70000164A43F470031360144B1B68134A43F02A
:10D710007043136000F0DAF8114B00221A6000F039
:10D72000F9F8104B1B680F4A43F040431360FFF7B2
:10D7300063FFFFF703F8FFF717FF002318461837BA
:10D74000BD4680BD00ED00E071C20F4170C20F41C7
:10D7500000E400E068E000246CE0002420ED00E03C
:10D76000D800002434EF00E080B483B000AF4FF065
:10D77000500383F31188BFF36F8FBFF34F8F7B602C
:10D7800000BF104B1B6801330E4A13600D4B1B6822
:10D79000012B10D10C4B1B68DBB2002B0BD04FF0D0
:10D7A000500383F31188BFF36F8FBFF34F8F3B603C
:10D7B00000BF00BFFDE700BF0C37BD465DF8047B2E
:10D7C000704700BFD800002404ED00E080B483B0AF
:10D7D00000AF124B1B68002B0BD14FF0500383F3AB
:10D7E0001188BFF36F8FBFF34F8F7B6000BF00BF07
:10D7F000FDE70A4B1B68013B084A1360074B1B6897
:10D80000002B05D100233B603B6883F3118800BFE8
:10D8100000BF0C37BD465DF8047B7047D80000247C
:10D82000EFF30980BFF36F8F154B1A681EF0100FCE
:10D8300008BF20ED108A20E9F04F10602DE90900A3
:10D840004FF0500080F31188BFF34F8FBFF36F8FFD
:10D85000FEF774FF4FF0000080F3118809BC1968CF
:10D860000868B0E8F04F1EF0100F08BFB0EC108A47
:10D8700080F30988BFF36F8F704700BFAFF300805C
:10D880003CDA002400BF00BF80B582B000AF4FF08B
:10D89000500383F31188BFF36F8FBFF34F8F7B600B
:10D8A00000BFFEF791FE0346002B03D0064B4FF05E
:10D8B00080521A6000233B603B6883F3118800BFED
:10D8C00000BF0837BD4680BD04ED00E080B400AF66
:10D8D0000B4B00221A600B4B00221A600A4B1B688C
:10D8E0000A4AA2FB03239B09094A013B1360044B2C
:10D8F00007221A6000BFBD465DF8047B704700BF79
:10D9000010E000E018E000E008000024D34D6210B1
:10D9100014E000E0DFF80C00016841F470010160E0
:10D92000704700BF88ED00E080B485B000AFEFF332
:10D930000583FB60FB680F2B15D9184AFB6813445D
:10D940001B78FB72164B1B78FA7A9A420BD24FF077
:10D95000500383F31188BFF36F8FBFF34F8F7B604A
:10D9600000BF00BFFDE70F4B1B6803F4E0620E4BE6
:10D970001B689A420BD94FF0500383F31188BFF311
:10D980006F8FBFF34F8F3B6000BF00BFFDE700BF4D
:10D990001437BD465DF8047B704700BFF0E300E03C
:10D9A00068E000240CED00E06CE0002480B58AB053
:10D9B00000AF78600023FB61FEF74AFD5C4B1B68FB
:10D9C000002B01D100F024F95A4B1A687B681340F0
:10D9D000002B40F095807B68002B1ED008227B68CE
:10D9E00013447B607B6803F00703002B15D07B6832
:10D9F00023F0070308337B607B6803F00703002BE9
:10DA00000BD04FF0500383F31188BFF36F8FBFF338
:10DA10004F8F7B6100BF00BFFDE77B68002B6FD09D
:10DA2000454B1B687A689A426AD8444B3B62434B29
:10DA30001B687B6204E07B6A3B627B6A1B687B62DB
:10DA40007B6A5B687A689A4203D97B6A1B68002B01
:10DA5000F1D1374B1B687A6A9A4251D03B6A1B68F6
:10DA600008221344FB617B6A1A683B6A1A607B6A6E
:10DA70005A687B68D21A08235B009A4220D97A6AD6
:10DA80007B681344BB61BB6903F00703002B0BD019
:10DA90004FF0500383F31188BFF36F8FBFF34F8FA5
:10DAA0003B6100BF00BFFDE77B6A5A687B68D21A02
:10DAB000BB695A607B6A7A685A60B86900F00AF9F3
:10DAC0001D4B1A687B6A5B68D31A1B4A13601A4B9A
:10DAD0001A681B4B1B689A4203D2174B1B68184AE3
:10DAE00013607B6A5A68134B1B681A437B6A5A603F
:10DAF0007B6A00221A60134B1B680133114A1360C2
:10DB0000FEF7B4FCFB6903F00703002B0BD04FF0CA
:10DB1000500383F31188BFF36F8FBFF34F8FFB6008
:10DB200000BF00BFFDE7FB6918462837BD4680BD32
:10DB3000C8A30124DCA30124CCA30124C0A3012495
:10DB4000D0A30124D4A3012480B586B000AF7860AF
:10DB50007B687B617B68002B4FD008235B427A692E
:10DB600013447B617B693B613B695A68254B1B68A9
:10DB70001340002B0BD14FF0500383F31188BFF3F8
:10DB80006F8FBFF34F8FFB6000BF00BFFDE73B69A6
:10DB90001B68002B0BD04FF0500383F31188BFF3A9
:10DBA0006F8FBFF34F8FBB6000BF00BFFDE73B69C6
:10DBB0005A68144B1B681340002B1ED03B691B682E
:10DBC000002B1AD13B695A680E4B1B68DB431A4085
:10DBD0003B695A60FEF73CFC3B695A680A4B1B687C
:10DBE0001344094A1360386900F074F8074B1B6846
:10DBF0000133064A1360FEF739FC00BF1837BD46F3
:10DC000080BD00BFDCA30124CCA30124D8A3012440
:10DC100080B485B000AF4CF25033BB60274BFB6043
:10DC2000FB6803F00703002B0CD0FB680733FB6095
:10DC3000FB6823F00703FB60BA68FB68D31A1F4A2E
:10DC40001344BB60FB687B601D4A7B6813601C4B00
:10DC500000225A607B68BA681344FB600822FB68A4
:10DC60009B1AFB60FB6823F00703FB60FB68154A07
:10DC70001360144B1B6800225A60124B1B68002271
:10DC80001A607B683B603B68FA68D21A3B685A604E
:10DC90000C4B1A683B681A603B685B680A4A136061
:10DCA0003B685B68094A1360094B4FF000421A60F9
:10DCB00000BF1437BD465DF8047B704770E0002458
:10DCC000C0A30124C8A30124D0A30124CCA3012410
:10DCD000DCA3012480B485B000AF7860284BFB60E2
:10DCE00002E0FB681B68FB60FB681B687A689A426D
:10DCF000F7D8FB68BB60FB685B68BA6813447A6856
:10DD00009A4208D1FB685A687B685B681A44FB68D2
:10DD10005A60FB687B607B68BB607B685B68BA6845
:10DD20001A44FB681B689A4218D1FB681A68154BA5
:10DD30001B689A420DD07B685A68FB681B685B6859
:10DD40001A447B685A60FB681B681A687B681A6013
:10DD500008E00C4B1A687B681A6003E0FB681A68DD
:10DD60007B681A60FA687B689A4202D0FB687A681E
:10DD70001A6000BF1437BD465DF8047B704700BFD2
:10DD8000C0A30124C8A30124044B1A680AB10348A4
:10DD90007047034A014812681A607047E400002483
:10DDA0002C010024024A034B12681A60704700BF1E
:10DDB0002C010024E4000024B0B138B50D46012147
:10DDC000284601F047F86B1C0221C5F102051C181A
:10DDD000204601F03FF8022108440444204601F0A7
:10DDE00039F82844204438BD704700BF38B50C4688
:10DDF00061B1054600F094F8A11C284600F036FEFB
:10DE0000211D2846BDE8384000F030BE084638BD28
:10DE100090B138B50D4604460178284600F06AF8FE
:10DE2000B4F90210284600F0A1FDB4F90410284608
:10DE3000BDE8384000F09ABD704700BF90B10121A5
:10DE4000002010B501F006F8441C0221204601F024
:10DE500001F8022108440444204600F0FBFF023090
:10DE6000204410BD704700BF38B50121002000F0EC
:10DE7000F1FF451C0221284600F0ECFF0221441866
:10DE80002C44204600F0E6FF0230204438BD00BF9D
:10DE900000487047F000002438B50D4601210446C3
:10DEA00000F08CFF48B1A36801211D70A2682369AE
:10DEB0000A4461750B44A2602361A07D80F00100DB
:10DEC00038BD00BF38B50D460121044600F076FF8D
:10DED00060B1A2680121236912F8010B0B440038DC
:10DEE00018BF01202870A26023616175A07D80F0B9
:10DEF000010038BD38B50D460121044600F05EFF33
:10DF000048B1A36801211D70A26823690A446175A4
:10DF10000B44A2602361A07D80F0010038BD00BFEA
:10DF200038B50D460121044600F048FF50B1A36802
:10DF300001211B782B70A26823690A4461750B4488
:10DF4000A2602361A07D80F0010038BD2DE9F04181
:10DF50000B4682B004460221ADF8063000F082FF85
:10DF600001462046677D00F0C5FF0221204600F0F3
:10DF700019FF78BBD4E90135AB4226D95E1BA360FB
:10DF800023692046C6F1020833444146236100F06C
:10DF900015FF00283BD0237D012B4AD09DF8073088
:10DFA0002B70002E40D09DF806306B702369022143
:10DFB000A2680233A07D424461759E1B80F001007F
:10DFC000A260266102B0BDE8F0810221204600F087
:10DFD000F5FE90B1237D012BA36814D09DF80710A6
:10DFE0009DF806201970A3685A700221A26823695F
:10DFF0000A4461750B44A2602361A07D80F001009A
:10E0000002B0BDE8F081BDF806201A80EDE7A268F5
:10E010002369A07D921B9B1B677580F00100A260A5
:10E02000236102B0BDE8F081A3689DF806201A7054
:10E03000BCE728460DF10605324629460DF039FAAF
:10E040004246A919A0680DF034FAAFE72DE9F04374
:10E05000044683B00D460221ADF8062000F002FF11
:10E060000146204694F8158000F044FF0221204626
:10E0700000F098FE70BBD4E90167BE4225D9236940
:10E080002046A660F61B3344C6F1020923614946C7
:10E0900000F094FE002839D0012D4AD09DF80730B9
:10E0A0003B70002E40D09DF806307B702369022122
:10E0B000A268A07D02334A4461759B1B80F0010079
:10E0C000A260236103B0BDE8F0830221204600F086
:10E0D00075FE88B1012DA36814D09DF807109DF836
:10E0E00006201970A3685A700221A26823690A44A5
:10E0F00061750B44A2602361A07D80F0010003B034
:10E10000BDE8F083BDF806201A80EDE7A268236918
:10E11000A07D921B9B1B84F8158080F00100A260FB
:10E12000236103B0BDE8F083A3689DF806201A7050
:10E13000BCE70DF106053246384629460DF0B9F91F
:10E140004A46A919A0680DF0B4F9AFE72DE9F843E4
:10E1500004460D46022100F085FE0146204694F853
:10E16000158000F0C7FE0221204600F01BFE60BBB8
:10E17000D4E90167BE4223D923692046A660F61B75
:10E180003344C6F102092361494600F017FE002816
:10E1900034D0237D012B42D07B782B70002E3AD0D7
:10E1A0003B786B7023690221A2680233A07D4A4448
:10E1B00061759B1B80F00100A2602361BDE8F883BC
:10E1C0000221204600F0FAFD80B1237D012BA368D7
:10E1D00011D05B782B70A3681B786B700221A2684A
:10E1E00023690A4461750B44A2602361A07D80F01D
:10E1F0000100BDE8F8831B882B80EFE7A268236944
:10E20000921BA07D9B1B84F8158080F00100A2600A
:10E210002361BDE8F883A3681B786B70C2E73946B9
:10E22000324628460DF045F94A46A819A1680DF076
:10E2300040F9B7E72DE9F04704460E46022115469E
:10E2400000F010FE0146204694F8158000F052FEC2
:10E250000221204600F0A6FD70BBD4E901794F45AC
:10E2600025D923692046A760A7EB09073B44C7F1DE
:10E27000020A2361514600F0A1FD002834D0012E8E
:10E2800043D099F801302B70002F3AD099F8003024
:10E290006B7023690221A2680233A07D524461752C
:10E2A000DB1B80F00100A2602361BDE8F087022142
:10E2B000204600F083FD78B1012EA36811D05B7871
:10E2C0002B70A3681B786B700221A26823690A4433
:10E2D00061750B44A2602361A07D80F00100BDE860
:10E2E000F0871B882B80EFE7A2682369D21BA07DF3
:10E2F000DB1B84F8158080F00100A2602361BDE87B
:10E30000F087A3681B786B70C3E749463A462846F6
:10E310000DF0CFF85246E819A1680DF0CAF8B8E739
:10E320002DE9F04182B004460191042100F09AFDEC
:10E3300001462046677D00F0DDFD0421204600F007
:10E3400031FD002839D1D4E90135AB4230D95E1B0B
:10E35000A36023692046C6F1040833444146236183
:10E3600000F02CFD00284CD0237D012B63D09DF8BC
:10E3700007302B70002E51D09DF80630012E6B70A7
:10E3800050D09DF80530022EAB704FD09DF8043070
:10E39000EB7023690421A2680433A07D42446175B7
:10E3A0009E1B80F00100A260266102B0BDE8F081F2
:10E3B0000421204600F002FDD0B1237D012BA3688B
:10E3C0001CD09DF807009DF806209DF805101870D8
:10E3D000A3685A70A3689DF804209970A368DA7046
:10E3E0000421A26823690A4461750B44A260236179
:10E3F000A07D80F0010002B0BDE8F081019A1A60B2
:10E40000EEE7A2682369A07D921B9B1B677580F0D5
:10E410000100A260236102B0BDE8F081A3689DF80D
:10E4200006201A70A3689DF805201A70A3689DF84D
:10E4300004201A70ADE7284601AD324629460DF09A
:10E4400038F84246A919A0680DF033F8A1E700BFDB
:10E450002DE9F043044683B00D460421019200F0FB
:10E4600001FD0146204694F8158000F043FD04218B
:10E47000204600F097FC002838D1D4E90176B74255
:10E480002FD923692046A760BF1B3B44C7F104096D
:10E490002361494600F092FC00284AD0012D63D048
:10E4A0009DF807303370002F51D09DF80630012FB2
:10E4B000737050D09DF80530022FB3704FD09DF887
:10E4C0000430F37023690421A268A07D04334A4418
:10E4D0006175DB1B80F00100A260236103B0BDE821
:10E4E000F0830421204600F069FCC8B1012DA36827
:10E4F0001CD09DF807009DF806209DF805101870A7
:10E50000A3685A70A3689DF804209970A368DA7014
:10E510000421A26823690A4461750B44A260236147
:10E52000A07D80F0010003B0BDE8F083019A1A607D
:10E53000EEE7A2682369A07DD21BDB1B84F815805F
:10E5400080F00100A260236103B0BDE8F083A368FE
:10E550009DF806201A70A3689DF805201A70A3681C
:10E560009DF804201A70ADE701AD3A4630462946C1
:10E570000CF09FFF4A46E919A0680CF09AFFA1E74A
:10E580002DE9F84304460D46042100F06BFC0146DA
:10E59000204694F8158000F0ADFC0421204600F0E0
:10E5A00001FC002838D1D4E90176B7422FD923697C
:10E5B0002046A760BF1B3B44C7F1040923614946BD
:10E5C00000F0FCFB002846D0237D012B5CD0F378C3
:10E5D0002B70002F4CD0B378012F6B7005F1020324
:10E5E0004AD07378022FAB7005F1030348D033781B
:10E5F000EB7023690421A2680433A07D4A4461754D
:10E60000DB1B80F00100A2602361BDE8F8830421D8
:10E61000204600F0D3FBB0B1237D012BA36817D0B7
:10E62000DB782B70A3689B786B70A3685B78AB700A
:10E63000A3681B78EB700421A26823690A44617502
:10E640000B44A2602361A07D80F00100BDE8F88347
:10E650001B682B60EFE7A2682369D21BA07DDB1B40
:10E6600084F8158080F00100A2602361BDE8F88382
:10E67000A3689B786B70AB1CA268527803F8012BDF
:10E68000A26812781A70B4E731463A4628460CF070
:10E6900010FF4A46E819A1680CF00BFFA9E700BF7C
:10E6A0002DE9F04704460E460421154600F0DAFB3A
:10E6B0000146204694F8158000F01CFC04212046F9
:10E6C00000F070FB00283CD1D4E90137BB4233D9BC
:10E6D000A3EB0709A36023692046C9F1040A4B4450
:10E6E0005146236100F06AFB002848D0012E61D01A
:10E6F000FB782B70B9F1000F50D0BB78B9F1010F46
:10E700006B7005F102034DD07B78B9F1020FAB704D
:10E7100005F103034AD03B78EB7023690421A2681A
:10E720000433A07D52446175A3EB090380F001001E
:10E73000A2602361BDE8F0870421204600F03EFB83
:10E74000A8B1012EA36817D0DB782B70A3689B7843
:10E750006B70A3685B78AB70A3681B78EB700421C7
:10E76000A26823690A4461750B44A2602361A07DFD
:10E7700080F00100BDE8F0871B682B60EFE7A2681E
:10E780002369A2EB0902A07DA3EB090384F815809D
:10E7900080F00100A2602361BDE8F087A3689B7848
:10E7A0006B70AB1CA268527803F8012BA268127838
:10E7B0001A70B2E739464A4628460CF07AFE5246AD
:10E7C00005EB0900A1680CF074FEA6E72DE9F04105
:10E7D000044682B00821CDE9002300F043FB014646
:10E7E0002046677D00F086FB0821204600F0DAFA1B
:10E7F00000284ED1D4E90135AB4245D95E1BA36058
:10E8000023692046C6F1080833444146236100F0DD
:10E81000D5FA002874D0237D012B00F09B809DF851
:10E8200007302B70002E78D09DF80630012E6B70CB
:10E8300077D09DF80530022EAB7076D09DF804306D
:10E84000032EEB7075D09DF80330042E2B7174D01D
:10E850009DF80230052E6B7173D09DF80130062EA5
:10E86000AB7172D09DF80030EB7123690821A2686A
:10E870000833A07D424461759E1B80F00100A260B8
:10E88000266102B0BDE8F0810821204600F096FA2A
:10E8900050B3237D012B2DD0A3689DF807009DF870
:10E8A00006209DF805101870A3685A70A3689DF89B
:10E8B00004209DF803009970A368DA70A3689DF89E
:10E8C00002209DF801101871A3685A71A3689DF881
:10E8D00000209971A368DA710821A26823690A44AB
:10E8E00061750B44A2602361A07D80F0010002B03D
:10E8F000BDE8F0816B46A26803CB10605160EBE786
:10E90000A2682369A07D921B9B1B677580F00100A4
:10E91000A260236102B0BDE8F081A3689DF80620E3
:10E920001A70A3689DF805201A70A3689DF804204A
:10E930001A70A3689DF803201A70A3689DF802203E
:10E940001A70A3689DF801201A70A3689DF8002032
:10E950001A708AE728466D46324629460CF0A9FD12
:10E960004246A919A0680CF0A4FD7EE72DE9F0410C
:10E970000B4682B004460221ADF8063000F072FA70
:10E9800001462046677D00F0B5FA0221204600F0DE
:10E9900009FA78BBD4E90135AB4226D95E1BA360E6
:10E9A00023692046C6F1020833444146236100F042
:10E9B00005FA00283BD0237D012B4AD09DF8073073
:10E9C0002B70002E40D09DF806306B702369022119
:10E9D000A2680233A07D424461759E1B80F0010055
:10E9E000A260266102B0BDE8F0810221204600F05D
:10E9F000E5F990B1237D012BA36814D09DF8071091
:10EA00009DF806201970A3685A700221A268236934
:10EA10000A4461750B44A2602361A07D80F001006F
:10EA200002B0BDE8F081BDF806201A80EDE7A268CB
:10EA30002369A07D921B9B1B677580F00100A2607B
:10EA4000236102B0BDE8F081A3689DF806201A702A
:10EA5000BCE728460DF10605324629460CF029FD93
:10EA60004246A919A0680CF024FDAFE72DE9F84350
:10EA700004460D46022100F0F5F90146204694F8BF
:10EA8000158000F037FA0221204600F08BF960BBB8
:10EA9000D4E90167BE4223D923692046A660F61B4C
:10EAA0003344C6F102092361494600F087F9002882
:10EAB00034D0237D012B42D07B782B70002E3AD0AE
:10EAC0003B786B7023690221A2680233A07D4A441F
:10EAD00061759B1B80F00100A2602361BDE8F88393
:10EAE0000221204600F06AF980B1237D012BA36842
:10EAF00011D05B782B70A3681B786B700221A26821
:10EB000023690A4461750B44A2602361A07D80F0F3
:10EB10000100BDE8F8831B882B80EFE7A26823691A
:10EB2000921BA07D9B1B84F8158080F00100A260E1
:10EB30002361BDE8F883A3681B786B70C2E7394690
:10EB4000324628460CF0B5FC4A46A819A1680CF0DC
:10EB5000B0FCB7E72DE9F04182B0044601910421F1
:10EB600000F080F901462046677D00F0C3F90421DA
:10EB7000204600F017F9002839D1D4E90135AB421D
:10EB800030D95E1BA36023692046C6F104083344D4
:10EB90004146236100F012F900284CD0237D012B5F
:10EBA00063D09DF807302B70002E51D09DF80630B1
:10EBB000012E6B7050D09DF80530022EAB704FD0F7
:10EBC0009DF80430EB7023690421A2680433A07D12
:10EBD000424461759E1B80F00100A260266102B074
:10EBE000BDE8F0810421204600F0E8F8D0B1237D93
:10EBF000012BA3681CD09DF807009DF806209DF806
:10EC000005101870A3685A70A3689DF804209970C5
:10EC1000A368DA700421A26823690A4461750B4471
:10EC2000A2602361A07D80F0010002B0BDE8F08108
:10EC3000019A1A60EEE7A2682369A07D921B9B1BD4
:10EC4000677580F00100A260236102B0BDE8F08129
:10EC5000A3689DF806201A70A3689DF805201A7015
:10EC6000A3689DF804201A70ADE7284601AD32462E
:10EC700029460CF01EFC4246A919A0680CF019FCAC
:10EC8000A1E700BF2DE9F84304460D46042100F03A
:10EC9000E9F80146204694F8158000F02BF904218C
:10ECA000204600F07FF8002838D1D4E90176B74239
:10ECB0002FD923692046A760BF1B3B44C7F1040935
:10ECC0002361494600F07AF8002846D0237D012BC5
:10ECD0005CD0F3782B70002F4CD0B378012F6B7081
:10ECE00005F102034AD07378022FAB7005F10303DC
:10ECF00048D03378EB7023690421A2680433A07DE7
:10ED00004A446175DB1B80F00100A2602361BDE80D
:10ED1000F8830421204600F051F8B0B1237D012B87
:10ED2000A36817D0DB782B70A3689B786B70A368FF
:10ED30005B78AB70A3681B78EB700421A268236931
:10ED40000A4461750B44A2602361A07D80F001003C
:10ED5000BDE8F8831B682B60EFE7A2682369D21B2C
:10ED6000A07DDB1B84F8158080F00100A260236188
:10ED7000BDE8F883A3689B786B70AB1CA2685278DF
:10ED800003F8012BA26812781A70B4E731463A46AC
:10ED900028460CF08EFB4A46E819A1680CF089FB66
:10EDA000A9E700BF837D3BB9D0E90103194488423C
:10EDB00034BF00200120704700207047837D43B995
:10EDC000D0E9012110B59142044605D2012318462D
:10EDD00010BD00231846704782693AB1C169904757
:10EDE00080F00103A075DBB2184610BD0120A075AC
:10EDF000FAE700BFC0E90612704700BF10B4019CDB
:10EE00000A44016042600A191C4482600022C0E981
:10EE100003349DF8083042755DF8044B8275037524
:10EE2000C0E90622704700BF10B582B0049C009470
:10EE300001240194FFF7E2FF02B010BD10B50024D9
:10EE400082B00094FFF7F0FF02B010BD0023FFF77F
:10EE5000F5BF00BFB0FBF1F202FB11004B1E081A18
:10EE600018407047437D8B4209D203694A1EB3FBA9
:10EE7000F1F001FB1030091A01EA0200704700208E
:10EE8000704700BF38B504460D46FFF7EBFFA36897
:10EE900065751A182369184463689342206128BF76
:10EEA0001346A36038BD00BF82680068101A70471F
:10EEB000D0E90120101A704738B5837DA3B9044604
:10EEC0000D46D0E901329A4200D331B92046FFF70E
:10EED000EFFFA84228BF284638BD836933B1C16916
:10EEE0009847A0750028F1D0002038BD0123837514
:10EEF000FAE700BF38B504460D46FFF753FF78B177
:10EF00002369A2682B442A4423610123A26063750C
:10EF100038BDA2682D1A236902441844A2602061FA
:10EF2000294601222046FFF7C7FF0028F1D101231F
:10EF3000637538BD002846D0034630B5027885B0E9
:10EF40000A2A42D8DFE802F0121218141406060644
:10EF50001A2E16000A6A596B002052F82120121A44
:10EF600018BF012283F8392005B030BD0A68F2E7E6
:10EF70008A69F0E78A68EEE70A69ECE75C680846A8
:10EF800004F1430204F1440304F1420504F11001C9
:10EF9000CDE90132009504F1410304F1400209F08A
:10EFA00031F8E1E75C68084604F1220204F123012C
:10EFB00004F12103CDE9002104F1200204F1100144
:10EFC00009F03AFAD0E70B2070470120CCE700BFE8
:10EFD000F0B59BB0002800F08880037804460A2B27
:10EFE00000F26781DFE803F02D2D1544441919194B
:10EFF0005A061500406890F82030002B40F0B2808F
:10F0000090F82230002B40F0E48090F82130002B63
:10F010006FD1002528461BB0F0BD426B0B6A53F838
:10F020002230002BF5D0826800F11001406801F019
:10F030001FFD05460028ECD040F25923984213D01A
:10F0400029E0426B0B6853F82230002BE1D00023FB
:10F050000AAAD0E9010101F04FFE05460028D9D0E7
:10F0600040F29113984216D1002384F83930D1E749
:10F07000426B8B6953F82230002BCAD0826800F1B2
:10F080001001406800F0FCFD05460028C1D040F2A8
:10F09000F5139842BED002F0AFFFBBE7406890F88E
:10F0A0004230002B7DD1C3691BB190F84030002B5A
:10F0B00044D190F84430002B40F0AC8090F84330BD
:10F0C000002BA6D0C26A0AA9103008F073FE0546CC
:10F0D0000028E0D16068DDE90E2309F0DDFA0028A0
:10F0E00098D0012380F8233094E70B2528461BB0E5
:10F0F000F0BD04AE10300AAA314609F0D1F8054639
:10F100000028C8D10AA9606809F086FA07460028D5
:10F1100000F0BB80012190F9080009F007FA0328EC
:10F12000844640F0A78007F158040FCE0FC496E83C
:10F13000030084E8030087F808C06BE7816A103099
:10F1400008F0B8FE05460028A5D16068816A09F07C
:10F1500063FA0346002800F0A3800122606883F868
:10F160002220A6E709F032FA06466068002E3FF436
:10F1700047AF706006F12801F269103008F0D8FF3F
:10F180000546002840F08E80F7690FCF3572C6F82B
:10F190000900C6F80D106068C6F81120C6F81530D1
:10F1A0002EE704AA0AA9103008F08CFD05460028B5
:10F1B0007FF471AF6068DDE90E2309F05BFA30B1CE
:10F1C0009DF81030012280F8213080F820206068FE
:10F1D00069E7103004AA0AA909F022F805460028B8
:10F1E0007FF459AF04A9606809F016FA074660B1C8
:10F1F0000AAD00F140064FF0020C0FCD0FC695E8A6
:10F20000030086E8030087F808C06068002380F8E0
:10F210002230FAE600F130020AA9103008F00AFEA6
:10F22000054600287FF437AF6068DDE90E2309F05A
:10F2300045FA06466068002E3FF440AF0127836B15
:10F24000B784002B3FF43AAF436B05EB450103EB6A
:10F25000C10109F0E1F938B16068013586F825701F
:10F26000836BAB42F0D829E760680135836BAB4212
:10F27000EAD823E706AB0FCB8DE80F0003216068C7
:10F2800096E80C0009F090FAC4E606AB0FCB8DE8C7
:10F290000F000221606896E80C0009F085FAB9E6D3
:10F2A000606806E73146606809F0A0F902F0A4FE44
:10F2B000B0E60125AEE600BFF0B5037885B00446A0
:10F2C0000A2B00F23981DFE803F068424D5BA706A4
:10F2D00006061D726200062B00F02681072B036BC9
:10F2E00040F01C8104F11005D0E90A1280689847AB
:10F2F000A26A2946606801F0FBFB044678B302F07D
:10F300007BFE2CE0406890F84230002B00F08E80AD
:10F310000026012704E009F033F998B92F726068DC
:10F3200009F0DEF9054600287FD06368E26A9B6930
:10F3300095F8211085F82060984795F821302846E7
:10F34000002BE8D16068294609F050F9E7E790F80A
:10F350003900D4E90B1300B1A06800249847204677
:10F3600005B0F0BD406801F0DBFD40F221330446FA
:10F37000984201D00028C2D10024204605B0F0BD3B
:10F380000024036B80689847204605B0F0BD002438
:10F39000036B9847204605B0F0BD90F83900236B09
:10F3A00000B1A06800249847204605B0F0BD406831
:10F3B00090F824303BBB90F82030002B7DD040F6F5
:10F3C0003406012707E0284609F0A2F929466068BB
:10F3D00009F00CF96068002109F034F905460028AD
:10F3E00068D06368E16A9B699847B0424FF00001BA
:10F3F000E9D10121284609F08BF92F72EAE7486824
:10F4000009F0F4F8606809F029F901460028F6D1FE
:10F41000606880F82410CEE70024036B00F110012F
:10F4200080689847204605B0F0BD606890F840308D
:10F430008BB1C5682DB3002695F8223043B1C3695E
:10F4400085F8226023B1816A2846E26A984760689D
:10F450002D68002DF0D190F8443093B1C56885B186
:10F46000002695F824304BB1436A85F824602BB10F
:10F47000284695F82510E26A984760682D68002DA7
:10F48000EFD190F84330002B3FF476AF00270BE02C
:10F490006368E26AD96A1E6A85F82370B0476068BB
:10F4A000294609F0A3F8606809F026F90546002806
:10F4B000EED161E7606880F8205090F82130002B91
:10F4C0003FF45AAFC568B5B1022601E02D6895B189
:10F4D00095F90830032BF9D1C3692846E16A9847AA
:10F4E000034605F16002284685F8253043B109F04E
:10F4F0002FF96068EAE700231C4680F821302EE7E8
:10F500000FCA05F158078DE80F0001216068D7E99F
:10F51000002309F049F92E726068D7E7816A04F187
:10F52000100580689847E3E600F11005036B826AD6
:10F53000294680689847DBE6012410E700283DD083
:10F5400000293CD0034690F838000022002835D02E
:10F5500030B493F800C0BCF1080F1DD15C68256C75
:10F5600035F07F4505D194F8440010B994F8430074
:10F5700028B130BC704793F839000028F9D1013226
:10F580004033914217D093F838000028F1D093F817
:10F5900000C0BCF1080FE1D0BCF1090FEBD15C68F1
:10F5A000256A002DE5D194F824000028E1D101322C
:10F5B00040339142E7D1002030BC70477047084685
:10F5C000704700BF10B50446882202490BF071FF56
:10F5D000204610BD48D4010800296AD02DE9F04129
:10F5E0000546B0B000285CD01646184688461F462F
:10F5F00002F020FC002E54D080F0010414F0FF042F
:10F600004FD1882230490EA80BF053FF0EA9882253
:10F6100028460BF04EFF6846C5F80080AE6001F04A
:10F62000F5FDEC4605F1140ED7F80080BCE80F009C
:10F63000AEE80F00BCE80F00AEE80F00BCE80F001A
:10F640009FED1F7BAEE80F00DCF80030B001396998
:10F65000CEF800302F6185ED1A7BC047686008B98D
:10F6600029E0686800EB84100134314600F07CFA30
:10F67000A642F6D805F1480000F06AFA134A0023C2
:10F680006868C5E91E2368B1AB6873B12A69B2FA2C
:10F6900082F35B094AB1184685F8803030B0BDE886
:10F6A000F0810B2030B0BDE8F081002030B0BDE823
:10F6B000F0810B2070470A20F4E700BFAFF3008011
:10F6C00000CA9A3B0000000048D401083DF500083C
:10F6D000002B18BF002A70B504460CBF0120002083
:10F6E0009DF810C0002908BF40F0010028BBB4FA03
:10F6F00084F56D090CB3D4E90206864201D30120DA
:10F7000070BD60684FEA861E00F80E5000EB861050
:10F71000013603630123C56204F1140580F801C0BA
:10F720000387C0E901122846E66001F083FD30B985
:10F73000A36C00200133A36470BD0B2070BD28466C
:10F7400001F07EFD0028F3D070BD00BF002844D03A
:10F75000F0B500F114059BB00446284601F06AFD9F
:10F7600010B100201BB0F0BD284601F069FD002853
:10F7700030D10CA804AE01F049FD0DF1300CAE46BD
:10F780002769BCE80F00AEE80F00BCE80F00AEE848
:10F790000F00BCE80F00AEE80F00DCF80030CEF838
:10F7A00000300FCF0FC63B68284622683360636E77
:10F7B000616DCDE90232D4E91332CDE90021226E28
:10F7C000A16C02F03DF80028CCD00B9002F014FCA4
:10F7D0000B98C7E702F010FCCBE70B20704700BF87
:10F7E0002DE9F84F054691469846FFF7AFFF05F122
:10F7F0001406304601F0F0FD0746002840F0A880CE
:10F80000AB680BB304466968A20101EB841C9CF849
:10F810003830CBB18B5C0A2B00F2DE80DFE803F0DE
:10F820009D9DA98D8D060606CEC1B5000CF1340252
:10F83000DCF80410304602F01FF9002840F0878001
:10F840000134AB689C42DED343464A46304602F060
:10F850003FF995F88030002B00F0C680012B40F076
:10F86000BB80AB68002B00F05981002440F2911955
:10F87000A0460AE0FFF75EFB044610B1484540F0A1
:10F88000B180AB68984580F026816A68314602EB0A
:10F89000881008F1010890F838C0BCF1000FE9D1D8
:10F8A00019461046D5E91E329847002800F09A8084
:10F8B000AB68002B00F096804FF0000840F29119E1
:10F8C00009E0FFF785FB044610B1484540F08A8007
:10F8D000AB68984509D26868314600EB881008F19A
:10F8E000010890F83820002AEBD1002B7AD00026AE
:10F8F0000EE012F80C20082A00F0FC80092A00F023
:10F90000EE8090F839208AB901369E4267D20024F1
:10F910006A684FEA861C02EB861090F838100029BE
:10F9200060D041780029E4D00129EDD1FFF7C4FC73
:10F93000002840F0B580AB68E6E70CF13402DCF853
:10F940000410304602F06CF800283FF479AF074607
:10F9500002F052FB3846BDE8F88F0CF13402DCF8B7
:10F960000410304601F00CFD00283FF469AF074653
:10F97000EEE70CF13402DCF80410304602F020F817
:10F9800000283FF45DAF0746E2E70CF13402DCF8F3
:10F990000410304601F0E8FF00283FF451AF07465D
:10F9A000D6E7DCF804100CF134023046103108F0D0
:10F9B000EFFC00283FF444AF0746C9E7DCF8041029
:10F9C00000230CF134023046103108F0B7FA002859
:10F9D0003FF436AF0746BBE7012702F00DFB384680
:10F9E000BDE8F88F2746FAE7AB68002B00F093805C
:10F9F000002440F29119A04608E0FFF79BFA044664
:10FA000008B14845EED1AB68984566D26A68314680
:10FA100002EB881008F1010890F838C0BCF1000F23
:10FA2000EBD119461046D5E91E3298470028D9D0A7
:10FA3000AB68002BD6D04FF0000A40F2911840F28C
:10FA400059290EE013F80B30082B34D0092B29D09C
:10FA500090F8393003BB0AF1010AAB689A45BED26F
:10FA6000002468684FEA8A1B00EB8A1090F838304F
:10FA7000002BB7D03146FFF7ABFA002818BF40453E
:10FA800001D048450CD16B6813EB0B0021D04278B4
:10FA9000002AD7D0012ADED1FFF70EFC0028DAD0E9
:10FAA00007469CE743681A6A002AF5D193F8243088
:10FAB000002BD0D0F0E743681A6C32F07F42EBD1D4
:10FAC00093F84420002AE7D193F84330002BC2D0AA
:10FAD000E2E70B2783E76A68E2E66A68A1E7426823
:10FAE000116A00297FF422AF92F82420002A3FF403
:10FAF0000BAF1BE74268116C31F07F417FF416AF0A
:10FB000092F8441000297FF411AF92F84320002AA4
:10FB10003FF4FAAE0AE76A681C4682E76A681C4648
:10FB2000BEE600BF90B170B50446006816461D469B
:10FB300000F044F930B132462B462046BDE8704013
:10FB4000FFF74EBE02F058FA012070BD0B2070473F
:10FB500030B12022002108B50BF088FB002008BD41
:10FB60000B20704700000000034678B100224FF0E0
:10FB70000B0C41631046A3F800C01A631A879FED6F
:10FB8000047BC3E9012283ED0A7B70470B20704799
:10FB900000000000000000002DE9F04383B00A9F40
:10FBA000002B18BF002F27D0044628B3E9461D4676
:10FBB0000E469046484600F0F7F82A46234699E854
:10FBC000030084E803004146304600F097F90546FB
:10FBD00060B93A4604F10C010320A76001F00CF96A
:10FBE000054618B9284603B0BDE8F08302F004FAD0
:10FBF000284603B0BDE8F0830B25284603B0BDE8D6
:10FC0000F08300BF18B1006808B1D0F80801704750
:10FC100070B582B0F8B104460068E0B1D0F80831A0
:10FC2000CBB10E46E1B11546D2B1052100F5887081
:10FC300002F00EF902460B463146C5E9002323685F
:10FC40002A46D3F8080103F091F9064660B101266F
:10FC5000304602B070BD4FF4FA76304602B070BD47
:10FC60000B26304602B070BD20680521D5E900237F
:10FC700000F58870009102F057F9304602B070BD6F
:10FC800070B58E468CB00C4616460DF1180C054624
:10FC9000BEE80F00ACE80F009EE803008CE803000C
:10FCA0005DB32B684BB3D3F8080130B346B30023E0
:10FCB000324602A98DF807300DF107039FED127B44
:10FCC0008DED027B8DED047B03F058FA0546C8B933
:10FCD0009DF8072040F2F513002A08BF1D460DF1DC
:10FCE000180EA446BEE80F00ACE80F009EE8030023
:10FCF0008CE8030028460CB070BD4FF4FA75EEE7AF
:10FD00000B25ECE70125EAE70000000000000000F9
:10FD100030B1006820B1D0F80801003818BF0120C8
:10FD2000704700BF002B18BF002A2DE9F04316468C
:10FD30000CBF01220022A1B0002908BF42F001023D
:10FD400022BB044610B30DF110081F460D460DF1FD
:10FD50001809404600F008FB98E8030084E8030017
:10FD6000484600F07BFC404600F0FEFACDF80090DB
:10FD70003B46324698E8030084E8030029462046C3
:10FD800000F0FCFA30B921B0BDE8F0830B2021B0BF
:10FD9000BDE8F083039002F02FF902F02DF90398EB
:10FDA00021B0BDE8F08300BF034A034692E8030098
:10FDB00083E8030018467047D0D4010818B14068A2
:10FDC000003818BF012070472DE9F843064600238C
:10FDD00000687360002849D04769D0F80480D0F8E3
:10FDE000109037B1143000F0F7F90746002844D1DD
:10FDF0003068036B43B1283002F01CFF18B1002FAC
:10FE00003ED002F0F9F83068036ADBB1D0E9062C85
:10FE1000012A7CF1000111DB0024254653F824005F
:10FE20004946B8B1C04733680134D3E9062C45F1DF
:10FE300000051B6A944275EB0C01EFDB184649463E
:10FE4000C04730684946C04700233846C6E90033FA
:10FE5000BDE8F883013445F10005944275EB0C01CF
:10FE6000DCDB18464946C0473068EBE7074600230D
:10FE70003846C6E90033BDE8F88302F0BDF8B7E7BD
:10FE800008F0B2FC0746BCE7002B18BF002A2DE99A
:10FE9000F04116460CBF01220022A0B0002908BF85
:10FEA00042F001021ABB044608B30DF110081F46C8
:10FEB0000D4600F03FFE2060404600F0EFFE50226D
:10FEC0000D4940460BF0F5FA3B463246294620469E
:10FED000CDF8008000F034FE10B920B0BDE8F0810C
:10FEE000039002F089F8039820B0BDE8F0810B2060
:10FEF00020B0BDE8F08100BFD8D401082DE9F0475B
:10FF0000051E9EB00E4690461F4640F39F80002976
:10FF100000F09F80A1F1040E4FF0000C5EF8044F3A
:10FF20000CF1010C002C00F094806545F6D1B8F17D
:10FF3000000F00F08E80D8F80040002C00F089807F
:10FF40000DF1640C0FCCACE80F00236819A8CCF8B5
:10FF5000003001F06FFF80F00100C0B2002878D1BE
:10FF6000002F76D03B68002B78D178210120DDE985
:10FF70001C32984704463860002800F0B68002A87A
:10FF800002F05AFB02A904F1280050220BF091FA6A
:10FF900019ACD7F800E00FCCF446ACE80F002368AA
:10FFA0000EF114014046CCF8003000F03FF9044651
:10FFB000002844D1D7F800904FEAE578C9F820002E
:10FFC000C9F81850C9F81C80002D4ED0002E4CD016
:10FFD00004212846DDE91C329847C9F82000D7F8EB
:10FFE0000090D9F82030CA4643B3012D78F10003C0
:10FFF0003BDB0024043EA1460BE031680BF059FACC
:020000040801F1
:10000000013449F10009C84508BFA5422BD0D7F8F3
:1000100000A056F8040FF0F7C3F9421C199B1046D4
:100020001D99DAF820A0019298473B684AF824000D
:100030001B6A019A53F824000028DED10A243846AE
:10004000FFF7C2FE20461EB0BDE8F08700293FF44E
:100050006EAF0B2420461EB0BDE8F0876424204616
:100060001EB0BDE8F087D7F8009026490B68013331
:1000700036D01A4600240B60D9F814007B60436A1E
:100080000133C0E9062434D090F830303BB9303029
:1000900000F048F904460028D1D13B68586918AAF5
:1000A00017A9406B01F0A0F804460028C7D1179BA0
:1000B000EBB939684B6903F12802586B00F080FCFA
:1000C00004460028BBD1396848692831183002F04D
:1000D0007BFC04460028BDD008F086FB0446AEE752
:1000E00001221C460A601346C6E70A24B2E701242F
:1000F000A5E7243008F08CFB044600289FD13B681C
:100100005869C1E7E0A301240020704784B0F0B52E
:1001100097B01DAE86E80E00002858D0036805464B
:1001200033B16424204617B0BDE8F04004B07047F6
:10013000304601F07FFE002849D0B44611ACBCE83F
:100140000F000FC4DCF800305020219923601D9B64
:1001500098470446286000283BD00DF1440C8646A1
:10016000BCE80F00AEE80F00DCF8003002A8CEF8C3
:10017000003002F075FA0DF1080E04F1180C2F682A
:1001800020ACBEE80F00ACE80F00BEE80F00ACE802
:100190000F00BEE80F00ACE80F009EE803008CE8FB
:1001A000030094E803008DE8030096E80E0007F1D1
:1001B000180002F00BFB04460028B3D021991E9BC7
:1001C00028689847204608F00FFB0446AAE70B244E
:1001D000A8E70A24A6E700BF30B587B0F0B10368EE
:1001E0000446DBB19C460DF1040EBCE80F00AEE8FE
:1001F0000F00DCF8003001A8CEF8003001F01AFE44
:1002000060B12068183002F09BFB054650B92068A9
:10021000029B05999847284607B030BD0B25284614
:1002200007B030BD08F0E0FA0546F8E72DE9F041E7
:1002300094B000285BD004460068002857D00E46D2
:1002400001F0F8FD002E52D080F00100C0B200286D
:100250004DD1336823B16424204614B0BDE8F08149
:1002600027680FADBC46D7F80080BCE80F000FC56B
:10027000DCF80030502019462B60C047054630603E
:10028000D0B30DF13C0C8646BCE80F00AEE80F0081
:10029000DCF800306846CEF8003002F0E1F9EE46B6
:1002A00005F1180C24683568BEE80F00ACE80F00B3
:1002B000BEE80F00ACE80F00BEE80F00ACE80F008E
:1002C0009EE803008CE8030004F1180005F1180112
:1002D00002F0E4FA04460028BED001F075FE01F0F9
:1002E0008BFE3046FFF778FF40B10446B4E70B249D
:1002F000204614B0BDE8F0810A24ADE7204614B0D2
:10030000BDE8F04108F070BA20B1036813B10020D5
:10031000596270470B20704710B1006800B1183067
:10032000704700BF10B5002382B00193B8B10446F6
:1003300001A90C4801F030FE10B1012002B010BD3F
:10034000019B13B11A78312A04D0022300202370B4
:1003500002B010BD5B78002BF7D10123F6E70B202C
:1003600002B010BD28D50108034A034692E80300F5
:1003700083E803001846704758D501082DE9F04F6F
:10038000A9B004460E461546DDF8C88023A81F46CE
:1003900008F064FCB8F1000F00F0F380404601F073
:1003A00049FD002D18BF002C80F001000CBF4FF05C
:1003B000010C4FF0000C002E08BF4CF0010C4CEA71
:1003C000000C1CF0FF0940F0DC80D4F804A0BAF166
:1003D000000F40F0FC80002F00F0D3803846FFF77C
:1003E000EDFC8346002800F0D2805246304622A918
:1003F000CDF888A003F0ECFF8246002840F0C380CF
:100400002298002840F0F1802846EFF7C9FF002825
:1004100040F0C080794D22A90022284603F0BAFF9F
:100420008246002840F0AF802298002840F0D58016
:10043000D8F800307820D8F81010984782466060CD
:10044000002800F0CF800022002308A8CAE91A2360
:10045000CAE91C2300F002F908A9504668220BF0F3
:1004600028F861684046276000F006F9002858D156
:100470002846EFF795FF284410F8013CCDE90356D4
:100480002F2BD8F8103000930CBF5D4B5D4B0293BF
:100490004FF400630193D4F804A098E80F0001F032
:1004A000D7FD2368CAF87400314618682A46666882
:1004B000283002F071FC6368B066986E002832D074
:1004C00002F0FAFC824660B3D8F800300820D8F871
:1004D0001010666898476368F066D3F86CB0BBF19B
:1004E000000F20D006A823AE08F02CFB06A86368F6
:1004F000C44603C8D3F86CE08BE80300BCE80F00E7
:100500000FC6DCF80030336028AB13E90F008DE82C
:100510000F0051463A467046239B08F01DFB824669
:1005200028B36368F3B1586F28B1D8F80430D8F80D
:10053000101098476368986E10B102F03FFC636832
:10054000D86E48B108F064FB6368D8F81010D86E14
:10055000D8F80430984763681846D8F81010D8F8CF
:100560000430984700234FF0010AC4E90033B9F181
:10057000000F08D0D8F804302846D8F81010984753
:1005800001E04FF00B0A504629B0BDE8F08F4FF064
:10059000650AF8E72B782F2B3FF43DAF0395D8F889
:1005A00010300093184B02934FF40063019398E8C6
:1005B0000F0001F04DFD0546E0B1002222A9229274
:1005C00003F0E8FE82460028D4D1D9462CE74FF04C
:1005D000640A504629B0BDE8F08F4FF0CA0A03F014
:1005E000EBFEC4E74FF00A0AC1E74FF0C90A03F077
:1005F00043FFC8E74FF00A0AC5E700BF40D501082E
:1006000048D5010850D5010844D5010830B14368E8
:1006100023B19B6E13B10068FFF7D0BB0020704779
:1006200020B1406810B1806E00B18068704700BF93
:1006300020B1406810B1806E00B1C068704700BF43
:1006400028B1406818B1836E002B08BF00207047A6
:1006500010B1406800B1806E704700BF10B504460D
:10066000682200210AF002FE204601F0D5FB01239A
:100670002046237510BD00BF002818BF88421BD03C
:10068000F8B5B1FA81F60C46760999B10546878A24
:1006900084468E460FCDAEE80F002B6850220CF139
:1006A000180104F11800CEF80030A7820AF001FF0B
:1006B0003046F8BD0B20F8BD0B20704782B02DE905
:1006C000F04F91B01AAC9DF87C8084E80C000028B3
:1006D0003DD00C460546FFF7B3FF00283AD0284628
:1006E000FFF79EFF064628460BADFFF7A1FF0DF171
:1006F000680E0746AC46BEE80F00ACE80F00DEF817
:100700000030CCF80030219B0BB38946DDF878A08F
:1007100001F016FE10AB089013E907008DE8070002
:10072000002108A895E80C0001F080FE8346A0B1E6
:1007300001F04AFC01F060FCBBF10A0F18BF4FF05A
:10074000010B584611B0BDE8F04F02B070474FF0B2
:100750000B0BF6E74FF0010BF3E70990079008A8A1
:1007600008F0EAF9834680B10A2808A818BF4FF0BC
:10077000010B01F09BFE044600285BD1514609980D
:10078000C84751462046C847DBE709ABEC4605930E
:100790000FCDACE80F002B683A4631462046CCF826
:1007A000003008AB08F068F88346D8B9099C0246C7
:1007B00009900AA9204603F01DFD50BB0A9D002D9B
:1007C00040D1219B08A81C6001F070FE83460028E0
:1007D00043D001F0F9FBA8464FF0010B2C4601F085
:1007E0000BFC0AE0672814BF4FF0000808F001086E
:1007F000079C08A801F05AFE50BB51460998C8470B
:1008000051462046C847B8F1000F18BF4FF0680B9B
:1008100097E701F0D9FB01F0EFFB08A801F046FED5
:1008200098B951460998C847514620464FF0010BE8
:10083000C84786E7DDF81C8001F0C6FB01F0DCFB51
:100840004446DAE74FF0670BD3E7D8464FF0010B89
:1008500001F0BAFB01F0D0FBCFE751460998C84739
:1008600051465846C8476CE7F0B502F108070B46F9
:1008700085B01446064697E807008DE8070018463D
:10088000194994E80C0001F0D5FB337805462F2B6D
:1008900023D004F10C0393E803008DE80300701CDF
:1008A00094E80E0001F0CCFB064697E807008DE8BF
:1008B00007003146284694E80C0001F0BBFB0346D4
:1008C000304662681E46216990472846354663686F
:1008D00021699847284605B0F0BD7378002BD8D120
:1008E000284605B0F0BD00BF9CD501082DE9F043B6
:1008F00085B068B1074608460C4601F09BFA38B14E
:1009000000232D4803A9039301F046FB054620B1BF
:100910000025284605B0BDE8F083039B1A78002A1D
:10092000F6D004F10C0999E803008DE8030018469D
:1009300094E80E0001F0C6FC80460028E8D003A928
:100940001E48039501F028FB60B10026304663681D
:10095000216998474046636821699847284605B051
:10096000BDE8F083039B1E78F6B199E803008DE89B
:100970000300184694E80E0001F0A4FC0646002887
:10098000E3D022464146FFF76FFF0546002DDDD03C
:10099000284601F04DFB03460028D7D1284621699F
:1009A0001D4663689847D1E7224638464146FFF71F
:1009B0005BFF0546EAE700BFA8D50108C0D50108DE
:1009C0002DE9F04182B0002306460F46214801A9D7
:1009D0009046019301F0E0FA20B10125284602B0CB
:1009E000BDE8F08104461C490198EFF779FC054603
:1009F000F0B90190B8F1000F21D001A9174801F01A
:100A0000CBFA0028E9D116490198EFF769FC0346B3
:100A100039463046B3FA83F35B0988F80030FFF7B4
:100A200065FF70B1C8F80400284602B0BDE8F08147
:100A3000254688F80040284602B0BDE8F0810B2525
:100A4000CCE798F80050A5F10105B5FA85F56D09D8
:100A5000C4E700BF60D5010874D501087CD5010842
:100A600094D5010818B1006808B1D0F808017047A2
:100A700070B58E468CB00C4616460DF1180C054626
:100A8000BEE80F00ACE80F009EE803008CE803000E
:100A90000DB32B68FBB1D3F80801E0B136B30023E6
:100AA000324602A98DF807300DF1070302F0ACFAC7
:100AB000054698B10A2818BF01250DF1180EA44665
:100AC000BEE80F00ACE80F009EE803008CE80300CE
:100AD00028460CB070BD4FF41675EEE79DF8072060
:100AE00040F25923002A08BF1D46E6E70B25E4E73C
:100AF00070B1006860B1D0F8080148B169B110B5B3
:100B00004AB102F0DFFA10B1022818BF012010BD6F
:100B10004FF4167070470B2010BD0B20704700BFBC
:100B200030B1006820B1D0F80801003818BF0120AA
:100B3000704700BF014B1868704700BFE0D501083F
:100B40002DE9F04788B0109FFFB107F1500A054624
:100B50000E4691465046984601F06CF980F001042B
:100B6000E4B294B98DB13046FFF750FD002855D05E
:100B7000B9F1000F09D0B8F1000F06D02B684BB1C6
:100B80006424204608B0BDE8F0870B24204608B056
:100B9000BDE8F087CDE9033307AA079307F15803AF
:100BA000059293E807008DE80700414630469AE831
:100BB0000C00FFF783FD00285FD1C8210120D7E991
:100BC00017329847286000285FD03046FFF740FD75
:100BD00007F164034946079A00933B462C6802F0EC
:100BE00059FBC4F8C0002C68D4F8C00048B304F125
:100BF000700102F045FC0446A8B92868702297F8F5
:100C00004830394680F8B8300AF053FC07987B6DBD
:100C1000396E9847204608B0BDE8F087C8242046C2
:100C200008B0BDE8F0872C686CB3D4F8C0304BB185
:100C30003046FFF70DFD2B68D3F8C01002F034FCEE
:100C40002C6894B104F15006304601F0F3F858B125
:100C5000E06E48B1314603F01DFA0646C8B9636D2F
:100C6000216EE06E9847E6662C687B6D2046396EF3
:100C70000124984700232B60C8E7672807D069281C
:100C800005D00A2801D00124C0E70A24BEE7672462
:100C9000BCE707F0A9FD2C68E7E700BF70B5144D6D
:100CA0008AB004465022134928460AF002FC04A8E0
:100CB00001F0B2F80DF1100C05F1500E6E46BCE8D3
:100CC0000F00AEE80F00DCF800303046CEF8003000
:100CD00003F0FAF905F1640396E8070083E80700DA
:100CE0007022294620460AF0E4FB20460AB070BD77
:100CF000E8A30124E8D50108002849D02DE9F041F6
:100D000015460268A4B00446002A39D01F46D2F81E
:100D1000C030ABB30E46002938D0002D3CD002A81D
:100D20004FF0000803F05EFA0DF1080CAE46BCE887
:100D30000F00AEE80F00BCE80F00AEE80F00BCE803
:100D40000F00AEE80F009CE80F008EE80F008DF852
:100D50004F802B4620680DF14F023146D0F8C0007D
:100D6000009702F003FC0346C0B99DF84F1040F213
:100D70009112002908BF1346184624B0BDE8F0813F
:100D80004FF4C873184624B0BDE8F0810B23F3E795
:100D90004FF4C8731846704714ADC0E707F024FD40
:100DA0000346E9E718B1006808B1D0F8C000704701
:100DB00030B1006820B1D0F8C000003818BF012061
:100DC000704700BF084601F0E9BB00BF084601F0CC
:100DD0000BBC00BF037A10B50C4643B1052101F0EE
:100DE00037F802460B460020C4E9002310BD084630
:100DF000BDE8104001F0D2BBF8B5054610461446D8
:100E00000E4601F017F828B1032D03D8DFE805F0EE
:100E10001F3059064FF00B0C6046F8BD002CF9D07E
:100E2000B6FA86F35B09002EF4D033619C4606F1D6
:100E30001405324F4FF0030EC6E901330FCC0FC536
:100E4000236860462B60F76086F800E0F8BD002E4E
:100E5000E0D0002306F1140533709C46C6E9013347
:100E6000C6E903330FCC0FC5236860462B60F8BD7D
:100E7000002CCFD0B6FA86F56D09002ECAD0A64652
:100E8000357006F1140CBEE80F00C6E90155C6E93D
:100E90000355ACE80F00DEF800301020CCF800302D
:100EA000236821699847306120B300220023AC46B3
:100EB0000572C0E90023124A01236046F2603370D4
:100EC000F8BD002CA6D0B6FA86F35B09002EA1D09F
:100ED00033619C4606F11405DFF828E00227C6E9D5
:100EE00001330FCC0FC5236860462B60C6F80CE0B9
:100EF0003770F8BD4FF00A0C8EE700BFCD0D01082A
:100F0000D50D0108C50D010840B139B103781BB1F9
:100F1000C3680BB100691847012070470B20704768
:100F20002DE9F04F87B000286CD003680446002BF1
:100F300062D0BFF35B8F93F83830BFF35B8F002B29
:100F40004FD1036804A91868FFF7DEFF05460028A3
:100F500049D1DDE90423002B49DB052620680096F2
:100F6000203000F0E1FF23688046BFF35B8FD3F8A9
:100F700010B0BFF35B8F206889463146283000F0FF
:100F800067FF0F46314606462068183000F060FFC4
:100F9000024604980B46B618DDF814C0924647EB9B
:100FA0000107864277EB0C0104DA53EA02012ED1E5
:100FB000064667462068052132463B4628300091A8
:100FC00000F07CFFBBF1000F0DD0049A2046059B7A
:100FD000B2EB080263EB0903D847284607B0BDE827
:100FE000F08F40F22135284607B0BDE8F08F01258B
:100FF000284607B0BDE8F08F4FF44875284607B083
:10100000BDE8F08F0B25284607B0BDE8F08F801BA8
:101010006CEB0701013861F10001CDE90232EFF715
:10102000C7F9029B013041F1000100FB03F301FB12
:101030000A33A0FB0A0A8619534443EB0707B9E7B2
:1010400070B582B080B3036804468BB30D4659B3C4
:10105000BFF35B8F93F83830BFF35B8F53B90368EE
:1010600069461868FFF750FF064648B140F2213341
:10107000984202D100231E462B70304602B070BD4C
:1010800020680521283000F0E3FE009BC01A019B78
:1010900061EB03010128304671F10003B4BF012365
:1010A00000232B7002B070BD0B26304602B070BD1D
:1010B0004FF44876E1E700BF70B582B030B3036803
:1010C00004463BB30D4609B3BFF35B8F93F838304A
:1010D000BFF35B8FABB9036869461868FFF714FF6D
:1010E000064658B920680521283000F0B1FE009B63
:1010F000C01A019B61EB030128606960304602B0B1
:1011000070BD40F22136304602B070BD0B2630462D
:1011100002B070BD4FF44876F0E700BF30B1006810
:1011200020B1C3680BB1083070471846704700BF44
:10113000002849D070B51546C2B09AB11E466A461D
:1011400001AB0C4603F0D2F88446B8B9009971B1EE
:10115000072919D04B1E052B3AD8DFE803F02629C2
:101160002C2F321D4FF00B0C604642B070BD07298A
:101170000AD0002360462B6042B070BD07F034FBFC
:101180008446604642B070BDFF2CF2D92960002E23
:10119000EAD0FE233360E7E706232B60002EE3D07E
:1011A000019B6046336042B070BD01232B60F5E7C0
:1011B00002232B60F2E703232B60EFE704232B606D
:1011C000ECE705232B60E9E74FF00B0C6046704716
:1011D0000B46044A4FF4807102A801F025F84FF045
:1011E000010CC1E738D6010868B170B50D46164646
:1011F0000446EFF7D5F8334601462A462046BDE8B7
:101200007040FFF795BF0B20704700BF10B5084C2A
:10121000864684460FCCACE80F000FCCACE80F003C
:101220000FCCACE80F0023687046CCF8003010BD3E
:1012300098D6010818B1006B003818BF012070471C
:101240002DE9F04182B0002800F09580066B04463D
:10125000002E00F08C80F06B02F062FB256B061E06
:1012600018BF4FF46176002D00F0818000272068C0
:10127000D5F84C80A96D67602F6020B10191C047FF
:10128000256B01992760A86820B1C047256B002312
:10129000C5E901334FF00008A068EF6CA96DC4F8F0
:1012A0000C80C5F80C8028B1B847256BC4F80880BD
:1012B000EF6CA96D4FF000086869C5F8108028B17F
:1012C000B847C5F81480256BEF6CA96D4FF0000886
:1012D0002069C4F81480C5F8408028B1B847256B50
:1012E000C4F81080EF6CA96D4FF00008A069C4F835
:1012F0001C80C5F8188028B10191B847256B019969
:10130000C4F81880286A20B1B847256B0023C5E9C6
:1013100007330027206AD5F84C80A96D67626F6299
:1013200020B10191C047256B01992762E86A20B17D
:10133000C047256B0023C5E90A330027A06AD5F80A
:101340004C80A96DE7622F6320B10191C047256BE6
:101350000199A762A86B20B1C047256B0023C5E99E
:101360000D33EB6C2846A96D984700232363304664
:1013700002B0BDE8F0810B26304602B0BDE8F08136
:1013800018B338B5036B04460BB319B31D68406836
:10139000854217D2681C1860236843F8251002B1F3
:1013A00015600846FFF7FEFC50B1236B4268002031
:1013B0009B6843F82520226B53680133536038BD86
:1013C000012038BD40F2863038BD0B2070474FF405
:1013D000617038BD0B2038BD002874D0036B10B588
:1013E0000446002B71D0006838B162680021920079
:1013F00009F03CFF236B00221A60A06838B1E26854
:101400000021920009F032FF236B0022DA60A0690C
:1014100038B1E2690021920009F028FF236B002215
:101420009A61206A38B1626A0021920009F01EFFB9
:10143000236B00225A62A06A38B1E26A002192004E
:1014400009F014FF236B00221A63206938B1626926
:101450000021920009F00AFF236B00221A649868A9
:1014600038B15A680021920009F000FF236B002276
:101470005A60586938B11A690021920009F0F6FEE5
:10148000236B00221A61186A38B1DA6900219200D0
:1014900009F0ECFE236B0022DA61D86A38B19A6A4F
:1014A0000021920009F0E2FE236B00229A62986B01
:1014B00040B15A6B0021920009F0D8FE0023226B44
:1014C0001846536310BD0B2070474FF4617010BD78
:1014D000002800F080812DE9F04F046B83B00546B1
:1014E000002C00F07A814FF000091F46D4F858A074
:1014F00088461646D4E913B3C0F80490C4F80090A7
:10150000002900F0BF808C005246006821460193FC
:101510009847019B2860002800F0F6802246494643
:10152000019309F0A3FEC5F804805246D5F8308037
:101530002146019BD8F80800C8F8049098472B6B07
:10154000C8F808009B68002B00F04A8122464946F3
:10155000184609F08BFE2C6B4FF00008D4F8589019
:10156000D4E91323C5F80C80C4F80C80002E40F099
:101570009B80A86828B1494690472C6BAE60D4F890
:1015800058904FF00008F619C4F8108040F0A2807F
:10159000606930B14946E36C984766612C6BD4F8BA
:1015A00058900026D4E913A86E612664002F40F0FD
:1015B000AF80286938B14946D0472C6B2F61D4F8E9
:1015C0005890D4E913A800260C9BEE61A661002B6D
:1015D00040F09380A86920B14946D0470C9B2C6B02
:1015E000AB61206A28B14946D0472C6B0023C4E97F
:1015F000073300260D9BA76DD4E913896E626662DE
:10160000002B00F098804FEA830A3A46286A514638
:10161000C8472862002877D05246314609F026FE96
:101620002C6B0D9B3A46E06A51466B62A662C84736
:101630002B6BE062DC6A002C00F0F2802046524600
:10164000314609F013FE2C6B00260E9BA76DD4E9E2
:101650001389EE622663002B40F09780A86A20B1C0
:101660003946C0470E9B2C6BAB62A06B00284CD058
:101670003946C04700232A6B1846C2E90D3303B030
:10168000BDE8F08F006820B15146D8472C6BC5F8F3
:101690000080A06800283FF45FAF5146D8472C6B0C
:1016A0000023C4E9013357E7B4004A46A86821463D
:1016B0009847A86040B32246414609F0D7FD4FF055
:1016C00000082C6BEE60F619D4F85890C4F810801E
:1016D0003FF45EAFB6004A46236D606931469847D5
:1016E00081466061002800F084803246414609F05E
:1016F000BDFD2C6BD4F8589053E79C004A46A8696E
:101700002146C047A86140BB0A2003B0BDE8F08F66
:10171000BC004A4628692146C04728610028F3D00A
:101720002246314609F0A2FD2C6B6F61D4F8589027
:10173000D4E913A847E7286A20B13946C0470D9B72
:101740002C6B2B62E06A00283FF47EAF3946C0471D
:101750002C6B0023C4E90A3376E72246314609F0B0
:1017600085FD2F6B0C9B4A46386A2146EB61FE6172
:10177000C0472B6B38621F6A002F4AD02246314681
:10178000384609F073FD2C6B33E79C003A46A86A93
:101790002146C847A8620028B6D02246314609F043
:1017A00065FDD5F830A00E9B3A462146DAF83800A0
:1017B000EB62CAF83460C8472B6BCAF838009B6BE1
:1017C000002B34D022463146184609F04FFD3046F2
:1017D00003B0BDE8F08F0B2070474FF4617094E7C1
:1017E000286851460193D847019B0A20C5E9003378
:1017F0008BE72B6BA868996DDB6C98472B6B28697E
:10180000DA6C996DC5E9029990470A20C5E90499F7
:101810007BE7A8694946D0470A20C5E9067774E7FF
:10182000286A3946C0470A20C5E908446DE7A86A16
:1018300039460193C047019B0A20C5E90A3364E792
:101840002DE9F04F85B005460E46174612A898467A
:10185000DDF8449000F0EEFA002D72D080F0010027
:10186000C0B200286DD1D5F830A0BAF1000F04D075
:101870006424204605B0BDE8F08FB9F1000F60D0B8
:101880004846FEF79BFA002868D0129B5C20169908
:1018900098472863002863D05C22514609F0E6FC93
:1018A00012ACD5F830B0DDE90F320BF1480CCBF8B3
:1018B000449003EB020E0E9BD9F800909E440FCC8F
:1018C000CBE901AACBE904AACBE907AACBE90AAA8A
:1018D000CBE90DAABE44ACE80F0023680EEB46012D
:1018E00009F12800CCF8003002F010F82B6BCBF88F
:1018F0003C00D86B50B3109C43463A4631460294A4
:1019000028460F9C01940E9C0094FFF7E1FD0446CD
:101910000028AED02B6B2BBB002628463346324620
:1019200031460096CDE90166FFF7D2FD286B00280D
:101930009FD0C36C816D984720462E6305B0BDE8EB
:10194000F08F0B24204605B0BDE8F08F012401F094
:10195000E7FF002818BF4FF46174DDE7652488E7CE
:101960000A2486E7D86BF2E718B338B5036B044650
:101970000BB319B3DD68C068854217D2681CD86004
:10198000A36843F8251002B11560084607F082F9F4
:1019900050B1236B426800205B6943F82520226B1D
:1019A00013690133136138BD012038BD40F2863020
:1019B00038BD0B2070474FF4617038BD0B2038BD27
:1019C00028B338B5036B04461BB329B3186C65699B
:1019D000A84219D2451C1D64236943F8201002B1A6
:1019E00010600846FFF79AFB68B1226BE368156C3C
:1019F000013B1D4407F04EF980B1236B4268002083
:101A00005B6943F8252038BD40F2863038BD0B2095
:101A100070474FF4617038BD0B2038BD012038BDD0
:101A200018B338B5036B04460BB319B39D69C0698D
:101A3000854217D2681C9861A36943F8251002B14A
:101A400015600846FEF7DEF850B1236B42680020AF
:101A50001B6A43F82520226BD3690133D36138BD5B
:101A6000012038BD40F2863038BD0B2070474FF45E
:101A7000617038BD0B2038BD18B338B5036B044610
:101A80000BB319B35D6A406A854217D2681C58626D
:101A9000236A43F8251002B115600846FEF7E2FFFD
:101AA00050B1236B42680020DB6A43F82520226B8B
:101AB000936A0133936238BD012038BD40F286300D
:101AC00038BD0B2070474FF4617038BD0B2038BD16
:101AD0002DE9F04F2DED028B8DB0CDE904230028C8
:101AE00000F04F81066B0546002E00F01A81436816
:101AF00083B9EB6873B96B6963B9EB6953B96B6A06
:101B000043B9EB6A33B940F285300DB0BDEC028BBE
:101B1000BDE8F08F049B326C012B059B73F1000331
:101B2000C0F2F880DDE90487002A00F00F8100246C
:101B3000134640F221393246A246A3469FED988BC8
:101B400014E00028E1D1DDE90823424573EB0701E9
:101B500003DA90461F464FF0010B2A6B136C0134D9
:101B60004AF1000A9C427AF1000128D2286908A9AA
:101B7000A60050F824000028F1D0EB68D2F814C079
:101B800023445CF823E0BEF1000F06D013694CF843
:101B900023E0013313612B6998598DED088BFFF712
:101BA0008BFA4845CDD12B69002201349A512A6B1A
:101BB0004AF1000A136C9C427AF10001D6D35946CF
:101BC0001646DDE90432134340F0B48000230022BE
:101BD0000C46CDE90823CDE90A2308AB029306F1B0
:101BE0003403F26B06F110010093301D06F11C0363
:101BF000019206F1280201F025FD2B6B80461A6C3C
:101C0000E2B14FF000094F462A690DF11F014FEA7A
:101C1000890652F8290060B18DF81F70FFF710FA9D
:101C200000287FF472AF9DF81F300BB92A699351D9
:101C30002B6B09F101091A6C4A45E5D838F002000E
:101C400076D16F687FB1024602E00132BA420AD013
:101C5000996851F822100029F7D12E6846F8221011
:101C60000132BA42F4D1EF687FB1002202E00132C2
:101C7000BA420AD0596951F822100029F7D1AE684A
:101C800046F822100132BA42F4D1EF697FB1002246
:101C900002E00132BA420AD0196A51F82210002932
:101CA000F7D1AE6946F822100132BA42F4D16F6A18
:101CB0007FB1002202E00132BA420AD0D96A51F85B
:101CC00022100029F7D12E6A46F822100132BA42BA
:101CD000F4D1EF6A7FB1002202E00132BA420AD0A9
:101CE000996B51F822100029F7D1AE6A46F82210FC
:101CF0000132BA42F4D1B8F1020F7FF406AF84F09A
:101D00000103DBB2002B18BF02200DB0BDEC028B2B
:101D1000BDE8F08F002A3AD04FF0FF386FF000474F
:101D200005E74FF461700DB0BDEC028BBDE8F08F9C
:101D30000120EAE6049B0C46012B059B73F100038E
:101D4000A8BF44F0010414B9234647E71146002F09
:101D500002DA4FF0000847460C464046394612A3C7
:101D6000D3E90023EEF724FB0FA3D3E90023CDE949
:101D7000080140463946EEF71BFBCDE90A2308ABC4
:101D80002CE70B200DB0BDEC028BBDE8F08F1146A7
:101D90004FF0FF386FF0004713E700BFAFF300804C
:101DA000FFFFFFFFFFFFFF7F00CA9A3B000000001C
:101DB00008F036B908F0C2BA08F09EB908F094B934
:101DC00010B5054C864684460FCCACE80F0023685E
:101DD0007046CCF8003010BDCCD60108A8B102681E
:101DE000A2B14168A1B110B4C46864B1806838B1CF
:101DF000084B1A600022C3E901100120C3E9034225
:101E00005DF8044B70472046FAE77047104670476C
:101E1000084670471801002410B5054C86468446D4
:101E20000FCCACE80F0023687046CCF8003010BD32
:101E30001801002458B1036843B1436833B1C36843
:101E400023B18068003818BF0120704718467047DA
:101E500080EA1041164A174B4FF0010C81F03D010A
:101E600001EBC10181EA111102FB01F181EAD131DB
:101E7000A3FB01231B0903EB4302C3EBC203D0B452
:101E8000C91A0D4C6218D2E84F3FC2E846CF002E67
:101E9000F9D1DBB2BFF35B8F002BF4D1D0E900673F
:101EA000BFF35B8F635430463946D0BC704700BFE8
:101EB0002DEBD427C94216B258A4012470B580EA8C
:101EC000104E1649164C8EF03D0E0EEBCE0E8EEADD
:101ED0001E1E01FB0EFE13498EEADE3EA1FB0E51D3
:101EE0004FF00105090901EB410CC1EBCC01AEEB50
:101EF000010E04EB0E0CDCE84F1FCCE8465F002E11
:101F0000F9D1C9B2BFF35B8F0029F4D1C0E9002336
:101F1000BFF35B8F04F80E1070BD00BF2DEBD4270C
:101F200058A40124C94216B280EA104C17498CF01B
:101F30003D0C0CEBCC0C8CEA1C1C01FB0CFC14497A
:101F40008CEADC3C70B58646A1FB0C01114D4FF0CC
:101F50000100090901EB4104C1EBC401ACEB010C28
:101F600005EB0C01D1E84F4FC1E8460F002EF9D127
:101F7000E4B2BFF35B8F002CF4D1DEE90001CEE9BF
:101F80000023BFF35B8F05F80C4070BD2DEBD42709
:101F9000C94216B258A4012468B110B50C4629B143
:101FA00008F05AF820B12060002010BD034810BD91
:101FB000034B236010BD0348704700BFFCD60108E7
:101FC00044D80108E0D60108064B1B783BB1064B0C
:101FD0001A780AB901221A70044B18787047044B1A
:101FE000187870476FA4012481A4012480A40124DF
:101FF00018D70108000000009FED077B0023084A66
:1020000008481380084903700B7082ED027B074A71
:1020100013707047AFF30080000000000000000064
:1020200070A4012481A4012480A401246FA40124AC
:102030000020704782B000208DE80C0002B070478D
:1020400084B000200DF1040C04B08CE80E00704741
:102050000FB4F0B583B008AC0E9E84E80F0026B331
:1020600008A8FFF7E7FE00B300210FAB3246084691
:10207000CDE9003300F006F9431C054615D0471C96
:102080000D9B9F4201D95D1E1F46089B38460C9947
:102090009847044648B132463946019B00F0F2F8B1
:1020A000002809DB0023635500E00024204603B02C
:1020B000BDE8F04004B070472046099B0C9900240D
:1020C0009847F3E72DE9F04F2DED028B87B00026FE
:1020D00080468A460090084608EE102A9946102548
:1020E000EEF75EF93746B34601901EE00BF1010BA7
:1020F000019B5E4504EB030811D22E44D9F8083049
:10210000D9F8102005EB4505B1009847002800F0EC
:102110008880B5F5801F074628BF4FF48015009AC8
:1021200007EB8B03A41A43F8044C5146404609F0D0
:10213000C4F804463846002CD8D14046EEF730F9B2
:10214000009BA8EB030808EB00040294BBF1000F0E
:1021500045D018EE100AEEF723F9019A0646D9F891
:102160000030821AD9F810100BFB0242501C059265
:1021700098478246002854D03A683D460099012489
:1021800009F097F93B68CDE9037A0AEB030818EEEA
:10219000107ADDF800A0CDF80090DDF8049032460A
:1021A00039464046B04409F084F955F8042BA3455C
:1021B0004A440AEB02012AD02868821A4046904419
:1021C00009F077F9621CA3451446E8D8DDF80090C1
:1021D000DDE9037A0023059A0AF802300BE0204675
:1021E000D9F80030D9F8101001309847824610B164
:1021F000009909F056F93846D9F80430D9F810108A
:102200009847504607B0BDEC028BBDE8F08F029BAB
:102210004046DDF800909A1ADDE9037A09F049F9A1
:10222000D8E74FF0000AE6E70CB430B583B006AB50
:1022300053F8042B0193E2B1B0FA80F4B1FA81F5BE
:1022400050EA010C4FEA54144FEA551508D084B9EE
:102250007DB908F03FFF03B0BDE8304002B07047E1
:102260006146604608F036FF03B0BDE8304002B07A
:10227000704709F0E9F8162203464FF0FF301A6064
:10228000E9E700BF70B5B2B1B0FA80F4B1FA81F5F8
:1022900050EA010C4FEA54144FEA551505D054B9D1
:1022A0004DB9BDE8704008F015BF61466046BDE815
:1022B000704008F00FBF09F0C7F8162303604FF015
:1022C000FF3070BD84B070B582B0054607AC84E8BD
:1022D0000E00B0B1EEF764F8421C079B06460B995E
:1022E000104601929847044628B1019A294609F000
:1022F000E0F80023A355204602B0BDE8704004B0CA
:1023000070470446F7E700BF82B0F8B506AC054653
:1023100084E80C0088B14F1C0E460A993846904755
:10232000044628B13A46294609F0C3F80023A355CC
:102330002046BDE8F84002B070470446F8E700BF09
:102340000020014B1860704784A4012400285ED04F
:102350002DE9F0410C46016882B0054629B1CB68F1
:10236000A34206D91C460029F9D11F2002B0BDE8BE
:10237000F0818B68A34246D00E6A002C33D0B4F1B2
:10238000804F42D2A700D1F81880086832463946FB
:10239000C047002839D02B68324639461860586843
:1023A000C047002831D02D68AB686860A34225D2B1
:1023B0002A6800EB070C990002EB830E00EB830602
:1023C000E64503D202EB070C664522D3E31A7046BA
:1023D00000219A00019208F049FF019A002130463D
:1023E00008F044FF0AE04F6908683146B8472B6897
:1023F000314658681C60B8472D686C600020AC609E
:1024000002B0BDE8F0810020B0E70A20AEE70B2063
:1024100070470B1F18441344043A1744002243F832
:10242000042FBB4240F8042FF9D1E7E782B070B522
:1024300004AC84E80C0080B3066804462EB11E2567
:102440002846BDE8704002B0704704A80D46FFF76B
:10245000F1FC10B3049B242008999847206010B326
:102460000DF1100E00F1100CC0E90066C0E9026623
:10247000BEE80F00ACE80F00DEF800302946204629
:10248000CCF80030FFF762FF05460028D8D0059B46
:102490000899206898472660D2E70B252846BDE8B2
:1024A000704002B070470A25CAE700BF2DE9F0412D
:1024B00082B000283AD004680646002C32D0A368C7
:1024C0002BB3002522682F4652F82500E0B1216A7F
:1024D000D4F814800191C0470199D4E9003243F83F
:1024E000257052F82500C047E3686268013B42F856
:1024F00025700135E3603468A3689D4207D22268E5
:1025000052F825000028E2D101359D42DCD300219C
:102510003046FFF71BFF044620B930684369016A63
:1025200098473460204602B0BDE8F0810B24204675
:1025300002B0BDE8F08100BF78B32DE9F84FD0F8C4
:1025400000B0BBF1000F1FD0B1FA81F488466409D6
:10255000D1B1DBF80870DBF80060AFB19146043E02
:1025600056F8045F4FEA840A0134284655B1EDF766
:1025700017FF0246294640464A4538BF4A4608F0FA
:102580008AFE20B1A742EBD10020BDE8F88FDBF82E
:10259000043053F80A00BDE8F88F704700B370B5F7
:1025A00084B0044601206946F8F71EFCDDE90031DD
:1025B000002912DB53EA0102029D01D1002D0CDB40
:1025C000084E0020A3FB06325B1906FB012242EBFA
:1025D000E572C4E9003204B070BD022004B070BDE1
:1025E0000B20704700CA9A3B00B370B584B0044614
:1025F00000206946F8F7F8FBDDE90031002912DB1D
:1026000053EA0102029D01D1002D0CDB084E00208F
:10261000A3FB06325B1906FB012242EBE572C4E91B
:10262000003204B070BD022004B070BD0B207047B2
:1026300000CA9A3B0000000010B50446103000F0BC
:102640000FF800232046A360A364E3649FED027BA0
:1026500084ED007B10BD00BF000000000000000002
:1026600010B504463822002108F000FE04F11000E5
:1026700001F00CFD4FF0FF332046E36010BD00BFBA
:1026800070B4059CDDE903657AB173B1002E18BF03
:10269000002D0AD04CB1646B207400206562C4E93F
:1026A0000512C4E9073670BC70470B2070BC704738
:1026B0001F4B1A7B70B50546ADF5247D0E4692B1D1
:1026C0001C6884B1A0683246294600F5287002F0E3
:1026D00063F9646880F00103D8B20CB10028F1D12D
:1026E0000DF5247D70BD134B00211A7818698DF803
:1026F00000225A689C90A3925869DA689B689B9262
:102700006A469D9008469A9300F084FF0028E7D11E
:10271000324629469EA802F08BF90446684602F02C
:1027200007F984F00103D8B20DF5247D70BD00BF18
:1027300080FB012488A4012470B528B104460068F8
:102740000D4601F095FC10B90124204670BD636868
:10275000002BF9D0002DF7D0286801F089FC002863
:10276000F2D06E68002EEFD0646832692069D0F82C
:10277000883300F52870196802F04CFA0246206987
:10278000D0F89033D0F8881301F0F8FB2069326953
:10279000D0F8883300F52870196801F0B3FE0246BE
:1027A0002069D0F89033D0F8881301F0E7FB034696
:1027B0002846002B14BF0024022401F0BDFAC4E710
:1027C000014B1868704700BF70DD010884B0F0B598
:1027D00083B009AD85E80E0030B104462846FFF706
:1027E00029FB08B1A6682EB10B2003B0BDE8F0406C
:1027F00004B070470022002304F1200CDFF898E0B9
:102800006F46C4E90023204B1B68A3600FCDACE8E2
:102810000F002B683846CCF80030C4F81CE0E660A6
:1028200001F034FC04F11003032297E8030083E86D
:10283000030016481649267601F0BEF9134806F043
:1028400027FCF0B1134A83685168636310785961BB
:10285000D1681874D9611169196251699268596215
:102860009A6104F013FA07F0FDFC07F029FD636B91
:1028700098620028F9D0002003B0BDE8F04004B011
:1028800070470120B1E700BF70DD010840FB012463
:1028900038A6012488A4012440D50108002847D087
:1028A00070B50D4649B10446806820B1224B1968C5
:1028B000EDF716FDA8BBAB681BB14FF00B0C6046E3
:1028C00070BD23462A4604F13006D3F800E01033E9
:1028D00053F80CCC103253F8080C53F8041CB342D4
:1028E00042F810EC42F80CCC42F8080C42F8041CF8
:1028F000EBD119685B6811481160536006F0C8FBA2
:1029000098B183684FF0000C6B63656B03F11004A2
:1029100010350FCD0FC495E8070084E80700604626
:1029200070BD4FF00C0C604670BD4FF0010CC6E757
:102930004FF00B0C6046704770DD010840FB01242E
:1029400010B58EB088B304462030FFF773FA60B339
:10295000A06820B11A4B1968EDF7C2FC68BB194B8F
:10296000196831B3626B01E0496811B38B689A4210
:10297000FAD1144806F09CFB6846FFF771FEEE465C
:10298000A4460024BEE80F00ACE80F00BEE80F002C
:10299000ACE80F00BEE80F00ACE80F009EE80300B3
:1029A0008CE8030020460EB010BD0B2420460EB06C
:1029B00010BD012420460EB010BD0C24F2E700BF6C
:1029C00070DD010840FB01242DE9F04383B00028AD
:1029D00000F0D3800E46002900F0CF80436B0546FF
:1029E000002B00F0CA80784B80681F6828B13946F8
:1029F000EDF776FC002840F0CA80744C4FF00008D8
:102A000073497448D5E90023B760C6E90023EB6831
:102A10000122B36401F070F8204606226E4901F0ED
:102A2000ABF86C4884F80D8006F032FB002800F00B
:102A3000A9808468686B04F11009416A90F810C09D
:102A4000D0E9062301916146006A0090484601F0F2
:102A500031FF4FF47A7204F5805360496048C4E94D
:102A6000E32204F55E72C4E9E122C3F894850122F1
:102A7000C3F89885C3F89C85C3F8A085C4E9DA78C3
:102A8000F46401F019F806225649574800F0F4FFA3
:102A900006225649564800F0CFFF012255495648B4
:102AA00000F08AFF01225549554800F0A5FF0C228D
:102AB0005449554801F040F803225449544801F064
:102AC0007BF804225349544801F096F8534954487E
:102AD000042201F0B1F84246696BF06C00F09AFDF7
:102AE0000746002858D16B6B04F5287504F5227150
:102AF0009A6A284602F014FA22464A49284602F009
:102B000033FA3A464849284602F02AFA3A464749F3
:102B1000284602F02DFA3A464549284602F02CFA9A
:102B2000B4F89822042304F565719200284602F057
:102B300063FAB4F89822042304F694319200C4F89E
:102B40007403284602F02EFAC4F87803284602F0EF
:102B50004DFA41F29431C4F8800328462144B4F878
:102B6000982202F00DFAC4F87C03284603F026F8F8
:102B7000F8B1384603B0BDE8F0830B27384603B000
:102B8000BDE8F0830127384603B0BDE8F0830C2789
:102B9000384603B0BDE8F083484601F0C9FE21463F
:102BA0000C4806F085FA3846C6F84C8003B0BDE8FC
:102BB000F083484601F0BCFE2146064806F078FA4C
:102BC000F7640127D5E700BF70DD010890FB012401
:102BD00038AD012480FB0124E0C20124BCA60124FD
:102BE00050FB012460F40124A0FB012460A7012410
:102BF00060FB012470AC012470FB0124F0A40124CB
:102C0000E0A4012470F90124B0FB012438A60124BA
:102C100040FB0124C0FA0124C0FB0124B8A5012413
:102C200030FB0124C98E0108C18E0108618F0108A3
:102C3000FD8F0108174BC16C70B51C68054634B395
:102C40000026D4E9014002698A4218D0002CF8D14C
:102C500089B1D1F8883301F528709B78012B14BF16
:102C60000A21002102F082FFE86C01F005F8E86C0F
:102C7000103001F05DFE00233046EB6470BD18306B
:102C800000F09CF8E96C0646002CDAD1E0E7264615
:102C9000DEE700BF50FB01242DE9F04383B0002B99
:102CA00064D0064638480F4690461D4606F0F0F9B7
:102CB00000285BD08468EB6C04F12C0904F1180542
:102CC0002361FFF77DFDC4F82090C4E90604304677
:102CD000EDF766FB421C3C2A40D8484604F16809DF
:102CE000314608F0E6FB3846C4F82490EDF758FB6F
:102CF000421C3C2A32D83946484608F0DAFB2369A0
:102D0000012103F58053B3F894054218A3F89425E4
:102D100001F012FE60613B782F2B2CD17B7853BBE6
:102D200033461A4A3C211A4808F032F92069062134
:102D30001FFA88F3D0F8842300F528700191144914
:102D400000911168626901F029FC02462069D0F8FF
:102D50008C33D0F8841301F011F918B928460025F6
:102D600000F090FF284603B0BDE8F0830025284618
:102D700003B0BDE8F0833B46064A3C210096044878
:102D800008F006F9D2E700BF50FB01242CD7010858
:102D9000A4A4012450D501088C461146BCF1000FB3
:102DA0000AD09CF800303BB132B1137823B103460E
:102DB000826C6046FFF770BF00207047F8B528B3FB
:102DC0000746006820B1374B1968EDF789FAE8B972
:102DD0007D68DDB1344B1C68002C60D00026D4E93E
:102DE0000141D1F880309D4213D0002CF7D12F4BF8
:102DF0001C68C4B1D4E901410B6A9D42F9D17C3110
:102E0000384600F051FB01280646F2D10126304633
:102E1000F8BD8431384600F055F801280646F5D053
:102E2000002CDCD1E3E7224B1C686CB1D4E90141F2
:102E30008B6F9D42F9D17C31384600F0E7F90128CB
:102E40000646E3D0002CF1D11A4B1C686CB1D4E9D2
:102E500001418B6F9D42F9D17C313846FFF76CFC04
:102E600001280646D2D0002CF1D128696A69D0F831
:102E7000883300F52870196801F044FB0246286980
:102E8000D0F88813D0F8903301F078F8034638462C
:102E9000002B08BF022600F0F5FE3046F8BD26469E
:102EA000A5E700BF70DD010860FB0124A0FB012441
:102EB00070FB0124E0A401244368186900F55A70EE
:102EC000704700BF2DE9F04128B1044600680D4667
:102ED00001F0CEF818B901242046BDE8F0816368FE
:102EE000002BF8D0B5FA85F46409002DF3D02868DA
:102EF00001F0BEF80028EED06E68002EEBD0706AAC
:102F0000D6F8807006F062F9D6F8803072691869D8
:102F1000D0F8883300F52870196801F0F3FAD6F874
:102F20008030804632691869D0F8883300F52870FF
:102F3000196801F0E7FA064638694246D0F890333E
:102F4000D0F8881301F01AF83F6932460646D7F8E0
:102F500090333846D7F8881301F010F826B118B12D
:102F6000284600F0A7FEB7E70224F9E72DE9F04371
:102F7000044600688BB00E46154628B1214B1968EF
:102F8000EDF7AEF9002839D1646800276369D4F8F9
:102F900078809B689847D0F804903046D9F8103074
:102FA0009847D8F81030009003F52870226902ABDA
:102FB000216F03F081FEC5E9000798B1D9F8083008
:102FC00002A93046984794F87230D8F81000012BC7
:102FD0000CD0616F00F5287002F000FC38460BB091
:102FE000BDE8F08301200BB0BDE8F08300F5287048
:102FF00002F03AF838460BB0BDE8F0830C200BB075
:10300000BDE8F08370DD01082DE9F0430546006856
:1030100089B00C4690461E4628B1284B1968EDF73A
:103020005FF9002846D10EB100233370D5F8049023
:1030300000F026FF484600F0FBFE0746B0B3856867
:10304000D5F83828D5F83C38C4E9083295F837382F
:103050002374B5F8342895F83638A4F81120E374B1
:10306000D5F82818D5F82C28D5F830386161A26138
:10307000E361D9F814309B6898474468D5F8102864
:1030800005F110016846FBF7E1FE4146E36868463A
:103090009847394604460A4806F00AF806B13470E3
:1030A00084F00100C0B209B0BDE8F083012009B08E
:1030B000BDE8F0830C2009B0BDE8F08370DD0108A5
:1030C00090FB0124F0B50546006891B00C46164609
:1030D00028B1294B1968EDF703F9002841D16D6833
:1030E000A1686068AF6FD4E9043207932346069263
:1030F00013F8012B9B788DF817208DF81630B4F853
:103100000130E268ADF8143002AB6C6907C3E368C4
:103110009847446830462369984700F11803386996
:10312000009308AB00F528702A69296F03F0C4FDED
:1031300010B9012011B0F0BD02A908A804F072FD79
:10314000A36808A93046984795F872303869012B72
:103150000AD0696F00F5287002F040FB002011B022
:10316000F0BD0C2011B0F0BD00F5287001F07CFF1F
:10317000002011B0F0BD00BF70DD01082DE9F04165
:103180000446006888B00F4690461D4620B11D4B8E
:103190001968EDF7A5F868BB0DB100232B706468C2
:1031A00000F06EFE204600F043FE064630B3636931
:1031B0008468DB6804F5036252E90201C7E908018B
:1031C00098474768D4F8102804F110016846FBF7C7
:1031D0003DFE4146FB6868469847314604460A482A
:1031E00005F066FF05B12C7084F00100C0B208B094
:1031F000BDE8F0810C2008B0BDE8F081012008B0E6
:10320000BDE8F08170DD010890FB012470B528B1A4
:10321000044600680D4600F02BFF10B9012420463B
:1032200070BD6368002BF9D0002DF7D0286800F03E
:103230001FFF0028F2D06E68002EEFD0646832695C
:103240002069D0F8883300F52870196801F0E2FC95
:1032500002462069D0F89033D0F8881300F08EFE33
:1032600020693269D0F8883300F52870196801F0B8
:1032700049F902462069D0F89033D0F8881300F05D
:103280007DFE03462846002B14BF0024022400F0D4
:103290003DFDC4E72DE9F04F8DB0002900F0D88046
:1032A0000446002800F0D48000680E4615461F46EC
:1032B00000F0DEFE80F00100C0B2002840F0C880BF
:1032C000002D00F0C5802B78002B00F0C180002F6E
:1032D00000F0BE806748D4F8049005F0D9FE04469B
:1032E000002800F0B680D0F8088008F1980AC8F8E5
:1032F0008080FFF765FAC8F87C00C8F884A02846EB
:10330000EDF74EF8013008F17C043C2800F2A5806E
:103310002B46594A3C21504607F03AFE3946502286
:1033200008F12800C8F8209008F0C3F83046534947
:1033300001F0AEF8002800F090804268C8F818202C
:10334000002A00F08A8029463B46484605F0EEFEFA
:10335000C8F81C00002800F08580D9F8103004213E
:10336000062503F58053B3F89C05421CA3F89C2561
:1033700001F0E2FAC8F81000D9F81000D0F8843350
:1033800000F5287000951968D8F81020D9F8143085
:1033900001F06CF90246D9F81000D0F88C33D0F85F
:1033A000841300F0EBFD002857D0D9F810302946DF
:1033B00008AE03F58053B3F89E05421CA3F89E2582
:1033C00001F0BAFAD9F810A0D8F81C303946C8F87C
:1033D00014003046DAF884B3059300F0EBFD039552
:1033E000059B96E8030001900AF52870ADF80810D7
:1033F0001B690093DBF80010D8E9043201F066F98C
:103400000246D9F81000D0F88C33D0F8841300F0BD
:10341000B5FD10B33B7A4FF6FF72D9F81000022BBE
:103420000A92D0F884134FF0000208BFD0F880331E
:1034300000F5287018BFD0F8D4300B9207930AAB70
:103440000093079BD8F81420096801F0A9FB00E05D
:10345000002420460DB0BDE8F08FD8F81C0008B15C
:1034600000F080FC2046002400F03AFC20460DB01D
:10347000BDE8F08FA0FB01242CD70108F0D3010890
:1034800078B110B5B1FA81F4640941B143685022B2
:10349000084603F1280108F00CF8204610BD0B2067
:1034A00010BD0B20704700BF2DE9F04128B1044644
:1034B00000680D4600F0DCFD18B901242046BDE887
:1034C000F0816368002BF8D0B5FA85F46409002D0B
:1034D000F3D0286800F0CCFD0028EED06E68002EF6
:1034E000EBD0376A72693869D0F8883300F52870F4
:1034F000196801F08FFB02463869D0F89033D0F894
:10350000881300F03BFDF06905F060FE336A7269D4
:103510001869D0F8883300F52870196800F0F2FFB8
:10352000336A804632691869D0F8883300F528700C
:10353000196800F0E7FF064638694246D0F8903334
:10354000D0F8881300F01AFD3F6932460646D7F8D6
:1035500090333846D7F8881300F010FD26B118B123
:10356000284600F0BDFBA9E70224F9E7F0B50446C0
:10357000006889B00F46154628B1244B1968ECF74E
:10358000AFFE00283ED105B3002364682B7000F025
:1035900077FC204600F04CFC0646F0B18168684696
:1035A000D1F810281031FBF751FCA3693946684661
:1035B000DB68984704463146154805F079FD2C70C4
:1035C00084F00100C0B209B0F0BD646800F058FC9E
:1035D000204600F02DFC054610B9012009B0F0BDD1
:1035E000A9686846D1F810281031FBF72FFCA369B1
:1035F00039466846DB68984729460446044805F082
:1036000057FDDDE70C2009B0F0BD00BF70DD0108FB
:1036100090FB012408B508B100F1100239B14969E5
:10362000104601F051F980F00100C0B208BD044B12
:103630001046596801F048F980F00100C0B208BD99
:1036400088A401242DE9F043984640EA010389B09B
:1036500048EA0303129C134300F0068105460E4618
:1036600091466CB1A64B04AF0FCB87E80F008DE8F5
:103670000F0094E80F0000F02DFD002800F00B81F2
:103680004FF0FF3700F0FCFB9E4B1C684CB123460B
:103690000021D3E9013202F5805282F8A415002BF3
:1036A000F7D1B9F1000F11D0D9F8001071B1D9F8E4
:1036B00004C0002301205CF823200133926F99425B
:1036C000126902F5805282F8A405F4D1B8F1000F16
:1036D00011D0D8F8001071B1D8F804C0002301202F
:1036E0005CF823200133926F9942126902F58052EF
:1036F00082F8A405F4D185B1296871B1D5F804C068
:10370000002301205CF823200133126A99421269D8
:1037100002F5805282F8A405F4D144B32246002376
:10372000D2E9012101F5805191F8A4150B44DBB2D7
:10373000002AF5D1002B5FD07A1C0DD007EE907ACD
:10374000F8EEE76A07EE903AF8EE677A86EEA77A27
:10375000FDEEC77A17EE907AA06800F5805393F8D3
:10376000A435002B40F08D806468002CF4D1B9F1B1
:10377000000F00F0A180D9F80070002F00F0A480A5
:1037800000242746D9F8043053F8240000F050FBF9
:1037900000283BD00134D9F800300127A342F1D8EA
:1037A0000127B8F1000F10D0D8F800306BB1002419
:1037B000D8F8043053F8240000F03AFB70B3013419
:1037C000D8F800300127A342F2D8002D35D02B685D
:1037D0009BB300246B6853F8240000F029FB28B346
:1037E00001342B680127A342F4D8002E3CD0346862
:1037F000002C39D0012723E0A068002100F52870B3
:1038000001F0B2FF6468002CF6D1B0E7D9E90032CC
:1038100042F824000134A342B4D8C2E7D8E9003208
:1038200042F8240001349C42C2D3CEE7D5E90032ED
:1038300042F824000134A342CCD8A6B1346894B134
:1038400000231D4604E040F823200133A3420AD0A0
:10385000706850F823100A7C002AF4D00133174610
:103860000D74A342F4D147B1002009B0BDE8F08344
:103870001EB134682F46002CE2D1022009B0BDE809
:10388000F083394600F5287001F088FF6468002C49
:103890007FF462AF6BE794E80F0000F071FC002347
:1038A000194AECF7D5FDB0F1004F074671F100035E
:1038B000A8BF6FF00047E5E6B8F1000F0FD0D8F8C9
:1038C000003093B14F4672E7B8F1000F07D0D8F837
:1038D0000030002B7FF46BAF55B11F4677E7002D0A
:1038E000C6D02B6843B1474673E70DB14F466EE72C
:1038F0002F46002EA2D1C0E74746002E9ED1BCE73E
:1039000040D2010880FB012440420F0008B5034863
:1039100005F0BEFB08B18068103008BDC0FB012473
:1039200008B5084B196811B90AE0496841B18B68BC
:1039300010339842F9D1034805F0BAFB002008BDC6
:10394000012008BDC0FB0124034B186810B1836837
:1039500093F84003704700BF80FB0124054B1B68B0
:1039600023B1986800F5287001F062BB00200021A7
:10397000704700BF80FB0124054B1B6823B198688A
:1039800000F5287001F066BB00200021704700BFE1
:1039900080FB012408B5074B1B684BB101469868B2
:1039A00000F5287001F094FF80F00100C0B208BD5E
:1039B000012008BD80FB0124E2B12DE9F041057B27
:1039C0000646ADB9C82317460C46A846836040F2A8
:1039D0000113C0E90055838101352146304605F0C9
:1039E00067FBAF42A46004F1C80404F8BC8CF3D1B7
:1039F000BDE8F081704700BFE2B12DE9F041057BE1
:103A00000646ADB9C82317460C46A846836040F267
:103A10000113C0E90055838101352146304605F088
:103A200047FBAF42A46004F1C80404F8BC8CF3D196
:103A3000BDE8F081704700BFE2B12DE9F041057BA0
:103A40000646ADB9D82317460C46A846836040F217
:103A50000113C0E90055838101352146304605F048
:103A600027FBAF42A46004F1D80404F8CC8CF3D156
:103A7000BDE8F081704700BFE2B12DE9F041057B60
:103A80000646ADB9D82317460C46A846836040F2D7
:103A90000113C0E90055838101352146304605F008
:103AA00007FBAF42A46004F1D80404F8CC8CF3D136
:103AB000BDE8F081704700BFE2B12DE9F041057B20
:103AC0000646ADB9A42317460C46A846836040F2CB
:103AD0000113C0E90055838101352146304605F0C8
:103AE000E7FAAF42A46004F1A40404F8988CF3D17F
:103AF000BDE8F081704700BFEAB12DE9F843057BCE
:103B00000646B5B941F2A85840F2011317460C46D3
:103B1000A946C0F808808381C0E9005501352146D7
:103B2000304605F0C5FAAF42A46084F80C904444D6
:103B3000F4D1BDE8F8837047E2B12DE9F041057B8F
:103B40000646ADB91C2317460C46A846836040F2D2
:103B50000113C0E90055838101352146304605F047
:103B6000A7FAAF42A46004F11C0404F8108CF3D14E
:103B7000BDE8F081704700BFEAB12DE9F041057B57
:103B80000646B5B94FF4046317460C46A846836051
:103B900040F20113C0E900558381013521463046CA
:103BA00005F086FAAF42A46084F80C8004F5046442
:103BB000F3D1BDE8F0817047E2B12DE9F041057B1A
:103BC0000646ADB92C2317460C46A846836040F242
:103BD0000113C0E90055838101352146304605F0C7
:103BE00067FAAF42A46004F12C0404F8208CF3D1EE
:103BF000BDE8F081704700BFE2B12DE9F041057BDF
:103C00000646ADB91C2317460C46A846836040F211
:103C10000113C0E90055838101352146304605F086
:103C200047FAAF42A46004F11C0404F8108CF3D1ED
:103C3000BDE8F081704700BFE2B12DE9F041057B9E
:103C40000646ADB9202317460C46A846836040F2CD
:103C50000113C0E90055838101352146304605F046
:103C600027FAAF42A46004F1200404F8148CF3D1C5
:103C7000BDE8F081704700BF0146014805F018BA61
:103C800080FB012438B50446006828B1074B196849
:103C9000ECF726FB40B92060616829B10025044893
:103CA0000D6105F005FA656038BD00BF70DD0108E3
:103CB00050FB012410B50446006828B1064B196872
:103CC000ECF70EFB38B92060616821B1034805F0BC
:103CD000EFF90023636010BD70DD010860FB012473
:103CE00010B50446006828B1064B1968ECF7F8FADD
:103CF00038B92060616821B1034805F0D9F9002383
:103D0000636010BD70DD0108A0FB012410B50446FE
:103D1000006828B1064B1968ECF7E2FA38B9206060
:103D2000616821B1034805F0C3F90023636010BD49
:103D300070DD010870FB012410B50446006828B14D
:103D4000064B1968ECF7CCFA38B92060616821B1EC
:103D5000034805F0ADF90023636010BD70DD010874
:103D6000E0A4012410B504460348214605F0A0F95B
:103D70000023A36110BD00BFB0FB012482B02B491A
:103D800030B50D6803AC84E80C001C46002D4BD008
:103D90002B4600219A685B68D2F81428904208BF2D
:103DA0000131002BF6D19DF80C30022B29D020D800
:103DB0008C4228D8B4FA84F2520924B3DDB14FF012
:103DC000FF3C6FF0004401E06D68ADB1AB68D3F823
:103DD00014188842F8D1D3F8181803F50263614526
:103DE00053F8043C73EB040EEEDA8C461C462A466C
:103DF000EAE7032BDCD000221046BDE8304002B0D9
:103E000070478C4205D90948BDE8304002B005F042
:103E10003FB9B4FA84F25209002CEDD10348BDE851
:103E2000304002B005F034B92946BCE790FB0124CC
:103E3000124B1B6830B5F3B14FF0FF3E6FF0004CF2
:103E4000002401E05B68A3B19A68D2F81418884294
:103E5000F8D1D2F8181802F50262714552F8042C14
:103E600072EB0C05EEDA1C465B688E469446002B1E
:103E7000EAD1204630BD1C46204630BD90FB0124CF
:103E80003D4B2DE9F04F1F682DED068B8DB0FFF7F0
:103E900073FD002F5DD0B84681468A4604ACD8F841
:103EA000085095F82038042B9FED2D8B9FED2EABFD
:103EB0009FED2F9B3FD0052B44D0032B3BD08DEDA6
:103EC000048B8DED06AB08AB8DED088B8DED0A8B69
:103ED0000FCB8DE80F0094E80F0000F0FBF818B14D
:103EE0008DED049B8DED068BD5F8186805F5026500
:103EF00055F8047CD8F804B094E80F0000F040F9BD
:103F0000301847EB0101484571EB0A0305DB55E921
:103F1000022391457AEB030303DA4146164805F084
:103F2000C7F8BBF1000F14D0D846D8F8085095F860
:103F30002038042BBFD1D5F8143840330FCB84E898
:103F40000F00C0E7D5F8143848330FCB84E80F00D2
:103F5000B9E70DB0BDEC068BBDE8F08FAFF3008084
:103F60000000000000000000010000000000000050
:103F70001E0000000000000090FB012410B58C78AA
:103F800086B0012CADF80E200CD0012419460DF19D
:103F90000E020DF11703009400F5287001F042FCA9
:103FA00006B010BD00F5287001F05EF8204606B09E
:103FB00010BD00BF4A7A91F808C0022A18BF00223B
:103FC0000270ACF10202B2FA82F2520942700A782F
:103FD0008988A2F102028180B2FA82F252098270CB
:103FE000704700BF002330B50B7087B003681446DC
:103FF000BBB10E4A1546009503920D4D4268084626
:104000000C4904920591029121460B4A019506F054
:10401000BFFF0028A8BF8442CCBF0120002007B00A
:1040200030BD064B014A1D46E5E700BF1CD701081D
:1040300034D7010830D7010820D7010844D8010837
:1040400030B5144683B00546074B084A084600952C
:10405000214606F09DFF0028A8BF8442CCBF012066
:10406000002003B030BD00BF38D7010848D5010893
:1040700010B5044640B1FEF7A3FB01462046ECF71D
:104080002FF9B0FA80F0400910BD00BF0022027085
:1040900042607047B0B138B5044608460D46FDF79A
:1040A000C9FE68B1206820B16B6829699847002370
:1040B0002360201D04F0DAFE003818BF012038BD4F
:1040C0000B2038BD0B2070470022C0E9002282601F
:1040D000704700BFF0B484B004AC04E90F0003469D
:1040E0002549019D104699424FF00202039EAA41C4
:1040F00030D3224C6FF00041A3FB043204FB0522B5
:10410000DD438C1A8542B44132D310EB030C42EBF1
:104110000601194802220A9D0B9FDDE908369842E4
:10412000B2411CD3154C6FF00040A3FB043204FBDA
:104130000622DE43841AAE42BC4115D35B1942EB22
:1041400007028A4208BF63450CBF0120002004B06B
:10415000F0BC70474FF0FF3C6FF00041D9E74FF0E3
:10416000FF336FF00042ECE74FF0FF330246E8E721
:104170004FF0FF3CCDE700BF047DC12500CA9A3B4C
:1041800070B485B004AC04E90F0003461349019DE7
:10419000104699424FF00202039EAA4111D3104CDF
:1041A0006FF00041A3FB043204FB0522DD438C1AAF
:1041B0008542B4410CD3181842EB060105B070BC1F
:1041C00070474FF0FF306FF0004105B070BC704792
:1041D0004FF0FF3005B070BC704700BF047DC125B3
:1041E00000CA9A3B10B504464022002107F03EF871
:1041F000204610BD00285DD02DE9F0410D46002974
:104200005AD004461646ECF7CBF850B123782F2B42
:104210000ED002232B6046B1002318463360BDE860
:10422000F08101232B60002EF6D10020BDE8F08143
:10423000431EE25C2F2A41D0621EC4F1010E02EB44
:1042400000080EEB020712F8013F23F02001A3F152
:104250002F0C413919290FD9BCF10A0F0CD9A3F140
:104260005F03B3FA83F35B0933B904222A60002E9B
:10427000DBD018463760D2E74245E2D101231A4F1E
:1042800004E0984204F1010413461CD9984203F15A
:104290000102F6D021782F29F3D161782F291ED081
:1042A000C95D4907EDD506222A60002EBDD0002049
:1042B0003360B4E70B2070470B20B0E703222A607D
:1042C000002EF4D1B1E7F72803D8002318462B605D
:1042D000A5E707232B60002EA7D0F623E7E70522EA
:1042E0002A60002EE3D1A0E720DE0108002843D099
:1042F00070B51446C2B02AB301290D461E4602D13C
:1043000003782F2B12D001AA6946FFF773FF80B9FB
:10431000009A4AB1072A07D0531E052B2ED8DFE892
:1043200003F01C1F22252814F52D04D8002318465D
:10433000236042B070BD07232360002EF9D0F42320
:104340003360F6E70B2042B070BD06232360002ED9
:10435000EFD0019B336042B070BD01232360F6E7CC
:1043600002232360F3E703232360F0E704232360A1
:10437000EDE705232360EAE70B20704713464FF46F
:104380008071034A02A8FDF74FFF0120D1E700BF6B
:104390003CD7010868B170B50D4616460446EBF7E8
:1043A000FFFF334601462A462046BDE87040FFF72E
:1043B0009DBF0B20704700BF072803D8024B53F85E
:1043C000200070470148704734D901088CD7010894
:1043D000002842D02DE9F0410D4600293FD0044687
:1043E0001646EBF7DDFF10B3631EC4F1010103EBCA
:1043F0000008CF1813F801EFAEF130022EF0200CB8
:10440000092AACF1410C05D9BCF1190F02D9BEF152
:104410005F0F14D19845ECD12278164BD35C13F082
:10442000040313D1FF281CD818462B600CE001238D
:104430002B607EB1002318463360BDE8F081022373
:104440002B603EB100203760BDE8F08103232B6074
:10445000002EEFD10020BDE8F0810B2070470B202B
:10446000F2E704222A60002EF4D0FE2218463260C1
:10447000EAE700BF20DE0108042803D8024B53F806
:10448000200070470148704740DA010854D90108FC
:104490008368184710B504460068EBF721FF002831
:1044A0000CBF2046002010BD2DE9F04105680446F0
:1044B0000E462846EBF714FFC8B1114B1B689D420E
:1044C00012D1D4F80480D8F800406CB1D8F8085064
:1044D0000027043D314655F8040FEBF701FFBB0000
:1044E00040B10137BC42F5D10020BDE8F081204643
:1044F000BDE8F081D8F81020BDE8F041D358184746
:104500002C01002410B500238EB004460391CDE9A0
:10451000013203230422009306AB01F02DFC18B9ED
:10452000044620460EB010BD029905AA204601F0AF
:104530005FFD044605A906A803F016FA20460EB052
:1045400010BD00BFC2F3074C10B5BCF1010F8CB019
:10455000044602920CBF03F0010200220E330391C5
:104560009DF838101A4404AB0191012192B20091D8
:10457000039901F001FC18B9044620460CB010BDA7
:10458000029920460F9A01F033FD04460F9904A8C2
:1045900003F02EF920460CB010BD00BF70B5ADF58C
:1045A000167D054611ACADF8543203239DF86C62BC
:1045B000CDE902212372002301228DF814309A9B49
:1045C0002271CBB18DF81C2008934FF4007215A90D
:1045D00009A8FAF73BFC05A909A802F0CFFD0D9B3D
:1045E000009628460194E3609BB2DDE90221FFF7C3
:1045F000A9FF0DF5167D70BD8DF81C30E5E700BFF5
:1046000070B5ADF5187D05461846059197A99DF83A
:10461000786213ACCDE9033202238DF8503000F0FC
:10462000ADF99C9B4FF4007217A90BA806939D9BB4
:104630000A9303238DF8543001238DF8243000238E
:104640008DF81C30FAF702FC06A90BA802F0B8FDA1
:104650000F9B2846009616939BB20194DDE9042136
:10466000FFF770FF0DF5187D70BD00BF70B5ADF59B
:10467000916D05461846059192A99DF898640EAC77
:10468000CDE9033204238DF83C3000F077F90023A4
:104690004FF4007212A906A88DF84C328DF85432EE
:1046A00003238DF84030FAF7D1FB93A906A802F056
:1046B0003BFE0A9B2846009611939BB20194DDE9CC
:1046C0000421FFF73FFF0DF5916D70BD2DE9F0411D
:1046D000ADF5247D0646184603271FACBDF8B05241
:1046E0000591A3A99DF8B482CDE903320623237175
:1046F00000F044F90EA9AA98277200F03FF90023B0
:10470000ADF84450003D9DF8AD228DF8703018BFD3
:1047100001258DF864308DF846308DF84C308DF8D9
:104720005430ADF8403001238DF842508DF83A30C6
:104730008ABB4FF0230E4FF0130C0B2521221121C1
:104740000920ADF840309DF8AE3223B9724661467B
:104750002846ADF840709DF8AC32012B25D0032BD4
:1047600029D02BB34FF4007223A906A8FAF76EFBE9
:104770000EA906A802F04EFE0A9BCDF80080304636
:104780000194E3609BB2DDE90421FFF7DBFE0DF548
:10479000247DBDE8F0814FF0220E4FF0120C0A2567
:1047A0002022102108200227CDE7ADF84010D9E7DC
:1047B000ADF84000D6E7ADF84020D3E7014B1878BC
:1047C000704700BFD0FB01242DE9F04F934689B01C
:1047D000002204468A4605938DF81E2090F8002298
:1047E00022B300F202290DF11F0805AF0DF11E06DC
:1047F0004FF4007502E0059B002B0FDDD4F8741216
:10480000234622464846CDE90278CDE9005601F01C
:1048100005FE0028EFD09DF81E30B3B10F4B0020ED
:104820009DF81F201A7009B0BDE8F08F0DF11F022E
:10483000014600924FF40072D0F87452A847002845
:10484000ECD09DF81E30002BE8D1CBF80000012001
:10485000CAF8004009B0BDE8F08F00BFD0FB0124CA
:1048600030B590F8005287B0144695B9D0F8705220
:104870000DF11703A847031E18BF0123A04218BF5C
:1048800000231BB90A4A9DF817101170184607B08B
:1048900030BD0B4600220DF117010094CDE9012136
:1048A0000246D0F8701200F2022001F0D9FBE2E7D4
:1048B000D0FB012480F800120199C0E99A23009BE3
:1048C000C0E99C31704700BF38B5D0F8683203B3F7
:1048D000D0F86C220446E2B1D0F87022CAB1D0F808
:1048E0007422B2B1C0F88C129847054688B194F88A
:1048F00000328BB90B4B28460B490C4AC4F8803266
:104900004FF40073C4F88422A4F88832C4E99E41AD
:1049100038BD0025284638BD002104F2022001F0F0
:1049200099FBE7E7C947010861480108BD4701084D
:10493000D0F86C32184700BF82B000238DF8061003
:1049400060F30F03BDF8062062F31F43184602B060
:10495000704700BF437882B0017800201A0903F045
:104960000F0302EB01128DF80630BDF8063062F33A
:104970000F0063F31F4002B0704700BF0246C0F350
:10498000034382B0C2F30B1C03EB021081F800C09A
:10499000487002B0704700BF2DE9F043174691B050
:1049A00010220646884608A80DEB02010025FAF7FA
:1049B0004DFA1E4B02242A461B8808A80095ADF824
:1049C0000A304FF420633178ADF808302B46039459
:1049D00002F0A2F921462B46082208A802F0F4F8BA
:1049E000044602A908A802F093FF04B118B90020F8
:1049F00011B0BDE8F08308A8FAF756FA81460DE039
:104A0000336FD3E90004A04704464146304600F026
:104A1000B3FF04EA000C1CF0FF00E9D1AF424A46A4
:104A200004A905F10105EBD1E1E700BF50D201086F
:104A30002DE9F04F2DED028BD3B006468A460024B7
:104A40000CA910A805921022FAF700FA534B022580
:104A500022461B88802110A80094ADF882304FF4C4
:104A600020632195ADF88030234602F055F92346A6
:104A70002946082210A802F0A7F8814620A910A80C
:104A800002F046FF09EA000010F0FF0907D14FF0DD
:104A9000000B584653B0BDEC028BBDE8F08F10A858
:104AA0000494FAF701FA08EE100ADDE904239342B0
:104AB000EDD018EE102A0CA955464FF00008D6E9A3
:104AC0000003984702F0C6F803900BE002F0C2F82A
:104AD000039BC01A2D1A02F0BDF80390002D30DDA3
:104AE000002F2ED0534609AA08A93068B4684F4653
:104AF000CDF82080A04783460028E7D018A8DDE93C
:104B00000812FAF7A3F907AB0DF1190218A90AA8C0
:104B1000CDE90A8801F024FAC822002120A806F075
:104B2000A5FB18A8FAF7C4F9042816D89DF8353162
:104B3000002B13BF4FF0010B4FF0000B0127002794
:104B4000C4E7049B01330493BBF1000FADD058467A
:104B500053B0BDEC028BBDE8F08F0DF11E030DF1DB
:104B60001B020DF11A0118A88DF81A80ADF81E80ED
:104B70008DF81B8002F022F918A8FAF799F9BDF810
:104B80001E309842D2D39DF81A30062BCED118A9E8
:104B900020A88DF8358100F0DBFAC7E750D2010874
:104BA00030B595B00446189D0393002D8DF81C3048
:104BB000CDE904214FF0000214BF012111468DF808
:104BC0001D208DF81E208DF8241021D06B68102236
:104BD0002968CDF82A30CDF8261008230021204678
:104BE000CDE900310CAB059901F0C6F818B90446BF
:104BF000204615B030BD049906AA204601F0F8F908
:104C0000044606A90CA802F059FF204615B030BD95
:104C10000822E2E710B5002394B004460592019300
:104C2000ADF81C308DF81E30CDF82630CDF82A3086
:104C30000823CDE90221012200930CAB8DF824203A
:104C4000102201F099F818B90446204614B010BD9E
:104C5000059906AA204601F0CBF9044606A90CA83E
:104C600002F02CFF204614B010BD00BF2DE9F04328
:104C700095B0BDF8787013B115B0BDE8F083064665
:104C80001C980C461546049099461D989DF8768010
:104C900005900CA8D1E90121521AFAF7D7F80CA80F
:104CA000D4E90612FAF7A6F8E2699AB1B8F1070F4B
:104CB00082F8149040D0B8F1080F2ED0B8F1060F4A
:104CC00011D00123137529462046FAF713F915B0C0
:104CD000BDE8F083B8F1070F2ED0B8F1080F1CD053
:104CE000B8F1060FEFD1D6F88880B8F1000F11D0D7
:104CF0000CAB01953A463046009306238DF81630EA
:104D0000D6F88C300293DDE90431C0470123E26913
:104D100086F8B430002AD4D1D5E7D6F8A430002BD9
:104D2000F8D00CA806A9DDF8408002F0A1FFA0B9D8
:104D3000E269002AC5D1C6E7D6F8AC303BB106A976
:104D40000CA8DDF8408002F043FC60BBE269A36878
:104D50002B44A360002AB4D1B5E7109B0CA8A8EBA4
:104D60000308DDE90D21A844521AFAF76FF80CA8E0
:104D70001FFA88F8D4E90612FAF73CF80CAB0821C0
:104D8000CDF8048000933A468DF8161006ABD6F89D
:104D9000A810304602910599D6F8A470B8470123AF
:104DA00086F8B430C4E7DDE90D21109B0CA8521A37
:104DB000A8EB0308FAF74AF80CA8A844D4E90612AD
:104DC000FAF718F80CAB9DF818101FFA88F8009342
:104DD0003A469DF819303046CDF8048003EB0123A4
:104DE00007218DF816109BB2D6F8B01002910599E4
:104DF000D6F8AC70B847012386F8B430A6E700BFF8
:104E000000B58BB00146042202A8FAF71FF80DF195
:104E100005030DF1060201A902A801F0EFFE9DF8BD
:104E200004300D2B03D000200BB05DF804FB9DF87F
:104E3000053013F0020F14BF022001200BB05DF803
:104E400004FB00BF70B50025ADF5347D0E46044669
:104E50004FF42472294610A80395049506F006FA2B
:104E600003A9304602F06AFDBDF80C302046ADF8CB
:104E7000403001F0B5F82B460C2205A9009008A897
:104E8000F9F7D2FF10A908A802F0CCFD089B2A462A
:104E90002946204601F050F808A8FAF705F8236FD4
:104EA000024605A9D3E90004A0470DF5347D70BD85
:104EB00070B592B005460E46144601F091F805A96A
:104EC000009000230AA81122F9F7AEFF1822002350
:104ED0000A2102FB04540AA80522503401F074FE92
:104EE00003A9204604F0D0FC40BA03A98DF8106055
:104EF000ADF80E000AA802F007FE00220A9B284621
:104F0000114601F019F80AA8F9F7CEFF2B6F0246F7
:104F100005A9D3E90004A04712B070BD000000004D
:104F20009FED0D7B002310B5044680F8A030C0E94A
:104F30001C13C0E91E33C0E92033C0E92233C0E9A5
:104F4000243380ED267B812100F05AFF04F1080014
:104F5000BDE8104001F054BD00000000000000005A
:104F6000C0E92012704700BFC0E92212704700BF9D
:104F7000C0E92912704700BFC0E92B12704700BF7B
:104F800010B5044684B0CDE9002101F029F80346AC
:104F900004F10800DDE9002104B0BDE8104001F093
:104FA00075BD00BF30B589B00446CDE90421039337
:104FB00001F016F80546059904F108000095DDE9B1
:104FC000033201F077FD00225FFA80FCC0F3072472
:104FD000C0F30741030E6CF3070264F30F2261F381
:104FE000174263F31F62104609B030BD82B008302B
:104FF00002B001F079BD00BF10B50C4C84B0083090
:10500000009401F087FD00225FFA80FEC0F3072CB8
:10501000C0F30741030E6EF307026CF30F2261F336
:10502000174263F31F62104604B010BD014E010821
:1050300010B5044601F02AFE054AD4E92634C01A08
:105040004FF0000361EB0401EBF7B2F910BD00BFB4
:1050500040420F0010B5044601F018FED4E9263294
:10506000C01A61EB020110BD2DE9F047037E84B048
:105070000446FBB14FF000090DF1020803AF02AE88
:105080004846012204EB00151146083501F05EFC8C
:10509000844643463A4631462846CDF804C004F0DB
:1050A0007DFC00283DD109F10109237E5FFA89F0DA
:1050B0008342E6D894F8483083B34FF000090DF1ED
:1050C000020803AF02AE484600EB80050122022130
:1050D00004EBC50501F03AFC019020350CE0BDF869
:1050E00002209DF80410029B00F026FF236FDDE9EB
:1050F0000212D3E9000AD04743463A4631462846D1
:1051000004F06EFE03462046002BE8D109F10109A8
:1051100094F848305FFA89F08342D5D804B0BDE8EE
:10512000F087029B2046BDF8022009F101099DF895
:10513000041000F001FF236F039A5D68186802995C
:10514000A847237E5FFA89F083429AD8B2E700BF6E
:105150002DE9F0410D46ADF5247D06466946284609
:1051600002F0E8FA044602A928469DF80570F8F70F
:10517000A9FE9DF808300440E4B25BB987A928462F
:10518000F8F7A0FE9DF81C3280464BB90DF5247D42
:10519000BDE8F08103A9284602F078F90440EDE764
:1051A00088A92846F8F7BCFE14EA080FEED00028BC
:1051B000ECD09DF820320D2BE8D18AA92846F9F7CA
:1051C00055FC38B1BDF92832002B06DD002F14BF85
:1051D0000120022086F8B500D8E70020FAE700BFDA
:1051E0002DE9F04F044697B00D46C14E09920DF1DE
:1051F0002F030CAA0DF12E01284601F0FFFC002818
:1052000000F042819DF82E309DF82620023B0D2BA8
:10521000EDD801A151F823F07F540108EF510108A6
:105220006F5401080D54010803540108EF5101089F
:10523000EF51010859530108EB520108AB52010824
:10524000EF510108EF510108EF51010851520108D7
:1052500010A9284602F0BAFCD4F89080B8F1000FEB
:1052600000F01A8101F012FD02460B46D4F89400BA
:105270000021149F06908C461598C7FB060C109FC2
:10528000CDE9040C8C461198C7FB060CCDE9020C45
:10529000DDE91270C7FB0601CDE900012046C047D9
:1052A0004FF0010384F8A030A1E710A9284602F0CE
:1052B0006BFC00219DF8440001F076FBC0F3072849
:1052C0000F9004F10800414601F05CFC00288ED0EC
:1052D000BDF84010BDF8422004F0CAFA42469DF8DD
:1052E0003C102046FFF7E4FD81E710A9284602F0B4
:1052F00023FC00219DF8440001F056FBC0F3072178
:105300000D9004F1080001F027FC804600283FF4CE
:105310006EAF9DF842300DF1380A9DF84310BDF88C
:10532000402001EB032189B204F002FE404604F064
:10533000C3FDADF8320005E0236FDDE90E12D3E9BD
:105340000009C8470DF132030FAA5146404604F048
:10535000B5FD0028F0D14AE79DF825300DF1380A57
:10536000BDF8308028468DF8353051469DF82730FD
:10537000A8F104089DF82F908DF837301FFA88F8AF
:105380009DF8243009F00E098DF836208DF8343060
:1053900002F01EF950460FA90DF1320200F048FE4E
:1053A0000F99D4F880B0BDF832A01091BBF1000F76
:1053B00006D0D4F884305246204600930023D847C4
:1053C000E26F82B1616F4FF0000C023903E00CF123
:1053D000010C944507D031F8023F5345F7D1A36F34
:1053E000002203F80C20BDF832104B4642462046FE
:1053F00002910F9901910D9900912946FFF736FC12
:10540000F5E629462046FFF7A3FEF0E6002A3ED047
:1054100010A9284602F0E8FA0EA90DAA10A800F07B
:1054200007FE0E99D4F880A09DF84490BDF8348012
:105430000F91BAF1000F06D0D4F8843042462046CE
:1054400000934B46D047E26F002A3FF4D0AE606F26
:105450000021023803E0013191423FF4C8AE30F838
:10546000023F4345F7D1A36F03F80190BFE6002A3E
:105470007FF4BDAE2946204600F01EFDB7E6294662
:105480002046FFF7DFFCB2E617B0BDE8F08F2946F3
:10549000204600F01FFDAAE601F0F8FB4246149FEB
:1054A000159BC7FB06321818129F42EB0101139B94
:1054B0004246C7FB06329C46DDE91037C3FB06783F
:1054C00043461CEB070C42EB0302B0EB0C0361EB11
:1054D0000202002A08DB5B0843EAC2735210C4F8D8
:1054E0009830C4F89C20DBE6013342F10002F2E779
:1054F00000CA9A3B0B1E2DE9F04FB8BF6FF0004376
:105500009DB08046059301F0A5FB98F848208146A0
:10551000002A00F09A8000266FF000434FF0FF3B16
:105520000F46304603930EE09A6B0136DB6B5A450B
:105530000399F0B273EB010101DA9346039398F8F3
:10554000483083425FD900EB800402210122E4004D
:1055500001F0FCF9014604F120053B464A46099159
:105560004544284604F07CFC08EB04030028DBD00B
:105570009DF825500DF1500A9DF824304046013524
:105580004444049300F02CFD05EB85050023112213
:105590000CA908EBC505009050460136F9F744FC0C
:1055A000002305220B21504601F00EFB01216889E2
:1055B00004F0F8FC2B8902460AA9ADF82A305046BF
:1055C000049BADF828208DF82C3002F0C9FA002297
:1055D000149B4046114600F0AFFC5046F9F764FCBE
:1055E000D8F8703002460CA9D3E90005A847039902
:1055F000F0B2D4E90E235A4573EB01019DDB98F814
:10560000483083429FD86FF00043039A9A4208BF04
:10561000BBF1FF3F19D0ABEB0903002B059DD8F878
:10562000700008AA08BF012307A984689D4200688A
:10563000A8BF1D462B46A04748B9059B5B1B002B06
:1056400005933FF760AF044612E0059BE5E7DDE90F
:105650000712044600250CA8F9F7F8FB0DF11A0310
:1056600006AA0CA940468DF8185000F079FC18B92C
:1056700020461DB0BDE8F08F29469DF8180001F0C6
:1056800093F9C0F30746BDF81AA0C0F30725012E11
:10569000CDE909004BD0022E0FD0002EE8D13146C3
:1056A000304601F081F902460CA940460A92FFF704
:1056B00097FD20461DB0BDE8F08F294608F108008F
:1056C0009DF8249001F05EFA074638B30E9A0CA8B4
:1056D0000392F9F7EDFB03460DF11900039A5146C9
:1056E0000090384603F0C8FFC0B19DF8193093B35D
:1056F00014AE4FF0020A0AE08DF8289031468DF87A
:10570000295040468DF82AA00A9AFFF769FD042225
:105710003146384604F032F80028EDD140462A469A
:105720004946FFF7C5FB20461DB0BDE8F08F29466E
:1057300008F1080001F01CFA002899D0514603F046
:1057400011FF002894D08DF82A600CA90A9A4046CF
:10575000FFF746FD8CE78DF82A600CA90A9A4046AF
:10576000FFF73EFDC4E700BF70B504460D4601F0EB
:1057700071FA06462046FFF777FC29462046FFF7D8
:10578000B9FE01F067FA831BE91A0029F6DC04F17F
:105790000800BDE8704001F001BA00BF70B50446D2
:1057A0000D4601F057FA06462046FFF75DFC002340
:1057B000294684F8B43005E001F04CFA831BE91A5D
:1057C000002907DD2046FFF795FE94F8B400002875
:1057D000F2D070BD94F8B40070BD00BF2DE9F04167
:1057E00006460D4601F036FA0746304606F108082F
:1057F000FFF73AFC002D10DB2C4606E0FFF77AFE9F
:1058000001F028FAC31BEC1A07D4404601F0C6F990
:10581000034621463046002BF0D04046BDE8F0411B
:1058200001F0BCB92DE9F84FDDF828B006468846EE
:1058300092461F46FFF718FCBBF1000F04D05A46F2
:10584000FF21384605F012FDC6F87CB07D1EC6E982
:105850001DA701F0FFF9414681463046FFF74AFE99
:1058600001F0F8F9A0EB0900A8EB0001BBF1000F73
:1058700029D0AE464FF0000C1EF8014FFF2C15D07A
:105880000CF1010CE345F7D80023F36700E058B1B1
:105890002B4615F8010F02330128A3EB07038CBF39
:1058A000002001209B45F2D8BDE8F88F3AF81C3063
:1058B0000CF1010CDC4501D2002BDDD00029E3DD29
:1058C000002BCAD1E0E70120C6F87CB0BDE8F88F14
:1058D000F0B593B004460D4600F082FB142200237D
:1058E00000900AA80DEB0201F9F79EFA00230822A6
:1058F0000E210AA801F068F901F0C8F90E46074622
:105900001BA3D3E90023EAF753FD31460390384641
:1059100017A3D3E90023EAF74BFD03A90AA80492D1
:1059200002F046F900220A9B2046114600F004FBD3
:105930000AA8F9F7B9FA236F024605A9D3E90006C8
:10594000B04701F087F900230646294684F8A030C5
:1059500000E050B92046FFF7CDFD01F07BF9831B35
:1059600094F8A000E91A0029F3DC13B0F0BD00BFE1
:1059700000CA9A3B0000000070B504460D4601F0D5
:1059800069F906462046FFF76FFB0023294684F895
:10599000B53005E001F05EF9831BE91A00290CDD42
:1059A0002046FFF7A7FD94F8B5000028F2D0A0F13B
:1059B0000100B0FA80F0400970BD94F8B500A0F184
:1059C0000100B0FA80F0400970BD00BF2DE9F04F32
:1059D00004469DB0FF2003936071002B00F0B68059
:1059E000894692464FF0000B236F52464946D3E951
:1059F0000005A84701F02EF94FF47A73054609E037
:105A000001F028F9401BC0F57A73002B40DD607966
:105A1000FF2845D1226F08A99668106809AAB047E7
:105A20000028EDD00CA80026DDE90812F9F70EFADF
:105A30000DF11E0307AA0CA920468DF81C6000F08A
:105A40008FFA0028DCD031469DF81C0000F0ACFF36
:105A5000C0F30747BDF81E30C0F30726012F02939D
:105A6000CDE90A005CD0022F20D0002FC8D13946E2
:105A7000384600F099FF0CA902460B902046FFF72C
:105A8000AFFB01F0E7F8401BC0F57A73002BBEDCDA
:105A90000BF1010B039B60795B4501D0FF28A3D07C
:105AA000FF3818BF01201DB0BDE8F08F9DF82830E9
:105AB000314604F10800049301F064F8804648B3CD
:105AC0000E9A0CA80592F9F7F3F903460DF11D00A3
:105AD000059A00904046029903F0CEFDD0B19DF8A2
:105AE0001D30002B3AD0049F0AE04FF002038DF8DE
:105AF0002C708DF82D608DF82E300B9AFFF770FB0F
:105B000014A90422404603F039FE034614A9204696
:105B1000002BEAD1324604992046FFF7C9F96FE716
:105B2000314604F1080001F023F800283FF468AF83
:105B3000029903F017FD00283FF462AF8DF82E7034
:105B40000CA90B9A2046FFF74BFB59E7236FD3E9CB
:105B50000004A04701201DB0BDE8F08F8DF82E7025
:105B60000CA90B9A2046FFF73BFBBCE730B58FB082
:105B700004460D4600F034FA0023102202A90090DA
:105B800006A8F9F751F906A9204600F079F9002294
:105B9000069B2046114600F0CFF906A8F9F784F9D4
:105BA0002B46024602A92046FFF710FF18B1607984
:105BB000B0FA80F040090FB030BD00BF2DE9F04FC2
:105BC00000F1080B0446ABB058465E4600F022FFD9
:105BD000204600F005FA00231C220BA9009012A811
:105BE000F9F722F9236F12A920461A8A043A92B2D1
:105BF00000F01CF91299204600F08AF912A8F9F772
:105C000053F9FF23814663710A230393236F4A46A6
:105C10000BA9D3E90005A84701F01CF84FF47A73EB
:105C2000054609E001F016F8401B6279C0F57A7369
:105C3000002B38DDFF2A3CD1226F07A99768106836
:105C400008AAB8470028EDD01AA80027DDE90712F6
:105C5000F9F7FCF80DF11A0306AA1AA920468DF8E7
:105C6000187000F07DF90028DCD039469DF8180046
:105C700000F09AFEC0F30747BDF81AB0C0F307283A
:105C8000012FCDE9090053D0022F18D0002FC9D120
:105C90003946384600F088FE1AA902460A90204686
:105CA000FFF79EFABEE7039B013B039301D0FF2A57
:105CB000ACD0002A51D000202BB0BDE8F08F9DF869
:105CC000243041463046049300F05CFF824648B3DE
:105CD0001C9A1AA80592F9F7EBF803460DF1190082
:105CE000059A59460090504603F0C6FCD0B19DF885
:105CF0001930002B38D0049F0AE04FF002038DF8D2
:105D000028708DF829808DF82A300A9AFFF768FAF2
:105D100022A90422504603F031FD034622A9204661
:105D2000002BEAD1424604992046FFF7C1F879E7F3
:105D30004146304600F01CFF00283FF473AF59463F
:105D400003F010FC00283FF46DAF8DF82A701AA9FB
:105D50000A9A2046FFF744FA64E7304600F05AFEFC
:105D600001202BB0BDE8F08F8DF82A701AA90A9A8D
:105D70002046FFF735FABEE72DE9F04782B004462A
:105D8000104615461E46C1F3072A9DF8287005F1F6
:105D900004099DF82C80019100F056FF9DF8063013
:105DA0008144012B1DD0022B16D104F1080051466D
:105DB00000F0D2FE044658B14946324603F0A2FE36
:105DC00004462CB14346AAB23946304600F0FCFEE8
:105DD000204602B0BDE8F0870024204602B0BDE8AE
:105DE000F08704F10800514600F0AEFE044600289A
:105DF000EED04946324603F0B1FD0446E1E700BF6C
:105E00004FEA126CFF23027180F801C0C2F3074C05
:105E1000C2F30722017080F802C04371C27000B55E
:105E20004FF0090EA0F806E05DF804FB30B5002342
:105E300089B0124D0C4607931946ADF81C2001227B
:105E40000193C2808DF804202A6803930092AA88E7
:105E50000693ADF80620D0F8012002920278204681
:105E60008DF80C201022CDE9043300F0ADFE694618
:105E7000204601F0BBFC09B030BD00BF54D2010880
:105E80000C4A02234FF4007C10B50C4682B01189F5
:105E90000422C3800023ADF8061020460321ADF88C
:105EA00004C000F091FE01A9204601F05DFD02B0A2
:105EB00010BD00BF54D2010810B50B4688B004468F
:105EC00001A9184601F060FD9DF80430637108B027
:105ED00010BD00BF10B584B00446084602A901F009
:105EE00083FDE388022B01D004B010BD0DF10A0040
:105EF000FEF730FD9DF808209DF8093003EB0223E2
:105F00009BB2022BF0D19DF80C306371ECE700BF1F
:105F100010B508228AB004460DEB0200F8F796FF90
:105F200014F8011B002302A801F0800100941A4616
:105F300000F0F2FE0AB010BD30B58DB004460D463B
:105F4000194604A803920822F8F780FF14F8011BF1
:105F5000039B2A4604A8009400F0DEFE0DB030BD7D
:105F60002DE9F041074684B008460C4615461E460A
:105F7000F8F79EFF082803D8002004B0BDE8F081A0
:105F80000DF10C0833462A4620460DF10B01CDF8E1
:105F9000008000F0DFFE3A789DF80B309342EBD1A1
:105FA0001B061BD49DF80C207B789A4203D001205D
:105FB00080F00100E1E79DF80D20B81CBB789A4203
:105FC000F5D19DF80E2010F8013F9A42EFD19DF8CF
:105FD0000F2043789A42EAD10020E9E70120CCE77C
:105FE00090F90030002BACBF08200420704700BFA0
:105FF00010B582B04FF6F4740191C388A3F10A0181
:1060000089B2A1420FD801339CB2C3F3072CDBB293
:10601000C480911C019882F800C05370FEF7AEFC5A
:10602000204602B010BD0A234FF0000C1C46EFE7DB
:1060300070B5044602300D461646FEF78BFCC0F3E1
:106040000F4328806B802278637803EB0223338030
:1060500070BD00BF0023417003708385704700BF8F
:106060002DE9F04F174642780E4683B0A2F17D012C
:106070009B467E2304460129DDF838A080F838309D
:106080009DF8340040F21581A0F17D0184F839209B
:106090000222012984F8622052D90C9B032184F842
:1060A0003A00DDB284F86210A5F17D02012A5CD9C4
:1060B0000C9B62180131C3F3072082F8385084F832
:1060C0006210A0F17D02012A61D94A1C2144D2B29A
:1060D00081F8380084F86220002B6AD04FF0000865
:1060E000C14616E0292A68D8A018013280F8381075
:1060F00084F8622088EA01017D4B09F10109C9B2E7
:1061000033F8112082EA18280C9B4B4569D994F882
:1061100062201BF80910A1F17D000128E2D8501C73
:10612000C0B2292849D8A0184FF07D03023281F06F
:10613000200580F8383080F8395084F86220D9E79B
:1061400004214FF0030C0C9B22444FF07D0EA4441D
:10615000DDB280F0200082F838E0A5F17D028CF8F5
:10616000380084F86210012AA2D862187D200C9BA6
:1061700085F0200582F838000231C3F3072082F849
:10618000395084F86210A0F17D02012A9DD84D1C7F
:106190008A1C80F02000214454FA85F5D2B24FF0D9
:1061A0007D0C81F838C085F8380084F86220002B17
:1061B00094D11946ADF8043019E0002500E060B133
:1061C00005F13801521B534638462144B04794F834
:1061D000622005449542F2D366D0002003B0BDE8AA
:1061E000F08F5FFA88F194F86220ADF804804FF0E8
:1061F00000094FF07D0BC84613E0292A24D8A318C4
:10620000013283F8381084F8622009F10109B9F1EC
:10621000020F2DD009F1080394F862206B4413F8A3
:10622000041CA1F17D03012BE7D8531CDBB2292B01
:106230000AD8A31881F02001023283F8391083F8BC
:1062400038B084F86220E0E7002501E00028C4D0DF
:1062500005F13801521B534638462144B04794F8A3
:10626000622005449542F1D3B7D184F86280D1E72A
:1062700094F862209AB1002501E00028ADD005F124
:106280003801521B534638462144B04794F86220E7
:1062900005449542F1D3A0D1002384F862300C9BD1
:1062A00098B203B0BDE8F08F4FF0000384F862307D
:1062B0002AE77D2182F0200284F83910A0F17D01C7
:1062C00084F83A200322012984F8622003D80521AA
:1062D0004FF0040C37E70C9B042184F83B00DDB23F
:1062E00084F86210A5F17D02012A3FF6E1AE3CE799
:1062F0006CDA01082DE9F04F044685B092468946D4
:106300001D460F9E00F0A6FC94F82C2094F82D70EA
:106310008046BA425FD017D8013FBA1A0027D2B2DE
:10632000B2421AD8D319B34252D8D2B9002600F0DB
:1063300091FC2B68A0EB08001B1A304623EAE3739C
:106340002B6005B0BDE8F08F002F60D0C2F12A02AB
:10635000013FD2B2FFB2B242E4D9F2B20027002A22
:10636000E4D00E9B50460392009394F82C102B68B7
:106370000231DFF8A4B02144C84794F82C30064617
:1063800003445908ABFB01212A22890802FB113181
:1063900084F82C100028C9D0039A9042C7D1002F4E
:1063A000C5D00E9B02313A4650462144009300234B
:1063B000C84794F82C20064413185A08ABFB021B5C
:1063C0002A224FEA9B0B02FB1B3384F82C30AEE7EA
:1063D000B61AF7B2A9E70023282EA385BDD90E9BD4
:1063E0002922A11C504600932B68C84794F82C30F2
:1063F00006462A21034408485A08A0FB02029208D4
:1064000001FB123384F82C30002E8FD08FE7C2F1BD
:106410002902D2B284E700BF310CC3302DE9F04F1E
:106420001E4690F82C5090F82D3083B004468846D4
:106430009D42914600F08C812378C34DC34F072BBA
:10644000FDD8DFE813F01C01FB00D900BA008F0073
:1064500051003200080094F82C1094F82D30994225
:1064600000F04D81E21892787D2A00F0B881013366
:106470002A217E2A4FEA5300A5FB00C04FEA900074
:1064800001FB103384F82D3000F05782A38E0020DA
:10649000E18E03EB022320709BB29942A38600F0A9
:1064A0007881002003B0BDE8F08F94F82C0094F8B8
:1064B0002D30984200F03281E21891787D2900F069
:1064C000708101332A207E294FEA5302A5FB02C2C4
:1064D0004FEA920200FB123384F82D3000F01D8247
:1064E0000723A1862370AAE7638EB4F830E09E45A7
:1064F00027D832E0A5FB01B19CF802C04FF02A0B6F
:106500008908BCF17D0F0BFB110100F0D480BCF1B8
:106510007E0F84F82D1000F0CB8006F803C0E08ECB
:10652000638E80EA0C01B4F830E00133C9B29BB24B
:1065300037F811207345638682EA1022E28680F0E4
:106540001D8194F82D2094F82CA0501C04EB020C13
:1065500092454FEA5001CDD19E4540F0148106236B
:1065600023706CE794F82C0094F82D30984200F0DA
:10657000C680E21891787D2900F0938101332A20AA
:106580007E294FEA5302A5FB02C24FEA920200FBAA
:10659000123384F82D3000F0D081238E002003EBDD
:1065A00001230C9960869BB2E0868B42238640F2E1
:1065B000E280207003B0BDE8F08F94F82C0094F8CE
:1065C0002D30984200F0AA80E21891787D2900F0E1
:1065D000868101332A207E294FEA5302A5FB02C29D
:1065E0004FEA920200FB123384F82D3000F09581BF
:1065F00004232186237022E794F82C0094F82D20A0
:10660000904200F0B480A31899787D2900F00781AA
:1066100001322A237E294FEA5200A5FB00C04FEA2F
:10662000900003FB102284F82D2000F08A8163780B
:106630008B420CBF03230023237000E7002394F850
:106640002C1084F82E3094F82D3099426AD0E2183C
:1066500090787D2800F0008101332A217E2884F87B
:106660002E004FEA5302A5FB02C24FEA920201FB41
:10667000123384F82D3055D002232370DFE694F8CE
:106680002CC04FF02A0E94F82D305A1C9C4504EB78
:1066900003014FEA52033FF404AFA5FB03038978DB
:1066A0009B087E290EFB1323DBB284F82D30ECD13E
:1066B00001232370C3E6501C4FF02A0B023241081D
:1066C000A5FB01C189080BFB11016018C9B28A45FD
:1066D0003FF442AF51088078A5FB01A17E2880F0ED
:1066E000200C4FEA91010BFB112284F82D207FF43E
:1066F00014AF9E453FF433AF012323709FE60F9BF9
:106700000093012301934A460E9B41462046FFF722
:10671000F1FD00283FF4C5AE237890E60F9B00936F
:106720000223EFE70F9B4A4641462046009304238D
:1067300001930E9BFFF7DEFD0028EDD194F82E307B
:106740007E2BE9D0ADE600BF310CC3306CDA010816
:106750000F9B0093052301930E9BFFF7CBFD94F84D
:106760002D2094F82C309A423FF49BAE64E60F9BA8
:1067700000930323C6E70523237060E63FF4EFAEE2
:10678000BCF17E0F94D0AEEB03030F9A023300925C
:10679000B8E794F82E300D9A1370208E03B0BDE840
:1067A000F08F591C4FF02A0C4A08A5FB02E2920810
:1067B0000CFB1212D1B28842B0D00233224491783D
:1067C0005A08A5FB02027E294FEA92020CFB123303
:1067D00084F82D3000F0A18081F0200180E603F1E3
:1067E000010C2A204FEA5C02A5FB02E2920800FBA2
:1067F00012C25FFA82FC614581D0023322445908FB
:106800009278A5FB01C17E2A4FEA910100FB11336A
:1068100084F82D3000F0918082F0200236E6511C81
:106820004FF02A0C4B08A5FB03E39B080CFB13134A
:10683000D9B288429BD00232234450089B78A5FBF2
:1068400000107E2B4FEA90000CFB102284F82D20C4
:1068500077D083F02001EAE603F1010C2A204FEA09
:106860005C02A5FB02E2920800FB12C25FFA82FC06
:1068700061453FF457AF0233224491785A08A5FB93
:1068800002C27E2984F82E104FEA920200FB1233D6
:1068900084F82D303FF446AF81F0200184F82E10AB
:1068A000EAE6591C4FF02A0C4A08A5FB02E29208BE
:1068B0000CFB1212D1B288423FF421AF02332244C2
:1068C00091785A08A5FB02027E294FEA92020CFB3E
:1068D000123384F82D3030D081F020015DE6591C50
:1068E0004FF02A0C4A08A5FB02E292080CFB121298
:1068F000D1B288423FF412AF0233224491785A0851
:10690000A5FB02027E294FEA92020CFB123384F8A7
:106910002D3002D081F020016AE60F9B0093022304
:1069200001934A460E9B41462046FFF7E3FC0028B0
:106930007FF4F2AE0123237081E50F9B00930123C6
:10694000EEE70F9B00930323EAE700BF012984468B
:1069500000B583B01FD002294FF0000E20D00023D5
:1069600000206EF307036CF30F2361F3174362F308
:106970001F635FFA83FCC3F30721C3F307421B0EB7
:106980006CF3070061F30F2062F3174063F31F609D
:1069900003B05DF804FB00F1010E5FFA8EFEDEE746
:1069A00080F0800EDBE700BF82B030B1030621D457
:1069B000421E4FF0010CD2B201E084460246002391
:1069C00060F30703002062F30F236CF3174361F3B6
:1069D0001F635FFA83FCC3F30721C3F307421B0E57
:1069E0006CF3070061F30F2062F3174063F31F603D
:1069F00002B0704780F080024FF0020CDFE700BF6A
:106A00000023037480F8403080F8443080F8603010
:106A1000704700BF70B5037C04464BB106460025A5
:106A20003046013502F094FF237C1036AB42F7D894
:106A300094F844305BB104F142060025304601353C
:106A400002F08CFD94F844300236AB42F6D894F84C
:106A500040305BB104F1180600253046013503F0E3
:106A600023F894F840302836AB42F6D894F86030DA
:106A70005BB104F1480600253046013502F0DAFD2D
:106A800094F860301836AB42F6D870BD10B5047C6F
:106A900082B004F1010C80F810C000EB041002F089
:106AA0004DFF01222046114602B0BDE81040FFF71D
:106AB0004DBF00BF10B584B0844628209DF8184013
:106AC00000949CF8404000FB04C004F1010E183013
:106AD0008CF840E002F0B2FF01220221204604B00F
:106AE000BDE81040FFF732BF10B590F8444082B0C7
:106AF000621C04F1210380F8442000EB430002F003
:106B000029FD00220121204602B0BDE81040FFF718
:106B10001DBF00BF10B584B084461820069C0094A9
:106B20009CF8604000FB04C004F1010E48308CF872
:106B300060E002F059FD00220221204604B0BDE8C9
:106B40001040FFF703BF00BF037C8B428CBF00EBFC
:106B500001100020704700BF90F840308B4204D9EC
:106B6000282303FB0100183070470020704700BF46
:106B700090F844308B4203D9213100EB410070473B
:106B80000020704790F860308B4204D9182303FB33
:106B90000100483070470020704700BF90F8403037
:106BA00083B170B5064600F11805002400E040B13D
:106BB0002846013403F0ECF996F840302835A3421A
:106BC000F5D870BD01207047F8B50E460421044683
:106BD00015461F46F8F756F901233146204647EA85
:106BE000030223752B4600F0D5F82046F8F760F92C
:106BF000A84234BF00200120F8BD00BF2DE9F041BC
:106C000004460D46042116469846F8F73BF92046FF
:106C1000F8F74EF903288CBF0127002702D8384621
:106C2000BDE8F081334642462046294600F0C6F8CA
:106C300098F80030384603F0010203F0FE0388F8AC
:106C400000302275BDE8F08110F0030018BFC0F1DC
:106C50000400704710B584B001206946F4F7C4F809
:106C600008499DE81500A0FB0103001901FB023152
:106C7000054A4FF0000341EBE471E9F799FB04B0DA
:106C800010BD00BF00CA9A3B40420F0010B584B04F
:106C900001206946F4F7A8F8064A00980299A0FB7B
:106CA0000203019C401802FB043343EBE17104B082
:106CB00010BD00BF00CA9A3BF0B587B0072700257A
:106CC0001C460646CDE902210C9ACDE90075043236
:106CD000FFF752F880F00102D2B2A27512B1284635
:106CE00007B0F0BD05AA02993046FFF781F905A962
:106CF0000546204600F0F8FEA669E7692046D4E97B
:106D00000121521AF8F7A2F820463A463146F8F720
:106D100071F8284607B0F0BDF0B5164683B00446BA
:106D20000D460193089FF7F7E5F831462046F7F73F
:106D3000E1F8019A01212046F7F788F92B0601D5E1
:106D400003B0F0BD04223946204603B0BDE8F04050
:106D500002F0C4BAF0B5164683B004460D4601935E
:106D6000089FF7F7DDF831462046F7F7D9F8019A82
:106D700001212046F7F75EFA95F90030002B01DA81
:106D800003B0F0BD04223946204603B0BDE8F04010
:106D900002F008BB30B5154683B004460193F7F7FF
:106DA000A9F829462046F7F7A5F8019A01212046BF
:106DB00003B0BDE83040F7F749B900BF30B515461C
:106DC00083B004460193F7F7ABF829462046F7F75E
:106DD000A7F8019A0121204603B0BDE83040F7F73B
:106DE00029BA00BF2DE9F84304220E46054602F0F9
:106DF00075FA07460222311D284602F06FFA384024
:106E00000222B11DC7B2284602F068FA04220740E8
:106E100006F10801284602F061FA0740317B284656
:106E2000F7F768F8717B07402846F7F735F8737B6A
:106E300007EA00083BB9B18B2846F7F787F808EA5C
:106E40000000BDE8F88331692846F7F769FA33692D
:106E5000E3B1C0B137464FF0000900E09CB1796959
:106E6000284602F05FFBB9690446284602F05AFB47
:106E700009F101093369044008379945E4B2EDD3BB
:106E800008EA0408D7E74FF00008D4E708EA00084A
:106E9000D1E700BF2DE9F84304220C46054602F075
:106EA00081FA07460222211D284602F07BFA38406B
:106EB0000222A11DC6B2284602F074FA042206403E
:106EC00004F10801284602F06DFA064004F10C01B5
:106ED0002846F7F725F804F10D0106EA00072846D1
:106EE000F6F7F0FF637B07403BB904F11C0128462D
:106EF000F7F72CF93840BDE8F88304F11001284673
:106F0000F7F73EFB2369012B03D901230027AB755B
:106F1000EBE70BB3F0B1A0464FF0000900E0CEB1B3
:106F2000D8F8141008F108084FF40072284602F04F
:106F300009FBD8F8101006464FF40072284609F1F4
:106F4000010902F0FFFA236906409945F6B2E6D33B
:106F50003740CAE70027C8E70740C6E72DE9F843EE
:106F600004220F46054602F0B9F904460222391DF3
:106F7000284602F0B3F920400222B91DC4B22846C7
:106F800002F0ACF9397A04402846F6F785FF3B7ADF
:106F900000EA040813B94046BDE8F883F9682846BA
:106FA000F7F7BEF9FB6803B3D0B13E464FF00009D6
:106FB00000E0ACB13169284602F0B4FA71690446C8
:106FC000284602F0AFFA09F10109FB6804400836CF
:106FD0009945E4B2EDD308EA04084046BDE8F883D9
:106FE0004FF000084046BDE8F88308EA0008D2E701
:106FF00070B50D4609780646F6F77CFF044630B1B9
:107000002B78022B0CD0032B10D0012B08D002229E
:1070100005F50271304602F061F92040C0B270BD42
:107020006968304602F07EFA0446F0E729463046A9
:1070300051F8042F043102F049FA0446E7E700BF93
:1070400070B50B780C460546013B0D2B54D8DFE894
:1070500003F030071B1B07070707530C0C0C4E49A6
:107060000431BDE87040FFF7C3BF0979F6F742FF6E
:10707000E8B12379012B01D0022B3DD1A16828462C
:10708000BDE8704002F04EBA0979F6F733FF0646C4
:1070900020B12379022B39D0032B2FD0022204F503
:1070A0000371284602F01AF93040C0B270BD0020CA
:1070B00070BD0979F6F71EFF064658B12379022BF9
:1070C00003D0032B28D0012B04D1A168284602F05D
:1070D00029FA0646B4F90C122846F7F747FC304067
:1070E000C0B270BD0431BDE87040FFF77BBE043113
:1070F000BDE87040FFF732BF012070BDA26804F107
:107100000C01284602F0E2F90646C7E7A1682846C6
:1071100002F008FA0646C1E7A26804F10C0128460D
:1071200002F0D4F90646D5E770B506460D46F6F7E7
:10713000F7FE044630B12B78022B0CD0032B12D073
:10714000012B08D0022205F50271304602F02AF91F
:107150002040C0B270BD4FF400726968304602F042
:10716000F1F90446EEE72B1D4FF4007205F108011A
:10717000304602F0BDF90446E4E700BF70B50D46A5
:1071800009780646F6F788FE2B7804464BB9297A2B
:107190003046F6F781FE2B7A0440E4B243B920462C
:1071A00070BD6968304602F0BDF90440E4B2EEE714
:1071B000E968304602F0B6F90440204670BD00BFD1
:1071C00070B50D460646096802F0ACF90446297907
:1071D0003046F6F761FE2B790440E4B243B9297BCF
:1071E0003046F6F759FE2B7B04403BB9204670BD74
:1071F000A968304602F096F90440F0E72969304664
:1072000002F090F90440E4B2204670BD2DE9F0414F
:107210000C4609780646F6F73FFE237805466BB91B
:1072200094F828103046F6F737FE94F828300540D9
:10723000EDB2002B69D12846BDE8F0816168304687
:10724000F7F76EF86368002B6BD0002867D0A16851
:10725000304602F067F96368012B53D900285ED0ED
:10726000E168304602F05EF96368022B4AD90028D3
:1072700055D02169304602F055F96368032B41D996
:1072800000284CD06169304602F04CF96368042B49
:1072900038D9002843D0A169304602F043F9636829
:1072A000052B2FD900283AD0E169304602F03AF98F
:1072B0006368062B26D990B3216A304602F032F972
:1072C0006368072B1ED950B3616A304602F02AF971
:1072D0006368082B16D910B3A16A304602F022F970
:1072E0006368092B0ED9D0B104F12C08092700E0FE
:1072F000A8B158F8041B304602F014F9013762684F
:107300009742F5D30540EDB28AE7E26A04F1300115
:10731000304602F0DBF805402846BDE8F081002544
:107320007EE72840C5B27BE770B50D460978064672
:10733000F6F7B2FD2B7804464BB9297A3046F6F7BA
:10734000ABFD2B7A0440E4B243B9204670BD6968B6
:10735000304602F0E7F80440E4B2EEE705F10C0134
:107360003046FFF753FF0440204670BD2DE96843C7
:10737000884681460988F6F7E9FD064698F8021026
:107380004846F6F789FD98F802300640F5B2EBB9A9
:1073900098F806104846F6F77FFD98F80630054045
:1073A0007BBB98F80C104846F6F776FD98F80C3041
:1073B0000540F3B998F814104846F6F76DFD98F8B3
:1073C000143005404BB92846BDE86883B8F804106E
:1073D0004846F6F7BBFD0540DAE7D8F8182008F173
:1073E0001C01484602F072F82840C5B22846BDE8A4
:1073F0006883D8F810104846F6F792FF2840C5B2C7
:10740000D8E7D8F808104846F6F78AFF2840C5B2F2
:10741000C7E700BFF8B502220C46064601F05EFF42
:107420000546A1783046F6F737FDA3780540EDB262
:107430000BB92846F8BD04F108013046FFF796FF66
:10744000074694F82C103046F6F726FD94F82C30B9
:107450003840C7B25BB994F838103046F6F71CFDD7
:1074600094F8383007404BB93D402846F8BDD4E980
:107470000C233046F7F7AAF90740ECE7E16B3046FA
:1074800002F050F80740FFB2EEE700BF70B50546C6
:107490000E46F6F745FD68B133780446013B0D2BE7
:1074A00009D8DFE803F0410A23230A0A0A0A081070
:1074B00010105C560024204670BD311D2846BDE8E2
:1074C0007040FFF731BE311D2846F6F729FD002830
:1074D000F0D03379012B01D0022BECD1B1682846D2
:1074E0004FF40072BDE8704002F02CB8311D284600
:1074F000F6F716FD044670B13379022B4CD0032BFE
:1075000009D106F108034FF4007206F10C01284678
:1075100001F0EEFF0446022206F50371284601F051
:1075200041FF2040C4B2C6E7311D2846F6F7F8FCFB
:10753000044630B13379022B36D0032B3CD0012BDB
:1075400032D006F503712846F7F790FA2040C4B20E
:10755000B1E7311D2846BDE87040FFF79BBC04220F
:107560002846B11801F01EFF0446022206F1080168
:10757000284601F017FF0440022206F10A012846BE
:10758000E4B201F00FFF034606F10C0128461C404F
:10759000F6F798FC04408EE74FF40072B168284675
:1075A00001F0D0FF0446B6E74FF40072B1682846F8
:1075B00001F0C8FF0446C4E706F108034FF4007267
:1075C00006F10C01284601F093FF0446B9E700BF1D
:1075D00070B5022205460E4601F0E4FE0222044682
:1075E0002846B11801F0DEFE2040C0B270BD00BFD9
:1075F0002DE9F0470E4609788046F6F77BFC0746F2
:1076000038B13378062B00F081800D2B14D0052B78
:1076100002D03846BDE8F087B6F908104046F7F7C3
:10762000A5F907464046D6E90423F7F7CFF83840D6
:10763000C7B23846BDE8F087B6F908104046F7F7FC
:1076400095F9F16807464046F6F76AFEF368002BA5
:10765000EDD018B306F10C09002404EB440506EB49
:10766000C505297C4046F6F745FC4FEA440A04EB81
:107670004401002851D02B7CC900032B54D8DFE8EB
:1076800003F033210F0249444046896801F04AFF64
:107690000134F268944244D20028DED10027B8E7D2
:1076A0000831A24410224046494406EBCA0A01F0C0
:1076B00015FE0546DAF824104046F6F731FE28405C
:1076C000C0B2E5E70831A24404224046494406EB33
:1076D000CA0A01F003FE0546BAF818104046F6F74C
:1076E00035FC2840C0B2D3E70831A244022240460C
:1076F000494406EBCA0A01F0F1FD05469AF8161056
:107700004046F6F7F7FB2840C0B2C1E7B6F90810CB
:107710004046BDE8F047F7F729B90134F268A242C4
:10772000BCD80740FFB274E70134F36818359C42B7
:1077300097D36EE72DE9F041022206460F4601F08D
:1077400031FE022205463046B91801F02BFE804674
:10775000391D3046F6F7E4FB05EA08050446791DB5
:1077600030462C40F6F7DCFB2040C0B2BDE8F0818B
:10777000F8B50E4607460978F6F7BCFB0446717863
:107780003846F6F7B7FB0440B1783846F6F784FB85
:10779000B378E4B2044043B9317A3846F6F77CFB5B
:1077A000337A04403BB92046F8BD7168384601F091
:1077B000B9FE0440F0E771893846F6F7C7FB054685
:1077C000B1893846F6F7C2FB0540F1893846EDB27B
:1077D000F6F7BCFB318A2540044638462540F6F7CB
:1077E000B5FB00EA05042046F8BD00BFFFF7FABA72
:1077F000F8B5022207460E4601F070FD022205464A
:107800003846B11801F06AFD317904463846F6F77A
:1078100071FB70B133792C40013BE4B20D2B09D8D8
:10782000DFE803F04C0A23230A0A0A0A081212129C
:10783000453E00242046F8BD06F108013846FFF712
:10784000D7FB04402046F8BD317A3846F6F752FBA4
:107850000028EED0337A012B01D0022BEAD1F16857
:10786000384601F05FFE0440E4E7317A3846F6F727
:1078700041FB054658B1337A022B34D0032B06D195
:10788000F26806F11001384601F020FE054602229A
:1078900006F50471384601F021FD28400440C9E78F
:1078A00006F108013846FFF79DFA0440C2E706F1E9
:1078B00008013846FFF752FB0440BBE7317A3846EF
:1078C000F6F718FB054630B1337A022B11D0032BA3
:1078D00015D0012B0DD0B6F910123846F7F746F83F
:1078E00028400440A6E7F168384601F01BFE054633
:1078F000CDE7F168384601F015FE0546EBE7F26882
:1079000006F11001384601F0E1FD0546E3E700BF4E
:1079100070B5022205460E4601F0E0FC0222044644
:107920002846B11801F0DAFC0346716828461C406D
:10793000F6F7F6FCE4B2204070BD00BF70B502223D
:1079400005460E4601F02EFD022204462846B118D7
:1079500001F028FD0346311D28461C40F6F710FEB5
:10796000E4B2204070BD00BF70B5022205460E464D
:1079700001F0B4FC022204462846B11801F0AEFC26
:107980002040C0B270BD00BF2DE9F8430E46054649
:10799000F6F7C6FA0446711C2846F6F7C1FA042227
:1079A00081462846B11801F0FDFC06F10801804629
:1079B0000222284601F0F6FC04EA090307460222E7
:1079C000DBB206F10A01284603EA080401F0EAFCEA
:1079D000034628463C4006F10C011D46F6F772FAB4
:1079E00025402840BDE8F8832DE9F04102220646F3
:1079F0000F4601F0D7FC022205463046B91801F0C7
:107A0000D1FC8046391D3046F6F78AFA05EA0805AA
:107A10000446791D30462C40F6F782FA2040C0B269
:107A2000BDE8F0812DE9F04102220C46054601F047
:107A300055FC022280462846A11801F04FFC07465B
:107A400021792846F6F756FA08EA070806466179CA
:107A5000284606EA0806F6F74DFA217A3040C7B202
:107A60002846F6F719FA237A06466BB994F81C12E1
:107A70002846F6F711FA94F81C323040C6B283B9A2
:107A800006EA0700BDE8F081217B2846F6F732FAC6
:107A900088B104F10C012846FFF7D2FA3040C6B293
:107AA000E4E704F508712846FFF7A2FD064006EA60
:107AB0000700BDE8F0810646D8E700BF70B5022296
:107AC00005460E4601F00AFC022204462846B1187B
:107AD00001F004FC0346311D28461C40FFF748FE18
:107AE000E4B2204070BD00BF70B5022205460E46CC
:107AF00001F0F4FB022204462846B11801F0EEFB27
:107B00002040C0B270BD00BF70B50C4605460E46A1
:107B100034F8021BF6F71AFA0222214604462846D8
:107B200001F0DCFB0346317928461C40F6F7E2F908
:107B3000E4B2204070BD00BF70B50E460546F6F7B2
:107B400005FB022204462846B11801F02BFC03462F
:107B5000311D28461C40F6F7E3F9E4B2204070BD21
:107B600070B50D4606460988F6F7F0F969880446AF
:107B70003046F6F7EBF90346297930461C40F6F714
:107B8000B9F9E4B2204070BD70B50E460546F6F76F
:107B9000DDFA0446B11C2846F6F7D8FA0346311D33
:107BA00028461C40F6F7BCF9E4B2204070BD00BF87
:107BB00070B50D4606460968F6F7CCFF04466968BD
:107BC0003046F6F7ADFB2040C0B270BD2DE9F04164
:107BD0000E460546F7F756F80746311D2846F6F7D4
:107BE000CFFC804606F108012846F7F74BF807EA74
:107BF0000807044606F10C0128463C40F6F7C0FC95
:107C000006F1100104402846F7F73CF80346E4B2B9
:107C100028461D4606F11401F6F7B2FC2C40204020
:107C2000BDE8F0812DE9F04104460D460C2201F03B
:107C300055FB032205F10C010746204601F04EFBDF
:107C4000E97B80462046F6F755F929690646204625
:107C5000F6F780FF07EA0807034620463E406969B9
:107C60001C46F6F75DFB34402040C0B2BDE8F08111
:107C70002DE9F04104460D460C2201F093FB03224E
:107C800005F10C010746204601F08CFB05F10F01C0
:107C900080462046F6F744F905F1100106462046D5
:107CA000F6F7F0FF07EA0807034620463E4005F1D5
:107CB00014011C46F6F764FC34402040C0B2BDE815
:107CC000F08100BF002839D070B50446006880B349
:107CD0000E461546F8F71CF830B320680430F8F764
:107CE00017F808B320680830F8F712F8E0B12068F8
:107CF0000C30F9F75DF8B8B120681030F9F758F892
:107D000090B1CDB1C6B12A4631462068F7F7B8FF29
:107D100048B10A2807D040F2F51240F637039042E6
:107D20000CBF1846012070BDFAF766F940F6360020
:107D300070BD40F6360070BD0B2070BD40F63600B9
:107D4000704700BF90B370B50446006848B30E4654
:107D50001546F7F7DDFFF8B120680430F7F7D8FFD4
:107D6000D0B120680830F7F7D3FFA8B120680C30F5
:107D7000F9F71EF880B120681030F9F719F858B1FA
:107D800095B18EB120682A4631460830F7F740FF9A
:107D9000003818BF012070BDFAF72EF940F6360002
:107DA00070BD40F6360070BD0B2070BD40F6360049
:107DB000704700BF00283AD070B50446006888B309
:107DC0000E461546F7F7A4FF38B320680430F7F7DE
:107DD0009FFF10B320680830F7F79AFFE8B12068DA
:107DE0000C30F8F7E5FFC0B120681030F8F7E0FF7D
:107DF00098B1D5B1CEB120682A4631460830F7F7A0
:107E00003FFF48B10A2807D040F2F51240F6370389
:107E100090420CBF1846012070BDFAF7EDF840F60D
:107E2000360070BD40F6360070BD0B2070BD40F6C8
:107E30003600704700283AD070B50446006888B311
:107E40000E461546F7F764FF38B320680430F7F79D
:107E50005FFF10B320680830F7F75AFFE8B12068D9
:107E60000C30F8F7A5FFC0B120681030F8F7A0FF7C
:107E700098B1D5B1CEB120682A4631460430F7F723
:107E8000FFFE48B10A2807D040F2F51240F637034A
:107E900090420CBF1846012070BDFAF7ADF840F6CD
:107EA000360070BD40F6360070BD0B2070BD40F648
:107EB00036007047002838D030B50446006891B0CD
:107EC00078B30D46F7F724FF28B320680430F7F79E
:107ED0001FFF00B320680830F7F71AFFD8B12068F9
:107EE0000C30F8F765FFB0B120681030F8F760FF8C
:107EF00088B1EDB1206800236A4629460C30F8F7B6
:107F0000FBFE60B140F29113984214D00A2818BFCA
:107F1000012011B030BDFAF76FF840F6360011B00D
:107F200030BD40F6360011B030BD40F63600704727
:107F30000B2011B030BD40F63700F0E7002848D0E4
:107F4000F8B50C4600293CD005460868002838D012
:107F500017461E46F7F7DCFEB0B320680430F7F78B
:107F6000D7FE88B320680830F7F7D2FE60B32068E8
:107F70000C30F8F71DFF38B320681030F8F718FF01
:107F800010B32168284601F5E272F9F749FDB8B946
:107F90002168284601F5E4720431F9F741FD78B90A
:107FA0002168284601F5E6720831F9F739FD38B93C
:107FB0002168284601F5E8720C31F9F7E1F958B16A
:107FC000F8BD40F63600F8BDFAF716F840F6360070
:107FD000F8BD4FF4617070472168284601F5EA72D8
:107FE0001031F9F7CDF90028EAD11FB12368D3F891
:107FF000C4313B60002EE3D02368D3F8D031336026
:10800000F8BD00BF002850D02DE9F8430C460029E8
:108010003ED00546086800283AD016461F46F7F7B6
:1080200077FE002838D020680430F7F771FE00286A
:1080300032D020680830F7F76BFE68B320680C3048
:10804000F8F7B6FE40B320681030F8F7B1FE18B369
:10805000DDE90932002A18BF002B089B0CBF012163
:108060000021002B08BF41F00101002F08BF41F0A3
:108070000101B9B9B6B123686C68D3E974218A42A9
:10808000104638BF0846844212D80120BDE8F88364
:1080900040F63600BDE8F883F9F7AEFF40F636004B
:1080A000BDE8F8830B20BDE8F8834FF4617070479A
:1080B000D3E9718ED3F8CCC1F0454046EC6938BFA6
:1080C0007046604538BF60468442DED9D5F81890C6
:1080D0002D6859F8280055F8214055F82250181AF3
:1080E00059F82C2003F10C0C59F82E10B0FA80F03E
:1080F000A5EB0C054009B5FA85F56D09357003F15E
:108100001005641B089DB4FA84F464093C701C1DBE
:1081100008332870091B0020D31A099AB1FA81F19B
:10812000B3FA83F349095B0911700A9A1370B1E736
:10813000002839D070B50446006880B30E46154655
:10814000F8F7EEFC30B320680430F8F7E9FC08B328
:1081500020680830F8F7E4FCE0B120680C3000F04B
:108160009FFDB8B12068103000F09AFD90B1CDB1FC
:10817000C6B12A4631462068F8F77AFC48B10A2889
:1081800007D040F2592240F6990390420CBF18469E
:10819000012070BDF9F730FF40F6980070BD40F641
:1081A000980070BD0B2070BD40F69800704700BF6E
:1081B00090B370B50446006848B30E461546F8F70C
:1081C000AFFCF8B120680430F8F7AAFCD0B1206801
:1081D0000830F8F7A5FCA8B120680C3000F060FD6D
:1081E00080B12068103000F05BFD58B195B18EB1C0
:1081F0002A4631462068F8F77BFC10B1022818BFE8
:10820000012070BDF9F7F8FE40F6980070BD40F609
:10821000980070BD0B2070BD40F69800704700BFFD
:1082200000283AD070B50446006888B30E4615465B
:10823000F8F776FC38B320680430F8F771FC10B317
:1082400020680830F8F76CFCE8B120680C3000F0CA
:1082500027FDC0B12068103000F022FD98B1D5B1E3
:10826000CEB120682A4631460830F8F701FC48B103
:108270000A2807D040F2592240F6990390420CBFD9
:108280001846012070BDF9F7B7FE40F6980070BDA2
:1082900040F6980070BD0B2070BD40F69800704706
:1082A00000283AD070B50446006888B30E461546DB
:1082B000F8F736FC38B320680430F8F731FC10B317
:1082C00020680830F8F72CFCE8B120680C3000F08A
:1082D000E7FCC0B12068103000F0E2FC98B1D5B1E5
:1082E000CEB120682A4631460430F8F7C1FB48B1C8
:1082F0000A2807D040F2592240F6990390420CBF59
:108300001846012070BDF9F777FE40F6980070BD61
:1083100040F6980070BD0B2070BD40F69800704785
:1083200098B370B50446006850B30E461546F8F78A
:10833000F7FB00B320680430F8F7F2FBD8B12068EF
:108340000830F8F7EDFBB0B120680C3000F0A8FC65
:1083500088B12068103000F0A3FC60B19DB196B1E7
:1083600020682A4631460430F8F7C2FB10B10228D3
:1083700018BF012070BDF9F73FFE40F6980070BDB0
:1083800040F6980070BD0B2070BD40F69800704715
:1083900000284DD070B50C4659B10546086840B16B
:1083A0001646F8F7BDFB20B120680430F8F7B8FB9B
:1083B00010B940F6980070BD20680830F8F7B0FB9F
:1083C0000028F6D020680C3000F082FC0028F0D0A5
:1083D0002068103000F07CFC0028EAD02168284694
:1083E00001F5EE72F9F748FB0028E4D12168284630
:1083F00001F5F0720431F9F73FFB0028DBD1216869
:10840000284601F5F2720831F9F736FB0028D2D17F
:108410002168284601F5F4721431F9F7D1FA0028E1
:10842000C9D1002EC7D02368D3F8DC31336070BDCA
:108430004FF46170704700BF002867D02DE9F0410C
:108440000C4661B10546086848B116469846F8F7EB
:1084500067FB20B120680430F8F762FB18B940F6DA
:108460009800BDE8F08120680830F8F759FB002833
:10847000F5D020680C3000F02BFC0028EFD02068ED
:10848000103000F025FC0028E9D0DDE90623002AA1
:1084900018BF002B0CBF01210021B8F1000F08BF4D
:1084A00041F00101A9BBA6B3216800202C69D1F8D5
:1084B000E8212F6A54F82220D1F8DC41D1F8E031CC
:1084C00057F8244057F82350641AD1F8E431B4FA2D
:1084D00084F457F82330640934700C1D2C1BB4FA53
:1084E00084F4640988F8004001F108041B1B069C11
:1084F000B3FA83F35B09237001F11403D31A079ACB
:10850000B3FA83F35B091370BDE8F0814FF4617037
:1085100070470B20BDE8F0810220704703207047B0
:10852000042070470620704705207047C2B2062A13
:1085300010D804290ED800EB800210B45318064C52
:1085400054F8233013B15DF8044B184700205DF850
:10855000044B7047002070476CDC010810B5074CD5
:10856000864684460FCCACE80F000FCCACE80F0079
:1085700023687046CCF8003010BD00BFF8DC01085D
:10858000D0B18446D0F8090000B587B0DCF80D10F2
:10859000DCF81120DCF815300DF1080EAEE80F0004
:1085A000DCF804000CF1400202A91030FFF7CAFB0E
:1085B00020B907B05DF804FB0B2070470190F9F774
:1085C0001BFD019807B05DF804FB00BF60B1836834
:1085D00043B11968002281601A72C1681A629A84D4
:1085E0001960C360184670470346FBE780B179B154
:1085F000C36899420DD02BB11A68914203D013463B
:10860000002BF9D170470A681A6083680B6081609B
:1086100070470B68C360F8E738B581B178B1C468BA
:108620000D4614B909E024683CB104F10900102298
:10863000294602F0F1FD0028F5D1204638BD00247E
:10864000204638BD40B1C06810B905E0006818B1D7
:1086500090F908308B42F9D1704700BF40B1C06833
:1086600010B905E0006818B190F90830032BF9DD66
:10867000704700BF70B1C06860B110B401E000681D
:1086800028B1D0E90A41994208BF9442F7D15DF878
:10869000044B7047704700BF70B1C06860B110B440
:1086A00001E0006828B1D0E91041994208BF944226
:1086B000F7D15DF8044B7047704700BF70B1C068D8
:1086C00060B110B401E0006828B1D0E916419942C8
:1086D00008BF9442F7D15DF8044B7047704700BF64
:1086E00040B1C06810B905E0006818B190F82030BA
:1086F000002BF9D0704700BF40B1C06810B905E049
:10870000006818B190F82330002BF9D0704700BFF3
:1087100098B100220B4600F1280110B5446886B0DC
:1087200004F110000592CDE9032203AA8DF80C3064
:10873000FFF73EFD18B906B010BD0B207047019041
:10874000F9F75AFC019806B010BD00BF0000000008
:1087500010B310B590B0044606A8FFF7FFFE002343
:10876000D4F80900EC46D4F80D10D4F811208DF897
:108770001830D4F81530CDF81CD0ACE80F009FEDC0
:10878000087B606806AA04F1580110308DED087B63
:10879000FFF7C6FD10B010BD0B207047AFF300808F
:1087A000010000000100000082B030B58BB00EACBB
:1087B00084E80C0088B1044601A80D46FFF7CEFE00
:1087C00001AA0EA904F110008DF80450FFF7A8FDCE
:1087D0000BB0BDE8304002B070470B200BB0BDE8D5
:1087E000304002B0704700BF0B280DDC002809DBC9
:1087F0000B2807D8DFE800F007060607060606067E
:108800000606070701207047CB2818BF01207047D4
:1088100030B5002383B00093D0B1044669461548B3
:10882000F9F7BAFB024610B1012003B030BD009B3E
:108830008BB118780028F8D001A91846019201F0F0
:1088400021FE054650B1431C0DD000202560ECE709
:108850000B2003B030BD184603B030BD019B1B7820
:10886000002BF2D0E0E702F0EFFD0368222BECD101
:10887000DAE700BF1CDD01082DE9F04F8DB0984606
:108880001B9B0792002B18BFB8F1000F0CBF0123F0
:108890000023002A08BF43F00103002908BF43F06A
:1088A0000103002B3DD1B0FA80F2044652090028A2
:1088B00037D00F460BA900F015FA054668BB0B9B95
:1088C000002B37D102460BA93846FBF781FD68BB68
:1088D0000B9B002B33D12A460BA90798FBF75AFDB7
:1088E00020BB0B9D002D40F0A2807B21204602F092
:1088F000C5FC2378814620BB2F2B22D119AB93E8EE
:10890000030016AB8DE8030020460ECBF9F7DAFC26
:1089100000281B9B08BF0A25186028460DB0BDE83B
:10892000F08F0B2528460DB0BDE8F08FFFF75CFFF8
:108930000546F2E7672528460DB0BDE8F08FC9254A
:10894000EBE77E2B75D0B9F1000F00F0C280002359
:10895000A2461E46089555460994B2464C46DDF897
:108960001CB0002C00F0AE807D21284602F086FC71
:10897000A0EB04092146694809F10106324602F0DC
:108980008AFC002851D032462146654802F083FC1B
:1089900028B132462146634802F07DFC38BBD946F7
:1089A00018AB93E8070016AB8DE807002046314668
:1089B0000CCBF9F7A9FC0446002800F0A3804A4636
:1089C000284616AB2146F9F77DFB1A990546179BF9
:1089D000204698475046179B1A999847002D6CD00F
:1089E0007B21284602F04AFCAA460446B9E709F171
:1089F000FF32611C4046F9F79FFD81460028CFD128
:108A00001B9B18AA6925186016AB07CA8DE80700DA
:108A1000314620460CCBF9F777FC1A99179B9847FB
:108A2000179B1A995046984777E7B946B8E7CA2581
:108A300073E7079E3046E7F7B3FC3B4A3B4B039690
:108A4000012818BF1346049702931A9B0093631CD6
:108A500005934FF40063019316AB0FCBF9F7F8FAC7
:108A6000064650B3B9F1000F05D07B21B24602F0A3
:108A700005FC81466EE733782F2B1BD0079C2046E0
:108A8000E7F78EFC4FF40063294A01931A9B049682
:108A90000093284B0394012818BF1346029316AB8A
:108AA0000FCBF9F7D5FA0346179A30461A991E46A6
:108AB000904716B11B9B1E602FE700231B9A0A25C7
:108AC00013602AE753465646DDE90854002BD2D1FD
:108AD00023782F2B1ED0079E3046E7F761FC1A9AA9
:108AE0004FF4006303960494CDE90023104A114B20
:108AF000012818BF1346029316AB0FCBF9F7A8FA5B
:108B00000646D6E7DDE91A125046179B14600A257F
:108B1000984702E700231E46CCE700BF34DD01087A
:108B20003CDD010844DD01082CDD010828D70108DF
:108B300050D5010848D5010800280CBF0B200020A3
:108B4000704700BF034A034692E8030083E803002E
:108B50001846704750DD010882B02DE9F04186B01B
:108B600004460E4615460DF1300C0DF1040E4CF87E
:108B7000043FBCE80F00AEE80F00DCF8003001A8AD
:108B8000CEF80030F9F756F980F00103DBB23BBBB9
:108B900034B3D4F80480B8F1000F1AD105B32846D5
:108BA000F7F70CF9F0B1019B1C200599984707468F
:108BB000606020B3C6B1066080F8048001AC07F1A4
:108BC000080C00250FCCACE80F002368CCF800306F
:108BD00000E06425284606B0BDE8F04102B07047C9
:108BE0000B25F7E76525F5E72868283000F074FACB
:108BF000386067683E6826B101233B71DEE70A25CD
:108C0000E8E7029B38460599012598476660E1E749
:108C100070B582B0F0B14368044663B11868DE688D
:108C2000996960B11D7965B91846B0470023284697
:108C3000636002B070BD1D46284602B070BD054697
:108C4000F2E7019100F05EFA051E6368019918BF12
:108C50000125E9E70B25284602B070BDF0B587B0C5
:108C600006460B4C6846F9F7D7F8EE46A44625466B
:108C70003446BEE80F00ACE80F000FCDDEF8007000
:108C80000FC43046CCF80070276007B0F0BD00BFBD
:108C9000D4FB012410B1406800B10068704700BFE8
:108CA000A0B1036810B5044673B1D3F8C4205AB11B
:108CB000D3F8C000F7F782F830B12368D3F8C400C6
:108CC000003818BF012010BD002010BD00207047E3
:108CD00030B1006820B1D0F8C400003818BF0120BE
:108CE000704700BF002800F089802DE9F0470E464C
:108CF000002900F0858004461746E7F751FBB0B124
:108D000094F800E0DFF860C11CF80E3013F00403A3
:108D100039D100F1FF3814F808202F2A0FD1022290
:108D20003260A7B31846C7F80080BDE8F08701237A
:108D3000336067B3002318463B60BDE8F08704F159
:108D4000FF3A1D4619461AF8012FA2F13009B9F170
:108D5000090F1FD922F02009A9F14109B9F1190F12
:108D600018D95F2A24D02F2A58D07E2A4AD07B2AAD
:108D70005BD07D2A69D1002D5CD10523336037B1EA
:108D800000203960D9E704233360002FD2D10020BE
:108D9000BDE8F0871CF80220520709D500290CBF56
:108DA000002205F001021AB14D1E9D4231D0154638
:108DB00001318842C7D1002D42D1284601230CE061
:108DC000BEF17E0F01D1012847D05A1C8B4200F121
:108DD000010004F1010413462ED28045F5D022781B
:108DE0002F2AEDD162781CF802205207EDD504221B
:108DF0003260002FCBD000203B609EE70B207047F5
:108E00000B209AE70029D3D006233360002FB7D177
:108E1000BDE709233360002FB2D1B8E7002DC7D0DA
:108E200008233360002FABD1B1E7002DF8D10B46FA
:108E30000125BDE70025BBE70023184633607CE72A
:108E400005223260002FD6D1A1E7002D14BF0823E0
:108E500003233360002F93D199E707233360002F5A
:108E600095D00123C7E700BF20DE010828B370B505
:108E700004464068E0B104F10800F8F7DBFFC0B138
:108E80002368C3B1002560682E4650F82500E368CA
:108E9000A1699847D4E9003040F8256001359D422A
:108EA000F3D3E368A169984700231846C4E9003367
:108EB00070BD0B2070BD6068F3E70B20704700BFEA
:108EC00082B002B0704700BF234A2DE9F04112681A
:108ED00094B01A9EBDF86C5013911293C2B3BDF8B2
:108EE0004C109DF84E0001E052688AB39468A38A42
:108EF0008B42F9D1A37D8342F6D1482204F130019F
:108F0000684602F0D6FA04F1280320460CCBFAF7A3
:108F100035FF0746E0B1D0F808802A46304608F110
:108F2000100100F03FFA30B939460C4814B0BDE8E2
:108F3000F04100F0BDB8C8F81448C8F81058FAF766
:108F40001BFD08F50262052342E9020188F820387A
:108F500014B0BDE8F08100BFA0FB012490FB012408
:108F600024482DE9F041006894B01A9EBDF86C7059
:108F7000139100283BD01D4601E04068B8B38468D7
:108F8000218B9142F9D1482204F12801684602F070
:108F900090FA04F1200320460CCBFAF7EFFE80464E
:108FA00028B33046D8F808603A4606F1100100F0C0
:108FB000F9F930B94146104814B0BDE8F04100F06D
:108FC00077B80FCD06F6280CC6F81448C6F8107806
:108FD000ACE80F0095E803008CE80300FAF7CCFC3E
:108FE00006F50262032342E9020186F8203814B034
:108FF000BDE8F08170FB012490FB012422482DE99B
:10900000F041006894B01A9EBDF86C701391B8B32B
:109010001D4601E0406898B38468218B9142F9D1E4
:10902000482204F12801684602F043FA04F12003C3
:1090300020460CCBFAF7A2FE804608B33046D8F89B
:1090400008603A4606F1100100F0ACF930B941462B
:109050000E4814B0BDE8F04100F02AB80022C6F86E
:109060001448C6F81078C6F82C28C6F82858FAF71D
:1090700083FC06F50262042342E9020186F82038E7
:1090800014B0BDE8F08100BFE0A4012490FB0124EE
:109090000346406858B142685A600AB10021116025
:1090A0001A68426002B110600022026018607047C6
:1090B0000B680BB14A685A604A6802B113600368D2
:1090C0008B42436808BF02604B6003B11960002304
:1090D0000B604160704700BF38B505460848FFF790
:1090E000D7FF034648B184680023E5612374F9F78C
:1090F00067FB04F11403C4E90504184638BD00BF3A
:1091000030FB012408B5084B196811B90AE0496819
:1091100041B18B6814339842F9D10348FFF7C8FF77
:10912000002008BD012008BD30FB01242DE9F041DD
:10913000054684B022480F461646FFF7A9FF0446AD
:10914000002839D02B690221846803F58053DFF8A9
:109150007880B3F89605421CC4E90565A3F8962506
:10916000FBF7EAFB3C22206141463846FAF768FFEC
:10917000F0B1144F304664223946FAF733FFB8B1E4
:10918000286906216B69D0F8842300F52870CDF892
:109190000080CDE9017111682269FBF731FA0246BE
:1091A0002869D0F88C33D0F88413FAF7E7FE18B9A1
:1091B00020460024FAF7D6FD204604B0BDE8F08131
:1091C000B0FB012424FC0124E8FB012438B58569A7
:1091D000DDB104462869D0F8883300F5287022698B
:1091E0001968FBF78FF902462869D0F88813D0F880
:1091F0009033FAF7C3FE03462046002B14BF002429
:109200000224FAF7AFFD204638BD0124204638BDC0
:109210002DE9F04119461F4605469046F5F7C2FD77
:10922000E0B93E460BE04144A8682246361B02F0F6
:1092300040F9AB68286923442044AB60286131467B
:1092400001222846F5F738FEB91B04460028EAD16A
:109250000123A87D6B755840BDE8F0813A46414630
:10926000A86802F026F9AA682B693A443B44AA6030
:109270002B61EDE72DE9F04119461F460546904662
:10928000F5F790FDE8B93E460CE008EB0300A9684D
:109290002246361B02F00DF9AB68286923442044AE
:1092A000AB602861314601222846F5F705FEBB1B5D
:1092B00004460028E9D10123A87D6B755840BDE81C
:1092C000F0813A46A968404602F0F3F8AA682B6993
:1092D0003A443B44AA602B61EDE700BF2DE9F04121
:1092E0008846114617460546F5F75CFDE0B93E464F
:1092F0000BE04144A8682246361B02F0DAF8AB685E
:10930000286923442044AB60286131460122284665
:10931000F5F7D2FDB91B04460028EAD10123A87D48
:109320006B755840BDE8F0813A464146A86802F0A6
:10933000C0F8AA682B693A443B44AA602B61EDE768
:109340002DE9F04119461F4605469046F5F72AFDDE
:10935000E0B93E460BE04144A8682246361B02F0C5
:10936000A8F8AB68286923442044AB6028613146E3
:1093700001222846F5F7A0FDB91B04460028EAD1D2
:109380000123A87D6B755840BDE8F0813A464146FF
:10939000A86802F08EF8AA682B693A443B44AA6098
:1093A0002B61EDE72DE9F041884611461746054649
:1093B000F5F7F8FCE8B93E460CE008EB0300A968B5
:1093C0002246361B02F075F8AB6828692344204416
:1093D000AB602861314601222846F5F76DFDBB1BC5
:1093E00004460028E9D10123A87D6B755840BDE8EB
:1093F000F0813A46A968404602F05BF8AA682B69FA
:109400003A443B44AA602B61EDE700BF2DE9F041EF
:1094100019461F4605469046F5F7C4FCE8B93E4696
:109420000CE008EB0300A9682246361B02F041F865
:10943000AB68286923442044AB602861314601228F
:109440002846F5F739FDBB1B04460028E9D1012366
:10945000A87D6B755840BDE8F0813A46A968404642
:1094600002F027F8AA682B693A443B44AA602B61B2
:10947000EDE700BF70B515460E46017D0446F4F7D2
:10948000E7FF0DB9012070BD2B463246217D2046F5
:10949000BDE87040FFF7BCBE2DE9F0411D46164601
:1094A0000F461A46017D0446F5F7FAF82B689E42EE
:1094B00001D20122A27513B90120BDE8F0813A461C
:1094C000217D2046BDE8F041FFF7D4BE70B51546BA
:1094D0000E46017D0446F4F7BBFF0DB9012070BDB7
:1094E0002B463246217D2046BDE87040FFF728BF5D
:1094F0002DE9F0411D4616460F461A46017D0446E9
:10950000F5F7CEF82B689E4201D20122A27513B95D
:109510000120BDE8F0813A46217D2046BDE8F041BA
:10952000FFF774BF10B582B0044608460191E6F714
:1095300037FF024601992046013202B0BDE81040D3
:10954000FFF798BF00B583B001ABFFF7A5FF03B0ED
:109550005DF804FB4FF6FF73038070474FF6FF730F
:109560000380704738B5044600880D4600F022FDA0
:109570000346C00F002BB8BF258038BD70B50C4620
:10958000054608892B68267DD1E90012B2FBF0F26E
:10959000A3EB010CBCFBF2FC0CF1010C1FFA8CF3E9
:1095A000B3FBF0FC00FB1C339BB202FB03F3181D62
:1095B000084450F8042C16B1002640F8046C032A25
:1095C00001D8012070BD08332846043A19442B699C
:1095D000F5F734FC284622460249F5F70BFC00203B
:1095E00070BD00BF7D95010810B5C0E900120024D0
:1095F000029A038102610475C3B10C6001890129DB
:1096000014D94FF0010C43680CF1010EBCFBF1F2D0
:10961000B3FBF1F301FB12C21FFA8EFC92B202FB04
:1096200003F30268D45001896145ECD84FF0FF3351
:10963000C36010BD0189D9B110B54FF0000EF446DA
:10964000744643680EF1010EBCFBF1F2B3FBF1F37B
:1096500001FB12C21FFA8EFC92B202FB03F30268F6
:10966000D45001896145ECD84FF0FF33C36010BD81
:109670004FF0FF33C36070472DE9F84304460D46B1
:10968000018917468089984600F08CFC29460646D9
:10969000A08900F08FFC00280ADB00262946E0891B
:1096A00000F088FC002800DAE5813046BDE8F88348
:1096B0003046294600F07EFC0028EEDB2369384660
:1096C000984781460121A08900F06CFCB9F1000F98
:1096D00008BF85420CBF0126002604D10023089A4A
:1096E000A0811370DAE722896368B5FBF2F0B3FB5F
:1096F000F2F302FB105080B203FB00F02368043049
:10970000184450F8043C002BC7D13946424601F0BA
:10971000D0FE21896368B5FBF1F2B3FBF1F301FBE5
:10972000125292B202FB03F3226842F80380012333
:10973000089A1370B9F1000FAFD0A6890121304605
:1097400000F030FC218963680646B0FBF1F2B3FB00
:10975000F1F301FB1202206892B202FB03F304331F
:10976000184450F8043C002B97D0236998470228EE
:1097700002D00128E2D090E701268FE72DE9F047DB
:1097800004460F4680890121904600F00BFC228997
:109790006668B0FBF2F3B6FBF2F602FB13039BB272
:1097A00003FB06F6236804361E4456F8049CB9F100
:1097B000000F23D00546236930469847824600B300
:1097C000B4F80CA00121504600F0ECFB2189824640
:1097D00063682068BAFBF1F2B3FBF1F301FB12A25C
:1097E00092B202FB03F30433184450F8043C2BB14B
:1097F0002369984702281BD00128E3D00020BDE848
:10980000F0874A4631463846F5F720FB21896368E0
:109810000120B5FBF1F2B3FBF1F301FB125292B25E
:1098200002FB03F3226842F803A0A581BDE8F0879C
:10983000208906EB08016368A9EB0802B5FBF0F686
:10984000B3FBF0F300FB16550020ADB203FB05F5AA
:10985000236858513846F5F7F9FA38462246034945
:10986000F5F7C8FA0120A4F80CA0C8E77D95010817
:1098700038B511460446C089154600F09BFB002808
:10988000B8BFE58138BD00BF2DE9F8430389044620
:109890000F468589DBB12846012604E0664506F1BE
:1098A000010614D2A089B1B200F07CFBB4F808C064
:1098B000B0FBFCF2D4E900130CFB1202B3FBFCF387
:1098C00092B202FB03F3CB58002BE7D105463D8053
:1098D0000121E689284600F069FB0146304600F088
:1098E00065FB064628B34FF000094FF001084D46CE
:1098F0001FFA89F1388800F055FBB4F808C0616898
:1099000008FA09FE226809F101094EEA050EB0FBCA
:10991000FCF3B1FBFCF103FB1C0083B201FB03F37E
:10992000D3580BB91FFA8EF54E45E1D12846BDE854
:10993000F88305462846BDE8F88300BF4FF6FF7C54
:1099400001600373A0F80EC0C0E90132704700BF88
:109950004FF6FF72037BC28143607047F0B5044647
:1099600083B040680D461646FDF76EF963681844EB
:10997000A368421993422CBF0127002702D2384620
:1099800003B0F0BD0090002330462168F5F74CFA93
:10999000616838462944616003B0F0BD2DE9F041AB
:1099A00004461D464068237B98428CBF0126002652
:1099B00002D83046BDE8F0818846E089012117468B
:1099C00000F0F0FA2368E08128803046C8F80030C3
:1099D00063683B60237B6360BDE8F081F8B5B1F854
:1099E00008C00C4603680546267BD1E90012B2FB8D
:1099F000FCF2A3EB010E0369BEFBF2FE0EF1010EB9
:109A00001FFA8EFEBEFBFCF70CFB17EC1FFA8CFC5A
:109A100002FB0CFC51F80C20B444921B0CF1080C16
:109A2000043A6144F5F70AFA284622460249F5F756
:109A3000E1F90020F8BD00BFDD99010830B59DF8BF
:109A40000C4003810473C0E90012E3B10C60B0F86C
:109A500008C0BCF1010F16D94FF0010E43680EF19A
:109A60000105047B0168BEFBFCF2B3FBFCF30CFBBD
:109A700012E21FFA85FE92B202FB03F3CC50B0F85B
:109A800008C0F445EAD8074B4FF6FF724FF0FF3499
:109A90006FF00045C0F80E30002342820384C0E915
:109AA000064530BD0000FFFF018910B5B1B14FF090
:109AB000000EF44643680EF1010E047BBCFBF1F28C
:109AC000B3FBF1F301FB12C21FFA8EFC92B202FB50
:109AD00003F30268D45001896145EBD8084B4FF677
:109AE000FF729FED057BC0F80E3000234282038495
:109AF00080ED067B10BD00BFFFFFFFFFFFFFFF7F74
:109B00000000FFFF2DE9F04F044691B000898B461D
:109B1000E68904926568236894F80C90B6FBF0F22D
:109B2000B5FBF0F500FB12622F1F92B205FB02326B
:109B3000111DD2F800800391002800F04A814FF0F7
:109B4000000CE24661460CF1010CB1FBF0F200FBA7
:109B500012121FFA8CF192B205FB02F29A584A4592
:109B600003D10AF1010A1FFA8AFA8142EBD3404677
:109B70000421CDF814A0F5F76DF9804408EB0B0231
:109B8000BA4240F2CA80227B5A44BA4240F2B280C2
:109B90004FF6FC72BBB2A2EB09021A4492B20AFB66
:109BA00002F90592D9450692C0F0B38008F104028B
:109BB000BA4280F0DA80A3F10409059BA9EB0809F9
:109BC0001FFA89F9ABEB090BBBFBF3F203FB12B3F2
:109BD000002B40F0C48093B2534500F29A80002BD2
:109BE00000F0F980CDF81C804FF0000ADDF81480F9
:109BF0000DF1200B05951D4600E0C146228958460F
:109C000063680AF1010AB6FBF2F1B3FBF2F302FB5F
:109C100011613A4689B203FB01F12368043119440A
:109C2000002351F804CCCDF800C0F5F7FDF84A4602
:109C300000230D215846FCF7C7FF21896368304691
:109C4000B6FBF1F2B3FBF1F301FB1262012192B218
:109C500002FB03F32268D75000F0A4F906461FFA6E
:109C60008AF39D42C9D8DDF81C80059D20893A46BB
:109C70006368B6FBF0F1B3FBF0F300FB11615846EB
:109C800089B201FB03F3216804331944002351F81E
:109C9000047C0097F5F7C8F8069F58460223BAB22D
:109CA0000D21FCF791FF08F10401039BA5F10802C7
:109CB00025890B44A2EB0802B6FBF5F01946636850
:109CC00005FB1060B3FBF5F380B2256800FB03F3DE
:109CD000207B04303844E850049D2846F5F7B6F858
:109CE000284622463D49F5F785F80120E68111B066
:109CF000BDE8F08F0121E08900F054F90546218983
:109D0000608A00F04FF90146284600F053F9002818
:109D100044DD002011B0BDE8F08F2189608A0592F2
:109D200000F040F90146304600F044F90028059A59
:109D3000EFDC2589D4E90073B6FBF5F4B3FBF5F34A
:109D400005FB1464A4B204FB03F3DDE90310FA502D
:109D50000023CDF80080F5F767F80120DAE701323B
:109D6000069393B25345D4D839E73046012107937F
:109D700000F018F9064620896268B6FBF0F1B2FBE4
:109D8000F0F200FB116189B201FB02F2216804329A
:109D90008B1853F8048C0393079B0CE721896368A5
:109DA0000498B5FBF1F2B3FBF1F301FB1252216809
:109DB00092B202FB03F3227B04335A44194441F864
:109DC000042C237B00930023F5F72EF80120E58176
:109DD000A0E78246CBE60DF1200B47E7DD990108AD
:109DE000F8B504461D460F46008A0121164600F0CC
:109DF000D9F8288022896368B0FBF2F1B3FBF2F353
:109E000002FB110CE1891FFA8CFC0CFB03FC23689C
:109E10000CF1040C63443B6023689C445CF8043CF4
:109E2000336000F0C7F8002801DD0020F8BD237B77
:109E300032689A42F9D9618A208A00F0B7F82389FA
:109E40008342F2D02888E3892082984201D0012001
:109E5000F8BD012100F0A6F803460120E381F8BD1A
:109E600070B5018A0446408A15461E4600F0A2F8E5
:109E7000002807DB4FF0FF326FF000430020C4E9F9
:109E8000062370BD94F8200040B9012384F82030E7
:109E9000643546F10006C4E9065670BDD4E90623D0
:109EA000954276EB030304DB431C012084F8203049
:109EB000EEE70020ECE700BF408A70472DE9F04153
:109EC00090F8217097B180460D4616461C461888BA
:109ED000012100F067F82080B8F8101000F06AF84F
:109EE000002806DD00231F4688F821303846BDE8EB
:109EF000F081B8F808202088D8F80410B0FBF2F3FD
:109F0000B1FBF2FC02FB13039BB203FB0CFCD8F881
:109F100000300CF1040C63442B60D8F8003063442B
:109F200053F8043C336098F80C209A42D0D0DDE717
:109F3000F8B504460E461046012100F037F8618A54
:109F400000F034F8C8B1054600270121608A00F00E
:109F500029F823896268013794F80CC02168BD4252
:109F60006082B0FBF3FEB2FBF3F203FB1E039BB275
:109F700002FB03F341F803C0E7D1003E4FF00003BA
:109F800018BF012684F8203084F82160F8BD00BF96
:109F9000018A408A08B500F00DF8B0FA80F0400957
:109FA00008BD00BF084480B2704700BF401A80B2AD
:109FB000704700BF884211D009D3884210D9401A97
:109FC000B0F5004FD4BF01204FF0FF3070470B1A9F
:109FD000B3F5004FF1DA4FF0FF30704700207047C3
:109FE000012070471FB514461A46094B1B680546E9
:109FF000D86854B9074B1C46CDE9013400912B4673
:10A00000054900F025FF01F062FA044BF4E700BFB8
:10A0100040010024AFDD010881DD010874DD010885
:10A02000024B0A460146186800F002B840010024BD
:10A0300070B5A1FB02543CB9294600F087F80646EA
:10A0400028B90026304670BD0C220260F9E72A4686
:10A05000214601F00BF9F5E707B5044B014601AACB
:10A06000186800F005F803B05DF804FB4001002417
:10A070002DE9F84FDFF86CA006468946174602F036
:10A080000DF8DAF8004034B14B46984613F8012B2E
:10A090003AB13D2AF9D1304602F006F80020BDE879
:10A0A000F88FA8EB0908A34654F8040B0028F2D057
:10A0B0004246494601F0EFF80028F4D154F8043C38
:10A0C00003EB080513F808303D2BECD1DAF800302B
:10A0D000ABEB03039B1030463B6001F0E5FF681CCF
:10A0E000DDE700BF04000024024B0146186800F0C1
:10A0F0002DB800BF40010024024B0146186801F052
:10A10000D9BF00BF4001002470B50F4E0C46316826
:10A11000054611B901F076F930602146284601F074
:10A1200071F9431C03D14FF0FF34204670BDC41CAD
:10A1300024F00304A042F8D0211A284601F062F965
:10A140000130F2D1EFE700BF88FC01242DE9F8438C
:10A15000CD1C25F0030508350C2D38BF0C25002D2E
:10A16000064601DBA94204D90C2333600020BDE878
:10A17000F883DFF8D48000F069F8D8F800301C4686
:10A1800044BB29463046FFF7BFFF431C044658D165
:10A19000D8F800402746002F43D1002C4BD023682D
:10A1A0003946304604EB030901F02CF9814542D1D0
:10A1B00021686D1A29463046FFF7A6FF01303AD0D4
:10A1C00023682B442360D8F800305A6862BBC8F873
:10A1D00000700FE02268521B20D40B2A17D9611996
:10A1E000A342256018BF5960636808BFC8F8001013
:10A1F00062514B60304600F02FF804F10B00231D34
:10A2000020F00700C21A1CBF1B1AA350AFE76268F8
:10A21000A3420CBFC8F800205A60EBE723466468ED
:10A22000AEE73C467F68B6E71A465B68A342FBD1BF
:10A2300000235360DEE70C233360304600F00CF857
:10A2400094E70560D6E700BF8CFC0124014801F0CB
:10A2500026B900BFD1FD0124014801F021B900BF9A
:10A26000D1FD012438B5104B1D682B6B0446B3B9E2
:10A270001820FFF739FF0246286320B90B4B0C4822
:10A280004621FFF7AFFE0B490B4BC0E900130B4B08
:10A2900083600B23838100210120C2E904012B6B21
:10A2A00000221C615A6138BD40010024B0DD010864
:10A2B000C7DD01080E33CDAB34126DE6ECDE0500D0
:10A2C000164B10B51C68236BB3B91820FFF70CFFB1
:10A2D0000246206320B9124B12485221FFF782FE3A
:10A2E0001149124BC0E90013114B83600B2383818A
:10A2F00000210120C2E90401216B0E480B694C6961
:10A300000D4A584302FB0400A3FB0232013340EB29
:10A310000200C1E9043020F0004010BD40010024DB
:10A32000B0DD0108C7DD01080E33CDAB34126DE698
:10A33000ECDE05002DF451582D7F954C024B0A465A
:10A340000146186800F002B8400100242DE9F041F0
:10A35000804615460C4621B9BDE8F0411146FFF78D
:10A36000F5BE2AB901F0A6FE00242046BDE8F08122
:10A3700002F06CFA8542064602D8B5EB500FF4D8CD
:10A3800029464046FFF7E2FE07460028ECD0B542DA
:10A390002A46214628BF324601F08BF82146404626
:10A3A00001F088FE3C46E0E72DE9F043344E864656
:10A3B0000D46284615F8014B375D17F00807F8D110
:10A3C0002D2C2FD12C780127851C33F0100009D1BA
:10A3D000302C2CD1287800F0DF00582827D16C7859
:10A3E000102302354FF0FF380026B8FBF3F803FBCB
:10A3F00008F96FEA09093046A4F1300CBCF1090FE5
:10A400001CD86446A3422ADDB6F1FF3F07D0804541
:10A4100022D301D1A1451FDB00FB0340012615F823
:10A42000014BE9E72B2C04BF2C78851CCDE7002BD2
:10A43000D8D1302C0CBF08230A23D3E7A4F1410C58
:10A44000BCF1190F01D8373CDCE7A4F1610CBCF179
:10A45000190F04D8573CD5E74FF0FF36DFE7731CE0
:10A4600006D12223CEF80030304632B9BDE8F08361
:10A4700007B14042002AF9D006B1691E1160F5E724
:10A4800020DE010813460A46014602480068FFF72D
:10A490008BBF00BF40010024F0B52DED028BB0EE64
:10A4A000408B85B017460D9D0C9E18EE902A25F026
:10A4B0002005002AB6BF2D220022B1EE408B462D8A
:10A4C0000C461A7004D0452D00D10134022100E061
:10A4D000032103AB019302AB009322463346B0EE57
:10A4E000480B01F085F8472D14D1FB070AD5021956
:10A4F000B5EE408BF1EE10FA08BF03923021039BBA
:10A50000934219D3039B0E9A1B1A136005B0BDEC3E
:10A51000028BF0BD462D00EB0402E9D10378302B0D
:10A5200007D1B5EE408BF1EE10FA1CBFC4F1010467
:10A53000346033681A44DBE75C1C03941970DEE76F
:10A54000F7B50029BABF49422D232B2309290270F0
:10A55000437029DD0DF107031D460A271A46B1FB9A
:10A56000F7F607FB1614303402F8014C0C46632C46
:10A5700003F1FF333146F1DC3031941E03F8011C46
:10A58000411C2346AB420AD30DF109039B1AAC428E
:10A5900088BF002302330344181A03B0F0BD13F838
:10A5A000016B01F8016FEDE7302330318370C1702A
:10A5B000031DF1E7000000002DE9F04F8DB00C46BF
:10A5C000DDF8588016461F46054600F08DFED0F88F
:10A5D00000B05846E5F7E4FE00230A93D8F80030AF
:10A5E00094F8189022680590073323F0070303F1CD
:10A5F0000801C8F8001093ED000B9FED976BB0EECB
:10A60000C07BB4EE467BF1EE10FA84ED120B24DD34
:10A61000B5EEC00BF1EE10FA02D52D2384F84330CD
:10A620008F49904BB9F1470F94BF8846984622F066
:10A6300004020323236122604FF0000A009733468F
:10A640000BAA2146284600F0D1F9013040F089805C
:10A650004FF0FF300DB0BDE8F08FB4EE400BF1EEDF
:10A6600010FA09D710EE903A002BBCBF2D2384F8C6
:10A6700043307D497D4BD5E76368591C09F0DF0AFB
:10A6800039D10623636042F4806200232260039381
:10A690000AABCDE9019309AB009361680DF1230387
:10A6A0002846FFF7F9FEBAF1470F0999804629D1EC
:10A6B000C81C02DB6368994241DDA9F102095FFA17
:10A6C00089F901394A4604F150000991FFF738FF32
:10A6D0000A9A1318012A8246236102DC2268D207F3
:10A6E00001D5013323619DF82330002BA6D02D2303
:10A6F00084F84330A2E7BAF1470FC4D1002BC2D18E
:10A700000123BFE7B9F1650FDBD9B9F1660F18D1A5
:10A71000002963680BDD216113B92268D00702D5D7
:10A7200001330B442361A1654FF0000ADBE713B945
:10A730002268D20701D50233F4E70123F2E74FF094
:10A7400067090A9B994205DB23682161D807EAD58E
:10A750004B1CE7E70029D4BFC1F1020201221344D8
:10A76000E0E723685A0507D4236942463146284664
:10A77000B84701302AD16BE7B9F1650F40F2E080AC
:10A7800094ED127BB5EE407BF1EE10FA33D1384AEE
:10A79000012331462846B84701303FF459AFDDE97F
:10A7A0000938434502DB2368D8070FD5059B5A4675
:10A7B00031462846B84701303FF44AAF4FF0000910
:10A7C00008F1FF3804F11A0AC84509DC23689B0721
:10A7D00000F10781E0680B9B9842B8BF184639E743
:10A7E0000123524631462846B84701303FF430AF86
:10A7F00009F10109E8E7099B002B3BDC1C4A012316
:10A8000031462846B84701303FF422AFDDE9093927
:10A8100059EA030302D12368D907D7D5059B5A46C5
:10A8200031462846B84701303FF412AF4FF0000AD6
:10A8300004F11A0B099B5B42534501DC4B4694E73C
:10A8400001235A4631462846B84701303FF400AF4D
:10A850000AF1010AEEE700BFFFFFFFFFFFFFEF7FF6
:10A8600020DF010824DF010828DF01082CDF0108B0
:10A8700030DF0108A36DDDF828A05345A8BF53467B
:10A88000002B994637DC0023079329EAE97904F184
:10A890001A02A36D07990693A3EB09038B4231DCDF
:10A8A000099B9A453BDC2368DA0738D4099BAAEB5D
:10A8B0000309069BAAEB03039945A8BF9946B9F182
:10A8C000000F34DC4FF0000829EAE97904F11A0B93
:10A8D000099BAAEB0303A3EB090343457FF776AF7C
:10A8E00001235A4631462846B84701303FF4B0AEFE
:10A8F00008F10108ECE7424631462846B8470130E6
:10A90000C1D1A5E60123314628460692B847013059
:10A910003FF49EAE079B069A01330793B9E7059B68
:10A920005A4631462846B8470130BFD190E6069ACC
:10A930004B46424431462846B8470130C2D187E6EB
:10A94000DDF82890B9F1010F01DCDB0736D50123D2
:10A95000424631462846B84701303FF479AE059B60
:10A960005A4631462846B84701303FF471AE94ED5F
:10A97000127BB5EE407BF1EE10FA09F1FF3918D0E9
:10A980004B4608F1010231462846B84701300CD148
:10A990005EE601235A4631462846B84701303FF467
:10A9A00057AE08F10108C845F3DB534604F15002E5
:10A9B000DCE64FF0000804F11A0BF4E701234246ED
:10A9C000E1E701234A4631462846B84701303FF4C3
:10A9D0003FAE08F10108E3680B995B1A4345F0DCD0
:10A9E000F8E64FF0000804F11909F4E72DE9F04703
:10A9F000164698468A680B69DDF820909342B8BFE6
:10AA00001346336091F8432007460C460AB10133E0
:10AA100033602368990642BF336802333360256888
:10AA200015F0060506D104F1190AE36832689B1A8D
:10AA3000AB4226DC94F843302268003B18BF012368
:10AA400092062BD404F1430241463846C8470130F0
:10AA50001ED02368226903F00603042B02BFE568B9
:10AA60003368ED1AA3680CBF25EAE575002593420B
:10AA7000C4BF9B1AED1800261A34B5421AD1002023
:10AA800008E00123524641463846C847013003D109
:10AA90004FF0FF30BDE8F0870135C6E7E1185A1CDA
:10AAA000302081F84300224494F8451082F8431086
:10AAB0000233C7E70123224641463846C8470130E2
:10AAC000E6D00136D9E700002DE9FF470F7E0C9E46
:10AAD000782F914680460C469A4601F1430207D8EA
:10AAE000622F0AD8002F00F0D280582F00F0B980D2
:10AAF00004F1420684F842703AE0A7F16303152B93
:10AB0000F6D801A151F823F061AB010875AB01083B
:10AB1000F1AA0108F1AA0108F1AA0108F1AA0108A5
:10AB200075AB0108F1AA0108F1AA0108F1AA010810
:10AB3000F1AA010875AC01089FAB01082FAC010810
:10AB4000F1AA0108F1AA010897AC0108F1AA0108CD
:10AB50009FAB0108F1AA0108F1AA010837AC01086E
:10AB600033681A1D1B68326004F1420684F84230D3
:10AB700001239DE033682068191D3160060601D568
:10AB80001D6803E04506FBD5B3F90050002D03DA3C
:10AB90002D236D4284F8433059480A2311E021687F
:10ABA0003368080653F8045B02D4490648BFADB2C7
:10ABB0006F2F5348336014BF0A230823002184F801
:10ABC00043106668A660002EA2BF216821F0040130
:10ABD00021600DB9002E4BD01646B5FBF3F103FBF7
:10ABE0001157C75D06F8017D2F46BB420D46F4D9CB
:10ABF000082B0BD12368DF0708D5236961689942C8
:10AC0000DEBF302306F8013C06F1FF36921B2261BD
:10AC1000CDF800A04B4603AA21464046FFF7E6FECA
:10AC200001304AD14FF0FF3004B0BDE8F08723680F
:10AC300043F0200323603348782784F84570236865
:10AC400031681F0651F8045B02D45F0648BFADB2FD
:10AC50003160D90744BF43F0200323601DB11023A6
:10AC6000ACE72748E9E7236823F020032360F6E7F1
:10AC70001646BDE7336825686169181D30602E06E9
:10AC80001B6801D5196002E06806FBD51980002316
:10AC900023611646BCE733681A1D32601E6862687D
:10ACA00000213046E5F72CFB08B1801B606063682B
:10ACB0002361002384F84330AAE7236932464946DA
:10ACC0004046D0470130ADD023689B0713D4E068DD
:10ACD000039B9842B8BF1846A6E70123324649466F
:10ACE0004046D04701309DD00135E36803995B1A97
:10ACF000AB42F2DCEBE7002504F11906F5E700BFF3
:10AD000032DF010843DF0108002310B50446C0E923
:10AD10000033C0E90433836081814366C28183616B
:10AD2000194608225C3000F0A1FA0D4B63620D4B0E
:10AD3000A3620D4BE3620D4B23630D4B24629C42D7
:10AD400006D003F16802944202D0D0339C4205D170
:10AD500004F15800BDE8104000F0A0BB10BD00BFDA
:10AD6000F9AF01081BB0010853B0010877B0010822
:10AD700090FC0124024A0349034800F07BB800BF5D
:10AD80003401002499CE01084401002441680C4B91
:10AD9000994210B5044601D002F07EF8A168094B33
:10ADA000994202D0204602F077F8E168064B9942BA
:10ADB00004D02046BDE8104002F06EB810BD00BFC0
:10ADC00090FC0124F8FC012460FD012410B50B4B1C
:10ADD0000B4C0C4A1A60204600220421FFF794FF16
:10ADE00004F1680001220921FFF78EFF04F1D00071
:10ADF0000222BDE810401221FFF786BFC8FD0124E2
:10AE000090FC012475AD0108014800F048BB00BF6B
:10AE1000D2FD0124014800F043BB00BFD2FD012454
:10AE200010B50446FFF7F0FF236A1BB1BDE81040E0
:10AE3000FFF7F0BF044B2362044B1B68002BF5D1D6
:10AE4000FFF7C4FFF2E700BF8DAD0108C8FD012484
:10AE50000EB403B5014603AB054853F8042B006854
:10AE6000019301F07DFE02B05DF804EB03B0704782
:10AE7000400100242DE9F843074688461446002681
:10AE8000D4E90195B9F1010905D52468002CF7D161
:10AE90003046BDE8F883AB89012B07D9B5F90E30F0
:10AEA000013303D029463846C04706436835E9E7F1
:10AEB0000FB407B5064904AB086853F8042B816842
:10AEC000019301F04DFE03B05DF804EB04B0704750
:10AED00040010024036A70B5846805460E460BB92C
:10AEE000FFF79EFF636EDB0705D4A389980502D4A4
:10AEF000A06D00F0D4FAA389190702D52369002BAD
:10AF000035D12146284600F031F980B34FF0FF35A6
:10AF1000636EDA0705D4A3899B0502D4A06D00F007
:10AF2000BFFA284670BD002B04DAA2699A4217DCEA
:10AF30000A2915D023685A1C22601970A36816F8D4
:10AF4000011F013BA3600029EDD1002B11DA22463D
:10AF50000A21284600F0CCF80130D7D00A25D7E7DF
:10AF60002246284600F0C4F80130E7D1CEE7013E82
:10AF7000E4E723685A1C22600A221A70EEE70000F8
:10AF8000024B01461868FFF7A5BF00BF400100242F
:10AF90000CB430B5174B0C1E1D689DB008DA8B231E
:10AFA0002B604FF0FF301DB0BDE8304002B070475D
:10AFB0004FF40273ADF8143014BF04F1FF3323468D
:10AFC000049307934FF6FF7302900690ADF8163086
:10AFD000209A21AB02A92846019301F09BFC431C57
:10AFE000BCBF8B232B60002CDDD0029B00221A708B
:10AFF000D9E700BF4001002410B50C46B1F90E108E
:10B0000000F0EEF90028ABBF636DA3891B1823F491
:10B010008053ACBF6365A38110BD2DE9F0411F468D
:10B020008B89DB0505460C46164605D5B1F90E1091
:10B030000223002200F0C2F9A389B4F90E1023F410
:10B040008053A38132463B462846BDE8F04100F0DC
:10B05000E9B910B50C46B1F90E1000F0AFF9431C78
:10B06000A38915BF606523F4805343F48053A38103
:10B0700018BFA38110BDB1F90E1000F039B930B579
:10B080001446002C9BB005461A4605DA8B23036054
:10B090004FF0FF301BB030BD4FF40273ADF80C30F1
:10B0A00014BF04F1FF332346029305934FF6FF7359
:10B0B00000910491ADF80E3069461E9B01F02AFC08
:10B0C000431CBCBF8B232B60002CE3D0009B0022D1
:10B0D0001A70DFE707B5009313460A460146034896
:10B0E0000068FFF7CCFF03B05DF804FB40010024CB
:10B0F000F8B50E461446054618B1036A0BB9FFF7BA
:10B100008FFEA369A360A3891A0701D5236943B9F8
:10B110002146284600F02AF818B14FF0FF3738468C
:10B12000F8BD23682269981A6369F6B283423746EC
:10B1300005DC2146284601F0AFFE0028EDD1A368CA
:10B14000013BA36023685A1C22601E706269431C85
:10B150009A4204D0A389DB07E1D50A2EDFD121462C
:10B16000284601F099FE0028D9D0D6E738B5294BFA
:10B17000054618680C4618B1036A0BB9FFF750FE74
:10B18000B4F90C30190722D4DA0607D409222A6050
:10B1900043F04003A3814FF0FF3033E0580712D54E
:10B1A000616B41B104F14403994202D0284600F09A
:10B1B00081FF00236363A38923F02403A381002379
:10B1C000636023692360A38943F00803A381236993
:10B1D0004BB9A38903F42073B3F5007F03D0214654
:10B1E000284601F0A7FEB4F90C3013F001020AD092
:10B1F0000022A26062695242A261226942B913F040
:10B200008000C5D138BD990758BF6269A260F4E7D4
:10B210000020F7E74001002410B5013902449042B4
:10B2200001D1002005E0037811F8014FA34201D0BD
:10B23000181B10BD0130F2E7884210B501EB020483
:10B2400002D98442234607D8431EA14208D011F8F0
:10B25000012B03F8012FF8E7024401468A4200D18E
:10B2600010BD13F8014D02F8014DF7E70244034603
:10B27000934200D1704703F8011BF9E7C9B20346B6
:10B28000184613F8012B12B18A42F9D170470029F0
:10B2900018BF0020704710B56AB10139841810F842
:10B2A000012B11F8013F9A4203D1A04201D0002A9C
:10B2B000F5D1D01A10BD1046FCE70A7870B56AB90E
:10B2C00070BD9A4209D10C46054614F8013F002B87
:10B2D000F6D015F8016F9E42F7D001300378002BAD
:10B2E000EFD11846ECE700000048704780020024C8
:10B2F00038B5064D0023044608462B60E6F7BAF839
:10B30000431C02D12B6803B1236038BDCCFD01245E
:10B31000294B1B68834270B504464BD0C369ABB15F
:10B32000DB686BB10025E369DB68595900293BD123
:10B330000435802DF7D1E3692046D96800F0BAFEC4
:10B34000E369196811B1204600F0B4FE616911B1DA
:10B35000204600F0AFFEE16911B1204600F0AAFEE0
:10B36000216B11B1204600F0A5FE616B11B12046A2
:10B3700000F0A0FEA16B11B1204600F09BFEA16C75
:10B3800011B1204600F096FE616C11B1204600F02C
:10B3900091FEE16A11B1204600F08CFE236A4BB1A8
:10B3A0002046BDE8704018470E68204600F082FE37
:10B3B0003146BBE770BD00BF4001002438B5074DE2
:10B3C00004460846114600222A601A46E6F779F834
:10B3D000431C02D12B6803B1236038BDCCFD01248E
:10B3E00038B5074D04460846114600222A601A4621
:10B3F000E6F723F8431C02D12B6803B1236038BD64
:10B40000CCFD012438B5064D0023044608462B60C8
:10B41000E6F764F8431C02D12B6803B1236038BD02
:10B42000CCFD012438B5074D0446084611460022DC
:10B430002A601A46E5F7AEFE431C02D12B6803B121
:10B44000236038BDCCFD0124014B1868704700BF54
:10B450004001002470B50D4D0D4C641BA410002656
:10B46000A64209D10B4D0C4C01F026FE641BA41022
:10B470000026A64205D170BD55F8043B9847013619
:10B48000EEE755F8043B98470136F2E744E101083E
:10B4900044E1010844E101084CE1010870477047AC
:10B4A0007047034611F8012B03F8012B002AF9D14C
:10B4B00070470A44914200F1FF3300D1704710B544
:10B4C00011F8014B03F8014F9142F9D110BD08B5B5
:10B4D000062001F093FD0120E5F7A4FF2DE9F74FC9
:10B4E00003690C69A34207467EDB013C01F11408A5
:10B4F000A30000F11405009305EB8403019358F8B1
:10B50000243055F8242001339A4208EB8409B2FB19
:10B51000F3F62ED34FF0000AC446AE46D3465CF88D
:10B52000043B98B206FB00A0020C1B0C06FB032395
:10B53000DEF8002080B292B2121A5A44DEF80000FF
:10B540004FEA134A9BB2C3EB224303EB104392B280
:10B5500042EA0342E1454EF8042B4FEA234BDED288
:10B56000009BEB582BB9019B043B9D421A462FD3FD
:10B570003C61384601F062F8002825DB29460020AE
:10B5800058F8042BD1F800C01FFA82FE1FFA8CF382
:10B59000A3EB0E030344120CC2EB234202EB1C424A
:10B5A0009BB243EA0243C14541F8043B4FEA2240C3
:10B5B000E6D255F8242005EB840322B9043B9D42D2
:10B5C0001A460BD33C610136304603B0BDE8F08F1C
:10B5D0001268043B002ACBD1013CC6E71268043B49
:10B5E000002AEFD1013CEAE70020EEE7000000006E
:10B5F0002DE9F04F2DED028BC76991B08DED020B57
:10B6000055EC104B1C9E0791814609920D937FB912
:10B610001020FEF769FD0246C9F81C0020B9A04BB6
:10B62000EF21A048FEF7DEFCC0E901770760C760A4
:10B63000D9F81C30196859B15A684A6001239340FF
:10B640008B60484600F0C0FDD9F81C3000221A601B
:10B650002B1EBBBF23F00043039300230122ACBF8A
:10B6600033603260904B039EB34310D10D9A42F287
:10B670000F731360C6F31303234300F0DE841D9B96
:10B680008A4F002B00F0E084FB1C00F0DBBC9DED3A
:10B69000028BB5EE408BF1EE10FA0AD10D9A012320
:10B6A00013601D9B13B11D9A814B1360814F00F0F5
:10B6B000CBBC0EAA0FA94846B0EE480B01F06EF8BD
:10B6C000C6F30A530E9A0190002B45D0B0EE487B8A
:10B6D00018EE901AC1F3130141F07F5141F440116B
:10B6E000A3F2FF33002507EE901AB7EE086B9FED2B
:10B6F000665B37EE467B9FED666BA7EE056B9FEDB5
:10B70000665B07EE903AB8EEE74BB0EE467BA4EEF0
:10B71000057BFDEEC76BB5EEC07BF1EE10FA16EEC1
:10B72000908A08D5B8EEE66BB4EE476BF1EE10FAEE
:10B7300018BF08F1FF38B8F1160F2BD85E4901EB9E
:10B74000C80191ED007BB4EEC78BF1EE10FA01D584
:10B7500008F1FF3800211EE00F9B134403F2324131
:10B760002029C1BFC1F140018E4003F2124124FAE9
:10B7700001F1D6BFC1F12001314304FA01F107EE16
:10B78000901AB8EE677B013B17EE901A0125A1F1E4
:10B79000F871A8E70121D21A531E069345BFC2F1E2
:10B7A00001030593002300234CBF06930593B8F1D2
:10B7B000000F0C9118DB069BCDF8288043440693BC
:10B7C0000023079A092A49D8052AC4BF043A0792D8
:10B7D000079AA2F10202CCBF00240124032A48D810
:10B7E000DFE802F00B2E2C3A059B0022A3EB0803A6
:10B7F00005930A92C8F10003E3E700220892099A30
:10B80000002A39DC4FF0010BDA465A46CDF824B055
:10B81000D9F81C700021042000F11406964230D99A
:10B8200079604846049300F08FFC049B074600288B
:10B8300046D1224B024640F2AF11F2E60122DDE78B
:10B8400000220892099A08EB020B0BF1010A5246FA
:10B85000012AB8BF0122DBE70122F2E7012400221E
:10B86000CDE907244FF0FF3B0021DA46122209916F
:10B87000CEE701220892F5E7DDF824B0DA465A4611
:10B88000C6E701314000C7E761436F63A787D23F36
:10B89000B3C8608B288AC63FFB799F501344D33FBF
:10B8A000B0DD010861DF01080000F07F5DDF010805
:10B8B00031DF010830DF010858E00108B9DF010875
:10B8C000D9F81C20BAF10E0F10606FD8002C6DD083
:10B8D000B8F1000F40F3C280CA4A08F00F0102EB32
:10B8E000C10218F4807F92ED007B4FEA281100F02E
:10B8F000A980C54A92ED086B88EE066B8DED026B50
:10B9000001F00F010322C048002940F09D809DED09
:10B91000026B86EE077B8DED027B0C999DED027B21
:10B92000002900F0C180B7EE006BB4EEC67BF1EEEB
:10B9300010FA40F1B980BAF1000F00F0B580BBF108
:10B94000000F31DDB2EE046B27EE067B8DED027B3E
:10B9500008F1FF31049101325C469DED026BB1EEBE
:10B960000C5B07EE902AB8EEE77BA7EE065B15EEC0
:10B97000902A51EC150BA2F15071002C40F09880E8
:10B98000B1EE047B36EE476B41EC170BB4EEC76BA0
:10B99000F1EE10FA00F36182B1EE477BB4EEC76BB3
:10B9A000F1EE10FA00F1F5808DED028B0F9A002A6E
:10B9B000C0F22C81B8F10E0F00F32881914B03EBFC
:10B9C000C80393ED006B099B002B03DABAF1000F5B
:10B9D00040F3D280B2EE044B9DED027B3E4687EEF3
:10B9E000065BBDEEC55B15EE103A303306F8013B41
:10B9F000F31B9A45B8EEC53BA3EE467B40F0F880BA
:10BA000037EE077BB4EEC67BF1EE10FA00F3DD8073
:10BA1000B4EE467BF1EE10FA04D115EE103ADB07D6
:10BA200000F1D3800199484600F0CEFB00230D9A27
:10BA3000337008F1010313601D9B002B00F0048399
:10BA40001E6001E302225EE7CC0704D590ED006B97
:10BA5000013227EE067B4910083055E722D0C8F1A5
:10BA60000001684A01F00F0002EBC00292ED007B7A
:10BA700028EE077B8DED027B63480911002402222A
:10BA800029B9002C3FF449AF8DED027B45E7CE0785
:10BA900005D590ED006B0132012427EE067B49109D
:10BAA0000830EDE7022238E7CDF81080544654E71D
:10BAB000544A02EBC40212ED024B089A41EC170BF8
:10BAC0003C444AB3B6EE003BB7EE002B3E4683EE55
:10BAD000045BB2EE043B35EE477BFDEEC64B14EE45
:10BAE000902AB8EEE45B303236EE456BB4EEC76BAD
:10BAF000F1EE10FA06F8012B38D432EE465BB4EEC4
:10BB0000C75BF1EE10FA62D4A6423FF44DAF27EEC8
:10BB1000037B26EE036BE0E721463E4627EE047BDF
:10BB2000B2EE043BFDEEC64B14EE902A303206F81E
:10BB3000012BA642B8EEE45B36EE456B19D1B6EEAA
:10BB4000005B37EE054BB4EEC46BF1EE10FA3EDC51
:10BB500035EE475BB4EEC56BF1EE10FA7FF524AF1E
:10BB60000E46013916F8013C302BF9D0DDF8108073
:10BB700058E726EE036BD5E70BD1B1EE047B26EE3A
:10BB8000076B9DED027BB4EEC76BF1EE10FAC0F2CD
:10BB9000618100242546099BDB4304933E464FF018
:10BBA00000082146484600F00FFB002DDED0B8F11A
:10BBB000000F05D0A84503D04146484600F004FBDD
:10BBC0002946484600F000FBD0E7CDF81080334608
:10BBD0001E4613F8012D392A06D19F42F8D1049A46
:10BBE0000132049230223A701A7801321A70BDE79D
:10BBF00027EE047BB5EE407BF1EE10FA7FF4EFAE5A
:10BC000010E700BF58E0010830E00108089900295A
:10BC100000F0E3800799012900F3C880002D00F0AF
:10BC2000C18002F23342059E1C460493059B1344D7
:10BC30000593069B012113444846069300F078FBC8
:10BC4000049B054666B1069A002A09DDB2420599B1
:10BC5000A8BF3246891A05910699B61A8A1A069221
:10BC6000FBB1089A002A00F0BC809CB1294622460C
:10BC700048460B9300F01CFC019A014605464846D5
:10BC800000F06CFB01990490484600F09DFA049A7C
:10BC90000B9B01921A1B04D00199484600F008FC46
:10BCA00001900121484600F043FB0A9B0446002B0B
:10BCB00000F0D0811A460146484600F0F9FB079B88
:10BCC000012B044600F39580029B002B40F08B80F3
:10BCD000039BC3F31302002A40F0878023F0004245
:10BCE000120D1205002A00F08280059B0133059396
:10BCF000069B0133069301230B930A9B002B00F054
:10BD0000AF81226904EB8202106900F0C5FAC0F12C
:10BD10002000069B184410F01F0076D0C0F12002CE
:10BD2000042A69DD059BC0F11C0003440593069BB2
:10BD3000064403440693059B002B05DD01991A4632
:10BD4000484600F00FFC0190069B002B05DD2146C4
:10BD50001A46484600F006FC04460C9B002B56D0C1
:10BD60000198214600F06AFC002850DA08F1FF3300
:10BD70000493019900230A22484600F047FA089BE1
:10BD80000190002B00F06E81294600230A224846CC
:10BD900000F03CFABBF1000F054664DC079B022B68
:10BDA0003EDC60E00E9AC2F136023CE70AF1FF3455
:10BDB000A342BFBFE21A0A9B9B180A93AEBF1C1B8B
:10BDC00023460024BAF1000FB5BF059A059EA2EBE9
:10BDD0000A065246B8BF002227E7059E089D1C466A
:10BDE00030E71A4658E7002386E7029B84E70B9268
:10BDF00083E700230B9384E79DD0059B1C321344FB
:10BE00000593069B1644134494E70246F5E7BAF1FE
:10BE1000000FCDF81080D34621DC079B022B1EDDDE
:10BE2000BBF1000F7FF4B7AE21465B4605224846C2
:10BE300000F0ECF901460446019800F0FFFB0028F1
:10BE40007FF7A9AE3E46312306F8013B049B013340
:10BE50000493A4E6CDF8108054462546F2E7089BEB
:10BE6000002B00F00381002E05DD294632464846AE
:10BE700000F078FB05460B9B002B58D069684846BC
:10BE800000F062F9064628B9824B024640F2EF21E3
:10BE9000FFF7C7BB2A690232920005F10C010C3092
:10BEA000FFF707FB01223146484600F05BFB7B1C95
:10BEB000059307EB0B030993029B03F00103A846CC
:10BEC00008930546059B0198214603F1FF3BFFF7C8
:10BED00005FB4146029000F1300A019800F0AEFBEC
:10BEE0002A4606902146484600F0C4FBC268064632
:10BEF000FAB90146019800F0A1FB024631464846D6
:10BF00000A9200F061F9079B0A9A059E43EA020132
:10BF1000089B19430FD1BAF1390F28D0069B002B8B
:10BF200002DD029B03F1310A8BF800A039E62846B6
:10BF3000BDE70122E2E7069B002B04DB07990B43D8
:10BF400008990B4320D1002AEEDD019901224846D1
:10BF500000F008FB2146019000F070FB002803DC94
:10BF6000E2D11AF0010FDFD0BAF1390FD9D139235C
:10BF70008BF8003033461E46013B16F8012C392A57
:10BF800053D001321A700CE6002A07DDBAF1390FDE
:10BF9000EDD00AF101038BF8003002E6059B059A0B
:10BFA00003F801AC099B934229D0019900230A228E
:10BFB000484600F02BF9A84501904FF000034FF0E0
:10BFC0000A024146484607D100F020F9804605465E
:10BFD000059B0133059375E700F018F92946804663
:10BFE00000230A22484600F011F90546F0E7BBF1AC
:10BFF000000FCCBF5E4601263E444FF00008019979
:10C000000122484600F0AEFA2146019000F016FBEE
:10C010000028AFDC02D11AF0010FABD133461E4627
:10C0200013F8012D302AFAD0BBE59F42A3D1049B1F
:10C030000133049331233B70B3E51D9B164F1BB1B5
:10C0400007F108031D9A1360384611B0BDEC028B4E
:10C05000BDE8F08F079B012B7FF736AE0A9B0B9351
:10C06000012056E6BBF1000F7FF7D7AE3E460198A0
:10C070002146FFF733FA00F1300A06F801ABF21B54
:10C080009345B4DD019900230A22484600F0BEF82A
:10C090000190ECE7B9DF010854DF01080148FFF720
:10C0A000FEB900BFD0FD01240148FFF7F9B900BF78
:10C0B000D0FD012438B50546002941D051F8043C93
:10C0C0000C1F002BB8BFE418FEF7C0F81D4A136818
:10C0D00033B9636014602846BDE83840FEF7BCB849
:10C0E000A34208D9206821188B4201BF19685B68F8
:10C0F00009182160EDE71A465B680BB1A342FAD933
:10C1000011685018A0420BD1206801445018834296
:10C110001160E0D118685B68536008441060DAE78A
:10C1200002D90C232B60D6E7206821188B4204BF6C
:10C1300019685B68636004BF091821605460CAE72E
:10C1400038BD00BF8CFC012470B5C66904460D469D
:10C1500076B91020FDF7C8FF0246E06120B9184B00
:10C1600018486B21FDF73EFFC0E901660660C66016
:10C17000E669F36883B1E369DB6853F82500B8B971
:10C18000012101FA05F6721D92002046FDF750FFCD
:10C1900060B1C0E901560EE0212204212046FDF7DE
:10C1A00047FFE369F060DB68002BE4D1002070BD3D
:10C1B000026843F825200023C0E90333F7E700BFF6
:10C1C000B0DD0108CADF010870B5C66905460C4636
:10C1D00076B91020FDF788FF0246E86120B9094BC7
:10C1E00009488F21FDF7FEFEC0E901660660C660C2
:10C1F0003CB1EB696268DB6853F82210216043F8B8
:10C20000224070BDB0DD0108CADF01082DE9F04110
:10C210000D6907460C461E4601F1140C0020DCF89F
:10C22000003099B202FB01611E0C0B0C02FB0633BD
:10C2300089B2013001EB034185424CF8041B4FEAFF
:10C240001346ECDC0EB3A368AB4219DC61683846D8
:10C250000131FFF779FF804628B902460C4B0D48A3
:10C26000BA21FDF7BFFE2269023204F10C019200EF
:10C270000C30FFF71EF921463846FFF7A5FF44466C
:10C2800004EB850301355E6125612046BDE8F08140
:10C29000B9DF0108CADF0108B0F5803F034636BFA9
:10C2A000030400201020B3F1807F3CBF1B02083044
:10C2B000B3F1805F3CBF1B010430B3F1804F3CBF42
:10C2C0009B000230002B05DB13F0804F00F10100D2
:10C2D00008BF202070470368024613F007000BD008
:10C2E000D90721D4980749BF5B089B080120136038
:10C2F0005CBF13600220704799B209B91B0C102073
:10C30000D9B209B908301B0A190704BF1B09043048
:10C31000990704BF9B080230D90703D45B0800F1DA
:10C32000010003D013607047002070472020704741
:10C3300010B50C460121FFF707FF024628B9054B4F
:10C34000054840F24511FDF74DFE012344610361AC
:10C3500010BD00BFB9DF0108CADF01082DE9F04FA9
:10C3600014460A6923699A42A8BF23460F46A4BF10
:10C370000C461F46D4F810A0D7F81090A368616847
:10C380000AEB0906B34285B0B8BF0131FFF7DCFE06
:10C3900030B90246444B45484FF4B171FDF722FED7
:10C3A00000F1140505EB86082B460022434521D3F6
:10C3B00007F1140104F1140202EB8A0201EB890374
:10C3C0000293131B153B23F00303043304F11507F9
:10C3D000BA4238BF04230193029B03918B420CD8CD
:10C3E000002E03DD58F8043D002B5BD0066105B03C
:10C3F000BDE8F08F43F8042BD8E7B1F800A0BAF1FC
:10C40000000F24D004F1140EA9464FF0000C5EF882
:10C41000047BD9F800301FFA87FB9BB20AFB0B3371
:10C420004FEA174BD9F8007063444FEA174C0AFBE8
:10C430000BC707EB13479BB243EA0743724549F822
:10C44000043B4FEA174CE2D8019B45F803C0039B1D
:10C45000B3F802900431B9F1000F21D02B6804F138
:10C46000140CAE464FF0000ABCF800B0BEF80270E3
:10C4700009FB0B7757449BB243EA07434EF8043B52
:10C480005CF8043B4FEA134ABEF8003009FB0A335C
:10C4900003EB174362454FEA134AE5D8019FEB517E
:10C4A000043599E7013E9BE7B9DF0108CADF0108BF
:10C4B0002DE9F843154612F0030207460E4607D051
:10C4C000254C013A002354F82220FFF79FFE064630
:10C4D000AD103DD0FC697CB91020FDF705FE024689
:10C4E000F86128B91D4B1E4840F2B311FDF77AFDE3
:10C4F000C0E901440460C460D7F81C80D8F8084043
:10C500004CB940F271213846FFF712FF0023C8F8FA
:10C510000800044603604FF00009EB070AD53146D6
:10C5200022463846FFF71AFF314680463846FFF765
:10C530004BFE46466D100BD0206838B92246214686
:10C540003846FFF70BFF2060C0F800900446E4E790
:10C550003046BDE8F88300BF24E00108B0DD0108E3
:10C56000CADF01082DE9F0470C464968236903EB4F
:10C570006218A368074691464FEA621A08F101065D
:10C58000B3420BDB3846FFF7DFFD054648B90246EC
:10C59000284B29484FF4EF71FDF724FD01315B0072
:10C5A000EEE7002300F1140100F110021846534594
:10C5B00033DB20692AEAEA7A04F1140319F01F092F
:10C5C00001EB8A0103EB800C2BD0C9F1200E8A46C7
:10C5D0000022186800FA09F010434AF8040B53F8D7
:10C5E000042B9C4522FA0EF2F3D8ACEB0403153B66
:10C5F00023F00303043304F11500844538BF0423FA
:10C60000CA500AB108F10206013E38462E612146A1
:10C61000FFF7DAFD2846BDE8F08742F8040F013342
:10C62000C5E7043953F8042B41F8042F9C45F9D889
:10C63000EAE700BFB9DF0108CADF01080A6903465B
:10C640000069801A30B50ED11433143103EB820423
:10C6500001EB820154F8045D51F8042D954203D09A
:10C6600005D24FF0FF3030BDA342F3D3FBE70120EA
:10C67000F9E700002DE9F74F89460646114648467E
:10C680001446FFF7DBFF051E12D129463046FFF79F
:10C690005BFD024628B93F4B40F237213E48FDF78B
:10C6A000A1FC0123C0E90435104603B0BDE8F08FBA
:10C6B000BCBF4B46A1463046D9F80410BABF1C4651
:10C6C00001250025FFF740FD024618B9314B40F225
:10C6D0004521E3E7D9F810702669C56009F1100318
:10C6E00009F1140504F1140E00F1140B05EB870891
:10C6F0000EEB86060193D9464FF0000C019B5EF8C5
:10C70000040B53F804AF01931FFA8AF3194683B25E
:10C71000CB1A000C6344C0EB1A4000EB23409BB2E1
:10C7200043EA0043764549F8043B4FEA204CE5D8FC
:10C73000331B153B23F0030315340433A64238BFE3
:10C7400004231D445B441E462C4644450ED308F189
:10C750000301491B21F00301033DA84538BF002117
:10C760000B4453F8041D91B117619DE754F8041B65
:10C77000E646080C1CFA81FC714400EB2C4089B29F
:10C7800041EA004146F8041B4FEA204CDDE7013F37
:10C79000E7E700BFB9DF0108CADF01082DE9F74369
:10C7A0000F46012159EC108B1646FFF7CDFC0446CD
:10C7B00030B90246234B244840F20F31FDF712FCFA
:10C7C000C9F30A55C9F313030DB143F48013019360
:10C7D000B8F1000323D068460093FFF77CFDDDE944
:10C7E0000012D0B1C0F1200302FA03F30B43C240A0
:10C7F00063610192019BA361002B0CBF0122022205
:10C800002261A5B1A5F2334505443D60C0F1350074
:10C810003060204603B0BDE8F0836161EAE701A81B
:10C82000FFF759FD019B636120300122E8E704EB2B
:10C830008203A0F2324038601869FFF72DFDC0EB8B
:10C840004210E5E7B9DF0108CADF010851F8043CEE
:10C85000181F002BBCBF0B58C01870472DE9F047BC
:10C860008E681F46BE420B6882460C4690462DD805
:10C87000B1F90C2012F4906F26D06569096905EBB7
:10C880004505A3EB010905EBD5757B1C4B446D10E9
:10C890009D4238BF1D46530527D52946FDF756FC56
:10C8A000064660B321694A46FEF703FEA38923F4D6
:10C8B000906343F08003A381266165614E44A5EB3C
:10C8C00009052660A5603E46BE4200D93E46206866
:10C8D00032464146FEF7B0FCA3689B1BA360236869
:10C8E000334423600020BDE8F0872A46FDF72EFD83
:10C8F00006460028E0D121695046FFF7DBFB0C23F8
:10C90000CAF80030A38943F04003A3814FF0FF3001
:10C91000E9E700002DE9F04F98468B891B069DB092
:10C9200007460D46144610D50B6973B94021FDF733
:10C930000DFC2860286130B90C233B604FF0FF30BC
:10C940001DB0BDE8F08F40236B61002309932023C5
:10C950008DF82930CDF80C803023DFF89C818DF8DC
:10C960002A304FF0010923469A4613F8012B0AB1E9
:10C97000252AF9D1BAEB040B0BD05B462246294697
:10C980003846FFF76BFF013000F0A780099A5A4440
:10C9900009929AF80030002B00F09F8000234FF09E
:10C9A000FF32CDE905230AF1010A049307938DF8BC
:10C9B00053301A935446052214F8011B4E48E3F7EE
:10C9C0009FFC049AD8B9D00644BF20238DF8533079
:10C9D000110744BF2B238DF853309AF800302A2BCF
:10C9E00015D0079A544600204FF00A0C214611F842
:10C9F000013B303B092B4BD9B0B1079214E0A0EBBF
:10CA0000080309FA03F313430493A246D2E7039BF6
:10CA1000191D1B680391002BBBBF5B4242F0020251
:10CA200007930793B8BF049223782E2B0AD163781B
:10CA30002A2B32D1039B1A1D1B68039243EAE3732E
:10CA400002340593DFF8C0A0217803225046E3F7B3
:10CA500057FC38B1049BA0EB0A00402282401343EC
:10CA60000134049314F8011B24488DF82810062281
:10CA7000E3F746FC002836D0214B1BBB039B073352
:10CA800023F0070308330393099B334409936AE7B0
:10CA90000CFB02320C460120A8E700230134059369
:10CAA00019464FF00A0C204610F8012B303A092A9B
:10CAB00003D9002BC6D00591C4E70CFB0121044625
:10CAC0000123F0E703AB00932A460E4B04A9384636
:10CAD000FDF772FD421C0646D6D1AB895B063FF5D9
:10CAE0002DAF09982CE703AB00932A46054B04A908
:10CAF0003846FDF7E9FFEDE720E101082AE10108EA
:10CB0000B9A501085DC8010826E101089368013B49
:10CB1000002B10B4936008DA9469A34201DB0A2960
:10CB200003D15DF8044BFEF7E3BA1368581C10609C
:10CB3000197008465DF8044B7047F8B506460F4675
:10CB40001446D518AC4201D1002007E014F8011BAF
:10CB50003A463046FFF7DAFF431CF3D1F8BD000038
:10CB60002DE9F04F0D469DB014469846064618B183
:10CB7000036A0BB9FEF754F96B6ED90705D4AB897C
:10CB80009A0502D4A86DFEF78AFCAB891B0701D574
:10CB90002B699BB929463046FEF7E8FA70B16B6EF7
:10CBA000DC0704D54FF0FF301DB0BDE8F08FAB8936
:10CBB0009805F7D4A86DFEF773FCF3E700230993FB
:10CBC00020238DF82930CDF80C803023DFF8AC819C
:10CBD0008DF82A304FF0010923469A4613F8012BAD
:10CBE0000AB1252AF9D1BAEB040B0BD05B462246D9
:10CBF00029463046FFF7A1FF013000F0A780099ACF
:10CC00005A4409929AF80030002B00F09F800023CC
:10CC10004FF0FF32CDE905230AF1010A049307938F
:10CC20008DF853301A935446052214F8011B5348CB
:10CC3000E3F766FB049AD8B9D10644BF20238DF8E8
:10CC40005330130744BF2B238DF853309AF800302C
:10CC50002A2B15D0079A544600204FF00A0C214683
:10CC600011F8013B303B092B4BD9B0B1079214E0CE
:10CC7000A0EB080309FA03F313430493A246D2E797
:10CC8000039B191D1B680391002BBBBF5B4242F045
:10CC9000020207930793B8BF049223782E2B0AD180
:10CCA00063782A2B32D1039B1A1D1B68039243EA37
:10CCB000E37302340593DFF8D4A0217803225046B1
:10CCC000E3F71EFB38B1049BA0EB0A004022824030
:10CCD00013430134049314F8011B29488DF82810DC
:10CCE0000622E3F70DFB00283FD0264B1BBB039B1E
:10CCF000073323F0070308330393099B3B4409934D
:10CD00006AE70CFB02320C460120A8E7002301343D
:10CD1000059319464FF00A0C204610F8012B303AC3
:10CD2000092A03D9002BC6D00591C4E70CFB0121C9
:10CD300004460123F0E703AB00932A46124B04A9F3
:10CD40003046FDF739FC0746781CD6D16B6ED90703
:10CD500005D4AB899A0502D4A86DFEF7A1FBAB8977
:10CD60005B063FF51FAF09981EE703AB00932A4609
:10CD7000054B04A93046FDF7A7FEE4E720E10108D2
:10CD80002AE10108B9A501083BCB010826E1010809
:10CD9000B1F90C202DE9F041160705460C4654D494
:10CDA0004B68002B02DC0B6C002B48DDE66A002E82
:10CDB00045D0002312F480522F68216A2B6030D0B6
:10CDC000626DA389590705D56368D21A636B0BB1ED
:10CDD000236CD21A0023E66A216A2846B047431C16
:10CDE000A38906D129681D292BD82A4A0A41D607CA
:10CDF00027D400226260D9042269226004D5421C33
:10CE000001D12B6803B96065616B2F60B9B104F182
:10CE10004403994202D02846FFF74CF9002363638C
:10CE20000DE001232846B0470246501CC9D12B68AB
:10CE3000002BC6D01D2B01D0162B1ED12F60002039
:10CE400022E043F040031BB21BE00F69002FF6D035
:10CE500093070E6808BF4B690F6018BF0023A6EB4D
:10CE600007088B60B8F1000FE9DD216AA66A434626
:10CE70003A462846B047002808DCB4F90C3043F0A5
:10CE80004003A3814FF0FF30BDE8F0810744A8EBD9
:10CE90000008E7E7FEFFBFDF38B50B6905460C4623
:10CEA00013B90025284638BD18B1036A0BB9FDF740
:10CEB000B7FFB4F90C30002BF3D0626ED00704D466
:10CEC000990502D4A06DFEF7EAFA28462146FFF73D
:10CED0005FFF636EDA070546E4D4A3899B05E1D4BE
:10CEE000A06DFEF7DDFADDE770B50C46B1F90E1066
:10CEF000002996B015461E460DDAA38913F0800F5F
:10CF00004FF0000114BF40234FF4806300203160D4
:10CF10002B6016B070BD6A4600F078F80028ECDB94
:10CF2000019901F47041A1F50053594259414FF460
:10CF30008063EBE78B89F7B59D0706460C4607D55E
:10CF400004F14703236023610123636103B0F0BD53
:10CF500001AB6A46FFF7C8FF009F054639463046D9
:10CF6000FDF7F4F848B9B4F90C309A05EED423F083
:10CF7000030343F00203A381E2E7A389206043F0A7
:10CF80008003A381019BC4E904075BB1B4F90E10CF
:10CF9000304600F04DF828B1A38923F0030343F095
:10CFA0000103A381A3891D43A581CFE71F2938B5BC
:10CFB00005460C4604D9162303604FF0FF3038BDF8
:10CFC000C26B12B152F821304BB9284600F052F82A
:10CFD000224601462846BDE8384000F039B8012B0A
:10CFE0000AD0591C03D1162303600120E7E7002172
:10CFF00042F82410204698470020E0E7024B014603
:10D000001868FFF7D3BF00BF4001002438B5074DB3
:10D0100000230446084611462B60E4F737FA431C08
:10D0200002D12B6803B1236038BD00BFCCFD0124C1
:10D0300038B5064D0023044608462B60E4F736FA5F
:10D04000431C02D12B6803B1236038BDCCFD012401
:10D0500038B5074D00230446084611462B60E4F717
:10D06000D1F9431C02D12B6803B1236038BD00BF46
:10D07000CCFD0124E4F7BEB982B001B901A942B1E7
:10D080004BB113780B601278101E18BF012002B04C
:10D0900070471046FBE76FF00100F8E703460846CB
:10D0A00041B1FF2A04D98A221A604FF0FF3070473D
:10D0B0000A70012070470000F8B500BFF8BC08BC3A
:10D0C0009E467047F8B500BFF8BC08BC9E46704746
:10D0D0007374617274204150502048616E646C65B5
:10D0E000000000004572726F72206F6E206C696ED6
:10D0F000652025643A2025642E2041626F72746990
:10D100006E672E0A000000004572726F72206F6E0B
:10D110002064656661756C7420616C6C6F6361740A
:10D120006F727320286C696E65202564290A0000DF
:10D130007561727420736572766F3A25642C2025B0
:10D14000642C2025640A0000524F5320446F6D6107
:10D15000696E2049443A25640A0000005265636FF5
:10D160006E6E656374696E67206167656E742E2EDE
:10D170002E00000053746172742059425F4578613B
:10D180006D706C655F4E6F646500000059425F45CD
:10D1900078616D706C655F4E6F64650061726D5F84
:10D1A0006A6F696E740000006578656375746F72EC
:10D1B0005F636F756E743A25640A0000524F532006
:10D1C0005461736B20456E640000000052657374F7
:10D1D0006172742053797374656D21212100000000
:10D1E00064656661756C745461736B006D7954612C
:10D1F000736B526F73000000696400006A6F696EA0
:10D200007400000074696D650000000061726D5F5C
:10D210006D7367735F5F6D736700000041726D4AE5
:10D220006F696E740000000049444C450000000026
:10D23000546D722053766300546D725100000000EB
:10D24000047DC12502000000FFD7F232000000007B
:10D25000FFFD000058524345010F0000FFFE000093
:10D26000E0D1010800000000000000000000000004
:10D2700000000000D00700000800000000000000CF
:10D2800000000000ECD101080000000000000000D8
:10D290000000000000000000E02E00001800000068
:10D2A0000000000000000000000000000102030474
:10D2B00001020304060708090006101600061016EE
:10D2C000010002000400060008000A000C00100023
:10D2D000200040008000000101010103070100005F
:10D2E00008040204080101010CD201081CD2010843
:10D2F0000300000006000000180000240DAF000825
:10D3000027AF000861726D5F6D73677300000000E6
:10D31000726F7369646C5F74797065737570706F28
:10D3200072745F696E74726F7370656374696F6E27
:10D330005F635F5F6765745F6D6573736167655F8A
:10D34000747970655F737570706F72745F68616E09
:10D35000646C655F5F61726D5F6D7367735F5F6D56
:10D3600073675F5F41726D4A6F696E740000000001
:10D37000726F7369646C5F74797065737570706FC8
:10D3800072745F6D6963726F787263656464735FF2
:10D39000635F5F6765745F6D6573736167655F7415
:10D3A0007970655F737570706F72745F68616E64B9
:10D3B0006C655F5F61726D5F6D7367735F5F6D73E7
:10D3C000675F5F41726D4A6F696E7400726F736957
:10D3D000646C5F74797065737570706F72745F6977
:10D3E0006E74726F7370656374696F6E5F63000053
:10D3F000726F7369646C5F74797065737570706F48
:10D4000072745F6D6963726F787263656464735F71
:10D4100063000000CCD30108F0D301080200000033
:10D4200004D3010814D4010830D40108DC0000241E
:10D4300010D3010870D3010861726D5F6D7367735B
:10D440003A3A6D7367000000000000000000000021
:10D4500000000000000000000000000000000000CC
:10D4600000000000000000000000000000000000BC
:10D4700000000000000000000000000000000000AC
:10D48000000000000000000000000000000000009C
:10D49000000000000000000000000000000000008C
:10D4A000000000000000000000000000000000007C
:10D4B000000000000000000000000000000000006C
:10D4C000000000000000000000000000000000005C
:10D4D0000000000000000000010000000A00000041
:10D4E0000102000000000000000000000000000039
:10D4F000000000000000000000000000000000002C
:10D50000000000000000000000000000000000001B
:10D51000000000000000000000000000000000000B
:10D520000000000000000000524F535F4C4F434189
:10D530004C484F53545F4F4E4C5900002E00000092
:10D540002F0000002F2573002573257300000000B5
:10D5500025732F257300000000000000000000006C
:10D56000524F535F53454355524954595F454E41BD
:10D57000424C45007472756500000000524F535FC5
:10D5800053454355524954595F53545241544547AA
:10D5900059000000456E666F72636500656E636CCE
:10D5A0006176657300000000524F535F5345435549
:10D5B000524954595F4B455953544F52450000004E
:10D5C000524F535F53454355524954595F454E435B
:10D5D0004C4156455F4F5645525249444500000064
:10D5E0000000000000000000010000000A00000030
:10D5F0000102000000000000000000000000000028
:10D60000000000000000000000000000000000001A
:10D61000000000000000000000000000000000000A
:10D6200000000000000000000000000000000000FA
:10D63000000000000000000072636C5F76616C699E
:10D64000646174655F656E636C6176655F6E616D64
:10D65000655F776974685F73697A6528293A207510
:10D660006E6B6E6F776E20726D775F76616C69643A
:10D670006174655F6E616D6573706163655F776925
:10D6800074685F73697A65282920726573756C7494
:10D690002027256427000000000000000000000093
:10D6A000000000000000000000000000000000007A
:10D6B000000000000000000000000000000000006A
:10D6C000000000000000000000000000000000005A
:10D6D000000000000000000000000000000000004A
:10D6E000617267756D656E7420656E765F6E616DD3
:10D6F00065206973206E756C6C000000617267753F
:10D700006D656E7420656E765F76616C75652069F7
:10D7100073206E756C6C0000650000003A3A0000E2
:10D7200025732573257325732573257325730000D1
:10D730005F0000006464730072740000726D775FB4
:10D7400076616C69646174655F6E616D657370614B
:10D75000636528293A20756E6B6E6F776E20726D47
:10D76000775F76616C69646174655F66756C6C5F28
:10D77000746F7069635F6E616D65282920726573CF
:10D78000756C74202725642700000000756E6B6E91
:10D790006F776E20726573756C7420636F6465209B
:10D7A000666F7220726D77206E616D657370616354
:10D7B000652076616C69646174696F6E00000000B9
:10D7C0006E616D657370616365206D757374206E35
:10D7D0006F7420626520656D707479006E616D658F
:10D7E0007370616365206D7573742062652061627A
:10D7F000736F6C7574652C206974206D757374205B
:10D800006C6561642077697468206120272F270088
:10D810006E616D657370616365206D757374206EE4
:10D820006F7420656E642077697468206120272FEB
:10D83000272C20756E6C657373206F6E6C79206178
:10D8400020272F27000000006E616D6573706163F3
:10D8500065206D757374206E6F7420636F6E7461D4
:10D86000696E2063686172616374657273206F749E
:10D87000686572207468616E20616C7068616E7595
:10D880006D65726963732C20275F272C206F7220CF
:10D89000272F27006E616D657370616365206D755C
:10D8A0007374206E6F7420636F6E7461696E207282
:10D8B0006570656174656420272F27006E616D6552
:10D8C0007370616365206D757374206E6F7420686A
:10D8D000617665206120746F6B656E207468617479
:10D8E0002073746172747320776974682061206E8C
:10D8F000756D6265720000006E616D6573706163C5
:10D90000652073686F756C64206E6F742065786332
:10D910006565642027524D575F4E414D4553504138
:10D9200043455F4D41585F4E414D455F4C454E4725
:10D930005448270000000000C0D70108DCD70108C8
:10D9400010D8010848D8010894D80108BCD80108AB
:10D95000F8D80108756E6B6E6F776E2072657375FF
:10D960006C7420636F646520666F7220726D77201F
:10D970006E6F6465206E616D652076616C696461AF
:10D9800074696F6E000000006E6F6465206E616DDB
:10D9900065206D757374206E6F7420626520656DEF
:10D9A000707479006E6F6465206E616D65206D75B1
:10D9B0007374206E6F7420636F6E7461696E206380
:10D9C000686172616374657273206F746865722038
:10D9D0007468616E20616C7068616E756D657269E6
:10D9E0006373206F7220275F270000006E6F6465ED
:10D9F000206E616D65206D757374206E6F74207379
:10DA00007461727420776974682061206E756D622C
:10DA1000657200006E6F6465206E616D65206C65D7
:10DA20006E6774682073686F756C64206E6F742005
:10DA3000657863656564202732353527000000006E
:10DA40000000000088D90108A4D90108ECD9010818
:10DA500014DA0108726F7369646C5F7479706573AE
:10DA60007570706F72745F63000000000000C1C0C9
:10DA700081C1400101C3C003800241C201C6C0068A
:10DA8000800741C70005C1C581C4400401CCC00C5A
:10DA9000800D41CD000FC1CF81CE400E000AC1CA1A
:10DAA00081CB400B01C9C009800841C801D8C0180A
:10DAB000801941D9001BC1DB81DA401A001EC1DE8A
:10DAC00081DF401F01DDC01D801C41DC0014C1D47A
:10DAD00081D5401501D7C017801641D601D2C0129A
:10DAE000801341D30011C1D181D0401001F0C0306A
:10DAF000803141F10033C1F381F240320036C1F68A
:10DB000081F7403701F5C035803441F4003CC1FC59
:10DB100081FD403D01FFC03F803E41FE01FAC03A19
:10DB2000803B41FB0039C1F981F840380028C1E849
:10DB300081E9402901EBC02B802A41EA01EEC02E89
:10DB4000802F41EF002DC1ED81EC402C01E4C02479
:10DB5000802541E50027C1E781E640260022C1E299
:10DB600081E3402301E1C021802041E001A0C060A9
:10DB7000806141A10063C1A381A240620066C1A689
:10DB800081A7406701A5C065806441A4006CC1AC59
:10DB900081AD406D01AFC06F806E41AE01AAC06A19
:10DBA000806B41AB0069C1A981A840680078C1B809
:10DBB00081B9407901BBC07B807A41BA01BEC07E89
:10DBC000807F41BF007DC1BD81BC407C01B4C07479
:10DBD000807541B50077C1B781B640760072C1B299
:10DBE00081B3407301B1C071807041B00050C190E9
:10DBF000819140510193C053805241920196C05689
:10DC0000805741970055C19581944054019CC05C58
:10DC1000805D419D005FC19F819E405E005AC19A18
:10DC2000819B405B0199C059805841980188C04848
:10DC300080494189004BC18B818A404A004EC18E88
:10DC4000818F404F018DC04D804C418C0044C18478
:10DC5000818540450187C047804641860182C04298
:10DC6000804341830041C181818040400000000029
:10DC700000000000000000000000000000000000A4
:10DC8000198501081D850108000000000000000042
:10DC900000000000000000001D850108218501082A
:10DCA00025850108000000000000000000000000C1
:10DCB000218501082585010829850108000000004B
:10DCC0000000000000000000000000000000000054
:10DCD0000000000000000000000000000000000044
:10DCE0000000000000000000000000000000000034
:10DCF0000000000000000000000000000000000024
:10DD00000000000000000000000000000000000013
:10DD1000000000000000000000000000524F535FB0
:10DD2000444F4D41494E5F494400000025732F2563
:10DD3000732573007B6E6F64657D00007B6E737D61
:10DD4000000000007B6E616D6573706163657D002E
:10DD5000000000000000000063647200726D775FD5
:10DD60006D6963726F7872636564647300000000AC
:10DD70005CDD01082C2066756E6374696F6E3A2055
:10DD800000617373657274696F6E2022257322209F
:10DD90006661696C65643A2066696C65202225734A
:10DDA000222C206C696E65202564257325730A007A
:10DDB0005245454E54206D616C6C6F6320737563E2
:10DDC000636565646564002F6275696C642F676EB6
:10DDD000752D746F6F6C732D666F722D73746D3348
:10DDE000325F31322E332E72656C312E3230323446
:10DDF000303631322D313331352F7372632F6E65EA
:10DE0000776C69622F6E65776C69622F6C696263EB
:10DE10002F7374646C69622F72616E642E630000EC
:10DE200020202020202020202028282828282020CA
:10DE300020202020202020202020202020202020E2
:10DE4000881010101010101010101010101010105A
:10DE5000040404040404040404041010101010103A
:10DE60001041414141414101010101010101010113
:10DE70000101010101010101010101101010101047
:10DE800010424242424242020202020202020202E4
:10DE9000020202020202020202020210101010200C
:10DEA0000000000000000000000000000000000072
:10DEB0000000000000000000000000000000000062
:10DEC0000000000000000000000000000000000052
:10DED0000000000000000000000000000000000042
:10DEE0000000000000000000000000000000000032
:10DEF0000000000000000000000000000000000022
:10DF00000000000000000000000000000000000011
:10DF10000000000000000000000000000000000001
:10DF2000494E4600696E66004E414E006E616E00BD
:10DF3000300030313233343536373839414243449A
:10DF40004546003031323334353637383961626313
:10DF500064656600496E66696E697479004E614E4B
:10DF6000002F6275696C642F676E752D746F6F6C0E
:10DF7000732D666F722D73746D33325F31322E33B1
:10DF80002E72656C312E32303234303631322D31D2
:10DF90003331352F7372632F6E65776C69622F6E24
:10DFA00065776C69622F6C6962632F7374646C6946
:10DFB000622F64746F612E630042616C6C6F63202A
:10DFC000737563636565646564002F6275696C646D
:10DFD0002F676E752D746F6F6C732D666F722D7356
:10DFE000746D33325F31322E332E72656C312E32C6
:10DFF000303234303631322D313331352F73726354
:10E000002F6E65776C69622F6E65776C69622F6C15
:10E010006962632F7374646C69622F6D70726563DB
:10E020002E63000005000000190000007D000000C4
:10E030000080E03779C34143176E05B5B5B8934604
:10E04000F5F93FE9034F384D321D30F94877825AD0
:10E050003CBF737FDD4F1575000000000000F03FEE
:10E0600000000000000024400000000000005940B3
:10E070000000000000408F40000000000088C34006
:10E0800000000000006AF8400000000080842E417B
:10E0900000000000D01263410000000084D79741C7
:10E0A0000000000065CDCD41000000205FA00242CD
:10E0B000000000E876483742000000A2941A6D4242
:10E0C000000040E59C30A2420000901EC4BCD64235
:10E0D00000003426F56B0C430080E03779C34143E0
:10E0E00000A0D8855734764300C84E676DC1AB4356
:10E0F000003D9160E458E143408CB5781DAF154474
:10E1000050EFE2D6E41A4B4492D54D06CFF080444E
:10E11000F64AE1C7022DB544B49DD9794378EA4463
:10E12000232D302B2000686C4C0065666745464700
:0CE13000004300504F534958002E0000DF
:08E13C00A421FE7F0100000098
:08E14400C5020008A5DD00087A
:04E14C00A102000824
:10E150001E000000780400240090D0030090D0033B
:10E160001000000001000000F8D1010808000000C4
:10E17000000000000000000000000000000000009F
:10E18000000000000000000000000000000000008F
:10E19000000000000000000000000000000000007F
:10E1A00000000000FCD101080B000000000000008E
:10E1B000000000000000000000000000000000005F
:10E1C000020000000000000000000000000000004D
:10E1D000000000000000000000000000000000003F
:10E1E00004D201080B000000000000000000000045
:10E1F000000000000000000000000000040000001B
:10E20000000000000000000000000000000000000E
:10E2100000000000000000000000000000000000FE
:10E22000E8D2010895440108AAAAAAAA3DAF0008AD
:10E2300091DE0008000000001CD40108A944010878
:10E24000F0D30108FC0000249544010838D40108EB
:10E2500064D3010811DE0008EDDD00083DDE000892
:10E26000B9DD000869DE0008BD1D0108B91D0108FF
:10E27000B51D0108B11D01080000000054DA0108B5
:10E28000CCD30108000000000300000090FC012432
:10E29000440100240000000090FC0124F8FC01244B
:10E2A00060FD0124000000000000000000000000EC
:10E2B000000000000000000000000000000000005E
:10E2C000000000000000000000000000000000004E
:10E2D000000000000000000000000000000000003E
:10E2E00043000000000000000000000000000000EB
:10E2F000000000000000000000000000000000001E
:10E3000043000000000000000000000000000000CA
:10E3100000000000000000000000000000000000FD
:10E3200043000000000000000000000000000000AA
:10E3300000000000000000000000000000000000DD
:10E34000430000000000000000000000000000008A
:10E3500000000000000000000000000000000000BD
:10E36000430000000000000000000000000000006A
:10E37000000000000000000000000000000000009D
:10E38000430000000000000000000000000000004A
:10E39000000000000000000000000000000000007D
:10E3A000430000000000000000000000000000002A
:10E3B000000000000000000000000000000000005D
:10E3C0009DD0010879D00108000000001FDE01087F
:10E3D00039E10108AFDD0108AFDD0108AFDD01085B
:10E3E000AFDD0108AFDD0108AFDD0108AFDD0108D9
:10E3F000AFDD0108AFDD0108FFFFFFFFFFFFFFFFFB
:10E40000FFFFFFFFFFFF00000100415343494900A8
:10E4100000000000000000000000000000000000FC
:10E420000000000000000000000041534349490083
:10E4300000000000000000000000000000000000DC
:0CE44000000000000000000000000000D0
:0400000508001B25AF
:00000001FF
