:020000040800F2
:1000000000000824E1180008D9120008E1120008D5
:10001000E9120008F1120008F912000800000000BF
:1000200000000000000000000000000001130008B4
:100030000F130008000000001D1300082B13000818
:100040003119000831190008311900083119000868
:100050003119000831190008311900083119000858
:100060003119000831190008311900083119000848
:100070003119000839130008311900083119000836
:100080003119000831190008311900083119000828
:100090003119000831190008311900083119000818
:1000A0003119000831190008311900083119000808
:1000B00031190008311900083119000831190008F8
:1000C00031190008311900083119000831190008E8
:1000D00031190008311900083119000831190008D8
:1000E000311900083119000800000000311900081A
:1000F00031190008311900083119000831190008B8
:1001000031190008311900083119000831190008A7
:100110004D13000831190008311900083119000881
:100120003119000831190008311900083119000887
:100130003119000831190008311900083119000877
:1001400000000000000000000000000000000000AF
:100150003119000831190008311900083119000857
:100160003119000831190008311900083119000847
:100170003119000831190008311900080000000089
:100180003119000831190008311900083119000827
:100190003119000831190008311900083119000817
:1001A0003119000831190008311900083119000807
:1001B00031190008311900083119000831190008F7
:1001C00031190008311900083119000831190008E7
:1001D00031190008311900083119000831190008D7
:1001E00031190008311900083119000831190008C7
:1001F00031190008311900083119000831190008B7
:1002000031190008311900083119000831190008A6
:100210003119000831190008311900083119000896
:1002200031190008311900083119000800000000D8
:1002300031190008311900080000000031190008C8
:100240003119000831190008311900083119000866
:100250003119000831190008311900083119000856
:100260003119000831190008311900083119000846
:100270003119000831190008311900080000000088
:100280003119000831190008311900080000000078
:08029000000000003119000814
:1002A00010B5054C237833B9044B13B10448AFF3B0
:1002B00000800123237010BDD8010024000000003D
:1002C00020C3000808B5034B1BB103490348AFF333
:1002D000008008BD00000000DC01002420C30008ED
:1002E00001F0FF01102A2BDB10F0070F08D010F8E7
:1002F000013B013A8B422DD010F0070F42B3F6D1EB
:10030000F0B441EA012141EA014122F007047FF003
:1003100000070023F0E80256083C85EA010586EA5A
:10032000010685FA47F5A3FA87F586FA47F6A5FA96
:1003300087F68EB9EED1F0BC01F0FF0102F00702A2
:1003400032B110F8013B013A83EA010313B1F8D14D
:100350000020704701387047002D06BF354603382E
:10036000073815F0010F07D1013015F4807F02BF67
:10037000013015F4C03F0130F0BC0138704700BFB8
:10038000034613F8012B002AFBD1181A01387047D5
:1003900053B94AB9002908BF00281CBF4FF0FF31EC
:1003A0004FF0FF3000F06AB9ADF1080C6DE904CEF2
:1003B00000F006F8DDF804E0DDE9022304B0704740
:1003C0002DE9F047089D0C46002B4ED194468C45F4
:1003D0008646B2FA82F262D94AB1C2F12003914054
:1003E00020FA03F30CFA02FC194300FA02FE4FEA6A
:1003F0001C471FFA8CF6B1FBF7F44FEA1E4307FBCC
:10040000141143EA014304FB06F199420AD91CEB9B
:10041000030304F1FF3080F01281994240F20F8112
:10042000023C6344591A1FFA8EF3B1FBF7F007FB45
:10043000101143EA014300FB06F69E420AD91CEB69
:10044000030300F1FF3180F0FC809E4240F2F9800E
:10045000634402389B1B40EA044000211DB1D34095
:100460000022C5E90032BDE8F0878B4205D90DB105
:10047000C5E9000100210846F5E7B3FA83F1002938
:1004800046D1A34202D39042C0F0F080861A64EBBA
:1004900003030120002DE6D0C5E90063E3E7002A4D
:1004A00040F09080A1EB0C044FEA1C481FFA8CF737
:1004B0000121B4FBF8F64FEA1E4308FB164443EA59
:1004C000044307FB06F0984208D91CEB030306F12E
:1004D000FF3402D2984200F2CD8026461C1A1FFA41
:1004E0008EF3B4FBF8F008FB104443EA044300FB2E
:1004F00007F79F4208D91CEB030300F1FF3402D237
:100500009F4200F2B0802046DB1B40EA0640A5E790
:10051000C1F120068B4022FA06F71F4320FA06FCA1
:1005200004FA01F343EA0C03F44000FA01F8380C32
:100530004FEA1349B4FBF0FE1FFA87FC00FB1E4490
:1005400049EA04440EFB0CF9A14502FA01F20AD96A
:100550003C190EF1FF3A80F08480A14540F2818081
:10056000AEF1020E3C44A4EB09041FFA83F9B4FB7C
:10057000F0F300FB134449EA044403FB0CFCA445DC
:1005800007D93C1903F1FF3067D2A44565D9023B76
:100590003C4443EA0E40A0FB0293A4EB0C049C42B3
:1005A000CE469C4651D34ED055B1B8EB0E0364EB0A
:1005B0000C0404FA06F6CB401E43CC40C5E90064A7
:1005C000002150E7C2F1200320FA03F10CFA02FCEB
:1005D00024FA03F394400C434FEA1C4800FA02FE4D
:1005E0001FFA8CF7B3FBF8F008FB1031230C43EA39
:1005F000014300FB07F1994208D91CEB030300F10A
:10060000FF362CD299422AD9023863445B1AA4B22D
:10061000B3FBF8F108FB113344EA034401FB07F391
:10062000A34208D91CEB040401F1FF3613D2A34204
:1006300011D902396444E41A41EA004139E7044619
:10064000F0E6084606E7C845AED2B9EB020E63EB0A
:10065000070C0138A8E73146EDE7034699E7304635
:10066000D4E7D6467FE7634402384DE70646234683
:1006700008460FE7023E634430E700BF704700BF03
:1006800080B500AF094B1B780133DAB2074B1A7003
:10069000064B1B78142B07D9044B00221A704FF419
:1006A0000051034804F095FB00BF80BDF401002415
:1006B0000008025880B582B000AF01F0C1F978603F
:1006C0000C4809F02BFF00F073FB00F087FB01F0F2
:1006D000B7F902467B68D31AC72BF6D901F0B0F9F7
:1006E0007860FFF7CDFF044B1B681946034809F0FB
:1006F000ADFEEAE738C30008F80200244CC3000846
:1007000080B582B000AF78600B467B807A884FF668
:10071000FF737968034807F013FA00BF0837BD4636
:1007200080BD00BFB843002480B582B000AF46F260
:10073000A503BB803B1D02211846FFF7E1FF00BF68
:100740000837BD4680BD80B582B000AF46F2A553E4
:10075000BB803B1D02211846FFF7D2FF00BF0837C0
:10076000BD4680BD80B582B000AF0346FB71744BBF
:100770001B780A2B00F2E08001A252F823F000BFA0
:10078000AD070008C3070008D9070008F3070008F1
:100790003F08000859080008730800088D08000881
:1007A000A7080008C1080008DB080008FB79AA2B8D
:1007B00040F0BB80624B01221A70624BAA221A7071
:1007C000B3E0FB79552B40F0B2805D4B02221A70EA
:1007D0005C4B55225A70AAE0594B1B781946594A6E
:1007E000FB795354564B1B780133DAB2544B1A70D1
:1007F000A2E0534B1B781946524AFB795354504B95
:100800001B780133DAB24E4B1A70FB799BB21A4651
:10081000520013449AB24C4B1A804B4B1B88F52B59
:1008200040F28780484B00221A80454B00221A7004
:100830004FF480720021434809F050FF79E0404BAB
:100840001B7819463F4AFB7953543D4B1B780133C3
:10085000DAB23B4B1A706FE0394B1B781946394AB4
:10086000FB795354364B1B780133DAB2344B1A7090
:1008700062E0334B1B781946324AFB795354304BB4
:100880001B780133DAB22E4B1A7055E02C4B1B78D3
:1008900019462C4AFB795354294B1B780133DAB2A1
:1008A000274B1A7048E0264B1B781946254AFB79DE
:1008B0005354234B1B780133DAB2214B1A703BE0BF
:1008C0001F4B1B7819461F4AFB7953541C4B1B784E
:1008D0000133DAB21A4B1A702EE0194B1B781A4604
:1008E0001A4B1B7813441749FA79CA54174B1B78D3
:1008F0000133DAB2154B1A70144B1B781A46124B9F
:100900001B889A4217D300F023F8104B00221A706C
:100910000D4B00221A800A4B00221A704FF480728D
:100920000021084809F0DAFE05E000BF04E000BF3E
:1009300002E000BF00E000BF00BF0837BD4680BD39
:1009400016430024F8010024184300241A4300240D
:1009500080B584B000AF414BBB60414BDB781A4699
:1009600052001344FB800023FB733D4B5B781B025A
:100970001AB23B4B1B781BB213431BB29AB2BB6833
:100980001A80374B9A78BB689A70354BDA78BB6817
:10099000DA70334B5B791B021AB2314B1B791BB2F5
:1009A00013431BB29AB2BB689A802D4BDB791B02B2
:1009B0001AB22B4B9B791BB213431BB29AB2BB6882
:1009C000DA80274B5B7A1B021AB2254B1B7A1BB2CB
:1009D00013431BB29AB2BB681A810023BB8125E086
:1009E000BB890A331E4AD25CFB7B1146BA680233CC
:1009F0009B0013440A465A80BB890C33184AD35CC7
:100A00001B021AB2BB890B331549CB5C1BB21343D3
:100A10001AB2FB7B591CF97391B2BA6802339B007E
:100A200013440A469A80BB890333BB81BA89FB8889
:100A30009A42D5D3B86800F02DF90346002B06D0B2
:100A400040F20A420021B86809F048FE02E0054B76
:100A500001221A701037BD4680BD00BF0037002448
:100A6000F80100240A3B002490B58FB000AF7860F5
:100A700039607B689B88184600F06AF987ED080B9F
:100A80007B689B89184600F04DF9F8617FA3D3E994
:100A90000023C7E9042397ED085B97ED046B85EE0F
:100AA000067BFCEEC77B17EE903AFB81FB895A0868
:100AB0007349A1FB0212120A40F29A2101FB02F2D1
:100AC0009B1AFB817B68DB78012B2DD86D4AFB8953
:100AD00013803B68FA699A603968D7E90823C1E94D
:100AE000002300233B631AE03B6B1B013A6813446D
:100AF000FA699A603B6B1B013A68D118D7E9082361
:100B0000C1E900233B6B1B013A6813449B681946FB
:100B10005D4A3B6B42F823103B6B01333B63FB891F
:100B20003A6B9A42E0DBA7E0FA89564B1B88013307
:100B30009A4237DD534B1B88FA89D31A9BB2013B8B
:100B4000BB810023FB6229E04E4B1B885A1CFB6AC9
:100B500013441B013A681344FA699A60494B1B8895
:100B60005A1CFB6A13441B013A68D118D7E90823C1
:100B7000C1E90023434B1B885A1CFB6A13441B0129
:100B80003A68134499683F4B1B885A1CFB6A13440C
:100B90003D4A42F82310FB6A0133FB62BB89FA6AC3
:100BA0009A42D1DBFB891B013A681344FA699A60C7
:100BB000FB891B013A68D118D7E90823C1E9002352
:100BC000FB891B013A6813449A68FB8911462E4A37
:100BD00042F82310012387F82B3044E0FA8997F874
:100BE0002B301344264A82FB03121A445112DA179F
:100BF0008A1A40F29A2101FB02F29A1A1346FB86E6
:100C000097F82B307A6802339B0013449988FB8E47
:100C10001B013A68D418084600F084F80346A36024
:100C200097F82B3007EE903AB8EEE76B97ED047B20
:100C300026EE076BFB8E1B013A68134497ED087B89
:100C400036EE077B83ED007BFB8E1B013A68134475
:100C50009A68FB8E11460C4A42F8231097F82B3005
:100C6000013387F82B307B68DB7897F82B209A428A
:100C7000B4D3044AFB8E13803C37BD4690BD00BF01
:100C8000B107CEC41C430024F80200240000004039
:100C9000DF4FE13F80B485B000AF78600023FB8177
:100CA0007B68DB781B021AB27B689B781BB213430C
:100CB0001BB27B817B68DB787B737B681A887B89BE
:100CC00053409AB27B689B8853409AB27B68DB881A
:100CD0005340FB817B7B013B7A6802339B001344CA
:100CE0005A88FB895340FB817B7B013B7A68023346
:100CF0009B0013449A88FB895340FB817B7B013B1B
:100D00007B737B7B002BE5D17B681B89FA899A4238
:100D100001D0012300E0002318461437BD465DF8DA
:100D2000047B704780B483B000AF0346FB80FB8830
:100D30001B0A9BB29A01FB889B1003F03F031343ED
:100D400018460C37BD465DF8047B70470000000074
:100D500080B485B000AF0346FB80FB885B089BB284
:100D600007EE903AB8EEE76B9FED095B86EE057BE8
:100D700087ED027BD7E9022343EC172BB0EE470B3C
:100D80001437BD465DF8047B704700BFAFF30080A9
:100D9000000000000000504080B500AF0249034849
:100DA000FFF762FE00BF80BD600D00240037002405
:100DB00080B500AF4FF400620649074806F04EFFC9
:100DC000FFF7C1FCC82000F047FEFFF7ADFC00BFF5
:100DD00080BD00BF0C3B0024B843002480B500AFA9
:100DE0005B4BD3F880301B685A4A934268D0584B0B
:100DF000D3F880301B68584A934261D0544BD3F8E3
:100E000080301B68554A93425AD0514BD3F88030FA
:100E10001B68534A934253D04D4BD3F880301B6824
:100E2000504A93424CD04A4BD3F880301B684E4A0C
:100E3000934245D0464BD3F880301B684B4A9342CF
:100E40003ED0434BD3F880301B68494A934237D099
:100E50003F4BD3F880301B68464A934230D03C4B1E
:100E6000D3F880301B68444A934229D0384BD3F8DA
:100E700080301B68414A934222D0354BD3F88030F2
:100E80001B683F4A93421BD0314BD3F880301B681C
:100E90003C4A934214D02E4BD3F880301B683A4A18
:100EA00093420DD02A4BD3F880301B68374A9342C7
:100EB00006D0274BD3F880301B68354A934207D1C0
:100EC000234BD3F880301B685B68C3F5006306E0F2
:100ED0001F4BD3F880301B685B68C3F500632D4A55
:100EE00013602D4B00221A801CE02C4B1B682C4AEF
:100EF000D35C1846FFF736FC284B1B680133C3F35D
:100F00000A03264A1360274B1B78002B11D1224B72
:100F10001B8801339AB2204B1A801F4B1B88B3F5F4
:100F2000807F08D81D4B1A681A4B1B689A42DCD187
:100F300002E000BF00E000BF1A4B1B78002B04D07A
:100F4000FFF72AFF174B00221A7000BF80BD00BFB9
:100F5000B843002410000240280002404000024034
:100F6000580002407000024088000240A000024089
:100F7000B80002401004024028040240400402402D
:100F8000580402407004024088040240A004024059
:100F9000B804024010430024144300240C430024EE
:100FA0000C3B00240A3B002480B582B000AF0D4BFF
:100FB000D3F8D8300B4A43F00103C2F8D830094BBC
:100FC000D3F8D83003F001037B607B680022002156
:100FD0000D2000F04CFE0D2000F063FE00BF08372E
:100FE000BD4680BD0044025880B588B000AF07F10F
:100FF0000C0300221A605A609A60DA601A61234B6F
:10100000D3F8E030214A43F00403C2F8E0301F4B2C
:10101000D3F8E03003F00403BB60BB681B4BD3F88C
:10102000E0301A4A43F08003C2F8E030174BD3F89F
:10103000E03003F080037B607B68144BD3F8E03032
:10104000124A43F00103C2F8E030104BD3F8E0300D
:1010500003F001033B603B6800224FF4C0410C48A1
:1010600003F09EFE4FF4C043FB6001233B6100236D
:101070007B610023BB6107F10C031946044803F0B0
:10108000DFFC00BF2037BD4680BD00BF00440258D2
:101090000008025880B500AF00F0D2F800F04AFC1A
:1010A00000F00CF8FFF7A0FFFFF77EFF00F0D6FA84
:1010B00000F088FAFFF7FEFA00BFFDE780B59EB0AA
:1010C00000AF07F12C034C220021184609F006FB63
:1010D00007F10C0320220021184609F0FFFA022034
:1010E00003F092FE0023BB60484BDB6A474A23F0C3
:1010F0000103D362454BDB6A03F00103BB60444B41
:101100009B69434A43F440439361414B9B6903F419
:101110004043BB60BB6800BF3D4B9B6903F4005379
:10112000B3F5005FF8D13B4BD3F8F430394A43F0C4
:101130000203C2F8F430374BD3F8F43003F0020363
:101140007B607B6800233B60314B9B69304A43F4F2
:10115000404393612E4B9B6903F440433B602B4B10
:10116000DB6A2A4A43F00103D362284BDB6A03F0AF
:1011700001033B603B6800BF254B9B6903F40053B0
:10118000B3F5005FF8D10123FB624FF480333B637A
:1011900002233B6502237B650523BB65C023FB65FA
:1011A00002233B6608237B660223BB660823FB669B
:1011B00000233B6700237B6707F12C03184603F0ED
:1011C0005DFE0346002B01D000F066F83F23FB6074
:1011D00003233B6100237B610823BB614023FB6148
:1011E00040233B624FF480637B624023BB6207F184
:1011F0000C030421184604F09BFA0346002B01D08F
:1012000000F04AF800BF7837BD4680BD00040058A2
:10121000004802580044025880B584B000AFF8601E
:10122000B9607A607B689AB2FF23B968034806F018
:1012300087FC7B6818461037BD4680BD24430024D8
:1012400080B584B000AF3B4600221A605A609A60B5
:10125000DA6000F041FD01233B7000237B70002326
:101260007B601F233B7287237B720023BB720023AA
:10127000FB7201233B7301237B730023BB730023A9
:10128000FB733B46184600F05FFD042000F03CFD78
:1012900000BF1037BD4680BD80B400AF72B600BF3E
:1012A00000BFFDE780B483B000AF0A4BD3F8F43041
:1012B000084A43F00203C2F8F430064BD3F8F43086
:1012C00003F002037B607B6800BF0C37BD465DF80E
:1012D000047B70470044025880B400AF00BFFDE7B4
:1012E00080B400AF00BFFDE780B400AF00BFFDE7F2
:1012F00080B400AF00BFFDE780B400AF00BFFDE7E2
:1013000080B400AF00BFBD465DF8047B704780B479
:1013100000AF00BFBD465DF8047B704780B400AFEE
:1013200000BFBD465DF8047B704780B500AF00F09C
:1013300073FB00BF80BD000080B500AF024802F023
:101340006DF800BF80BD00BF4C44002480B500AFE5
:10135000024806F0CFFC00BF80BD00BFB8430024A8
:1013600080B400AF01231846BD465DF8047B70478A
:1013700080B582B000AF7860396009F001FA0346A9
:1013800016221A604FF0FF3318460837BD4680BD5D
:1013900080B582B000AF78604FF0FF317868FFF71A
:1013A000E7FF00BFFDE780B586B000AFF860B96029
:1013B0007A6000237B610AE0AFF300800146BB68DE
:1013C0005A1CBA60CAB21A707B6901337B617A69B0
:1013D0007B689A42F0DB7B6818461837BD4680BDB3
:1013E00080B483B000AF78604FF0FF3318460C37FD
:1013F000BD465DF8047B704780B483B000AF786071
:1014000039603B684FF400525A60002318460C378D
:10141000BD465DF8047B704780B483B000AF786050
:10142000012318460C37BD465DF8047B704780B435
:1014300085B000AFF860B9607A60002318461437B1
:10144000BD465DF8047B704780B586B000AF78601C
:10145000144A154BD31A7B617B693B61134B1B68A4
:10146000002B02D1114B124A1A60104B1A687B688C
:1014700013443A699A4207D209F082F903460C22D2
:101480001A604FF0FF3309E0084B1B68FB60074B05
:101490001A687B681344054A1360FB6818461837BE
:1014A000BD4680BD00000824000400002043002445
:1014B0001846002480B400AF374BD3F88830364A42
:1014C00043F47003C2F88830344B1B6803F00F03F9
:1014D000062B07D8314B1B6823F00F032F4A43F02C
:1014E000070313602E4B1B682D4A43F00103136062
:1014F0002B4B00221A612A4B1A682949294B1340A9
:101500000B60264B1B6803F00803002B07D0234B0E
:101510001B6823F00F03214A43F007031360204B9D
:1015200000229A611E4B0022DA611D4B00221A62D2
:101530001B4B1D4A9A621A4B1C4ADA62184B1C4A12
:101540001A63174B00225A63154B194A9A63144BBE
:101550000022DA63124B164A1A64114B00225A64B5
:101560000F4B1B680E4A23F4802313600C4B0022A0
:101570001A66104B1A68104B1340B3F1005F02D289
:101580000E4B01221A600E4B43F2D2021A6000BFCA
:10159000BD465DF8047B704700ED00E0002000527E
:1015A000004402587FEDF6EA000202020000FF014B
:1015B000800201010010005C0000FFFF0881005163
:1015C0000040005280B500AF224B234A1A60214BE5
:1015D0004FF4E1325A601F4B00229A601D4B0022EB
:1015E000DA601C4B00221A611A4B0C225A61194B0B
:1015F00000229A61174B00221A62164B00225A628F
:10160000144B00229A62134B00225A66114806F0CE
:1016100047FA0346002B01D0FFF73EFE00210D489C
:1016200008F051F90346002B01D0FFF735FE0021E9
:10163000084808F086F90346002B01D0FFF72CFE7E
:10164000044808F007F90346002B01D0FFF724FEF9
:1016500000BF80BD24430024000C005880B500AFBB
:10166000224B234A1A60214B4FF461325A601F4BC0
:1016700000229A601D4B0022DA601C4B00221A6186
:101680001A4B0C225A61194B00229A61174B002207
:10169000DA61164B00221A62144B00225A62134B75
:1016A00000229A62114806F0FBF90346002B01D094
:1016B000FFF7F2FD00210D4808F005F90346002B65
:1016C00001D0FFF7E9FD0021084808F03AF9034688
:1016D000002B01D0FFF7E0FD044808F0BBF80346FB
:1016E000002B01D0FFF7D8FD00BF80BDB843002418
:1016F000004C004080B5BCB000AF786007F1DC035F
:1017000000221A605A609A60DA601A6107F11803C1
:10171000C0220021184608F0E1FF7B681B68694A77
:10172000934247D14FF004024FF00003C7E906236C
:101730000023C7F8AC3007F11803184604F084FB07
:101740000346002B01D0FFF7A7FD5F4BD3F8F43021
:101750005D4A43F00803C2F8F4305B4BD3F8F43031
:1017600003F008037B617B69574BD3F8E030564A9E
:1017700043F00103C2F8E030534BD3F8E03003F0FC
:1017800001033B613B694FF4C063C7F8DC300223BF
:10179000C7F8E0300023C7F8E4300023C7F8E8308A
:1017A0000323C7F8EC3007F1DC031946474803F080
:1017B00047F982E07B681B68454A93427DD14FF030
:1017C00002024FF00003C7E906230023C7F8903058
:1017D00007F11803184604F037FB0346002B01D02D
:1017E000FFF75AFD384BD3F8E830374A43F400236B
:1017F000C2F8E830344BD3F8E83003F40023FB6040
:10180000FB68314BD3F8E0302F4A43F00403C2F8B1
:10181000E0302D4BD3F8E03003F00403BB60BB682D
:101820004FF44063C7F8DC300223C7F8E0300023F0
:10183000C7F8E4300023C7F8E8300823C7F8EC30D5
:1018400007F1DC031946234803F0FAF8224B234A38
:101850001A60214B3F225A601F4B00229A601E4B98
:101860000022DA601C4B4FF480621A611A4B00228E
:101870005A61194B00229A61174B4FF48072DA615A
:10188000154B00221A62144B00225A62124800F0D3
:101890009BFA0346002B01D0FFF7FEFC7B680E4A43
:1018A000C3F880200C4A7B68936300220021342017
:1018B00000F0DDF9342000F0F4F900BFF037BD4648
:1018C00080BD00BF000C00580044025800000258C0
:1018D000004C0040000802584C44002440000240E4
:1018E000DFF834D0FFF7E6FD0C480D490D4A002320
:1018F00002E0D458C4500433C4188C42F9D30A4AC5
:101900000A4C002301E013600432A242FBD308F02A
:101910003DFFFFF7BFFB70470000082400000024D4
:10192000D801002420C70008D80100241446002450
:10193000FEE7000080B582B000AF032000F08CF914
:1019400004F0ACF80246154B9B691B0A03F00F0329
:101950001349CB5C03F01F0322FA03F37B600F4BA8
:101960009B6903F00F030E4AD35C03F01F037A68F0
:1019700022FA03F30B4A13600B4A7B6813600F20B3
:1019800000F014F80346002B01D0012302E0FFF71A
:1019900089FC002318460837BD4680BD0044025824
:1019A00060C30008040000240000002480B582B059
:1019B00000AF7860154B1B78002B01D1012321E08B
:1019C000134B1A68114B1B7819464FF47A73B3FB0B
:1019D000F1F3B2FBF3F3184600F071F90346002B64
:1019E00001D001230EE07B680F2B0AD80022796812
:1019F0004FF0FF3000F03BF9064A7B68136000238C
:101A000000E0012318460837BD4680BD0C000024C5
:101A1000000000240800002480B400AF064B1B78AF
:101A20001A46064B1B681344044A136000BFBD46A8
:101A30005DF8047B704700BF0C000024C444002400
:101A400080B400AF034B1B681846BD465DF8047BAD
:101A5000704700BFC444002480B584B000AF7860F4
:101A6000FFF7EEFFB8607B68FB60FB68B3F1FF3FF8
:101A700005D00A4B1B781A46FB681344FB6000BF75
:101A8000FFF7DEFF0246BB68D31AFA689A42F7D81E
:101A900000BF00BF1037BD4680BD00BF0C00002452
:101AA00080B400AF034B1B681B0C1846BD465DF8A5
:101AB000047B70470010005C80B485B000AF786094
:101AC0007B6803F00703FB600B4BDB68BB60BA6805
:101AD0004FF6FF031340BB60FB681A02BB681A4352
:101AE000064B1343BB60044ABB68D36000BF143786
:101AF000BD465DF8047B704700ED00E00000FA058C
:101B000080B400AF044BDB681B0A03F007031846E0
:101B1000BD465DF8047B704700ED00E080B483B003
:101B200000AF0346FB80B7F90630002B0BDBFB88C8
:101B300003F01F020749B7F906305B09012000FADC
:101B400002F241F8232000BF0C37BD465DF8047B4C
:101B5000704700BF00E100E080B483B000AF0346EF
:101B60003960FB80B7F90630002B0ADB3B68DAB23C
:101B70000C49B7F906301201D2B20B4483F80023A6
:101B80000AE03B68DAB20849FB8803F00F03043B24
:101B90001201D2B20B441A7600BF0C37BD465DF875
:101BA000047B704700E100E000ED00E080B489B004
:101BB00000AFF860B9607A60FB6803F00703FB616F
:101BC000FB69C3F10703042B28BF0423BB61FB6936
:101BD0000433062B02D9FB69033B00E000237B6141
:101BE0004FF0FF32BB6902FA03F3DA43BB681A40D5
:101BF0007B699A404FF0FF317B6901FA03F3D943C7
:101C00007B680B40134318462437BD465DF8047BC0
:101C10007047000080B582B000AF78607B68013B00
:101C2000B3F1807F01D301230FE00A4A7B68013BB7
:101C300053600F214FF0FF30FFF78EFF054B00225E
:101C40009A60044B07221A60002318460837BD46E5
:101C500080BD00BF10E000E080B582B000AF7860CA
:101C60007868FFF729FF00BF0837BD4680BD80B503
:101C700086B000AF0346B9607A60FB81FFF740FF92
:101C800078617A68B9687869FFF790FF0246B7F91A
:101C90000E3011461846FFF75FFF00BF1837BD46EC
:101CA00080BD80B582B000AF0346FB80B7F9063037
:101CB0001846FFF733FF00BF0837BD4680BD80B52B
:101CC00082B000AF78607868FFF7A4FF034618463B
:101CD0000837BD4680BD000080B400AFBFF35F8F02
:101CE00000BF074B5B6A064A23F480335362054BFF
:101CF00000225A6000BFBD465DF8047B704700BFFC
:101D000000ED00E090ED00E080B483B000AF7860BB
:101D10000B4A7B6843F0010353600A4B5B6A094A34
:101D200043F480335362BFF34F8F00BFBFF36F8F15
:101D300000BF00BF0C37BD465DF8047B704700BF95
:101D400090ED00E000ED00E080B483B000AF78607B
:101D50007B685A781B4B9A601A4B1B69194A23F00F
:101D600001031361174A7B685B68D3607B681B7B48
:101D70001A077B68DB7A1B061A437B689B7ADB04B5
:101D80001A437B685B7B9B041A437B689B7B5B04E9
:101D90001A437B68DB7B1B041A437B685B7A1B025C
:101DA0001A437B681B7A5B0013437A6812781146EA
:101DB000044A0B43136100BF0C37BD465DF8047B3A
:101DC000704700BF90ED00E080B586B000AF78604E
:101DD000FFF736FE38617B68002B01D1012316E343
:101DE0007B681B68664A93424AD07B681B68654AD9
:101DF000934245D07B681B68634A934240D07B681E
:101E00001B68624A93423BD07B681B68604A9342DE
:101E100036D07B681B685F4A934231D07B681B6871
:101E20005D4A93422CD07B681B685C4A934227D062
:101E30007B681B685A4A934222D07B681B68594AC8
:101E400093421DD07B681B68574A934218D07B6829
:101E50001B68564A934213D07B681B68544A9342CE
:101E60000ED07B681B68534A934209D07B681B687D
:101E7000514A934204D07B681B68504A934201D177
:101E8000012300E00023002B00F03B817B6802224D
:101E900083F835207B68002283F834207B681B6838
:101EA000374A93424AD07B681B68364A934245D0F2
:101EB0007B681B68344A934240D07B681B68334A76
:101EC00093423BD07B681B68314A934236D07B6893
:101ED0001B68304A934231D07B681B682E4A93427C
:101EE0002CD07B681B682D4A934227D07B681B68E7
:101EF0002B4A934222D07B681B682A4A93421DD00A
:101F00007B681B68284A934218D07B681B68274A65
:101F1000934213D07B681B68254A93420ED07B689E
:101F20001B68244A934209D07B681B68224A93426B
:101F300004D07B681B68214A934208D17B681B68E8
:101F40001A687B681B6822F001021A6007E07B6850
:101F50001B681A687B681B6822F001021A602FE078
:101F6000FFF76EFD02463B69D31A052B28D97B6823
:101F700020225A657B68032283F83520012346E23C
:101F80001000024028000240400002405800024079
:101F90007000024088000240A0000240B8000240E9
:101FA0001004024028040240400402405804024049
:101FB0007004024088040240A0040240B8040240B9
:101FC0007B681B681B6803F00103002BC8D17B688A
:101FD0001B681B687B617A69834B13407B617B685C
:101FE0009A687B68DB681A437B681B691A437B68C5
:101FF0005B691A437B689B691A437B68DB691A43F8
:102000007B681B6A13437A6913437B617B685B6A55
:10201000042B07D17B68DA6A7B681B6B13437A69F0
:1020200013437B61714B1A68714B1340B3F1005F2E
:1020300028D37B685B68282B03D97B685B682E2BD1
:1020400017D97B685B683E2B03D97B685B68422BA2
:102050000FD97B685B68462B03D97B685B68482B8C
:1020600007D97B685B684E2B05D97B685B68522B70
:1020700001D8012300E00023002B03D07B6943F447
:1020800080137B617B681B687A691A607B681B68B8
:102090005B697B617B6923F007037B617B685B6A1B
:1020A0007A6913437B617B685B6A042B17D17B6879
:1020B0009B6A7A6913437B617B68DB6A002B0ED0D5
:1020C000786802F033FB0346002B08D07B6840227F
:1020D0005A657B68012283F83520012397E17B68EC
:1020E0001B687A695A61786802F06EFA0346BB6031
:1020F0007B68DB6D03F01F033F229A40BB689A6048
:10210000CDE07B681B683B4A934222D07B681B680A
:10211000394A93421DD07B681B68384A934218D0D5
:102120007B681B68364A934213D07B681B68354A2C
:1021300093420ED07B681B68334A934209D07B6878
:102140001B68324A934204D07B681B68304A934232
:1021500001D1012300E00023002B00F097807B6871
:102160001B68244A934221D07B681B68224A934211
:102170001CD07B681B68214A934217D07B681B6880
:102180001F4A934212D07B681B681E4A93420DD0AF
:102190007B681B681C4A934208D07B681B681B4AFB
:1021A000934203D07B681B68194A93427B680222E2
:1021B00083F835207B68002283F834207B681B6815
:1021C0001B687B617A69134B13407B617B689B685A
:1021D000402B21D07B689B68802B02D14FF4804339
:1021E0001BE0002319E000BF3F8010FE0010005CE0
:1021F0000000FFFF085402581C5402583054025883
:1022000044540258585402586C540258805402588E
:10221000945402580F00FEFF10237A68D268D20847
:102220001A437B681B69DB081A437B685B69DB0820
:102230001A437B689B69DB081A437B68DB69DB0810
:102240001A437B681B6A1B0913437A6913437B613A
:102250007B681B687A691A607B681B681A466E4B3C
:1022600013446E4AA2FB03231B099A007B68DA65BC
:10227000786802F0A9F90346FB607B68DB6D03F028
:102280001F0301229A40FB685A6008E07B684022E5
:102290005A657B68032283F835200123B7E07B6809
:1022A0001B685F4A934272D07B681B685D4A934209
:1022B0006DD07B681B685C4A934268D07B681B6862
:1022C0005A4A934263D07B681B68594A93425ED056
:1022D0007B681B68574A934259D07B681B68564AF3
:1022E000934254D07B681B68544A93424FD07B681A
:1022F0001B68534A93424AD07B681B68514A9342F9
:1023000045D07B681B68504A934240D07B681B686D
:102310004E4A93423BD07B681B684D4A934236D06D
:102320007B681B684B4A934231D07B681B684A4AE2
:1023300093422CD07B681B68484A934227D07B6825
:102340001B68474A934222D07B681B68454A9342E8
:102350001DD07B681B68444A934218D07B681B6879
:10236000424A934213D07B681B68414A93420ED085
:102370007B681B683F4A934209D07B681B683E4AD2
:10238000934204D07B681B683C4A934201D10123ED
:1023900000E00023002B32D0786802F043FA7B681B
:1023A0009B68802B02D17B6800225A607B685A6848
:1023B0007B681B6ED2B21A607B685B6E7A68926E25
:1023C0005A607B685B68002B10D07B685B68082BC9
:1023D0000CD8786802F0C0FA7B68DB6E00221A60C5
:1023E0007B681B6F7A68526F5A6008E07B68002236
:1023F000DA667B6800221A677B6800225A677B686E
:1024000000225A657B68012283F835200023184694
:102410001837BD4680BD00BFF8ABFDA7CDCCCCCCF6
:1024200010000240280002404000024058000240D4
:102430007000024088000240A0000240B800024044
:1024400010040240280402404004024058040240A4
:102450007004024088040240A0040240B804024014
:10246000085402581C54025830540258445402581C
:10247000585402586C5402588054025894540258CC
:1024800080B586B000AFF860B9607A603B60002329
:10249000FB75FB68002B01D1012326E2FB6893F852
:1024A0003430012B01D102231FE2FB68012283F8A3
:1024B0003420FB6893F83530DBB2012B40F00A8200
:1024C000FB68022283F83520FB6800225A65FB680E
:1024D0001B68684A93424AD0FB681B68664A93426D
:1024E00045D0FB681B68654A934240D0FB681B6877
:1024F000634A93423BD0FB681B68624A934236D0E2
:10250000FB681B68604A934231D0FB681B685F4AD6
:1025100093422CD0FB681B685D4A934227D0FB682E
:102520001B685C4A934222D0FB681B685A4A93425C
:102530001DD0FB681B68594A934218D0FB681B6882
:10254000574A934213D0FB681B68564A93420ED0F9
:10255000FB681B68544A934209D0FB681B68534AC6
:10256000934204D0FB681B68514A934208D1FB6830
:102570001B681A68FB681B6822F001021A6007E0FA
:10258000FB681B681A68FB681B6822F001021A606E
:102590003B687A68B968F86801F06AFEFB681B68F6
:1025A000344A93424AD0FB681B68334A934245D071
:1025B000FB681B68314A934240D0FB681B68304A75
:1025C00093423BD0FB681B682E4A934236D0FB688F
:1025D0001B682D4A934231D0FB681B682B4A9342FB
:1025E0002CD0FB681B682A4A934227D0FB681B68E3
:1025F000284A934222D0FB681B68274A93421DD089
:10260000FB681B68254A934218D0FB681B68244A64
:10261000934213D0FB681B68224A93420ED0FB689A
:102620001B68214A934209D0FB681B681F4A9342EA
:1026300004D0FB681B681E4A934201D1012300E0CD
:102640000023002B36D0FB681B681B6823F01E029A
:10265000FB681B6842F016021A60FB681B6C002BBB
:102660003ED0FB681B681A68FB681B6842F00802D2
:102670001A6035E01000024028000240400002408D
:10268000580002407000024088000240A000024052
:10269000B8000240100402402804024040040240F6
:1026A000580402407004024088040240A004024022
:1026B000B8040240FB681B681B6823F00E02FB682D
:1026C0001B6842F00A021A60FB681B6C002B07D0E3
:1026D000FB681B681A68FB681B6842F004021A60FA
:1026E000FB681B68834A934272D0FB681B68824A6E
:1026F00093426DD0FB681B68804A934268D0FB68A8
:102700001B687F4A934263D0FB681B687D4A9342F3
:102710005ED0FB681B687C4A934259D0FB681B68FB
:102720007A4A934254D0FB681B68794A93424FD04F
:10273000FB681B68774A93424AD0FB681B68764A5D
:10274000934245D0FB681B68744A934240D0FB68B3
:102750001B68734A93423BD0FB681B68714A9342E3
:1027600036D0FB681B68704A934231D0FB681B6807
:102770006E4A93422CD0FB681B686D4A934227D067
:10278000FB681B686B4A934222D0FB681B686A4A4D
:1027900093421DD0FB681B68684A934218D0FB68BF
:1027A0001B68674A934213D0FB681B68654A9342D3
:1027B0000ED0FB681B68644A934209D0FB681B6813
:1027C000624A934204D0FB681B68614A934201D17C
:1027D000012300E00023002B1AD0FB681B6E1B684E
:1027E00003F48033002B07D0FB681B6E1A68FB686C
:1027F0001B6E42F480721A60FB68DB6E002B07D000
:10280000FB68DB6E1A68FB68DB6E42F480721A604C
:10281000FB681B68374A93424AD0FB681B68364AFC
:10282000934245D0FB681B68344A934240D0FB6812
:102830001B68334A93423BD0FB681B68314A934282
:1028400036D0FB681B68304A934231D0FB681B6866
:102850002E4A93422CD0FB681B682D4A934227D006
:10286000FB681B682B4A934222D0FB681B682A4AEC
:1028700093421DD0FB681B68284A934218D0FB681E
:102880001B68274A934213D0FB681B68254A934272
:102890000ED0FB681B68244A934209D0FB681B6872
:1028A000224A934204D0FB681B68214A934208D114
:1028B000FB681B681A68FB681B6842F001021A601B
:1028C00012E0FB681B681A68FB681B6842F0010293
:1028D0001A6009E0FB684FF400625A65FB68002249
:1028E00083F834200123FB75FB7D18461837BD465D
:1028F00080BD00BF1000024028000240400002409E
:10290000580002407000024088000240A0000240CF
:10291000B800024010040240280402404004024073
:10292000580402407004024088040240A00402409F
:10293000B8040240085402581C540258305402583B
:1029400044540258585402586C5402588054025847
:102950009454025880B586B000AF7860FFF770F8E5
:1029600038617B68002B01D10123DCE27B6893F89E
:102970003530DBB2022B08D07B6880225A657B6839
:10298000002283F834200123CDE27B681B68764A5D
:1029900093424AD07B681B68744A934245D07B6857
:1029A0001B68734A934240D07B681B68714A93420C
:1029B0003BD07B681B68704A934236D07B681B68AB
:1029C0006E4A934231D07B681B686D4A93422CD08B
:1029D0007B681B686B4A934227D07B681B686A4AF6
:1029E000934222D07B681B68684A93421DD07B6863
:1029F0001B68674A934218D07B681B68654A9342FC
:102A000013D07B681B68644A93420ED07B681B68B6
:102A1000624A934209D07B681B68614A934204D0A2
:102A20007B681B685F4A934201D1012300E00023C9
:102A3000002B13D07B681B681A687B681B6822F028
:102A40001E021A607B681B685A697B681B6822F04B
:102A500080025A617B681B687B610AE07B681B68A7
:102A60001A687B681B6822F00E021A607B681B687C
:102A70007B617B681B683C4A934272D07B681B6811
:102A80003A4A93426DD07B681B68394A934268D0BA
:102A90007B681B68374A934263D07B681B68364A61
:102AA00093425ED07B681B68344A934259D07B685E
:102AB0001B68334A934254D07B681B68314A934267
:102AC0004FD07B681B68304A93424AD07B681B68B2
:102AD0002E4A934245D07B681B682D4A934240D0D2
:102AE0007B681B682B4A93423BD07B681B682A4A51
:102AF000934236D07B681B68284A934231D07B686A
:102B00001B68274A93422CD07B681B68254A934256
:102B100027D07B681B68244A934222D07B681B68BD
:102B2000224A93421DD07B681B68214A934218D0E9
:102B30007B681B681F4A934213D07B681B681E4A40
:102B400093420ED07B681B681C4A934209D07B6875
:102B50001B681B4A934204D07B681B68194A934246
:102B600032D1012331E000BF1000024028000240B2
:102B700040000240580002407000024088000240BD
:102B8000A0000240B80002401004024028040240A5
:102B9000400402405804024070040240880402408D
:102BA000A0040240B8040240085402581C540258C1
:102BB0003054025844540258585402586C54025825
:102BC00080540258945402580023002B07D07B688D
:102BD0001B6E1A687B681B6E22F480721A607B6819
:102BE0001B686D4A93424AD07B681B686B4A9342CC
:102BF00045D07B681B686A4A934240D07B681B685B
:102C0000684A93423BD07B681B68674A934236D040
:102C10007B681B68654A934231D07B681B68644AB5
:102C200093422CD07B681B68624A934227D07B6812
:102C30001B68614A934222D07B681B685F4A9342BB
:102C40001DD07B681B685E4A934218D07B681B6866
:102C50005C4A934213D07B681B685B4A93420ED058
:102C60007B681B68594A934209D07B681B68584AA5
:102C7000934204D07B681B68564A934208D17B6814
:102C80001B681A687B681B6822F001021A6007E063
:102C90007B681B681A687B681B6822F001021A6057
:102CA00013E0FEF7CDFE02463B69D31A052B0CD983
:102CB0007B6820225A657B68032283F835207B6875
:102CC000002283F8342001232DE17B691B6803F087
:102CD0000103002BE5D17B681B682F4A93424AD041
:102CE0007B681B682D4A934245D07B681B682C4A41
:102CF000934240D07B681B682A4A93423BD07B6852
:102D00001B68294A934236D07B681B68274A934246
:102D100031D07B681B68264A93422CD07B681B68A5
:102D2000244A934227D07B681B68234A934222D0CF
:102D30007B681B68214A93421DD07B681B68204A30
:102D4000934218D07B681B681E4A934213D07B685D
:102D50001B681D4A93420ED07B681B681B4A934236
:102D600009D07B681B681A4A934204D07B681B68B1
:102D7000184A934201D1012300E00023002B2BD0FD
:102D80007B689B6DBB607B68DB6D03F01F033F229C
:102D90009A40BB689A602AE0100002402800024076
:102DA000400002405800024070000240880002408B
:102DB000A0000240B8000240100402402804024073
:102DC000400402405804024070040240880402405B
:102DD000A0040240B80402407B689B6DFB607B68E6
:102DE000DB6D03F01F0301229A40FB685A607B6889
:102DF0001B684F4A934272D07B681B684D4A9342CE
:102E00006DD07B681B684C4A934268D07B681B6816
:102E10004A4A934263D07B681B68494A93425ED01A
:102E20007B681B68474A934259D07B681B68464AB7
:102E3000934254D07B681B68444A93424FD07B68CE
:102E40001B68434A93424AD07B681B68414A9342BD
:102E500045D07B681B68404A934240D07B681B6822
:102E60003E4A93423BD07B681B683D4A934236D032
:102E70007B681B683B4A934231D07B681B683A4AA7
:102E800093422CD07B681B68384A934227D07B68DA
:102E90001B68374A934222D07B681B68354A9342AD
:102EA0001DD07B681B68344A934218D07B681B682E
:102EB000324A934213D07B681B68314A93420ED04A
:102EC0007B681B682F4A934209D07B681B682E4A97
:102ED000934204D07B681B682C4A934201D10123A2
:102EE00000E00023002B15D07B685B6E7A68926E41
:102EF0005A607B68DB6E002B0CD07B68DB6E1A6837
:102F00007B68DB6E22F480721A607B681B6F7A68C4
:102F1000526F5A607B68012283F835207B6800225B
:102F200083F83420002318461837BD4680BD00BF03
:102F300010000240280002404000024058000240B9
:102F40007000024088000240A0000240B800024029
:102F50001004024028040240400402405804024089
:102F60007004024088040240A0040240B8040240F9
:102F7000085402581C540258305402584454025801
:102F8000585402586C5402588054025894540258B1
:102F900080B584B000AF78607B68002B01D101233D
:102FA00037E27B6893F83530DBB2022B04D07B68C4
:102FB00080225A6501232CE27B681B685C4A93429D
:102FC0004AD07B681B685B4A934245D07B681B688C
:102FD000594A934240D07B681B68584A93423BD081
:102FE0007B681B68564A934236D07B681B68554AFB
:102FF000934231D07B681B68534A93422CD07B6844
:103000001B68524A934227D07B681B68504A934200
:1030100022D07B681B684F4A93421DD07B681B6897
:103020004D4A934218D07B681B684C4A934213D098
:103030007B681B684A4A93420ED07B681B68494AEA
:10304000934209D07B681B68474A934204D07B684F
:103050001B68464A934201D1012300E00023002B64
:1030600000F086807B68042283F835207B681B682B
:103070002F4A93424AD07B681B682E4A934245D020
:103080007B681B682C4A934240D07B681B682B4AA4
:1030900093423BD07B681B68294A934236D07B68B9
:1030A0001B68284A934231D07B681B68264A9342AA
:1030B0002CD07B681B68254A934227D07B681B680D
:1030C000234A934222D07B681B68224A93421DD038
:1030D0007B681B68204A934218D07B681B681F4A94
:1030E000934213D07B681B681D4A93420ED07B68C5
:1030F0001B681C4A934209D07B681B681A4A93429A
:1031000004D07B681B68194A934208D17B681B680E
:103110001A687B681B6822F001021A6078E17B68FC
:103120001B681A687B681B6822F001021A606FE155
:1031300010000240280002404000024058000240B7
:103140007000024088000240A0000240B800024027
:103150001004024028040240400402405804024087
:103160007004024088040240A0040240B8040240F7
:103170007B681B681A687B681B6822F00E021A6065
:103180007B681B686C4A93424AD07B681B686B4A19
:10319000934245D07B681B68694A934240D07B6864
:1031A0001B68684A93423BD07B681B68664A93421F
:1031B00036D07B681B68654A934231D07B681B68B8
:1031C000634A93422CD07B681B68624A934227D0A3
:1031D0007B681B68604A934222D07B681B685F4A09
:1031E00093421DD07B681B685D4A934218D07B6870
:1031F0001B685C4A934213D07B681B685A4A93420F
:103200000ED07B681B68594A934209D07B681B68C3
:10321000574A934204D07B681B68564A934208D1B0
:103220007B681B681A687B681B6822F001021A60C1
:1032300007E07B681B681A687B681B6822F0010244
:103240001A607B681B683C4A934272D07B681B689B
:103250003A4A93426DD07B681B68394A934268D0E2
:103260007B681B68374A934263D07B681B68364A89
:1032700093425ED07B681B68344A934259D07B6886
:103280001B68334A934254D07B681B68314A93428F
:103290004FD07B681B68304A93424AD07B681B68DA
:1032A0002E4A934245D07B681B682D4A934240D0FA
:1032B0007B681B682B4A93423BD07B681B682A4A79
:1032C000934236D07B681B68284A934231D07B6892
:1032D0001B68274A93422CD07B681B68254A93427F
:1032E00027D07B681B68244A934222D07B681B68E6
:1032F000224A93421DD07B681B68214A934218D012
:103300007B681B681F4A934213D07B681B681E4A68
:1033100093420ED07B681B681C4A934209D07B689D
:103320001B681B4A934204D07B681B68194A93426E
:1033300032D1012331E000BF1000024028000240DA
:1033400040000240580002407000024088000240E5
:10335000A0000240B80002401004024028040240CD
:1033600040040240580402407004024088040240B5
:10337000A0040240B8040240085402581C540258E9
:103380003054025844540258585402586C5402584D
:1033900080540258945402580023002B28D07B6894
:1033A0001B6E1A687B681B6E22F480721A607B6841
:1033B0009B6DFB607B68DB6D03F01F0301229A406D
:1033C000FB685A607B685B6E7A68926E5A607B68B5
:1033D000DB6E002B0CD07B68DB6E1A687B68DB6EC3
:1033E00022F480721A607B681B6F7A68526F5A6091
:1033F0007B68012283F835207B68002283F8342023
:103400007B681B6D002B03D07B681B6D7868984729
:10341000002318461037BD4680BD00BF80B58AB076
:1034200000AF78600023FB60674B1B68674AA2FB14
:1034300003239B0A7B627B689B6D3B627B689B6D71
:10344000FB613B6A1B68BB61FB691B687B617B6836
:103450001B685F4A93424AD07B681B685D4A93426F
:1034600045D07B681B685C4A934240D07B681B68F0
:103470005A4A93423BD07B681B68594A934236D0E4
:103480007B681B68574A934231D07B681B68564A59
:1034900093422CD07B681B68544A934227D07B68A8
:1034A0001B68534A934222D07B681B68514A93425F
:1034B0001DD07B681B68504A934218D07B681B68FC
:1034C0004E4A934213D07B681B684D4A93420ED0FC
:1034D0007B681B684B4A934209D07B681B684A4A49
:1034E000934204D07B681B68484A934201D1012370
:1034F00000E00023002B00F02B847B68DB6D03F0E1
:103500001F0308229A40BB691340002B00F0A280E1
:103510007B681B682E4A93424AD07B681B682D4A01
:10352000934245D07B681B682B4A934240D07B680E
:103530001B682A4A93423BD07B681B68284A934207
:1035400036D07B681B68274A934231D07B681B6862
:10355000254A93422CD07B681B68244A934227D08B
:103560007B681B68224A934222D07B681B68214AF1
:1035700093421DD07B681B681F4A934218D07B681A
:103580001B681E4A934213D07B681B681C4A9342F7
:103590000ED07B681B681B4A934209D07B681B686E
:1035A000194A934204D07B681B68184A93422FD172
:1035B0007B681B681B6803F00403002B14BF012306
:1035C0000023DBB22EE000BF00000024B5814E1BBB
:1035D0001000024028000240400002405800024013
:1035E0007000024088000240A0000240B800024083
:1035F00010040240280402404004024058040240E3
:103600007004024088040240A0040240B804024052
:103610007B681B681B6803F00803002B14BF0123A1
:103620000023DBB2002B15D07B681B681A687B680F
:103630001B6822F004021A607B68DB6D03F01F0335
:1036400008229A403B6A9A607B685B6D43F00102F6
:103650007B685A657B68DB6D03F01F03BA6922FA49
:1036600003F303F00103002B6ED07B681B68694AEB
:1036700093424AD07B681B68674A934245D07B6877
:103680001B68664A934240D07B681B68644A934239
:103690003BD07B681B68634A934236D07B681B68CB
:1036A000614A934231D07B681B68604A93422CD0B8
:1036B0007B681B685E4A934227D07B681B685D4A23
:1036C000934222D07B681B685B4A93421DD07B6883
:1036D0001B685A4A934218D07B681B68584A934229
:1036E00013D07B681B68574A93420ED07B681B68D7
:1036F000554A934209D07B681B68544A934204D0D0
:103700007B681B68524A93420AD17B681B685B69DD
:1037100003F08003002B14BF01230023DBB203E07E
:103720007B681B681B680023002B0DD07B68DB6D5A
:1037300003F01F0301229A403B6A9A607B685B6D2D
:1037400043F002027B685A657B68DB6D03F01F0360
:1037500004229A40BB691340002B00F08F807B68E5
:103760001B682C4A93424AD07B681B682A4A9342C2
:1037700045D07B681B68294A934240D07B681B6810
:10378000274A93423BD07B681B68264A934236D037
:103790007B681B68244A934231D07B681B68234AAC
:1037A00093422CD07B681B68214A934227D07B68C8
:1037B0001B68204A934222D07B681B681E4A9342B2
:1037C0001DD07B681B681D4A934218D07B681B681C
:1037D0001B4A934213D07B681B681A4A93420ED04F
:1037E0007B681B68184A934209D07B681B68174A9C
:1037F000934204D07B681B68154A93422AD17B68A8
:103800001B681B6803F00203002B14BF0123002375
:10381000DBB223E0100002402800024040000240DA
:10382000580002407000024088000240A0000240A0
:10383000B800024010040240280402404004024044
:10384000580402407004024088040240A004024070
:10385000B80402407B681B681B680023002B0DD056
:103860007B68DB6D03F01F0304229A403B6A9A6079
:103870007B685B6D43F004027B685A657B68DB6D97
:1038800003F01F0310229A40BB691340002B00F085
:10389000A6807B681B68854A93424AD07B681B6878
:1038A000834A934245D07B681B68824A934240D04A
:1038B0007B681B68804A93423BD07B681B687F4AC9
:1038C000934236D07B681B687D4A934231D07B6837
:1038D0001B687C4A93422CD07B681B687A4A9342CF
:1038E00027D07B681B68794A934222D07B681B688B
:1038F000774A93421DD07B681B68764A934218D062
:103900007B681B68744A934213D07B681B68734AB8
:1039100093420ED07B681B68714A934209D07B6842
:103920001B68704A934204D07B681B686E4A9342BE
:103930000AD17B681B681B6803F00803002B14BFC7
:1039400001230023DBB209E07B681B681B6803F0DE
:103950000403002B14BF01230023DBB2002B3ED055
:103960007B68DB6D03F01F0310229A403B6A9A606C
:103970007B681B681B6803F48023002B18D07B68CE
:103980001B681B6803F40023002B08D17B681B6CA9
:10399000002B24D07B681B6C786898471FE07B68FD
:1039A0009B6C002B1BD07B689B6C7868984716E05B
:1039B0007B681B681B6803F48073002B07D17B684E
:1039C0001B681A687B681B6822F008021A607B6813
:1039D0001B6C002B03D07B681B6C786898477B6856
:1039E000DB6D03F01F0320229A40BB691340002BBC
:1039F00000F010817B681B682C4A93424AD07B6898
:103A00001B682B4A934245D07B681B68294A934226
:103A100040D07B681B68284A93423BD07B681B6878
:103A2000264A934236D07B681B68254A934231D0A0
:103A30007B681B68234A93422CD07B681B68224A10
:103A4000934227D07B681B68204A934222D07B6830
:103A50001B681F4A93421DD07B681B681D4A934216
:103A600018D07B681B681C4A934213D07B681B6884
:103A70001A4A93420ED07B681B68194A934209D0B8
:103A80007B681B68174A934204D07B681B68164A00
:103A900093422BD17B681B681B6803F01003002B3B
:103AA00014BF01230023DBB22AE000BF1000024054
:103AB00028000240400002405800024070000240CE
:103AC00088000240A0000240B800024010040240FA
:103AD000280402404004024058040240700402409E
:103AE00088040240A0040240B80402407B681B68BE
:103AF0001B6803F00203002B14BF01230023DBB279
:103B0000002B00F087807B68DB6D03F01F03202211
:103B10009A403B6A9A607B6893F83530DBB2042B9D
:103B200039D17B681B681A687B681B6822F0160213
:103B30001A607B681B685A697B681B6822F08002E8
:103B40005A617B681B6C002B03D17B689B6C002B3C
:103B500007D07B681B681A687B681B6822F0080224
:103B60001A607B68DB6D03F01F033F229A403B6ABB
:103B70009A607B68012283F835207B68002283F8F5
:103B800034207B681B6D002B00F04A837B681B6D23
:103B90007868984744E37B681B681B6803F48023BC
:103BA000002B18D07B681B681B6803F40023002BD4
:103BB00008D17B685B6C002B2CD07B685B6C7868D1
:103BC000984727E07B68DB6B002B23D07B68DB6B9F
:103BD000786898471EE07B681B681B6803F4807355
:103BE000002B0FD17B681B681A687B681B6822F06A
:103BF00010021A607B68012283F835207B6800225E
:103C000083F834207B68DB6B002B03D07B68DB6B95
:103C1000786898477B685B6D002B00F006837B68B3
:103C20005B6D03F00103002B00F088807B680422A9
:103C300083F835207B681B687A4A93424AD07B68B8
:103C40001B68794A934245D07B681B68774A934248
:103C500040D07B681B68764A93423BD07B681B68E8
:103C6000744A934236D07B681B68734A934231D0C2
:103C70007B681B68714A93422CD07B681B68704A32
:103C8000934227D07B681B686E4A934222D07B68A0
:103C90001B686D4A93421DD07B681B686B4A934238
:103CA00018D07B681B686A4A934213D07B681B68F4
:103CB000684A93420ED07B681B68674A934209D0DA
:103CC0007B681B68654A934204D07B681B68644A22
:103CD000934208D17B681B681A687B681B6822F0D6
:103CE00001021A6007E07B681B681A687B681B6822
:103CF00022F001021A60FB680133FB607A6A9A4283
:103D000007D37B681B681B6803F00103002BF2D10B
:103D100000E000BF7B681B681B6803F00103002BF9
:103D200004D07B68032283F8352003E07B680122FE
:103D300083F835207B68002283F834207B68DB6CB5
:103D4000002B00F072827B68DB6C786898476CE22D
:103D50007B681B68434A934222D07B681B68424AB7
:103D600093421DD07B681B68404A934218D07B6801
:103D70001B683F4A934213D07B681B683D4A9342BD
:103D80000ED07B681B683C4A934209D07B681B6855
:103D90003A4A934204D07B681B68394A934201D166
:103DA000012300E00023002B00F03F827B681B68AA
:103DB0001B683B617B68DB6D03F01F0304229A40A4
:103DC0007B691340002B00F0CD803B6903F00403B6
:103DD000002B00F0C7807B68DB6D03F01F0304221B
:103DE0009A40FB695A603B6903F40043002B49D0B9
:103DF0003B6903F48033002B09D17B689B6C002B5B
:103E000000F010827B689B6C786898470AE27B68B8
:103E10001B6C002B00F006827B681B6C786898474F
:103E200000E200BF100002402800024040000240B3
:103E3000580002407000024088000240A00002408A
:103E4000B80002401004024028040240400402402E
:103E5000580402407004024088040240A00402405A
:103E6000B8040240085402581C54025830540258F6
:103E700044540258585402586C5402588054025802
:103E8000945402583B6903F02003002B60D17B68F7
:103E90001B687F4A93424AD07B681B687D4A9342E5
:103EA00045D07B681B687C4A934240D07B681B6886
:103EB0007A4A93423BD07B681B68794A934236D05A
:103EC0007B681B68774A934231D07B681B68764ACF
:103ED00093422CD07B681B68744A934227D07B683E
:103EE0001B68734A934222D07B681B68714A9342D5
:103EF0001DD07B681B68704A934218D07B681B6892
:103F00006E4A934213D07B681B686D4A93420ED071
:103F10007B681B686B4A934209D07B681B686A4ABE
:103F2000934204D07B681B68684A934208D17B683F
:103F30001B681A687B681B6822F008021A6007E099
:103F40007B681B681A687B681B6822F004021A6091
:103F50007B681B6C002B00F065817B681B6C7868AC
:103F600098475FE17B68DB6D03F01F0302229A40F4
:103F70007B691340002B00F0C5803B6903F002030E
:103F8000002B00F0BF807B68DB6D03F01F03022273
:103F90009A40FB695A603B6903F40043002B18D038
:103FA0003B6903F48033002B09D17B685B6C002BE9
:103FB00000F03A817B685B6C7868984734E17B68F5
:103FC000DB6B002B00F030817B68DB6B78689847F7
:103FD0002AE13B6903F02003002B40F089807B68D5
:103FE0001B682B4A93424AD07B681B68294A93423C
:103FF00045D07B681B68284A934240D07B681B6889
:10400000264A93423BD07B681B68254A934236D0B0
:104010007B681B68234A934231D07B681B68224A25
:1040200093422CD07B681B68204A934227D07B6840
:104030001B681F4A934222D07B681B681D4A93422B
:104040001DD07B681B681C4A934218D07B681B6894
:104050001A4A934213D07B681B68194A93420ED0C8
:104060007B681B68174A934209D07B681B68164A15
:10407000934204D07B681B68144A934228D17B6822
:104080001B681A687B681B6822F014021A6027E01C
:104090001000024028000240400002405800024048
:1040A0007000024088000240A0000240B8000240B8
:1040B0001004024028040240400402405804024018
:1040C0007004024088040240A0040240B804024088
:1040D0007B681B681A687B681B6822F00A021A60FA
:1040E0007B68012283F835207B68002283F8342026
:1040F0007B68DB6B002B00F097807B68DB6B78685C
:10410000984791E07B68DB6D03F01F0308229A401B
:104110007B691340002B00F088803B6903F00803A3
:10412000002B00F082807B681B68414A93424AD092
:104130007B681B683F4A934245D07B681B683E4AB8
:10414000934240D07B681B683C4A93423BD07B68DB
:104150001B683B4A934236D07B681B68394A9342BE
:1041600031D07B681B68384A93422CD07B681B682F
:10417000364A934227D07B681B68354A934222D047
:104180007B681B68334A93421DD07B681B68324AA8
:10419000934218D07B681B68304A934213D07B68E7
:1041A0001B682F4A93420ED07B681B682D4A9342AE
:1041B00009D07B681B682C4A934204D07B681B683B
:1041C0002A4A934208D17B681B681A687B681B687F
:1041D00022F01C021A6007E07B681B681A687B6883
:1041E0001B6822F00E021A607B68DB6D03F01F0370
:1041F00001229A40FB695A607B6801225A657B68FC
:10420000012283F835207B68002283F834207B6804
:10421000DB6C002B09D07B68DB6C7868984704E086
:1042200000BF02E000BF00E000BF2837BD4680BDF0
:1042300010000240280002404000024058000240A6
:104240007000024088000240A0000240B800024016
:104250001004024028040240400402405804024076
:104260007004024088040240A0040240B8040240E6
:1042700080B487B000AFF860B9607A603B60FB68DB
:104280009B6D7B61FB689B6D3B61FB681B687F4A94
:10429000934272D0FB681B687D4A93426DD0FB68E5
:1042A0001B687C4A934268D0FB681B687A4A934239
:1042B00063D0FB681B68794A93425ED0FB681B6839
:1042C000774A934259D0FB681B68764A934254D090
:1042D000FB681B68744A93424FD0FB681B68734AA3
:1042E00093424AD0FB681B68714A934245D0FB68F1
:1042F0001B68704A934240D0FB681B686E4A934229
:104300003BD0FB681B686D4A934236D0FB681B6844
:104310006B4A934231D0FB681B686A4A93422CD0A7
:10432000FB681B68684A934227D0FB681B68674A92
:10433000934222D0FB681B68654A93421DD0FB68FC
:104340001B68644A934218D0FB681B68624A934218
:1043500013D0FB681B68614A93420ED0FB681B6850
:104360005F4A934209D0FB681B685E4A934204D0BF
:10437000FB681B685C4A934201D1012300E00023E3
:10438000002B0DD0FB685B6EFA68926E5A60FB687A
:10439000DB6E002B04D0FB681B6FFA68526F5A600B
:1043A000FB681B68394A93424AD0FB681B68384A4D
:1043B000934245D0FB681B68364A934240D0FB6865
:1043C0001B68354A93423BD0FB681B68334A9342D3
:1043D00036D0FB681B68324A934231D0FB681B68B9
:1043E000304A93422CD0FB681B682F4A934227D057
:1043F000FB681B682D4A934222D0FB681B682C4A3D
:1044000093421DD0FB681B682A4A934218D0FB6870
:104410001B68294A934213D0FB681B68274A9342C2
:104420000ED0FB681B68264A934209D0FB681B68C4
:10443000244A934204D0FB681B68234A934201D16B
:10444000012300E00023002B59D0FB68DB6D03F053
:104450001F033F229A407B699A60FB681B681A68B9
:10446000FB681B6822F480221A60FB681B683A68AC
:104470005A60FB689B68402B38D1FB681B687A68E0
:104480009A60FB681B68BA68DA6086E01000024038
:1044900028000240400002405800024070000240E4
:1044A00088000240A0000240B80002401004024010
:1044B00028040240400402405804024070040240B4
:1044C00088040240A0040240B80402400854025884
:1044D0001C5402583054025844540258585402583C
:1044E0006C5402588054025894540258FB681B685C
:1044F000BA689A60FB681B687A68DA604DE0FB680E
:104500001B68294A934222D0FB681B68274A9342C2
:104510001DD0FB681B68264A934218D0FB681B68B5
:10452000244A934213D0FB681B68234A93420ED05F
:10453000FB681B68214A934209D0FB681B68204A2C
:10454000934204D0FB681B681E4A934201D10123A9
:1045500000E00023002B20D0FB68DB6D03F01F037D
:1045600001229A403B695A60FB681B683A685A60AE
:10457000FB689B68402B08D1FB681B687A689A60CF
:10458000FB681B68BA68DA6007E0FB681B68BA68FA
:104590009A60FB681B687A68DA6000BF1C37BD460A
:1045A0005DF8047B704700BF085402581C54025841
:1045B0003054025844540258585402586C5402580B
:1045C000805402589454025880B485B000AF78608B
:1045D0007B681B68424A93424AD07B681B68414A09
:1045E000934245D07B681B683F4A934240D07B682A
:1045F0001B683E4A93423BD07B681B683C4A93420F
:1046000036D07B681B683B4A934231D07B681B687D
:10461000394A93422CD07B681B68384A934227D092
:104620007B681B68364A934222D07B681B68354AF8
:1046300093421DD07B681B68334A934218D07B6835
:104640001B68324A934213D07B681B68304A9342FE
:104650000ED07B681B682F4A934209D07B681B6889
:104660002D4A934204D07B681B682C4A934201D1A7
:10467000012300E00023002B24D07B681B68DBB201
:10468000103B274AA2FB03231B09FB60FB6803F0D6
:104690000703244AD35C1A467B68DA65FB68032B60
:1046A00008D97B681B681A461F4B13401A1D7B688C
:1046B0009A650DE07B681B681A461B4B13407A68AD
:1046C000936505E07B681B6823F0FF027B689A65B1
:1046D0007B689B6D18461437BD465DF8047B7047B8
:1046E00010000240280002404000024058000240F2
:1046F0007000024088000240A0000240B800024062
:1047000010040240280402404004024058040240C1
:104710007004024088040240A0040240B804024031
:10472000ABAAAAAA70C3000800FCFFFF80B485B042
:1047300000AF78600023FB737B689B69002B20D15E
:104740007B689B6A032B58D801A252F823F000BF64
:10475000614700087347000861470008FB470008ED
:104760007B68DB6A03F08073002B48D00123FB7366
:1047700045E07B68DB6AB3F1C07F42D10123FB7364
:104780003FE07B689B69B3F5005F23D17B689B6A40
:10479000032B38D801A252F823F000BFAD47000820
:1047A000B3470008AD470008C54700080123FB7365
:1047B00030E07B68DB6A03F08073002B25D0012397
:1047C000FB7322E07B68DB6AB3F1C07F1FD101235A
:1047D000FB731CE07B689B6A022B02D9032B03D07E
:1047E00018E00123FB7315E07B68DB6A03F080733C
:1047F000002B0ED00123FB730BE000BF0AE000BFCB
:1048000008E000BF06E000BF04E000BF02E000BF18
:1048100000E000BFFB7B18461437BD465DF8047B03
:10482000704700BF80B485B000AF78607B681B68BC
:10483000BB607B681B68384A934222D07B681B6848
:10484000364A93421DD07B681B68354A934218D084
:104850007B681B68334A934213D07B681B68324ADB
:1048600093420ED07B681B68304A934209D07B6824
:104870001B682F4A934204D07B681B682D4A9342E1
:1048800001D1012300E00023002B1AD07B681B68B4
:10489000DBB2083B284AA2FB03231B09FB60FA6832
:1048A000264B13449B001A467B681A667B68244A91
:1048B0005A66FB6803F01F0301229A407B689A66E0
:1048C00024E07B681B68DBB2103B1E4AA2FB03237B
:1048D0001B09FB60BB681C4A934206D8BB681B4A95
:1048E000934202D9FB680833FB60FA68184B134403
:1048F0009B001A467B681A667B68164A5A66FB68F4
:1049000003F01F0301229A407B689A6600BF1437A8
:10491000BD465DF8047B7047085402581C54025889
:104920003054025844540258585402586C54025897
:104930008054025894540258CDCCCCCC009600162A
:1049400080580258ABAAAAAAB80402400F04024039
:10495000008200108008024080B485B000AF78600B
:104960007B685B68DBB2FB60FB68002B4AD0FB68AE
:10497000082B47D87B681B68254A934222D07B6866
:104980001B68244A93421DD07B681B68224A9342CD
:1049900018D07B681B68214A934213D07B681B6840
:1049A0001F4A93420ED07B681B681E4A934209D06F
:1049B0007B681B681C4A934204D07B681B681B4AB7
:1049C000934201D1012300E00023002B0AD0FA68B2
:1049D000174B13449B001A467B68DA667B68154ABE
:1049E0001A6709E0FA68144B13449B001A467B6867
:1049F000DA667B68114A1A67FB68013B01229A401C
:104A00007B685A6700BF1437BD465DF8047B70476A
:104A1000085402581C540258305402584454025846
:104A2000585402586C5402588054025894540258F6
:104A30003F960016405902583F820010400902403C
:104A400080B489B000AF786039600023FB61894B86
:104A50007B6194E13B681A680121FB6901FA03F369
:104A600013403B613B69002B00F086813B685B682B
:104A700003F00303012B05D03B685B6803F00303DD
:104A8000022B30D17B689B68BB61FB695B00032212
:104A900002FA03F3DB43BA691340BB613B68DA688F
:104AA000FB695B0002FA03F3BA691343BB617B68DD
:104AB000BA699A607B685B68BB610122FB6902FA94
:104AC00003F3DB43BA691340BB613B685B681B09B6
:104AD00003F00102FB6902FA03F3BA691343BB61F5
:104AE0007B68BA695A603B685B6803F00303032B79
:104AF00017D07B68DB68BB61FB695B00032202FAAD
:104B000003F3DB43BA691340BB613B689A68FB69F6
:104B10005B0002FA03F3BA691343BB617B68BA69AD
:104B2000DA603B685B6803F00303022B23D1FB6967
:104B3000DA087B68083253F82230BB61FB6903F066
:104B400007039B000F2202FA03F3DB43BA69134009
:104B5000BB613B681A69FB6903F007039B0002FA1B
:104B600003F3BA691343BB61FB69DA087B68083257
:104B7000B96943F822107B681B68BB61FB695B0065
:104B8000032202FA03F3DB43BA691340BB613B68BB
:104B90005B6803F00302FB695B0002FA03F3BA6986
:104BA0001343BB617B68BA691A603B685B6803F4B6
:104BB0004033002B00F0E0802F4BD3F8F4302E4A26
:104BC00043F00203C2F8F4302B4BD3F8F43003F077
:104BD0000203FB60FB68294AFB699B08023352F819
:104BE0002330BB61FB6903F003039B000F2202FA31
:104BF00003F3DB43BA691340BB617B68204A9342ED
:104C000052D07B681F4A934231D07B681E4A934240
:104C10002BD07B681D4A934225D07B681C4A934267
:104C20001FD07B681B4A934219D07B681A4A934273
:104C300013D07B68194A93420DD07B68184A93427F
:104C400007D07B68174A934201D109232DE00A233C
:104C50002BE0082329E0072327E0062325E005238E
:104C600023E0042321E003231FE002231DE00123AE
:104C70001BE000BF800000580044025800040058A8
:104C8000000002580004025800080258000C0258A4
:104C9000001002580014025800180258001C025854
:104CA00000200258002402580023FA6902F003028F
:104CB00092009340BA691343BB613849FB699B0872
:104CC0000233BA6941F823204FF0B0431B68BB613F
:104CD0003B69DB43BA691340BB613B685B6803F423
:104CE0008013002B03D0BA693B691343BB614FF0BB
:104CF000B042BB6913604FF0B0435B68BB613B6976
:104D0000DB43BA691340BB613B685B6803F4001383
:104D1000002B03D0BA693B691343BB614FF0B0422B
:104D2000BB6953607B695B68BB613B69DB43BA6904
:104D30001340BB613B685B6803F40033002B03D076
:104D4000BA693B691343BB617B69BA695A607B6985
:104D50001B68BB613B69DB43BA691340BB613B68BD
:104D60005B6803F48033002B03D0BA693B691343BB
:104D7000BB617B69BA691A60FB690133FB613B68FF
:104D80001A68FB6922FA03F3002B7FF463AE00BFBD
:104D900000BF2437BD465DF8047B7047000400580F
:104DA00080B483B000AF78600B467B8013467B7085
:104DB0007B78002B03D07A887B689A6103E07B883C
:104DC0001A047B689A6100BF0C37BD465DF8047B0E
:104DD000704780B485B000AF78600B467B807B68FD
:104DE0005B69FB607A88FB6813401A04FB68D9434F
:104DF0007B880B401A437B689A6100BF1437BD461D
:104E00005DF8047B7047000080B584B000AF786027
:104E1000194BDB6803F00403042B0AD0164BDB6844
:104E200003F007037A689A4201D001231FE00023B0
:104E30001DE0114BDB6823F007020F497B68134329
:104E4000CB60FCF7FDFDF86009E0FCF7F9FD0246D8
:104E5000FB68D31AB3F57A7F01D9012307E0064B2B
:104E60005B6803F40053B3F5005FEED100231846EE
:104E70001037BD4680BD00BF0048025880B58CB0D9
:104E800000AF78607B68002B02D1012300F048BCA2
:104E90007B681B6803F00103002B00F08880994BAE
:104EA0001B6903F03803FB62964B9B6ABB62FB6A8B
:104EB000102B07D0FB6A182B11D1BB6A03F0030338
:104EC000022B0CD18F4B1B6803F40033002B6DD0E9
:104ED0007B685B68002B69D1012300F021BC7B68F3
:104EE0005B68B3F5803F06D1864B1B68854A43F467
:104EF000803313602EE07B685B68002B0CD1814B04
:104F00001B68804A23F4803313607E4B1B687D4A04
:104F100023F4802313601DE07B685B68B3F5A02F4A
:104F20000CD1784B1B68774A43F480231360754B90
:104F30001B68744A43F4803313600BE0714B1B68A9
:104F4000704A23F4803313606E4B1B686D4A23F460
:104F5000802313607B685B68002B13D0FCF770FD27
:104F6000786208E0FCF76CFD02467B6AD31A642B7A
:104F700001D90323D4E3634B1B6803F40033002BF4
:104F8000F0D014E0FCF75CFD786208E0FCF758FD17
:104F900002467B6AD31A642B01D90323C0E3594B21
:104FA0001B6803F40033002BF0D100E000BF7B68E6
:104FB0001B6803F00203002B00F0CA80514B1B69F1
:104FC00003F038033B624F4B9B6AFB613B6A002B4B
:104FD00007D03B6A182B56D1FB6903F00303002B63
:104FE00051D1484B1B6803F00403002B05D07B68AC
:104FF000DB68002B01D1012392E3424B1B6823F0B5
:1050000019027B68DB683F4913430B60FCF718FD0E
:10501000786208E0FCF714FD02467B6AD31A022B83
:1050200001D903237CE3374B1B6803F00403002BF7
:10503000F0D0FCF735FD034641F20302934217D846
:105040007B681B69402B08D12E4B5B6823F47C33B3
:105050002C4A43F4003353607AE02A4B5B6823F414
:105060007C327B681B691B03264913434B606FE04E
:10507000244B5B6823F0FE427B681B691B062149B9
:1050800013434B6064E07B68DB68002B47D01D4B0B
:105090001B6823F019027B68DB681A4913430B6015
:1050A000FCF7CEFC786208E0FCF7CAFC02467B6A9B
:1050B000D31A022B01D9032332E3124B1B6803F0EE
:1050C0000403002BF0D0FCF7EBFC034641F2030293
:1050D000934219D87B681B69402B08D1094B5B6848
:1050E00023F47C33074A43F40033536030E0054B2C
:1050F0005B6823F47C327B681B691B030149134303
:105100004B6025E0004402589A4B5B6823F0FE4256
:105110007B681B691B06974913434B6018E0954B4E
:105120001B68944A23F001031360FCF789FC786242
:1051300008E0FCF785FC02467B6AD31A022B01D9F2
:105140000323EDE28B4B1B6803F00403002BF0D12B
:105150007B681B6803F01003002B00F0A980854BCF
:105160001B6903F03803BB61824B9B6A7B61BB699F
:10517000082B07D0BB69182B3AD17B6903F00303D6
:10518000012B35D17B4B1B6803F48073002B05D0BA
:105190007B68DB69802B01D00123C1E2FCF780FC36
:1051A000034641F20302934217D87B681B6A202B07
:1051B00008D1704B5B6823F0F8436E4A43F080439C
:1051C000536075E06B4B5B6823F0F8427B681B6AA9
:1051D0009B06684913434B606AE0664BDB6823F02B
:1051E0007C527B681B6A1B0662491343CB605FE0FD
:1051F0007B68DB69002B42D05E4B1B685D4A43F045
:1052000080031360FCF71CFC786208E0FCF718FCD4
:1052100002467B6AD31A022B01D9032380E2554B45
:105220001B6803F48073002BF0D0FCF739FC0346B5
:1052300041F20302934217D87B681B6A202B08D1E6
:105240004C4B5B6823F0F8434A4A43F08043536079
:105250002EE0484B5B6823F0F8427B681B6A9B0694
:10526000444913434B6023E0424BDB6823F07C52FC
:105270007B681B6A1B063F491343CB6018E03D4B1C
:105280001B683C4A23F080031360FCF7D9FB78626B
:1052900008E0FCF7D5FB02467B6AD31A022B01D942
:1052A00003233DE2334B1B6803F48073002BF0D1E2
:1052B0007B681B6803F00803002B36D07B685B69B2
:1052C000002B19D02B4B5B6F2A4A43F00103536725
:1052D000FCF7B6FB786208E0FCF7B2FB02467B6A9B
:1052E000D31A022B01D903231AE2224B5B6F03F07E
:1052F0000203002BF0D018E01E4B5B6F1D4A23F019
:1053000001035367FCF79CFB786208E0FCF798FB0D
:1053100002467B6AD31A022B01D9032300E2154B04
:105320005B6F03F00203002BF0D17B681B6803F076
:105330002003002B39D07B689B69002B1CD00D4BC0
:105340001B680C4A43F480531360FCF779FB7862C6
:1053500008E0FCF775FB02467B6AD31A022B01D9E1
:105360000323DDE1034B1B6803F40053002BF0D053
:105370001BE000BF004402589B4B1B689A4A23F471
:1053800080531360FCF75CFB786208E0FCF758FB85
:1053900002467B6AD31A022B01D90323C0E1924B48
:1053A0001B6803F40053002BF0D17B681B6803F0EB
:1053B0000403002B00F081808C4B1B688B4A43F464
:1053C00080731360FCF73CFB786208E0FCF738FB65
:1053D00002467B6AD31A642B01D90323A0E1834BD5
:1053E0001B6803F48073002BF0D07B689B68012B53
:1053F00006D17D4B1B6F7C4A43F0010313672DE000
:105400007B689B68002B0CD1774B1B6F764A23F08F
:1054100001031367744B1B6F734A23F00403136774
:105420001CE07B689B68052B0CD16F4B1B6F6E4A91
:1054300043F0040313676C4B1B6F6B4A43F001038B
:1054400013670BE0684B1B6F674A23F00103136778
:10545000654B1B6F644A23F0040313677B689B68EA
:10546000002B15D0FCF7ECFA78620AE0FCF7E8FABA
:1054700002467B6AD31A41F28832934201D9032350
:105480004EE1594B1B6F03F00203002BEED014E0EA
:10549000FCF7D6FA78620AE0FCF7D2FA02467B6A99
:1054A000D31A41F28832934201D9032338E14E4B9B
:1054B0001B6F03F00203002BEED17B685B6A002BAD
:1054C00000F02D81484B1B6903F03803182B00F0C6
:1054D000BD807B685B6A022B40F09E80424B1B685C
:1054E000414A23F080731360FCF7AAFA786208E05F
:1054F000FCF7A6FA02467B6AD31A022B01D90323D2
:105500000EE1394B1B6803F00073002BF0D1364BD2
:105510009A6A374B13407A68916A7A68D26A1201A4
:105520000A43314913438B627B681B6B013BC3F316
:1055300008027B685B6B013B5B029BB21A437B6892
:105540009B6B013B1B0403F4FE031A437B68DB6B7C
:10555000013B1B0603F0FE43234913430B63224B1D
:10556000DB6A214A23F00103D3621F4B5A6B214BA4
:1055700013407A68926CD2001B4913434B631A4B59
:10558000DB6A23F00C027B681B6C17491343CB6268
:10559000154BDB6A23F002027B685B6C12491343F4
:1055A000CB62114BDB6A104A43F48033D3620E4B5B
:1055B000DB6A0D4A43F40033D3620B4BDB6A0A4AC1
:1055C00043F48023D362084BDB6A074A43F00103AC
:1055D000D362054B1B68044A43F080731360FCF7E9
:1055E0002FFA786211E000BF0044025800480258C8
:1055F0000CFCFFFF0700FFFFFCF722FA02467B6A64
:10560000D31A022B01D903238AE0474B1B6803F00E
:105610000073002BF0D082E0434B1B68424A23F01A
:1056200080731360FCF70CFA786208E0FCF708FA64
:1056300002467B6AD31A022B01D9032370E03A4B4E
:105640001B6803F00073002BF0D168E0364B9B6AB7
:105650003B61354B1B6BFB607B685B6A012B31D078
:105660003B6903F003027B689B6A9A422AD13B693B
:105670001B0903F03F027B68DB6A9A4222D1FB6878
:10568000C3F308027B681B6B013B9A421AD1FB688B
:105690005B0A03F07F027B685B6B013B9A4211D18E
:1056A000FB681B0C03F07F027B689B6B013B9A42FB
:1056B00008D1FB681B0E03F07F027B68DB6B013BAC
:1056C0009A4201D001232BE0174B5B6BDB08C3F33D
:1056D0000C033B617B689B6C3A699A421FD0124B6A
:1056E000DB6A114A23F00103D362FCF7A9F978625F
:1056F00000BFFCF7A5F902467B6A9342F9D00A4B3A
:105700005A6B0A4B13407A68926CD20006491343D5
:105710004B63054BDB6A044A43F00103D362002369
:1057200018463037BD4680BD004402580700FFFFD1
:1057300080B586B000AF786039607B68002B01D1FE
:1057400001239CE18A4B1B6803F00F033A689A42DD
:1057500010D9874B1B6823F00F0285493B68134320
:105760000B60834B1B6803F00F033A689A4201D029
:10577000012384E17B681B6803F00403002B10D035
:105780007B681A697B4B9B6903F070039A4208D9C6
:10579000784B9B6923F070027B681B697549134342
:1057A0008B617B681B6803F00803002B10D07B68BB
:1057B0005A69704BDB6903F070039A4208D96D4B4C
:1057C000DB6923F070027B685B696A491343CB6134
:1057D0007B681B6803F01003002B10D07B689A696C
:1057E000644BDB6903F4E0639A4208D9614BDB69DF
:1057F00023F4E0627B689B695E491343CB617B685D
:105800001B6803F02003002B10D07B68DA69594B2A
:105810001B6A03F070039A4208D9564B1B6A23F0A7
:1058200070027B68DB69534913430B627B681B681A
:1058300003F00203002B10D07B68DA684D4B9B69A4
:1058400003F00F039A4208D94A4B9B6923F00F02D9
:105850007B68DB68474913438B617B681B6803F0F7
:105860000103002B55D0434B9B6923F470627B6886
:105870009B68404913438B617B685B68022B07D1AF
:105880003C4B1B6803F40033002B21D10123F6E0CD
:105890007B685B68032B07D1364B1B6803F00073F2
:1058A000002B15D10123EAE07B685B68012B07D14F
:1058B000304B1B6803F48073002B09D10123DEE019
:1058C0002C4B1B6803F00403002B01D10123D6E00D
:1058D000284B1B6923F007027B685B68254913434B
:1058E0000B61FCF7ADF878610AE0FCF7A9F8024615
:1058F0007B69D31A41F28832934201D90323BEE077
:105900001C4B1B6903F038027B685B68DB009A4222
:10591000EBD17B681B6803F00203002B10D07B687F
:10592000DA68144B9B6903F00F039A4208D2114BBB
:105930009B6923F00F027B68DB680E4913438B6180
:105940000B4B1B6803F00F033A689A4214D2084BC2
:105950001B6823F00F0206493B6813430B60044B9E
:105960001B6803F00F033A689A4205D0012386E0D2
:1059700000200052004402587B681B6803F00403B7
:10598000002B10D07B681A693F4B9B6903F07003B2
:105990009A4208D23C4B9B6923F070027B681B69DA
:1059A000394913438B617B681B6803F00803002BA4
:1059B00010D07B685A69344BDB6903F070039A425C
:1059C00008D2314BDB6923F070027B685B692E499A
:1059D0001343CB617B681B6803F01003002B10D0CE
:1059E0007B689A69284BDB6903F4E0639A4208D22A
:1059F000254BDB6923F4E0627B689B6922491343F2
:105A0000CB617B681B6803F02003002B10D07B6800
:105A1000DA691D4B1B6A03F070039A4208D21A4BD5
:105A20001B6A23F070027B68DB69174913430B6222
:105A300000F034F80246144B9B691B0A03F00F0375
:105A40001249CB5C03F01F0322FA03F33B610E4BB8
:105A50009B6903F00F030D4AD35C03F01F033A69FF
:105A600022FA03F30A4A13600A4A3B6913600A4B9D
:105A70001B681846FBF79AFF0346FB73FB7B18462F
:105A80001837BD4680BD00BF0044025860C30008FF
:105A900004000024000000240800002480B489B021
:105AA00000AFB34B1B6903F03803182B00F255818C
:105AB00001A252F823F000BF1D5B00085B5D0008E7
:105AC0005B5D00085B5D00085B5D00085B5D0008D6
:105AD0005B5D00085B5D0008435B00085B5D0008E0
:105AE0005B5D00085B5D00085B5D00085B5D0008B6
:105AF0005B5D00085B5D0008495B00085B5D0008BA
:105B00005B5D00085B5D00085B5D00085B5D000895
:105B10005B5D00085B5D00084F5B0008944B1B68F1
:105B200003F02003002B09D0914B1B68DB0803F026
:105B30000303904A22FA03F3BB6111E18D4BBB6171
:105B40000EE18D4BBB610BE18C4BBB6108E1884BD7
:105B50009B6A03F003037B61854B9B6A1B0903F07F
:105B60003F033B61824BDB6A03F00103FB60804B28
:105B70005B6BDB08C3F30C03FA6802FB03F307EE6D
:105B8000903AF8EE677AC7ED027A3B69002B00F095
:105B9000E1807B69022B00F083807B69022B00F29D
:105BA000A1807B69002B03D07B69012B56D099E043
:105BB0006F4B1B6803F02003002B2DD06C4B1B6830
:105BC000DB0803F003036B4A22FA03F37B607B6874
:105BD00007EE903AF8EE676A3B6907EE903AF8EE06
:105BE000677A86EEA77A624B1B6BC3F3080307EE56
:105BF000903AF8EE676A97ED026ADFED615AC6EEF9
:105C0000257A76EEA77AF7EE006A77EEA67A67EE47
:105C1000277AC7ED077A87E03B6907EE903AF8EEFE
:105C2000677ADFED586A86EEA77A514B1B6BC3F398
:105C3000080307EE903AF8EE676A97ED026ADFED27
:105C4000505AC6EE257A76EEA77AF7EE006A77EE1E
:105C5000A67A67EE277AC7ED077A65E03B6907EE1B
:105C6000903AF8EE677ADFED486A86EEA77A404B05
:105C70001B6BC3F3080307EE903AF8EE676A97EDE3
:105C8000026ADFED3F5AC6EE257A76EEA77AF7EE86
:105C9000006A77EEA67A67EE277AC7ED077A43E0C7
:105CA0003B6907EE903AF8EE677ADFED386A86EEE8
:105CB000A77A2F4B1B6BC3F3080307EE903AF8EE5D
:105CC000676A97ED026ADFED2E5AC6EE257A76EE08
:105CD000A77AF7EE006A77EEA67A67EE277AC7ED25
:105CE000077A21E03B6907EE903AF8EE677ADFED3C
:105CF000266A86EEA77A1E4B1B6BC3F3080307EEDA
:105D0000903AF8EE676A97ED026ADFED1D5AC6EE2B
:105D1000257A76EEA77AF7EE006A77EEA67A67EE36
:105D2000277AC7ED077A00BF114B1B6B5B0A03F0A4
:105D30007F0301333B603B6807EE903AB8EE677A29
:105D4000D7ED076AC6EE877AFCEEE77A17EE903A4F
:105D5000BB6105E00023BB6102E0074BBB6100BFF4
:105D6000BB6918462437BD465DF8047B704700BF09
:105D7000004402580090D00300093D0040787D01A6
:105D8000000000460024744C0024744A20BCBE4B22
:105D900080B582B000AFFFF781FE0246104B9B69D1
:105DA0001B0A03F00F030F49CB5C03F01F0322FA19
:105DB00003F37B600A4B9B6903F00F03094AD35C32
:105DC00003F01F037A6822FA03F3074A1360074AB5
:105DD0007B681360044B1B6818460837BD4680BDBE
:105DE0000044025860C3000804000024000000249E
:105DF00080B500AFFFF7CCFF0246064BDB691B09FD
:105E000003F007030449CB5C03F01F0322FA03F3FA
:105E1000184680BD0044025860C3000880B500AF3A
:105E2000FFF7B6FF0246064BDB691B0A03F00703C8
:105E30000449CB5C03F01F0322FA03F3184680BD2C
:105E40000044025860C300082DE9B04FCAB000AF4B
:105E5000C7F81401002387F82731002387F826317B
:105E6000D7F81431D3E9002302F00064002554EA86
:105E7000050349D0D7F814319B6EB3F5401F2FD0DE
:105E8000B3F5401F28D8B3F5001F1AD0B3F5001F93
:105E900022D8002B03D0B3F5801F07D01CE0B84BED
:105EA000DB6AB74A43F40033D3621AE0D7F81431FF
:105EB00008330221184601F08FFC034687F827318A
:105EC0000FE0D7F8143128330221184601F036FDCF
:105ED000034687F8273104E0012387F8273100E0E3
:105EE00000BF97F82731002B0AD1A54B1B6D23F477
:105EF0004011D7F814319B6EA14A0B43136503E0A0
:105F000097F8273187F82631D7F81431D3E90023E1
:105F100002F480784FF0000958EA090347D0D7F817
:105F200014319B6D042B2AD801A252F823F000BF34
:105F3000455F0008535F0008695F0008875F00083D
:105F4000875F00088E4BDB6A8D4A43F40033D362CF
:105F50001AE0D7F8143108330021184601F03CFC50
:105F6000034687F827310FE0D7F814312833002192
:105F7000184601F0E3FC034687F8273104E00123CB
:105F800087F8273100E000BF97F82731002B0AD1AE
:105F90007B4B1B6D23F00701D7F814319B6D784ABA
:105FA0000B43136503E097F8273187F82631D7F8BC
:105FB0001431D3E9002302F4007A4FF0000B5AEABF
:105FC0000B034CD0D7F81431DB6DB3F5807F30D0A4
:105FD000B3F5807F29D8C02B2DD0C02B25D8802B9E
:105FE00018D0802B21D8002B02D0402B07D01CE0EA
:105FF000634BDB6A624A43F40033D3621CE0D7F898
:10600000143108330021184601F0E6FB034687F8F7
:10601000273111E0D7F8143128330021184601F058
:106020008DFC034687F8273106E0012387F82731E6
:1060300002E000BF00E000BF97F82731002B0AD133
:106040004F4B1B6D23F4E071D7F81431DB6D4C4AD4
:106050000B43136503E097F8273187F82631D7F80B
:106060001431D3E9002302F48063C7F80831002318
:10607000C7F80C31D7E942120B46134353D0D7F877
:106080001431D3F8A830B3F5000F35D0B3F5000FB5
:106090002ED8B3F5C00F31D0B3F5C00F28D8B3F563
:1060A000800F1AD0B3F5800F22D8002B03D0B3F5A0
:1060B000001F07D01CE0324BDB6A314A43F4003347
:1060C000D3621CE0D7F8143108330021184601F0E0
:1060D00083FB034687F8273111E0D7F814312833C2
:1060E0000021184601F02AFC034687F8273106E014
:1060F000012387F8273102E000BF00E000BF97F8D6
:106100002731002B0BD11E4B9B6D23F46001D7F878
:106110001431D3F8A8301A4A0B43936503E097F87B
:10612000273187F82631D7F81431D3E9002302F458
:106130000063C7F800310023C7F80431D7E94012E3
:106140000B46134356D0D7F81431D3F8AC30B3F123
:10615000806F38D0B3F1806F31D8B3F1407F34D045
:10616000B3F1407F2BD8B3F1007F1DD0B3F1007F96
:1061700025D8002B06D0B3F1807F0AD01FE000BFE6
:1061800000440258A24BDB6AA14A43F40033D362B5
:106190001CE0D7F8143108330021184601F01CFB2D
:1061A000034687F8273111E0D7F81431283300214E
:1061B000184601F0C3FB034687F8273106E00123A8
:1061C00087F8273102E000BF00E000BF97F82731D1
:1061D000002B0BD18E4B9B6D23F0E061D7F814316F
:1061E000D3F8AC308A4A0B43936503E097F8273124
:1061F00087F82631D7F81431D3E9002302F0007371
:10620000C7F8F8300023C7F8FC30D7E93E120B4638
:1062100013433AD0D7F81431DB6C302B1FD0302B1E
:1062200019D8202B0CD0202B15D8002B19D0102BCF
:1062300011D1774BDB6A764A43F40033D36211E025
:10624000D7F8143108330221184601F0C5FA034685
:1062500087F8273106E0012387F8273102E000BFE5
:1062600000E000BF97F82731002B0AD1684BDB6CA8
:1062700023F03001D7F81431DB6C654A0B43D3644B
:1062800003E097F8273187F82631D7F81431D3E99E
:10629000002302F48053C7F8F0300023C7F8F4302D
:1062A000D7E93C120B46134351D0D7F814311B6E7B
:1062B000B3F5804F35D0B3F5804F2ED8B3F5405F9E
:1062C00031D0B3F5405F28D8B3F5005F1AD0B3F5ED
:1062D000005F22D8002B03D0B3F5805F07D01CE00D
:1062E0004B4BDB6A4A4A43F40033D3621CE0D7F8D5
:1062F000143108330021184601F06EFA034687F87E
:10630000273111E0D7F8143128330021184601F065
:1063100015FB034687F8273106E0012387F827316C
:1063200002E000BF00E000BF97F82731002B0AD140
:10633000374B1B6D23F4E041D7F814311B6E344A00
:106340000B43136503E097F8273187F82631D7F818
:106350001431D3E9002302F40053C7F8E8300023D6
:10636000C7F8EC30D7E93A120B46134356D0D7F8AA
:1063700014315B6EB3F5A02F33D0B3F5A02F2CD81A
:10638000B3F5802F2FD0B3F5802F26D8B3F5403F3B
:106390002BD0B3F5403F20D8B3F5003F12D0B3F572
:1063A000003F1AD8002B22D0B3F5803F15D1D7F883
:1063B000143108330121184601F00EFA034687F81C
:1063C000273115E0D7F8143128330121184601F0A0
:1063D000B5FA034687F827310AE0012387F8273109
:1063E00006E000BF04E000BF02E000BF00E000BF25
:1063F00097F82731002B0DD1054B1B6D23F4E021BD
:10640000D7F814315B6E024A0B43136506E000BFF8
:106410000044025897F8273187F82631D7F814310D
:10642000D3E9002302F48043C7F8E0300023C7F823
:10643000E430D7E938120B46134355D0D7F814315E
:10644000D3F8B030B3F1A04F33D0B3F1A04F2CD874
:10645000B3F1804F2FD0B3F1804F26D8B3F1405F16
:106460002BD0B3F1405F20D8B3F1005F12D0B3F16D
:10647000005F1AD8002B22D0B3F1805F15D1D7F876
:10648000143108330121184601F0A6F9034687F8B4
:10649000273115E0D7F8143128330121184601F0CF
:1064A0004DFA034687F827310AE0012387F82731A0
:1064B00006E000BF04E000BF02E000BF00E000BF54
:1064C00097F82731002B0BD1A34B9B6D23F0E041B4
:1064D000D7F81431D3F8B0309F4A0B43936503E0EB
:1064E00097F8273187F82631D7F81431D3E90023FC
:1064F00002F40043C7F8D8300023C7F8DC30D7E9EE
:1065000036120B46134337D0D7F814311B6FB3F153
:10651000005F0ED0B3F1005F16D8002B18D0B3F196
:10652000805F11D18C4BDB6A8B4A43F40033D3621A
:106530000FE0D7F8143108330121184601F04CF967
:10654000034687F8273104E0012387F8273100E06C
:1065500000BF97F82731002B0AD17F4B1B6D23F02A
:106560004051D7F814311B6F7B4A0B43136503E08E
:1065700097F8273187F82631D7F81431D3E900236B
:1065800002F08073C7F8D0300023C7F8D430D7E9C1
:1065900034120B46134339D0D7F814319B6C032BBC
:1065A0001CD801A252F823F0E5650008B96500087F
:1065B000C7650008E5650008674BDB6A664A43F477
:1065C0000033D3620FE0D7F81431083302211846A4
:1065D00001F002F9034687F8273104E0012387F828
:1065E000273100E000BF97F82731002B0AD15A4B22
:1065F000DB6C23F00301D7F814319B6C564A0B4334
:10660000D36403E097F8273187F82631D7F814319F
:10661000D3E9002302F48003C7F8C8300023C7F889
:10662000CC30D7E932120B46134300F09F804B4B1E
:106630001B684A4A43F480731360FBF701FAC7F8FA
:1066400020010BE0FBF7FCF90246D7F82031D31A02
:10665000642B03D9032387F8273105E03F4B1B68E0
:1066600003F48073002BEDD097F82731002B79D1FC
:10667000394B1A6FD7F81431D3F8B430534003F4C0
:106680004073002B15D0344B1B6F23F44073C7F8B5
:106690001C31314B1B6F304A43F4803313672E4B50
:1066A0001B6F2D4A23F4803313672B4AD7F81C3114
:1066B0001367D7F81431D3F8B430B3F5807F18D10D
:1066C000FBF7BEF9C7F820010DE0FBF7B9F9024668
:1066D000D7F82031D21A41F288339A4203D90323E2
:1066E00087F8273105E01C4B1B6F03F00203002BDA
:1066F000EBD097F82731002B29D1D7F81431D3F8F4
:10670000B43003F44073B3F5407F0ED1124B1B69D4
:1067100023F47C51D7F81431D3F8B4301A09104B54
:1067200013400D4A0B43136105E00B4B1B690A4AEA
:1067300023F47C531361084B196FD7F81431D3F845
:10674000B430C3F30B03044A0B4313670EE097F80E
:10675000273187F8263109E00044025800480258E2
:10676000CFFFFF0097F8273187F82631D7F814318B
:10677000D3E9002302F00103C7F8C0300023C7F8B3
:10678000C430D7E930120B46134300F08980D7F8A4
:106790001431DB6F282B6BD801A252F823F000BF15
:1067A000796800087168000871680008716800085D
:1067B0007168000871680008716800087168000855
:1067C0004568000871680008716800087168000871
:1067D0007168000871680008716800087168000835
:1067E0005B6800087168000871680008716800083B
:1067F0007168000871680008716800087168000815
:1068000079680008716800087168000871680008FC
:1068100071680008716800087168000871680008F4
:1068200079680008716800087168000871680008DC
:1068300071680008716800087168000871680008D4
:1068400079680008D7F8143108330121184600F0A0
:10685000C3FF034687F827310FE0D7F814312833F8
:106860000121184601F06AF8034687F8273104E051
:10687000012387F8273100E000BF97F82731002B6C
:106880000AD1BF4B5B6D23F03801D7F81431DB6FB1
:10689000BB4A0B43536503E097F8273187F826314D
:1068A000D7F81431D3E9002302F00203C7F8B83057
:1068B0000023C7F8BC30D7E92E120B46134341D052
:1068C000D7F814319B6F052B24D801A252F823F07E
:1068D0001D690008E9680008FF6800081D690008D4
:1068E0001D6900081D690008D7F81431083301211B
:1068F000184600F071FF034687F827310FE0D7F8FC
:10690000143128330121184601F018F8034687F89E
:10691000273104E0012387F8273100E000BF97F812
:106920002731002B0AD1964B5B6D23F00701D7F876
:1069300014319B6F924A0B43536503E097F827315C
:1069400087F82631D7F81431D3E9002302F0040385
:10695000C7F8B0300023C7F8B430D7E92C120B4683
:10696000134344D0D7F81431D3F89430052B25D8ED
:1069700001A252F823F000BFC56900089169000820
:10698000A7690008C5690008C5690008C56900084D
:10699000D7F8143108330121184600F01DFF0346D3
:1069A00087F827310FE0D7F8143128330121184632
:1069B00000F0C4FF034687F8273104E0012387F87D
:1069C000273100E000BF97F82731002B0BD16C4B2B
:1069D0009B6D23F00701D7F81431D3F89430684A3F
:1069E0000B43936503E097F8273187F82631D7F8F2
:1069F0001431D3E9002302F02003C7F8A8300023A4
:106A0000C7F8AC30D7E92A120B46134355D0D7F854
:106A10001431D3F89030B3F1A04F33D0B3F1A04F7D
:106A20002CD8B3F1804F2FD0B3F1804F26D8B3F1DB
:106A3000405F2BD0B3F1405F20D8B3F1005F12D09C
:106A4000B3F1005F1AD8002B22D0B3F1805F15D1CB
:106A5000D7F8143108330021184600F0BDFE034674
:106A600087F8273115E0D7F814312833022118466A
:106A700000F064FF034687F827310AE0012387F816
:106A8000273106E000BF04E000BF02E000BF00E0E5
:106A900000BF97F82731002B0BD1394B5B6D23F0EA
:106AA000E041D7F81431D3F89030354A0B435365A1
:106AB00003E097F8273187F82631D7F81431D3E966
:106AC000002302F04003C7F8A0300023C7F8A43029
:106AD000D7E928120B46134358D0D7F81431D3F80E
:106AE0009C30B3F5A05F33D0B3F5A05F2CD8B3F5DD
:106AF000805F2FD0B3F5805F26D8B3F5406F2BD0E1
:106B0000B3F5406F20D8B3F5006F12D0B3F5006F26
:106B10001AD8002B22D0B3F5806F15D1D7F81431D5
:106B200008330021184600F057FE034687F8273146
:106B300015E0D7F8143128330221184600F0FEFE84
:106B4000034687F827310AE0012387F8273106E05A
:106B500000BF04E000BF02E000BF00E000BF97F804
:106B60002731002B0ED1064B9B6D23F4E051D7F853
:106B70001431D3F89C30024A0B43936506E000BF02
:106B80000044025897F8273187F82631D7F8143196
:106B9000D3E9002302F08003C7F898300023C7F838
:106BA0009C30D7E926120B46134355D0D7F8143141
:106BB000D3F8A030B3F5204F33D0B3F5204F2CD805
:106BC000B3F5004F2FD0B3F5004F26D8B3F5C04F23
:106BD0002BD0B3F5C04F20D8B3F5804F12D0B3F50A
:106BE000804F1AD8002B22D0B3F5005F15D1D7F80B
:106BF000143108330021184600F0EEFD034687F8F3
:106C0000273115E0D7F8143128330221184600F057
:106C100095FE034687F827310AE0012387F82731DC
:106C200006E000BF04E000BF02E000BF00E000BFDC
:106C300097F82731002B0BD1A14B9B6D23F46041BA
:106C4000D7F81431D3F8A0309D4A0B43936503E085
:106C500097F8273187F82631D7F81431D3E9002384
:106C600002F00803C7F890300023C7F89430D7E942
:106C700024120B4613431ED0D7F81431D3F88430B6
:106C8000B3F5805F0CD1D7F81431283302211846B0
:106C900000F054FE0346002B02D0012387F8263172
:106CA000874B5B6D23F44051D7F81431D3F884300F
:106CB000834A0B435365D7F81431D3E9002302F01C
:106CC0001003C7F888300023C7F88C30D7E92212A8
:106CD0000B4613431ED0D7F81431D3F89830B3F5D0
:106CE000807F0CD1D7F8143128330221184600F0E8
:106CF00025FE0346002B02D0012387F82631704B76
:106D00009B6D23F44071D7F81431D3F898306C4A56
:106D10000B439365D7F81431D3E9002302F4002321
:106D2000C7F880300023C7F88430D7E920120B461B
:106D300013433ED0D7F81431D3F8A430B3F5003F55
:106D400022D0B3F5003F1BD8002B03D0B3F5803F12
:106D50000BD015E0D7F8143108330021184600F0A5
:106D60003BFD034687F827310FE0D7F8143128336D
:106D70000221184600F0E2FD034687F8273104E0BF
:106D8000012387F8273100E000BF97F82731002B57
:106D90000BD14B4B9B6D23F44031D7F81431D3F812
:106DA000A430474A0B43936503E097F8273187F8EF
:106DB0002631D7F81431D3E9002302F48023BB67CE
:106DC0000023FB67D7E91E120B4613433BD0D7F8CD
:106DD0001431D3F88830B3F5401F1FD0B3F5401FEE
:106DE00018D8B3F5801F03D0B3F5001F07D011E00A
:106DF000334BDB6A324A43F40033D3620FE0D7F8F7
:106E0000143128330121184600F098FD034687F815
:106E1000273104E0012387F8273100E000BF97F80D
:106E20002731002B0BD1264B5B6D23F44011D7F893
:106E30001431D3F88830224A0B43536503E097F8A6
:106E4000273187F82631D7F81431D3E9002302F42B
:106E500080333B6700237B67D7E91C120B46134343
:106E600034D0D7F814311B6D002B03D0B3F5803F1D
:106E700007D011E0124BDB6A114A43F40033D362AE
:106E80000EE0D7F8143108330221184600F0A4FCB4
:106E9000034687F8273103E0012387F8273100BF35
:106EA00097F82731002B0DD1054BDB6C23F4803193
:106EB000D7F814311B6D024A0B43D36406E000BFC0
:106EC0000044025897F8273187F82631D7F8143153
:106ED000D3E9002302F00053BB660023FB66D7E929
:106EE0001A120B4613430CD0D7F814312833022161
:106EF000184600F023FD0346002B02D0012387F83B
:106F00002631D7F81431D3E9002302F400333B666D
:106F100000237B66D7E918120B46134338D0D7F805
:106F20001431D3F88030B3F5407F18D0B3F5407FEB
:106F300011D8B3F5007F14D0B3F5007F0BD8002B28
:106F400011D0B3F5807F06D1C34BDB6AC24A43F44C
:106F50000033D36208E0012387F8273104E000BF43
:106F600002E000BF00E000BF97F82731002B0BD1F3
:106F7000B94B5B6D23F44071D7F81431D3F88030EE
:106F8000B54A0B43536503E097F8273187F826315C
:106F9000D7F81431D3E9002302F48013BB65002332
:106FA000FB65D7E916120B46134309D0AA4B1B6D9C
:106FB00023F00041D7F814315B6FA74A0B431365E8
:106FC000D7F81431D3E9002302F080533B65002346
:106FD0007B65D7E914120B4613430AD09E4B1B69FD
:106FE00023F48041D7F81431D3F8B8309A4A0B43D0
:106FF0001361D7F81431D3E9002302F40013BB6402
:107000000023FB64D7E912120B46134309D0924BBD
:107010001B6D23F08071D7F81431DB6E8E4A0B4361
:107020001365D7F81431D3E9002302F080433B64A1
:1070300000237B64D7E910120B4613430ED0864B16
:107040001B69854A23F400431361834B1969D7F800
:107050001431D3F8BC30804A0B431361D7F8143194
:10706000D3E9002302F00043BB630023FB63D7E9AD
:107070000E120B46134309D0774BDB6C23F04051C3
:10708000D7F814315B6D744A0B43D364D7F81431CD
:10709000D3E9002302F400033B6300237B63D7E9B9
:1070A0000C120B4613430AD06B4B5B6D23F440016B
:1070B000D7F81431D3F88C30674A0B435365D7F8AF
:1070C0001431D3E900230021B96203F00103FB620C
:1070D000D7E90A120B46134311D0D7F814310833FD
:1070E0000021184600F078FB034687F8273197F80F
:1070F0002731002B03D097F8273187F82631D7F8AE
:107100001431D3E900230021396203F002037B62CA
:10711000D7E908120B46134311D0D7F814310833BE
:107120000121184600F058FB034687F8273197F8ED
:107130002731002B03D097F8273187F82631D7F86D
:107140001431D3E900230021B96103F00403FB618A
:10715000D7E906120B46134311D0D7F81431083380
:107160000221184600F038FB034687F8273197F8CC
:107170002731002B03D097F8273187F82631D7F82D
:107180001431D3E900230021396103F008037B6146
:10719000D7E904120B46134311D0D7F81431283322
:1071A0000021184600F0CAFB034687F8273197F8FC
:1071B0002731002B03D097F8273187F82631D7F8ED
:1071C0001431D3E900230021B96003F01003FB6000
:1071D000D7E902120B46134311D0D7F814312833E4
:1071E0000121184600F0AAFB034687F8273197F8DB
:1071F0002731002B03D097F8273187F82631D7F8AD
:107200001431D3E900230021396003F020037B60AF
:10721000D7E900120B46134311D0D7F814312833A5
:107220000221184600F08AFB034687F8273197F8B9
:107230002731002B03D097F8273187F8263197F8AC
:107240002631002B01D1002300E00123184607F569
:107250009477BD46BDE8B08F0044025880B500AFBA
:10726000FEF796FD0246064B1B6A1B0903F0070357
:107270000449CB5C03F01F0322FA03F3184680BDD8
:107280000044025860C3000880B489B000AF786041
:10729000A14B9B6A03F00303BB619F4B9B6A1B0BD3
:1072A00003F03F037B619C4BDB6A1B0903F0010386
:1072B0003B61994BDB6BDB08C3F30C033A6902FBC0
:1072C00003F307EE903AF8EE677AC7ED037A7B692D
:1072D000002B00F01181BB69022B00F08380BB6999
:1072E000022B00F2A180BB69002B03D0BB69012BEC
:1072F00056D099E0884B1B6803F02003002B2DD05B
:10730000854B1B68DB0803F00303844A22FA03F36E
:10731000BB60BB6807EE903AF8EE676A7B6907EEE0
:10732000903AF8EE677A86EEA77A7B4B9B6BC3F3B5
:10733000080307EE903AF8EE676A97ED036ADFED0F
:10734000785AC6EE257A76EEA77AF7EE006A77EEDF
:10735000A67A67EE277AC7ED077A87E07B6907EEA2
:10736000903AF8EE677ADFED6F6A86EEA77A6A4B9D
:107370009B6BC3F3080307EE903AF8EE676A97ED4C
:10738000036ADFED675AC6EE257A76EEA77AF7EE46
:10739000006A77EEA67A67EE277AC7ED077A65E08E
:1073A0007B6907EE903AF8EE677ADFED5F6A86EE6A
:1073B000A77A594B9B6BC3F3080307EE903AF8EE9C
:1073C000676A97ED036ADFED565AC6EE257A76EEC8
:1073D000A77AF7EE006A77EEA67A67EE277AC7ED0E
:1073E000077A43E07B6907EE903AF8EE677ADFEDC3
:1073F0004F6A86EEA77A484B9B6BC3F3080307EEF0
:10740000903AF8EE676A97ED036ADFED455AC6EEEB
:10741000257A76EEA77AF7EE006A77EEA67A67EE1F
:10742000277AC7ED077A21E07B6907EE903AF8EEFC
:10743000677ADFED3D6A86EEA77A374B9B6BC3F325
:10744000080307EE903AF8EE676A97ED036ADFEDFE
:10745000345AC6EE257A76EEA77AF7EE006A77EE12
:10746000A67A67EE277AC7ED077A00BF2A4B9B6B97
:107470005B0A03F07F0307EE903AF8EE677AB7EE07
:10748000007A37EE877AD7ED076AC6EE877AFCEE88
:10749000E77A17EE902A7B681A601F4B9B6B1B0CD8
:1074A00003F07F0307EE903AF8EE677AB7EE007AC2
:1074B00037EE877AD7ED076AC6EE877AFCEEE77A71
:1074C00017EE902A7B685A60134B9B6B1B0E03F0E0
:1074D0007F0307EE903AF8EE677AB7EE007A37EE60
:1074E000877AD7ED076AC6EE877AFCEEE77A17EE61
:1074F000902A7B689A6008E07B6800221A607B68AB
:1075000000225A607B6800229A6000BF2437BD4683
:107510005DF8047B704700BF004402580090D00320
:10752000000000460024744C0024744A20BCBE4B6A
:1075300080B489B000AF7860A14B9B6A03F003036D
:10754000BB619F4B9B6A1B0D03F03F037B619C4B10
:10755000DB6A1B0A03F001033B61994B5B6CDB08A0
:10756000C3F30C033A6902FB03F307EE903AF8EE1B
:10757000677AC7ED037A7B69002B00F01181BB6944
:10758000022B00F08380BB69022B00F2A180BB6953
:10759000002B03D0BB69012B56D099E0884B1B68A8
:1075A00003F02003002B2DD0854B1B68DB0803F074
:1075B0000303844A22FA03F3BB60BB6807EE903AE8
:1075C000F8EE676A7B6907EE903AF8EE677A86EE26
:1075D000A77A7B4B1B6CC3F3080307EE903AF8EED7
:1075E000676A97ED036ADFED785AC6EE257A76EE84
:1075F000A77AF7EE006A77EEA67A67EE277AC7EDEC
:10760000077A87E07B6907EE903AF8EE677ADFED5C
:107610006F6A86EEA77A6A4B1B6CC3F3080307EE0A
:10762000903AF8EE676A97ED036ADFED675AC6EEA7
:10763000257A76EEA77AF7EE006A77EEA67A67EEFD
:10764000277AC7ED077A65E07B6907EE903AF8EE96
:10765000677ADFED5F6A86EEA77A594B1B6CC3F33E
:10766000080307EE903AF8EE676A97ED036ADFEDDC
:10767000565AC6EE257A76EEA77AF7EE006A77EECE
:10768000A67A67EE277AC7ED077A43E07B6907EEB3
:10769000903AF8EE677ADFED4F6A86EEA77A484BAC
:1076A0001B6CC3F3080307EE903AF8EE676A97ED98
:1076B000036ADFED455AC6EE257A76EEA77AF7EE35
:1076C000006A77EEA67A67EE277AC7ED077A21E09F
:1076D0007B6907EE903AF8EE677ADFED3D6A86EE59
:1076E000A77A374B1B6CC3F3080307EE903AF8EE0A
:1076F000676A97ED036ADFED345AC6EE257A76EEB7
:10770000A77AF7EE006A77EEA67A67EE277AC7EDDA
:10771000077A00BF2A4B1B6C5B0A03F07F0307EE5E
:10772000903AF8EE677AB7EE007A37EE877AD7EDBF
:10773000076AC6EE877AFCEEE77A17EE902A7B6836
:107740001A601F4B1B6C1B0C03F07F0307EE903A73
:10775000F8EE677AB7EE007A37EE877AD7ED076AE8
:10776000C6EE877AFCEEE77A17EE902A7B685A60BD
:10777000134B1B6C1B0E03F07F0307EE903AF8EEE1
:10778000677AB7EE007A37EE877AD7ED076AC6EEEA
:10779000877AFCEEE77A17EE902A7B689A6008E019
:1077A0007B6800221A607B6800225A607B68002296
:1077B0009A6000BF2437BD465DF8047B704700BF68
:1077C000004402580090D003000000460024744C8E
:1077D0000024744A20BCBE4B80B584B000AF7860F2
:1077E00039600023FB73534B9B6A03F00303032BA5
:1077F00001D1012399E04F4B1B684E4A23F080636F
:107800001360FAF71DF9B86008E0FAF719F90246B3
:10781000BB68D31A022B01D9032386E0454B1B68B2
:1078200003F00063002BF0D1424B9B6A23F47C32BF
:107830007B681B681B033F4913438B627B685B6853
:10784000013BC3F308027B689B68013B5B029BB270
:107850001A437B68DB68013B1B0403F4FE031A43F5
:107860007B681B69013B1B0603F0FE433149134350
:107870008B63304BDB6A23F0C0027B685B692D4968
:107880001343CB622B4BDB6A23F020027B689B699E
:1078900028491343CB62274BDB6A264A23F01003A7
:1078A000D362244BDA6B244B13407A68D269D2003E
:1078B00020491343CB631F4BDB6A1E4A43F010037E
:1078C000D3623B68002B06D11A4BDB6A194A43F49A
:1078D0000023D3620FE03B68012B06D1154BDB6A16
:1078E000144A43F48013D36205E0124BDB6A114A59
:1078F00043F40013D3620F4B1B680E4A43F08063BE
:107900001360FAF79DF8B86008E0FAF799F80246B4
:10791000BB68D31A022B01D9032306E0054B1B6871
:1079200003F00063002BF0D0FB7B18461037BD46F8
:1079300080BD00BF004402580700FFFF80B584B03F
:1079400000AF786039600023FB73534B9B6A03F0F0
:107950000303032B01D1012399E04F4B1B684E4ACF
:1079600023F080531360FAF76BF8B86008E0FAF779
:1079700067F80246BB68D31A022B01D9032386E0BD
:10798000454B1B6803F00053002BF0D1424B9B6A20
:1079900023F07C727B681B681B053F4913438B6295
:1079A0007B685B68013BC3F308027B689B68013B13
:1079B0005B029BB21A437B68DB68013B1B0403F448
:1079C000FE031A437B681B69013B1B0603F0FE4361
:1079D000314913430B64304BDB6A23F440627B680C
:1079E0005B692D491343CB622B4BDB6A23F4007296
:1079F0007B689B6928491343CB62274BDB6A264A85
:107A000023F48073D362244B5A6C244B13407A685E
:107A1000D269D200204913434B641F4BDB6A1E4AD4
:107A200043F48073D3623B68002B06D11A4BDB6AA8
:107A3000194A43F48003D3620FE03B68012B06D15F
:107A4000154BDB6A144A43F40003D36205E0124B82
:107A5000DB6A114A43F08073D3620F4B1B680E4AF6
:107A600043F080531360F9F7EBFFB86008E0F9F7D3
:107A7000E7FF0246BB68D31A022B01D9032306E0B5
:107A8000054B1B6803F00053002BF0D0FB7B18461E
:107A90001037BD4680BD00BF004402580700FFFFFD
:107AA00080B582B000AF78607B68002B01D10123E4
:107AB00042E07B68D3F88830002B06D17B68002237
:107AC00083F884207868F9F715FE7B682422C3F8D0
:107AD00088207B681B681A687B681B6822F001029B
:107AE0001A607B689B6A002B02D0786801F058FA14
:107AF000786800F0EDFC0346012B01D101231BE067
:107B00007B681B685A687B681B6822F490425A6045
:107B10007B681B689A687B681B6822F02A029A605F
:107B20007B681B681A687B681B6842F001021A6058
:107B3000786801F0D7FA034618460837BD4680BD7D
:107B400080B58AB002AFF860B9603B601346FB8035
:107B5000FB68D3F88830202B7BD1BB68002B02D088
:107B6000FB88002B01D1012374E0FB680022C3F8DD
:107B70009020FB682122C3F88820F9F761FF786123
:107B8000FB68FA88A3F85420FB68FA88A3F856200B
:107B9000FB689B68B3F5805F08D1FB681B69002B0D
:107BA00004D10023FB61BB68BB6103E0BB68FB61E0
:107BB0000023BB6130E03B6800937B690022802199
:107BC000F86801F039FB0346002B05D0FB68202242
:107BD000C3F8882003233DE0FB69002B0BD1BB6970
:107BE0001B881A46FB681B68C2F308029A62BB69CD
:107BF0000233BB6107E0FB691A78FB681B689A6275
:107C0000FB690133FB61FB68B3F856309BB2013B63
:107C10009AB2FB68A3F85620FB68B3F856309BB2C3
:107C2000002BC8D13B6800937B6900224021F86893
:107C300001F002FB0346002B05D0FB682022C3F8AD
:107C40008820032306E0FB682022C3F88820002355
:107C500000E0022318462037BD4680BD80B58AB0BB
:107C600000AFF860B9601346FB80FB68D3F88C3036
:107C7000202B37D1BB68002B02D0FB88002B01D111
:107C8000012330E0FB680022DA66FB681B68184AB3
:107C900093421FD0FB681B685B6803F40003002B52
:107CA00018D0FB681B687B617B6953E8003F3B6130
:107CB0003B6943F080637B62FB681B681A467B6A02
:107CC0003B62FA61F9693A6A41E80023BB61BB692A
:107CD000002BE6D1FB881A46B968F86801F01AFB58
:107CE000034600E0022318462837BD4680BD00BF8A
:107CF000000C005880B5BAB000AF78607B681B6894
:107D0000DB69C7F8E4307B681B681B68C7F8E030A4
:107D10007B681B689B68C7F8DC30D7F8E42040F626
:107D20000F031340C7F8D830D7F8D830002B1BD139
:107D3000D7F8E43003F02003002B15D0D7F8E0305B
:107D400003F02003002B05D1D7F8DC3003F080537B
:107D5000002B09D07B685B6F002B00F077837B687A
:107D60005B6F7868984771E3D7F8D830002B00F044
:107D70002381D7F8DC208D4B1340002B06D1D7F898
:107D8000E0208B4B1340002B00F01681D7F8E43035
:107D900003F00103002B11D0D7F8E03003F4807317
:107DA000002B0BD07B681B6801221A627B68D3F81A
:107DB000903043F001027B68C3F89020D7F8E4309C
:107DC00003F00203002B11D0D7F8DC3003F00103DD
:107DD000002B0BD07B681B6802221A627B68D3F8E9
:107DE000903043F004027B68C3F89020D7F8E43069
:107DF00003F00403002B11D0D7F8DC3003F00103AB
:107E0000002B0BD07B681B6804221A627B68D3F8B6
:107E1000903043F002027B68C3F89020D7F8E4303A
:107E200003F00803002B17D0D7F8E03003F020034D
:107E3000002B05D1D7F8DC205C4B1340002B0BD076
:107E40007B681B6808221A627B68D3F8903043F085
:107E500008027B68C3F89020D7F8E43003F400638D
:107E6000002B12D0D7F8E03003F08063002B0CD049
:107E70007B681B684FF400621A627B68D3F890300D
:107E800043F020027B68C3F890207B68D3F89030E1
:107E9000002B00F0DD82D7F8E43003F02003002B44
:107EA00013D0D7F8E03003F02003002B05D1D7F82A
:107EB000DC3003F08053002B07D07B685B6F002B16
:107EC00003D07B685B6F786898477B68D3F8903005
:107ED000C7F8D4307B681B689B6803F04003402BD5
:107EE00005D0D7F8D43003F02803002B54D078689D
:107EF00001F0F8FA7B681B689B6803F04003402B95
:107F000046D17B681B680833C7F89C30D7F89C3093
:107F100053E8003FC7F89830D7F8983023F0400373
:107F2000C7F8D0307B681B680833D7F8D020C7F873
:107F3000A820C7F8A430D7F8A410D7F8A82041E8A3
:107F40000023C7F8A030D7F8A030002BD9D17B6828
:107F5000D3F88030002B17D07B68D3F88030154AD7
:107F60001A657B68D3F880301846FBF711F8034692
:107F7000002B19D07B68D3F880301B6D7A68D2F85B
:107F80008020104698470FE0786800F08BFA0BE0ED
:107F9000786800F087FA07E0786800F083FA7B6879
:107FA0000022C3F8902053E200BF51E2010000100C
:107FB00020010004979700087B68DB6E012B40F0DE
:107FC000E781D7F8E43003F01003002B00F0E081E4
:107FD000D7F8E03003F01003002B00F0D9817B6864
:107FE0001B6810221A627B681B689B6803F04003C1
:107FF000402B40F051817B68D3F880301B68964A53
:10800000934268D07B68D3F880301B68934A9342D0
:1080100061D07B68D3F880301B68914A93425AD074
:108020007B68D3F880301B688E4A934253D07B68BC
:10803000D3F880301B688C4A93424CD07B68D3F8CD
:1080400080301B68894A934245D07B68D3F88030E2
:108050001B68874A93423ED07B68D3F880301B6808
:10806000844A934237D07B68D3F880301B68824AB9
:10807000934230D07B68D3F880301B687F4A9342AC
:1080800029D07B68D3F880301B687D4A934222D088
:108090007B68D3F880301B687A4A93421BD07B6898
:1080A000D3F880301B68784A934214D07B68D3F8A9
:1080B00080301B68754A93420DD07B68D3F88030BE
:1080C0001B68734A934206D07B68D3F880301B68E4
:1080D000704A934206D17B68D3F880301B685B6896
:1080E0009BB205E07B68D3F880301B685B689BB26D
:1080F000A7F8BE30B7F8BE30002B00F0AB817B682C
:10810000B3F85C30B7F8BE209A4280F0A3817B6858
:10811000B7F8BE20A3F85E207B68D3F88030DB6917
:10812000B3F5807F00F087807B681B68C7F88830D4
:10813000D7F8883053E8003FC7F88430D7F8843048
:1081400023F48073C7F8B8307B681B681A46D7F8E9
:10815000B830C7F89430C7F89020D7F89010D7F807
:10816000942041E80023C7F88C30D7F88C30002BDE
:10817000DAD17B681B6808337B677B6F53E8003F6D
:108180003B673B6F23F00103C7F8B4307B681B6883
:108190000833D7F8B420C7F88020FB67F96FD7F809
:1081A000802041E80023BB67BB6F002BE1D17B68D7
:1081B0001B6808333B663B6E53E8003FFB65FB6D75
:1081C00023F04003C7F8B0307B681B680833D7F84A
:1081D000B020FA66BB66B96EFA6E41E800237B6692
:1081E0007B6E002BE3D17B682022C3F88C207B6858
:1081F0000022DA667B681B68FB64FB6C53E8003F77
:10820000BB64BB6C23F01003C7F8AC307B681B6801
:108210001A46D7F8AC30BB657A65796DBA6D41E81E
:1082200000233B653B6D002BE4D17B68D3F88030A5
:108230001846FAF78FFB7B6802221A677B68B3F84F
:108240005C207B68B3F85E309BB2D31A9BB21946B0
:10825000786800F031F9FDE010000240280002408B
:108260004000024058000240700002408800024076
:10827000A0000240B800024010040240280402405E
:108280004004024058040240700402408804024046
:10829000A0040240B80402407B68B3F85C207B680D
:1082A000B3F85E309BB2D31AA7F8CE307B68B3F830
:1082B0005E309BB2002B00F0CF80B7F8CE30002BA1
:1082C00000F0CA807B681B68BB63BB6B53E8003F50
:1082D0007B637B6B23F49073C7F8C8307B681B68A3
:1082E0001A46D7F8C8307B643A64396C7A6C41E836
:1082F0000023FB63FB6B002BE4D17B681B68083316
:108300007B627B6A53E8003F3B623A6A554B1340FD
:10831000C7F8C4307B681B680833D7F8C4203A63B9
:10832000FB62F96A3A6B41E80023BB62BB6A002B2F
:10833000E3D17B682022C3F88C207B680022DA66B8
:108340007B6800225A677B681B683B613B6953E886
:10835000003FFB60FB6823F01003C7F8C0307B6868
:108360001B681A46D7F8C030FB61BA61B969FA696F
:1083700041E800237B617B69002BE4D17B6802220A
:108380001A67B7F8CE301946786800F095F863E0C0
:10839000D7F8E43003F48013002B0ED0D7F8DC308C
:1083A00003F48003002B08D07B681B684FF4801215
:1083B0001A62786801F030FA51E0D7F8E43003F03F
:1083C0008003002B14D0D7F8E03003F08003002B9B
:1083D00005D1D7F8DC3003F40003002B08D07B680C
:1083E0009B6F002B3AD07B689B6F7868984735E08D
:1083F000D7F8E43003F04003002B09D0D7F8E03081
:1084000003F04003002B03D0786801F0DAF926E08E
:10841000D7F8E43003F40003002B09D0D7F8E0309C
:1084200003F08043002B03D0786801F009FA16E0CE
:10843000D7F8E43003F08073002B10D0D7F8E03089
:10844000002B0CDA786801F0F1F908E000BF06E0D3
:1084500000BF04E000BF02E000BF00E000BFE8375B
:10846000BD4680BDFEFFFFEF80B483B000AF7860F3
:1084700000BF0C37BD465DF8047B704780B483B005
:1084800000AF786000BF0C37BD465DF8047B7047D5
:1084900080B483B000AF786000BF0C37BD465DF894
:1084A000047B704780B483B000AF786000BF0C37A6
:1084B000BD465DF8047B704780B483B000AF786040
:1084C0000B467B8000BF0C37BD465DF8047B7047D0
:1084D0002DE9B04F92B000AF7861002387F84230A9
:1084E0007B699A687B691B691A437B695B691A43DC
:1084F0007B69DB6913437B647B691B681A68BE4B2D
:1085000013407A691268796C0B4313607B691B68AE
:108510005B6823F440517B69DA687B691B680A4316
:108520005A607B699B697B647B691B68B34A934291
:1085300004D07B691B6A7A6C13437B647B691B687C
:108540009A68AF4B13407A691268796C0B43936059
:108550007B691B68DB6A23F00F017B695A6A7B69C0
:108560001B680A43DA627B691B68A64A934277D18B
:10857000A54B5B6D03F03803282B6DD801A252F890
:1085800023F000BF29860008598600085986000894
:10859000598600085986000859860008598600083F
:1085A0005986000831860008598600085986000857
:1085B000598600085986000859860008598600081F
:1085C000598600083986000859860008598600082F
:1085D00059860008598600085986000859860008FF
:1085E0005986000841860008598600085986000807
:1085F00059860008598600085986000859860008DF
:1086000059860008498600085986000859860008DE
:1086100059860008598600085986000859860008BE
:108620005986000851860008012387F8433022E26A
:10863000042387F843301EE2082387F843301AE208
:10864000102387F8433016E2202387F8433012E2E4
:10865000402387F843300EE2802387F843300AE254
:108660007B691B68694A934230D1674B5B6D03F0AD
:108670000703052B26D801A252F823F0958600089F
:108680009D860008A5860008AD860008B58600080E
:10869000BD860008002387F84330ECE1042387F807
:1086A0004330E8E1082387F84330E4E1102387F8FA
:1086B0004330E0E1202387F84330DCE1402387F8B2
:1086C0004330D8E1802387F84330D4E17B691B68CD
:1086D0004F4A934230D14C4B5B6D03F00703052B9F
:1086E00026D801A252F823F0018700080987000864
:1086F00011870008198700082187000829870008CA
:10870000002387F84330B6E1042387F84330B2E111
:10871000082387F84330AEE1102387F84330AAE1FD
:10872000202387F84330A6E1402387F84330A2E1B5
:10873000802387F843309EE17B691B68354A93426A
:1087400030D1314B5B6D03F00703052B26D801A216
:1087500052F823F06D870008758700087D870008B0
:10876000858700088D87000895870008002387F813
:10877000433080E1042387F843307CE1082387F805
:10878000433078E1102387F8433074E1202387F8E1
:10879000433070E1402387F843306CE1802387F851
:1087A000433068E17B691B681B4A934242D1164BF8
:1087B0005B6D03F00703052B38D801A252F823F0B4
:1087C000D9870008E1870008E9870008F1870008D9
:1087D0001D88000825880008002387F843304AE1F7
:1087E000042387F8433046E1082387F8433042E109
:1087F000102387F843303EE1F369FFCF000C0058A7
:10880000FFF4FF11001001400044025800440040F2
:1088100000480040004C004000500040202387F8F2
:10882000433028E1402387F8433024E1802387F850
:10883000433020E17B691B68CB4A934276D1CB4B16
:108840005B6D03F03803282B6CD801A252F823F09B
:10885000F588000825890008258900082589000871
:108860002589000825890008258900082589000830
:10887000FD88000825890008258900082589000849
:108880002589000825890008258900082589000810
:108890000589000825890008258900082589000820
:1088A00025890008258900082589000825890008F0
:1088B0000D890008258900082589000825890008F8
:1088C00025890008258900082589000825890008D0
:1088D00015890008258900082589000825890008D0
:1088E00025890008258900082589000825890008B0
:1088F0001D890008012387F84330BCE0042387F872
:108900004330B8E0082387F84330B4E0102387F8F9
:108910004330B0E0202387F84330ACE0402387F8B1
:108920004330A8E0802387F84330A4E07B691B68CC
:108930008F4A934230D18D4B5B6D03F00703052BBB
:1089400026D801A252F823F061890008698900083D
:1089500071890008798900088189000889890008DF
:10896000002387F8433086E0042387F8433082E011
:10897000082387F843307EE0102387F843307AE0FD
:10898000202387F8433076E0402387F8433072E0B5
:10899000802387F843306EE07B691B68754A9342F9
:1089A00030D1724B5B6D03F00703052B26D801A273
:1089B00052F823F0CD890008D5890008DD89000828
:1089C000E5890008ED890008F5890008002387F88B
:1089D000433050E0042387F843304CE0082387F805
:1089E000433048E0102387F8433044E0202387F8E1
:1089F000433040E0402387F843303CE0802387F851
:108A0000433038E07B691B685B4A934230D1574B57
:108A10009B6D03F00703052B26D801A252F823F023
:108A2000398A0008418A0008498A0008518A0008EA
:108A3000598A0008618A0008022387F843301AE047
:108A4000042387F8433016E0082387F8433012E008
:108A5000102387F843300EE0202387F843300AE0E4
:108A6000402387F8433006E0802387F8433002E054
:108A7000802387F843307B691B683F4A934240F06C
:108A8000F88097F84330202B46DC022BC0F282801E
:108A9000023B1E2B7ED801A252F823F01F8B000848
:108AA000958B0008278B0008958B0008958B000894
:108AB000958B0008378B0008958B0008958B000874
:108AC000958B0008958B0008958B0008958B000806
:108AD000958B0008478B0008958B0008958B000844
:108AE000958B0008958B0008958B0008958B0008E6
:108AF000958B0008958B0008958B0008958B0008D6
:108B0000958B0008958B0008958B0008958B0008C5
:108B1000958B0008878B0008402B37D03AE0FEF792
:108B20009DFBF8633CE007F124031846FEF7ACFB1D
:108B3000BB6AFB6334E007F118031846FEF7F8FC44
:108B4000FB69FB632CE0094B1B6803F02003002B3F
:108B500016D0064B1B68DB0803F00303074A22FA12
:108B600003F3FB631CE000BF001401400044025803
:108B700000780040007C0040000C00580090D003BA
:108B80009D4BFB630CE09D4BFB6309E04FF40043FE
:108B9000FB6305E00023FB63012387F8423000BF3D
:108BA000FB6B002B00F0DE817B695B6A944A32F834
:108BB00013301A46FB6BB3FBF2F33B637B695A68D5
:108BC00013465B0013443A6B9A4205D37B695B689A
:108BD0001B033A6B9A4203D9012387F84230C1E163
:108BE000FB6B0022BB60FA607B695B6A844A32F8E7
:108BF00013309BB200223B607A60D7E90023D7E9AB
:108C00000201F7F7C5FB02460B46104619464FF026
:108C100000024FF000030B0243EA1063020279697D
:108C20004968490800200C46054612EB040843EB4E
:108C300005097B695B6800229A46934652465B466B
:108C400040464946F7F7A4FB02460B461346BB6372
:108C5000BB6BB3F5407F08D3BB6BB3F5801F04D269
:108C60007B691B68BA6BDA607CE1012387F84230CC
:108C700078E17B69DB69B3F5004F40F0C58097F878
:108C80004330202B48DC002B7BDB202B79D801A242
:108C900052F823F01F8D0008278D0008838D0008EF
:108CA000838D00082F8D0008838D0008838D0008B8
:108CB000838D00083F8D0008838D0008838D000898
:108CC000838D0008838D0008838D0008838D000844
:108CD000838D00084F8D0008838D0008838D000868
:108CE000838D0008838D0008838D0008838D000824
:108CF000838D0008838D0008838D0008838D000814
:108D0000838D0008838D0008838D0008838D000803
:108D1000838D0008758D0008402B2ED031E0FDF7C3
:108D200067F8F86333E0FDF779F8F8632FE007F1AF
:108D300024031846FEF7A8FABB6AFB6327E007F195
:108D400018031846FEF7F4FBFB69FB631FE02D4B8D
:108D50001B6803F02003002B09D02A4B1B68DB089B
:108D600003F00303244A22FA03F3FB630FE0224BD0
:108D7000FB630CE0214BFB6309E04FF40043FB6312
:108D800005E00023FB63012387F8423000BFFB6B43
:108D9000002B00F0E7807B695B6A194A32F81330D8
:108DA0001A46FB6BB3FBF2F35A007B695B685B0806
:108DB0001A447B695B68B2FBF3F3BB63BB6B0F2B9D
:108DC00016D9BB6BB3F5803F12D2BB6B9BB223F0BD
:108DD0000F03FB86BB6B5B089BB203F007039AB2E1
:108DE000FB8E1343FB867B691B68FA8EDA60B9E061
:108DF000012387F84230B5E00090D00300093D0020
:108E000078C300080044025897F84330202B49DC0F
:108E1000002B7CDB202B7AD801A252F823F000BF74
:108E2000AB8E0008B38E00080F8F00080F8F00086C
:108E3000BB8E00080F8F00080F8F00080F8F0008EF
:108E4000CB8E00080F8F00080F8F00080F8F0008CF
:108E50000F8F00080F8F00080F8F00080F8F00087A
:108E6000DB8E00080F8F00080F8F00080F8F00089F
:108E70000F8F00080F8F00080F8F00080F8F00085A
:108E80000F8F00080F8F00080F8F00080F8F00084A
:108E90000F8F00080F8F00080F8F00080F8F00083A
:108EA000018F0008402B2ED031E0FCF7A1FFF863C2
:108EB00033E0FCF7B3FFF8632FE007F12403184613
:108EC000FEF7E2F9BB6AFB6327E007F118031846D7
:108ED000FEF72EFBFB69FB631FE02D4B1B6803F0C5
:108EE0002003002B09D02A4B1B68DB0803F0030387
:108EF000284A22FA03F3FB630FE0264BFB630CE0E6
:108F0000254BFB6309E04FF40043FB6305E00023BE
:108F1000FB63012387F8423000BFFB6B002B21D09D
:108F20007B695B6A1D4A32F813301A46FB6BB3FB50
:108F3000F2F27B695B685B081A447B695B68B2FB91
:108F4000F3F3BB63BB6B0F2B09D9BB6BB3F5803F4E
:108F500005D2BB6B9AB27B691B68DA6002E0012321
:108F600087F842307B690122A3F86A207B690122DD
:108F7000A3F868207B6900225A677B6900229A6700
:108F800097F8423018464837BD46BDE8B08F00BF5D
:108F9000004402580090D00300093D0078C3000847
:108FA00080B483B000AF78607B689B6A03F00803ED
:108FB000002B0AD07B681B685B6823F400417B6848
:108FC0009A6B7B681B680A435A607B689B6A03F054
:108FD0000103002B0AD07B681B685B6823F4003117
:108FE0007B68DA6A7B681B680A435A607B689B6A05
:108FF00003F00203002B0AD07B681B685B6823F434
:1090000080317B681A6B7B681B680A435A607B68F7
:109010009B6A03F00403002B0AD07B681B685B6823
:1090200023F480217B685A6B7B681B680A435A6073
:109030007B689B6A03F01003002B0AD07B681B68D7
:109040009B6823F480517B68DA6B7B681B680A435A
:109050009A607B689B6A03F02003002B0AD07B6830
:109060001B689B6823F400517B681A6C7B681B6843
:109070000A439A607B689B6A03F04003002B1AD076
:109080007B681B685B6823F480117B685A6C7B6883
:109090001B680A435A607B685B6CB3F5801F0AD17A
:1090A0007B681B685B6823F4C0017B689A6C7B68F3
:1090B0001B680A435A607B689B6A03F08003002B9D
:1090C0000AD07B681B685B6823F400217B68DA6C3C
:1090D0007B681B680A435A6000BF0C37BD465DF8C9
:1090E000047B704780B598B002AF78607B6800223F
:1090F000C3F89020F8F7A4FC78657B681B681B68B0
:1091000003F00803082B2FD16FF07E4300937B6D93
:1091100000224FF40011786800F08EF80346002B0F
:1091200022D07B681B68BB63BB6B53E8003F7B634B
:109130007B6B23F080033B657B681B681A463B6DA5
:109140007B643A64396C7A6C41E80023FB63FB6B07
:10915000002BE6D17B682022C3F888207B680022A0
:1091600083F88420032363E07B681B681B6803F09B
:109170000403042B49D16FF07E4300937B6D0022E2
:109180004FF48001786800F057F80346002B3CD07C
:109190007B681B687B627B6A53E8003F3B623B6AEB
:1091A00023F49073FB647B681B681A46FB6C3B637B
:1091B000FA62F96A3A6B41E80023BB62BB6A002B92
:1091C000E6D17B681B6808333B613B6953E8003F8D
:1091D000FB60FB6823F00103BB647B681B680833FA
:1091E000BA6CFA61BB61B969FA6941E800237B6135
:1091F0007B69002BE5D17B682022C3F88C207B683B
:10920000002283F88420032312E07B682022C3F825
:1092100088207B682022C3F88C207B680022DA66D5
:109220007B6800221A677B68002283F88420002371
:1092300018465837BD4680BD80B584B000AFF86091
:10924000B9603B601346FB714FE0BB69B3F1FF3F70
:109250004BD0F8F7F5FB02463B68D31ABA699A423D
:1092600002D3BB69002B01D103234EE0FB681B68CE
:109270001B6803F00403002B37D0BB68802B34D06D
:10928000BB68402B31D0FB681B68DB6903F0080327
:10929000082B10D1FB681B6808221A62F86800F0DE
:1092A00021F9FB680822C3F89020FB68002283F8AC
:1092B0008420012329E0FB681B68DB6903F4006359
:1092C000B3F5006F11D1FB681B684FF400621A629E
:1092D000F86800F007F9FB682022C3F89020FB68CB
:1092E000002283F8842003230FE0FB681B68DA69FF
:1092F000BB681340BA689A420CBF01230023DBB25B
:109300001A46FB799A42A0D0002318461037BD4672
:1093100080BD000080B596B000AFF860B96013461C
:10932000FB80FB68BA689A65FB68FA88A3F85C2042
:10933000FB680022C3F89020FB682222C3F88C202F
:10934000FB68D3F88030002B2DD0FB68D3F8803039
:10935000404ADA63FB68D3F880303F4A1A64FB68FE
:10936000D3F880303D4ADA64FB68D3F880300022BD
:109370001A65FB68D3F88000FB681B682433194624
:10938000FB689B6D1A46FB88F9F77AF80346002BB9
:1093900009D0FB681022C3F89020FB682022C3F894
:1093A0008C20012351E0FB681B69002B18D0FB685F
:1093B0001B68FB63FB6B53E8003FBB63BB6B43F471
:1093C00080737B65FB681B681A467B6DBB647A649F
:1093D000796CBA6C41E800233B643B6C002BE6D10E
:1093E000FB681B680833BB62BB6A53E8003F7B62C3
:1093F0007B6A43F001033B65FB681B6808333A6DE9
:109400007A633B63396B7A6B41E80023FB62FB6A4A
:10941000002BE5D1FB681B6808337B617B6953E84F
:10942000003F3B613B6943F04003FB64FB681B6802
:109430000833FA6C3A62FB61F9693A6A41E8002341
:10944000BB61BB69002BE5D1002318465837BD46E8
:1094500080BD00BFB1950008D99600081797000895
:1094600080B48FB000AF78607B681B683B623B6A5A
:1094700053E8003FFB61FB6923F0C0037B637B681B
:109480001B681A467B6BFB62BA62B96AFA6A41E8EA
:1094900000237B627B6A002BE6D17B681B68083364
:1094A000FB60FB6853E8003FBB60BB6823F400032C
:1094B0003B637B681B6808333A6BBA617B617969EF
:1094C000BA6941E800233B613B69002BE5D17B6829
:1094D0002022C3F8882000BF3C37BD465DF8047BDE
:1094E0007047000080B495B000AF78607B681B685F
:1094F0007B637B6B53E8003F3B633B6B23F49073D0
:10950000FB647B681B681A46FB6C3B64FA63F96B6F
:109510003A6C41E80023BB63BB6B002BE6D17B6850
:109520001B6808333B623B6A53E8003FFB61FA6902
:109530001E4B1340BB647B681B680833BA6CFA622D
:10954000BB62B96AFA6A41E800237B627B6A002B3E
:10955000E5D17B68DB6E012B18D17B681B68FB6053
:10956000FB6853E8003FBB60BB6823F010037B64DB
:109570007B681B681A467B6CBB617A617969BA6942
:1095800041E800233B613B69002BE6D17B68202248
:10959000C3F88C207B680022DA667B6800225A6759
:1095A00000BF5437BD465DF8047B7047FEFFFFEFF8
:1095B00080B59CB000AF78607B689B6BFB667B6876
:1095C000DB69B3F5807F71D0FB6E0022A3F85E20CB
:1095D000FB6E1B68FB64FB6C53E8003FBB64BB6C19
:1095E00023F48073BB66FB6E1B681A46BB6EBB65BB
:1095F0007A65796DBA6D41E800233B653B6D002BC0
:10960000E6D1FB6E1B680833BB63BB6B53E8003FBE
:109610007B637B6B23F001037B66FB6E1B68083367
:109620007A6E7A643B64396C7A6C41E80023FB63A0
:10963000FB6B002BE5D1FB6E1B6808337B627B6AFA
:1096400053E8003F3B623B6A23F040033B66FB6EFE
:109650001B6808333A6E3A63FB62F96A3A6B41E879
:109660000023BB62BB6A002BE5D1FB6E2022C3F84E
:109670008C20FB6EDB6E012B18D1FB6E1B683B61EF
:109680003B6953E8003FFB60FB6823F01003FB6578
:10969000FB6E1B681A46FB6DFB61BA61B969FA691A
:1096A00041E800237B617B69002BE6D1FB6E002241
:1096B0001A67FB6EDB6E012B07D1FB6EB3F85C30D3
:1096C0001946F86EFEF7F8FE02E0F86EFEF7D6FED9
:1096D00000BF7037BD4680BD80B584B000AF7860F4
:1096E0007B689B6BFB60FB6801221A67FB68DB6E83
:1096F000012B09D1FB68B3F85C305B089BB21946BB
:10970000F868FEF7D9FE02E0F868FEF7C1FE00BF78
:109710001037BD4680BD80B586B000AF78607B68ED
:109720009B6B7B617B69D3F888303B617B69D3F8A5
:109730008C30FB607B691B689B6803F08003802B87
:1097400009D13B69212B06D17B690022A3F8562061
:109750007869FFF785FE7B691B689B6803F040030F
:10976000402B09D1FB68222B06D17B690022A3F88C
:109770005E207869FFF7B6FE7B69D3F8903043F03E
:1097800010027B69C3F890207869FEF78BFE00BF5A
:109790001837BD4680BD80B584B000AF78607B6867
:1097A0009B6BFB60FB680022A3F85E20FB68002235
:1097B000A3F85620F868FEF775FE00BF1037BD46C7
:1097C00080BD80B588B000AF78607B681B68FB60A7
:1097D000FB6853E8003FBB60BB6823F04003FB61BC
:1097E0007B681B681A46FB69BB617A617969BA6953
:1097F00041E800233B613B69002BE6D17B682022D6
:10980000C3F888207B6800229A677868FEF72CFEF0
:1098100000BF2037BD4680BD80B483B000AF786004
:1098200000BF0C37BD465DF8047B704780B483B041
:1098300000AF786000BF0C37BD465DF8047B704711
:1098400080B483B000AF786000BF0C37BD465DF8D0
:10985000047B704780B485B000AF78607B6893F874
:109860008430012B01D1022327E07B68012283F899
:1098700084207B682422C3F888207B681B681B68CF
:10988000FB607B681B681A687B681B6822F001021A
:109890001A60FB6823F00053FB607B6800225A6665
:1098A0007B681B68FA681A607B682022C3F88820EE
:1098B0007B68002283F88420002318461437BD46B5
:1098C0005DF8047B704780B584B000AF7860396084
:1098D0007B6893F88430012B01D102232DE07B6853
:1098E000012283F884207B682422C3F888207B68C7
:1098F0001B681B68FB607B681B681A687B681B68B9
:1099000022F001021A607B681B689B6823F06041AB
:109910007B681B683A680A439A60786800F050F8E0
:109920007B681B68FA681A607B682022C3F888206D
:109930007B68002283F88420002318461037BD4638
:1099400080BD80B584B000AF786039607B6893F8E3
:109950008430012B01D102232DE07B68012283F8A2
:1099600084207B682422C3F888207B681B681B68DE
:10997000FB607B681B681A687B681B6822F0010229
:109980001A607B681B689B6823F060617B681B68BA
:109990003A680A439A60786800F012F87B681B689E
:1099A000FA681A607B682022C3F888207B6800224E
:1099B00083F88420002318461037BD4680BD000080
:1099C00080B485B000AF78607B685B6E002B08D1F7
:1099D0007B680122A3F86A207B680122A3F8682033
:1099E00031E01023FB731023BB737B681B689B68FB
:1099F0005B0EDBB203F007037B737B681B689B681D
:109A00005B0FDBB203F007033B73BB7B3A7B11496F
:109A10008A5C02FB03F33A7B0F498A5C93FBF2F307
:109A20009AB27B68A3F86A20FB7B7A7B09498A5C3F
:109A300002FB03F37A7B08498A5C93FBF2F39AB248
:109A40007B68A3F8682000BF1437BD465DF8047B2F
:109A5000704700BF90C3000898C30008F0B52DED13
:109A6000028BB0EE408B85B017460D9D0C9E18EE14
:109A7000902A25F02005002AB6BF2D220022B1EE43
:109A8000408B462D0C461A7004D0452D00D1013470
:109A9000022100E0032103AB019302AB00932246B5
:109AA0003346B0EE480B00F023FF472D14D1FB07DF
:109AB0000AD50219B5EE408BF1EE10FA08BF0392F9
:109AC0003021039B934219D3039B0E9A1B1A1360F8
:109AD00005B0BDEC028BF0BD462D00EB0402E9D1D0
:109AE0000378302B07D1B5EE408BF1EE10FA1CBF96
:109AF000C4F10104346033681A44DBE75C1C03944E
:109B00001970DEE7F7B50029BABF49422D232B2390
:109B100009290270437029DD0DF107031D460A274C
:109B20001A46B1FBF7F607FB1614303402F8014C65
:109B30000C46632C03F1FF333146F1DC3031941EC7
:109B400003F8011C411C2346AB420AD30DF1090363
:109B50009B1AAC4288BF002302330344181A03B097
:109B6000F0BD13F8016B01F8016FEDE730233031E0
:109B70008370C170031DF1E72DE9F04F8DB00C46E5
:109B8000DDF8588016461F46054600F0AFFDD0F8B8
:109B900000B05846F6F7F4FB00230A93D8F80030DB
:109BA00094F8189022680590073323F0070303F117
:109BB0000801C8F8001093ED000B9FED976BB0EE15
:109BC000C07BB4EE467BF1EE10FA84ED120B24DD7F
:109BD000B5EEC00BF1EE10FA02D52D2384F8433018
:109BE0008F49904BB9F1470F94BF8846984622F0B1
:109BF00004020323236122604FF0000A00973346DA
:109C00000BAA2146284600F0D1F9013040F08980A6
:109C10004FF0FF300DB0BDE8F08FB4EE400BF1EE29
:109C200010FA09D710EE903A002BBCBF2D2384F810
:109C300043307D497D4BD5E76368591C09F0DF0A45
:109C400039D10623636042F48062002322600393CB
:109C50000AABCDE9019309AB009361680DF12303D1
:109C60002846FFF7FBFEBAF1470F0999804629D134
:109C7000C81C02DB6368994241DDA9F102095FFA61
:109C800089F901394A4604F150000991FFF73AFF7A
:109C90000A9A1318012A8246236102DC2268D2073D
:109CA00001D5013323619DF82330002BA6D02D234D
:109CB00084F84330A2E7BAF1470FC4D1002BC2D1D8
:109CC0000123BFE7B9F1650FDBD9B9F1660F18D1F0
:109CD000002963680BDD216113B92268D00702D522
:109CE00001330B442361A1654FF0000ADBE713B990
:109CF0002268D20701D50233F4E70123F2E74FF0DF
:109D000067090A9B994205DB23682161D807EAD5D8
:109D10004B1CE7E70029D4BFC1F102020122134422
:109D2000E0E723685A0507D42369424631462846AE
:109D3000B84701302AD16BE7B9F1650F40F2E080F6
:109D400094ED127BB5EE407BF1EE10FA33D1384A38
:109D5000012331462846B84701303FF459AFDDE9C9
:109D60000938434502DB2368D8070FD5059B5A46BF
:109D700031462846B84701303FF44AAF4FF000095A
:109D800008F1FF3804F11A0AC84509DC23689B076B
:109D900000F10781E0680B9B9842B8BF184639E78D
:109DA0000123524631462846B84701303FF430AFD0
:109DB00009F10109E8E7099B002B3BDC1C4A012360
:109DC00031462846B84701303FF422AFDDE9093972
:109DD00059EA030302D12368D907D7D5059B5A4610
:109DE00031462846B84701303FF412AF4FF0000A21
:109DF00004F11A0B099B5B42534501DC4B4694E787
:109E000001235A4631462846B84701303FF400AF97
:109E10000AF1010AEEE700BFFFFFFFFFFFFFEF7F40
:109E2000A0C30008A4C30008A8C30008ACC300086E
:109E3000B0C30008A36DDDF828A05345A8BF534662
:109E4000002B994637DC0023079329EAE97904F1CE
:109E50001A02A36D07990693A3EB09038B4231DC29
:109E6000099B9A453BDC2368DA0738D4099BAAEBA7
:109E70000309069BAAEB03039945A8BF9946B9F1CC
:109E8000000F34DC4FF0000829EAE97904F11A0BDD
:109E9000099BAAEB0303A3EB090343457FF776AFC6
:109EA00001235A4631462846B84701303FF4B0AE48
:109EB00008F10108ECE7424631462846B847013030
:109EC000C1D1A5E60123314628460692B8470130A4
:109ED0003FF49EAE079B069A01330793B9E7059BB3
:109EE0005A4631462846B8470130BFD190E6069A17
:109EF0004B46424431462846B8470130C2D187E636
:109F0000DDF82890B9F1010F01DCDB0736D501231C
:109F1000424631462846B84701303FF479AE059BAA
:109F20005A4631462846B84701303FF471AE94EDA9
:109F3000127BB5EE407BF1EE10FA09F1FF3918D033
:109F40004B4608F1010231462846B84701300CD192
:109F50005EE601235A4631462846B84701303FF4B1
:109F600057AE08F10108C845F3DB534604F150022F
:109F7000DCE64FF0000804F11A0BF4E70123424637
:109F8000E1E701234A4631462846B84701303FF40D
:109F90003FAE08F10108E3680B995B1A4345F0DC1A
:109FA000F8E64FF0000804F11909F4E72DE9F0474D
:109FB000164698468A680B69DDF820909342B8BF30
:109FC0001346336091F8432007460C460AB101332B
:109FD00033602368990642BF3368023333602568D3
:109FE00015F0060506D104F1190AE36832689B1AD8
:109FF000AB4226DC94F843302268003B18BF0123B3
:10A0000092062BD404F1430241463846C84701303A
:10A010001ED02368226903F00603042B02BFE56803
:10A020003368ED1AA3680CBF25EAE5750025934255
:10A03000C4BF9B1AED1800261A34B5421AD100206D
:10A0400008E00123524641463846C847013003D153
:10A050004FF0FF30BDE8F0870135C6E7E1185A1C24
:10A06000302081F84300224494F8451082F84310D0
:10A070000233C7E70123224641463846C84701302C
:10A08000E6D00136D9E700002DE9FF470F7E0C9E90
:10A09000782F914680460C469A4601F1430207D834
:10A0A000622F0AD8002F00F0D280582F00F0B9801C
:10A0B00004F1420684F842703AE0A7F16303152BDD
:10A0C000F6D801A151F823F021A1000835A100081C
:10A0D000B1A00008B1A00008B1A00008B1A000081C
:10A0E00035A10008B1A00008B1A00008B1A0000887
:10A0F000B1A0000835A200085FA10008EFA1000888
:10A10000B1A00008B1A0000857A20008B1A0000843
:10A110005FA10008B1A00008B1A00008F7A10008E5
:10A1200033681A1D1B68326004F1420684F842301D
:10A1300001239DE033682068191D3160060601D5B2
:10A140001D6803E04506FBD5B3F90050002D03DA86
:10A150002D236D4284F8433059480A2311E02168C9
:10A160003368080653F8045B02D4490648BFADB211
:10A170006F2F5348336014BF0A230823002184F84B
:10A1800043106668A660002EA2BF216821F004017A
:10A1900021600DB9002E4BD01646B5FBF3F103FB41
:10A1A0001157C75D06F8017D2F46BB420D46F4D915
:10A1B000082B0BD12368DF0708D523696168994212
:10A1C000DEBF302306F8013C06F1FF36921B226108
:10A1D000CDF800A04B4603AA21464046FFF7E6FE15
:10A1E00001304AD14FF0FF3004B0BDE8F08723685A
:10A1F00043F0200323603348782784F845702368B0
:10A2000031681F0651F8045B02D45F0648BFADB247
:10A210003160D90744BF43F0200323601DB11023F0
:10A22000ACE72748E9E7236823F020032360F6E73B
:10A230001646BDE7336825686169181D30602E0633
:10A240001B6801D5196002E06806FBD51980002360
:10A2500023611646BCE733681A1D32601E686268C7
:10A2600000213046F6F73CF808B1801B6060636857
:10A270002361002384F84330AAE723693246494624
:10A280004046D0470130ADD023689B0713D4E06827
:10A29000039B9842B8BF1846A6E7012332464946B9
:10A2A0004046D04701309DD00135E36803995B1AE1
:10A2B000AB42F2DCEBE7002504F11906F5E700BF3D
:10A2C000B2C30008C3C30008002310B50446C0E9A8
:10A2D0000033C0E90433836081814366C2818361B6
:10A2E000194608225C3000F0F9F90D4B63620D4B02
:10A2F000A3620D4BE3620D4B23630D4B24629C4222
:10A3000006D003F16802944202D0D0339C4205D1BA
:10A3100004F15800BDE8104000F05CBA10BD00BF69
:10A320002DA500084FA5000887A50008ABA50008CB
:10A33000C8440024024A0349034800F069B800BF3A
:10A34000100000242DC000082000002441680C4BA0
:10A35000994210B5044601D001F068FEA168094B8E
:10A36000994202D0204601F061FEE168064B994215
:10A3700004D02046BDE8104001F058BE10BD00BF1B
:10A38000C8440024304500249845002410B50B4BE8
:10A390000B4C0C4A1A60204600220421FFF794FF60
:10A3A00004F1680001220921FFF78EFF04F1D000BB
:10A3B0000222BDE810401221FFF786BF00460024AC
:10A3C000C844002435A30008014800F004BA00BFC7
:10A3D00009460024014800F0FFB900BF09460024E7
:10A3E00010B50446FFF7F0FF236A1BB1BDE810402B
:10A3F000FFF7F0BF044B2362044B1B68002BF5D121
:10A40000FFF7C4FFF2E700BF4DA300080046002499
:10A410002DE9F8430746884614460026D4E90195FD
:10A42000B9F1010905D52468002CF7D13046BDE803
:10A43000F883AB89012B07D9B5F90E30013303D06E
:10A4400029463846C04706436835E9E70FB407B5E3
:10A45000064904AB086853F8042B8168019301F0A6
:10A4600049FC03B05DF804EB04B070471C00002405
:10A47000036A70B5846805460E460BB9FFF7B0FF56
:10A48000636EDB0705D4A389980502D4A06D00F0A4
:10A49000A2F9A389190702D52369002B35D12146DA
:10A4A000284600F0C5F880B34FF0FF35636EDA0739
:10A4B00005D4A3899B0502D4A06D00F08DF9284630
:10A4C00070BD002B04DAA2699A4217DC0A2915D064
:10A4D00023685A1C22601970A36816F8011F013BFB
:10A4E000A3600029EDD1002B11DA22460A2128466B
:10A4F00000F05FF80130D7D00A25D7E7224628467A
:10A5000000F057F80130E7D1CEE7013EE4E72368D9
:10A510005A1C22600A221A70EEE70000024B014624
:10A520001868FFF7A5BF00BF1C00002410B50C463B
:10A53000B1F90E1000F000F90028ABBF636DA389DC
:10A540001B1823F48053ACBF6365A38110BD2DE9B4
:10A55000F0411F468B89DB0505460C46164605D59E
:10A56000B1F90E100223002200F0D4F8A389B4F947
:10A570000E1023F48053A38132463B462846BDE8A3
:10A58000F04100F0EBB810B50C46B1F90E1000F038
:10A59000C1F8431CA38915BF606523F4805343F4BD
:10A5A0008053A38118BFA38110BDB1F90E1000F034
:10A5B000A1B8F8B50E461446054618B1036A0BB9A2
:10A5C000FFF70EFFA369A360A3891A0701D52369CA
:10A5D00043B92146284600F02BF818B14FF0FF3759
:10A5E0003846F8BD23682269981A6369F6B2834237
:10A5F000374605DC2146284601F018FD0028EDD13C
:10A60000A368013BA36023685A1C22601E70626924
:10A61000431C9A4204D0A389DB07E1D50A2EDFD17F
:10A620002146284601F002FD0028D9D0D6E70000D7
:10A6300038B5294B054618680C4618B1036A0BB9A2
:10A64000FFF7CEFEB4F90C30190722D4DA0607D48E
:10A6500009222A6043F04003A3814FF0FF3033E02A
:10A66000580712D5616B41B104F14403994202D0FD
:10A67000284600F093FE00236363A38923F024039C
:10A68000A3810023636023692360A38943F0080347
:10A69000A38123694BB9A38903F42073B3F5007F29
:10A6A00003D02146284601F00FFDB4F90C3013F019
:10A6B00001020AD00022A26062695242A2612269AC
:10A6C00042B913F08000C5D138BD990758BF6269FF
:10A6D000A260F4E70020F7E71C00002402440346D0
:10A6E000934200D1704703F8011BF9E70048704717
:10A6F0005C01002438B5064D0023044608462B6053
:10A70000F6F76EFE431C02D12B6803B1236038BDFF
:10A710000446002438B5074D044608461146002279
:10A720002A601A46F6F783FE431C02D12B6803B158
:10A73000236038BD0446002438B5074D044608465A
:10A74000114600222A601A46F6F72DFE431C02D15C
:10A750002B6803B1236038BD0446002438B5074D8B
:10A7600004460846114600222A601A46F6F754FDB0
:10A77000431C02D12B6803B1236038BD044600247A
:10A78000014B1868704700BF1C00002470B50D4DC8
:10A790000D4C641BA4100026A64209D10B4D0C4C95
:10A7A00001F0BEFD641BA4100026A64205D170BDB9
:10A7B00055F8043B98470136EEE755F8043B9847B7
:10A7C0000136F2E718C7000818C7000818C70008C4
:10A7D0001CC700087047704770472DE9F74F0369A1
:10A7E0000C69A34207467EDB013C01F11408A3007B
:10A7F00000F11405009305EB8403019358F824300D
:10A8000055F8242001339A4208EB8409B2FBF3F691
:10A810002ED34FF0000AC446AE46D3465CF8043B44
:10A8200098B206FB00A0020C1B0C06FB0323DEF80B
:10A83000002080B292B2121A5A44DEF800004FEAA9
:10A84000134A9BB2C3EB224303EB104392B242EA9A
:10A850000342E1454EF8042B4FEA234BDED2009B26
:10A86000EB582BB9019B043B9D421A462FD33C6108
:10A87000384601F00DF9002825DB2946002058F85C
:10A88000042BD1F800C01FFA82FE1FFA8CF3A3EB51
:10A890000E030344120CC2EB234202EB1C429BB298
:10A8A00043EA0243C14541F8043B4FEA2240E6D265
:10A8B00055F8242005EB840322B9043B9D421A4637
:10A8C0000BD33C610136304603B0BDE8F08F12680F
:10A8D000043B002ACBD1013CC6E71268043B002AA6
:10A8E000EFD1013CEAE70020EEE7000000000000A5
:10A8F0002DE9F04F2DED028BC76991B08DED020B64
:10A9000055EC104B1C9E0791814609920D937FB91F
:10A91000102000F08DFD0246C9F81C0020B9A04BA4
:10A92000EF21A04801F04CFCC0E901770760C76047
:10A93000D9F81C30196859B15A684A60012393400C
:10A940008B60484600F06AFED9F81C3000221A607D
:10A950002B1EBBBF23F00043039300230122ACBF97
:10A9600033603260904B039EB34310D10D9A42F294
:10A970000F731360C6F31303234300F0DE841D9BA3
:10A980008A4F002B00F0E084FB1C00F0DBBC9DED47
:10A99000028BB5EE408BF1EE10FA0AD10D9A01232D
:10A9A00013601D9B13B11D9A814B1360814F00F002
:10A9B000CBBC0EAA0FA94846B0EE480B01F018F91F
:10A9C000C6F30A530E9A0190002B45D0B0EE487B97
:10A9D00018EE901AC1F3130141F07F5141F4401178
:10A9E000A3F2FF33002507EE901AB7EE086B9FED38
:10A9F000665B37EE467B9FED666BA7EE056B9FEDC2
:10AA0000665B07EE903AB8EEE74BB0EE467BA4EEFD
:10AA1000057BFDEEC76BB5EEC07BF1EE10FA16EECE
:10AA2000908A08D5B8EEE66BB4EE476BF1EE10FAFB
:10AA300018BF08F1FF38B8F1160F2BD85E4901EBAB
:10AA4000C80191ED007BB4EEC78BF1EE10FA01D591
:10AA500008F1FF3800211EE00F9B134403F232413E
:10AA60002029C1BFC1F140018E4003F2124124FAF6
:10AA700001F1D6BFC1F12001314304FA01F107EE23
:10AA8000901AB8EE677B013B17EE901A0125A1F1F1
:10AA9000F871A8E70121D21A531E069345BFC2F1EF
:10AAA00001030593002300234CBF06930593B8F1DF
:10AAB000000F0C9118DB069BCDF8288043440693C9
:10AAC0000023079A092A49D8052AC4BF043A0792E5
:10AAD000079AA2F10202CCBF00240124032A48D81D
:10AAE000DFE802F00B2E2C3A059B0022A3EB0803B3
:10AAF00005930A92C8F10003E3E700220892099A3D
:10AB0000002A39DC4FF0010BDA465A46CDF824B062
:10AB1000D9F81C700021042000F11406964230D9A7
:10AB200079604846049300F039FD049B07460028ED
:10AB300046D1224B024640F2AF11F2E60122DDE798
:10AB400000220892099A08EB020B0BF1010A524607
:10AB5000012AB8BF0122DBE70122F2E7012400222B
:10AB6000CDE907244FF0FF3B0021DA46122209917C
:10AB7000CEE701220892F5E7DDF824B0DA465A461E
:10AB8000C6E701314000C7E761436F63A787D23F43
:10AB9000B3C8608B288AC63FFB799F501344D33FCC
:10ABA000E1C30008F8C300080000F07FDDC300081F
:10ABB000B1C30008B0C30008F0C4000850C40008C6
:10ABC000D9F81C20BAF10E0F10606FD8002C6DD090
:10ABD000B8F1000F40F3C280CA4A08F00F0102EB3F
:10ABE000C10218F4807F92ED007B4FEA281100F03B
:10ABF000A980C54A92ED086B88EE066B8DED026B5D
:10AC000001F00F010322C048002940F09D809DED16
:10AC1000026B86EE077B8DED027B0C999DED027B2E
:10AC2000002900F0C180B7EE006BB4EEC67BF1EEF8
:10AC300010FA40F1B980BAF1000F00F0B580BBF115
:10AC4000000F31DDB2EE046B27EE067B8DED027B4B
:10AC500008F1FF31049101325C469DED026BB1EECB
:10AC60000C5B07EE902AB8EEE77BA7EE065B15EECD
:10AC7000902A51EC150BA2F15071002C40F09880F5
:10AC8000B1EE047B36EE476B41EC170BB4EEC76BAD
:10AC9000F1EE10FA00F36182B1EE477BB4EEC76BC0
:10ACA000F1EE10FA00F1F5808DED028B0F9A002A7B
:10ACB000C0F22C81B8F10E0F00F32881914B03EB09
:10ACC000C80393ED006B099B002B03DABAF1000F68
:10ACD00040F3D280B2EE044B9DED027B3E4687EE00
:10ACE000065BBDEEC55B15EE103A303306F8013B4E
:10ACF000F31B9A45B8EEC53BA3EE467B40F0F880C7
:10AD000037EE077BB4EEC67BF1EE10FA00F3DD8080
:10AD1000B4EE467BF1EE10FA04D115EE103ADB07E3
:10AD200000F1D3800199484600F078FC00230D9A89
:10AD3000337008F1010313601D9B002B00F00483A6
:10AD40001E6001E302225EE7CC0704D590ED006BA4
:10AD5000013227EE067B4910083055E722D0C8F1B2
:10AD60000001684A01F00F0002EBC00292ED007B87
:10AD700028EE077B8DED027B634809110024022237
:10AD800029B9002C3FF449AF8DED027B45E7CE0792
:10AD900005D590ED006B0132012427EE067B4910AA
:10ADA0000830EDE7022238E7CDF81080544654E72A
:10ADB000544A02EBC40212ED024B089A41EC170B05
:10ADC0003C444AB3B6EE003BB7EE002B3E4683EE62
:10ADD000045BB2EE043B35EE477BFDEEC64B14EE52
:10ADE000902AB8EEE45B303236EE456BB4EEC76BBA
:10ADF000F1EE10FA06F8012B38D432EE465BB4EED1
:10AE0000C75BF1EE10FA62D4A6423FF44DAF27EED5
:10AE1000037B26EE036BE0E721463E4627EE047BEC
:10AE2000B2EE043BFDEEC64B14EE902A303206F82B
:10AE3000012BA642B8EEE45B36EE456B19D1B6EEB7
:10AE4000005B37EE054BB4EEC46BF1EE10FA3EDC5E
:10AE500035EE475BB4EEC56BF1EE10FA7FF524AF2B
:10AE60000E46013916F8013C302BF9D0DDF8108080
:10AE700058E726EE036BD5E70BD1B1EE047B26EE47
:10AE8000076B9DED027BB4EEC76BF1EE10FAC0F2DA
:10AE9000618100242546099BDB4304933E464FF025
:10AEA00000082146484600F0B9FB002DDED0B8F17D
:10AEB000000F05D0A84503D04146484600F0AEFB40
:10AEC0002946484600F0AAFBD0E7CDF8108033466B
:10AED0001E4613F8012D392A06D19F42F8D1049A53
:10AEE0000132049230223A701A7801321A70BDE7AA
:10AEF00027EE047BB5EE407BF1EE10FA7FF4EFAE67
:10AF000010E700BFF0C40008C8C400080899002971
:10AF100000F0E3800799012900F3C880002D00F0BC
:10AF2000C18002F23342059E1C460493059B1344E4
:10AF30000593069B012113444846069300F022FC2A
:10AF4000049B054666B1069A002A09DDB2420599BE
:10AF5000A8BF3246891A05910699B61A8A1A06922E
:10AF6000FBB1089A002A00F0BC809CB12946224619
:10AF700048460B9300F0C6FC019A01460546484638
:10AF800000F016FC01990490484600F047FB049A33
:10AF90000B9B01921A1B04D00199484600F0B2FCA9
:10AFA00001900121484600F0EDFB0A9B0446002B6E
:10AFB00000F0D0811A460146484600F0A3FC079BEA
:10AFC000012B044600F39580029B002B40F08B8000
:10AFD000039BC3F31302002A40F0878023F0004252
:10AFE000120D1205002A00F08280059B01330593A3
:10AFF000069B0133069301230B930A9B002B00F061
:10B00000AF81226904EB8202106900F06FFBC0F18E
:10B010002000069B184410F01F0076D0C0F12002DB
:10B02000042A69DD059BC0F11C0003440593069BBF
:10B03000064403440693059B002B05DD01991A463F
:10B04000484600F0B9FC0190069B002B05DD214627
:10B050001A46484600F0B0FC04460C9B002B56D024
:10B060000198214600F014FD002850DA08F1FF3362
:10B070000493019900230A22484600F0F1FA089B44
:10B080000190002B00F06E81294600230A224846D9
:10B0900000F0E6FABBF1000F054664DC079B022BCB
:10B0A0003EDC60E00E9AC2F136023CE70AF1FF3462
:10B0B000A342BFBFE21A0A9B9B180A93AEBF1C1B98
:10B0C00023460024BAF1000FB5BF059A059EA2EBF6
:10B0D0000A065246B8BF002227E7059E089D1C4677
:10B0E00030E71A4658E7002386E7029B84E70B9275
:10B0F00083E700230B9384E79DD0059B1C32134408
:10B100000593069B1644134494E70246F5E7BAF10B
:10B11000000FCDF81080D34621DC079B022B1EDDEB
:10B12000BBF1000F7FF4B7AE21465B4605224846CF
:10B1300000F096FA01460446019800F0A9FC0028A8
:10B140007FF7A9AE3E46312306F8013B049B01334D
:10B150000493A4E6CDF8108054462546F2E7089BF8
:10B16000002B00F00381002E05DD294632464846BB
:10B1700000F022FC05460B9B002B58D0696848461E
:10B1800000F00CFA064628B9824B024640F2EF2145
:10B19000FFF7C7BB2A690232920005F10C010C309F
:10B1A00001F000F801223146484600F005FC7B1C06
:10B1B000059307EB0B030993029B03F00103A846D9
:10B1C00008930546059B0198214603F1FF3BFFF7D5
:10B1D00004FB4146029000F1300A019800F058FC4F
:10B1E0002A4606902146484600F06EFCC268064694
:10B1F000FAB90146019800F04BFC02463146484638
:10B200000A9200F00BFA079B0A9A059E43EA020194
:10B21000089B19430FD1BAF1390F28D0069B002B98
:10B2200002DD029B03F1310A8BF800A039E62846C3
:10B23000BDE70122E2E7069B002B04DB07990B43E5
:10B2400008990B4320D1002AEEDD019901224846DE
:10B2500000F0B2FB2146019000F01AFC002803DC4C
:10B26000E2D11AF0010FDFD0BAF1390FD9D1392369
:10B270008BF8003033461E46013B16F8012C392A64
:10B2800053D001321A700CE6002A07DDBAF1390FEB
:10B29000EDD00AF101038BF8003002E6059B059A18
:10B2A00003F801AC099B934229D0019900230A229B
:10B2B000484600F0D5F9A84501904FF000034FF043
:10B2C0000A024146484607D100F0CAF980460546C1
:10B2D000059B0133059375E700F0C2F929468046C6
:10B2E00000230A22484600F0BBF90546F0E7BBF10F
:10B2F000000FCCBF5E4601263E444FF00008019986
:10B300000122484600F058FB2146019000F0C0FBA6
:10B310000028AFDC02D11AF0010FABD133461E4634
:10B3200013F8012D302AFAD0BBE59F42A3D1049B2C
:10B330000133049331233B70B3E51D9B164F1BB1C2
:10B3400007F108031D9A1360384611B0BDEC028B5B
:10B35000BDE8F08F079B012B7FF736AE0A9B0B935E
:10B36000012056E6BBF1000F7FF7D7AE3E460198AD
:10B370002146FFF732FA00F1300A06F801ABF21B62
:10B380009345B4DD019900230A22484600F068F98C
:10B390000190ECE750C40008D4C3000838B5054656
:10B3A000002941D051F8043C0C1F002BB8BFE41811
:10B3B00000F0E8F81D4A136833B96360146028464A
:10B3C000BDE8384000F0E4B8A34208D9206821184D
:10B3D0008B4201BF19685B6809182160EDE71A46C6
:10B3E0005B680BB1A342FAD911685018A0420BD187
:10B3F00020680144501883421160E0D118685B68EE
:10B40000536008441060DAE702D90C232B60D6E7BA
:10B41000206821188B4204BF19685B68636004BF11
:10B42000091821605460CAE738BD00BF10460024E7
:10B43000024B0146186800F025B800BF1C0000242C
:10B4400070B50F4E0C463168054611B900F09AFEF2
:10B4500030602146284600F095FE431C03D14FF092
:10B46000FF34204670BDC41C24F00304A042F8D071
:10B47000211A284600F086FE0130F2D1EFE700BF26
:10B480000C4600242DE9F843CD1C25F003050835B2
:10B490000C2D38BF0C25002D064601DBA94204D92E
:10B4A0000C2333600020BDE8F883DFF8D48000F07F
:10B4B00069F8D8F800301C4644BB29463046FFF7EF
:10B4C000BFFF431C044658D1D8F800402746002F40
:10B4D00043D1002C4BD023683946304604EB030996
:10B4E00000F050FE814542D121686D1A2946304650
:10B4F000FFF7A6FF01303AD023682B442360D8F829
:10B5000000305A6862BBC8F800700FE02268521B16
:10B5100020D40B2A17D96119A342256018BF59609E
:10B52000636808BFC8F8001062514B60304600F0F5
:10B530002FF804F10B00231D20F00700C21A1CBFD6
:10B540001B1AA350AFE76268A3420CBFC8F80020E3
:10B550005A60EBE723466468AEE73C467F68B6E78F
:10B560001A465B68A342FBD100235360DEE70C233D
:10B570003360304600F00CF894E70560D6E700BF72
:10B58000104600240148FFF726B900BF08460024F2
:10B590000148FFF721B900BF0846002470B5C6690D
:10B5A00004460D4676B91020FFF742FF0246E061DF
:10B5B00020B9184B18486B2100F002FEC0E9016663
:10B5C0000660C660E669F36883B1E369DB6853F837
:10B5D0002500B8B9012101FA05F6721D9200204636
:10B5E00000F00CFE60B1C0E901560EE021220421FA
:10B5F000204600F003FEE369F060DB68002BE4D135
:10B60000002070BD026843F825200023C0E9033301
:10B61000F7E700BFE1C3000861C4000870B5C66960
:10B6200005460C4676B91020FFF702FF0246E86196
:10B6300020B9094B09488F2100F0C2FDC0E901661D
:10B640000660C6603CB1EB696268DB6853F82210A3
:10B65000216043F8224070BDE1C3000861C40008C6
:10B660002DE9F0410D6907460C461E4601F1140C08
:10B670000020DCF8003099B202FB01611E0C0B0CBB
:10B6800002FB063389B2013001EB034185424CF8DD
:10B69000041B4FEA1346ECDC0EB3A368AB4219DC83
:10B6A000616838460131FFF779FF804628B90246C4
:10B6B0000C4B0D48BA2100F083FD2269023204F1DF
:10B6C0000C0192000C3000F06DFD21463846FFF76A
:10B6D000A5FF444604EB850301355E6125612046E4
:10B6E000BDE8F08150C4000861C40008B0F5803F97
:10B6F000034636BF030400201020B3F1807F3CBF17
:10B700001B020830B3F1805F3CBF1B010430B3F172
:10B71000804F3CBF9B000230002B05DB13F0804FB5
:10B7200000F1010008BF202070470368024613F0B3
:10B7300007000BD0D90721D4980749BF5B089B08A5
:10B74000012013605CBF13600220704799B209B9F1
:10B750001B0C1020D9B209B908301B0A190704BF05
:10B760001B090430990704BF9B080230D90703D492
:10B770005B0800F1010003D01360704700207047A0
:10B780002020704710B50C460121FFF707FF024645
:10B7900028B9054B054840F2451100F011FD012381
:10B7A0004461036110BD00BF50C4000861C40008BB
:10B7B0002DE9F04F14460A6923699A42A8BF23462F
:10B7C0000F46A4BF0C461F46D4F810A0D7F810901F
:10B7D000A36861680AEB0906B34285B0B8BF0131BE
:10B7E000FFF7DCFE30B90246444B45484FF4B171D7
:10B7F00000F0E6FC00F1140505EB86082B4600225C
:10B80000434521D307F1140104F1140202EB8A022B
:10B8100001EB89030293131B153B23F0030304334D
:10B8200004F11507BA4238BF04230193029B039128
:10B830008B420CD8002E03DD58F8043D002B5BD062
:10B84000066105B0BDE8F08F43F8042BD8E7B1F8E6
:10B8500000A0BAF1000F24D004F1140EA9464FF055
:10B86000000C5EF8047BD9F800301FFA87FB9BB20E
:10B870000AFB0B334FEA174BD9F8007063444FEAC9
:10B88000174C0AFB0BC707EB13479BB243EA07436E
:10B89000724549F8043B4FEA174CE2D8019B45F842
:10B8A00003C0039BB3F802900431B9F1000F21D01B
:10B8B0002B6804F1140CAE464FF0000ABCF800B03F
:10B8C000BEF8027009FB0B7757449BB243EA07436B
:10B8D0004EF8043B5CF8043B4FEA134ABEF80030D4
:10B8E00009FB0A3303EB174362454FEA134AE5D8D5
:10B8F000019FEB51043599E7013E9BE750C40008D6
:10B9000061C400082DE9F843154612F0030207460A
:10B910000E4607D0254C013A002354F82220FFF7A9
:10B920009FFE0646AD103DD0FC697CB91020FFF7A4
:10B930007FFD0246F86128B91D4B1E4840F2B31145
:10B9400000F03EFCC0E901440460C460D7F81C80EC
:10B95000D8F808404CB940F271213846FFF712FF81
:10B960000023C8F80800044603604FF00009EB0705
:10B970000AD5314622463846FFF71AFF314680463F
:10B980003846FFF74BFE46466D100BD0206838B99D
:10B99000224621463846FFF70BFF2060C0F8009092
:10B9A0000446E4E73046BDE8F88300BFBCC40008A5
:10B9B000E1C3000861C400082DE9F0470C4649685E
:10B9C000236903EB6218A368074691464FEA621A9F
:10B9D00008F10106B3420BDB3846FFF7DFFD0546F1
:10B9E00048B90246284B29484FF4EF7100F0E8FBB4
:10B9F00001315B00EEE7002300F1140100F11002B9
:10BA00001846534533DB20692AEAEA7A04F1140325
:10BA100019F01F0901EB8A0103EB800C2BD0C9F14F
:10BA2000200E8A460022186800FA09F010434AF8EE
:10BA3000040B53F8042B9C4522FA0EF2F3D8ACEB1E
:10BA40000403153B23F00303043304F1150084457C
:10BA500038BF0423CA500AB108F10206013E384635
:10BA60002E612146FFF7DAFD2846BDE8F08742F84F
:10BA7000040F0133C5E7043953F8042B41F8042FB0
:10BA80009C45F9D8EAE700BF50C4000861C400082B
:10BA90000A6903460069801A30B50ED11433143197
:10BAA00003EB820401EB820154F8045D51F8042D8C
:10BAB000954203D005D24FF0FF3030BDA342F3D3FF
:10BAC000FBE70120F9E700002DE9F74F894606461C
:10BAD000114648461446FFF7DBFF051E12D12946E2
:10BAE0003046FFF75BFD024628B93F4B40F2372155
:10BAF0003E4800F065FB0123C0E90435104603B061
:10BB0000BDE8F08FBCBF4B46A1463046D9F80410C3
:10BB1000BABF1C4601250025FFF740FD024618B9B3
:10BB2000314B40F24521E3E7D9F810702669C56032
:10BB300009F1100309F1140504F1140E00F1140BBE
:10BB400005EB87080EEB86060193D9464FF0000CF3
:10BB5000019B5EF8040B53F804AF01931FFA8AF3BC
:10BB6000194683B2CB1A000C6344C0EB1A4000EBB9
:10BB700023409BB243EA0043764549F8043B4FEA31
:10BB8000204CE5D8331B153B23F003031534043355
:10BB9000A64238BF04231D445B441E462C46444540
:10BBA0000ED308F10301491B21F00301033DA84511
:10BBB00038BF00210B4453F8041D91B117619DE774
:10BBC00054F8041BE646080C1CFA81FC714400EB97
:10BBD0002C4089B241EA004146F8041B4FEA204C50
:10BBE000DDE7013FE7E700BF50C4000861C400087B
:10BBF0002DE9F7430F46012159EC108B1646FFF74C
:10BC0000CDFC044630B90246234B244840F20F31A4
:10BC100000F0D6FAC9F30A55C9F313030DB143F482
:10BC200080130193B8F1000323D068460093FFF717
:10BC30007CFDDDE90012D0B1C0F1200302FA03F36C
:10BC40000B43C24063610192019BA361002B0CBFB7
:10BC5000012202222261A5B1A5F2334505443D60CF
:10BC6000C0F135003060204603B0BDE8F08361616B
:10BC7000EAE701A8FFF759FD019B6361203001222B
:10BC8000E8E704EB8203A0F2324038601869FFF75E
:10BC90002DFDC0EB4210E5E750C4000861C4000868
:10BCA0009368013B002B10B4936008DA9469A342B7
:10BCB00001DB0A2903D15DF8044BFEF77ABC136857
:10BCC000581C1060197008465DF8044B7047F8B5B1
:10BCD00006460F461446D518AC4201D1002007E0B5
:10BCE00014F8011B3A463046FFF7DAFF431CF3D144
:10BCF000F8BD00002DE9F04F0D469DB01446984662
:10BD0000064618B1036A0BB9FEF76AFB6B6ED907DA
:10BD100005D4AB899A0502D4A86DFEF75CFDAB890A
:10BD20001B0701D52B699BB929463046FEF780FCDD
:10BD300070B16B6EDC0704D54FF0FF301DB0BDE86D
:10BD4000F08FAB899805F7D4A86DFEF745FDF3E7B2
:10BD50000023099320238DF82930CDF80C8030235F
:10BD6000DFF8AC818DF82A304FF0010923469A465E
:10BD700013F8012B0AB1252AF9D1BAEB040B0BD029
:10BD80005B46224629463046FFF7A1FF013000F00E
:10BD9000A780099A5A4409929AF80030002B00F0C3
:10BDA0009F8000234FF0FF32CDE905230AF1010AFD
:10BDB000049307938DF853301A935446052214F8D0
:10BDC000011B5348F4F78CFA049AD8B9D10644BF42
:10BDD00020238DF85330130744BF2B238DF85330A5
:10BDE0009AF800302A2B15D0079A544600204FF0BD
:10BDF0000A0C214611F8013B303B092B4BD9B0B15D
:10BE0000079214E0A0EB080309FA03F31343049329
:10BE1000A246D2E7039B191D1B680391002BBBBFF1
:10BE20005B4242F0020207930793B8BF0492237863
:10BE30002E2B0AD163782A2B32D1039B1A1D1B6843
:10BE4000039243EAE37302340593DFF8D4A0217828
:10BE500003225046F4F744FA38B1049BA0EB0A00E1
:10BE60004022824013430134049314F8011B2948F3
:10BE70008DF828100622F4F733FA00283FD0264B1D
:10BE80001BBB039B073323F0070308330393099B72
:10BE90003B4409936AE70CFB02320C460120A8E7F9
:10BEA00000230134059319464FF00A0C204610F880
:10BEB000012B303A092A03D9002BC6D00591C4E7DB
:10BEC0000CFB012104460123F0E703AB00932A4653
:10BED000124B04A93046FDF74FFE0746781CD6D119
:10BEE0006B6ED90705D4AB899A0502D4A86DFEF70D
:10BEF00073FCAB895B063FF51FAF09981EE703ABE8
:10BF000000932A46054B04A93046FEF7BDF8E4E746
:10BF1000B8C50008C2C50008799B0008CFBC00085E
:10BF2000BEC50008B1F90C202DE9F0411607054601
:10BF30000C4654D44B68002B02DC0B6C002B48DD04
:10BF4000E66A002E45D0002312F480522F68216A41
:10BF50002B6030D0626DA389590705D56368D21A6A
:10BF6000636B0BB1236CD21A0023E66A216A284660
:10BF7000B047431CA38906D129681D292BD82A4A1A
:10BF80000A41D60727D400226260D90422692260C0
:10BF900004D5421C01D12B6803B96065616B2F6029
:10BFA000B9B104F14403994202D02846FFF7F6F9EB
:10BFB000002363630DE001232846B0470246501C6E
:10BFC000C9D12B68002BC6D01D2B01D0162B1ED13A
:10BFD0002F60002022E043F040031BB21BE00F69FA
:10BFE000002FF6D093070E6808BF4B690F6018BF8B
:10BFF0000023A6EB07088B60B8F1000FE9DD216A8A
:10C00000A66A43463A462846B047002808DCB4F9F9
:10C010000C3043F04003A3814FF0FF30BDE8F081C6
:10C020000744A8EB0008E7E7FEFFBFDF38B50B6960
:10C0300005460C4613B90025284638BD18B1036AD9
:10C040000BB9FEF7CDF9B4F90C30002BF3D0626ECA
:10C05000D00704D4990502D4A06DFEF7BCFB284696
:10C060002146FFF75FFF636EDA070546E4D4A38934
:10C070009B05E1D4A06DFEF7AFFBDDE770B50C4684
:10C08000B1F90E10002996B015461E460DDAA389A7
:10C0900013F0800F4FF0000114BF40234FF4806372
:10C0A000002031602B6016B070BD6A4600F048F881
:10C0B0000028ECDB019901F47041A1F500535942CD
:10C0C00059414FF48063EBE78B89F7B59D0706462E
:10C0D0000C4607D504F14703236023610123636104
:10C0E00003B0F0BD01AB6A46FFF7C8FF009F0546ED
:10C0F00039463046FFF7C6F948B9B4F90C309A050D
:10C10000EED423F0030343F00203A381E2E7A38903
:10C11000206043F08003A381019BC4E904075BB165
:10C12000B4F90E10304600F01DF828B1A38923F0B1
:10C13000030343F00103A381A3891D43A581CFE736
:10C1400038B5074D00230446084611462B60F5F725
:10C1500053F9431C02D12B6803B1236038BD00BFE3
:10C160000446002438B5064D0023044608462B60DB
:10C17000F5F752F9431C02D12B6803B1236038BD97
:10C180000446002438B5064D0023044608462B60BB
:10C19000F5F75AF9431C02D12B6803B1236038BD6F
:10C1A000044600240A44914200F1FF3300D1704755
:10C1B00010B511F8014B03F8014F9142F9D110BDB0
:10C1C0001FB514461A46094B1B680546D86854B972
:10C1D000074B1C46CDE9013400912B46054900F080
:10C1E00041F800F051F8044BF4E700BF1C000024B4
:10C1F0000EC60008E0C50008D3C5000870B5A1FB55
:10C2000002543CB92946FFF73DF9064628B90026F5
:10C21000304670BD0C220260F9E72A462146FEF73F
:10C220005DFAF5E782B001B901A942B14BB11378CB
:10C230000B601278101E18BF012002B07047104624
:10C24000FBE76FF00100F8E70346084641B1FF2A1B
:10C2500004D98A221A604FF0FF3070470A7001201B
:10C26000704700000EB403B5014603AB054853F810
:10C27000042B00680193FFF73DFD02B05DF804EB6D
:10C2800003B070471C00002408B5062000F02CF80D
:10C290000120F5F77DF81F2938B505460C4604D96D
:10C2A000162303604FF0FF3038BDC26B12B152F855
:10C2B00021304BB9284600F031F822460146284685
:10C2C000BDE8384000F018B8012B0AD0591C03D142
:10C2D000162303600120E7E7002142F824102046DE
:10C2E00098470020E0E70000024B01461868FFF77E
:10C2F000D2BF00BF1C00002438B5074D0023044600
:10C30000084611462B60F5F733F8431C02D12B6821
:10C3100003B1236038BD00BF04460024F5F720B800
:10C32000F8B500BFF8BC08BC9E467047F8B500BF22
:08C33000F8BC08BC9E467047F2
:10C338007374617274204150502048616E646C655A
:10C34800000000004C696461722072616E67653A92
:10C35800256C646D6D0A00000000000001020304F2
:10C368000102030406070809000610160006101645
:10C37800010002000400060008000A000C0010007A
:10C3880020004000800000010101010307010000B6
:10C398000804020408010101494E4600696E66005E
:10C3A8004E414E006E616E0030003031323334350C
:10C3B8003637383941424344454600303132333408
:10C3C800353637383961626364656600496E666977
:10C3D8006E697479004E614E005245454E54206D89
:10C3E800616C6C6F63207375636365656465640075
:10C3F8002F6275696C642F676E752D746F6F6C731F
:10C408002D666F722D73746D33325F31322E332E79
:10C4180072656C312E32303234303631322D313350
:10C4280031352F7372632F6E65776C69622F6E6575
:10C43800776C69622F6C6962632F7374646C6962CC
:10C448002F64746F612E630042616C6C6F6320739C
:10C458007563636565646564002F6275696C642F34
:10C46800676E752D746F6F6C732D666F722D737494
:10C478006D33325F31322E332E72656C312E32308D
:10C488003234303631322D313331352F7372632FD8
:10C498006E65776C69622F6E65776C69622F6C695F
:10C4A80062632F7374646C69622F6D707265632E9A
:10C4B8006300000005000000190000007D00000076
:10C4C8000080E03779C34143176E05B5B5B8934688
:10C4D800F5F93FE9034F384D321D30F94877825A54
:10C4E8003CBF737FDD4F1575000000000000F03F72
:10C4F8000000000000002440000000000000594037
:10C508000000000000408F40000000000088C34089
:10C5180000000000006AF8400000000080842E41FE
:10C5280000000000D01263410000000084D797414A
:10C538000000000065CDCD41000000205FA0024250
:10C54800000000E876483742000000A2941A6D42C5
:10C55800000040E59C30A2420000901EC4BCD642B8
:10C5680000003426F56B0C430080E03779C3414363
:10C5780000A0D8855734764300C84E676DC1AB43D9
:10C58800003D9160E458E143408CB5781DAF1544F7
:10C5980050EFE2D6E41A4B4492D54D06CFF08044D2
:10C5A800F64AE1C7022DB544B49DD9794378EA44E7
:10C5B800232D302B2000686C4C0065666745464784
:10C5C800004300504F534958002E002C2066756ECA
:10C5D8006374696F6E3A2000617373657274696F72
:10C5E8006E2022257322206661696C65643A206694
:10C5F800696C6520222573222C206C696E652025C4
:10C6080064257325730A0000202020202020202084
:10C6180020282828282820202020202020202020EA
:10C62800202020202020202088101010101010100A
:10C638001010101010101010040404040404040452
:10C6480004041010101010101041414141414101E3
:10C6580001010101010101010101010101010101C2
:10C6680001010110101010101042424242424202D1
:10C678000202020202020202020202020202020292
:10C68800020202101010102000000000000000003C
:10C698000000000000000000000000000000000092
:10C6A8000000000000000000000000000000000082
:10C6B8000000000000000000000000000000000072
:10C6C8000000000000000000000000000000000062
:10C6D8000000000000000000000000000000000052
:10C6E8000000000000000000000000000000000042
:10C6F8000000000000000000000000000000000032
:08C70800000000000000000029
:08C71000D03BFF7F0100000097
:04C71800C50200084E
:04C71C00A10200086E
:10C720000090D0030090D003100000000100000032
:10C730000000000003000000C84400242000002482
:10C7400000000000C844002430450024984500241F
:10C7500000000000000000000000000000000000D9
:10C7600000000000000000000000000000000000C9
:10C7700000000000000000000000000000000000B9
:10C780000000000000000000000000004300000066
:10C790000000000000000000000000000000000099
:10C7A0000000000000000000000000004300000046
:10C7B0000000000000000000000000000000000079
:10C7C0000000000000000000000000004300000026
:10C7D0000000000000000000000000000000000059
:10C7E0000000000000000000000000004300000006
:10C7F0000000000000000000000000000000000039
:10C8000000000000000000000000000043000000E5
:10C810000000000000000000000000000000000018
:10C8200000000000000000000000000043000000C5
:10C8300000000000000000000000000000000000F8
:10C8400000000000000000000000000043000000A5
:10C8500000000000000000000000000000000000D8
:10C8600000000000000000000000000049C20008B5
:10C8700025C20008000000000FC60008D1C500084E
:10C880000EC600080EC600080EC600080EC6000838
:10C890000EC600080EC600080EC600080EC6000828
:10C8A0000EC60008FFFFFFFFFFFFFFFFFFFFFFFFB8
:10C8B000FFFF000001004153434949000000000010
:10C8C0000000000000000000000000000000000068
:10C8D00000000000000041534349490000000000EF
:10C8E0000000000000000000000000000000000048
:08C8F000000000000000000040
:04000005080018E1F6
:00000001FF
