:020000040800F2
:1000000000000824E1110008410D0008490D000816
:10001000510D0008590D0008610D00080000000096
:10002000000000000000000000000000690D000852
:10003000770D000800000000850D0008930D0008F2
:100040003112000831120008311200083112000884
:100050003112000831120008311200083112000874
:100060003112000831120008311200083112000864
:100070003112000831120008311200083112000854
:10008000311200083112000831120008A10D0008D9
:100090003112000831120008311200083112000834
:1000A0003112000831120008311200083112000824
:1000B0003112000831120008311200083112000814
:1000C0003112000831120008311200083112000804
:1000D00031120008311200083112000831120008F4
:1000E000311200083112000800000000311200082F
:1000F00031120008311200083112000831120008D4
:1001000031120008311200083112000831120008C3
:1001100031120008311200083112000831120008B3
:1001200031120008311200083112000831120008A3
:100130003112000831120008311200083112000893
:1001400000000000000000000000000000000000AF
:100150003112000831120008311200083112000873
:100160003112000831120008311200083112000863
:10017000311200083112000831120008000000009E
:100180003112000831120008311200083112000843
:100190003112000831120008311200083112000833
:1001A0003112000831120008311200083112000823
:1001B0003112000831120008311200083112000813
:1001C0003112000831120008311200083112000803
:1001D00031120008311200083112000831120008F3
:1001E00031120008311200083112000831120008E3
:1001F00031120008311200083112000831120008D3
:1002000031120008311200083112000831120008C2
:1002100031120008311200083112000831120008B2
:1002200031120008311200083112000800000000ED
:1002300031120008311200080000000031120008DD
:100240003112000831120008311200083112000882
:100250003112000831120008311200083112000872
:100260003112000831120008311200083112000862
:100270003112000831120008B50D0008000000001E
:10028000311200083112000831120008000000008D
:0802900000000000311200081B
:1002A00010B5054C237833B9044B13B10448AFF3B0
:1002B00000800123237010BD08020024000000000C
:1002C00044AA000808B5034B1BB103490348AFF328
:1002D000008008BD000000000C02002444AA0008B1
:1002E00001F0FF01102A2BDB10F0070F08D010F8E7
:1002F000013B013A8B422DD010F0070F42B3F6D1EB
:10030000F0B441EA012141EA014122F007047FF003
:1003100000070023F0E80256083C85EA010586EA5A
:10032000010685FA47F5A3FA87F586FA47F6A5FA96
:1003300087F68EB9EED1F0BC01F0FF0102F00702A2
:1003400032B110F8013B013A83EA010313B1F8D14D
:100350000020704701387047002D06BF354603382E
:10036000073815F0010F07D1013015F4807F02BF67
:10037000013015F4C03F0130F0BC0138704700BFB8
:10038000034613F8012B002AFBD1181A01387047D5
:1003900053B94AB9002908BF00281CBF4FF0FF31EC
:1003A0004FF0FF3000F06AB9ADF1080C6DE904CEF2
:1003B00000F006F8DDF804E0DDE9022304B0704740
:1003C0002DE9F047089D0C46002B4ED194468C45F4
:1003D0008646B2FA82F262D94AB1C2F12003914054
:1003E00020FA03F30CFA02FC194300FA02FE4FEA6A
:1003F0001C471FFA8CF6B1FBF7F44FEA1E4307FBCC
:10040000141143EA014304FB06F199420AD91CEB9B
:10041000030304F1FF3080F01281994240F20F8112
:10042000023C6344591A1FFA8EF3B1FBF7F007FB45
:10043000101143EA014300FB06F69E420AD91CEB69
:10044000030300F1FF3180F0FC809E4240F2F9800E
:10045000634402389B1B40EA044000211DB1D34095
:100460000022C5E90032BDE8F0878B4205D90DB105
:10047000C5E9000100210846F5E7B3FA83F1002938
:1004800046D1A34202D39042C0F0F080861A64EBBA
:1004900003030120002DE6D0C5E90063E3E7002A4D
:1004A00040F09080A1EB0C044FEA1C481FFA8CF737
:1004B0000121B4FBF8F64FEA1E4308FB164443EA59
:1004C000044307FB06F0984208D91CEB030306F12E
:1004D000FF3402D2984200F2CD8026461C1A1FFA41
:1004E0008EF3B4FBF8F008FB104443EA044300FB2E
:1004F00007F79F4208D91CEB030300F1FF3402D237
:100500009F4200F2B0802046DB1B40EA0640A5E790
:10051000C1F120068B4022FA06F71F4320FA06FCA1
:1005200004FA01F343EA0C03F44000FA01F8380C32
:100530004FEA1349B4FBF0FE1FFA87FC00FB1E4490
:1005400049EA04440EFB0CF9A14502FA01F20AD96A
:100550003C190EF1FF3A80F08480A14540F2818081
:10056000AEF1020E3C44A4EB09041FFA83F9B4FB7C
:10057000F0F300FB134449EA044403FB0CFCA445DC
:1005800007D93C1903F1FF3067D2A44565D9023B76
:100590003C4443EA0E40A0FB0293A4EB0C049C42B3
:1005A000CE469C4651D34ED055B1B8EB0E0364EB0A
:1005B0000C0404FA06F6CB401E43CC40C5E90064A7
:1005C000002150E7C2F1200320FA03F10CFA02FCEB
:1005D00024FA03F394400C434FEA1C4800FA02FE4D
:1005E0001FFA8CF7B3FBF8F008FB1031230C43EA39
:1005F000014300FB07F1994208D91CEB030300F10A
:10060000FF362CD299422AD9023863445B1AA4B22D
:10061000B3FBF8F108FB113344EA034401FB07F391
:10062000A34208D91CEB040401F1FF3613D2A34204
:1006300011D902396444E41A41EA004139E7044619
:10064000F0E6084606E7C845AED2B9EB020E63EB0A
:10065000070C0138A8E73146EDE7034699E7304635
:10066000D4E7D6467FE7634402384DE70646234683
:1006700008460FE7023E634430E700BF704700BF03
:1006800080B500AF094B1B780133DAB2074B1A7003
:10069000064B1B78142B07D9044B00221A704FF419
:1006A0000051034803F027F900BF80BD2402002455
:1006B0000008025880B582B000AF00237B6000F0D4
:1006C00015F8094808F08AFA7B6801337B607B687B
:1006D000632B03DD00237B6000F082F8FFF7D0FF7F
:1006E0000A2000F039FEEFE760AA000880B58AB062
:1006F00002AF00233B6000237B600223BB60012329
:10070000FB6000233B6100237B613B461946154893
:1007100001F01CFF0346002B01D000F0F1FA00238A
:1007200000930023022202210E4801F085FF0346B8
:10073000002B01D000F0E4FA00220121094802F068
:100740009BF90346002B01D000F0DAFA054801F0CE
:10075000A0FF0346002B01D000F0D2FA00BF2037E3
:10076000BD4680BD6002002480B584B000AF7860D3
:1007700039600D4808F0C2F90023FB600AE0FB680D
:100780003A6813441B781946084808F0B7F9FB6823
:100790000133FB60FB68072BF1DD0A2008F0C0F98C
:1007A00000BF1037BD4680BD70AA000878AA0008B7
:1007B00080B582B000AF78603960074B074A4021AE
:1007C000786801F0EDFF04490448FFF7CDFF00BF52
:1007D0000837BD4680BD00BF540200242C0200240F
:1007E00080B584B000AF234A3B4692E8030083E81B
:1007F0000300214B1B780133DAB21F4B1A701E4BDA
:100800001B783B701D4B0B225A600023FB600CE0F1
:100810003A46FB6813441978184AFB681344283396
:100820000A461A70FB680133FB60FB68072BEFDD9B
:10083000134808F063F90023BB600AE03A46BB683E
:1008400013441B7819460F4808F058F9BB68013368
:10085000BB60BB68072BF1DD0A2008F061F9074B8C
:100860001B68094A0949184601F03EFF00BF1037CE
:10087000BD4680BD88AA00085C0200240000002458
:1008800080AA000878AA0008280000240400002498
:1008900080B500AF2E4B2F4A1A602D4B00229A6074
:1008A0002B4B0322DA602A4B00221A74284B0022B9
:1008B0005A74274B01229A74254B03225A61244B08
:1008C0000A229A61224B1D22DA61214B0A221A6206
:1008D0001F4B03225A621E4B0A229A621C4B1D2296
:1008E000DA621B4B0A221A63194B00225A63184B17
:1008F00001229A63164B0022DA63154B02221A6416
:10090000134B04225A64124B00229A64104B0422A7
:10091000DA640F4B00221A650D4B04225A650C4B0A
:1009200000229A650A4B0022DA65094B02221A66F8
:10093000074B00225A66064B04229A66044801F0CF
:1009400027FC0346002B01D000F0DAF900BF80BD80
:100950006002002400A0004080B5BAB000AF78600B
:1009600007F1D40300221A605A609A60DA601A61B3
:1009700007F11003C0220021184608F00FFA7B6827
:100980001B682B4A93424ED14FF400424FF00003B4
:10099000C7E904234FF08053C7F8803007F11003F4
:1009A000184603F0E3FF0346002B01D000F0A8F93E
:1009B000204BD3F8EC301F4A43F48073C2F8EC307C
:1009C0001C4BD3F8EC3003F48073FB60FB68194BCD
:1009D000D3F8E030174A43F00803C2F8E030154B73
:1009E000D3F8E03003F00803BB60BB680323C7F80B
:1009F000D4300223C7F8D8300023C7F8DC300023F6
:100A0000C7F8E0300923C7F8E43007F1D4031946EA
:100A1000094802F0A7FD00220021132000F0A7FDE5
:100A2000132000F0BEFD00BFE837BD4680BD00BF0B
:100A300000A0004000440258000C025880B58AB063
:100A400000AF07F1140300221A605A609A60DA605E
:100A50001A612A4BD3F8E030284A43F00403C2F865
:100A6000E030264BD3F8E03003F004033B613B69F0
:100A7000224BD3F8E030214A43F08003C2F8E03043
:100A80001E4BD3F8E03003F08003FB60FB681B4B88
:100A9000D3F8E030194A43F00103C2F8E030174BB5
:100AA000D3F8E03003F00103BB60BB68134BD3F80D
:100AB000E030124A43F00803C2F8E0300F4BD3F89D
:100AC000E03003F008037B607B6800224FF40051A4
:100AD0000B4802F0F7FE4FF400537B610123BB612A
:100AE0000023FB6100233B6207F11403194604480D
:100AF00002F038FD00BF2837BD4680BD00440258D3
:100B00000008025880B500AF00F0CEF800F092FB6C
:100B100000F00AF8FFF792FF00F0A4FAFFF7B8FE22
:100B2000FFF7C8FD00BFFDE780B59EB000AF07F13D
:100B30002C034C220021184608F030F907F10C0371
:100B400020220021184608F029F9022002F0EEFECA
:100B50000023BB60484BDB6A474A23F00103D362A2
:100B6000454BDB6A03F00103BB60444B9B69434A7E
:100B700043F440439361414B9B6903F44043BB60A2
:100B8000BB6800BF3D4B9B6903F40053B3F5005FA6
:100B9000F8D13B4BD3F8F430394A43F00203C2F8A2
:100BA000F430374BD3F8F43003F002037B607B68FA
:100BB00000233B60314B9B69304A43F440439361CF
:100BC0002E4B9B6903F440433B602B4BDB6A2A4A64
:100BD00043F00103D362284BDB6A03F001033B605F
:100BE0003B6800BF254B9B6903F40053B3F5005FDE
:100BF000F8D10123FB624FF480333B6302233B6552
:100C000002237B650523BB65C023FB6502233B668E
:100C100008237B660223BB660823FB6600233B6731
:100C200000237B6707F12C03184602F0B9FE034648
:100C3000002B01D000F064F83F23FB6003233B61ED
:100C400000237B610823BB614023FB6140233B629F
:100C50004FF480637B624023BB6207F10C030421E5
:100C6000184603F0F7FA0346002B01D000F048F8CD
:100C700000BF7837BD4680BD0004005800480258C8
:100C80000044025880B582B000AF7860391D4FF63D
:100C9000FF730122034805F0E5FC7B68184608371E
:100CA000BD4680BD0403002480B584B000AF3B4640
:100CB00000221A605A609A60DA6000F08DFC01230D
:100CC0003B7000237B7000237B601F233B728723D4
:100CD0007B720023BB720023FB7201233B73012351
:100CE0007B730023BB730023FB733B46184600F065
:100CF000ABFC042000F088FC00BF1037BD4680BD6F
:100D000080B400AF72B600BF00BFFDE780B483B00F
:100D100000AF0A4BD3F8F430084A43F00203C2F89C
:100D2000F430064BD3F8F43003F002037B607B68A9
:100D300000BF0C37BD465DF8047B70470044025885
:100D400080B400AF00BFFDE780B400AF00BFFDE797
:100D500080B400AF00BFFDE780B400AF00BFFDE787
:100D600080B400AF00BFFDE780B400AF00BFBD4658
:100D70005DF8047B704780B400AF00BFBD465DF8EE
:100D8000047B704780B400AF00BFBD465DF8047BB4
:100D9000704780B500AF00F0BFFA00BF80BD000013
:100DA00080B500AF024801F0E1FE00BF80BD00BF8A
:100DB0006002002480B500AF024805F0E1FC00BFEE
:100DC00080BD00BF0403002480B400AF0123184697
:100DD000BD465DF8047B704780B582B000AF786097
:100DE000396008F02DF8034616221A604FF0FF33E1
:100DF00018460837BD4680BD80B582B000AF786028
:100E00004FF0FF317868FFF7E7FF00BFFDE780B5DF
:100E100086B000AFF860B9607A6000237B610AE0B9
:100E2000AFF300800146BB685A1CBA60CAB21A70A0
:100E30007B6901337B617A697B689A42F0DB7B686E
:100E400018461837BD4680BD80B586B000AFF86043
:100E5000B9607A6000237B6109E0BB685A1CBA6004
:100E60001B781846FFF70EFF7B6901337B617A69B7
:100E70007B689A42F1DB7B6818461837BD4680BD17
:100E800080B483B000AF78604FF0FF3318460C3762
:100E9000BD465DF8047B704780B483B000AF7860D6
:100EA00039603B684FF400525A60002318460C37F3
:100EB000BD465DF8047B704780B483B000AF7860B6
:100EC000012318460C37BD465DF8047B704780B49B
:100ED00085B000AFF860B9607A6000231846143717
:100EE000BD465DF8047B704780B586B000AF786082
:100EF000144A154BD31A7B617B693B61134B1B680A
:100F0000002B02D1114B124A1A60104B1A687B68F1
:100F100013443A699A4207D207F092FF03460C2223
:100F20001A604FF0FF3309E0084B1B68FB60074B6A
:100F30001A687B681344054A1360FB681846183723
:100F4000BD4680BD0000082400040000000300240A
:100F5000E804002480B400AF374BD3F88830364A19
:100F600043F47003C2F88830344B1B6803F00F035E
:100F7000062B07D8314B1B6823F00F032F4A43F091
:100F8000070313602E4B1B682D4A43F001031360C7
:100F90002B4B00221A612A4B1A682949294B13400E
:100FA0000B60264B1B6803F00803002B07D0234B74
:100FB0001B6823F00F03214A43F007031360204B03
:100FC00000229A611E4B0022DA611D4B00221A6238
:100FD0001B4B1D4A9A621A4B1C4ADA62184B1C4A78
:100FE0001A63174B00225A63154B194A9A63144B24
:100FF0000022DA63124B164A1A64114B00225A641B
:101000000F4B1B680E4A23F4802313600C4B002205
:101010001A66104B1A68104B1340B3F1005F02D2EE
:101020000E4B01221A600E4B43F2D2021A6000BF2F
:10103000BD465DF8047B704700ED00E000200052E3
:10104000004402587FEDF6EA000202020000FF01B0
:10105000800201010010005C0000FFFF08810051C8
:101060000040005280B500AF224B234A1A60214B4A
:101070004FF4E1325A601F4B00229A601D4B002250
:10108000DA601C4B00221A611A4B0C225A61194B70
:1010900000229A61174B00221A62164B00225A62F4
:1010A000144B00229A62134B00225A66114805F035
:1010B00089FA0346002B01D0FFF722FE00210D48DC
:1010C00006F058FF0346002B01D0FFF719FE002160
:1010D000084806F08DFF0346002B01D0FFF710FEF5
:1010E000044806F00EFF0346002B01D0FFF708FE70
:1010F00000BF80BD04030024000C005880B5BAB0C6
:1011000000AF786007F1D40300221A605A609A6039
:10111000DA601A6107F11003C0220021184607F0B7
:101120003DFE7B681B682B4A93424ED14FF0040270
:101130004FF00003C7E904230023C7F8A43007F1E8
:101140001003184603F012FC0346002B01D0FFF7F2
:10115000D7FD214BD3F8F4301F4A43F00803C2F8FF
:10116000F4301D4BD3F8F43003F00803FB60FB6848
:10117000194BD3F8E030184A43F00103C2F8E030CD
:10118000154BD3F8E03003F00103BB60BB684FF4AC
:10119000C063C7F8D4300223C7F8D8300023C7F89B
:1011A000DC300023C7F8E0300323C7F8E43007F150
:1011B000D4031946094802F0D5F9002200218E20F7
:1011C00000F0D5F98E2000F0ECF900BFE837BD46FD
:1011D00080BD00BF000C00580044025800000258B7
:1011E000DFF834D0FFF7B6FE0C480D490D4A002356
:1011F00002E0D458C4500433C4188C42F9D30A4ACC
:101200000A4C002301E013600432A242FBD307F032
:101210001DFEFFF777FC7047000008240000002443
:1012200008020024A8AE000808020024E8040024F4
:10123000FEE7000080B582B000AF032000F08CF91B
:1012400003F0BEF90246154B9B691B0A03F00F031E
:101250001349CB5C03F01F0322FA03F37B600F4BAF
:101260009B6903F00F030E4AD35C03F01F037A68F7
:1012700022FA03F30B4A13600B4A7B6813600F20BA
:1012800000F014F80346002B01D0012302E0FFF721
:101290003DFD002318460837BD4680BD0044025876
:1012A000DCAA0008340000243000002480B582B09D
:1012B00000AF7860154B1B78002B01D1012321E092
:1012C000134B1A68114B1B7819464FF47A73B3FB12
:1012D000F1F3B2FBF3F3184600F071F90346002B6B
:1012E00001D001230EE07B680F2B0AD80022796819
:1012F0004FF0FF3000F03BF9064A7B681360002393
:1013000000E0012318460837BD4680BD3C0000249C
:10131000300000243800002480B400AF064B1B7856
:101320001A46064B1B681344044A136000BFBD46AF
:101330005DF8047B704700BF3C0000249803002444
:1013400080B400AF034B1B681846BD465DF8047BB4
:10135000704700BF9803002480B584B000AF786068
:10136000FFF7EEFFB8607B68FB60FB68B3F1FF3FFF
:1013700005D00A4B1B781A46FB681344FB6000BF7C
:10138000FFF7DEFF0246BB68D31AFA689A42F7D825
:1013900000BF00BF1037BD4680BD00BF3C00002429
:1013A00080B400AF034B1B681B0C1846BD465DF8AC
:1013B000047B70470010005C80B485B000AF78609B
:1013C0007B6803F00703FB600B4BDB68BB60BA680C
:1013D0004FF6FF031340BB60FB681A02BB681A4359
:1013E000064B1343BB60044ABB68D36000BF14378D
:1013F000BD465DF8047B704700ED00E00000FA0593
:1014000080B400AF044BDB681B0A03F007031846E7
:10141000BD465DF8047B704700ED00E080B483B00A
:1014200000AF0346FB80B7F90630002B0BDBFB88CF
:1014300003F01F020749B7F906305B09012000FAE3
:1014400002F241F8232000BF0C37BD465DF8047B53
:10145000704700BF00E100E080B483B000AF0346F6
:101460003960FB80B7F90630002B0ADB3B68DAB243
:101470000C49B7F906301201D2B20B4483F80023AD
:101480000AE03B68DAB20849FB8803F00F03043B2B
:101490001201D2B20B441A7600BF0C37BD465DF87C
:1014A000047B704700E100E000ED00E080B489B00B
:1014B00000AFF860B9607A60FB6803F00703FB6176
:1014C000FB69C3F10703042B28BF0423BB61FB693D
:1014D0000433062B02D9FB69033B00E000237B6148
:1014E0004FF0FF32BB6902FA03F3DA43BB681A40DC
:1014F0007B699A404FF0FF317B6901FA03F3D943CE
:101500007B680B40134318462437BD465DF8047BC7
:101510007047000080B582B000AF78607B68013B07
:10152000B3F1807F01D301230FE00A4A7B68013BBE
:1015300053600F214FF0FF30FFF78EFF054B002265
:101540009A60044B07221A60002318460837BD46EC
:1015500080BD00BF10E000E080B582B000AF7860D1
:101560007868FFF729FF00BF0837BD4680BD80B50A
:1015700086B000AF0346B9607A60FB81FFF740FF99
:1015800078617A68B9687869FFF790FF0246B7F921
:101590000E3011461846FFF75FFF00BF1837BD46F3
:1015A00080BD80B582B000AF0346FB80B7F906303E
:1015B0001846FFF733FF00BF0837BD4680BD80B532
:1015C00082B000AF78607868FFF7A4FF0346184642
:1015D0000837BD4680BD000080B400AFBFF35F8F09
:1015E00000BF074B5B6A064A23F480335362054B06
:1015F00000225A6000BFBD465DF8047B704700BF03
:1016000000ED00E090ED00E080B483B000AF7860C2
:101610000B4A7B6843F0010353600A4B5B6A094A3B
:1016200043F480335362BFF34F8F00BFBFF36F8F1C
:1016300000BF00BF0C37BD465DF8047B704700BF9C
:1016400090ED00E000ED00E080B483B000AF786082
:101650007B685A781B4B9A601A4B1B69194A23F016
:1016600001031361174A7B685B68D3607B681B7B4F
:101670001A077B68DB7A1B061A437B689B7ADB04BC
:101680001A437B685B7B9B041A437B689B7B5B04F0
:101690001A437B68DB7B1B041A437B685B7A1B0263
:1016A0001A437B681B7A5B0013437A6812781146F1
:1016B000044A0B43136100BF0C37BD465DF8047B41
:1016C000704700BF90ED00E080B586B000AF786055
:1016D000FFF736FE38617B68002B01D10123DCE285
:1016E0007B6893F83530DBB2022B08D07B68802210
:1016F0005A657B68002283F834200123CDE27B68A1
:101700001B68764A93424AD07B681B68744A9342AE
:1017100045D07B681B68734A934240D07B681B6846
:10172000714A93423BD07B681B68704A934236D023
:101730007B681B686E4A934231D07B681B686D4A98
:1017400093422CD07B681B686B4A934227D07B68FE
:101750001B686A4A934222D07B681B68684A93429E
:101760001DD07B681B68674A934218D07B681B6852
:10177000654A934213D07B681B68644A93420ED03B
:101780007B681B68624A934209D07B681B68614A88
:10179000934204D07B681B685F4A934201D10123C6
:1017A00000E00023002B13D07B681B681A687B685D
:1017B0001B6822F01E021A607B681B685A697B68EE
:1017C0001B6822F080025A617B681B687B610AE01B
:1017D0007B681B681A687B681B6822F00E021A601F
:1017E0007B681B687B617B681B683C4A934272D0B4
:1017F0007B681B683A4A93426DD07B681B68394A04
:10180000934268D07B681B68374A934263D07B68F9
:101810001B68364A93425ED07B681B68344A934209
:1018200059D07B681B68334A934254D07B681B684D
:10183000314A93424FD07B681B68304A93424AD06A
:101840007B681B682E4A934245D07B681B682D4AF3
:10185000934240D07B681B682B4A93423BD07B6805
:101860001B682A4A934236D07B681B68284A9342F9
:1018700031D07B681B68274A93422CD07B681B6859
:10188000254A934227D07B681B68244A934222D082
:101890007B681B68224A93421DD07B681B68214AE3
:1018A000934218D07B681B681F4A934213D07B6811
:1018B0001B681E4A93420ED07B681B681C4A9342E9
:1018C00009D07B681B681B4A934204D07B681B6865
:1018D000194A934232D1012331E000BF1000024087
:1018E00028000240400002405800024070000240C0
:1018F00088000240A0000240B800024010040240EC
:10190000280402404004024058040240700402408F
:1019100088040240A0040240B8040240085402585F
:101920001C54025830540258445402585854025817
:101930006C54025880540258945402580023002BCF
:1019400007D07B681B6E1A687B681B6E22F480725E
:101950001A607B681B686D4A93424AD07B681B689B
:101960006B4A934245D07B681B686A4A934240D0D9
:101970007B681B68684A93423BD07B681B68674A58
:10198000934236D07B681B68654A934231D07B68AE
:101990001B68644A93422CD07B681B68624A93425E
:1019A00027D07B681B68614A934222D07B681B6802
:1019B0005F4A93421DD07B681B685E4A934218D0F1
:1019C0007B681B685C4A934213D07B681B685B4A48
:1019D00093420ED07B681B68594A934209D07B68BA
:1019E0001B68584A934204D07B681B68564A93424E
:1019F00008D17B681B681A687B681B6822F00102AB
:101A00001A6007E07B681B681A687B681B6822F015
:101A100001021A6013E0FFF793FC02463B69D31AF8
:101A2000052B0CD97B6820225A657B68032283F83A
:101A300035207B68002283F8342001232DE17B6967
:101A40001B6803F00103002BE5D17B681B682F4A5C
:101A500093424AD07B681B682D4A934245D07B68ED
:101A60001B682C4A934240D07B681B682A4A9342E9
:101A70003BD07B681B68294A934236D07B681B6841
:101A8000274A934231D07B681B68264A93422CD068
:101A90007B681B68244A934227D07B681B68234AD3
:101AA000934222D07B681B68214A93421DD07B68F9
:101AB0001B68204A934218D07B681B681E4A9342D9
:101AC00013D07B681B681D4A93420ED07B681B684D
:101AD0001B4A934209D07B681B681A4A934204D080
:101AE0007B681B68184A934201D1012300E0002360
:101AF000002B2BD07B689B6DBB607B68DB6D03F09C
:101B00001F033F229A40BB689A602AE010000240FF
:101B1000280002404000024058000240700002408D
:101B200088000240A0000240B800024010040240B9
:101B3000280402404004024058040240700402405D
:101B400088040240A0040240B80402407B689B6DF8
:101B5000FB607B68DB6D03F01F0301229A40FB688A
:101B60005A607B681B684F4A934272D07B681B683F
:101B70004D4A93426DD07B681B684C4A934268D0B3
:101B80007B681B684A4A934263D07B681B68494A5A
:101B900093425ED07B681B68474A934259D07B686A
:101BA0001B68464A934254D07B681B68444A934260
:101BB0004FD07B681B68434A93424AD07B681B68BE
:101BC000414A934245D07B681B68404A934240D0CB
:101BD0007B681B683E4A93423BD07B681B683D4A4A
:101BE000934236D07B681B683B4A934231D07B6876
:101BF0001B683A4A93422CD07B681B68384A934250
:101C000027D07B681B68374A934222D07B681B68C9
:101C1000354A93421DD07B681B68344A934218D0E2
:101C20007B681B68324A934213D07B681B68314A39
:101C300093420ED07B681B682F4A934209D07B6881
:101C40001B682E4A934204D07B681B682C4A93423F
:101C500001D1012300E00023002B15D07B685B6ECF
:101C60007A68926E5A607B68DB6E002B0CD07B68C2
:101C7000DB6E1A687B68DB6E22F480721A607B6808
:101C80001B6F7A68526F5A607B68012283F8352097
:101C90007B68002283F83420002318461837BD469D
:101CA00080BD00BF100002402800024040000240FA
:101CB000580002407000024088000240A00002402C
:101CC000B8000240100402402804024040040240D0
:101CD000580402407004024088040240A0040240FC
:101CE000B8040240085402581C5402583054025898
:101CF00044540258585402586C54025880540258A4
:101D00009454025880B584B000AF78607B68002B93
:101D100001D1012337E27B6893F83530DBB2022B27
:101D200004D07B6880225A6501232CE27B681B6803
:101D30005C4A93424AD07B681B685B4A934245D019
:101D40007B681B68594A934240D07B681B68584A9D
:101D500093423BD07B681B68564A934236D07B68DF
:101D60001B68554A934231D07B681B68534A9342A3
:101D70002CD07B681B68524A934227D07B681B6833
:101D8000504A934222D07B681B684F4A93421DD031
:101D90007B681B684D4A934218D07B681B684C4A8D
:101DA000934213D07B681B684A4A93420ED07B68EB
:101DB0001B68494A934209D07B681B68474A934293
:101DC00004D07B681B68464A934201D1012300E09E
:101DD0000023002B00F086807B68042283F83520E6
:101DE0007B681B682F4A93424AD07B681B682E4A47
:101DF000934245D07B681B682C4A934240D07B6855
:101E00001B682B4A93423BD07B681B68294A93424C
:101E100036D07B681B68284A934231D07B681B68A8
:101E2000264A93422CD07B681B68254A934227D0D0
:101E30007B681B68234A934222D07B681B68224A36
:101E400093421DD07B681B68204A934218D07B6860
:101E50001B681F4A934213D07B681B681D4A93423C
:101E60000ED07B681B681C4A934209D07B681B68B4
:101E70001A4A934204D07B681B68194A934208D1DE
:101E80007B681B681A687B681B6822F001021A6075
:101E900078E17B681B681A687B681B6822F0010286
:101EA0001A606FE11000024028000240400002402A
:101EB000580002407000024088000240A00002402A
:101EC000B8000240100402402804024040040240CE
:101ED000580402407004024088040240A0040240FA
:101EE000B80402407B681B681A687B681B6822F094
:101EF0000E021A607B681B686C4A93424AD07B686A
:101F00001B686B4A934245D07B681B68694A9342C1
:101F100040D07B681B68684A93423BD07B681B6853
:101F2000664A934236D07B681B68654A934231D03B
:101F30007B681B68634A93422CD07B681B68624AAB
:101F4000934227D07B681B68604A934222D07B680B
:101F50001B685F4A93421DD07B681B685D4A9342B1
:101F600018D07B681B685C4A934213D07B681B685F
:101F70005A4A93420ED07B681B68594A934209D053
:101F80007B681B68574A934204D07B681B68564A9B
:101F9000934208D17B681B681A687B681B6822F033
:101FA00001021A6007E07B681B681A687B681B687F
:101FB00022F001021A607B681B683C4A934272D08F
:101FC0007B681B683A4A93426DD07B681B68394A2C
:101FD000934268D07B681B68374A934263D07B6822
:101FE0001B68364A93425ED07B681B68344A934232
:101FF00059D07B681B68334A934254D07B681B6876
:10200000314A93424FD07B681B68304A93424AD092
:102010007B681B682E4A934245D07B681B682D4A1B
:10202000934240D07B681B682B4A93423BD07B682D
:102030001B682A4A934236D07B681B68284A934221
:1020400031D07B681B68274A93422CD07B681B6881
:10205000254A934227D07B681B68244A934222D0AA
:102060007B681B68224A93421DD07B681B68214A0B
:10207000934218D07B681B681F4A934213D07B6839
:102080001B681E4A93420ED07B681B681C4A934211
:1020900009D07B681B681B4A934204D07B681B688D
:1020A000194A934232D1012331E000BF10000240AF
:1020B00028000240400002405800024070000240E8
:1020C00088000240A0000240B80002401004024014
:1020D00028040240400402405804024070040240B8
:1020E00088040240A0040240B80402400854025888
:1020F0001C54025830540258445402585854025840
:102100006C54025880540258945402580023002BF7
:1021100028D07B681B6E1A687B681B6E22F4807265
:102120001A607B689B6DFB607B68DB6D03F01F03AF
:1021300001229A40FB685A607B685B6E7A68926EF7
:102140005A607B68DB6E002B0CD07B68DB6E1A68F4
:102150007B68DB6E22F480721A607B681B6F7A6882
:10216000526F5A607B68012283F835207B68002219
:1021700083F834207B681B6D002B03D07B681B6DBC
:1021800078689847002318461037BD4680BD00BFC9
:1021900080B598B000AF7860844A07F10C0311460F
:1021A0004C22184606F079FE7B68002B01D10123F2
:1021B000C6E17B681B687E4A934206D17B681B6838
:1021C00003F580731A467B685A607B6893F89830F1
:1021D000DBB2002B06D17B68002283F89920786857
:1021E000FEF7BAFB7B681B689A697B681B6822F064
:1021F00010029A61FFF7A4F8F86514E0FFF7A0F861
:102200000246FB6DD31A0A2B0DD97B68D3F89C309C
:1022100043F001027B68C3F89C207B68032283F8AB
:10222000982001238CE17B681B689B6903F00803FD
:10223000082BE3D07B681B689A697B681B6842F0B7
:1022400001029A61FFF77CF8F86514E0FFF778F86F
:102250000246FB6DD31A0A2B0DD97B68D3F89C304C
:1022600043F001027B68C3F89C207B68032283F85B
:102270009820012364E17B681B689B6903F00103DC
:10228000002BE3D07B681B689A697B681B6842F06F
:1022900002029A617B681B7C012B08D17B681B685A
:1022A0009A697B681B6822F040029A6107E07B68AC
:1022B0001B689A697B681B6842F040029A617B68E0
:1022C0005B7C012B08D17B681B689A697B681B6863
:1022D00042F480429A6107E07B681B689A697B68D8
:1022E0001B6822F480429A617B689B7C012B08D199
:1022F0007B681B689A697B681B6822F480529A612C
:1023000007E07B681B689A697B681B6842F480520F
:102310009A617B681B689B6923F440717B689A68AB
:102320007B681B680A439A617B681B689A697B68B3
:102330001B6822F0A4029A617B681B681A697B689B
:102340001B6822F010021A617B68DB68012B08D140
:102350007B681B689A697B681B6842F004029A617B
:1023600030E07B68DB68002B2CD07B68DB68022BBD
:1023700020D07B681B689A697B681B6842F08002EA
:102380009A617B681B681A697B681B6842F01002BF
:102390001A617B68DB68032B14D17B681B689A6920
:1023A0007B681B6842F020029A610BE090AA00084B
:1023B00000A000407B681B689A697B681B6842F03C
:1023C00020029A617B689B69013B5A067B68DB6946
:1023D000013B1B021A437B681B6A013B42EA030173
:1023E0007B685B69013B1A047B681B680A43DA61FE
:1023F0007B689B68B3F5407F15D17B689B6A5A1E4A
:102400007B68DB6A013B1B021A437B681B6B013B49
:102410001B0142EA03017B685B6A013B1A047B688B
:102420001B680A43DA607B681B6E002B0AD07B684E
:102430001B68D3F8C0107B685A6E7B681B680A4320
:10244000C3F8C0207B68DA6D7B681B6E1344002BD9
:1024500011D07B681B68D3F8C83023F007017B6874
:102460009B6E9B0060333B4453F8542C7B681B6885
:102470000A43C3F8C8207B681B6C002B11D07B6813
:102480001B68D3F8BC3023F007017B685B6C9B00B2
:1024900060333B4453F8542C7B681B680A43C3F8F1
:1024A000BC207B689B6C002B12D07B681B68D3F828
:1024B000BC3023F070017B68DB6C9B0060333B44D5
:1024C00053F8543C1A017B681B680A43C3F8BC20CC
:1024D0007B681B6D002B12D07B681B68D3F8BC3067
:1024E00023F4E0617B685B6D9B0060333B4453F8F1
:1024F000543C1A027B681B680A43C3F8BC207B6803
:102500001B68114A934207D17B685B689A687B68B5
:102510005B6822F003029A607B680022C3F8942073
:102520007B680022C3F89C207B68012283F89820F6
:10253000786800F013FE034687F85B3097F85B304D
:1025400018466037BD4680BD00A0004080B487B00B
:1025500000AF786039607B6893F89830FB73FB7B41
:10256000012B02D0FB7B022B57D13B681B68002B51
:102570002BD13B68DB68072B0DD13B681B691A0424
:102580003B68DB691B021A433B689B69134343F0BA
:1025900060537B610EE03B689B689A073B68DB6891
:1025A000DB061A433B681B691B041A433B685B69E3
:1025B00013437B617B68DA6E3B685B689B00134466
:1025C000BB60BB687A691A6025E03B68DB685A0724
:1025D0003B681B6913437B613B68DB68072B03D1B6
:1025E0003B689B693B6106E03B689B689A073B68D8
:1025F0005B6913433B617B681A6F3B685B68DB0078
:102600001344BB60BB687A691A60BB680433BB6063
:10261000BB683A691A60002308E07B68D3F89C30F5
:1026200043F002027B68C3F89C20012318461C3744
:10263000BD465DF8047B704780B485B000AFF8609C
:10264000B9607A603B60FB6893F89830DBB2012B8D
:1026500010D1BB681A017B689B001A433B685B0082
:1026600042EA0301FB681B68BA690A43C3F8802089
:10267000002308E0FB68D3F89C3043F00402FB68B9
:10268000C3F89C20012318461437BD465DF8047B2F
:10269000704780B483B000AF78607B6893F898305F
:1026A000DBB2012B11D17B68022283F898207B6872
:1026B0001B689A697B681B6822F001029A617B683B
:1026C0000022C3F89C20002308E07B68D3F89C30EC
:1026D00043F004027B68C3F89C20012318460C37A2
:1026E000BD465DF8047B704780B586B000AFF860EA
:1026F000B9607A60FB6893F89830DBB2022B41D165
:10270000FB681B68D3F8C03003F07C53002B09D161
:10271000FB68D3F89C3043F02002FB68C3F89C2090
:10272000012338E0FB681B68D3F8C43003F40013BE
:10273000002B09D0FB68D3F89C3043F40072FB688F
:10274000C3F89C20012326E0FB681B68D3F8C43043
:102750001B0C03F01F037B617B697A68B968F8681A
:1027600000F082FEFB681B6801217A6901FA02F21F
:10277000C3F8D02001227B699A40FB68C3F89420FB
:10278000002308E0FB68D3F89C3043F00802FB68A4
:10279000C3F89C20012318461837BD4680BD0000B1
:1027A00080B48BB000AFF860B9607A603B60002302
:1027B000FB61FB6893F89830FB76FB7E022B40F0C0
:1027C0004981BB68402B4CD1FB681B68D3F8A03013
:1027D00003F4FE03002B09D1FB68D3F89C3043F0CF
:1027E0002002FB68C3F89C2001233CE1FB681B68C6
:1027F000D3F8A43003F07F03002B09D1FB68D3F892
:102800009C3043F48072FB68C3F89C2001232AE1CA
:10281000FB681B68D3F8A4301B0E03F00103012BE7
:102820000AD1FB681B68D3F8A030DB0F03F001036B
:10283000012B01D10123FB61FB681B68D3F8A43095
:102840001B0A03F03F03FA691344FB61FB685A6FEC
:10285000FB685B6CF96901FB03F39B0013447B622B
:1028600068E0BB68412B4CD1FB681B68D3F8B030E3
:1028700003F4FE03002B09D1FB68D3F89C3043F02E
:102880002002FB68C3F89C200123ECE0FB681B6876
:10289000D3F8B43003F07F03002B09D1FB68D3F8E1
:1028A0009C3043F48072FB68C3F89C200123DAE07B
:1028B000FB681B68D3F8B4301B0E03F00103012B37
:1028C0000AD1FB681B68D3F8B030DB0F03F00103BB
:1028D000012B01D10123FB61FB681B68D3F8B430E5
:1028E0001B0A03F03F03FA691344FB61FB689A6F0C
:1028F000FB68DB6CF96901FB03F39B0013447B620B
:1029000018E0FB681B6DBA689A4209D3FB68D3F8DC
:102910009C3043F02002FB68C3F89C200123A2E016
:10292000FB68DA6FFB685B6DB96801FB03F39B0022
:1029300013447B627B6A1B6803F080427B685A60A9
:102940007B685B68002B07D17B6A1B689B0CC3F319
:102950000A027B681A6005E07B6A1B6823F060420C
:102960007B681A607B6A1B6803F000527B689A6080
:102970007B6A1B6803F000427B681A617B6A043340
:102980007B627B6A1B689AB27B68DA617B6A1B6830
:102990001B0C03F00F027B68DA607B6A1B6803F490
:1029A00080127B685A617B6A1B6803F400127B68A3
:1029B0009A617B6A1B681B0E03F07F027B681A62B8
:1029C0007B6A1B68DA0F7B685A627B6A04337B621E
:1029D0007B6A7B6100233B620AE07A693B6A1A44A6
:1029E00039683B6A0B4412781A703B6A01333B62C8
:1029F0007B68DB681F4AD35C1A463B6A9342ECD380
:102A0000BB68402B05D1FB681B68FA69C3F8A82096
:102A10001EE0BB68412B05D1FB681B68FA69C3F84F
:102A2000B82015E0BB681F2B08D8FB681B68012184
:102A3000BA6801FA02F2C3F8982009E0BB6803F013
:102A40001F02FB681B68012101FA02F2C3F89C20F7
:102A5000002308E0FB68D3F89C3043F00802FB68D1
:102A6000C3F89C20012318462C37BD465DF8047B33
:102A7000704700BFECAA000880B487B000AFF860D0
:102A8000B9607A60FB6893F89830FB75FB7D012B89
:102A900002D0FB7D022B55D1FB681B689A6DBB6889
:102AA0001340002B08D1FB681B68DA6DFB681B68BC
:102AB00042F00102DA6514E0FB681B689A6DBB689E
:102AC0001340BA689A4208D1FB681B68DA6DFB684C
:102AD0001B6842F00202DA6503E0FB681B68032210
:102AE000DA65BB6803F40073002B09D0FB681B6830
:102AF000D3F8E010FB681B687A680A43C3F8E0204B
:102B0000BB6803F48063002B09D0FB681B68D3F813
:102B1000E410FB681B687A680A43C3F8E420FB688A
:102B20001B68596DBA680F4B1340FA6812680B4363
:102B300053650D4B5A69BB689B0F0B4913434B619F
:102B4000002308E0FB68D3F89C3043F00202FB68E6
:102B5000C3F89C20012318461C37BD465DF8047B52
:102B6000704700BFFFFFCF3F00A8004080B596B080
:102B700000AF7860954B1B699B077B65934B5B6946
:102B80009B077A6D13407B657B681B681B6D03F4A4
:102B900070433B657B681B685B6D3A6D13403B651A
:102BA0007B681B681B6D03F00F03FB647B681B686D
:102BB0005B6DFA6C1340FB647B681B681B6D03F054
:102BC000F003BB647B681B685B6DBA6C1340BB642D
:102BD0007B681B681B6D03F071537B647B681B680B
:102BE0005B6D7A6C13407B647B681B681B6D03F024
:102BF00060733B647B681B685B6D3A6C13403B649D
:102C00007B681B685B6DFB637B681B681B6DBB632C
:102C1000FB6B03F48073002B0FD0BB6B03F480734A
:102C2000002B0AD07B681B684FF480721A65674BD3
:102C300000221A61786800F044FAFB6B03F48063A9
:102C4000002B1CD0BB6B03F48063002B17D07B6878
:102C50001B68D3F8DC307B637B681B68D3F8E430F7
:102C60007A6B13407B637B681B684FF480621A6544
:102C7000564B00221A61796B786800F0F9F97B6D88
:102C8000002B0DD07B681A68796D514B0B40136592
:102C90004E4A7B6D9B0F1361796D786800F0B2F935
:102CA0003B6D002B0DD07B681A68396D484B0B408B
:102CB0001365464A3B6D9B0F1361396D786800F0D0
:102CC000ACF9FB6C002B0DD07B681A68F96C404B9B
:102CD0000B4013653D4AFB6C9B0F1361F96C7868E0
:102CE000FDF766FDBB6C002B0DD07B681A68B96CD4
:102CF000374B0B401365354ABB6C9B0F1361B96CA6
:102D0000786800F095F9FB6B03F40063002B0FD09B
:102D1000BB6B03F40063002B0AD07B681B684FF485
:102D200000621A65294B00221A61786800F08BF95D
:102D3000FB6B03F40073002B1CD0BB6B03F400731C
:102D4000002B17D07B681B68D3F8D8303B637B68B7
:102D50001B68D3F8E0303A6B13403B637B681B6819
:102D60004FF400721A65194B00221A61396B7868AA
:102D700000F073F9FB6B03F40023002B0FD0BB6B47
:102D800003F40023002B0AD07B681B684FF4002259
:102D90001A650E4B00221A61786800F074F9FB6B1B
:102DA00003F48033002B15D0BB6B03F48033002B6E
:102DB00010D07B681B684FF480321A65034B0022E9
:102DC0001A61786800F069F904E000BF00A80040CB
:102DD000FFFFCF3FFB6B03F48023002B0FD0BB6BB7
:102DE00003F48023002B0AD07B681B684FF48022F9
:102DF0001A65814B00221A61786800F058F9FB6B64
:102E000003F40033002B14D0BB6B03F40033002B0E
:102E10000FD07B681B684FF400321A65764B002296
:102E20001A617B68D3F89C3043F080027B68C3F85A
:102E30009C203B6C002B0DD07B681A68396C6F4B63
:102E40000B4013656C4A3B6C9B0F1361396C7868BF
:102E500000F04BF97B6C002B11D07B681A68796C01
:102E6000664B0B401365644A7B6C9B0F13617B6858
:102E7000D3F89C207B6C1A437B68C3F89C207B684A
:102E80001B685F4A934240F0AA807B685B689B683E
:102E900003F00303002B00F0A2807B685B681B6AD1
:102EA00003F00F03FB627B685B685B6AFA6A13409E
:102EB000FB627B685B681B6A03F03003BB627B6864
:102EC0005B685B6ABA6A1340BB627B685B681B6ABB
:102ED00003F4C0737B627B685B685B6A7A6A134049
:102EE0007B627B685B681B6A03F4FC433B627B6824
:102EF0005B685B6A3A6A13403B627B685B681B6A8B
:102F000003F4F023FB617B685B685B6AFA6913403A
:102F1000FB617B685B685B6ABB617B685B681B6AA3
:102F20007B61FB6A002B07D07B685B68FA6A1A62D8
:102F3000F96A786800F0E4F8BB6A002B07D07B6878
:102F40005B68BA6A1A62B96A786800F0E4F8BB692B
:102F500003F04003002B19D07B6903F04003002BE2
:102F600014D07B685B68DB6B1B0C9BB23B617B689E
:102F70005B68DB6B03F03F03FB607B685B684022B0
:102F80001A62FA683969786800F0D0F87B6A002B19
:102F900007D07B685B687A6A1A62796A786800F0A1
:102FA000D1F83B6A002B0BD07B685B683A6A1A62E7
:102FB0007B68D3F89C203B6A1A437B68C3F89C204B
:102FC000FB69002B0BD07B685B68FA691A627B682F
:102FD000D3F89C20FB691A437B68C3F89C207B686C
:102FE000D3F89C30002B02D0786800F074F800BF52
:102FF0005837BD4680BD00BF00A80040FFFFCF3F4F
:1030000000A0004080B483B000AF7860396000BF9A
:103010000C37BD465DF8047B704780B483B000AFC9
:103020007860396000BF0C37BD465DF8047B70479F
:1030300080B483B000AF7860396000BF0C37BD4604
:103040005DF8047B704780B483B000AF786000BF48
:103050000C37BD465DF8047B704780B483B000AF89
:103060007860396000BF0C37BD465DF8047B70475F
:1030700080B483B000AF7860396000BF0C37BD46C4
:103080005DF8047B704780B483B000AF786000BF08
:103090000C37BD465DF8047B704780B483B000AF49
:1030A000786000BF0C37BD465DF8047B704780B484
:1030B00083B000AF786000BF0C37BD465DF8047B7D
:1030C000704780B483B000AF786000BF0C37BD4656
:1030D0005DF8047B704780B483B000AF786000BFB8
:1030E0000C37BD465DF8047B704780B483B000AFF9
:1030F0007860396000BF0C37BD465DF8047B7047CF
:1031000080B483B000AF7860396000BF0C37BD4633
:103110005DF8047B704780B483B000AF786039609D
:1031200000BF0C37BD465DF8047B704780B485B0A6
:1031300000AFF860B9607A6000BF1437BD465DF833
:10314000047B704780B483B000AF7860396000BF03
:103150000C37BD465DF8047B7047000080B485B035
:1031600000AF78607B685B6BBB607B681B68D3F8E3
:103170008420A74B1340BA6891007A6812680B4309
:10318000C2F884307B681B68D3F8843023F47F0155
:103190007B689B6B1A047B681B680A43C3F8842016
:1031A0007B689B6BBA681344BB607B681B68D3F871
:1031B0008820974B1340BA6891007A6812680B43D5
:1031C000C2F888307B681B68D3F8883023F4FE018E
:1031D0007B68DB6B1A047B681B680A43C3F8882092
:1031E0007B68DB6B5B00BA681344BB607B681B6861
:1031F000D3F8A020864B1340BA6891007A68126811
:103200000B43C2F8A0307B681B68D3F8A03023F4CE
:10321000FE017B681B6C1A047B681B680A43C3F8B9
:10322000A0207B681B6C7A68526C02FB03F3BA68BF
:103230001344BB607B681B68D3F8B020744B134009
:10324000BA6891007A6812680B43C2F8B0307B68A4
:103250001B68D3F8B03023F4FE017B689B6C1A0422
:103260007B681B680A43C3F8B0207B689B6C7A6854
:10327000D26C02FB03F3BA681344BB607B681B6823
:10328000D3F8AC20624B1340BA6891007A68126898
:103290000B43C2F8AC307B681B6D7A68526D02FB41
:1032A00003F3BA681344BB607B681B68D3F8F02053
:1032B000574B1340BA6891007A6812680B43C2F802
:1032C000F0307B681B68D3F8F03023F47C117B6806
:1032D0009B6D1A047B681B680A43C3F8F0207B6867
:1032E0009B6D5B00BA681344BB607B681B68D3F8B6
:1032F000C020474B1340BA6891007A6812680B43AC
:10330000C2F8C0307B681B68D3F8C03023F47C114E
:103310007B68DB6D1A047B681B680A43C3F8C02016
:103320007B681B68D3F8C03023F07C517B681B6E30
:103330001A067B681B680A43C3F8C0207B685A6B77
:10334000344B13449A007B68DA667B68DA6E7B68DC
:103350009B6B9B001A447B681A677B681A6F7B68BB
:10336000DB6BDB001A447B685A677B685A6F7B68AB
:103370001B6C7968496C01FB03F39B001A447B6862
:103380009A677B689A6F7B689B6C7968C96C01FB54
:1033900003F39B001A447B68DA677B68DA6F7B680B
:1033A0001B6D7968496D01FB03F39B001A447B6830
:1033B000C3F880207B68D3F880207B689B6DDB009E
:1033C0001A447B68C3F884207B68D3F884207B6828
:1033D000DB6D7968896E01FB03F39B001A447B68FF
:1033E000C3F888207B68D3F888207B681B6E7968D7
:1033F000896E01FB03F39B001A447B68C3F890209D
:103400007B68D3F89030044A934215D906E000BF98
:103410000300FFFF002B0010FCD300407B68D3F8B3
:103420009C3043F020027B68C3F89C207B68032219
:1034300083F89820012310E07B68DB6EFB6005E0D9
:10344000FB6800221A60FB680433FB607B68D3F8DA
:103450009030FA689A42F3D3002318461437BD46D9
:103460005DF8047B704700BF80B489B000AFF8609E
:10347000B9607A603B60BB685B68002B0AD1BB68AF
:103480001A69BB689B681A43BB681B689B0413439B
:10349000FB610AE0BB681A69BB689B681A43BB689A
:1034A0001B68134343F08043FB61BB681B6A1A0629
:1034B000BB68DB691A43BB689B691A43BB685B69DD
:1034C0001A43BB68DB681B0413433B61FB68D3F8FA
:1034D0008420FB689B6E396801FB03F39B00134457
:1034E000BB61BB69FA691A60BB690433BB61BB6924
:1034F0003A691A60BB690433BB6100237B6120E039
:103500007B6903337A6813441B781A067B6902339C
:1035100079680B441B781B041A437B690133796873
:103520000B441B781B02134379687A690A441278AA
:103530001A43BB691A60BB690433BB617B690433FE
:103540007B61BB68DB68064AD35C1A467B699342A1
:10355000D6D300BF00BF2437BD465DF8047B70475B
:10356000ECAA000880B489B000AF7860396000230D
:10357000FB61894B7B6194E13B681A680121FB691F
:1035800001FA03F313403B613B69002B00F0868195
:103590003B685B6803F00303012B05D03B685B6865
:1035A00003F00303022B30D17B689B68BB61FB698E
:1035B0005B00032202FA03F3DB43BA691340BB61E9
:1035C0003B68DA68FB695B0002FA03F3BA691343EC
:1035D000BB617B68BA699A607B685B68BB610122EA
:1035E000FB6902FA03F3DB43BA691340BB613B6832
:1035F0005B681B0903F00102FB6902FA03F3BA6975
:103600001343BB617B68BA695A603B685B6803F02F
:103610000303032B17D07B68DB68BB61FB695B008E
:10362000032202FA03F3DB43BA691340BB613B6830
:103630009A68FB695B0002FA03F3BA691343BB6142
:103640007B68BA69DA603B685B6803F00303022BAE
:1036500023D1FB69DA087B68083253F82230BB615A
:10366000FB6903F007039B000F2202FA03F3DB431D
:10367000BA691340BB613B681A69FB6903F0070331
:103680009B0002FA03F3BA691343BB61FB69DA08D2
:103690007B680832B96943F822107B681B68BB61FC
:1036A000FB695B00032202FA03F3DB43BA691340B0
:1036B000BB613B685B6803F00302FB695B0002FAD5
:1036C00003F3BA691343BB617B68BA691A603B684C
:1036D0005B6803F44033002B00F0E0802F4BD3F8FD
:1036E000F4302E4A43F00203C2F8F4302B4BD3F8E7
:1036F000F43003F00203FB60FB68294AFB699B0876
:10370000023352F82330BB61FB6903F003039B00D3
:103710000F2202FA03F3DB43BA691340BB617B68F3
:10372000204A934252D07B681F4A934231D07B6833
:103730001E4A93422BD07B681D4A934225D07B685A
:103740001C4A93421FD07B681B4A934219D07B6866
:103750001A4A934213D07B68194A93420DD07B6872
:10376000184A934207D07B68174A934201D1092334
:103770002DE00A232BE0082329E0072327E0062376
:1037800025E0052323E0042321E003231FE0022397
:103790001DE001231BE000BF8000005800440258D8
:1037A00000040058000002580004025800080258A3
:1037B000000C025800100258001402580018025859
:1037C000001C025800200258002402580023FA6905
:1037D00002F0030292009340BA691343BB61384977
:1037E000FB699B080233BA6941F823204FF0B043CC
:1037F0001B68BB613B69DB43BA691340BB613B6833
:103800005B6803F48013002B03D0BA693B69134350
:10381000BB614FF0B042BB6913604FF0B0435B68CF
:10382000BB613B69DB43BA691340BB613B685B68C2
:1038300003F40013002B03D0BA693B691343BB6147
:103840004FF0B042BB6953607B695B68BB613B6909
:10385000DB43BA691340BB613B685B6803F4003328
:10386000002B03D0BA693B691343BB617B69BA691A
:103870005A607B691B68BB613B69DB43BA691340D3
:10388000BB613B685B6803F48033002B03D0BA69EB
:103890003B691343BB617B69BA691A60FB690133F9
:1038A000FB613B681A68FB6922FA03F3002B7FF483
:1038B00063AE00BF00BF2437BD465DF8047B704790
:1038C0000004005880B483B000AF78600B467B8062
:1038D00013467B707B78002B03D07A887B689A61D3
:1038E00003E07B881A047B689A6100BF0C37BD46F1
:1038F0005DF8047B704780B485B000AF78600B46FC
:103900007B807B685B69FB607A88FB6813401A04E4
:10391000FB68D9437B880B401A437B689A6100BFE0
:103920001437BD465DF8047B7047000080B584B055
:1039300000AF7860194BDB6803F00403042B0AD056
:10394000164BDB6803F007037A689A4201D0012323
:103950001FE000231DE0114BDB6823F007020F4935
:103960007B681343CB60FDF7EBFCF86009E0FDF7E3
:10397000E7FC0246FB68D31AB3F57A7F01D901232D
:1039800007E0064B5B6803F40053B3F5005FEED12C
:10399000002318461037BD4680BD00BF00480258BE
:1039A00080B58CB000AF78607B68002B02D101231A
:1039B00000F048BC7B681B6803F00103002B00F09B
:1039C0008880994B1B6903F03803FB62964B9B6A16
:1039D000BB62FB6A102B07D0FB6A182B11D1BB6AA4
:1039E00003F00303022B0CD18F4B1B6803F400334D
:1039F000002B6DD07B685B68002B69D1012300F040
:103A000021BC7B685B68B3F5803F06D1864B1B68A1
:103A1000854A43F4803313602EE07B685B68002B9B
:103A20000CD1814B1B68804A23F4803313607E4B9A
:103A30001B687D4A23F4802313601DE07B685B686C
:103A4000B3F5A02F0CD1784B1B68774A43F4802341
:103A50001360754B1B68744A43F4803313600BE0AA
:103A6000714B1B68704A23F4803313606E4B1B68E4
:103A70006D4A23F4802313607B685B68002B13D0AE
:103A8000FDF75EFC786208E0FDF75AFC02467B6AAF
:103A9000D31A642B01D90323D4E3634B1B6803F4CB
:103AA0000033002BF0D014E0FDF74AFC786208E008
:103AB000FDF746FC02467B6AD31A642B01D9032327
:103AC000C0E3594B1B6803F40033002BF0D100E036
:103AD00000BF7B681B6803F00203002B00F0CA8064
:103AE000514B1B6903F038033B624F4B9B6AFB61F0
:103AF0003B6A002B07D03B6A182B56D1FB6903F0B9
:103B00000303002B51D1484B1B6803F00403002B27
:103B100005D07B68DB68002B01D1012392E3424B87
:103B20001B6823F019027B68DB683F4913430B6075
:103B3000FDF706FC786208E0FDF702FC02467B6AAE
:103B4000D31A022B01D903237CE3374B1B6803F004
:103B50000403002BF0D0FDF723FC034641F20302DF
:103B6000934217D87B681B69402B08D12E4B5B68AA
:103B700023F47C332C4A43F4003353607AE02A4B1D
:103B80005B6823F47C327B681B691B032649134363
:103B90004B606FE0244B5B6823F0FE427B681B693F
:103BA0001B06214913434B6064E07B68DB68002BF4
:103BB00047D01D4B1B6823F019027B68DB681A494C
:103BC00013430B60FDF7BCFB786208E0FDF7B8FB20
:103BD00002467B6AD31A022B01D9032332E3124B2C
:103BE0001B6803F00403002BF0D0FDF7D9FB03465C
:103BF00041F20302934219D87B681B69402B08D11C
:103C0000094B5B6823F47C33074A43F40033536069
:103C100030E0054B5B6823F47C327B681B691B0337
:103C2000014913434B6025E0004402589A4B5B68FE
:103C300023F0FE427B681B691B06974913434B60C8
:103C400018E0954B1B68944A23F001031360FDF7BD
:103C500077FB786208E0FDF773FB02467B6AD31AB4
:103C6000022B01D90323EDE28B4B1B6803F0040305
:103C7000002BF0D17B681B6803F01003002B00F0D1
:103C8000A980854B1B6903F03803BB61824B9B6A9B
:103C90007B61BB69082B07D0BB69182B3AD17B69C4
:103CA00003F00303012B35D17B4B1B6803F48073B6
:103CB000002B05D07B68DB69802B01D00123C1E29A
:103CC000FDF76EFB034641F20302934217D87B686F
:103CD0001B6A202B08D1704B5B6823F0F8436E4AB7
:103CE00043F08043536075E06B4B5B6823F0F84210
:103CF0007B681B6A9B06684913434B606AE0664B0E
:103D0000DB6823F07C527B681B6A1B066249134305
:103D1000CB605FE07B68DB69002B42D05E4B1B68A9
:103D20005D4A43F080031360FDF70AFB786208E008
:103D3000FDF706FB02467B6AD31A022B01D9032347
:103D400080E2554B1B6803F48073002BF0D0FDF725
:103D500027FB034641F20302934217D87B681B6A94
:103D6000202B08D14C4B5B6823F0F8434A4A43F0C0
:103D7000804353602EE0484B5B6823F0F8427B6839
:103D80001B6A9B06444913434B6023E0424BDB68AC
:103D900023F07C527B681B6A1B063F491343CB60B0
:103DA00018E03D4B1B683C4A23F080031360FDF78D
:103DB000C7FA786208E0FDF7C3FA02467B6AD31AB5
:103DC000022B01D903233DE2334B1B6803F48073BC
:103DD000002BF0D17B681B6803F00803002B36D062
:103DE0007B685B69002B19D02B4B5B6F2A4A43F031
:103DF00001035367FDF7A4FA786208E0FDF7A0FA23
:103E000002467B6AD31A022B01D903231AE2224B02
:103E10005B6F03F00203002BF0D018E01E4B5B6FCA
:103E20001D4A23F001035367FDF78AFA786208E020
:103E3000FDF786FA02467B6AD31A022B01D90323C7
:103E400000E2154B5B6F03F00203002BF0D17B689F
:103E50001B6803F02003002B39D07B689B69002B83
:103E60001CD00D4B1B680C4A43F480531360FDF7C4
:103E700067FA786208E0FDF763FA02467B6AD31AB4
:103E8000022B01D90323DDE1034B1B6803F400532C
:103E9000002BF0D01BE000BF004402589B4B1B6876
:103EA0009A4A23F480531360FDF74AFA786208E0D7
:103EB000FDF746FA02467B6AD31A022B01D9032387
:103EC000C0E1924B1B6803F40053002BF0D17B68D8
:103ED0001B6803F00403002B00F081808C4B1B68EF
:103EE0008B4A43F480731360FDF72AFA786208E086
:103EF000FDF726FA02467B6AD31A642B01D9032305
:103F0000A0E1834B1B6803F48073002BF0D07B6827
:103F10009B68012B06D17D4B1B6F7C4A43F001034C
:103F200013672DE07B689B68002B0CD1774B1B6FD0
:103F3000764A23F001031367744B1B6F734A23F017
:103F4000040313671CE07B689B68052B0CD16F4B47
:103F50001B6F6E4A43F0040313676C4B1B6F6B4A75
:103F600043F0010313670BE0684B1B6F674A23F0B4
:103F700001031367654B1B6F644A23F00403136747
:103F80007B689B68002B15D0FDF7DAF978620AE0B0
:103F9000FDF7D6F902467B6AD31A41F28832934282
:103FA00001D903234EE1594B1B6F03F00203002B91
:103FB000EED014E0FDF7C4F978620AE0FDF7C0F92D
:103FC00002467B6AD31A41F28832934201D9032315
:103FD00038E14E4B1B6F03F00203002BEED17B68E0
:103FE0005B6A002B00F02D81484B1B6903F03803FE
:103FF000182B00F0BD807B685B6A022B40F09E802E
:10400000424B1B68414A23F080731360FDF798F917
:10401000786208E0FDF794F902467B6AD31A022B16
:1040200001D903230EE1394B1B6803F00073002B09
:10403000F0D1364B9A6A374B13407A68916A7A68A6
:10404000D26A12010A43314913438B627B681B6BAE
:10405000013BC3F308027B685B6B013B5B029BB2D5
:104060001A437B689B6B013B1B0403F4FE031A435A
:104070007B68DB6B013B1B0603F0FE4323491343C4
:104080000B63224BDB6A214A23F00103D3621F4BEF
:104090005A6B214B13407A68926CD2001B49134330
:1040A0004B631A4BDB6A23F00C027B681B6C1749CD
:1040B0001343CB62154BDB6A23F002027B685B6C17
:1040C00012491343CB62114BDB6A104A43F480332D
:1040D000D3620E4BDB6A0D4A43F40033D3620B4BC1
:1040E000DB6A0A4A43F48023D362084BDB6A074A3F
:1040F00043F00103D362054B1B68044A43F080730D
:104100001360FDF71DF9786211E000BF004402580A
:10411000004802580CFCFFFF0700FFFFFDF710F9F5
:1041200002467B6AD31A022B01D903238AE0474B4C
:104130001B6803F00073002BF0D082E0434B1B6838
:10414000424A23F080731360FDF7FAF8786208E0C2
:10415000FDF7F6F802467B6AD31A022B01D9032336
:1041600070E03A4B1B6803F00073002BF0D168E05D
:10417000364B9B6A3B61354B1B6BFB607B685B6A14
:10418000012B31D03B6903F003027B689B6A9A42A2
:104190002AD13B691B0903F03F027B68DB6A9A4224
:1041A00022D1FB68C3F308027B681B6B013B9A4278
:1041B0001AD1FB685B0A03F07F027B685B6B013BF3
:1041C0009A4211D1FB681B0C03F07F027B689B6B4A
:1041D000013B9A4208D1FB681B0E03F07F027B680B
:1041E000DB6B013B9A4201D001232BE0174B5B6B49
:1041F000DB08C3F30C033B617B689B6C3A699A4212
:104200001FD0124BDB6A114A23F00103D362FDF782
:1042100097F8786200BFFDF793F802467B6A9342F5
:10422000F9D00A4B5A6B0A4B13407A68926CD20051
:10423000064913434B63054BDB6A044A43F0010311
:10424000D362002318463037BD4680BD0044025873
:104250000700FFFF80B586B000AF786039607B68EB
:10426000002B01D101239CE18A4B1B6803F00F0353
:104270003A689A4210D9874B1B6823F00F02854990
:104280003B6813430B60834B1B6803F00F033A68D2
:104290009A4201D0012384E17B681B6803F0040388
:1042A000002B10D07B681A697B4B9B6903F070036D
:1042B0009A4208D9784B9B6923F070027B681B698E
:1042C000754913438B617B681B6803F00803002B5F
:1042D00010D07B685A69704BDB6903F070039A4217
:1042E00008D96D4BDB6923F070027B685B696A4912
:1042F0001343CB617B681B6803F01003002B10D0C5
:104300007B689A69644BDB6903F4E0639A4208D9DD
:10431000614BDB6923F4E0627B689B695E49134370
:10432000CB617B681B6803F02003002B10D07B68F7
:10433000DA69594B1B6A03F070039A4208D9564B4D
:104340001B6A23F070027B68DB69534913430B62DD
:104350007B681B6803F00203002B10D07B68DA68CF
:104360004D4B9B6903F00F039A4208D94A4B9B6956
:1043700023F00F027B68DB68474913438B617B683E
:104380001B6803F00103002B55D0434B9B6923F4BA
:1043900070627B689B68404913438B617B685B68F4
:1043A000022B07D13C4B1B6803F40033002B21D1B7
:1043B0000123F6E07B685B68032B07D1364B1B6853
:1043C00003F00073002B15D10123EAE07B685B68E2
:1043D000012B07D1304B1B6803F48073002B09D1EC
:1043E0000123DEE02C4B1B6803F00403002B01D1FA
:1043F0000123D6E0284B1B6923F007027B685B682A
:10440000254913430B61FCF79BFF78610AE0FCF739
:1044100097FF02467B69D31A41F28832934201D951
:104420000323BEE01C4B1B6903F038027B685B680A
:10443000DB009A42EBD17B681B6803F00203002B80
:1044400010D07B68DA68144B9B6903F00F039A4223
:1044500008D2114B9B6923F00F027B68DB680E4981
:1044600013438B610B4B1B6803F00F033A689A42AE
:1044700014D2084B1B6823F00F0206493B68134314
:104480000B60044B1B6803F00F033A689A4205D097
:10449000012386E000200052004402587B681B681C
:1044A00003F00403002B10D07B681A693F4B9B6913
:1044B00003F070039A4208D23C4B9B6923F07002D0
:1044C0007B681B69394913438B617B681B6803F068
:1044D0000803002B10D07B685A69344BDB6903F06A
:1044E00070039A4208D2314BDB6923F070027B687B
:1044F0005B692E491343CB617B681B6803F0100393
:10450000002B10D07B689A69284BDB6903F4E063C9
:104510009A4208D2254BDB6923F4E0627B689B69F1
:1045200022491343CB617B681B6803F02003002BF7
:1045300010D07B68DA691D4B1B6A03F070039A4246
:1045400008D21A4B1B6A23F070027B68DB6917499B
:1045500013430B6200F034F80246144B9B691B0AAC
:1045600003F00F031249CB5C03F01F0322FA03F39D
:104570003B610E4B9B6903F00F030D4AD35C03F0C4
:104580001F033A6922FA03F30A4A13600A4A3B6995
:1045900013600A4B1B681846FCF788FE0346FB7342
:1045A000FB7B18461837BD4680BD00BF004402584B
:1045B000DCAA000834000024300000243800002465
:1045C00080B489B000AFB34B1B6903F03803182BDC
:1045D00000F2558101A252F823F000BF41460008C5
:1045E0007F4800087F4800087F4800087F4800088F
:1045F0007F4800087F4800087F4800086746000899
:104600007F4800087F4800087F4800087F4800086E
:104610007F4800087F4800087F4800086D46000872
:104620007F4800087F4800087F4800087F4800084E
:104630007F4800087F4800087F480008734600084C
:10464000944B1B6803F02003002B09D0914B1B688F
:10465000DB0803F00303904A22FA03F3BB6111E184
:104660008D4BBB610EE18D4BBB610BE18C4BBB6194
:1046700008E1884B9B6A03F003037B61854B9B6ACF
:104680001B0903F03F033B61824BDB6A03F001032C
:10469000FB60804B5B6BDB08C3F30C03FA6802FB27
:1046A00003F307EE903AF8EE677AC7ED027A3B69BA
:1046B000002B00F0E1807B69022B00F083807B6996
:1046C000022B00F2A1807B69002B03D07B69012BB8
:1046D00056D099E06F4B1B6803F02003002B2DD0C0
:1046E0006C4B1B68DB0803F003036B4A22FA03F3ED
:1046F0007B607B6807EE903AF8EE676A3B6907EEED
:10470000903AF8EE677A86EEA77A624B1B6BC3F39A
:10471000080307EE903AF8EE676A97ED026ADFED5C
:10472000615AC6EE257A76EEA77AF7EE006A77EE42
:10473000A67A67EE277AC7ED077A87E03B6907EE2E
:10474000903AF8EE677ADFED586A86EEA77A514B19
:104750001B6BC3F3080307EE903AF8EE676A97ED18
:10476000026ADFED505AC6EE257A76EEA77AF7EEAA
:10477000006A77EEA67A67EE277AC7ED077A65E0DA
:104780003B6907EE903AF8EE677ADFED486A86EE0D
:10479000A77A404B1B6BC3F3080307EE903AF8EE81
:1047A000676A97ED026ADFED3F5AC6EE257A76EE2C
:1047B000A77AF7EE006A77EEA67A67EE277AC7ED5A
:1047C000077A43E03B6907EE903AF8EE677ADFED4F
:1047D000386A86EEA77A2F4B1B6BC3F3080307EEEC
:1047E000903AF8EE676A97ED026ADFED2E5AC6EE50
:1047F000257A76EEA77AF7EE006A77EEA67A67EE6C
:10480000277AC7ED077A21E03B6907EE903AF8EE88
:10481000677ADFED266A86EEA77A1E4B1B6BC3F321
:10482000080307EE903AF8EE676A97ED026ADFED4B
:104830001D5AC6EE257A76EEA77AF7EE006A77EE75
:10484000A67A67EE277AC7ED077A00BF114B1B6B7C
:104850005B0A03F07F0301333B603B6807EE903A4D
:10486000B8EE677AD7ED076AC6EE877AFCEEE77A8C
:1048700017EE903ABB6105E00023BB6102E0074BF5
:10488000BB6100BFBB6918462437BD465DF8047B99
:10489000704700BF004402580090D00300093D005B
:1048A00040787D01000000460024744C0024744AC6
:1048B00020BCBE4B80B582B000AFFFF781FE024640
:1048C000104B9B691B0A03F00F030F49CB5C03F0ED
:1048D0001F0322FA03F37B600A4B9B6903F00F036B
:1048E000094AD35C03F01F037A6822FA03F3074AEC
:1048F0001360074A7B681360044B1B68184608372F
:10490000BD4680BD00440258DCAA000834000024E3
:104910003000002480B500AFFFF7CCFF0246064B05
:10492000DB691B0903F007030449CB5C03F01F0399
:1049300022FA03F3184680BD00440258DCAA00089E
:1049400080B500AFFFF7B6FF0246064BDB691B0AD6
:1049500003F007030449CB5C03F01F0322FA03F3BF
:10496000184680BD00440258DCAA00082DE9B04F6B
:10497000CAB000AFC7F81401002387F8273100231D
:1049800087F82631D7F81431D3E9002302F0006408
:10499000002554EA050349D0D7F814319B6EB3F5CE
:1049A000401F2FD0B3F5401F28D8B3F5001F1AD0F1
:1049B000B3F5001F22D8002B03D0B3F5801F07D01A
:1049C0001CE0B84BDB6AB74A43F40033D3621AE009
:1049D000D7F8143108330221184601F08FFC034642
:1049E00087F827310FE0D7F8143128330221184611
:1049F00001F036FD034687F8273104E0012387F8EC
:104A0000273100E000BF97F82731002B0AD1A54BD2
:104A10001B6D23F44011D7F814319B6EA14A0B4350
:104A2000136503E097F8273187F82631D7F814315A
:104A3000D3E9002302F480784FF0000958EA090313
:104A400047D0D7F814319B6D042B2AD801A252F815
:104A500023F000BF694A0008774A00088D4A000821
:104A6000AB4A0008AB4A00088E4BDB6A8D4A43F420
:104A70000033D3621AE0D7F8143108330021184606
:104A800001F03CFC034687F827310FE0D7F81431DA
:104A900028330021184601F0E3FC034687F827314C
:104AA00004E0012387F8273100E000BF97F82731A1
:104AB000002B0AD17B4B1B6D23F00701D7F8143173
:104AC0009B6D784A0B43136503E097F8273187F80D
:104AD0002631D7F81431D3E9002302F4007A4FF0DD
:104AE000000B5AEA0B034CD0D7F81431DB6DB3F549
:104AF000807F30D0B3F5807F29D8C02B2DD0C02B3C
:104B000025D8802B18D0802B21D8002B02D0402B09
:104B100007D01CE0634BDB6A624A43F40033D36284
:104B20001CE0D7F8143108330021184601F0E6FBE9
:104B3000034687F8273111E0D7F8143128330021D4
:104B4000184601F08DFC034687F8273106E0012363
:104B500087F8273102E000BF00E000BF97F8273157
:104B6000002B0AD14F4B1B6D23F4E071D7F81431A1
:104B7000DB6D4C4A0B43136503E097F8273187F848
:104B80002631D7F81431D3E9002302F48063C7F843
:104B900008310023C7F80C31D7E942120B46134302
:104BA00053D0D7F81431D3F8A830B3F5000F35D06F
:104BB000B3F5000F2ED8B3F5C00F31D0B3F5C00F49
:104BC00028D8B3F5800F1AD0B3F5800F22D8002B68
:104BD00003D0B3F5001F07D01CE0324BDB6A314A2B
:104BE00043F40033D3621CE0D7F8143108330021BA
:104BF000184601F083FB034687F8273111E0D7F808
:104C0000143128330021184601F02AFC034687F8A6
:104C1000273106E0012387F8273102E000BF00E0DA
:104C200000BF97F82731002B0BD11E4B9B6D23F44F
:104C30006001D7F81431D3F8A8301A4A0B439365B2
:104C400003E097F8273187F82631D7F81431D3E9F4
:104C5000002302F40063C7F800310023C7F80431D1
:104C6000D7E940120B46134356D0D7F81431D3F886
:104C7000AC30B3F1806F38D0B3F1806F31D8B3F17D
:104C8000407F34D0B3F1407F2BD8B3F1007F1DD0EB
:104C9000B3F1007F25D8002B06D0B3F1807F0AD076
:104CA0001FE000BF00440258A24BDB6AA14A43F454
:104CB0000033D3621CE0D7F81431083300211846C2
:104CC00001F01CFB034687F8273111E0D7F81431B7
:104CD00028330021184601F0C3FB034687F827312B
:104CE00006E0012387F8273102E000BF00E000BFA3
:104CF00097F82731002B0BD18E4B9B6D23F0E06191
:104D0000D7F81431D3F8AC308A4A0B43936503E0EB
:104D100097F8273187F82631D7F81431D3E90023E3
:104D200002F00073C7F8F8300023C7F8FC30D7E969
:104D30003E120B4613433AD0D7F81431DB6C302BBC
:104D40001FD0302B19D8202B0CD0202B15D8002B9E
:104D500019D0102B11D1774BDB6A764A43F400331C
:104D6000D36211E0D7F8143108330221184601F05C
:104D7000C5FA034687F8273106E0012387F8273173
:104D800002E000BF00E000BF97F82731002B0AD1F6
:104D9000684BDB6C23F03001D7F81431DB6C654ACB
:104DA0000B43D36403E097F8273187F82631D7F80F
:104DB0001431D3E9002302F48053C7F8F030002304
:104DC000C7F8F430D7E93C120B46134351D0D7F85B
:104DD00014311B6EB3F5804F35D0B3F5804F2ED80C
:104DE000B3F5405F31D0B3F5405F28D8B3F5005F2D
:104DF0001AD0B3F5005F22D8002B03D0B3F5805F43
:104E000007D01CE04B4BDB6A4A4A43F40033D362C1
:104E10001CE0D7F8143108330021184601F06EFA6F
:104E2000034687F8273111E0D7F8143128330021E1
:104E3000184601F015FB034687F8273106E00123E9
:104E400087F8273102E000BF00E000BF97F8273164
:104E5000002B0AD1374B1B6D23F4E041D7F81431F6
:104E60001B6E344A0B43136503E097F8273187F82C
:104E70002631D7F81431D3E9002302F40053C7F8E0
:104E8000E8300023C7F8EC30D7E93A120B46134359
:104E900056D0D7F814315B6EB3F5A02F33D0B3F5ED
:104EA000A02F2CD8B3F5802F2FD0B3F5802F26D884
:104EB000B3F5403F2BD0B3F5403F20D8B3F5003FCA
:104EC00012D0B3F5003F1AD8002B22D0B3F5803FA3
:104ED00015D1D7F8143108330121184601F00EFA24
:104EE000034687F8273115E0D7F81431283301211C
:104EF000184601F0B5FA034687F827310AE0012386
:104F000087F8273106E000BF04E000BF02E000BFE1
:104F100000E000BF97F82731002B0DD1054B1B6D2A
:104F200023F4E021D7F814315B6E024A0B4313657A
:104F300006E000BF0044025897F8273187F8263171
:104F4000D7F81431D3E9002302F48043C7F8E030E6
:104F50000023C7F8E430D7E938120B46134355D085
:104F6000D7F81431D3F8B030B3F1A04F33D0B3F148
:104F7000A04F2CD8B3F1804F2FD0B3F1804F26D85B
:104F8000B3F1405F2BD0B3F1405F20D8B3F1005FA5
:104F900012D0B3F1005F1AD8002B22D0B3F1805F9A
:104FA00015D1D7F8143108330121184601F0A6F9BC
:104FB000034687F8273115E0D7F81431283301214B
:104FC000184601F04DFA034687F827310AE001231D
:104FD00087F8273106E000BF04E000BF02E000BF11
:104FE00000E000BF97F82731002B0BD1A34B9B6D3E
:104FF00023F0E041D7F81431D3F8B0309F4A0B4387
:10500000936503E097F8273187F82631D7F81431F4
:10501000D3E9002302F40043C7F8D8300023C7F8CF
:10502000DC30D7E936120B46134337D0D7F81431AA
:105030001B6FB3F1005F0ED0B3F1005F16D8002BE9
:1050400018D0B3F1805F11D18C4BDB6A8B4A43F4EB
:105050000033D3620FE0D7F814310833012118462A
:1050600001F04CF9034687F8273104E0012387F863
:10507000273100E000BF97F82731002B0AD17F4B82
:105080001B6D23F04051D7F814311B6F7B4A0B4343
:10509000136503E097F8273187F82631D7F81431E4
:1050A000D3E9002302F08073C7F8D0300023C7F89B
:1050B000D430D7E934120B46134339D0D7F8143122
:1050C0009B6C032B1CD801A252F823F00951000855
:1050D000DD500008EB50000809510008674BDB6AFF
:1050E000664A43F40033D3620FE0D7F81431083333
:1050F0000221184601F002F9034687F8273104E03F
:10510000012387F8273100E000BF97F82731002BF3
:105110000AD15A4BDB6C23F00301D7F814319B6C96
:10512000564A0B43D36403E097F8273187F82631BA
:10513000D7F81431D3E9002302F48003C7F8C8304C
:105140000023C7F8CC30D7E932120B46134300F0E6
:105150009F804B4B1B684A4A43F480731360FCF7F3
:10516000EFF8C7F820010BE0FCF7EAF80246D7F8A1
:105170002031D31A642B03D9032387F8273105E0A4
:105180003F4B1B6803F48073002BEDD097F8273159
:10519000002B79D1394B1A6FD7F81431D3F8B430CA
:1051A000534003F44073002B15D0344B1B6F23F492
:1051B0004073C7F81C31314B1B6F304A43F48033C6
:1051C00013672E4B1B6F2D4A23F4803313672B4A32
:1051D000D7F81C311367D7F81431D3F8B430B3F5CE
:1051E000807F18D1FCF7ACF8C7F820010DE0FCF780
:1051F000A7F80246D7F82031D21A41F288339A42F2
:1052000003D9032387F8273105E01C4B1B6F03F0FC
:105210000203002BEBD097F82731002B29D1D7F8C8
:105220001431D3F8B43003F44073B3F5407F0ED19A
:10523000124B1B6923F47C51D7F81431D3F8B430E6
:105240001A09104B13400D4A0B43136105E00B4B39
:105250001B690A4A23F47C531361084B196FD7F872
:105260001431D3F8B430C3F30B03044A0B43136770
:105270000EE097F8273187F8263109E000440258FC
:1052800000480258CFFFFF0097F8273187F82631F2
:10529000D7F81431D3E9002302F00103C7F8C03076
:1052A0000023C7F8C430D7E930120B46134300F08F
:1052B0008980D7F81431DB6F282B6BD801A252F804
:1052C00023F000BF9D530008955300089553000834
:1052D000955300089553000895530008955300080E
:1052E000955300086953000895530008955300082A
:1052F00095530008955300089553000895530008EE
:10530000955300087F5300089553000895530008F3
:1053100095530008955300089553000895530008CD
:10532000955300089D5300089553000895530008B5
:1053300095530008955300089553000895530008AD
:10534000955300089D530008955300089553000895
:10535000955300089553000895530008955300088D
:10536000955300089D530008D7F8143108330121E4
:10537000184600F0C3FF034687F827310FE0D7F83F
:10538000143128330121184601F06AF8034687F8E2
:10539000273104E0012387F8273100E000BF97F8A8
:1053A0002731002B0AD1BF4B5B6D23F03801D7F8B2
:1053B0001431DB6FBB4A0B43536503E097F8273189
:1053C00087F82631D7F81431D3E9002302F002031D
:1053D000C7F8B8300023C7F8BC30D7E92E120B4607
:1053E000134341D0D7F814319B6F052B24D801A269
:1053F00052F823F0415400080D54000823540008CB
:10540000415400084154000841540008D7F81431B1
:1054100008330121184600F071FF034687F8273151
:105420000FE0D7F8143128330121184601F018F89D
:10543000034687F8273104E0012387F8273100E08D
:1054400000BF97F82731002B0AD1964B5B6D23F0F4
:105450000701D7F814319B6F924A0B43536503E061
:1054600097F8273187F82631D7F81431D3E900238C
:1054700002F00403C7F8B0300023C7F8B430D7E90E
:105480002C120B46134344D0D7F81431D3F8943080
:10549000052B25D801A252F823F000BFE9540008DB
:1054A000B5540008CB540008E9540008E95400083A
:1054B000E9540008D7F8143108330121184600F0E8
:1054C0001DFF034687F827310FE0D7F81431283342
:1054D0000121184600F0C4FF034687F8273104E095
:1054E000012387F8273100E000BF97F82731002B10
:1054F0000BD16C4B9B6D23F00701D7F81431D3F817
:105500009430684A0B43936503E097F8273187F896
:105510002631D7F81431D3E9002302F02003C7F86D
:10552000A8300023C7F8AC30D7E92A120B46134342
:1055300055D0D7F81431D3F89030B3F1A04F33D011
:10554000B3F1A04F2CD8B3F1804F2FD0B3F1804FDF
:1055500026D8B3F1405F2BD0B3F1405F20D8B3F130
:10556000005F12D0B3F1005F1AD8002B22D0B3F144
:10557000805F15D1D7F8143108330021184600F0A8
:10558000BDFE034687F8273115E0D7F814312833DC
:105590000221184600F064FF034687F827310AE02D
:1055A000012387F8273106E000BF04E000BF02E0D6
:1055B00000BF00E000BF97F82731002B0BD1394B1B
:1055C0005B6D23F0E041D7F81431D3F89030354AC1
:1055D0000B43536503E097F8273187F82631D7F856
:1055E0001431D3E9002302F04003C7F8A0300023B0
:1055F000C7F8A430D7E928120B46134358D0D7F880
:105600001431D3F89C30B3F5A05F33D0B3F5A05F6D
:105610002CD8B3F5805F2FD0B3F5805F26D8B3F5D3
:10562000406F2BD0B3F5406F20D8B3F5006F12D088
:10563000B3F5006F1AD8002B22D0B3F5806F15D1C7
:10564000D7F8143108330021184600F057FE0346FE
:1056500087F8273115E0D7F814312833022118468E
:1056600000F0FEFE034687F827310AE0012387F8A1
:10567000273106E000BF04E000BF02E000BF00E009
:1056800000BF97F82731002B0ED1064B9B6D23F4FA
:10569000E051D7F81431D3F89C30024A0B4393659C
:1056A00006E000BF0044025897F8273187F82631FA
:1056B000D7F81431D3E9002302F08003C7F89830FB
:1056C0000023C7F89C30D7E926120B46134355D068
:1056D000D7F81431D3F8A030B3F5204F33D0B3F559
:1056E000204F2CD8B3F5004F2FD0B3F5004F26D85C
:1056F000B3F5C04F2BD0B3F5C04F20D8B3F5804FD2
:1057000012D0B3F5804F1AD8002B22D0B3F5005F2A
:1057100015D1D7F8143108330021184600F0EEFDFA
:10572000034687F8273115E0D7F8143128330221D2
:10573000184600F095FE034687F827310AE001235A
:1057400087F8273106E000BF04E000BF02E000BF99
:1057500000E000BF97F82731002B0BD1A14B9B6DC8
:1057600023F46041D7F81431D3F8A0309D4A0B439D
:10577000936503E097F8273187F82631D7F814317D
:10578000D3E9002302F00803C7F890300023C7F8DC
:105790009430D7E924120B4613431ED0D7F81431A6
:1057A000D3F88430B3F5805F0CD1D7F814312833A7
:1057B0000221184600F054FE0346002B02D00123BC
:1057C00087F82631874B5B6D23F44051D7F81431AD
:1057D000D3F88430834A0B435365D7F81431D3E9A7
:1057E000002302F01003C7F888300023C7F88C307C
:1057F000D7E922120B4613431ED0D7F81431D3F841
:105800009830B3F5807F0CD1D7F8143128330221BA
:10581000184600F025FE0346002B02D0012387F82E
:105820002631704B9B6D23F44071D7F81431D3F8B7
:1058300098306C4A0B439365D7F81431D3E90023B1
:1058400002F40023C7F880300023C7F88430D7E97A
:1058500020120B4613433ED0D7F81431D3F8A430AE
:10586000B3F5003F22D0B3F5003F1BD8002B03D087
:10587000B3F5803F0BD015E0D7F814310833002181
:10588000184600F03BFD034687F827310FE0D7F8B4
:10589000143128330221184600F0E2FD034687F850
:1058A000273104E0012387F8273100E000BF97F893
:1058B0002731002B0BD14B4B9B6D23F44031D7F894
:1058C0001431D3F8A430474A0B43936503E097F8AB
:1058D000273187F82631D7F81431D3E9002302F4B1
:1058E0008023BB670023FB67D7E91E120B461343D7
:1058F0003BD0D7F81431D3F88830B3F5401F1FD010
:10590000B3F5401F18D8B3F5801F03D0B3F5001FBF
:1059100007D011E0334BDB6A324A43F40033D362E1
:105920000FE0D7F8143128330121184600F098FD14
:10593000034687F8273104E0012387F8273100E088
:1059400000BF97F82731002B0BD1264B5B6D23F45A
:105950004011D7F81431D3F88830224A0B435365ED
:1059600003E097F8273187F82631D7F81431D3E9C7
:10597000002302F480333B6700237B67D7E91C12C6
:105980000B46134334D0D7F814311B6D002B03D0D2
:10599000B3F5803F07D011E0124BDB6A114A43F4A4
:1059A0000033D3620EE0D7F81431083302211846D1
:1059B00000F0A4FC034687F8273103E0012387F8B1
:1059C000273100BF97F82731002B0DD1054BDB6C39
:1059D00023F48031D7F814311B6D024A0B43D36492
:1059E00006E000BF0044025897F8273187F82631B7
:1059F000D7F81431D3E9002302F00053BB6600232B
:105A0000FB66D7E91A120B4613430CD0D7F81431B2
:105A100028330221184600F023FD0346002B02D054
:105A2000012387F82631D7F81431D3E9002302F493
:105A300000333B6600237B66D7E918120B461343FD
:105A400038D0D7F81431D3F88030B3F5407F18D070
:105A5000B3F5407F11D8B3F5007F14D0B3F5007FC4
:105A60000BD8002B11D0B3F5807F06D1C34BDB6A76
:105A7000C24A43F40033D36208E0012387F8273198
:105A800004E000BF02E000BF00E000BF97F827314C
:105A9000002B0BD1B94B5B6D23F44071D7F8143157
:105AA000D3F88030B54A0B43536503E097F82731AC
:105AB00087F82631D7F81431D3E9002302F4801394
:105AC000BB650023FB65D7E916120B46134309D0CB
:105AD000AA4B1B6D23F00041D7F814315B6FA74A26
:105AE0000B431365D7F81431D3E9002302F0805338
:105AF0003B6500237B65D7E914120B4613430AD09C
:105B00009E4B1B6923F48041D7F81431D3F8B83089
:105B10009A4A0B431361D7F81431D3E9002302F4F6
:105B20000013BB640023FB64D7E912120B46134336
:105B300009D0924B1B6D23F08071D7F81431DB6EC6
:105B40008E4A0B431365D7F81431D3E9002302F0D2
:105B500080433B6400237B64D7E910120B46134358
:105B60000ED0864B1B69854A23F400431361834B97
:105B70001969D7F81431D3F8BC30804A0B4313614C
:105B8000D7F81431D3E9002302F00043BB630023AC
:105B9000FB63D7E90E120B46134309D0774BDB6C3E
:105BA00023F04051D7F814315B6D744A0B43D36432
:105BB000D7F81431D3E9002302F400033B63002338
:105BC0007B63D7E90C120B4613430AD06B4B5B6D1A
:105BD00023F44001D7F81431D3F88C30674A0B43D3
:105BE0005365D7F81431D3E900230021B96203F0DB
:105BF0000103FB62D7E90A120B46134311D0D7F811
:105C0000143108330021184600F078FB034687F86A
:105C1000273197F82731002B03D097F8273187F8E1
:105C20002631D7F81431D3E900230021396203F07B
:105C300002037B62D7E908120B46134311D0D7F851
:105C4000143108330121184600F058FB034687F849
:105C5000273197F82731002B03D097F8273187F8A1
:105C60002631D7F81431D3E900230021B96103F0BC
:105C70000403FB61D7E906120B46134311D0D7F892
:105C8000143108330221184600F038FB034687F828
:105C9000273197F82731002B03D097F8273187F861
:105CA0002631D7F81431D3E900230021396103F0FC
:105CB00008037B61D7E904120B46134311D0D7F8D0
:105CC000143128330021184600F0CAFB034687F838
:105CD000273197F82731002B03D097F8273187F821
:105CE0002631D7F81431D3E900230021B96003F03D
:105CF0001003FB60D7E902120B46134311D0D7F80B
:105D0000143128330121184600F0AAFB034687F816
:105D1000273197F82731002B03D097F8273187F8E0
:105D20002631D7F81431D3E900230021396003F07C
:105D300020037B60D7E900120B46134311D0D7F83C
:105D4000143128330221184600F08AFB034687F8F5
:105D5000273197F82731002B03D097F8273187F8A0
:105D6000263197F82631002B01D1002300E00123D2
:105D7000184607F59477BD46BDE8B08F0044025839
:105D800080B500AFFEF796FD0246064B1B6A1B0965
:105D900003F007030449CB5C03F01F0322FA03F36B
:105DA000184680BD00440258DCAA000880B489B0BF
:105DB00000AF7860A14B9B6A03F00303BB619F4B6C
:105DC0009B6A1B0B03F03F037B619C4BDB6A1B0947
:105DD00003F001033B61994BDB6BDB08C3F30C035E
:105DE0003A6902FB03F307EE903AF8EE677AC7EDE3
:105DF000037A7B69002B00F01181BB69022B00F054
:105E00008380BB69022B00F2A180BB69002B03D009
:105E1000BB69012B56D099E0884B1B6803F0200327
:105E2000002B2DD0854B1B68DB0803F00303844A4D
:105E300022FA03F3BB60BB6807EE903AF8EE676A9C
:105E40007B6907EE903AF8EE677A86EEA77A7B4B8D
:105E50009B6BC3F3080307EE903AF8EE676A97ED81
:105E6000036ADFED785AC6EE257A76EEA77AF7EE6A
:105E7000006A77EEA67A67EE277AC7ED077A87E0A1
:105E80007B6907EE903AF8EE677ADFED6F6A86EE8F
:105E9000A77A6A4B9B6BC3F3080307EE903AF8EEC0
:105EA000676A97ED036ADFED675AC6EE257A76EEEC
:105EB000A77AF7EE006A77EEA67A67EE277AC7ED43
:105EC000077A65E07B6907EE903AF8EE677ADFEDD6
:105ED0005F6A86EEA77A594B9B6BC3F3080307EE04
:105EE000903AF8EE676A97ED036ADFED565AC6EE10
:105EF000257A76EEA77AF7EE006A77EEA67A67EE55
:105F0000277AC7ED077A43E07B6907EE903AF8EE0F
:105F1000677ADFED4F6A86EEA77A484B9B6BC3F337
:105F2000080307EE903AF8EE676A97ED036ADFED33
:105F3000455AC6EE257A76EEA77AF7EE006A77EE36
:105F4000A67A67EE277AC7ED077A21E07B6907EE2C
:105F5000903AF8EE677ADFED3D6A86EEA77A374B26
:105F60009B6BC3F3080307EE903AF8EE676A97ED70
:105F7000036ADFED345AC6EE257A76EEA77AF7EE9D
:105F8000006A77EEA67A67EE277AC7ED077A00BF38
:105F90002A4B9B6B5B0A03F07F0307EE903AF8EE07
:105FA000677AB7EE007A37EE877AD7ED076AC6EEE2
:105FB000877AFCEEE77A17EE902A7B681A601F4B0F
:105FC0009B6B1B0C03F07F0307EE903AF8EE677AA9
:105FD000B7EE007A37EE877AD7ED076AC6EE877A92
:105FE000FCEEE77A17EE902A7B685A60134B9B6BA6
:105FF0001B0E03F07F0307EE903AF8EE677AB7EED8
:10600000007A37EE877AD7ED076AC6EE877AFCEE1C
:10601000E77A17EE902A7B689A6008E07B68002296
:106020001A607B6800225A607B6800229A6000BF79
:106030002437BD465DF8047B704700BF004402581A
:106040000090D003000000460024744C0024744AE1
:1060500020BCBE4B80B489B000AF7860A14B9B6A76
:1060600003F00303BB619F4B9B6A1B0D03F03F03CF
:106070007B619C4BDB6A1B0A03F001033B61994B7C
:106080005B6CDB08C3F30C033A6902FB03F307EE16
:10609000903AF8EE677AC7ED037A7B69002B00F03F
:1060A0001181BB69022B00F08380BB69022B00F2D7
:1060B000A180BB69002B03D0BB69012B56D099E0AE
:1060C000884B1B6803F02003002B2DD0854B1B68E9
:1060D000DB0803F00303844A22FA03F3BB60BB68C6
:1060E00007EE903AF8EE676A7B6907EE903AF8EEB1
:1060F000677A86EEA77A7B4B1B6CC3F3080307EE27
:10610000903AF8EE676A97ED036ADFED785AC6EECB
:10611000257A76EEA77AF7EE006A77EEA67A67EE32
:10612000277AC7ED077A87E07B6907EE903AF8EEA9
:10613000677ADFED6F6A86EEA77A6A4B1B6CC3F352
:10614000080307EE903AF8EE676A97ED036ADFED11
:10615000675AC6EE257A76EEA77AF7EE006A77EEF2
:10616000A67A67EE277AC7ED077A65E07B6907EEC6
:10617000903AF8EE677ADFED5F6A86EEA77A594BC0
:106180001B6CC3F3080307EE903AF8EE676A97EDCD
:10619000036ADFED565AC6EE257A76EEA77AF7EE59
:1061A000006A77EEA67A67EE277AC7ED077A43E0B2
:1061B0007B6907EE903AF8EE677ADFED4F6A86EE7C
:1061C000A77A484B1B6CC3F3080307EE903AF8EE2E
:1061D000676A97ED036ADFED455AC6EE257A76EEDB
:1061E000A77AF7EE006A77EEA67A67EE277AC7ED10
:1061F000077A21E07B6907EE903AF8EE677ADFEDE7
:106200003D6A86EEA77A374B1B6CC3F3080307EE93
:10621000903AF8EE676A97ED036ADFED345AC6EEFE
:10622000257A76EEA77AF7EE006A77EEA67A67EE21
:10623000277AC7ED077A00BF2A4B1B6C5B0A03F075
:106240007F0307EE903AF8EE677AB7EE007A37EE02
:10625000877AD7ED076AC6EE877AFCEEE77A17EE03
:10626000902A7B681A601F4B1B6C1B0C03F07F038A
:1062700007EE903AF8EE677AB7EE007A37EE877A53
:10628000D7ED076AC6EE877AFCEEE77A17EE902A1A
:106290007B685A60134B1B6C1B0E03F07F0307EEE9
:1062A000903AF8EE677AB7EE007A37EE877AD7ED54
:1062B000076AC6EE877AFCEEE77A17EE902A7B68CB
:1062C0009A6008E07B6800221A607B6800225A60AE
:1062D0007B6800229A6000BF2437BD465DF8047BCE
:1062E000704700BF004402580090D00300000046F1
:1062F0000024744C0024744A20BCBE4B80B584B08A
:1063000000AF786039600023FB73534B9B6A03F046
:106310000303032B01D1012399E04F4B1B684E4A25
:1063200023F080631360FBF70BF8B86008E0FBF71D
:1063300007F80246BB68D31A022B01D9032386E073
:10634000454B1B6803F00063002BF0D1424B9B6A66
:1063500023F47C327B681B681B033F4913438B6229
:106360007B685B68013BC3F308027B689B68013B69
:106370005B029BB21A437B68DB68013B1B0403F49E
:10638000FE031A437B681B69013B1B0603F0FE43B7
:10639000314913438B63304BDB6A23F0C0027B68C7
:1063A0005B692D491343CB622B4BDB6A23F0200240
:1063B0007B689B6928491343CB62274BDB6A264ADB
:1063C00023F01003D362244BDA6B244B13407A681A
:1063D000D269D20020491343CB631F4BDB6A1E4AAC
:1063E00043F01003D3623B68002B06D11A4BDB6AE3
:1063F000194A43F40023D3620FE03B68012B06D116
:10640000154BDB6A144A43F48013D36205E0124B48
:10641000DB6A114A43F40013D3620F4B1B680E4A28
:1064200043F080631360FAF78BFFB86008E0FAF777
:1064300087FF0246BB68D31A022B01D9032306E06B
:10644000054B1B6803F00063002BF0D0FB7B184664
:106450001037BD4680BD00BF004402580700FFFF53
:1064600080B584B000AF786039600023FB73534B74
:106470009B6A03F00303032B01D1012399E04F4BE7
:106480001B684E4A23F080531360FAF759FFB86037
:1064900008E0FAF755FF0246BB68D31A022B01D970
:1064A000032386E0454B1B6803F00053002BF0D11B
:1064B000424B9B6A23F07C727B681B681B053F493B
:1064C00013438B627B685B68013BC3F308027B6804
:1064D0009B68013B5B029BB21A437B68DB68013B14
:1064E0001B0403F4FE031A437B681B69013B1B0674
:1064F00003F0FE43314913430B64304BDB6A23F452
:1065000040627B685B692D491343CB622B4BDB6A8E
:1065100023F400727B689B6928491343CB62274BA5
:10652000DB6A264A23F48073D362244B5A6C244BD3
:1065300013407A68D269D200204913434B641F4B41
:10654000DB6A1E4A43F48073D3623B68002B06D19A
:106550001A4BDB6A194A43F48003D3620FE03B68AD
:10656000012B06D1154BDB6A144A43F40003D362B6
:1065700005E0124BDB6A114A43F08073D3620F4B84
:106580001B680E4A43F080531360FAF7D9FEB860D7
:1065900008E0FAF7D5FE0246BB68D31A022B01D9F0
:1065A000032306E0054B1B6803F00053002BF0D0DB
:1065B000FB7B18461037BD4680BD00BF0044025823
:1065C0000700FFFF80B582B000AF78607B68002BCA
:1065D00001D1012342E07B68D3F88830002B06D13B
:1065E0007B68002283F884207868FAF787FD7B684F
:1065F0002422C3F888207B681B681A687B681B68A4
:1066000022F001021A607B689B6A002B02D0786836
:1066100001F0F8F9786800F08DFC0346012B01D1F8
:1066200001231BE07B681B685A687B681B6822F4A7
:1066300090425A607B681B689A687B681B6822F0EE
:106640002A029A607B681B681A687B681B6842F0A4
:1066500001021A60786801F077FA03461846083795
:10666000BD4680BD80B58AB002AFF860B9603B60BE
:106670001346FB80FB68D3F88830202B7BD1BB68A6
:10668000002B02D0FB88002B01D1012374E0FB68B2
:106690000022C3F89020FB682122C3F88820FAF773
:1066A0004FFE7861FB68FA88A3F85420FB68FA88EB
:1066B000A3F85620FB689B68B3F5805F08D1FB68A0
:1066C0001B69002B04D10023FB61BB68BB6103E0A5
:1066D000BB68FB610023BB6130E03B6800937B69D2
:1066E00000228021F86801F0D9FA0346002B05D07A
:1066F000FB682022C3F8882003233DE0FB69002BC0
:106700000BD1BB691B881A46FB681B68C2F30802E1
:106710009A62BB690233BB6107E0FB691A78FB68C8
:106720001B689A62FB690133FB61FB68B3F8563062
:106730009BB2013B9AB2FB68A3F85620FB68B3F802
:1067400056309BB2002BC8D13B6800937B69002276
:106750004021F86801F0A2FA0346002B05D0FB683F
:106760002022C3F88820032306E0FB682022C3F818
:106770008820002300E0022318462037BD4680BD54
:1067800080B5BAB000AF78607B681B68DB69C7F87A
:10679000E4307B681B681B68C7F8E0307B681B68C7
:1067A0009B68C7F8DC30D7F8E42040F60F031340AD
:1067B000C7F8D830D7F8D830002B1BD1D7F8E43041
:1067C00003F02003002B15D0D7F8E03003F02003AE
:1067D000002B05D1D7F8DC3003F08053002B09D013
:1067E0007B685B6F002B00F077837B685B6F78685A
:1067F000984771E3D7F8D830002B00F02381D7F801
:10680000DC208D4B1340002B06D1D7F8E0208B4BBA
:106810001340002B00F01681D7F8E43003F0010399
:10682000002B11D0D7F8E03003F48073002B0BD08D
:106830007B681B6801221A627B68D3F8903043F0B2
:1068400001027B68C3F89020D7F8E43003F002031C
:10685000002B11D0D7F8DC3003F00103002B0BD054
:106860007B681B6802221A627B68D3F8903043F081
:1068700004027B68C3F89020D7F8E43003F00403E7
:10688000002B11D0D7F8DC3003F00103002B0BD024
:106890007B681B6804221A627B68D3F8903043F04F
:1068A00002027B68C3F89020D7F8E43003F00803B5
:1068B000002B17D0D7F8E03003F02003002B05D1D0
:1068C000D7F8DC205C4B1340002B0BD07B681B6897
:1068D00008221A627B68D3F8903043F008027B6884
:1068E000C3F89020D7F8E43003F40063002B12D0F3
:1068F000D7F8E03003F08063002B0CD07B681B6876
:106900004FF400621A627B68D3F8903043F02002A3
:106910007B68C3F890207B68D3F89030002B00F0A0
:10692000DD82D7F8E43003F02003002B13D0D7F832
:10693000E03003F02003002B05D1D7F8DC3003F062
:106940008053002B07D07B685B6F002B03D07B68E4
:106950005B6F786898477B68D3F89030C7F8D4307D
:106960007B681B689B6803F04003402B05D0D7F879
:10697000D43003F02803002B54D0786801F0FCF9E0
:106980007B681B689B6803F04003402B46D17B6803
:106990001B680833C7F89C30D7F89C3053E8003F99
:1069A000C7F89830D7F8983023F04003C7F8D030B4
:1069B0007B681B680833D7F8D020C7F8A820C7F831
:1069C000A430D7F8A410D7F8A82041E80023C7F8CE
:1069D000A030D7F8A030002BD9D17B68D3F8803015
:1069E000002B17D07B68D3F88030154A1A657B6876
:1069F000D3F880301846FBF785F90346002B19D0F1
:106A00007B68D3F880301B6D7A68D2F880201046FE
:106A100098470FE0786800F077FA0BE0786800F0AC
:106A200073FA07E0786800F06FFA7B680022C3F819
:106A3000902053E200BF51E2010000102001000449
:106A4000457E00087B68DB6E012B40F0E781D7F8BC
:106A5000E43003F01003002B00F0E081D7F8E030C1
:106A600003F01003002B00F0D9817B681B68102213
:106A70001A627B681B689B6803F04003402B40F060
:106A800051817B68D3F880301B68964A934268D066
:106A90007B68D3F880301B68934A934261D07B684F
:106AA000D3F880301B68914A93425AD07B68D3F860
:106AB00080301B688E4A934253D07B68D3F8803075
:106AC0001B688C4A93424CD07B68D3F880301B689B
:106AD000894A934245D07B68D3F880301B68874A47
:106AE00093423ED07B68D3F880301B68844A93423F
:106AF00037D07B68D3F880301B68824A934230D00D
:106B00007B68D3F880301B687F4A934229D07B682A
:106B1000D3F880301B687D4A934222D07B68D3F83B
:106B200080301B687A4A93421BD07B68D3F8803050
:106B30001B68784A934214D07B68D3F880301B6876
:106B4000754A93420DD07B68D3F880301B68734A36
:106B5000934206D07B68D3F880301B68704A93421A
:106B600006D17B68D3F880301B685B689BB205E078
:106B70007B68D3F880301B685B689BB2A7F8BE3097
:106B8000B7F8BE30002B00F0AB817B68B3F85C3007
:106B9000B7F8BE209A4280F0A3817B68B7F8BE2088
:106BA000A3F85E207B68D3F88030DB69B3F5807F83
:106BB00000F087807B681B68C7F88830D7F888307A
:106BC00053E8003FC7F88430D7F8843023F480734B
:106BD000C7F8B8307B681B681A46D7F8B830C7F8D2
:106BE0009430C7F89020D7F89010D7F8942041E857
:106BF0000023C7F88C30D7F88C30002BDAD17B68B3
:106C00001B6808337B677B6F53E8003F3B673B6F34
:106C100023F00103C7F8B4307B681B680833D7F84A
:106C2000B420C7F88020FB67F96FD7F8802041E8CF
:106C30000023BB67BB6F002BE1D17B681B68083367
:106C40003B663B6E53E8003FFB65FB6D23F0400362
:106C5000C7F8B0307B681B680833D7F8B020FA66F5
:106C6000BB66B96EFA6E41E800237B667B6E002B33
:106C7000E3D17B682022C3F88C207B680022DA668F
:106C80007B681B68FB64FB6C53E8003FBB64BB6C18
:106C900023F01003C7F8AC307B681B681A46D7F89E
:106CA000AC30BB657A65796DBA6D41E800233B6510
:106CB0003B6D002BE4D17B68D3F880301846FAF79F
:106CC00003FD7B6802221A677B68B3F85C207B684F
:106CD000B3F85E309BB2D31A9BB21946786800F0C5
:106CE0001DF9FDE010000240280002404000024073
:106CF000580002407000024088000240A00002409C
:106D0000B80002401004024028040240400402403F
:106D1000580402407004024088040240A00402406B
:106D2000B80402407B68B3F85C207B68B3F85E303F
:106D30009BB2D31AA7F8CE307B68B3F85E309BB213
:106D4000002B00F0CF80B7F8CE30002B00F0CA80C7
:106D50007B681B68BB63BB6B53E8003F7B637B6B4B
:106D600023F49073C7F8C8307B681B681A46D7F8BD
:106D7000C8307B643A64396C7A6C41E80023FB6369
:106D8000FB6B002BE4D17B681B6808337B627B6A5A
:106D900053E8003F3B623A6A554B1340C7F8C43092
:106DA0007B681B680833D7F8C4203A63FB62F96A32
:106DB0003A6B41E80023BB62BB6A002BE3D17B68DE
:106DC0002022C3F88C207B680022DA667B680022D0
:106DD0005A677B681B683B613B6953E8003FFB6077
:106DE000FB6823F01003C7F8C0307B681B681A46A5
:106DF000D7F8C030FB61BA61B969FA6941E800238C
:106E00007B617B69002BE4D17B6802221A67B7F8AB
:106E1000CE301946786800F081F863E0D7F8E430A6
:106E200003F48013002B0ED0D7F8DC3003F480037A
:106E3000002B08D07B681B684FF480121A627868B8
:106E400001F041F851E0D7F8E43003F08003002B63
:106E500014D0D7F8E03003F08003002B05D1D7F829
:106E6000DC3003F40003002B08D07B689B6F002B01
:106E70003AD07B689B6F7868984735E0D7F8E43064
:106E800003F04003002B09D0D7F8E03003F04003B3
:106E9000002B03D0786800F0EBFF26E0D7F8E43051
:106EA00003F40003002B09D0D7F8E03003F080434F
:106EB000002B03D0786801F01AF816E0D7F8E43018
:106EC00003F08073002B10D0D7F8E030002B0CDAE1
:106ED000786801F002F808E000BF06E000BF04E0B7
:106EE00000BF02E000BF00E000BFE837BD4680BD44
:106EF000FEFFFFEF80B483B000AF786000BF0C37B7
:106F0000BD465DF8047B704780B483B000AF786005
:106F100000BF0C37BD465DF8047B704780B483B07A
:106F200000AF78600B467B8000BF0C37BD465DF834
:106F3000047B70472DE9B04F92B000AF7861002319
:106F400087F842307B699A687B691B691A437B69C1
:106F50005B691A437B69DB6913437B647B691B684C
:106F60001A68BE4B13407A691268796C0B43136040
:106F70007B691B685B6823F440517B69DA687B6935
:106F80001B680A435A607B699B697B647B691B6849
:106F9000B34A934204D07B691B6A7A6C13437B64C7
:106FA0007B691B689A68AF4B13407A691268796CE9
:106FB0000B4393607B691B68DB6A23F00F017B69DD
:106FC0005A6A7B691B680A43DA627B691B68A64AB6
:106FD000934277D1A54B5B6D03F03803282B6DD816
:106FE00001A252F823F000BF8D700008BD700008A8
:106FF000BD700008BD700008BD700008BD700008BD
:10700000BD700008BD70000895700008BD700008D4
:10701000BD700008BD700008BD700008BD7000089C
:10702000BD700008BD7000089D700008BD700008AC
:10703000BD700008BD700008BD700008BD7000087C
:10704000BD700008BD700008A5700008BD70000884
:10705000BD700008BD700008BD700008BD7000085C
:10706000BD700008BD700008AD700008BD7000085C
:10707000BD700008BD700008BD700008BD7000083C
:10708000BD700008BD700008B5700008012387F8C6
:10709000433022E2042387F843301EE2082387F8B6
:1070A00043301AE2102387F8433016E2202387F892
:1070B000433012E2402387F843300EE2802387F802
:1070C00043300AE27B691B68694A934230D1674BBF
:1070D0005B6D03F00703052B26D801A252F823F0BD
:1070E000F9700008017100080971000811710008A9
:1070F0001971000821710008002387F84330ECE182
:10710000042387F84330E8E1082387F84330E4E1BB
:10711000102387F84330E0E1202387F84330DCE197
:10712000402387F84330D8E1802387F84330D4E107
:107130007B691B684F4A934230D14C4B5B6D03F027
:107140000703052B26D801A252F823F06571000829
:107150006D710008757100087D7100088571000867
:107160008D710008002387F84330B6E1042387F8C7
:107170004330B2E1082387F84330AEE1102387F8AB
:107180004330AAE1202387F84330A6E1402387F863
:107190004330A2E1802387F843309EE17B691B687E
:1071A000354A934230D1314B5B6D03F00703052B19
:1071B00026D801A252F823F0D1710008D971000835
:1071C000E1710008E9710008F1710008F971000827
:1071D000002387F8433080E1042387F843307CE1C3
:1071E000082387F8433078E1102387F8433074E1AF
:1071F000202387F8433070E1402387F843306CE167
:10720000802387F8433068E17B691B681B4A9342FF
:1072100042D1164B5B6D03F00703052B38D801A252
:1072200052F823F03D720008457200084D720008C4
:10723000557200088172000889720008002387F8DF
:1072400043304AE1042387F8433046E1082387F8B6
:10725000433042E1102387F843303EE1F369FFCF2A
:10726000000C0058FFF4FF110010014000440258C8
:107270000044004000480040004C004000500040E6
:10728000202387F8433028E1402387F8433024E166
:10729000802387F8433020E17B691B68CB4A934207
:1072A00076D1CB4B5B6D03F03803282B6CD801A251
:1072B00052F823F059730008897300088973000895
:1072C00089730008897300088973000889730008AE
:1072D00089730008617300088973000889730008C6
:1072E000897300088973000889730008897300088E
:1072F000897300086973000889730008897300089E
:10730000897300088973000889730008897300086D
:107310008973000871730008897300088973000875
:10732000897300088973000889730008897300084D
:10733000897300087973000889730008897300084D
:10734000897300088973000889730008897300082D
:107350008973000881730008012387F84330BCE07B
:10736000042387F84330B8E0082387F84330B4E0BB
:10737000102387F84330B0E0202387F84330ACE097
:10738000402387F84330A8E0802387F84330A4E007
:107390007B691B688F4A934230D18D4B5B6D03F044
:1073A0000703052B26D801A252F823F0C573000865
:1073B000CD730008D5730008DD730008E57300087D
:1073C000ED730008002387F8433086E0042387F834
:1073D000433082E0082387F843307EE0102387F8AB
:1073E00043307AE0202387F8433076E0402387F863
:1073F000433072E0802387F843306EE07B691B687E
:10740000754A934230D1724B5B6D03F00703052B35
:1074100026D801A252F823F031740008397400080C
:107420004174000849740008517400085974000838
:10743000002387F8433050E0042387F843304CE0C2
:10744000082387F8433048E0102387F8433044E0AE
:10745000202387F8433040E0402387F843303CE066
:10746000802387F8433038E07B691B685B4A93428E
:1074700030D1574B9B6D03F00703052B26D801A293
:1074800052F823F09D740008A5740008AD7400083C
:10749000B5740008BD740008C5740008022387F89D
:1074A00043301AE0042387F8433016E0082387F8B6
:1074B000433012E0102387F843300EE0202387F892
:1074C00043300AE0402387F8433006E0802387F802
:1074D000433002E0802387F843307B691B683F4AD2
:1074E000934240F0F88097F84330202B46DC022B83
:1074F000C0F28280023B1E2B7ED801A252F823F0FC
:1075000083750008F97500088B750008F975000887
:10751000F9750008F97500089B750008F9750008F1
:10752000F9750008F9750008F9750008F975000883
:10753000F9750008F9750008AB750008F9750008C1
:10754000F9750008F9750008F9750008F975000863
:10755000F9750008F9750008F9750008F975000853
:10756000F9750008F9750008F9750008F975000843
:10757000F9750008F9750008EB750008402B37D045
:107580003AE0FEF7FDFBF8633CE007F12403184600
:10759000FEF70CFCBB6AFB6334E007F118031846E6
:1075A000FEF758FDFB69FB632CE0094B1B6803F0F9
:1075B0002003002B16D0064B1B68DB0803F00303E7
:1075C000074A22FA03F3FB631CE000BF00140140EA
:1075D0000044025800780040007C0040000C005835
:1075E0000090D0039D4BFB630CE09D4BFB6309E0D7
:1075F0004FF40043FB6305E00023FB63012387F89E
:10760000423000BFFB6B002B00F0DE817B695B6AC0
:10761000944A32F813301A46FB6BB3FBF2F33B6328
:107620007B695A6813465B0013443A6B9A4205D350
:107630007B695B681B033A6B9A4203D9012387F885
:107640004230C1E1FB6B0022BB60FA607B695B6A80
:10765000844A32F813309BB200223B607A60D7E94B
:107660000023D7E90201F8F793FE02460B461046C5
:1076700019464FF000024FF000030B0243EA10637B
:10768000020279694968490800200C46054612EB58
:10769000040843EB05097B695B6800229A46934620
:1076A00052465B4640464946F8F772FE02460B4694
:1076B0001346BB63BB6BB3F5407F08D3BB6BB3F51D
:1076C000801F04D27B691B68BA6BDA607CE10123FE
:1076D00087F8423078E17B69DB69B3F5004F40F011
:1076E000C58097F84330202B48DC002B7BDB202B18
:1076F00079D801A252F823F0837700088B7700082D
:10770000E7770008E777000893770008E777000835
:10771000E7770008E7770008A3770008E777000815
:10772000E7770008E7770008E7770008E7770008C1
:10773000E7770008E7770008B3770008E7770008E5
:10774000E7770008E7770008E7770008E7770008A1
:10775000E7770008E7770008E7770008E777000891
:10776000E7770008E7770008E7770008E777000881
:10777000E7770008E7770008D9770008402B2ED07C
:1077800031E0FDF7C7F8F86333E0FDF7D9F8F863A7
:107790002FE007F124031846FEF708FBBB6AFB63E2
:1077A00027E007F118031846FEF754FCFB69FB635A
:1077B0001FE02D4B1B6803F02003002B09D02A4B40
:1077C0001B68DB0803F00303244A22FA03F3FB637C
:1077D0000FE0224BFB630CE0214BFB6309E04FF40D
:1077E0000043FB6305E00023FB63012387F842307D
:1077F00000BFFB6B002B00F0E7807B695B6A194AD6
:1078000032F813301A46FB6BB3FBF2F35A007B6974
:107810005B685B081A447B695B68B2FBF3F3BB638C
:10782000BB6B0F2B16D9BB6BB3F5803F12D2BB6B72
:107830009BB223F00F03FB86BB6B5B089BB203F08C
:1078400007039AB2FB8E1343FB867B691B68FA8E93
:10785000DA60B9E0012387F84230B5E00090D00348
:1078600000093D00FCAA00080044025897F8433084
:10787000202B49DC002B7CDB202B7AD801A252F88C
:1078800023F000BF0F79000817790008737900080A
:10789000737900081F79000873790008737900086C
:1078A000737900082F79000873790008737900084C
:1078B00073790008737900087379000873790008F8
:1078C000737900083F79000873790008737900081C
:1078D00073790008737900087379000873790008D8
:1078E00073790008737900087379000873790008C8
:1078F00073790008737900087379000873790008B8
:107900007379000865790008402B2ED031E0FDF72F
:1079100001F8F86333E0FDF713F8F8632FE007F19F
:1079200024031846FEF742FABB6AFB6327E007F11F
:1079300018031846FEF78EFBFB69FB631FE02D4B17
:107940001B6803F02003002B09D02A4B1B68DB08BF
:1079500003F00303284A22FA03F3FB630FE0264BEC
:10796000FB630CE0254BFB6309E04FF40043FB6332
:1079700005E00023FB63012387F8423000BFFB6B67
:10798000002B21D07B695B6A1D4A32F813301A46FE
:10799000FB6BB3FBF2F27B695B685B081A447B69A3
:1079A0005B68B2FBF3F3BB63BB6B0F2B09D9BB6BFB
:1079B000B3F5803F05D2BB6B9AB27B691B68DA6076
:1079C00002E0012387F842307B690122A3F86A2094
:1079D0007B690122A3F868207B6900225A677B69D2
:1079E00000229A6797F8423018464837BD46BDE8EE
:1079F000B08F00BF004402580090D00300093D0042
:107A0000FCAA000880B483B000AF78607B689B6AF2
:107A100003F00803002B0AD07B681B685B6823F423
:107A200000417B689A6B7B681B680A435A607B68DD
:107A30009B6A03F00103002B0AD07B681B685B681C
:107A400023F400317B68DA6A7B681B680A435A605A
:107A50007B689B6A03F00203002B0AD07B681B68DB
:107A60005B6823F480317B681A6B7B681B680A4370
:107A70005A607B689B6A03F00403002B0AD07B6882
:107A80001B685B6823F480217B685A6B7B681B68EA
:107A90000A435A607B689B6A03F01003002B0AD0EC
:107AA0007B681B689B6823F480517B68DA6B7B687A
:107AB0001B680A439A607B689B6A03F02003002BD3
:107AC0000AD07B681B689B6823F400517B681A6CA2
:107AD0007B681B680A439A607B689B6A03F04003DB
:107AE000002B1AD07B681B685B6823F480117B68CD
:107AF0005A6C7B681B680A435A607B685B6CB3F501
:107B0000801F0AD17B681B685B6823F4C0017B6817
:107B10009A6C7B681B680A435A607B689B6A03F017
:107B20008003002B0AD07B681B685B6823F400216C
:107B30007B68DA6C7B681B680A435A6000BF0C37AD
:107B4000BD465DF8047B704780B598B002AF7860A1
:107B50007B680022C3F89020F9F7F2FB78657B6818
:107B60001B681B6803F00803082B2FD16FF07E43BE
:107B700000937B6D00224FF40011786800F08EF8BE
:107B80000346002B22D07B681B68BB63BB6B53E8AA
:107B9000003F7B637B6B23F080033B657B681B6846
:107BA0001A463B6D7B643A64396C7A6C41E8002379
:107BB000FB63FB6B002BE6D17B682022C3F8882097
:107BC0007B68002283F88420032363E07B681B68C2
:107BD0001B6803F00403042B49D16FF07E4300932C
:107BE0007B6D00224FF48001786800F057F803465F
:107BF000002B3CD07B681B687B627B6A53E8003FAC
:107C00003B623B6A23F49073FB647B681B681A46F3
:107C1000FB6C3B63FA62F96A3A6B41E80023BB6292
:107C2000BB6A002BE6D17B681B6808333B613B696C
:107C300053E8003FFB60FB6823F00103BB647B68F3
:107C40001B680833BA6CFA61BB61B969FA6941E82B
:107C500000237B617B69002BE5D17B682022C3F880
:107C60008C207B68002283F88420032312E07B6849
:107C70002022C3F888207B682022C3F88C207B68F0
:107C80000022DA667B6800221A677B68002283F88C
:107C90008420002318465837BD4680BD80B584B087
:107CA00000AFF860B9603B601346FB714FE0BB6901
:107CB000B3F1FF3F4BD0F9F743FB02463B68D31AC1
:107CC000BA699A4202D3BB69002B01D103234EE06B
:107CD000FB681B681B6803F00403002B37D0BB68EC
:107CE000802B34D0BB68402B31D0FB681B68DB692C
:107CF00003F00803082B10D1FB681B6808221A62E6
:107D0000F86800F039F8FB680822C3F89020FB6897
:107D1000002283F88420012329E0FB681B68DB69CB
:107D200003F40063B3F5006F11D1FB681B684FF4D7
:107D300000621A62F86800F01FF8FB682022C3F89E
:107D40009020FB68002283F8842003230FE0FB6867
:107D50001B68DA69BB681340BA689A420CBF0123FA
:107D60000023DBB21A46FB799A42A0D000231846C2
:107D70001037BD4680BD000080B495B000AF78607C
:107D80007B681B687B637B6B53E8003F3B633B6B0B
:107D900023F49073FB647B681B681A46FB6C3B649E
:107DA000FA63F96B3A6C41E80023BB63BB6B002BB1
:107DB000E6D17B681B6808333B623B6A53E8003FAF
:107DC000FB61FA691E4B1340BB647B681B68083378
:107DD000BA6CFA62BB62B96AFA6A41E800237B6254
:107DE0007B6A002BE5D17B68DB6E012B18D17B68A9
:107DF0001B68FB60FB6853E8003FBB60BB6823F077
:107E000010037B647B681B681A467B6CBB617A61DC
:107E10007969BA6941E800233B613B69002BE6D1EF
:107E20007B682022C3F88C207B680022DA667B689E
:107E300000225A6700BF5437BD465DF8047B704787
:107E4000FEFFFFEF80B584B000AF78607B689B6B6E
:107E5000FB60FB680022A3F85E20FB680022A3F809
:107E60005620F868FFF750F800BF1037BD4680BDB8
:107E700080B588B000AF78607B681B68FB60FB68EA
:107E800053E8003FBB60BB6823F04003FB617B68A5
:107E90001B681A46FB69BB617A617969BA6941E876
:107EA00000233B613B69002BE6D17B682022C3F8AD
:107EB00088207B6800229A677868FFF71BF800BF6C
:107EC0002037BD4680BD80B483B000AF786000BF6E
:107ED0000C37BD465DF8047B704780B483B000AFBB
:107EE000786000BF0C37BD465DF8047B704780B4F6
:107EF00083B000AF786000BF0C37BD465DF8047BEF
:107F0000704780B485B000AF78607B6893F88430A8
:107F1000012B01D1022327E07B68012283F8842012
:107F20007B682422C3F888207B681B681B68FB6081
:107F30007B681B681A687B681B6822F001021A6064
:107F4000FB6823F00053FB607B6800225A667B6865
:107F50001B68FA681A607B682022C3F888207B6857
:107F6000002283F88420002318461437BD465DF8AC
:107F7000047B704780B584B000AF786039607B685F
:107F800093F88430012B01D102232DE07B6801227C
:107F900083F884207B682422C3F888207B681B68D0
:107FA0001B68FB607B681B681A687B681B6822F093
:107FB00001021A607B681B689B6823F060417B6844
:107FC0001B683A680A439A60786800F04FF87B684B
:107FD0001B68FA681A607B682022C3F888207B68D7
:107FE000002283F88420002318461037BD4680BD48
:107FF00080B584B000AF786039607B6893F88430D6
:10800000012B01D102232DE07B68012283F884201B
:108010007B682422C3F888207B681B681B68FB6090
:108020007B681B681A687B681B6822F001021A6073
:108030007B681B689B6823F060617B681B683A68FB
:108040000A439A60786800F011F87B681B68FA6848
:108050001A607B682022C3F888207B68002283F89E
:108060008420002318461037BD4680BD80B485B0FB
:1080700000AF78607B685B6E002B08D17B680122C3
:10808000A3F86A207B680122A3F8682031E010235E
:10809000FB731023BB737B681B689B685B0EDBB2B2
:1080A00003F007037B737B681B689B685B0FDBB285
:1080B00003F007033B73BB7B3A7B11498A5C02FBED
:1080C00003F33A7B0F498A5C93FBF2F39AB27B6825
:1080D000A3F86A20FB7B7A7B09498A5C02FB03F3E5
:1080E0007A7B08498A5C93FBF2F39AB27B68A3F827
:1080F000682000BF1437BD465DF8047B704700BFA1
:1081000014AB00081CAB0008F0B52DED028BB0EEEF
:10811000408B85B017460D9D0C9E18EE902A25F0D9
:108120002005002AB6BF2D220022B1EE408B462D3D
:108130000C461A7004D0452D00D10134022100E014
:10814000032103AB019302AB009322463346B0EE0A
:10815000480B00F039FF472D14D1FB070AD502194F
:10816000B5EE408BF1EE10FA08BF03923021039B6D
:10817000934219D3039B0E9A1B1A136005B0BDECF2
:10818000028BF0BD462D00EB0402E9D10378302BC1
:1081900007D1B5EE408BF1EE10FA1CBFC4F101041B
:1081A000346033681A44DBE75C1C03941970DEE723
:1081B000F7B50029BABF49422D232B2309290270A4
:1081C000437029DD0DF107031D460A271A46B1FB4E
:1081D000F7F607FB1614303402F8014C0C46632CFA
:1081E00003F1FF333146F1DC3031941E03F8011CFA
:1081F000411C2346AB420AD30DF109039B1AAC4242
:1082000088BF002302330344181A03B0F0BD13F8EB
:10821000016B01F8016FEDE7302330318370C170DD
:10822000031DF1E7000000002DE9F04F8DB00C4672
:10823000DDF8588016461F46054600F0B7FDD0F819
:1082400000B05846F8F79CF800230A93D8F800309D
:1082500094F8189022680590073323F0070303F180
:108260000801C8F8001093ED000B9FED976BB0EE7E
:10827000C07BB4EE467BF1EE10FA84ED120B24DDE8
:10828000B5EEC00BF1EE10FA02D52D2384F8433081
:108290008F49904BB9F1470F94BF8846984622F01A
:1082A00004020323236122604FF0000A0097334643
:1082B0000BAA2146284600F0D1F9013040F0898010
:1082C0004FF0FF300DB0BDE8F08FB4EE400BF1EE93
:1082D00010FA09D710EE903A002BBCBF2D2384F87A
:1082E00043307D497D4BD5E76368591C09F0DF0AAF
:1082F00039D10623636042F4806200232260039335
:108300000AABCDE9019309AB009361680DF123033A
:108310002846FFF7F9FEBAF1470F0999804629D19F
:10832000C81C02DB6368994241DDA9F102095FFACA
:1083300089F901394A4604F150000991FFF738FFE5
:108340000A9A1318012A8246236102DC2268D207A6
:1083500001D5013323619DF82330002BA6D02D23B6
:1083600084F84330A2E7BAF1470FC4D1002BC2D141
:108370000123BFE7B9F1650FDBD9B9F1660F18D159
:10838000002963680BDD216113B92268D00702D58B
:1083900001330B442361A1654FF0000ADBE713B9F9
:1083A0002268D20701D50233F4E70123F2E74FF048
:1083B00067090A9B994205DB23682161D807EAD542
:1083C0004B1CE7E70029D4BFC1F10202012213448C
:1083D000E0E723685A0507D4236942463146284618
:1083E000B84701302AD16BE7B9F1650F40F2E08060
:1083F00094ED127BB5EE407BF1EE10FA33D1384AA2
:10840000012331462846B84701303FF459AFDDE932
:108410000938434502DB2368D8070FD5059B5A4628
:1084200031462846B84701303FF44AAF4FF00009C3
:1084300008F1FF3804F11A0AC84509DC23689B07D4
:1084400000F10781E0680B9B9842B8BF184639E7F6
:108450000123524631462846B84701303FF430AF39
:1084600009F10109E8E7099B002B3BDC1C4A0123C9
:1084700031462846B84701303FF422AFDDE90939DB
:1084800059EA030302D12368D907D7D5059B5A4679
:1084900031462846B84701303FF412AF4FF0000A8A
:1084A00004F11A0B099B5B42534501DC4B4694E7F0
:1084B00001235A4631462846B84701303FF400AF01
:1084C0000AF1010AEEE700BFFFFFFFFFFFFFEF7FAA
:1084D00024AB000828AB00082CAB000830AB000828
:1084E00034AB0008A36DDDF828A05345A8BF534660
:1084F000002B994637DC0023079329EAE97904F138
:108500001A02A36D07990693A3EB09038B4231DC92
:10851000099B9A453BDC2368DA0738D4099BAAEB10
:108520000309069BAAEB03039945A8BF9946B9F135
:10853000000F34DC4FF0000829EAE97904F11A0B46
:10854000099BAAEB0303A3EB090343457FF776AF2F
:1085500001235A4631462846B84701303FF4B0AEB1
:1085600008F10108ECE7424631462846B847013099
:10857000C1D1A5E60123314628460692B84701300D
:108580003FF49EAE079B069A01330793B9E7059B1C
:108590005A4631462846B8470130BFD190E6069A80
:1085A0004B46424431462846B8470130C2D187E69F
:1085B000DDF82890B9F1010F01DCDB0736D5012386
:1085C000424631462846B84701303FF479AE059B14
:1085D0005A4631462846B84701303FF471AE94ED13
:1085E000127BB5EE407BF1EE10FA09F1FF3918D09D
:1085F0004B4608F1010231462846B84701300CD1FC
:108600005EE601235A4631462846B84701303FF41A
:1086100057AE08F10108C845F3DB534604F1500298
:10862000DCE64FF0000804F11A0BF4E701234246A0
:10863000E1E701234A4631462846B84701303FF476
:108640003FAE08F10108E3680B995B1A4345F0DC83
:10865000F8E64FF0000804F11909F4E72DE9F047B6
:10866000164698468A680B69DDF820909342B8BF99
:108670001346336091F8432007460C460AB1013394
:1086800033602368990642BF33680233336025683C
:1086900015F0060506D104F1190AE36832689B1A41
:1086A000AB4226DC94F843302268003B18BF01231C
:1086B00092062BD404F1430241463846C8470130A4
:1086C0001ED02368226903F00603042B02BFE5686D
:1086D0003368ED1AA3680CBF25EAE57500259342BF
:1086E000C4BF9B1AED1800261A34B5421AD10020D7
:1086F00008E00123524641463846C847013003D1BD
:108700004FF0FF30BDE8F0870135C6E7E1185A1C8D
:10871000302081F84300224494F8451082F8431039
:108720000233C7E70123224641463846C847013095
:10873000E6D00136D9E700002DE9FF470F7E0C9EF9
:10874000782F914680460C469A4601F1430207D89D
:10875000622F0AD8002F00F0D280582F00F0B98085
:1087600004F1420684F842703AE0A7F16303152B46
:10877000F6D801A151F823F0D1870008E587000859
:108780006187000861870008618700086187000829
:10879000E587000861870008618700086187000895
:1087A00061870008E58800080F8800089F88000896
:1087B0006187000861870008078900086187000851
:1087C0000F8800086187000861870008A7880008F3
:1087D00033681A1D1B68326004F1420684F8423087
:1087E00001239DE033682068191D3160060601D51C
:1087F0001D6803E04506FBD5B3F90050002D03DAF0
:108800002D236D4284F8433059480A2311E0216832
:108810003368080653F8045B02D4490648BFADB27A
:108820006F2F5348336014BF0A230823002184F8B4
:1088300043106668A660002EA2BF216821F00401E3
:1088400021600DB9002E4BD01646B5FBF3F103FBAA
:108850001157C75D06F8017D2F46BB420D46F4D97E
:10886000082B0BD12368DF0708D52369616899427B
:10887000DEBF302306F8013C06F1FF36921B226171
:10888000CDF800A04B4603AA21464046FFF7E6FE7E
:1088900001304AD14FF0FF3004B0BDE8F0872368C3
:1088A00043F0200323603348782784F84570236819
:1088B00031681F0651F8045B02D45F0648BFADB2B1
:1088C0003160D90744BF43F0200323601DB110235A
:1088D000ACE72748E9E7236823F020032360F6E7A5
:1088E0001646BDE7336825686169181D30602E069D
:1088F0001B6801D5196002E06806FBD519800023CA
:1089000023611646BCE733681A1D32601E68626830
:1089100000213046F7F7E4FC08B1801B6060636813
:108920002361002384F84330AAE72369324649468D
:108930004046D0470130ADD023689B0713D4E06890
:10894000039B9842B8BF1846A6E701233246494622
:108950004046D04701309DD00135E36803995B1A4A
:10896000AB42F2DCEBE7002504F11906F5E700BFA6
:1089700036AB000847AB0008002310B50446C0E939
:108980000033C0E90433836081814366C28183611F
:10899000194608225C3000F001FA0D4B63620D4B62
:1089A000A3620D4BE3620D4B23630D4B24629C428B
:1089B00006D003F16802944202D0D0339C4205D124
:1089C00004F15800BDE8104000F064BA10BD00BFCB
:1089D000ED8B00080F8C0008478C00086B8C00089A
:1089E0009C030024024A0349034800F069B800BF11
:1089F0004000002405A700085000002441680C4BEB
:108A0000994210B5044601D001F07CFEA168094BE3
:108A1000994202D0204601F075FEE168064B99426A
:108A200004D02046BDE8104001F06CBE10BD00BF70
:108A30009C030024040400246C04002410B50B4B98
:108A40000B4C0C4A1A60204600220421FFF794FFC9
:108A500004F1680001220921FFF78EFF04F1D00024
:108A60000222BDE810401221FFF786BFD404002483
:108A70009C030024E5890008014800F00CBA00BFFF
:108A8000DD040024014800F007BA00BFDD04002423
:108A900010B50446FFF7F0FF236A1BB1BDE8104094
:108AA000FFF7F0BF044B2362044B1B68002BF5D18A
:108AB000FFF7C4FFF2E700BFFD890008D4040024DB
:108AC0002DE9F8430746884614460026D4E9019567
:108AD000B9F1010905D52468002CF7D13046BDE86D
:108AE000F883AB89012B07D9B5F90E30013303D0D8
:108AF00029463846C04706436835E9E70FB407B54D
:108B0000064904AB086853F8042B8168019301F00F
:108B10005DFC03B05DF804EB04B070474C0000242A
:108B2000024B01461868826801F076BE4C000024B2
:108B3000036A70B5846805460E460BB9FFF7A8FFB7
:108B4000636EDB0705D4A389980502D4A06D00F0FD
:108B5000A2F9A389190702D52369002B35D1214633
:108B6000284600F0C5F880B34FF0FF35636EDA0792
:108B700005D4A3899B0502D4A06D00F08DF9284689
:108B800070BD002B04DAA2699A4217DC0A2915D0BD
:108B900023685A1C22601970A36816F8011F013B54
:108BA000A3600029EDD1002B11DA22460A212846C4
:108BB00000F05FF80130D7D00A25D7E722462846D3
:108BC00000F057F80130E7D1CEE7013EE4E7236833
:108BD0005A1C22600A221A70EEE70000024B01467E
:108BE0001868FFF7A5BF00BF4C00002410B50C4665
:108BF000B1F90E1000F000F90028ABBF636DA38936
:108C00001B1823F48053ACBF6365A38110BD2DE90D
:108C1000F0411F468B89DB0505460C46164605D5F7
:108C2000B1F90E100223002200F0D4F8A389B4F9A0
:108C30000E1023F48053A38132463B462846BDE8FC
:108C4000F04100F0EBB810B50C46B1F90E1000F091
:108C5000C1F8431CA38915BF606523F4805343F416
:108C60008053A38118BFA38110BDB1F90E1000F08D
:108C7000A1B8F8B50E461446054618B1036A0BB9FB
:108C8000FFF706FFA369A360A3891A0701D523692B
:108C900043B92146284600F02BF818B14FF0FF37B2
:108CA0003846F8BD23682269981A6369F6B2834290
:108CB000374605DC2146284601F024FD0028EDD189
:108CC000A368013BA36023685A1C22601E7062697E
:108CD000431C9A4204D0A389DB07E1D50A2EDFD1D9
:108CE0002146284601F00EFD0028D9D0D6E7000025
:108CF00038B5294B054618680C4618B1036A0BB9FC
:108D0000FFF7C6FEB4F90C30190722D4DA0607D4EF
:108D100009222A6043F04003A3814FF0FF3033E083
:108D2000580712D5616B41B104F14403994202D056
:108D3000284600F09FFE00236363A38923F02403E9
:108D4000A3810023636023692360A38943F00803A0
:108D5000A38123694BB9A38903F42073B3F5007F82
:108D600003D02146284601F01BFDB4F90C3013F066
:108D700001020AD00022A26062695242A261226905
:108D800042B913F08000C5D138BD990758BF626958
:108D9000A260F4E70020F7E74C00002402440346F9
:108DA000934200D1704703F8011BF9E70048704770
:108DB0008C01002438B5064D0023044608462B607C
:108DC000F8F75EF8431C02D12B6803B1236038BD6D
:108DD000D804002438B5074D044608461146002241
:108DE0002A601A46F8F773F8431C02D12B6803B1C6
:108DF000236038BDD804002438B5074D0446084622
:108E0000114600222A601A46F8F701F8431C02D1E5
:108E10002B6803B1236038BDD804002438B5074D52
:108E200004460846114600222A601A46F8F70CF854
:108E3000431C02D12B6803B1236038BDD804002441
:108E4000014B1868704700BF4C00002470B50D4DF1
:108E50000D4C641BA4100026A64209D10B4D0C4CEE
:108E600001F0F0FD641BA4100026A64205D170BDE0
:108E700055F8043B98470136EEE755F8043B984710
:108E80000136F2E7A0AE0008A0AE0008A0AE0008D0
:108E9000A4AE00087047704770470A44914200F141
:108EA000FF3300D1704710B511F8014B03F8014FA3
:108EB0009142F9D110BD2DE9F74F03690C69A34226
:108EC00007467EDB013C01F11408A30000F1140504
:108ED000009305EB8403019358F8243055F82420BF
:108EE00001339A4208EB8409B2FBF3F62ED34FF01C
:108EF000000AC446AE46D3465CF8043B98B206FB73
:108F000000A0020C1B0C06FB0323DEF8002080B23D
:108F100092B2121A5A44DEF800004FEA134A9BB28A
:108F2000C3EB224303EB104392B242EA0342E14512
:108F30004EF8042B4FEA234BDED2009BEB582BB9A3
:108F4000019B043B9D421A462FD33C61384601F0F9
:108F50000BF9002825DB2946002058F8042BD1F80E
:108F600000C01FFA82FE1FFA8CF3A3EB0E0303442A
:108F7000120CC2EB234202EB1C429BB243EA0243B7
:108F8000C14541F8043B4FEA2240E6D255F824207F
:108F900005EB840322B9043B9D421A460BD33C6186
:108FA0000136304603B0BDE8F08F1268043B002A5A
:108FB000CBD1013CC6E71268043B002AEFD1013C4B
:108FC000EAE70020EEE700002DE9F04F2DED028BDF
:108FD000C76991B08DED020B55EC104B1C9E0791AB
:108FE000814609920D937FB9102000F08DFD024655
:108FF000C9F81C0020B9A04BEF21A04801F072FC79
:10900000C0E901770760C760D9F81C30196859B109
:109010005A684A60012393408B60484600F06AFE1C
:10902000D9F81C3000221A602B1EBBBF23F000436E
:10903000039300230122ACBF33603260904B039E48
:10904000B34310D10D9A42F20F731360C6F31303AA
:10905000234300F0DE841D9B8A4F002B00F0E08448
:10906000FB1C00F0DBBC9DED028BB5EE408BF1EEFE
:1090700010FA0AD10D9A012313601D9B13B11D9A9A
:10908000814B1360814F00F0CBBC0EAA0FA948465C
:10909000B0EE480B01F018F9C6F30A530E9A01908E
:1090A000002B45D0B0EE487B18EE901AC1F31301A7
:1090B00041F07F5141F44011A3F2FF33002507EE48
:1090C000901AB7EE086B9FED665B37EE467B9FED1F
:1090D000666BA7EE056B9FED665B07EE903AB8EE08
:1090E000E74BB0EE467BA4EE057BFDEEC76BB5EE1D
:1090F000C07BF1EE10FA16EE908A08D5B8EEE66B5A
:10910000B4EE476BF1EE10FA18BF08F1FF38B8F172
:10911000160F2BD85E4901EBC80191ED007BB4EE30
:10912000C78BF1EE10FA01D508F1FF3800211EE0DF
:109130000F9B134403F232412029C1BFC1F140010A
:109140008E4003F2124124FA01F1D6BFC1F1200191
:10915000314304FA01F107EE901AB8EE677B013B48
:1091600017EE901A0125A1F1F871A8E70121D21A92
:10917000531E069345BFC2F101030593002300234C
:109180004CBF06930593B8F1000F0C9118DB069BBA
:10919000CDF82880434406930023079A092A49D82A
:1091A000052AC4BF043A0792079AA2F10202CCBF73
:1091B00000240124032A48D8DFE802F00B2E2C3AC1
:1091C000059B0022A3EB080305930A92C8F1000354
:1091D000E3E700220892099A002A39DC4FF0010BDC
:1091E000DA465A46CDF824B0D9F81C700021042084
:1091F00000F11406964230D979604846049300F095
:1092000039FD049B0746002846D1224B024640F216
:10921000AF11F2E60122DDE700220892099A08EB7D
:10922000020B0BF1010A5246012AB8BF0122DBE70B
:109230000122F2E701240022CDE907244FF0FF3B91
:109240000021DA4612220991CEE701220892F5E7C1
:10925000DDF824B0DA465A46C6E701314000C7E7D8
:1092600061436F63A787D23FB3C8608B288AC63F2C
:10927000FB799F501344D33F65AB00087CAB0008DB
:109280000000F07F61AB000835AB000834AB00088C
:1092900078AC0008D4AB0008D9F81C20BAF10E0F46
:1092A00010606FD8002C6DD0B8F1000F40F3C28071
:1092B000CA4A08F00F0102EBC10218F4807F92ED58
:1092C000007B4FEA281100F0A980C54A92ED086B97
:1092D00088EE066B8DED026B01F00F010322C04892
:1092E000002940F09D809DED026B86EE077B8DEDA1
:1092F000027B0C999DED027B002900F0C180B7EE46
:10930000006BB4EEC67BF1EE10FA40F1B980BAF111
:10931000000F00F0B580BBF1000F31DDB2EE046B41
:1093200027EE067B8DED027B08F1FF3104910132BF
:109330005C469DED026BB1EE0C5B07EE902AB8EE39
:10934000E77BA7EE065B15EE902A51EC150BA2F118
:109350005071002C40F09880B1EE047B36EE476BE4
:1093600041EC170BB4EEC76BF1EE10FA00F361821B
:10937000B1EE477BB4EEC76BF1EE10FA00F1F58069
:109380008DED028B0F9A002AC0F22C81B8F10E0FDE
:1093900000F32881914B03EBC80393ED006B099B0D
:1093A000002B03DABAF1000F40F3D280B2EE044B87
:1093B0009DED027B3E4687EE065BBDEEC55B15EE7E
:1093C000103A303306F8013BF31B9A45B8EEC53B23
:1093D000A3EE467B40F0F88037EE077BB4EEC67B09
:1093E000F1EE10FA00F3DD80B4EE467BF1EE10FAF8
:1093F00004D115EE103ADB0700F1D38001994846FD
:1094000000F078FC00230D9A337008F1010313601B
:109410001D9B002B00F004831E6001E302225EE727
:10942000CC0704D590ED006B013227EE067B491086
:10943000083055E722D0C8F10001684A01F00F005A
:1094400002EBC00292ED007B28EE077B8DED027BE4
:10945000634809110024022229B9002C3FF449AFC6
:109460008DED027B45E7CE0705D590ED006B01320F
:10947000012427EE067B49100830EDE7022238E789
:10948000CDF81080544654E7544A02EBC40212ED62
:10949000024B089A41EC170B3C444AB3B6EE003B32
:1094A000B7EE002B3E4683EE045BB2EE043B35EE96
:1094B000477BFDEEC64B14EE902AB8EEE45B3032EB
:1094C00036EE456BB4EEC76BF1EE10FA06F8012BE1
:1094D00038D432EE465BB4EEC75BF1EE10FA62D4DC
:1094E000A6423FF44DAF27EE037B26EE036BE0E789
:1094F00021463E4627EE047BB2EE043BFDEEC64B12
:1095000014EE902A303206F8012BA642B8EEE45B46
:1095100036EE456B19D1B6EE005B37EE054BB4EE77
:10952000C46BF1EE10FA3EDC35EE475BB4EEC56B72
:10953000F1EE10FA7FF524AF0E46013916F8013C22
:10954000302BF9D0DDF8108058E726EE036BD5E715
:109550000BD1B1EE047B26EE076B9DED027BB4EEE2
:10956000C76BF1EE10FAC0F2618100242546099B19
:10957000DB4304933E464FF000082146484600F086
:10958000B9FB002DDED0B8F1000F05D0A84503D0FF
:109590004146484600F0AEFB2946484600F0AAFB8B
:1095A000D0E7CDF8108033461E4613F8012D392A36
:1095B00006D19F42F8D1049A0132049230223A70C7
:1095C0001A7801321A70BDE727EE047BB5EE407BB6
:1095D000F1EE10FA7FF4EFAE10E700BF78AC0008B0
:1095E00050AC00080899002900F0E3800799012990
:1095F00000F3C880002D00F0C18002F23342059EC6
:109600001C460493059B13440593069B01211344B8
:109610004846069300F022FC049B054666B1069A74
:10962000002A09DDB2420599A8BF3246891A059180
:109630000699B61A8A1A0692FBB1089A002A00F017
:10964000BC809CB12946224648460B9300F0C6FCDC
:10965000019A01460546484600F016FC019904901F
:10966000484600F047FB049A0B9B01921A1B04D05A
:109670000199484600F0B2FC01900121484600F0F3
:10968000EDFB0A9B0446002B00F0D0811A460146F0
:10969000484600F0A3FC079B012B044600F395808D
:1096A000029B002B40F08B80039BC3F31302002A24
:1096B00040F0878023F00042120D1205002A00F0CE
:1096C0008280059B01330593069B0133069301239A
:1096D0000B930A9B002B00F0AF81226904EB8202FE
:1096E000106900F06FFBC0F12000069B184410F0D9
:1096F0001F0076D0C0F12002042A69DD059BC0F16D
:109700001C0003440593069B064403440693059BF3
:10971000002B05DD01991A46484600F0B9FC01907E
:10972000069B002B05DD21461A46484600F0B0FC9A
:1097300004460C9B002B56D00198214600F014FDE6
:10974000002850DA08F1FF330493019900230A221C
:10975000484600F0F1FA089B0190002B00F06E8162
:10976000294600230A22484600F0E6FABBF1000F22
:10977000054664DC079B022B3EDC60E00E9AC2F1DA
:1097800036023CE70AF1FF34A342BFBFE21A0A9B4C
:109790009B180A93AEBF1C1B23460024BAF1000F8E
:1097A000B5BF059A059EA2EB0A065246B8BF002235
:1097B00027E7059E089D1C4630E71A4658E7002318
:1097C00086E7029B84E70B9283E700230B9384E7F1
:1097D0009DD0059B1C3213440593069B16441344ED
:1097E00094E70246F5E7BAF1000FCDF81080D346B2
:1097F00021DC079B022B1EDDBBF1000F7FF4B7AE0F
:1098000021465B460522484600F096FA014604468A
:10981000019800F0A9FC00287FF7A9AE3E4631234D
:1098200006F8013B049B01330493A4E6CDF81080B5
:1098300054462546F2E7089B002B00F00381002EDA
:1098400005DD29463246484600F022FC05460B9BC2
:10985000002B58D06968484600F00CFA064628B933
:10986000824B024640F2EF21FFF7C7BB2A69023262
:10987000920005F10C010C30FFF70FFB012231467D
:10988000484600F005FC7B1C059307EB0B0309938E
:10989000029B03F00103A84608930546059B019827
:1098A000214603F1FF3BFFF706FB4146029000F122
:1098B000300A019800F058FC2A4606902146484696
:1098C00000F06EFCC2680646FAB90146019800F045
:1098D0004BFC0246314648460A9200F00BFA079BC1
:1098E0000A9A059E43EA0201089B19430FD1BAF177
:1098F000390F28D0069B002B02DD029B03F1310AB1
:109900008BF800A039E62846BDE70122E2E7069B76
:10991000002B04DB07990B4308990B4320D1002A45
:10992000EEDD01990122484600F0B2FB214601908C
:1099300000F01AFC002803DCE2D11AF0010FDFD09E
:10994000BAF1390FD9D139238BF8003033461E468E
:10995000013B16F8012C392A53D001321A700CE65B
:10996000002A07DDBAF1390FEDD00AF101038BF8B7
:10997000003002E6059B059A03F801AC099B93426F
:1099800029D0019900230A22484600F0D5F9A845BC
:1099900001904FF000034FF00A024146484607D1BC
:1099A00000F0CAF980460546059B0133059375E72B
:1099B00000F0C2F92946804600230A22484600F0FA
:1099C000BBF90546F0E7BBF1000FCCBF5E460126B0
:1099D0003E444FF0000801990122484600F058FB30
:1099E0002146019000F0C0FB0028AFDC02D11AF044
:1099F000010FABD133461E4613F8012D302AFAD0A1
:109A0000BBE59F42A3D1049B0133049331233B70F8
:109A1000B3E51D9B164F1BB107F108031D9A136098
:109A2000384611B0BDEC028BBDE8F08F079B012BCF
:109A30007FF736AE0A9B0B93012056E6BBF1000F71
:109A40007FF7D7AE3E4601982146FFF734FA00F182
:109A5000300A06F801ABF21B9345B4DD01990023EF
:109A60000A22484600F068F90190ECE7D4AB000800
:109A700058AB000838B50546002941D051F8043CE0
:109A80000C1F002BB8BFE41800F0E8F81D4A13685B
:109A900033B9636014602846BDE8384000F0E4B88C
:109AA000A34208D9206821188B4201BF19685B685E
:109AB00009182160EDE71A465B680BB1A342FAD999
:109AC00011685018A0420BD12068014450188342FD
:109AD0001160E0D118685B68536008441060DAE7F1
:109AE00002D90C232B60D6E7206821188B4204BFD3
:109AF00019685B68636004BF091821605460CAE795
:109B000038BD00BFE4040024024B0146186800F091
:109B100025B800BF4C00002470B50F4E0C463168CC
:109B2000054611B900F0CEFE30602146284600F00F
:109B3000C9FE431C03D14FF0FF34204670BDC41C46
:109B400024F00304A042F8D0211A284600F0BAFEFF
:109B50000130F2D1EFE700BFE00400242DE9F84323
:109B6000CD1C25F0030508350C2D38BF0C25002D24
:109B7000064601DBA94204D90C2333600020BDE86E
:109B8000F883DFF8D48000F069F8D8F800301C467C
:109B900044BB29463046FFF7BFFF431C044658D15B
:109BA000D8F800402746002F43D1002C4BD0236823
:109BB0003946304604EB030900F084FE814542D16A
:109BC00021686D1A29463046FFF7A6FF01303AD0CA
:109BD00023682B442360D8F800305A6862BBC8F869
:109BE00000700FE02268521B20D40B2A17D961198C
:109BF000A342256018BF5960636808BFC8F8001009
:109C000062514B60304600F02FF804F10B00231D29
:109C100020F00700C21A1CBF1B1AA350AFE76268EE
:109C2000A3420CBFC8F800205A60EBE723466468E3
:109C3000AEE73C467F68B6E71A465B68A342FBD1B5
:109C400000235360DEE70C233360304600F00CF84D
:109C500094E70560D6E700BFE40400240148FFF75D
:109C60001AB900BFDC0400240148FFF715B900BF92
:109C7000DC04002470B5C66904460D4676B9102090
:109C8000FFF742FF0246E06120B9184B18486B21EC
:109C900000F028FEC0E901660660C660E669F36868
:109CA00083B1E369DB6853F82500B8B9012101FAF3
:109CB00005F6721D9200204600F032FE60B1C0E948
:109CC00001560EE021220421204600F029FEE3691E
:109CD000F060DB68002BE4D1002070BD026843F81F
:109CE00025200023C0E90333F7E700BF65AB000878
:109CF000E5AB000870B5C66905460C4676B910207C
:109D0000FFF702FF0246E86120B9094B09488F219D
:109D100000F0E8FDC0E901660660C6603CB1EB6991
:109D20006268DB6853F82210216043F8224070BD5E
:109D300065AB0008E5AB00082DE9F0410D69074669
:109D40000C461E4601F1140C0020DCF8003099B2DC
:109D500002FB01611E0C0B0C02FB063389B20130C1
:109D600001EB034185424CF8041B4FEA1346ECDC3F
:109D70000EB3A368AB4219DC616838460131FFF7C6
:109D800079FF804628B902460C4B0D48BA2100F0F5
:109D9000A9FD2269023204F10C0192000C30FFF798
:109DA0007CF821463846FFF7A5FF444604EB8503BF
:109DB00001355E6125612046BDE8F081D4AB000825
:109DC000E5AB0008B0F5803F034636BF0304002032
:109DD0001020B3F1807F3CBF1B020830B3F1805FDD
:109DE0003CBF1B010430B3F1804F3CBF9B000230ED
:109DF000002B05DB13F0804F00F1010008BF20208D
:109E000070470368024613F007000BD0D90721D42E
:109E1000980749BF5B089B08012013605CBF136073
:109E20000220704799B209B91B0C1020D9B209B9A8
:109E300008301B0A190704BF1B090430990704BF27
:109E40009B080230D90703D45B0800F1010003D05E
:109E500013607047002070472020704710B50C46F3
:109E60000121FFF707FF024628B9054B054840F2DC
:109E7000451100F037FD01234461036110BD00BFAF
:109E8000D4AB0008E5AB00082DE9F04F14460A6991
:109E900023699A42A8BF23460F46A4BF0C461F461B
:109EA000D4F810A0D7F81090A36861680AEB0906EF
:109EB000B34285B0B8BF0131FFF7DCFE30B90246CE
:109EC000444B45484FF4B17100F00CFD00F114050E
:109ED00005EB86082B460022434521D307F11401E8
:109EE00004F1140202EB8A0201EB89030293131BB3
:109EF000153B23F00303043304F11507BA4238BFBE
:109F000004230193029B03918B420CD8002E03DDA6
:109F100058F8043D002B5BD0066105B0BDE8F08F1A
:109F200043F8042BD8E7B1F800A0BAF1000F24D011
:109F300004F1140EA9464FF0000C5EF8047BD9F82A
:109F400000301FFA87FB9BB20AFB0B334FEA174B1B
:109F5000D9F8007063444FEA174C0AFB0BC707EBB4
:109F600013479BB243EA0743724549F8043B4FEA63
:109F7000174CE2D8019B45F803C0039BB3F802904D
:109F80000431B9F1000F21D02B6804F1140CAE4656
:109F90004FF0000ABCF800B0BEF8027009FB0B7766
:109FA00057449BB243EA07434EF8043B5CF8043B3A
:109FB0004FEA134ABEF8003009FB0A3303EB17439C
:109FC00062454FEA134AE5D8019FEB51043599E702
:109FD000013E9BE7D4AB0008E5AB00082DE9F84350
:109FE000154612F0030207460E4607D0254C013AEB
:109FF000002354F82220FFF79FFE0646AD103DD007
:10A00000FC697CB91020FFF77FFD0246F86128B992
:10A010001D4B1E4840F2B31100F064FCC0E901443E
:10A020000460C460D7F81C80D8F808404CB940F2EE
:10A0300071213846FFF712FF0023C8F808000446D4
:10A0400003604FF00009EB070AD531462246384637
:10A05000FFF71AFF314680463846FFF74BFE46466B
:10A060006D100BD0206838B9224621463846FFF7DC
:10A070000BFF2060C0F800900446E4E73046BDE8DE
:10A08000F88300BF40AC000865AB0008E5AB0008F2
:10A090002DE9F0470C464968236903EB6218A36871
:10A0A000074691464FEA621A08F10106B3420BDBFC
:10A0B0003846FFF7DFFD054648B90246284B2948D8
:10A0C0004FF4EF7100F00EFC01315B00EEE700236E
:10A0D00000F1140100F110021846534533DB2069EA
:10A0E0002AEAEA7A04F1140319F01F0901EB8A0144
:10A0F00003EB800C2BD0C9F1200E8A460022186891
:10A1000000FA09F010434AF8040B53F8042B9C455D
:10A1100022FA0EF2F3D8ACEB0403153B23F0030351
:10A12000043304F11500844538BF0423CA500AB132
:10A1300008F10206013E38462E612146FFF7DAFD9E
:10A140002846BDE8F08742F8040F0133C5E704391B
:10A1500053F8042B41F8042F9C45F9D8EAE700BFD7
:10A16000D4AB0008E5AB00080A6903460069801A11
:10A1700030B50ED11433143103EB820401EB8201AC
:10A1800054F8045D51F8042D954203D005D24FF0E8
:10A19000FF3030BDA342F3D3FBE70120F9E7000015
:10A1A0002DE9F74F89460646114648461446FFF703
:10A1B000DBFF051E12D129463046FFF75BFD024644
:10A1C00028B93F4B40F237213E4800F08BFB01237A
:10A1D000C0E90435104603B0BDE8F08FBCBF4B4664
:10A1E000A1463046D9F80410BABF1C460125002507
:10A1F000FFF740FD024618B9314B40F24521E3E735
:10A20000D9F810702669C56009F1100309F1140529
:10A2100004F1140E00F1140B05EB87080EEB860613
:10A220000193D9464FF0000C019B5EF8040B53F8E4
:10A2300004AF01931FFA8AF3194683B2CB1A000CBC
:10A240006344C0EB1A4000EB23409BB243EA004357
:10A25000764549F8043B4FEA204CE5D8331B153BC3
:10A2600023F0030315340433A64238BF04231D44EE
:10A270005B441E462C4644450ED308F10301491B9E
:10A2800021F00301033DA84538BF00210B4453F8DA
:10A29000041D91B117619DE754F8041BE646080CB4
:10A2A0001CFA81FC714400EB2C4089B241EA004168
:10A2B00046F8041B4FEA204CDDE7013FE7E700BF0B
:10A2C000D4AB0008E5AB00082DE9F7430F460121A8
:10A2D00059EC108B1646FFF7CDFC044630B9024608
:10A2E000234B244840F20F3100F0FCFAC9F30A5521
:10A2F000C9F313030DB143F480130193B8F10003C4
:10A3000023D068460093FFF77CFDDDE90012D0B151
:10A31000C0F1200302FA03F30B43C24063610192D0
:10A32000019BA361002B0CBF012202222261A5B177
:10A33000A5F2334505443D60C0F13500306020464C
:10A3400003B0BDE8F0836161EAE701A8FFF759FDBA
:10A35000019B636120300122E8E704EB8203A0F255
:10A36000324038601869FFF72DFDC0EB4210E5E779
:10A37000D4AB0008E5AB00089368013B002B10B498
:10A38000936008DA9469A34201DB0A2903D15DF8DE
:10A39000044BFEF76EBC1368581C10601970084619
:10A3A0005DF8044B7047F8B506460F461446D518BD
:10A3B000AC4201D1002007E014F8011B3A463046B8
:10A3C000FFF7DAFF431CF3D1F8BD00002DE9F04F91
:10A3D0000D469DB014469846064618B1036A0BB95F
:10A3E000FEF756FB6B6ED90705D4AB899A0502D4EC
:10A3F000A86DFEF750FDAB891B0701D52B699BB9F2
:10A4000029463046FEF774FC70B16B6EDC0704D54C
:10A410004FF0FF301DB0BDE8F08FAB899805F7D441
:10A42000A86DFEF739FDF3E70023099320238DF88B
:10A430002930CDF80C803023DFF8AC818DF82A303C
:10A440004FF0010923469A4613F8012B0AB1252A39
:10A45000F9D1BAEB040B0BD05B46224629463046B5
:10A46000FFF7A1FF013000F0A780099A5A44099232
:10A470009AF80030002B00F09F8000234FF0FF324D
:10A48000CDE905230AF1010A049307938DF85330AF
:10A490001A935446052214F8011B5348F5F720FF80
:10A4A000049AD8B9D10644BF20238DF8533013073E
:10A4B00044BF2B238DF853309AF800302A2B15D047
:10A4C000079A544600204FF00A0C214611F8013B30
:10A4D000303B092B4BD9B0B1079214E0A0EB080335
:10A4E00009FA03F313430493A246D2E7039B191D11
:10A4F0001B680391002BBBBF5B4242F00202079333
:10A500000793B8BF049223782E2B0AD163782A2BA5
:10A5100032D1039B1A1D1B68039243EAE373023492
:10A520000593DFF8D4A0217803225046F5F7D8FE32
:10A5300038B1049BA0EB0A0040228240134301344F
:10A54000049314F8011B29488DF828100622F5F70A
:10A55000C7FE00283FD0264B1BBB039B073323F0CD
:10A56000070308330393099B3B4409936AE70CFBF9
:10A5700002320C460120A8E7002301340593194656
:10A580004FF00A0C204610F8012B303A092A03D963
:10A59000002BC6D00591C4E70CFB01210446012322
:10A5A000F0E703AB00932A46124B04A93046FDF7AF
:10A5B0003BFE0746781CD6D16B6ED90705D4AB8914
:10A5C0009A0502D4A86DFEF767FCAB895B063FF5E0
:10A5D0001FAF09981EE703AB00932A46054B04A959
:10A5E0003046FEF7A9F8E4E740AD00084AAD0008A0
:10A5F00029820008A7A3000846AD0008B1F90C2085
:10A600002DE9F041160705460C4654D44B68002B43
:10A6100002DC0B6C002B48DDE66A002E45D00023DF
:10A6200012F480522F68216A2B6030D0626DA389AA
:10A63000590705D56368D21A636B0BB1236CD21A24
:10A640000023E66A216A2846B047431CA38906D145
:10A6500029681D292BD82A4A0A41D60727D4002267
:10A660006260D9042269226004D5421C01D12B68A2
:10A6700003B96065616B2F60B9B104F1440399427D
:10A6800002D02846FFF7F6F9002363630DE00123AB
:10A690002846B0470246501CC9D12B68002BC6D0B3
:10A6A0001D2B01D0162B1ED12F60002022E043F07D
:10A6B00040031BB21BE00F69002FF6D093070E6812
:10A6C00008BF4B690F6018BF0023A6EB07088B601B
:10A6D000B8F1000FE9DD216AA66A43463A462846EA
:10A6E000B047002808DCB4F90C3043F04003A381E4
:10A6F0004FF0FF30BDE8F0810744A8EB0008E7E722
:10A70000FEFFBFDF38B50B6905460C4613B90025BF
:10A71000284638BD18B1036A0BB9FEF7B9F9B4F988
:10A720000C30002BF3D0626ED00704D4990502D40C
:10A73000A06DFEF7B0FB28462146FFF75FFF636E72
:10A74000DA070546E4D4A3899B05E1D4A06DFEF7A2
:10A75000A3FBDDE770B50C46B1F90E10002996B0E9
:10A7600015461E460DDAA38913F0800F4FF0000145
:10A7700014BF40234FF48063002031602B6016B07B
:10A7800070BD6A4600F07CF80028ECDB019901F40A
:10A790007041A1F50053594259414FF48063EBE7F2
:10A7A0008B89F7B59D0706460C4607D504F147038C
:10A7B000236023610123636103B0F0BD01AB6A46EE
:10A7C000FFF7C8FF009F054639463046FFF7C6F938
:10A7D00048B9B4F90C309A05EED423F0030343F0E2
:10A7E0000203A381E2E7A389206043F08003A381F1
:10A7F000019BC4E904075BB1B4F90E10304600F0C8
:10A8000051F828B1A38923F0030343F00103A38186
:10A81000A3891D43A581CFE770B50D4614460646B2
:10A8200018B1036A0BB9FEF733F9636ED80705D484
:10A83000A389990502D4A06DFEF72DFBA368013B07
:10A84000002BA36005DAA269934212DBEBB20A2B5C
:10A850000FD023685A1C22601D70EDB2636EDA07B8
:10A8600005D4A3899B0502D4A06DFEF715FB2846ED
:10A8700070BD294622463046FEF7FBF90546EDE756
:10A8800038B5074D00230446084611462B60F6F7FD
:10A8900003FB431C02D12B6803B1236038BD00BF0A
:10A8A000D804002438B5064D0023044608462B6022
:10A8B000F6F702FB431C02D12B6803B1236038BDBD
:10A8C000D804002438B5064D0023044608462B6002
:10A8D000F6F70AFB431C02D12B6803B1236038BD95
:10A8E000D80400241FB514461A46094B1B680546B8
:10A8F000D86854B9074B1C46CDE9013400912B466A
:10A90000054900F041F800F051F8044BF4E700BFAE
:10A910004C00002496AD000868AD00085BAD00084F
:10A9200070B5A1FB02543CB92946FFF717F906465A
:10A9300028B90026304670BD0C220260F9E72A468D
:10A940002146FEF72BFAF5E782B001B901A942B121
:10A950004BB113780B601278101E18BF012002B0A3
:10A9600070471046FBE76FF00100F8E70346084622
:10A9700041B1FF2A04D98A221A604FF0FF30704794
:10A980000A700120704700000EB403B5014603AB06
:10A99000054853F8042B00680193FFF717FD02B038
:10A9A0005DF804EB03B070474C00002408B50620A6
:10A9B00000F02CF80120F6F71FFA1F2938B50546DC
:10A9C0000C4604D9162303604FF0FF3038BDC26B2C
:10A9D00012B152F821304BB9284600F031F8224626
:10A9E00001462846BDE8384000F018B8012B0AD0CF
:10A9F000591C03D1162303600120E7E7002142F828
:10AA00002410204698470020E0E70000024B014652
:10AA10001868FFF7D2BF00BF4C00002438B5074DBF
:10AA200000230446084611462B60F6F7D5F9431C6F
:10AA300002D12B6803B1236038BD00BFD8040024C5
:10AA4000F6F7C2B9F8B500BFF8BC08BC9E4670471F
:0CAA5000F8B500BFF8BC08BC9E4670477B
:10AA600048656C6C6F20596168626F6F6D00000003
:10AA700043414E2052583A00307825303278200039
:10AA800043414E2054583A000102030405060708CA
:10AA900000000000000000000000000000000000B6
:10AAA00000000000010000000200000003000000A0
:10AAB000040000000000000005000000000000008D
:10AAC0000000000000000000060000000000000080
:10AAD000000000000000000007000000000000006F
:10AAE000010203040102030406070809000102032E
:10AAF00004050607080C101418203040010002005D
:10AB00000400060008000A000C00100020004000AD
:10AB10008000000101010103070100000804020494
:10AB200008010101494E4600696E66004E414E0023
:10AB30006E616E003000303132333435363738399B
:10AB4000414243444546003031323334353637389C
:10AB50003961626364656600496E66696E6974791D
:10AB6000004E614E005245454E54206D616C6C6F35
:10AB70006320737563636565646564002F6275693E
:10AB80006C642F676E752D746F6F6C732D666F72AA
:10AB90002D73746D33325F31322E332E72656C310A
:10ABA0002E32303234303631322D313331352F734D
:10ABB00072632F6E65776C69622F6E65776C696260
:10ABC0002F6C6962632F7374646C69622F64746F95
:10ABD000612E630042616C6C6F6320737563636503
:10ABE00065646564002F6275696C642F676E752DEE
:10ABF000746F6F6C732D666F722D73746D33325F6B
:10AC000031322E332E72656C312E32303234303682
:10AC100031322D313331352F7372632F6E65776C7E
:10AC200069622F6E65776C69622F6C6962632F733E
:10AC300074646C69622F6D707265632E630000002E
:10AC400005000000190000007D0000000000000069
:10AC50000080E03779C34143176E05B5B5B8934618
:10AC6000F5F93FE9034F384D321D30F94877825AE4
:10AC70003CBF737FDD4F1575000000000000F03F02
:10AC800000000000000024400000000000005940C7
:10AC90000000000000408F40000000000088C3401A
:10ACA00000000000006AF8400000000080842E418F
:10ACB00000000000D01263410000000084D79741DB
:10ACC0000000000065CDCD41000000205FA00242E1
:10ACD000000000E876483742000000A2941A6D4256
:10ACE000000040E59C30A2420000901EC4BCD64249
:10ACF00000003426F56B0C430080E03779C34143F4
:10AD000000A0D8855734764300C84E676DC1AB4369
:10AD1000003D9160E458E143408CB5781DAF154487
:10AD200050EFE2D6E41A4B4492D54D06CFF0804462
:10AD3000F64AE1C7022DB544B49DD9794378EA4477
:10AD4000232D302B2000686C4C0065666745464714
:10AD5000004300504F534958002E002C2066756E5A
:10AD60006374696F6E3A2000617373657274696F02
:10AD70006E2022257322206661696C65643A206624
:10AD8000696C6520222573222C206C696E65202554
:10AD900064257325730A0000202020202020202015
:10ADA000202828282828202020202020202020207B
:10ADB000202020202020202088101010101010109B
:10ADC00010101010101010100404040404040404E3
:10ADD0000404101010101010104141414141410174
:10ADE0000101010101010101010101010101010153
:10ADF0000101011010101010104242424242420262
:10AE00000202020202020202020202020202020222
:10AE100002020210101010200000000000000000CC
:10AE20000000000000000000000000000000000022
:10AE30000000000000000000000000000000000012
:10AE40000000000000000000000000000000000002
:10AE500000000000000000000000000000000000F2
:10AE600000000000000000000000000000000000E2
:10AE700000000000000000000000000000000000D2
:10AE800000000000000000000000000000000000C2
:08AE90000000000000000000BA
:08AE98004854FF7F0100000097
:04AEA000C5020008DF
:04AEA400A1020008FF
:10AEA8006002002400000000000000000000000014
:10AEB8000800000000000000000000000000000082
:10AEC800000000000000000000000000000000007A
:10AED8000090D0030090D003100000000100000093
:10AEE80000000000030000009C0300245000002420
:10AEF800000000009C030024040400246C040024C7
:10AF08000000000000000000000000000000000039
:10AF18000000000000000000000000000000000029
:10AF28000000000000000000000000000000000019
:10AF380000000000000000000000000043000000C6
:10AF480000000000000000000000000000000000F9
:10AF580000000000000000000000000043000000A6
:10AF680000000000000000000000000000000000D9
:10AF78000000000000000000000000004300000086
:10AF880000000000000000000000000000000000B9
:10AF98000000000000000000000000004300000066
:10AFA8000000000000000000000000000000000099
:10AFB8000000000000000000000000004300000046
:10AFC8000000000000000000000000000000000079
:10AFD8000000000000000000000000004300000026
:10AFE8000000000000000000000000000000000059
:10AFF8000000000000000000000000004300000006
:10B008000000000000000000000000000000000038
:10B018000000000000000000000000006DA900080A
:10B0280049A900080000000097AD000859AD0008C4
:10B0380096AD000896AD000896AD000896AD0008DC
:10B0480096AD000896AD000896AD000896AD0008CC
:10B0580096AD0008FFFFFFFFFFFFFFFFFFFFFFFFA9
:10B06800FFFF000001004153434949000000000070
:10B0780000000000000000000000000000000000C8
:10B08800000000000000415343494900000000004F
:10B0980000000000000000000000000000000000A8
:08B0A8000000000000000000A0
:04000005080011E1FD
:00000001FF
