:020000040800F2
:10000000000008246D210008D91A0008E11A000830
:10001000E91A0008F11A0008F91A000800000000A7
:10002000000000000000000000000000B18A01088C
:10003000011B000800000000018D010899640108FF
:10004000BD210008BD210008BD210008BD21000818
:10005000BD210008BD210008BD210008BD21000808
:10006000BD210008BD210008BD210008111B0008AA
:10007000251B0008BD210008BD210008BD21000886
:10008000BD210008BD210008BD210008BD210008D8
:10009000BD210008BD210008BD210008BD210008C8
:1000A000BD210008BD210008BD210008BD210008B8
:1000B000BD210008BD210008BD210008BD210008A8
:1000C000BD210008BD210008BD210008BD21000898
:1000D000391B00084D1B0008BD210008BD21000888
:1000E000611B0008BD21000800000000BD210008C0
:1000F000BD210008BD210008BD210008BD21000868
:10010000BD210008BD210008BD210008BD21000857
:10011000BD210008BD210008BD210008711B000899
:10012000BD210008BD210008BD210008BD21000837
:10013000BD210008BD210008BD210008BD21000827
:1001400000000000000000000000000000000000AF
:10015000BD210008BD210008BD210008BD21000807
:10016000BD210008BD210008BD210008BD210008F7
:10017000BD210008BD210008BD21000800000000CD
:10018000BD210008BD210008BD210008BD210008D7
:10019000BD210008BD210008BD210008BD210008C7
:1001A000BD210008BD210008BD210008BD210008B7
:1001B000BD210008BD210008BD210008BD210008A7
:1001C000BD210008BD210008BD210008BD21000897
:1001D000BD210008BD210008BD210008BD21000887
:1001E000BD210008BD210008BD210008BD21000877
:1001F000BD210008BD210008BD210008BD21000867
:10020000BD210008BD210008BD210008BD21000856
:10021000BD210008BD210008BD210008BD21000846
:10022000BD210008BD210008BD210008000000001C
:10023000BD210008BD21000800000000BD2100080C
:10024000BD210008BD210008BD210008BD21000816
:10025000BD210008BD210008BD210008BD21000806
:10026000BD210008BD210008BD210008BD210008F6
:10027000BD210008BD210008BD21000800000000CC
:10028000BD210008BD210008BD21000800000000BC
:0802900000000000BD21000880
:1002A00010B5054C237833B9044B13B10448AFF3B0
:1002B00000800123237010BD1809002400000000F5
:1002C0009CA4020808B5034B1BB103490348AFF3D4
:1002D000008008BD000000001C0900249CA4020846
:1002E00010F8012B11F8013B012A28BF9A42F7D0E0
:1002F000D01A70470000000000000000000000005D
:1003000001F0FF01102A2BDB10F0070F08D010F8C6
:10031000013B013A8B422DD010F0070F42B3F6D1CA
:10032000F0B441EA012141EA014122F007047FF0E3
:1003300000070023F0E80256083C85EA010586EA3A
:10034000010685FA47F5A3FA87F586FA47F6A5FA76
:1003500087F68EB9EED1F0BC01F0FF0102F0070282
:1003600032B110F8013B013A83EA010313B1F8D12D
:100370000020704701387047002D06BF354603380E
:10038000073815F0010F07D1013015F4807F02BF47
:10039000013015F4C03F0130F0BC0138704700BF98
:1003A000034613F8012B002AFBD1181A01387047B5
:1003B00081F0004102E000BF83F0004330B54FEA16
:1003C00041044FEA430594EA050F08BF90EA020F83
:1003D0001FBF54EA000C55EA020C7FEA645C7FEA16
:1003E000655C00F0E2804FEA5454D4EB5555B8BF39
:1003F0006D420CDD2C4480EA020281EA030382EAAA
:10040000000083EA010180EA020281EA0303362D3B
:1004100088BF30BD11F0004F4FEA01314FF4801C0E
:100420004CEA113102D0404261EB410113F0004F20
:100430004FEA03334CEA133302D0524263EB4303D7
:1004400094EA050F00F0A780A4F10104D5F1200E75
:100450000DDB02FA0EFC22FA05F2801841F10001D0
:1004600003FA0EF2801843FA05F359410EE0A5F1A4
:1004700020050EF1200E012A03FA0EFC28BF4CF0D5
:10048000020C43FA05F3C01851EBE37101F000458B
:1004900007D54FF0000EDCF1000C7EEB00006EEB98
:1004A0000101B1F5801F1BD3B1F5001F0CD3490822
:1004B0005FEA30004FEA3C0C04F101044FEA445279
:1004C00012F5800F80F09A80BCF1004F08BF5FEA00
:1004D000500C50F1000041EB045141EA050130BDE0
:1004E0005FEA4C0C404141EB0101013C28BFB1F5F2
:1004F000801FE9D291F0000F04BF01460020B1FA3D
:1005000081F308BF2033A3F10B03B3F120020CDA0F
:100510000C3208DD02F1140CC2F10C0201FA0CF0ED
:1005200021FA02F10CE002F11402D8BFC2F1200C52
:1005300001FA02F120FA0CFCDCBF41EA0C01904008
:10054000E41AA2BF01EB0451294330BD6FEA040451
:100550001F3C1CDA0C340EDC04F11404C4F120023C
:1005600020FA04F001FA02F340EA030021FA04F34E
:1005700045EA030130BDC4F10C04C4F1200220FAA5
:1005800002F001FA04F340EA0300294630BD21FAE3
:1005900004F0294630BD94F0000F83F4801306BFA9
:1005A00081F480110134013D4EE77FEA645C18BF9D
:1005B0007FEA655C29D094EA050F08BF90EA020F34
:1005C00005D054EA000C04BF1946104630BD91EA2C
:1005D000030F1EBF0021002030BD5FEA545C05D12F
:1005E0004000494128BF41F0004130BD14F580046E
:1005F0003CBF01F5801130BD01F0004545F0FE41E2
:1006000041F470014FF0000030BD7FEA645C1ABF16
:10061000194610467FEA655C1CBF0B46024650EA4D
:10062000013406BF52EA033591EA030F41F4002179
:1006300030BD00BF90F0000F04BF0021704730B5FF
:100640004FF4806404F132044FF000054FF00001D4
:1006500050E700BF90F0000F04BF0021704730B595
:100660004FF4806404F1320410F0004548BF40426A
:100670004FF000013EE700BF42004FEAE2014FEABF
:1006800031014FEA02701FBF12F07F4393F07F4F9A
:1006900081F06051704732F07F4208BF704793F09D
:1006A0007F4F04BF41F40021704730B54FF46074B0
:1006B00001F0004521F000411CE700BF50EA0102B3
:1006C00008BF704730B54FF000050AE050EA01025C
:1006D00008BF704730B511F0004502D5404261EBCC
:1006E00041014FF4806404F132045FEA915C3FF40D
:1006F000D8AE4FF003025FEADC0C18BF03325FEAAA
:10070000DC0C18BF033202EBDC02C2F1200300FA5A
:1007100003FC20FA02F001FA03FE40EA0E0021FA7F
:1007200002F11444BDE600BF7BB972B90029BEBF17
:1007300000204FF0004106E008BF00281CBF6FF00A
:1007400000414FF0FF3000F0B5B9ADF1080C6DE994
:1007500004CE002909DB002B1ADB00F04DF8DDF890
:1007600004E0DDE9022304B07047404261EB41013F
:10077000002B1BDB00F040F8DDF804E0DDE902238C
:1007800004B0404261EB4101524263EB43037047C6
:10079000524263EB430300F02FF8DDF804E0DDE99B
:1007A000022304B0404261EB41017047524263EBC7
:1007B000430300F021F8DDF804E0DDE9022304B092
:1007C000524263EB4303704753B94AB9002908BF4B
:1007D00000281CBF4FF0FF314FF0FF3000F06AB926
:1007E000ADF1080C6DE904CE00F006F8DDF804E088
:1007F000DDE9022304B070472DE9F047089D0C465F
:10080000002B4ED194468C458646B2FA82F262D9CC
:100810004AB1C2F12003914020FA03F30CFA02FC22
:10082000194300FA02FE4FEA1C471FFA8CF6B1FB8F
:10083000F7F44FEA1E4307FB141143EA014304FB9C
:1008400006F199420AD91CEB030304F1FF3080F052
:100850001281994240F20F81023C6344591A1FFAF7
:100860008EF3B1FBF7F007FB101143EA014300FBE5
:1008700006F69E420AD91CEB030300F1FF3180F01B
:10088000FC809E4240F2F980634402389B1B40EAA0
:10089000044000211DB1D3400022C5E90032BDE86B
:1008A000F0878B4205D90DB1C5E90001002108464A
:1008B000F5E7B3FA83F1002946D1A34202D390426F
:1008C000C0F0F080861A64EB03030120002DE6D00F
:1008D000C5E90063E3E7002A40F09080A1EB0C0437
:1008E0004FEA1C481FFA8CF70121B4FBF8F64FEAD7
:1008F0001E4308FB164443EA044307FB06F09842F4
:1009000008D91CEB030306F1FF3402D2984200F22F
:10091000CD8026461C1A1FFA8EF3B4FBF8F008FBB4
:10092000104443EA044300FB07F79F4208D91CEB3D
:10093000030300F1FF3402D29F4200F2B080204650
:10094000DB1B40EA0640A5E7C1F120068B4022FAF6
:1009500006F71F4320FA06FC04FA01F343EA0C03EE
:10096000F44000FA01F8380C4FEA1349B4FBF0FEEA
:100970001FFA87FC00FB1E4449EA04440EFB0CF9F5
:10098000A14502FA01F20AD93C190EF1FF3A80F0B2
:100990008480A14540F28180AEF1020E3C44A4EB7C
:1009A00009041FFA83F9B4FBF0F300FB134449EA8E
:1009B000044403FB0CFCA44507D93C1903F1FF30A8
:1009C00067D2A44565D9023B3C4443EA0E40A0FBF4
:1009D0000293A4EB0C049C42CE469C4651D34ED0CD
:1009E00055B1B8EB0E0364EB0C0404FA06F6CB40E9
:1009F0001E43CC40C5E90064002150E7C2F120034A
:100A000020FA03F10CFA02FC24FA03F394400C439D
:100A10004FEA1C4800FA02FE1FFA8CF7B3FBF8F00D
:100A200008FB1031230C43EA014300FB07F1994214
:100A300008D91CEB030300F1FF362CD299422AD9C6
:100A4000023863445B1AA4B2B3FBF8F108FB11331C
:100A500044EA034401FB07F3A34208D91CEB040456
:100A600001F1FF3613D2A34211D902396444E41ACA
:100A700041EA004139E70446F0E6084606E7C84582
:100A8000AED2B9EB020E63EB070C0138A8E7314692
:100A9000EDE7034699E73046D4E7D6467FE763445F
:100AA00002384DE70646234608460FE7023E6344F8
:100AB00030E700BF704700BF80B500AF094B1B781F
:100AC0000133DAB2074B1A70064B1B78142B07D987
:100AD000044B00221A704FF40051034804F05DFDEE
:100AE00000BF80BD340900240008025880B582B0E0
:100AF00000AF16F0C9FF03467B600DF03FF80748D2
:100B000026F054FFFFF7D8FF0DF0BEFA3B1D0A2177
:100B1000184616F0E7FD00BFF4E700BFB8A40208CE
:100B2000B0B500AF01F09CFB034600221C46154601
:100B300022462B4610461946B0BD0000B0B588B01D
:100B400000AFFFF7EDFFC7E904010023FB770DE0DD
:100B50004FF47A701DF064FBFB7F0133FB771DF0CF
:100B600039FB0346002B01D00523FB77FB7F042BC9
:100B7000EED91DF02FFB034683F00103DBB2002BFF
:100B800012D04FF47A701DF04BFBF860FB68002B1D
:100B90000AD0FA6874210F4826F0A0FE0E4B0522F9
:100BA0001A60002016F02AFD1DF01EFBC7E90001A7
:100BB000FFF7B6FFC7E90401D7E90001D7E904232D
:100BC000841A61EB0305054BC3E9004500BF2037DC
:100BD000BD46B0BDCCA4020838090024E00B0024B7
:100BE000B0B588B000AF78604FF000024FF000035E
:100BF000C7E9022300233B61FFF792FF154BD3E9BE
:100C00000023841841EB0305C7E90645D7E906012F
:100C10004FF47A724FF00003FFF786FD02460B4651
:100C2000C7E90223D7E906014FF47A724FF00003B7
:100C3000FFF77AFD084B02FB03F33B617B681C4620
:100C400007F108030FCB84E80F0078682037BD4612
:100C5000B0BD00BFE00B002440420F0080B586B05D
:100C600000AF3B1D18461BF0E3FC0F4B7B600F4BA6
:100C7000BB600F4BFB600F4B3B613B1D18461BF0ED
:100C8000E5FC034683F00103DBB2002B06D099217B
:100C9000094826F023FE4FF0FF3300E000231846FA
:100CA0001837BD4680BD00BF89590108CD590108DC
:100CB000055A0108715A0108F0A4020880B588B0ED
:100CC00004AF78600023FB607B680293074B0193BD
:100CD000074B0093074B084A084901201CF008F90C
:100CE000F860FB6818461037BD4680BDAD57010857
:100CF000515701083157010805570108700D0024AC
:100D000090B587B002AF14494FF000024FF00003D6
:100D1000C1E9062310494FF000024FF00003C1E97A
:100D200008230D494FF000024FF00003C1E90A23E8
:100D3000094C3846084B094A009208330ECB18F08C
:100D400093FA04F108033A4607CA83E8070000BF94
:100D50001437BD4690BD00BF880A002418A50208BC
:100D600080B400AF0E4BD3ED067AB7EEE77A0D4BA9
:100D700083ED067B0A4BD3ED077AB7EEE77A094B92
:100D800083ED087B064BD3ED087AB7EEE77A054B87
:100D900083ED0A7B00BFBD465DF8047B704700BF52
:100DA000980F0024880A002480B586B000AFFFF7B2
:100DB000D7FF3B461846FFF713FFD7E90023104B38
:100DC0001A60BB681A460E4B5A6000220C490D4847
:100DD00019F0FCFF78617B69002B0AD00A4B1B6875
:100DE0000133094A13607A69E121084826F076FD4B
:100DF00002E0054B00221A6000BF1837BD4680BDD7
:100E0000880A0024400900243809002424A5020887
:100E100090B587B002AF2C494FF000024FF00003AD
:100E2000C1E9062328494FF000024FF00003C1E951
:100E3000082325494FF000024FF00003C1E90A23BF
:100E400021494FF00002214BC1E90C231E494FF00C
:100E500000024FF00003C1E920231B494FF00002BC
:100E60004FF00003C1E9222317494FF000024FF071
:100E70000003C1E9242314494FF000024FF000039E
:100E8000C1E9382310494FF000024FF00003C1E9D7
:100E90003A230D494FF000024FF00003C1E93C2313
:100EA000094C3846084B0A4A009208330ECB18F01A
:100EB000DBF904F108033A4607CA83E8070000BFDC
:100EC0001437BD4690BD00BF480900240000F03F24
:100ED00048A5020880B400AF2A4BD3ED097AB7EEDB
:100EE000E77A294B83ED067B264BD3ED0A7AB7EEE2
:100EF000E77A254B83ED087B224BD3ED0B7AB7EED7
:100F0000E77A214B83ED0A7B1F494FF000021F4B0C
:100F1000C1E90C231B4BD3ED037AB7EEE77A1A4BEA
:100F200083ED207B174BD3ED047AB7EEE77A164BAF
:100F300083ED227B134BD3ED057AB7EEE77A124BA4
:100F400083ED247B0F4BD3ED007AB7EEE77A0E4B9F
:100F500083ED387B0B4BD3ED017AB7EEE77A0A4B82
:100F600083ED3A7B074BD3ED027AF1EE677AB7EE69
:100F7000E77A054B83ED3C7B00BFBD465DF8047B03
:100F8000704700BF980F0024480900240000F03F7C
:100F900080B586B000AFFFF79DFF3B461846FFF7D0
:100FA0001FFED7E90023114B1A60BB681A460F4B8E
:100FB0005A6000220D490E4819F008FF78617B69DC
:100FC000002B0BD00B4B1B6801330A4A13607A6964
:100FD00040F20F11084826F081FC02E0054B002288
:100FE0001A6000BF1837BD4680BD00BF4809002405
:100FF0003C0900243809002424A5020880B584B0E7
:1010000000AFF860C7E90023FB68002B03D0FFF7AF
:10101000BFFFFFF7C9FE00BF1037BD4680BD00000F
:10102000B0B5B6B002AF0023C7F8CC30BB4C07F167
:10103000880318461BF028FB254607F188040FCCCF
:101040000FC523682B6019F043FA0346C7F8A43094
:10105000B24B07F1A4046D4603F10C0292E80300C1
:1010600085E803000ECB204619F034FAC7F8C80013
:10107000D7F8C830002B0CD0D7F8C82040F2231185
:10108000A74826F02BFCA74B05221A60002016F07B
:10109000B5FAA54B1B781A4607F1A403114618466A
:1010A00019F016FBC7F8C400D7F8C430002B0CD0D9
:1010B000D7F8C4204FF49271994826F00FFC994B51
:1010C00005221A60002016F099FA07F1A4031846C9
:1010D00019F006FBC7F8C000322015F0D3FA924B86
:1010E0001B781946914826F0F9FBD7F8C000FFF7A6
:1010F000E5FDFFF7B3FD4FF4FA7015F0C3FA07F101
:10110000A403864A009200220021894818F0F8FEC4
:10111000C7F8CC00D7F8CC30002B03D0854826F098
:1011200045FCE8E700BF844826F040FCFFF706FDD9
:10113000824C07F18803184619F0FAFA224607F1A3
:10114000880393E8030082E80300794B7C4A7D49D9
:101150007A4818F09BFFC7F8BC00D7F8BC30002BCA
:101160000CD0D7F8BC2040F237116D4826F0B6FB02
:101170006C4B05221A60002016F040FAFFF748FE7B
:10118000FFF7BEFD704B1B780133DAB26E4B1A705D
:101190001DF014FE02466D4B68496D4819F028F8A1
:1011A000C7F8B800D7F8B830002B0CD0D7F8B82063
:1011B0004FF49F715A4826F091FB5A4B05221A6052
:1011C000002016F01BFA1DF011FE0246614B5B4930
:1011D000614819F00DF8C7F8B400D7F8B430002B07
:1011E0000CD0D7F8B42040F243114D4826F076FBDE
:1011F0004C4B05221A60002016F000FA574B009362
:10120000574A4FF000034A49564819F02BF8C7F8DF
:10121000B000D7F8B030002B0CD0D7F8B02040F297
:101220004F113F4826F05AFB3E4B05221A60002022
:1012300016F0E4F9444B1B7819464B4826F04EFB58
:101240004A4C3B46184618F081FB20463B46882214
:10125000194626F044FE3C4B1B781A462F4B344966
:10126000424818F07DFBC7F8AC00D7F8AC30002B33
:101270000CD0D7F8AC204FF4AC71294826F02EFBE7
:10128000284B05221A60002016F0B8F93549374876
:1012900018F0E2FBC7F8A800D7F8A830002B0CD054
:1012A000D7F8A82040F25B111D4826F017FB1D4B14
:1012B00005221A60002016F0A1F901224FF48041A6
:1012C0002B4804F051F916F0DFFB0346C7F8A030B5
:1012D0000BE0284A4FF00003244818F0D7FD07F12F
:1012E000A0030A21184616F0FDF90E4B1B68022BCD
:1012F000EFDD00224FF480411D4804F035F91E480F
:1013000026F054FB1D4826F051FB0A2016F06AFA1D
:1013100001F0B5F800BFD037BD46B0BD040B0024C6
:10132000CCA40208380900240000002454A50208B7
:10133000180B002468A5020880A50208D80B002419
:10134000EC0B002498A50208E80B0024A8A50208CD
:101350003C090024B8A5020840090024FD0F00083C
:10136000005A6202000B0024C0A50208500B0024A2
:101370000008025880969800D4A50208E4A5020847
:1013800080B582B000AF114BD3F8D8300F4A43F08C
:101390000103C2F8D8300D4BD3F8D83003F0010365
:1013A0007B607B68002205210B2001F040F80B20B8
:1013B00001F057F8002205210C2001F038F80C202C
:1013C00001F04FF800BF0837BD4680BD0044025809
:1013D00080B500AF084A0021084815F0C1F803465F
:1013E000074A1360074A0021074815F0B9F8034679
:1013F000064A136000BF80BDE4B70208111400085C
:10140000F80B002408B8020827140008FC0B00247D
:1014100080B582B000AF7860FFF768FB4FF47A7058
:1014200015F030F9FAE780B582B000AF786064203B
:1014300015F028F9FFF7F4FD4FF47A7015F022F952
:10144000FAE7000080B58CB000AF07F11C03002262
:101450001A605A609A60DA601A614F4BD3F8E03034
:101460004D4A43F00403C2F8E0304B4BD3F8E03070
:1014700003F00403BB61BB69474BD3F8E030464A35
:1014800043F08003C2F8E030434BD3F8E03003F080
:1014900080037B617B69404BD3F8E0303E4A43F0E8
:1014A0001003C2F8E0303C4BD3F8E03003F01003F7
:1014B0003B613B69384BD3F8E030374A43F00203D5
:1014C000C2F8E030344BD3F8E03003F00203FB60A5
:1014D000FB68314BD3F8E0302F4A43F00803C2F8E1
:1014E000E0302D4BD3F8E03003F00803BB60BB685D
:1014F000294BD3F8E030284A43F00103C2F8E0302A
:10150000254BD3F8E03003F001037B607B680022B9
:101510004FF4C041214804F027F800224FF48051D5
:101520001F4804F021F84FF4C043FB6101233B62E4
:1015300000237B620023BB6207F11C031946174896
:1015400003F062FE4FF48053FB6101233B620023F2
:101550007B620023BB6207F11C031946104803F0AD
:1015600053FE4FF48063FB614FF488133B6200230A
:101570007B6207F11C0319460A4803F045FE00226E
:101580000521282000F053FF282000F06AFF00BF4B
:101590003037BD4680BD00BF0044025800080258E5
:1015A00000040258000C025880B500AF00F0D8F8D3
:1015B00000F006FE00F012F8FFF744FFFFF7E0FE30
:1015C00000F05EFC00F010F900F00EFC14F07EFF5D
:1015D000FFF7FEFE14F09EFF00BFFDE780B59EB052
:1015E00000AF07F12C034C220021184626F054FBD3
:1015F00007F10C0320220021184626F04DFB0220A3
:1016000004F000F80023BB60484BDB6A474A23F034
:101610000103D362454BDB6A03F00103BB60444B1B
:101620009B69434A43F440439361414B9B6903F4F4
:101630004043BB60BB6800BF3D4B9B6903F4005354
:10164000B3F5005FF8D13B4BD3F8F430394A43F09F
:101650000203C2F8F430374BD3F8F43003F002033E
:101660007B607B6800233B60314B9B69304A43F4CD
:10167000404393612E4B9B6903F440433B602B4BEB
:10168000DB6A2A4A43F00103D362284BDB6A03F08A
:1016900001033B603B6800BF254B9B6903F400538B
:1016A000B3F5005FF8D10123FB624FF480333B6355
:1016B00002233B6502237B650523BB65C023FB65D5
:1016C00002233B6608237B660223BB660823FB6676
:1016D00000233B6700237B6707F12C03184603F0C8
:1016E000CBFF0346002B01D000F078F83F23FB60CE
:1016F00003233B6100237B610823BB614023FB6123
:1017000040233B624FF480637B624023BB6207F15E
:101710000C030421184604F009FC0346002B01D0F9
:1017200000F05CF800BF7837BD4680BD000400586B
:10173000004802580044025880B584B000AFF860F9
:10174000B9607A607B689AB2FF23B968034808F0F1
:1017500065F87B6818461037BD4680BDDC0C002458
:1017600080B584B000AF3B4600221A605A609A6090
:10177000DA6000F089FE01233B7000237B700023B8
:101780007B601F233B7287237B720023BB72002385
:10179000FB7201233B7301237B730023BB73002384
:1017A000FB733B46184600F0A7FE042000F084FEC1
:1017B00000BF1037BD4680BD80B582B000AF7860F5
:1017C0007B681B68044A934201D100F035FD00BFDD
:1017D0000837BD4680BD00BF0014004080B400AF94
:1017E00072B600BF00BFFDE780B500AF284B294AA5
:1017F0001A60274B4FF480025A60254B00229A60F2
:10180000234B0722DA60224B4FF000721A61204B03
:101810004FF080725A611E4B4FF080629A611C4BF0
:101820004FF0C042DA611A4B00221A62184B0022B4
:101830005A62174B00229A62154B0022DA62144B4F
:101840004FF080425A63124B00229A63104B0022E1
:10185000DA630F4B00221A640D4B00225A640C4BC2
:1018600000229A640A4B0022DA64094B00221A65AE
:10187000074B00225A65064B00229A65044806F081
:101880004FFD0346002B01D0FFF7A8FF00BF80BD2E
:10189000000C00240038004080B5BCB000AF786078
:1018A00007F1DC0300221A605A609A60DA601A615C
:1018B00007F11803C0220021184626F0EDF97B68D5
:1018C0001B683C4A934271D14FF480524FF00003A1
:1018D000C7E906230023BB6707F11803184604F085
:1018E000F3FE0346002B01D0FFF778FF324BD3F80D
:1018F000E830314A43F48043C2F8E8302E4BD3F845
:10190000E83003F480437B617B692B4BD3F8E030F4
:10191000294A43F00403C2F8E030274BD3F8E03003
:1019200003F004033B613B69234BD3F8E030224AC8
:1019300043F00203C2F8E0301F4BD3F8E03003F06D
:101940000203FB60FB680C23C7F8DC300223C7F8F6
:10195000E0300023C7F8E4300023C7F8E83005235F
:10196000C7F8EC3007F1DC031946144803F04CFCCF
:101970004FF40053C7F8DC300223C7F8E0300023EF
:10198000C7F8E4300023C7F8E8300523C7F8EC3087
:1019900007F1DC0319460A4803F036FC0022052152
:1019A000242000F044FD242000F05BFD00BFF03750
:1019B000BD4680BD0038004000440258000802586F
:1019C0000004025880B582B000AF0C4BD3F8F4305D
:1019D0000A4A43F00203C2F8F430084BD3F8F4305B
:1019E00003F002037B607B6800220F216FF001008F
:1019F00000F01DFD00BF0837BD4680BD0044025801
:101A000080B590B000AF78607B680F2B27D800229C
:101A10007968372000F00BFD372000F022FD294ABD
:101A20007B681360284BD3F8E830274A43F0200343
:101A3000C2F8E830244BD3F8E83003F02003FB6011
:101A4000FB6807F1100207F114031146184604F071
:101A5000F9FDBB6ABB63BB6B002B06D101E0012320
:101A60002BE004F0C3FDF86304E004F0BFFD03467F
:101A70005B00FB63FB6B154AA2FB03239B0C013B42
:101A80007B63134B134A1A60114B40F2E732DA6062
:101A90000F4A7B6B53600E4B00221A610C4B0022E5
:101AA0009A600B4807F09DFB0346002B04D10848C1
:101AB00007F0F8FB034600E0012318464037BD4617
:101AC00080BD00BF100000240044025883DE1B4389
:101AD000880C00240014004080B400AF00BFFDE774
:101AE00080B400AF00BFFDE780B400AF00BFFDE7EA
:101AF00080B400AF00BFFDE780B400AF00BFFDE7DA
:101B000080B400AF00BFBD465DF8047B70470000A5
:101B100080B500AF024802F059F800BF80BD00BF99
:101B2000040E002480B500AF024802F04FF800BF59
:101B300080BD00BF7C0E002480B500AF024807F0D6
:101B40004DF800BF80BD00BF000C002480B500AF81
:101B5000024808F053F800BF80BD00BF700D00249C
:101B600080B500AF4FF4806003F031FD00BF80BD51
:101B700080B500AF024807F00DFC00BF80BD00BF7C
:101B8000880C002480B400AF01231846BD465DF8E0
:101B9000047B704780B582B000AF7860396026F072
:101BA00069F9034616221A604FF0FF3318460837CA
:101BB000BD4680BD80B582B000AF78604FF0FF3188
:101BC0007868FFF7E7FF00BFFDE780B586B000AF9C
:101BD000F860B9607A6000237B610AE0AFF30080AF
:101BE0000146BB685A1CBA60CAB21A707B690133DD
:101BF0007B617A697B689A42F0DB7B68184618370C
:101C0000BD4680BD80B483B000AF78604FF0FF3335
:101C100018460C37BD465DF8047B704780B483B02E
:101C200000AF786039603B684FF400525A6000237F
:101C300018460C37BD465DF8047B704780B483B00E
:101C400000AF7860012318460C37BD465DF8047B71
:101C5000704780B485B000AFF860B9607A60002347
:101C600018461437BD465DF8047B704780B586B0D2
:101C700000AF7860144A154BD31A7B617B693B61D6
:101C8000134B1B68002B02D1114B124A1A60104BE8
:101C90001A687B6813443A699A4207D226F0EAF838
:101CA00003460C221A604FF0FF3309E0084B1B6813
:101CB000FB60074B1A687B681344054A1360FB6896
:101CC00018461837BD4680BD0000082400040000F7
:101CD000D80C0024880D022480B400AF374BD3F811
:101CE0008830364A43F47003C2F88830344B1B689E
:101CF00003F00F03062B07D8314B1B6823F00F03AB
:101D00002F4A43F0070313602E4B1B682D4A43F004
:101D1000010313602B4B00221A612A4B1A682949D0
:101D2000294B13400B60264B1B6803F00803002B64
:101D300007D0234B1B6823F00F03214A43F007030E
:101D40001360204B00229A611E4B0022DA611D4B6A
:101D500000221A621B4B1D4A9A621A4B1C4ADA6215
:101D6000184B1C4A1A63174B00225A63154B194A29
:101D70009A63144B0022DA63124B164A1A64114B11
:101D800000225A640F4B1B680E4A23F48023136011
:101D90000C4B00221A66104B1A68104B1340B3F11B
:101DA000005F02D20E4B01221A600E4B43F2D202A8
:101DB0001A6000BFBD465DF8047B704700ED00E08F
:101DC00000200052004402587FEDF6EA00020202B1
:101DD0000000FF01800201010010005C0000FFFF15
:101DE000088100510040005280B500AF224B234AC9
:101DF0001A60214B4FF4E1325A601F4B00229A6067
:101E00001D4B0022DA601C4B00221A611A4B0C2277
:101E10005A61194B00229A61174B0022DA61164B66
:101E200000221A62144B00225A62134B00229A625B
:101E3000114807F0A3FC0346002B01D0FFF7CEFCAE
:101E400000210D4809F026FD0346002B01D0FFF7C5
:101E5000C5FC0021084809F05BFD0346002B01D0BA
:101E6000FFF7BCFC044809F0DCFC0346002B01D062
:101E7000FFF7B4FC00BF80BDDC0C002400780040FC
:101E800080B500AF224B234A1A60214B224A5A6088
:101E90001F4B00229A601E4B0022DA601C4B00226E
:101EA0001A611B4B0C225A61194B00229A61184B84
:101EB0000022DA61164B00221A62154B00225A6288
:101EC000134B00229A62124807F058FC0346002B7D
:101ED00001D0FFF783FC00210D4809F0DBFC03462D
:101EE000002B01D0FFF77AFC0021094809F010FD12
:101EF0000346002B01D0FFF771FC054809F091FC67
:101F00000346002B01D0FFF769FC00BF80BD00BF76
:101F1000700D00240010014080841E0080B5BCB00C
:101F200000AF786007F1DC0300221A605A609A6003
:101F3000DA601A6107F11803C0220021184625F063
:101F4000ABFE7B681B68804A934247D14FF0020288
:101F50004FF00003C7E906230023C7F8903007F1CC
:101F60001803184604F0B0FB0346002B01D0FFF71E
:101F700035FC764BD3F8E830744A43F08043C2F81E
:101F8000E830724BD3F8E83003F080437B617B6923
:101F90006E4BD3F8E0306D4A43F01003C2F8E030E6
:101FA0006A4BD3F8E03003F010033B613B694FF418
:101FB000C073C7F8DC300223C7F8E0300023C7F84D
:101FC000E4300023C7F8E8300723C7F8EC3007F106
:101FD000DC0319465E4803F017F9B0E07B681B6824
:101FE0005C4A934240F0AB804FF001024FF0000397
:101FF000C7E906230023C7F8943007F118031846F1
:1020000004F062FB0346002B01D0FFF7E7FB4F4BC8
:10201000D3F8F0304D4A43F01003C2F8F0304B4B88
:10202000D3F8F03003F01003FB60FB68474BD3F8A4
:10203000E030464A43F00103C2F8E030434BD3F8A6
:10204000E03003F00103BB60BB684FF4C063C7F826
:10205000DC300223C7F8E0300023C7F8E430002367
:10206000C7F8E8300723C7F8EC3007F1DC0319465E
:10207000394803F0C9F8394B394A1A60374B2922DD
:102080005A60364B00229A60344B0022DA60334BA0
:102090004FF480621A61314B00225A612F4B0022AB
:1020A0009A612E4B4FF48072DA612C4B00221A6237
:1020B0002A4B00225A62294800F05EFA0346002BA0
:1020C00001D0FFF78BFB7B68244AC3F88020234AAA
:1020D0007B689363234B244A1A60224B2A225A605E
:1020E000204B40229A601F4B0022DA601D4B4FF4B8
:1020F00080621A611B4B00225A611A4B00229A61BE
:10210000184B0022DA61174B00221A62154B00228D
:102110005A62144800F030FA0346002B01D0FFF752
:102120005DFB7B680F4ADA670E4A7B689363002287
:102130000521252000F07BF9252000F092F900BF51
:10214000F037BD4680BD00BF007800400044025813
:10215000001002580010014000000258040E002434
:10216000100002407C0E002428000240DFF834D02A
:10217000FFF7B2FD0C480D490D4A002302E0D45888
:10218000C4500433C4188C42F9D30A4A0A4C0023C1
:1021900001E013600432A242FBD325F071FEFFF789
:1021A00003FA7047000008240000002418090024E6
:1021B0008006030818090024840D0224FEE70000AD
:1021C00080B582B000AF032000F026F904F064F877
:1021D0000246154B9B691B0A03F00F031349CB5CA6
:1021E00003F01F0322FA03F37B600F4B9B6903F09C
:1021F0000F030E4AD35C03F01F037A6822FA03F33D
:102200000B4A13600B4A7B6813600F20FFF7F8FB43
:102210000346002B01D0012302E0FFF7D3FB00238C
:1022200018460837BD4680BD004402582CB8020845
:102230000C0000240800002480B400AF064B1B787B
:102240001A46064B1B681344044A136000BFBD4680
:102250005DF8047B704700BF14000024F40E0024D6
:1022600080B400AF034B1B681846BD465DF8047B85
:10227000704700BFF40E002480B400AF034B1B680E
:102280001B0C1846BD465DF8047B70470010005CCF
:1022900080B485B000AF78607B6803F00703FB6013
:1022A0000B4BDB68BB60BA684FF6FF031340BB60A3
:1022B000FB681A02BB681A43064B1343BB60044A0F
:1022C000BB68D36000BF1437BD465DF8047B704720
:1022D00000ED00E00000FA0580B400AF044BDB68BD
:1022E0001B0A03F007031846BD465DF8047B7047E0
:1022F00000ED00E080B483B000AF0346FB80B7F987
:102300000630002B0BDBFB8803F01F020749B7F9EF
:1023100006305B09012000FA02F241F8232000BFD9
:102320000C37BD465DF8047B704700BF00E100E05C
:1023300080B483B000AF03463960FB80B7F9063044
:10234000002B0ADB3B68DAB20C49B7F90630120100
:10235000D2B20B4483F800230AE03B68DAB20849A2
:10236000FB8803F00F03043B1201D2B20B441A7630
:1023700000BF0C37BD465DF8047B704700E100E00C
:1023800000ED00E080B489B000AFF860B9607A6019
:10239000FB6803F00703FB61FB69C3F10703042B30
:1023A00028BF0423BB61FB690433062B02D9FB69F8
:1023B000033B00E000237B614FF0FF32BB6902FA70
:1023C00003F3DA43BB681A407B699A404FF0FF3150
:1023D0007B6901FA03F3D9437B680B40134318462A
:1023E0002437BD465DF8047B7047000080B400AF21
:1023F000BFF34F8F00BF064BDB6803F4E062044974
:10240000044B1343CB60BFF34F8F00BF00BFFDE70A
:1024100000ED00E00400FA0580B582B000AF7860FE
:102420007868FFF735FF00BF0837BD4680BD80B52F
:1024300086B000AF0346B9607A60FB81FFF74CFFBE
:1024400078617A68B9687869FFF79CFF0246B7F946
:102450000E3011461846FFF76BFF00BF1837BD4618
:1024600080BD80B582B000AF0346FB80B7F906306F
:102470001846FFF73FFF00BF0837BD4680BD80B557
:1024800000AFFFF7B3FF000080B400AFBFF35F8F72
:1024900000BF074B5B6A064A23F480335362054B47
:1024A00000225A6000BFBD465DF8047B704700BF44
:1024B00000ED00E090ED00E080B483B000AF786004
:1024C0000B4A7B6843F0010353600A4B5B6A094A7D
:1024D00043F480335362BFF34F8F00BFBFF36F8F5E
:1024E00000BF00BF0C37BD465DF8047B704700BFDE
:1024F00090ED00E000ED00E080B483B000AF7860C4
:102500007B685A781B4B9A601A4B1B69194A23F057
:1025100001031361174A7B685B68D3607B681B7B90
:102520001A077B68DB7A1B061A437B689B7ADB04FD
:102530001A437B685B7B9B041A437B689B7B5B0431
:102540001A437B68DB7B1B041A437B685B7A1B02A4
:102550001A437B681B7A5B0013437A681278114632
:10256000044A0B43136100BF0C37BD465DF8047B82
:10257000704700BF90ED00E080B586B000AF786096
:10258000FFF76EFE38617B68002B01D1012316E353
:102590007B681B68664A93424AD07B681B68654A21
:1025A000934245D07B681B68634A934240D07B6866
:1025B0001B68624A93423BD07B681B68604A934227
:1025C00036D07B681B685F4A934231D07B681B68BA
:1025D0005D4A93422CD07B681B685C4A934227D0AB
:1025E0007B681B685A4A934222D07B681B68594A11
:1025F00093421DD07B681B68574A934218D07B6872
:102600001B68564A934213D07B681B68544A934216
:102610000ED07B681B68534A934209D07B681B68C5
:10262000514A934204D07B681B68504A934201D1BF
:10263000012300E00023002B00F03B817B68022295
:1026400083F835207B68002283F834207B681B6880
:10265000374A93424AD07B681B68364A934245D03A
:102660007B681B68344A934240D07B681B68334ABE
:1026700093423BD07B681B68314A934236D07B68DB
:102680001B68304A934231D07B681B682E4A9342C4
:102690002CD07B681B682D4A934227D07B681B682F
:1026A0002B4A934222D07B681B682A4A93421DD052
:1026B0007B681B68284A934218D07B681B68274AAE
:1026C000934213D07B681B68254A93420ED07B68E7
:1026D0001B68244A934209D07B681B68224A9342B4
:1026E00004D07B681B68214A934208D17B681B6831
:1026F0001A687B681B6822F001021A6007E07B6899
:102700001B681A687B681B6822F001021A602FE0C0
:10271000FFF7A6FD02463B69D31A052B28D97B6833
:1027200020225A657B68032283F83520012346E284
:1027300010000240280002404000024058000240C1
:102740007000024088000240A0000240B800024031
:102750001004024028040240400402405804024091
:102760007004024088040240A0040240B804024001
:102770007B681B681B6803F00103002BC8D17B68D2
:102780001B681B687B617A69834B13407B617B68A4
:102790009A687B68DB681A437B681B691A437B680D
:1027A0005B691A437B689B691A437B68DB691A4340
:1027B0007B681B6A13437A6913437B617B685B6A9E
:1027C000042B07D17B68DA6A7B681B6B13437A6939
:1027D00013437B61714B1A68714B1340B3F1005F77
:1027E00028D37B685B68282B03D97B685B682E2B1A
:1027F00017D97B685B683E2B03D97B685B68422BEB
:102800000FD97B685B68462B03D97B685B68482BD4
:1028100007D97B685B684E2B05D97B685B68522BB8
:1028200001D8012300E00023002B03D07B6943F48F
:1028300080137B617B681B687A691A607B681B6800
:102840005B697B617B6923F007037B617B685B6A63
:102850007A6913437B617B685B6A042B17D17B68C1
:102860009B6A7A6913437B617B68DB6A002B0ED01D
:10287000786802F03FFB0346002B08D07B684022BB
:102880005A657B68012283F83520012397E17B6834
:102890001B687A695A61786802F07AFA0346BB606D
:1028A0007B68DB6D03F01F033F229A40BB689A6090
:1028B000CDE07B681B683B4A934222D07B681B6853
:1028C000394A93421DD07B681B68384A934218D01E
:1028D0007B681B68364A934213D07B681B68354A75
:1028E00093420ED07B681B68334A934209D07B68C1
:1028F0001B68324A934204D07B681B68304A93427B
:1029000001D1012300E00023002B00F097807B68B9
:102910001B68244A934221D07B681B68224A934259
:102920001CD07B681B68214A934217D07B681B68C8
:102930001F4A934212D07B681B681E4A93420DD0F7
:102940007B681B681C4A934208D07B681B681B4A43
:10295000934203D07B681B68194A93427B6802222A
:1029600083F835207B68002283F834207B681B685D
:102970001B687B617A69134B13407B617B689B68A2
:10298000402B21D07B689B68802B02D14FF4804381
:102990001BE0002319E000BF3F8010FE0010005C28
:1029A0000000FFFF085402581C54025830540258CB
:1029B00044540258585402586C54025880540258D7
:1029C000945402580F00FEFF10237A68D268D20890
:1029D0001A437B681B69DB081A437B685B69DB0869
:1029E0001A437B689B69DB081A437B68DB69DB0859
:1029F0001A437B681B6A1B0913437A6913437B6183
:102A00007B681B687A691A607B681B681A466E4B84
:102A100013446E4AA2FB03231B099A007B68DA6504
:102A2000786802F0B5F90346FB607B68DB6D03F064
:102A30001F0301229A40FB685A6008E07B6840222D
:102A40005A657B68032283F835200123B7E07B6851
:102A50001B685F4A934272D07B681B685D4A934251
:102A60006DD07B681B685C4A934268D07B681B68AA
:102A70005A4A934263D07B681B68594A93425ED09E
:102A80007B681B68574A934259D07B681B68564A3B
:102A9000934254D07B681B68544A93424FD07B6862
:102AA0001B68534A93424AD07B681B68514A934241
:102AB00045D07B681B68504A934240D07B681B68B6
:102AC0004E4A93423BD07B681B684D4A934236D0B6
:102AD0007B681B684B4A934231D07B681B684A4A2B
:102AE00093422CD07B681B68484A934227D07B686E
:102AF0001B68474A934222D07B681B68454A934231
:102B00001DD07B681B68444A934218D07B681B68C1
:102B1000424A934213D07B681B68414A93420ED0CD
:102B20007B681B683F4A934209D07B681B683E4A1A
:102B3000934204D07B681B683C4A934201D1012335
:102B400000E00023002B32D0786802F04FFA7B6857
:102B50009B68802B02D17B6800225A607B685A6890
:102B60007B681B6ED2B21A607B685B6E7A68926E6D
:102B70005A607B685B68002B10D07B685B68082B11
:102B80000CD8786802F0CCFA7B68DB6E00221A6001
:102B90007B681B6F7A68526F5A6008E07B6800227E
:102BA000DA667B6800221A677B6800225A677B68B6
:102BB00000225A657B68012283F8352000231846DD
:102BC0001837BD4680BD00BFF8ABFDA7CDCCCCCC3F
:102BD000100002402800024040000240580002401D
:102BE0007000024088000240A0000240B80002408D
:102BF00010040240280402404004024058040240ED
:102C00007004024088040240A0040240B80402405C
:102C1000085402581C540258305402584454025864
:102C2000585402586C540258805402589454025814
:102C300080B586B000AFF860B9607A603B60002371
:102C4000FB75FB68002B01D1012326E2FB6893F89A
:102C50003430012B01D102231FE2FB68012283F8EB
:102C60003420FB6893F83530DBB2012B40F00A8248
:102C7000FB68022283F83520FB6800225A65FB6856
:102C80001B68684A93424AD0FB681B68664A9342B5
:102C900045D0FB681B68654A934240D0FB681B68BF
:102CA000634A93423BD0FB681B68624A934236D02A
:102CB000FB681B68604A934231D0FB681B685F4A1F
:102CC00093422CD0FB681B685D4A934227D0FB6877
:102CD0001B685C4A934222D0FB681B685A4A9342A5
:102CE0001DD0FB681B68594A934218D0FB681B68CB
:102CF000574A934213D0FB681B68564A93420ED042
:102D0000FB681B68544A934209D0FB681B68534A0E
:102D1000934204D0FB681B68514A934208D1FB6878
:102D20001B681A68FB681B6822F001021A6007E042
:102D3000FB681B681A68FB681B6822F001021A60B6
:102D40003B687A68B968F86801F076FEFB681B6832
:102D5000344A93424AD0FB681B68334A934245D0B9
:102D6000FB681B68314A934240D0FB681B68304ABD
:102D700093423BD0FB681B682E4A934236D0FB68D7
:102D80001B682D4A934231D0FB681B682B4A934243
:102D90002CD0FB681B682A4A934227D0FB681B682B
:102DA000284A934222D0FB681B68274A93421DD0D1
:102DB000FB681B68254A934218D0FB681B68244AAD
:102DC000934213D0FB681B68224A93420ED0FB68E3
:102DD0001B68214A934209D0FB681B681F4A934233
:102DE00004D0FB681B681E4A934201D1012300E016
:102DF0000023002B36D0FB681B681B6823F01E02E3
:102E0000FB681B6842F016021A60FB681B6C002B03
:102E10003ED0FB681B681A68FB681B6842F008021A
:102E20001A6035E0100002402800024040000240D5
:102E3000580002407000024088000240A00002409A
:102E4000B80002401004024028040240400402403E
:102E5000580402407004024088040240A00402406A
:102E6000B8040240FB681B681B6823F00E02FB6875
:102E70001B6842F00A021A60FB681B6C002B07D02B
:102E8000FB681B681A68FB681B6842F004021A6042
:102E9000FB681B68834A934272D0FB681B68824AB6
:102EA00093426DD0FB681B68804A934268D0FB68F0
:102EB0001B687F4A934263D0FB681B687D4A93423C
:102EC0005ED0FB681B687C4A934259D0FB681B6844
:102ED0007A4A934254D0FB681B68794A93424FD098
:102EE000FB681B68774A93424AD0FB681B68764AA6
:102EF000934245D0FB681B68744A934240D0FB68FC
:102F00001B68734A93423BD0FB681B68714A93422B
:102F100036D0FB681B68704A934231D0FB681B684F
:102F20006E4A93422CD0FB681B686D4A934227D0AF
:102F3000FB681B686B4A934222D0FB681B686A4A95
:102F400093421DD0FB681B68684A934218D0FB6807
:102F50001B68674A934213D0FB681B68654A93421B
:102F60000ED0FB681B68644A934209D0FB681B685B
:102F7000624A934204D0FB681B68614A934201D1C4
:102F8000012300E00023002B1AD0FB681B6E1B6896
:102F900003F48033002B07D0FB681B6E1A68FB68B4
:102FA0001B6E42F480721A60FB68DB6E002B07D048
:102FB000FB68DB6E1A68FB68DB6E42F480721A6095
:102FC000FB681B68374A93424AD0FB681B68364A45
:102FD000934245D0FB681B68344A934240D0FB685B
:102FE0001B68334A93423BD0FB681B68314A9342CB
:102FF00036D0FB681B68304A934231D0FB681B68AF
:103000002E4A93422CD0FB681B682D4A934227D04E
:10301000FB681B682B4A934222D0FB681B682A4A34
:1030200093421DD0FB681B68284A934218D0FB6866
:103030001B68274A934213D0FB681B68254A9342BA
:103040000ED0FB681B68244A934209D0FB681B68BA
:10305000224A934204D0FB681B68214A934208D15C
:10306000FB681B681A68FB681B6842F001021A6063
:1030700012E0FB681B681A68FB681B6842F00102DB
:103080001A6009E0FB684FF400625A65FB68002291
:1030900083F834200123FB75FB7D18461837BD46A5
:1030A00080BD00BF100002402800024040000240E6
:1030B000580002407000024088000240A000024018
:1030C000B8000240100402402804024040040240BC
:1030D000580402407004024088040240A0040240E8
:1030E000B8040240085402581C5402583054025884
:1030F00044540258585402586C5402588054025890
:103100009454025880B586B000AF7860FFF7A8F8F5
:1031100038617B68002B01D10123DCE27B6893F8E6
:103120003530DBB2022B08D07B6880225A657B6881
:10313000002283F834200123CDE27B681B68764AA5
:1031400093424AD07B681B68744A934245D07B689F
:103150001B68734A934240D07B681B68714A934254
:103160003BD07B681B68704A934236D07B681B68F3
:103170006E4A934231D07B681B686D4A93422CD0D3
:103180007B681B686B4A934227D07B681B686A4A3E
:10319000934222D07B681B68684A93421DD07B68AB
:1031A0001B68674A934218D07B681B68654A934244
:1031B00013D07B681B68644A93420ED07B681B68FF
:1031C000624A934209D07B681B68614A934204D0EB
:1031D0007B681B685F4A934201D1012300E0002312
:1031E000002B13D07B681B681A687B681B6822F071
:1031F0001E021A607B681B685A697B681B6822F094
:1032000080025A617B681B687B610AE07B681B68EF
:103210001A687B681B6822F00E021A607B681B68C4
:103220007B617B681B683C4A934272D07B681B6859
:103230003A4A93426DD07B681B68394A934268D002
:103240007B681B68374A934263D07B681B68364AA9
:1032500093425ED07B681B68344A934259D07B68A6
:103260001B68334A934254D07B681B68314A9342AF
:103270004FD07B681B68304A93424AD07B681B68FA
:103280002E4A934245D07B681B682D4A934240D01A
:103290007B681B682B4A93423BD07B681B682A4A99
:1032A000934236D07B681B68284A934231D07B68B2
:1032B0001B68274A93422CD07B681B68254A93429F
:1032C00027D07B681B68244A934222D07B681B6806
:1032D000224A93421DD07B681B68214A934218D032
:1032E0007B681B681F4A934213D07B681B681E4A89
:1032F00093420ED07B681B681C4A934209D07B68BE
:103300001B681B4A934204D07B681B68194A93428E
:1033100032D1012331E000BF1000024028000240FA
:103320004000024058000240700002408800024005
:10333000A0000240B80002401004024028040240ED
:1033400040040240580402407004024088040240D5
:10335000A0040240B8040240085402581C54025809
:103360003054025844540258585402586C5402586D
:1033700080540258945402580023002B07D07B68D5
:103380001B6E1A687B681B6E22F480721A607B6861
:103390001B686D4A93424AD07B681B686B4A934214
:1033A00045D07B681B686A4A934240D07B681B68A3
:1033B000684A93423BD07B681B68674A934236D089
:1033C0007B681B68654A934231D07B681B68644AFE
:1033D00093422CD07B681B68624A934227D07B685B
:1033E0001B68614A934222D07B681B685F4A934204
:1033F0001DD07B681B685E4A934218D07B681B68AF
:103400005C4A934213D07B681B685B4A93420ED0A0
:103410007B681B68594A934209D07B681B68584AED
:10342000934204D07B681B68564A934208D17B685C
:103430001B681A687B681B6822F001021A6007E0AB
:103440007B681B681A687B681B6822F001021A609F
:1034500013E0FEF705FF02463B69D31A052B0CD992
:103460007B6820225A657B68032283F835207B68BD
:10347000002283F8342001232DE17B691B6803F0CF
:103480000103002BE5D17B681B682F4A93424AD089
:103490007B681B682D4A934245D07B681B682C4A89
:1034A000934240D07B681B682A4A93423BD07B689A
:1034B0001B68294A934236D07B681B68274A93428F
:1034C00031D07B681B68264A93422CD07B681B68EE
:1034D000244A934227D07B681B68234A934222D018
:1034E0007B681B68214A93421DD07B681B68204A79
:1034F000934218D07B681B681E4A934213D07B68A6
:103500001B681D4A93420ED07B681B681B4A93427E
:1035100009D07B681B681A4A934204D07B681B68F9
:10352000184A934201D1012300E00023002B2BD045
:103530007B689B6DBB607B68DB6D03F01F033F22E4
:103540009A40BB689A602AE01000024028000240BE
:1035500040000240580002407000024088000240D3
:10356000A0000240B80002401004024028040240BB
:1035700040040240580402407004024088040240A3
:10358000A0040240B80402407B689B6DFB607B682E
:10359000DB6D03F01F0301229A40FB685A607B68D1
:1035A0001B684F4A934272D07B681B684D4A934216
:1035B0006DD07B681B684C4A934268D07B681B685F
:1035C0004A4A934263D07B681B68494A93425ED063
:1035D0007B681B68474A934259D07B681B68464A00
:1035E000934254D07B681B68444A93424FD07B6817
:1035F0001B68434A93424AD07B681B68414A934206
:1036000045D07B681B68404A934240D07B681B686A
:103610003E4A93423BD07B681B683D4A934236D07A
:103620007B681B683B4A934231D07B681B683A4AEF
:1036300093422CD07B681B68384A934227D07B6822
:103640001B68374A934222D07B681B68354A9342F5
:103650001DD07B681B68344A934218D07B681B6876
:10366000324A934213D07B681B68314A93420ED092
:103670007B681B682F4A934209D07B681B682E4ADF
:10368000934204D07B681B682C4A934201D10123EA
:1036900000E00023002B15D07B685B6E7A68926E89
:1036A0005A607B68DB6E002B0CD07B68DB6E1A687F
:1036B0007B68DB6E22F480721A607B681B6F7A680D
:1036C000526F5A607B68012283F835207B680022A4
:1036D00083F83420002318461837BD4680BD00BF4C
:1036E0001000024028000240400002405800024002
:1036F0007000024088000240A0000240B800024072
:1037000010040240280402404004024058040240D1
:103710007004024088040240A0040240B804024041
:10372000085402581C540258305402584454025849
:10373000585402586C5402588054025894540258F9
:1037400080B584B000AF78607B68002B01D1012385
:1037500037E27B6893F83530DBB2022B04D07B680C
:1037600080225A6501232CE27B681B685C4A9342E5
:103770004AD07B681B685B4A934245D07B681B68D4
:10378000594A934240D07B681B68584A93423BD0C9
:103790007B681B68564A934236D07B681B68554A43
:1037A000934231D07B681B68534A93422CD07B688C
:1037B0001B68524A934227D07B681B68504A934249
:1037C00022D07B681B684F4A93421DD07B681B68E0
:1037D0004D4A934218D07B681B684C4A934213D0E1
:1037E0007B681B684A4A93420ED07B681B68494A33
:1037F000934209D07B681B68474A934204D07B6898
:103800001B68464A934201D1012300E00023002BAC
:1038100000F086807B68042283F835207B681B6873
:103820002F4A93424AD07B681B682E4A934245D068
:103830007B681B682C4A934240D07B681B682B4AEC
:1038400093423BD07B681B68294A934236D07B6801
:103850001B68284A934231D07B681B68264A9342F2
:103860002CD07B681B68254A934227D07B681B6855
:10387000234A934222D07B681B68224A93421DD080
:103880007B681B68204A934218D07B681B681F4ADC
:10389000934213D07B681B681D4A93420ED07B680D
:1038A0001B681C4A934209D07B681B681A4A9342E2
:1038B00004D07B681B68194A934208D17B681B6857
:1038C0001A687B681B6822F001021A6078E17B6845
:1038D0001B681A687B681B6822F001021A606FE19E
:1038E0001000024028000240400002405800024000
:1038F0007000024088000240A0000240B800024070
:1039000010040240280402404004024058040240CF
:103910007004024088040240A0040240B80402403F
:103920007B681B681A687B681B6822F00E021A60AD
:103930007B681B686C4A93424AD07B681B686B4A61
:10394000934245D07B681B68694A934240D07B68AC
:103950001B68684A93423BD07B681B68664A934267
:1039600036D07B681B68654A934231D07B681B6800
:10397000634A93422CD07B681B68624A934227D0EB
:103980007B681B68604A934222D07B681B685F4A51
:1039900093421DD07B681B685D4A934218D07B68B8
:1039A0001B685C4A934213D07B681B685A4A934257
:1039B0000ED07B681B68594A934209D07B681B680C
:1039C000574A934204D07B681B68564A934208D1F9
:1039D0007B681B681A687B681B6822F001021A600A
:1039E00007E07B681B681A687B681B6822F001028D
:1039F0001A607B681B683C4A934272D07B681B68E4
:103A00003A4A93426DD07B681B68394A934268D02A
:103A10007B681B68374A934263D07B681B68364AD1
:103A200093425ED07B681B68344A934259D07B68CE
:103A30001B68334A934254D07B681B68314A9342D7
:103A40004FD07B681B68304A93424AD07B681B6822
:103A50002E4A934245D07B681B682D4A934240D042
:103A60007B681B682B4A93423BD07B681B682A4AC1
:103A7000934236D07B681B68284A934231D07B68DA
:103A80001B68274A93422CD07B681B68254A9342C7
:103A900027D07B681B68244A934222D07B681B682E
:103AA000224A93421DD07B681B68214A934218D05A
:103AB0007B681B681F4A934213D07B681B681E4AB1
:103AC00093420ED07B681B681C4A934209D07B68E6
:103AD0001B681B4A934204D07B681B68194A9342B7
:103AE00032D1012331E000BF100002402800024023
:103AF000400002405800024070000240880002402E
:103B0000A0000240B8000240100402402804024015
:103B100040040240580402407004024088040240FD
:103B2000A0040240B8040240085402581C54025831
:103B30003054025844540258585402586C54025895
:103B400080540258945402580023002B28D07B68DC
:103B50001B6E1A687B681B6E22F480721A607B6889
:103B60009B6DFB607B68DB6D03F01F0301229A40B5
:103B7000FB685A607B685B6E7A68926E5A607B68FD
:103B8000DB6E002B0CD07B68DB6E1A687B68DB6E0B
:103B900022F480721A607B681B6F7A68526F5A60D9
:103BA0007B68012283F835207B68002283F834206B
:103BB0007B681B6D002B03D07B681B6D7868984772
:103BC000002318461037BD4680BD00BF80B58AB0BF
:103BD00000AF78600023FB60674B1B68674AA2FB5D
:103BE00003239B0A7B627B689B6D3B627B689B6DBA
:103BF000FB613B6A1B68BB61FB691B687B617B687F
:103C00001B685F4A93424AD07B681B685D4A9342B7
:103C100045D07B681B685C4A934240D07B681B6838
:103C20005A4A93423BD07B681B68594A934236D02C
:103C30007B681B68574A934231D07B681B68564AA1
:103C400093422CD07B681B68544A934227D07B68F0
:103C50001B68534A934222D07B681B68514A9342A7
:103C60001DD07B681B68504A934218D07B681B6844
:103C70004E4A934213D07B681B684D4A93420ED044
:103C80007B681B684B4A934209D07B681B684A4A91
:103C9000934204D07B681B68484A934201D10123B8
:103CA00000E00023002B00F02B847B68DB6D03F029
:103CB0001F0308229A40BB691340002B00F0A2802A
:103CC0007B681B682E4A93424AD07B681B682D4A4A
:103CD000934245D07B681B682B4A934240D07B6857
:103CE0001B682A4A93423BD07B681B68284A934250
:103CF00036D07B681B68274A934231D07B681B68AB
:103D0000254A93422CD07B681B68244A934227D0D3
:103D10007B681B68224A934222D07B681B68214A39
:103D200093421DD07B681B681F4A934218D07B6862
:103D30001B681E4A934213D07B681B681C4A93423F
:103D40000ED07B681B681B4A934209D07B681B68B6
:103D5000194A934204D07B681B68184A93422FD1BA
:103D60007B681B681B6803F00403002B14BF01234E
:103D70000023DBB22EE000BF08000024B5814E1BFB
:103D8000100002402800024040000240580002405B
:103D90007000024088000240A0000240B8000240CB
:103DA000100402402804024040040240580402402B
:103DB0007004024088040240A0040240B80402409B
:103DC0007B681B681B6803F00803002B14BF0123EA
:103DD0000023DBB2002B15D07B681B681A687B6858
:103DE0001B6822F004021A607B68DB6D03F01F037E
:103DF00008229A403B6A9A607B685B6D43F001023F
:103E00007B685A657B68DB6D03F01F03BA6922FA91
:103E100003F303F00103002B6ED07B681B68694A33
:103E200093424AD07B681B68674A934245D07B68BF
:103E30001B68664A934240D07B681B68644A934281
:103E40003BD07B681B68634A934236D07B681B6813
:103E5000614A934231D07B681B68604A93422CD000
:103E60007B681B685E4A934227D07B681B685D4A6B
:103E7000934222D07B681B685B4A93421DD07B68CB
:103E80001B685A4A934218D07B681B68584A934271
:103E900013D07B681B68574A93420ED07B681B681F
:103EA000554A934209D07B681B68544A934204D018
:103EB0007B681B68524A93420AD17B681B685B6926
:103EC00003F08003002B14BF01230023DBB203E0C7
:103ED0007B681B681B680023002B0DD07B68DB6DA3
:103EE00003F01F0301229A403B6A9A607B685B6D76
:103EF00043F002027B685A657B68DB6D03F01F03A9
:103F000004229A40BB691340002B00F08F807B682D
:103F10001B682C4A93424AD07B681B682A4A93420A
:103F200045D07B681B68294A934240D07B681B6858
:103F3000274A93423BD07B681B68264A934236D07F
:103F40007B681B68244A934231D07B681B68234AF4
:103F500093422CD07B681B68214A934227D07B6810
:103F60001B68204A934222D07B681B681E4A9342FA
:103F70001DD07B681B681D4A934218D07B681B6864
:103F80001B4A934213D07B681B681A4A93420ED097
:103F90007B681B68184A934209D07B681B68174AE4
:103FA000934204D07B681B68154A93422AD17B68F0
:103FB0001B681B6803F00203002B14BF01230023BE
:103FC000DBB223E010000240280002404000024023
:103FD000580002407000024088000240A0000240E9
:103FE000B80002401004024028040240400402408D
:103FF000580402407004024088040240A0040240B9
:10400000B80402407B681B681B680023002B0DD09E
:104010007B68DB6D03F01F0304229A403B6A9A60C1
:104020007B685B6D43F004027B685A657B68DB6DDF
:1040300003F01F0310229A40BB691340002B00F0CD
:10404000A6807B681B68854A93424AD07B681B68C0
:10405000834A934245D07B681B68824A934240D092
:104060007B681B68804A93423BD07B681B687F4A11
:10407000934236D07B681B687D4A934231D07B687F
:104080001B687C4A93422CD07B681B687A4A934217
:1040900027D07B681B68794A934222D07B681B68D3
:1040A000774A93421DD07B681B68764A934218D0AA
:1040B0007B681B68744A934213D07B681B68734A01
:1040C00093420ED07B681B68714A934209D07B688B
:1040D0001B68704A934204D07B681B686E4A934207
:1040E0000AD17B681B681B6803F00803002B14BF10
:1040F00001230023DBB209E07B681B681B6803F027
:104100000403002B14BF01230023DBB2002B3ED09D
:104110007B68DB6D03F01F0310229A403B6A9A60B4
:104120007B681B681B6803F48023002B18D07B6816
:104130001B681B6803F40023002B08D17B681B6CF1
:10414000002B24D07B681B6C786898471FE07B6845
:104150009B6C002B1BD07B689B6C7868984716E0A3
:104160007B681B681B6803F48073002B07D17B6896
:104170001B681A687B681B6822F008021A607B685B
:104180001B6C002B03D07B681B6C786898477B689E
:10419000DB6D03F01F0320229A40BB691340002B04
:1041A00000F010817B681B682C4A93424AD07B68E0
:1041B0001B682B4A934245D07B681B68294A93426F
:1041C00040D07B681B68284A93423BD07B681B68C1
:1041D000264A934236D07B681B68254A934231D0E9
:1041E0007B681B68234A93422CD07B681B68224A59
:1041F000934227D07B681B68204A934222D07B6879
:104200001B681F4A93421DD07B681B681D4A93425E
:1042100018D07B681B681C4A934213D07B681B68CC
:104220001A4A93420ED07B681B68194A934209D000
:104230007B681B68174A934204D07B681B68164A48
:1042400093422BD17B681B681B6803F01003002B83
:1042500014BF01230023DBB22AE000BF100002409C
:104260002800024040000240580002407000024016
:1042700088000240A0000240B80002401004024042
:1042800028040240400402405804024070040240E6
:1042900088040240A0040240B80402407B681B6806
:1042A0001B6803F00203002B14BF01230023DBB2C1
:1042B000002B00F087807B68DB6D03F01F0320225A
:1042C0009A403B6A9A607B6893F83530DBB2042BE6
:1042D00039D17B681B681A687B681B6822F016025C
:1042E0001A607B681B685A697B681B6822F0800231
:1042F0005A617B681B6C002B03D17B689B6C002B85
:1043000007D07B681B681A687B681B6822F008026C
:104310001A607B68DB6D03F01F033F229A403B6A03
:104320009A607B68012283F835207B68002283F83D
:1043300034207B681B6D002B00F04A837B681B6D6B
:104340007868984744E37B681B681B6803F4802304
:10435000002B18D07B681B681B6803F40023002B1C
:1043600008D17B685B6C002B2CD07B685B6C786819
:10437000984727E07B68DB6B002B23D07B68DB6BE7
:10438000786898471EE07B681B681B6803F480739D
:10439000002B0FD17B681B681A687B681B6822F0B2
:1043A00010021A607B68012283F835207B680022A6
:1043B00083F834207B68DB6B002B03D07B68DB6BDE
:1043C000786898477B685B6D002B00F006837B68FC
:1043D0005B6D03F00103002B00F088807B680422F2
:1043E00083F835207B681B687A4A93424AD07B6801
:1043F0001B68794A934245D07B681B68774A934291
:1044000040D07B681B68764A93423BD07B681B6830
:10441000744A934236D07B681B68734A934231D00A
:104420007B681B68714A93422CD07B681B68704A7A
:10443000934227D07B681B686E4A934222D07B68E8
:104440001B686D4A93421DD07B681B686B4A934280
:1044500018D07B681B686A4A934213D07B681B683C
:10446000684A93420ED07B681B68674A934209D022
:104470007B681B68654A934204D07B681B68644A6A
:10448000934208D17B681B681A687B681B6822F01E
:1044900001021A6007E07B681B681A687B681B686A
:1044A00022F001021A60FB680133FB607A6A9A42CB
:1044B00007D37B681B681B6803F00103002BF2D154
:1044C00000E000BF7B681B681B6803F00103002B42
:1044D00004D07B68032283F8352003E07B68012247
:1044E00083F835207B68002283F834207B68DB6CFE
:1044F000002B00F072827B68DB6C786898476CE276
:104500007B681B68434A934222D07B681B68424AFF
:1045100093421DD07B681B68404A934218D07B6849
:104520001B683F4A934213D07B681B683D4A934205
:104530000ED07B681B683C4A934209D07B681B689D
:104540003A4A934204D07B681B68394A934201D1AE
:10455000012300E00023002B00F03F827B681B68F2
:104560001B683B617B68DB6D03F01F0304229A40EC
:104570007B691340002B00F0CD803B6903F00403FE
:10458000002B00F0C7807B68DB6D03F01F03042263
:104590009A40FB695A603B6903F40043002B49D001
:1045A0003B6903F48033002B09D17B689B6C002BA3
:1045B00000F010827B689B6C786898470AE27B6801
:1045C0001B6C002B00F006827B681B6C7868984798
:1045D00000E200BF100002402800024040000240FC
:1045E000580002407000024088000240A0000240D3
:1045F000B800024010040240280402404004024077
:10460000580402407004024088040240A0040240A2
:10461000B8040240085402581C540258305402583E
:1046200044540258585402586C540258805402584A
:10463000945402583B6903F02003002B60D17B683F
:104640001B687F4A93424AD07B681B687D4A93422D
:1046500045D07B681B687C4A934240D07B681B68CE
:104660007A4A93423BD07B681B68794A934236D0A2
:104670007B681B68774A934231D07B681B68764A17
:1046800093422CD07B681B68744A934227D07B6886
:104690001B68734A934222D07B681B68714A93421D
:1046A0001DD07B681B68704A934218D07B681B68DA
:1046B0006E4A934213D07B681B686D4A93420ED0BA
:1046C0007B681B686B4A934209D07B681B686A4A07
:1046D000934204D07B681B68684A934208D17B6888
:1046E0001B681A687B681B6822F008021A6007E0E2
:1046F0007B681B681A687B681B6822F004021A60DA
:104700007B681B6C002B00F065817B681B6C7868F4
:1047100098475FE17B68DB6D03F01F0302229A403C
:104720007B691340002B00F0C5803B6903F0020356
:10473000002B00F0BF807B68DB6D03F01F030222BB
:104740009A40FB695A603B6903F40043002B18D080
:104750003B6903F48033002B09D17B685B6C002B31
:1047600000F03A817B685B6C7868984734E17B683D
:10477000DB6B002B00F030817B68DB6B786898473F
:104780002AE13B6903F02003002B40F089807B681D
:104790001B682B4A93424AD07B681B68294A934284
:1047A00045D07B681B68284A934240D07B681B68D1
:1047B000264A93423BD07B681B68254A934236D0F9
:1047C0007B681B68234A934231D07B681B68224A6E
:1047D00093422CD07B681B68204A934227D07B6889
:1047E0001B681F4A934222D07B681B681D4A934274
:1047F0001DD07B681B681C4A934218D07B681B68DD
:104800001A4A934213D07B681B68194A93420ED010
:104810007B681B68174A934209D07B681B68164A5D
:10482000934204D07B681B68144A934228D17B686A
:104830001B681A687B681B6822F014021A6027E064
:104840001000024028000240400002405800024090
:104850007000024088000240A0000240B800024000
:104860001004024028040240400402405804024060
:104870007004024088040240A0040240B8040240D0
:104880007B681B681A687B681B6822F00A021A6042
:104890007B68012283F835207B68002283F834206E
:1048A0007B68DB6B002B00F097807B68DB6B7868A4
:1048B000984791E07B68DB6D03F01F0308229A4064
:1048C0007B691340002B00F088803B6903F00803EC
:1048D000002B00F082807B681B68414A93424AD0DB
:1048E0007B681B683F4A934245D07B681B683E4A01
:1048F000934240D07B681B683C4A93423BD07B6824
:104900001B683B4A934236D07B681B68394A934206
:1049100031D07B681B68384A93422CD07B681B6877
:10492000364A934227D07B681B68354A934222D08F
:104930007B681B68334A93421DD07B681B68324AF0
:10494000934218D07B681B68304A934213D07B682F
:104950001B682F4A93420ED07B681B682D4A9342F6
:1049600009D07B681B682C4A934204D07B681B6883
:104970002A4A934208D17B681B681A687B681B68C7
:1049800022F01C021A6007E07B681B681A687B68CB
:104990001B6822F00E021A607B68DB6D03F01F03B8
:1049A00001229A40FB695A607B6801225A657B6844
:1049B000012283F835207B68002283F834207B684D
:1049C000DB6C002B09D07B68DB6C7868984704E0CF
:1049D00000BF02E000BF00E000BF2837BD4680BD39
:1049E00010000240280002404000024058000240EF
:1049F0007000024088000240A0000240B80002405F
:104A000010040240280402404004024058040240BE
:104A10007004024088040240A0040240B80402402E
:104A200080B483B000AF78607B685B6D18460C374C
:104A3000BD465DF8047B704780B487B000AFF86076
:104A4000B9607A603B60FB689B6D7B61FB689B6D26
:104A50003B61FB681B687F4A934272D0FB681B680E
:104A60007D4A93426DD0FB681B687C4A934268D0B4
:104A7000FB681B687A4A934263D0FB681B68794ADB
:104A800093425ED0FB681B68774A934259D0FB681B
:104A90001B68764A934254D0FB681B68744A934261
:104AA0004FD0FB681B68734A93424AD0FB681B686F
:104AB000714A934245D0FB681B68704A934240D0CC
:104AC000FB681B686E4A93423BD0FB681B686D4ACB
:104AD000934236D0FB681B686B4A934231D0FB6827
:104AE0001B686A4A93422CD0FB681B68684A934251
:104AF00027D0FB681B68674A934222D0FB681B687B
:104B0000654A93421DD0FB681B68644A934218D0E3
:104B1000FB681B68624A934213D0FB681B68614ABA
:104B200093420ED0FB681B685F4A934209D0FB6832
:104B30001B685E4A934204D0FB681B685C4A934240
:104B400001D1012300E00023002B0DD0FB685B6E38
:104B5000FA68926E5A60FB68DB6E002B04D0FB682B
:104B60001B6FFA68526F5A60FB681B68394A9342A0
:104B70004AD0FB681B68384A934245D0FB681B68E3
:104B8000364A934240D0FB681B68354A93423BD07B
:104B9000FB681B68334A934236D0FB681B68324A75
:104BA000934231D0FB681B68304A93422CD0FB689B
:104BB0001B682F4A934227D0FB681B682D4A9342FB
:104BC00022D0FB681B682C4A93421DD0FB681B68EF
:104BD0002A4A934218D0FB681B68294A934213D093
:104BE000FB681B68274A93420ED0FB681B68264A65
:104BF000934209D0FB681B68244A934204D0FB68A7
:104C00001B68234A934201D1012300E00023002BBB
:104C100059D0FB68DB6D03F01F033F229A407B698C
:104C20009A60FB681B681A68FB681B6822F4802284
:104C30001A60FB681B683A685A60FB689B68402BE7
:104C400038D1FB681B687A689A60FB681B68BA6891
:104C5000DA6086E010000240280002404000024076
:104C6000580002407000024088000240A00002404C
:104C7000B8000240100402402804024040040240F0
:104C8000580402407004024088040240A00402401C
:104C9000B8040240085402581C54025830540258B8
:104CA00044540258585402586C54025880540258C4
:104CB00094540258FB681B68BA689A60FB681B68CA
:104CC0007A68DA604DE0FB681B68294A934222D07B
:104CD000FB681B68274A93421DD0FB681B68264A65
:104CE000934218D0FB681B68244A934213D0FB6898
:104CF0001B68234A93420ED0FB681B68214A9342EB
:104D000009D0FB681B68204A934204D0FB681B68EB
:104D10001E4A934201D1012300E00023002B20D042
:104D2000FB68DB6D03F01F0301229A403B695A6068
:104D3000FB681B683A685A60FB689B68402B08D187
:104D4000FB681B687A689A60FB681B68BA68DA605F
:104D500007E0FB681B68BA689A60FB681B687A68A2
:104D6000DA6000BF1C37BD465DF8047B704700BFAA
:104D7000085402581C5402583054025844540258E3
:104D8000585402586C540258805402589454025893
:104D900080B485B000AF78607B681B68424A93425C
:104DA0004AD07B681B68414A934245D07B681B68A8
:104DB0003F4A934240D07B681B683E4A93423BD0B7
:104DC0007B681B683C4A934236D07B681B683B4A31
:104DD000934231D07B681B68394A93422CD07B6860
:104DE0001B68384A934227D07B681B68364A934237
:104DF00022D07B681B68354A93421DD07B681B68B4
:104E0000334A934218D07B681B68324A934213D0CE
:104E10007B681B68304A93420ED07B681B682F4A20
:104E2000934209D07B681B682D4A934204D07B686B
:104E30001B682C4A934201D1012300E00023002B80
:104E400024D07B681B68DBB2103B274AA2FB0323FC
:104E50001B09FB60FB6803F00703244AD35C1A4676
:104E60007B68DA65FB68032B08D97B681B681A46E8
:104E70001F4B13401A1D7B689A650DE07B681B6809
:104E80001A461B4B13407A68936505E07B681B68E4
:104E900023F0FF027B689A657B689B6D1846143788
:104EA000BD465DF8047B70471000024028000240B8
:104EB000400002405800024070000240880002405A
:104EC000A0000240B8000240100402402804024042
:104ED000400402405804024070040240880402402A
:104EE000A0040240B8040240ABAAAAAA3CB8020837
:104EF00000FCFFFF80B485B000AF78600023FB7337
:104F00007B689B69002B20D17B689B6A032B58D858
:104F100001A252F823F000BF294F00083B4F0008C0
:104F2000294F0008C34F00087B68DB6A03F08073D9
:104F3000002B48D00123FB7345E07B68DB6AB3F1AB
:104F4000C07F42D10123FB733FE07B689B69B3F5CF
:104F5000005F23D17B689B6A032B38D801A252F8EB
:104F600023F000BF754F00087B4F0008754F000805
:104F70008D4F00080123FB7330E07B68DB6A03F090
:104F80008073002B25D00123FB7322E07B68DB6A52
:104F9000B3F1C07F1FD10123FB731CE07B689B6AC8
:104FA000022B02D9032B03D018E00123FB7315E079
:104FB0007B68DB6A03F08073002B0ED00123FB7348
:104FC0000BE000BF0AE000BF08E000BF06E000BF42
:104FD00004E000BF02E000BF00E000BFFB7B18461A
:104FE0001437BD465DF8047B704700BF80B485B0C0
:104FF00000AF78607B681B68BB607B681B68384AC1
:10500000934222D07B681B68364A93421DD07B684E
:105010001B68354A934218D07B681B68334A934219
:1050200013D07B681B68324A93420ED07B681B68A2
:10503000304A934209D07B681B682F4A934204D0C0
:105040007B681B682D4A934201D1012300E00023B5
:10505000002B1AD07B681B68DBB2083B284AA2FBF6
:1050600003231B09FB60FA68264B13449B001A4676
:105070007B681A667B68244A5A66FB6803F01F0344
:1050800001229A407B689A6624E07B681B68DBB249
:10509000103B1E4AA2FB03231B09FB60BB681C4A92
:1050A000934206D8BB681B4A934202D9FB68083377
:1050B000FB60FA68184B13449B001A467B681A661B
:1050C0007B68164A5A66FB6803F01F0301229A4068
:1050D0007B689A6600BF1437BD465DF8047B704755
:1050E000085402581C540258305402584454025870
:1050F000585402586C540258805402589454025820
:10510000CDCCCCCC0096001680580258ABAAAAAAE7
:10511000B80402400F0402400082001080080240E0
:1051200080B485B000AF78607B685B68DBB2FB6001
:10513000FB68002B4AD0FB68082B47D87B681B68AC
:10514000254A934222D07B681B68244A93421DD093
:105150007B681B68224A934218D07B681B68214AEF
:10516000934213D07B681B681F4A93420ED07B6822
:105170001B681E4A934209D07B681B681C4A9342F5
:1051800004D07B681B681B4A934201D1012300E0D5
:105190000023002B0AD0FA68174B13449B001A46D1
:1051A0007B68DA667B68154A1A6709E0FA68144B6F
:1051B00013449B001A467B68DA667B68114A1A67BB
:1051C000FB68013B01229A407B685A6700BF143795
:1051D000BD465DF8047B7047085402581C540258C1
:1051E0003054025844540258585402586C540258CF
:1051F00080540258945402583F9600164059025861
:105200003F8200104009024080B489B000AF78604E
:1052100039600023FB61894B7B6194E13B681A682C
:105220000121FB6901FA03F313403B613B69002B49
:1052300000F086813B685B6803F00303012B05D017
:105240003B685B6803F00303022B30D17B689B68EB
:10525000BB61FB695B00032202FA03F3DB43BA691B
:105260001340BB613B68DA68FB695B0002FA03F339
:10527000BA691343BB617B68BA699A607B685B68F3
:10528000BB610122FB6902FA03F3DB43BA691340F5
:10529000BB613B685B681B0903F00102FB6902FA12
:1052A00003F3BA691343BB617B68BA695A603B6810
:1052B0005B6803F00303032B17D07B68DB68BB61DB
:1052C000FB695B00032202FA03F3DB43BA69134074
:1052D000BB613B689A68FB695B0002FA03F3BA6939
:1052E0001343BB617B68BA69DA603B685B6803F0B3
:1052F0000303022B23D1FB69DA087B68083253F8D9
:105300002230BB61FB6903F007039B000F2202FA06
:1053100003F3DB43BA691340BB613B681A69FB695D
:1053200003F007039B0002FA03F3BA691343BB615E
:10533000FB69DA087B680832B96943F822107B6898
:105340001B68BB61FB695B00032202FA03F3DB43CA
:10535000BA691340BB613B685B6803F00302FB69F9
:105360005B0002FA03F3BA691343BB617B68BA6955
:105370001A603B685B6803F44033002B00F0E08068
:105380002F4BD3F8F4302E4A43F00203C2F8F43026
:105390002B4BD3F8F43003F00203FB60FB68294A7F
:1053A000FB699B08023352F82330BB61FB6903F0B1
:1053B00003039B000F2202FA03F3DB43BA69134095
:1053C000BB617B68204A934252D07B681F4A93425C
:1053D00031D07B681E4A93422BD07B681D4A934292
:1053E00025D07B681C4A93421FD07B681B4A93429E
:1053F00019D07B681A4A934213D07B68194A9342AA
:105400000DD07B68184A934207D07B68174A9342B5
:1054100001D109232DE00A232BE0082329E00723EB
:1054200027E0062325E0052323E0042321E00323CE
:105430001FE002231DE001231BE000BF8000005895
:1054400000440258000400580000025800040258AA
:1054500000080258000C02580010025800140258AC
:1054600000180258001C025800200258002402585C
:105470000023FA6902F0030292009340BA691343D1
:10548000BB613849FB699B080233BA6941F82320A4
:105490004FF0B0431B68BB613B69DB43BA69134003
:1054A000BB613B685B6803F48013002B03D0BA69CF
:1054B0003B691343BB614FF0B042BB6913604FF0CF
:1054C000B0435B68BB613B69DB43BA691340BB61B6
:1054D0003B685B6803F40013002B03D0BA693B6997
:1054E0001343BB614FF0B042BB6953607B695B689B
:1054F000BB613B69DB43BA691340BB613B685B68D6
:1055000003F40033002B03D0BA693B691343BB613A
:105510007B69BA695A607B691B68BB613B69DB4385
:10552000BA691340BB613B685B6803F48033002BAE
:1055300003D0BA693B691343BB617B69BA691A60DE
:10554000FB690133FB613B681A68FB6922FA03F3CC
:10555000002B7FF463AE00BF00BF2437BD465DF86B
:10556000047B70470004005880B483B000AF7860BB
:105570000B467B8013467B707B78002B03D07A88A8
:105580007B689A6103E07B881A047B689A6100BF9C
:105590000C37BD465DF8047B704780B485B000AF22
:1055A00078600B467B807B685B69FB607A88FB6870
:1055B00013401A04FB68D9437B880B401A437B686D
:1055C0009A6100BF1437BD465DF8047B704780B513
:1055D00082B000AF0346FB804FF0B043D3F8882081
:1055E000FB881340002B08D04FF0B042FB88C2F874
:1055F0008830FB8818460BF036FD00BF0837BD46E3
:1056000080BD000080B584B000AF7860194BDB68C6
:1056100003F00403042B0AD0164BDB6803F00703E6
:105620007A689A4201D001231FE000231DE0114B4C
:10563000DB6823F007020F497B681343CB60FCF75C
:105640000FFEF86009E0FCF70BFE0246FB68D31A78
:10565000B3F57A7F01D9012307E0064B5B6803F4B9
:105660000053B3F5005FEED1002318461037BD4656
:1056700080BD00BF0048025880B58CB000AF786094
:105680007B68002B02D1012300F048BC7B681B68BB
:1056900003F00103002B00F08880994B1B6903F095
:1056A0003803FB62964B9B6ABB62FB6A102B07D0E8
:1056B000FB6A182B11D1BB6A03F00303022B0CD138
:1056C0008F4B1B6803F40033002B6DD07B685B6845
:1056D000002B69D1012300F021BC7B685B68B3F526
:1056E000803F06D1864B1B68854A43F480331360A4
:1056F0002EE07B685B68002B0CD1814B1B68804AD5
:1057000023F4803313607E4B1B687D4A23F480238F
:1057100013601DE07B685B68B3F5A02F0CD1784B5C
:105720001B68774A43F480231360754B1B68744AE7
:1057300043F4803313600BE0714B1B68704A23F411
:10574000803313606E4B1B686D4A23F48023136013
:105750007B685B68002B13D0FCF782FD786208E061
:10576000FCF77EFD02467B6AD31A642B01D9032322
:10577000D4E3634B1B6803F40033002BF0D014E038
:10578000FCF76EFD786208E0FCF76AFD02467B6A72
:10579000D31A642B01D90323C0E3594B1B6803F4CC
:1057A0000033002BF0D100E000BF7B681B6803F0E2
:1057B0000203002B00F0CA80514B1B6903F0380331
:1057C0003B624F4B9B6AFB613B6A002B07D03B6AF5
:1057D000182B56D1FB6903F00303002B51D1484B22
:1057E0001B6803F00403002B05D07B68DB68002BEB
:1057F00001D1012392E3424B1B6823F019027B681D
:10580000DB683F4913430B60FCF72AFD786208E030
:10581000FCF726FD02467B6AD31A022B01D903232B
:105820007CE3374B1B6803F00403002BF0D0FCF73C
:1058300023FD034641F20302934217D87B681B699C
:10584000402B08D12E4B5B6823F47C332C4A43F465
:10585000003353607AE02A4B5B6823F47C327B6828
:105860001B691B03264913434B606FE0244B5B68A5
:1058700023F0FE427B681B691B06214913434B60E2
:1058800064E07B68DB68002B47D01D4B1B6823F06E
:1058900019027B68DB681A4913430B60FCF7E0FCD4
:1058A000786208E0FCF7DCFC02467B6AD31A022B24
:1058B00001D9032332E3124B1B6803F00403002BCE
:1058C000F0D0FCF7D9FC034641F20302934219D809
:1058D0007B681B69402B08D1094B5B6823F47C3340
:1058E000074A43F40033536030E0054B5B6823F410
:1058F0007C327B681B691B03014913434B6025E025
:10590000004402589A4B5B6823F0FE427B681B6997
:105910001B06974913434B6018E0954B1B68944A4C
:1059200023F001031360FCF79BFC786208E0FCF7AE
:1059300097FC02467B6AD31A022B01D90323EDE2BE
:105940008B4B1B6803F00403002BF0D17B681B68B2
:1059500003F01003002B00F0A980854B1B6903F0B6
:105960003803BB61824B9B6A7B61BB69082B07D004
:10597000BB69182B3AD17B6903F00303012B35D1A6
:105980007B4B1B6803F48073002B05D07B68DB69BD
:10599000802B01D00123C1E2FCF76EFC034641F2EB
:1059A0000302934217D87B681B6A202B08D1704BE7
:1059B0005B6823F0F8436E4A43F08043536075E020
:1059C0006B4B5B6823F0F8427B681B6A9B06684957
:1059D00013434B606AE0664BDB6823F07C527B68C4
:1059E0001B6A1B0662491343CB605FE07B68DB697F
:1059F000002B42D05E4B1B685D4A43F0800313606E
:105A0000FCF72EFC786208E0FCF72AFC02467B6A71
:105A1000D31A022B01D9032380E2554B1B6803F4F0
:105A20008073002BF0D0FCF727FC034641F2030201
:105A3000934217D87B681B6A202B08D14C4B5B68BC
:105A400023F0F8434A4A43F0804353602EE0484B2A
:105A50005B6823F0F8427B681B6A9B06444913434A
:105A60004B6023E0424BDB6823F07C527B681B6A6F
:105A70001B063F491343CB6018E03D4B1B683C4A73
:105A800023F080031360FCF7EBFB786208E0FCF77F
:105A9000E7FB02467B6AD31A022B01D903233DE2BE
:105AA000334B1B6803F48073002BF0D17B681B68B9
:105AB00003F00803002B36D07B685B69002B19D0FC
:105AC0002B4B5B6F2A4A43F001035367FCF7C8FB7B
:105AD000786208E0FCF7C4FB02467B6AD31A022B0B
:105AE00001D903231AE2224B5B6F03F00203002B60
:105AF000F0D018E01E4B5B6F1D4A23F00103536783
:105B0000FCF7AEFB786208E0FCF7AAFB02467B6A72
:105B1000D31A022B01D9032300E2154B5B6F03F06C
:105B20000203002BF0D17B681B6803F02003002BDD
:105B300039D07B689B69002B1CD00D4B1B680C4A2D
:105B400043F480531360FCF78BFB786208E0FCF7AA
:105B500087FB02467B6AD31A022B01D90323DDE1BE
:105B6000034B1B6803F40053002BF0D01BE000BF75
:105B7000004402589B4B1B689A4A23F480531360DD
:105B8000FCF76EFB786208E0FCF76AFB02467B6A72
:105B9000D31A022B01D90323C0E1924B1B6803F4F3
:105BA0000053002BF0D17B681B6803F00403002B2B
:105BB00000F081808C4B1B688B4A43F48073136028
:105BC000FCF74EFB786208E0FCF74AFB02467B6A72
:105BD000D31A642B01D90323A0E1834B1B6803F480
:105BE0008073002BF0D07B689B68012B06D17D4B26
:105BF0001B6F7C4A43F0010313672DE07B689B68B1
:105C0000002B0CD1774B1B6F764A23F001031367EF
:105C1000744B1B6F734A23F0040313671CE07B680B
:105C20009B68052B0CD16F4B1B6F6E4A43F004032E
:105C300013676C4B1B6F6B4A43F0010313670BE058
:105C4000684B1B6F674A23F001031367654B1B6F9B
:105C5000644A23F0040313677B689B68002B15D00C
:105C6000FCF7FEFA78620AE0FCF7FAFA02467B6A71
:105C7000D31A41F28832934201D903234EE1594BA2
:105C80001B6F03F00203002BEED014E0FCF7E8FAE0
:105C900078620AE0FCF7E4FA02467B6AD31A41F222
:105CA0008832934201D9032338E14E4B1B6F03F036
:105CB0000203002BEED17B685B6A002B00F02D8184
:105CC000484B1B6903F03803182B00F0BD807B683C
:105CD0005B6A022B40F09E80424B1B68414A23F0D6
:105CE00080731360FCF7BCFA786208E0FCF7B8FA3E
:105CF00002467B6AD31A022B01D903230EE1394BEA
:105D00001B6803F00073002BF0D1364B9A6A374BB7
:105D100013407A68916A7A68D26A12010A4331495B
:105D200013438B627B681B6B013BC3F308027B68E8
:105D30005B6B013B5B029BB21A437B689B6B013B35
:105D40001B0403F4FE031A437B68DB6B013B1B0659
:105D500003F0FE43234913430B63224BDB6A214AC2
:105D600023F00103D3621F4B5A6B214B13407A6817
:105D7000926CD2001B4913434B631A4BDB6A23F02E
:105D80000C027B681B6C17491343CB62154BDB6A13
:105D900023F002027B685B6C12491343CB62114B08
:105DA000DB6A104A43F48033D3620E4BDB6A0D4A40
:105DB00043F40033D3620B4BDB6A0A4A43F480237B
:105DC000D362084BDB6A074A43F00103D362054BF9
:105DD0001B68044A43F080731360FCF741FA786251
:105DE00011E000BF00440258004802580CFCFFFFBD
:105DF0000700FFFFFCF734FA02467B6AD31A022B36
:105E000001D903238AE0474B1B6803F00073002B82
:105E1000F0D082E0434B1B68424A23F0807313604A
:105E2000FCF71EFA786208E0FCF71AFA02467B6A71
:105E3000D31A022B01D9032370E03A4B1B6803F0FD
:105E40000073002BF0D168E0364B9B6A3B61354B09
:105E50001B6BFB607B685B6A012B31D03B6903F0F5
:105E600003027B689B6A9A422AD13B691B0903F0B3
:105E70003F027B68DB6A9A4222D1FB68C3F30802C7
:105E80007B681B6B013B9A421AD1FB685B0A03F0EB
:105E90007F027B685B6B013B9A4211D1FB681B0C54
:105EA00003F07F027B689B6B013B9A4208D1FB6841
:105EB0001B0E03F07F027B68DB6B013B9A4201D033
:105EC00001232BE0174B5B6BDB08C3F30C033B6137
:105ED0007B689B6C3A699A421FD0124BDB6A114A6D
:105EE00023F00103D362FCF7BBF9786200BFFCF733
:105EF000B7F902467B6A9342F9D00A4B5A6B0A4BB8
:105F000013407A68926CD200064913434B63054BE9
:105F1000DB6A044A43F00103D3620023184630379A
:105F2000BD4680BD004402580700FFFF80B586B023
:105F300000AF786039607B68002B01D101239CE1C0
:105F40008A4B1B6803F00F033A689A4210D9874BBB
:105F50001B6823F00F0285493B6813430B60834B9A
:105F60001B6803F00F033A689A4201D0012384E1D1
:105F70007B681B6803F00403002B10D07B681A6950
:105F80007B4B9B6903F070039A4208D9784B9B695D
:105F900023F070027B681B69754913438B617B6832
:105FA0001B6803F00803002B10D07B685A69704B04
:105FB000DB6903F070039A4208D96D4BDB6923F06B
:105FC00070027B685B696A491343CB617B681B681D
:105FD00003F01003002B10D07B689A69644BDB69D7
:105FE00003F4E0639A4208D9614BDB6923F4E06271
:105FF0007B689B695E491343CB617B681B6803F038
:106000002003002B10D07B68DA69594B1B6A03F020
:1060100070039A4208D9564B1B6A23F070027B68C2
:10602000DB69534913430B627B681B6803F002036F
:10603000002B10D07B68DA684D4B9B6903F00F038F
:106040009A4208D94A4B9B6923F00F027B68DB68B0
:10605000474913438B617B681B6803F00103002BE6
:1060600055D0434B9B6923F470627B689B68404921
:1060700013438B617B685B68022B07D13C4B1B6829
:1060800003F40033002B21D10123F6E07B685B6829
:10609000032B07D1364B1B6803F00073002B15D17F
:1060A0000123EAE07B685B68012B07D1304B1B685A
:1060B00003F48073002B09D10123DEE02C4B1B6815
:1060C00003F00403002B01D10123D6E0284B1B6908
:1060D00023F007027B685B68254913430B61FCF7DB
:1060E000BFF878610AE0FCF7BBF802467B69D31A77
:1060F00041F28832934201D90323BEE01C4B1B6955
:1061000003F038027B685B68DB009A42EBD17B6866
:106110001B6803F00203002B10D07B68DA68144B75
:106120009B6903F00F039A4208D2114B9B6923F03D
:106130000F027B68DB680E4913438B610B4B1B68B6
:1061400003F00F033A689A4214D2084B1B6823F0FD
:106150000F0206493B6813430B60044B1B6803F0B6
:106160000F033A689A4205D0012386E000200052CE
:10617000004402587B681B6803F00403002B10D016
:106180007B681A693F4B9B6903F070039A4208D2FF
:106190003C4B9B6923F070027B681B6939491343B0
:1061A0008B617B681B6803F00803002B10D07B68B1
:1061B0005A69344BDB6903F070039A4208D2314BC1
:1061C000DB6923F070027B685B692E491343CB6166
:1061D0007B681B6803F01003002B10D07B689A6962
:1061E000284BDB6903F4E0639A4208D2254BDB6954
:1061F00023F4E0627B689B6922491343CB617B688F
:106200001B6803F02003002B10D07B68DA691D4B5C
:106210001B6A03F070039A4208D21A4B1B6A23F0E0
:1062200070027B68DB69174913430B6200F034F896
:106230000246144B9B691B0A03F00F031249CB5C07
:1062400003F01F0322FA03F33B610E4B9B6903F03B
:106250000F030D4AD35C03F01F033A6922FA03F3DC
:106260000A4A13600A4A3B6913600A4B1B681846C6
:10627000FBF7C6FB0346FB73FB7B18461837BD468E
:1062800080BD00BF004402582CB802080C00002456
:10629000080000241000002480B489B000AFB34B84
:1062A0001B6903F03803182B00F2558101A252F844
:1062B00023F000BF19630008576500085765000800
:1062C00057650008576500085765000857650008BE
:1062D000576500083F6300085765000857650008C8
:1062E000576500085765000857650008576500089E
:1062F00057650008456300085765000857650008A2
:10630000576500085765000857650008576500087D
:10631000576500084B630008944B1B6803F020038B
:10632000002B09D0914B1B68DB0803F00303904A54
:1063300022FA03F3BB6111E18D4BBB610EE18D4B82
:10634000BB610BE18C4BBB6108E1884B9B6A03F09E
:1063500003037B61854B9B6A1B0903F03F033B6191
:10636000824BDB6A03F00103FB60804B5B6BDB0855
:10637000C3F30C03FA6802FB03F307EE903AF8EE5E
:10638000677AC7ED027A3B69002B00F0E1807B69F8
:10639000022B00F083807B69022B00F2A1807B69D5
:1063A000002B03D07B69012B56D099E06F4B1B6803
:1063B00003F02003002B2DD06C4B1B68DB0803F08F
:1063C00003036B4A22FA03F37B607B6807EE903A83
:1063D000F8EE676A3B6907EE903AF8EE677A86EE68
:1063E000A77A624B1B6BC3F3080307EE903AF8EEF3
:1063F000676A97ED026ADFED615AC6EE257A76EE9E
:10640000A77AF7EE006A77EEA67A67EE277AC7EDED
:10641000077A87E03B6907EE903AF8EE677ADFED9E
:10642000586A86EEA77A514B1B6BC3F3080307EE3D
:10643000903AF8EE676A97ED026ADFED505AC6EEC1
:10644000257A76EEA77AF7EE006A77EEA67A67EEFF
:10645000277AC7ED077A65E03B6907EE903AF8EED8
:10646000677ADFED486A86EEA77A404B1B6BC3F371
:10647000080307EE903AF8EE676A97ED026ADFEDDF
:106480003F5AC6EE257A76EEA77AF7EE006A77EEE7
:10649000A67A67EE277AC7ED077A43E03B6907EEF5
:1064A000903AF8EE677ADFED386A86EEA77A2F4BDE
:1064B0001B6BC3F3080307EE903AF8EE676A97ED9B
:1064C000026ADFED2E5AC6EE257A76EEA77AF7EE4F
:1064D000006A77EEA67A67EE277AC7ED077A21E0A1
:1064E0003B6907EE903AF8EE677ADFED266A86EEB2
:1064F000A77A1E4B1B6BC3F3080307EE903AF8EE26
:10650000676A97ED026ADFED1D5AC6EE257A76EED0
:10651000A77AF7EE006A77EEA67A67EE277AC7EDDC
:10652000077A00BF114B1B6B5B0A03F07F0301333B
:106530003B603B6807EE903AB8EE677AD7ED076AA2
:10654000C6EE877AFCEEE77A17EE903ABB6105E07B
:106550000023BB6102E0074BBB6100BFBB6918466B
:106560002437BD465DF8047B704700BF00440258E5
:106570000090D00300093D0040787D0100000046F6
:106580000024744C0024744A20BCBE4B80B582B0F9
:1065900000AFFFF781FE0246104B9B691B0A03F018
:1065A0000F030F49CB5C03F01F0322FA03F37B6058
:1065B0000A4B9B6903F00F03094AD35C03F01F03E6
:1065C0007A6822FA03F3074A1360074A7B6813606C
:1065D000044B1B6818460837BD4680BD004402586E
:1065E0002CB802080C0000240800002480B500AF7D
:1065F000FFF7CCFF0246064BDB691B0903F00703DC
:106600000449CB5C03F01F0322FA03F3184680BD54
:10661000004402582CB8020880B500AFFFF7B6FF5F
:106620000246064BDB691B0A03F007030449CB5CF7
:1066300003F01F0322FA03F3184680BD00440258FA
:106640002CB8020880B483B000AF786039607B68F2
:106650003F221A601A4B1B6903F007027B685A60DD
:10666000174B9B6903F470627B689A60144B9B69BB
:1066700003F00F027B68DA60114B9B6903F0700234
:106680007B681A610E4BDB6903F070027B685A610C
:106690000B4BDB6903F4E0627B689A61084B1B6A71
:1066A00003F070027B68DA61064B1B6803F00F028F
:1066B0003B681A6000BF0C37BD465DF8047B70472D
:1066C00000440258002000522DE9B04FCAB000AF7C
:1066D000C7F81401002387F82731002387F82631F3
:1066E000D7F81431D3E9002302F00064002554EAFE
:1066F000050349D0D7F814319B6EB3F5401F2FD056
:10670000B3F5401F28D8B3F5001F1AD0B3F5001F0A
:1067100022D8002B03D0B3F5801F07D01CE0B84B64
:10672000DB6AB74A43F40033D3621AE0D7F8143176
:1067300008330221184601F08FFC034687F8273101
:106740000FE0D7F8143128330221184601F036FD46
:10675000034687F8273104E0012387F8273100E05A
:1067600000BF97F82731002B0AD1A54B1B6D23F4EE
:106770004011D7F814319B6EA14A0B43136503E017
:1067800097F8273187F82631D7F81431D3E9002359
:1067900002F480784FF0000958EA090347D0D7F88F
:1067A00014319B6D042B2AD801A252F823F000BFAC
:1067B000C5670008D3670008E96700080768000894
:1067C000076800088E4BDB6A8D4A43F40033D362BE
:1067D0001AE0D7F8143108330021184601F03CFCC8
:1067E000034687F827310FE0D7F81431283300210A
:1067F000184601F0E3FC034687F8273104E0012343
:1068000087F8273100E000BF97F82731002B0AD125
:106810007B4B1B6D23F00701D7F814319B6D784A31
:106820000B43136503E097F8273187F82631D7F833
:106830001431D3E9002302F4007A4FF0000B5AEA36
:106840000B034CD0D7F81431DB6DB3F5807F30D01B
:10685000B3F5807F29D8C02B2DD0C02B25D8802B15
:1068600018D0802B21D8002B02D0402B07D01CE061
:10687000634BDB6A624A43F40033D3621CE0D7F80F
:10688000143108330021184601F0E6FB034687F86F
:10689000273111E0D7F8143128330021184601F0D0
:1068A0008DFC034687F8273106E0012387F827315E
:1068B00002E000BF00E000BF97F82731002B0AD1AB
:1068C0004F4B1B6D23F4E071D7F81431DB6D4C4A4C
:1068D0000B43136503E097F8273187F82631D7F883
:1068E0001431D3E9002302F48063C7F80831002390
:1068F000C7F80C31D7E942120B46134353D0D7F8EF
:106900001431D3F8A830B3F5000F35D0B3F5000F2C
:106910002ED8B3F5C00F31D0B3F5C00F28D8B3F5DA
:10692000800F1AD0B3F5800F22D8002B03D0B3F517
:10693000001F07D01CE0324BDB6A314A43F40033BE
:10694000D3621CE0D7F8143108330021184601F057
:1069500083FB034687F8273111E0D7F81431283339
:106960000021184601F02AFC034687F8273106E08B
:10697000012387F8273102E000BF00E000BF97F84D
:106980002731002B0BD11E4B9B6D23F46001D7F8F0
:106990001431D3F8A8301A4A0B43936503E097F8F3
:1069A000273187F82631D7F81431D3E9002302F4D0
:1069B0000063C7F800310023C7F80431D7E940125B
:1069C0000B46134356D0D7F81431D3F8AC30B3F19B
:1069D000806F38D0B3F1806F31D8B3F1407F34D0BD
:1069E000B3F1407F2BD8B3F1007F1DD0B3F1007F0E
:1069F00025D8002B06D0B3F1807F0AD01FE000BF5E
:106A000000440258A24BDB6AA14A43F40033D3622C
:106A10001CE0D7F8143108330021184601F01CFBA4
:106A2000034687F8273111E0D7F8143128330021C5
:106A3000184601F0C3FB034687F8273106E001231F
:106A400087F8273102E000BF00E000BF97F8273148
:106A5000002B0BD18E4B9B6D23F0E061D7F81431E6
:106A6000D3F8AC308A4A0B43936503E097F827319B
:106A700087F82631D7F81431D3E9002302F00073E8
:106A8000C7F8F8300023C7F8FC30D7E93E120B46B0
:106A900013433AD0D7F81431DB6C302B1FD0302B96
:106AA00019D8202B0CD0202B15D8002B19D0102B47
:106AB00011D1774BDB6A764A43F40033D36211E09D
:106AC000D7F8143108330221184601F0C5FA0346FD
:106AD00087F8273106E0012387F8273102E000BF5D
:106AE00000E000BF97F82731002B0AD1684BDB6C20
:106AF00023F03001D7F81431DB6C654A0B43D364C3
:106B000003E097F8273187F82631D7F81431D3E915
:106B1000002302F48053C7F8F0300023C7F8F430A4
:106B2000D7E93C120B46134351D0D7F814311B6EF2
:106B3000B3F5804F35D0B3F5804F2ED8B3F5405F15
:106B400031D0B3F5405F28D8B3F5005F1AD0B3F564
:106B5000005F22D8002B03D0B3F5805F07D01CE084
:106B60004B4BDB6A4A4A43F40033D3621CE0D7F84C
:106B7000143108330021184601F06EFA034687F8F5
:106B8000273111E0D7F8143128330021184601F0DD
:106B900015FB034687F8273106E0012387F82731E4
:106BA00002E000BF00E000BF97F82731002B0AD1B8
:106BB000374B1B6D23F4E041D7F814311B6E344A78
:106BC0000B43136503E097F8273187F82631D7F890
:106BD0001431D3E9002302F40053C7F8E83000234E
:106BE000C7F8EC30D7E93A120B46134356D0D7F822
:106BF00014315B6EB3F5A02F33D0B3F5A02F2CD892
:106C0000B3F5802F2FD0B3F5802F26D8B3F5403FB2
:106C10002BD0B3F5403F20D8B3F5003F12D0B3F5E9
:106C2000003F1AD8002B22D0B3F5803F15D1D7F8FA
:106C3000143108330121184601F00EFA034687F893
:106C4000273115E0D7F8143128330121184601F017
:106C5000B5FA034687F827310AE0012387F8273180
:106C600006E000BF04E000BF02E000BF00E000BF9C
:106C700097F82731002B0DD1054B1B6D23F4E02134
:106C8000D7F814315B6E024A0B43136506E000BF70
:106C90000044025897F8273187F82631D7F8143185
:106CA000D3E9002302F48043C7F8E0300023C7F89B
:106CB000E430D7E938120B46134355D0D7F81431D6
:106CC000D3F8B030B3F1A04F33D0B3F1A04F2CD8EC
:106CD000B3F1804F2FD0B3F1804F26D8B3F1405F8E
:106CE0002BD0B3F1405F20D8B3F1005F12D0B3F1E5
:106CF000005F1AD8002B22D0B3F1805F15D1D7F8EE
:106D0000143108330121184601F0A6F9034687F82B
:106D1000273115E0D7F8143128330121184601F046
:106D20004DFA034687F827310AE0012387F8273117
:106D300006E000BF04E000BF02E000BF00E000BFCB
:106D400097F82731002B0BD1A34B9B6D23F0E0412B
:106D5000D7F81431D3F8B0309F4A0B43936503E062
:106D600097F8273187F82631D7F81431D3E9002373
:106D700002F40043C7F8D8300023C7F8DC30D7E965
:106D800036120B46134337D0D7F814311B6FB3F1CB
:106D9000005F0ED0B3F1005F16D8002B18D0B3F10E
:106DA000805F11D18C4BDB6A8B4A43F40033D36292
:106DB0000FE0D7F8143108330121184601F04CF9DF
:106DC000034687F8273104E0012387F8273100E0E4
:106DD00000BF97F82731002B0AD17F4B1B6D23F0A2
:106DE0004051D7F814311B6F7B4A0B43136503E006
:106DF00097F8273187F82631D7F81431D3E90023E3
:106E000002F08073C7F8D0300023C7F8D430D7E938
:106E100034120B46134339D0D7F814319B6C032B33
:106E20001CD801A252F823F0656E0008396E0008E4
:106E3000476E0008656E0008674BDB6A664A43F4DC
:106E40000033D3620FE0D7F814310833022118461B
:106E500001F002F9034687F8273104E0012387F89F
:106E6000273100E000BF97F82731002B0AD15A4B99
:106E7000DB6C23F00301D7F814319B6C564A0B43AB
:106E8000D36403E097F8273187F82631D7F8143117
:106E9000D3E9002302F48003C7F8C8300023C7F801
:106EA000CC30D7E932120B46134300F09F804B4B96
:106EB0001B684A4A43F480731360FBF7D1F9C7F8A3
:106EC00020010BE0FBF7CCF90246D7F82031D31AAA
:106ED000642B03D9032387F8273105E03F4B1B6858
:106EE00003F48073002BEDD097F82731002B79D174
:106EF000394B1A6FD7F81431D3F8B430534003F438
:106F00004073002B15D0344B1B6F23F44073C7F82C
:106F10001C31314B1B6F304A43F4803313672E4BC7
:106F20001B6F2D4A23F4803313672B4AD7F81C318B
:106F30001367D7F81431D3F8B430B3F5807F18D184
:106F4000FBF78EF9C7F820010DE0FBF789F902463F
:106F5000D7F82031D21A41F288339A4203D9032359
:106F600087F8273105E01C4B1B6F03F00203002B51
:106F7000EBD097F82731002B29D1D7F81431D3F86B
:106F8000B43003F44073B3F5407F0ED1124B1B694C
:106F900023F47C51D7F81431D3F8B4301A09104BCC
:106FA00013400D4A0B43136105E00B4B1B690A4A62
:106FB00023F47C531361084B196FD7F81431D3F8BD
:106FC000B430C3F30B03044A0B4313670EE097F886
:106FD000273187F8263109E000440258004802585A
:106FE000CFFFFF0097F8273187F82631D7F8143103
:106FF000D3E9002302F00103C7F8C0300023C7F82B
:10700000C430D7E930120B46134300F08980D7F81B
:107010001431DB6F282B6BD801A252F823F000BF8C
:10702000F9700008F1700008F1700008F1700008B4
:10703000F1700008F1700008F1700008F1700008AC
:10704000C5700008F1700008F1700008F1700008C8
:10705000F1700008F1700008F1700008F17000088C
:10706000DB700008F1700008F1700008F170000892
:10707000F1700008F1700008F1700008F17000086C
:10708000F9700008F1700008F1700008F170000854
:10709000F1700008F1700008F1700008F17000084C
:1070A000F9700008F1700008F1700008F170000834
:1070B000F1700008F1700008F1700008F17000082C
:1070C000F9700008D7F8143108330121184600F090
:1070D000C3FF034687F827310FE0D7F81431283370
:1070E0000121184601F06AF8034687F8273104E0C9
:1070F000012387F8273100E000BF97F82731002BE4
:107100000AD1BF4B5B6D23F03801D7F81431DB6F28
:10711000BB4A0B43536503E097F8273187F82631C4
:10712000D7F81431D3E9002302F00203C7F8B830CE
:107130000023C7F8BC30D7E92E120B46134341D0C9
:10714000D7F814319B6F052B24D801A252F823F0F5
:107150009D710008697100087F7100089D71000829
:107160009D7100089D710008D7F814310833012182
:10717000184600F071FF034687F827310FE0D7F873
:10718000143128330121184601F018F8034687F816
:10719000273104E0012387F8273100E000BF97F88A
:1071A0002731002B0AD1964B5B6D23F00701D7F8EE
:1071B00014319B6F924A0B43536503E097F82731D4
:1071C00087F82631D7F81431D3E9002302F00403FD
:1071D000C7F8B0300023C7F8B430D7E92C120B46FB
:1071E000134344D0D7F81431D3F89430052B25D865
:1071F00001A252F823F000BF457200081172000886
:1072000027720008457200084572000845720008A0
:10721000D7F8143108330121184600F01DFF03464A
:1072200087F827310FE0D7F81431283301211846A9
:1072300000F0C4FF034687F8273104E0012387F8F4
:10724000273100E000BF97F82731002B0BD16C4BA2
:107250009B6D23F00701D7F81431D3F89430684AB6
:107260000B43936503E097F8273187F82631D7F869
:107270001431D3E9002302F02003C7F8A83000231B
:10728000C7F8AC30D7E92A120B46134355D0D7F8CC
:107290001431D3F89030B3F1A04F33D0B3F1A04FF5
:1072A0002CD8B3F1804F2FD0B3F1804F26D8B3F153
:1072B000405F2BD0B3F1405F20D8B3F1005F12D014
:1072C000B3F1005F1AD8002B22D0B3F1805F15D143
:1072D000D7F8143108330021184600F0BDFE0346EC
:1072E00087F8273115E0D7F81431283302211846E2
:1072F00000F064FF034687F827310AE0012387F88E
:10730000273106E000BF04E000BF02E000BF00E05C
:1073100000BF97F82731002B0BD1394B5B6D23F061
:10732000E041D7F81431D3F89030354A0B43536518
:1073300003E097F8273187F82631D7F81431D3E9DD
:10734000002302F04003C7F8A0300023C7F8A430A0
:10735000D7E928120B46134358D0D7F81431D3F885
:107360009C30B3F5A05F33D0B3F5A05F2CD8B3F554
:10737000805F2FD0B3F5805F26D8B3F5406F2BD058
:10738000B3F5406F20D8B3F5006F12D0B3F5006F9E
:107390001AD8002B22D0B3F5806F15D1D7F814314D
:1073A00008330021184600F057FE034687F82731BE
:1073B00015E0D7F8143128330221184600F0FEFEFC
:1073C000034687F827310AE0012387F8273106E0D2
:1073D00000BF04E000BF02E000BF00E000BF97F87C
:1073E0002731002B0ED1064B9B6D23F4E051D7F8CB
:1073F0001431D3F89C30024A0B43936506E000BF7A
:107400000044025897F8273187F82631D7F814310D
:10741000D3E9002302F08003C7F898300023C7F8AF
:107420009C30D7E926120B46134355D0D7F81431B8
:10743000D3F8A030B3F5204F33D0B3F5204F2CD87C
:10744000B3F5004F2FD0B3F5004F26D8B3F5C04F9A
:107450002BD0B3F5C04F20D8B3F5804F12D0B3F581
:10746000804F1AD8002B22D0B3F5005F15D1D7F882
:10747000143108330021184600F0EEFD034687F86A
:10748000273115E0D7F8143128330221184600F0CF
:1074900095FE034687F827310AE0012387F8273154
:1074A00006E000BF04E000BF02E000BF00E000BF54
:1074B00097F82731002B0BD1A14B9B6D23F4604132
:1074C000D7F81431D3F8A0309D4A0B43936503E0FD
:1074D00097F8273187F82631D7F81431D3E90023FC
:1074E00002F00803C7F890300023C7F89430D7E9BA
:1074F00024120B4613431ED0D7F81431D3F884302E
:10750000B3F5805F0CD1D7F8143128330221184627
:1075100000F054FE0346002B02D0012387F82631E9
:10752000874B5B6D23F44051D7F81431D3F8843086
:10753000834A0B435365D7F81431D3E9002302F093
:107540001003C7F888300023C7F88C30D7E922121F
:107550000B4613431ED0D7F81431D3F89830B3F547
:10756000807F0CD1D7F8143128330221184600F05F
:1075700025FE0346002B02D0012387F82631704BED
:107580009B6D23F44071D7F81431D3F898306C4ACE
:107590000B439365D7F81431D3E9002302F4002399
:1075A000C7F880300023C7F88430D7E920120B4693
:1075B00013433ED0D7F81431D3F8A430B3F5003FCD
:1075C00022D0B3F5003F1BD8002B03D0B3F5803F8A
:1075D0000BD015E0D7F8143108330021184600F01D
:1075E0003BFD034687F827310FE0D7F814312833E5
:1075F0000221184600F0E2FD034687F8273104E037
:10760000012387F8273100E000BF97F82731002BCE
:107610000BD14B4B9B6D23F44031D7F81431D3F889
:10762000A430474A0B43936503E097F8273187F866
:107630002631D7F81431D3E9002302F48023BB6745
:107640000023FB67D7E91E120B4613433BD0D7F844
:107650001431D3F88830B3F5401F1FD0B3F5401F65
:1076600018D8B3F5801F03D0B3F5001F07D011E081
:10767000334BDB6A324A43F40033D3620FE0D7F86E
:10768000143128330121184600F098FD034687F88D
:10769000273104E0012387F8273100E000BF97F885
:1076A0002731002B0BD1264B5B6D23F44011D7F80B
:1076B0001431D3F88830224A0B43536503E097F81E
:1076C000273187F82631D7F81431D3E9002302F4A3
:1076D00080333B6700237B67D7E91C120B461343BB
:1076E00034D0D7F814311B6D002B03D0B3F5803F95
:1076F00007D011E0124BDB6A114A43F40033D36226
:107700000EE0D7F8143108330221184600F0A4FC2B
:10771000034687F8273103E0012387F8273100BFAC
:1077200097F82731002B0DD1054BDB6C23F480310A
:10773000D7F814311B6D024A0B43D36406E000BF37
:107740000044025897F8273187F82631D7F81431CA
:10775000D3E9002302F00053BB660023FB66D7E9A0
:107760001A120B4613430CD0D7F8143128330221D8
:10777000184600F023FD0346002B02D0012387F8B2
:107780002631D7F81431D3E9002302F400333B66E5
:1077900000237B66D7E918120B46134338D0D7F87D
:1077A0001431D3F88030B3F5407F18D0B3F5407F63
:1077B00011D8B3F5007F14D0B3F5007F0BD8002BA0
:1077C00011D0B3F5807F06D1C34BDB6AC24A43F4C4
:1077D0000033D36208E0012387F8273104E000BFBB
:1077E00002E000BF00E000BF97F82731002B0BD16B
:1077F000B94B5B6D23F44071D7F81431D3F8803066
:10780000B54A0B43536503E097F8273187F82631D3
:10781000D7F81431D3E9002302F48013BB650023A9
:10782000FB65D7E916120B46134309D0AA4B1B6D13
:1078300023F00041D7F814315B6FA74A0B4313655F
:10784000D7F81431D3E9002302F080533B650023BD
:107850007B65D7E914120B4613430AD09E4B1B6974
:1078600023F48041D7F81431D3F8B8309A4A0B4347
:107870001361D7F81431D3E9002302F40013BB6479
:107880000023FB64D7E912120B46134309D0924B35
:107890001B6D23F08071D7F81431DB6E8E4A0B43D9
:1078A0001365D7F81431D3E9002302F080433B6419
:1078B00000237B64D7E910120B4613430ED0864B8E
:1078C0001B69854A23F400431361834B1969D7F878
:1078D0001431D3F8BC30804A0B431361D7F814310C
:1078E000D3E9002302F00043BB630023FB63D7E925
:1078F0000E120B46134309D0774BDB6C23F040513B
:10790000D7F814315B6D744A0B43D364D7F8143144
:10791000D3E9002302F400033B6300237B63D7E930
:107920000C120B4613430AD06B4B5B6D23F44001E2
:10793000D7F81431D3F88C30674A0B435365D7F826
:107940001431D3E900230021B96203F00103FB6283
:10795000D7E90A120B46134311D0D7F81431083374
:107960000021184600F078FB034687F8273197F886
:107970002731002B03D097F8273187F82631D7F825
:107980001431D3E900230021396203F002037B6242
:10799000D7E908120B46134311D0D7F81431083336
:1079A0000121184600F058FB034687F8273197F865
:1079B0002731002B03D097F8273187F82631D7F8E5
:1079C0001431D3E900230021B96103F00403FB6102
:1079D000D7E906120B46134311D0D7F814310833F8
:1079E0000221184600F038FB034687F8273197F844
:1079F0002731002B03D097F8273187F82631D7F8A5
:107A00001431D3E900230021396103F008037B61BD
:107A1000D7E904120B46134311D0D7F81431283399
:107A20000021184600F0CAFB034687F8273197F873
:107A30002731002B03D097F8273187F82631D7F864
:107A40001431D3E900230021B96003F01003FB6077
:107A5000D7E902120B46134311D0D7F8143128335B
:107A60000121184600F0AAFB034687F8273197F852
:107A70002731002B03D097F8273187F82631D7F824
:107A80001431D3E900230021396003F020037B6027
:107A9000D7E900120B46134311D0D7F8143128331D
:107AA0000221184600F08AFB034687F8273197F831
:107AB0002731002B03D097F8273187F8263197F824
:107AC0002631002B01D1002300E00123184607F5E1
:107AD0009477BD46BDE8B08F0044025880B500AF32
:107AE000FEF754FD0246064B1B6A1B0903F0070311
:107AF0000449CB5C03F01F0322FA03F3184680BD50
:107B0000004402582CB8020880B489B000AF7860F5
:107B1000A14B9B6A03F00303BB619F4B9B6A1B0B4A
:107B200003F03F037B619C4BDB6A1B0903F00103FD
:107B30003B61994BDB6BDB08C3F30C033A6902FB37
:107B400003F307EE903AF8EE677AC7ED037A7B69A4
:107B5000002B00F01181BB69022B00F08380BB6910
:107B6000022B00F2A180BB69002B03D0BB69012B63
:107B700056D099E0884B1B6803F02003002B2DD0D2
:107B8000854B1B68DB0803F00303844A22FA03F3E6
:107B9000BB60BB6807EE903AF8EE676A7B6907EE58
:107BA000903AF8EE677A86EEA77A7B4B9B6BC3F32D
:107BB000080307EE903AF8EE676A97ED036ADFED87
:107BC000785AC6EE257A76EEA77AF7EE006A77EE57
:107BD000A67A67EE277AC7ED077A87E07B6907EE1A
:107BE000903AF8EE677ADFED6F6A86EEA77A6A4B15
:107BF0009B6BC3F3080307EE903AF8EE676A97EDC4
:107C0000036ADFED675AC6EE257A76EEA77AF7EEBD
:107C1000006A77EEA67A67EE277AC7ED077A65E005
:107C20007B6907EE903AF8EE677ADFED5F6A86EEE1
:107C3000A77A594B9B6BC3F3080307EE903AF8EE13
:107C4000676A97ED036ADFED565AC6EE257A76EE3F
:107C5000A77AF7EE006A77EEA67A67EE277AC7ED85
:107C6000077A43E07B6907EE903AF8EE677ADFED3A
:107C70004F6A86EEA77A484B9B6BC3F3080307EE67
:107C8000903AF8EE676A97ED036ADFED455AC6EE63
:107C9000257A76EEA77AF7EE006A77EEA67A67EE97
:107CA000277AC7ED077A21E07B6907EE903AF8EE74
:107CB000677ADFED3D6A86EEA77A374B9B6BC3F39D
:107CC000080307EE903AF8EE676A97ED036ADFED76
:107CD000345AC6EE257A76EEA77AF7EE006A77EE8A
:107CE000A67A67EE277AC7ED077A00BF2A4B9B6B0F
:107CF0005B0A03F07F0307EE903AF8EE677AB7EE7F
:107D0000007A37EE877AD7ED076AC6EE877AFCEEFF
:107D1000E77A17EE902A7B681A601F4B9B6B1B0C4F
:107D200003F07F0307EE903AF8EE677AB7EE007A39
:107D300037EE877AD7ED076AC6EE877AFCEEE77AE8
:107D400017EE902A7B685A60134B9B6B1B0E03F057
:107D50007F0307EE903AF8EE677AB7EE007A37EED7
:107D6000877AD7ED076AC6EE877AFCEEE77A17EED8
:107D7000902A7B689A6008E07B6800221A607B6822
:107D800000225A607B6800229A6000BF2437BD46FB
:107D90005DF8047B704700BF004402580090D00398
:107DA000000000460024744C0024744A20BCBE4BE2
:107DB00080B489B000AF7860A14B9B6A03F00303E5
:107DC000BB619F4B9B6A1B0D03F03F037B619C4B88
:107DD000DB6A1B0A03F001033B61994B5B6CDB0818
:107DE000C3F30C033A6902FB03F307EE903AF8EE93
:107DF000677AC7ED037A7B69002B00F01181BB69BC
:107E0000022B00F08380BB69022B00F2A180BB69CA
:107E1000002B03D0BB69012B56D099E0884B1B681F
:107E200003F02003002B2DD0854B1B68DB0803F0EB
:107E30000303844A22FA03F3BB60BB6807EE903A5F
:107E4000F8EE676A7B6907EE903AF8EE677A86EE9D
:107E5000A77A7B4B1B6CC3F3080307EE903AF8EE4E
:107E6000676A97ED036ADFED785AC6EE257A76EEFB
:107E7000A77AF7EE006A77EEA67A67EE277AC7ED63
:107E8000077A87E07B6907EE903AF8EE677ADFEDD4
:107E90006F6A86EEA77A6A4B1B6CC3F3080307EE82
:107EA000903AF8EE676A97ED036ADFED675AC6EE1F
:107EB000257A76EEA77AF7EE006A77EEA67A67EE75
:107EC000277AC7ED077A65E07B6907EE903AF8EE0E
:107ED000677ADFED5F6A86EEA77A594B1B6CC3F3B6
:107EE000080307EE903AF8EE676A97ED036ADFED54
:107EF000565AC6EE257A76EEA77AF7EE006A77EE46
:107F0000A67A67EE277AC7ED077A43E07B6907EE2A
:107F1000903AF8EE677ADFED4F6A86EEA77A484B23
:107F20001B6CC3F3080307EE903AF8EE676A97ED0F
:107F3000036ADFED455AC6EE257A76EEA77AF7EEAC
:107F4000006A77EEA67A67EE277AC7ED077A21E016
:107F50007B6907EE903AF8EE677ADFED3D6A86EED0
:107F6000A77A374B1B6CC3F3080307EE903AF8EE81
:107F7000676A97ED036ADFED345AC6EE257A76EE2E
:107F8000A77AF7EE006A77EEA67A67EE277AC7ED52
:107F9000077A00BF2A4B1B6C5B0A03F07F0307EED6
:107FA000903AF8EE677AB7EE007A37EE877AD7ED37
:107FB000076AC6EE877AFCEEE77A17EE902A7B68AE
:107FC0001A601F4B1B6C1B0C03F07F0307EE903AEB
:107FD000F8EE677AB7EE007A37EE877AD7ED076A60
:107FE000C6EE877AFCEEE77A17EE902A7B685A6035
:107FF000134B1B6C1B0E03F07F0307EE903AF8EE59
:10800000677AB7EE007A37EE877AD7ED076AC6EE61
:10801000877AFCEEE77A17EE902A7B689A6008E090
:108020007B6800221A607B6800225A607B6800220D
:108030009A6000BF2437BD465DF8047B704700BFDF
:10804000004402580090D003000000460024744C05
:108050000024744A20BCBE4B80B584B000AF786069
:1080600039600023FB73534B9B6A03F00303032B1C
:1080700001D1012399E04F4B1B684E4A23F08063E6
:108080001360FAF7EDF8B86008E0FAF7E9F802468D
:10809000BB68D31A022B01D9032386E0454B1B682A
:1080A00003F00063002BF0D1424B9B6A23F47C3237
:1080B0007B681B681B033F4913438B627B685B68CB
:1080C000013BC3F308027B689B68013B5B029BB2E8
:1080D0001A437B68DB68013B1B0403F4FE031A436D
:1080E0007B681B69013B1B0603F0FE4331491343C8
:1080F0008B63304BDB6A23F0C0027B685B692D49E0
:108100001343CB622B4BDB6A23F020027B689B6915
:1081100028491343CB62274BDB6A264A23F010031E
:10812000D362244BDA6B244B13407A68D269D200B5
:1081300020491343CB631F4BDB6A1E4A43F01003F5
:10814000D3623B68002B06D11A4BDB6A194A43F411
:108150000023D3620FE03B68012B06D1154BDB6A8D
:10816000144A43F48013D36205E0124BDB6A114AD0
:1081700043F40013D3620F4B1B680E4A43F0806335
:108180001360FAF76DF8B86008E0FAF769F802468C
:10819000BB68D31A022B01D9032306E0054B1B68E9
:1081A00003F00063002BF0D0FB7B18461037BD4670
:1081B00080BD00BF004402580700FFFF80B584B0B7
:1081C00000AF786039600023FB73534B9B6A03F068
:1081D0000303032B01D1012399E04F4B1B684E4A47
:1081E00023F080531360FAF73BF8B86008E0FAF721
:1081F00037F80246BB68D31A022B01D9032386E065
:10820000454B1B6803F00053002BF0D1424B9B6A97
:1082100023F07C727B681B681B053F4913438B620C
:108220007B685B68013BC3F308027B689B68013B8A
:108230005B029BB21A437B68DB68013B1B0403F4BF
:10824000FE031A437B681B69013B1B0603F0FE43D8
:10825000314913430B64304BDB6A23F440627B6883
:108260005B692D491343CB622B4BDB6A23F400720D
:108270007B689B6928491343CB62274BDB6A264AFC
:1082800023F48073D362244B5A6C244B13407A68D6
:10829000D269D200204913434B641F4BDB6A1E4A4C
:1082A00043F48073D3623B68002B06D11A4BDB6A20
:1082B000194A43F48003D3620FE03B68012B06D1D7
:1082C000154BDB6A144A43F40003D36205E0124BFA
:1082D000DB6A114A43F08073D3620F4B1B680E4A6E
:1082E00043F080531360F9F7BBFFB86008E0F9F77B
:1082F000B7FF0246BB68D31A022B01D9032306E05D
:10830000054B1B6803F00053002BF0D0FB7B184695
:108310001037BD4680BD00BF004402580700FFFF74
:1083200080B584B000AF78607B68002B01D1012359
:108330000FE17B6800229A627B681B68874A934240
:108340000FD07B681B68864A93420AD07B681B6803
:10835000844A934205D07B68DB680F2B01D9012347
:10836000F7E0786800F022FFF8607B681B687B4AC2
:1083700093420CD07B681B68794A934207D07B6894
:108380001B68784A934202D0FB68082B11D87B689F
:108390001B68724A934209D07B681B68704A9342FB
:1083A00004D07B681B686F4A934204D1FB68102B92
:1083B00001D90123CDE07B6893F88130DBB2002B3B
:1083C00006D17B68002283F880207868F9F764FA88
:1083D0007B68022283F881207B681B681A687B68AF
:1083E0001B6822F001021A607B681B689B6803F41B
:1083F000F813BB607B689B69B3F1806F19D17B6810
:108400005B68B3F5800F03D17B689B6B002B08D0B2
:108410007B685B68002B0CD17B689B6BB3F1805F42
:1084200007D17B681B681A687B681B6842F480521E
:108430001A607B685B6803F48003002B0FD07B68B5
:10844000DB68062B0BD97B681B681B6823F48071E3
:108450007B681A6D7B681B680A431A6007E07B68BB
:108460001B681A687B681B6822F480721A607B683C
:10847000DA697B689B6A1A43BB681A437B68DB6BCB
:1084800042EA03017B68DA687B681B680A439A60EA
:108490007B685A6B7B685B6A1A437B689B6B1A43E9
:1084A0007B689B691A437B681B691A437B685B691D
:1084B0001A437B681B6A1A437B685B681A437B68B4
:1084C000DB6C1A437B689B681A437B689B6C42EAAF
:1084D00003017B689A6D7B681B680A43DA607B68DE
:1084E0005B68002B13D17B681B689B6823F4C05228
:1084F0007B681B6842F400629A607B681B689B681B
:1085000023F4C0627B681B6842F480629A607B68D7
:108510001B681A6D7B681B6822F001021A657B6874
:108520005B6803F48003002B0AD07B681B68DB6860
:1085300023F000417B685A6D7B681B680A43DA6050
:108540007B680022C3F884207B68012283F88120A5
:10855000002318461037BD4680BD00BF00300140E3
:1085600000380040003C004080B58EB002AFF8609B
:10857000B9607A607B80FB681B6820337B62FB6894
:108580001B6830333B62FB68DB6B5B099BB20133DA
:10859000FB83F9F765FEB8617B887B857B883B852B
:1085A000FB6893F88130DBB2012B01D0022310E38A
:1085B000BB68002B05D07B68002B02D07B88002B8A
:1085C00001D1012305E3FB6893F88030012B01D131
:1085D0000223FEE2FB68012283F88020FB6805226B
:1085E00083F88120FB680022C3F88420FB687A6846
:1085F0005A66FB687A88A3F86A20FB687A88A3F831
:108600006820FB68BA68DA65FB687A88A3F862209C
:10861000FB687A88A3F86020FB6800221A67FB6871
:1086200000225A67FB681B68DA68FB681B6822F443
:10863000C022DA60FB681B68704A934209D0FB686D
:108640001B686F4A934204D0FB681B686D4A9342D3
:1086500002D11023FB6201E00823FB62FB681B6868
:108660005A68694B13407988FA6812680B43536063
:10867000FB681B681A68FB681B6842F001021A60FD
:10868000FB685B68B3F5800F07D1FB681B681A684D
:10869000FB681B6842F400721A60FB68DB680F2BF2
:1086A00040F2A280FB6A9B08FB6294E0FB681B68B7
:1086B0005B6903F00203022B20D17B8D002B1DD0C0
:1086C0003A8D798DFB6A0B449A4217D2FB68DA6DBA
:1086D000FB681B6812681A62FB68DB6D1A1DFB6879
:1086E000DA65FB68B3F862309BB2013B9AB2FB6873
:1086F000A3F86220FB68B3F862307B85FB681B68D7
:108700005B697B613B8D002B65D0FB681B685B69F7
:1087100003F00103012B18D1FB681A68FB685B6E3C
:10872000126B1A60FB685B6E1A1DFB685A66FB6869
:10873000B3F86A309BB2013B9AB2FB68A3F86A2097
:10874000FB68B3F86A303B8545E03A8DFB8B9A4273
:108750001DD27B6903F40043002B18D0FB681A6814
:10876000FB685B6E126B1A60FB685B6E1A1DFB6820
:108770005A66FB68B3F86A309BB2013B9AB2FB6859
:10878000A3F86A20FB68B3F86A303B8523E0F9F769
:1087900067FD0246BB69D31ABA6B9A4203D8BB6B1A
:1087A000B3F1FF3F02D1BB6B002B14D1F86800F08E
:1087B0002FFCFB68D3F8843043F48072FB68C3F865
:1087C0008420FB68012283F88120FB68002283F863
:1087D00080200323FDE17B8D002B7FF467AF3B8D71
:1087E000002B7FF463AFCEE1FB68DB68072B40F220
:1087F000C281FB6A5B08FB62C9E000BF0030014038
:1088000000380040003C00400000FFFFFB681B6890
:108810005B6903F00203022B1FD17B8D002B1CD060
:108820003A8D798DFB6A0B449A4216D2FB68DB6D58
:108830001A887B6A1A80FB68DB6D9A1CFB68DA6514
:10884000FB68B3F862309BB2013B9AB2FB68A3F8B5
:108850006220FB68B3F862307B85FB681B685B694C
:108860007B613B8D002B00F09280FB681B685B698D
:1088700003F00103012B18D1FB685B6E3A6A128882
:1088800092B21A80FB685B6E9A1CFB685A66FB68A2
:10889000B3F86A309BB2013B9AB2FB68A3F86A2036
:1088A000FB68B3F86A303B8571E03A8DFB8B9A42E6
:1088B00028D27B6903F40043002B23D0FB685B6E56
:1088C0003A6A128892B21A80FB685B6E9A1CFB6847
:1088D0005A66FB685B6E3A6A128892B21A80FB682D
:1088E0005B6E9A1CFB685A66FB68B3F86A309BB2F1
:1088F000023B9AB2FB68A3F86A20FB68B3F86A30BF
:108900003B8544E03B8D012B1DD17B6903F4005373
:10891000002B18D0FB685B6E3A6A128892B21A80FC
:10892000FB685B6E9A1CFB685A66FB68B3F86A309A
:108930009BB2013B9AB2FB68A3F86A20FB68B3F8CC
:108940006A303B8523E0F9F78BFC0246BB69D31AFA
:10895000BA6B9A4203D8BB6BB3F1FF3F02D1BB6B3A
:10896000002B14D1F86800F053FBFB68D3F8843077
:1089700043F48072FB68C3F88420FB68012283F80B
:108980008120FB68002283F88020032321E17B8D76
:10899000002B7FF43BAF3B8D002B7FF437AFF2E031
:1089A000FB681B685B6903F00203022B21D17B8DFE
:1089B000002B1ED03A8D798DFB6A0B449A4218D257
:1089C000FB68DA6DFB681B68203312781A70FB684D
:1089D000DB6D5A1CFB68DA65FB68B3F862309BB24A
:1089E000013B9AB2FB68A3F86220FB68B3F86230DF
:1089F0007B85FB681B685B697B613B8D002B00F00E
:108A0000BA80FB681B685B6903F00103012B1BD173
:108A1000FB681B6803F13002FB685B6E1278D2B210
:108A20001A70FB685B6E5A1CFB685A66FB68B3F8E9
:108A30006A309BB2013B9AB2FB68A3F86A20FB68DC
:108A4000B3F86A303B8596E03A8DFB8B9A424AD266
:108A50007B6903F40043002B45D0FB681B6803F1DE
:108A60003002FB685B6E1278D2B21A70FB685B6EE4
:108A70005A1CFB685A66FB681B6803F13002FB68EE
:108A80005B6E1278D2B21A70FB685B6E5A1CFB6880
:108A90005A66FB681B6803F13002FB685B6E127854
:108AA000D2B21A70FB685B6E5A1CFB685A66FB6890
:108AB0001B6803F13002FB685B6E1278D2B21A7049
:108AC000FB685B6E5A1CFB685A66FB68B3F86A3039
:108AD0009BB2043B9AB2FB68A3F86A20FB68B3F828
:108AE0006A303B8547E03B8D032B20D87B6903F43C
:108AF000C043002B1BD0FB681B6803F13002FB68EE
:108B00005B6E1278D2B21A70FB685B6E5A1CFB68FF
:108B10005A66FB68B3F86A309BB2013B9AB2FB68B5
:108B2000A3F86A20FB68B3F86A303B8523E0F9F7C5
:108B300097FB0246BB69D31ABA6B9A4203D8BB6B48
:108B4000B3F1FF3F02D1BB6B002B14D1F86800F0EA
:108B50005FFAFB68D3F8843043F48072FB68C3F893
:108B60008420FB68012283F88120FB68002283F8BF
:108B7000802003232DE07B8D002B7FF411AF3B8DF4
:108B8000002B7FF40DAFBB690093BB6B0022082163
:108B9000F86800F0DDFA0346002B07D0FB68D3F835
:108BA000843043F02002FB68C3F88420F86800F0AA
:108BB0002FFAFB68012283F88120FB68002283F8EA
:108BC0008020FB68D3F88430002B01D0012300E023
:108BD000002318463037BD4680BD00BF80B58AB03F
:108BE00000AF78607B681B681B693B627B681B6811
:108BF0005B69FB613A6AFB691340BB617B681B6878
:108C00009B687B6100237B627B6893F88130FB74F7
:108C10007B681B683033FB60FB6903F40063002B47
:108C200010D03B6A03F00803002B0BD07B681B6855
:108C30009A697B681B6842F400629A61786800F068
:108C4000C3F992E1BB6903F04003002B13D1BB6968
:108C500003F02003002B0ED1BB6903F00403002BAB
:108C600009D07B685B6F786898477B681B6F786872
:108C7000984701237B62BB6903F04003002B0FD1AF
:108C8000BB6903F00103002B0AD0BB6903F00403A6
:108C9000002B05D17B681B6F7868984701237B62A6
:108CA000BB6903F02003002B0FD1BB6903F0020363
:108CB000002B0AD0BB6903F00403002B05D17B68AD
:108CC0005B6F7868984701237B627B6A002B40F0DA
:108CD0004781BB6903F00803002B00F08B807B68A1
:108CE0001B689A697B681B6842F008029A617B687E
:108CF0001B689A697B681B6842F010029A617B6866
:108D00001B689A697B681B6842F400629A617B6801
:108D10001B681A697B681B6822F008021A617B686D
:108D20001B689B6803F44043002B3DD136E07B6811
:108D3000DB680F2B0BD97B681A687B685B6E126B44
:108D40001A607B685B6E1A1D7B685A661DE07B6843
:108D5000DB68072B0BD97B685B6EFA68128892B2CE
:108D60001A807B685B6E9A1C7B685A660DE07B6894
:108D70001B6803F130027B685B6E1278D2B21A7006
:108D80007B685B6E5A1C7B685A667B68B3F86A30F6
:108D90009BB2013B9AB27B68A3F86A207B68B3F868
:108DA0006A309BB2002BC2D1786800F031F97B6841
:108DB000012283F881207B68D3F88430002B03D014
:108DC000786800F0F7F8D0E0FB7C052B03D17868D9
:108DD00000F0E6F8C6E0FB7C042B03D1786800F0D5
:108DE000D5F8BFE0FB7C032B40F0BC80786800F036
:108DF000C3F8B7E0BB6903F45873002B00F0B580EB
:108E0000BB6903F04003002B0FD07B68D3F884309C
:108E100043F004027B68C3F884207B681B689A696E
:108E20007B681B6842F040029A61BB6903F40073DF
:108E3000002B0FD07B68D3F8843043F001027B68AD
:108E4000C3F884207B681B689A697B681B6842F4BE
:108E500000729A61BB6903F48073002B0FD07B68AA
:108E6000D3F8843043F008027B68C3F884207B6821
:108E70001B689A697B681B6842F480729A61BB69BF
:108E800003F02003002B0FD07B68D3F8843043F02D
:108E900080027B68C3F884207B681B689A697B68C2
:108EA0001B6842F020029A617B68D3F88430002B63
:108EB0005AD07B681B681A687B681B6822F0010225
:108EC0001A607B681B6819697B681A68284B0B401D
:108ED00013617B6903F44043B3F5404F38D17B689D
:108EE0001B689A687B681B6822F440429A607B6822
:108EF000DB6F002B13D07B68DB6F1E4A1A657B6823
:108F0000DB6F1846FAF71CFC0346002B07D07B6882
:108F1000D3F8843043F040027B68C3F884207B6838
:108F20009B6F002B20D07B689B6F124A1A657B6871
:108F30009B6F1846FAF704FC0346002B14D07B689D
:108F4000D3F8843043F040027B68C3F884200BE000
:108F50007B68012283F88120786800F02BF803E019
:108F600000BF02E000BF00E000BF2837BD4680BD63
:108F700094FCFFFFDD8F000880B483B000AF786001
:108F800000BF0C37BD465DF8047B704780B483B0EA
:108F900000AF786000BF0C37BD465DF8047B7047BA
:108FA00080B483B000AF786000BF0C37BD465DF879
:108FB000047B704780B483B000AF786000BF0C378B
:108FC000BD465DF8047B704780B483B000AF786025
:108FD00000BF0C37BD465DF8047B704780B584B098
:108FE00000AF78607B689B6BFB60FB680022A3F896
:108FF0006A20FB680022A3F86220FB68012283F844
:109000008120F868FFF7D6FF00BF1037BD4680BD4E
:1090100080B485B000AF78607B681B685B69FB60DB
:109020007B681B689A697B681B6842F008029A613A
:109030007B681B689A697B681B6842F010029A6122
:109040007B681B681A687B681B6822F001021A6043
:109050007B681B6819697B681A683C4B0B4013617D
:109060007B681B689A687B681B6822F440429A60A0
:109070007B6893F88130DBB2042B14D0FB6803F0DB
:109080002003002B0FD07B68D3F8843043F080029C
:109090007B68C3F884207B681B689A697B681B68BF
:1090A00042F020029A617B6893F88130DBB2032B97
:1090B00014D0FB6803F04003002B0FD07B68D3F87B
:1090C000843043F004027B68C3F884207B681B680B
:1090D0009A697B681B6842F040029A61FB6803F45E
:1090E0000073002B0FD07B68D3F8843043F001026B
:1090F0007B68C3F884207B681B689A697B681B685F
:1091000042F400729A61FB6803F48073002B0FD065
:109110007B68D3F8843043F008027B68C3F884206E
:109120007B681B689A697B681B6842F480729A614D
:109130007B680022A3F862207B680022A3F86A20E3
:1091400000BF1437BD465DF8047B704790FCFFFFFD
:1091500080B584B000AFF860B9603B601346FB7126
:1091600010E0F9F77DF80246BB69D31A3A689A42D3
:1091700003D83B68B3F1FF3F02D13B68002B01D11C
:1091800003230FE0FB681B685A69BB681340BA6889
:109190009A420CBF01230023DBB21A46FB799A42A4
:1091A000DFD0002318461037BD4680BD80B485B09F
:1091B00000AF78607B68DB6B5B090133FB607B6829
:1091C000DB680133BB60BB680733DB08BB60BB688F
:1091D000FA6802FB03F318461437BD465DF8047BBA
:1091E000704780B582B000AF78607B68002B01D1FA
:1091F000012349E07B6893F83D30DBB2002B06D1B8
:109200007B68002283F83C20786800F041F87B6896
:10921000022283F83D207B681A687B680433194674
:10922000104600F0E7F97B68012283F848207B684C
:10923000012283F83E207B68012283F83F207B686F
:10924000012283F840207B68012283F841207B685B
:10925000012283F842207B68012283F843207B6847
:10926000012283F844207B68012283F845207B6833
:10927000012283F846207B68012283F847207B681F
:10928000012283F83D20002318460837BD4680BDE3
:1092900080B483B000AF786000BF0C37BD465DF886
:1092A000047B704780B485B000AF78607B6893F82A
:1092B0003D30DBB2012B01D0012354E07B68022258
:1092C00083F83D207B681B68DA687B681B6842F086
:1092D0000102DA607B681B68264A934222D07B68D1
:1092E0001B68B3F1804F1DD07B681B68224A9342F4
:1092F00018D07B681B68214A934213D07B681B6897
:109300001F4A93420ED07B681B681E4A934209D0C5
:109310007B681B681C4A934204D07B681B681B4A0D
:10932000934215D17B681B689A68194B1340FB6008
:10933000FB68062B15D0FB68B3F5803F11D07B6826
:109340001B681A687B681B6842F001021A6008E01B
:109350007B681B681A687B681B6842F001021A6010
:1093600000E000BF002318461437BD465DF8047BBB
:10937000704700BF000001400004004000080040AA
:10938000000C004000040140001800400040014073
:109390000700010080B584B000AF78607B681B686F
:1093A000DB68FB607B681B681B69BB60BB6803F004
:1093B0000203002B20D0FB6803F00203002B1BD01C
:1093C0007B681B686FF002021A617B6801221A77C2
:1093D0007B681B689B6903F00303002B03D078684C
:1093E00000F0E9F805E0786800F0DBF8786800F054
:1093F000ECF87B6800221A77BB6803F00403002BAB
:1094000020D0FB6803F00403002B1BD07B681B6893
:109410006FF004021A617B6802221A777B681B686E
:109420009B6903F44073002B03D0786800F0C3F805
:1094300005E0786800F0B5F8786800F0C6F87B6859
:1094400000221A77BB6803F00803002B20D0FB68CA
:1094500003F00803002B1BD07B681B686FF0080229
:109460001A617B6804221A777B681B68DB6903F04A
:109470000303002B03D0786800F09DF805E07868BE
:1094800000F08FF8786800F0A0F87B6800221A7767
:10949000BB6803F01003002B20D0FB6803F010031F
:1094A000002B1BD07B681B686FF010021A617B6871
:1094B00008221A777B681B68DB6903F44073002B72
:1094C00003D0786800F077F805E0786800F069F874
:1094D000786800F07AF87B6800221A77BB6803F09E
:1094E0000103002B0CD0FB6803F00103002B07D015
:1094F0007B681B686FF001021A617868F8F75CF905
:10950000BB6803F08003002B04D1BB6803F4005355
:10951000002B0CD0FB6803F08003002B07D07B6886
:109520001B686FF402521A61786800F013F9BB6887
:1095300003F48073002B0CD0FB6803F08003002B36
:1095400007D07B681B686FF480721A61786800F03E
:109550000BF9BB6803F04003002B0CD0FB6803F051
:109560004003002B07D07B681B686FF040021A6134
:10957000786800F034F8BB6803F02003002B0CD0AF
:10958000FB6803F02003002B07D07B681B686FF09B
:1095900020021A61786800F0D3F800BF1037BD468A
:1095A00080BD80B483B000AF786000BF0C37BD468B
:1095B0005DF8047B704780B483B000AF786000BF73
:1095C0000C37BD465DF8047B704780B483B000AFB4
:1095D000786000BF0C37BD465DF8047B704780B4EF
:1095E00083B000AF786000BF0C37BD465DF8047BE8
:1095F0007047000080B485B000AF786039607B6848
:109600001B68FB607B68464A934213D07B68B3F1CA
:10961000804F0FD07B68434A93420BD07B68424A0D
:10962000934207D07B68414A934203D07B68404A0B
:10963000934208D1FB6823F07003FB603B685B68D2
:10964000FA681343FB607B68354A93421FD07B68FE
:10965000B3F1804F1BD07B68324A934217D07B68AE
:10966000314A934213D07B68304A93420FD07B68D3
:109670002F4A93420BD07B682E4A934207D07B68D7
:109680002D4A934203D07B682C4A934208D1FB6851
:1096900023F44073FB603B68DB68FA681343FB60AC
:1096A000FB6823F080023B685B691343FB607B68C7
:1096B000FA681A603B689A687B68DA623B681A68E5
:1096C0007B689A627B68164A93420FD07B68184A7F
:1096D00093420BD07B68174A934207D07B68164AA7
:1096E000934203D07B68154A934203D13B681A69C1
:1096F0007B681A637B6801225A617B681B6903F0EF
:109700000103012B05D17B681B6923F001027B68F3
:109710001A6100BF1437BD465DF8047B704700BF77
:10972000000001400004004000080040000C004020
:109730000004014000400140004401400048014055
:1097400080B483B000AF786000BF0C37BD465DF8D1
:10975000047B704780B483B000AF786000BF0C37E3
:10976000BD465DF8047B704780B483B000AF78607D
:1097700000BF0C37BD465DF8047B704780B582B0F2
:1097800000AF78607B68002B01D1012342E07B6849
:10979000D3F88830002B06D17B68002283F8842020
:1097A0007868F8F7BBFB7B682422C3F888207B68C5
:1097B0001B681A687B681B6822F001021A607B68CC
:1097C0009B6A002B02D0786801F078FB786800F083
:1097D0000DFE0346012B01D101231BE07B681B68B2
:1097E0005A687B681B6822F490425A607B681B6849
:1097F0009A687B681B6822F02A029A607B681B6863
:109800001A687B681B6842F001021A60786801F0F0
:10981000F7FB034618460837BD4680BD80B58AB0C1
:1098200002AFF860B9603B601346FB80FB68D3F879
:109830008830202B7BD1BB68002B02D0FB88002B0B
:1098400001D1012374E0FB680022C3F89020FB687B
:109850002122C3F88820F8F703FD7861FB68FA88B5
:10986000A3F85420FB68FA88A3F85620FB689B688D
:10987000B3F5805F08D1FB681B69002B04D100237E
:10988000FB61BB68BB6103E0BB68FB610023BB619C
:1098900030E03B6800937B6900228021F86801F08A
:1098A00059FC0346002B05D0FB682022C3F8882012
:1098B00003233DE0FB69002B0BD1BB691B881A46D3
:1098C000FB681B68C2F308029A62BB690233BB6182
:1098D00007E0FB691A78FB681B689A62FB69013331
:1098E000FB61FB68B3F856309BB2013B9AB2FB6850
:1098F000A3F85620FB68B3F856309BB2002BC8D1B2
:109900003B6800937B6900224021F86801F022FC4B
:109910000346002B05D0FB682022C3F888200323D0
:1099200006E0FB682022C3F88820002300E0022321
:1099300018462037BD4680BD80B58AB000AFF860BC
:10994000B9601346FB80FB68D3F88830202B67D1C1
:10995000BB68002B02D0FB88002B01D1012360E003
:10996000FB68BA681A65FB68FA88A3F85420FB689C
:10997000FA88A3F85620FB680022C3F89020FB6801
:109980002122C3F88820FB68DB6F002B28D0FB68FE
:10999000DB6F264ADA63FB68DB6F254A1A64FB68D3
:1099A000DB6F244ADA64FB68DB6F00221A65FB6810
:1099B000D86FFB681B6D1946FB681B6828331A4675
:1099C000FB88F9F735F90346002B09D0FB68102214
:1099D000C3F89020FB682022C3F88820012320E0F0
:1099E000FB681B6840221A62FB681B6808337B61B6
:1099F0007B6953E8003F3B613B6943F080037B6236
:109A0000FB681B6808337A6A3A62FB61F9693A6A53
:109A100041E80023BB61BB69002BE5D1002300E0D6
:109A2000022318462837BD4680BD00BFCDB40008CC
:109A300063B50008E5B6000880B58AB000AFF860ED
:109A4000B9601346FB80FB68D3F88C30202B37D1EC
:109A5000BB68002B02D0FB88002B01D1012330E032
:109A6000FB680022DA66FB681B68184A93421FD025
:109A7000FB681B685B6803F40003002B18D0FB68CD
:109A80001B687B617B6953E8003F3B613B6943F0A6
:109A900080637B62FB681B681A467B6A3B62FA61E3
:109AA000F9693A6A41E80023BB61BB69002BE6D142
:109AB000FB881A46B968F86801F0BAFB034600E073
:109AC000022318462837BD4680BD00BF000C005851
:109AD00080B590B000AF78607B68D3F88830FB63C6
:109AE0007B68D3F88C30BB637B681B689B6803F092
:109AF0008003802B39D1FB6B212B36D17B681B680F
:109B000008333B623B6A53E8003FFB61FB6923F08B
:109B100080037B637B681B6808337A6BFA62BB62E5
:109B2000B96AFA6A41E800237B627B6A002BE5D1BF
:109B30007B68DB6F002B15D07B68DB6F1846F9F76D
:109B4000E1FA0346002B0DD07B68DB6F1846FAF76D
:109B500067FF0346202B05D17B681022C3F89020B5
:109B6000032347E0786801F009FC7B681B689B6869
:109B700003F04003402B3CD1BB6B222B39D17B68D7
:109B80001B680833FB60FB6853E8003FBB60BB68A1
:109B900023F040033B637B681B6808333A6BBA6170
:109BA0007B617969BA6941E800233B613B69002B1D
:109BB000E5D17B68D3F88030002B17D07B68D3F8D1
:109BC00080301846F9F79EFA0346002B0ED07B68CA
:109BD000D3F880301846FAF723FF0346202B05D12F
:109BE0007B681022C3F89020032303E0786801F01B
:109BF00007FC002318464037BD4680BD80B5BAB08B
:109C000000AF78607B681B68DB69C7F8E4307B686D
:109C10001B681B68C7F8E0307B681B689B68C7F847
:109C2000DC30D7F8E42040F60F031340C7F8D830F3
:109C3000D7F8D830002B1BD1D7F8E43003F020033D
:109C4000002B15D0D7F8E03003F02003002B05D10E
:109C5000D7F8DC3003F08053002B09D07B685B6FB2
:109C6000002B00F077837B685B6F7868984771E31F
:109C7000D7F8D830002B00F02381D7F8DC208D4BAB
:109C80001340002B06D1D7F8E0208B4B1340002B5C
:109C900000F01681D7F8E43003F00103002B11D057
:109CA000D7F8E03003F48073002B0BD07B681B687F
:109CB00001221A627B68D3F8903043F001027B687E
:109CC000C3F89020D7F8E43003F00203002B11D042
:109CD000D7F8DC3003F00103002B0BD07B681B6846
:109CE00002221A627B68D3F8903043F004027B684A
:109CF000C3F89020D7F8E43003F00403002B11D010
:109D0000D7F8DC3003F00103002B0BD07B681B6815
:109D100004221A627B68D3F8903043F002027B6819
:109D2000C3F89020D7F8E43003F00803002B17D0D5
:109D3000D7F8E03003F02003002B05D1D7F8DC2062
:109D40005C4B1340002B0BD07B681B6808221A6207
:109D50007B68D3F8903043F008027B68C3F890200A
:109D6000D7F8E43003F40063002B12D0D7F8E030CA
:109D700003F08063002B0CD07B681B684FF40062FB
:109D80001A627B68D3F8903043F020027B68C3F8F6
:109D900090207B68D3F89030002B00F0DD82D7F85C
:109DA000E43003F02003002B13D0D7F8E03003F0A9
:109DB0002003002B05D1D7F8DC3003F08053002BB3
:109DC00007D07B685B6F002B03D07B685B6F786884
:109DD00098477B68D3F89030C7F8D4307B681B680D
:109DE0009B6803F04003402B05D0D7F8D43003F034
:109DF0002803002B54D0786801F002FB7B681B68B5
:109E00009B6803F04003402B46D17B681B680833F6
:109E1000C7F89C30D7F89C3053E8003FC7F898301B
:109E2000D7F8983023F04003C7F8D0307B681B6820
:109E30000833D7F8D020C7F8A820C7F8A430D7F83F
:109E4000A410D7F8A82041E80023C7F8A030D7F81D
:109E5000A030002BD9D17B68D3F88030002B17D0ED
:109E60007B68D3F88030154A1A657B68D3F8803058
:109E70001846F9F765FC0346002B19D07B68D3F828
:109E800080301B6D7A68D2F88020104698470FE02A
:109E9000786800F095FA0BE0786800F091FA07E036
:109EA000786800F08DFA7B680022C3F8902053E2B6
:109EB00000BF51E2010000102001000465B7000856
:109EC0007B68DB6E012B40F0E781D7F8E43003F0CC
:109ED0001003002B00F0E081D7F8E03003F010030E
:109EE000002B00F0D9817B681B6810221A627B6806
:109EF0001B689B6803F04003402B40F051817B6856
:109F0000D3F880301B68964A934268D07B68D3F8B8
:109F100080301B68934A934261D07B68D3F88030CD
:109F20001B68914A93425AD07B68D3F880301B68F3
:109F30008E4A934253D07B68D3F880301B688C4A9A
:109F400093424CD07B68D3F880301B68894A934297
:109F500045D07B68D3F880301B68874A93423ED057
:109F60007B68D3F880301B68844A934237D07B6883
:109F7000D3F880301B68824A934230D07B68D3F894
:109F800080301B687F4A934229D07B68D3F88030A9
:109F90001B687D4A934222D07B68D3F880301B68CF
:109FA0007A4A93421BD07B68D3F880301B68784A8A
:109FB000934214D07B68D3F880301B68754A934273
:109FC0000DD07B68D3F880301B68734A934206D06B
:109FD0007B68D3F880301B68704A934206D17B6857
:109FE000D3F880301B685B689BB205E07B68D3F8D0
:109FF00080301B685B689BB2A7F8BE30B7F8BE30F4
:10A00000002B00F0AB817B68B3F85C30B7F8BE2062
:10A010009A4280F0A3817B68B7F8BE20A3F85E2047
:10A020007B68D3F88030DB69B3F5807F00F08780F0
:10A030007B681B68C7F88830D7F8883053E8003F42
:10A04000C7F88430D7F8843023F48073C7F8B83069
:10A050007B681B681A46D7F8B830C7F89430C7F841
:10A060009020D7F89010D7F8942041E80023C7F843
:10A070008C30D7F88C30002BDAD17B681B68083322
:10A080007B677B6F53E8003F3B673B6F23F0010327
:10A09000C7F8B4307B681B680833D7F8B420C7F81A
:10A0A0008020FB67F96FD7F8802041E80023BB6769
:10A0B000BB6F002BE1D17B681B6808333B663B6EAE
:10A0C00053E8003FFB65FB6D23F04003C7F8B03059
:10A0D0007B681B680833D7F8B020FA66BB66B96E98
:10A0E000FA6E41E800237B667B6E002BE3D17B6830
:10A0F0002022C3F88C207B680022DA667B681B680C
:10A10000FB64FB6C53E8003FBB64BB6C23F01003A3
:10A11000C7F8AC307B681B681A46D7F8AC30BB6513
:10A120007A65796DBA6D41E800233B653B6D002B84
:10A13000E4D17B68D3F880301846F8F7E3FF7B68FA
:10A1400002221A677B68B3F85C207B68B3F85E3044
:10A150009BB2D31A9BB21946786800F03BF9FDE038
:10A160001000024028000240400002405800024017
:10A170007000024088000240A0000240B800024087
:10A1800010040240280402404004024058040240E7
:10A190007004024088040240A0040240B804024057
:10A1A0007B68B3F85C207B68B3F85E309BB2D31A4F
:10A1B000A7F8CE307B68B3F85E309BB2002B00F07E
:10A1C000CF80B7F8CE30002B00F0CA807B681B68C8
:10A1D000BB63BB6B53E8003F7B637B6B23F49073E3
:10A1E000C7F8C8307B681B681A46D7F8C8307B644C
:10A1F0003A64396C7A6C41E80023FB63FB6B002BFB
:10A20000E4D17B681B6808337B627B6A53E8003FBC
:10A210003B623A6A554B1340C7F8C4307B681B68F1
:10A220000833D7F8C4203A63FB62F96A3A6B41E815
:10A230000023BB62BB6A002BE3D17B682022C3F8FA
:10A240008C207B680022DA667B6800225A677B6874
:10A250001B683B613B6953E8003FFB60FB6823F0F0
:10A260001003C7F8C0307B681B681A46D7F8C030A7
:10A27000FB61BA61B969FA6941E800237B617B69D6
:10A28000002BE4D17B6802221A67B7F8CE3019465A
:10A29000786800F09FF863E0D7F8E43003F48013A7
:10A2A000002B0ED0D7F8DC3003F48003002B08D04D
:10A2B0007B681B684FF480121A62786801F093FA89
:10A2C00051E0D7F8E43003F08003002B14D0D7F826
:10A2D000E03003F08003002B05D1D7F8DC3003F425
:10A2E0000003002B08D07B689B6F002B3AD07B6863
:10A2F0009B6F7868984735E0D7F8E43003F0400367
:10A30000002B09D0D7F8E03003F04003002B03D036
:10A31000786801F03DFA26E0D7F8E43003F4000352
:10A32000002B09D0D7F8E03003F08043002B03D096
:10A33000786801F06CFA16E0D7F8E43003F0807327
:10A34000002B10D0D7F8E030002B0CDA786801F041
:10A3500054FA08E000BF06E000BF04E000BF02E0DE
:10A3600000BF00E000BFE837BD4680BDFEFFFFEF45
:10A3700080B483B000AF786000BF0C37BD465DF895
:10A38000047B704780B483B000AF786000BF0C37A7
:10A39000BD465DF8047B704780B483B000AF786041
:10A3A00000BF0C37BD465DF8047B704780B483B0B6
:10A3B00000AF786000BF0C37BD465DF8047B704786
:10A3C00080B483B000AF786000BF0C37BD465DF845
:10A3D000047B704780B483B000AF78600B467B800D
:10A3E00000BF0C37BD465DF8047B70472DE9B04FC8
:10A3F00092B000AF7861002387F842307B699A6899
:10A400007B691B691A437B695B691A437B69DB695A
:10A4100013437B647B691B681A68BE4B13407A69DF
:10A420001268796C0B4313607B691B685B6823F4CB
:10A4300040517B69DA687B691B680A435A607B6913
:10A440009B697B647B691B68B34A934204D07B6938
:10A450001B6A7A6C13437B647B691B689A68AF4BF9
:10A4600013407A691268796C0B4393607B691B68AF
:10A47000DB6A23F00F017B695A6A7B691B680A4318
:10A48000DA627B691B68A64A934277D1A54B5B6D64
:10A4900003F03803282B6DD801A252F823F000BF37
:10A4A00045A5000875A5000875A5000875A5000854
:10A4B00075A5000875A5000875A5000875A5000814
:10A4C0004DA5000875A5000875A5000875A500082C
:10A4D00075A5000875A5000875A5000875A50008F4
:10A4E00055A5000875A5000875A5000875A5000804
:10A4F00075A5000875A5000875A5000875A50008D4
:10A500005DA5000875A5000875A5000875A50008DB
:10A5100075A5000875A5000875A5000875A50008B3
:10A5200065A5000875A5000875A5000875A50008B3
:10A5300075A5000875A5000875A5000875A5000893
:10A540006DA50008012387F8433022E2042387F831
:10A5500043301EE2082387F843301AE2102387F8BD
:10A56000433016E2202387F8433012E2402387F875
:10A5700043300EE2802387F843300AE27B691B6890
:10A58000694A934230D1674B5B6D03F00703052B9B
:10A5900026D801A252F823F0B1A50008B9A50008F9
:10A5A000C1A50008C9A50008D1A50008D9A50008C3
:10A5B000002387F84330ECE1042387F84330E8E1D7
:10A5C000082387F84330E4E1102387F84330E0E1C3
:10A5D000202387F84330DCE1402387F84330D8E17B
:10A5E000802387F84330D4E17B691B684F4A93424C
:10A5F00030D14C4B5B6D03F00703052B26D801A22D
:10A6000052F823F01DA6000825A600082DA6000874
:10A6100035A600083DA6000845A60008002387F8D7
:10A620004330B6E1042387F84330B2E1082387F8CA
:10A630004330AEE1102387F84330AAE1202387F8A6
:10A640004330A6E1402387F84330A2E1802387F816
:10A6500043309EE17B691B68354A934230D1314BD0
:10A660005B6D03F00703052B26D801A252F823F0F7
:10A6700089A6000891A6000899A60008A1A60008CE
:10A68000A9A60008B1A60008002387F8433080E19E
:10A69000042387F843307CE1082387F8433078E1CE
:10A6A000102387F8433074E1202387F8433070E1AA
:10A6B000402387F843306CE1802387F8433068E11A
:10A6C0007B691B681B4A934242D1164B5B6D03F0BA
:10A6D0000703052B38D801A252F823F0F5A600088D
:10A6E000FDA6000805A700080DA7000839A7000867
:10A6F00041A70008002387F843304AE1042387F884
:10A70000433046E1082387F8433042E1102387F8BD
:10A7100043303EE1F369FFCF000C0058FFF4FF1116
:10A72000001001400044025800440040004800402E
:10A73000004C004000500040202387F8433028E1BF
:10A74000402387F8433024E1802387F8433020E119
:10A750007B691B68CB4A934276D1CB4B5B6D03F090
:10A760003803282B6CD801A252F823F011A8000856
:10A7700041A8000841A8000841A8000841A8000815
:10A7800041A8000841A8000841A8000819A800082D
:10A7900041A8000841A8000841A8000841A80008F5
:10A7A00041A8000841A8000841A8000821A8000805
:10A7B00041A8000841A8000841A8000841A80008D5
:10A7C00041A8000841A8000841A8000829A80008DD
:10A7D00041A8000841A8000841A8000841A80008B5
:10A7E00041A8000841A8000841A8000831A80008B5
:10A7F00041A8000841A8000841A8000841A8000895
:10A8000041A8000841A8000841A8000839A800088C
:10A81000012387F84330BCE0042387F84330B8E0D5
:10A82000082387F84330B4E0102387F84330B0E0C2
:10A83000202387F84330ACE0402387F84330A8E07A
:10A84000802387F84330A4E07B691B688F4A9342DA
:10A8500030D18D4B5B6D03F00703052B26D801A289
:10A8600052F823F07DA8000885A800088DA80008EC
:10A8700095A800089DA80008A5A80008002387F84F
:10A88000433086E0042387F8433082E0082387F8CA
:10A8900043307EE0102387F843307AE0202387F8A6
:10A8A000433076E0402387F8433072E0802387F816
:10A8B00043306EE07B691B68754A934230D1724B1E
:10A8C0005B6D03F00703052B26D801A252F823F095
:10A8D000E9A80008F1A80008F9A8000801A90008E3
:10A8E00009A9000811A90008002387F8433050E0A7
:10A8F000042387F843304CE0082387F8433048E0CE
:10A90000102387F8433044E0202387F8433040E0A9
:10A91000402387F843303CE0802387F8433038E019
:10A920007B691B685B4A934230D1574B9B6D03F0A8
:10A930000703052B26D801A252F823F055A90008D9
:10A940005DA9000865A900086DA9000875A900089F
:10A950007DA90008022387F843301AE0042387F812
:10A96000433016E0082387F8433012E0102387F8BD
:10A9700043300EE0202387F843300AE0402387F875
:10A98000433006E0802387F8433002E0802387F8D5
:10A9900043307B691B683F4A934240F0F88097F848
:10A9A0004330202B46DC022BC0F28280023B1E2B60
:10A9B0007ED801A252F823F03BAA0008B1AA0008F1
:10A9C00043AA0008B1AA0008B1AA0008B1AA000869
:10A9D00053AA0008B1AA0008B1AA0008B1AA000849
:10A9E000B1AA0008B1AA0008B1AA0008B1AA0008DB
:10A9F00063AA0008B1AA0008B1AA0008B1AA000819
:10AA0000B1AA0008B1AA0008B1AA0008B1AA0008BA
:10AA1000B1AA0008B1AA0008B1AA0008B1AA0008AA
:10AA2000B1AA0008B1AA0008B1AA0008B1AA00089A
:10AA3000A3AA0008402B37D03AE0FDF74FF8F8639F
:10AA40003CE007F124031846FDF75EF8BB6AFB63A0
:10AA500034E007F118031846FDF7AAF9FB69FB6318
:10AA60002CE0094B1B6803F02003002B16D0064B8B
:10AA70001B68DB0803F00303074A22FA03F3FB63B6
:10AA80001CE000BF00140140004402580078004060
:10AA9000007C0040000C00580090D0039D4BFB63ED
:10AAA0000CE09D4BFB6309E04FF40043FB6305E0C2
:10AAB0000023FB63012387F8423000BFFB6B002BB0
:10AAC00000F0DE817B695B6A944A32F813301A46E3
:10AAD000FB6BB3FBF2F33B637B695A6813465B0085
:10AAE00013443A6B9A4205D37B695B681B033A6B4C
:10AAF0009A4203D9012387F84230C1E1FB6B00225F
:10AB0000BB60FA607B695B6A844A32F813309BB29F
:10AB100000223B607A60D7E90023D7E90201F5F70C
:10AB200053FE02460B46104619464FF000024FF006
:10AB300000030B0243EA106302027969496849087D
:10AB400000200C46054612EB040843EB05097B691F
:10AB50005B6800229A46934652465B464046494609
:10AB6000F5F732FE02460B461346BB63BB6BB3F5EB
:10AB7000407F08D3BB6BB3F5801F04D27B691B6891
:10AB8000BA6BDA607CE1012387F8423078E17B69B7
:10AB9000DB69B3F5004F40F0C58097F84330202BB8
:10ABA00048DC002B7BDB202B79D801A252F823F064
:10ABB0003BAC000843AC00089FAC00089FAC000809
:10ABC0004BAC00089FAC00089FAC00089FAC00088D
:10ABD0005BAC00089FAC00089FAC00089FAC00086D
:10ABE0009FAC00089FAC00089FAC00089FAC000819
:10ABF0006BAC00089FAC00089FAC00089FAC00083D
:10AC00009FAC00089FAC00089FAC00089FAC0008F8
:10AC10009FAC00089FAC00089FAC00089FAC0008E8
:10AC20009FAC00089FAC00089FAC00089FAC0008D8
:10AC300091AC0008402B2ED031E0FBF7D7FCF86335
:10AC400033E0FBF7E9FCF8632FE007F12403184633
:10AC5000FCF75AFFBB6AFB6327E007F118031846AD
:10AC6000FDF7A6F8FB69FB631FE02D4B1B6803F0A3
:10AC70002003002B09D02A4B1B68DB0803F00303D9
:10AC8000244A22FA03F3FB630FE0224BFB630CE040
:10AC9000214BFB6309E04FF40043FB6305E0002315
:10ACA000FB63012387F8423000BFFB6B002B00F0F1
:10ACB000E7807B695B6A194A32F813301A46FB6BEE
:10ACC000B3FBF2F35A007B695B685B081A447B694B
:10ACD0005B68B2FBF3F3BB63BB6B0F2B16D9BB6B8B
:10ACE000B3F5803F12D2BB6B9BB223F00F03FB8600
:10ACF000BB6B5B089BB203F007039AB2FB8E134356
:10AD0000FB867B691B68FA8EDA60B9E0012387F85D
:10AD10004230B5E00090D00300093D0044B802087D
:10AD20000044025897F84330202B49DC002B7CDB91
:10AD3000202B7AD801A252F823F000BFC7AD00083B
:10AD4000CFAD00082BAE00082BAE0008D7AD000831
:10AD50002BAE00082BAE00082BAE0008E7AD0008B4
:10AD60002BAE00082BAE00082BAE00082BAE00085F
:10AD70002BAE00082BAE00082BAE0008F7AD000884
:10AD80002BAE00082BAE00082BAE00082BAE00083F
:10AD90002BAE00082BAE00082BAE00082BAE00082F
:10ADA0002BAE00082BAE00082BAE00082BAE00081F
:10ADB0002BAE00082BAE00082BAE00081DAE00081D
:10ADC000402B2ED031E0FBF711FCF86333E0FBF7AA
:10ADD00023FCF8632FE007F124031846FCF794FEE8
:10ADE000BB6AFB6327E007F118031846FCF7E0FF96
:10ADF000FB69FB631FE02D4B1B6803F02003002B56
:10AE000009D02A4B1B68DB0803F00303284A22FA07
:10AE100003F3FB630FE0264BFB630CE0254BFB6366
:10AE200009E04FF40043FB6305E00023FB630123CB
:10AE300087F8423000BFFB6B002B21D07B695B6A37
:10AE40001D4A32F813301A46FB6BB3FBF2F27B69F2
:10AE50005B685B081A447B695B68B2FBF3F3BB6316
:10AE6000BB6B0F2B09D9BB6BB3F5803F05D2BB6B16
:10AE70009AB27B691B68DA6002E0012387F84230EE
:10AE80007B690122A3F86A207B690122A3F868206C
:10AE90007B6900225A677B6900229A6797F84230E3
:10AEA00018464837BD46BDE8B08F00BF0044025881
:10AEB0000090D00300093D0044B8020880B483B07C
:10AEC00000AF78607B689B6A03F00803002B0AD010
:10AED0007B681B685B6823F400417B689A6B7B6826
:10AEE0001B680A435A607B689B6A03F00103002BCE
:10AEF0000AD07B681B685B6823F400317B68DA6AE0
:10AF00007B681B680A435A607B689B6A03F00203F4
:10AF1000002B0AD07B681B685B6823F480317B6858
:10AF20001A6B7B681B680A435A607B689B6A03F054
:10AF30000403002B0AD07B681B685B6823F4802124
:10AF40007B685A6B7B681B680A435A607B689B6A04
:10AF500003F01003002B0AD07B681B689B6823F466
:10AF600080517B68DA6B7B681B680A439A607B6858
:10AF70009B6A03F02003002B0AD07B681B689B6848
:10AF800023F400517B681A6C7B681B680A439A6043
:10AF90007B689B6A03F04003002B1AD07B681B6818
:10AFA0005B6823F480117B685A6C7B681B680A43DA
:10AFB0005A607B685B6CB3F5801F0AD17B681B68A5
:10AFC0005B6823F4C0017B689A6C7B681B680A434A
:10AFD0005A607B689B6A03F08003002B0AD07B6871
:10AFE0001B685B6823F400217B68DA6C7B681B6854
:10AFF0000A435A6000BF0C37BD465DF8047B7047BA
:10B0000080B598B002AF78607B680022C3F89020CA
:10B01000F7F726F978657B681B681B6803F008035F
:10B02000082B2FD16FF07E4300937B6D00224FF4ED
:10B030000011786800F08EF80346002B22D07B6860
:10B040001B68BB63BB6B53E8003F7B637B6B23F0E8
:10B0500080033B657B681B681A463B6D7B643A64E2
:10B06000396C7A6C41E80023FB63FB6B002BE6D163
:10B070007B682022C3F888207B68002283F8842024
:10B08000032363E07B681B681B6803F00403042B45
:10B0900049D16FF07E4300937B6D00224FF4800115
:10B0A000786800F057F80346002B3CD07B681B689B
:10B0B0007B627B6A53E8003F3B623B6A23F49073F8
:10B0C000FB647B681B681A46FB6C3B63FA62F96A97
:10B0D0003A6B41E80023BB62BB6A002BE6D17B6878
:10B0E0001B6808333B613B6953E8003FFB60FB682A
:10B0F00023F00103BB647B681B680833BA6CFA61F8
:10B10000BB61B969FA6941E800237B617B69002B67
:10B11000E5D17B682022C3F88C207B68002283F86D
:10B120008420032312E07B682022C3F888207B68F8
:10B130002022C3F88C207B680022DA667B6800221C
:10B140001A677B68002283F884200023184658374A
:10B15000BD4680BD80B584B000AFF860B9603B608B
:10B160001346FB714FE0BB69B3F1FF3F4BD0F7F7DC
:10B1700077F802463B68D31ABA699A4202D3BB6990
:10B18000002B01D103234EE0FB681B681B6803F012
:10B190000403002B37D0BB68802B34D0BB68402B16
:10B1A00031D0FB681B68DB6903F00803082B10D162
:10B1B000FB681B6808221A62F86800F021F9FB6836
:10B1C0000822C3F89020FB68002283F88420012322
:10B1D00029E0FB681B68DB6903F40063B3F5006FCB
:10B1E00011D1FB681B684FF400621A62F86800F026
:10B1F00007F9FB682022C3F89020FB68002283F83F
:10B20000842003230FE0FB681B68DA69BB681340E6
:10B21000BA689A420CBF01230023DBB21A46FB79BD
:10B220009A42A0D0002318461037BD4680BD0000CA
:10B2300080B596B000AFF860B9601346FB80FB683C
:10B24000BA689A65FB68FA88A3F85C20FB6800225C
:10B25000C3F89020FB682222C3F88C20FB68D3F847
:10B260008030002B2DD0FB68D3F88030404ADA6361
:10B27000FB68D3F880303F4A1A64FB68D3F880300B
:10B280003D4ADA64FB68D3F8803000221A65FB6817
:10B29000D3F88000FB681B6824331946FB689B6D5C
:10B2A0001A46FB88F7F7C4FC0346002B09D0FB685D
:10B2B0001022C3F89020FB682022C3F88C200123C1
:10B2C00051E0FB681B69002B18D0FB681B68FB630F
:10B2D000FB6B53E8003FBB63BB6B43F480737B6540
:10B2E000FB681B681A467B6DBB647A64796CBA6C28
:10B2F00041E800233B643B6C002BE6D1FB681B68F4
:10B300000833BB62BB6A53E8003F7B627B6A43F051
:10B3100001033B65FB681B6808333A6D7A633B6346
:10B32000396B7A6B41E80023FB62FB6A002BE5D1A5
:10B33000FB681B6808337B617B6953E8003F3B6116
:10B340003B6943F04003FB64FB681B680833FA6CFD
:10B350003A62FB61F9693A6A41E80023BB61BB6963
:10B36000002BE5D1002318465837BD4680BD00BFED
:10B370007FB50008A7B60008E5B6000880B48FB016
:10B3800000AF78607B681B683B623B6A53E8003F14
:10B39000FB61FB6923F0C0037B637B681B681A4673
:10B3A0007B6BFB62BA62B96AFA6A41E800237B628E
:10B3B0007B6A002BE6D17B681B680833FB60FB6867
:10B3C00053E8003FBB60BB6823F400033B637B682A
:10B3D0001B6808333A6BBA617B617969BA6941E8E5
:10B3E00000233B613B69002BE5D17B682022C3F839
:10B3F000882000BF3C37BD465DF8047B70470000E5
:10B4000080B495B000AF78607B681B687B637B6B12
:10B4100053E8003F3B633B6B23F49073FB647B6812
:10B420001B681A46FB6C3B64FA63F96B3A6C41E8A3
:10B430000023BB63BB6B002BE6D17B681B68083322
:10B440003B623B6A53E8003FFB61FA691E4B1340C5
:10B45000BB647B681B680833BA6CFA62BB62B96A6A
:10B46000FA6A41E800237B627B6A002BE5D17B68A6
:10B47000DB6E012B18D17B681B68FB60FB6853E80F
:10B48000003FBB60BB6823F010037B647B681B68D4
:10B490001A467B6CBB617A617969BA6941E800231D
:10B4A0003B613B69002BE6D17B682022C3F88C20EE
:10B4B0007B680022DA667B6800225A6700BF543737
:10B4C000BD465DF8047B7047FEFFFFEF80B590B08E
:10B4D00000AF78607B689B6BFB637B68DB69B3F5CF
:10B4E000807F37D0FB6B0022A3F85620FB6B1B68D4
:10B4F00008337B627B6A53E8003F3B623B6A23F080
:10B500008003BB63FB6B1B680833BA6B3A63FB6257
:10B51000F96A3A6B41E80023BB62BB6A002BE5D1B4
:10B52000FB6B1B683B613B6953E8003FFB60FB68BA
:10B5300043F040037B63FB6B1B681A467B6BFB612C
:10B54000BA61B969FA6941E800237B617B69002B24
:10B55000E6D102E0F86BFEF70BFF00BF4037BD46B7
:10B5600080BD80B584B000AF78607B689B6BFB606A
:10B57000F868FEF707FF00BF1037BD4680BD80B5F5
:10B580009CB000AF78607B689B6BFB667B68DB6977
:10B59000B3F5807F71D0FB6E0022A3F85E20FB6EB6
:10B5A0001B68FB64FB6C53E8003FBB64BB6C23F47B
:10B5B0008073BB66FB6E1B681A46BB6EBB657A6503
:10B5C000796DBA6D41E800233B653B6D002BE6D1F8
:10B5D000FB6E1B680833BB63BB6B53E8003F7B63A8
:10B5E0007B6B23F001037B66FB6E1B6808337A6E6E
:10B5F0007A643B64396C7A6C41E80023FB63FB6B33
:10B60000002BE5D1FB6E1B6808337B627B6A53E835
:10B61000003F3B623B6A23F040033B66FB6E1B68C6
:10B6200008333A6E3A63FB62F96A3A6B41E80023E9
:10B63000BB62BB6A002BE5D1FB6E2022C3F88C20D5
:10B64000FB6EDB6E012B18D1FB6E1B683B613B6907
:10B6500053E8003FFB60FB6823F01003FB65FB6EC3
:10B660001B681A46FB6DFB61BA61B969FA6941E86A
:10B6700000237B617B69002BE6D1FB6E00221A67F9
:10B68000FB6EDB6E012B07D1FB6EB3F85C30194605
:10B69000F86EFEF79FFE02E0F86EFEF77DFE00BF3B
:10B6A0007037BD4680BD80B584B000AF78607B68E0
:10B6B0009B6BFB60FB6801221A67FB68DB6E012B4A
:10B6C00009D1FB68B3F85C305B089BB21946F86897
:10B6D000FEF780FE02E0F868FEF768FE00BF103754
:10B6E000BD4680BD80B586B000AF78607B689B6B3F
:10B6F0007B617B69D3F888303B617B69D3F88C3000
:10B70000FB607B691B689B6803F08003802B09D179
:10B710003B69212B06D17B690022A3F8562078696A
:10B72000FFF72CFE7B691B689B6803F04003402BEE
:10B7300009D1FB68222B06D17B690022A3F85E2089
:10B740007869FFF75DFE7B69D3F8903043F0100213
:10B750007B69C3F890207869FEF732FE00BF183786
:10B76000BD4680BD80B584B000AF78607B689B6BC0
:10B77000FB60FB680022A3F85E20FB680022A3F8B0
:10B780005620F868FEF71CFE00BF1037BD4680BD8E
:10B7900080B588B000AF78607B681B68FB60FB6891
:10B7A00053E8003FBB60BB6823F04003FB617B684C
:10B7B0001B681A46FB69BB617A617969BA6941E81D
:10B7C00000233B613B69002BE6D17B682022C3F854
:10B7D00088207B6800229A677868FEF7C9FD00BF61
:10B7E0002037BD4680BD80B483B000AF786000BF15
:10B7F0000C37BD465DF8047B704780B483B000AF62
:10B80000786000BF0C37BD465DF8047B704780B49C
:10B8100083B000AF786000BF0C37BD465DF8047B95
:10B82000704780B485B000AF78607B6893F884304F
:10B83000012B01D1022327E07B68012283F88420B9
:10B840007B682422C3F888207B681B681B68FB6028
:10B850007B681B681A687B681B6822F001021A600B
:10B86000FB6823F00053FB607B6800225A667B680C
:10B870001B68FA681A607B682022C3F888207B68FE
:10B88000002283F88420002318461437BD465DF853
:10B89000047B704780B584B000AF786039607B6806
:10B8A00093F88430012B01D102232DE07B68012223
:10B8B00083F884207B682422C3F888207B681B6877
:10B8C0001B68FB607B681B681A687B681B6822F03A
:10B8D00001021A607B681B689B6823F060417B68EB
:10B8E0001B683A680A439A60786800F04FF87B68F2
:10B8F0001B68FA681A607B682022C3F888207B687E
:10B90000002283F88420002318461037BD4680BDEE
:10B9100080B584B000AF786039607B6893F884307C
:10B92000012B01D102232DE07B68012283F88420C2
:10B930007B682422C3F888207B681B681B68FB6037
:10B940007B681B681A687B681B6822F001021A601A
:10B950007B681B689B6823F060617B681B683A68A2
:10B960000A439A60786800F011F87B681B68FA68EF
:10B970001A607B682022C3F888207B68002283F845
:10B980008420002318461037BD4680BD80B485B0A2
:10B9900000AF78607B685B6E002B08D17B6801226A
:10B9A000A3F86A207B680122A3F8682031E0102305
:10B9B000FB731023BB737B681B689B685B0EDBB259
:10B9C00003F007037B737B681B689B685B0FDBB22C
:10B9D00003F007033B73BB7B3A7B11498A5C02FB94
:10B9E00003F33A7B0F498A5C93FBF2F39AB27B68CC
:10B9F000A3F86A20FB7B7A7B09498A5C02FB03F38C
:10BA00007A7B08498A5C93FBF2F39AB27B68A3F8CD
:10BA1000682000BF1437BD465DF8047B704700BF47
:10BA20005CB8020864B8020880B582B000AF7860E4
:10BA3000902243F2AA71044805F0C3FC034618465D
:10BA40000837BD4680BD00BF6CB8020880B483B023
:10BA500000AF78607B684FF480521A8000BF0C37CB
:10BA6000BD465DF8047B704780B584B000AF786058
:10BA70007B681B12DBB23B727B68DBB27B7207F127
:10BA800008031A460221402005F077FCF860FB68A5
:10BA900018461037BD4680BD80B584B000AF7860D1
:10BAA0007B681B12DAB2084B1A707B68DAB2064B5D
:10BAB0005A70054A0221422005F05FFCF860FB68DD
:10BAC00018461037BD4680BDF80E002480B582B000
:10BAD00000AF00233B603B461A460221402005F0A0
:10BAE0004CFC78603B461A460221422005F045FC9A
:10BAF00002467B6813447B603B461A4602214C2079
:10BB000005F03BFC02467B6813447B603B461A46CB
:10BB100002214E2005F031FC02467B6813447B6015
:10BB20003B461A4602218A2005F027FC02467B6824
:10BB300013447B607B68002B01D07B6800E000230E
:10BB400018460837BD4680BD80B584B000AF786028
:10BB500000233B817B681BB207F10802114618469F
:10BB600005F042FC03461A4602214C2005F005FC74
:10BB7000F860FB68002B01D0FB6800E0002318464A
:10BB80001037BD4680BD80B584B000AF0346FB8052
:10BB900000233B81B7F9063007F108021146184629
:10BBA00005F022FC03461A4602214FF4FF7005F00F
:10BBB000E4FBF860FB68002B01D0FB6800E0002389
:10BBC00018461037BD4680BD80B584B000AF03462F
:10BBD000FB8000233B81B7F9063007F108021146CC
:10BBE000184605F001FC03461A4602218A2005F09A
:10BBF000C4FBF860FB68002B01D0FB6800E0002369
:10BC000018461037BD4680BD80B584B000AF0346EE
:10BC1000FB80FB881B0A9BB2DBB23B72FB88DBB26A
:10BC20007B7207F108031A4602214E2005F0A5FB9E
:10BC3000F860FB6818461037BD4680BD90B587B0E8
:10BC400000AF78600B467B800023BB8100237B61C3
:10BC50007B680C2B3DD801A252F823F091BC000860
:10BC600097BC0008D3BC00089DBC0008A3BC00081A
:10BC7000A9BC0008AFBC0008B5BC0008BBBC0008EC
:10BC8000C1BC0008C7BC0008CDBC0008D3BC00087C
:10BC9000BE237B611DE0BA237B611AE0B6237B6182
:10BCA00017E0B2237B6114E0AC237B6111E0A82391
:10BCB0007B610EE0A0237B610BE0A4237B6108E0A5
:10BCC000BC237B6105E0B8237B6102E0B4237B6188
:10BCD00000BF7B699CB207F10C02B7F90230114634
:10BCE000184605F081FB03461A460221204605F05E
:10BCF00044FB38613B69002B01D03B6900E0002325
:10BD000018461C37BD4690BD80B584B000AF786042
:10BD10000023BB607B681B6807F1080211461846C8
:10BD200005F073FB03461A46042140F2E46005F077
:10BD300024FBF8607B6804331B6807F10802114696
:10BD4000184605F062FB03461A4604214FF4DD60F5
:10BD500005F013FB0246FB681344FB607B68083365
:10BD60001B6807F108021146184605F04EFB034612
:10BD70001A46042140F2EC6005F0FFFA0246FB6827
:10BD80001344FB60FB68002B01D0FB687CE07B6800
:10BD90000C331B6807F108021146184605F035FB05
:10BDA00003461A46042140F6B40005F0E6FAF860AE
:10BDB0007B6810331B6807F108021146184605F02E
:10BDC00024FB03461A46042140F6B80005F0D5FAD4
:10BDD0000246FB681344FB607B6814331B6807F161
:10BDE00008021146184605F010FB03461A460421C6
:10BDF00040F6BC0005F0C1FA0246FB681344FB6044
:10BE0000FB68002B01D0FB683EE07B6818331B68A1
:10BE100007F108021146184605F0F7FA03461A46DC
:10BE2000042140F2E47005F0A8FAF8607B681C3346
:10BE30001B6807F108021146184605F0E6FA0346AA
:10BE40001A4604214FF4FD6005F097FA0246FB689C
:10BE50001344FB607B6820331B6807F1080211461E
:10BE6000184605F0D2FA03461A46042140F2EC7057
:10BE700005F083FA0246FB681344FB60FB68002B65
:10BE800001D0FB6800E0002318461037BD4680BD96
:10BE900080B584B000AF786007F108031946786870
:10BEA00005F0B3FA03461A4604214FF4987005F0E2
:10BEB00064FAF860FB6818461037BD4680BD80B54F
:10BEC00084B000AF78600023BB6007F10803194617
:10BED000786805F09AFA03461A4604214FF48670F2
:10BEE00005F04BFAF860FB68002B01D0FB6800E01E
:10BEF000002318461037BD4680BD80B584B000AF22
:10BF000078600023BB607B681B6807F1080211465C
:10BF1000184605F07AFA03461A4604214FF4B66033
:10BF200005F02BFAF8607B6804331B6807F1080200
:10BF30001146184605F069FA03461A4604214FF4E3
:10BF4000B86005F01AFA0246FB681343FB607B6891
:10BF500008331B681BB207F108021146184605F0AA
:10BF600043FA03461A46022140F2E45005F005FA6E
:10BF70000246FB681343FB60FB68002B01D0FB68A3
:10BF800000E0002318461037BD4680BD80B584B060
:10BF900000AF78600023BB607B681B6807F1080274
:10BFA0001146184605F031FA03461A4604214FF4AB
:10BFB000B87005F0E2F9F8607B6804331B6807F19C
:10BFC00008021146184605F020FA03461A460421D5
:10BFD0004FF4BA7005F0D1F90246FB681344FB60D8
:10BFE0007B6808331B6807F108021146184605F004
:10BFF0000CFA03461A4604214FF4BC7005F0BDF953
:10C000000246FB681344FB607B680C331B6807F136
:10C0100008021146184605F0F8F903461A460421AD
:10C020004FF4BE7005F0A9F90246FB681344FB60AB
:10C030007B6810331B6807F108021146184605F0AB
:10C04000E4F903461A4604214FF4C07005F095F94F
:10C050000246FB681344FB607B6814331B6807F1DE
:10C0600008021146184605F0D0F903461A46042185
:10C070004FF4C27005F081F90246FB681344FB607F
:10C080007B6818331B6807F108021146184605F053
:10C09000BCF903461A4604214FF4C47005F06DF94B
:10C0A0000246FB681344FB607B681C331B6807F186
:10C0B00008021146184605F0A8F903461A4604215D
:10C0C0004FF4C67005F059F90246FB681344FB6053
:10C0D0007B6820331B6807F108021146184605F0FB
:10C0E00094F903461A4604214FF4C87005F045F947
:10C0F0000246FB681344FB60FB68002B01D0FB6821
:10C1000000E0002318461037BD4680BD80B584B0DE
:10C1100000AF78600023BB6007F108031A460421D2
:10C120004FF4587005F03BF9F860FB68002B01D024
:10C13000FB680DE03B7A1B027A7A13441B02BA7A41
:10C1400013441B02FA7A13441A467B681A600023D0
:10C1500018461037BD4680BD80B586B000AF034697
:10C16000FB80B7F90630023B1E2B55D801A252F8CE
:10C1700023F000BFF1C1000819C20008F9C100088E
:10C1800019C2000819C2000819C2000801C200083B
:10C1900019C2000819C2000819C2000819C2000813
:10C1A00019C2000819C2000819C2000809C2000813
:10C1B00019C2000819C2000819C2000819C20008F3
:10C1C00019C2000819C2000819C2000819C20008E3
:10C1D00019C2000819C2000819C2000819C20008D3
:10C1E00019C2000819C2000819C2000811C20008CB
:10C1F0004FF000737B6111E04FF080637B610DE0D5
:10C200004FF000637B6109E04FF080537B6105E0F4
:10C210004FF000537B6101E0202313E007F10C0392
:10C220001946786905F0F1F803461A4604214FF4DF
:10C23000F07005F0A2F838613B69002B01D03B6932
:10C2400000E0002318461837BD4680BD80B586B093
:10C2500000AF0346FB80B7F90630023B1E2B55D8D2
:10C2600001A252F823F000BFE5C200080DC3000888
:10C27000EDC200080DC300080DC300080DC300087F
:10C28000F5C200080DC300080DC300080DC3000867
:10C290000DC300080DC300080DC300080DC300083E
:10C2A000FDC200080DC300080DC300080DC300083F
:10C2B0000DC300080DC300080DC300080DC300081E
:10C2C0000DC300080DC300080DC300080DC300080E
:10C2D0000DC300080DC300080DC300080DC30008FE
:10C2E00005C300084FF400237B6111E04FF4802365
:10C2F0007B610DE04FF400337B6109E04FF4803344
:10C300007B6105E04FF400437B6101E0202313E0F3
:10C3100007F10C031946786905F077F803461A46C9
:10C32000042140F2F44005F028F838613B69002B05
:10C3300001D03B6900E0002318461837BD4680BD98
:10C3400080B586B000AF0346FB800023FB60B7F9E1
:10C350000630042B1BD801A252F823F071C3000849
:10C3600077C300087DC3000883C3000889C30008A1
:10C370000023FB820DE00123FB820AE00323FB8202
:10C3800007E00723FB8204E00F23FB8201E0202368
:10C3900028E007F10C02B7F916301146184605F0EF
:10C3A00023F803461A46022140F20A3004F0E5FF62
:10C3B0003861B7F9163007F10C021146184605F03E
:10C3C00024F803461A46042140F60C7004F0D5FF09
:10C3D00002463B6913433B613B69002B01D03B693B
:10C3E00000E0002318461837BD4680BD80B582B0F6
:10C3F00000AF00233B603B461A4602219E2004F01A
:10C40000BCFF78603B461A4602219A2004F0B5FF33
:10C4100002467B6813437B603B461A4604218C200E
:10C4200004F0ABFF02467B6813437B603B461A4631
:10C430000421842004F0A1FF02467B6813437B6043
:10C440003B461A460221962004F097FF02467B687D
:10C4500013437B603B461A460221922004F08DFF75
:10C4600002467B6813437B603B461A4604218020CA
:10C4700004F083FF02467B6813437B603B461A4609
:10C4800002219C2004F079FF02467B6813437B6005
:10C490003B461A460221982004F06FFF02467B6853
:10C4A00013437B603B461A460221942004F065FF4B
:10C4B00002467B6813437B603B461A460221882074
:10C4C00004F05BFF02467B6813437B607B68184681
:10C4D0000837BD4680BD000080B483B000AF7860EF
:10C4E0007B6807EE903AF8EEE77A9FED067AC7EEA2
:10C4F000876AF0EE667AB0EE670A0C37BD465DF8E3
:10C50000047B70470000804780B400AF034B0122DA
:10C510001A7300BFBD465DF8047B7047800F00248E
:10C5200080B400AF00BFBD465DF8047B70470000DB
:10C5300080B584B000AF87ED010A40F265437B818E
:10C540000023FB600E4B1A680E4B1340002B30D0BB
:10C55000D7ED017A9FED0C7AF4EEC77AF1EE10FA7E
:10C5600002DB0A4B7B6024E0D7ED017A9FED087A6D
:10C57000F4EEC77AF1EE10FA10DB064B7B6018E0A0
:10C58000800F0024001C7000000061430000614324
:10C590000000CC420000E14200004C42D7ED017A9D
:10C5A0001FED037AF4EEC77AF1EE10FA01DBBD4B12
:10C5B0007B60BD4B1B6803F00103002B15D07B890A
:10C5C00007EE903AF8EEE76A97ED017AC6EE877AC1
:10C5D000FCEEE77A17EE903A9BB21946012002F082
:10C5E000CDFC0246FB681343FB60AF4B1B6803F0B6
:10C5F0000203002B15D07B8907EE903AF8EEE76A2C
:10C6000097ED017AC6EE877AFCEEE77A17EE903A5C
:10C610009BB21946042002F0B1FC0246FB681343AA
:10C62000FB60A14B1B6803F00403002B15D07B8932
:10C6300007EE903AF8EEE76A97ED017AC6EE877A50
:10C64000FCEEE77A17EE903A9BB21946102002F002
:10C6500095FC0246FB681343FB60934B1B6803F099
:10C660004003002B15D07B8907EE903AF8EEE76A7D
:10C6700097ED017AC6EE877AFCEEE77A17EE903AEC
:10C680009BB219460F2002F079FC0246FB68134367
:10C69000FB60854B1B6803F48033002B15D07B892E
:10C6A00007EE903AF8EEE76A97ED017AC6EE877AE0
:10C6B000FCEEE77A17EE903A9BB219460F2002F093
:10C6C0005DFC0246FB681343FB60774B1B6803F479
:10C6D0000063002B15D07B8907EE903AF8EEE76AED
:10C6E00097ED017AC6EE877AFCEEE77A17EE903A7C
:10C6F0009BB21946122002F041FC0246FB6813432C
:10C70000FB60694B1B6803F48053002B15D07B89B9
:10C7100007EE903AF8EEE76A97ED017AC6EE877A6F
:10C72000FCEEE77A17EE903A9BB21946112002F020
:10C7300025FC0246FB681343FB605B4B1B6803F45C
:10C740008063002B15D07B8907EE903AF8EEE76AFC
:10C7500097ED017AC6EE877AFCEEE77A17EE903A0B
:10C760009BB21946132002F009FC0246FB681343F2
:10C77000FB604D4B1B6803F48073002B15D07B8945
:10C7800007EE903AF8EEE76A97ED017AC6EE877AFF
:10C79000FCEEE77A17EE903A9BB219460A2002F0B7
:10C7A000EDFB0246FB681343FB603F4B1B6803F441
:10C7B0000073002B15D07B8907EE903AF8EEE76AFC
:10C7C00097ED017AC6EE877AFCEEE77A17EE903A9B
:10C7D0009BB21946092002F0D1FB0246FB681343C5
:10C7E000FB60314B1B6803F00803002B05D12E4B77
:10C7F0001B6803F01003002B15D07B8907EE903ADD
:10C80000F8EEE76A97ED017AC6EE877AFCEEE77AF2
:10C8100017EE903A9BB21946022002F0AFFB024697
:10C82000FB681343FB60204B1B6803F01003002BD5
:10C8300015D07B8907EE903AF8EEE76A97ED017A1A
:10C84000C6EE877AFCEEE77A17EE903A9BB219466D
:10C850000E2002F093FB0246FB681343FB60124B71
:10C860001B6803F02003002B15D07B8907EE903A5C
:10C87000F8EEE76A97ED017AC6EE877AFCEEE77A82
:10C8800017EE903A9BB219460B2002F077FB024656
:10C89000FB681343FB60044B1B6803F40053002B3D
:10C8A0001AD003E000006242800F00247B8907EE6B
:10C8B000903AF8EEE76A97ED017AC6EE877AFCEED9
:10C8C000E77A17EE903A9BB21946142002F056FB15
:10C8D0000246FB681343FB60584B1B6803F480134C
:10C8E000002B15D07B8907EE903AF8EEE76A97EDBA
:10C8F000017AC6EE877AFCEEE77A17EE903A9BB2A1
:10C9000019462D2002F03AFB0246FB681343FB60F8
:10C910004A4B1B6803F48003002B15D07B8907EE7C
:10C92000903AF8EEE76A97ED017AC6EE877AFCEE68
:10C93000E77A17EE903A9BB21946292002F01EFBC7
:10C940000246FB681343FB603C4B1B6803F4001377
:10C95000002B15D07B8907EE903AF8EEE76A97ED49
:10C96000017AC6EE877AFCEEE77A17EE903A9BB230
:10C9700019462C2002F002FB0246FB681343FB60C1
:10C980002E4B1B6803F40033002B15D07B8907EE78
:10C99000903AF8EEE76A97ED017AC6EE877AFCEEF8
:10C9A000E77A17EE903A9BB219460B2002F0E6FAAE
:10C9B0000246FB681343FB60204B1B6803F4802393
:10C9C000002B15D07B8907EE903AF8EEE76A97EDD9
:10C9D000017AC6EE877AFCEEE77A17EE903A9BB2C0
:10C9E0001946142002F0CAFA0246FB681343FB60A2
:10C9F000124B1B6803F08003002B15D07B8907EED8
:10CA0000903AF8EEE76A97ED017AC6EE877AFCEE87
:10CA1000E77A17EE903A9BB21946032002F0AEFA7D
:10CA20000246FB681343FB6003F0E2FF04F022FEC2
:10CA3000FB6818461037BD4680BD00BF800F00243C
:10CA400080B590B00AAF07F10C0300221A605A605B
:10CA50009A60AD4B1B6803F00103002B3AD0AB4B3F
:10CA60001B88012B36D1AA4B1B68002B06D0A94B83
:10CA70001B68002B02D1A74B01221A60A64B1B7822
:10CA8000002B1FD0A54BD3ED007AB7EEE75AA34B8E
:10CA9000D3ED017AB7EEE77AA04BD3ED026AB7EE99
:10CAA000E66A9C4B19689E4BD3E90023CDE9062327
:10CAB00004918DED026B8DED007B53EC152B9948A5
:10CAC0001AF00CFF984B954A07CA83E807008F4B72
:10CAD00000221A808C4B1B6803F00203002B3BD012
:10CAE000924B1B88012B37D1894B1B68002B06D03A
:10CAF0008F4B1B68002B02D18D4B01221A60864B95
:10CB00001B78002B1FD08B4BD3ED007AB7EEE75A82
:10CB1000884BD3ED017AB7EEE77A864BD3ED026A04
:10CB2000B7EEE66A824B19687D4BD3E90023CDE965
:10CB3000062304918DED026B8DED007B53EC152BDC
:10CB40007D481AF0CBFE784B7A4A0C3307CA83E84B
:10CB50000700764B00221A806B4B1B6803F004031E
:10CB6000002B45D0754B1B88012B41D16A4B1B789C
:10CB7000002B1ED0724BD3ED007AB7EEE75A704B04
:10CB8000D3ED017AB7EEE77A6D4BD3ED026AB7EEDB
:10CB9000E66A634BD3E90023CDE90623002304931F
:10CBA0008DED026B8DED007B53EC152B65481AF073
:10CBB00095FE594B1B78002B17D0634BD3ED007AB1
:10CBC000B7EEE75A604BD3ED017AB7EEE77A5E4BEA
:10CBD000D3ED026AB7EEE66A8DED026B8DED007B58
:10CBE00053EC152B59481AF079FE544B00221A8049
:10CBF000574B1B88012B40F0BD81434B1B6803F052
:10CC00004003002B00F05481524B1B68524A1360C2
:10CC1000504B5B68504A53604E4B9B684E4A936042
:10CC20004C4BDB684C4AD3604B4B1B684B4A136040
:10CC3000494B5B684A4A1360474B9B68494A1360FB
:10CC4000454BDB68484A1360444B93ED007A444BF4
:10CC5000D3ED007A67EE277A444BC3ED007A3F4B61
:10CC600093ED007A3F4BD3ED007A67EE277A404B85
:10CC7000C3ED007A394B93ED007A3B4BD3ED007A4C
:10CC800067EE277A3B4BC3ED007A354B93ED007A84
:10CC9000334BD3ED007A67EE277A374BC3ED007A3A
:10CCA0002F4B93ED007A2F4BD3ED007A67EE277A66
:10CCB000324BC3ED007A2A4B93ED007A2A4BD3ED29
:10CCC000007A67EE277A2E4BC3ED007A254B93ED61
:10CCD000007A244BD3ED007A67EE277A294BC3ED17
:10CCE000007A204B93ED007A1F4BD3ED007A67EE6C
:10CCF000277A254BC3ED007A1B4B93ED007A1A4B34
:10CD0000D3ED007A42E000BF800F0024F80F00242A
:10CD1000F40F0024A4100024FB0E00242010002493
:10CD2000B810002448B20208FC0E0024FA0F0024B8
:10CD3000A81000243C10002474B20208FC0F002448
:10CD400048100024A0B2020854100024D0B20208F7
:10CD50000210002410100024300F0024640F00245F
:10CD6000680F00246C0F0024700F0024400F002473
:10CD7000440F0024480F00244C0F0024500F0024BF
:10CD8000540F0024580F00245C0F002467EE277A0C
:10CD9000C14BC3ED007AC14B93ED007AC04BD3ED8C
:10CDA000007A77EE677A77EEA77AB7EEE77AB0EE99
:10CDB000470B1CF095FEB0EE407BF7EEC77BF1EE23
:10CDC000677AB84BC3ED007AB74B93ED007AB74B57
:10CDD000D3ED007A77EE277A77EEA77AB7EEE77A87
:10CDE000B34B93ED006AAC4BD3ED006A76EE266A46
:10CDF00076EEA66AB7EE006A76EE666AB7EEE66A87
:10CE0000B0EE461BB0EE470B1CF096FEB0EE407B3A
:10CE1000F7EEC77BA34BC3ED017AA64B93ED007AE7
:10CE2000A54BD3ED007A77EE277A77EEA77AB7EEA7
:10CE3000E77AA24B93ED006A9D4BD3ED006A76EE44
:10CE4000266A76EEA66AB7EE006A76EE666AB7EEF6
:10CE5000E66AB0EE461BB0EE470B1CF06DFEB0EE7E
:10CE6000407BF7EEC77B8F4BC3ED027A944B1B7868
:10CE7000002B17D08B4BD3ED007AB7EEE75A894BD6
:10CE8000D3ED017AB7EEE77A864BD3ED026AB7EEBF
:10CE9000E66A8DED026B8DED007B53EC152B894816
:10CEA0001AF01CFD884B7F4A243307CA83E8070029
:10CEB000864B1B6803F48033002B0AD007F10C0368
:10CEC000184605F015FA07F10C038149184607F0DA
:10CED000EEFF7E4B1B6803F40073002B20D0784BD1
:10CEE0001B78002B1CD07B4BD3ED007AB7EEE75AB2
:10CEF000784BD3ED017AB7EEE77A764BD3ED026A41
:10CF0000B7EEE66A744BD3E90023CDE904238DED37
:10CF1000026B8DED007B53EC152B70481AF0DEFC94
:10CF20006A4B1B6803F48073002B20D0644B1B7882
:10CF3000002B1CD06A4BD3ED007AB7EEE75A684B52
:10CF4000D3ED017AB7EEE77A654BD3ED026AB7EE1F
:10CF5000E66A614BD3E90023CDE904238DED026B32
:10CF60008DED007B53EC152B5E481AF0B7FC5E4B41
:10CF700000221A80554B1B6803F00803002B30D0A9
:10CF80005A4B1B88012B2CD14D4B1B78002B1FD0EB
:10CF9000574BD3ED007AB7EEE75A554BD3ED017AF4
:10CFA000B7EEE77A524BD3ED026AB7EEE66A514B21
:10CFB0001968494BD3E90023CDE9062304918DED8F
:10CFC000026B8DED007B53EC152B4B481AF086FC61
:10CFD0003D4B474A183307CA83E80700434B0022FA
:10CFE0001A803A4B1B6803F01003002B45D0434BCB
:10CFF0001B88012B41D1324B1B78002B1ED0404B9C
:10D00000D3ED007AB7EEE75A3D4BD3ED017AB7EE98
:10D01000E77A3B4BD3ED026AB7EEE66A2E4BD3E9D3
:10D020000023CDE90623002304938DED026B8DEDE3
:10D03000007B53EC152B33481AF050FC204B1B7827
:10D04000002B17D0304BD3ED007AB7EEE75A2E4BBA
:10D05000D3ED017AB7EEE77A2B4BD3ED026AB7EE48
:10D06000E66A8DED026B8DED007B53EC152B2748A6
:10D070001AF034FC214B00221A80254B1B88012B0F
:10D0800040F0B180114B1B6803F02003002B69D0E6
:10D090000B4B1B78002B3DE0600F0024440F002455
:10D0A000540F0024740F0024480F0024500F002454
:10D0B000580F0024400F00245C0F00244C0F002464
:10D0C000FB0E0024F4B20208FC0E0024800F0024A2
:10D0D000C0100024F4100024B810002420B302086B
:10D0E000E810002448B3020802100024FE0F0024B8
:10D0F00060100024B010002470B302080010002457
:10D100006C100024A0B3020878100024D4B30208E5
:10D110000410002426D0524BD3ED007AB7EEE74A34
:10D120004F4BD3ED017AB7EEE77A4D4BD3ED026A60
:10D13000B7EEE66A4A4BD3ED035AB7EEE55A494BD0
:10D140001968494BD3E90023CDE9082306918DEDF9
:10D15000045B8DED026B8DED007B53EC142B43488B
:10D160001AF0BCFB424B1B6803F40033002B10D0B9
:10D1700007F10C03184605F0D1F83A4607F10C0305
:10D180001146184603F0CCFD3B463A49184607F0D5
:10D190008EFE374B1B6803F08003002B20D0364BEC
:10D1A0001B78002B1CD0354BD3ED007AB7EEE75A35
:10D1B000324BD3ED017AB7EEE77A304BD3ED026A0A
:10D1C000B7EEE66A284BD3E90023CDE904238DEDC1
:10D1D000026B8DED007B53EC152B29481AF07EFB7A
:10D1E000284B00221A80284B1B88012B33D1204B5F
:10D1F0001B6803F40053002B2AD01F4B1B78002B15
:10D2000026D0224BD3ED007AB7EEE74A1F4BD3ED81
:10D21000017AB7EEE77A1D4BD3ED026AB7EEE66A04
:10D220001A4BD3ED035AB7EEE55A194B19680E4B5A
:10D23000D3E90023CDE9082306918DED045B8DED44
:10D24000026B8DED007B53EC142B12481AF046FB59
:10D250000D4B00221A8000BF1837BD4680BD00BFAD
:10D260002C100024AC100024B8100024F8B30208DD
:10D27000800F0024C0100024FB0E002400110024A5
:10D2800024B4020804100024061000248410002492
:10D29000B410002450B402082DE9B043C2B000AF6E
:10D2A0000023A7F8F6300023A7F8F4300023A7F8EE
:10D2B000F2300023C7F8EC3007F1E40300221A60D3
:10D2C0009A8007F1D80300221A605A609A6007F129
:10D2D000CC0300221A605A609A6007F16803622248
:10D2E000002118461AF0D8FC07F1F603184604F09E
:10D2F0005BF9B7F9F6309BB21A4642F2023313409B
:10D30000002B00F029840023FB8603F0D1FE0246A7
:10D310000B462049C1E9002307F1680207F13601F5
:10D3200007F1EC03184604F0AFFC0346002B40F075
:10D330008B83FB8EC7F80431174BD3E900231343CB
:10D340001CD0D7F80431002B18D0124BD3E90001C0
:10D35000114BD3E90023841A61EB0305D7F804319C
:10D36000DA179846914642464B4620462946F3F73F
:10D37000DBF902460B460949C1E90023D7F804311D
:10D38000002B00F04E83034BD3E900230249C1E98F
:10D39000002346E31811002420110024B8100024B3
:10D3A00007F1EC0207F1F20107F1F403184604F06B
:10D3B000ADFC0346002B40F03C83B7F8F4301BB2C1
:10D3C000002B2EDAD44B01221A8007F1D80318461D
:10D3D00004F004FF05F044F80346D04A136003F05C
:10D3E000CDF903461A460123934007EE903AF8EE32
:10D3F000E77A37EEA77ADFEDCA6AC7EE267AC7ED7D
:10D40000407AD7ED407A9FEDC77A67EE877AC7ED0D
:10D41000407A07F1D803C44997ED400A184603F053
:10D4200049FDB7F8F43003F48043002B00F09B80F3
:10D4300007F1280300221A605A609A6007F11C0362
:10D4400000221A605A609A60B84B01221A8007F1D4
:10D45000E403184604F0D8FE03F090F803461A4699
:10D460000123934007EE903AF8EEE77A9FEDB07A09
:10D4700027EE877ADFEDAF6AC7EE267AC7ED3F7AEF
:10D48000D7ED3F7A9FEDAC7A67EE877AC7ED3F7AAA
:10D49000B7F9E430BB62B7F9E630FB62B7F9E830C0
:10D4A0003B6307F12803A54997ED3F0A184603F0AF
:10D4B00001FD07F1E403184604F0CAFE03F05EF82C
:10D4C00003461A460123934007EE903AF8EEE77AB6
:10D4D0009FED977A27EE877ADFED996AC7EE267A75
:10D4E000C7ED3F7AD7ED3F7A9FED937A67EE877A63
:10D4F000C7ED3F7AB7F9E430FB61B7F9E6303B623C
:10D50000B7F9E8307B6207F11C038E4997ED3F0ABB
:10D51000184603F0CFFC8C4B1B6803F00203002B72
:10D520001CD0BB6A5B01BB62FB6A5B01FB623B6BAD
:10D530005B013B6307F11C0207F1280107F1D803E7
:10D54000184604F09BFE07F1D803804997ED3F0A87
:10D55000184603F0AFFC7E4B01221A8004F08CFFCA
:10D5600003467C4A1360B7F8F43003F02003002B25
:10D5700018D0794B01221A8007F1D803184604F01D
:10D580000FFF04F085FF0346744A13604FF05E53AB
:10D59000C7F8F83007F1D803714997ED3E0A1846ED
:10D5A00003F088FCB7F8F43003F40053002B67D085
:10D5B00007F1D803184604F0DDFED7F8D83007EE9F
:10D5C000903AF8EEE77A9FED677A67EE877A664BD6
:10D5D000C3ED007AD7F8DC3007EE903AF8EEE77A40
:10D5E0009FED607A67EE877A5F4BC3ED017AD7F8DB
:10D5F000E03007EE903AF8EEE77A9FED5A7A67EE60
:10D60000877A594BC3ED027A574B93ED007A544B0E
:10D61000D3ED007A77EE677A544BC3ED007A524B24
:10D6200093ED017A4E4BD3ED017A77EE677A4F4B4B
:10D63000C3ED017A4C4B93ED027A494BD3ED027A5C
:10D6400077EE677A494BC3ED027A474B4FF0000201
:10D650001A60454B4FF000025A60434B4FF00002F6
:10D660009A60424B4FF000021A60404B4FF00002AC
:10D670005A603E4B4FF000029A603D4B01221A80E7
:10D68000B7F8F43003F40063002B00F0F480394B5A
:10D6900001221A8007F1CC03184604F029FE07F195
:10D6A000CC033549184603F0B1FA07F1500207F1EF
:10D6B000CC031146184603F033FB07F1500207F183
:10D6C0005C031146184600F0FFFCFB6D1846FEF7A0
:10D6D00003FFF0EE407A294BC3ED007A3B6E18460B
:10D6E000FEF7FAFEF0EE407A244BC3ED017A7B6E32
:10D6F0001846FEF7F1FEF0EE407A204BC3ED027AB9
:10D70000094BD3ED007A9FED1E7A27EE877A064B00
:10D71000D3ED007A38E000BFF80F0024A4100024F5
:10D720000000804E0AE81C4120100024FC0F002459
:10D7300000007A430000004735FA8E3C4810002470
:10D740000000804954100024800F00243C10002465
:10D75000FA0F0024A8100024FE0F0024B0100024AB
:10D7600060100024000080376C1000247810002422
:10D77000001000240210002410100024F4100024D3
:10D780000000804700000000F5EEC07AF1EE10FACC
:10D7900002DBF7EE007A01E05FED067AF6EE006A52
:10D7A00077EEE67A77EE277AFDEEE77A17EE903A93
:10D7B000BB63A64BD3ED017A9FEDA57A27EE877A5E
:10D7C000A24BD3ED017AF5EEC07AF1EE10FA02DB4E
:10D7D000F7EE007A01E0DFED9F7AF6EE006A77EE71
:10D7E000E67A77EE277AFDEEE77A17EE903AFB635A
:10D7F000964BD3ED027A9FED967A27EE877A934B7C
:10D80000D3ED027AF5EEC07AF1EE10FA02DBF7EE14
:10D81000007A01E0DFED8F7AF6EE006A77EEE67AC5
:10D8200077EE277AFDEEE77A17EE903A3B6407F140
:10D83000380207F15C0107F14403184600F0C2FC0E
:10D840007B6C1846FEF748FEF0EE407A824BC3ED43
:10D85000007ABB6C1846FEF73FFEF0EE407A7E4B36
:10D86000C3ED017AFB6C1846FEF736FEF0EE407A07
:10D87000794BC3ED027AB7F8F43003F48063002BE0
:10D880004CD0764B01221A8007F1CC03184604F0E5
:10D8900045FD04F015FE07EE900AB8EEE77ADFEDDD
:10D8A000706AC7EE267AFDEEE77A17EE902A6D4B86
:10D8B0001A6007F1CC036C49184603F0A7F96B4BCB
:10D8C0001B6803F08003002B28D03A1D07F1CC031E
:10D8D0001146184603F024FA3A1D07F110031146C9
:10D8E000184600F0A9FC3B691846FEF7F5FDF0EE7E
:10D8F000407A5F4BC3ED007A7B691846FEF7ECFD7A
:10D90000F0EE407A5A4BC3ED017ABB691846FEF738
:10D91000E3FDF0EE407A564BC3ED027AB7F8F430EF
:10D9200003F48073002B2FD007F1CC03184604F0CA
:10D930000BFD4E4B1B6803F48023002B05D007F131
:10D94000CC034C49184607F0B2FA484B1B6803F465
:10D950000053002B15D007F1CC034749184603F0BC
:10D9600055F904F0A1FD07EE900AB8EEE77ADFED75
:10D970003C6AC7EE267AFDEEE77A17EE902A3F4B17
:10D980001A603F4B01221A80B7F8F23003F080038F
:10D99000002B32D03B4804F019FD3B4804F02EFD2B
:10D9A000324B1B6803F48003002B14D0354B1B88CB
:10D9B0001B0A9BB203F01003002B03D0334B02224F
:10D9C0001A7008E02F4B1B8803F01003002B02D0C5
:10D9D0002E4B01221A70254B1B6803F48013002B79
:10D9E00002D02B4B01221A80204B1B6803F48003CA
:10D9F000002B02D0274B01221A80B7F8F23003F433
:10DA00008063002B0BD0194B1B6803F40013002B11
:10DA100005D0214804F00AFD204B01221A80FFF7AF
:10DA20000FF8FB8E5A1E92B2FA86002B7FF4B8AC28
:10DA300000E000BFD7F8EC30002B31D0D7F8EC3045
:10DA4000002B7FF469AC2CE000BF2AE020100024FA
:10DA50000000804700000000E810002404100024AB
:10DA60000000004EAC1000242C100024800F002475
:10DA7000001100249410002484100024B410002409
:10DA8000061000240C110024101100240E11002493
:10DA9000081000240C100024141100240A10002483
:10DAA00000BFB7F9F6309BB203F48063002B0CD0B3
:10DAB0002C4B1B6803F40063002B06D02A4B1B7809
:10DAC000002B02D0294819F071FFB7F8F43003F0A9
:10DAD0001003002B2CD0234B1B6803F48063002B16
:10DAE00026D007F58473A3F5847300221A603B46A1
:10DAF000184603F0ADFB07F58473A3F584731A6829
:10DB00001B4B1B689A4213D0174B1B78002B08D075
:10DB100007F58473A3F584731B681946154819F03B
:10DB2000DDFE07F58473A3F584731B68104A136048
:10DB3000B7F9F6309BB203F40073002B0CD0094BFD
:10DB40001B6803F48053002B06D0074B1B78002B77
:10DB500002D0094819F02AFF00BF07F58477BD46B7
:10DB6000BDE8B083800F0024FB0E002484B40208BB
:10DB7000281100249CB40208B0B4020880B582B019
:10DB800000AF00237B60934B01221A700023FB70CF
:10DB9000FB1C1A4601217F2003F0F4F902467B6842
:10DBA00013437B608023FB70FB1C1A460121062077
:10DBB00003F0E8F902467B6813437B60642008F0B9
:10DBC00061FD0023FB70FB1C1A4601217F2003F03E
:10DBD000D9F902467B6813437B60BB1C1A460121BE
:10DBE000002003F007FA02467B6813437B60BB7892
:10DBF000EA2B06D0BB781946774819F06FFE01234F
:10DC0000E4E0744B1B78002B04D0BB7819467348B2
:10DC100019F064FE9FED720A724803F0C1F800210A
:10DC2000012002F0B7F902467B6813437B607B68F2
:10DC3000002B06D0674B1B78002B02D06A4819F0E6
:10DC4000B5FE242002F0FEFA02467B6813437B6097
:10DC50007B68002B06D05F4B1B78002B02D06348FB
:10DC600019F0A4FE00F0DCF8614803F09CFA0246CB
:10DC70007B6813437B607B68002B06D0554B1B7879
:10DC8000002B02D05B4819F091FE03F0F3FC024632
:10DC90007B6813437B607B68002B06D04D4B1B7861
:10DCA000002B02D0544819F081FE544B1B6883F0BE
:10DCB0000103524A1360514B1B6803F00103002B10
:10DCC00014BF01230023DBB21946012001F084FBBD
:10DCD00002467B6813437B607B68002B06D03D4B7C
:10DCE0001B78002B02D0464819F060FE434B1B689E
:10DCF00083F00203414A1360404B1B6803F00203A8
:10DD0000002B14BF01230023DBB21946042001F0CD
:10DD100063FB02467B6813437B607B68002B06D065
:10DD20002C4B1B78002B02D0364819F03FFE334BAA
:10DD30001B6883F00803314A13600121022001F0BF
:10DD40004BFB2E4B1B6883F040032C4A13602B4B7C
:10DD50001B6803F04003002B14BF01230023DBB238
:10DD600019460F2001F038FB02F042FE02467B68A4
:10DD700013437B607B68002B06D0164B1B78002B6F
:10DD800002D0214819F012FE204B214A1A601F4B85
:10DD9000D3ED007AB0EE670AFEF7CAFB02467B6855
:10DDA00013437B600B4B1B78002B09D07B68002B47
:10DDB00003D0184819F0FAFD02E0174819F0F6FDF3
:10DDC000FEF7AEFB154B01221A707B681846083728
:10DDD000BD4680BDFB0E0024CCB40208E4B40208AA
:10DDE000000000001C000024F8B402081CB5020862
:10DDF000D00F002430B5020848B50208800F002477
:10DE000060B502087CB5020898B502081800002425
:10DE10000000CC42BCB50208DCB50208FA0E0024B2
:10DE200080B586B000AF754A07F10C0392E8030095
:10DE3000186004331970724A3B1D92E803001860A1
:10DE4000043319706F4B1B78002B02D06E4819F009
:10DE5000ADFD04F02BFF03466C4A1360694B1B7841
:10DE6000002B05D0694B1B681946694819F036FD2F
:10DE7000644B1B78002B20D0644B1B6803F0040319
:10DE8000002B02D007F10C0100E0391D5F4B1B682D
:10DE900003F00203002B02D007F10C0200E03A1D50
:10DEA0005A4B1B6803F00103002B02D007F10C034F
:10DEB00000E03B1D574819F011FD524B1B78002B19
:10DEC00002D0554819F072FD4E4B1B78002B08D03C
:10DED000524B1968514B5A68504B9B68504819F087
:10DEE000FDFC484B1B78002B02D04E4819F05EFD1C
:10DEF000444B1B78002B08D04B4B19684A4B5A688F
:10DF0000494B9B68464819F0E9FC404B1B6803F0FD
:10DF10000303032B6ED1414B1B68DB02434A1360A2
:10DF20003E4B5B68DB02414A53603C4B9B68A3F568
:10DF30008043DB023D4A93604FF082437B613A4B62
:10DF40001B68DB0307EE903AF8EEE76A97ED057A77
:10DF5000C6EE877AFDEEE77A17EE902A334BDA6049
:10DF6000314B5B68DB0307EE903AF8EEE76A97ED1A
:10DF7000057AC6EE877AFDEEE77A17EE902A2B4BEC
:10DF80001A61294B9B68DB0307EE903AF8EEE76ACB
:10DF900097ED057AC6EE877AFDEEE77A17EE902ABE
:10DFA000224B5A61174B1B78002B08D01F4B196866
:10DFB0001E4B5A681D4B9B681D4819F08FFC114B76
:10DFC0001B78002B08D0194BD968184B1A69174BCE
:10DFD0005B69184819F082FC144803F0E4F8094B17
:10DFE0001B78002B02D0144819F0E0FC134B0122DF
:10DFF0001A6000E000BF1837BD4680BD38B2020885
:10E0000040B20208FB0E0024F4A90208CC0F002441
:10E0100008AA020824AA02084CAA0208D010002468
:10E0200068AA02087CAA0208DC100024D00F002491
:10E030009CAA0208D0AA020804AB0208F40F00242C
:10E0400080B582B000AF786034220449786819F056
:10E0500046FF00BF0837BD4680BD00BFFC0E002450
:10E0600080B483B000AF7860064BD3E900237968B1
:10E07000C1E90023002318460C37BD465DF8047B38
:10E08000704700BF900F0024B0B500AF0B4B1B7B57
:10E09000DBB2012B07D1094B00221A73FFF7FCF802
:10E0A0000748FFF7CDFF074BD3E90023541C43F18A
:10E0B0000005044BC3E9004500BFB0BD800F00243C
:10E0C000980F0024900F002490B589B000AF7860BD
:10E0D00039603B4BFB617B68002B02D14FF0FF3373
:10E0E0006AE03B68002B02D14FF0FF3364E007F198
:10E0F0000C031946386806F0DAFE3B69B9691E223E
:10E10000184606F06DF80446FB6879691E22184629
:10E1100006F066F80346E31A5B009A137B681A6000
:10E120007B69B9691E22184606F05AF80446FB6856
:10E1300039691E22184606F053F8034623445A0054
:10E140007B68043392131A603B6939691E221846B2
:10E1500006F046F80346C3F100547B6979691E2234
:10E16000184606F03DF80346E31A5A007B68083368
:10E1700092131A607B681B68F9691022184606F032
:10E180002FF802467B681A607B6804331868F969C7
:10E190007B681C1D102206F023F8034623607B6871
:10E1A00008331868F9697B6803F10804102206F047
:10E1B00017F803462360002318462437BD4690BD58
:10E1C00081CE090080B485B000AFF860B9607A6094
:10E1D000FB68002B02D14FF0FF3327E0BB68002B18
:10E1E00002D14FF0FF3321E07B68002B02D14FF0CA
:10E1F000FF331BE07B681A68BB681B68D21AFB6898
:10E200001A607B6804331968BB6804331A68FB68BA
:10E2100004338A1A1A607B6808331968BB680833AC
:10E220001A68FB6808338A1A1A60002318461437E4
:10E23000BD465DF8047B704790B593B000AF786041
:10E240003960424B7B647B68002B02D14FF0FF3377
:10E2500077E03B68002B02D14FF0FF3371E007F10C
:10E2600030031946386806F022FE07F10C0207F168
:10E2700030031146184606F095FBBB695B42DA1382
:10E28000FB68DB131946104606F050FF03465A00A0
:10E290007B681A607B681B681022796C184605F051
:10E2A0009FFF02467B681A60BB6A5B42DA13FB6A17
:10E2B000DB131946104606F039FF02467B6804332B
:10E2C00052001A607B68043318687B681C1D10229A
:10E2D000796C05F085FF034623607B6A796A1E220C
:10E2E000184605F07DFF38643B6CC3F180433B6406
:10E2F000386C06F07FFC38647B6ADA133B6CDB1306
:10E300001946104606F012FF02467B680833520099
:10E310001A607B68083318687B6803F108041022D0
:10E32000796C05F05DFF034623607B681B68002B5A
:10E3300006DA7B681B6803F1B4731A467B681A60BF
:10E34000002318464C37BD4690BD00BFB84B39007E
:10E3500080B582B000AF03460A46FB711346BB800E
:10E36000FB79033B202B00F2D78101A252F823F066
:10E37000FDE4000819E7000819E7000819E700089C
:10E3800019E7000819E70008F5E30008A5E400080C
:10E390003BE5000819E7000819E7000819E700083D
:10E3A0004DE4000819E7000819E7000819E700081C
:10E3B00019E7000819E7000819E7000819E700083D
:10E3C00019E7000819E70008A1E6000819E70008A6
:10E3D00019E7000819E7000879E5000829E60008B0
:10E3E000DDE6000819E7000819E7000819E700084A
:10E3F000D1E50008A24ABB881380092000F0AAFAE0
:10E400000346002B06D09E4B1B88BA88934228BF38
:10E410001346BB800F2000F09DFA0346002B06D068
:10E42000984B1B88BA88934228BF1346BB800A20AA
:10E4300000F090FA0346002B00F07081924B1B888D
:10E44000BA88934228BF1346BB8067E18D4ABB88D8
:10E450001380092000F07EFA0346002B06D0884B7B
:10E460001B88BA88934228BF1346BB800F2000F058
:10E4700071FA0346002B06D0824B1B88BA88934260
:10E4800028BF1346BB800A2000F064FA0346002B25
:10E4900000F046817C4B1B88BA88934228BF134604
:10E4A000BB803DE1784ABB881380092000F052FA16
:10E4B0000346002B06D0724B1B88BA88934228BFB4
:10E4C0001346BB800F2000F045FA0346002B06D010
:10E4D0006C4B1B88BA88934228BF1346BB800A2026
:10E4E00000F038FA0346002B00F01C81664B1B88B5
:10E4F000BA88934228BF1346BB8013E1634ABB88A6
:10E500001380032000F026FA0346002B06D05F4B51
:10E510001B88BA88934228BF1346BB800B2000F0AB
:10E5200019FA0346002B00F0FF80594B1B88BA886C
:10E53000934228BF1346BB80F6E0554ABB88138040
:10E54000032000F007FA0346002B06D04F4B1B8830
:10E55000BA88934228BF1346BB800B2000F0FAF91B
:10E560000346002B00F0E280494B1B88BA88934297
:10E5700028BF1346BB80D9E0464ABB8813801D20C4
:10E5800000F0E8F90346002B06D0424B1B88BA88FE
:10E59000934228BF1346BB80232000F0DBF90346DB
:10E5A000002B06D03C4B1B88BA88934228BF1346E9
:10E5B000BB801E2000F0CEF90346002B00F0B8808F
:10E5C000364B1B88BA88934228BF1346BB80AFE006
:10E5D000314ABB8813801D2000F0BCF90346002B94
:10E5E00006D02C4B1B88BA88934228BF1346BB80A9
:10E5F000232000F0AFF90346002B06D0264B1B88E2
:10E60000BA88934228BF1346BB801E2000F0A2F9AF
:10E610000346002B00F08E80204B1B88BA88934263
:10E6200028BF1346BB8085E01C4ABB8813801D2091
:10E6300000F090F90346002B06D0164B1B88BA88D1
:10E64000934228BF1346BB80232000F083F9034682
:10E65000002B06D0104B1B88BA88934228BF134664
:10E66000BB801E2000F076F90346002B64D00B4BD4
:10E670001B88BA88934228BF1346BB805CE000BF6A
:10E68000580000245A0000245C0000246600002486
:10E69000640000245E000024600000246200002466
:10E6A0002A4ABB881380192000F054F90346002B36
:10E6B00006D0264B1B88BA88934228BF1346BB80DE
:10E6C0001F2000F047F90346002B37D0204B1B8852
:10E6D000BA88934228BF1346BB802FE01C4ABB88F0
:10E6E0001380192000F036F90346002B06D0174B93
:10E6F0001B88BA88934228BF1346BB801F2000F0B6
:10E7000029F90346002B1BD0114B1B88BA88934272
:10E7100028BF1346BB8013E000BF12E000BF10E02B
:10E7200000BF0EE000BF0CE000BF0AE000BF08E041
:10E7300000BF06E000BF04E000BF02E000BF00E051
:10E7400000BFBB8818460837BD4680BD6A0000245C
:10E750006800002480B584B000AF03463960FB71C7
:10E760004FF6FF73FB81FB79033B202B00F2D8802F
:10E7700001A252F823F000BFA9E8000821E900082F
:10E7800021E9000821E9000821E9000821E9000841
:10E79000FDE70008FDE70008A9E8000821E90008F6
:10E7A00021E9000821E90008FDE7000821E9000847
:10E7B00021E9000821E9000821E9000821E9000811
:10E7C00021E9000821E9000821E9000821E9000801
:10E7D000E5E8000821E9000821E9000821E900082E
:10E7E00053E8000853E80008E5E8000821E90008BC
:10E7F00021E9000821E9000853E80008092000F099
:10E80000A9F80346002B06D0484B1B88FA8993428F
:10E8100028BF1346FB810F2000F09CF80346002B15
:10E8200006D0434B1B88FA89934228BF1346FB81CD
:10E830000A2000F08FF80346002B06D03D4B1B88C2
:10E84000FA89934228BF1346FB813B68FA891A80F4
:10E8500067E01D2000F07EF80346002B06D0364B03
:10E860001B88FA89934228BF1346FB81232000F0BE
:10E8700071F80346002B06D0304B1B88FA8993426F
:10E8800028BF1346FB811E2000F064F80346002BCE
:10E8900006D02B4B1B88FA89934228BF1346FB8175
:10E8A0003B68FA891A803CE0032000F053F80346E5
:10E8B000002B06D0234B1B88FA89934228BF1346AE
:10E8C000FB810B2000F046F80346002B06D01E4BC0
:10E8D0001B88FA89934228BF1346FB813B68FA895B
:10E8E0001A801EE0192000F035F80346002B06D0F0
:10E8F000164B1B88FA89934228BF1346FB811F20C1
:10E9000000F028F80346002B06D0114B1B88FA892B
:10E91000934228BF1346FB813B68FA891A8000E0C6
:10E9200000BF00BF1037BD4680BD00BF58000024A7
:10E930005A0000245C0000245E00002460000024D3
:10E940006200002466000024640000246A000024A1
:10E950006800002480B483B000AF0346FB71FB79EC
:10E960005B09DBB21A46084B53F82230FA7902F001
:10E970001F02012101FA02F2134018460C37BD466E
:10E980005DF8047B704700BF8411002480B584B01B
:10E9900000AF786039604FF6FF73FB8117E07B684A
:10E9A0001B781846FFF7D6FF0346002B0CD07B6878
:10E9B0005B781A460B4B33F81230BB81FA89BB895E
:10E9C0009A4201D9BB89FB817B6802337B603B683B
:10E9D0005A1E3A60002BE2D1FB8918461037BD461B
:10E9E00080BD00BF6C00002480B584B000AF03463A
:10E9F000FB800B46BB801346FB700023FB60FB884B
:10EA00004FF6FF72934222D0FB8840F2654203FB2F
:10EA100002F2BB884FF47A7101FB03F392FBF3F32C
:10EA20007B81FB78B9887A8911FB02F291B20A4A9C
:10EA300022F81310FA787B89013B9BB21BB219466E
:10EA4000104602F09FFB0246FB681343FB60FB6825
:10EA500018461037BD4680BD2C11002480B485B007
:10EA600000AF0346FB80FB88C82B28BFC823FB816F
:10EA7000FB8940F2654202FB03F3064A82FB031264
:10EA80009211DB17D31A9BB218461437BD465DF8B6
:10EA9000047B7047D34D621080B582B000AF142163
:10EAA0002E48FFF773FF0346FB802D4B1B88002B7E
:10EAB00006D02C4B5B8BFA88934228BF1346FB8011
:10EAC000294B1B88002B06D0264B9B8BFA88934240
:10EAD00028BF1346FB80254B1B88002B06D0214BFB
:10EAE000DB8BFA88934228BF1346FB802720FFF771
:10EAF00031FF0346002B05D11420FFF72BFF0346FF
:10EB0000002B04D0FB88052B28BF0523FB801F208A
:10EB1000FFF720FF0346002B05D10B20FFF71AFF5C
:10EB20000346002B04D0FB88052B28BF0523FB8060
:10EB30002320FFF70FFF0346002B05D10F20FFF71F
:10EB400009FF0346002B04D0FB88052B28BF0523B3
:10EB5000FB80FB8818460837BD4680BD70F0020870
:10EB6000781100246C0000247C1100247A11002408
:10EB700080B582B000AF0E210D48FFF707FF0346B6
:10EB8000FB801F20FFF7E6FE0346002B05D10B207C
:10EB9000FFF7E0FE0346002B04D0FB88052B28BFBF
:10EBA0000523FB80FB8818460837BD4680BD00BFA3
:10EBB00098F0020880B582B000AF0A211548FFF72F
:10EBC000E5FE0346FB802720FFF7C4FE0346002B2B
:10EBD00005D11420FFF7BEFE0346002B04D0FB88AE
:10EBE0000F2B28BF0F23FB801F20FFF7B3FE034628
:10EBF000002B05D10B20FFF7ADFE0346002B04D000
:10EC0000FB881C2B28BF1C23FB80FB881846083779
:10EC1000BD4680BDB4F0020880B586B000AF0023C9
:10EC20007B6100237B81FFF737FF03467B82FFF781
:10EC30009FFF03463B82FFF7BDFF0346FB81022196
:10EC4000AC48FFF7A3FE0346BB817A8A3B8A934216
:10EC500028BF1346FB80FA89FB88934228BF1346DE
:10EC6000FB80BA89FB88934228BF1346FB807B8ACE
:10EC70004FF6FF72934201D0FB887B823B8A4FF6AE
:10EC8000FF72934201D0FB883B82FB894FF6FF72F3
:10EC9000934201D0FB88FB81BB894FF6FF72934200
:10ECA00001D0FB88BB817B8A4FF6FF72934270D004
:10ECB0007B8A1846FFF7D2FE03467B818E4B1B886A
:10ECC0007A899A421DD07B89184600F0E3FE0246FD
:10ECD0007B6913437B617B89184600F02DFF024658
:10ECE0007B6913437B617B89013B9BB21BB2184656
:10ECF00001F00EFB02467B6913437B617E4A7B89F0
:10ED0000138004217D48FFF741FE034618467B89A6
:10ED100000221946FFF768FE02467B6913437B61B8
:10ED200002217748FFF732FE034618467B89072207
:10ED30001946FFF759FE02467B6913437B610521A3
:10ED40007048FFF723FE034618467B890C221946BC
:10ED5000FFF74AFE02467B6913437B6101216A4843
:10ED6000FFF714FE03463B81684B1B88002B06D03F
:10ED7000674B5B8B3A89934228BF13463B81798965
:10ED80003B890C221846FFF72FFE02467B6913438E
:10ED90007B613B8A4FF6FF72934254D03B8A184600
:10EDA000FFF75CFE03467B815A4B1B887A899A42A7
:10EDB0000DD07B89DBB2013BDBB2184601F06CFA67
:10EDC00002467B6913437B61524A7B89138004218D
:10EDD0005148FFF7DBFD034618467B89012219469F
:10EDE000FFF702FE02467B6913437B6102214B4819
:10EDF000FFF7CCFD034618467B890A221946FFF728
:10EE0000F3FD02467B6913437B6106214448FFF70B
:10EE1000BDFD034618467B8905221946FFF7E4FD30
:10EE200002467B6913437B6104213E48FFF7AEFD38
:10EE3000034618467B8906221946FFF7D5FD024690
:10EE40007B6913437B61FB894FF6FF72934204D1C8
:10EE5000BB894FF6FF7293427ED000233B607B8AD2
:10EE60004FF6FF7293420AD13B8A4FF6FF729342EC
:10EE700005D1FB881846FFF7F1FD03467B817B89AE
:10EE80003A461146184604F04DF902467B69134391
:10EE90007B617B8A4FF6FF72934206D13B8A4FF625
:10EEA000FF72934201D13B687B81FB894FF6FF7271
:10EEB00093423DD002211C48FFF768FD03461846E7
:10EEC0007B8903221946FFF78FFD02467B691343B6
:10EED0007B6102211548FFF759FD034618467B89DF
:10EEE0000B221946FFF780FD02467B6913437B61C5
:10EEF0001EE000BFC8F00208B6000024CCF00208F3
:10EF0000D4F00208D8F00208E4F0020878110024D6
:10EF10006C000024B8000024E8F00208F0F00208B9
:10EF2000F4F0020800F1020808F102080CF10208EE
:10EF3000BB894FF6FF7293420ED002210E48FFF7B5
:10EF400025FD034618467B8909221946FFF74CFD2B
:10EF500002467B6913437B6101F0FCF903461846C6
:10EF600002F0EAF902467B6913437B617B6918462C
:10EF70001837BD4680BD00BF10F1020890B585B0BE
:10EF800000AF03460A46FB711346BB801123FB60AA
:10EF9000FB680133FB60FB79184600F037FE03463F
:10EFA000002B06D001F036F90346002B01D11623C1
:10EFB00041E1FB79184600F04FFE0346002B06D0D6
:10EFC00001F034F90346002B01D1162333E100F0A0
:10EFD00057FEBB88002B01D10123BB80BB88B3F552
:10EFE0007A7F02D94FF47A73BB80FB792E2B00F223
:10EFF0000C8101A252F823F00BF20008B5F00008D2
:10F0000039F100080DF10008E7F0000841F10008AF
:10F01000F1F100080BF20008E9F10008EFF0000838
:10F02000EFF000080DF100080BF200080BF20008E9
:10F0300031F10008EFF00008DFF0000851F100089E
:10F04000BDF00008BDF00008C7F000080BF2000892
:10F0500041F1000849F10008E1F10008B1F10008B0
:10F0600089F10008E9F10008F9F1000891F10008C0
:10F0700091F10008B1F100080BF200080BF2000852
:10F08000D9F1000891F1000881F1000851F1000860
:10F0900051F100085BF100080BF200086BF1000869
:10F0A0000BF2000877F1000801F20008D5F0000823
:10F0B0000BF20008624ABB881380A7E0FB689AB293
:10F0C0005F4B1A83A2E05E4ABB88D3815C4ABB884F
:10F0D00093849BE0FB689AB2594B5A8396E0584A56
:10F0E000BB88538092E0564ABB8893828EE0BA88F0
:10F0F000FB7911461846FFF72BF90346BB80504AAF
:10F10000BB8853814E4ABB8813847FE0BA88FB7961
:10F1100011461846FFF71CF90346BB80484ABB88D6
:10F120009381474ABB885384454ABB88D3846DE0AA
:10F13000434ABB88D38069E0414ABB88D38265E0FB
:10F140003F4ABB88138161E03D4ABB8813855DE07F
:10F15000FB689AB23A4BDA8758E0394ABB88938603
:10F16000374ABB88A2F8463050E0FB689AB2344B6D
:10F17000A3F840204AE0FB689AB2314BDA8345E0BD
:10F180002F4ABB88538541E02D4ABB8853873DE019
:10F19000BA88FB7911461846FFF7DAF80346BB80B8
:10F1A000274ABB881386264ABB88A2F842302DE046
:10F1B000BA88FB7911461846FFF7CAF80346BB80A8
:10F1C0001F4ABB8853861E4ABB88A2F844301C4A9B
:10F1D000BB88A2F8483019E0194ABB88938515E02E
:10F1E000174ABB88938711E0154ABB88D3850DE089
:10F1F000134ABB88538209E0114ABB88138705E094
:10F20000FB689AB20E4B9A8300E000BFFFF704FD43
:10F21000B86001F057F803461C4601F0AFF9034609
:10F220001946204601F0A4F80246BB681343BB60B0
:10F2300000F032FDBB6818461437BD4690BD00BFD4
:10F240006C00002480B487B000AF786039603B6800
:10F2500000221A8000237B612DE07B695B013B610A
:10F260001A4A7B6952F82330FB601EE0FB6803F00A
:10F270000103002B13D03B695B007A6813441B88A1
:10F280007B81B7F90A30B3F1FF3F08D03B681B8898
:10F290001AB27B8913431BB29AB23B681A80FB688F
:10F2A0005B08FB603B6901333B61FB68002BDDD1F0
:10F2B0007B6901337B617B69012BCEDD00BF00BF21
:10F2C0001C37BD465DF8047B704700BF84110024E5
:10F2D00080B586B000AFBA607B600346FB730B4617
:10F2E000BB730023FB82394B1B88002B03D1384BA7
:10F2F0001B88002B06D07B681B8843F008039AB25A
:10F300007B681A80FB7B292B58D8FB7B5B00BA6893
:10F3100013441B88FB82B7F91630B3F1FF3F4FD07F
:10F32000BB7B002B1FD0FB7B5B09DBB21A46294B52
:10F3300053F82230FA7B02F01F02012101FA02F297
:10F340001046FA7B5209D2B211460343214A42F8D1
:10F3500021307B681B881AB2FB8A13431BB29AB216
:10F360007B681A801AE0FB7B5B09DBB21A46194BFB
:10F3700053F82230FA7B02F01F02012101FA02F257
:10F38000D2431046FA7B5209D2B211460340114AC9
:10F3900042F821307968B868FFF754FF0B4B1B889F
:10F3A000002B03D10A4B1B88002B0BD07B681B88DA
:10F3B00043F008039AB27B681A8003E000BF02E0C2
:10F3C00000BF00E000BF1837BD4680BD78110024A3
:10F3D0007C1100248411002480B584B000AF034662
:10F3E0000A46FB711346BB710023FB60FB7918468C
:10F3F00000F00CFC0346002B06D000F00BFF034688
:10F40000002B01D1162329E0FB79184600F024FCDB
:10F410000346002B06D000F009FF0346002B01D164
:10F4200016231BE000F02CFC0E4B1B78002B08D0A1
:10F430000C4B00221A7000F0FBFC0246FB681343E1
:10F44000FB60B979FB79074A184600F00DF80246CF
:10F45000FB681343FB6000F01FFCFB681846103785
:10F46000BD4680BDBA00002490B587B000AF03460A
:10F470003A60FB710B46BB7100237B6100237B82EA
:10F4800000233B820023FB60FB79112B0AD1BB795F
:10F49000002B04D06B4B4FF400621A8002E0694BE2
:10F4A00000221A80FB79122B0AD1BB79002B04D0E1
:10F4B000654B4FF400521A8002E0634B00221A8021
:10F4C000FB792C2B0CD1BB79002B06D05F4B4FF472
:10F4D00080621A8001F028FF02E05C4B00221A8053
:10F4E000FB792B2B09D1BB79002B03D0584B202261
:10F4F0001A8002E0564B00221A80FB792D2B03D193
:10F50000BB79184600F068FAFB79292B03D1BB7947
:10F51000184600F08DFAB979F8794E4B4E4AFFF74C
:10F52000D7FE4C4B1B88184601F0DEFD7861484B36
:10F530001B88002B0CD0474B1A88484B13439BB2B7
:10F54000184601F0E9FD02467B6913437B6108E040
:10F55000404B1B88184601F0DFFD02467B691343D0
:10F560007B613C4B1B881BB2002B07DA3C4B1B8892
:10F5700043F480439AB23A4B1A8006E0384B1B881A
:10F5800023F480439AB2364B1A80324B1B8803F027
:10F590004003002B07D0324B1B8843F400539AB230
:10F5A0002F4B1A8006E02E4B1B8823F400539AB28F
:10F5B0002B4B1A80274B1B8803F02003002B0BD109
:10F5C000244B1B8803F48063002B05D1214B1B883F
:10F5D00003F48073002B07D0214B1B8843F4805326
:10F5E0009AB21F4B1A8006E01D4B1B8823F48053F0
:10F5F0009AB21B4B1A801B4B1B88002B08D0184B50
:10F600001A88184B1B8813439AB2154B1A800CE0CA
:10F61000144B1B881BB2DB431AB2114B1B881BB265
:10F6200013401BB29AB20E4B1A80084B1B88002B5A
:10F630001AD00B4B1A88054B1B8813439AB2084B00
:10F640001A801EE08E110024901100247C110024E9
:10F650007A1100247E1100241CF002080880FFFFAC
:10F6600080110024781100249D4B1B881BB2DB43C2
:10F670001AB29C4B1B881BB213401BB29AB2994B17
:10F680001A80FB792B2B06D1BB79002B03D07B8A08
:10F6900043F004037B82934B1B88184601F030FD36
:10F6A00002467B6913437B618F4B1A688F4B134073
:10F6B000002B05D18C4B5B6803F01803002B03D0A3
:10F6C0003B8A43F001033B82874B1A68884B134007
:10F6D000002B05D1844B5B6803F43A73002B03D0F5
:10F6E0003B8A43F002033B827D4B1B88002B03D1F6
:10F6F000804B1B88002B03D03B8A43F002033B82E4
:10F700007D4B1B88002B03D03B8A43F002033B82D6
:10F71000754B1A68794B1340002B05D1724B5B680F
:10F7200003F08403002B03D03B8A43F008033B82A1
:10F730006D4B1A68724B1340002B03D03B8A43F089
:10F7400004033B823B8A03F00103002B03D07B8A36
:10F7500043F480737B827B8A43F420737B82694B02
:10F760001A88694B1B8813439AB27B8A13437B82A6
:10F77000664B1B8803F48063002B03D07B8A43F025
:10F7800040037B82614B1B8803F01703002B04D1DD
:10F790007B8A03F40063002B09D07B8A6FEA434322
:10F7A0006FEA53437B827B8A43F480437B824D4BD9
:10F7B0001B8803F08003002B09D07B8A43F480432D
:10F7C0007B827B8A6FEA43436FEA53437B82454BDC
:10F7D0001B8803F48063002B05D07B8A43F0100361
:10F7E0007B8201F0A1FD494B1B8803F48073002B41
:10F7F00003D07B8A43F008037B827B8A184601F0A2
:10F80000B3FC02467B6913437B61FB79092B05D06E
:10F81000FB790F2B02D0FB790A2B09D1FB793C49EC
:10F820001846FEF797FFFB793A491846FEF792FF14
:10F83000FB79032B02D0FB790B2B0ED1FB793649D8
:10F840001846FEF787FFFB7934491846FEF782FF1A
:10F85000FB7933491846FEF77DFFFB791D2B05D058
:10F86000FB79232B02D0FB791E2B09D1FB792D4983
:10F870001846FEF76FFFFB792B491846FEF76AFF23
:10F88000FB79192B02D0FB791F2B0ED1FB7927496D
:10F890001846FEF75FFFFB7925491846FEF75AFF29
:10F8A000FB7924491846FEF755FFFFF7B5F90246E4
:10F8B0007B6913437B6100F005FD03461C4600F0A5
:10F8C0005DFE03461946204600F052FD02467B6964
:10F8D00013437B610D4B1B88002B40D12CE000BFF4
:10F8E0007C1100248011002484110024188E01E66C
:10F8F0000A8E9EE27A110024781100240C481083AD
:10F90000400000108E110024901100247E1100246C
:10F91000760000248C000024780000248E0000244F
:10F92000920000249C000024AE0000249E000024CD
:10F93000B0000024B4000024254B1B6803F40033FE
:10F94000002B0CD1234B1B88002B08D13B680122D4
:10F950001A7000F0BBFA02467B6913437B613B8A55
:10F9600043F080039BB2184600F0D4FF02467B6947
:10F9700013437B613B8A03F00803002B04D13B8ACD
:10F9800003F00403002B07D03B8A23F004033B82DF
:10F990003B8A43F008033B823B8A184601F0D6FBC2
:10F9A00002467B6913437B61FB79132B0BD1BB7937
:10F9B000002B08D007F10C03184601F03CFCFB6853
:10F9C000184601F09BFC7B6918461C37BD4690BD6C
:10F9D000841100247A11002480B582B000AF034660
:10F9E000FB71FB799AB2104B1A80FB79002B06D081
:10F9F0000E4B80221A80002001F011FC0FE029201C
:10FA0000FEF7A8FF0346002B06D1084B00221A8000
:10FA1000002001F004FC02E0012001F000FC00BF26
:10FA20000837BD4680BD00BF761100247811002440
:10FA300080B582B000AF0346FB71FB79002B0AD082
:10FA40000C4B80221A800C4B1B88002B0DD10120FF
:10FA500001F0E5FB09E0084B1B88002B05D1054BA5
:10FA600000221A80002001F0DAFB00BF0837BD46F3
:10FA700080BD00BF781100247611002480B400AF4F
:10FA8000034B1B781846BD465DF8047B704700BFEA
:10FA90008C11002480B584B000AF0346FB800023A6
:10FAA000BB60234BFB60FB88053B112B34D801A2C4
:10FAB00052F823F0FDFA000819FB000819FB0008B2
:10FAC00019FB000819FB000803FB000809FB0008EC
:10FAD00019FB000819FB000819FB000819FB0008B6
:10FAE00019FB000819FB000819FB000819FB0008A6
:10FAF00019FB000819FB000811FB00080C4BFB6008
:10FB00000DE00C4BFB600AE04FF00073FB6006E079
:10FB10004FF08063FB6002E0054BFB6000BFF868BC
:10FB200001F059FBB860BB6818461037BD4680BD70
:10FB30002EBAE8005D74D10180B586B000AF0346EF
:10FB4000FB8000237B6107F1080300221A605A60E2
:10FB50009A60FB88052B04D8214BBB60214BFB60CE
:10FB600032E0FB880A2B04D81F4BBB601F4BFB60A5
:10FB70002AE0FB880B2B07D84FF03333BB601C4BBC
:10FB8000FB6001233B611FE0FB88142B04D8194B59
:10FB9000BB60194BFB6017E0FB88162B05D84FF0B4
:10FBA0003333BB60124BFB600EE0FB884B2B04D859
:10FBB000124BBB60124BFB6006E0FB88E12B03D8C5
:10FBC000104BBB60104BFB6007F10803184601F0B7
:10FBD0000EFB78617B6918461837BD4680BD00BFB3
:10FBE0007DD2273D832DD8029224493A6EDBB6059B
:10FBF000CDCCCC0C25499234DBB66D0B5555551543
:10FC0000ABAAAA2A666666069A99993980B483B027
:10FC100000AF0346FB71FB79022B12D0022B12DBE3
:10FC2000272B10DC0B2B0EDB0B3B0A4A22FA03F3CB
:10FC300003F00103002B14BF01230023DBB2002BD0
:10FC400001D0012300E0002318460C37BD465DF8C3
:10FC5000047B70470922901080B483B000AF034644
:10FC6000FB71FB79062B01D01C2B01D1012300E095
:10FC7000002318460C37BD465DF8047B7047000032
:10FC800080B400AF034B00221A7000BFBD465DF880
:10FC9000047B7047BB00002480B500AF044B0122F9
:10FCA0001A700121022000F011F800BF80BD00BFD2
:10FCB000BB00002480B400AF034B1B781846BD4640
:10FCC0005DF8047B704700BFBB00002480B584B0A2
:10FCD00000AF03460A46FB711346BB710023FB606D
:10FCE000FB79012B02D0022B42D08EE0BB79002B96
:10FCF0001FD0484B1B7803F00103002B40F082809B
:10FD0000444B5B7823F04003DAB2424B5A70414BCC
:10FD10005B781946062003F0DDFFF8603D4B1B7849
:10FD200043F00103DAB23B4B1A70012001F0B5F940
:10FD300068E0384B1B7803F00103002B62D0354B91
:10FD40005B7843F04003DAB2324B5A70314B5B7848
:10FD50001946062003F0BEFFF8602E4B1B7823F0F7
:10FD60000103DAB22B4B1A70012001F096F949E039
:10FD7000284B9B7B03F00103DBB2002B44D0BB7903
:10FD8000002B20D0FFF796FF0346002B3CD0214BE1
:10FD90001B7803F00203002B36D11E4B5B7843F037
:10FDA0002003DAB21B4B5A701A4B5B7819460620B7
:10FDB00003F090FFF860174B1B7843F00203DAB2B0
:10FDC000144B1A7020E0134B1B7803F00203002B36
:10FDD0001AD0104B5B7823F02003DAB20D4B5A7027
:10FDE0000C4B5B781946062003F074FFF860094B52
:10FDF0001B7823F00203DAB2064B1A70012001F0DF
:10FE00004CF901E000BF00E000BFFB681846103766
:10FE1000BD4680BD9411002480B400AF034B1B7815
:10FE20001846BD465DF8047B704700BF941100245E
:10FE300080B582B000AF00237B6001210120FFF775
:10FE400045FF7860204BDB7B022B0CD11E4BDB780F
:10FE500043F01003DAB21C4BDA701B4BDB78194607
:10FE6000032003F061FF4723FB70FB1C1A460121AE
:10FE7000072003F0BDFE02467B6813437B60124BF4
:10FE80009B7B03F00203DBB2002B10D00E4BDB7820
:10FE900063F03F03DAB20C4BDA700B4BDB78194698
:10FEA000032003F041FF02467B6813437B6001217E
:10FEB0000220FFF70BFF02467B6813437B607B68E1
:10FEC00018460837BD4680BD9411002480B582B025
:10FED00000AF7F23FB70FB1C1A460121072003F0B3
:10FEE00087FE786000210120FFF7F0FE02467B6864
:10FEF00013437B607B6818460837BD4680BD80B5DC
:10FF000084B000AF00233B81BB1D184601F0CCF943
:10FF1000FB881B0A9BB2DBB23B72FB88DBB27B72B5
:10FF200007F108031A4602214FF4A87003F060FE9F
:10FF3000F860FB6818461037BD4680BD80B582B0BA
:10FF400000AF00237B60124B1B78002B1AD11021CD
:10FF500040F2811003F0E8FE786004214FF4C07095
:10FF600003F0E2FE02467B6813437B6080214FF47E
:10FF7000C17003F0D9FE02467B6813437B60044BDB
:10FF800001221A707B6818460837BD4680BD00BF45
:10FF9000A811002480B584B000AF03463960FB711E
:10FFA0000023FB608021062003F0BEFE0246FB68B2
:10FFB0001343FB60642001F065F81222002186489B
:10FFC00017F06AFE844B01225A70834B7F229A708D
:10FFD000814AFB79D373814A0121032003F064FF36
:10FFE0000246FB681343FB60FFF722FF0246FB68F3
:10FFF0001343FB607A4A0121002003F055FF0246BB
:020000040801F1
:10000000FB681343FB60764B70221A70744A01211F
:10001000052003F0EDFD0246FB681343FB606E4BC9
:10002000DB7B022B03D16C4B1022DA7002E06A4BAF
:100030000022DA70684BDB781946032003F074FE67
:100040000246FB681343FB60386801F021F9024661
:10005000FB681343FB60FB68002B01D0FB68B7E033
:100060005D4A937B43F002039373FFF748FF024618
:10007000FB681343FB6001F030F80246FB68134352
:10008000FB604FF4487001F053F80246FB681343DD
:10009000FB60534B02221A70514A0121102003F0D9
:1000A000A7FD0246FB681343FB604D4B01221A700B
:1000B0004B4A0121122003F09BFD0246FB681343CB
:1000C000FB60474BE4221A70454A0121262003F0C9
:1000D0008FFD0246FB681343FB60414A01217520F6
:1000E00003F0E2FE3E4B1B7843F00803DAB23C4BD0
:1000F0001A703B4A0121752003F07AFD364B01222C
:10010000DA72354B01229A720A2000F0C5F80A20F3
:1001100000F0FEF8032000F013FA0246FB681343D8
:10012000FB60002000F0FEFA0246FB681343FB6010
:100130000021762003F0F8FD0246FB681343FB60C4
:100140001F21682003F0F0FD0246FB681343FB60AB
:100150001E21682003F0E8FD0246FB681343FB60A4
:100160000021662003F0E0FD0246FB681343FB60BC
:100170000021672003F0D8FD0246FB681343FB60B3
:10018000174A0121862003F0D1FE0246FB68134383
:10019000FB60134B1B7803F00803002B01D03123C5
:1001A00016E00D4A937B43F0010393730A4B9B7B4C
:1001B00003F00103DBB2002B03D001210220FFF783
:1001C00085FDFFF783FE0246FB681343FB60FB6877
:1001D00018461037BD4680BD9411002497110024A5
:1001E000A911002480B400AF034B01221A7000BF94
:1001F000BD465DF8047B7047A611002480B400AFB3
:10020000034B00221A7000BFBD465DF8047B7047A7
:10021000A611002480B400AF034B1B781846BD46DE
:100220005DF8047B704700BFA611002480B400AFC6
:10023000034B1B781846BD465DF8047B704700BF32
:10024000A711002480B584B000AF78600023FB6064
:10025000FFF716FDFFF7C6FF02F0C2FDFFF76EFEC7
:1002600002F088FFF8600A490A4803F05DF9024687
:10027000FB681343FB60FB68002B01D0FFF7BEFF58
:10028000FFF70AFDFB6818461037BD4680BD00BF6A
:10029000280000241C00002480B582B000AF034673
:1002A000FB71FA79064B1A71FB1D1A4601214FF4B6
:1002B000807003F09DFC034618460837BD4680BD9C
:1002C0009411002480B400AF034B1B791846BD463F
:1002D0005DF8047B704700BF9411002480B582B0A4
:1002E00000AF0346FB71FB79012202FA03F39AB2D5
:1002F000064BDA80FB7919464FF4C07003F014FD09
:10030000034618460837BD4680BD00BF941100243F
:1003100080B584B000AF0346FB800023BB810C4A4C
:10032000FB881381B7F906301B121BB2DBB23B739B
:10033000FB88DBB27B7307F10C031A4602214FF4F2
:10034000887003F055FC034618461037BD4680BD43
:100350009411002480B400AF034BB3F90830184661
:10036000BD465DF8047B7047941100240000000036
:100370002DE9B04F98B000AF0346B96387F83F301E
:100380000023BB656A4B1B7C002B08D1694A012105
:10039000A82003F089FD0246BB6D1343BB6562A331
:1003A000D3E90023C7E91223634A4FF00003C7E9EA
:1003B00010235F4B1B7C5BB2002B4CDA0122BB6B22
:1003C00002FA03F30022BB62FA62BB6CD7E90A456A
:1003D0002A4602FB03F2FB6C214601FB03F31344A4
:1003E000BA6C2146A2FB01894B44994697F83F30ED
:1003F0000133DA173B627A62D7E90801034603FB4F
:1004000009F20B4608FB03F313440246A8FB021251
:100410007A630A463A637A6B13447B63444B1B7CD2
:1004200003F07F0240F2F6439B1ADA17BB61FA61D0
:10043000D7E90623D7E90C01F0F7C6F902460B46C7
:1004400010461946D7E91023F0F7BEF902460B46CD
:10045000C7E9142344E00122BB6B02FA03F3002234
:100460003B617A61BB6CD7E904894A4602FB03F21F
:10047000FB6C414601FB03F31344BA6C4146A2FBFB
:1004800001452B441D4697F83F300133DA17BB6016
:10049000FA60D7E90201034603FB05F20B4604FBB1
:1004A00003F313440246A4FB02AB5B449B46204B80
:1004B0001B7C03F2F643DA173B607A60D7E900232E
:1004C00050465946F0F780F902460B461046194649
:1004D000D7E91023F0F778F902460B46C7E9142351
:1004E000D7E91423B2F1004F73F1000303D36FF087
:1004F0000043FB6501E03B6DFB65104B1B68FA6D2B
:100500009A4209D0F86D00F05AFE0246BB6D1343C3
:10051000BB650A4AFB6D1360BB6D18466037BD466C
:10052000BDE8B08FAFF30080AF75665683F0000072
:1005300094110024A4110024A0860100AC11002411
:1005400080B584B000AF78607B68DAB20A4B1A736A
:10055000786800F01FF8F860074B1B797968184637
:10056000FFF706FF0246FB681343FB60FB68184673
:100570001037BD4680BD00BF9411002480B400AF89
:10058000034B1B7B1846BD465DF8047B704700BFDC
:100590009411002480B586B000AF786000233B61E1
:1005A0007B68032B01DD1623B6E007F10F031A4623
:1005B000012140F2011003F077FC02463B6913432E
:1005C0003B61FB7B23F03F03DBB2FB737B685B008B
:1005D000DAB2FB7B1343DBB243F00103DBB2FB7304
:1005E00007F10F031A46012140F2011003F000FB4E
:1005F00002463B6913433B6107F10E031A46012192
:100600004FF4817003F050FC02463B6913433B6199
:10061000BB7B23F00703DBB2BB73414B9B7A802B80
:1006200064D0802B65DC202B48DC002B61DD013B96
:100630001F2B5ED801A252F823F000BFC3060108A9
:10064000C9060108F3060108CF060108F3060108F0
:10065000F3060108F3060108D5060108F3060108B0
:10066000F3060108F3060108F3060108F306010882
:10067000F3060108F3060108DB060108F30601088A
:10068000F3060108F3060108F3060108F306010862
:10069000F3060108F3060108F3060108F306010852
:1006A000F3060108F3060108F3060108F306010842
:1006B000F3060108F3060108E1060108402B12D0F9
:1006C00017E00023FB7517E00123FB7514E00223FC
:1006D000FB7511E00323FB750EE00423FB750BE0B3
:1006E0000523FB7508E00623FB7505E00723FB7572
:1006F00002E00023FB7500BFBA7BFB7D1343DBB236
:10070000BB73BB7B19464FF4817003F00DFB0246AF
:100710003B6913433B613B6918461837BD4680BDB2
:100720009411002480B584B000AF78607B68DAB2A1
:10073000114B5A73786800F02DF8F86002227B683C
:1007400002FA03F31BB2184600F0B9FD0246FB683B
:100750001343FB6002227B6802FA03F31BB21846C4
:1007600000F0BCFD0246FB681343FB60FB681846C3
:100770001037BD4680BD00BF9411002480B400AF87
:10078000034B5B7B1846BD465DF8047B704700BF9A
:100790009411002480B586B000AF786000233B61DF
:1007A0007B68032B01DD1623ADE007F10F031A462A
:1007B00001214FF48A7003F077FB02463B69134333
:1007C0003B61FB7B23F03F03DBB2FB73504BDB7AD7
:1007D000012B0AD97B685B00DAB2FB7B1343DBB2E7
:1007E00043F03903DBB2FB7308E07B685B005AB26D
:1007F000FB7B5BB213435BB2DBB2FB73FB7B194643
:100800004FF48A7003F090FA02463B6913433B6150
:100810003F4BDB7A013B1F2B51D801A252F823F04A
:10082000A1080108BF080108BF080108A7080108BE
:10083000BF080108BF080108BF080108AD0801088A
:10084000BF080108BF080108BF080108BF08010868
:10085000BF080108BF080108BF080108B308010864
:10086000BF080108BF080108BF080108BF08010848
:10087000BF080108BF080108BF080108BF08010838
:10088000BF080108BF080108BF080108BF08010828
:10089000BF080108BF080108BF080108B90801081E
:1008A0000023FB750EE00023FB750BE00123FB75B5
:1008B00008E00223FB7505E00323FB7502E000233B
:1008C000FB7500BF07F10E031A46012140F2151017
:1008D00003F0EAFA02463B6913433B61BB7B23F01A
:1008E0000303DBB2BB73BA7BFB7D1343DBB2BB7389
:1008F000BB7B194640F2151003F016FA02463B691D
:1009000013433B613B6918461837BD4680BD00BFA5
:100910009411002480B584B000AF78600023FB60A0
:10092000314B9B787F2B0CBF01230023DBB21A468F
:100930007B6803F080031343002B2BD02A4B00224B
:100940009A707B6803F00203002B02D1264B3822F9
:100950009A707B6803F00103002B06D1224B9B7831
:1009600043F00703DAB2204B9A707B6803F004036C
:10097000002B06D11C4B9B7843F04003DAB21A4B94
:100980009A701A4A0121072003F032F90246FB68E7
:100990001343FB607B6803F00803002B06D002F0D2
:1009A00021FD0246FB681343FB6005E002F0ECFC0E
:1009B0000246FB681343FB607B6803F00403002BD3
:1009C00006D002F0BFFF0246FB681343FB6005E060
:1009D00002F074FF0246FB681343FB60FB68184695
:1009E0001037BD4680BD00BF94110024961100242D
:1009F00080B582B000AF00237B60164BDB78FB70C4
:100A0000FB7803F07F03FB70FB7823F04003FB705F
:100A1000FB781946032003F087F902467B681343ED
:100A20007B60092000F02EFB00F050FB02467B6843
:100A300013437B60074BDB781946032003F074F9FE
:100A400002467B6813437B607B6818460837BD46C7
:100A500080BD00BF9411002490B585B000AFF86050
:100A6000B9607A60FB681A68BB681B681946104653
:100A700003F022FC0446FB6804331A68BB680433A5
:100A80001B681946104603F017FC03461C44FB681C
:100A900008331A68BB6808331B681946104603F010
:100AA0000BFC03461C44FB680C331A68BB680C3310
:100AB0001B681946104603F0FFFB0346E2187B68EB
:100AC0001A60FB6804331A68BB681B681946104635
:100AD00003F0F2FB0446FB681A68BB6804331B682A
:100AE0001946104603F0E8FB0346E41AFB68083396
:100AF0001A68BB680C331B681946104603F0DCFB10
:100B00000346E41AFB680C331A68BB6808331B6899
:100B10001946104603F0D0FB02467B68043322449A
:100B20001A60FB6804331A68BB680C331B681946EB
:100B3000104603F0C1FB0446FB681A68BB68083323
:100B40001B681946104603F0B7FB0346E41AFB681E
:100B500008331A68BB681B681946104603F0ACFBE3
:100B600003461C44FB680C331A68BB6804331B68DB
:100B70001946104603F0A0FB02467B680833A21A10
:100B80001A60FB681A68BB680C331B68194610466C
:100B900003F092FB03465C42FB6804331A68BB68AF
:100BA00008331B681946104603F086FB0346E41A17
:100BB000FB6808331A68BB6804331B681946104683
:100BC00003F07AFB03461C44FB680C331A68BB68CD
:100BD0001B681946104603F06FFB02467B680C3316
:100BE00022441A6000BF1437BD4690BD80B582B064
:100BF00000AF786010227968034817F070F900BFE1
:100C00000837BD4680BD00BFBC00002480B58AB057
:100C100000AF7860396007F118031946786804F06E
:100C200046F907F1080207F118033B491846FFF798
:100C300013FFBB68002B33DBFB6807EE903AF8EE3E
:100C4000E77A9FED367A67EE877A3B68C3ED007AE4
:100C50003B6907EE903AF8EEE77A3B6804339FED84
:100C60002F7A67EE877AC3ED007A7B6907EE903AB8
:100C7000F8EEE77A3B6808339FED287A67EE877ACB
:100C8000C3ED007ABB6807EE903AF8EEE77A3B686E
:100C90000C339FED227A67EE877AC3ED007A36E057
:100CA000FB685B4207EE903AF8EEE77A9FED1B7A1D
:100CB00067EE877A3B68C3ED007A3B695B4207EEDB
:100CC000903AF8EEE77A3B6804339FED147A67EECA
:100CD000877AC3ED007A7B695B4207EE903AF8EEC3
:100CE000E77A3B6808339FED0D7A67EE877AC3EDAC
:100CF000007ABB685B4207EE903AF8EEE77A3B6811
:100D00000C339FED067A67EE877AC3ED007A00BF59
:100D10002837BD4680BD00BFBC00002400008030E5
:100D200080B58AB000AF7860396007F118031946C2
:100D3000786804F0BCF807F1080207F118031749B6
:100D40001846FFF789FEBB68002B0FDBFA683B688B
:100D50001A603B6804333A691A603B6808337A6961
:100D60001A603B680C33BA681A6012E0FB685A429A
:100D70003B681A603A693B68043352421A607A69E8
:100D80003B68083352421A60BA683B680C335242DF
:100D90001A6000BF2837BD4680BD00BFBC000024DC
:100DA00080B598B000AF786087ED000A0023FB653E
:100DB00012E0FB6D7A68134493F9003007EE903A25
:100DC000F8EEE77AFB6D9B0060333B44283BC3EDB4
:100DD000007AFB6D0133FB65FB6D082BE9DD07F144
:100DE000280207F138031146184603F0B3FBFB6AEB
:100DF0005B42FB623B6B5B423B637B6B5B427B63B7
:100E0000D7ED007AF1EE677A9FED277A27EE877AA1
:100E1000DFED266AC7EE267AF0EE006A87EEA67A44
:100E2000B0EE470A19F0A4F8F0EE407A9FED207A70
:100E300067EE877AFDEEE77A17EE903ABB60002303
:100E4000FB60D7ED007AF1EE677A9FED177A27EE17
:100E5000877ADFED166AC7EE267AF0EE006A87EE33
:100E6000A67AB0EE470A18F0BFFFF0EE407A9FED89
:100E7000107A67EE877AFDEEE77A17EE903A3B61DB
:100E800000237B6107F1180207F1280107F108032D
:100E9000184603F03FFA07F118031846FFF7A6FEBD
:100EA00000BF6037BD4680BDDB0F494000003443C2
:100EB0000000804E80B588B000AFF86087ED020A70
:100EC000796007F114031A46F968164803F00FFB1E
:100ED0007B6907EE903AB8EEE77AD7ED027A67EED3
:100EE000277A7B68C3ED007ABB6907EE903AB8EECB
:100EF000E77A7B680433D7ED027A67EE277AC3ED91
:100F0000007AFB6907EE903AB8EEE77A7B6808331F
:100F1000D7ED027A67EE277AC3ED007A00BF20375B
:100F2000BD4680BDBC00002480B500AF00224FF458
:100F300080510248F4F718FB00BF80BD000402583E
:100F400080B500AF01224FF480510248F4F70CFB4A
:100F500000BF80BD0004025880B584B002AF0346D4
:100F60003960FB71F91D4FF47A73009301233A68DD
:100F70000348F7F7F9FA002318460837BD4680BD45
:100F8000000C002480B588B000AF0346B9607A60D9
:100F9000FB810023FB610023BB61FFF7C5FFFB89D9
:100FA000DBB207F1170211461846FFF7D5FF0346DB
:100FB0001A46FB691343FB6111E0BB697A6813446D
:100FC0001B7807F1170211461846FFF7C5FF0346C5
:100FD0001A46FB691343FB61BB690133BB61BB6903
:100FE000BA689A42E9D8FFF7ABFFFB691846203789
:100FF000BD4680BD80B588B000AF0346B9607A6059
:10100000FB810023FB610023BB61FFF78DFFFB89A0
:1010100043F08003FB81FB89DBB207F11702114625
:101020001846FFF799FF03461A46FB691343FB6115
:101030000EE07B685A1C7A601946FF20FFF78CFF90
:1010400003461A46FB691343FB61BB690133BB616D
:10105000BB69BA689A42ECD8FFF772FFFB69184681
:101060002037BD4680BD80B582B000AF0346FB800F
:10107000FB88B3F5806F01D1FBF746FA00BF083754
:10108000BD4680BD80B582B000AF7860786805F05D
:10109000F9FA00BF0837BD4680BD80B582B000AF09
:1010A0007860786805F0EEFA00BF0837BD4680BD6D
:1010B00080B582B000AF3B461846FCF7D1FFD7E9B8
:1010C0000023104619460837BD4680BD80B500AFE5
:1010D000FBF78CF90346184680BD80B500AFFAF7E0
:1010E000F5FC0346184680BD80B582B000AF78603D
:1010F0007868FAF7B9FC034618460837BD4680BD44
:1011000080B582B000AF78607868FAF7C5FC034616
:1011100018460837BD4680BD80B582B000AF786004
:101120007868FAF711FD034618460837BD4680BDBA
:1011300080B582B000AF0346FB80FB881846FAF703
:1011400022FD034618460837BD4680BD80B582B0F3
:1011500000AF0346FB80FB881846FAF735FD0346CF
:1011600018460837BD4680BD80B582B000AF034643
:10117000FB80FB881846FAF747FD034618460837F8
:10118000BD4680BD80B582B000AF78600B467B80E5
:10119000B7F9023019467868FAF750FD0346184649
:1011A0000837BD4680BD80B582B000AF78607868F2
:1011B000FAF7AAFD034618460837BD4680BD80B53C
:1011C00082B000AF78607868FAF762FE034618468E
:1011D0000837BD4680BD80B582B000AF78607868C2
:1011E000FAF76DFE034618460837BD4680BD80B548
:1011F00082B000AF78607868FAF77FFE0346184641
:101200000837BD4680BD80B582B000AF7860786891
:10121000FAF7BCFE034618460837BD4680BD80B4C9
:1012200083B000AF0346FB80312318460C37BD4620
:101230005DF8047B704780B582B000AF7860786855
:10124000FAF764FF034618460837BD4680BD000024
:1012500080B584B000AF78600023BB6007F108035D
:101260001846FFF7E8FFF860BA68074B1B68D21A08
:101270007B681A607B681B68044A1360FB68184629
:101280001037BD4680BD00BFB0110024B41100244A
:1012900080B582B000AF78607868FAF7C5FB034686
:1012A00018460837BD4680BD80B582B000AF786073
:1012B0007868FAF7CBFB00BF0837BD4680BD80B524
:1012C00082B000AF0346FB80B7F906301846FAF744
:1012D00043FF034618460837BD4680BD80B582B03F
:1012E00000AF0346FB80B7F906301846FAF7AEFFA9
:1012F000034618460837BD4680BD000080B483B061
:1013000000AF7860064B1B687A68D31A054A1360F1
:10131000002318460C37BD465DF8047B704700BFBC
:10132000B4110024B011002480B400AF002318468B
:10133000BD465DF8047B704780B584B000AF0346BE
:10134000FB800023FB81B7F90630042B02DC02236B
:10135000FB8108E0B7F906300A2B02DC0123FB8190
:1013600001E00023FB81B7F90E301846FAF7E8FFD9
:10137000034618461037BD4680BD80B584B000AF27
:101380000346B9607A60FB81FB897A68B9681846C0
:1013900002F092FE034618461037BD4680BD80B568
:1013A00084B000AF0346B9607A60FB81FB897A683C
:1013B000B968184602F0BAFD034618461037BD4614
:1013C00080BD80B582B000AF78600B467B8013464D
:1013D0003B803A887B881946786800F024F80346F9
:1013E00018460837BD4680BD80B582B000AF0346C1
:1013F0003960FB80B7F906303968184603F0E0FB26
:10140000034618460837BD4680BD80B582B000AFA0
:10141000786039603968786803F0B0FB0346184695
:101420000837BD4680BD80B58EB000AF78600B46F2
:101430007B8013463B8000237B6207F10C03112263
:101440000021184616F028FC7B68FB627B887B85B0
:101450003B887B862DE07B8D102B28BF10239BB211
:101460007B637B8EDAB27B6B1344B3F5807F06DD42
:101470007B8EDAB27B6B1344A3F580737B63796B4D
:101480007B8EFA6A184602F017FE38623B6A002B20
:1014900001D03B6A58E07B6BFA6A1344FB627B6BBA
:1014A0009BB27A8DD31A7B857B6B9AB27B8E134469
:1014B0007B867B8D002BCED17B68FB627B887B8516
:1014C0003B887B863CE07B8D102B28BF10239BB292
:1014D0007B637B8EDAB27B6B1344B3F5807F06DDD2
:1014E0007B8EDAB27B6B1344A3F580737B63796BDD
:1014F00007F10C027B8E184602F018FD38623B6A39
:10150000002B02D07B6A01337B627A6B07F10C03FC
:10151000F96A184616F096FB0346002B02D04FF0EE
:10152000FF3311E07B6BFA6A1344FB627B6B9BB267
:101530007A8DD31A7B857B6B9AB27B8E13447B8624
:101540007B8D002BBFD1002318463837BD4680BDA8
:1015500080B584B000AF0346FB710023FB6007F148
:101560000B031A460121682002F09EFC0246FB682C
:101570001343FB60FB7A23F01F03DBB2FB72FA7AA2
:10158000FB791343DBB2FB7207F10B031A4601210F
:10159000682002F02DFB0246FB681343FB60FB68EA
:1015A00018461037BD4680BD80B584B000AF786066
:1015B0000023FB607B68002B02D07B6800221A802E
:1015C00007F10B031A460121192002F06DFCF860A7
:1015D0007B68002B03D0FB7A1AB27B681A8007F174
:1015E0000B031A460121182002F05EFCF8607B68AC
:1015F000002B09D07B68B3F90020FB7A1B021BB2D9
:1016000013431AB27B681A80FB6818461037BD4630
:1016100080BD000080B584B000AF78600023FB601F
:101620007B68002B01D116231DE007F108031A4641
:101630000221702002F038FCF860FB68002B07D014
:101640000B4B40221A607B6800221A60FB680AE09C
:101650003B7A1A027B681A607B681B687A7A1A44A4
:101660007B681A60FB6818461037BD4680BD00BF16
:101670006412002480B584B000AF4FF480637B60B7
:101680000023FB730023BB6038E02E4BDB7823F094
:101690004003DAB22B4BDA702A4BDB7803F07F037E
:1016A000DAB2284BDA70274BDB781946032002F0B8
:1016B0003BFB0246BB681343BB601F20FFF748FF9C
:1016C0000246BB681343BB601E20FFF741FF024682
:1016D000BB681343BB601C4B00221A713B1D1846AC
:1016E000FFF798FF0246BB681343BB60BB68002B43
:1016F00001D0BB6821E0FB7B0133FB737B68002BCF
:1017000002D0FB7B052BC0D90E4BDB7843F04003A6
:10171000DAB20C4BDA700B4BDB7863F07F03DAB292
:10172000084BDA70074BDB781946032002F0FCFA0D
:101730000246BB681343BB60BB6818461037BD4602
:1017400080BD00BF941100246412002480B586B0CF
:1017500000AF7860396000233B611DE03A683B6967
:10176000D31A102B28BF1023FB81F9897A683B69B3
:1017700013441A46722002F097FB78617B69002BB4
:1017800006D0FFF777FF094B41221A607B6908E01A
:10179000FB893A6913443B613A693B689A42DDD35D
:1017A0007B6918461837BD4680BD00BF641200240F
:1017B00080B586B000AFF860B9607A607B68002BB6
:1017C00002D07B6800221A6007F110031846FFF769
:1017D00021FF78617B69002B04D0174A7B69136075
:1017E000002324E03B69002B01D100231FE03B696B
:1017F000FA689A420CD2FFF73DFF0F4B3E221A6067
:101800007B68002B02D07B6801221A6000230EE067
:101810003B691946B868FFF799FF78617B69002B2F
:1018200004D0054A7B691360002300E03B69184639
:101830001837BD4680BD00BF6412002480B487B055
:1018400000AFF860B9607A603B6002237B61FB689F
:101850001B781B021AB2FB6801331B781BB21343BF
:101860001BB29AB2BB681A80BB681B881BB2002BE4
:101870000BDA7B6906337B613B68002B05D03B6844
:1018800002331A88013292B21A80BB681B8803F4B3
:101890008043002B17D07B6906337B613B68002BAC
:1018A00005D03B6820331A88013292B21A807B69D6
:1018B00006337B613B68002B05D03B6808331A88F0
:1018C000013292B21A80BB681B8803F40053002BCC
:1018D0000BD07B6906337B613B68002B05D03B68EE
:1018E0001C331A88013292B21A80BB681B8803F439
:1018F0008053002B0BD07B6908337B613B68002B46
:1019000005D03B680A331A88013292B21A80BB684C
:101910001B8803F40063002B0BD07B690C337B61C5
:101920003B68002B05D03B681E331A88013292B207
:101930001A80BB681B8803F48063002B0BD07B6983
:101940000E337B613B68002B05D03B6816331A8849
:10195000013292B21A80BB681B8803F40073002B1B
:1019600002D07B6906337B61BB681B8803F48073FC
:10197000002B0BD07B690E337B613B68002B05D0BD
:101980003B6828331A88013292B21A80BB681B88E0
:1019900003F08003002B0BD07B6906337B613B682F
:1019A000002B05D03B680C331A88013292B21A80A2
:1019B000BB681B8803F02003002B0BD07B690C3322
:1019C0007B613B68002B05D03B6804331A880132E9
:1019D00092B21A80BB681B8803F01003002B0BD057
:1019E0007B6904337B613B68002B05D03B68243363
:1019F0001A88013292B21A80BB681B8803F0080370
:101A0000002B11D0FB6802331B781B021AB2FB6853
:101A100003331B781BB213431BB29AB27B681A8044
:101A20007B6902337B6102E07B6800221A807B685D
:101A30001B8803F48043002B02D07B6902337B6157
:101A40007B681B8803F40053002B02D07B690233B0
:101A50007B617B681B8803F48053002B02D07B6979
:101A600002337B617B681B8803F48063002B0BD0FF
:101A70007B6902337B613B68002B05D03B685833A0
:101A80001A88013292B21A807B681B8803F08003A7
:101A9000002B0BD07B6906337B613B68002B05D0A4
:101AA0003B685A331A88013292B21A807B6902333A
:101AB0007B617B6918461C37BD465DF8047B704727
:101AC00080B485B000AF03460A46FB801346BB8056
:101AD0000023FB810023BB81FB88002B02D14FF048
:101AE000FF3367E0FB896FEA43436FEA5343FB81AF
:101AF000FB8943F48043FB81FB8943F40053FB8162
:101B0000FB8943F48053FB81FB8943F40063FB8131
:101B1000FB8943F48063FB81FB8943F40073FB8101
:101B2000FB8943F48073FB81FB8943F08003FB81D5
:101B3000FB8943F04003FB81FB8943F02003FB81D9
:101B4000FB8943F01003FB81FB8943F00803FB8111
:101B5000FA88FB89DB431340002B02D04FF0FF33A0
:101B600028E0FB8803F00803002B22D0BB8943F454
:101B70008043BB81BB8943F40053BB81BB8943F4E1
:101B80008053BB81BB8943F48063BB81BB8943F035
:101B90008003BB81BB88002B02D14FF0FF3309E0EB
:101BA000BA88BB89DB431340002B02D04FF0FF33D0
:101BB00000E0002318461437BD465DF8047B7047EB
:101BC00080B588B000AFF860B9607A600023FB612F
:101BD00029E0FB692B4A981807F1140207F1160156
:101BE0007B68FFF72BFE0346BB61FA68FB69D31ADB
:101BF000BA699A421CDCFB8ABA8A11461846FFF77A
:101C00005FFF0346002B04D0FFF734FD4FF0FF3396
:101C100034E0FA69BB691344FB61BB681B8801337C
:101C20009AB2BB681A80FA69FB689A42D1DB00E07D
:101C300000BF7B68002B20D07B68123319887B683B
:101C40001E331A887B6812330A4492B21A807B686A
:101C5000143319887B681E331A887B6814330A444E
:101C600092B21A807B68063319887B6816331A880B
:101C70007B6806330A4492B21A8000231846203744
:101C8000BD4680BD6C12002480B586B000AFF86000
:101C9000B9607A6000237B61BB6800221A80FB6810
:101CA0001B68B3F5806F17DAFB681B68C3F58063A8
:101CB0001846FB681B68144A134407F114021946BE
:101CC000FFF776FD0246FB681B6813441A46FB6863
:101CD0001A607B69002B0BD1FB681B687A68B968B6
:101CE0001846FFF76DFF0346002B03D1002307E0E2
:101CF00000BF00E000BFFB6800221A604FF0FF3316
:101D000018461837BD4680BD6C12002480B586B0D9
:101D100000AFF860B9607A6000233B61264B7B61BD
:101D20007B681B68032B42DD0023244A2449224898
:101D3000FFF784FD03463B617B681B683A699A4262
:101D400002DD204B1B6833E07B6902337B611E4B55
:101D5000B3F8A23003F00803002B02D07B690233F2
:101D60007B617969184800F0AEF803461A467B6932
:101D700013447B617B681A683B69D21A7B681A60DE
:101D80007B681B68002B08D03B690B4A99187B685D
:101D90001B681A46084815F065FF0B4BB3F8A220E4
:101DA000FB681A80084BB3F8A420BB681A80002394
:101DB00018461837BD4680BD6C1200245C12002402
:101DC0005A12002464120024B811002480B483B095
:101DD00000AF786039603B681B781A063B680133B6
:101DE0001B781B041A433B6802331B781B02134306
:101DF0003A68033212781A437B681A603B680433EE
:101E00001B781A063B6805331B781B041A433B6892
:101E100006331B781B021A433B6807331B781946AD
:101E20007B6804330A431A603B6808331B781A0640
:101E30003B6809331B781B041A433B680A331B7841
:101E40001B021A433B680B331B7819467B68083327
:101E50000A431A6000BF0C37BD465DF8047B70472B
:101E600080B483B000AF786039603B681B781B0298
:101E70001AB23B6801331B781BB213431AB27B685A
:101E80001A803B6802331B781B0219B23B6803338C
:101E90001B781AB27B6802330A4312B21A803B687D
:101EA00004331B781B0219B23B6805331B781AB246
:101EB0007B6804330A4312B21A8000BF0C37BD4658
:101EC0005DF8047B704780B584B000AF78603960FE
:101ED0003B68FB607B68B3F8A2301BB2002B1ADAB8
:101EE0007B682C3339681846FFF7BAFF7B68B3F973
:101EF0002C30DA037B685A637B68B3F92E30DA033F
:101F00007B689A637B68B3F93030DA037B68DA6305
:101F10003B6806333B607B68B3F8A23003F4804330
:101F2000002B11D07B68403339681846FFF798FFC3
:101F30003B6806333B607B68463339681846FFF7D9
:101F40008FFF3B6806333B607B68B3F8A23003F435
:101F50000053002B18D07B68743339681846FFF79C
:101F60007FFF7B6803F174027B6858331946104683
:101F700001F044FC7B689C3306223968184615F052
:101F8000AEFF3B6806333B607B68B3F8A23003F4D6
:101F90000063002B07D07B6839681846FFF716FFEF
:101FA0003B680C333B607B68B3F8A23003F08003DE
:101FB000002B08D07B68803339681846FFF750FF44
:101FC0003B6806333B607B68B3F8A23003F4806360
:101FD000002B13D07B680C3339681846FFF7F6FEE8
:101FE0003B680C331B781A063B680D331B781B04C7
:101FF0001A437B689A613B680E333B607B68B3F899
:10200000A23003F48073002B13D07B681C33396833
:102010001846FFF7DBFE3B680C331B781A063B685B
:102020000D331B781B041A437B689A623B680E339E
:102030003B607B68B3F8A23003F02003002B0FD085
:102040007B68643339681846FFF7C0FE7B689033BD
:102050000C223968184615F042FF3B680C333B6090
:102060007B68B3F8A23003F01003002B15D03B6857
:102070001B781A063B6801331B781B041A433B6824
:1020800002331B781B0213433A68033212781A4357
:102090007B681A673B6804333B607B68B3F8A43005
:1020A00003F48043002B0FD03B681B781B021AB24D
:1020B0003B6801331B781BB213431AB27B68A3F849
:1020C0007A203B6802333B607B68B3F8A43003F4AA
:1020D0000053002B0FD03B681B781B021AB23B68E1
:1020E00001331B781BB213431AB27B68A3F87C2020
:1020F0003B6802333B607B68B3F8A43003F4805341
:10210000002B0FD03B681B781B021AB23B680133CF
:102110001B781BB213431AB27B68A3F87E203B687E
:1021200002333B607B68B3F8A43003F48063002B78
:102130000FD03B681B781B021AB23B6801331B7837
:102140001BB213431AB27B68A3F88E203B6802339C
:102150003B607B68B3F8A43003F08003002B25D0EC
:102160003B681B781B021AB23B6801331B781BB219
:1021700013431BB29AB27B68A3F88C203B680233EE
:102180001B781A063B6803331B781B041A433B6811
:1021900004331B781B0213433A68053212781A4342
:1021A0007B68C3F888203B6806333B603B681B783C
:1021B0001B021AB23B6801331B781BB213437B81AD
:1021C0003B6802333B607B680122C3F8A8203A6871
:1021D000FB68D31A18461037BD4680BD80B582B063
:1021E00000AF78607B68002B02D14FF0FF3305E031
:1021F0000C220449786815F072FE0023184608374F
:10220000BD4680BDEC11002480B483B000AF78607F
:102210007B68002B02D14FF0FF3311E00B4BB3F979
:1022200040207B681A807B680233084AB2F942205A
:102230001A807B680433054AB2F944201A800023CF
:1022400018460C37BD465DF8047B7047B811002472
:1022500080B582B000AF78607B68002B02D14FF070
:10226000FF3305E006220449786815F038FE0023A4
:1022700018460837BD4680BDFE11002480B485B0E5
:1022800000AFF860B9607A60FB68002B02D14FF0B4
:10229000FF3327E0BB68002B02D14FF0FF3321E072
:1022A0007B68002B02D14FF0FF331BE0BB681A683C
:1022B0007B681B68D21AFB681A60BB680433196814
:1022C0007B6804331A68FB6804338A1A1A60BB6897
:1022D000083319687B6808331A68FB6808338A1A60
:1022E0001A60002318461437BD465DF8047B70471A
:1022F00080B582B000AF78607B68002B02D14FF0D0
:10230000FF3305E00C220449786815F0E8FD00234E
:1023100018460837BD4680BDB811002480B582B08C
:1023200000AF78607B68002B02D14FF0FF3305E0EF
:102330000C220449786815F0D2FD002318460837AE
:10234000BD4680BDC411002480B582B000AF786066
:102350007B68002B02D14FF0FF3305E00C220449CB
:10236000786815F0BCFD002318460837BD4680BDCF
:10237000D411002480B582B000AF78607B68002B58
:1023800002D14FF0FF3305E00C220449786815F0C4
:10239000A6FD002318460837BD4680BD1012002454
:1023A00080B582B000AF78607B68002B02D14FF01F
:1023B000FF3305E00C220449786815F090FD0023F6
:1023C00018460837BD4680BD1C12002480B483B077
:1023D00000AF78607B68002B02D14FF0FF3305E03F
:1023E000054BB3F88C207B681A80002318460C3705
:1023F000BD465DF8047B7047B811002480B483B0FB
:1024000000AF78607B68002B02D14FF0FF3305E00E
:10241000054BD3F888207B681A60002318460C37D8
:10242000BD465DF8047B7047B811002480B483B0CA
:1024300000AF78607B68002B02D14FF0FF3306E0DD
:10244000064BB3F98E309AB27B681A800023184687
:102450000C37BD465DF8047B704700BFB8110024FF
:1024600080B400AF034BB3F97A301846BD465DF82F
:10247000047B7047B811002480B400AF034BB3F95C
:102480007C301846BD465DF8047B7047B8110024C7
:1024900080B400AF034BB3F97E301846BD465DF8FB
:1024A000047B7047B811002480B400AF034B9B6AD3
:1024B0001846BD465DF8047B704700BFB811002484
:1024C00080B400AF034B9B691846BD465DF8047BA2
:1024D000704700BFB811002480B582B000AF002360
:1024E0007B604E4A0121762001F064FC02467B6845
:1024F00013437B604A4A0121032001F05BFC024642
:102500007B6813437B60474A0121052001F052FCA0
:1025100002467B6813437B60434A0121102001F08F
:1025200049FC02467B6813437B60404A012111202D
:1025300001F040FC02467B6813437B603C4A01216A
:10254000122001F037FC02467B6813437B60394A56
:102550000121662001F02EFC02467B6813437B605C
:10256000354A0121672001F025FC02467B681343B0
:102570007B60324A0121682001F01CFC02467B6826
:1025800013437B602E4A01214FF4807001F012FC4E
:1025900002467B6813437B602A4A012140F2011006
:1025A00001F008FC02467B6813437B60264A012148
:1025B0004FF4817001F0FEFB02467B6813437B60A1
:1025C000224A01214FF4887001F0F4FB02467B6837
:1025D00013437B601E4A012140F2111001F0EAFB17
:1025E00002467B6813437B601A4A01214FF48A70CC
:1025F00001F0E0FB02467B6813437B60164A012131
:1026000040F2151001F0D6FB02467B6813437B6055
:102610007B6818460837BD4680BD00BF6C16002495
:102620006D1600246E1600246F1600247016002408
:1026300071160024721600247316002474160024E8
:102640007716002478160024791600247A160024C0
:102650007B1600247C1600247D16002480B582B0F1
:1026600000AF00237B600121062001F033FB02460E
:102670007B6813437B607F21072001F02BFB024620
:102680007B6813437B606A4BDB7A19464FF480709A
:1026900001F020FB02467B6813437B60644B1B7B8D
:1026A000194640F2011001F015FB02467B68134306
:1026B0007B605F4B5B7B19464FF4817001F00AFB36
:1026C00002467B6813437B60594B9B7B19464FF452
:1026D000887001F0FFFA02467B6813437B60544B1D
:1026E000DB7B194640F2111001F0F4FA02467B68D8
:1026F00013437B604E4B1B7C19464FF48A7001F0EC
:10270000E9FA02467B6813437B60494B5B7C1946C0
:1027100040F2151001F0DEFA02467B6813437B603D
:10272000434B1B781946762001F0D4FA02467B68A9
:1027300013437B603E4B9B781946052001F0CAFA93
:1027400002467B6813437B60394BDB7819461020C7
:1027500001F0C0FA02467B6813437B60344B1B795F
:102760001946112001F0B6FA02467B6813437B60DC
:102770002F4B9B791946662001F0ACFA02467B6824
:1027800013437B602A4BDB791946672001F0A2FADC
:1027900002467B6813437B601F21682001F09AFA90
:1027A00002467B6813437B60214B1B7A19466820E5
:1027B00001F090FA02467B6813437B601C4B5B7808
:1027C0005BB223F048035BB243F008035BB2DBB2B9
:1027D0001946032001F07EFA02467B6813437B60B2
:1027E0001420FEF74FFCFDF78AFB02467B6813437B
:1027F0007B6000F0BFFC02467B6813437B600C4BA0
:102800009B7A1946072001F065FA02467B6813435C
:102810007B60074B5B7A1946062001F05BFA0246A3
:102820007B6813437B607B6818460837BD4680BDD4
:102830006C16002480B48FB000AFB9607A603B6042
:102840000346FB7300233B6300237B630023FB628F
:1028500021E0FB6ABA6813441B78002B0FD0FB6A97
:10286000BA6813441B78013B364A32F813301A46D3
:10287000FB6A9B0038333B4443F8182C08E0FB6AA2
:102880009B0038333B44002243F8182C01233B6360
:10289000FB6A0133FB62FB6A022BDADD0023FB6279
:1028A00045E0FB6A9B003A6813441A68FB6A9B0088
:1028B00079680B441B68D21AFB6A9B0038333B448F
:1028C00043F8242C3B6B002B2CD1FB6A9B00383344
:1028D0003B4453F8242CFB6A9B0038333B4453F8A9
:1028E000183C5B109A4201DA01237B63FB7B012BCE
:1028F0001AD0FB6A9B0038333B4453F8242CFB6A04
:102900009B0038333B4453F8181CFB6A9B00383358
:102910003B4453F8183C5B100B449A4204DD0123FE
:102920007B6301E001237B63FB6A0133FB62FB6A8B
:10293000022BB6DD7B6B18463C37BD465DF8047B49
:10294000704700BF14F1020880B582B000AF0023C9
:102950007B605A4A0121062001F02CFA02467B686E
:1029600013437B60564A0121072001F023FA0246F7
:102970007B6813437B600121062001F0ABF902461E
:102980007B6813437B60FFF7A7FD02467B68134318
:102990007B607F21072001F09DF902467B6813438D
:1029A0007B607021052001F095F902467B68134396
:1029B0007B600A214FF4807001F08CF902467B683D
:1029C00013437B60012140F2011001F083F90246BC
:1029D0007B6813437B6003214FF4817001F07AF927
:1029E00002467B6813437B6000214FF4887001F03E
:1029F00071F902467B6813437B600A2140F2111093
:102A000001F068F902467B6813437B6039214FF47B
:102A10008A7001F05FF902467B6813437B600221F4
:102A200040F2151001F056F902467B6813437B60B3
:102A3000244A0121822001F0BDF902467B6813433C
:102A40007B60214A0121832001F0B4F902467B68B2
:102A500013437B601D4A0121842001F0ABF902463B
:102A60007B6813437B601A4A01218E2001F0A2F992
:102A700002467B6813437B60164A01218F2001F0D8
:102A800099F902467B6813437B60134A0121902029
:102A900001F090F902467B6813437B6040210720D8
:102AA00001F018F902467B6813437B603220FEF781
:102AB000E9FA7B6818460837BD4680BD75160024C4
:102AC0007616002480160024811600248216002425
:102AD00084160024851600248616002480B58AB04A
:102AE00000AF0346B9607A60FB73FB7B012B03D117
:102AF000332387F827304DE02D2387F8273049E02E
:102B000097F827309BB207F110020621184601F012
:102B100051F90346002B02D04FF0FF333FE0002372
:102B20003B622CE03B6A5B0028333B4413F8183CC3
:102B30001B021AB23B6A5B00013328333B4413F893
:102B4000183C1BB213431AB23B6A5B0028333B4468
:102B500023F8102C3B6A9B00BA6813441A683B6A3E
:102B60005B0028333B4433F9103C18463B6A9B001A
:102B7000B9680B4402441A603B6A01333B623B6A0A
:102B8000022BCFDD7B681B685A1C7B681A600A2009
:102B9000FEF778FA7B681B68C72BB1DD0023184667
:102BA0002837BD4680BD80B588B000AF0346B96008
:102BB0007A60FB7300233B610023BB610EE0BB69BD
:102BC0009B00BA68134400221A60BB699B007A68B4
:102BD000134400221A60BB690133BB61BB69022B3D
:102BE000EDDD07F11002FB7BB9681846FFF776FFB1
:102BF000F861FB69002B01D0FB6953E000237B6186
:102C00000FE07B699B00BA68134419683A697B69D5
:102C10009B00B868034491FBF2F21A607B690133B0
:102C20007B617B69022BECDDFB7B012B06D13B2119
:102C30004FF4817001F04EF8F86105E01E2140F27A
:102C4000151001F047F8F861FB69002B01D0FB6912
:102C500028E01420FEF716FA00233B6107F110026A
:102C6000FB7B79681846FFF739FFF861FB69002B99
:102C700001D0FB6916E000237B610FE07B699B00BC
:102C80007A68134419683A697B699B007868034441
:102C900091FBF2F21A607B6901337B617B69022B45
:102CA000ECDD002318462037BD4680BD80B590B0CE
:102CB00000AF00237B630023FB700023BB70002365
:102CC0007B70FFF741FEF863FB6B002B6DD1022395
:102CD000BB630EE007F1280207F11C03194601202F
:102CE000FFF761FFF863FB6B002B06D0BB6B013B6A
:102CF000BB63BB6B002BEDDC00E000BFFB6B002B6C
:102D000055D10223BB630DE007F110023B1D1946AC
:102D10000020FFF748FFF863FB6B002B06D0BB6B6E
:102D2000013BBB63BB6B002BEEDC00E000BFFB6B29
:102D3000002B3ED100237B6316E07B6B9B0040336E
:102D40003B4453F8242C22497B6B41F823207B6BB6
:102D50009B0040333B4453F83C2C1E497B6B41F8AD
:102D600023207B6B01337B637B6B022BE5DD07F15B
:102D700010033A1D18490020FFF75CFD0346002BA5
:102D80000CBF01230023DBB2FB7007F1280307F11E
:102D90001C0212490120FFF74DFD0346002B0CBF1A
:102DA00001230023DBB2BB7004E000BF02E000BFE0
:102DB00000E000BFFFF752FCFB78DBB25B0043F0A2
:102DC0000403BA78D2B2134318464037BD4680BDDB
:102DD000DC100024D0100024841600248016002467
:102DE00080B500AF1E4B40F283121A801C4B4FF48B
:102DF000C2725A801A4B40F285129A80184B4FF4D7
:102E0000C372DA80164B40F287121A81144B4FF4CA
:102E1000C4725A81124B40F289129A81104B4FF4BE
:102E2000C572DA810E4B40F28B121A820C4B4FF4B2
:102E3000C6725A820A4B40F28D129A82084B4FF4A6
:102E4000C772DA82002000F031F9012000F02EF97B
:102E5000022000F02BF9032000F028F900BF80BD0C
:102E60008816002480B584B000AF7860084611460B
:102E70001A460346FB700B46BB7013467B7000235B
:102E8000FB60FB7863F07F03DBB2FB721B4A7B685D
:102E900032F8333007F10B020121184600F0A8FE8A
:102EA0000246FB681343FB60BB78FB72134A7B68E6
:102EB000DB0013445B8807F10B020121184600F088
:102EC00097FE0246FB681343FB607B7863F07F0349
:102ED000DBB2FB72094A7B68DB0013449B8807F175
:102EE0000B020121184600F083FE0246FB681343E3
:102EF000FB60FB6818461037BD4680BD881600246D
:102F000080B586B000AFF8607A603B600B46FB721C
:102F100000237B617B68DAB23B68DBB2F97AF86840
:102F2000FFF7A0FF02467B6913437B6100F0D2F8F4
:102F300002467B6913437B613C20FEF7A3F800F057
:102F4000DDF802467B6913437B613B683A6A1946A8
:102F50003B2000F0A9FF02467B6913437B61F868C0
:102F600000F0A4F802467B6913437B617B69184635
:102F70001837BD4680BD000080B584B000AF7860D2
:102F8000084611461A460346FB700B46BB701346B3
:102F90007B700023FB60FB78FB72234A7B6832F86E
:102FA000333007F10B020121184600F021FE0246E2
:102FB000FB681343FB60BB78FB721B4A7B68DB003A
:102FC00013445B8807F10B020121184600F010FE44
:102FD0000246FB681343FB607B78FB72124A7B68F6
:102FE000DB001344DB8807F10B020121184600F0D7
:102FF000FFFD0246FB681343FB608123FB720A4A14
:103000007B68DB0013449B8807F10B020121184603
:1030100000F0EEFD0246FB681343FB60FB681846B8
:103020001037BD4680BD00BF8816002480B586B02D
:1030300000AFF8607A601A460B46FB721346BB720B
:1030400000237B617B68DAB2BB7AF97AF868FFF714
:1030500093FF02467B6913437B6100F03BF8024615
:103060007B6913437B613C20FEF70CF800F046F8C7
:1030700002467B6913437B61F86800F017F802464B
:103080007B6913437B617B6918461837BD4680BD59
:1030900080B400AF00BFBD465DF8047B704780B4CC
:1030A00000AF00BFBD465DF8047B704780B582B0BD
:1030B00000AF7860064A7B68DB0013449B880021E0
:1030C000184600F031FE034618460837BD4680BD5D
:1030D0008816002480B500AF074BDB7843F020034F
:1030E000DAB2054BDA70044BDB781946032000F0A6
:1030F0001BFE0346184680BD9411002480B500AF26
:10310000074BDB7823F02003DAB2054BDA70044B6F
:10311000DB781946032000F007FE0346184680BD01
:103120009411002480B584B000AF7860396000232A
:10313000FB607B685B107B60FB680133FB607B6836
:103140005B10002BF5D1FB68032B01DC0423FB6033
:103150000122FB6802FA03F31A463B681A60FB6817
:10316000DBB21846FDF7BAF8034618461037BD46DD
:1031700080BD000080B586B002AF6F4B19783B1D53
:103180000093012300220020FFF7BAFEB860BB685D
:10319000002B01D0BB68CBE03B79482B02D04FF02D
:1031A000FF33C5E0654B1B78232B07D1644B3122DD
:1031B0001A706023FB731F23BB7323E05F4B1B78E4
:1031C000242B07D15E4B31221A706023FB731F231F
:1031D000BB7317E0594B1B78252B0CD1584B312270
:1031E0001A70584B80221A70564B80225A70554BD9
:1031F00080229A7006E0524B0A221A701023FB7349
:103200000F23BB73504B01221A604C4B1B78212BB0
:1032100006D14E4B4E4A1A604E4B4F4A1A6039E067
:10322000464B1B78222B06D1484B4C4A1A60494B1F
:103230004B4A1A602EE0414B1B78202B06D1434BA2
:10324000484A1A60434B484A1A6023E03B4B1B78BC
:10325000232B06D13D4B454A1A603E4B444A1A6027
:1032600018E0364B1B78242B06D1384B414A1A60A4
:10327000384B414A1A600DE0304B1B78252B06D1A4
:10328000324B3E4A1A60334B3D4A1A604AE06FF0B7
:1032900015034DE0284B1978FA7B03230020FFF734
:1032A000E1FDB860BB68002B01D0BB6840E0224B59
:1032B0001978234B1B781A46BB7B0120FFF7B6FE1B
:1032C000B860BB68002B01D0BB6831E01D4A032108
:1032D0003B2000F0E9FDB860BB68002B01D0BB6863
:1032E00026E0164B1B78242B0CD1134B1978202386
:1032F00030220120FFF79AFEB860BB68002B01D096
:10330000BB6815E00C4B19780D4B1B781A4600234F
:103310000120FFF78BFEB860BB68002B01D0BB68B3
:1033200006E000BF174B01221A7000F02DF803468B
:1033300018461037BD4680BD17F0020816F0020887
:10334000DD160024CC160024D8160024D016002444
:103350001CF30208D416002414F302082CF302080C
:1033600024F302083CF3020834F302084CF3020889
:1033700044F302085CF3020854F302086CF30208F9
:1033800064F30208DC16002480B582B000AF144B51
:103390001B78002B01D100231EE00020FFF786FEE2
:1033A00078600120FFF782FE02467B6813437B6052
:1033B0007B68002B01D07B680EE000F0ABFB03467E
:1033C000002B05D1FFF79AFE02467B6813437B6012
:1033D000034B00221A707B6818460837BD4680BD33
:1033E000DC16002480B582B000AF434B1B78002B65
:1033F00001D000237CE0414B1B78232B0DD1404BA7
:103400001B78002B04D00323FB710A23BB7135E02A
:103410001023FB710923BB7130E0384B1B78242B40
:103420000DD1374B1B78002B04D00323FB710A23EB
:10343000BB7123E01023FB710923BB711EE02F4BEE
:103440001B78252B0DD12E4B1B78002B04D003238A
:10345000FB710A23BB7111E01023FB710923BB71BF
:103460000CE0274B1B78002B04D00123FB710923B0
:10347000BB7103E00223FB710823BB71214B197858
:10348000BB7943F05003DBB2FA790020FFF7EAFC86
:1034900038603B68002B01D03B6829E01A4B0122C1
:1034A0001A60164B1B78202B08D1174B1B681B0189
:1034B0005BB243F001035BB27B7101E001237B71DE
:1034C000104B1978114B1A787B790120FFF754FDC6
:1034D00038603B68002B01D03B6809E0FFF7FAFD3C
:1034E00002463B6813433B60034B01221A703B6862
:1034F00018460837BD4680BDDC16002416F00208C9
:10350000CC00002417F00208D8160024DD16002491
:1035100080B400AF034B1B781846BD465DF8047BB2
:10352000704700BFDC16002480B5A0B000AF786003
:1035300039600023FB6720E00023BB6717E0FA6FC8
:1035400013465B001A44BB6F13441A467B689918F4
:10355000BA6F13465B001A44FB6F134491F90020C5
:1035600080333B4403F8202CBB6F0133BB67BB6F38
:10357000022BE4DDFB6F0133FB67FB6F022BDBDD0E
:10358000964B1B78203B052B2CD801A252F823F038
:10359000BD350108B3350108A9350108C735010853
:1035A000D1350108DB3501088D4B3B671623FB66DF
:1035B0001DE08C4B3B671623FB6618E08A4B3B678C
:1035C0001623FB6613E0864B3B671723FB660EE072
:1035D000854B3B671623FB6609E0834B3B6716234D
:1035E000FB6604E0804B3B671623FB6600BF0023AD
:1035F000FB6722E07D4AFB6F13441B7803F18002D6
:10360000FB6F9B0080333B4443F8502CFB6F9B00C7
:1036100080333B4453F8502CFB6E02FA03F3396FAE
:10362000184600F049FE0246FB6F9B0080333B4486
:1036300043F8502CFB6F0133FB67FB6F022BD9DD86
:103640000023FB6726E0FB6F3A68134493F90030D0
:103650001846F96F664B83FB0132CB17D21A13461B
:103660005B001344CA1A930080333B4453F8503C28
:1036700003FB00F2FB6F9B0080333B4443F8742C48
:10368000FB6F9B0080333B44002243F8442CFB6FCC
:103690000133FB67FB6F082BD5DD0023FB6748E098
:1036A0000023BB673FE0FA6F13465B001A44BB6F11
:1036B0001344504A002142F8231000237B672CE07A
:1036C000FA6F13465B001A447B6F13444A4A52F860
:1036D00023007A6F13465B001A44BB6F13449B00B0
:1036E00080333B4453F8743C194600F0E5FDFA6F13
:1036F00013465B001A44BB6F13443E4A52F8231032
:10370000FA6F13465B001A44BB6F134442183949E1
:1037100041F823207B6F01337B677B6F022BCFDD6A
:10372000BB6F0133BB67BB6F022BBCDDFB6F01338B
:10373000FB67FB6F022BB3DD0023FB6741E0002337
:10374000BB6738E000237B672FE0FA6F13465B000E
:103750001A44BB6F13449B0080333B4453F8440C22
:10376000FA6F13465B001A447B6F134480333B446B
:1037700013F9203C19467A6F13465B001A44BB6F5D
:1037800013441C4A52F8233003FB01F1FA6F13462D
:103790005B001A44BB6F134442189B0080333B44C8
:1037A00043F8442C7B6F01337B677B6F022BCCDDAE
:1037B000BB6F0133BB67BB6F022BC3DDFB6F0133F4
:1037C000FB67FB6F022BBADD07F13C031846FDF7E0
:1037D0001AFD034618468037BD4680BD16F0020824
:1037E000666666263333331399999909CC160024FB
:1037F00056555555A8160024340000242DE9B00F65
:1038000089B000AFF860B9600021F9614AE04FF07B
:1038100000004FF00001C7E904010021B9612BE06D
:10382000F869014649000844B9690144224850F842
:103830002110C81788468146B9694900F8680144D3
:10384000B1F900100904C8178A4683460AFB09F03B
:1038500008FB0BF10144A8FB0A2319440B46D7E9E6
:10386000040184183C6059417960D7E90001C7E937
:103870000401B9690131B961B9690229D0DDD7E91B
:1038800004454FF000004FF00001A00F40EA850012
:10389000A917FC69A400BD682C4401462160F969A0
:1038A0000131F961F9690229B1DD00231846243795
:1038B000BD46BDE8B00F7047A816002480B582B0A1
:1038C00000AF1E4B1B78002B01D1002331E0FFF726
:1038D0001FFE0346002B08D1194B19780023F42250
:1038E0000320FFF7A3FB78600AE0154B197800234B
:1038F000F4220320FFF740FB78603C20FDF7C2FB79
:103900007B68002B01D07B6813E00220FFF7CEFB21
:1039100078600320FFF7CAFB02467B6813437B6095
:103920007B68002B01D07B6803E0044B00221A70F7
:103930007B6818460837BD4680BD00BFDE160024F0
:1039400018F0020880B582B000AF704B1B78002BD6
:1039500052D0FFF7D3FB78600220FFF7A7FB0246A7
:103960007B6813437B60FFF7D3FD0346002B1DD11B
:103970000020FFF79BFB02467B6813437B60644B90
:1039800019780A2388220020FFF76CFA02467B6828
:1039900013437B605E4B1978082388220220FFF7CF
:1039A00061FA02467B6813437B601DE0FB1C1A46EC
:1039B000012140F2851000F077FA02467B6813433C
:1039C0007B60FB7803F00F03DBB2FB70504B197880
:1039D000FB78C3F11203DBB288220220FFF742FA20
:1039E00002467B6813437B60FFF774FB02467B68EB
:1039F00013437B607B6884E0FFF74AFB05214FF4AB
:103A0000C07000F091F97860FFF782FD0346002B4B
:103A10000BD13F4B19785723F4220320FFF706FB05
:103A200002467B6813437B6014E0394B19785723B7
:103A3000F4220320FFF7A0FA02467B6813437B6061
:103A40003C20FDF71FFB0320FFF730FB02467B689D
:103A500013437B60FFF723FB7B68002B01D07B685F
:103A60004FE0FFF755FD0346002B13D1284B197883
:103A70000A2388220020FFF7F5F97860244B197893
:103A8000082388220220FFF7EDF902467B681343E2
:103A90007B601AE0BB1C1A46012140F2851000F041
:103AA00003FA7860BB7803F00F03DBB2BB70184BEE
:103AB0001978BB78C3F11203DBB288220220FFF72A
:103AC000D1F902467B6813437B60114B19780623BA
:103AD000F7220320FFF7C6F902467B6813437B6099
:103AE0007B68002B01D07B680BE0FFF711FD0346DC
:103AF000002B02D1FFF7EEFA7860044B01221A7016
:103B00007B6818460837BD4680BD00BFDE1600241E
:103B100018F0020880B400AF034B1B781846BD466E
:103B20005DF8047B704700BFDE16002480B582B0CC
:103B300000AF0346FB80FB887F2B17DC7E2B13DA5C
:103B4000762B11D0762B11DC722B0FDC702B07DA61
:103B5000072B02DC052B03DA08E00F3B012B05D80D
:103B6000FBF78CFF034603E0002301E000BF0123C5
:103B700018460837BD4680BD80B584B000AF034607
:103B8000FB71194B1B78FA799A4201D1002326E088
:103B9000154AFB791370154A01217F20FDF72AFA97
:103BA000F860FB68002B01D0FB6818E00F4B1B7816
:103BB00023F03103DAB20D4B1A70FB791B015AB2B4
:103BC0000A4B1B785BB213435BB2DAB2074B1A7035
:103BD000064A01217F20FDF7D5F9F860FB681846F9
:103BE0001037BD4680BD00BFCE000024DF16002484
:103BF00080B588B000AF0346B9607A60FB810023CE
:103C0000FB610023BB61FB89DBB203F07F03FB7523
:103C1000FCF702F90346BB75BB7D03F00103002BE3
:103C200004D101210120FCF751F8F861FB89184605
:103C3000FFF77CFF0346002B07D000210220FCF792
:103C400045F80246FB691343FB61FB89DB099BB224
:103C5000DBB21846FFF790FF0246FB691343FB6196
:103C600020E0BA68BB69D31A102B28BF10233B6130
:103C7000FB7D9AB2BB699BB2134498B239697A68EA
:103C8000BB6913441A46FDF77DF90246FB691343ED
:103C9000FB61FB69002B01D0FB6917E03B69BA6946
:103CA0001344BB61BA69BB689A42DAD3FB891846F0
:103CB000FFF73CFF0346002B07D001210220FCF751
:103CC00005F80246FB691343FB61FB691846203780
:103CD000BD4680BD80B584B000AF03460A46FB8078
:103CE00013467B710023FB60FB88DBB203F07F038C
:103CF000FB72FB88DB099BB2DBB21846FFF73CFF87
:103D00000246FB681343FB60FB7A9BB27A1D0121DC
:103D10001846FDF737F90246FB681343FB60FB6862
:103D200018461037BD4680BD80B584B000AF03464D
:103D30000A46FB8013467B710023FB60FCF76CF89E
:103D40000346FB72FB7A03F00103002B04D101212F
:103D50000120FBF7BBFFF860FB881846FFF7E6FE83
:103D60000346002B07D000210220FBF7AFFF0246DD
:103D7000FB681343FB607A79FB8811461846FFF70E
:103D8000A9FF0246FB681343FB60FB881846FFF758
:103D9000CDFE0346002B07D001210220FBF796FF42
:103DA0000246FB681343FB60FB6818461037BD46AC
:103DB00080BD000080B58EB000AF0346B9607A6068
:103DC000FB8100237B6300233B63FB89DBB203F0B1
:103DD0007F0387F82B30FB89DB099BB2DBB21846E7
:103DE000FFF7CAFE02467B6B13437B6339E0BA6878
:103DF0003B6BD31A102B28BF10237B62294BDB7B34
:103E0000022B13D197F82B309AB23B6B9BB2134421
:103E100098B2796A07F110023B6B13441A46FDF71A
:103E2000E9F802467B6B13437B6311E097F82B3074
:103E30009AB23B6B9BB2134498B2796A7A683B6B37
:103E400013441A46FDF7D6F802467B6B13437B6397
:103E50007B6B002B01D07B6B20E07B6A3A6B1344B9
:103E60003B633A6BBB689A42C1D30E4BDB7B022BA0
:103E700013D10023FB620CE0FB6A5A1C7B68591CBF
:103E8000796038323A4412F8282C1A70FB6A0133F0
:103E9000FB62FB6ABA689A42EED87B6B18463837E9
:103EA000BD4680BD9411002480B586B000AF0346A6
:103EB000B9607A60FB8100237B61FBF7ADFF0346AD
:103EC000FB74FB7C03F00103002B04D101210120D2
:103ED000FBF7FCFE7861FB891846FFF727FE0346D7
:103EE000002B07D000210220FBF7F0FE02467B6981
:103EF00013437B61FB897A68B9681846FFF75AFF5C
:103F00007861FB891846FFF711FE0346002B07D0A6
:103F100001210220FBF7DAFE02467B6913437B6135
:103F20007B6918461837BD4680BD000080B58EB04D
:103F300000AF0346B9607A60FB8100237B630023F6
:103F40003B63FBF769FF034687F82E307B68002B45
:103F500002D14FF0FF33A7E097F82E3003F00103B2
:103F6000002B04D101210120FBF7B0FE7863002172
:103F70000220FBF7ABFE02467B6B13437B63002002
:103F8000FFF7FAFD02467B6B13437B63FB891B0A39
:103F90009BB2DBB2FB74FA7C454B1B789A4259D03A
:103FA00007F113031A4601217E20FCF7EBFF0246BE
:103FB0007B6B13437B637B6B002B01D07B6B73E0CC
:103FC000FA7C3B4B1A7045E0FB89DBB2BB7407F10E
:103FD00012031A4601217C20FCF7D4FF02467B6BBA
:103FE00013437B637B6B002B01D07B6B5CE0BA6877
:103FF0003B6BD31A102B28BF1023BB622D4BDB7BEE
:10400000022B0DD107F114023B6B13441A46B96A17
:104010007D20FCF7EFFF02467B6B13437B630BE0D5
:104020007A683B6B13441A46B96A7D20FCF7E2FFBD
:1040300002467B6B13437B637B6B002B01D07B6B56
:1040400032E03A6BBB6A13443B63BB6A9AB2FB89AA
:104050001344FB813A6BBB689A42B5D3154BDB7BAB
:10406000022B18D1002387F82F300FE097F82F305C
:104070005A1C7B68591C796038323A4412F8242C57
:104080001A7097F82F30013387F82F3097F82F30B8
:10409000BA689A42EAD801210220FBF717FE0246CD
:1040A0007B6B13437B637B6B18463837BD4680BD03
:1040B000CD0000249411002480B58AB000AF0346DF
:1040C000B9607A60FB8100237B6200233B62FBF7CF
:1040D000A3FE0346FB777B68002B02D14FF0FF3332
:1040E00077E0FB7F03F00103002B04D101210120C5
:1040F000FBF7ECFD786200210220FBF7E7FD0246AA
:104100007B6A13437B620020FFF736FD02467B6A21
:1041100013437B62FB891B0A9BB2DBB2FB75FA7D02
:104120002E4B1B789A4247D007F117031A460121FC
:104130007E20FCF727FF02467B6A13437B627B6A83
:10414000002B01D07B6A44E0FA7D244B1A7033E0E7
:10415000FB89DBB2BB7507F116031A4601217C20EF
:10416000FCF710FF02467B6A13437B627B6A002BDD
:1041700001D07B6A2DE0BA683B6AD31A102B28BFA6
:104180001023BB617A683B6A13441A46B9697D20E3
:10419000FCF7F8FE02467B6A13437B627B6A002BC6
:1041A00001D07B6A15E03A6ABB6913443B62BB6984
:1041B0009AB2FB891344FB813A6ABB689A42C7D31F
:1041C00001210220FBF782FD02467B6A13437B62DA
:1041D0007B6A18462837BD4680BD00BFCD0000244D
:1041E0002DE9F00F8AB000AF786139611346FB7397
:1041F0007B69DA173B607A603B69DA179A46934627
:10420000D7E900010B460AFB03F2034603FB0BF35D
:1042100013440246A2FB0A894B449946C7E9088920
:10422000C7E90889F97BD7E90823C1F12006B1F174
:10423000200022FA01F403FA06F644EA060402D446
:1042400043FA00F0044343FA01F52346FB61FB699E
:1042500018462837BD46BDE8F00F70472DE9B0037A
:1042600087B000AF786039607968C81788468146A2
:104270003968C8170C46054604FB09F008FB05F130
:104280000144A8FB042319440B46C7E90423C7E9EA
:104290000423D7E904014FF000024FF00003420F5E
:1042A00042EAC1024B171346FB60FB6818461C37F5
:1042B000BD46BDE8B00370472DE9B00387B000AF3D
:1042C000786039607968C817884681463968C817A8
:1042D0000C46054604FB09F008FB05F10144A8FB68
:1042E000042319440B46C7E90423C7E90423D7E98B
:1042F00004014FF000024FF00003820F42EA8102F6
:104300008B171346FB60FB6818461C37BD46BDE89B
:10431000B003704790B585B000AFF860B9607A60BF
:10432000FB681A68BB681B6819461046FFF7C4FF94
:104330000446FB6804331A68BB6804331B681946DB
:104340001046FFF7B9FF0346E41AFB6808331A6802
:10435000BB6808331B6819461046FFF7ADFF0346DC
:10436000E41AFB680C331A68BB680C331B681946E7
:104370001046FFF7A1FF0346E21A7B681A60FB684C
:104380001A68BB6804331B6819461046FFF794FF90
:104390000446FB6804331A68BB681B68194610465C
:1043A000FFF78AFF03461C44FB6808331A68BB68A2
:1043B0000C331B6819461046FFF77EFF03461C446A
:1043C000FB680C331A68BB6808331B681946104633
:1043D000FFF772FF02467B680433A21A1A60FB687B
:1043E0001A68BB6808331B6819461046FFF764FF5C
:1043F0000446FB6804331A68BB680C331B68194613
:104400001046FFF759FF0346E41AFB6808331A68A1
:10441000BB681B6819461046FFF74EFF03461C4455
:10442000FB680C331A68BB6804331B6819461046D6
:10443000FFF742FF02467B68083322441A60FB689C
:104440001A68BB680C331B6819461046FFF734FF27
:104450000446FB6804331A68BB6808331B681946B6
:104460001046FFF729FF03461C44FB6808331A680F
:10447000BB6804331B6819461046FFF71DFF03464F
:10448000E41AFB680C331A68BB681B6819461046AF
:10449000FFF712FF02467B680C3322441A6000BF0C
:1044A0001437BD4690BD80B483B000AF78603960EA
:1044B0007B681A683B681A607B6804331A683B683B
:1044C000043352421A607B6808331A683B68083329
:1044D00052421A607B680C331A683B680C335242B4
:1044E0001A6000BF0C37BD465DF8047B704780B58D
:1044F00094B000AFF860B9607A6000233B6207F1C6
:10450000200304330C22B968184613F0E8FC07F1C5
:10451000400207F120031946F868FFF7FBFE07F198
:1045200030031946F868FFF7BEFF07F1100207F1E4
:10453000300107F140031846FFF7ECFE07F11003C6
:1045400004330C221946786813F0C9FC00BF5037B9
:10455000BD4680BD80B590B000AF786039607B68A3
:104560001B68FB637B685B68BB637B689B687B63E2
:104570007B68DB683B637B681B69FB627B685B690C
:10458000BB627B689B697B627B68DB693B627B68A3
:104590001B6AFB61D7ED0F7AB7EE007A37EE877AA8
:1045A000D7ED0B7A37EE277AD7ED077A37EE277AF1
:1045B000F1EE006AC7EE267AC7ED037AD7ED0F7ADF
:1045C000B7EE007A37EE877AD7ED0B7A37EE677A57
:1045D000D7ED077A37EE677AF1EE006AC7EE267AF2
:1045E000C7ED047AB7EE007AD7ED0F7A37EE677A27
:1045F000D7ED0B7A37EE277AD7ED077A37EE677A61
:10460000F1EE006AC7EE267AC7ED057AB7EE007ABA
:10461000D7ED0F7A37EE677AD7ED0B7A37EE677AF8
:10462000D7ED077A37EE277AF1EE006AC7EE267AE1
:10463000C7ED067AD7ED037AF5EEC07AF1EE10FAFF
:1046400002D54FF00003FB60D7ED047AF5EEC07A97
:10465000F1EE10FA02D54FF000033B61D7ED057A79
:10466000F5EEC07AF1EE10FA02D54FF000037B614F
:10467000D7ED067AF5EEC07AF1EE10FA02D54FF0DA
:104680000003BB61D7ED037AB0EE670A15F05AFB61
:10469000F0EE407AC7ED037AD7ED047AB0EE670A00
:1046A00015F050FBF0EE407AC7ED047AD7ED057AAD
:1046B000B0EE670A15F046FBF0EE407AC7ED057ADA
:1046C000D7ED067AB0EE670A15F03CFBF0EE407AC3
:1046D000C7ED067A97ED037AD7ED047AB4EEE77A60
:1046E000F1EE10FA42DB97ED037AD7ED057AB4EEDE
:1046F000E77AF1EE10FA39DB97ED037AD7ED067A17
:10470000B4EEE77AF1EE10FA30DB97ED0A7AD7EDE6
:10471000087A77EE676AD7ED037AB1EE007A27EE72
:10472000877AC6EE877AC7ED047A97ED097AD7EDD6
:104730000D7A77EE676AD7ED037AB1EE007A27EE4D
:10474000877AC6EE877AC7ED057A97ED0E7AD7EDB0
:104750000C7A77EE676AD7ED037AB1EE007A27EE2E
:10476000877AC6EE877AC7ED067AE2E097ED047A9B
:10477000D7ED037AB4EEE77AF1EE10FA42DB97ED6B
:10478000047AD7ED057AB4EEE77AF1EE10FA39DB68
:1047900097ED047AD7ED067AB4EEE77AF1EE10FAE7
:1047A00030DB97ED0A7AD7ED087A77EE676AD7EDB6
:1047B000047AB1EE007A27EE877AC6EE877AC7EDE3
:1047C000037A97ED0E7AD7ED0C7A77EE276AD7ED5C
:1047D000047AB1EE007A27EE877AC6EE877AC7EDC3
:1047E000057A97ED097AD7ED0D7A77EE276AD7ED3E
:1047F000047AB1EE007A27EE877AC6EE877AC7EDA3
:10480000067A96E097ED057AD7ED037AB4EEE77A6B
:10481000F1EE10FA42DB97ED057AD7ED047AB4EEAB
:10482000E77AF1EE10FA39DB97ED057AD7ED067AE3
:10483000B4EEE77AF1EE10FA30DB97ED097AD7EDB6
:104840000D7A77EE676AD7ED057AB1EE007A27EE3A
:10485000877AC6EE877AC7ED037A97ED0E7AD7EDA1
:104860000C7A77EE276AD7ED057AB1EE007A27EE5B
:10487000877AC6EE877AC7ED047A97ED0A7AD7ED84
:10488000087A77EE276AD7ED057AB1EE007A27EE3F
:10489000877AC6EE877AC7ED067A4AE097ED067A00
:1048A000D7ED037AB4EEE77AF1EE10FA41DB97ED3B
:1048B000067AD7ED047AB4EEE77AF1EE10FA38DB37
:1048C00097ED067AD7ED057AB4EEE77AF1EE10FAB5
:1048D0002FDB97ED0E7AD7ED0C7A77EE676AD7ED7E
:1048E000067AB1EE007A27EE877AC6EE877AC7EDB0
:1048F000037A97ED097AD7ED0D7A77EE276AD7ED2F
:10490000067AB1EE007A27EE877AC6EE877AC7ED8F
:10491000047A97ED0A7AD7ED087A77EE276AD7ED11
:10492000067AB1EE007A27EE877AC6EE877AC7ED6F
:10493000057AD7ED037A9FED1A7A67EE877AFDEE56
:10494000E77A17EE902A3B681A60D7ED047A9FED5C
:10495000147A67EE877A3B680433FDEEE77A17EE48
:10496000902A1A60D7ED057A9FED0D7A67EE877A67
:104970003B680833FDEEE77A17EE902A1A60D7ED10
:10498000067A9FED077A67EE877A3B680C33FDEE77
:10499000E77A17EE902A1A6000BF4037BD4680BD07
:1049A0000000804E90B583B000AF786039607B68BE
:1049B00004331A687B6804331B6819461046FFF7F6
:1049C0004DFC04467B681A687B681B6819461046D4
:1049D000FFF744FC0346234403F140423B681A605E
:1049E0007B6804331A687B6808331B6819461046D5
:1049F000FFF734FC04467B680C331A687B681B683D
:104A000019461046FFF72AFC02463B680433A21AF7
:104A10001A607B6804331A687B680C331B6819467C
:104A20001046FFF71BFC04467B6808331A687B6856
:104A30001B6819461046FFF711FC02463B68083315
:104A400022441A607B6804331A687B6808331B6849
:104A500019461046FFF702FC04467B680C331A68BF
:104A60007B681B6819461046FFF7F8FB02463B6857
:104A70000C3322441A607B6808331A687B68083359
:104A80001B6819461046FFF7E9FB04467B681A6865
:104A90007B681B6819461046FFF7E0FB0346E218E7
:104AA0003B68103302F140421A607B6808331A6891
:104AB0007B680C331B6819461046FFF7CFFB044692
:104AC0007B6804331A687B681B6819461046FFF739
:104AD000C5FB02463B681433A21A1A607B68043394
:104AE0001A687B680C331B6819461046FFF7B6FB43
:104AF00004467B6808331A687B681B6819461046B1
:104B0000FFF7ACFB02463B681833A21A1A607B68B9
:104B100008331A687B680C331B6819461046FFF788
:104B20009DFB04467B6804331A687B681B68194642
:104B30001046FFF793FB02463B681C3322441A6081
:104B40007B680C331A687B680C331B681946104667
:104B5000FFF784FB04467B681A687B681B6819466C
:104B60001046FFF77BFB0346E2183B68203302F157
:104B700040421A6000BF0C37BD4690BD80B483B080
:104B800000AF786039607B681B16DAB23B681A7038
:104B90007B681A143B680133D2B21A707B681A1210
:104BA0003B680233D2B21A703B6803337A68D2B2E0
:104BB0001A703B6818460C37BD465DF8047B704799
:104BC00080B483B000AF03463960FB80B7F906308C
:104BD0001B121BB2DAB23B681A703B680133FA88C9
:104BE000D2B21A703B6818460C37BD465DF8047B9C
:104BF0007047000090B58BB000AF78607B68002BE9
:104C000001DC002380E0424BFB61424BBB614FF073
:104C1000C0437B6107F108023B1D1146184600F0B6
:104C20007BF8386100233B62BB68002B06DDBB6864
:104C3000002B03F00103B8BF5B423B62BA683B6ADA
:104C4000D31ABB607B6803F14043FB607C687B68E0
:104C5000F9681846FFF730FB03465B10E31A7B62E6
:104C60003B69012B34DDFB685A107B69D31A194666
:104C7000F868FFF721FB03461946F868FFF71CFBAD
:104C800003465B10FB60F968786AFFF715FB034683
:104C90005B107A6AD31A7B623B69032B18D1FB68DD
:104CA0005A107B69D31A1946F868FFF705FB0346CB
:104CB0001946F868FFF700FB03465B10FB60F968D4
:104CC000786AFFF7F9FA03465B107A6AD31A7B62B7
:104CD0003B6A002B04D0B969786AFFF7EDFA786275
:104CE000BB68002B06DDBB685B107A6A42FA03F3EF
:104CF0007B6208E0BB68B3F1FF3F04D1F969786AD1
:104D0000FFF7DAFA78627B6A18462C37BD4690BD09
:104D10009A79825ACD3C412D80B588B000AF786039
:104D20003960334BFB61334BBB61334B7B61334B9E
:104D30003B61334BFB60334BBB607B681B68BA69DC
:104D40009A4209DA7B681B685A107B681A603B68D4
:104D50004FF0FF321A602DE07B681B68FA699A42B7
:104D600025DD786800F050F802463B681A607B68E1
:104D70001B68BA699A420ADC7B681B685A107B6818
:104D80001A603B681B685A1E3B681A6012E07B6819
:104D90001B68FA699A420DDD7B681B685A007B68C4
:104DA0001A603B681B685A1C3B681A6002E03B684B
:104DB00000221A607B681B687A699A4204DC7B686F
:104DC0001B683A699A4201DA03230CE07B681B688E
:104DD000FA689A4204DC7B681B68BA689A4201DA76
:104DE000022300E0012318462037BD4680BD00BFE6
:104DF000FE855C2CFC0BB9589A9999396666664613
:104E0000F6285C3F0AD7A34080B485B000AF786035
:104E10000023FB607B681B68002B01D1002340E06E
:104E20007B681B68B3F5803F07D2FB681033FB60DB
:104E30007B681B681A047B681A607B681B68B3F187
:104E4000807F07D2FB680833FB607B681B681A020F
:104E50007B681A607B681B68B3F1805F07D2FB68D0
:104E60000433FB607B681B681A017B681A607B68EF
:104E70001B68B3F1804F07D2FB680233FB607B688D
:104E80001B689A007B681A607B681B68002B07DA36
:104E9000FB68013BFB607B681B685A087B681A60F3
:104EA000FB6818461437BD465DF8047B704790B523
:104EB00085B000AF786039600023FB607B681A68BA
:104EC0007B681B6819461046FFF7F6F90346C3F1E5
:104ED00080447B6804331A687B6804331B68194676
:104EE0001046FFF7E9F90346E41A7B6808331A68AD
:104EF0007B6808331B6819461046FFF7DDF9034647
:104F0000E31A1846FFF776FEF8603B68FA681A6005
:104F10003B6804337A6812681A607B681A1D3B6824
:104F2000083312681A607B6803F108023B680C338F
:104F300012681A60002318461437BD4690BD2DE94B
:104F4000B00385B000AF786039607968C8178846CB
:104F500081463968C8170C46054604FB09F008FB72
:104F600005F10144A8FB042319440B464FF000004F
:104F70004FF00001D00B40EA4340D9130346FB60D9
:104F8000FB6818461437BD46BDE8B003704780B5CE
:104F90008AB000AF786045F68223BB614FF440438E
:104FA0007B614BF272133B6145F6B903FB607B6892
:104FB000002B01DC00237DE00023FB617B687B622A
:104FC0007A6A3B699A420EDD00BF7A6A3B699A426F
:104FD00019DD7B6A002B00DA01335B107B62FB6911
:104FE000013BFB61F1E77A6AFB689A420DDA00BF88
:104FF0007A6AFB689A420ADA7B6A5B007B62FB6929
:105000000133FB61F4E700BF02E000BF00E000BF36
:105010007B6A5B10BB607A69BB68D31A7B62796A72
:10502000786AFFF78CFF03461946B868FFF787FFD9
:1050300002467B699B1A1946786AFFF780FF7862FF
:10504000796A786AFFF77BFF03461946B868FFF76D
:1050500076FF02467B699B1A1946786AFFF76FFF55
:105060007862FB6903F00103002B09D0FB695B1038
:105070000133FB61B969786AFFF761FF386204E0C8
:10508000FB695B10FB617B6A3B62FB69002B08DA02
:10509000FB69002BB8BF5B423A6A42FA03F33B62FA
:1050A00007E0FB69002B04DD3A6AFB6902FA03F3AF
:1050B0003B623B6A18462837BD4680BD80B584B048
:1050C00000AF78607B68002B03D10023FB60FB6896
:1050D00028E00023BB607B68002B04DA7B685B421E
:1050E0007B600123BB607B68B3F1804F0ADBBB6848
:1050F000002B03D04FF0FF33FB6001E00123FB6086
:10510000FB680FE07868FFF742FFF860F968F8681D
:10511000FFF715FFF860BB68002B02D0FB685B420D
:10512000FB60FB6818461037BD4680BD80B58AB06D
:1051300000AF786039603B68002BB8BF5B423B62D0
:105140007B68002BB8BF5B427B627A6A3B6A934202
:10515000B8BF1346FB6111E0FB69002B00DA013395
:105160005B10FB613B6A002B00DA01335B103B6292
:105170007B6A002B00DA01335B107B62FB69B3F5BD
:10518000005FE9DC3A6A7B6A9A4209DB386AFFF71A
:1051900095FF03461946786AFFF7D1FEB86108E02B
:1051A000786AFFF78BFF03461946386AFFF7C7FE98
:1051B000B861B969B869FFF7C2FE3861274BDB688F
:1051C00039691846FFF7BBFEF860244B9A68FB6804
:1051D000134439691846FFF7B2FEF8601F4B5A684E
:1051E000FB68134439691846FFF7A9FEF8601B4BAA
:1051F0001A68FB681344B9691846FFF7A0FE786186
:105200003A6A7B6A9A4209DA154B1B68002B00DA6E
:1052100001335B101A467B69D31A7B613B68002B14
:105220000EDA7B68002B05DA0D4B1B687A69D31AFE
:105230007B610BE00A4B1A687B69D31A7B6105E03E
:105240007B68002B02DA7B695B427B617B69BB6018
:10525000BB6818462837BD4680BD00BFD00000247B
:10526000E000002480B58AB000AF78600023FB61C5
:1052700002F05EFB5A4B1B68002B01D100F086F94F
:10528000584B1A687B681340002B40F090807B6875
:10529000002B1ED008227B6813447B607B6803F0E0
:1052A0000703002B15D07B6823F0070308337B60CE
:1052B0007B6803F00703002B0BD04FF0500383F300
:1052C0001188BFF36F8FBFF34F8F7B6100BF00BFAB
:1052D000FDE77B68002B6AD0434B1B687A689A42D3
:1052E00065D8424B3B62414B1B687B6204E07B6AA2
:1052F0003B627B6A1B687B627B6A5B687A689A4266
:1053000003D97B6A1B68002BF1D1354B1B687A6A85
:105310009A424CD03B6A1B6808221344FB617B6AAB
:105320001A683B6A1A607B6A5A687B68D21A08233B
:105330005B009A4220D97A6A7B681344BB61BB69DF
:1053400003F00703002B0BD04FF0500383F31188B9
:10535000BFF36F8FBFF34F8F3B6100BF00BFFDE70F
:105360007B6A5A687B68D21ABB695A607B6A7A6822
:105370005A60B86900F06CF91B4B1A687B6A5B686D
:10538000D31A194A1360184B1A68194B1B689A42B2
:1053900003D2154B1B68164A13607B6A5A68114B7F
:1053A0001B681A437B6A5A607B6A00221A6002F00B
:1053B000CDFAFB6903F00703002B0BD04FF050032D
:1053C00083F31188BFF36F8FBFF34F8FFB6000BF74
:1053D00000BFFDE7FB6918462837BD4680BD00BF0A
:1053E00038DA002444DA00243CDA002430DA0024DD
:1053F00040DA002480B586B000AF78607B687B61BE
:105400007B68002B4AD008235B427A6913447B6196
:105410007B693B613B695A68224B1B681340002B38
:105420000BD14FF0500383F31188BFF36F8FBFF39D
:105430004F8FFB6000BF00BFFDE73B691B68002B7F
:105440000BD04FF0500383F31188BFF36F8FBFF37E
:105450004F8FBB6000BF00BFFDE73B695A68114B2F
:105460001B681340002B19D03B691B68002B15D11A
:105470003B695A680B4B1B68DB431A403B695A6017
:1054800002F056FA3B695A68074B1B681344064AF8
:105490001360386900F0DCF802F058FA00BF1837E2
:1054A000BD4680BD44DA00243CDA002480B487B0D5
:1054B00000AF78607B687B6108235B427A691344A4
:1054C0007B617B693B613B695A68064B1B68DB4328
:1054D0001340FB60FB6818461C37BD465DF8047B33
:1054E000704700BF44DA002480B584B000AF786014
:1054F000396002F01DFA3868FFF7B4FEB860BB6887
:10550000002B17D07B68002B14D07868FFF7CEFFF4
:10551000034608229B1AFB603A68FB689A4201D254
:105520003B68FB60FA687968B86812F0D8FC786864
:10553000FFF760FF02F00AFABB6818461037BD4655
:1055400080BD80B586B000AF7860396002F0F0F9B8
:105550003B687A6802FB03F37B617869FFF782FEA0
:10556000F860FB683B6104E03B695A1C3A61002229
:105570001A707B695A1E7A61002BF5D102F0E6F9A8
:10558000FB6818461837BD4680BD000080B485B062
:1055900000AF4CF25033BB60274BFB60FB6803F05D
:1055A0000703002B0CD0FB680733FB60FB6823F07C
:1055B0000703FB60BA68FB68D31A1F4A1344BB6039
:1055C000FB687B601D4A7B6813601C4B00225A609D
:1055D0007B68BA681344FB600822FB689B1AFB6077
:1055E000FB6823F00703FB60FB68154A1360144B4C
:1055F0001B6800225A60124B1B6800221A607B68ED
:105600003B603B68FA68D21A3B685A600C4B1A68D8
:105610003B681A603B685B680A4A13603B685B68DA
:10562000094A1360094B4FF000421A6000BF14375B
:10563000BD465DF8047B7047E016002430DA002494
:1056400038DA002440DA00243CDA002444DA00246A
:1056500080B485B000AF7860284BFB6002E0FB6847
:105660001B68FB60FB681B687A689A42F7D8FB6886
:10567000BB60FB685B68BA6813447A689A4208D1D9
:10568000FB685A687B685B681A44FB685A60FB6871
:105690007B607B68BB607B685B68BA681A44FB68A8
:1056A0001B689A4218D1FB681A68154B1B689A420E
:1056B0000DD07B685A68FB681B685B681A447B687E
:1056C0005A60FB681B681A687B681A6008E00C4B1C
:1056D0001A687B681A6003E0FB681A687B681A60C6
:1056E000FA687B689A4202D0FB687A681A6000BF49
:1056F0001437BD465DF8047B704700BF30DA0024E4
:1057000038DA002480B584B000AF78607B68D3F8C5
:105710008C32FB604FF400620449F868F4F78CF9AE
:10572000012318461037BD4680BD00BF48DA00246B
:1057300080B584B000AF78607B68D3F88C32FB60B2
:10574000F868F4F7C5F9012318461037BD4680BD47
:1057500080B586B000AFF860B9607A603B60FB68E6
:10576000D3F88C327B617B69D3F88830202B18D139
:105770007B689BB21A46B9687869F4F7DDF803468E
:10578000FB7400BFFB7C002B04D17B69D3F888300D
:10579000202BF7D1FB7C002B01D17B6802E000239A
:1057A00000E0002318461837BD4680BD80B588B09C
:1057B00000AFF860B9607A603B60FB68D3F88C3268
:1057C0007B610023FB610023BB6172B600BF7B6974
:1057D000D3F880301B68594A934268D07B69D3F86C
:1057E00080301B68564A934261D07B69D3F8803081
:1057F0001B68544A93425AD07B69D3F880301B68A7
:10580000514A934253D07B69D3F880301B684F4A8A
:1058100093424CD07B69D3F880301B684C4A93424A
:1058200045D07B69D3F880301B684A4A93423ED00A
:105830007B69D3F880301B68474A934237D07B6935
:10584000D3F880301B68454A934230D07B69D3F847
:1058500080301B68424A934229D07B69D3F880305C
:105860001B68404A934222D07B69D3F880301B6882
:105870003D4A93421BD07B69D3F880301B683B4A7A
:10588000934214D07B69D3F880301B68384A934226
:105890000DD07B69D3F880301B68364A934206D01E
:1058A0007B69D3F880301B68334A934207D17B6908
:1058B000D3F880301B685B68C3F5006306E07B6942
:1058C000D3F880301B685B68C3F500632B4A136014
:1058D00062B600BFFB690133FB61012000F0D2FE1C
:1058E000274B1A68254B1B689A4217D1FA693B6807
:1058F0009A42FFF66AAF11E0214B1A68B968BB699A
:105900000B4420498A5C1A701D4B1B680133C3F39A
:105910000A031B4A1360BB690133BB61184B1A6849
:10592000164B1B689A4203D0BA697B689A42E3D34C
:10593000BB6918462037BD4680BD00BF100002403D
:10594000280002404000024058000240700002401F
:1059500088000240A0000240B8000240100402404B
:1059600028040240400402405804024070040240EF
:1059700088040240A0040240B80402404CE2002423
:1059800048E2002448DA002480B582B000AF786095
:1059900039600C4B1B681A467B6813441A46094B46
:1059A0001A60094B1B681A467B6813441A46064B5B
:1059B0001A607868FFF756FC034618460837BD465C
:1059C00080BD00BF50E2002454E2002480B582B0C4
:1059D00000AF786039607B68002B0CD07868FFF7E7
:1059E00065FD0346064A1268D31A1A46044B1A602C
:1059F0007868FFF7FFFC00BF0837BD4680BD00BFD9
:105A000054E2002480B584B000AFF860B9607A60D9
:105A1000154B1B681A46BB6813441A46124B1A6092
:105A2000124B1B681A46BB6813441A460F4B1A6088
:105A3000FB68002B04D1B868FFF714FC03460EE0A6
:105A4000F868FFF733FD0346084A1268D31A1A466E
:105A5000064B1A60B968F868FFF746FD034618461A
:105A60001037BD4680BD00BF50E2002454E2002440
:105A700080B584B000AFF860B9607A60FB68BA683E
:105A800002FB03F30C4A126813441A460A4B1A60CD
:105A9000FB68BA6802FB03F3084A126813441A460B
:105AA000064B1A60B968F868FFF74BFD03461846C5
:105AB0001037BD4680BD00BF50E2002454E20024F0
:105AC0002DE9B04386B000AFC7E902017A60002338
:105AD0007B61D7E9020120A3D3E90023EAF724FE82
:105AE00002460B467968C1E90023D7E902011AA3EF
:105AF000D3E90023EAF718FE7B689A607B689B680D
:105B0000002B20DA7B689B68114A82FB0312121774
:105B1000DB17D31A01337B617B68D3E900237969F2
:105B2000C8170C460546B2EB040863EB05097B6811
:105B3000C3E900897B689A687B69064901FB03F326
:105B40001A447B689A6000BF1837BD46BDE8B08331
:105B5000A12FB84400CA9A3B00CA9A3B000000003B
:105B60002DE9B04F8EB000AF7862396207F128029C
:105B70000023136053604FF000024FF00003C7E9A9
:105B80000C2307F12803184602F064F9BB6ADA1700
:105B9000BB61FA614FF000024FF00003B9690B00DE
:105BA0000022C7E90C23FB6A00221C461546D7E9F0
:105BB0000C231119B9606B41FB60D7E90234C7E9C6
:105BC0000C34D7E90C0102460B464FF000044FF0AD
:105BD00000055D0145EAD265540122462B46B2EB31
:105BE000000863EB01094FF000024FF000034FEA99
:105BF000492343EAD8534FEA48229046994618EB86
:105C0000000A49EB010B4FF000024FF000034FEA8E
:105C10008B1343EA9A634FEA8A12B2EB0A043C60A0
:105C200063EB0B037B60D7E9004523461B183B6100
:105C30002B4641EB03037B613A6AD7E90401FFF786
:105C40003FFF002318463837BD46BDE8B08F80B40B
:105C500083B000AF78607B68002B01D1002300E0A7
:105C6000012318460C37BD465DF8047B704780B4AD
:105C700083B000AF78607B68002B0C37BD465DF8C1
:105C8000047B704780B582B000AF78600B46FB7034
:105C90007868FFF7DCFF00BF0837BD4680BD80B5E0
:105CA00082B000AF78607868FFF7E1FF00BF083787
:105CB000BD4680BD80B400AF064B1B68002B03D1EE
:105CC000054B1B68034A1360024B1846BD465DF83E
:105CD000047B70475C0100243006002480B483B04C
:105CE00000AF78607B68002B01D100231BE079684E
:105CF0004FF000024FF00003C1E9002379684FF034
:105D000000024FF00003C1E9022379684FF000025E
:105D10004FF00003C1E9042379684FF00002054BFE
:105D2000C1E90623012318460C37BD465DF8047B04
:105D3000704700BF0000F03F80B483B000AF7860D0
:105D40007B68002B0C37BD465DF8047B704780B53F
:105D500082B000AF78600B46FB707868FFF7BEFF3B
:105D600000BF0837BD4680BD80B582B000AF786007
:105D70007868FFF7E1FF00BF0837BD4680BD00002F
:105D800080B400AF064B1B68002B03D1054B1B688A
:105D9000034A1360024B1846BD465DF8047B70470A
:105DA000580200243006002480B483B000AF78602D
:105DB0007B68002B01D1002300E0012318460C373B
:105DC000BD465DF8047B704780B483B000AF786057
:105DD0007B68002B0C37BD465DF8047B704780B5AF
:105DE00082B000AF78600B46FB707868FFF7DCFF8D
:105DF00000BF0837BD4680BD80B582B000AF786077
:105E00007868FFF7E1FF00BF0837BD4680BD00009E
:105E100080B400AF064B1B68002B03D1054B1B68F9
:105E2000034A1360024B1846BD465DF8047B704779
:105E3000180300243006002480B582B000AF7860DB
:105E40007B68002B01D100233FE07B68184600F0FF
:105E500087FA034683F00103DBB2002B04D0786895
:105E600000F037F8002330E07B6818331846FFF75E
:105E700035FF034683F00103DBB2002B04D07868C2
:105E800000F027F8002320E07B6880331846FFF7F6
:105E90008BFF034683F00103DBB2002B04D078684C
:105EA00000F017F8002310E07B68E0331846FFF796
:105EB0007BFF034683F00103DBB2002B04D078683C
:105EC00000F007F8002300E0012318460837BD461C
:105ED00080BD80B582B000AF78607B68002B13D0A6
:105EE0007B68184600F069FA7B6818331846FFF79C
:105EF00023FF7B6880331846FFF766FF7B68E0333B
:105F00001846FFF761FF00E000BF0837BD4680BDBF
:105F100080B582B000AF78600B46FB707868FFF701
:105F20008BFF00BF0837BD4680BD80B582B000AF93
:105F300078607868FFF7CDFF00BF0837BD4680BDA9
:105F400080B483B000AF7860092318460C37BD4693
:105F50005DF8047B704780B485B000AF786039602D
:105F60007B68FB603B68DB00FA6813441846143713
:105F7000BD465DF8047B704780B485B000AF7860A3
:105F800039607B68FB603B68DB00FA6813441846A5
:105F90001437BD465DF8047B704780B586B000AF0E
:105FA000F860B9607A60B968F868FFF7D4FF786183
:105FB0007B683B617B69D3E900233969C1E9002330
:105FC00000BF1837BD4680BD80B586B000AFF86011
:105FD000B9607A60B968F868FFF7CEFF78617B68CE
:105FE0003B613B69D3E900237969C1E9002300BF24
:105FF0001837BD4680BD80B483B000AF78600923F8
:1060000018460C37BD465DF8047B704780B485B0F8
:1060100000AF786039607B68FB603B68DB00FA6842
:10602000134418461437BD465DF8047B704780B4AE
:1060300085B000AF786039607B68FB603B68DB004F
:10604000FA68134418461437BD465DF8047B704760
:1060500080B586B000AFF860B9607A60B968F8685A
:10606000FFF7D4FF78617B683B617B69D3E900234C
:106070003969C1E9002300BF1837BD4680BD80B52E
:1060800086B000AFF860B9607A60B968F868FFF769
:10609000CEFF78617B683B613B69D3E90023796976
:1060A000C1E9002300BF1837BD4680BD80B483B06E
:1060B00000AF7860092318460C37BD465DF8047BB5
:1060C000704780B485B000AF786039607B68FB6052
:1060D0003B68DB00FA68134418461437BD465DF888
:1060E000047B704780B485B000AF786039607B680E
:1060F000FB603B68DB00FA68134418461437BD4662
:106100005DF8047B704780B586B000AFF860B96079
:106110007A60B968F868FFF7D4FF78617B683B6103
:106120007B69D3E900233969C1E9002300BF18372F
:10613000BD4680BD80B586B000AFF860B9607A60BA
:10614000B968F868FFF7CEFF78617B683B613B690F
:10615000D3E900237969C1E9002300BF1837BD46A0
:1061600080BD000080B500AF00F054F903460F4A2F
:10617000D360FFF705FE03460C4A9364FFF748FE21
:1061800003460A4AC2F8C030FFF742FE0346074AF8
:10619000C2F83831064B1B68002B03D1054B1B6836
:1061A000034A1360024B184680BD00BF240300243D
:1061B000C80400243006002480B582B000AF7860A7
:1061C0007B68002B01D100231FE07B68184600F09C
:1061D000C7F8034683F00103DBB2002B04D07868D4
:1061E00000F017F8002310E07B6818331846FFF71B
:1061F000DBFD034683F00103DBB2002B04D078689B
:1062000000F007F8002300E0012318460837BD46D8
:1062100080BD80B582B000AF78607B68002B09D06C
:106220007B68184600F0C9F87B6818331846FFF7FA
:10623000CBFD00E000BF0837BD4680BD80B582B011
:1062400000AF78600B46FB707868FFF7B5FF00BFC2
:106250000837BD4680BD80B582B000AF78607868F1
:10626000FFF7D7FF00BF0837BD4680BD80B483B0BD
:1062700000AF7860092318460C37BD465DF8047BF3
:10628000704780B485B000AF786039607B68FB6090
:106290003B68DB00FA68134418461437BD465DF8C6
:1062A000047B704780B485B000AF786039607B684C
:1062B000FB603B68DB00FA68134418461437BD46A0
:1062C0005DF8047B704780B586B000AFF860B960B8
:1062D0007A60B968F868FFF7D4FF78617B683B6142
:1062E0007B69D3E900233969C1E9002300BF18376E
:1062F000BD4680BD80B586B000AFF860B9607A60F9
:10630000B968F868FFF7CEFF78617B683B613B694D
:10631000D3E900237969C1E9002300BF1837BD46DE
:1063200080BD000080B500AF00F074F80346094A54
:10633000D360FFF76DFD0346064A9364064B1B6866
:10634000002B03D1054B1B68034A1360024B184610
:1063500080BD00BFD404002488050024300600243A
:1063600080B582B000AF78607B68002B01D100233C
:106370001FE07B681846FFF76AFC034683F00103C1
:10638000DBB2002B04D0786800F017F8002310E08F
:106390007B680833184608F0B3FC034683F001031A
:1063A000DBB2002B04D0786800F007F8002300E08F
:1063B000012318460837BD4680BD80B582B000AFC6
:1063C00078607B68002B09D07B681846FFF74FFC8C
:1063D0007B680833184608F0A9FC00E000BF0837C6
:1063E000BD4680BD80B582B000AF78600B46FB70C3
:1063F0007868FFF7B5FF00BF0837BD4680BD80B5A0
:1064000082B000AF78607868FFF7D7FF00BF083729
:10641000BD4680BD80B500AFFFF74CFC0346064A81
:10642000D360064B1B68002B03D1054B1B68034A46
:106430001360024B184680BD940500240C0600240E
:106440003006002480B483B000AF03463960FB807F
:10645000B7F90630002B0ADB3B68DAB20C49B7F912
:1064600006301201D2B20B4483F800230AE03B68E5
:10647000DAB20849FB8803F00F03043B1201D2B2E1
:106480000B441A7600BF0C37BD465DF8047B70479D
:1064900000E100E000ED00E080B500AF054B1B68B7
:1064A00001F062FE0346012B01D002F05DFC00BF4B
:1064B00080BD00BF10E000E080B500AF00216FF0AC
:1064C0000400FFF7BFFF00BF80BD000080B483B0B1
:1064D00000AFEFF305833B603B68002B03D06FF008
:1064E00005037B600CE00A4B1B68002B05D1084BB1
:1064F00001221A6000237B6002E04FF0FF337B60D3
:106500007B6818460C37BD465DF8047B704700BFBA
:1065100058E2002480B582B000AFEFF305833B6002
:106520003B68002B03D06FF005037B6010E00B4B42
:106530001B68012B09D1FFF7BFFF084B02221A602D
:1065400001F086F900237B6002E04FF0FF337B60AF
:106550007B6818460837BD4680BD00BF58E200245E
:1065600080B58EB004AFF860B9607A6000233B61FB
:10657000EFF305837B617B69002B7ED1FB68002BE9
:106580007BD080233B621823FB6100237B624FF0AA
:10659000FF33BB617B68002B45D07B681B68002BF9
:1065A00002D07B681B687B627B689B69002B02D0F2
:1065B0007B689B69FB61FB69002B08D0FB69382B6A
:1065C00005D87B685B6803F00103002B01D0002332
:1065D00054E07B685B69002B03D07B685B699B0898
:1065E0003B627B689B68002B0ED07B68DB68A72B27
:1065F0000AD97B681B69002B06D07B685B69002B7E
:1066000002D00123BB6110E07B689B68002B0CD19A
:106610007B68DB68002B08D17B681B69002B04D1E9
:106620000023BB6101E00023BB61BB69012B10D1DA
:106630007B681B697A68926802920193FB690093F8
:10664000BB683A6A796AF86800F01AFE03463B6153
:1066500013E0BB69002B10D13B6A9AB207F110031B
:106660000193FB690093BB68796AF86800F068FEE3
:106670000346012B01D000233B613B6918462837B4
:10668000BD4680BD80B584B000AF7860EFF3058370
:10669000BB60BB68002B03D06FF00503FB6007E015
:1066A0000023FB607B68002B02D0786801F09AF829
:1066B000FB6818461037BD4680BD000080B485B029
:1066C00000AFF860B9607A60FB68074A1A60BB687F
:1066D000064A1A607B6880221A6000BF1437BD46E4
:1066E0005DF8047B704700BF5CE2002404E30024F3
:1066F00080B485B000AFF860B9607A60FB68074A83
:106700001A60BB68064A1A607B684FF480721A6090
:1067100000BF1437BD465DF8047B704704E50024D4
:10672000ACE5002480B483B000AF78607B6803F1EF
:1067300008027B685A607B684FF0FF329A607B6882
:1067400003F108027B68DA607B6803F108027B686A
:106750001A617B6800221A6000BF0C37BD465DF8E5
:10676000047B704780B483B000AF78607B68002200
:106770001A6100BF0C37BD465DF8047B704780B4DA
:1067800085B000AF786039607B685B68FB603B6810
:10679000FA685A60FB689A683B689A60FB689B6875
:1067A0003A685A60FB683A689A603B687A681A618E
:1067B0007B681B685A1C7B681A6000BF1437BD4693
:1067C0005DF8047B704780B485B000AF78603960B5
:1067D0003B681B68BB60BB68B3F1FF3F03D17B68BC
:1067E0001B69FB600CE07B680833FB6002E0FB6820
:1067F0005B68FB60FB685B681B68BA689A42F6D20C
:10680000FB685A683B685A603B685B683A689A6004
:106810003B68FA689A60FB683A685A603B687A6835
:106820001A617B681B685A1C7B681A6000BF1437AA
:10683000BD465DF8047B704780B485B000AF7860DA
:106840007B681B69FB607B685B687A6892689A600A
:106850007B689B687A6852685A60FB685B687A68F4
:106860009A4203D17B689A68FB685A607B68002271
:106870001A61FB681B685A1EFB681A60FB681B687C
:1068800018461437BD465DF8047B704780B584B068
:1068900000AF786039607B68FB60FB68002B0BD130
:1068A0004FF0500383F31188BFF36F8FBFF34F8F07
:1068B000BB6000BF00BFFDE702F0C6F9FB681A68C5
:1068C000FB68DB6BF968096C01FB03F31A44FB6896
:1068D0009A60FB6800229A63FB681A68FB685A603A
:1068E000FB681A68FB68DB6B013BF968096C01FB0C
:1068F00003F31A44FB68DA60FB68FF2283F8442044
:10690000FB68FF2283F845203B68002B14D1FB680D
:106910001B69002B1AD0FB681033184601F036FAB9
:106920000346002B12D00D4B4FF080521A60BFF37C
:106930004F8FBFF36F8F09E0FB6810331846FFF7E6
:10694000F1FEFB6824331846FFF7ECFE02F0AEF9C7
:10695000012318461037BD4680BD00BF04ED00E09E
:1069600080B58EB002AFF860B9607A603B60FB68BA
:10697000002B0BD14FF0500383F31188BFF36F8FBF
:10698000BFF34F8FBB6200BF00BFFDE73B68002B2A
:106990000BD14FF0500383F31188BFF36F8FBFF318
:1069A0004F8F7B6200BF00BFFDE77B68002B02D0EA
:1069B000BB68002B01D0012300E00023002B0BD18A
:1069C0004FF0500383F31188BFF36F8FBFF34F8FE6
:1069D0003B6200BF00BFFDE77B68002B02D1BB68B4
:1069E000002B01D1012300E00023002B0BD14FF03D
:1069F000500383F31188BFF36F8FBFF34F8FFB6199
:106A000000BF00BFFDE750237B617B69502B0BD09B
:106A10004FF0500383F31188BFF36F8FBFF34F8F95
:106A2000BB6100BF00BFFDE77B693B68FB62FB6A9F
:106A3000002B0DD0FB6A012283F8462097F83820FE
:106A4000FB6A009313467A68B968F86800F005F8A5
:106A5000FB6A18463037BD4680BD80B584B000AFB4
:106A6000F860B9607A60FB70BB68002B03D1BB692A
:106A7000BA691A6002E0BB697A681A60BB69FA6891
:106A8000DA63BB69BA681A640121B869FFF7FEFED0
:106A9000BB69FA7883F84C2000BF1037BD4680BD33
:106AA00080B58EB000AFF860B9607A603B600023BB
:106AB0007B63FB683B633B6B002B0BD14FF05003B8
:106AC00083F31188BFF36F8FBFF34F8FBB6200BF9B
:106AD00000BFFDE7BB68002B03D13B6B1B6C002B99
:106AE00001D1012300E00023002B0BD14FF0500314
:106AF00083F31188BFF36F8FBFF34F8F7B6200BFAB
:106B000000BFFDE73B68022B03D13B6BDB6B012B26
:106B100001D1012300E00023002B0BD14FF05003E3
:106B200083F31188BFF36F8FBFF34F8F3B6200BFBA
:106B300000BFFDE701F018FB0346002B02D17B6884
:106B4000002B01D1012300E00023002B0BD14FF0DB
:106B5000500383F31188BFF36F8FBFF34F8FFB6137
:106B600000BF00BFFDE702F06FF83B6B9A6B3B6B19
:106B7000DB6B9A4202D33B68022B29D13A68B96891
:106B8000386B00F00FFAF8623B6B5B6A002B10D099
:106B90003B6B2433184601F0F9F80346002B13D061
:106BA0003F4B4FF080521A60BFF34F8FBFF36F8F90
:106BB0000AE0FB6A002B07D0394B4FF080521A6075
:106BC000BFF34F8FBFF36F8F02F070F8012363E0C4
:106BD0007B68002B03D102F069F800235CE07B6B3B
:106BE000002B06D107F11403184601F05BF90123CD
:106BF0007B6302F05BF800F09BFE02F025F83B6B34
:106C000093F844305BB2B3F1FF3F03D13B6B0022FA
:106C100083F844203B6B93F845305BB2B3F1FF3F00
:106C200003D13B6B002283F8452002F03FF83A1D68
:106C300007F114031146184601F04AF90346002BE8
:106C400024D1386B00F0A6FA0346002B18D03B6B1A
:106C500010337A681146184601F046F8386B00F098
:106C600031FA00F073FE0346002B7FF47CAF0C4B2F
:106C70004FF080521A60BFF34F8FBFF36F8F72E7F0
:106C8000386B00F01FFA00F061FE6CE7386B00F023
:106C900019FA00F05BFE002318463837BD4680BD68
:106CA00004ED00E080B590B000AFF860B9607A60A4
:106CB0003B60FB68BB63BB6B002B0BD14FF05003F9
:106CC00083F31188BFF36F8FBFF34F8FBB6200BF99
:106CD00000BFFDE7BB68002B03D1BB6B1B6C002B17
:106CE00001D1012300E00023002B0BD14FF0500312
:106CF00083F31188BFF36F8FBFF34F8F7B6200BFA9
:106D000000BFFDE73B68022B03D1BB6BDB6B012BA4
:106D100001D1012300E00023002B0BD14FF05003E1
:106D200083F31188BFF36F8FBFF34F8F3B6200BFB8
:106D300000BFFDE702F068F8EFF311824FF0500357
:106D400083F31188BFF36F8FBFF34F8FFA61BB617D
:106D5000FB697B63BB6B9A6BBB6BDB6B9A4202D3A9
:106D60003B68022B2FD1BB6B93F8453087F833304B
:106D7000BB6B9B6BFB623A68B968B86B00F012F9A9
:106D800097F93330B3F1FF3F12D1BB6B5B6A002B35
:106D900016D0BB6B2433184600F0F8FF0346002BD7
:106DA0000ED07B68002B0BD07B6801221A6007E0B5
:106DB00097F833300133DBB25AB2BB6B83F845200E
:106DC0000123FB6301E00023FB637B6B7B617B6939
:106DD00083F3118800BFFB6B18464037BD4680BD6A
:106DE00080B58CB000AFF860B9607A600023FB62B8
:106DF000FB68BB62BB6A002B0BD14FF0500383F3DF
:106E00001188BFF36F8FBFF34F8F3B6200BF00BF8E
:106E1000FDE7BB68002B03D1BB6A1B6C002B01D1C3
:106E2000012300E00023002B0BD14FF0500383F32C
:106E30001188BFF36F8FBFF34F8FFB6100BF00BF9F
:106E4000FDE701F091F90346002B02D17B68002B8E
:106E500001D1012300E00023002B0BD14FF05003A0
:106E600083F31188BFF36F8FBFF34F8FBB6100BFF8
:106E700000BFFDE701F0E8FEBB6A9B6B7B627B6AAB
:106E8000002B1FD0B968B86A00F0F6F87B6A5A1E6A
:106E9000BB6A9A63BB6A1B69002B0FD0BB6A1033B5
:106EA000184600F073FF0346002B07D03C4B4FF011
:106EB00080521A60BFF34F8FBFF36F8F01F0F6FE61
:106EC000012369E07B68002B03D101F0EFFE002372
:106ED00062E0FB6A002B06D107F11003184600F0B0
:106EE000E1FF0123FB6201F0E1FE00F021FD01F072
:106EF000ABFEBB6A93F844305BB2B3F1FF3F03D102
:106F0000BB6A002283F84420BB6A93F845305BB229
:106F1000B3F1FF3F03D1BB6A002283F8452001F0A3
:106F2000C5FE3A1D07F110031146184600F0D0FFC8
:106F30000346002B23D1B86A00F016F90346002B54
:106F400017D0BB6A24337A681146184600F0CCFE8D
:106F5000B86A00F0B7F800F0F9FC0346002B89D1BD
:106F60000F4B4FF080521A60BFF34F8FBFF36F8FFC
:106F700080E7B86A00F0A6F800F0E8FC7AE7B86AA3
:106F800000F0A0F800F0E2FCB86A00F0EDF803466B
:106F9000002B3FF46FAF002318463037BD4680BD4D
:106FA00004ED00E080B586B000AFF860B9607A60AB
:106FB00000237B61FB689B6B3B61FB681B6C002BB8
:106FC0000DD1FB681B68002B4DD1FB689B681846F0
:106FD00001F0E8F87861FB6800229A6043E07B6882
:106FE000002B19D1FB685868FB681B6C1A46B968FE
:106FF00010F075FFFB685A68FB681B6C1A44FB684D
:107000005A60FB685A68FB689B689A422BD3FB68FE
:107010001A68FB685A6026E0FB68D868FB681B6C3E
:107020001A46B96810F05BFFFB68DA68FB681B6CF6
:107030005B421A44FB68DA60FB68DA68FB681B682D
:107040009A4207D2FB689A68FB681B6C5B421A4441
:10705000FB68DA607B68022B05D13B69002B02D00C
:107060003B69013B3B613B695A1CFB689A637B6946
:1070700018461837BD4680BD80B582B000AF786035
:1070800039607B681B6C002B18D07B68DA687B68E2
:107090001B6C1A447B68DA607B68DA687B689B68E3
:1070A0009A4203D37B681A687B68DA607B68D96888
:1070B0007B681B6C1A46386810F011FF00BF083758
:1070C000BD4680BD80B584B000AF786001F0BCFDE6
:1070D0007B6893F84530FB7311E07B685B6A002B9B
:1070E00012D07B682433184600F050FE0346002B74
:1070F00001D000F051FFFB7B013BDBB2FB7397F942
:107100000F30002BE9DC00E000BF7B68FF2283F832
:10711000452001F0CBFD01F097FD7B6893F84430EA
:10712000BB7311E07B681B69002B12D07B681033A6
:10713000184600F02BFE0346002B01D000F02CFF78
:10714000BB7B013BDBB2BB7397F90E30002BE9DC54
:1071500000E000BF7B68FF2283F8442001F0A6FD19
:1071600000BF1037BD4680BD80B584B000AF7860E9
:1071700001F06AFD7B689B6B002B02D10123FB6051
:1071800001E00023FB6001F091FDFB681846103719
:10719000BD4680BD80B584B000AF786001F054FD7D
:1071A0007B689A6B7B68DB6B9A4202D10123FB60A0
:1071B00001E00023FB6001F079FDFB681846103701
:1071C000BD4680BD80B485B000AF786039600023D3
:1071D000FB6014E00F4AFB6852F83330002B0BD1F0
:1071E0000C49FB683A6841F833200A4AFB68DB0027
:1071F00013447A685A6006E0FB680133FB60FB6861
:10720000072BE7D900BF00BF1437BD465DF8047BEC
:10721000704700BFACE9002480B586B000AFF860CD
:10722000B9607A60FB687B6101F00EFD7B6993F8C1
:1072300044305BB2B3F1FF3F03D17B69002283F896
:1072400044207B6993F845305BB2B3F1FF3F03D133
:107250007B69002283F8452001F028FD7B699B6B48
:10726000002B06D17B6924337A68B968184600F090
:1072700061FD7869FFF726FF00BF1837BD4680BD66
:1072800080B58EB004AFF860B9607A603B607B6B0C
:10729000002B0BD14FF0500383F31188BFF36F8F96
:1072A000BFF34F8F3B6200BF00BFFDE7BB6B002BFE
:1072B0000BD14FF0500383F31188BFF36F8FBFF3EF
:1072C0004F8FFB6100BF00BFFDE7A8233B613B6917
:1072D000A82B0BD04FF0500383F31188BFF36F8FAF
:1072E000BFF34F8FBB6100BF00BFFDE73B69BB6BC6
:1072F000002B1ED07B6B002B1BD0BB6B7B627B6A91
:107300007A6B1A637B6A022283F8A5200023039319
:107310007B6A029307F1140301933B6B00933B6874
:107320007A68B968F86800F051F8786A00F0F6F801
:1073300001E000237B617B6918462837BD4680BD8C
:1073400080B58CB004AFF860B9603B601346FB8039
:10735000FB889B00184601F099FD78617B69002B42
:107360000ED0A82001F092FDF861FB69002B03D03C
:10737000FB697A691A6305E0786901F055FE01E05E
:107380000023FB61FB69002B17D0FB69002283F807
:10739000A520FA8800230393FB690293FB6A0193FB
:1073A000BB6A00933B68B968F86800F00FF8F869A9
:1073B00000F0B4F80123BB6102E04FF0FF33BB6182
:1073C000BB6918462037BD4680BD000080B588B037
:1073D00000AFF860B9607A603B603B6B186B7B680C
:1073E0009B001A46A52110F057FC3B6B1A6B79687D
:1073F0006FF040430B449B001344BB61BB6923F017
:107400000703BB61BB6903F00703002B0BD04FF0F0
:10741000500383F31188BFF36F8FBFF34F8F7B61EE
:1074200000BF00BFFDE7BB68002B1FD00023FB613E
:1074300012E0BA68FB69134419783A6BFB6913448C
:1074400034330A461A70BA68FB6913441B78002B60
:1074500006D0FB690133FB61FB690F2BE9D900E022
:1074600000BF3B6B002283F8432003E03B6B00220C
:1074700083F83420BB6A372B01D93723BB623B6BBF
:10748000BA6ADA623B6BBA6ADA643B6B00221A654D
:107490003B6B04331846FFF765F93B6B183318460E
:1074A000FFF760F93B6B3A6B1A61BB6AC3F13802B4
:1074B0003B6B9A613B6B3A6B5A623B6B0022C3F8A1
:1074C000A0203B6B002283F8A4203B6B54334C225A
:1074D0000021184610F0E0FB3B6B0D4A9A653B6BB0
:1074E0000C4ADA653B6B0C4A1A663A68F968B86967
:1074F00001F076FA02463B6B1A60FB6A002B02D061
:10750000FB6A3A6B1A6000BF2037BD4680BD00BFE2
:10751000400C0224A80C0224100D022480B582B075
:1075200000AF786001F090FB2D4B1B6801332C4AB3
:1075300013602C4B1B68002B09D12A4A7B6813600F
:10754000274B1B68012B10D100F04AFD0DE0264BA4
:107550001B68002B09D1234B1B68DA6A7B68DB6A46
:107560009A4202D81F4A7B681360204B1B68013384
:107570001E4A13601D4B1A687B685A647B68DA6A7E
:107580001B4B1B689A4203D97B68DB6A184A13605D
:107590007B68DA6A13469B0013449B00154A1A4421
:1075A0007B68043319461046FFF7E9F801F07EFBCB
:1075B0000D4B1B68002B0ED00A4B1B68DA6A7B68E8
:1075C000DB6A9A4207D20C4B4FF080521A60BFF32D
:1075D0004F8FBFF36F8F00BF0837BD4680BD00BF20
:1075E000C0EE0024ECE90024CCEE0024DCEE002404
:1075F000C8EE0024F0E9002404ED00E080B584B07A
:1076000000AF786001F020FB7B68002B02D12D4B8E
:107610001B6800E07B68FB60FB6804331846FFF7DB
:107620000BF9FB689B6A002B04D0FB6818331846E3
:10763000FFF702F9244B1B680133234A1360214BE7
:107640001B68FA689A420BD1FB68043319461F483D
:10765000FFF795F81E4B1B6801331D4A136009E0C4
:107660001C4B1B68013B1B4A1360F86800F026FDA9
:1076700000F05AFD01F01AFB174B1B68002B1CD0C1
:10768000104B1B68FA689A4217D1144B1B68002BE9
:107690000BD04FF0500383F31188BFF36F8FBFF30C
:1076A0004F8FBB6000BF00BFFDE70D4B4FF0805216
:1076B0001A60BFF34F8FBFF36F8F00BF1037BD4607
:1076C00080BD00BFECE90024DCEE002494EE002431
:1076D000A8EE0024C0EE0024CCEE0024E8EE002446
:1076E00004ED00E080B58AB000AF78603960002317
:1076F0007B627B68002B0BD14FF0500383F3118822
:10770000BFF36F8FBFF34F8F7B6100BF00BFFDE7FB
:107710003B68002B0BD14FF0500383F31188BFF36C
:107720006F8FBFF34F8F3B6100BF00BFFDE72A4B58
:107730001B68002B0BD04FF0500383F31188BFF36D
:107740006F8FBFF34F8FFB6000BF00BFFDE700F0FE
:10775000EFF8224B1B683B627B681B683A68134456
:10776000FB617B681B683A6A9A420BD27B681B6894
:10777000FA699A4211D2FA693B6A9A420DD90123F9
:107780007B620AE07B681B68FA699A4203D3FA6954
:107790003B6A9A4201D901237B627B68FA691A60CD
:1077A0007B6A002B06D0FA693B6AD31A002118467F
:1077B00000F068FD00F0CAF8B861BB69002B07D182
:1077C000074B4FF080521A60BFF34F8FBFF36F8F9C
:1077D00000BF2837BD4680BDE8EE0024C4EE00247B
:1077E00004ED00E080B584B000AF78600023FB605A
:1077F0007B68002B18D0144B1B68002B0BD04FF06C
:10780000500383F31188BFF36F8FBFF34F8FBB60BB
:1078100000BF00BFFDE700F08BF80021786800F0A2
:1078200031FD00F093F8F860FB68002B07D1074B9F
:107830004FF080521A60BFF34F8FBFF36F8F00BFBE
:107840001037BD4680BD00BFE8EE002404ED00E027
:1078500080B58AB004AF0023BB6000237B603A464A
:10786000391D07F108031846FEF728FF39687B68C1
:10787000BA68029201930023009300230A46244928
:107880002448FFF7FDFC0346234A1360224B1B6884
:10789000002B02D001237B6101E000237B617B6927
:1078A000012B02D100F042FD78617B69012B1BD1D5
:1078B0004FF0500383F31188BFF36F8FBFF34F8FE7
:1078C0003B6100BF154B1B685433154A1360154BC1
:1078D0004FF0FF321A60144B01221A60134B002242
:1078E0001A6001F00DF90FE07B69B3F1FF3F0BD196
:1078F0004FF0500383F31188BFF36F8FBFF34F8FA7
:10790000FB6000BF00BFFDE700BF1837BD4680BD6C
:10791000B0B70208B17F0108E4EE0024ECE90024CE
:107920005C070024E0EE0024CCEE0024C4EE00242A
:1079300080B400AF044B1B680133034A136000BFDF
:10794000BD465DF8047B7047E8EE002480B584B046
:1079500000AF0023FB600023BB60424B1B68002B81
:107960000BD14FF0500383F31188BFF36F8FBFF338
:107970004F8F3B6000BF00BFFDE701F065F9394B59
:107980001B68013B374A1360364B1B68002B62D1E2
:10799000354B1B68002B5ED02FE0344BDB68DB6877
:1079A000FB60FB6818331846FEF746FFFB6804339C
:1079B0001846FEF741FFFB68DA6A2D4B1B689A42B6
:1079C00003D9FB68DB6A2A4A1360FB68DA6A13464C
:1079D0009B0013449B00274A1A44FB680433194652
:1079E0001046FEF7CCFEFB68DA6A234B1B68DB6AA5
:1079F0009A4202D3214B01221A601C4B1B68002BB8
:107A0000CBD1FB68002B01D000F08EFB1C4B1B6818
:107A10007B607B68002B10D000F046F80346002BFB
:107A200002D0164B01221A607B68013B7B607B68A9
:107A3000002BF1D1124B00221A60104B1B68002B57
:107A400009D00123BB600F4B4FF080521A60BFF387
:107A50004F8FBFF36F8F01F029F9BB6818461037BD
:107A6000BD4680BDE8EE0024C0EE002480EE002478
:107A7000C8EE0024F0E90024ECE90024D4EE002450
:107A8000D0EE002404ED00E080B483B000AF054BDD
:107A90001B687B607B6818460C37BD465DF8047B2D
:107AA000704700BFC4EE002480B586B000AF00234D
:107AB0007B614F4B1B68002B40F090804D4B1B6847
:107AC00001333B614B4A3B6913603B69002B21D179
:107AD000494B1B681B68002B0BD04FF0500383F3FE
:107AE0001188BFF36F8FBFF34F8F3B6000BF00BFA4
:107AF000FDE7414B1B68FB60404B1B683E4A13602F
:107B00003E4AFB6813603E4B1B6801333C4A1360DE
:107B100000F00AFB3B4B1B683A699A4249D3364B4B
:107B20001B681B68002B04D1364B4FF0FF321A60E4
:107B30003FE0314B1B68DB68DB68BB60BB685B68A0
:107B40007B603A697B689A4203D22E4A7B68136055
:107B50002FE0BB6804331846FEF76EFEBB689B6AD5
:107B6000002B04D0BB6818331846FEF765FEBB68CF
:107B7000DA6A254B1B689A4203D9BB68DB6A224A42
:107B80001360BB68DA6A13469B0013449B001F4ACC
:107B90001A44BB68043319461046FEF7F0FDBB6873
:107BA000DA6A1B4B1B68DB6A9A42B8D301237B61FC
:107BB000B5E7174B1B68DA6A144913469B00134458
:107BC0009B000B441B68012B01D901237B61114BE6
:107BD0001B68002B07D001237B6104E00E4B1B6860
:107BE00001330D4A13607B6918461837BD4680BDC6
:107BF000E8EE0024C4EE002478EE00247CEE00249D
:107C0000D8EE0024E0EE0024C8EE0024F0E90024C1
:107C1000ECE90024D4EE0024D0EE002480B485B03A
:107C200000AF2B4B1B68002B03D02A4B01221A609C
:107C300047E0284B00221A60274B1B68FB6011E0CD
:107C4000FB68002B0BD14FF0500383F31188BFF377
:107C50006F8FBFF34F8F7B6000BF00BFFDE7FB68F6
:107C6000013BFB601D49FA6813469B0013449B00CF
:107C70000B441B68002BE3D0FA6813469B001344A7
:107C80009B00164A1344BB60BB685B685A68BB68BC
:107C90005A60BB685A68BB6808339A4204D1BB6813
:107CA0005B685A68BB685A60BB685B68DB680C4AF3
:107CB0001360094AFB681360094B1B685433094A77
:107CC000136000BF1437BD465DF8047B704700BFEA
:107CD000E8EE0024D4EE0024C8EE0024F0E90024ED
:107CE000ECE900245C07002480B584B000AF786024
:107CF00039607B68002B0BD14FF0500383F3118860
:107D0000BFF36F8FBFF34F8FFB6000BF00BFFDE776
:107D1000074B1B68183319467868FEF754FD01219C
:107D2000386800F0AFFA00BF1037BD4680BD00BF15
:107D3000ECE9002480B586B000AFF860B9607A60E5
:107D4000FB68002B0BD14FF0500383F31188BFF376
:107D50006F8FBFF34F8F7B6100BF00BFFDE70A4B02
:107D60001B6818331946F868FEF709FD7B68002B7D
:107D700002D04FF0FF33BB607968B86800F082FA38
:107D800000BF1837BD4680BDECE9002480B586B041
:107D900000AF78607B68DB68DB683B613B69002B88
:107DA0000BD14FF0500383F31188BFF36F8FBFF3F4
:107DB0004F8FFB6000BF00BFFDE73B6918331846DB
:107DC000FEF73AFD1D4B1B68002B1DD13B690433A8
:107DD0001846FEF731FD3B69DA6A194B1B689A4277
:107DE00003D93B69DB6A164A13603B69DA6A1346BA
:107DF0009B0013449B00134A1A443B690433194601
:107E00001046FEF7BCFC05E03B69183319460E48E6
:107E1000FEF7B5FC3B69DA6A0C4B1B68DB6A9A42D9
:107E200005D901237B610A4B01221A6001E000237E
:107E30007B617B6918461837BD4680BDE8EE00249B
:107E4000C8EE0024F0E9002480EE0024ECE90024D0
:107E5000D4EE002480B584B000AF78607B68002B3E
:107E60000BD14FF0500383F31188BFF36F8FBFF333
:107E70004F8FFB6000BF00BFFDE700F0E5FE074B42
:107E80001A687B681A60064B1A687B685A6000F0B3
:107E90000DFF00BF1037BD4680BD00BFD8EE0024E7
:107EA000C4EE002480B483B000AF7860064B1A683B
:107EB0007B681A60054B1A687B685A6000BF0C37F4
:107EC000BD465DF8047B7047D8EE0024C4EE002464
:107ED00080B588B000AF786039607B68002B0BD12B
:107EE0004FF0500383F31188BFF36F8FBFF34F8FB1
:107EF0003B6100BF00BFFDE73B68002B0BD14FF09B
:107F0000500383F31188BFF36F8FBFF34F8FFB6074
:107F100000BF00BFFDE700F097FE1D4B1B68BB6173
:107F20007B685B68BA69D31A7B613B681B68B3F1F5
:107F3000FF3F02D10023FB6123E07B681A68154BE9
:107F40001B689A4207D07B685B68BA699A4202D381
:107F50000123FB6115E03B681B687A699A420BD2EA
:107F60003B681A687B69D21A3B681A607868FFF729
:107F700099FF0023FB6104E03B6800221A600123A3
:107F8000FB6100F093FEFB6918462037BD4680BDBB
:107F9000C4EE0024D8EE002480B400AF034B0122CD
:107FA0001A6000BFBD465DF8047B7047D4EE002424
:107FB00080B582B000AF786000F052F8064B1B68C5
:107FC000012BF9D9054B4FF080521A60BFF34F8F48
:107FD000BFF36F8FF0E700BFF0E9002404ED00E08D
:107FE00080B582B000AF00237B600CE07A68134656
:107FF0009B0013449B00124A13441846FEF792FB61
:108000007B6801337B607B68372BEFD90D48FEF727
:1080100089FB0D48FEF786FB0C48FEF783FB0C48F6
:10802000FEF780FB0B48FEF77DFB0B4B054A1A6001
:108030000A4B054A1A6000BF0837BD4680BD00BF25
:10804000F0E9002450EE002464EE002480EE0024C9
:1080500094EE0024ACEE002478EE00247CEE0024A4
:1080600080B582B000AF19E000F0EEFD104BDB6888
:10807000DB687B607B6804331846FEF7DDFB0D4B45
:108080001B68013B0B4A13600B4B1B68013B0A4A00
:10809000136000F00BFE786800F010F8064B1B68C8
:1080A000002BE1D100BF00BF0837BD4680BD00BF37
:1080B00094EE0024C0EE0024A8EE002480B584B025
:1080C00000AF78607B68543318460FF037FE7B684A
:1080D00093F8A530002B08D17B681B6B184600F085
:1080E000A3FF786800F0A0FF19E07B6893F8A53043
:1080F000012B03D1786800F097FF10E07B6893F8BC
:10810000A530022B0BD04FF0500383F31188BFF33F
:108110006F8FBFF34F8FFB6000BF00BFFDE700BF55
:108120001037BD4680BD000080B483B000AF0C4B5B
:108130001B681B68002B04D10A4B4FF0FF321A60FA
:1081400008E0074B1B68DB68DB687B607B685B686B
:10815000044A136000BF0C37BD465DF8047B7047CE
:1081600078EE0024E0EE002480B483B000AF0B4B27
:108170001B68002B02D101237B6008E0084B1B68C1
:10818000002B02D102237B6001E000237B607B682F
:1081900018460C37BD465DF8047B7047CCEE0024D2
:1081A000E8EE002480B586B000AF78607B683B6164
:1081B00000237B617B68002B58D02F4B1B683A69EA
:1081C0009A420BD04FF0500383F31188BFF36F8FA7
:1081D000BFF34F8FFB6000BF00BFFDE73B691B6D26
:1081E000002B0BD14FF0500383F31188BFF36F8F37
:1081F000BFF34F8FBB6000BF00BFFDE73B691B6D46
:108200005A1E3B691A653B69DA6A3B69DB6C9A4224
:108210002CD03B691B6D002B28D13B6904331846D9
:10822000FEF70AFB3B69DA6C3B69DA623B69DB6AA1
:10823000C3F138023B699A613B69DA6A0F4B1B68EC
:108240009A4203D93B69DB6A0C4A13603B69DA6ADC
:1082500013469B0013449B00094A1A443B690433AC
:1082600019461046FEF78BFA01237B617B6918469D
:108270001837BD4680BD00BFECE90024C8EE0024DD
:10828000F0E9002480B584B000AF78603960214BFC
:108290001B68FB60204B1B6804331846FEF7CCFAC2
:1082A0007B68B3F1FF3F0AD13B68002B07D01A4B24
:1082B0001B68043319461948FEF761FA26E0FA688C
:1082C0007B681344BB60144B1B68BA685A60BA6879
:1082D000FB689A4209D2124B1A680F4B1B68043391
:1082E00019461046FEF76FFA10E00E4B1A680A4B5B
:1082F0001B68043319461046FEF765FA0A4B1B68E3
:10830000BA689A4202D2084ABB68136000BF1037AD
:10831000BD4680BDC4EE0024ECE90024ACEE002490
:108320007CEE002478EE0024E0EE002480B58AB0D4
:1083300004AF00237B6100F013FB1D4B1B68002B77
:1083400021D00023FB600023BB603A1D07F1080128
:1083500007F10C031846FEF7CBF97968BB68FA6899
:10836000029201930223009300230A461149124806
:10837000FEF786FF0346114A1360104B1B68002B63
:1083800001D001237B617B69002B0BD14FF050039F
:1083900083F31188BFF36F8FBFF34F8F3B6100BF33
:1083A00000BFFDE77B6918461837BD4680BD00BF9A
:1083B0001CEF0024B8B70208F984010820EF00245C
:1083C00080B58AB000AFF860B9607A603B60002386
:1083D0007B62FB68002B0BD14FF0500383F31188B5
:1083E000BFF36F8FBFF34F8F3B6200BF00BFFDE74E
:1083F000194B1B68002B2AD0BB683B617B687B61F3
:10840000FB68BB61BB68052B18DCFFF7ADFE0346BC
:10841000022B09D1104B186807F1100100233A6BA9
:10842000FEF73EFB786212E00B4B186807F1100173
:1084300000230022FEF734FB786208E0064B186840
:1084400007F1100100233A68FEF72CFC78627B6A82
:1084500018462837BD4680BD1CEF002480B588B083
:1084600002AF78603960234B1B68DB68DB687B6197
:108470007B6904331846FEF7DFF97B6993F82830EF
:1084800003F00403002B23D07B699A697B68D11821
:108490007B683A68786900F0D5F80346002B20D055
:1084A0000023009300237A6800217869FFF788FF92
:1084B00038613B69002B14D14FF0500383F31188CE
:1084C000BFF36F8FBFF34F8FFB6000BF00BFFDE7AF
:1084D0007B6993F8283023F00103DAB27B6983F8D3
:1084E00028207B691B6A7869984700BF1837BD460A
:1084F00080BD00BF14EF002480B584B000AF786069
:1085000007F10803184600F059F8F860BB681946EF
:10851000F86800F005F800F0D7F800BFF0E70000B9
:1085200080B584B000AF78603960FFF701FA07F1D9
:108530000803184600F066F8F860BB68002B30D1DD
:108540003B68002B0AD17A68FB689A4206D8FFF78D
:10855000FDF9F9687868FFF781FF24E03B68002B9C
:1085600008D0134B1B681B68002B01D1012300E0CE
:1085700000233B600F4B18687A68FB68D31A3A688F
:108580001946FEF749FEFFF7E1F90346002B0AD131
:10859000094B4FF080521A60BFF34F8FBFF36F8FBC
:1085A00001E0FFF7D3F900BF1037BD4680BD00BF23
:1085B00018EF00241CEF002404ED00E080B485B027
:1085C00000AF78600E4B1B681B68002B01D10122A5
:1085D00000E000227B681A607B681B68002B05D1D5
:1085E000074B1B68DB681B68FB6001E00023FB6036
:1085F000FB6818461437BD465DF8047B704700BF22
:1086000014EF002480B584B000AF7860FFF73CFA27
:10861000F8600B4B1B68FA689A4205D200F03AF9F1
:108620007B6801221A6002E07B6800221A60044A1B
:10863000FB681360FB6818461037BD4680BD00BF5D
:1086400024EF002480B586B000AFF860B9607A608E
:108650003B6000237B61FB68BA685A60FB68FA687C
:108660001A61BA687B689A4212D87A683B68D21A53
:10867000FB689B699A4202D301237B611BE0104B8C
:108680001A68FB68043319461046FEF79CF812E09E
:108690007A683B689A4206D2BA683B689A4202D32B
:1086A00001237B6107E0074B1A68FB680433194616
:1086B0001046FEF788F87B6918461837BD4680BD1E
:1086C00018EF002414EF002480B58EB002AFCEE086
:1086D0007B68002B19DA3B1D0433FB62FB6A002B1D
:1086E0000BD14FF0500383F31188BFF36F8FBFF3AB
:1086F0004F8FFB6100BF00BFFDE7FB6A1B68FA6A92
:108700005068FA6A9268114698477B68002BC0F25D
:10871000AE80FB68BB62BB6A5B69002B04D0BB6A9E
:1087200004331846FEF788F83B461846FFF76AFF01
:1087300078627B68092B00F2978001A252F823F03F
:10874000698701086987010869870108DF870108CF
:10875000F38701083F8801086987010869870108D4
:10876000DF870108F3870108BB6A93F8283043F0DC
:108770000103DAB2BB6A83F82820BA68BB6A9B6936
:10878000D118BB687A6AB86AFFF75CFF0346002B12
:108790006CD0BB6A1B6AB86A9847BB6A93F82830EA
:1087A00003F00403002B61D0BA68BB6A9B691A44CA
:1087B0000023009300230021B86AFFF701FE38620E
:1087C0003B6A002B52D14FF0500383F31188BFF363
:1087D0006F8FBFF34F8FBB6100BF00BFFDE7BB6A68
:1087E00093F8283023F00103DAB2BB6A83F828201B
:1087F0003DE0BB6A93F8283043F00103DAB2BB6A6C
:1088000083F82820BA68BB6A9A61BB6A9B69002B0F
:108810000BD14FF0500383F31188BFF36F8FBFF379
:108820004F8F7B6100BF00BFFDE7BB6A9A697B6A1F
:10883000D1187B6A7A6AB86AFFF704FF17E0BB6A4F
:1088400093F8283003F00203002B03D1B86A00F03C
:10885000EBFB0CE0BB6A93F8283023F00103DAB29B
:10886000BB6A83F8282002E000BF00E000BF084B8D
:108870001B68391D00221846FEF7B2FA0346002B8A
:108880007FF426AF00BF00BF3037BD4680BD00BFBC
:108890001CEF002480B588B002AF49E02E4B1B6866
:1088A000DB681B683B612C4B1B68DB68DB68FB608B
:1088B000FB6804331846FDF7BFFFFB681B6AF868C6
:1088C0009847FB6893F8283003F00403002B2FD05F
:1088D000FB689B693A691344BB60BA683B699A427A
:1088E0000ED9FB68BA685A60FB68FA681A611A4BBD
:1088F0001A68FB68043319461046FDF764FF17E059
:108900000023009300233A690021F868FFF758FD1F
:1089100078607B68002B0BD14FF0500383F31188F4
:10892000BFF36F8FBFF34F8F3B6000BF00BFFDE70A
:10893000094B1B681B68002BB0D1074B1B687B6180
:10894000064B1B68044A1360044A7B69136000BF2E
:108950001837BD4680BD00BF14EF002418EF002477
:1089600080B582B002AF00F06FF9154B1B68002B89
:1089700020D11448FDF7D6FE1348FDF7D3FE134B64
:10898000104A1A60124B104A1A6000230093114BD0
:10899000114A10210A20FDF7E3FF0346084A13603D
:1089A000074B1B68002B05D0054B1B680B4918466D
:1089B000FEF708FC00F07AF900BFBD4680BD00BF9D
:1089C0001CEF0024ECEE002400EF002414EF002440
:1089D00018EF0024C8EF002428EF0024C0B70208D5
:1089E00080B485B000AFF860B9607A60FB68043B82
:1089F000FB60FB684FF080721A60FB68043BFB6011
:108A0000BB6823F00102FB681A60FB68043BFB6053
:108A10000C4AFB681A60FB68143BFB607A68FB68D1
:108A20001A60FB68043BFB60FB686FF002021A608F
:108A3000FB68203BFB60FB6818461437BD465DF8B9
:108A4000047B7047498A010880B485B000AF0023D9
:108A50007B60134B1B68B3F1FF3F0BD04FF050030B
:108A600083F31188BFF36F8FBFF34F8FFB6000BF9D
:108A700000BFFDE74FF0500383F31188BFF36F8F02
:108A8000BFF34F8FBB6000BF00BF7B68002BFCD0E3
:108A900000BF00BF1437BD465DF8047B704700BFC0
:108AA0001806002400000000000000000000000084
:108AB000074B19680868B0E8F04F80F30988BFF3E6
:108AC0006F8F4FF0000080F311887047AFF3008084
:108AD000ECE9002400BF00BF08480068006880F38C
:108AE00008884FF0000080F3148862B661B6BFF3C7
:108AF0004F8FBFF36F8F00DF00BF00BF08ED00E0B6
:108B000080B586B000AF474B1B68474A93420BD1F4
:108B10004FF0500383F31188BFF36F8FBFF34F8F74
:108B20003B6100BF00BFFDE73E4B1B683F4A9342DD
:108B30000BD14FF0500383F31188BFF36F8FBFF356
:108B40004F8FFB6000BF00BFFDE7394B7B617B6946
:108B50001B78DBB27B607B69FF221A707B691B7814
:108B6000DBB2FB70FB78DBB203F05003DAB2314BBF
:108B70001A70314B07221A6009E02F4B1B68013B2A
:108B80002D4A1360FB78DBB25B00DBB2FB70FB7835
:108B9000DBB203F08003802BEFD0274B1B68C3F1BF
:108BA0000703042B0BD04FF0500383F31188BFF35E
:108BB0006F8FBFF34F8FBB6000BF00BFFDE71E4B41
:108BC0001B681B021C4A13601B4B1B6803F4E06309
:108BD000194A13607B68DAB27B691A70174B1B68FD
:108BE000164A43F470031360144B1B68134A43F096
:108BF0007043136000F0DAF8114B00221A6000F0A5
:108C0000F9F8104B1B680F4A43F040431360FFF71D
:108C100063FFFFF703F8FFF717FF00231846183725
:108C2000BD4680BD00ED00E071C20F4170C20F4132
:108C300000E400E018F000241CF0002420ED00E027
:108C40001806002434EF00E080B483B000AF4FF08A
:108C5000500383F31188BFF36F8FBFF34F8F7B6097
:108C600000BF104B1B6801330E4A13600D4B1B688D
:108C7000012B10D10C4B1B68DBB2002B0BD04FF03B
:108C8000500383F31188BFF36F8FBFF34F8F3B60A7
:108C900000BF00BFFDE700BF0C37BD465DF8047B99
:108CA000704700BF1806002404ED00E080B483B0D4
:108CB00000AF124B1B68002B0BD14FF0500383F316
:108CC0001188BFF36F8FBFF34F8F7B6000BF00BF72
:108CD000FDE70A4B1B68013B084A1360074B1B6802
:108CE000002B05D100233B603B6883F3118800BF54
:108CF00000BF0C37BD465DF8047B704718060024A2
:108D0000EFF30980BFF36F8F154B1A681EF0100F39
:108D100008BF20ED108A20E9F04F10602DE909000E
:108D20004FF0500080F31188BFF34F8FBFF36F8F68
:108D3000FEF774FF4FF0000080F3118809BC19683A
:108D40000868B0E8F04F1EF0100F08BFB0EC108AB2
:108D500080F30988BFF36F8F704700BFAFF30080C7
:108D6000ECE9002400BF00BF80B582B000AF4FF037
:108D7000500383F31188BFF36F8FBFF34F8F7B6076
:108D800000BFFEF791FE0346002B03D0064B4FF0C9
:108D900080521A6000233B603B6883F3118800BF58
:108DA00000BF0837BD4680BD04ED00E080B400AFD1
:108DB0000B4B00221A600B4B00221A600A4B1B68F7
:108DC0000A4AA2FB03239B09094A013B1360044B97
:108DD00007221A6000BFBD465DF8047B704700BFE4
:108DE00010E000E018E000E008000024D34D62101D
:108DF00014E000E0DFF80C00016841F4700101604C
:108E0000704700BF88ED00E080B485B000AFEFF39D
:108E10000583FB60FB680F2B15D9184AFB681344C8
:108E20001B78FB72164B1B78FA7A9A420BD24FF0E2
:108E3000500383F31188BFF36F8FBFF34F8F7B60B5
:108E400000BF00BFFDE70F4B1B6803F4E0620E4B51
:108E50001B689A420BD94FF0500383F31188BFF37C
:108E60006F8FBFF34F8F3B6000BF00BFFDE700BFB8
:108E70001437BD465DF8047B704700BFF0E300E0A7
:108E800018F000240CED00E01CF0002480B58AB03E
:108E900000AF78600023FB61FEF74AFD5C4B1B6866
:108EA000002B01D100F024F95A4B1A687B6813405B
:108EB000002B40F095807B68002B1ED008227B6839
:108EC00013447B607B6803F00703002B15D07B689D
:108ED00023F0070308337B607B6803F00703002B54
:108EE0000BD04FF0500383F31188BFF36F8FBFF3A4
:108EF0004F8F7B6100BF00BFFDE77B68002B6FD009
:108F0000454B1B687A689A426AD8444B3B62434B94
:108F10001B687B6204E07B6A3B627B6A1B687B6246
:108F20007B6A5B687A689A4203D97B6A1B68002B6C
:108F3000F1D1374B1B687A6A9A4251D03B6A1B6861
:108F400008221344FB617B6A1A683B6A1A607B6AD9
:108F50005A687B68D21A08235B009A4220D97A6A41
:108F60007B681344BB61BB6903F00703002B0BD084
:108F70004FF0500383F31188BFF36F8FBFF34F8F10
:108F80003B6100BF00BFFDE77B6A5A687B68D21A6D
:108F9000BB695A607B6A7A685A60B86900F00AF95E
:108FA0001D4B1A687B6A5B68D31A1B4A13601A4B05
:108FB0001A681B4B1B689A4203D2174B1B68184A4E
:108FC00013607B6A5A68134B1B681A437B6A5A60AA
:108FD0007B6A00221A60134B1B680133114A13602D
:108FE000FEF7B4FCFB6903F00703002B0BD04FF036
:108FF000500383F31188BFF36F8FBFF34F8FFB6074
:1090000000BF00BFFDE7FB6918462837BD4680BD9D
:1090100078B301248CB301247CB3012470B3012400
:1090200080B3012484B3012480B586B000AF78609A
:109030007B687B617B68002B4FD008235B427A6999
:1090400013447B617B693B613B695A68254B1B6814
:109050001340002B0BD14FF0500383F31188BFF363
:109060006F8FBFF34F8FFB6000BF00BFFDE73B6911
:109070001B68002B0BD04FF0500383F31188BFF314
:109080006F8FBFF34F8FBB6000BF00BFFDE73B6931
:109090005A68144B1B681340002B1ED03B691B6899
:1090A000002B1AD13B695A680E4B1B68DB431A40F0
:1090B0003B695A60FEF73CFC3B695A680A4B1B68E7
:1090C0001344094A1360386900F074F8074B1B68B1
:1090D0000133064A1360FEF739FC00BF1837BD465E
:1090E00080BD00BF8CB301247CB3012488B301246C
:1090F00080B485B000AF4CF25033BB60274BFB60AF
:10910000FB6803F00703002B0CD0FB680733FB6000
:10911000FB6823F00703FB60BA68FB68D31A1F4A99
:109120001344BB60FB687B601D4A7B6813601C4B6B
:1091300000225A607B68BA681344FB600822FB680F
:109140009B1AFB60FB6823F00703FB60FB68154A72
:109150001360144B1B6800225A60124B1B680022DC
:109160001A607B683B603B68FA68D21A3B685A60B9
:109170000C4B1A683B681A603B685B680A4A1360CC
:109180003B685B68094A1360094B4FF000421A6064
:1091900000BF1437BD465DF8047B704720F0002403
:1091A00070B3012478B3012480B301247CB301247B
:1091B0008CB3012480B485B000AF7860284BFB608D
:1091C00002E0FB681B68FB60FB681B687A689A42D8
:1091D000F7D8FB68BB60FB685B68BA6813447A68C1
:1091E0009A4208D1FB685A687B685B681A44FB683E
:1091F0005A60FB687B607B68BB607B685B68BA68B1
:109200001A44FB681B689A4218D1FB681A68154B10
:109210001B689A420DD07B685A68FB681B685B68C4
:109220001A447B685A60FB681B681A687B681A607E
:1092300008E00C4B1A687B681A6003E0FB681A6848
:109240007B681A60FA687B689A4202D0FB687A6889
:109250001A6000BF1437BD465DF8047B704700BF3D
:1092600070B3012478B301242DE9F0418AB004469B
:1092700001ADDDF8408005A885E80E0003F004FA92
:10928000039F4046019EE7F78BF8B84205460BD88E
:10929000421C414630460EF022FE2046A760C4E93B
:1092A00000650AB0BDE8F081471C099A3046079B6B
:1092B000394698473A460646EBE700BF002846D0B5
:1092C000034630B5027885B00A2A42D8DFE802F0BA
:1092D00012121814140606061A2E16000A6A596B82
:1092E000002052F82120121A18BF012283F83920D9
:1092F00005B030BD0A68F2E78A69F0E78A68EEE7F0
:109300000A69ECE75C68084604F1430204F144038F
:1093100004F1420504F11001CDE90132009504F198
:10932000410304F140020BF02DFCE1E75C680846C4
:1093300004F1220204F1230104F12103CDE900210B
:1093400004F1200204F110010BF036FED0E70B20EF
:1093500070470120CCE700BFF0B59BB0002800F0BB
:109360008880037804460A2B00F26781DFE803F067
:109370002D2D1544441919195A061500406890F806
:109380002030002B40F0B28090F82230002B40F0CB
:10939000E48090F82130002B6FD1002528461BB0C7
:1093A000F0BD426B0B6A53F82230002BF5D0826877
:1093B00000F11001406801F053FE05460028ECD092
:1093C00040F25923984213D029E0426B0B6853F8BE
:1093D0002230002BE1D000230AAAD0E9010101F0DC
:1093E000A1FE05460028D9D040F29113984216D12B
:1093F000002384F83930D1E7426B8B6953F822306F
:10940000002BCAD0826800F11001406800F0ECFD2A
:1094100005460028C1D040F2F5139842BED003F0B3
:1094200023FABBE7406890F84230002B7DD1C36936
:109430001BB190F84030002B44D190F84430002B01
:1094400040F0AC8090F84330002BA6D0C26A0AA945
:1094500010300BF06FFA05460028E0D16068DDE9B6
:109460000E230BF0D9FE002898D0012380F823307A
:1094700094E70B2528461BB0F0BD04AE10300AAAB5
:1094800031460BF0CDFC05460028C8D10AA960681A
:109490000BF082FE0746002800F0BB80012190F906
:1094A00008000BF003FE0328844640F0A78007F174
:1094B00058040FCE0FC496E8030084E8030087F831
:1094C00008C06BE7816A10300BF0B4FA054600283B
:1094D000A5D16068816A0BF05FFE0346002800F0AA
:1094E000A3800122606883F82220A6E70BF02EFEFD
:1094F00006466068002E3FF447AF706006F1280111
:10950000F26910300BF0D4FB0546002840F08E8045
:10951000F7690FCF3572C6F80900C6F80D106068FC
:10952000C6F81120C6F815302EE704AA0AA9103093
:109530000BF088F9054600287FF471AF6068DDE91B
:109540000E230BF057FE30B19DF81030012280F849
:10955000213080F82020606869E7103004AA0AA949
:109560000BF01EFC054600287FF459AF04A9606883
:109570000BF012FE074660B10AAD00F140064FF055
:10958000020C0FCD0FC695E8030086E8030087F8AC
:1095900008C06068002380F82230FAE600F130024B
:1095A0000AA910300BF006FA054600287FF437AF01
:1095B0006068DDE90E230BF041FE06466068002E70
:1095C0003FF440AF0127836BB784002B3FF43AAFE1
:1095D000436B05EB450103EBC1010BF0DDFD38B139
:1095E0006068013586F82570836BAB42F0D829E7B7
:1095F00060680135836BAB42EAD823E706AB0FCB3B
:109600008DE80F000321606896E80C000BF08CFEDB
:10961000C4E606AB0FCB8DE80F000221606896E828
:109620000C000BF081FEB9E6606806E73146606821
:109630000BF09CFD03F018F9B0E60125AEE600BF83
:10964000F0B5037885B004460A2B00F23981DFE8D3
:1096500003F068424D5BA70606061D726200062BEA
:1096600000F02681072B036B40F01C8104F11005EC
:10967000D0E90A1280689847A26A2946606801F01A
:109680002FFD044678B303F0EFF82CE0406890F823
:109690004230002B00F08E800026012704E00BF002
:1096A0002FFD98B92F7260680BF0DAFD054600288F
:1096B0007FD06368E26A9B6995F8211085F8206085
:1096C000984795F821302846002BE8D16068294654
:1096D0000BF04CFDE7E790F83900D4E90B1300B12B
:1096E000A06800249847204605B0F0BD406802F00D
:1096F0004DF840F221330446984201D00028C2D1EF
:109700000024204605B0F0BD0024036B8068984714
:10971000204605B0F0BD0024036B9847204605B0F5
:10972000F0BD90F83900236B00B1A0680024984781
:10973000204605B0F0BD406890F824303BBB90F85F
:109740002030002B7DD040F63406012707E0284664
:109750000BF09EFD294660680BF008FD6068002153
:109760000BF030FD0546002868D06368E16A9B690C
:109770009847B0424FF00001E9D1012128460BF093
:1097800087FD2F72EAE748680BF0F0FC60680BF089
:1097900025FD01460028F6D1606880F82410CEE748
:1097A0000024036B00F1100180689847204605B043
:1097B000F0BD606890F840308BB1C5682DB30026CD
:1097C00095F8223043B1C36985F8226023B1816ADC
:1097D0002846E26A984760682D68002DF0D190F81D
:1097E000443093B1C56885B1002695F824304BB15B
:1097F000436A85F824602BB1284695F82510E26A63
:10980000984760682D68002DEFD190F84330002B09
:109810003FF476AF00270BE06368E26AD96A1E6AFC
:1098200085F82370B047606829460BF09FFC60689C
:109830000BF022FD05460028EED161E7606880F854
:10984000205090F82130002B3FF45AAFC568B5B1D5
:10985000022601E02D6895B195F90830032BF9D166
:10986000C3692846E16A9847034605F16002284625
:1098700085F8253043B10BF02BFD6068EAE7002343
:109880001C4680F821302EE70FCA05F158078DE8F5
:109890000F0001216068D7E900230BF045FD2E720F
:1098A0006068D7E7816A04F1100580689847E3E6AD
:1098B00000F11005036B826A294680689847DBE651
:1098C000012410E700283DD000293CD0034690F841
:1098D00038000022002835D030B493F800C0BCF125
:1098E000080F1DD15C68256C35F07F4505D194F8D3
:1098F000440010B994F8430028B130BC704793F885
:1099000039000028F9D101324033914217D093F841
:1099100038000028F1D093F800C0BCF1080FE1D066
:10992000BCF1090FEBD15C68256A002DE5D194F8F4
:1099300024000028E1D1013240339142E7D10020D8
:1099400030BC704770470846704700BF10B50446EA
:10995000882202490EF0C3FA204610BD20F4020806
:1099600000296AD02DE9F0410546B0B000285CD04E
:109970001646184688461F4602F094FE002E54D024
:1099800080F0010414F0FF044FD1882230490EA862
:109990000EF0A5FA0EA9882228460EF0A0FA684615
:1099A000C5F80080AE6002F067F8EC4605F1140ED1
:1099B000D7F80080BCE80F00AEE80F00BCE80F004D
:1099C000AEE80F00BCE80F009FED1F7BAEE80F0074
:1099D000DCF80030B0013969CEF800302F6185ED38
:1099E0001A7BC047686008B929E0686800EB8410FA
:1099F0000134314600F06CFAA642F6D805F1480071
:109A000000F05AFA134A00236868C5E91E2368B1BA
:109A1000AB6873B12A69B2FA82F35B094AB118469E
:109A200085F8803030B0BDE8F0810B2030B0BDE863
:109A3000F081002030B0BDE8F0810B2070470A2093
:109A4000F4E700BFAFF3008000CA9A3B00000000BB
:109A500020F40208C598010851B3B0FA80F270B53D
:109A600052090446E0B1D0E90203834201D3012048
:109A700070BD60689D015E1C00EB8313596002217C
:109A80004153012104F11405DA6219872846E66082
:109A900002F006F830B9E36C00200133E36470BDD6
:109AA0000B2070BD284602F001F80028F3D070BDED
:109AB0000B207047002844D0F0B500F114059BB08E
:109AC0000446284601F0ECFF10B100201BB0F0BDA9
:109AD000284601F0EBFF002830D10CA804AE01F0BD
:109AE000CBFF0DF1300CAE462769BCE80F00AEE8A5
:109AF0000F00BCE80F00AEE80F00BCE80F00AEE8B6
:109B00000F00DCF80030CEF800300FCF0FC63B68F6
:109B1000284622683360636E616DCDE90232D4E974
:109B20001332CDE90021226EA16C02F0BFFA0028A9
:109B3000CCD00B9002F098FE0B98C7E702F094FE91
:109B4000CBE70B20704700BF2DE9F84F0546914643
:109B50009846FFF7AFFF05F11406304602F072F8A1
:109B60000746002840F0A880AB680BB3044669683C
:109B7000A20101EB841C9CF83830CBB18B5C0A2B22
:109B800000F2DE80DFE803F09D9DA98D8D060606BC
:109B9000CEC1B5000CF13402DCF80410304602F0FE
:109BA000A1FB002840F087800134AB689C42DED3E3
:109BB00043464A46304602F0C3FB95F88030002BFE
:109BC00000F0C680012B40F0BB80AB68002B00F09A
:109BD0005981002440F29119A0460AE0FFF76EFB7C
:109BE000044610B1484540F0B180AB68984580F01C
:109BF00026816A68314602EB881008F1010890F866
:109C000038C0BCF1000FE9D119461046D5E91E3223
:109C10009847002800F09A80AB68002B00F09680EF
:109C20004FF0000840F2911909E0FFF795FB044658
:109C300010B1484540F08A80AB68984509D2686801
:109C4000314600EB881008F1010890F83820002A0E
:109C5000EBD1002B7AD000260EE012F80C20082A57
:109C600000F0FC80092A00F0EE8090F839208AB9D3
:109C700001369E4267D200246A684FEA861C02EBD6
:109C8000861090F83810002960D041780029E4D07F
:109C90000129EDD1FFF7D4FC002840F0B580AB6876
:109CA000E6E70CF13402DCF80410304602F0EEFA7C
:109CB00000283FF479AF074602F0D6FD3846BDE8EC
:109CC000F88F0CF13402DCF80410304601F08EFFFE
:109CD00000283FF469AF0746EEE70CF13402DCF8E8
:109CE0000410304602F0A2FA00283FF45DAF0746A8
:109CF000E2E70CF13402DCF80410304602F06AFAB4
:109D000000283FF451AF0746D6E7DCF804100CF109
:109D10003402304610310BF0FBF800283FF444AF1A
:109D20000746C9E7DCF8041000230CF13402304682
:109D300010310AF0C3FE00283FF436AF0746BBE7F8
:109D4000012702F091FD3846BDE8F88F2746FAE773
:109D5000AB68002B00F09380002440F29119A046DC
:109D600008E0FFF7ABFA044608B14845EED1AB680E
:109D7000984566D26A68314602EB881008F10108FE
:109D800090F838C0BCF1000FEBD119461046D5E968
:109D90001E3298470028D9D0AB68002BD6D04FF0A0
:109DA000000A40F2911840F259290EE013F80B30E6
:109DB000082B34D0092B29D090F8393003BB0AF195
:109DC000010AAB689A45BED2002468684FEA8A1B34
:109DD00000EB8A1090F83830002BB7D03146FFF7EF
:109DE000BBFA002818BF404501D048450CD16B682C
:109DF00013EB0B0021D04278002AD7D0012ADED104
:109E0000FFF71EFC0028DAD007469CE743681A6A71
:109E1000002AF5D193F82430002BD0D0F0E7436826
:109E20001A6C32F07F42EBD193F84420002AE7D13C
:109E300093F84330002BC2D0E2E70B2783E76A6830
:109E4000E2E66A68A1E74268116A00297FF422AF5E
:109E500092F82420002A3FF40BAF1BE74268116CF4
:109E600031F07F417FF416AF92F8441000297FF45F
:109E700011AF92F84320002A3FF4FAAE0AE76A686D
:109E80001C4682E76A681C46BEE600BF90B170B50A
:109E90000446006816461D4600F044F930B13246CB
:109EA0002B462046BDE87040FFF74EBE02F0DCFCBA
:109EB000012070BD0B20704730B12022002108B571
:109EC0000DF0EAFE002008BD0B20704700000000E6
:109ED000034678B100224FF00B0C41631046A3F803
:109EE00000C01A631A879FED047BC3E9012283ED4A
:109EF0000A7B70470B207047000000000000000044
:109F00002DE9F04383B00A9F002B18BF002F27D004
:109F1000044628B3E9461D460E469046484600F0E2
:109F2000F7F82A46234699E8030084E803004146EF
:109F3000304600F0C7F9054660B93A4604F10C0115
:109F40000320A76001F06EF9054618B9284603B052
:109F5000BDE8F08302F088FC284603B0BDE8F0833A
:109F60000B25284603B0BDE8F08300BF18B1006898
:109F700008B1D0F80801704770B582B0F8B1044656
:109F80000068E0B1D0F80831CBB10E46E1B115461A
:109F9000D2B1052100F5887002F092FB02460B4613
:109FA0003146C5E9002323682A46D3F8080103F0A7
:109FB0002DFD064660B10126304602B070BD4FF45B
:109FC000FA76304602B070BD0B26304602B070BD46
:109FD00020680521D5E9002300F58870009102F082
:109FE000DBFB304602B070BD70B58E468CB00C46BF
:109FF00016460DF1180C0546BEE80F00ACE80F0040
:10A000009EE803008CE803005DB32B684BB3D3F8E4
:10A01000080130B346B30023324602A98DF8073059
:10A020000DF107039FED127B8DED027B8DED047B1F
:10A0300003F0F4FD0546C8B99DF8072040F2F5137A
:10A04000002A08BF1D460DF1180EA446BEE80F00F9
:10A05000ACE80F009EE803008CE8030028460CB033
:10A0600070BD4FF4FA75EEE70B25ECE70125EAE742
:10A07000000000000000000030B1006820B1D0F8FE
:10A080000801003818BF0120704700BF002B18BF1F
:10A09000002A2DE9F04316460CBF01220022A1B090
:10A0A000002908BF42F0010222BB044610B30DF1A3
:10A0B00010081F460D460DF11809404600F038FB08
:10A0C00098E8030084E80300484600F0ABFC4046F3
:10A0D00000F02EFBCDF800903B46324698E8030096
:10A0E00084E803002946204600F02CFB30B921B05B
:10A0F000BDE8F0830B2021B0BDE8F083039002F0AF
:10A10000B3FB02F0B1FB039821B0BDE8F08300BFC0
:10A11000034A034692E8030083E8030018467047A9
:10A12000A8F4020818B14068003818BF0120704731
:10A130002DE9F8430646002300687360002849D0E3
:10A140004769D0F80480D0F8109037B1143000F08F
:10A1500027FA0746002844D13068036B43B1283002
:10A1600003F05CF918B1002F3ED002F07DFB30689F
:10A17000036ADBB1D0E9062C012A7CF1000111DB76
:10A180000024254653F824004946B8B1C047336837
:10A190000134D3E9062C45F100051B6A944275EBA6
:10A1A0000C01EFDB18464946C04730684946C047B6
:10A1B00000233846C6E90033BDE8F883013445F191
:10A1C0000005944275EB0C01DCDB18464946C0479C
:10A1D0003068EBE7074600233846C6E90033BDE8A0
:10A1E000F88302F041FBB7E70BF0BEF80746BCE787
:10A1F000002B18BF002A2DE9F04116460CBF0122A2
:10A200000022A0B0002908BF42F001021ABB044698
:10A2100008B30DF110081F460D4600F009FD20603F
:10A22000404600F0A5FD50220D4940460DF057FE76
:10A230003B46324629462046CDF8008000F0FEFC21
:10A2400010B920B0BDE8F081039002F00DFB039837
:10A2500020B0BDE8F0810B2020B0BDE8F08100BF48
:10A26000B0F4020861B32DE9F04106468AB018B394
:10A270000D4690461F4601F0CDF9AC680DF10C0C6F
:10A2800030600FCCACE80F0023682A4605F10C01C2
:10A290003046CCF80030109BCDE90087029301F0E6
:10A2A000BFF910B90AB0BDE8F081099002F0DCFAFC
:10A2B00009980AB0BDE8F0810B200AB0BDE8F08132
:10A2C0000B2070472DE9F047051E9EB00E469046C4
:10A2D0001F4640F39F80002900F09F80A1F1040EEB
:10A2E0004FF0000C5EF8044F0CF1010C002C00F054
:10A2F00094806545F6D1B8F1000F00F08E80D8F853
:10A300000040002C00F089800DF1640C0FCCACE80B
:10A310000F00236819A8CCF8003002F0C3F980F0D0
:10A320000100C0B2002878D1002F76D03B68002B06
:10A3300078D178210120DDE91C3298470446386045
:10A34000002800F0B68002A802F0AEFD02A904F1D8
:10A35000280050220DF0C3FD19ACD7F800E00FCC57
:10A36000F446ACE80F0023680EF114014046CCF827
:10A37000003000F03FF90446002844D1D7F800909F
:10A380004FEAE578C9F82000C9F81850C9F81C80D0
:10A39000002D4ED0002E4CD004212846DDE91C3281
:10A3A0009847C9F82000D7F80090D9F82030CA465D
:10A3B00043B3012D78F100033BDB0024043EA146AA
:10A3C0000BE031680DF08BFD013449F10009C845FF
:10A3D00008BFA5422BD0D7F800A056F8040FE5F728
:10A3E000DFFF421C199B10461D99DAF820A001924C
:10A3F00098473B684AF824001B6A019A53F82400E6
:10A400000028DED10A243846FFF792FE20461EB00F
:10A41000BDE8F08700293FF46EAF0B2420461EB044
:10A42000BDE8F087642420461EB0BDE8F087D7F869
:10A43000009026490B68013336D01A4600240B6081
:10A44000D9F814007B60436A0133C0E9062434D094
:10A4500090F830303BB9303000F048F9044600281D
:10A46000D1D13B68586918AA17A9406B01F0F2FADC
:10A4700004460028C7D1179BEBB939684B6903F133
:10A480002802586B00F094FD04460028BBD13968BF
:10A4900048692831183002F08BFE04460028BDD0F0
:10A4A0000AF062FF0446AEE701221C460A6013462A
:10A4B000C6E70A24B2E70124A5E724300AF068FFC2
:10A4C000044600289FD13B685869C1E790B3012436
:10A4D0000020704784B0F0B597B01DAE86E80E003E
:10A4E000002858D00368054633B16424204617B0CD
:10A4F000BDE8F04004B07047304602F0D3F80028C1
:10A5000049D0B44611ACBCE80F000FC4DCF80030F1
:10A510005020219923601D9B9847044628600028FD
:10A520003BD00DF1440C8646BCE80F00AEE80F00AE
:10A53000DCF8003002A8CEF8003002F0C9FC0DF1C2
:10A54000080E04F1180C2F6820ACBEE80F00ACE830
:10A550000F00BEE80F00ACE80F00BEE80F00ACE84B
:10A560000F009EE803008CE8030094E803008DE8E8
:10A57000030096E80E0007F1180002F01BFD0446E8
:10A580000028B3D021991E9B2868984720460AF0DE
:10A59000EBFE0446AAE70B24A8E70A24A6E700BFBF
:10A5A00030B587B0F0B103680446DBB19C460DF1CD
:10A5B000040EBCE80F00AEE80F00DCF8003001A884
:10A5C000CEF8003002F06EF860B12068183002F06A
:10A5D000ABFD054650B92068029B0599984728466F
:10A5E00007B030BD0B25284607B030BD0AF0BCFED1
:10A5F0000546F8E72DE9F04194B000285BD0044609
:10A600000068002857D00E4602F04CF8002E52D0B9
:10A6100080F00100C0B200284DD1336823B164241A
:10A62000204614B0BDE8F08127680FADBC46D7F8CE
:10A630000080BCE80F000FC5DCF800305020194640
:10A640002B60C04705463060D0B30DF13C0C864608
:10A65000BCE80F00AEE80F00DCF800306846CEF82A
:10A66000003002F035FCEE4605F1180C2468356820
:10A67000BEE80F00ACE80F00BEE80F00ACE80F002A
:10A68000BEE80F00ACE80F009EE803008CE8030072
:10A6900004F1180005F1180102F0F4FC044600284A
:10A6A000BED002F0C9F802F0DFF83046FFF778FFBD
:10A6B00040B10446B4E70B24204614B0BDE8F08155
:10A6C0000A24ADE7204614B0BDE8F0410AF04CBEC4
:10A6D00020B1036813B10020596270470B20704706
:10A6E00010B1006800B11830704700BF10B50023EA
:10A6F00082B00193B8B1044601A90C4802F084F875
:10A7000010B1012002B010BD019B13B11A78312A9B
:10A7100004D002230020237002B010BD5B78002B10
:10A72000F7D10123F6E70B2002B010BD00F50208B7
:10A73000034A034692E8030083E803001846704783
:10A7400030F502082DE9F04FA9B004460E46154633
:10A75000DDF8C88023A81F460BF08EF8B8F1000F73
:10A7600000F0F380404601F09DFF002D18BF002C43
:10A7700080F001000CBF4FF0010C4FF0000C002ED8
:10A7800008BF4CF0010C4CEA000C1CF0FF0940F033
:10A79000DC80D4F804A0BAF1000F40F0FC80002F58
:10A7A00000F0D3803846FFF7BDFC8346002800F058
:10A7B000D2805246304622A9CDF888A004F034FA5F
:10A7C0008246002840F0C3802298002840F0F180A3
:10A7D0002846E5F7E5FD002840F0C080794D22A924
:10A7E0000022284604F002FA8246002840F0AF809A
:10A7F0002298002840F0D580D8F800307820D8F88A
:10A800001010984782466060002800F0CF80002238
:10A81000002308A8CAE91A23CAE91C2300F002F998
:10A8200008A9504668220DF05AFB6168404627602F
:10A8300000F006F9002858D12846E5F7B1FD284474
:10A8400010F8013CCDE903562F2BD8F810300093B7
:10A850000CBF5D4B5D4B02934FF400630193D4F842
:10A8600004A098E80F0002F02BF82368CAF87400DF
:10A87000314618682A466668283002F081FE63680F
:10A88000B066986E002832D002F00AFF824660B3AC
:10A89000D8F800300820D8F8101066689847636828
:10A8A000F066D3F86CB0BBF1000F20D006A823AE41
:10A8B0000AF008FF06A86368C44603C8D3F86CE032
:10A8C0008BE80300BCE80F000FC6DCF800303360F3
:10A8D00028AB13E90F008DE80F0051463A46704649
:10A8E000239B0AF047FF824628B36368F3B1586F91
:10A8F00028B1D8F80430D8F8101098476368986EDB
:10A9000010B102F04FFE6368D86E48B10AF08EFFB6
:10A910006368D8F81010D86ED8F804309847636888
:10A920001846D8F81010D8F80430984700234FF094
:10A93000010AC4E90033B9F1000F08D0D8F8043097
:10A940002846D8F81010984701E04FF00B0A5046FF
:10A9500029B0BDE8F08F4FF0650AF8E72B782F2B70
:10A960003FF43DAF0395D8F810300093184B029395
:10A970004FF40063019398E80F0001F0A1FF054632
:10A98000E0B1002222A9229204F030F98246002888
:10A99000D4D1D9462CE74FF0640A504629B0BDE81F
:10A9A000F08F4FF0CA0A04F033F9C4E74FF00A0AF7
:10A9B000C1E74FF0C90A04F08BF9C8E74FF00A0A63
:10A9C000C5E700BF18F5020820F5020828F50208BF
:10A9D0001CF5020830B1436823B19B6E13B10068C7
:10A9E000FFF7A0BB0020704720B1406810B1806E17
:10A9F00000B18068704700BF20B1406810B1806E20
:10AA000000B1C068704700BF28B1406818B1836EBC
:10AA1000002B08BF0020704710B1406800B1806E65
:10AA2000704700BF10B50446682200210DF034F9CC
:10AA3000204601F029FE01232046237510BD00BFEA
:10AA4000002818BF88421BD0F8B5B1FA81F60C4631
:10AA5000760999B10546878A84468E460FCDAEE8C1
:10AA60000F002B6850220CF1180104F11800CEF8E9
:10AA70000030A7820DF033FA3046F8BD0B20F8BD48
:10AA80000B20704782B02DE9F04F91B01AAC9DF8C1
:10AA90007C8084E80C0000283DD00C460546FFF77A
:10AAA000B3FF00283AD02846FFF79EFF0646284607
:10AAB0000BADFFF7A1FF0DF1680E0746AC46BEE8EF
:10AAC0000F00ACE80F00DEF80030CCF80030219B1E
:10AAD0000BB38946DDF878A002F06AF810AB089055
:10AAE00013E907008DE80700002108A895E80C008D
:10AAF00002F0D4F88346A0B101F09EFE01F0B4FE4E
:10AB0000BBF10A0F18BF4FF0010B584611B0BDE85A
:10AB1000F04F02B070474FF00B0BF6E74FF0010B10
:10AB2000F3E70990079008A80AF0C6FD834680B1B4
:10AB30000A2808A818BF4FF0010B02F0EFF80446EE
:10AB400000285BD151460998C84751462046C8475E
:10AB5000DBE709ABEC4605930FCDACE80F002B68A3
:10AB60003A4631462046CCF8003008AB0AF044FCA7
:10AB70008346D8B9099C024609900AA9204603F0E9
:10AB800065FF50BB0A9D002D40D1219B08A81C6089
:10AB900002F0C4F88346002843D001F04DFEA846D9
:10ABA0004FF0010B2C4601F05FFE0AE0672814BF4E
:10ABB0004FF0000808F00108079C08A802F0AEF862
:10ABC00050BB51460998C84751462046C847B8F17E
:10ABD000000F18BF4FF0680B97E701F02DFE01F052
:10ABE00043FE08A802F09AF898B951460998C84758
:10ABF000514620464FF0010BC84786E7DDF81C8020
:10AC000001F01AFE01F030FE4446DAE74FF0670B20
:10AC1000D3E7D8464FF0010B01F00EFE01F024FE01
:10AC2000CFE751460998C84751465846C8476CE790
:10AC3000014B1868704700BF38F502082DE9F0474E
:10AC400088B0109E002E6BD006F1500A05460F46C4
:10AC500090465046994601F025FD80F00104E4B28B
:10AC6000002C5DD1002D5BD02B6823B164242046DD
:10AC700008B0BDE8F0873846FFF7ACFE002854D096
:10AC8000B8F1000F4CD0B9FA89F35B09B9F1000FA4
:10AC900046D007AA0793CDE9033306F1580305927E
:10ACA00093E807008DE80700494638469AE80C000B
:10ACB000FFF7E8FE00284FD1336DC820316E98476A
:10ACC0002860002850D03846FFF7A6FE06F164033E
:10ACD0004146079A009333462C6802F04BFD2B68DF
:10ACE000C4F8C400D3F8C40070B303F1700102F0DB
:10ACF00025FE2B680446D0B996F848203146184600
:10AD000083F8B82070220DF0EAF83A68C0F8C02045
:10AD10000798736D316E9847204608B0BDE8F087FC
:10AD20000B24204608B0BDE8F087C8249FE7CBB1CC
:10AD3000D3F8C42042B13846FFF76EFE2B68D3F833
:10AD4000C41002F00FFE2B681846726D316E01249C
:10AD5000904700232B60DBE7672807D0692805D0E0
:10AD60000A2801D00124D3E70A24D1E76724CFE7DA
:10AD700070B5144D88B004465022134928460DF092
:10AD8000AEF802A801F080FC0DF1080C05F1500EA0
:10AD90006E46BCE80F00AEE80F00DCF8003030462D
:10ADA000CEF8003003F0BAFD05F16403702296E896
:10ADB000030083E80300294620460DF090F8204662
:10ADC00008B070BD98B3012440F50208F8B10368DB
:10ADD00070B50446B3B11646D3F8C42092B1D3F887
:10ADE000C0000D46FFF79EF960B12368D3F8C40098
:10ADF00040B155B13246294602F05CFC003818BF1C
:10AE0000012070BD4FF4967070BD0B2070BD4FF4E3
:10AE100096707047A0B1036810B5044673B1D3F8BB
:10AE2000C4205AB1D3F8C000FFF77CF930B12368D1
:10AE3000D3F8C400003818BF012010BD002010BD99
:10AE40000020704730B1006820B1D0F8C40000384D
:10AE500018BF0120704700BFF0B502F108070B468C
:10AE600085B01446064697E807008DE807001846A7
:10AE7000194994E80C0001F015FD337805462F2B95
:10AE800023D004F10C0393E803008DE80300701C49
:10AE900094E80E0001F00CFD064697E807008DE8E7
:10AEA00007003146284694E80C0001F0FBFC0346FD
:10AEB000304662681E4621699047284635466368D9
:10AEC00021699847284605B0F0BD7378002BD8D18A
:10AED000284605B0F0BD00BFCCF502082DE9F043CF
:10AEE00085B068B1074608460C4601F0DBFB38B177
:10AEF00000232D4803A9039301F086FC054620B1E9
:10AF00000025284605B0BDE8F083039B1A78002A87
:10AF1000F6D004F10C0999E803008DE80300184607
:10AF200094E80E0001F006FE80460028E8D003A950
:10AF30001E48039501F068FC60B100263046636846
:10AF4000216998474046636821699847284605B0BB
:10AF5000BDE8F083039B1E78F6B199E803008DE805
:10AF60000300184694E80E0001F0E4FD06460028B0
:10AF7000E3D022464146FFF76FFF0546002DDDD0A6
:10AF8000284601F08DFC03460028D7D128462169C8
:10AF90001D4663689847D1E7224638464146FFF789
:10AFA0005BFF0546EAE700BFD8F50208F0F50208A6
:10AFB0002DE9F04182B0002306460F46214801A941
:10AFC0009046019301F020FC20B10125284602B0F3
:10AFD000BDE8F08104461C490198E5F781F9054672
:10AFE000F0B90190B8F1000F21D001A9174801F084
:10AFF0000BFC0028E9D116490198E5F771F90346E1
:10B0000039463046B3FA83F35B0988F80030FFF71E
:10B0100065FF70B1C8F80400284602B0BDE8F081B1
:10B02000254688F80040284602B0BDE8F0810B258F
:10B03000CCE798F80050A5F10105B5FA85F56D0942
:10B04000C4E700BF90F50208A4F50208ACF50208B9
:10B05000C4F5020818B1006808B1D0F808017047BB
:10B0600070B58E468CB00C4616460DF1180C054690
:10B07000BEE80F00ACE80F009EE803008CE8030078
:10B080000DB32B68FBB1D3F80801E0B136B3002350
:10B09000324602A98DF807300DF1070302F004FDD6
:10B0A000054698B10A2818BF01250DF1180EA446CF
:10B0B000BEE80F00ACE80F009EE803008CE8030038
:10B0C00028460CB070BD4FF41675EEE79DF80720CA
:10B0D00040F25923002A08BF1D46E6E70B25E4E7A6
:10B0E00070B1006860B1D0F8080148B169B110B51D
:10B0F0004AB102F037FD10B1022818BF012010BD7F
:10B100004FF4167070470B2010BD0B20704700BF26
:10B1100030B1006820B1D0F80801003818BF012014
:10B12000704700BF002849D02DE9F041154602685C
:10B13000A4B00446002A39D01F46D2F8C030ABB3C1
:10B140000E46002938D0002D3CD002A84FF0000850
:10B1500003F074FC0DF1080CAE46BCE80F00AEE83D
:10B160000F00BCE80F00AEE80F00BCE80F00AEE82F
:10B170000F009CE80F008EE80F008DF84F802B46E3
:10B1800020680DF14F023146D0F8C000009702F060
:10B1900033FE0346C0B99DF84F1040F291120029CA
:10B1A00008BF1346184624B0BDE8F0814FF4C873B9
:10B1B000184624B0BDE8F0810B23F3E74FF4C873C1
:10B1C0001846704714ADC0E70AF0CEF80346E9E729
:10B1D00018B1006808B1D0F8C000704730B10068FD
:10B1E00020B1D0F8C000003818BF0120704700BF60
:10B1F000084601F00BBE00BF084601F02DBE00BF9F
:10B20000037A10B50C4643B1052101F059FA024604
:10B210000B460020C4E9002310BD0846BDE81040DD
:10B2200001F0F4BDF8B50546104614460E4601F08F
:10B2300039FA28B1032D03D8DFE805F01F3059068D
:10B240004FF00B0C6046F8BD002CF9D0B6FA86F32F
:10B250005B09002EF4D033619C4606F11405324F91
:10B260004FF0030EC6E901330FCC0FC523686046CB
:10B270002B60F76086F800E0F8BD002EE0D00023D8
:10B2800006F1140533709C46C6E90133C6E9033361
:10B290000FCC0FC5236860462B60F8BD002CCFD0C3
:10B2A000B6FA86F56D09002ECAD0A646357006F1AD
:10B2B000140CBEE80F00C6E90155C6E90355ACE819
:10B2C0000F00DEF800301020CCF800302368216930
:10B2D0009847306120B300220023AC460572C0E9D4
:10B2E0000023124A01236046F2603370F8BD002C3F
:10B2F000A6D0B6FA86F35B09002EA1D033619C4636
:10B3000006F11405DFF828E00227C6E901330FCC67
:10B310000FC5236860462B60C6F80CE03770F8BD97
:10B320004FF00A0C8EE700BFF9B1010801B2010825
:10B33000F1B1010840B139B103781BB1C3680BB159
:10B3400000691847012070470B20704782B02DE933
:10B35000F04106A9DDE90C5681E80C0030B3044643
:10B36000143001F09FF90DB380F0010313F0FF03D7
:10B370001CD1099A002A19DBDDE90A12012972F1B0
:10B38000000213DAD4E90107002F40D0024603E09F
:10B39000BB4202F1280210D011680133A942F7D153
:10B3A000116AB142F4D14FF0010E01E04FF00B0EE3
:10B3B0007046BDE8F04102B07047013303EB8303F0
:10B3C000D900E369626A9847F0B1A3680DF1180CDF
:10B3D00060604FF0000E03EB830203F1010840F8B8
:10B3E000325000EBC205BCE80F0005F108070FC79B
:10B3F0009CE8030087E8030070462E62C4F80880CA
:10B40000BDE8F04102B070474FF00A0ED0E72821A6
:10B41000D7E700BF00285FD02DE9F047054614307C
:10B420000F46924601F03EF980F00100C0B20028BC
:10B430003FD1002F3DD0D5F80880B8F1000F0CD0D7
:10B44000D5F8049008EB88064C4609EBC60623683D
:10B45000BB4205D02834A642F9D10120BDE8F087CF
:10B46000236A2834A6422FD05345F0D1A646A4F132
:10B47000280C2834BEE80F00ACE80F00BEE80F002F
:10B48000A642ACE80F009EE803008CE80300EDD173
:10B4900008F1FF34AC607CB104EB8404EB696A6AA8
:10B4A0004846E10098470346C0B100206B60BDE804
:10B4B000F0870B20BDE8F0874846AB69696A98477A
:10B4C00020466C60BDE8F0875345C6D108F1FF34D3
:10B4D000AC60002CE0D1EFE70B2070470A20E9E7D1
:10B4E0002DE9F047054684B0144631B10378023B9C
:10B4F000012B3FD904B0BDE8F087136802A9186892
:10B50000FFF718FF0028F5D120680521203001F051
:10B51000D7F823688146884603F12800052101F009
:10B52000CFF8074620680E460521183001F0C8F80C
:10B530002B7882460D46023B029A012B039B37D99A
:10B54000BA4273EB060160DA4A4573EB0801D1DABF
:10B550001AEB0202206843EB05030525283000950D
:10B5600001F0E4F8206800952030DDE9022301F0C5
:10B57000DDF8BFE7136802A91868FFF7DBFE0028B3
:10B58000B8D1DDE902231343B4D020680521283067
:10B5900001F096F8029D0246039B2068521B00F1C1
:10B5A000300061EB03030521009101F0BFF8A1E732
:10B5B00013439FD020684FF005080023002230304D
:10B5C000CDF8008001F0E8F851EA000306460F4686
:10B5D00090D0029A039B121ACDF80080206863EB8A
:10B5E000010312EB0A0200F1280043EB050301F00E
:10B5F0009DF8CDF800802068DDE902232030921B01
:10B6000063EB070301F092F874E7206808300AF052
:10B610004FF96FE7014B1868704700BF10F602083A
:10B620002DE9F04FABB00D460446924637A8359F42
:10B63000DDF8D08001F036F8B5FA85F35B0943EA0E
:10B64000D773002C08BF43F00103002B64D180F0B6
:10B650000100C0B200285FD1236823B164263046C0
:10B660002BB0BDE8F08F08A92846FFF763FE064619
:10B670000028F4D10DF1180B0BAE0DF160095846FE
:10B68000CDE9165A0AF01EF89BE8030089E803008A
:10B6900030460AF0F1F80DAB93E807008DE807009B
:10B6A0005146484696E80C000AF016F8064600286F
:10B6B000D5D1169B1B78012B33D0369942463B4699
:10B6C0000DF1DC0E1A910DF1940C4FF0000ACDE94A
:10B6D0001C23DDE908239FED2A7B12EB080047EBD2
:10B6E00003018DED227BCDE91E23CDE92001BEE8CB
:10B6F0000F00ACE80F00DEF8003050208DF890A06D
:10B700001946CCF80030379B9847206058B3502238
:10B7100016A90CF0E4FBA2E70B2630462BB0BDE8DF
:10B72000F08F012000218DF8403012AB164A0DF148
:10B73000400C05940492CDE912014FF0FF304FF018
:10B74000FF31CDE914010FCB8DE80F0028469CE8AE
:10B750000C00FFF7FBFD03460028AED048461E460E
:10B760000AF064F87BE748460A260AF05FF82246AA
:10B7700005492846FFF74EFE71E700BFAFF3008092
:10B780000000000000000000E1B401082DE9F04FC6
:10B7900087B000286CD003680446002B62D0BFF34A
:10B7A0005B8F93F83830BFF35B8F002B4FD103686A
:10B7B00004A91868FFF7BEFD0546002849D1DDE958
:10B7C0000423002B49DB052620680096203000F07A
:10B7D000E3FF23688046BFF35B8FD3F810B0BFF35D
:10B7E0005B8F206889463146283000F069FF0F469C
:10B7F000314606462068183000F062FF0246049881
:10B800000B46B618DDF814C0924647EB0107864296
:10B8100077EB0C0104DA53EA02012ED106466746A3
:10B820002068052132463B462830009100F07EFF1B
:10B83000BBF1000F0DD0049A2046059BB2EB080225
:10B8400063EB0903D847284607B0BDE8F08F40F204
:10B850002135284607B0BDE8F08F0125284607B0FE
:10B86000BDE8F08F4FF44875284607B0BDE8F08F6B
:10B870000B25284607B0BDE8F08F801B6CEB070155
:10B88000013861F10001CDE90232E4F74DFF029B7E
:10B89000013041F1000100FB03F301FB0A33A0FB7F
:10B8A0000A0A8619534443EB0707B9E770B582B01B
:10B8B00080B3036804468BB30D4659B3BFF35B8F67
:10B8C00093F83830BFF35B8F53B903686946186843
:10B8D000FFF730FD064648B140F22133984202D1CD
:10B8E00000231E462B70304602B070BD2068052133
:10B8F000283000F0E5FE009BC01A019B61EB0301BC
:10B900000128304671F10003B4BF012300232B70DE
:10B9100002B070BD0B26304602B070BD4FF44876C1
:10B92000E1E700BF70B582B030B3036804463BB3B3
:10B930000D4609B3BFF35B8F93F83830BFF35B8FCD
:10B94000ABB9036869461868FFF7F4FC064658B9B6
:10B9500020680521283000F0B3FE009BC01A019B2F
:10B9600061EB030128606960304602B070BD40F2AF
:10B970002136304602B070BD0B26304602B070BD95
:10B980004FF44876F0E700BF30B1006820B1C368DB
:10B990000BB1083070471846704700BF002849D0E7
:10B9A00070B51546C2B09AB11E466A4601AB0C4648
:10B9B00003F0C8F88446B8B9009971B1072919D0C5
:10B9C0004B1E052B3AD8DFE803F026292C2F321D19
:10B9D0004FF00B0C604642B070BD07290AD000231F
:10B9E00060462B6042B070BD09F0BEFC84466046E4
:10B9F00042B070BDFF2CF2D92960002EEAD0FE23A0
:10BA00003360E7E706232B60002EE3D0019B6046FE
:10BA1000336042B070BD01232B60F5E702232B6039
:10BA2000F2E703232B60EFE704232B60ECE7052309
:10BA30002B60E9E74FF00B0C604670470B46044A59
:10BA40004FF4807102A801F027F84FF0010CC1E714
:10BA500014F6020868B170B50D4616460446E4F7C0
:10BA60009FFC334601462A462046BDE87040FFF75A
:10BA700095BF0B20704700BF10B5084C8646844622
:10BA80000FCCACE80F000FCCACE80F000FCCACE84B
:10BA90000F0023687046CCF8003010BD74F6020821
:10BAA00018B1006B003818BF012070472DE9F04134
:10BAB00082B0002800F09580066B0446002E00F04E
:10BAC0008C80F06B02F072FB256B061E18BF4FF4E2
:10BAD0006176002D00F0818000272068D5F84C8029
:10BAE000A96D67602F6020B10191C047256B019956
:10BAF0002760A86820B1C047256B0023C5E9013342
:10BB00004FF00008A068EF6CA96DC4F80C80C5F870
:10BB10000C8028B1B847256BC4F80880EF6CA96D7C
:10BB20004FF000086869C5F8108028B1B847C5F81B
:10BB30001480256BEF6CA96D4FF000082069C4F8E4
:10BB40001480C5F8408028B1B847256BC4F8108030
:10BB5000EF6CA96D4FF00008A069C4F81C80C5F80F
:10BB6000188028B10191B847256B0199C4F8188055
:10BB7000286A20B1B847256B0023C5E907330027A1
:10BB8000206AD5F84C80A96D67626F6220B101917F
:10BB9000C047256B01992762E86A20B1C047256B31
:10BBA0000023C5E90A330027A06AD5F84C80A96DA7
:10BBB000E7622F6320B10191C047256B0199A7620D
:10BBC000A86B20B1C047256B0023C5E90D33EB6C92
:10BBD0002846A96D984700232363304602B0BDE88C
:10BBE000F0810B26304602B0BDE8F08118B338B5BD
:10BBF000036B04460BB319B31D684068854217D226
:10BC0000681C1860236843F8251002B115600846C7
:10BC1000FFF7DEFA50B1236B426800209B6843F8BF
:10BC20002520226B53680133536038BD012038BD95
:10BC300040F2863038BD0B2070474FF4617038BD3C
:10BC40000B2038BD002874D0036B10B50446002BC0
:10BC500071D0006838B16268002192000CF01CF8C5
:10BC6000236B00221A60A06838B1E26800219200BC
:10BC70000CF012F8236B0022DA60A06938B1E26997
:10BC8000002192000CF008F8236B00229A61206AD0
:10BC900038B1626A002192000BF0FEFF236B002294
:10BCA0005A62A06A38B1E26A002192000BF0F4FFF8
:10BCB000236B00221A63206938B162690021920067
:10BCC0000BF0EAFF236B00221A64986838B15A68B7
:10BCD000002192000BF0E0FF236B00225A605869AC
:10BCE00038B11A69002192000BF0D6FF236B0022B5
:10BCF0001A61186A38B1DA69002192000BF0CCFFA2
:10BD0000236B0022DA61D86A38B19A6A0021920066
:10BD10000BF0C2FF236B00229A62986B40B15A6B02
:10BD2000002192000BF0B8FF0023226B18465363EA
:10BD300010BD0B2070474FF4617010BD002800F05B
:10BD400080812DE9F04F046B83B00546002C00F094
:10BD50007A814FF000091F46D4F858A0884616464D
:10BD6000D4E913B3C0F80490C4F80090002900F09F
:10BD7000BF808C0052460068214601939847019B82
:10BD80002860002800F0F6802246494601930BF017
:10BD900083FFC5F804805246D5F830802146019BC8
:10BDA000D8F80800C8F8049098472B6BC8F808002A
:10BDB0009B68002B00F04A812246494618460BF04A
:10BDC0006BFF2C6B4FF00008D4F85890D4E9132384
:10BDD000C5F80C80C4F80C80002E40F09B80A86849
:10BDE00028B1494690472C6BAE60D4F858904FF07C
:10BDF0000008F619C4F8108040F0A280606930B1E4
:10BE00004946E36C984766612C6BD4F8589000263D
:10BE1000D4E913A86E612664002F40F0AF80286932
:10BE200038B14946D0472C6B2F61D4F85890D4E9EB
:10BE300013A800260C9BEE61A661002B40F09380B6
:10BE4000A86920B14946D0470C9B2C6BAB61206A96
:10BE500028B14946D0472C6B0023C4E9073300269C
:10BE60000D9BA76DD4E913896E626662002B00F00A
:10BE700098804FEA830A3A46286A5146C8472862A2
:10BE8000002877D0524631460BF006FF2C6B0D9BF5
:10BE90003A46E06A51466B62A662C8472B6BE06285
:10BEA000DC6A002C00F0F2802046524631460BF04E
:10BEB000F3FE2C6B00260E9BA76DD4E91389EE626E
:10BEC0002663002B40F09780A86A20B13946C0470E
:10BED0000E9B2C6BAB62A06B00284CD03946C04740
:10BEE00000232A6B1846C2E90D3303B0BDE8F08F7A
:10BEF000006820B15146D8472C6BC5F80080A06877
:10BF000000283FF45FAF5146D8472C6B0023C4E9AB
:10BF1000013357E7B4004A46A86821469847A8600D
:10BF200040B3224641460BF0B7FE4FF000082C6BA1
:10BF3000EE60F619D4F85890C4F810803FF45EAF64
:10BF4000B6004A46236D6069314698478146606174
:10BF5000002800F08480324641460BF09DFE2C6B99
:10BF6000D4F8589053E79C004A46A8692146C04738
:10BF7000A86140BB0A2003B0BDE8F08FBC004A4670
:10BF800028692146C04728610028F3D0224631465F
:10BF90000BF082FE2C6B6F61D4F85890D4E913A893
:10BFA00047E7286A20B13946C0470D9B2C6B2B62AE
:10BFB000E06A00283FF47EAF3946C0472C6B00236F
:10BFC000C4E90A3376E7224631460BF065FE2F6B53
:10BFD0000C9B4A46386A2146EB61FE61C0472B6BD9
:10BFE00038621F6A002F4AD02246314638460BF08D
:10BFF00053FE2C6B33E79C003A46A86A2146C8479B
:10C00000A8620028B6D0224631460BF045FED5F88E
:10C0100030A00E9B3A462146DAF83800EB62CAF8A7
:10C020003460C8472B6BCAF838009B6B002B34D0A8
:10C030002246314618460BF02FFE304603B0BDE8CD
:10C04000F08F0B2070474FF4617094E728685146D9
:10C050000193D847019B0A20C5E900338BE72B6B7E
:10C06000A868996DDB6C98472B6B2869DA6C996D21
:10C07000C5E9029990470A20C5E904997BE7A869B8
:10C080004946D0470A20C5E9067774E7286A394649
:10C09000C0470A20C5E908446DE7A86A39460193FC
:10C0A000C047019B0A20C5E90A3364E72DE9F04F38
:10C0B00085B005460E46174612A89846DDF844900E
:10C0C00000F0F0FA002D72D080F00100C0B200281C
:10C0D0006DD1D5F830A0BAF1000F04D06424204609
:10C0E00005B0BDE8F08FB9F1000F60D04846FEF70B
:10C0F00019F8002868D0129B5C201699984728638D
:10C10000002863D05C2251460BF0C6FD12ACD5F876
:10C1100030B0DDE90F320BF1480CCBF8449003EB63
:10C12000020E0E9BD9F800909E440FCCCBE901AAD9
:10C13000CBE904AACBE907AACBE90AAACBE90DAA65
:10C14000BE44ACE80F0023680EEB460109F128005D
:10C15000CCF8003002F020F82B6BCBF83C00D86B09
:10C1600050B3109C43463A463146029428460F9CF1
:10C1700001940E9C0094FFF7E1FD04460028AED028
:10C180002B6B2BBB002628463346324631460096A1
:10C19000CDE90166FFF7D2FD286B00289FD0C36C64
:10C1A000816D984720462E6305B0BDE8F08F0B24C3
:10C1B000204605B0BDE8F08F012401F0F7FF00280C
:10C1C00018BF4FF46174DDE7652488E70A2486E729
:10C1D000D86BF2E718B338B5036B04460BB319B349
:10C1E000DD68C068854217D2681CD860A36843F830
:10C1F000251002B11560084609F06AFB50B1236BA7
:10C20000426800205B6943F82520226B13690133E3
:10C21000136138BD012038BD40F2863038BD0B2097
:10C2200070474FF4617038BD0B2038BD28B338B566
:10C23000036B04461BB329B3186C6569A84219D275
:10C24000451C1D64236943F8201002B110600846A4
:10C25000FFF79AFB68B1226BE368156C013B1D4444
:10C2600009F036FB80B1236B426800205B6943F81C
:10C27000252038BD40F2863038BD0B2070474FF482
:10C28000617038BD0B2038BD012038BD18B338B5FA
:10C29000036B04460BB319B39D69C069854217D27D
:10C2A000681C9861A36943F8251002B1156008461F
:10C2B000FDF75CFE50B1236B426800201B6A43F817
:10C2C0002520226BD3690133D36138BD012038BDED
:10C2D00040F2863038BD0B2070474FF4617038BD96
:10C2E0000B2038BD18B338B5036B04460BB319B334
:10C2F0005D6A406A854217D2681C5862236A43F817
:10C30000251002B115600846FEF7A4FE50B1236B5C
:10C3100042680020DB6A43F82520226B936A0133D0
:10C32000936238BD012038BD40F2863038BD0B2005
:10C3300070474FF4617038BD0B2038BD000000001D
:10C340002DE9F04F2DED028B8DB0CDE904230028AF
:10C3500000F04F81066B0546002E00F01A814368FD
:10C3600083B9EB6873B96B6963B9EB6953B96B6AED
:10C3700043B9EB6A33B940F285300DB0BDEC028BA6
:10C38000BDE8F08F049B326C012B059B73F1000319
:10C39000C0F2F880DDE90487002A00F00F81002454
:10C3A000134640F221393246A246A3469FED988BB0
:10C3B00014E00028E1D1DDE90823424573EB0701D1
:10C3C00003DA90461F464FF0010B2A6B136C0134C1
:10C3D0004AF1000A9C427AF1000128D2286908A992
:10C3E000A60050F824000028F1D0EB68D2F814C061
:10C3F00023445CF823E0BEF1000F06D013694CF82B
:10C4000023E0013313612B6998598DED088BFFF7F9
:10C4100089FA4845CDD12B69002201349A512A6B03
:10C420004AF1000A136C9C427AF10001D6D35946B6
:10C430001646DDE90432134340F0B48000230022A5
:10C440000C46CDE90823CDE90A2308AB029306F197
:10C450003403F26B06F110010093301D06F11C034A
:10C46000019206F1280201F033FD2B6B80461A6C15
:10C47000E2B14FF000094F462A690DF11F014FEA62
:10C48000890652F8290060B18DF81F70FFF70EFA87
:10C4900000287FF472AF9DF81F300BB92A699351C1
:10C4A0002B6B09F101091A6C4A45E5D838F00200F6
:10C4B00076D16F687FB1024602E00132BA420AD0FB
:10C4C000996851F822100029F7D12E6846F82210F9
:10C4D0000132BA42F4D1EF687FB1002202E00132AA
:10C4E000BA420AD0596951F822100029F7D1AE6832
:10C4F00046F822100132BA42F4D1EF697FB100222E
:10C5000002E00132BA420AD0196A51F82210002919
:10C51000F7D1AE6946F822100132BA42F4D16F6AFF
:10C520007FB1002202E00132BA420AD0D96A51F842
:10C5300022100029F7D12E6A46F822100132BA42A1
:10C54000F4D1EF6A7FB1002202E00132BA420AD090
:10C55000996B51F822100029F7D1AE6A46F82210E3
:10C560000132BA42F4D1B8F1020F7FF406AF84F081
:10C570000103DBB2002B18BF02200DB0BDEC028B13
:10C58000BDE8F08F002A3AD04FF0FF386FF0004737
:10C5900005E74FF461700DB0BDEC028BBDE8F08F84
:10C5A0000120EAE6049B0C46012B059B73F1000376
:10C5B000A8BF44F0010414B9234647E71146002FF1
:10C5C00002DA4FF0000847460C464046394612A3AF
:10C5D000D3E90023E4F7A8F80FA3D3E90023CDE9BA
:10C5E000080140463946E4F79FF8CDE90A2308AB35
:10C5F0002CE70B200DB0BDEC028BBDE8F08F11468F
:10C600004FF0FF386FF0004713E700BFAFF3008033
:10C61000FFFFFFFFFFFFFF7F00CA9A3B0000000003
:10C620000AF0A8B90AF046BB0AF022BA0AF018BA12
:10C6300010B5054C864684460FCCACE80F00236845
:10C640007046CCF8003010BDA8F60208A8B1026808
:10C65000A2B14168A1B110B4C46864B1806838B1B6
:10C66000084B1A600022C3E901100120C3E903420C
:10C670005DF8044B70472046FAE770471046704754
:10C68000084670471C06002410B5054C86468446B3
:10C690000FCCACE80F0023687046CCF8003010BD1A
:10C6A0001C06002458B1036843B1436833B1C36822
:10C6B00023B18068003818BF0120704718467047C2
:10C6C00080EA1041164A174B4FF0010C81F03D01F2
:10C6D00001EBC10181EA111102FB01F181EAD131C3
:10C6E000A3FB01231B0903EB4302C3EBC203D0B43A
:10C6F000C91A0D4C6218D2E84F3FC2E846CF002E4F
:10C70000F9D1DBB2BFF35B8F002BF4D1D0E9006726
:10C71000BFF35B8F635430463946D0BC704700BFCF
:10C720002DEBD427C94216B208B4012470B580EAB3
:10C73000104E1649164C8EF03D0E0EEBCE0E8EEAC4
:10C740001E1E01FB0EFE13498EEADE3EA1FB0E51BA
:10C750004FF00105090901EB410CC1EBCC01AEEB37
:10C76000010E04EB0E0CDCE84F1FCCE8465F002EF8
:10C77000F9D1C9B2BFF35B8F0029F4D1C0E900231E
:10C78000BFF35B8F04F80E1070BD00BF2DEBD427F4
:10C7900008B40124C94216B280EA104C17498CF043
:10C7A0003D0C0CEBCC0C8CEA1C1C01FB0CFC144962
:10C7B0008CEADC3C70B58646A1FB0C01114D4FF0B4
:10C7C0000100090901EB4104C1EBC401ACEB010C10
:10C7D00005EB0C01D1E84F4FC1E8460F002EF9D10F
:10C7E000E4B2BFF35B8F002CF4D1DEE90001CEE9A7
:10C7F0000023BFF35B8F05F80C4070BD2DEBD427F1
:10C80000C94216B208B4012468B110B50C4629B16A
:10C810000AF0DEF820B12060002010BD034810BDF2
:10C82000034B236010BD0348704700BFD8F60208D1
:10C83000A0FA0208BCF60208064B1B783BB1064B77
:10C840001A780AB901221A70044B18787047044B01
:10C85000187870471FB4012431B4012430B4012486
:10C86000F4F60208000000009FED077B0023084A51
:10C8700008481380084903700B7082ED027B074A59
:10C8800013707047AFF3008000000000000000004C
:10C8900020B4012431B4012430B401241FB4012494
:10C8A0000020704782B000208DE80C0002B0704775
:10C8B00084B000200DF1040C04B08CE80E00704729
:10C8C0000FB4F0B583B008AC0E9E84E80F0026B319
:10C8D00008A8FFF7E7FE00B300210FAB3246084679
:10C8E000CDE9003300F006F9431C054615D0471C7E
:10C8F0000D9B9F4201D95D1E1F46089B38460C992F
:10C900009847044648B132463946019B00F0F2F898
:10C91000002809DB0023635500E00024204603B013
:10C92000BDE8F04004B070472046099B0C990024F4
:10C930009847F3E72DE9F04F2DED028B87B00026E5
:10C9400080468A460090084608EE102A994610252F
:10C95000E3F726FD3746B34601901EE00BF1010BCD
:10C96000019B5E4504EB030811D22E44D9F8083030
:10C97000D9F8102005EB4505B1009847002800F0D4
:10C980008880B5F5801F074628BF4FF48015009AB0
:10C9900007EB8B03A41A43F8044C514640460BF0B6
:10C9A000A2F904463846002CD8D14046E3F7F8FCFB
:10C9B000009BA8EB030808EB00040294BBF1000FF6
:10C9C00045D018EE100AE3F7EBFC019A0646D9F8B9
:10C9D0000030821AD9F810100BFB0242501C05924D
:10C9E00098478246002854D03A683D460099012471
:10C9F0000BF075FA3B68CDE9037A0AEB030818EEF1
:10CA0000107ADDF800A0CDF80090DDF804903246F1
:10CA100039464046B0440BF062FA55F8042BA34562
:10CA20004A440AEB02012AD02868821A4046904400
:10CA30000BF055FA621CA3451446E8D8DDF80090C7
:10CA4000DDE9037A0023059A0AF802300BE020465C
:10CA5000D9F80030D9F8101001309847824610B14B
:10CA600000990BF034FA3846D9F80430D9F8101090
:10CA70009847504607B0BDEC028BBDE8F08F029B93
:10CA80004046DDF800909A1ADDE9037A0BF027FAA8
:10CA9000D8E74FF0000AE6E70CB430B583B006AB38
:10CAA00053F8042B0193E2B1B0FA80F4B1FA81F5A6
:10CAB00050EA010C4FEA54144FEA551508D084B9D6
:10CAC0007DB90BF01DF803B0BDE8304002B07047EF
:10CAD000614660460BF014F803B0BDE8304002B088
:10CAE00070470BF0C7F9162203464FF0FF301A606B
:10CAF000E9E700BF70B5B2B1B0FA80F4B1FA81F5E0
:10CB000050EA010C4FEA54144FEA551505D054B9B8
:10CB10004DB9BDE870400AF0F3BF61466046BDE81C
:10CB200070400AF0EDBF0BF0A5F9162303604FF03B
:10CB3000FF3070BD84B070B582B0054607AC84E8A4
:10CB40000E00B0B1E3F72CFC421C079B06460B9984
:10CB5000104601929847044628B1019A29460BF0E5
:10CB6000BEF90023A355204602B0BDE8704004B0D2
:10CB700070470446F7E700BF82B0F8B506AC05463B
:10CB800084E80C0088B14F1C0E460A99384690473D
:10CB9000044628B13A4629460BF0A1F90023A355D3
:10CBA0002046BDE8F84002B070470446F8E700BFF1
:10CBB0000020014B1860704734B4012400285ED077
:10CBC0002DE9F0410C46016882B0054629B1CB68D9
:10CBD000A34206D91C460029F9D11F2002B0BDE8A6
:10CBE000F0818B68A34246D00E6A002C33D0B4F19A
:10CBF000804F42D2A700D1F81880086832463946E3
:10CC0000C047002839D02B6832463946186058682A
:10CC1000C047002831D02D68AB686860A34225D298
:10CC20002A6800EB070C990002EB830E00EB8306E9
:10CC3000E64503D202EB070C664522D3E31A7046A1
:10CC400000219A0001920BF027F8019A002130464A
:10CC50000BF022F80AE04F6908683146B8472B68A4
:10CC6000314658681C60B8472D686C600020AC6085
:10CC700002B0BDE8F0810020B0E70A20AEE70B204B
:10CC800070470B1F18441344043A1744002243F81A
:10CC9000042FBB4240F8042FF9D1E7E782B070B50A
:10CCA00004AC84E80C0080B3066804462EB11E254F
:10CCB0002846BDE8704002B0704704A80D46FFF753
:10CCC000F1FC10B3049B242008999847206010B30E
:10CCD0000DF1100E00F1100CC0E90066C0E902660B
:10CCE000BEE80F00ACE80F00DEF800302946204611
:10CCF000CCF80030FFF762FF05460028D8D0059B2E
:10CD00000899206898472660D2E70B252846BDE899
:10CD1000704002B070470A25CAE700BF2DE9F04114
:10CD200082B000283AD004680646002C32D0A368AE
:10CD30002BB3002522682F4652F82500E0B1216A66
:10CD4000D4F814800191C0470199D4E9003243F826
:10CD5000257052F82500C047E3686268013B42F83D
:10CD600025700135E3603468A3689D4207D22268CC
:10CD700052F825000028E2D101359D42DCD3002184
:10CD80003046FFF71BFF044620B930684369016A4B
:10CD900098473460204602B0BDE8F0810B2420465D
:10CDA00002B0BDE8F08100BF78B32DE9F84FD0F8AC
:10CDB00000B0BBF1000F1FD0B1FA81F488466409BE
:10CDC000D1B1DBF80870DBF80060AFB19146043EEA
:10CDD00056F8045F4FEA840A0134284655B1E3F758
:10CDE000DFFA0246294640464A4538BF4A460AF01D
:10CDF00068FF20B1A742EBD10020BDE8F88FDBF837
:10CE0000043053F80A00BDE8F88F704700B370B5DE
:10CE100084B0044601206946F8F7A2FEDDE900313E
:10CE2000002912DB53EA0102029D01D1002D0CDB27
:10CE3000084E0020A3FB06325B1906FB012242EBE1
:10CE4000E572C4E9003204B070BD022004B070BDC8
:10CE50000B20704700CA9A3B00B370B584B00446FB
:10CE600000206946F8F77CFEDDE90031002912DB7D
:10CE700053EA0102029D01D1002D0CDB084E002077
:10CE8000A3FB06325B1906FB012242EBE572C4E903
:10CE9000003204B070BD022004B070BD0B2070479A
:10CEA00000CA9A3B0000000010B50446103000F0A4
:10CEB0000FF800232046A360A364E3649FED027B88
:10CEC00084ED007B10BD00BF0000000000000000EA
:10CED00010B50446382200210AF0DEFE04F11000ED
:10CEE00001F020FD4FF0FF332046E36010BD00BF8E
:10CEF00070B4059CDDE903657AB173B1002E18BFEB
:10CF0000002D0AD04CB1646B207400206562C4E926
:10CF10000512C4E9073670BC70470B2070BC70471F
:10CF200070B528B1044600680D4601F0E9FC10B95F
:10CF30000124204670BD6368002BF9D0002DF7D086
:10CF4000286801F0DDFC0028F2D06E68002EEFD0DA
:10CF5000646832692069D0F8883300F52870196850
:10CF600004F016FB02462069D0F89033D0F88813FD
:10CF700001F04CFC20693269D0F8883300F5287044
:10CF8000196804F0BDF802462069D0F89033D0F853
:10CF9000881301F03BFC03462846002B14BF0024F5
:10CFA000022401F00FFBC4E7014B1868704700BF73
:10CFB000D000030884B0F0B583B009AD85E80E0059
:10CFC00030B104462846FFF76DFB08B1A6682EB1C4
:10CFD0000B2003B0BDE8F04004B0704700220023EE
:10CFE00004F1200CDFF898E06F46C4E90023204BE1
:10CFF0001B68A3600FCDACE80F002B683846CCF857
:10D000000030C4F81CE0E66001F08CFC04F1100371
:10D01000032297E8030083E80300164816492676A2
:10D0200001F010FA134808F005FEF0B1134A8368C6
:10D030005168636310785961D1681874D9611169B6
:10D0400019625169926859629A6106F0B1FA09F061
:10D05000C5FD09F0F1FD636B98620028F9D000204E
:10D0600003B0BDE8F04004B070470120B1E700BF55
:10D07000D0000308F00A0224E8B5012438B40124E2
:10D0800018F50208002847D070B50D4649B104468E
:10D09000806820B1224B1968E3F722F9A8BBAB687E
:10D0A0001BB14FF00B0C604670BD23462A4604F1BD
:10D0B0003006D3F800E0103353F80CCC103253F89C
:10D0C000080C53F8041CB34242F810EC42F80CCCA4
:10D0D00042F8080C42F8041CEBD119685B6811484F
:10D0E0001160536008F0A6FD98B183684FF0000C02
:10D0F0006B63656B03F1100410350FCD0FC495E819
:10D10000070084E80700604670BD4FF00C0C6046D5
:10D1100070BD4FF0010CC6E74FF00B0C6046704736
:10D12000D0000308F00A022410B58EB088B304467C
:10D130002030FFF7B7FA60B3A06820B11A4B196826
:10D14000E3F7CEF868BB194B196831B3626B01E0A5
:10D15000496811B38B689A42FAD1144808F07AFDF5
:10D160006846FFF7B5FEEE46A4460024BEE80F0071
:10D17000ACE80F00BEE80F00ACE80F00BEE80F00FF
:10D18000ACE80F009EE803008CE8030020460EB0D8
:10D1900010BD0B2420460EB010BD012420460EB059
:10D1A00010BD0C24F2E700BFD0000308F00A0224EF
:10D1B0002DE9F04383B0002800F0D3800E4600290B
:10D1C00000F0CF80436B0546002B00F0CA80784BFF
:10D1D00080681F6828B13946E3F782F8002840F0DC
:10D1E000CA80744C4FF0000873497448D5E9002395
:10D1F000B760C6E90023EB680122B36401F0C2F80E
:10D20000204606226E4901F0FDF86C4884F80D8036
:10D2100008F010FD002800F0A9808468686B04F114
:10D220001009416A90F810C0D0E9062301916146C7
:10D23000006A0090484604F039F94FF47A7204F518
:10D24000805360496048C4E9E32204F55E72C4E992
:10D25000E122C3F894850122C3F89885C3F89C8520
:10D26000C3F8A085C4E9DA78F46401F06BF806220B
:10D270005649574801F046F806225649564801F0EB
:10D2800021F801225549564800F0DCFF012255499A
:10D29000554800F0F7FF0C225449554801F092F828
:10D2A00003225449544801F0CDF80422534954480C
:10D2B00001F0E8F853495448042201F003F94246CA
:10D2C000696BF06C00F0ECFD0746002858D16B6BE1
:10D2D00004F5287504F522719A6A284604F0DCFAF0
:10D2E00022464A49284604F0FBFA3A46484928466D
:10D2F00004F0F2FA3A464749284604F0F5FA3A466D
:10D300004549284604F0F4FAB4F89822042304F5B9
:10D3100065719200284604F02BFBB4F89822042390
:10D3200004F694319200C4F87403284604F0F6FA27
:10D33000C4F87803284604F015FB41F29431C4F890
:10D34000800328462144B4F8982204F0D5FAC4F8A2
:10D350007C03284605F0C4F8F8B1384603B0BDE8B0
:10D36000F0830B27384603B0BDE8F0830127384629
:10D3700003B0BDE8F0830C27384603B0BDE8F08366
:10D38000484604F0D1F821460C4808F063FC3846C2
:10D39000C6F84C8003B0BDE8F083484604F0C4F8FA
:10D3A0002146064808F056FCF7640127D5E700BF80
:10D3B000D0000308400B0224E8BC0124300B0224F7
:10D3C00090D201246CB60124000B02241004022424
:10D3D000500B022410B70124100B022420BC01249E
:10D3E000200B0224A0B4012490B4012420090224BB
:10D3F000600B0224E8B50124F00A0224700A02241A
:10D40000700B022468B50124E00A02246D5A020858
:10D41000655A0208055B0208A15B0208174BC16C44
:10D4200070B51C68054634B30026D4E90140026992
:10D430008A4218D0002CF8D189B1D1F8883301F58F
:10D4400028709B78012B14BF0A21002105F020F8D9
:10D45000E86C01F057F8E86C103004F065F8002330
:10D460003046EB6470BD183000F09CF8E96C06465D
:10D47000002CDAD1E0E72646DEE700BF000B0224ED
:10D480002DE9F04383B0002B64D0064638480F46A0
:10D4900090461D4608F0CEFB00285BD08468EB6CFC
:10D4A00004F12C0904F118052361FFF77DFDC4F890
:10D4B0002090C4E906043046E2F772FF421C3C2A81
:10D4C00040D8484604F1680931460AF008FD38465C
:10D4D000C4F82490E2F764FF421C3C2A32D8394653
:10D4E00048460AF0FCFC2369012103F58053B3F898
:10D4F00094054218A3F8942504F01AF860613B786B
:10D500002F2B2CD17B7853BB33461A4A3C211A4827
:10D510000AF054FA206906211FFA88F3D0F8842310
:10D5200000F528700191144900911168626903F0B7
:10D5300033FE02462069D0F88C33D0F8841301F012
:10D5400065F918B92846002500F0E2FF284603B027
:10D55000BDE8F0830025284603B0BDE8F0833B46D4
:10D56000064A3C21009604480AF028FAD2E700BF98
:10D57000000B02242CF7020854B4012428F50208F9
:10D580008C461146BCF1000F0AD09CF800303BB12C
:10D5900032B1137823B10346826C6046FFF770BF47
:10D5A00000207047F8B528B30746006820B1374B14
:10D5B0001968E2F795FEE8B97D68DDB1344B1C6867
:10D5C000002C60D00026D4E90141D1F880309D4282
:10D5D00013D0002CF7D12F4B1C68C4B1D4E9014102
:10D5E0000B6A9D42F9D17C31384600F0A3FB01283B
:10D5F0000646F2D101263046F8BD8431384600F0A7
:10D60000B1F901280646F5D0002CDCD1E3E7224B26
:10D610001C686CB1D4E901418B6F9D42F9D17C311A
:10D62000384600F043FB01280646E3D0002CF1D138
:10D630001A4B1C686CB1D4E901418B6F9D42F9D142
:10D640007C313846FFF76CFC01280646D2D0002C0E
:10D65000F1D128696A69D0F8883300F52870196813
:10D6600003F04EFD02462869D0F88813D0F89033B5
:10D6700001F0CCF803463846002B08BF022600F024
:10D6800047FF3046F8BD2646A5E700BFD000030897
:10D69000100B0224500B0224200B022490B401240E
:10D6A0004368186900F55A70704700BFC96F04F0ED
:10D6B00051BD00BF002853D070B50D468EB0002973
:10D6C0004BD00446006801F01BF9002845D066687D
:10D6D000002E42D0B469284623699847F369059023
:10D6E00013B105A898470598D6F880301B690090BB
:10D6F00003F52870726906ABB16F05F0F9FFD8B178
:10D70000A36806A928469847336A04460BB106A8C1
:10D71000984796F87A30012BD6F8803022D01869D5
:10D72000F16F00F5287004F015FD2040C4B284F0BC
:10D730000100C0B20EB070BDD6F880301869059BEC
:10D74000029600F528700093094B019306AB7269AD
:10D75000B16F05F0FDFF0028D2D101200EB070BDE1
:10D7600001207047186900F5287004F039F9DEE7E8
:10D77000ADD601082DE9F04F87B0002800F0D28027
:10D780000E46002900F0CE800446006815461F466C
:10D7900001F0B6F880F00100C0B2002840F0C2806D
:10D7A000002D00F0BF802B78002B00F0BB80002FF5
:10D7B00000F0B8805E48D4F8049008F03BFA0028E6
:10D7C00000F0B080846804F19C0AC4F88840FFF738
:10D7D000EBFBC4F88400C4F88CA02846E2F7E0FD17
:10D7E000013004F184083C2800F28F802B46514A16
:10D7F0003C2150460AF0E2F84FF47A733946502241
:10D80000E36704F12800C4F880900AF068FB3B7AD3
:10D8100030464949022BD9F810300CBFD3F87C337D
:10D82000D3F87833A3670023C4E9073301F05CFA27
:10D8300000286AD04268A261002A66D029463B4689
:10D84000484608F045FA6062002862D0D9F81030E6
:10D850000321062503F58053B3F89805421CA3F86D
:10D86000982503F065FED4F88020D9F810302061A7
:10D87000D3F884331069009500F52870196822697F
:10D88000D9F8143003F0F0FC0246D9F81000D0F8B3
:10D890008C33D0F8841300F0B9FFB0B3D9F810304E
:10D8A00005210DF1100A03F58053B3F89A05421CC7
:10D8B000A3F89A2503F03CFED4F880303946606125
:10D8C0001E695046D9F81030D4F824B006F52876F1
:10D8D000D3F8847300F0B6FF03959AE80300019033
:10D8E0003046ADF80810DBF8103000933968D4E901
:10D8F000043203F0E9FC0246D9F81000D0F88C336A
:10D90000D0F8841300F082FF70B9606A08B100F0AB
:10D910006FFE40464FF0000800F012FE404607B090
:10D92000BDE8F08F4FF00008404607B0BDE8F08F2B
:10D93000100B02242CF70208F8F6020878B110B593
:10D94000B1FA81F4640941B143685022084603F1F9
:10D9500028010AF0C4FA204610BD0B2010BD0B2090
:10D96000704700BF2DE9F04128B1044600680D461C
:10D9700000F0C6FF18B901242046BDE8F0816368B5
:10D98000002BF8D0B5FA85F46409002DF3D028688F
:10D9900000F0B6FF0028EED06E68002EEBD0706A63
:10D9A000D6F8807008F0E4F9D6F88030726918690A
:10D9B000D0F8883300F52870196803F0A1FBD6F879
:10D9C0008030804632691869D0F8883300F52870B5
:10D9D000196803F095FB064638694246D0F8903343
:10D9E000D0F8881300F012FF3F6932460646D7F898
:10D9F00090333846D7F8881300F008FF26B118B1E5
:10DA0000284600F09DFDB7E70224F9E72DE9F04331
:10DA1000044600688BB00E46154628B1214B1968A4
:10DA2000E2F75EFC002839D1646800276369D4F806
:10DA300078809B689847D0F804903046D9F8103029
:10DA40009847D8F81030009003F52870226902AB8F
:10DA5000216F05F04DFEC5E9000798B1D9F80830EF
:10DA600002A93046984794F87230D8F81000012B7C
:10DA70000CD0616F00F5287004F06CFB38460BB0D9
:10DA8000BDE8F08301200BB0BDE8F08300F52870FD
:10DA900003F0A6FF38460BB0BDE8F0830C200BB0B6
:10DAA000BDE8F083D00003082DE9F0430546006887
:10DAB00089B00C4690461E4628B1284B1968E2F7FB
:10DAC0000FFC002846D10EB100233370D5F8049026
:10DAD00000F01EFE484600F0F1FD0746B0B3856831
:10DAE000D5F83828D5F83C38C4E9083295F83738E5
:10DAF0002374B5F8342895F83638A4F81120E37467
:10DB0000D5F82818D5F82C28D5F830386161A261ED
:10DB1000E361D9F814309B6898474468D5F8102819
:10DB200005F11001684603F01FFA4146E3686846B4
:10DB30009847394604460A4808F08CF806B1347014
:10DB400084F00100C0B209B0BDE8F083012009B043
:10DB5000BDE8F0830C2009B0BDE8F083D0000308D5
:10DB6000400B0224F0B50546006891B00C461646FD
:10DB700028B1294B1968E2F7B3FB002841D16D6841
:10DB8000A1686068AF6FD4E9043207932346069218
:10DB900013F8012B9B788DF817208DF81630B4F808
:10DBA0000130E268ADF8143002AB6C6907C3E3687A
:10DBB0009847446830462369984700F1180338694C
:10DBC000009308AB00F528702A69296F05F090FDD5
:10DBD00010B9012011B0F0BD02A908A806F0E2FDBD
:10DBE000A36808A93046984795F872303869012B28
:10DBF0000AD0696F00F5287004F0ACFA002011B06B
:10DC0000F0BD0C2011B0F0BD00F5287003F0E8FE67
:10DC1000002011B0F0BD00BFD00003082DE9F04195
:10DC20000446006888B00F4690461D4620B11D4B43
:10DC30001968E2F755FB68BB0DB100232B706468CF
:10DC400000F066FD204600F039FD064630B36369FA
:10DC50008468DB6804F5036252E90201C7E9080140
:10DC600098474768D4F8102804F11001684603F07B
:10DC70007BF94146FB6868469847314604460A48A6
:10DC800007F0E8FF05B12C7084F00100C0B208B0C5
:10DC9000BDE8F0810C2008B0BDE8F081012008B09B
:10DCA000BDE8F081D0000308400B022470B528B114
:10DCB000044600680D4600F023FE10B901242046FA
:10DCC00070BD6368002BF9D0002DF7D0286800F0F4
:10DCD00017FE0028F2D06E68002EEFD0646832691B
:10DCE0002069D0F8883300F52870196803F050FCDB
:10DCF00002462069D0F89033D0F8881300F086FDF2
:10DD000020693269D0F8883300F52870196803F06B
:10DD1000F7F902462069D0F89033D0F8881300F064
:10DD200075FD03462846002B14BF0024022400F092
:10DD300033FCC4E72DE9F04128B1044600680D46E4
:10DD400000F0DEFD18B901242046BDE8F0816368CB
:10DD5000002BF8D0B5FA85F46409002DF3D02868BB
:10DD600000F0CEFD0028EED06E68002EEBD0376AB2
:10DD700072693869D0F8883300F52870196803F0A3
:10DD800007FC02463869D0F89033D0F8881300F0C9
:10DD90003DFDF06907F0ECFF336A72691869D0F84D
:10DDA000883300F52870196803F0AAF9336A8046B1
:10DDB00032691869D0F8883300F52870196803F0C3
:10DDC0009FF9064638694246D0F89033D0F8881358
:10DDD00000F01CFD3F6932460646D7F890333846BE
:10DDE000D7F8881300F012FD26B118B1284600F0CC
:10DDF000BDFBA9E70224F9E7F0B50446006889B045
:10DE00000F46154628B1244B1968E2F769FA002835
:10DE10003ED105B3002364682B7000F079FC2046E6
:10DE200000F04CFC0646F0B181686846D1F8102835
:10DE3000103103F099F8A36939466846DB689847C2
:10DE400004463146154807F005FF2C7084F00100A8
:10DE5000C0B209B0F0BD646800F05AFC204600F082
:10DE60002DFC054610B9012009B0F0BDA96868462F
:10DE7000D1F81028103103F077F8A36939466846C5
:10DE8000DB68984729460446044807F0E3FEDDE7CF
:10DE90000C2009B0F0BD00BFD0000308400B0224E5
:10DEA00008B508B100F1100239B14969104603F014
:10DEB00007FB80F00100C0B208BD044B1046596852
:10DEC00003F0FEFA80F00100C0B208BD38B40124AE
:10DED0002DE9F043984640EA010389B048EA03037C
:10DEE000129C134300F0068105460E4691466CB124
:10DEF000A64B04AF0FCB87E80F008DE80F0094E826
:10DF00000F0000F013FD002800F00B814FF0FF37E9
:10DF100000F0FEFB9E4B1C684CB123460021D3E968
:10DF2000013202F5805282F8A415002BF7D1B9F125
:10DF3000000F11D0D9F8001071B1D9F804C0002336
:10DF400001205CF823200133926F9942126902F597
:10DF5000805282F8A405F4D1B8F1000F11D0D8F89E
:10DF6000001071B1D8F804C0002301205CF8232010
:10DF70000133926F9942126902F5805282F8A4052A
:10DF8000F4D185B1296871B1D5F804C0002301200E
:10DF90005CF823200133126A9942126902F580521B
:10DFA00082F8A405F4D144B322460023D2E901212A
:10DFB00001F5805191F8A4150B44DBB2002AF5D18C
:10DFC000002B5FD07A1C0DD007EE907AF8EEE76A4E
:10DFD00007EE903AF8EE677A86EEA77AFDEEC77AFA
:10DFE00017EE907AA06800F5805393F8A435002BC3
:10DFF00040F08D806468002CF4D1B9F1000F00F07E
:10E00000A180D9F80070002F00F0A48000242746DA
:10E01000D9F8043053F8240000F050FB00283BD01E
:10E020000134D9F800300127A342F1D80127B8F113
:10E03000000F10D0D8F800306BB10024D8F80430AD
:10E0400053F8240000F03AFB70B30134D8F80030E4
:10E050000127A342F2D8002D35D02B689BB30024B2
:10E060006B6853F8240000F029FB28B301342B68B7
:10E070000127A342F4D8002E3CD03468002C39D0BC
:10E08000012723E0A068002100F5287004F028F89B
:10E090006468002CF6D1B0E7D9E9003242F82400D8
:10E0A0000134A342B4D8C2E7D8E9003242F82400D0
:10E0B00001349C42C2D3CEE7D5E9003242F82400B5
:10E0C0000134A342CCD8A6B1346894B100231D46D4
:10E0D00004E040F823200133A3420AD0706850F8CE
:10E0E00023100A7C002AF4D0013317460D74A34292
:10E0F000F4D147B1002009B0BDE8F0831EB1346807
:10E100002F46002CE2D1022009B0BDE8F083394649
:10E1100000F5287003F0FEFF6468002C7FF462AF06
:10E120006BE794E80F0000F057FC0023194AE2F770
:10E130004BFBB0F1004F074671F10003A8BF6FF031
:10E140000047E5E6B8F1000F0FD0D8F8003093B1E2
:10E150004F4672E7B8F1000F07D0D8F80030002B17
:10E160007FF46BAF55B11F4677E7002DC6D02B6803
:10E1700043B1474673E70DB14F466EE72F46002E79
:10E18000A2D1C0E74746002E9ED1BCE7C8B702081F
:10E19000300B022440420F0008B5034807F04AFD47
:10E1A00008B18068103008BD700B022408B5084B18
:10E1B000196811B90AE0496841B18B681033984277
:10E1C000F9D1034807F046FD002008BD012008BD35
:10E1D000700B0224034B186810B1836893F8400356
:10E1E000704700BF300B0224054B1B6823B19868B1
:10E1F00000F5287003F0D8BB00200021704700BF55
:10E20000300B0224054B1B6823B1986800F5287079
:10E2100003F0DCBB00200021704700BF300B02245C
:10E2200008B5074B1B684BB10146986800F528708C
:10E2300004F00AF880F00100C0B208BD012008BD5A
:10E24000300B0224E2B12DE9F041057B0646ADB961
:10E25000C82317460C46A846836040F20113C0E964
:10E260000055838101352146304607F0F3FCAF426B
:10E27000A46004F1C80404F8BC8CF3D1BDE8F081BB
:10E28000704700BFE2B12DE9F041057B0646ADB90C
:10E29000C82317460C46A846836040F20113C0E924
:10E2A0000055838101352146304607F0D3FCAF424B
:10E2B000A46004F1C80404F8BC8CF3D1BDE8F0817B
:10E2C000704700BFE2B12DE9F041057B0646ADB9CC
:10E2D000D82317460C46A846836040F20113C0E9D4
:10E2E0000055838101352146304607F0B3FCAF422B
:10E2F000A46004F1D80404F8CC8CF3D1BDE8F0811B
:10E30000704700BFE2B12DE9F041057B0646ADB98B
:10E31000D82317460C46A846836040F20113C0E993
:10E320000055838101352146304607F093FCAF420A
:10E33000A46004F1D80404F8CC8CF3D1BDE8F081DA
:10E34000704700BFE2B12DE9F041057B0646ADB94B
:10E35000A42317460C46A846836040F20113C0E987
:10E360000055838101352146304607F073FCAF42EA
:10E37000A46004F1A40404F8988CF3D1BDE8F08102
:10E38000704700BFEAB12DE9F843057B0646B5B9F1
:10E3900041F2A85840F2011317460C46A946C0F8AE
:10E3A00008808381C0E9005501352146304607F0D9
:10E3B00051FCAF42A46084F80C904444F4D1BDE811
:10E3C000F8837047E2B12DE9F041057B0646ADB90F
:10E3D0001C2317460C46A846836040F20113C0E98F
:10E3E0000055838101352146304607F033FCAF42AA
:10E3F000A46004F11C0404F8108CF3D1BDE8F08192
:10E40000704700BFEAB12DE9F041057B0646B5B97A
:10E410004FF4046317460C46A846836040F201138C
:10E42000C0E90055838101352146304607F012FCD2
:10E43000AF42A46084F80C8004F50464F3D1BDE815
:10E44000F0817047E2B12DE9F041057B0646ADB998
:10E450002C2317460C46A846836040F20113C0E9FE
:10E460000055838101352146304607F0F3FBAF426A
:10E47000A46004F12C0404F8208CF3D1BDE8F081F1
:10E48000704700BFE2B12DE9F041057B0646ADB90A
:10E490001C2317460C46A846836040F20113C0E9CE
:10E4A0000055838101352146304607F0D3FBAF424A
:10E4B000A46004F11C0404F8108CF3D1BDE8F081D1
:10E4C000704700BFE2B12DE9F041057B0646ADB9CA
:10E4D000202317460C46A846836040F20113C0E98A
:10E4E0000055838101352146304607F0B3FBAF422A
:10E4F000A46004F1200404F8148CF3D1BDE8F08189
:10E50000704700BF0146014807F0A4BB300B02244E
:10E5100038B50446006828B1074B1968E1F7E0FEFA
:10E5200040B92060616829B1002504480D6107F0F9
:10E5300091FB656038BD00BFD0000308000B0224CA
:10E5400010B50446006828B1064B1968E1F7C8FE0B
:10E5500038B92060616821B1034807F07BFB0023D4
:10E56000636010BDD0000308100B022410B50446F0
:10E57000006828B1064B1968E1F7B2FE38B920608F
:10E58000616821B1034807F065FB0023636010BD9B
:10E59000D0000308500B022410B50446006828B1CF
:10E5A000064B1968E1F79CFE38B92060616821B11B
:10E5B000034807F04FFB0023636010BDD000030841
:10E5C000200B022410B50446006828B1064B1968D8
:10E5D000E1F786FE38B92060616821B1034807F091
:10E5E00039FB0023636010BDD000030890B4012400
:10E5F00010B504460348214607F02CFB0023A36115
:10E6000010BD00BF600B022482B02B4930B50D68ED
:10E6100003AC84E80C001C46002D4BD02B46002197
:10E620009A685B68D2F81428904208BF0131002B29
:10E63000F6D19DF80C30022B29D020D88C4228D856
:10E64000B4FA84F2520924B3DDB14FF0FF3C6FF00D
:10E65000004401E06D68ADB1AB68D3F8141888428E
:10E66000F8D1D3F8181803F50263614553F8043C58
:10E6700073EB040EEEDA8C461C462A46EAE7032BBF
:10E68000DCD000221046BDE8304002B070478C421A
:10E6900005D90948BDE8304002B007F0CBBAB4FA5A
:10E6A00084F25209002CEDD10348BDE8304002B09D
:10E6B00007F0C0BA2946BCE7400B0224124B1B6886
:10E6C00030B5F3B14FF0FF3E6FF0004C002401E095
:10E6D0005B68A3B19A68D2F814188842F8D1D2F8CE
:10E6E000181802F50262714552F8042C72EB0C0501
:10E6F000EEDA1C465B688E469446002BEAD1204633
:10E7000030BD1C46204630BD400B022400000000F6
:10E710003D4B2DE9F04F1F682DED068B8DB0FFF7B7
:10E7200071FD002F5DD0B84681468A4604ACD8F80A
:10E73000085095F82038042B9FED2D8B9FED2EABC4
:10E740009FED2F9B3FD0052B44D0032B3BD08DED6D
:10E75000048B8DED06AB08AB8DED088B8DED0A8B30
:10E760000FCB8DE80F0094E80F0000F0DFF818B130
:10E770008DED049B8DED068BD5F8186805F50265C7
:10E7800055F8047CD8F804B094E80F0000F024F9A0
:10E79000301847EB0101484571EB0A0305DB55E9E9
:10E7A000022391457AEB030303DA4146164807F04A
:10E7B00051FABBF1000F14D0D846D8F8085095F89C
:10E7C0002038042BBFD1D5F8143840330FCB84E860
:10E7D0000F00C0E7D5F8143848330FCB84E80F009A
:10E7E000B9E70DB0BDEC068BBDE8F08FAFF300804C
:10E7F0000000000000000000010000000000000018
:10E800001E00000000000000400B022410B58C78B0
:10E8100086B0012CADF80E200CD0012419460DF164
:10E820000E020DF11703009400F5287003F0B6FCFA
:10E8300006B010BD00F5287003F0D2F8204606B0EF
:10E8400010BD00BF4A7A91F808C0022A18BF002202
:10E850000270ACF10202B2FA82F2520942700A78F6
:10E860008988A2F102028180B2FA82F25209827092
:10E87000704700BF002330B50B7087B003681446A3
:10E88000BBB10E4A1546009503920D4D42680846ED
:10E890000C4904920591029121460B4A019509F019
:10E8A0008DF80028A8BF8442CCBF0120002007B00B
:10E8B00030BD064B014A1D46E5E700BF1CF70208C4
:10E8C00034F7020830F7020820F70208A0FA02081D
:10E8D00030B5144683B00546074B084A08460095F4
:10E8E000214609F06BF80028A8BF8442CCBF012064
:10E8F000002003B030BD00BF38F7020820F5020841
:10E9000010B5044640B1FEF74FFB01462046E1F743
:10E91000E7FCB0FA80F0400910BD00BF00220260A1
:10E92000027170470022027042607047F0B484B0F8
:10E9300004AC04E90F0003462549019D10469942A5
:10E940004FF00202039EAA4130D3224C6FF00041E7
:10E95000A3FB043204FB0522DD438C1A8542B4413B
:10E9600032D310EB030C42EB0601194802220A9D38
:10E970000B9FDDE908369842B2411CD3154C6FF06D
:10E980000040A3FB043204FB0622DE43841AAE429D
:10E99000BC4115D35B1942EB07028A4208BF6345AD
:10E9A0000CBF0120002004B0F0BC70474FF0FF3CCA
:10E9B0006FF00041D9E74FF0FF336FF00042ECE712
:10E9C0004FF0FF330246E8E74FF0FF3CCDE700BFD2
:10E9D000047DC12500CA9A3B70B485B004AC04E93B
:10E9E0000F0003461349019D104699424FF0020261
:10E9F000039EAA4111D3104C6FF00041A3FB0432D7
:10EA000004FB0522DD438C1A8542B4410CD318184F
:10EA100042EB060105B070BC70474FF0FF306FF05D
:10EA2000004105B070BC70474FF0FF3005B070BCBE
:10EA3000704700BF047DC12500CA9A3B10B504464B
:10EA40004022002109F028F9204610BD00285DD0A1
:10EA50002DE9F0410D4600295AD004461646E1F74B
:10EA60009FFC50B123782F2B0ED002232B6046B190
:10EA7000002318463360BDE8F08101232B60002E8F
:10EA8000F6D10020BDE8F081431EE25C2F2A41D080
:10EA9000621EC4F1010E02EB00080EEB020712F831
:10EAA000013F23F02001A3F12F0C413919290FD97F
:10EAB000BCF10A0F0CD9A3F15F03B3FA83F35B092E
:10EAC00033B904222A60002EDBD018463760D2E723
:10EAD0004245E2D101231A4F04E0984204F10104B7
:10EAE00013461CD9984203F10102F6D021782F2950
:10EAF000F3D161782F291ED0C95D4907EDD50622D3
:10EB00002A60002EBDD000203360B4E70B20704790
:10EB10000B20B0E703222A60002EF4D1B1E7F728DA
:10EB200003D8002318462B60A5E707232B60002E8F
:10EB3000A7D0F623E7E705222A60002EE3D1A0E75D
:10EB400095010308002843D070B51446C2B02AB31B
:10EB500001290D461E4602D103782F2B12D001AA9F
:10EB60006946FFF773FF80B9009A4AB1072A07D0B8
:10EB7000531E052B2ED8DFE803F01C1F2225281476
:10EB8000F52D04D800231846236042B070BD07233A
:10EB90002360002EF9D0F4233360F6E70B2042B057
:10EBA00070BD06232360002EEFD0019B336042B07E
:10EBB00070BD01232360F6E702232360F3E70323FC
:10EBC0002360F0E704232360EDE705232360EAE7F1
:10EBD0000B20704713464FF48071034A02A8FDF7DB
:10EBE0005BFF0120D1E700BF3CF7020868B170B5B8
:10EBF0000D4616460446E1F7D3FB334601462A4646
:10EC00002046BDE87040FFF79DBF0B20704700BF56
:10EC1000072803D8024B53F820007047014870477B
:10EC200034F902088CF70208002842D02DE9F0419F
:10EC30000D4600293FD004461646E1F7B1FB10B35C
:10EC4000631EC4F1010103EB0008CF1813F801EFB4
:10EC5000AEF130022EF0200C092AACF1410C05D99E
:10EC6000BCF1190F02D9BEF15F0F14D19845ECD158
:10EC70002278164BD35C13F0040313D1FF281CD861
:10EC800018462B600CE001232B607EB10023184650
:10EC90003360BDE8F08102232B603EB10020376075
:10ECA000BDE8F08103232B60002EEFD10020BDE8EA
:10ECB000F0810B2070470B20F2E704222A60002E1F
:10ECC000F4D0FE2218463260EAE700BF950103083F
:10ECD000042803D8024B53F82000704701487047BE
:10ECE00040FA020854F902088368184710B5044630
:10ECF0000068E1F7F5FA00280CBF2046002010BD9F
:10ED000010B5044686B070B101A8FDF7BDFC019BAB
:10ED1000059901209847206028B100210122017047
:10ED20001046C4E9011206B010BD00BF20B303684D
:10ED300010B5044686B073B18368F3B101A8FDF73E
:10ED4000A3FC029B0599206898470023C4E900337F
:10ED5000A36006B010BD4368DBB98368002BF8D010
:10ED6000124B5122012112481B68DB6808F0A8FDF4
:10ED70004FF0FF3007F01AFE70470C4B4C22012178
:10ED80000C481B68DB6808F09BFD4FF0FF3007F074
:10ED90000DFE064B4E22012107481B68DB6808F078
:10EDA0008FFD4FF0FF3007F001FE00BF5C0700242D
:10EDB000F4FA020854FA0208A4FA0208044B1A688A
:10EDC0000AB103487047034A014812681A60704745
:10EDD0003C0600244C070024024A034B12681A60C8
:10EDE000704700BF4C0700243C060024044B1A68FF
:10EDF0000AB103487047034A014812681A60704715
:10EE0000500600244C070024024A034B12681A6083
:10EE1000704700BF4C070024500600242DE9F04144
:10EE200080460F4600F08AF9044608F118003C4479
:10EE3000C7F14807214600F071FA04440821204632
:10EE400002F096F8064608F180004836264431461E
:10EE500000F014FB35180821284602F089F8044612
:10EE600008F1E00048342544294600F007FB05443A
:10EE70000821284602F07CF838442844BDE8F08197
:10EE800008B1FFF7CBBF704710B10021FFF7C6BF35
:10EE9000704700BF38B50C46002937D0054600F052
:10EEA000D1F90346214628465B68DB68984700F0A5
:10EEB000E1FA034604F1180128465B68DB689847CD
:10EEC000092204F13801284600F0EAFC00F05EFB5C
:10EED000034604F1800128465B68DB6898470922F5
:10EEE00004F19801284600F0DBFC00F04FFB0346DC
:10EEF00004F1E00128465B68DB68984704F1F801FB
:10EF000028460922BDE8384000F0CABC084638BD92
:10EF1000002839D038B504460D4600F093F9034671
:10EF2000294620465B689B68984700F0A3FA034691
:10EF3000294604F118005B689B689847092204F190
:10EF40003801284600F058FC00F020FB0346294613
:10EF500004F180005B689B689847092204F19801DE
:10EF6000284600F049FC00F011FB0346294604F155
:10EF7000E0005B689B68984704F1F8012846092285
:10EF8000BDE8384000F038BC704700BF01232DE9D0
:10EF9000F041037080460F4600F04AF904464046AF
:10EFA0003C44C7F14807214600F044FA04440821D4
:10EFB000204601F0DDFF06464046483626443146ED
:10EFC00000F0CAFA35180821284601F0D1FF04469E
:10EFD000404648342544294600F0BEFA054408213D
:10EFE000284601F0C5FF38442844BDE8F08100BF41
:10EFF00000B583B000210DF10700FFF7C7FF03B094
:10F000005DF804FB004870475C06002470B50546B7
:10F0100090B10C4600F092F8064605F1180026441F
:10F02000C4F14804314600F029FA0644082130466C
:10F0300001F09EFF0444A01970BD00BF38B50C4616
:10F04000C9B1054600F0FEF80346214628465B6834
:10F05000DB68984700F09AFA034604F11801284645
:10F060005B68DB68984704F1300128460922BDE857
:10F07000384000F015BC084638BD00BFD8B138B5DF
:10F0800004460D4600F0DEF80346294620465B683C
:10F090009B68984700F07AFA0346294604F1180065
:10F0A0005B689B68984704F1300128460922BDE857
:10F0B000384000F0A1BB704738B5044680B100214C
:10F0C00000F03CF8054604F11800294600F0D6F996
:10F0D00005440821284601F04BFF00F1480460195F
:10F0E00038BD00BF10B582B0012300210DF107002B
:10F0F0008DF8073000F09CF804460DF1070021461A
:10F1000000F02AFA04440821204601F031FF48307B
:10F11000204402B010BD00BF0048704784060024A0
:10F1200000B583B0012300210DF107008DF80730F1
:10F1300000F0DCF803B05DF804FB00BF70B50546D5
:10F1400068B10C4600F082F804212618C4F10504C9
:10F15000304601F00DFFE9680C440444A01970BD6D
:10F16000F0B50C4683B0E9B1064600F0D3F803468B
:10F17000214630465B68DB689847276901ABA16888
:10F180003A46304601F076FF019B054620B99F4282
:10F190000CD3284603B0F0BD03B1013B2846E36021
:10F1A00003B0F0BD0D46284603B0F0BD0121304646
:10F1B000B5757175E56001F0F3FE3046019901F017
:10F1C00027FF284603B0F0BD08B370B504460D46CE
:10F1D00000F0A0F80346294620465B689B689847E4
:10F1E000A6685EB13046E1F7DBF80346421C3146C3
:10F1F0002846E360BDE8704001F02ABF334632463E
:10F2000031462846E360BDE8704001F021BF7047F9
:10F2100038B5044650B1002100F018F80421054625
:10F2200001F0A6FEE26805325319184438BD00BF4C
:10F23000012310B50370044600F058F80023237032
:10F2400010BD00BF00487047AC06002480B138B53F
:10F250000D460421284601F08BFE2B1DC5F1040547
:10F2600004211C18204601F083FE2844204438BDA8
:10F27000704700BF38B50C4641B1054601F05AFA57
:10F28000211D2846BDE8384000F0D2BE084638BDF2
:10F2900060B138B50D4604460168284601F0B2F960
:10F2A00061682846BDE8384000F092BD704700BF55
:10F2B00060B10421002010B501F05AFE0421441869
:10F2C000204601F055FE0430204410BD704700BFB9
:10F2D00010B50421002001F04BFE04214418204603
:10F2E00001F046FE0430204410BD00BF38B50C4686
:10F2F00001230421251D03702046C4F1040401F0FC
:10F3000037FE05440421284601F032FE20442844FB
:10F3100038BD00BF00487047D4060024E8B170B57E
:10F320000D460821284601F023FE05F108030821B7
:10F33000C5F108051E18304601F01AFE08214418D0
:10F340003444204601F014FE0821084404442046B9
:10F3500001F00EFE2844204470BD704738B50C46BD
:10F3600099B1054601F018FC04F10801284601F0A6
:10F3700013FC04F11001284601F00EFC04F1180101
:10F380002846BDE8384001F007BC084638BD00BF3C
:10F39000C0B138B50D46044690ED000B084601F0AB
:10F3A00059FA284694ED020B01F054FA284694EDE0
:10F3B000040B01F04FFA284694ED060BBDE83840E7
:10F3C00001F048BA704700BFC0B10821002038B52D
:10F3D00001F0CEFD08214518284601F0C9FD08219D
:10F3E00044182C44204601F0C3FD0821084404447D
:10F3F000204601F0BDFD0830204438BD704700BFF5
:10F4000038B50821002001F0B3FD08214518284631
:10F4100001F0AEFD082144182C44204601F0A8FD5F
:10F42000082108440444204601F0A2FD083020448D
:10F4300038BD00BF70B50C460123082104F1080552
:10F4400003702046C4F1080401F092FD461908211A
:10F45000304601F08DFD082145183544284601F05D
:10F4600087FD082108440544284601F081FD204419
:10F47000284470BD00487047FC060024B8B138B578
:10F480000D460821284601F073FD05F10803082107
:10F49000C5F108051C18204601F06AFD0821084442
:10F4A0000444204601F064FD2844204438BD7047E0
:10F4B00038B50C4671B1054601F06EFB04F1080148
:10F4C000284601F069FB04F110012846BDE83840E8
:10F4D00001F062BB084638BD98B138B50D46044608
:10F4E00090ED000B084601F0B5F9284694ED020BAB
:10F4F00001F0B0F9284694ED040BBDE8384001F066
:10F50000A9B9704790B10821002010B501F030FD75
:10F5100008214418204601F02BFD0821084404442A
:10F52000204601F025FD0830204410BD704700BF83
:10F5300038B50821002001F01BFD08214518284698
:10F5400001F016FD082144182C44204601F010FD5E
:10F550000830204438BD00BF70B50C460123082197
:10F5600004F1080503702046C4F1080401F000FD11
:10F5700046190821304601F0FBFC082145183544A6
:10F58000284601F0F5FC2044284470BD004870472F
:10F59000240700242DE9F04119461F4605469046F0
:10F5A00001F08EFCE0B93E460BE04144A8682246DB
:10F5B000361B08F094FCAB68286923442044AB60F8
:10F5C000286131460122284601F004FDB91B04469A
:10F5D0000028EAD10123A87D6B755840BDE8F08171
:10F5E0003A464146A86808F07AFCAA682B693A4472
:10F5F0003B44AA602B61EDE72DE9F04119461F4617
:10F600000546904601F05CFCE8B93E460CE008EB8C
:10F610000300A9682246361B08F061FCAB68286924
:10F6200023442044AB60286131460122284601F082
:10F63000D1FCBB1B04460028E9D10123A87D6B75D2
:10F640005840BDE8F0813A46A968404608F047FCBA
:10F65000AA682B693A443B44AA602B61EDE700BFDE
:10F660002DE9F041884611461746054601F028FC71
:10F67000E0B93E460BE04144A8682246361B08F03C
:10F680002EFCAB68286923442044AB6028613146D6
:10F690000122284601F09EFCB91B04460028EAD14D
:10F6A0000123A87D6B755840BDE8F0813A4641467C
:10F6B000A86808F014FCAA682B693A443B44AA6085
:10F6C0002B61EDE72DE9F04119461F4605469046AE
:10F6D00001F0F6FBE0B93E460BE04144A868224643
:10F6E000361B08F0FCFBAB68286923442044AB6060
:10F6F000286131460122284601F06CFCB91B044602
:10F700000028EAD10123A87D6B755840BDE8F0813F
:10F710003A464146A86808F0E2FBAA682B693A44D9
:10F720003B44AA602B61EDE72DE9F0418846114684
:10F730001746054601F0C4FBE8B93E460CE008EB6D
:10F740000300A9682246361B08F0C9FBAB6828698C
:10F7500023442044AB60286131460122284601F051
:10F7600039FCBB1B04460028E9D10123A87D6B7539
:10F770005840BDE8F0813A46A968404608F0AFFB22
:10F78000AA682B693A443B44AA602B61EDE700BFAD
:10F790002DE9F04119461F460546904601F090FBC1
:10F7A000E8B93E460CE008EB0300A9682246361B88
:10F7B00008F095FBAB68286923442044AB602861BE
:10F7C00031460122284601F005FCBB1B04460028F7
:10F7D000E9D10123A87D6B755840BDE8F0813A4618
:10F7E000A968404608F07BFBAA682B693A443B4471
:10F7F000AA602B61EDE700BF2DE9F04104460E46FB
:10F800000821174601F0BCFB01462046657D01F04A
:10F81000FFFB217D6575012910D057B1002500E05F
:10F82000217D01352046B6EC020B01F0E3F8AF4232
:10F83000F6D1A07D80F00100BDE8F081FF002046F8
:10F84000394601F03DFBF8B9B8460CE02A46314490
:10F85000A068A8EB050808F042FBA26823692A44C7
:10F860002B44A260236141460822204601F0B2FBEE
:10F87000A7EB080105460028E8D10823A07D6375A1
:10F8800080F00100BDE8F0813A463146A06808F0FA
:10F8900026FBA26823693A441F44A2602761ECE773
:10F8A0002DE9F04104460E460821174601F068FB99
:10F8B00001462046657D01F0ABFB217D6575012980
:10F8C00010D057B1002500E0217D01353246204699
:10F8D000083601F027FAAF42F6D1A07D80F0010092
:10F8E000BDE8F081FF002046394601F0E9FAF8B999
:10F8F000B8460CE0F0182A46A168A8EB050808F005
:10F90000EEFAA26823692A442B44A260236141468F
:10F910000822204601F05EFBA7EB080305460028FD
:10F92000E8D10823A07D637580F00100BDE8F08177
:10F930003A46A168304608F0D2FAA26823693A44F0
:10F940001F44A2602761ECE738B50D46012104464B
:10F9500001F0C2FA48B1A36801211D70A2682369B1
:10F960000A4461750B44A2602361A07D80F0010010
:10F9700038BD00BF38B50D460121044601F0ACFA90
:10F9800060B1A2680121236912F8010B0B44003811
:10F9900018BF01202870A26023616175A07D80F0EE
:10F9A000010038BD38B50D460121044601F094FA36
:10F9B00048B1A36801211D70A26823690A446175DA
:10F9C0000B44A2602361A07D80F0010038BD00BF20
:10F9D00038B50D460121044601F07EFA50B1A36806
:10F9E00001211B782B70A26823690A4461750B44BE
:10F9F000A2602361A07D80F0010038BD2DE9F041B7
:10FA00000B4682B004460221ADF8063001F0B8FA88
:10FA100001462046677D01F0FBFA0221204601F0F5
:10FA20004FFA78BBD4E90135AB4226D95E1BA360FF
:10FA300023692046C6F1020833444146236101F0A0
:10FA40004BFA00283BD0237D012B4AD09DF807308C
:10FA50002B70002E40D09DF806306B702369022178
:10FA6000A2680233A07D424461759E1B80F00100B4
:10FA7000A260266102B0BDE8F0810221204601F0BB
:10FA80002BFA90B1237D012BA36814D09DF80710A9
:10FA90009DF806201970A3685A700221A268236994
:10FAA0000A4461750B44A2602361A07D80F00100CF
:10FAB00002B0BDE8F081BDF806201A80EDE7A2682B
:10FAC0002369A07D921B9B1B677580F00100A260DB
:10FAD000236102B0BDE8F081A3689DF806201A708A
:10FAE000BCE728460DF106053246294608F0F7F92D
:10FAF0004246A919A06808F0F2F9AFE72DE9F043F2
:10FB0000044683B00D460221ADF8062001F038FA14
:10FB10000146204694F8158001F07AFA0221204629
:10FB200001F0CEF970BBD4E90167BE4225D9236943
:10FB30002046A660F61B3344C6F1020923614946FC
:10FB400001F0CAF9002839D0012D4AD09DF80730BC
:10FB50003B70002E40D09DF806307B702369022157
:10FB6000A268A07D02334A4461759B1B80F00100AE
:10FB7000A260236103B0BDE8F0830221204601F0BA
:10FB8000ABF988B1012DA36814D09DF807109DF83A
:10FB900006201970A3685A700221A26823690A44DA
:10FBA00061750B44A2602361A07D80F0010003B069
:10FBB000BDE8F083BDF806201A80EDE7A26823694E
:10FBC000A07D921B9B1B84F8158080F00100A26031
:10FBD000236103B0BDE8F083A3689DF806201A7086
:10FBE000BCE70DF1060532463846294608F077F99C
:10FBF0004A46A919A06808F072F9AFE72DE9F84361
:10FC000004460D46022101F0BBF90146204694F856
:10FC1000158001F0FDF90221204601F051F960BB89
:10FC2000D4E90167BE4223D923692046A660F61BAA
:10FC30003344C6F102092361494601F04DF9002819
:10FC400034D0237D012B42D07B782B70002E3AD00C
:10FC50003B786B7023690221A2680233A07D4A447D
:10FC600061759B1B80F00100A2602361BDE8F883F1
:10FC70000221204601F030F980B1237D012BA368D9
:10FC800011D05B782B70A3681B786B700221A2687F
:10FC900023690A4461750B44A2602361A07D80F052
:10FCA0000100BDE8F8831B882B80EFE7A268236979
:10FCB000921BA07D9B1B84F8158080F00100A26040
:10FCC0002361BDE8F883A3681B786B70C2E73946EF
:10FCD0003246284608F003F94A46A819A16808F0F8
:10FCE000FEF8B7E72DE9F04704460E460221154617
:10FCF00001F046F90146204694F8158001F088F994
:10FD00000221204601F0DCF870BBD4E901794F45AF
:10FD100025D923692046A760A7EB09073B44C7F113
:10FD2000020A2361514601F0D7F8002834D0012E91
:10FD300043D099F801302B70002F3AD099F8003059
:10FD40006B7023690221A2680233A07D5244617561
:10FD5000DB1B80F00100A2602361BDE8F087022177
:10FD6000204601F0B9F878B1012EA36811D05B7874
:10FD70002B70A3681B786B700221A26823690A4468
:10FD800061750B44A2602361A07D80F00100BDE895
:10FD9000F0871B882B80EFE7A2682369D21BA07D28
:10FDA000DB1B84F8158080F00100A2602361BDE8B0
:10FDB000F087A3681B786B70C3E749463A4628462C
:10FDC00008F08DF85246E819A16808F088F8B8E7FD
:10FDD0002DE9F04182B004460191042101F0D0F8F0
:10FDE00001462046677D01F013F90421204601F009
:10FDF00067F8002839D1D4E90135AB4230D95E1B10
:10FE0000A36023692046C6F10408334441462361B8
:10FE100001F062F800284CD0237D012B63D09DF8BF
:10FE200007302B70002E51D09DF80630012E6B70DC
:10FE300050D09DF80530022EAB704FD09DF80430A5
:10FE4000EB7023690421A2680433A07D42446175EC
:10FE50009E1B80F00100A260266102B0BDE8F08127
:10FE60000421204601F038F8D0B1237D012BA3688E
:10FE70001CD09DF807009DF806209DF8051018700D
:10FE8000A3685A70A3689DF804209970A368DA707B
:10FE90000421A26823690A4461750B44A2602361AE
:10FEA000A07D80F0010002B0BDE8F081019A1A60E7
:10FEB000EEE7A2682369A07D921B9B1B677580F00B
:10FEC0000100A260236102B0BDE8F081A3689DF843
:10FED00006201A70A3689DF805201A70A3689DF883
:10FEE00004201A70ADE7284601AD3246294607F0D6
:10FEF000F6FF4246A919A06807F0F1FFA1E700BF8D
:10FF00002DE9F043044683B00D460421019201F02F
:10FF100037F80146204694F8158001F079F804215D
:10FF2000204600F0CDFF002838D1D4E90176B74251
:10FF30002FD923692046A760BF1B3B44C7F10409A2
:10FF40002361494600F0C8FF00284AD0012D63D044
:10FF50009DF807303370002F51D09DF80630012FE7
:10FF6000737050D09DF80530022FB3704FD09DF8BC
:10FF70000430F37023690421A268A07D04334A444D
:10FF80006175DB1B80F00100A260236103B0BDE856
:10FF9000F0830421204600F09FFFC8B1012DA36823
:10FFA0001CD09DF807009DF806209DF805101870DC
:10FFB000A3685A70A3689DF804209970A368DA704A
:10FFC0000421A26823690A4461750B44A26023617D
:10FFD000A07D80F0010003B0BDE8F083019A1A60B3
:10FFE000EEE7A2682369A07DD21BDB1B84F8158095
:10FFF00080F00100A260236103B0BDE8F083A36834
:020000040802F0
:100000009DF806201A70A3689DF805201A70A36851
:100010009DF804201A70ADE701AD3A4630462946F6
:1000200007F05DFF4A46E919A06807F058FFA1E70D
:100030002DE9F84304460D46042100F0A1FF0146D6
:10004000204694F8158000F0E3FF0421204600F0DC
:1000500037FF002838D1D4E90176B7422FD9236978
:100060002046A760BF1B3B44C7F1040923614946F2
:1000700000F032FF002846D0237D012B5CD0F378BE
:100080002B70002F4CD0B378012F6B7005F1020359
:100090004AD07378022FAB7005F1030348D0337850
:1000A000EB7023690421A2680433A07D4A44617582
:1000B000DB1B80F00100A2602361BDE8F88304210E
:1000C000204600F009FFB0B1237D012BA36817D0B3
:1000D000DB782B70A3689B786B70A3685B78AB7040
:1000E000A3681B78EB700421A26823690A44617538
:1000F0000B44A2602361A07D80F00100BDE8F8837D
:100100001B682B60EFE7A2682369D21BA07DDB1B75
:1001100084F8158080F00100A2602361BDE8F883B7
:10012000A3689B786B70AB1CA268527803F8012B14
:10013000A26812781A70B4E731463A46284607F0AA
:10014000CEFE4A46E819A16807F0C9FEA9E700BF3C
:100150002DE9F04704460E460421154600F010FF35
:100160000146204694F8158000F052FF04212046F5
:1001700000F0A6FE00283CD1D4E90137BB4233D9B8
:10018000A3EB0709A36023692046C9F1040A4B4485
:100190005146236100F0A0FE002848D0012E61D016
:1001A000FB782B70B9F1000F50D0BB78B9F1010F7B
:1001B0006B7005F102034DD07B78B9F1020FAB7083
:1001C00005F103034AD03B78EB7023690421A26850
:1001D0000433A07D52446175A3EB090380F0010054
:1001E000A2602361BDE8F0870421204600F074FE80
:1001F000A8B1012EA36817D0DB782B70A3689B7879
:100200006B70A3685B78AB70A3681B78EB700421FC
:10021000A26823690A4461750B44A2602361A07D32
:1002200080F00100BDE8F0871B682B60EFE7A26853
:100230002369A2EB0902A07DA3EB090384F81580D2
:1002400080F00100A2602361BDE8F087A3689B787D
:100250006B70AB1CA268527803F8012BA26812786D
:100260001A70B2E739464A46284607F038FE524629
:1002700005EB0900A16807F032FEA6E72DE9F04181
:10028000044682B00821CDE9002300F079FE014642
:100290002046677D00F0BCFE0821204600F010FEDD
:1002A00000284ED1D4E90135AB4245D95E1BA3608D
:1002B00023692046C6F1080833444146236100F013
:1002C0000BFE002874D0237D012B00F09B809DF84D
:1002D00007302B70002E78D09DF80630012E6B7001
:1002E00077D09DF80530022EAB7076D09DF80430A3
:1002F000032EEB7075D09DF80330042E2B7174D053
:100300009DF80230052E6B7173D09DF80130062EDA
:10031000AB7172D09DF80030EB7123690821A2689F
:100320000833A07D424461759E1B80F00100A260ED
:10033000266102B0BDE8F0810821204600F0CCFD26
:1003400050B3237D012B2DD0A3689DF807009DF8A5
:1003500006209DF805101870A3685A70A3689DF8D0
:1003600004209DF803009970A368DA70A3689DF8D3
:1003700002209DF801101871A3685A71A3689DF8B6
:1003800000209971A368DA710821A26823690A44E0
:1003900061750B44A2602361A07D80F0010002B072
:1003A000BDE8F0816B46A26803CB10605160EBE7BB
:1003B000A2682369A07D921B9B1B677580F00100DA
:1003C000A260236102B0BDE8F081A3689DF8062019
:1003D0001A70A3689DF805201A70A3689DF8042080
:1003E0001A70A3689DF803201A70A3689DF8022074
:1003F0001A70A3689DF801201A70A3689DF8002068
:100400001A708AE728466D463246294607F067FD8E
:100410004246A919A06807F062FD7EE72DE9F04188
:100420000B4682B004460221ADF8063000F0A8FD6C
:1004300001462046677D00F0EBFD0221204600F0DA
:100440003FFD78BBD4E90135AB4226D95E1BA360E2
:1004500023692046C6F1020833444146236100F077
:100460003BFD00283BD0237D012B4AD09DF807306F
:100470002B70002E40D09DF806306B70236902214E
:10048000A2680233A07D424461759E1B80F001008A
:10049000A260266102B0BDE8F0810221204600F092
:1004A0001BFD90B1237D012BA36814D09DF807108C
:1004B0009DF806201970A3685A700221A26823696A
:1004C0000A4461750B44A2602361A07D80F00100A5
:1004D00002B0BDE8F081BDF806201A80EDE7A26801
:1004E0002369A07D921B9B1B677580F00100A260B1
:1004F000236102B0BDE8F081A3689DF806201A7060
:10050000BCE728460DF106053246294607F0E7FC10
:100510004246A919A06807F0E2FCAFE72DE9F843CD
:1005200004460D46022100F02BFD0146204694F8BA
:10053000158000F06DFD0221204600F0C1FC60BB7B
:10054000D4E90167BE4223D923692046A660F61B81
:100550003344C6F102092361494600F0BDFC00287E
:1005600034D0237D012B42D07B782B70002E3AD0E3
:100570003B786B7023690221A2680233A07D4A4454
:1005800061759B1B80F00100A2602361BDE8F883C8
:100590000221204600F0A0FC80B1237D012BA3683E
:1005A00011D05B782B70A3681B786B700221A26856
:1005B00023690A4461750B44A2602361A07D80F029
:1005C0000100BDE8F8831B882B80EFE7A268236950
:1005D000921BA07D9B1B84F8158080F00100A26017
:1005E0002361BDE8F883A3681B786B70C2E73946C6
:1005F0003246284607F073FC4A46A819A16807F05E
:100600006EFCB7E72DE9F04182B004460191042168
:1006100000F0B6FC01462046677D00F0F9FC04219D
:10062000204600F04DFC002839D1D4E90135AB4219
:1006300030D95E1BA36023692046C6F10408334409
:100640004146236100F048FC00284CD0237D012B5B
:1006500063D09DF807302B70002E51D09DF80630E6
:10066000012E6B7050D09DF80530022EAB704FD02C
:100670009DF80430EB7023690421A2680433A07D47
:10068000424461759E1B80F00100A260266102B0A9
:10069000BDE8F0810421204600F01EFCD0B1237D8E
:1006A000012BA3681CD09DF807009DF806209DF83B
:1006B00005101870A3685A70A3689DF804209970FB
:1006C000A368DA700421A26823690A4461750B44A7
:1006D000A2602361A07D80F0010002B0BDE8F0813E
:1006E000019A1A60EEE7A2682369A07D921B9B1B0A
:1006F000677580F00100A260236102B0BDE8F0815F
:10070000A3689DF806201A70A3689DF805201A704A
:10071000A3689DF804201A70ADE7284601AD324663
:10072000294607F0DCFB4246A919A06807F0D7FB71
:10073000A1E700BF2DE9F84304460D46042100F06F
:100740001FFC0146204694F8158000F061FC04214E
:10075000204600F0B5FB002838D1D4E90176B74235
:100760002FD923692046A760BF1B3B44C7F104096A
:100770002361494600F0B0FB002846D0237D012BC1
:100780005CD0F3782B70002F4CD0B378012F6B70B6
:1007900005F102034AD07378022FAB7005F1030311
:1007A00048D03378EB7023690421A2680433A07D1C
:1007B0004A446175DB1B80F00100A2602361BDE843
:1007C000F8830421204600F087FBB0B1237D012B84
:1007D000A36817D0DB782B70A3689B786B70A36835
:1007E0005B78AB70A3681B78EB700421A268236967
:1007F0000A4461750B44A2602361A07D80F0010072
:10080000BDE8F8831B682B60EFE7A2682369D21B61
:10081000A07DDB1B84F8158080F00100A2602361BD
:10082000BDE8F883A3689B786B70AB1CA268527814
:1008300003F8012BA26812781A70B4E731463A46E1
:10084000284607F04CFB4A46E819A16807F047FB29
:10085000A9E700BF2DE9F041044682B008218DEDE3
:10086000000B00F08DFB01462046677D00F0D0FBB9
:100870000821204600F024FB00284ED1D4E90135A0
:10088000AB4245D95E1BA36023692046C6F1080828
:1008900033444146236100F01FFB002874D0237DC0
:1008A000012B00F09B809DF807302B70002E78D034
:1008B0009DF80630012E6B7077D09DF80530022E22
:1008C000AB7076D09DF80430032EEB7075D09DF898
:1008D0000330042E2B7174D09DF80230052E6B71FD
:1008E00073D09DF80130062EAB7172D09DF80030A8
:1008F000EB7123690821A2680833A07D4244617529
:100900009E1B80F00100A260266102B0BDE8F0816C
:100910000821204600F0E0FA50B3237D012B2DD0B2
:10092000A3689DF807009DF806209DF80510187033
:10093000A3685A70A3689DF804209DF8030099707D
:10094000A368DA70A3689DF802209DF80110187161
:10095000A3685A71A3689DF800209971A368DA71A1
:100960000821A26823690A4461750B44A2602361CF
:10097000A07D80F0010002B0BDE8F0816B46A26866
:1009800003CB10605160EBE7A2682369A07D921B46
:100990009B1B677580F00100A260236102B0BDE877
:1009A000F081A3689DF806201A70A3689DF80520C1
:1009B0001A70A3689DF804201A70A3689DF803209C
:1009C0001A70A3689DF802201A70A3689DF8012090
:1009D0001A70A3689DF800201A708AE728466D46B1
:1009E0003246294607F07BFA4246A919A06807F06B
:1009F00076FA7EE72DE9F043044683B00E460821DF
:100A00008DED000B00F0BCFA0146204694F81580ED
:100A100000F0FEFA0821204600F052FA00284DD1DD
:100A2000D4E90157BD4244D923692046A560ED1B96
:100A30002B44C5F108092361494600F04DFA00280E
:100A400072D0012E00F09B809DF807303B70002D86
:100A500078D09DF80630012D7B7077D09DF8053059
:100A6000022DBB7076D09DF80430032DFB7075D03D
:100A70009DF80330042D3B7174D09DF80230052D94
:100A80007B7173D09DF80130062DBB7172D09DF83B
:100A90000030FB7123690821A2680833A07D4A4415
:100AA00061755D1B80F00100A260256103B0BDE8A7
:100AB000F0830821204600F00FFA48B3012E2DD014
:100AC000A3689DF807009DF806209DF80510187092
:100AD000A3685A70A3689DF804209DF803009970DC
:100AE000A368DA70A3689DF802209DF801101871C0
:100AF000A3685A71A3689DF800209971A368DA7100
:100B00000821A26823690A4461750B44A26023612D
:100B1000A07D80F0010003B0BDE8F0836B46A268C1
:100B200003CB10605160EBE7A2682369A07D521BE4
:100B30005B1B84F8158080F00100A260236103B084
:100B4000BDE8F083A3689DF806201A70A3689DF89D
:100B500005201A70A3689DF804201A70A3689DF8F8
:100B600003201A70A3689DF802201A70A3689DF8EC
:100B700001201A70A3689DF800201A708AE76E465B
:100B80002A463846314607F0AAF94A467119A06844
:100B900007F0A5F97EE700BF2DE9F84304460D46AE
:100BA000082100F0EDF90146204694F8158000F088
:100BB0002FFA0821204600F083F9002851D1D4E90A
:100BC0000167BE4248D923692046A660F61B33441C
:100BD000C6F108092361494600F07EF900286DD06E
:100BE000237D012B00F09380FB792B70002E72D0B7
:100BF000BB79012E6B7005F1020370D07B79022E58
:100C0000AB7005F103036ED03B79032EEB7005F159
:100C100004036CD0FB78042E2B7105F105036AD018
:100C2000BB78052E6B7105F1060368D07B78062E24
:100C3000AB7105F1070366D03B78EB71236908219E
:100C4000A2680833A07D4A4461759E1B80F00100B4
:100C5000A2602661BDE8F8830821204600F03CF937
:100C600010B3237D012BA36823D0DB792B70A368FD
:100C70009B796B70A3685B79AB70A3681B79EB7091
:100C8000A368DB782B71A3689B786B71A3685B7892
:100C9000AB71A3681B78EB710821A26823690A4431
:100CA00061750B44A2602361A07D80F00100BDE866
:100CB000F8831A685B682A606B60EDE7A2682369B5
:100CC000921BA07D9B1B84F8158080F00100A26020
:100CD0002361BDE8F883A3689B796B70AB1CA268A5
:100CE000527903F8012BA268127903F8012BA2684C
:100CF000D27803F8012BA268927803F8012BA2683E
:100D0000527803F8012BA26812781A7096E73946D8
:100D10003246284607F0E3F84A46A819A16807F0CA
:100D2000DEF88BE72DE9F04704460F46082115460B
:100D300000F026F90146204694F8158000F068F985
:100D40000821204600F0BCF8002859D1D4E90169F7
:100D50004E4550D923692046A660A6EB09063344C8
:100D6000C6F1080A2361514600F0B6F8002873D096
:100D7000012F00F09A8099F807302B70002E78D060
:100D800099F80630012E6B7005F1020375D099F8C1
:100D90000530022EAB7005F1030372D099F80430D0
:100DA000032EEB7005F104036FD099F80330042E85
:100DB0002B7105F105036CD099F80230052E6B718B
:100DC00005F1060369D099F80130062EAB7105F1E3
:100DD000070366D099F80030EB7123690821A268F7
:100DE0000833A07D524461759E1B80F00100A26013
:100DF0002661BDE8F0870821204600F06DF808B3B1
:100E0000012FA36823D0DB792B70A3689B796B70CB
:100E1000A3685B79AB70A3681B79EB70A368DB7880
:100E20002B71A3689B786B71A3685B78AB71A36827
:100E30001B78EB710821A26823690A4461750B4491
:100E4000A2602361A07D80F00100BDE8F0871A68F0
:100E50005B682A606B60EDE7A2682369921BA07D46
:100E60009B1B84F8158080F00100A2602361BDE81F
:100E7000F087A3689B796B70AB1CA268527903F86A
:100E8000012BA268127903F8012BA268D27803F82B
:100E9000012BA268927803F8012BA268527803F81C
:100EA000012BA26812781A7097E749463246284605
:100EB00007F015F85246A819A16807F010F88CE75A
:100EC000837D3BB9D0E901031944884234BF002037
:100ED0000120704700207047837D43B9D0E901218C
:100EE00010B59142044605D20123184610BD0023D7
:100EF0001846704782693AB1C169904780F0010392
:100F0000A075DBB2184610BD0120A075FAE700BF3E
:100F1000C0E90612704700BF10B4019C0A4401608A
:100F200042600A191C4482600022C0E903349DF823
:100F3000083042755DF8044B82750375C0E90622DE
:100F4000704700BF10B582B0049C00940124019446
:100F5000FFF7E2FF02B010BD10B5002482B000948C
:100F6000FFF7F0FF02B010BD0023FFF7F5BF00BF91
:100F7000B0FBF1F202FB11004B1E081A184070473B
:100F8000437D8B4209D203694A1EB3FBF1F001FB9A
:100F90001030091A01EA020070470020704700BFB4
:100FA00038B504460D46FFF7EBFFA36865751A18C0
:100FB0002369184463689342206128BF1346A360E5
:100FC00038BD00BF82680068101A7047D0E9012060
:100FD000101A704738B5837DA3B904460D46D0E991
:100FE00001329A4200D331B92046FFF7EFFFA84201
:100FF00028BF284638BD836933B1C1699847A075B9
:101000000028F1D0002038BD01238375FAE700BF26
:1010100038B504460D46FFF753FF78B12369A2683F
:101020002B442A4423610123A260637538BDA26862
:101030002D1A236902441844A26020612946012226
:101040002046FFF7C7FF0028F1D10123637538BDA3
:1010500070B515460E46017D0446FEF751FF0DB9E9
:10106000012070BD2B463246217D2046BDE87040F0
:10107000FEF790BA2DE9F0411D4616460F461A4676
:10108000017D0446FFF764F82B689E4201D20122DD
:10109000A27513B90120BDE8F0813A46217D2046B2
:1010A000BDE8F041FEF7A8BA70B515460E46017DC1
:1010B0000446FEF725FF0DB9012070BD2B463246D0
:1010C000217D2046BDE87040FEF7FCBA2DE9F041D5
:1010D0001D4616460F461A46017D0446FFF738F8AE
:1010E0002B689E4201D20122A27513B90120BDE8EE
:1010F000F0813A46217D2046BDE8F041FEF748BB2D
:1011000010B500238EB004460391CDE901320323CC
:101110000422009306AB01F0C1FA18B90446204638
:101120000EB010BD029905AA204601F0F3FB04465B
:1011300005A906A803F0D8F920460EB010BD00BFDF
:10114000C2F3074C10B5BCF1010F8CB004460292FB
:101150000CBF03F0010200220E3303919DF83810FA
:101160001A4404AB0191012192B20091039901F05C
:1011700095FA18B9044620460CB010BD02992046D5
:101180000F9A01F0C7FB04460F9904A803F006F973
:1011900020460CB010BD00BF70B5ADF5167D0546FC
:1011A00011ACADF8543203239DF86C62CDE90221F5
:1011B0002372002301228DF814309A9B2271CBB147
:1011C0008DF81C2008934FF4007215A909A8FFF7A9
:1011D000CBFE05A909A802F0B7FD0D9B0096284695
:1011E0000194E3609BB2DDE90221FFF7A9FF0DF551
:1011F000167D70BD8DF81C30E5E700BF70B5ADF50C
:10120000187D05461846059197A99DF8786213AC9C
:10121000CDE9033202238DF8503000F0ABF99C9BEE
:101220004FF4007217A90BA806939D9B0A93032302
:101230008DF8543001238DF8243000238DF81C30B4
:10124000FFF792FE06A90BA802F0A0FD0F9B28460F
:10125000009616939BB20194DDE90421FFF770FF1D
:101260000DF5187D70BD00BFF0B5ADF28C4D0326B5
:1012700005461846059192A99DF8A0740EAC8DF80C
:101280003C60CDE9033200F075F900234FF40072A1
:1012900012A906A88DF84C328DF854328DF84060B2
:1012A000FFF762FE93A906A802F024FE0A9B2846D7
:1012B000009711939BB20194DDE90421FFF740FFF1
:1012C0000DF28C4DF0BD00BF2DE9F041ADF5227D52
:1012D0000646184603271DACBDF8A8520591A1A9E2
:1012E0009DF8AC82CDE903320523237100F042F969
:1012F0000EA9A898277200F03DF90023ADF84450DC
:10130000003D9DF8A5228DF8643018BF01258DF8A9
:1013100046308DF84C308DF85430ADF84030012314
:101320008DF842508DF83A308ABB4FF0230E4FF0C3
:10133000130C0B25212211210920ADF840309DF816
:10134000A63223B9724661462846ADF840709DF832
:10135000A432012B25D0032B29D02BB34FF40072DC
:1013600021A906A8FFF700FE0EA906A802F038FE84
:101370000A9BCDF8008030460194E3609BB2DDE922
:101380000421FFF7DDFE0DF5227DBDE8F0814FF071
:10139000220E4FF0120C0A252022102108200227CD
:1013A000CDE7ADF84010D9E7ADF84000D6E7ADF88D
:1013B0004020D3E7014B1878704700BF800B022410
:1013C0002DE9F04F934689B0002204468A460593E2
:1013D0008DF81E2090F8002222B300F202290DF1B0
:1013E0001F0805AF0DF11E064FF4007502E0059BC6
:1013F000002B0FDDD4F87412234622464846CDE96F
:101400000278CDE9005601F09BFC0028EFD09DF852
:101410001E30B3B10F4B00209DF81F201A7009B089
:10142000BDE8F08F0DF11F02014600924FF40072EB
:10143000D0F87452A8470028ECD09DF81E30002B3D
:10144000E8D1CBF800000120CAF8004009B0BDE89F
:10145000F08F00BF800B022430B590F8005287B0A7
:10146000144695B9D0F870520DF11703A847031E22
:1014700018BF0123A04218BF00231BB90A4A9DF8D8
:1014800017101170184607B030BD0B4600220DF141
:1014900017010094CDE901210246D0F8701200F244
:1014A000022001F06FFAE2E7800B022480F80012BC
:1014B0000199C0E99A23009BC0E99C31704700BFA5
:1014C00038B5D0F8683203B3D0F86C220446E2B1E4
:1014D000D0F87022CAB1D0F87422B2B1C0F88C1220
:1014E0009847054688B194F800328BB90B4B2846D3
:1014F0000B490C4AC4F880324FF40073C4F88422BC
:10150000A4F88832C4E99E4138BD0025284638BD7C
:10151000002104F2022001F02FFAE7E7C1130208CC
:1015200059140208B5130208D0F86C32184700BFEE
:1015300082B000238DF8061060F30F03BDF806207B
:1015400062F31F43184602B0704700BF437882B071
:10155000017800201A0903F00F0302EB01128DF845
:101560000630BDF8063062F30F0063F31F4002B08F
:10157000704700BF0246C0F3034382B0C2F30B1CA6
:1015800003EB021081F800C0487002B0704700BF42
:1015900010B5002394B0044605920193ADF81C30B9
:1015A0008DF81E30CDF82630CDF82A300823CDE94D
:1015B0000221012200930CAB8DF82420102201F0AF
:1015C0006DF818B90446204614B010BD059906AA56
:1015D000204601F09FF9044606A90CA803F02EF856
:1015E000204614B010BD00BF2DE9F04395B0BDF802
:1015F000787013B115B0BDE8F08306461C980C4610
:101600001546049099461D989DF8768005900CA883
:10161000D1E90121521AFFF7A7FC0CA8D4E9061260
:10162000FFF776FCE2699AB1B8F1070F82F81490DF
:1016300040D0B8F1080F2ED0B8F1060F11D0012319
:10164000137529462046FFF7E3FC15B0BDE8F0838B
:10165000B8F1070F2ED0B8F1080F1CD0B8F1060F63
:10166000EFD1D6F88880B8F1000F11D00CAB0195FE
:101670003A463046009306238DF81630D6F88C3063
:101680000293DDE90431C0470123E26986F8B430F2
:10169000002AD4D1D5E7D6F8A430002BF8D00CA876
:1016A00006A9DDF8408003F0A3F8A0B9E269002A9A
:1016B000C5D1C6E7D6F8AC303BB106A90CA8DDF819
:1016C000408002F05BFD60BBE269A3682B44A3602D
:1016D000002AB4D1B5E7109B0CA8A8EB0308DDE9FC
:1016E0000D21A844521AFFF73FFC0CA81FFA88F8F6
:1016F000D4E90612FFF70CFC0CAB0821CDF80480EE
:1017000000933A468DF8161006ABD6F8A81030466E
:1017100002910599D6F8A470B847012386F8B43031
:10172000C4E7DDE90D21109B0CA8521AA8EB0308B1
:10173000FFF71AFC0CA8A844D4E90612FFF7E8FB4F
:101740000CAB9DF818101FFA88F800933A469DF8E4
:1017500019303046CDF8048003EB012307218DF8C2
:1017600016109BB2D6F8B01002910599D6F8AC705D
:10177000B847012386F8B430A6E700BF00B58BB0A8
:101780000146042202A8FFF7EFFB0DF105030DF15E
:10179000060201A902A801F0C3FE9DF804300D2B3A
:1017A00003D000200BB05DF804FB9DF8053013F06A
:1017B000020F14BF022001200BB05DF804FB00BF34
:1017C00070B50025ADF5347D0E4604464FF4247205
:1017D000294610A80395049506F05EFA03A9304641
:1017E00002F06CFEBDF80C302046ADF8403001F040
:1017F00089F82B460C2205A9009008A8FFF7A2FB48
:1018000010A908A802F0CEFE089B2A4629462046C9
:1018100001F024F808A8FFF7D5FB236F024605A9BD
:10182000D3E90004A0470DF5347D70BD70B592B0CA
:1018300005460E46144601F065F805A90090002300
:101840000AA81122FFF77EFB182200230A2102FBBF
:1018500004540AA80522503401F048FE03A920468A
:1018600004F098FC40BA03A98DF81060ADF80E00A2
:101870000AA802F009FF00220A9B2846114600F040
:10188000EDFF0AA8FFF79EFB2B6F024605A9D3E9DF
:101890000004A04712B070BD9FED0D7B002310B572
:1018A000044680F8A030C0E91C13C0E91E33C0E92B
:1018B0002033C0E92233C0E9243380ED267B812127
:1018C00000F030FF04F10800BDE8104001F02ABD2F
:1018D0000000000000000000C0E92012704700BFB7
:1018E000C0E92212704700BFC0E92912704700BF4B
:1018F000C0E92B12704700BF10B5044684B0CDE993
:10190000002100F0FFFF034604F10800DDE900219B
:1019100004B0BDE8104001F04BBD00BF30B589B048
:101920000446CDE90421039300F0ECFF0546059938
:1019300004F108000095DDE9033201F04DFD0022BD
:101940005FFA80FCC0F30724C0F30741030E6CF379
:10195000070264F30F2261F3174263F31F6210461C
:1019600009B030BD82B0083002B001F04FBD00BFF9
:1019700010B50C4C84B00830009401F05DFD0022DD
:101980005FFA80FEC0F3072CC0F30741030E6EF32D
:1019900007026CF30F2261F3174263F31F621046D4
:1019A00004B010BD7D17020810B5044601F000FE1A
:1019B000054AD4E92634C01A4FF0000361EB040154
:1019C000DEF7B2FE10BD00BF40420F0010B5044666
:1019D00001F0EEFDD4E92632C01A61EB020110BD20
:1019E0002DE9F047037E84B00446FBB14FF00009B7
:1019F0000DF1020803AF02AE4846012204EB0015C8
:101A00001146083501F034FC844643463A463146D7
:101A10002846CDF804C004F047FC00283DD109F168
:101A20000109237E5FFA89F08342E6D894F84830B2
:101A300083B34FF000090DF1020803AF02AE484630
:101A400000EB80050122022104EBC50501F010FC2A
:101A5000019020350CE0BDF802209DF80410029B97
:101A600000F0FCFE236FDDE90212D3E9000AD04743
:101A700043463A463146284604F03AFE034620469D
:101A8000002BE8D109F1010994F848305FFA89F098
:101A90008342D5D804B0BDE8F087029B2046BDF84C
:101AA000022009F101099DF8041000F0D7FE236F10
:101AB000039A5D6818680299A847237E5FFA89F047
:101AC00083429AD8B2E700BF2DE9F0410D46ADF54B
:101AD000247D06466946284602F002FC044602A917
:101AE00028469DF80570FDF745FF9DF80830044035
:101AF000E4B25BB987A92846FDF73CFF9DF81C328C
:101B000080464BB90DF5247DBDE8F08103A9284638
:101B100002F092FA0440EDE788A92846FDF758FF45
:101B200014EA080FEED00028ECD09DF820320D2BDF
:101B3000E8D18AA92846FEF7F1FC38B1BDF9283270
:101B4000002B06DD002F14BF0120022086F8B5000F
:101B5000D8E70020FAE700BF2DE9F04F044697B020
:101B60000D46C14E09920DF12F030CAA0DF12E0165
:101B7000284601F0D5FC002800F042819DF82E3067
:101B80009DF82620023B0D2BEDD801A151F823F042
:101B9000F71D0208671B0208E71D0208851D0208E1
:101BA0007B1D0208671B0208671B0208D11C020884
:101BB000631C0208231C0208671B0208671B02083B
:101BC000671B0208C91B020810A9284602F0BEFDC7
:101BD000D4F89080B8F1000F00F01A8101F0E8FC11
:101BE00002460B46D4F894000021149F06908C46C0
:101BF0001598C7FB060C109FCDE9040C8C46119874
:101C0000C7FB060CCDE9020CDDE91270C7FB06012B
:101C1000CDE900012046C0474FF0010384F8A03011
:101C2000A1E710A9284602F06FFD00219DF84400AD
:101C300001F04CFBC0F307280F9004F10800414667
:101C400001F032FC00288ED0BDF84010BDF84220D3
:101C500004F094FA42469DF83C102046FFF7E6FD5A
:101C600081E710A9284602F027FD00219DF84400D5
:101C700001F02CFBC0F307210D9004F1080001F0E6
:101C8000FDFB804600283FF46EAF9DF842300DF119
:101C9000380A9DF84310BDF8402001EB032189B2BA
:101CA00004F0CEFD404604F08FFDADF8320005E0B3
:101CB000236FDDE90E12D3E90009C8470DF13203A5
:101CC0000FAA5146404604F081FD0028F0D14AE7B2
:101CD0009DF825300DF1380ABDF8308028468DF882
:101CE000353051469DF82730A8F104089DF82F9013
:101CF0008DF837301FFA88F89DF8243009F00E0966
:101D00008DF836208DF8343002F038FA50460FA99D
:101D10000DF1320200F01EFE0F99D4F880B0BDF82C
:101D200032A01091BBF1000F06D0D4F88430524697
:101D3000204600930023D847E26F82B1616F4FF0D5
:101D4000000C023903E00CF1010C944507D031F886
:101D5000023F5345F7D1A36F002203F80C20BDF8D2
:101D600032104B464246204602910F9901910D993F
:101D700000912946FFF738FCF5E629462046FFF793
:101D8000A3FEF0E6002A3ED010A9284602F0ECFBA4
:101D90000EA90DAA10A800F0DDFD0E99D4F880A0C0
:101DA0009DF84490BDF834800F91BAF1000F06D031
:101DB000D4F884304246204600934B46D047E26F29
:101DC000002A3FF4D0AE606F0021023803E00131F9
:101DD00091423FF4C8AE30F8023F4345F7D1A36FBC
:101DE00003F80190BFE6002A7FF4BDAE29462046E5
:101DF00000F0F4FCB7E629462046FFF7E1FCB2E626
:101E000017B0BDE8F08F2946204600F0F5FCAAE6A1
:101E100001F0CEFB4246149F159BC7FB06321818F3
:101E2000129F42EB0101139B4246C7FB06329C46C0
:101E3000DDE91037C3FB067843461CEB070C42EB89
:101E40000302B0EB0C0361EB0202002A08DB5B0823
:101E500043EAC2735210C4F89830C4F89C20DBE601
:101E6000013342F10002F2E700CA9A3B0B1E2DE952
:101E7000F04FB8BF6FF000439DB08046059301F06E
:101E80007BFB98F848208146002A00F09A800026C3
:101E90006FF000434FF0FF3B0F46304603930EE0D8
:101EA0009A6B0136DB6B5A450399F0B273EB010173
:101EB00001DA9346039398F8483083425FD900EBE8
:101EC000800402210122E40001F0D2F9014604F16C
:101ED00020053B464A4609914544284604F048FC03
:101EE00008EB04030028DBD09DF825500DF1500AC3
:101EF0009DF82430404601354444049300F002FD2F
:101F000005EB8505002311220CA908EBC5050090FF
:101F100050460136FFF716F8002305220B215046E4
:101F200001F0E4FA0121688904F0E6FC2B890246FD
:101F30000AA9ADF82A305046049BADF828208DF848
:101F40002C3002F0CDFB0022149B4046114600F0DD
:101F500085FC5046FFF736F8D8F8703002460CA9D9
:101F6000D3E90005A8470399F0B2D4E90E235A45F6
:101F700073EB01019DDB98F8483083429FD86FF0E6
:101F80000043039A9A4208BFBBF1FF3F19D0ABEB65
:101F90000903002B059DD8F8700008AA08BF01238B
:101FA00007A984689D420068A8BF1D462B46A0472C
:101FB00048B9059B5B1B002B05933FF760AF0446B8
:101FC00012E0059BE5E7DDE90712044600250CA8B1
:101FD000FEF7CAFF0DF11A0306AA0CA940468DF8B8
:101FE000185000F04FFC18B920461DB0BDE8F08F26
:101FF00029469DF8180001F069F9C0F30746BDF8BD
:102000001AA0C0F30725012ECDE909004BD0022EFE
:102010000FD0002EE8D13146304601F057F9024684
:102020000CA940460A92FFF797FD20461DB0BDE877
:10203000F08F294608F108009DF8249001F034FA49
:10204000074638B30E9A0CA80392FEF7BFFF03466B
:102050000DF11900039A51460090384603F092FFA3
:10206000C0B19DF8193093B314AE4FF0020A0AE0E4
:102070008DF8289031468DF8295040468DF82AA0D9
:102080000A9AFFF769FD04223146384603F0FCFF47
:102090000028EDD140462A464946FFF7C7FB2046B7
:1020A0001DB0BDE8F08F294608F1080001F0F2F9F3
:1020B000002899D0514603F0DBFE002894D08DF81B
:1020C0002A600CA90A9A4046FFF746FD8CE78DF876
:1020D0002A600CA90A9A4046FFF73EFDC4E700BFFC
:1020E00070B504460D4601F047FA06462046FFF754
:1020F00077FC29462046FFF7B9FE01F03DFA831B25
:10210000E91A0029F6DC04F10800BDE8704001F08E
:10211000D7B900BF70B504460D4601F02DFA06464A
:102120002046FFF75DFC0023294684F8B43005E023
:1021300001F022FA831BE91A002907DD2046FFF788
:1021400095FE94F8B4000028F2D070BD94F8B40065
:1021500070BD00BF2DE9F04106460D4601F00CFAB6
:102160000746304606F10808FFF73AFC002D10DB61
:102170002C4606E0FFF77AFE01F0FEF9C31BEC1ACD
:1021800007D4404601F09CF9034621463046002B17
:10219000F0D04046BDE8F04101F092B92DE9F84F8A
:1021A000DDF828B00646884692461F46FFF718FC21
:1021B000BBF1000F04D05A46FF21384605F06CFDF4
:1021C000C6F87CB07D1EC6E91DA701F0D5F94146D1
:1021D00081463046FFF74AFE01F0CEF9A0EB090038
:1021E000A8EB0001BBF1000F29D0AE464FF0000C68
:1021F0001EF8014FFF2C15D00CF1010CE345F7D868
:102200000023F36700E058B12B4615F8010F0233A5
:102210000128A3EB07038CBF002001209B45F2D8C7
:10222000BDE8F88F3AF81C300CF1010CDC4501D206
:10223000002BDDD00029E3DD002BCAD1E0E701202F
:10224000C6F87CB0BDE8F88FF0B593B004460D46F3
:1022500000F058FB1422002300900AA80DEB0201A5
:10226000FEF770FE002308220E210AA801F03EF9B5
:1022700001F09EF90E4607461BA3D3E90023DEF7C3
:1022800053FA31460390384617A3D3E90023DEF70B
:102290004BFA03A90AA8049202F04AFA00220A9B08
:1022A0002046114600F0DAFA0AA8FEF78BFE236FEB
:1022B000024605A9D3E90006B04701F05DF9002305
:1022C0000646294684F8A03000E050B92046FFF7C2
:1022D000CDFD01F051F9831B94F8A000E91A002903
:1022E000F3DC13B0F0BD00BF00CA9A3B0000000051
:1022F0002DE9F04F04469DB0FF2003936071002B41
:1023000000F0B680894692464FF0000B236F52468C
:102310004946D3E90005A84701F02EF94FF47A7336
:10232000054609E001F028F9401BC0F57A73002B3F
:1023300040DD6079FF2845D1226F08A996681068B2
:1023400009AAB0470028EDD00CA80026DDE9081244
:10235000FEF70AFE0DF11E0307AA0CA920468DF810
:102360001C6000F08FFA0028DCD031469DF81C007C
:1023700000F0ACFFC0F30747BDF81E30C0F30726DE
:10238000012F0293CDE90A005CD0022F20D0002F4C
:10239000C8D13946384600F099FF0CA902460B9087
:1023A0002046FFF7D9FB01F0E7F8401BC0F57A7330
:1023B000002BBEDC0BF1010B039B60795B4501D068
:1023C000FF28A3D0FF3818BF01201DB0BDE8F08F53
:1023D0009DF82830314604F10800049301F064F8B8
:1023E000804648B30E9A0CA80592FEF7EFFD03460F
:1023F0000DF11D00059A00904046029903F0C2FDC0
:10240000D0B19DF81D30002B3AD0049F0AE04FF068
:1024100002038DF82C708DF82D608DF82E300B9AFC
:10242000FFF79AFB14A90422404603F02DFE034651
:1024300014A92046002BEAD1324604992046FFF722
:10244000F5F96FE7314604F1080001F023F80028A0
:102450003FF468AF029903F00BFD00283FF462AF30
:102460008DF82E700CA90B9A2046FFF775FB59E7E3
:10247000236FD3E90004A04701201DB0BDE8F08F11
:102480008DF82E700CA90B9A2046FFF765FBBCE770
:1024900030B58FB004460D4600F034FA0023102208
:1024A00002A9009006A8FEF74DFD06A9204600F0FF
:1024B00079F90022069B2046114600F0CFF906A8C4
:1024C000FEF780FD2B46024602A92046FFF710FFCB
:1024D00018B16079B0FA80F040090FB030BD00BF8C
:1024E0002DE9F04F00F1080B0446ABB058465E46AC
:1024F00000F022FF204600F005FA00231C220BA961
:10250000009012A8FEF71EFD236F12A920461A8A1A
:10251000043A92B200F01CF91299204600F08AF9B0
:1025200012A8FEF74FFDFF23814663710A23039330
:10253000236F4A460BA9D3E90005A84701F01CF810
:102540004FF47A73054609E001F016F8401B6279F2
:10255000C0F57A73002B38DDFF2A3CD1226F07A922
:102560009768106808AAB8470028EDD01AA8002775
:10257000DDE90712FEF7F8FC0DF11A0306AA1AA905
:1025800020468DF8187000F07DF90028DCD039461F
:102590009DF8180000F09AFEC0F30747BDF81AB086
:1025A000C0F30728012FCDE9090053D0022F18D01E
:1025B000002FC9D13946384600F088FE1AA90246D4
:1025C0000A902046FFF7C8FABEE7039B013B03933E
:1025D00001D0FF2AACD0002A51D000202BB0BDE89A
:1025E000F08F9DF8243041463046049300F05CFFA4
:1025F000824648B31C9A1AA80592FEF7E7FC0346E8
:102600000DF11900059A59460090504603F0BAFCA6
:10261000D0B19DF81930002B38D0049F0AE04FF05C
:1026200002038DF828708DF829808DF82A300A9AD7
:10263000FFF792FA22A90422504603F025FD034633
:1026400022A92046002BEAD1424604992046FFF7F2
:10265000EDF879E74146304600F01CFF00283FF4D2
:1026600073AF594603F004FC00283FF46DAF8DF8BA
:102670002A701AA90A9A2046FFF76EFA64E73046D4
:1026800000F05AFE01202BB0BDE8F08F8DF82A70C3
:102690001AA90A9A2046FFF75FFABEE72DE9F0472C
:1026A00082B00446104615461E46C1F3072A9DF81F
:1026B000287005F104099DF82C80019100F056FF67
:1026C0009DF806308144012B1DD0022B16D104F158
:1026D0000800514600F0D2FE044658B14946324641
:1026E00003F098FE04462CB14346AAB23946304660
:1026F00000F0FCFE204602B0BDE8F0870024204632
:1027000002B0BDE8F08704F10800514600F0AEFECB
:1027100004460028EED04946324603F0A5FD0446A3
:10272000E1E700BF4FEA126CFF23027180F801C09D
:10273000C2F3074CC2F30722017080F802C0437154
:10274000C27000B54FF0090EA0F806E05DF804FB7A
:1027500030B5002389B0124D0C4607931946ADF8E9
:102760001C2001220193C2808DF804202A68039363
:102770000092AA880693ADF80620D0F801200292B4
:10278000027820468DF80C201022CDE9043300F0A9
:10279000ADFE6946204601F0FFFD09B030BD00BF27
:1027A000D8B702080C4A02234FF4007C10B50C463F
:1027B00082B011890422C3800023ADF806102046A0
:1027C0000321ADF804C000F091FE01A9204601F0FC
:1027D0008BFE02B010BD00BFD8B7020810B50B4683
:1027E00088B0044601A9184601F08EFE9DF8043019
:1027F000637108B010BD00BF10B584B00446084630
:1028000002A901F0B1FEE388022B01D004B010BD93
:102810000DF10A00FEF79AFE9DF808209DF8093098
:1028200003EB02239BB2022BF0D19DF80C306371B5
:10283000ECE700BF10B508228AB004460DEB020099
:10284000FEF792FB14F8011B002302A801F080019F
:1028500000941A4601F046F80AB010BD30B58DB0AC
:1028600004460D46194604A803920822FEF77CFB95
:1028700014F8011B039B2A4604A8009401F032F8C7
:102880000DB030BD2DE9F041074684B008460C4636
:1028900015461E46FEF79AFB082803D8002004B010
:1028A000BDE8F0810DF10C0833462A4620460DF1B3
:1028B0000B01CDF8008001F033F83A789DF80B3029
:1028C0009342EBD11B061BD49DF80C207B789A42D7
:1028D00003D0012080F00100E1E79DF80D20B81C35
:1028E000BB789A42F5D19DF80E2010F8013F9A422C
:1028F000EFD19DF80F2043789A42EAD10020E9E712
:102900000120CCE790F90030002BACBF0820042058
:10291000704700BF10B582B04FF6F4740191C388C0
:10292000A3F10A0189B2A1420FD801339CB2C3F3CB
:10293000072CDBB2C480911C019882F800C0537050
:10294000FEF718FE204602B010BD0A234FF0000C1F
:102950001C46EFE770B5044602300D461646FEF7FA
:10296000F5FDC0F30F4328806B802278637803EB7A
:102970000223338070BD00BF002341700370838544
:10298000704700BF2DE9F04F174642780E4683B0DE
:10299000A2F17D019B467E2304460129DDF838A083
:1029A00080F838309DF8340040F21581A0F17D01A7
:1029B00084F839200222012984F8622052D90C9B24
:1029C000032184F83A00DDB284F86210A5F17D029B
:1029D000012A5CD90C9B62180131C3F3072082F8ED
:1029E000385084F86210A0F17D02012A61D94A1C96
:1029F0002144D2B281F8380084F86220002B6AD0DA
:102A00004FF00008C14616E0292A68D8A018013204
:102A100080F8381084F8622088EA01017D4B09F1C2
:102A20000109C9B233F8112082EA18280C9B4B45E2
:102A300069D994F862201BF80910A1F17D000128E2
:102A4000E2D8501CC0B2292849D8A0184FF07D0305
:102A5000023281F0200580F8383080F8395084F84F
:102A60006220D9E704214FF0030C0C9B22444FF065
:102A70007D0EA444DDB280F0200082F838E0A5F19C
:102A80007D028CF8380084F86210012AA2D86218FE
:102A90007D200C9B85F0200582F838000231C3F3BD
:102AA000072082F8395084F86210A0F17D02012AD3
:102AB0009DD84D1C8A1C80F02000214454FA85F5D5
:102AC000D2B24FF07D0C81F838C085F8380084F818
:102AD0006220002B94D11946ADF8043019E000258E
:102AE00000E060B105F13801521B534638462144DD
:102AF000B04794F8622005449542F2D366D0002096
:102B000003B0BDE8F08F5FFA88F194F86220ADF869
:102B100004804FF000094FF07D0BC84613E0292ACE
:102B200024D8A318013283F8381084F8622009F100
:102B30000109B9F1020F2DD009F1080394F86220C0
:102B40006B4413F8041CA1F17D03012BE7D8531C3F
:102B5000DBB2292B0AD8A31881F02001023283F8B6
:102B6000391083F838B084F86220E0E7002501E0EE
:102B70000028C4D005F13801521B53463846214481
:102B8000B04794F8622005449542F1D3B7D184F858
:102B90006280D1E794F862209AB1002501E0002814
:102BA000ADD005F13801521B534638462144B04799
:102BB00094F8622005449542F1D3A0D1002384F813
:102BC00062300C9B98B203B0BDE8F08F4FF0000369
:102BD00084F862302AE77D2182F0200284F83910DF
:102BE000A0F17D0184F83A200322012984F86220B3
:102BF00003D805214FF0040C37E70C9B042184F81F
:102C00003B00DDB284F86210A5F17D02012A3FF697
:102C1000E1AE3CE7CCFD02082DE9F04F044685B05B
:102C2000924689461D460F9E00F0A6FC94F82C2083
:102C300094F82D708046BA425FD017D8013FBA1A77
:102C40000027D2B2B2421AD8D319B34252D8D2B95D
:102C5000002600F091FC2B68A0EB08001B1A304600
:102C600023EAE3732B6005B0BDE8F08F002F60D03E
:102C7000C2F12A02013FD2B2FFB2B242E4D9F2B2AB
:102C80000027002AE4D00E9B50460392009394F84C
:102C90002C102B680231DFF8A4B02144C84794F807
:102CA0002C30064603445908ABFB01212A2289082F
:102CB00002FB113184F82C100028C9D0039A9042ED
:102CC000C7D1002FC5D00E9B02313A465046214451
:102CD00000930023C84794F82C20064413185A0880
:102CE000ABFB021B2A224FEA9B0B02FB1B3384F82F
:102CF0002C30AEE7B61AF7B2A9E70023282EA38539
:102D0000BDD90E9B2922A11C504600932B68C847B1
:102D100094F82C3006462A21034408485A08A0FBA0
:102D20000202920801FB123384F82C30002E8FD05F
:102D30008FE7C2F12902D2B284E700BF310CC33061
:102D40002DE9F04F1E4690F82C5090F82D3083B0AE
:102D5000044688469D42914600F08C812378C34DFD
:102D6000C34F072BFDD8DFE813F01C01FB00D9008F
:102D7000BA008F0051003200080094F82C1094F82B
:102D80002D30994200F04D81E21892787D2A00F0B2
:102D9000B88101332A217E2A4FEA5300A5FB00C0E7
:102DA0004FEA900001FB103384F82D3000F0578279
:102DB000A38E0020E18E03EB022320709BB2994288
:102DC000A38600F07881002003B0BDE8F08F94F86E
:102DD0002C0094F82D30984200F03281E21891785E
:102DE0007D2900F0708101332A207E294FEA5302A9
:102DF000A5FB02C24FEA920200FB123384F82D3089
:102E000000F01D820723A1862370AAE7638EB4F821
:102E100030E09E4527D832E0A5FB01B19CF802C006
:102E20004FF02A0B8908BCF17D0F0BFB110100F05C
:102E3000D480BCF17E0F84F82D1000F0CB8006F812
:102E400003C0E08E638E80EA0C01B4F830E00133F9
:102E5000C9B29BB237F811207345638682EA10220B
:102E6000E28680F01D8194F82D2094F82CA0501C4F
:102E700004EB020C92454FEA5001CDD19E4540F043
:102E80001481062323706CE794F82C0094F82D30FD
:102E9000984200F0C680E21891787D2900F0938175
:102EA00001332A207E294FEA5302A5FB02C24FEAD2
:102EB000920200FB123384F82D3000F0D081238E73
:102EC000002003EB01230C9960869BB2E0868B42C5
:102ED000238640F2E280207003B0BDE8F08F94F8C2
:102EE0002C0094F82D30984200F0AA80E2189178D6
:102EF0007D2900F0868101332A207E294FEA530282
:102F0000A5FB02C24FEA920200FB123384F82D3077
:102F100000F0958104232186237022E794F82C0089
:102F200094F82D20904200F0B480A31899787D2960
:102F300000F0078101322A237E294FEA5200A5FBC7
:102F400000C04FEA900003FB102284F82D2000F00F
:102F50008A8163788B420CBF03230023237000E730
:102F6000002394F82C1084F82E3094F82D309942D8
:102F70006AD0E21890787D2800F0008101332A2180
:102F80007E2884F82E004FEA5302A5FB02C24FEAC6
:102F9000920201FB123384F82D3055D002232370A6
:102FA000DFE694F82CC04FF02A0E94F82D305A1C0E
:102FB0009C4504EB03014FEA52033FF404AFA5FB29
:102FC000030389789B087E290EFB1323DBB284F868
:102FD0002D30ECD101232370C3E6501C4FF02A0B97
:102FE00002324108A5FB01C189080BFB11016018E1
:102FF000C9B28A453FF442AF51088078A5FB01A1D0
:103000007E2880F0200C4FEA91010BFB112284F8FE
:103010002D207FF414AF9E453FF433AF012323707E
:103020009FE60F9B0093012301934A460E9B414666
:103030002046FFF7F1FD00283FF4C5AE237890E667
:103040000F9B00930223EFE70F9B4A464146204621
:103050000093042301930E9BFFF7DEFD0028EDD1C2
:1030600094F82E307E2BE9D0ADE600BF310CC33092
:10307000CCFD02080F9B0093052301930E9BFFF7E5
:10308000CBFD94F82D2094F82C309A423FF49BAE5F
:1030900064E60F9B00930323C6E70523237060E6D5
:1030A0003FF4EFAEBCF17E0F94D0AEEB03030F9A6A
:1030B00002330092B8E794F82E300D9A1370208EE8
:1030C00003B0BDE8F08F591C4FF02A0C4A08A5FB4D
:1030D00002E292080CFB1212D1B28842B0D0023345
:1030E000224491785A08A5FB02027E294FEA9202F7
:1030F0000CFB123384F82D3000F0A18081F0200108
:1031000080E603F1010C2A204FEA5C02A5FB02E2F3
:10311000920800FB12C25FFA82FC614581D0023343
:10312000224459089278A5FB01C17E2A4FEA9101F9
:1031300000FB113384F82D3000F0918082F02002E2
:1031400036E6511C4FF02A0C4B08A5FB03E39B0805
:103150000CFB1313D9B288429BD00232234450088F
:103160009B78A5FB00107E2B4FEA90000CFB1022F1
:1031700084F82D2077D083F02001EAE603F1010CDA
:103180002A204FEA5C02A5FB02E2920800FB12C271
:103190005FFA82FC61453FF457AF023322449178D5
:1031A0005A08A5FB02C27E2984F82E104FEA92022B
:1031B00000FB123384F82D303FF446AF81F020013C
:1031C00084F82E10EAE6591C4FF02A0C4A08A5FB99
:1031D00002E292080CFB1212D1B288423FF421AFF6
:1031E0000233224491785A08A5FB02027E294FEA55
:1031F00092020CFB123384F82D3030D081F0200184
:103200005DE6591C4FF02A0C4A08A5FB02E2920821
:103210000CFB1212D1B288423FF412AF02332244A7
:1032200091785A08A5FB02027E294FEA92020CFB14
:10323000123384F82D3002D081F020016AE60F9B12
:103240000093022301934A460E9B41462046FFF716
:10325000E3FC00287FF4F2AE0123237081E50F9B8D
:1032600000930123EEE70F9B00930323EAE700BFDF
:103270000129844600B583B01FD002294FF0000E0B
:1032800020D0002300206EF307036CF30F2361F3BB
:10329000174362F31F635FFA83FCC3F30721C3F391
:1032A00007421B0E6CF3070061F30F2062F3174017
:1032B00063F31F6003B05DF804FB00F1010E5FFAD9
:1032C0008EFEDEE780F0800EDBE700BF82B030B11B
:1032D000030621D4421E4FF0010CD2B201E0844615
:1032E0000246002360F30703002062F30F236CF310
:1032F000174361F31F635FFA83FCC3F30721C3F332
:1033000007421B0E6CF3070061F30F2062F31740B6
:1033100063F31F6002B0704780F080024FF0020C30
:10332000DFE700BF0023037480F8403080F84430AA
:1033300080F86030704700BF70B5037C04464BB125
:10334000064600253046013502F088FF237C103602
:10335000AB42F7D894F844305BB104F14206002543
:103360003046013502F080FD94F844300236AB421D
:10337000F6D894F840305BB104F1180600253046C9
:10338000013503F019F894F840302836AB42F6D8EE
:1033900094F860305BB104F14806002530460135F1
:1033A00002F0CEFD94F860301836AB42F6D870BD0E
:1033B00010B5047C82B004F1010C80F810C000EB61
:1033C000041002F041FF01222046114602B0BDE880
:1033D0001040FFF74DBF00BF10B584B084462820D1
:1033E0009DF8184000949CF8404000FB04C004F194
:1033F000010E18308CF840E002F0A6FF01220221F5
:10340000204604B0BDE81040FFF732BF10B590F879
:10341000444082B0621C04F1210380F8442000EB98
:10342000430002F01DFD00220121204602B0BDE84C
:103430001040FFF71DBF00BF10B584B084461820B0
:10344000069C00949CF8604000FB04C004F1010E4F
:1034500048308CF860E002F04DFD00220221204649
:1034600004B0BDE81040FFF703BF00BF037C8B42F0
:103470008CBF00EB01100020704700BF90F8403077
:103480008B4204D9282303FB010018307047002029
:10349000704700BF90F844308B4203D9213100EBD4
:1034A000410070470020704790F860308B4204D98B
:1034B000182303FB0100483070470020704700BF0D
:1034C00090F8403083B170B5064600F1180500242D
:1034D00000E040B12846013403F0E2F996F84030AC
:1034E0002835A342F5D870BD01207047F8B50E46C7
:1034F0000421044615461F46FDF752FD01233146BF
:10350000204647EA030223752B4600F029FA20469D
:10351000FDF75CFDA84234BF00200120F8BD00BFCC
:103520002DE9F04104460D46042116469846FDF764
:1035300037FD2046FDF74AFD03288CBF01270027F1
:1035400002D83846BDE8F081334642462046294637
:1035500000F01AFA98F80030384603F0010203F040
:10356000FE0388F800302275BDE8F08110F00300FA
:1035700018BFC0F10400704710B584B0012069463F
:10358000F2F7EEFA08499DE81500A0FB01030019C7
:1035900001FB0231054A4FF0000341EBE471DDF716
:1035A000C3F804B010BD00BF00CA9A3B40420F00F0
:1035B00010B584B001206946F2F7D2FA064A0098A5
:1035C0000299A0FB0203019C401802FB043343EB69
:1035D000E17104B010BD00BF00CA9A3B2DE9F04173
:1035E0000C468AB0064691F8C11004F10800FFF7B6
:1035F00045FF054603F05EF968B92046D4E92E314F
:10360000984718B901200AB0BDE8F081284603F0B8
:1036100051F90028F6D029894FF6FC72EB89287BF6
:103620006F68121AB3FBF1F0B7FBF1F701FB103131
:10363000D4F8C43089B207FB01F1043F3A440431A5
:103640001FFA82F83A46A3EB0803C4F8C4302B688B
:103650001944002351F8040C009002A8FDF772FCF5
:10366000D4F8C42002F10803BB4227D94246002304
:103670000D2102A8FFF73AFF2989EB896A68B3FB9D
:10368000F1F0B2FBF1F201FB10339BB202FB03F34A
:103690002A68D7500121E88903F02EF90499039A8A
:1036A000E8813046521AFDF75FFC304622460F494A
:1036B000FDF72EFC00200AB0BDE8F08192B2022393
:1036C0000D2102A8FFF712FF2889EB896968D4F859
:1036D000C420B3FBF0F7B1FBF0F100FB1733083265
:1036E0009BB201FB03F32968CA50D3E7DD3502081A
:1036F000F0B587B0072700251C460646CDE9022114
:103700000C9ACDE900750432FEF7C8FF80F0010283
:10371000D2B2A27512B1284607B0F0BD05AA02992F
:103720003046FFF7F7F805A90546204600F09CFF54
:10373000A669E7692046D4E90121521AFDF714FC75
:1037400020463A463146FDF7E3FB284607B0F0BD78
:103750002DE9F04F91B0054608301E460591C1F3A2
:1037600007210492FFF78AFE9DF81630012B00F026
:1037700093800446002800F08F8003F09BF8002817
:1037800000F085802389E7896268B7FBF3F9B2FB13
:10379000F3F203FB19792368A2F1040B03921FFAD9
:1037A00089F902FB09F909F104099944237B59F8C5
:1037B000048C43457CD3ABF1040A5A46494608A819
:1037C000AAEB030A1A9BCDF8008008331FFA8AFA85
:1037D00002930023FDF7B6FB029B52460D215B4589
:1037E00034BF0223002308A8FFF780FE2189636805
:1037F0003846B7FBF1F2B3FBF1F301FB1272012182
:1038000092B202FB03F3226842F803B003F074F8AB
:10381000039B08F104010746A3F10802304649441E
:10382000A2EB0802FDF7A0FB1A9B0721E7811A1DF6
:1038300000233046B2F5803F28BF1A4692B2FFF708
:1038400055FE07AA04992846FFF764F8044620B3FA
:1038500007A9304600F008FF3046D6E90121521A88
:10386000FDF782FB059B029A3046C5F8C0301B9BD2
:10387000C5F8C4202A46C5F8B8301C9B1849C5F8BD
:10388000BC30FDF745FB204611B0BDE8F08F1C9918
:1038900028461B9B984720B90024204611B0BDE85C
:1038A000F08F204603F006F800287FF46BAFF3E7B3
:1038B0003846012103F020F8228963680746B3FBEC
:1038C000F2F9B0FBF2F302FB13039BB203FB09F91D
:1038D000236809F104099944237B59F8048C6AE7A9
:1038E000DD350208F0B5164683B004460D46019357
:1038F000089FFCF757F831462046FCF753F8019A29
:1039000001212046FCF7FAF82B0601D503B0F0BDE3
:1039100004223946204603B0BDE8F040FBF7A0BEC4
:10392000F0B5164683B004460D460193089FFCF798
:103930004FF831462046FCF74BF8019A012120460A
:10394000FCF7D0F995F90030002B01DA03B0F0BD97
:1039500004223946204603B0BDE8F040FBF7E4BE40
:1039600030B5154683B004460193FCF71BF8294691
:103970002046FCF717F8019A0121204603B0BDE864
:103980003040FCF7BBB800BF30B5154683B00446E5
:103990000193FCF71DF829462046FCF719F8019A17
:1039A0000121204603B0BDE83040FCF79BB900BFC1
:1039B0002DE9F84304220E460546FBF751FE074663
:1039C0000222311D2846FBF74BFE38400222B11D72
:1039D000C7B22846FBF744FE0422074006F108015F
:1039E0002846FBF73DFE0740317B2846FBF7DAFF10
:1039F000717B07402846FBF7A7FF737B07EA0008A7
:103A00003BB9B18B2846FBF7F9FF08EA0000BDE897
:103A1000F88331692846FCF7DBF93369E3B1C0B1BB
:103A200037464FF0000900E09CB17969284602F062
:103A3000FFF9B9690446284602F0FAF909F10109CB
:103A40003369044008379945E4B2EDD308EA040825
:103A5000D7E74FF00008D4E708EA0008D1E700BF35
:103A60002DE9F84304220C460546FBF75DFE0746A8
:103A70000222211D2846FBF757FE38400222A11DD5
:103A8000C6B22846FBF750FE0422064004F10801A6
:103A90002846FBF749FE064004F10C012846FBF7D7
:103AA00097FF04F10D0106EA00072846FBF762FFC5
:103AB000637B07403BB904F11C012846FCF79EF8E4
:103AC0003840BDE8F88304F110012846FCF7B0FA4D
:103AD0002369012B03D901230027AB75EBE70BB357
:103AE000F0B1A0464FF0000900E0CEB1D8F81410B4
:103AF00008F108084FF40072284602F0A9F9D8F836
:103B0000101006464FF40072284609F1010902F030
:103B10009FF9236906409945F6B2E6D33740CAE7D4
:103B20000027C8E70740C6E72DE9F84304220F46FF
:103B30000546FBF795FD04460222391D2846FBF792
:103B40008FFD20400222B91DC4B22846FBF788FD34
:103B5000397A04402846FBF7F7FE3B7A00EA04086E
:103B600013B94046BDE8F883F9682846FCF730F9F8
:103B7000FB6803B3D0B13E464FF0000900E0ACB1A2
:103B80003169284602F054F971690446284602F06A
:103B90004FF909F10109FB68044008369945E4B280
:103BA000EDD308EA04084046BDE8F8834FF000086A
:103BB0004046BDE8F88308EA0008D2E770B50D4634
:103BC00009780646FBF7EEFE044630B12B78022B4F
:103BD0000CD0032B10D0012B08D0022205F5027166
:103BE0003046FBF73DFD2040C0B270BD69683046ED
:103BF00002F01EF90446F0E72946304651F8042F3A
:103C00000431FDF751FA0446E7E700BF70B50B78C1
:103C10000C460546013B0D2B54D8DFE803F0300776
:103C20001B1B07070707530C0C0C4E490431BDE85A
:103C30007040FFF7C3BF0979FBF7B4FEE8B1237901
:103C4000012B01D0022B3DD1A1682846BDE8704070
:103C500002F0EEB80979FBF7A5FE064620B12379FC
:103C6000022B39D0032B2FD0022204F503712846F2
:103C7000FBF7F6FC3040C0B270BD002070BD097982
:103C8000FBF790FE064658B12379022B03D0032B95
:103C900028D0012B04D1A168284602F0C9F80646B5
:103CA000B4F90C122846FCF7B9FB3040C0B270BD25
:103CB0000431BDE87040FFF77BBE0431BDE87040C1
:103CC000FFF732BF012070BDA26804F10C01284645
:103CD000FDF7EAF90646C7E7A168284602F0A8F80A
:103CE0000646C1E7A26804F10C012846FDF7DCF99D
:103CF0000646D5E770B506460D46FBF769FE044655
:103D000030B12B78022B0CD0032B12D0012B08D012
:103D1000022205F502713046FBF706FD2040C0B2D5
:103D200070BD4FF400726968304602F091F80446A5
:103D3000EEE72B1D4FF4007205F108013046FDF748
:103D4000C5F90446E4E700BF70B50D46097806469C
:103D5000FBF7FAFD2B7804464BB9297A3046FBF77E
:103D6000F3FD2B7A0440E4B243B9204670BD696884
:103D7000304602F05DF80440E4B2EEE7E968304610
:103D800002F056F80440204670BD00BF70B50D46E5
:103D90000646096802F04CF8044629793046FBF7DC
:103DA000D3FD2B790440E4B243B9297B3046FBF7BD
:103DB000CBFD2B7B04403BB9204670BDA968304643
:103DC00002F036F80440F0E72969304602F030F896
:103DD0000440E4B2204670BD2DE9F0410C4609785C
:103DE0000646FBF7B1FD237805466BB994F8281019
:103DF0003046FBF7A9FD94F828300540EDB2002BC2
:103E000069D12846BDE8F08161683046FBF7E0FFE4
:103E10006368002B6BD0002867D0A168304602F0A1
:103E200007F86368012B53D900285ED0E16830465B
:103E300001F0FEFF6368022B4AD9002855D02169A2
:103E4000304601F0F5FF6368032B41D900284CD0C0
:103E50006169304601F0ECFF6368042B38D9002813
:103E600043D0A169304601F0E3FF6368052B2FD9E9
:103E700000283AD0E169304601F0DAFF6368062B8A
:103E800026D990B3216A304601F0D2FF6368072B30
:103E90001ED950B3616A304601F0CAFF6368082B2F
:103EA00016D910B3A16A304601F0C2FF6368092B2E
:103EB0000ED9D0B104F12C08092700E0A8B158F8B8
:103EC000041B304601F0B4FF013762689742F5D316
:103ED0000540EDB28AE7E26A04F130013046FDF7B1
:103EE000E3F805402846BDE8F08100257EE728403C
:103EF000C5B27BE770B50D4609780646FBF724FD91
:103F00002B7804464BB9297A3046FBF71DFD2B7AF6
:103F10000440E4B243B9204670BD6968304601F000
:103F200087FF0440E4B2EEE705F10C013046FFF7ED
:103F300053FF0440204670BD2DE968438846814602
:103F40000988FBF75BFD064698F802104846FBF728
:103F5000FBFC98F802300640F5B2EBB998F8061071
:103F60004846FBF7F1FC98F8063005407BBB98F813
:103F70000C104846FBF7E8FC98F80C300540F3B904
:103F800098F814104846FBF7DFFC98F81430054009
:103F90004BB92846BDE86883B8F804104846FBF7DB
:103FA0002DFD0540DAE7D8F8182008F11C01484635
:103FB000FDF77AF82840C5B22846BDE86883D8F8EE
:103FC00010104846FBF704FF2840C5B2D8E7D8F8E0
:103FD00008104846FBF7FCFE2840C5B2C7E700BF03
:103FE000F8B502220D460646FBF73AFB0446A978CF
:103FF0003046FBF7A9FCAB780440E4B20BB920468D
:10400000F8BD05F108013046FFF796FF074695F821
:104010002C103046FBF798FC95F82C303840C7B28E
:1040200013B93C402046F8BDD5E90C233046FCF7D7
:1040300025F90740F5E700BF70B505460E46FBF7CA
:10404000C7FC68B133780446013B0D2B09D8DFE883
:1040500003F0410A23230A0A0A0A081010105C56CA
:104060000024204670BD311D2846BDE87040FFF792
:1040700041BE311D2846FBF7ABFC0028F0D0337958
:10408000012B01D0022BECD1B16828464FF400720D
:10409000BDE8704001F0DCBE311D2846FBF798FCFE
:1040A000044670B13379022B4CD0032B09D106F1B1
:1040B00008034FF4007206F10C012846FDF706F8DC
:1040C0000446022206F503712846FBF72DFB20402B
:1040D000C4B2C6E7311D2846FBF77AFC044630B16E
:1040E0003379022B36D0032B3CD0012B32D006F58E
:1040F00003712846FCF712FA2040C4B2B1E7311D23
:104100002846BDE87040FFF7ABBC04222846B11832
:10411000FBF70AFB0446022206F108012846FBF7DA
:1041200003FB0440022206F10A012846E4B2FBF731
:10413000FBFA034606F10C0128461C40FBF71AFC6B
:1041400004408EE74FF40072B168284601F080FE0B
:104150000446B6E74FF40072B168284601F078FED5
:104160000446C4E706F108034FF4007206F10C019F
:104170002846FCF7ABFF0446B9E700BF70B5022242
:1041800005460E46FBF7D0FA022204462846B1182F
:10419000FBF7CAFA2040C0B270BD00BF2DE9F0475E
:1041A0000E4609788046FBF7FDFB074638B13378A9
:1041B000062B00F081800D2B14D0052B02D0384641
:1041C000BDE8F087B6F908104046FCF727F9074626
:1041D0004046D6E90423FCF751F83840C7B23846C8
:1041E000BDE8F087B6F908104046FCF717F9F1680A
:1041F00007464046FBF7ECFDF368002BEDD018B303
:1042000006F10C09002404EB440506EBC505297CE6
:104210004046FBF7C7FB4FEA440A04EB4401002881
:1042200051D02B7CC900032B54D8DFE803F0332195
:104230000F0249444046896801F0FAFD0134F268F2
:10424000944244D20028DED10027B8E70831A244C6
:1042500010224046494406EBCA0AFBF701FA05461C
:10426000DAF824104046FBF7B3FD2840C0B2E5E77A
:104270000831A24404224046494406EBCA0AFBF72F
:10428000EFF90546BAF818104046FBF7B7FB28408F
:10429000C0B2D3E70831A24402224046494406EBAB
:1042A000CA0AFBF7DDF905469AF816104046FBF7F7
:1042B00079FB2840C0B2C1E7B6F908104046BDE816
:1042C000F047FCF7ABB80134F268A242BCD8074013
:1042D000FFB274E70134F36818359C4297D36EE758
:1042E0002DE9F041022206460F46FBF71DFA022295
:1042F00005463046B918FBF717FA8046391D304697
:10430000FBF766FB05EA08050446791D30462C409C
:10431000FBF75EFB2040C0B2BDE8F081F8B50E4669
:1043200007460978FBF73EFB044671783846FBF7F1
:1043300039FB0440B1783846FBF706FBB378E4B2AA
:10434000044043B9317A3846FBF7FEFA337A044029
:104350003BB92046F8BD7168384601F069FD04405C
:10436000F0E771893846FBF749FB0546B1893846C5
:10437000FBF744FB0540F1893846EDB2FBF73EFB05
:10438000318A2540044638462540FBF737FB00EAD2
:1043900005042046F8BD00BFFFF70ABBF8B50222AE
:1043A00007460E46FBF75CF9022205463846B1186F
:1043B000FBF756F9317904463846FBF7F3FA70B14A
:1043C00033792C40013BE4B20D2B09D8DFE803F030
:1043D0004C0A23230A0A0A0A08121212453E002434
:1043E0002046F8BD06F108013846FFF7E7FB044018
:1043F0002046F8BD317A3846FBF7D4FA0028EED0D3
:10440000337A012B01D0022BEAD1F168384601F052
:104410000FFD0440E4E7317A3846FBF7C3FA05465E
:1044200058B1337A022B34D0032B06D1F26806F14F
:1044300010013846FCF738FE0546022206F50471E5
:104440003846FBF70DF928400440C9E706F108019A
:104450003846FFF7ADFA0440C2E706F108013846D6
:10446000FFF762FB0440BBE7317A3846FBF79AFA64
:10447000054630B1337A022B11D0032B15D0012B16
:104480000DD0B6F910123846FBF7C8FF284004409B
:10449000A6E7F168384601F0CBFC0546CDE7F168A8
:1044A000384601F0C5FC0546EBE7F26806F110015D
:1044B0003846FCF7F9FD0546E3E700BF70B5022278
:1044C00005460E46FBF730F9022204462846B1188D
:1044D000FBF72AF90346311D28461C40FBF7A8FDCF
:1044E000E4B2204070BD00BF70B5022205460E4602
:1044F000FBF7B6F8022204462846B118FBF7B0F8DD
:104500002040C0B270BD00BF2DE9F8430E460546FD
:10451000FBF75EFA0446711C2846FBF759FA0422A1
:1045200081462846B118FBF7FFF806F108018046DE
:1045300002222846FBF7F8F804EA0903074602229C
:10454000DBB206F10A01284603EA0804FBF7ECF89F
:10455000034628463C4006F10C011D46FBF70AFACB
:1045600025402840BDE8F8832DE9F04102220646A7
:104570000F46FBF7D9F8022205463046B918FBF77B
:10458000D3F88046391D3046FBF722FA05EA0805C4
:104590000446791D30462C40FBF71AFA2040C0B281
:1045A000BDE8F0812DE9F04102220C460546FBF7FB
:1045B00057F8022280462846A118FBF751F8074613
:1045C00021792846FBF7EEF908EA070806466179E3
:1045D000284606EA0806FBF7E5F9217A3040C7B21B
:1045E0002846FBF7B1F9237A06466BB994F81C12FA
:1045F0002846FBF7A9F994F81C323040C6B283B9BB
:1046000006EA0700BDE8F081217B2846FBF7CAF9DE
:1046100088B104F10C012846FFF7F8FA3040C6B221
:10462000E4E704F508712846FFF7B8FD064006EAFE
:104630000700BDE8F0810646D8E700BF70B502224A
:1046400005460E46FBF70CF8022204462846B11830
:10465000FBF706F80346311D28461C40FFF75EFEB7
:10466000E4B2204070BD00BF70B5022205460E4680
:10467000FAF7F6FF022204462846B118FAF7F0FFCF
:104680002040C0B270BD00BF70B50C4605460E4656
:1046900034F8021BFBF7B2F90222214604462846F1
:1046A000FAF7DEFF0346317928461C40FBF77AF91A
:1046B000E4B2204070BD00BF70B50E460546FBF762
:1046C0009DFA022204462846B118FBF72DF803464E
:1046D000311D28461C40FBF77BF9E4B2204070BD39
:1046E00070B50D4606460988FBF788F969880446C7
:1046F0003046FBF783F90346297930461C40FBF727
:1047000051F9E4B2204070BD70B50E460546FBF786
:1047100075FA0446B11C2846FBF770FA0346311DB2
:1047200028461C40FBF754F9E4B2204070BD00BF9E
:1047300070B50D4606460968FBF764FF04466968D4
:104740003046FBF745FB2040C0B270BD2DE9F0417B
:104750000E460546FBF7EEFF0746311D2846FBF7E0
:1047600067FC804606F108012846FBF7E3FF07EAED
:104770000807044606F10C0128463C40FBF758FCAC
:1047800006F1100104402846FBF7D4FF0346E4B2CB
:1047900028461D4606F11401FBF74AFC2C40204038
:1047A000BDE8F0812DE9F04104460D460C22FAF7F0
:1047B00057FF032205F10C0107462046FAF750FF88
:1047C000E97B80462046FBF7EDF82969064620463E
:1047D000FBF718FF07EA0807034620463E406969D1
:1047E0001C46FBF7F5FA34402040C0B2BDE8F0812A
:1047F0002DE9F04104460D460C22FAF795FF0322FD
:1048000005F10C0107462046FAF78EFF05F10F016E
:1048100080462046FBF7DCF805F1100106462046ED
:10482000FBF788FF07EA0807034620463E4005F1EC
:1048300014011C46FBF7FCFB34402040C0B2BDE82D
:10484000F08100BF002839D070B50446006880B3FD
:104850000E461546F5F710FC30B320680430F5F726
:104860000BFC08B320680830F5F706FCE0B12068BF
:104870000C30F6F7B3FCB8B120681030F6F7AEFC98
:1048800090B1CDB1C6B12A4631462068F5F7ACFBF0
:1048900048B10A2807D040F2F51240F6370390429B
:1048A0000CBF1846012070BDF7F7DEFF40F636005A
:1048B00070BD40F6360070BD0B2070BD40F636006E
:1048C000704700BF90B370B50446006848B30E4609
:1048D0001546F5F7D1FBF8B120680430F5F7CCFBAD
:1048E000D0B120680830F5F7C7FBA8B120680C30BC
:1048F000F6F774FC80B120681030F6F76FFC58B101
:1049000095B18EB120682A4631460830F5F734FB60
:10491000003818BF012070BDF7F7A6FF40F636003B
:1049200070BD40F6360070BD0B2070BD40F63600FD
:10493000704700BF00283AD070B50446006888B3BD
:104940000E461546F5F798FB38B320680430F5F7A6
:1049500093FB10B320680830F5F78EFBE8B12068B0
:104960000C30F6F73BFCC0B120681030F6F736FC8F
:1049700098B1D5B1CEB120682A4631460830F5F756
:1049800033FB48B10A2807D040F2F51240F637034E
:1049900090420CBF1846012070BDF7F765FF40F646
:1049A000360070BD40F6360070BD0B2070BD40F67D
:1049B0003600704700283AD070B50446006888B3C6
:1049C0000E461546F5F758FB38B320680430F5F766
:1049D00053FB10B320680830F5F74EFBE8B12068B0
:1049E0000C30F6F7FBFBC0B120681030F6F7F6FB91
:1049F00098B1D5B1CEB120682A4631460430F5F7DA
:104A0000F3FA48B10A2807D040F2F51240F637030E
:104A100090420CBF1846012070BDF7F725FF40F605
:104A2000360070BD40F6360070BD0B2070BD40F6FC
:104A300036007047002838D030B50446006891B081
:104A400078B30D46F5F718FB28B320680430F5F766
:104A500013FB00B320680830F5F70EFBD8B12068CF
:104A60000C30F6F7BBFBB0B120681030F6F7B6FBA0
:104A700088B1EDB1206800236A4629460C30F6F76C
:104A800051FB60B140F29113984214D00A2818BF2C
:104A9000012011B030BDF7F7E7FE40F6360011B047
:104AA00030BD40F6360011B030BD40F636007047DC
:104AB0000B2011B030BD40F63700F0E7002848D099
:104AC000F8B50C4600293CD005460868002838D0C7
:104AD00017461E46F5F7D0FAB0B320680430F5F754
:104AE000CBFA88B320680830F5F7C6FA60B32068BF
:104AF0000C30F6F773FB38B320681030F6F76EFB16
:104B000010B32168284601F5E272F7F7BFFBB8B988
:104B10002168284601F5E4720431F7F7B7FB78B94C
:104B20002168284601F5E6720831F7F7AFFB38B97E
:104B30002168284601F5E8720C31F7F757F858B1AB
:104B4000F8BD40F63600F8BDF7F78EFE40F63600A9
:104B5000F8BD4FF4617070472168284601F5EA728C
:104B60001031F7F743F80028EAD11FB12368D3F8D2
:104B7000C4313B60002EE3D02368D3F8D0313360DA
:104B8000F8BD00BF002850D02DE9F8430C4600299D
:104B90003ED00546086800283AD016461F46F5F76D
:104BA0006BFA002838D020680430F5F765FA002841
:104BB00032D020680830F5F75FFA68B320680C300F
:104BC000F6F70CFB40B320681030F6F707FB18B37C
:104BD000DDE90932002A18BF002B089B0CBF012118
:104BE0000021002B08BF41F00101002F08BF41F058
:104BF0000101B9B9B6B123686C68D3E974218A425E
:104C0000104638BF0846844212D80120BDE8F88318
:104C100040F63600BDE8F883F7F726FE40F636008A
:104C2000BDE8F8830B20BDE8F8834FF4617070474E
:104C3000D3E9718ED3F8CCC1F0454046EC6938BF5A
:104C40007046604538BF60468442DED9D5F818907A
:104C50002D6859F8280055F8214055F82250181AA7
:104C600059F82C2003F10C0C59F82E10B0FA80F0F2
:104C7000A5EB0C054009B5FA85F56D09357003F112
:104C80001005641B089DB4FA84F464093C701C1D73
:104C900008332870091B0020D31A099AB1FA81F150
:104CA000B3FA83F349095B0911700A9A1370B1E7EB
:104CB000002839D070B50446006880B30E4615460A
:104CC000F6F726FA30B320680430F6F721FA08B375
:104CD00020680830F6F71CFAE0B120680C30F6F7CF
:104CE00099F8B8B120681030F6F794F890B1CDB1CA
:104CF000C6B12A4631462068F6F7B2F948B10A280B
:104D000007D040F2592240F6990390420CBF184652
:104D1000012070BDF7F7A8FD40F6980070BD40F681
:104D2000980070BD0B2070BD40F69800704700BF22
:104D300090B370B50446006848B30E461546F6F7C2
:104D4000E7F9F8B120680430F6F7E2F9D0B120684D
:104D50000830F6F7DDF9A8B120680C30F6F75AF8FC
:104D600080B120681030F6F755F858B195B18EB182
:104D70002A4631462068F6F7B3F910B1022818BF69
:104D8000012070BDF7F770FD40F6980070BD40F649
:104D9000980070BD0B2070BD40F69800704700BFB2
:104DA00000283AD070B50446006888B30E46154610
:104DB000F6F7AEF938B320680430F6F7A9F910B366
:104DC00020680830F6F7A4F9E8B120680C30F6F74F
:104DD00021F8C0B120681030F6F71CF898B1D5B1B1
:104DE000CEB120682A4631460830F6F739F948B185
:104DF0000A2807D040F2592240F6990390420CBF8E
:104E00001846012070BDF7F72FFD40F6980070BDE1
:104E100040F6980070BD0B2070BD40F698007047BA
:104E200000283AD070B50446006888B30E4615468F
:104E3000F6F76EF938B320680430F6F769F910B365
:104E400020680830F6F764F9E8B120680C30F5F70F
:104E5000E1FFC0B120681030F5F7DCFF98B1D5B1A3
:104E6000CEB120682A4631460430F6F7F9F848B149
:104E70000A2807D040F2592240F6990390420CBF0D
:104E80001846012070BDF7F7EFFC40F6980070BDA2
:104E900040F6980070BD0B2070BD40F6980070473A
:104EA00098B370B50446006850B30E461546F6F741
:104EB0002FF900B320680430F6F72AF9D8B120683A
:104EC0000830F6F725F9B0B120680C30F5F7A2FFED
:104ED00088B120681030F5F79DFF60B19DB196B1A3
:104EE00020682A4631460430F6F7FAF810B1022855
:104EF00018BF012070BDF7F7B7FC40F6980070BDF1
:104F000040F6980070BD0B2070BD40F698007047C9
:104F100000284DD070B50C4659B10546086840B11F
:104F20001646F6F7F5F820B120680430F6F7F0F8E9
:104F300010B940F6980070BD20680830F6F7E8F820
:104F40000028F6D020680C30F5F77CFF0028F0D060
:104F500020681030F5F776FF0028EAD0216828464F
:104F600001F5EE72F7F7BEF90028E4D12168284672
:104F700001F5F0720431F7F7B5F90028DBD12168AB
:104F8000284601F5F2720831F7F7ACF90028D2D1C2
:104F90002168284601F5F4721431F7F747F9002823
:104FA000C9D1002EC7D02368D3F8DC31336070BD7F
:104FB0004FF46170704700BF002867D02DE9F041C1
:104FC0000C4661B10546086848B116469846F6F7A2
:104FD0009FF820B120680430F6F79AF818B940F627
:104FE0009800BDE8F08120680830F6F791F80028B5
:104FF000F5D020680C30F5F725FF0028EFD02068A9
:105000001030F5F71FFF0028E9D0DDE90623002A5C
:1050100018BF002B0CBF01210021B8F1000F08BF01
:1050200041F00101A9BBA6B3216800202C69D1F889
:10503000E8212F6A54F82220D1F8DC41D1F8E03180
:1050400057F8244057F82350641AD1F8E431B4FAE1
:1050500084F457F82330640934700C1D2C1BB4FA07
:1050600084F4640988F8004001F108041B1B069CC5
:10507000B3FA83F35B09237001F11403D31A079A7F
:10508000B3FA83F35B091370BDE8F0814FF46170EC
:1050900070470B20BDE8F081022070470320704765
:1050A000042070470620704705207047C2B2062AC8
:1050B00010D804290ED800EB800210B45318064C07
:1050C00054F8233013B15DF8044B184700205DF805
:1050D000044B704700207047CCFF020810B5074C06
:1050E000864684460FCCACE80F000FCCACE80F002E
:1050F00023687046CCF8003010BD00BF580003088C
:10510000D0B18446D0F8090000B587B0DCF80D10A6
:10511000DCF81120DCF815300DF1080EAEE80F00B8
:10512000DCF804000CF1400202A91030FFF7CAFBC2
:1051300020B907B05DF804FB0B2070470190F7F72A
:1051400093FB019807B05DF804FB00BF60B1836872
:1051500043B11968002281601A72C1681A629A8488
:105160001960C360184670470346FBE780B179B108
:10517000C36899420DD02BB11A68914203D01346EF
:10518000002BF9D170470A681A6083680B60816050
:1051900070470B68C360F8E738B581B178B1C4686F
:1051A0000D4614B909E024683CB104F1090010224D
:1051B000294602F047FD0028F5D1204638BD0024DD
:1051C000204638BD40B1C06810B905E0006818B18C
:1051D00090F908308B42F9D1704700BF40B1C068E8
:1051E00010B905E0006818B190F90830032BF9DD1B
:1051F000704700BF70B1C06860B110B401E00068D2
:1052000028B1D0E90A41994208BF9442F7D15DF82C
:10521000044B7047704700BF70B1C06860B110B4F4
:1052200001E0006828B1D0E91041994208BF9442DA
:10523000F7D15DF8044B7047704700BF70B1C0688C
:1052400060B110B401E0006828B1D0E9164199427C
:1052500008BF9442F7D15DF8044B7047704700BF18
:1052600040B1C06810B905E0006818B190F820306E
:10527000002BF9D0704700BF40B1C06810B905E0FD
:10528000006818B190F82330002BF9D0704700BFA8
:1052900098B100220B4600F1280110B5446886B091
:1052A00004F110000592CDE9032203AA8DF80C3019
:1052B000FFF73EFD18B906B010BD0B2070470190F6
:1052C000F7F7D2FA019806B010BD00BF0000000049
:1052D00010B310B590B0044606A8FFF7FFFE0023F8
:1052E000D4F80900EC46D4F80D10D4F811208DF84C
:1052F0001830D4F81530CDF81CD0ACE80F009FED75
:10530000087B606806AA04F1580110308DED087B17
:10531000FFF7C6FD10B010BD0B207047AFF3008043
:10532000010000000100000082B030B58BB00EAC6F
:1053300084E80C0088B1044601A80D46FFF7CEFEB4
:1053400001AA0EA904F110008DF80450FFF7A8FD82
:105350000BB0BDE8304002B070470B200BB0BDE889
:10536000304002B0704700BF0B280DDC002809DB7D
:105370000B2807D8DFE800F0070606070606060632
:105380000606070701207047CB2818BF0120704789
:1053900030B5002383B00093D0B104466946154868
:1053A000F7F732FA024610B1012003B030BD009B7E
:1053B0008BB118780028F8D001A91846019201F0A5
:1053C0001DFD054650B1431C0DD000202560ECE7C3
:1053D0000B2003B030BD184603B030BD019B1B78D5
:1053E000002BF2D0E0E702F045FD0368222BECD160
:1053F000DAE700BF7C0003082DE9F04F8DB0984636
:105400001B9B0792002B18BFB8F1000F0CBF0123A4
:105410000023002A08BF43F00103002908BF43F01E
:105420000103002B3DD1B0FA80F204465209002856
:1054300037D00F460BA900F051FA054668BB0B9B0D
:10544000002B37D102460BA93846F9F7EDFB68BBB4
:105450000B9B002B33D12A460BA90798F9F7C6FB03
:1054600020BB0B9D002D40F0A2807B21204602F046
:105470001BFC2378814620BB2F2B22D119AB93E84C
:10548000030016AB8DE8030020460ECBF7F752FB66
:1054900000281B9B08BF0A25186028460DB0BDE8F0
:1054A000F08F0B2528460DB0BDE8F08FFFF75CFFAD
:1054B0000546F2E7672528460DB0BDE8F08FC925FF
:1054C000EBE77E2B75D0B9F1000F00F0C28000230E
:1054D000A2461E46089555460994B2464C46DDF84C
:1054E0001CB0002C00F0AE807D21284602F0DCFBD1
:1054F000A0EB04092146694809F10106324602F091
:10550000E0FB002851D032462146654802F0D9FB25
:1055100028B132462146634802F0D3FB38BBD94656
:1055200018AB93E8070016AB8DE80700204631461C
:105530000CCBF7F721FB0446002800F0A3804A4675
:10554000284616AB2146F7F7F5F91A990546179B39
:10555000204698475046179B1A999847002D6CD0C3
:105560007B21284602F0A0FBAA460446B9E709F1D0
:10557000FF32611C4046F7F717FC81460028CFD167
:105580001B9B18AA6925186016AB07CA8DE807008F
:10559000314620460CCBF7F7EFFA1A99179B98473C
:1055A000179B1A995046984777E7B946B8E7CA2536
:1055B00073E7079E3046DAF7F3FE3B4A3B4B039610
:1055C000012818BF1346049702931A9B0093631C8B
:1055D00005934FF40063019316AB0FCBF7F770F907
:1055E000064650B3B9F1000F05D07B21B24602F058
:1055F0005BFB81466EE733782F2B1BD0079C204640
:10560000DAF7CEFE4FF40063294A01931A9B049601
:105610000093284B0394012818BF1346029316AB3E
:105620000FCBF7F74DF90346179A30461A991E46E5
:10563000904716B11B9B1E602FE700231B9A0A257B
:1056400013602AE753465646DDE90854002BD2D1B1
:1056500023782F2B1ED0079E3046DAF7A1FE1A9A28
:105660004FF4006303960494CDE90023104A114BD4
:10567000012818BF1346029316AB0FCBF7F720F99A
:105680000646D6E7DDE91A125046179B14600A2534
:10569000984702E700231E46CCE700BF94000308AA
:1056A0009C000308A40003088C00030828F70208E4
:1056B00028F5020820F5020800280CBF0B20002066
:1056C000704700BF034A034692E8030083E80300E3
:1056D00018467047B000030882B0F0B587B00446A2
:1056E0000D460DF1300E0DF1040CCEE90023BEE89D
:1056F0000F00ACE80F00DEF8003001A8CCF8003055
:10570000F6F7D0FF54B380F00103DBB233BB666819
:10571000EEB91DB32846F4F705FD08B3019B1C2024
:10572000059998470746606010B32868283000F054
:10573000A5FA386060680768A7B1012301AC00F1E1
:10574000080703710FCC0FC723683B6000E0642695
:10575000304607B0BDE8F04002B070470B26F7E7CF
:105760006526F5E7029B0126059998476760EFE7F4
:105770000A26EDE782B02DE9F04186B004460E46D8
:1057800015460DF1300C0DF1040E4CF8043FBCE849
:105790000F00AEE80F00DCF8003001A8CEF80030B2
:1057A000F6F780FF80F00103DBB23BBB34B3D4F8E3
:1057B0000480B8F1000F1AD105B32846F4F7B2FC03
:1057C000F0B1019B1C20059998470746606020B303
:1057D000C6B1066080F8048001AC07F1080C002512
:1057E0000FCCACE80F002368CCF8003000E0642553
:1057F000284606B0BDE8F04102B070470B25F7E738
:105800006525F5E72868283000F038FA38606768C1
:105810003E6826B101233B71DEE70A25E8E7029BDB
:1058200038460599012598476660E1E770B582B072
:10583000F0B14368044663B11868DE68996960B1E5
:105840001D7965B91846B04700232846636002B049
:1058500070BD1D46284602B070BD0546F2E70191B5
:1058600000F022FA051E6368019918BF0125E9E7D7
:105870000B25284602B070BDF0B587B006460B4C2C
:105880006846F6F701FFEE46A44625463446BEE8D4
:105890000F00ACE80F000FCDDEF800700FC43046EB
:1058A000CCF80070276007B0F0BD00BF840B022465
:1058B00048B108B5436843B1186800F07BFA003876
:1058C00018BF012008BD0B2070470B2008BD00BF8A
:1058D00010B1406800B10068704700BF002800F0B8
:1058E00089802DE9F0470E46002900F085800446A6
:1058F0001746DAF755FDB0B194F800E0DFF860C163
:105900001CF80E3013F0040339D100F1FF3814F8FD
:1059100008202F2A0FD102223260A7B31846C7F8F9
:105920000080BDE8F0870123336067B30023184689
:105930003B60BDE8F08704F1FF3A1D4619461AF8AE
:10594000012FA2F13009B9F1090F1FD922F0200966
:10595000A9F14109B9F1190F18D95F2A24D02F2ACA
:1059600058D07E2A4AD07B2A5BD07D2A69D1002D6F
:105970005CD10523336037B100203960D9E70423B7
:105980003360002FD2D10020BDE8F0871CF8022040
:10599000520709D500290CBF002205F001021AB1F7
:1059A0004D1E9D4231D0154601318842C7D1002D90
:1059B00042D1284601230CE0BEF17E0F01D101281F
:1059C00047D05A1C8B4200F1010004F10104134638
:1059D0002ED28045F5D022782F2AEDD162781CF89E
:1059E00002205207EDD504223260002FCBD00020D8
:1059F0003B609EE70B2070470B209AE70029D3D02D
:105A000006233360002FB7D1BDE709233360002F91
:105A1000B2D1B8E7002DC7D008233360002FABD137
:105A2000B1E7002DF8D10B460125BDE70025BBE706
:105A30000023184633607CE705223260002FD6D160
:105A4000A1E7002D14BF082303233360002F93D157
:105A500099E707233360002F95D00123C7E700BFE4
:105A60009501030882B002B0704700BF234A2DE9B8
:105A7000F041126894B01A9EBDF86C5013911293C5
:105A8000C2B3BDF84C109DF84E0001E052688AB3D5
:105A90009468A38A8B42F9D1A37D8342F6D1482230
:105AA00004F13001684602F01AFA04F12803204696
:105AB0000CCBF8F7A9FD0746E0B1D0F808802A46DC
:105AC000304608F11001F9F72FFE30B939460C487D
:105AD00014B0BDE8F04100F0BDB8C8F81448C8F8EB
:105AE0001058F8F78FFB08F50262052342E902011E
:105AF00088F8203814B0BDE8F08100BF500B0224B4
:105B0000400B022424482DE9F041006894B01A9E0D
:105B1000BDF86C70139100283BD01D4601E0406831
:105B2000B8B38468218B9142F9D1482204F128014D
:105B3000684602F0D4F904F1200320460CCBF8F7B4
:105B400063FD804628B33046D8F808603A4606F12F
:105B50001001F9F7E9FD30B94146104814B0BDE82D
:105B6000F04100F077B80FCD06F6280CC6F81448BF
:105B7000C6F81078ACE80F0095E803008CE8030045
:105B8000F8F740FB06F50262032342E9020186F8BA
:105B9000203814B0BDE8F081200B0224400B022411
:105BA00022482DE9F041006894B01A9EBDF86C704F
:105BB0001391B8B31D4601E0406898B38468218B07
:105BC0009142F9D1482204F12801684602F087F990
:105BD00004F1200320460CCBF8F716FD804608B3ED
:105BE0003046D8F808603A4606F11001F9F79CFDF6
:105BF00030B941460E4814B0BDE8F04100F02AB873
:105C00000022C6F81448C6F81078C6F82C28C6F842
:105C10002858F8F7F7FA06F50262042342E9020170
:105C200086F8203814B0BDE8F08100BF90B401249C
:105C3000400B02240346406858B142685A600AB1DA
:105C4000002111601A68426002B1106000220260F7
:105C5000186070470B680BB14A685A604A6802B115
:105C6000136003688B42436808BF02604B6003B156
:105C7000196000230B604160704700BF38B50546CE
:105C80000848FFF7D7FF034648B184680023E56161
:105C90002374F7F789F904F11403C4E905041846DD
:105CA00038BD00BFE00A022408B5084B196811B9D5
:105CB0000AE0496841B18B6814339842F9D103482E
:105CC000FFF7C8FF002008BD012008BDE00A02243C
:105CD0002DE9F041054684B022480F461646FFF7ED
:105CE000A9FF0446002839D02B690221846803F5F6
:105CF0008053DFF87880B3F89605421CC4E9056547
:105D0000A3F89625FBF714FC3C2220614146384657
:105D1000F8F7DEFDF0B1144F304664223946F8F74B
:105D2000A9FDB8B1286906216B69D0F8842300F574
:105D30002870CDF80080CDE9017111682269FBF768
:105D40005DFA02462869D0F88C33D0F88413F8F74E
:105D50005DFD18B920460024F8F74AFC204604B03F
:105D6000BDE8F081600B0224D40B0224980B0224BE
:105D700038B58569DDB104462869D0F8883300F567
:105D8000287022691968FBF7BBF902462869D0F828
:105D90008813D0F89033F8F739FD03462046002BDE
:105DA00014BF00240224F8F723FC204638BD012448
:105DB000204638BD60B110B504460068F8F7A0FD74
:105DC00008B9012010BD6368012200201A7410BDBB
:105DD000012070472DE9F041056804460E4628462B
:105DE000DAF77EFAC8B1114B1B689D4212D1D4F884
:105DF0000480D8F800406CB1D8F808500027043D62
:105E0000314655F8040FDAF76BFABB0040B10137A1
:105E1000BC42F5D10020BDE8F0812046BDE8F0810C
:105E2000D8F81020BDE8F041D35818474C0700249B
:105E300010B582B0044608460191DAF7B1FA02467D
:105E400001992046013202B0BDE81040FBF700B9CD
:105E500000B583B001ABFBF70DF903B05DF804FBAF
:105E60004FF6FF73038070474FF6FF730380704750
:105E700038B5044600880D4600F046FD0346C00FC5
:105E8000002BB8BF258038BD70B50C460546088983
:105E90002B68267DD1E90012B2FBF0F2A3EB010CD6
:105EA000BCFBF2FC0CF1010C1FFA8CF3B3FBF0FC11
:105EB00000FB1C339BB202FB03F3181D084450F88F
:105EC000042C16B1002640F8046C032A01D80120E6
:105ED00070BD08332846043A19442B69FBF73CF897
:105EE000284622460249FBF713F8002070BD00BF88
:105EF000895E020810B5C0E900120024029A0381ED
:105F000002610475C3B10C600189012914D94FF0F5
:105F1000010C43680CF1010EBCFBF1F2B3FBF1F391
:105F200001FB12C21FFA8EFC92B202FB03F302685D
:105F3000D45001896145ECD84FF0FF33C36010BDE8
:105F40000189D9B110B54FF0000EF446744643688C
:105F50000EF1010EBCFBF1F2B3FBF1F301FB12C237
:105F60001FFA8EFC92B202FB03F30268D45001893F
:105F70006145ECD84FF0FF33C36010BD4FF0FF33E5
:105F8000C36070472DE9F84304460D460189174662
:105F90008089984600F0B0FC29460646A08900F0AA
:105FA000B3FC00280ADB00262946E08900F0ACFC9F
:105FB000002800DAE5813046BDE8F88330462946FE
:105FC00000F0A2FC0028EEDB2369384698478146A2
:105FD0000121A08900F090FCB9F1000F08BF8542B3
:105FE0000CBF0126002604D10023089AA08113705B
:105FF000DAE722896368B5FBF2F0B3FBF2F302FB48
:10600000105080B203FB00F023680430184450F8AD
:10601000043C002BC7D13946424601F060FF21897C
:106020006368B5FBF1F2B3FBF1F301FB125292B2DC
:1060300002FB03F3226842F803800123089A1370DD
:10604000B9F1000FAFD0A6890121304600F054FC11
:10605000218963680646B0FBF1F2B3FBF1F301FB63
:106060001202206892B202FB03F30433184450F882
:10607000043C002B97D023699847022802D00128BE
:10608000E2D090E701268FE72DE9F04704460F465E
:1060900080890121904600F02FFC22896668B0FBC0
:1060A000F2F3B6FBF2F602FB13039BB203FB06F618
:1060B000236804361E4456F8049CB9F1000F23D01F
:1060C0000546236930469847824600B3B4F80CA0D1
:1060D0000121504600F010FC218982466368206847
:1060E000BAFBF1F2B3FBF1F301FB12A292B202FB95
:1060F00003F30433184450F8043C2BB12369984748
:1061000002281BD00128E3D00020BDE8F0874A46D2
:1061100031463846FAF728FF218963680120B5FB2C
:10612000F1F2B3FBF1F301FB125292B202FB03F363
:10613000226842F803A0A581BDE8F087208906EB1C
:1061400008016368A9EB0802B5FBF0F6B3FBF0F3B6
:1061500000FB16550020ADB203FB05F5236858512E
:106160003846FAF701FF384622460349FAF7D0FECF
:106170000120A4F80CA0C8E7895E020838B51146D2
:106180000446C089154600F0BFFB0028B8BFE58172
:1061900038BD00BF2DE9F843038904460F468589C1
:1061A000DBB12846012604E0664506F1010614D25B
:1061B000A089B1B200F0A0FBB4F808C0B0FBFCF2BB
:1061C000D4E900130CFB1202B3FBFCF392B202FB06
:1061D00003F3CB58002BE7D105463D800121E6892A
:1061E000284600F08DFB0146304600F089FB06464C
:1061F00028B34FF000094FF001084D461FFA89F10E
:10620000388800F079FBB4F808C0616808FA09FE24
:10621000226809F101094EEA050EB0FBFCF3B1FB5F
:10622000FCF103FB1C0083B201FB03F3D3580BB951
:106230001FFA8EF54E45E1D12846BDE8F8830546A4
:106240002846BDE8F88300BF4FF6FF7C016003736A
:10625000A0F80EC0C0E90132704700BF4FF6FF72D0
:10626000037BC28143607047F0B5044683B0406849
:106270000D461646FDF77AF963681844A36842197B
:1062800093422CBF0127002702D2384603B0F0BD4D
:106290000090002330462168FAF754FE61683846C2
:1062A0002944616003B0F0BD2DE9F04104461D466C
:1062B0004068237B98428CBF0126002602D83046D6
:1062C000BDE8F0818846E0890121174600F014FB03
:1062D0002368E08128803046C8F8003063683B605E
:1062E000237B6360BDE8F081F8B5B1F808C00C46C7
:1062F00003680546267BD1E90012B2FBFCF2A3EB52
:10630000010E0369BEFBF2FE0EF1010E1FFA8EFEB6
:10631000BEFBFCF70CFB17EC1FFA8CFC02FB0CFC21
:1063200051F80C20B444921B0CF1080C043A61445F
:10633000FAF712FE284622460249FAF7E9FD002044
:10634000F8BD00BFE962020830B59DF80C4003813A
:106350000473C0E90012E3B10C60B0F808C0BCF1EE
:10636000010F16D94FF0010E43680EF10105047BB1
:106370000168BEFBFCF2B3FBFCF30CFB12E21FFA5C
:1063800085FE92B202FB03F3CC50B0F808C0F4458E
:10639000EAD8074B4FF6FF724FF0FF346FF000451D
:1063A000C0F80E30002342820384C0E9064530BDA8
:1063B0000000FFFF00000000018910B5B1B14FF0EF
:1063C000000EF44643680EF1010E047BBCFBF1F2B3
:1063D000B3FBF1F301FB12C21FFA8EFC92B202FB77
:1063E00003F30268D45001896145EBD8084B4FF69E
:1063F000FF729FED057BC0F80E30002342820384BC
:1064000080ED067B10BD00BFFFFFFFFFFFFFFF7F9A
:106410000000FFFF2DE9F04F044691B000898B4644
:10642000E68904926568236894F80C90B6FBF0F254
:10643000B5FBF0F500FB12622F1F92B205FB023292
:10644000111DD2F800800391002800F04A814FF01E
:10645000000CE24661460CF1010CB1FBF0F200FBCE
:1064600012121FFA8CF192B205FB02F29A584A45B9
:1064700003D10AF1010A1FFA8AFA8142EBD340469E
:106480000421CDF814A0FAF773FD804408EB0B0249
:10649000BA4240F2CA80227B5A44BA4240F2B280E9
:1064A0004FF6FC72BBB2A2EB09021A4492B20AFB8D
:1064B00002F90592D9450692C0F0B38008F10402B2
:1064C000BA4280F0DA80A3F10409059BA9EB080920
:1064D0001FFA89F9ABEB090BBBFBF3F203FB12B319
:1064E000002B40F0C48093B2534500F29A80002BF9
:1064F00000F0F980CDF81C804FF0000ADDF8148020
:106500000DF1200B05951D4600E0C1462289584635
:1065100063680AF1010AB6FBF2F1B3FBF2F302FB86
:1065200011613A4689B203FB01F123680431194431
:10653000002351F804CCCDF800C0FAF703FD4A4619
:1065400000230D215846FCF7D1FF218963683046AE
:10655000B6FBF1F2B3FBF1F301FB1262012192B23F
:1065600002FB03F32268D75000F0C6F906461FFA73
:106570008AF39D42C9D8DDF81C80059D20893A46E2
:106580006368B6FBF0F1B3FBF0F300FB1161584612
:1065900089B201FB03F3216804331944002351F845
:1065A000047C0097FAF7CEFC069F58460223BAB245
:1065B0000D21FCF79BFF08F10401039BA5F10802E4
:1065C00025890B44A2EB0802B6FBF5F01946636877
:1065D00005FB1060B3FBF5F380B2256800FB03F305
:1065E000207B04303844E850049D2846FAF7BCFC70
:1065F000284622463D49FAF78BFC0120E68111B07E
:10660000BDE8F08F0121E08900F076F90546218987
:10661000608A00F071F90146284600F075F90028FB
:1066200044DD002011B0BDE8F08F2189608A059219
:1066300000F062F90146304600F066F90028059A3C
:10664000EFDC2589D4E90073B6FBF5F4B3FBF5F371
:1066500005FB1464A4B204FB03F3DDE90310FA5054
:106660000023CDF80080FAF76DFC0120DAE7013253
:10667000069393B25345D4D839E7304601210793A6
:1066800000F03AF9064620896268B6FBF0F1B2FBE9
:10669000F0F200FB116189B201FB02F221680432C1
:1066A0008B1853F8048C0393079B0CE721896368CC
:1066B0000498B5FBF1F2B3FBF1F301FB1252216830
:1066C00092B202FB03F3227B04335A44194441F88B
:1066D000042C237B00930023FAF734FC0120E5818E
:1066E000A0E78246CBE60DF1200B47E7E9620208FE
:1066F000F8B504461D460F46008A0121164600F0F3
:10670000FBF8288022896368B0FBF2F1B3FBF2F357
:1067100002FB110CE1891FFA8CFC0CFB03FC2368C3
:106720000CF1040C63443B6023689C445CF8043C1B
:10673000336000F0E9F8002801DD0020F8BD237B7C
:1067400032689A42F9D9618A208A00F0D9F82389FF
:106750008342F2D02888E3892082984201D0012028
:10676000F8BD012100F0C8F803460120E381F8BD1F
:1067700070B5018A0446408A15461E4600F0C4F8EA
:10678000002807DB4FF0FF326FF000430020C4E920
:10679000062370BD94F8200040B9012384F820300E
:1067A000643546F10006C4E9065670BDD4E90623F7
:1067B000954276EB030304DB431C012084F8203070
:1067C000EEE70020ECE700BF408A70472DE9F0417A
:1067D00090F8217097B180460D4616461C461888E1
:1067E000012100F089F82080B8F8101000F08CF832
:1067F000002806DD00231F4688F821303846BDE812
:10680000F081B8F808202088D8F80410B0FBF2F323
:10681000B1FBF2FC02FB13039BB203FB0CFCD8F8A8
:1068200000300CF1040C63442B60D8F80030634452
:1068300053F8043C336098F80C209A42D0D0DDE73E
:10684000F8B504460E461046012100F059F8618A59
:1068500000F056F8C8B1054600270121608A00F013
:106860004BF823896268013794F80CC02168BD4257
:106870006082B0FBF3FEB2FBF3F203FB1E039BB29C
:1068800002FB03F341F803C0E7D1003E4FF00003E1
:1068900018BF012684F8203084F82160F8BD00BFBD
:1068A000018A408A08B500F02FF8B0FA80F040095C
:1068B00008BD00BF0189E1B143684FF0000C30B55D
:1068C000B3FBF1FE05686246047B60460CF1010CE7
:1068D000B2FBF1F301FB13231FFA8CF29BB20EFB08
:1068E00003F3EB589C4201D1013080B28A42EDD3D0
:1068F00030BD0846704700BF084480B2704700BFF3
:10690000401A80B2704700BF884211D009D3884234
:1069100010D9401AB0F5004FD4BF01204FF0FF301E
:1069200070470B1AB3F5004FF1DA4FF0FF307047A4
:1069300000207047012070471FB514461A46094BC6
:106940001B680546D86854B9074B1C46CDE901348D
:1069500000912B46054900F037FF01F0CEFA044BB9
:10696000F4E700BF5C07002424010308F6000308D5
:10697000E9000308024B0A460146186800F002B815
:106980005C07002470B5A1FB02543CB9294600F015
:1069900099F8064628B90026304670BD0C220260E0
:1069A000F9E72A46214601F077F9F5E708B5064BE5
:1069B000044613B10021AFF30080044B1B6803B100
:1069C00098472046DBF7F6F800000000780D022417
:1069D00007B5044B014601AA186800F005F803B09A
:1069E0005DF804FB5C0700242DE9F84FDFF86CA08C
:1069F00006468946174602F065F8DAF8004034B1D9
:106A00004B46984613F8012B3AB13D2AF9D130464E
:106A100002F05EF80020BDE8F88FA8EB0908A34655
:106A200054F8040B0028F2D04246494601F049F9D7
:106A30000028F4D154F8043C03EB080513F808309F
:106A40003D2BECD1DAF80030ABEB03039B10304662
:106A50003B6002F03DF8681CDDE700BF0400002445
:106A6000024B0146186800F02DB800BF5C070024F7
:106A7000024B0146186802F031B800BF5C070024E1
:106A800070B50F4E0C463168054611B901F0D0F9CA
:106A900030602146284601F0CBF9431C03D14FF06A
:106AA000FF34204670BDC41C24F00304A042F8D07B
:106AB000211A284601F0BCF90130F2D1EFE700BFFE
:106AC000380C02242DE9F843CD1C25F003050835C8
:106AD0000C2D38BF0C25002D064601DBA94204D938
:106AE0000C2333600020BDE8F883DFF8D48000F089
:106AF00069F8D8F800301C4644BB29463046FFF7F9
:106B0000BFFF431C044658D1D8F800402746002F49
:106B100043D1002C4BD023683946304604EB03099F
:106B200001F086F9814542D121686D1A2946304627
:106B3000FFF7A6FF01303AD023682B442360D8F832
:106B400000305A6862BBC8F800700FE02268521B20
:106B500020D40B2A17D96119A342256018BF5960A8
:106B6000636808BFC8F8001062514B60304600F0FF
:106B70002FF804F10B00231D20F00700C21A1CBFE0
:106B80001B1AA350AFE76268A3420CBFC8F80020ED
:106B90005A60EBE723466468AEE73C467F68B6E799
:106BA0001A465B68A342FBD100235360DEE70C2347
:106BB0003360304600F00CF894E70560D6E700BF7C
:106BC0003C0C0224014801F080B900BF810D022471
:106BD000014801F07BB900BF810D022438B5104B8C
:106BE0001D682B6B0446B3B91820FFF739FF024626
:106BF000286320B90B4B0C484621FFF79DFE0B493B
:106C00000B4BC0E900130B4B83600B2383810021E6
:106C10000120C2E904012B6B00221C615A6138BDBE
:106C20005C070024250103083C0103080E33CDABAB
:106C300034126DE6ECDE0500164B10B51C68236BB4
:106C4000B3B91820FFF70CFF0246206320B9124B9E
:106C500012485221FFF770FE1149124BC0E9001390
:106C6000114B83600B23838100210120C2E90401C1
:106C7000216B0E480B694C690D4A584302FB040016
:106C8000A3FB0232013340EB0200C1E9043020F0E3
:106C9000004010BD5C070024250103083C010308E7
:106CA0000E33CDAB34126DE6ECDE05002DF45158F9
:106CB0002D7F954C024B0A460146186800F002B839
:106CC0005C0700242DE9F041804615460C4621B9A9
:106CD000BDE8F0411146FFF7F5BE2AB901F0FEFE0E
:106CE00000242046BDE8F08102F0C4FA8542064641
:106CF00002D8B5EB500FF4D829464046FFF7E2FE24
:106D000007460028ECD0B5422A46214628BF324625
:106D100001F0E5F82146404601F0E0FE3C46E0E7A0
:106D20002DE9F043344E86460D46284615F8014BB2
:106D3000375D17F00807F8D12D2C2FD12C780127BB
:106D4000851C33F0100009D1302C2CD1287800F0AC
:106D5000DF00582827D16C78102302354FF0FF3818
:106D60000026B8FBF3F803FB08F96FEA090930467F
:106D7000A4F1300CBCF1090F1CD86446A3422ADDF3
:106D8000B6F1FF3F07D0804522D301D1A1451FDBDB
:106D900000FB0340012615F8014BE9E72B2C04BF4B
:106DA0002C78851CCDE7002BD8D1302C0CBF0823C4
:106DB0000A23D3E7A4F1410CBCF1190F01D8373CE9
:106DC000DCE7A4F1610CBCF1190F04D8573CD5E7FE
:106DD0004FF0FF36DFE7731C06D12223CEF80030D8
:106DE000304632B9BDE8F08307B14042002AF9D0FD
:106DF00006B1691E1160F5E79501030813460A46BE
:106E0000014602480068FFF78BBF00BF5C07002403
:106E1000F0B52DED028BB0EE408B85B017460D9D81
:106E20000C9E18EE902A25F02005002AB6BF2D22D0
:106E30000022B1EE408B462D0C461A7004D0452D31
:106E400000D10134022100E0032103AB019302AB26
:106E5000009322463346B0EE480B01F0DDF8472D93
:106E600014D1FB070AD50219B5EE408BF1EE10FAEA
:106E700008BF03923021039B934219D3039B0E9AC0
:106E80001B1A136005B0BDEC028BF0BD462D00EB64
:106E90000402E9D10378302B07D1B5EE408BF1EE37
:106EA00010FA1CBFC4F10104346033681A44DBE7F4
:106EB0005C1C03941970DEE7F7B50029BABF49429C
:106EC0002D232B2309290270437029DD0DF10703BF
:106ED0001D460A271A46B1FBF7F607FB1614303495
:106EE00002F8014C0C46632C03F1FF333146F1DC10
:106EF0003031941E03F8011C411C2346AB420AD3D7
:106F00000DF109039B1AAC4288BF002302330344EE
:106F1000181A03B0F0BD13F8016B01F8016FEDE72B
:106F2000302330318370C170031DF1E70000000091
:106F30002DE9F04F8DB00C46DDF8588016461F46FF
:106F4000054600F0E7FED0F800B05846D9F728FA19
:106F500000230A93D8F8003094F81890226805901E
:106F6000073323F0070303F10801C8F8001093ED7D
:106F7000000B9FED976BB0EEC07BB4EE467BF1EE5D
:106F800010FA84ED120B24DDB5EEC00BF1EE10FA11
:106F900002D52D2384F843308F49904BB9F1470F28
:106FA00094BF8846984622F004020323236122609E
:106FB0004FF0000A009733460BAA2146284600F0FE
:106FC000D1F9013040F089804FF0FF300DB0BDE8BD
:106FD000F08FB4EE400BF1EE10FA09D710EE903AB4
:106FE000002BBCBF2D2384F843307D497D4BD5E772
:106FF0006368591C09F0DF0A39D10623636042F443
:1070000080620023226003930AABCDE9019309ABB0
:10701000009361680DF123032846FFF7F9FEBAF1EA
:10702000470F0999804629D1C81C02DB6368994241
:1070300041DDA9F102095FFA89F901394A4604F1F3
:1070400050000991FFF738FF0A9A1318012A824667
:10705000236102DC2268D20701D5013323619DF848
:107060002330002BA6D02D2384F84330A2E7BAF1B9
:10707000470FC4D1002BC2D10123BFE7B9F1650F7F
:10708000DBD9B9F1660F18D1002963680BDD2161E6
:1070900013B92268D00702D501330B442361A165DF
:1070A0004FF0000ADBE713B92268D20701D502339B
:1070B000F4E70123F2E74FF067090A9B994205DBE9
:1070C00023682161D807EAD54B1CE7E70029D4BF24
:1070D000C1F1020201221344E0E723685A0507D4F4
:1070E0002369424631462846B84701302AD16BE72A
:1070F000B9F1650F40F2E08094ED127BB5EE407B74
:10710000F1EE10FA33D1384A012331462846B84708
:1071100001303FF459AFDDE90938434502DB23680C
:10712000D8070FD5059B5A4631462846B847013047
:107130003FF44AAF4FF0000908F1FF3804F11A0A92
:10714000C84509DC23689B0700F10781E0680B9BB9
:107150009842B8BF184639E70123524631462846BF
:10716000B84701303FF430AF09F10109E8E7099B66
:10717000002B3BDC1C4A012331462846B84701302E
:107180003FF422AFDDE9093959EA030302D123684C
:10719000D907D7D5059B5A4631462846B84701300E
:1071A0003FF412AF4FF0000A04F11A0B099B5B4247
:1071B000534501DC4B4694E701235A4631462846A5
:1071C000B84701303FF400AF0AF1010AEEE700BF13
:1071D000FFFFFFFFFFFFEF7F9502030899020308FF
:1071E0009D020308A1020308A5020308A36DDDF8B0
:1071F00028A05345A8BF5346002B994637DC0023EF
:10720000079329EAE97904F11A02A36D0799069315
:10721000A3EB09038B4231DC099B9A453BDC2368D5
:10722000DA0738D4099BAAEB0309069BAAEB0303F0
:107230009945A8BF9946B9F1000F34DC4FF000081A
:1072400029EAE97904F11A0B099BAAEB0303A3EBE2
:10725000090343457FF776AF01235A463146284656
:10726000B84701303FF4B0AE08F10108ECE7424600
:1072700031462846B8470130C1D1A5E60123314641
:1072800028460692B84701303FF49EAE079B069A07
:1072900001330793B9E7059B5A4631462846B8475C
:1072A0000130BFD190E6069A4B464244314628460B
:1072B000B8470130C2D187E6DDF82890B9F1010F57
:1072C00001DCDB0736D50123424631462846B84764
:1072D00001303FF479AE059B5A4631462846B847FF
:1072E00001303FF471AE94ED127BB5EE407BF1EED0
:1072F00010FA09F1FF3918D04B4608F10102314666
:107300002846B84701300CD15EE601235A46314683
:107310002846B84701303FF457AE08F10108C84588
:10732000F3DB534604F15002DCE64FF0000804F1B1
:107330001A0BF4E701234246E1E701234A463146AE
:107340002846B84701303FF43FAE08F10108E36832
:107350000B995B1A4345F0DCF8E64FF0000804F1A6
:107360001909F4E72DE9F047164698468A680B6933
:10737000DDF820909342B8BF1346336091F8432064
:1073800007460C460AB1013333602368990642BFB1
:10739000336802333360256815F0060506D104F121
:1073A000190AE36832689B1AAB4226DC94F8433032
:1073B0002268003B18BF012392062BD404F143023C
:1073C00041463846C84701301ED02368226903F081
:1073D0000603042B02BFE5683368ED1AA3680CBFEF
:1073E00025EAE57500259342C4BF9B1AED180026D7
:1073F0001A34B5421AD1002008E001235246414612
:107400003846C847013003D14FF0FF30BDE8F08760
:107410000135C6E7E1185A1C302081F843002244A8
:1074200094F8451082F843100233C7E7012322463F
:1074300041463846C8470130E6D00136D9E700005A
:107440002DE9FF470F7E0C9E782F914680460C4613
:107450009A4601F1430207D8622F0AD8002F00F0A4
:10746000D280582F00F0B98004F1420684F84270AF
:107470003AE0A7F16303152BF6D801A151F823F0E8
:10748000D9740208ED74020869740208697402086C
:107490006974020869740208ED74020869740208CC
:1074A000697402086974020869740208ED750208BB
:1074B00017750208A7750208697402086974020842
:1074C0000F760208697402081775020869740208C9
:1074D00069740208AF75020833681A1D1B683260B0
:1074E00004F1420684F8423001239DE033682068AD
:1074F000191D3160060601D51D6803E04506FBD560
:10750000B3F90050002D03DA2D236D4284F8433087
:1075100059480A2311E021683368080653F8045BD0
:1075200002D4490648BFADB26F2F5348336014BF31
:107530000A230823002184F843106668A660002E01
:10754000A2BF216821F0040121600DB9002E4BD0AB
:107550001646B5FBF3F103FB1157C75D06F8017D35
:107560002F46BB420D46F4D9082B0BD12368DF0709
:1075700008D5236961689942DEBF302306F8013CD3
:1075800006F1FF36921B2261CDF800A04B4603AAFC
:1075900021464046FFF7E6FE01304AD14FF0FF306A
:1075A00004B0BDE8F087236843F02003236033482C
:1075B000782784F84570236831681F0651F8045B0A
:1075C00002D45F0648BFADB23160D90744BF43F073
:1075D000200323601DB11023ACE72748E9E72368A7
:1075E00023F020032360F6E71646BDE733682568DD
:1075F0006169181D30602E061B6801D5196002E014
:107600006806FBD51980002323611646BCE7336862
:107610001A1D32601E68626800213046D8F770FE7D
:1076200008B1801B606063682361002384F84330E5
:10763000AAE72369324649464046D0470130ADD0DB
:1076400023689B0713D4E068039B9842B8BF184691
:10765000A6E70123324649464046D04701309DD037
:107660000135E36803995B1AAB42F2DCEBE70025D6
:1076700004F11906F5E700BFA7020308B8020308E2
:10768000002310B50446C0E90033C0E90433836029
:1076900081814366C2818361194608225C3000F013
:1076A000FBFA0D4B63620D4BA3620D4BE3620D4B76
:1076B00023630D4B24629C4206D003F1680294427E
:1076C00002D0D0339C4205D104F15800BDE81040EF
:1076D00000F0FABB10BD00BF257A0208477A020805
:1076E0007F7A0208A37A0208400C0224024A034966
:1076F000034800F07BB800BF50070024C19802087F
:107700006007002441680C4B994210B5044601D033
:1077100002F0D6F8A168094B994202D0204602F047
:10772000CFF8E168064B994204D02046BDE81040EE
:1077300002F0C6B810BD00BF400C0224A80C022401
:10774000100D022410B50B4B0B4C0C4A1A6020464E
:1077500000220421FFF794FF04F1680001220921AF
:10776000FFF78EFF04F1D0000222BDE81040122185
:10777000FFF786BF780D0224400C0224ED76020844
:10778000014800F0A2BB00BF820D0224014800F0B6
:107790009DBB00BF820D022410B50446FFF7F0FF29
:1077A000236A1BB1BDE81040FFF7F0BF044B236212
:1077B000044B1B68002BF5D1FFF7C4FFF2E700BFB5
:1077C00005770208780D02240EB403B5014603AB19
:1077D000054853F8042B0068019301F0D5FE02B070
:1077E0005DF804EB03B070475C0700242DE9F84313
:1077F0000746884614460026D4E90195B9F10109E7
:1078000005D52468002CF7D13046BDE8F883AB8954
:10781000012B07D9B5F90E30013303D0294638467C
:10782000C04706436835E9E72DE9F047089C8A46DA
:10783000904602FB03F9064618B1036A0BB9FFF73D
:10784000ABFF636EDD0705D4A389980502D4A06D54
:1078500000F03BFBA389190716D52369A3B10025C6
:107860004D451FD0A7681AF80510013F002FA760EB
:1078700004DAA3699F420FDB0A290DD023685A1C42
:10788000226019700135EBE72146304600F084F99B
:107890000028E4D0002505E02246304600F03EF9FD
:1078A0000130EFD1636EDA0705D4A3899B0502D4BA
:1078B000A06D00F00BFBB5FBF8F0BDE8F087000011
:1078C00007B5009313460A46014603480068FFF7D0
:1078D000ABFF03B05DF804FB5C0700240FB407B5F1
:1078E000064904AB086853F8042B8168019301F042
:1078F0004BFE03B05DF804EB04B070475C07002456
:10790000036A70B5846805460E460BB9FFF744FF5D
:10791000636EDB0705D4A389980502D4A06D00F03F
:10792000D4FAA389190702D52369002B35D1214642
:10793000284600F031F980B34FF0FF35636EDA0767
:1079400005D4A3899B0502D4A06D00F0BFFA284698
:1079500070BD002B04DAA2699A4217DC0A2915D0FF
:1079600023685A1C22601970A36816F8011F013B96
:10797000A3600029EDD1002B11DA22460A21284606
:1079800000F0CCF80130D7D00A25D7E722462846A8
:1079900000F0C4F80130E7D1CEE7013EE4E7236808
:1079A0005A1C22600A221A70EEE70000024B0146C0
:1079B0001868FFF7A5BF00BF5C0700240CB430B502
:1079C000174B0C1E1D689DB008DA8B232B604FF0FF
:1079D000FF301DB0BDE8304002B070474FF4027375
:1079E000ADF8143014BF04F1FF332346049307931A
:1079F0004FF6FF7302900690ADF81630209A21AB37
:107A000002A92846019301F099FC431CBCBF8B23BB
:107A10002B60002CDDD0029B00221A70D9E700BF3A
:107A20005C07002410B50C46B1F90E1000F0EEF919
:107A30000028ABBF636DA3891B1823F48053ACBF30
:107A40006365A38110BD2DE9F0411F468B89DB05DD
:107A500005460C46164605D5B1F90E100223002244
:107A600000F0C2F9A389B4F90E1023F48053A38166
:107A700032463B462846BDE8F04100F0E9B910B572
:107A80000C46B1F90E1000F0AFF9431CA38915BFE5
:107A9000606523F4805343F48053A38118BFA3810E
:107AA00010BDB1F90E1000F039B930B51446002CF4
:107AB0009BB005461A4605DA8B2303604FF0FF3072
:107AC0001BB030BD4FF40273ADF80C3014BF04F19D
:107AD000FF332346029305934FF6FF730091049101
:107AE000ADF80E3069461E9B01F028FC431CBCBF5C
:107AF0008B232B60002CE3D0009B00221A70DFE761
:107B000007B5009313460A46014603480068FFF78D
:107B1000CCFF03B05DF804FB5C070024F8B50E460B
:107B20001446054618B1036A0BB9FFF735FEA36981
:107B3000A360A3891A0701D5236943B921462846C2
:107B400000F02AF818B14FF0FF373846F8BD236827
:107B50002269981A6369F6B28342374605DC2146EA
:107B6000284601F0ADFE0028EDD1A368013BA360DB
:107B700023685A1C22601E706269431C9A4204D01A
:107B8000A389DB07E1D50A2EDFD12146284601F083
:107B900097FE0028D9D0D6E738B5294B0546186896
:107BA0000C4618B1036A0BB9FFF7F6FDB4F90C30B7
:107BB000190722D4DA0607D409222A6043F04003C9
:107BC000A3814FF0FF3033E0580712D5616B41B10C
:107BD00004F14403994202D0284600F07FFF0023BD
:107BE0006363A38923F02403A381002363602369D3
:107BF0002360A38943F00803A38123694BB9A389B8
:107C000003F42073B3F5007F03D02146284601F02A
:107C1000A5FEB4F90C3013F001020AD00022A260D4
:107C200062695242A261226942B913F08000C5D153
:107C300038BD990758BF6269A260F4E70020F7E7F2
:107C40005C07002410B501390244904201D10020A4
:107C500005E0037811F8014FA34201D0181B10BDB5
:107C60000130F2E7884210B501EB020402D98442E8
:107C7000234607D8431EA14208D011F8012B03F870
:107C8000012FF8E7024401468A4200D110BD13F8E3
:107C9000014D02F8014DF7E702440346934200D13B
:107CA000704703F8011BF9E7C9B20346184613F8F9
:107CB000012B12B18A42F9D17047002918BF002068
:107CC000704710B56AB10139841810F8012B11F80A
:107CD000013F9A4203D1A04201D0002AF5D1D01A27
:107CE00010BD1046FCE70A7870B56AB970BD9A42BB
:107CF00009D10C46054614F8013F002BF6D015F8C3
:107D0000016F9E42F7D001300378002BEFD1184667
:107D1000ECE70000004870479C08002438B5064D89
:107D20000023044608462B60D9F76CFF431C02D1A0
:107D30002B6803B1236038BD7C0D0224294B1B68DE
:107D4000834270B504464BD0C369ABB1DB686BB1FD
:107D50000025E369DB68595900293BD10435802DA2
:107D6000F7D1E3692046D96800F0B8FEE3691968E5
:107D700011B1204600F0B2FE616911B1204600F059
:107D8000ADFEE16911B1204600F0A8FE216B11B1F2
:107D9000204600F0A3FE616B11B1204600F09EFE6C
:107DA000A16B11B1204600F099FEA16C11B12046E3
:107DB00000F094FE616C11B1204600F08FFEE16A84
:107DC00011B1204600F08AFE236A4BB12046BDE87F
:107DD000704018470E68204600F080FE3146BBE731
:107DE00070BD00BF5C07002438B5074D0446084647
:107DF000114600222A601A46D9F72BFF431C02D1F4
:107E00002B6803B1236038BD7C0D022438B5074DC3
:107E100004460846114600222A601A46D9F7D5FEC4
:107E2000431C02D12B6803B1236038BD7C0D0224B2
:107E300038B5064D0023044608462B60D9F716FFD7
:107E4000431C02D12B6803B1236038BD7C0D022492
:107E500038B5074D04460846114600222A601A46E6
:107E6000D9F76AFC431C02D12B6803B1236038BDEB
:107E70007C0D0224014B1868704700BF5C0700248A
:107E800070B50D4D0D4C641BA4100026A64209D1FF
:107E90000B4D0C4C02F002FB641BA4100026A64202
:107EA00005D170BD55F8043B98470136EEE755F80B
:107EB000043B98470136F2E7700603087006030892
:107EC000700603087C060308704770477047034636
:107ED00011F8012B03F8012B002AF9D170470A444D
:107EE000914200F1FF3300D1704710B511F8014BFA
:107EF00003F8014F9142F9D110BD08B5062001F0F9
:107F000091FD0120D9F756FE2DE9F74F03690C6961
:107F1000A34207467EDB013C01F11408A30000F1F7
:107F20001405009305EB8403019358F8243055F8A9
:107F3000242001339A4208EB8409B2FBF3F62ED3D6
:107F40004FF0000AC446AE46D3465CF8043B98B2F4
:107F500006FB00A0020C1B0C06FB0323DEF800202E
:107F600080B292B2121A5A44DEF800004FEA134A65
:107F70009BB2C3EB224303EB104392B242EA0342AB
:107F8000E1454EF8042B4FEA234BDED2009BEB5821
:107F90002BB9019B043B9D421A462FD33C613846C6
:107FA00001F060F8002825DB2946002058F8042B52
:107FB000D1F800C01FFA82FE1FFA8CF3A3EB0E0368
:107FC0000344120CC2EB234202EB1C429BB243EA75
:107FD0000243C14541F8043B4FEA2240E6D255F83E
:107FE000242005EB840322B9043B9D421A460BD39F
:107FF0003C610136304603B0BDE8F08F1268043BA7
:10800000002ACBD1013CC6E71268043B002AEFD11D
:10801000013CEAE70020EEE72DE9F04F2DED028B61
:10802000C76991B08DED020B55EC104B1C9E07916A
:10803000814609920D937FB91020FEF711FD02468B
:10804000C9F81C0020B9A04BEF21A048FEF774FC32
:10805000C0E901770760C760D9F81C30196859B1C9
:108060005A684A60012393408B60484600F0C0FD87
:10807000D9F81C3000221A602B1EBBBF23F000432E
:10808000039300230122ACBF33603260904B039E08
:10809000B34310D10D9A42F20F731360C6F313036A
:1080A000234300F0DE841D9B8A4F002B00F0E08408
:1080B000FB1C00F0DBBC9DED028BB5EE408BF1EEBE
:1080C00010FA0AD10D9A012313601D9B13B11D9A5A
:1080D000814B1360814F00F0CBBC0EAA0FA948461C
:1080E000B0EE480B01F06EF8C6F30A530E9A0190F9
:1080F000002B45D0B0EE487B18EE901AC1F3130167
:1081000041F07F5141F44011A3F2FF33002507EE07
:10811000901AB7EE086B9FED665B37EE467B9FEDDE
:10812000666BA7EE056B9FED665B07EE903AB8EEC7
:10813000E74BB0EE467BA4EE057BFDEEC76BB5EEDC
:10814000C07BF1EE10FA16EE908A08D5B8EEE66B19
:10815000B4EE476BF1EE10FA18BF08F1FF38B8F132
:10816000160F2BD85E4901EBC80191ED007BB4EEF0
:10817000C78BF1EE10FA01D508F1FF3800211EE09F
:108180000F9B134403F232412029C1BFC1F14001CA
:108190008E4003F2124124FA01F1D6BFC1F1200151
:1081A000314304FA01F107EE901AB8EE677B013B08
:1081B00017EE901A0125A1F1F871A8E70121D21A52
:1081C000531E069345BFC2F101030593002300230C
:1081D0004CBF06930593B8F1000F0C9118DB069B7A
:1081E000CDF82880434406930023079A092A49D8EA
:1081F000052AC4BF043A0792079AA2F10202CCBF33
:1082000000240124032A48D8DFE802F00B2E2C3A80
:10821000059B0022A3EB080305930A92C8F1000313
:10822000E3E700220892099A002A39DC4FF0010B9B
:10823000DA465A46CDF824B0D9F81C700021042043
:1082400000F11406964230D979604846049300F054
:108250008FFC049B0746002846D1224B024640F281
:10826000AF11F2E60122DDE700220892099A08EB3D
:10827000020B0BF1010A5246012AB8BF0122DBE7CB
:108280000122F2E701240022CDE907244FF0FF3B51
:108290000021DA4612220991CEE701220892F5E781
:1082A000DDF824B0DA465A46C6E701314000C7E798
:1082B00061436F63A787D23FB3C8608B288AC63FEC
:1082C000FB799F501344D33F25010308D6020308CE
:1082D0000000F07FD2020308A6020308A5020308EB
:1082E000D00303082E030308D9F81C20BAF10E0F9F
:1082F00010606FD8002C6DD0B8F1000F40F3C28031
:10830000CA4A08F00F0102EBC10218F4807F92ED17
:10831000007B4FEA281100F0A980C54A92ED086B56
:1083200088EE066B8DED026B01F00F010322C04851
:10833000002940F09D809DED026B86EE077B8DED60
:10834000027B0C999DED027B002900F0C180B7EE05
:10835000006BB4EEC67BF1EE10FA40F1B980BAF1D1
:10836000000F00F0B580BBF1000F31DDB2EE046B01
:1083700027EE067B8DED027B08F1FF31049101327F
:108380005C469DED026BB1EE0C5B07EE902AB8EEF9
:10839000E77BA7EE065B15EE902A51EC150BA2F1D8
:1083A0005071002C40F09880B1EE047B36EE476BA4
:1083B00041EC170BB4EEC76BF1EE10FA00F36182DB
:1083C000B1EE477BB4EEC76BF1EE10FA00F1F58029
:1083D0008DED028B0F9A002AC0F22C81B8F10E0F9E
:1083E00000F32881914B03EBC80393ED006B099BCD
:1083F000002B03DABAF1000F40F3D280B2EE044B47
:108400009DED027B3E4687EE065BBDEEC55B15EE3D
:10841000103A303306F8013BF31B9A45B8EEC53BE2
:10842000A3EE467B40F0F88037EE077BB4EEC67BC8
:10843000F1EE10FA00F3DD80B4EE467BF1EE10FAB7
:1084400004D115EE103ADB0700F1D38001994846BC
:1084500000F0CEFB00230D9A337008F10103136086
:108460001D9B002B00F004831E6001E302225EE7E7
:10847000CC0704D590ED006B013227EE067B491046
:10848000083055E722D0C8F10001684A01F00F001A
:1084900002EBC00292ED007B28EE077B8DED027BA4
:1084A000634809110024022229B9002C3FF449AF86
:1084B0008DED027B45E7CE0705D590ED006B0132CF
:1084C000012427EE067B49100830EDE7022238E749
:1084D000CDF81080544654E7544A02EBC40212ED22
:1084E000024B089A41EC170B3C444AB3B6EE003BF2
:1084F000B7EE002B3E4683EE045BB2EE043B35EE56
:10850000477BFDEEC64B14EE902AB8EEE45B3032AA
:1085100036EE456BB4EEC76BF1EE10FA06F8012BA0
:1085200038D432EE465BB4EEC75BF1EE10FA62D49B
:10853000A6423FF44DAF27EE037B26EE036BE0E748
:1085400021463E4627EE047BB2EE043BFDEEC64BD1
:1085500014EE902A303206F8012BA642B8EEE45B06
:1085600036EE456B19D1B6EE005B37EE054BB4EE37
:10857000C46BF1EE10FA3EDC35EE475BB4EEC56B32
:10858000F1EE10FA7FF524AF0E46013916F8013CE2
:10859000302BF9D0DDF8108058E726EE036BD5E7D5
:1085A0000BD1B1EE047B26EE076B9DED027BB4EEA2
:1085B000C76BF1EE10FAC0F2618100242546099BD9
:1085C000DB4304933E464FF000082146484600F046
:1085D0000FFB002DDED0B8F1000F05D0A84503D069
:1085E0004146484600F004FB2946484600F000FB9F
:1085F000D0E7CDF8108033461E4613F8012D392AF6
:1086000006D19F42F8D1049A0132049230223A7086
:108610001A7801321A70BDE727EE047BB5EE407B75
:10862000F1EE10FA7FF4EFAE10E700BFD0030308BD
:10863000A80303080899002900F0E380079901299D
:1086400000F3C880002D00F0C18002F23342059E85
:108650001C460493059B13440593069B0121134478
:108660004846069300F078FB049B054666B1069ADF
:10867000002A09DDB2420599A8BF3246891A059140
:108680000699B61A8A1A0692FBB1089A002A00F0D7
:10869000BC809CB12946224648460B9300F01CFC46
:1086A000019A01460546484600F06CFB019904908A
:1086B000484600F09DFA049A0B9B01921A1B04D0C5
:1086C0000199484600F008FC01900121484600F05D
:1086D00043FB0A9B0446002B00F0D0811A4601465A
:1086E000484600F0F9FB079B012B044600F39580F8
:1086F000029B002B40F08B80039BC3F31302002AE4
:1087000040F0878023F00042120D1205002A00F08D
:108710008280059B01330593069B01330693012359
:108720000B930A9B002B00F0AF81226904EB8202BD
:10873000106900F0C5FAC0F12000069B184410F043
:108740001F0076D0C0F12002042A69DD059BC0F12C
:108750001C0003440593069B064403440693059BB3
:10876000002B05DD01991A46484600F00FFC0190E8
:10877000069B002B05DD21461A46484600F006FC04
:1087800004460C9B002B56D00198214600F06AFC51
:10879000002850DA08F1FF330493019900230A22DC
:1087A000484600F047FA089B0190002B00F06E81CC
:1087B000294600230A22484600F03CFABBF1000F8C
:1087C000054664DC079B022B3EDC60E00E9AC2F19A
:1087D00036023CE70AF1FF34A342BFBFE21A0A9B0C
:1087E0009B180A93AEBF1C1B23460024BAF1000F4E
:1087F000B5BF059A059EA2EB0A065246B8BF0022F5
:1088000027E7059E089D1C4630E71A4658E70023D7
:1088100086E7029B84E70B9283E700230B9384E7B0
:108820009DD0059B1C3213440593069B16441344AC
:1088300094E70246F5E7BAF1000FCDF81080D34671
:1088400021DC079B022B1EDDBBF1000F7FF4B7AECE
:1088500021465B460522484600F0ECF901460446F5
:10886000019800F0FFFB00287FF7A9AE3E463123B8
:1088700006F8013B049B01330493A4E6CDF8108075
:1088800054462546F2E7089B002B00F00381002E9A
:1088900005DD29463246484600F078FB05460B9B2D
:1088A000002B58D06968484600F062F9064628B99E
:1088B000824B024640F2EF21FFF7C7BB2A69023222
:1088C000920005F10C010C30FFF709FB0122314643
:1088D000484600F05BFB7B1C059307EB0B030993F9
:1088E000029B03F00103A84608930546059B0198E7
:1088F000214603F1FF3BFFF707FB4146029000F1E1
:10890000300A019800F0AEFB2A4606902146484600
:1089100000F0C4FBC2680646FAB90146019800F0AF
:10892000A1FB0246314648460A9200F061F9079BD6
:108930000A9A059E43EA0201089B19430FD1BAF136
:10894000390F28D0069B002B02DD029B03F1310A70
:108950008BF800A039E62846BDE70122E2E7069B36
:10896000002B04DB07990B4308990B4320D1002A05
:10897000EEDD01990122484600F008FB21460190F6
:1089800000F070FB002803DCE2D11AF0010FDFD009
:10899000BAF1390FD9D139238BF8003033461E464E
:1089A000013B16F8012C392A53D001321A700CE61B
:1089B000002A07DDBAF1390FEDD00AF101038BF877
:1089C000003002E6059B059A03F801AC099B93422F
:1089D00029D0019900230A22484600F02BF9A84526
:1089E00001904FF000034FF00A024146484607D17C
:1089F00000F020F980460546059B0133059375E795
:108A000000F018F92946804600230A22484600F063
:108A100011F90546F0E7BBF1000FCCBF5E46012619
:108A20003E444FF0000801990122484600F0AEFA9A
:108A30002146019000F016FB0028AFDC02D11AF0AD
:108A4000010FABD133461E4613F8012D302AFAD060
:108A5000BBE59F42A3D1049B0133049331233B70B8
:108A6000B3E51D9B164F1BB107F108031D9A136058
:108A7000384611B0BDEC028BBDE8F08F079B012B8F
:108A80007FF736AE0A9B0B93012056E6BBF1000F31
:108A90007FF7D7AE3E4601982146FFF735FA00F141
:108AA000300A06F801ABF21B9345B4DD01990023AF
:108AB0000A22484600F0BEF80190ECE72E030308B6
:108AC000C90203080148FFF700BA00BF800D022465
:108AD0000148FFF7FBB900BF800D022438B50546F9
:108AE000002941D051F8043C0C1F002BB8BFE418FA
:108AF000FEF768F81D4A136833B9636014602846AE
:108B0000BDE83840FEF764B8A34208D920682118B0
:108B10008B4201BF19685B6809182160EDE71A46AE
:108B20005B680BB1A342FAD911685018A0420BD16F
:108B300020680144501883421160E0D118685B68D6
:108B4000536008441060DAE702D90C232B60D6E7A3
:108B5000206821188B4204BF19685B68636004BFFA
:108B6000091821605460CAE738BD00BF3C0C0224DC
:108B700070B5C66904460D4676B91020FDF770FF42
:108B80000246E06120B9184B18486B21FDF7D4FE6E
:108B9000C0E901660660C660E669F36883B1E3690F
:108BA000DB6853F82500B8B9012101FA05F6721DFA
:108BB00092002046FDF7E6FE60B1C0E901560EE0E6
:108BC000212204212046FDF7DDFEE369F060DB6829
:108BD000002BE4D1002070BD026843F8252000235B
:108BE000C0E90333F7E700BF250103083F0303088B
:108BF00070B5C66905460C4676B91020FDF730FF02
:108C00000246E86120B9094B09488F21FDF794FE1F
:108C1000C0E901660660C6603CB1EB696268DB686A
:108C200053F82210216043F8224070BD250103084B
:108C30003F0303082DE9F0410D6907460C461E4627
:108C400001F1140C0020DCF8003099B202FB016144
:108C50001E0C0B0C02FB063389B2013001EB034101
:108C600085424CF8041B4FEA1346ECDC0EB3A368B4
:108C7000AB4219DC616838460131FFF779FF804665
:108C800028B902460C4B0D48BA21FDF755FE226962
:108C9000023204F10C0192000C30FFF720F921465A
:108CA0003846FFF7A5FF444604EB850301355E61B6
:108CB00025612046BDE8F0812E0303083F03030829
:108CC000B0F5803F034636BF030400201020B3F107
:108CD000807F3CBF1B020830B3F1805F3CBF1B01AB
:108CE0000430B3F1804F3CBF9B000230002B05DB0A
:108CF00013F0804F00F1010008BF20207047036887
:108D0000024613F007000BD0D90721D4980749BFBA
:108D10005B089B08012013605CBF13600220704752
:108D200099B209B91B0C1020D9B209B908301B0A35
:108D3000190704BF1B090430990704BF9B080230C0
:108D4000D90703D45B0800F1010003D0136070471A
:108D5000002070472020704710B50C460121FFF716
:108D600007FF024628B9054B054840F24511FDF7BB
:108D7000E3FD01234461036110BD00BF2E0303081E
:108D80003F0303082DE9F04F14460A6923699A420C
:108D9000A8BF23460F46A4BF0C461F46D4F810A018
:108DA000D7F81090A36861680AEB0906B34285B052
:108DB000B8BF0131FFF7DCFE30B90246444B4548ED
:108DC0004FF4B171FDF7B8FD00F1140505EB86080D
:108DD0002B460022434521D307F1140104F114026C
:108DE00002EB8A0201EB89030293131B153B23F06C
:108DF0000303043304F11507BA4238BF0423019377
:108E0000029B03918B420CD8002E03DD58F8043DE1
:108E1000002B5BD0066105B0BDE8F08F43F8042B52
:108E2000D8E7B1F800A0BAF1000F24D004F1140E75
:108E3000A9464FF0000C5EF8047BD9F800301FFA09
:108E400087FB9BB20AFB0B334FEA174BD9F8007034
:108E500063444FEA174C0AFB0BC707EB13479BB25F
:108E600043EA0743724549F8043B4FEA174CE2D8FE
:108E7000019B45F803C0039BB3F802900431B9F19C
:108E8000000F21D02B6804F1140CAE464FF0000AFD
:108E9000BCF800B0BEF8027009FB0B7757449BB2D8
:108EA00043EA07434EF8043B5CF8043B4FEA134A9D
:108EB000BEF8003009FB0A3303EB174362454FEA63
:108EC000134AE5D8019FEB51043599E7013E9BE732
:108ED0002E0303083F0303082DE9F843154612F05B
:108EE000030207460E4607D0254C013A002354F8EA
:108EF0002220FFF79FFE0646AD103DD0FC697CB9ED
:108F00001020FDF7ADFD0246F86128B91D4B1E4843
:108F100040F2B311FDF710FDC0E901440460C460E4
:108F2000D7F81C80D8F808404CB940F27121384677
:108F3000FFF712FF0023C8F80800044603604FF053
:108F40000009EB070AD5314622463846FFF71AFFDB
:108F5000314680463846FFF74BFE46466D100BD033
:108F6000206838B9224621463846FFF70BFF2060BB
:108F7000C0F800900446E4E73046BDE8F88300BF3F
:108F800098030308250103083F0303082DE9F04770
:108F90000C464968236903EB6218A36807469146AB
:108FA0004FEA621A08F10106B3420BDB3846FFF7BD
:108FB000DFFD054648B90246284B29484FF4EF71BA
:108FC000FDF7BAFC01315B00EEE7002300F114016C
:108FD00000F110021846534533DB20692AEAEA7A89
:108FE00004F1140319F01F0901EB8A0103EB800C53
:108FF0002BD0C9F1200E8A460022186800FA09F029
:1090000010434AF8040B53F8042B9C4522FA0EF245
:10901000F3D8ACEB0403153B23F00303043304F152
:109020001500844538BF0423CA500AB108F102066E
:10903000013E38462E612146FFF7DAFD2846BDE89D
:10904000F08742F8040F0133C5E7043953F8042BC5
:1090500041F8042F9C45F9D8EAE700BF2E03030826
:109060003F0303080A6903460069801A30B50ED130
:109070001433143103EB820401EB820154F8045DD4
:1090800051F8042D954203D005D24FF0FF3030BD8A
:10909000A342F3D3FBE70120F9E700002DE9F74FE6
:1090A00089460646114648461446FFF7DBFF051E73
:1090B00012D129463046FFF75BFD024628B93F4BE7
:1090C00040F237213E48FDF737FC0123C0E9043563
:1090D000104603B0BDE8F08FBCBF4B46A1463046FA
:1090E000D9F80410BABF1C4601250025FFF740FD42
:1090F000024618B9314B40F24521E3E7D9F8107028
:109100002669C56009F1100309F1140504F1140E74
:1091100000F1140B05EB87080EEB86060193D94688
:109120004FF0000C019B5EF8040B53F804AF019361
:109130001FFA8AF3194683B2CB1A000C6344C0EBC2
:109140001A4000EB23409BB243EA0043764549F8BE
:10915000043B4FEA204CE5D8331B153B23F00303B7
:1091600015340433A64238BF04231D445B441E4615
:109170002C4644450ED308F10301491B21F003019D
:10918000033DA84538BF00210B4453F8041D91B19D
:1091900017619DE754F8041BE646080C1CFA81FC95
:1091A000714400EB2C4089B241EA004146F8041BAF
:1091B0004FEA204CDDE7013FE7E700BF2E0303083D
:1091C0003F0303082DE9F7430F46012159EC108BAB
:1091D0001646FFF7CDFC044630B90246234B24481F
:1091E00040F20F31FDF7A8FBC9F30A55C9F3130389
:1091F0000DB143F480130193B8F1000323D0684606
:109200000093FFF77CFDDDE90012D0B1C0F120032F
:1092100002FA03F30B43C24063610192019BA36115
:10922000002B0CBF012202222261A5B1A5F2334519
:1092300005443D60C0F135003060204603B0BDE814
:10924000F0836161EAE701A8FFF759FD019B6361C3
:1092500020300122E8E704EB8203A0F232403860BC
:109260001869FFF72DFDC0EB4210E5E72E03030858
:109270003F03030851F8043C181F002BBCBF0B58D8
:10928000C01870472DE9F0478E681F46BE420B6834
:1092900082460C4690462DD8B1F90C2012F4906FFE
:1092A00026D06569096905EB4505A3EB010905EBC6
:1092B000D5757B1C4B446D109D4238BF1D46530530
:1092C00027D52946FDF7FEFB064660B321694A46CD
:1092D000FEF705FEA38923F4906343F08003A38186
:1092E000266165614E44A5EB09052660A5603E46F2
:1092F000BE4200D93E46206832464146FEF7B2FCE7
:10930000A3689B1BA3602368334423600020BDE84F
:10931000F0872A46FDF7D6FC06460028E0D12169F1
:109320005046FFF7DBFB0C23CAF80030A38943F05B
:109330004003A3814FF0FF30E9E700002DE9F04F33
:1093400098468B891B069DB007460D46144610D5DE
:109350000B6973B94021FDF7B5FB2860286130B96E
:109360000C233B604FF0FF301DB0BDE8F08F402371
:109370006B610023099320238DF82930CDF80C80F0
:109380003023DFF89C818DF82A304FF00109234605
:109390009A4613F8012B0AB1252AF9D1BAEB040B2E
:1093A0000BD05B46224629463846FFF76BFF01305B
:1093B00000F0A780099A5A4409929AF80030002BCD
:1093C00000F09F8000234FF0FF32CDE905230AF122
:1093D000010A049307938DF853301A9354460522DB
:1093E00014F8011B4E48D6F78BFF049AD8B9D00663
:1093F00044BF20238DF85330110744BF2B238DF831
:1094000053309AF800302A2B15D0079A5446002082
:109410004FF00A0C214611F8013B303B092B4BD988
:10942000B0B1079214E0A0EB080309FA03F3134369
:109430000493A246D2E7039B191D1B680391002BDE
:10944000BBBF5B4242F0020207930793B8BF04928E
:1094500023782E2B0AD163782A2B32D1039B1A1D35
:109460001B68039243EAE37302340593DFF8C0A05C
:10947000217803225046D6F743FF38B1049BA0EB76
:109480000A004022824013430134049314F8011B64
:1094900024488DF828100622D6F732FF002836D04F
:1094A000214B1BBB039B073323F0070308330393B4
:1094B000099B334409936AE70CFB02320C460120F6
:1094C000A8E700230134059319464FF00A0C204603
:1094D00010F8012B303A092A03D9002BC6D0059188
:1094E000C4E70CFB012104460123F0E703AB009322
:1094F0002A460E4B04A93846FDF71AFD421C0646C3
:10950000D6D1AB895B063FF52DAF09982CE703ABAD
:1095100000932A46054B04A93846FDF791FFEDE775
:1095200098040308A2040308316F02088592020818
:109530009E0403089368013B002B10B4936008DA83
:109540009469A34201DB0A2903D15DF8044BFEF7BD
:10955000E5BA1368581C1060197008465DF8044B92
:109560007047F8B506460F461446D518AC4201D1EF
:10957000002007E014F8011B3A463046FFF7DAFFF7
:10958000431CF3D1F8BD00002DE9F04F0D469DB00E
:1095900014469846064618B1036A0BB9FEF7FCF864
:1095A0006B6ED90705D4AB899A0502D4A86DFEF776
:1095B0008CFCAB891B0701D52B699BB9294630462A
:1095C000FEF7EAFA70B16B6EDC0704D54FF0FF309E
:1095D0001DB0BDE8F08FAB899805F7D4A86DFEF7F4
:1095E00075FCF3E70023099320238DF82930CDF88B
:1095F0000C803023DFF8AC818DF82A304FF0010960
:1096000023469A4613F8012B0AB1252AF9D1BAEB61
:10961000040B0BD05B46224629463046FFF7A1FFDC
:10962000013000F0A780099A5A4409929AF8003054
:10963000002B00F09F8000234FF0FF32CDE905237F
:109640000AF1010A049307938DF853301A93544694
:10965000052214F8011B5348D6F752FE049AD8B9D4
:10966000D10644BF20238DF85330130744BF2B236A
:109670008DF853309AF800302A2B15D0079A5446AB
:1096800000204FF00A0C214611F8013B303B092B1A
:109690004BD9B0B1079214E0A0EB080309FA03F329
:1096A00013430493A246D2E7039B191D1B68039141
:1096B000002BBBBF5B4242F0020207930793B8BF87
:1096C000049223782E2B0AD163782A2B32D1039B64
:1096D0001A1D1B68039243EAE37302340593DFF813
:1096E000D4A0217803225046D6F70AFE38B1049B55
:1096F000A0EB0A004022824013430134049314F883
:10970000011B29488DF828100622D6F7F9FD0028FC
:109710003FD0264B1BBB039B073323F007030833C3
:109720000393099B3B4409936AE70CFB02320C4606
:109730000120A8E700230134059319464FF00A0CD5
:10974000204610F8012B303A092A03D9002BC6D045
:109750000591C4E70CFB012104460123F0E703ABAC
:1097600000932A46124B04A93046FDF7E1FB074659
:10977000781CD6D16B6ED90705D4AB899A0502D473
:10978000A86DFEF7A3FBAB895B063FF51FAF0998F9
:109790001EE703AB00932A46054B04A93046FDF7AC
:1097A0004FFEE4E798040308A2040308316F02089F
:1097B000639502089E040308B1F90C202DE9F041DD
:1097C000160705460C4654D44B68002B02DC0B6C84
:1097D000002B48DDE66A002E45D0002312F48052AB
:1097E0002F68216A2B6030D0626DA389590705D597
:1097F0006368D21A636B0BB1236CD21A0023E66A3A
:10980000216A2846B047431CA38906D129681D292F
:109810002BD82A4A0A41D60727D400226260D904ED
:109820002269226004D5421C01D12B6803B960650E
:10983000616B2F60B9B104F14403994202D028460C
:10984000FFF74CF9002363630DE001232846B0477E
:109850000246501CC9D12B68002BC6D01D2B01D04D
:10986000162B1ED12F60002022E043F040031BB2D4
:109870001BE00F69002FF6D093070E6808BF4B69F5
:109880000F6018BF0023A6EB07088B60B8F1000F2C
:10989000E9DD216AA66A43463A462846B0470028D1
:1098A00008DCB4F90C3043F04003A3814FF0FF30E3
:1098B000BDE8F0810744A8EB0008E7E7FEFFBFDF43
:1098C00038B50B6905460C4613B90025284638BD46
:1098D00018B1036A0BB9FDF75FFFB4F90C30002B28
:1098E000F3D0626ED00704D4990502D4A06DFEF7C0
:1098F000ECFA28462146FFF75FFF636EDA0705465C
:10990000E4D4A3899B05E1D4A06DFEF7DFFADDE77F
:1099100070B50C46B1F90E10002996B015461E46DA
:109920000DDAA38913F0800F4FF0000114BF40231C
:109930004FF48063002031602B6016B070BD6A4622
:1099400000F078F80028ECDB019901F47041A1F5F2
:109950000053594259414FF48063EBE78B89F7B5C7
:109960009D0706460C4607D504F147032360236193
:109970000123636103B0F0BD01AB6A46FFF7C8FF86
:10998000009F054639463046FDF79CF848B9B4F9C2
:109990000C309A05EED423F0030343F00203A381B5
:1099A000E2E7A389206043F08003A381019BC4E91F
:1099B00004075BB1B4F90E10304600F04DF828B141
:1099C000A38923F0030343F00103A381A3891D436B
:1099D000A581CFE71F2938B505460C4604D91623C3
:1099E00003604FF0FF3038BDC26B12B152F8213026
:1099F0004BB9284600F052F8224601462846BDE8F9
:109A0000384000F039B8012B0AD0591C03D1162375
:109A100003600120E7E7002142F824102046984720
:109A20000020E0E7024B01461868FFF7D3BF00BFF4
:109A30005C07002438B5074D00230446084611464C
:109A40002B60D8F7EBF8431C02D12B6803B12360DD
:109A500038BD00BF7C0D022438B5064D00230446F6
:109A600008462B60D8F7EAF8431C02D12B6803B1F3
:109A7000236038BD7C0D022438B5074D0023044611
:109A8000084611462B60D8F785F8431C02D12B6895
:109A900003B1236038BD00BF7C0D0224D8F772B833
:109AA00082B001B901A942B14BB113780B601278B1
:109AB000101E18BF012002B070471046FBE76FF080
:109AC0000100F8E70346084641B1FF2A04D98A227B
:109AD0001A604FF0FF3070470A7001207047000095
:109AE00008B52DED048BB0EE408B00F005FBB4EE15
:109AF000488BF1EE10FAB0EE409B15D6B0EE480B55
:109B000000F018F9B7EE007BB4EEC70BF1EE10FAD7
:109B10000ADDFEF7AFF9BDEC048B21230360BDE83D
:109B20000840044800F02CB9B0EE490BBDEC048BA2
:109B300008BD00BF2401030800F0EEBB00000000D8
:109B400038B5B0EE407B17EE905A734B25F00044C9
:109B50009C4213D9714B9C4203D807D110EE103AA6
:109B600023B137EE077BB0EE470B38BD9FED4E7B40
:109B70009FED4F6B002D36FE077BF4E7684B9C4250
:109B800011D8A3F1DE739C420AD8B7EE005B9FEDBB
:109B90004A6B30EE066BB4EEC56BF1EE10FAE2DC08
:109BA0004FF0FF3313E000F0C5F85E4B9C424FD8F6
:109BB000A3F550239C4241D8B0EE007BBFEE005B82
:109BC0000023A0EE075B30EE070B85EE007B9FEDD8
:109BD0003C6B27EE074B24EE045B9FED3B3BA5EE71
:109BE000063B9FED3B6BA3EE056B9FED3B3BA6EE6B
:109BF000053B9FED3B6BA3EE056B9FED3B3B9FED64
:109C00003C2BA6EE053B9FED3C6BA5EE062B9FED96
:109C10003C6BA2EE056B9FED3C2BA6EE052B9FED5A
:109C20003C6B5A1CA2EE056B26EE056BA3EE046B93
:109C300027EE066B21D137EE467B94E7B7EE007B2B
:109C4000012330EE475B30EE070B85EE007BBEE76D
:109C5000354B9C420BD2B7EE087BB7EE006B30EE73
:109C6000475BA0EE076B022385EE067BAFE7BFEEF6
:109C7000006B032386EE007BA9E72C4A2C4902EBFC
:109C8000C30201EBC30393ED005B36EE456B36EE8A
:109C9000476B92ED007B002D37EE467BB8BFB1EEEF
:109CA000477B60E7AFF30080182D4454FB21F9BFD8
:109CB000182D4454FB21F93F9C7500883CE4377E05
:109CC00011DA22E33AAD903FEB0D76244B7BA93FAE
:109CD000513DD0A0660DB13F6E204CC5CD45B73F7C
:109CE000FF8300922449C23F0D5555555555D53F28
:109CF0009AFDDE522DDEADBF2F6C6A2C44B4A2BF9C
:109D00006D9A74AFF2B0B3BF711623FEC671BCBFBB
:109D1000C4EB98999999C9BFFFFF0F440000F07FE9
:109D2000FFFFDB3FFFFFF23F00800340D804030842
:109D3000B804030851EC100B024621F0004343EC39
:109D4000102B704708B52DED028BB0EE408A00F065
:109D5000CFF9B4EE488AF1EE10FA0CD6DFED078A9F
:109D6000B4EEE88AF1EE10FA05D5FEF783F888EE36
:109D7000A80A21230360BDEC028B08BD000000008F
:109D80009FED010B704700BF000000000000F87F4E
:109D9000CB0712D421EE005B90ED1A6B90ED187B8F
:109DA000A6EE017B90ED166B21EE051BA6EE050BD2
:109DB000A7EE010BB7EEC00B704790ED146B21EED0
:109DC000015B90ED127B90ED0C0BA1EE067B90ED0C
:109DD0000E6BA1EE060B90ED106B21EE051BA5EEB0
:109DE000060BE5E70000000037B510EE104AC4F39B
:109DF0000A53B3F57D7FB7EEC06AF0EE407A4FEAC2
:109E0000145218D226EE061BB3F5667F0AD212F45E
:109E1000FF6F03D1B7EEC11B8DED011AB0EE670ADB
:109E200003B030BD3A48B0EE460B002103B0BDE8A8
:109E30003040FFF7ADBF40F22E42934224D8344B5E
:109E400093ED087B26EE077BFDEEC77B03F17000E8
:109E500017EE901A01F50001091607EE901A01F0AD
:109E6000030203EBC202B8EEE75B92ED000B93ED49
:109E70000A7B11F0020FA5EE476B08BF184626EECD
:109E8000061B20EE060BD1E7B3F5FF6F37D2214951
:109E9000C4F3836001EB8002C4F31603C4F3C2551C
:109EA00051F82010106A126943F40003AB40A0FB84
:109EB00003505943E3FB020101F100539D0F03F0EE
:109EC0004043C91AD6F702FC05EBD474104B04F0DA
:109ED000030203EBC2029FED0C6B92ED000B41EC11
:109EE000170B14F0020F27EE067B03F170002946D2
:109EF00008BF184627EE071B20EE070B96E703B0B6
:109F0000BDE8304000F0E2B8182D4454FB21193C64
:109F100058050308F8040308CB0712D421EE005BB0
:109F200090ED1A6B90ED187BA6EE017B90ED166B11
:109F300021EE051BA6EE050BA7EE010BB7EEC00B3D
:109F4000704790ED146B21EE015B90ED127B90ED6C
:109F50000C0BA1EE067B90ED0E6BA1EE060B90EDC7
:109F6000106B21EE051BA5EE060BE5E700000000D7
:109F700038B510EE104AC4F30A53B3F57D7FB7EE3F
:109F8000C07A1FD227EE077BB3F5667FC0F08280D0
:109F900027EE074B444B93ED145B93ED126B93ED5F
:109FA0000C0BA7EE056B93ED0E5BA7EE050B93ED87
:109FB000105B27EE047BA4EE050BA6EE070BB7EEB5
:109FC000C00B38BD40F22E42934229D8364B93ED58
:109FD000086B27EE066BFDEEC66B03F1700016EE04
:109FE000901A01F50001091606EE901A01F003021D
:109FF00003EBC202B8EEE65B92ED000B93ED0A6B49
:10A0000011F0020F81F00101A5EE467B08BF184652
:10A0100027EE071BBDE8384020EE070BFFF77CBF9B
:10A02000B3F5FF6F32D22149C4F3836001EB8002A4
:10A03000C4F31603C4F3C25551F82010106A126914
:10A0400043F40003AB40A0FB03505943E3FB020180
:10A0500001F100539D0F03F04043C91AD6F736FBB8
:10A0600005EBD474104B9FED0E6B41EC170B04F015
:10A07000030203EBC20292ED000B27EE067B03F115
:10A08000700014F0020F85F00101BFE7BDE8384011
:10A0900000F01CB8B7EE000A93E700BFAFF30080F2
:10A0A000182D4454FB21193C58050308F8040308F3
:10A0B00010B52DED028BB0EE408A0446FDF7DAFEB6
:10A0C000B0EE480ABDEC028B046010BDF0EE407AA1
:10A0D00030EE407AF4EE677AF1EE10FA87EE070A76
:10A0E00002D62120FFF7E4BF7047B1EEC00B7047E6
:10A0F000B1EEC00A7047000038B510EE905A824B9E
:10A1000025F000449C422DED068B19D910EE103A33
:10A1100004F1404404F580141C430CD19FED5C7B9A
:10A120009FED5D6B20EE077BA0EE067BB0EE470B4C
:10A13000BDEC068B38BD30EE407B87EE070BF7E7B2
:10A14000724BB7EE009B9C420BD8B4F1795F52D2B0
:10A150009FED537B30EE077BB4EEC97BF1EE10FA36
:10A16000E6DCFFF7E7FDB6EE007B39EE408B9FEDB6
:10A170004E6B28EE078BB0EE480B9FED4D7BA8EEA3
:10A18000076B9FED4D7BA6EE087B9FED4D6B9FED22
:10A190004EABA7EE086B9FED4E7BA6EE087B9FEDC6
:10A1A0004E6BA7EE08AB2AEE08AB9FED4D7BA8EEF9
:10A1B000067B9FED4D6BA7EE086B9FED4D7BA6EEEA
:10A1C000087BA7EE089BFFF790FF8AEE095BB0EED5
:10A1D000004B4F4B9C423DD9A0EE050B9FED467BBB
:10A1E000A0EE047B9FED2C0B30EE470B002DD8BF6B
:10A1F000B1EE400B9CE79FED2E5B20EE007B9FEDC8
:10A200002A6BA7EE056B9FED2C5BA6EE075B9FED1F
:10A210002C6BA5EE076B9FED2E5BA6EE075B9FED0B
:10A220002A6B9FED2D4BA5EE076B26EE076B9FED7E
:10A230002C5BA7EE045B9FED2C4BA5EE074B9FED2F
:10A240002C5BA4EE075BA5EE079B86EE097BA0EED8
:10A25000070B6DE753EC102B30EE003B002243EC74
:10A26000162B9FED0B7B30EE060BA6EE468B88EE91
:10A27000002B9FED230BA2EE447B93EE057BB0EE0B
:10A28000405BA6EE445B37EE457BADE7AFF3008065
:10A29000075C143326A6913C182D4454FB21F93F4A
:10A2A0009C7500883CE4377E88B20175E0EF493F39
:10A2B00009F7FD0DE13D023F3B8F68B52882A4BF41
:10A2C0005544880E55C1C93F555555555555C53F3F
:10A2D0007D6FEB0312D6D4BF82922EB1C5B8B33FC7
:10A2E00059018D1B6C06E6BFC88A599CE52A0040BF
:10A2F0004B2D8A1C273A03C0075C143326A691BC59
:10A30000182D4454FB21E93FFFFFEF3FFFFFDF3FE4
:10A310003233EF3F0000000011EE101AB0EE407B28
:10A32000F8B511EE905A4B42594F25F000420B43BD
:10A3300042EAD373BB420DD810EE10CA17EE906AF2
:10A34000CCF1000026F0004340EA0C0043EAD07054
:10A35000B84204D937EE017BB0EE470BF8BD05F1EA
:10A36000404000F58010084303D1BDE8F840FFF7F6
:10A37000E7BBAC1704F0020453EA0C0C44EAD674B1
:10A3800007D1022C5CD09FED346B032C06FE007BC2
:10A39000E2E7114307D19FED327B9FED336B002E37
:10A3A00027FE067BD8E7BA420FD1934204F1FF346F
:10A3B00007D1022C47D8374B03EBC40393ED007B46
:10A3C000CAE7022C42D8344BF6E7BB42E3D09B1AD3
:10A3D000B3F1747F4FEA23521ADA002D01DA3C32CE
:10A3E00019DB87EE010BFFF7A5FCFFF7A9FBB0EE29
:10A3F000407B012C12D0022C19D0002CACD09FED48
:10A400001C6B37EE467B9FED1C6B37EE467BA3E75C
:10A410009FED137BEDE79FED1A7BEAE717EE901AAD
:10A4200053EC172B01F1004343EC172B94E79FEDFE
:10A43000106B37EE467B9FED106B36EE477B8BE75C
:10A440009FED0D7B88E79FED107B85E79FED0C7BF3
:10A4500082E700BFAFF30080182D4454FB2109C0F0
:10A46000182D4454FB21F93F182D4454FB21F9BF0A
:10A47000075C143326A6A13C182D4454FB21094047
:10A480000000000000000000182D4454FB21E93FAB
:10A490000000F07F5006030838060308F8B500BF37
:10A4A000F8BC08BC9E467047F8B500BFF8BC08BCB5
:04A4B0009E4670470D
:10A4B8007374617274204150502048616E646C65F9
:10A4C800000000004572726F72206F6E206C696E1A
:10A4D800652025643A2025642E2041626F727469D4
:10A4E8006E672E0A000000004572726F72206F6E50
:10A4F8002064656661756C7420616C6C6F6361744F
:10A508006F727320286C696E65202564290A000023
:10A518006D61675F6672616D650000004661696C18
:10A528006564206F6E206C696E652025643A20256D
:10A53800642E20436F6E74696E75696E672E0A000B
:10A54800696D755F6672616D65000000524F53203A
:10A55800446F6D61696E2049443A25640A00000021
:10A568005265636F6E6E656374696E6720616765B7
:10A578006E742E2E2E00000053746172742059429E
:10A588005F4578616D706C655F4E6F6465000000B3
:10A5980059425F4578616D706C655F4E6F64650008
:10A5A800696D752F646174615F72617700000000E6
:10A5B800696D752F6D6167006578656375746F7275
:10A5C8005F636F756E743A25640A0000524F53201A
:10A5D8005461736B20456E6400000000526573740B
:10A5E8006172742053797374656D21212100000014
:10A5F80064656661756C745461736B006D79546140
:10A60800736B526F730000004F4E00004F464600B8
:10A61800414343454C2E2E2E2E6F75747075742051
:10A62800746F67676C65642C206E6F772069733A66
:10A638002025732E0D0A00004759524F2E2E2E2E1C
:10A648006F757470757420746F67676C65642C20FF
:10A658006E6F772069733A2025732E0D0A0000006B
:10A66800524157204759524F2E2E2E2E6F75747017
:10A67800757420746F67676C65642C206E6F772023
:10A6880069733A2025732E0D0A000000436F6D7020
:10A698006173732E2E2E2E6F757470757420746FFF
:10A6A80067676C65642C206E6F772069733A202584
:10A6B800732E0D0A0000000052617720436F6D7001
:10A6C8006173732E2E2E2E6F757470757420746FCF
:10A6D80067676C65642C206E6F772069733A202554
:10A6E800732E0D0A00000000437562652047616DF6
:10A6F800652052562E2E2E2E6F7574707574207428
:10A708006F67676C65642C206E6F772069733A20D9
:10A7180025732E0D0A00000053746570204465747B
:10A728006563746F722E2E2E2E6F7574707574207B
:10A73800746F67676C65642C206E6F772069733A55
:10A748002025732E0D0A0000534D442E2E2E2E6FF9
:10A75800757470757420746F67676C65642C206EEF
:10A768006F772069733A2025732E0D0A00000000C8
:10A778005374657020436F756E7465722E2E2E2E7D
:10A788006F757470757420746F67676C65642C20BE
:10A798006E6F772069733A2025732E0D0A0000002A
:10A7A80052562E2E2E2E6F757470757420746F6726
:10A7B800676C65642C206E6F772069733A20257367
:10A7C8002E0D0A0047656F4D41472052562E2E2EFA
:10A7D8002E6F757470757420746F67676C65642C60
:10A7E800206E6F772069733A2025732E0D0A0000BA
:10A7F8004241432E2E2E2E6F757470757420746F1F
:10A8080067676C65642C206E6F772069733A202522
:10A81800732E0D0A0000000054696C742E2E2E2E23
:10A828006F757470757420746F67676C65642C201D
:10A838006E6F772069733A2025732E0D0A00000089
:10A84800466C6970205069636B75702E2E2E2E6FC2
:10A85800757470757420746F67676C65642C206EEE
:10A868006F772069733A2025732E0D0A00000000C7
:10A87800437562652052562E2E2E2E6F7574707594
:10A888007420746F67676C65642C206E6F7720691D
:10A89800733A2025732E0D0A000000004375626587
:10A8A8002047656F4D41472052562E2E2E2E6F752C
:10A8B8007470757420746F67676C65642C206E6F94
:10A8C800772069733A2025732E0D0A004772617646
:10A8D8006974792E2E2E2E6F757470757420746FAE
:10A8E80067676C65642C206E6F772069733A202542
:10A8F800732E0D0A000000004C696E6561722041DC
:10A908006363656C2E2E2E2E6F75747075742074AB
:10A918006F67676C65642C206E6F772069733A20C7
:10A9280025732E0D0A00000055656C65722E2E2EBB
:10A938002E6F757470757420746F67676C65642CFE
:10A94800206E6F772069733A2025732E0D0A000058
:10A9580047657474696E672074686520444D50209B
:10A968006269617365732E2E2E0D0000444D5020D0
:10A978002020416363656C20426961733A20583D29
:10A9880025642C20593D25642C205A3D25640D0A48
:10A9980000000000444D502020204779726F20208D
:10A9A800426961733A20583D25642C20593D25643D
:10A9B8002C205A3D25640D0A00000000446973618B
:10A9C800626C6520616C6C2073656E736F727320A6
:10A9D8006265666F72652072756E6E696E67207348
:10A9E800656C662D746573740D00000053656C66A4
:10A9F800746573742E2E2E537461727465640D0021
:10AA080053656C66746573742E2E2E446F6E652EB6
:10AA18002E2E5265743D25640D0A0000526573752B
:10AA28006C743A20436F6D706173733D25732C20ED
:10AA3800416363656C3D25732C204779726F3D2512
:10AA4800730D0A00416363656C2041766572616726
:10AA58006520284C534240465352203267290D0046
:10AA680009583A256420593A2564205A3A25640D34
:10AA78000A0000004779726F204176657261676548
:10AA880020284C534240465352203235306470736C
:10AA9800290D0000466163746F72792043616C2050
:10AAA8002D20416363656C20444D502062696173B9
:10AAB80065733A2009583A256420593A2564205A82
:10AAC8003A25640D0A000000466163746F727920AC
:10AAD80043616C202D204779726F20444D502062CD
:10AAE80069617365733A202009583A256420593AF8
:10AAF8002564205A3A25640D0A0000000D0A5365A2
:10AB08007474696E672074686520444D50206269CA
:10AB1800617365732077697468206F6E652D61783D
:10AB2800697320666163746F72792063616C69620E
:10AB3800726174696F6E2076616C7565732E2E2E46
:10AB4800646F6E650D0000000D00000050726573A3
:10AB5800732027612720746F20746F67676C6520E6
:10AB6800414343454C206F75747075742E2E2E2EFC
:10AB78002E2E2E2E2E2E2E2E2E2E2E2E2E2E2E2EED
:10AB88000D00000050726573732027672720746FCB
:10AB980020746F67676C65204779726F206F7574D2
:10ABA8007075742E2E2E2E2E2E2E2E2E2E2E2E2EEE
:10ABB8002E2E2E2E2E2E2E2E0D0000005072657376
:10ABC800732027472720746F20746F67676C652090
:10ABD800526177204779726F206F75747075742E83
:10ABE8002E2E2E2E2E2E2E2E2E2E2E2E2E2E2E2E7D
:10ABF8000D00000050726573732027702720746F52
:10AC080020746F67676C65205374657020436F7597
:10AC18006E746572206F75747075742E2E2E2E2EBC
:10AC28002E2E2E2E2E2E2E2E0D0000005072657305
:10AC3800732027642720746F20746F67676C652002
:10AC480053746570204465746563746F72206F7502
:10AC5800747075742E2E2E2E2E2E2E2E2E2E2E2EF7
:10AC68000D000000507265737320276D2720746FE4
:10AC780020746F67676C6520534D44205369676E75
:10AC880069666963616E74204D6F74696F6E206FB9
:10AC980075747075742E2E2E0D0000005072657339
:10ACA800732027632720746F20746F67676C652093
:10ACB800436F6D70617373206F75747075742E2E89
:10ACC8002E2E2E2E2E2E2E2E2E2E2E2E2E2E2E2E9C
:10ACD8000D00000050726573732027432720746F9E
:10ACE80020746F67676C652052617720436F6D70C1
:10ACF800617373206F75747075742E2E2E2E2E2E20
:10AD08002E2E2E2E2E2E2E2E0D0000005072657324
:10AD1800732027622720746F20746F67676C652023
:10AD28004261736963204163746976697479204369
:10AD38006C6173736966696572206F757470757478
:10AD48002E2E2E0D000000005072657373202754BC
:10AD58002720746F20746F67676C652054696C7462
:10AD6800206F75747075742E2E2E0D0050726573D9
:10AD7800732027462720746F20746F67676C6520DF
:10AD8800466C6970205069636B7570206F757470BC
:10AD980075742E2E2E0D0000507265737320277265
:10ADA8002720746F20746F67676C652047616D6535
:10ADB80020526F746174696F6E20566563746F7288
:10ADC800206F75747075742E2E2E2E2E0D000000B7
:10ADD80050726573732027522720746F20746F6731
:10ADE800676C6520526F746174696F6E2056656375
:10ADF800746F72206F75747075742E2E2E2E2E2E11
:10AE08002E2E2E2E0D0000005072657373202765BC
:10AE18002720746F20746F67676C652047656F4DD6
:10AE2800616720566563746F72206F7574707574EE
:10AE38002E2E2E2E2E2E2E2E2E2E2E2E0D000000D5
:10AE4800507265737320276C2720746F20746F67A6
:10AE5800676C65204C696E65617220416363656C3F
:10AE680065726174696F6E206F75747075742E2EBB
:10AE78002E2E2E2E2E2E2E2E2E2E0D005072657357
:10AE8800732027762720746F20746F67676C65209E
:10AE980047726176697479206F75747075742E2E97
:10AEA8002E2E2E2E2E2E2E2E2E2E0D005072657327
:10AEB8007320276F2720746F20746F67676C652075
:10AEC8004F7269656E746174696F6E206F75747006
:10AED80075742E2E2E2E2E2E2E2E2E2E2E2E0D004C
:10AEE800507265737320276B2720746F2067657411
:10AEF8002074686520444D50204269617365732E43
:10AF08002E2E2E2E2E2E2E2E2E2E2E2E2E2E2E2E59
:10AF18000D00000050726573732027742720746F2A
:10AF280020696E766F6B652053656C662074657357
:10AF3800742E2E2E2E2E2E2E2E2E2E2E2E2E2E2EE3
:10AF48002E2E2E2E2E2E2E2E0D00000050726573E2
:10AF5800732027302720746F20736574204F445264
:10AF680020402031487A2E2E2E2E2E2E2E2E2E2E9A
:10AF78002E2E2E2E2E2E2E2E2E2E2E2E2E2E2E2EE9
:10AF88000D00000050726573732027312720746FFD
:10AF980020736574204F445220402035487A2E2E65
:10AFA8002E2E2E2E2E2E2E2E2E2E2E2E2E2E2E2EB9
:10AFB8002E2E2E2E2E2E2E2E0D0000005072657372
:10AFC800732027322720746F20736574204F4452F2
:10AFD8002040203135487A2E2E2E2E2E2E2E2E2E23
:10AFE8002E2E2E2E2E2E2E2E2E2E2E2E2E2E2E2E79
:10AFF8000D00000050726573732027332720746F8B
:10B0080020736574204F44522040203330487A2EF4
:10B018002E2E2E2E2E2E2E2E2E2E2E2E2E2E2E2E48
:10B028002E2E2E2E2E2E2E2E0D0000005072657301
:10B03800732027342720746F20736574204F44527F
:10B048002040203531487A2E2E2E2E2E2E2E2E2EB2
:10B058002E2E2E2E2E2E2E2E2E2E2E2E2E2E2E2E08
:10B068000D00000050726573732027352720746F18
:10B0780020736574204F44522040203536487A2E7C
:10B088002E2E2E2E2E2E2E2E2E2E2E2E2E2E2E2ED8
:10B098002E2E2E2E2E2E2E2E0D0000005072657391
:10B0A800732027362720746F20736574204F44520D
:10B0B8002040203630487A2E2E2E2E2E2E2E2E2E42
:10B0C8002E2E2E2E2E2E2E2E2E2E2E2E2E2E2E2E98
:10B0D8000D00000050726573732027372720746FA6
:10B0E80020736574204F4452204020313032487A12
:10B0F8002E2E2E2E2E2E2E2E2E2E2E2E2E2E2E2E68
:10B108002E2E2E2E2E2E2E2E2E0D000050726573F2
:10B11800732027382720746F20736574204F44529A
:10B12800204020313132487A2E2E2E2E2E2E2E2ED1
:10B138002E2E2E2E2E2E2E2E2E2E2E2E2E2E2E2E27
:10B148002E0D000050726573732027392720746F05
:10B1580020736574204F4452204020323235487A9B
:10B168002E2E2E2E2E2E2E2E2E2E2E2E2E2E2E2EF7
:10B178002E2E2E2E2E2E2E2E2E0D00005072657382
:10B18800732027512720746F20746F67676C6520C0
:10B198004375626520526F746174696F6E205665DD
:10B1A80063746F72206F75747075742E2E2E2E2E28
:10B1B8002E2E2E0D0000000050726573732027405C
:10B1C8002720746F20746F67676C6520437562650C
:10B1D8002047656F4D414720566563746F72206F35
:10B1E80075747075742E2E2E2E2E2E2E2E2E2E0D3C
:10B1F8000000000050726573732027712720746F58
:10B2080020746F67676C6520437562652047616DC0
:10B218006520526F746174696F6E20566563746F30
:10B2280072206F75747075742E2E2E0D000000003C
:10B2380050415353000000004641494C00000000B3
:10B24800416363656C2044617461092025382E359B
:10B25800662C2025382E35662C2025382E35662C70
:10B268002025642C20256C6C640D0A004779726FC8
:10B278002044617461092025372E35662C20253736
:10B288002E35662C2025372E35662C2025642C205B
:10B29800256C6C640D0A0000526177204779726F43
:10B2A8002044617461092025372E35662C20253706
:10B2B8002E35662C2025372E35662C25642C202526
:10B2C8006C6C640D0A0000004779726F2042696156
:10B2D80073092025372E35662C2025372E35662C08
:10B2E8002025372E35660D0A000000004F7269656B
:10B2F8006E746174696F6E0920783D25372E356646
:10B308002C20793D25372E35662C207A3D25372E81
:10B3180035660D0A00000000477261766974790984
:10B328002025372E35662C2025372E35662C2025EE
:10B33800372E35662C20256C6C640D0A0000000041
:10B348004C696E656172416363092025372E356645
:10B358002C2025372E35662C2025372E35662C20B7
:10B36800256C6C640D0A0000436F6D706173732067
:10B3780044617461092025372E35662C2025372E27
:10B3880035662C2025372E35662C0925642C20257A
:10B398006C6C640D0A00000052617720436F6D7079
:10B3A8006173732044617461092025372E35662C3A
:10B3B8002025372E35662C2025372E35662C092575
:10B3C800642C20256C6C640D0A000000436F6D70BE
:10B3D8006173732042696173092025372E33662C07
:10B3E8002025372E33662C2025372E33660D0A008C
:10B3F8005256092025372E35662C2025372E3566DE
:10B408002C2025372E35662C2025372E35662C2006
:10B4180025642C20256C6C640D0A00004F72696548
:10B428006E746174696F6E092025372E35662C207D
:10B4380025372E35662C2025372E35662C20256C91
:10B448006C640D0A0000000047656F4D41472052AB
:10B4580056092025372E35662C2025372E35662CA3
:10B468002025372E35662C2025372E35662C2025AD
:10B47800642C20256C6C640D0A0000005374657000
:10B488002044657465637465643E3E3E3E3E3E3EC0
:10B498000D000000095374657020436F756E746564
:10B4A8007220256C640D0A003E3E20534D4420490D
:10B4B8006E74657272757074202A2A2A2A2A2A2ABA
:10B4C8002A2A0D0057484F5F414D5F492045525287
:10B4D8004F523A3078253032580A0000616464725D
:10B4E800657373203D203078253032580D0A0000EE
:10B4F800696E765F696E697469616C697A655F6C9B
:10B508006F7765725F647269766572206572726FB3
:10B51800722E0D00636F6D706173735F69642065CF
:10B5280072726F722E0D0000646D705F7365745FC8
:10B5380062696173206572726F722E0D00000000DF
:10B54800646D705F72657365745F6669666F2065A8
:10B5580072726F722E0D0000696E765F656E6162A1
:10B568006C655F73656E736F7231206572726F728E
:10B578002E0D0000696E765F656E61626C655F73A3
:10B58800656E736F7232206572726F722E0D0000D5
:10B59800696E765F72657365745F646D705F6F6402
:10B5A800725F636F756E74657273206572726F7205
:10B5B8002E0D000049434D323039343820436F7521
:10B5C8006C64206E6F7420696E697469616C697A45
:10B5D800652E0D0049434D323039343820496E69A3
:10B5E8007469616C697A65205375636573736675F0
:10B5F8006C2E2E2E0D000000736563006E616E6F59
:10B60800736563006275696C74696E5F696E7465F1
:10B618007266616365735F5F6D73670054696D651A
:10B628000000000078000000790000007A000000A7
:10B638007700000067656F6D657472795F6D736779
:10B64800735F5F6D736700005175617465726E6931
:10B658006F6E000078000000790000007A0000009A
:10B6680067656F6D657472795F6D7367735F5F6D22
:10B6780073670000566563746F72330068656164B0
:10B68800657200006F7269656E746174696F6E002F
:10B698006F7269656E746174696F6E5F636F7661EE
:10B6A8007269616E63650000616E67756C61725FD7
:10B6B80076656C6F6369747900000000616E677568
:10B6C8006C61725F76656C6F636974795F636F76BE
:10B6D800617269616E6365006C696E6561725F6154
:10B6E8006363656C65726174696F6E006C696E6521
:10B6F80061725F616363656C65726174696F6E5FC7
:10B70800636F76617269616E6365000073656E735D
:10B718006F725F6D7367735F5F6D73670000000022
:10B72800496D750068656164657200006D61676EDA
:10B73800657469635F6669656C6400006D61676E56
:10B74800657469635F6669656C645F636F7661726F
:10B7580069616E636500000073656E736F725F6D7B
:10B768007367735F5F6D7367000000004D61676EFC
:10B77800657469634669656C640000007374616D83
:10B78800700000006672616D655F6964000000000A
:10B798007374645F6D7367735F5F6D736700000038
:10B7A800486561646572000049444C45000000002A
:10B7B800546D722053766300546D7251000000007E
:10B7C800047DC12502000000FFD7F232000000000E
:10B7D80058524345010F0000FFFE0000F8A502087B
:10B7E8000000000000000000000000000000000051
:10B7F800D007000008000000000000000000000062
:10B8080004A602080000000000000000000000007C
:10B8180000000000E02E00001800000000000000FA
:10B8280000000000000000000102030401020304FC
:10B838000607080900061016000610160100020087
:10B848000400060008000A000C0010002000400058
:10B85800800000010101010307010000080402043F
:10B8680008010101000100000000000000000000C4
:10B8780000000000000500000005000000050001B0
:10B88800000500FFFFF7000500050005000500059D
:10B8980000050005800080004000400020002000D6
:10B8A8001000100008000800040004000200020054
:10B8B80001000100008000800040004000200020BE
:10B8C8000010001000080008000400040002000234
:10B8D800000100010000038400009C4000000000FB
:10B8E8000400000036666666000F0000135C28F648
:10B8F8000CF5C28F000000000000000000000000EE
:10B90800FFF8003804F6E8F4000068000001FFC7FB
:10B9180000000000000000000147AE143EB851ECE2
:10B92800000F000000000000000000000000000000
:10B9380000000000000000000000000000000000FF
:10B9480000000000400000000000000000000000AF
:10B95800000000004000000000000000000000009F
:10B96800000000004000000000000000000001008E
:10B9780000010C00000000000000000000000000B2
:10B98800000000000000000000000000155555559B
:10B998000AAAAAAA00000000000000E100000001B5
:10B9A8000006000100000000000000000048D15916
:10B9B8003FB72EA7020000000000000000000000B2
:10B9C800000000008E1700070000000000000000C3
:10B9D8000000032040000000000000007FFF00007E
:10B9E800000521E940000000000000000000000000
:10B9F80000000000003E03300000000000000000CE
:10BA0800000000000000000200000000000000002C
:10BA1800000000000000000000000000000000001E
:10BA2800000000000000000000000000000000000E
:10BA380000000000000000000000000000000000FE
:10BA4800600000000000000000000000000000008E
:10BA580000000000000000000000000000000000DE
:10BA6800000000000000000000000000400000008E
:10BA780000000000000000000000000000000000BE
:10BA88000000000000000000000000010003000AA0
:10BA9800012B4AEE0654AD11E3075C15362BD02670
:10BAA800D08C49A40654AD111E0BB55538EE17506D
:10BAB80031363F03000000000000000000000000D5
:10BAC800000000000000000000000000000000006E
:10BAD800000000000000000100000000000000015C
:10BAE80000008000000000000000000000070000C7
:10BAF800000E35750000000000000000000700106F
:10BB08000096003C0000000000000000000000005B
:10BB1800000000000D72AA29C93D6C4E55164C7FD5
:10BB2800C4427497000000000000000000000000FC
:10BB380000000000000000001000000000000000ED
:10BB480000000008000000000000000000000000E5
:10BB580000000000000000100000003D0000000090
:10BB680000000000000000000000000000203188F4
:10BB780015E3A340000000000000000000000000E2
:10BB8800000000000E704B8CC50A92BE5A9691D2E6
:10BB9800C1EEE70D000000000000000000000000FA
:10BBA8000000000200000014002D0000000000004A
:10BBB800000000000000000000000000000000007D
:10BBC800000000000000000000000000000000006D
:10BBD80000000000000000A3000000020000003A7E
:10BBE80003E8000000000000000000000000000062
:10BBF8000000000000000000000000000000002617
:10BC0800000000020000000000000000000000002A
:10BC18000000000000000000000000000000000319
:10BC28003FC1A768400000000000000000000000BD
:10BC38000000000000000000000000003333333330
:10BC48000CCCCCCD00FFFF0000000000000000007D
:10BC58000000011800000000FFFFFFFF0000800047
:10BC680020000000000000000000000000000000AC
:10BC780000000000000000010000000000000000BB
:10BC88000000000300000000000000001000000099
:10BC98006487ED5100000000000000000000000073
:10BCA80000000064000000000000000040000000E8
:10BCB800011DF46A00000000000000000000000000
:10BCC80000000000000200000008000000007FFFE4
:10BCD8000000200000009C400CCCCCCD0000078068
:10BCE8000002000000000000000000003EB851EC17
:10BCF8000147AE140000015E000000006000000073
:10BD0800000000000000800000000000000080002B
:10BD180000100000000061A80000001000000100F1
:10BD280000001000000100000400000000400000B6
:10BD380000040000000000000000200000002EE0C9
:10BD480000064000000000010000000000000000A4
:10BD580000000000020000000000000000000000D9
:10BD6800000000000000000000000000400000008B
:10BD78000000000103FFFFFF0000000000000000BA
:10BD880000000000333333330000000000000000DF
:10BD9800000000000CCCCCCD00000000000000002A
:10BDA800000000000000009D0000000000000000EE
:10BDB8000000000000010000000100000000000079
:10BDC8000000000700000000000000000000000064
:10BDD800000000000000000000000000000000005B
:10BDE800000000000000000100000000000000004A
:10BDF80000000000003200000032000000320000A5
:10BE080000320000000000000000000000000000F8
:10BE1800000000000000000000000000000000001A
:10BE2800000000000000000000000000000000000A
:10BE380000000000000000000000000000000000FA
:10BE480000000000000000000000000000000000EA
:10BE58000000000000320000003200000032000044
:10BE68000032000000000000000000000000000098
:10BE780000000000000000000000000000000000BA
:10BE880000000000000000000000000000000000AA
:10BE9800000000000000001000000000000000008A
:10BEA80001491B750000001000000000000006405A
:10BEB80000000CCD000100000000000000000000A0
:10BEC800000000000000000000000000000000006A
:10BED80000000000000050000000000100001600F3
:10BEE8000000004600010000000000000000000003
:10BEF8000000000000010000000000000000000039
:10BF08000000000000000000000000000000000029
:10BF18000000000000800000008000000080000099
:10BF28000080000000000000000000000000000089
:10BF380000000000000000000000000000000000F9
:10BF480000000000000000000000000000000000E9
:10BF580000000000000000000000000000000000D9
:10BF680000000000000000000000000000000000C9
:10BF780000000000000000000000000000000000B9
:10BF880000010001000000000000000000000000A7
:10BF98000001D4C000000000000000020080000082
:10BFA8000000013C0000000000000000000000004C
:10BFB8000000000001000000000000000000000078
:10BFC8000000000000000000000000000000000069
:10BFD8000000000000000000000000000000000059
:10BFE8000000000000000000000000000000000049
:10BFF8000000000000000000000000000000000039
:10C00800000000000000002800003A98000002002C
:10C018000000014E000000000000000000000000C9
:10C028000000000000000000000000000000000008
:10C0380000000400000000000000000000000000F4
:10C048000000000000000000000000000147AE14DE
:10C058004E40000000000000000000000000000C3E
:10C0680000002000000000000000000000000000A8
:10C0780000000000000100000000000000000000B7
:10C0880000000D0600000000000000000000000095
:10C098000000000000000000000000000000000098
:10C0A8000000000000000000000000001000000078
:10C0B80000002710000000004A4020000000000097
:10C0C800000000000000000000000ED80000011869
:10C0D800000007D000000000000000000000000081
:10C0E8000000000000000000000000000000000048
:10C0F8000000271000000000000000000000000001
:10C108000006131B000BB800003CBF0F0055CE758E
:10C118000000271005B05B053A4FA4FA00000000A4
:10C128000000000000000000000000000000003CCB
:10C138000000003C000000000000005A001D208A9A
:10C14800006193690000013C00004DF00055CE7578
:10C158000000027606666666399999991000000013
:10C1680030000000000000000CCCCCCC333333335B
:10C17800000E90450000000001D41D413E2BE2BF97
:10C188003FF16FBB00000000000000000393870030
:10C19800012492490000000000001388009896804E
:10C1A80008583B002000000000000EAF0000177088
:10C1B8000000000120000000000000500000000006
:10C1C8000000000100000000000000000000000066
:10C1D8000000000000000000000000000040000017
:10C1E800000400003F80000000800000003333336B
:10C1F800001CFA770C6D39E6CB6FDAA653CFD397CC
:10C20800C453744600000000000000000000000055
:10C218000000000000000000000000000000000016
:10C228000000000000000000000000000000000006
:10C2380000000000000000000000000000000000F6
:10C2480000000000000000000000000000000000E6
:10C2580000000000000000000000000000000000D6
:10C2680000000000000000000000000000DA740E6A
:10C278003F258BF2000000000000000000000000D5
:10C288000000000020000000000000000000000086
:10C298000000000000000000000000000000000096
:10C2A8000000000000000000000000000000000185
:10C2B80000001D4C000000000000000038000000D5
:10C2C800080000000000000000000000000000005E
:10C2D80000000000200000003E2BE2BF3E147AE27E
:10C2E800300000000000000000000000000013887B
:10C2F800000007D00000000000000000000000005F
:10C30800000000000000000000000000000013888A
:10C318003C23EC842000000001D41D4101EB851E64
:10C328001000000000000001000013880000000059
:10C33800346CFCB2000000000000000000000000A7
:10C3480000000000000000000000000000000000E5
:10C3580000000000000000000000000000000000D5
:10C3680000000000000000000000000000000000C5
:10C378000000001000001770000013880000232838
:10C38800000000260000002F0000000F4000000001
:10C39800000009C4000000000000002301EB851E16
:10C3A8003E147AE2000000000000002D0222222242
:10C3B8003DDDDDDE000000000000000000000000A0
:10C3C8000000000000000000000000000000000065
:10C3D800000000000000000000000000000083D6FC
:10C3E800000083D600000000000000000000000EDE
:10C3F80000000021000000000000000040000000D4
:10C408000000000000000000000000000000000024
:10C418000000000000000000000000000000000014
:10C428000000000000000000000000000000000004
:10C4380000000000000000000000000000000002F2
:10C448000000000A00000000000000000033333341
:10C45800000C0000000000000000000000203188EF
:10C4680000070000000000000000000000000000BD
:10C47800F0DE9AF800000000000000000000000054
:10C488000F90B283000000000000000000000000D0
:10C49800080000000000000000000000000000008C
:10C4A800F7218CD50000000000000000000000000B
:10C4B8000C6F39950000000000000000000000002B
:10C4C8000000000000000000000000000000000064
:10C4D8000000000000000D2E000000000000000019
:10C4E80000000D2E00000000000000000000000009
:10C4F8000000000000000000000000000000000034
:10C508000000000000000000000000000000000023
:10C518000000000000000000000000000000000013
:10C528000000000000000000000000000000000003
:10C5380000000000000000000000001300000013CD
:10C54800000000000053440000534400019A00001A
:10C55800019A000000000546000005460000001989
:10C5680000000019000003840000025800000006C3
:10C578000000000300000096000000960000015E25
:10C588000000009600CF50A400CF50A40135D0A4DD
:10C598000135D0A4000000000000000000000000E9
:10C5A8000000000000000000000000000000000083
:10C5B8000000000000000000000000000000000073
:10C5C8000000000000000000000000000000000063
:10C5D8000000000000000000000000000000000053
:10C5E80004000000400000000000000000000000FF
:10C5F80000000000017BAB50012DB648000016ACCE
:10C60800002282600000118B044CCCB000000014A2
:10C61800000016810278FEE003943AB00010B4904E
:10C628000000032A000025F60000000000000000BA
:10C63800200010000852DF89058C9506016325410A
:10C648006000000000000000000000000000000082
:10C6580000000000007B476902E5DBAE06F1857843
:10C6680007DFAB88000000000000000000000000A9
:10C6780000000000000000000000000000000000B2
:10C6880000000000000000000000000000000000A2
:10C698000000000000000000000000000000000092
:10C6A8000000000000000000000000000000000082
:10C6B8000000000000000000000000000000000072
:10C6C8000000000000000000000000000000000062
:10C6D8000000000000000000000000000000000A48
:10C6E8000000000000000000020000000000FE4CF6
:10C6F800000000000000000000000000000000032F
:10C708000866666600000000000000000399999A18
:10C7180000666666000001F4000000010000000ADF
:10C728000000001E020000000000000006666666A9
:10C738000004D45E0000000000000004000000288F
:10C748000000001E00000000000000000066666691
:10C758000000000000000002000000000000009639
:10C768000000000000000000FFFFFFF800000000CC
:10C7780000000000000000000000000000000000B1
:10C7880000000000000000000000000000000000A1
:10C798000000000000000000000000000000000091
:10C7A8000000000000000000000000000000000081
:10C7B8000000000000000000000000000000000071
:10C7C8000000000000000000000000000000000061
:10C7D80000000000D8DCB8B0B4F3AAF8F9D1D988C1
:10C7E8009AF8F73ED8F38A9AA731D1D9F41036D8F7
:10C7F800F39F39F9D1D9F41036D8F38F9F08976091
:10C808008A21D1D9F41036DAF1FFD8F1BEBEBCBC0A
:10C81800BDBDBAB2B6A080903218BEBEBCBCBDBD0C
:10C82800B8B0B4A4DFA5DEF3A8DED0DFA4849F24CB
:10C83800F2A9F8F9D1DADEA8DEDFDFDFD8F4B18DAE
:10C84800F3A8D0B0B48FF4B9AFD0C7BEBEB8AED0DD
:10C85800F39F75B286F4BEBEB9AFD0C3F1BEB8B00F
:10C86800A3DEDFDFDFF2A381C080CDC7CFBCBDB4BC
:10C87800A38893F1626E767E8893BEA242A04E563C
:10C888005EBEBEBEBCA2869D08FD0FBCBCBCA3821A
:10C898009301A9839E0E161EBEBEBEBCA58B992C05
:10C8A800547CBCBC8593BAA52D557DB8A59D2CFD9F
:10C8B800364CFD366CFD36F5A5859F345474BDBDE8
:10C8C800BDB1B6BA8395A5F10E161EB2A785952AF5
:10C8D800F050788793F101DAA5DFDFDFD8A4DFDF36
:10C8E800DFB080F2A4C3CBC5F1B18E94A40E161E9E
:10C8F800B286BEA02C343CBDBDB496B8A12C343C45
:10C90800BDBDB694BEA62CFD3534FD353CFD35BC09
:10C91800B28E94BAAA2D557DBEBEB8A62D557DBA45
:10C92800A42D557DB8B0B4A68F962E363EBCBCBC9F
:10C93800BDA6869FF5345474BCBEF190FCC300D9E3
:10C94800F411D4D8F3A0DFF1BC8691A92D557DBC94
:10C95800BCBCA98090FC510010FC510010FC510097
:10C9680010FCC104D9F2A0DFF411D4D8F6A0FA80E3
:10C978009038F3DEDAF8F411D4D8F1BD95FCC1048F
:10C98800D9BDBDBDF411D4D8F6BCBCBCBDBDBEBEBE
:10C99800BEB5A784921AF8F9D1DB8493F76AB687F3
:10C9A80096F309FFDABCBDBED8F1BCBCBCF6B082B8
:10C9B800B497B8A902F702F1BC8999A704FD37A872
:10C9C800DF8798A7FC3D0050F8F9D1D9A8DFF9D83E
:10C9D800F6BCBCBCBDBDBDBEBEBEB7A7819A0BB47C
:10C9E800879F1AF8F9D1BB81AAC1D9F4123CD8F6AD
:10C9F800B8A71AF9D9F4123CD88AF3BBAAC0C3B3B2
:10CA0800AA8A9D1AFD1EB79A08B8B0B4A5859D00DC
:10CA1800D8F3B9B2A980CDF2C4C5BAF3A0D0DEB1BB
:10CA2800B4F7A7899172899147B6974AB9F2A9D004
:10CA3800FAF9D1D9F4126AD8F3BAA7F9DBFBD9F11C
:10CA4800B9B081A9C3F2C5F3BAA0D0F8D8F1B189B9
:10CA5800A7DFDFDFF2A7C3CBC5F1B287B8BEBEBE82
:10CA6800ABC2C5C7BEB5B997A522F048703C98407F
:10CA78006834589960F1BCB38E95AA254D75BCBC35
:10CA8800BCB8B0B4A7889FF75AF9DAF3A8F8889D1C
:10CA9800D07CD8F7A7889F52F9DAF3A8889CD0DF12
:10CAA8006870789D606870789E70789F70D8F7A7D6
:10CAB800889F42F9BAA0D0F3D9DED8F8F9D1B8DA0C
:10CAC800A8889ED064689F60D8A88498D0F77EF123
:10CAD800B2B6BA8591A7F4734CF47364F18491A744
:10CAE800F4734CF0A2870D20597015384069A4F1F1
:10CAF80062F0193148B8B1B4F1A680C6F4B081F338
:10CB0800A7C6B18F97F702F9DAF41373D8B0F7A76D
:10CB1800889F52F9D9F4136CD8F1B2B6A682922A3A
:10CB2800F050FD08F1A7849402FD08B0B486970080
:10CB3800B1BAA78161D9F4138BD8F141DAF4138B18
:10CB4800D8F1B8B2A682C0D8F1B0B68692A716FDC1
:10CB5800040FFD04BA8791A7F4735AB2F47364D82A
:10CB6800F1BEBEBEBDBDBDB2BA84A7C3C5C7B2BC07
:10CB7800BCBCB68791AFF4734CA08FF10BF0205971
:10CB8800701538406964193148F18090AF6EFD0422
:10CB980067FD048F91A7F4735AF47364F1BEBCBDAA
:10CBA800F7BEB0B4BA889EA36A9F66F0B1B5B98AD9
:10CBB8009AA22C5078B2B98AAFC0C3C5C789ADD084
:10CBC800C4C783A1C2C5BABCBCBCB281A2C0C3C51C
:10CBD800C7BCBCBDF47240F3BAA3FAF9D1D9F414B6
:10CBE80027D87251BEBEBEBAB182A3D0C7A9D08D14
:10CBF800C4C7A381C1C3F3A68DC2BED8F1BEBEBE51
:10CC0800BAB1AA8FC0C3C5C7BEBCBCBCB2B988AFD5
:10CC1800C0C3C5C780ADD0C0C389A1C0C3BA81A2F3
:10CC2800C0C3C5C7BCF47240F3BAA3F8F9D1D9F4AC
:10CC38001478D87251BEBEBEB8B182A7D0C7BAA008
:10CC48008DC4C7A981C0C3F3A58DC2BED8F1BEBE2D
:10CC5800BEBAB1A88FC0C3C5C7BEF3BAB2B6A38364
:10CC68009308F9D9F414F6D8F0B8B0A38594042839
:10CC78005078F1B4849369D9B6A58D94202C343CAE
:10CC8800B4A4DEDFF8F414C0D8F1A4F8A384944166
:10CC9800D9A4DFF8D8F194FCC104D9A4FBA386C0B9
:10CCA800B1829E06FD1EA681964293F068B0A3F15C
:10CCB800839601F5839300A68696F0348318F1A134
:10CCC8008D68A3819BDB198BA1C6D8F1BEBEBEBC03
:10CCD800BCBCBDBDBDD8F7B8B4B0A79D8872F9BCBF
:10CCE800BDBED9F4165BD8F2B8ADF8F9D1DADEBA20
:10CCF800A1DEAEDEF8D8F2B1B5B9AEF9DAF4163F76
:10CD0800D8F28EC2F1B2809AF5AF24D9F4163FD882
:10CD1800F544D9F4163FD8F564D9F4163FD8F1B1E3
:10CD2800B68B90AF2D557DB58C9FAD0E161E8B9D85
:10CD3800AB2C547C8D9FAA2E567E8A9CAA2C547CA0
:10CD48009BAC264666AF8D9D009C0DDB118F19F4B8
:10CD58001581D8163FD8F1B281B690AF2D557DB167
:10CD68008FB59FAFF52C547CF1B28C9FAD6DDB7104
:10CD780079F415AFD8F3BAA1DEF8F180A1C3C5C71D
:10CD8800F415BED8F3B6BA91FCC028DAA1F8D9F4E4
:10CD9800163FD8F3B9AEF8F9D1D9F8F4163FD8F15F
:10CDA800BAB1B5A08B933E5E7EAB83C0C5B2B6A3C5
:10CDB80087C0C3C5C7A288C0C3C5C7A486C0C3C52A
:10CDC800C7A585C4C7AC8DC0F3AEDEF8F41948D842
:10CDD800F1A783C0C3C5C7A882C0C3C5C7A684C0FE
:10CDE800C3C5C7A585D0C0C38D9DAF39D9F4163F3B
:10CDF800D8F183B59EAE34FD0A54FD0A74FD0AF2DB
:10CE0800AFDEF8F8F8B6819F05F8F9D1DA8FA1C03E
:10CE1800F41646D8F2BAAEF8F9D1DAF3BEBEBEBC03
:10CE2800BCBCBDBDBDB8B0B4A5859C08BEBCBDD852
:10CE3800F7BCBCBCBDBDBDBBB4B0AF9E8862F9BC7D
:10CE4800BDD9F418A1D8F1BCBCBCB185BAB5A098BD
:10CE5800062646BCB9B3B6F1AF81902D557DB1B564
:10CE6800AF8F9FF52C547CF1BBAF869F69DB71793E
:10CE7800DAF3A0DFF8F1A1DEF2F8D8B3B7F18C9BB2
:10CE8800AF19D9ACDEF3A0DFF8D8AF809069D9A08C
:10CE9800FAF1B280A1C3C5C7F2A0D0DFF8F4188BAD
:10CEA800D8F2A0D0DFF1BCBCBCB1AD8A9E264666E4
:10CEB800BCB3F3A2DEF8F418D1D8F1AA8DC1F2A15F
:10CEC800F8F9D1DAF41716D8F1AF8A9A218F90F5CC
:10CED80010DAF41716D8F191FCC004D9F4175DD80C
:10CEE800F3A1DEF8A0DFF8F4188BF391FCC007D9A2
:10CEF800F4175DD8F1AFB1849C01B3B58097DBF32B
:10CF080021B9A7D9F8F4175DD8F3B9A7DEF8BBF1B2
:10CF1800A387C0C3C5C7A488C0C3C5C7A589C0C3E4
:10CF2800C5C7A686C4C7A182C3C5C7F3A1DEF418C6
:10CF3800A1D8F1BBB3B7A1F8F9D1DAF2A0D0DFF8E4
:10CF4800D8F1B9B1B6A887902D557DF5B5A88898C0
:10CF58002C547CF1AF869829DB3139F418A1D8F12B
:10CF6800B3B6A78A904C545CBAA081902D557DBB6E
:10CF7800F2A2F8F9D1DADEF418A1D8F1BAB0AB8F81
:10CF8800C0C7B3A383C0C3C5C7A284C0C3C5C7A451
:10CF980085C0C3C5C7A586C0C3AC8CC2F3AEDEF8D6
:10CFA800F8F41948D8F1B2BBA383C0C3C5C7A4829B
:10CFB800C0C3C5C7A584C0C3C5C7A685C0C3AC8C3C
:10CFC800C4B3B7AF859556FD0F869606FD0FF0845E
:10CFD8009FAF4C70FD0FF186962EFD0F849F72FD5A
:10CFE8000FDFAF2C547CAF8C69DB71798B9C61F4BB
:10CFF8001821DA18A1D8F1AB839128FD0554FD0555
:10D008007CFD05B8BDBDBDB5A38B95052D55BDB43B
:10D01800BBAD8E930E161EB7F3A2DEF8F8F418D146
:10D02800D8F2A1F8F9D1D9F1AF8D9A01F58F90DB3B
:10D0380000F418A1DAF1AA8DC0AE8BC1C3C5A1DE78
:10D04800A783C0C3C5C7A884C0C3C5C7A985C0C3B3
:10D05800C5C7A686D0C0C3A281C3C5C7F418A1F1AD
:10D06800BBB3A3DEDFDFDFA48CC4C5C5C5A5DEDF87
:10D07800DFDFA6DEDFD8F3B9AEDFBAAEDEBBA2DEF5
:10D08800BEBCB3BDB7AF8E9C01D1ACC0D9AEDED8A3
:10D09800F1B183B9A7D0C4B8AEDEBEBEBEBBBCBCBE
:10D0A800BCB3BDBDBDD8F3A2F8F9D1D9F41946D89F
:10D0B800F5AD8D9D2C547CF1AF49DAC3C5D9C5C3F4
:10D0C800D8AF9F69D0DAC7D98FC38DAFC7D8B9A9F0
:10D0D8008F9FF05478F1FD0FA6B189C2B3AF8F9F2F
:10D0E8002EFD11B1B5A9899F2CF3AEDFF8F8F41A1B
:10D0F800FDD8F1AD869906FD10DFF8FD0FAD8D9DC9
:10D108004CBBB3AD8F9D2AFD0FB792FCC004D9F478
:10D1180016E5D8FCC008D9F4184CD8F1D8F3BAB23F
:10D12800B6AEF8F9D1D9F41AFBD8F1AFDEF9FD0F94
:10D1380080902C547CA02AF05078FD0FF1A2829C9C
:10D1480000244464A98F94F004FD0F0C30FD0F1CDB
:10D15800952048FD0FF199C12C547CAA829902FDB3
:10D168000F2EFD0F56FD0F7EFD0FAC839FF0042898
:10D178005078FD0F8C90F121F58C9C2CF1AFDEF1ED
:10D1880089AF9FFCC000D9C18AC182C1D8FCC00444
:10D19800D9C38AC382C3D8FCC008D9C58AC582C589
:10D1A800D8FCC00CD9C78AC782C7D8FCC010D9F42C
:10D1B8001AB5D8F18BABD0C09F2EFD0FA0DEABD037
:10D1C8009065A08F9F4AFD0FAB8B9000B9A9C1F362
:10D1D800AEDFF8F41AFDD8F1BAB1B689ABC1B2AF77
:10D1E800D08B9F3EFD0F5AFD0F9FFCC000D9F18FD9
:10D1F800A2C6D8FCC004D98FA2C784ABD0C0AF8A5E
:10D208009B1EFD0F36FD0FA48F30AA9A40D89FFCB5
:10D21800C008D98FA2D0C684ABD0C2AF8A9B1EFDEE
:10D228000F56FD0FA48F34AA9A4084ABD0C4AF8A9E
:10D238009B3EFD0F56FD0FA4D08F30AA9A4CD89F65
:10D24800FCC00CD98FA2D0C784ABD0C6AF8A9B1EB6
:10D25800FD0F76FD0FA4D08F34AA9A4085ABD0C0BD
:10D26800AF8A9B3EFD0F76FD0FA58F30AA9A4C859D
:10D27800ABD0C2AF8A9B5EFD0F76FD0FA58F34AA97
:10D28800D09A50D8AFF8F419ABF1D88B9CAF2AFDDF
:10D298000F8A9FB9AF02FD0F26FD0F46FD0F66FDF1
:10D2A8000F83B59FBAA3002C547CB68292A031D9C3
:10D2B800ADC3DAADC5D88DA039DA82ADC7D8F39E33
:10D2C800FCC004D9F415FBD8FCC008D9F417D0D891
:10D2D800F1D8F1B9B1B5A9DEF88999AF31D9F41B04
:10D2E80051D8F185AF29D984A9C2D885AF49D98445
:10D2F800A9C4D885AF69D984A9C6D889AF39DA8EC7
:10D30800A950F41B51D8F189AA7CFD029A68D8F17A
:10D31800AAFBDA8999AF26FD0F8F9525899FA91257
:10D32800FD0FF41B3AD8F39EFCC104D9F41A02D8B5
:10D33800FCC108D9F4191DD8F1BEBCBCBCBDF3B8FA
:10D34800B4B08FA8C0F9AC8497F51AF1F8F9D1DA1E
:10D35800A8DED895FCC103D9A8DED8BCBCF198FCDE
:10D36800C01CDB95FCC003A5DEA4DED8AC88950004
:10D37800D1D9A5F8D8A4FC80048895A4FC08042079
:10D38800F7BCBCBDBDB5AC849FF602F8F9D1DB840F
:10D3980093F76AF9D9F3BCBCA8889218BCBCD8BC6E
:10D3A800BCB4A8889E08F4BEBEA1D0BCBCF7BEBE63
:10D3B800B5AC84936AF9BDBDB4D9F2AC8C9718F6B4
:10D3C800849C02F8F9DBD1F1A5DFD8F7BEBEBDBD5C
:10D3D800A79D887AF9D9F41D9BD8F1BEBEACDEDFD3
:10D3E800AC889FF75A56F1BCBCBDBD95FCC007DAA6
:10D3F800F41D36D8F1FCC000DB9CFCC100F41D5BB9
:10D40800D8F1AC95FCC008DAF41C78D8F182907990
:10D418002D55F58C9C04AC2C54F1BCBCBC805DDB58
:10D428004951F4BC1C56DABC1D32D8F5869838D957
:10D43800F182902DD8ACD08698F55CD9F1829055C0
:10D44800D8AC8C9C0000A5DFF8F41C83D8F1829638
:10D458002D557D8C9C3418F1AC95F51CD9F41D32F2
:10D46800D8F1AC839045D9A0F8AC8C9C06D2A19198
:10D47800002C81D6F0A1D08C9C28D387D4A78C20EF
:10D48800D3F1A484902C547CD8AC839045D9F41D56
:10D498005BD8F1AC819102FD148566FD1D884EFDB7
:10D4A8001B87D4FD54AD8D4EF0819CABD6FD068D07
:10D4B800318C101001010139AC8B98F508D9F41D95
:10D4C80032D8F1A982960195FCC100DAF41D0ADB75
:10D4D800F1AC8993F518F1A5DFF8D8F41D36D8F129
:10D4E800A4849534FD0654FD0674FD06A994F52C14
:10D4F800547CF1AC879949DB515984ABC3C5C782C9
:10D50800A6C0F3AADFF8D8F1A5DFD8F1A0DEA1DE26
:10D51800DFDFDFA7DEDFA4DFDFDFA295FCC001D9F4
:10D5280080C3C5C7A883C1DA86C3C5C7A883C3D8C3
:10D53800F19AFCC104D9AC829601F3AADEF8F8F896
:10D54800DBF5AC8C9A18F3AAF9D8AC8A9A41D1AA1F
:10D55800D0C0D9F2AC859A41DBD1BCBCBDBDBEBE42
:10D56800F41D9BD8F3BCBCBDBDBEBEA5859C10D820
:10D57800F1B8B0B4A7889EF77AF9D9F41ED2D8F1D9
:10D58800BEBEBEBBA2F9DABEF41ED2D8F1BCBCBC8A
:10D59800B380C6AFDED0DFBCB284BDBDBDB79FA02F
:10D5A80060BCBCBCB38590AF019F468FA20E85922C
:10D5B800AFD0299F52A50834A0FB8695AF29DAA6DB
:10D5C800DEF41E06D8F1A0FAF9DAA6DEF41E06D8B3
:10D5D800F1A6F896AF19D9A3DEF8D8F18594AF3142
:10D5E800D9A3DEF8F880A0C5D88596AF31D9A3DED7
:10D5F800F8F8F880A5C086C3D8A8DFA1DE8591AF6A
:10D608000C0DF58F9FAF2C54F197FCC004DB8FAF46
:10D6180051A8DFF8D898FCC008D9F41E6ED8F1FCE0
:10D62800C00CD9F41E97D8F193FCC009D9A4DEA880
:10D63800DEF8F8D8FCC004D985A1C1A7DEF8D8F473
:10D648001EB0D8F1A4F88291AF31DB9F719241A747
:10D65800DED88494AF19D9A8DEF8F8F8A3DFD893F8
:10D66800FCC00AD9A8DEF8D8F41EB0D8F1A4F8A3F3
:10D67800FAF9D1DB8894AF4188A1C2D893FCC00ADB
:10D68800D9A8DEF8D8F191FCC004D9A7FAA3FAAF5B
:10D69800D0DFF8F8D8AFD0FAF9D1B0BCB4BDB8BE75
:10D6A800DAF3A5859D08D8F1F1A7DEF7849F6A878C
:10D6B800F1D4FD3EF9D9F41EF1D8F0F7A7889F52AE
:10D6C800F9DAF47380D8F0B1B5BA8A9AA7F02C5079
:10D6D80078F2A5DEF8F8F1B5B2A7879021DBB6B1EC
:10D6E800809729D9F2A5F8D8BBB2B6BEA1F8F9D16E
:10D6F800BEBEBEBADAA5DED8A7829565D185A2D00E
:10D70800C1D9B5A7869331DBD1F41F41D8F3B8B09E
:10D71800B4A5859C18D8F1BAB2B68196A1F8F9B922
:10D72800A6DAC3C5C7D92D4D6DD8BA8AAAF8F9B9F2
:10D73800AEDAC3C5C7D92D4D6DD8BA88A8F8F9A7F0
:10D74800DAC3C5C7D92D4D6DD8F2B0B9A3FAF9D14E
:10D75800DAB88FA7C0F9B58793F60AF2B4A484970C
:10D7680024A4849E3CD8F3BEBEBBAEF8F9D1BEBE9D
:10D77800B0B4B8DAA5859E00D8F1BCBCBDBD8E9EFC
:10D78800A759D1BCBCBDBDDA859EA508D8F1BCBCE3
:10D798008EBEBEAED0C5BCBCBEBEF7B9B0B5A688FD
:10D7A800955AF9DAF1ABF8D8B8B4F398FCC004DAB2
:10D7B800F4202FD8F2A9D0F8899BA751D9A9D0DE97
:10D7C800A4849E2CD8A8FA889AA729D9A8DFA4846B
:10D7D8009D34D8A8D0F8889AA751D9A8D0DEA484B7
:10D7E8009D2CD8A8D0FA889AA779D9A8D0DFA48484
:10D7F8009D24D8F3A9D0F8899BA751D9A9D0DEA434
:10D80800849C2CD8F7A7889F52F9D9F4205FD8F1C7
:10D81800B9A2FAF3B8A9D0FA899BA779D9A9D0DF18
:10D82800A4849C24D8F2A8F8889AA701D9A8DEA4D1
:10D83800849D3CD8F7A7889F42F9D9F420A6D8F34D
:10D84800A9F8899BA701D9A9DEA4849C3CD8A9FA88
:10D85800899BA729D9A9DFA4849C34D8F2A9FA897D
:10D868009BA729D9A9DFA4849E34D8A9D0FA899B7B
:10D87800A779D9A9D0DFA4849E24D8F1A7DEF284A1
:10D88800CA97A424A594F60AF78502F8F9D1D9F61F
:10D898009B02D8A7B1829562F8F9D1D9F4229BD816
:10D8A800F0B085A4D0C0DDF2C0DCF6A79F02F9D99C
:10D8B800F3A5DEDAF0DDF2C8DCD88595A500D986B7
:10D8C800F0DDF2CACCCEDCD88500D980F0DDF2CC10
:10D8D800C6CE85CACCCEDCD88500D9B189F0DDF2B8
:10D8E800C2CAC4DCD8B08500D981F0DDF2C6CE82C8
:10D8F800C0C8DCD88500B1D986F0DDF1C2C4C6DC69
:10D90800D8B0F28500D9B287F0DDF1C2C4C6F2BC46
:10D91800B081C0DCBCBCBCD8B08500B1D98FF0DD0B
:10D92800F2C2C4C6DCD8B08500D9B18EF0DDF1C230
:10D93800C4C6F2BCB081C0DCBCBCBCD8B08500D9C0
:10D9480082F0DDF2C2CAC4DCD88500D8F28500D9DD
:10D95800B18AF0DDF1C2C4C6DCD8B0F28500D9B115
:10D96800F0DDF182C4DCD8B0F3A5F8F9D1D9F422FE
:10D978001DD8F38595A50000D9BEF2BAAEDEBEBEAD
:10D98800BEBCB281F0DDF3C8DCBCBCBCD8B0B88585
:10D99800A500D9F2BEBEAADEBEBEBCBC8AF0DDF3CD
:10D9A800C0DCBCBCD885A500D9B9F2A3D0DEB2854D
:10D9B800F0DDF3C8DCD8B085B8A500D9B38AF0DDAE
:10D9C800F3C0DCD8B08500D98FF0DDF3C4DCD8858E
:10D9D800000000D9BCBCB38EF0DDF3C0F1C2DCBCE2
:10D9E800BCD8F3B08500D9BCBC8EF0DDF3C4DCBC78
:10D9F800BCD8F3B08EF4B8A7D0C0D887F3B9A2C604
:10DA0800A6C4F7B58E9606F8F9D1DAF42226D8F32B
:10DA18008EC0F9B18696F70ADFF330FD08A28210AE
:10DA2800F0DDF382C0DCF2B9A3DFF4B18CF3AFC14F
:10DA3800C3AF8FB49D3EFD1EB59F30A639D9F422E1
:10DA480095D8F7B8B0B4A7849D1AF9D9F42288D824
:10DA5800F1B9B1B5A6839B61D9F4229BD8F6B8B0C9
:10DA6800B4A784945AF8F9D1DAF0E2F1B9ABDED868
:10DA7800F2B186B9AFC3C5C7B8B0B4A7889CF76A76
:10DA8800F9D9FFD872BBAF7A9D669E769F76F1A1D1
:10DA9800DFF3A0F9DAFFD8B380C4AFD0FAF9D1DA4E
:10DAA800BCBCBCF4244ED8F1B8BEBEAED0DEB08447
:10DAB800BABEA7C1F788B49D6EF9B2BCBCBCBDBDE7
:10DAC800BDDAF42323D8F1B8BEBEBEAED091FCC0F7
:10DAD80000DBB695FCC104D9F8F8F8F8D8B491FC85
:10DAE800C004DBB695FCC100D9F8F8F8F8F8F8F8E6
:10DAF800F8D8BABEF4238AD8F191FCC000DBB695F9
:10DB0800FCC104F58795A73AF1F9D9AFDE8FBEBEFF
:10DB1800A1F4C1F1A2F4C1F1BEBED8B491FCC00415
:10DB2800DBB695FCC100D9AFDEF8FD078F9510DF95
:10DB3800F8F8F8A7DEF8FD07DFF8FD06DFF8FD04C2
:10DB48008F97AFD0DE404850DFF8608FBEBEA0D0C0
:10DB5800F4C1F1A1F4C2C5F1A2F4C7F1BEBED8F177
:10DB6800B081A5C1BC84B8BEBEA9C1F788B4BD9DAB
:10DB78006EF9BCBDDAF423D7D8F1A9DEF8FD04DFCD
:10DB8800F8FD05BC8EBEAED09AFCC000DB9BFCC085
:10DB980004D99940D89AFCC004DB9BFCC000D999F1
:10DBA80048D8BCBCBCBEBEBEF42441D8F19AFCC067
:10DBB80000DB9BFCC004F589A932F9D9F1DEF8FD38
:10DBC80002DFF8FD07DFF8FD07F8DF89BAA0F4C027
:10DBD800F18BA1D0F4C3F189A2F4C2C5C7F1A3F4B3
:10DBE800C7F1B8D89AFCC004DB9BFCC000D9A9DEF9
:10DBF800F8FD02DFF8FD07DFF8FD07F8DFF8FD04A0
:10DC0800F989BAA0F4C0F18BA1D0F4C3F189A2F4C8
:10DC1800C2C5C7F1B8D8F18AABC0BCBCBDBDBDBEDA
:10DC2800BEBED8F1B280BAA7C4BCB28BF473198F48
:10DC3800B69CF47325AFF4732B8BF473198EB69DD1
:10DC4800F47325AEF4732BB381F473198594F473CC
:10DC580025BBA5F4732B80BAF47319B38E9BF473A8
:10DC680025BBAEF4732BB383A3F47337F1B28FB62D
:10DC78009FBEBEB9AF7A8E9E7EF5B385B7957C8E72
:10DC88009E7CF1BCBCBDBDB1B58F9FAFD05882AFF3
:10DC9800012D5586AF424E7682A2002C5484BDB623
:10DCA80090AF51BDBDBDB59F06A4D0488FAFD00A77
:10DCB8008474A4D03E8093AF39D1ABD9FADADFD8D7
:10DCC800BAADFA839BA769DBB28DB69D69F42501CD
:10DCD800D8F1ADDEDFD8F0BCB281BDB691BBA63CB1
:10DCE800110C582C50F1BCBCBCB386BDBDBDB79659
:10DCF800A62C547C9B7197A5D02AF05078F1D8B8FF
:10DD0800ACDEF8F5B08CB79306F1F9AFDAF8D9DEE6
:10DD1800D8B3B6BA86A7C2F4733F93F07171608422
:10DD280092F47325F1A4F4732B83A3F47337B386A9
:10DD3800A7C4F4733F95F07171608692F47325A6B9
:10DD4800F4732B85A5F47337B386A7C6F4733F9F86
:10DD5800F07171608892F47325A8F4732B8FAFF477
:10DD68007337F5B28494B9AF7C86967C88987CF139
:10DD7800B18FB59FA5308518F09A3C9918F1BAB2C1
:10DD8800B6A78B9A2D557DF5A787972C547CF0ACB8
:10DD9800819C0C97289C1497309C1C9738F18AAB6F
:10DDA800C3C5C7A7819C59DB51AADEF425F0D8F179
:10DDB800ACB18E9C48FD02B28B02AADEA78C11DBA7
:10DDC80019DAAAF8D8F1B2BCBC84B8BEAEC3C5C7CC
:10DDD800B0BCBCBCB4BDF08A9EAF6C99618A199E78
:10DDE8007499698A399E7C99718A59F18F9FAA28FA
:10DDF800FD0154FD017CFD018EA9C2C5C7F08A9AB8
:10DE0800A7042850F18797AF098FB5BDBDBD9B1EEC
:10DE1800B4BD97A7208BBAA7C1C3C5BDB690FCC235
:10DE280000BDBDBDD9F426EED8F1B286B697A74A93
:10DE380099F473459AF473258AAAF47337F186978F
:10DE4800A7529BF473459CF473258CACF47337F19B
:10DE58008697A75A9DF473459EF473258EAEF47386
:10DE680037F189A9C2C5C787C38BABC2C5C787C5E8
:10DE78008DADC2C5C787C7B8AEDE8AB49E64FD0142
:10DE88008C64FD018E64FD01B0F08D9EAF6C9C61C9
:10DE98008D199E749C698D399E7C9C718D59F18F6A
:10DEA8009FAD28FD0154FD017CFD018EACC2C5C7A4
:10DEB800F08D9DA8042850F18898AF098F9B1E9873
:10DEC800A820D8F1B8B1B4BCBCBC84AFC787C1B373
:10DED80083C1BCB08F9FAF49DAF4271ED8F5917A79
:10DEE800F19FFCC003DB90FCC000D9A1DEF8D8F498
:10DEF800272ED8F59172F19FFCC003D9A1DEDFA0CF
:10DF0800DEDFD8F1A1F8F9D1A0DAF8D9FAD88090F3
:10DF1800AF11DBA1DE91FCC104D9A1F8DFA0DED8E6
:10DF28008090AF39D9A0DEDFA1DFD8F1B1BCBCBC8D
:10DF3800B5BDBDBDB9BEBEBEA6F88ABBA4C3A0C54B
:10DF4800B98696AF21D9F42D87D8F1A6DEA1DEDFF8
:10DF5800DFA0DEDFDFDFABDEACDEB38CBBA4D0C47A
:10DF6800A0D0C6B8BEBEBEAADE83A9C1F2BCBC8220
:10DF7800C381C5F8F1B0BCB4BDBDBD99FCC100D921
:10DF8800AAFADB8A9AA939AADEF8D8F5A289923AC0
:10DF9800F192FCC003DADFD9FAA282DB31DFAADE14
:10DFA800F8D899FCC103D9AADFD8F28999A971DBFD
:10DFB800DE41F1AADEF8D89AFCC004DBA8DE98FCA2
:10DFC800C100F8D8F1B1BCB5BDB9BE8794AF19D9B5
:10DFD80083A1C6F42A54D8F1829FAFDF28FD03DF5E
:10DFE80030FD048F9F3482381DA9DED9F8DAF42970
:10DFF80011D8F18297AF51D983A0C783A7D0C2F4B3
:10E008002887D8F18292AF59DAF42887D8F5B383F4
:10E01800B7991AF1F8F9D1DAB1B5F42887D8F53AF1
:10E02800F1F8F9D1DAB1B5F42887D8F1B0BCBCBCA5
:10E0380088AFC1F289C5C7F9F9B1BCB5B9F28F9FEC
:10E04800AF71D9F183A0C6B38CBBA4D0C4A0D0C68D
:10E05800B1B9D8F183ACC683A7D0C4D8F1BCBC8110
:10E06800AFC3BCBC839FAF09DB8F9E3183A1C7A020
:10E07800DFD0DED88F93AF21D983A0C7D0DEA1DF50
:10E08800D8BCBCAFD0F3B18CC4F2B382C281C5F99D
:10E09800F1B0BC8AAFC5B1BC8093AF39D1D9F3D048
:10E0A800F8F9DBD1F19FFCC104F28F9FAF59F1A0C1
:10E0B800DF83D0C6D8F1A1D0DE8390AF69DB916948
:10E0C800F428FAD8F28F9F71D9F183A1D0C6D8F17C
:10E0D8008093AF19D1D9F42980D8F179D1D9F4290D
:10E0E80080D8F42A8DD8F1829DAF31DAF42942D84C
:10E0F800F183A0D0C7B69DFCC204D9BAADDEF8D86A
:10E10800B38AB792BBAF19B188A4D9C5A0C7DAC181
:10E11800A0C3D8F42980D8F1A1F8F9D1DAF429807C
:10E12800D8F1BAADF8F9D1D983B9A0C6ABC6B38DC9
:10E13800BBA4D0C4A0D0C6F42980D8F183B9A0D09C
:10E14800C7B38AB792BBAF19B1A4D989C3A0C5DA3E
:10E1580088C1A0C3D8F1B185BABEAFC284C782C195
:10E16800C3B2BCB6BDA7DFDF8F92A701D9F429C21D
:10E17800D8F109D9F429A9D8F1FAF429F1D8F1513B
:10E18800D9F429B6D8F1FAF429F1D8F119D9D0F887
:10E19800DAFAD8F429F1D8F19321D9F429D6D8F1AB
:10E1A80009D9D0F8DAFAD8F429F1D8F171D9D0F828
:10E1B800F429F1D8F159D9D0F8F429F1D8F194011A
:10E1C800D9D0F8DAFAD8F1B0BCBC88A7C0B1BC89FC
:10E1D800D0C182AFD0C5B2BC97FCC304DBFCC00081
:10E1E800FCC204D9A7DFF8DFD8F18F94A771D9F45E
:10E1F8002A30D8F19541D9F42A30D8F19409DB397D
:10E20800D9DFDFF8D8F197FCC104B1BCBCBC83B935
:10E21800BEBEBEA0D9C6DADED8FCC204D0D9C7DAE1
:10E22800DFD8BDBDBDF42A8DD8F1B0BC81B9AFC06F
:10E23800B088C187C1B1BCBCBCB59FFCC004DB8F32
:10E248009E2D8D9F31D9A1DE83A0C6AFDEF8B383A2
:10E258009FF506F1DBFCC104D9B8BEA1DFF8BEBE4C
:10E26800BED8F5B389B793BBA9668BAF02F19FFC03
:10E27800C003D98FA9D0C0D88999A334AFDEF8F5E7
:10E28800839F06F1FCC104DB9571A2D0DED8B08D66
:10E29800B9A1D0C78FB49FAF11D9A1D0C7D8F5B352
:10E2A8008BB793BBAF22F19FFCC003DB83A9C0D817
:10E2B800A3DEB9A0D0DEBAAAF8F9D1DAF42B5CD87B
:10E2C800F1B9B1B5AF839061DB69799169F42B53EA
:10E2D800D8F1DFF8A0FAF9D1D9AFDFD8AF8C9569BA
:10E2E800D9DFD8AF859C31DB9FFCC100DAF42B3035
:10E2F800D8F183A0D0C6AF8A9E11F8D9A0D0809C4F
:10E3080048D8AADED8F1B385B795AF71B1B5D9A011
:10E31800D0DED8F183AFC6F88F941DDB90FCC00027
:10E32800A0D0DED8F42B5CD8F161D1AAD9DEDAF816
:10E33800D8F1B188BBA4D0C5A0D0C7B590FCC200A5
:10E34800D9B28EC6A4D0C5BAAEDEF42B8BD8F18470
:10E35800B49FBAA769DAAEF8F42B8BD8F1AEDED841
:10E36800F1B181B59EBBAF02B79426B381B59DA12B
:10E3780002B790268F91A1002CB18094AF12265E2F
:10E388006EB38092A2420E763E8FA2002C547CAFD0
:10E39800DEF8F58F99AF06F19FFCC103D98AAAC4AC
:10E3A800D88392AF51D9F42C19D8F1A2D0DEB69EF9
:10E3B800FCC009DBFCC10AD9B8AEDEBAAEDEFAB7DA
:10E3C800BBF42C19D8F1B8AEDEF8BAAEDFF3BCBC9A
:10E3D800BDBDBEBEB0B4BBAFFBDAB8A4D08D941D32
:10E3E800F1E2D8F1BCBCBDBDBEBEB3B7BBD8F18AA3
:10E3F80092AF19DAA3F8F8F8F8F8F8F8F88BAAC683
:10E40800F42CAAD8F181AAC69A6060B181B593AFFD
:10E4180059B3B7D1D9F42CAAD8F18A92AF21DAA38B
:10E42800F8ADDED881AAC58591AF21D9F42C85D85D
:10E43800F1A1DFA2DFDF8195A5C7688993A3C66034
:10E44800ADF8AFDEF8F5899F06F1FCC103DB8D9DC1
:10E45800AF21A3DEF8D8F42CAAD8F181A5C592AFD4
:10E4680049DAA3F8F8D891AF49DAA3F8F8F8F8D858
:10E47800F1A3F8F9D1D9B183B9A1D0C6B3BBD8F506
:10E48800839AAF1AF1F8F9D1BCB0BDB4BEB8D9F4CB
:10E498002CDDD8F1A6F88696AE11D9A6DF88BEBBCA
:10E4A800A9D0C4F2A1D0C6A2D0C6BEBEBED8F42C94
:10E4B800F8D8F1A6FA8696AE39D9A6DE87BEBBA9EA
:10E4C800D0C4F2A1D0C6A2D0C6BEBEBED8F1BCBCD4
:10E4D800BCB3BDBDBDB7BEBEBEBBA5F8F9D1DA861B
:10E4E800A7C3C5C7A5DE85A5D0C6D88595AF71DAFF
:10E4F800F42D38D8F18993A360F3BEBEAFF8F9D1F3
:10E50800DAF3E2D8F1BEBE86A7C3C5C7D8F1AFDF3C
:10E51800F9899F2D830DF599AF1A8F7E9FA81299BF
:10E528002EF1DFDFAFDFF9899F4D830DF59BAF0239
:10E538008F66F19FFCC003D9F5A8D0129936D8F19F
:10E548008898A610A738869FAFDE00FD0887008F41
:10E55800F3AEC0F1BCBCB182C3BCBCD8F1BEBDB384
:10E5680086B9A0C1B180AFC381C38CC1BCB59FFCC3
:10E57800C100DBFCC200FCC300F2A0DEF42DBAD857
:10E58800F2A0DEF8F18F9FAF49D9F2A0DEF9D8F1F9
:10E598008090AF49D0DE9FFCC001D98FC080A0D049
:10E5A800C2F2AFC1F8DBD1D9F18F9F54FD07D8F182
:10E5B800859FA5D074F29060F3A0F9DAF42E2DD8D7
:10E5C800F380C6F3A6FBDAF42E0BD8F386C4F3BEA9
:10E5D800BBAFD0F8F9D1DAF4E2D8F1BEBEBEB9D8F3
:10E5E800F181A6C0A1C2C5C782C1A2C2C5C783C1E5
:10E5F800A3C2C5C784C1A4C2C5C785C1A5C2C5C7B2
:10E60800DFD8F3BCBDBEBBB3B7A2F8F2F8F1809D6A
:10E61800ADD07CF2A2FAF9D1F1B9ACD9DEDAF8D8EA
:10E62800F5BEBEBAA78595788E9E7CBCBCBDBDB232
:10E63800B6F1A9899962F09740996C9748B9B1B534
:10E64800F1AF8091288C9F008365D9F42E8DD8F185
:10E658009DFCC304AFB289D9C3C1DAC1C3D8F4726F
:10E66800F9D8F2BEBEBCBCBDBDB9B3B7A68192494C
:10E67800F9DBF1B18CB59C21D9F5B385B795788EC6
:10E688009E7CF1B18DB59DAD1AF096409D3C9648A3
:10E69800D8F1B181B59DB9A60A8D9605D9F42EF4A5
:10E6A800D8F2B381B792BBAF49F9F9DBF1B18CB5B8
:10E6B8009CB9A621F42EF4D8F1B38EBBA8D0C4C758
:10E6C800F3B9ACD0DEF42F05D8F1B385BBA8D0C41C
:10E6D800C7F3B9ACD0DEF8DFF8D8F3B59CFCC304B7
:10E6E800DBFCC200D9F2ACD0DED8F2BBAFB792B334
:10E6F8008219D9A2DFA1D0C4ACD0C5F3A7D0DFF16D
:10E70800B9AADEA1DFB8BEA7D0DEBEBEBED8F1BBB7
:10E71800AF899819A980D938D8AF8939A980DA3C46
:10E72800D8A1F8F9D1DAF9DFF8F472E1F1FFD8AF3E
:10E738002E88F575DAFFD871DAF1FFD882A7F3C110
:10E74800F280C2F19786492EA6D0509686AF75D929
:10E7580088A2D0F3C0C3F1DA8F96A2D0F3C2C382E5
:10E76800B69B7070F1D8B7AFDFF98999AF10809F69
:10E7780021DA2ED88999AF31DADFD8AF8292F34106
:10E78800D9F1DFD8AF82F319D9F1DFD8F18990AF89
:10E79800D0098F99AF51DB8931F3829219F2B18C8C
:10E7A800B59C71D9F1DFF9F2B9ACD0F8F8F3DFD83C
:10E7B800B3B7BB82ACF3C0A28022F1A922269FAFD7
:10E7C80029DAACDEFFD8A2F2DEF1A9DFF282B8BE08
:10E7D800A9C381C5B0BCB4BD8999A949DAF4301A76
:10E7E800D8F19AFCC004A7D0D9889730DADED8F1DE
:10E7F800BCB180BBBEBEBEAFC28CC181C383C7BC27
:10E80800BCB38FB7BDBDBD9FBAA761DB6971FFD827
:10E81800F1BBADD0DEF8B184B696BAA7D07EB79674
:10E82800A701B2879D05DBB38DB69779F3B18C96B6
:10E8380049F1BBADD0F8D8F3B9ACD0F8F9D1D9F1DA
:10E84800BBADD0F8D8B3B7BB978CAFF379D9F43058
:10E858008DD8F1A1819D34AAD08A50F472E1F430A8
:10E86800ADD8F3A7D0FAB59CFCC207D9F8D8B797AA
:10E878008CAF79DAF18791A16CAAD09A70BBF47247
:10E88800E1D8F1B2AF8B9129F9DAA129DFF8D8F1F3
:10E89800B8BEAAD0DEF2B381B792A949D9BCBDF4FB
:10E8A80030E0D8F1BCBDB0B48D9731F9F9F9F9F978
:10E8B800D9AAD0F8D8F1BCBCBDBDBEBEB084A5C332
:10E8C800C5C783A4C3C5C7F0B281B691A33C110CD8
:10E8D800582C50F1B083B493A32C547C9271F095CA
:10E8E800AE2C50788EBEB9AAC2BCBDD8F2BBB3B7A5
:10E8F8008291AF31DAF43183D8F18DB796BBA64057
:10E90800AC8C9C0C30BA8D9DA739DBF3B18CB696D4
:10E9180049D9F184B594B9A4D05EF0B79D38D8F13F
:10E92800B38DBAA7C6B59CFCC204D9B181B697A766
:10E93800258B6E81B9A134DAB287B69700FD3EB156
:10E9480081258B4E81B9A134D8F1BBAAD0DFACDECA
:10E95800D0DEADD0DFF1FFD8F2B3B7AF829C39DBA0
:10E96800F1869009AAD08A9DD974F4319EDAF1AA69
:10E97800D0DFD8F3B9ACD0F8F9D1D9F2BBA2FAF804
:10E98800DAF2BBA2FAD8F2B382B69BBBAF31DBF1A5
:10E9980089B59A61D9F2A1D0F8F8D8F282AFC4F853
:10E9A800F8F8F88FB79115DAA1D0C0D882AFC2F9BC
:10E9B800D1D9F1B9ACDEADDEDFB9A1DFBBADD0DFB7
:10E9C800D8F28291AF31DAF1B1819DB9A13CD8F288
:10E9D800B3BB8291AF31D1D9F1B181B59BB9A13E19
:10E9E800D8F1B38CB79CBBACD010ACDEADD0DF9205
:10E9F80082AFF1CAF29135F1968FA6D900DBAF8AC2
:10EA0800906DD9A68F96018A60AAD0DFF281ACD02A
:10EA1800C5D8F1FFD8F0B9B1B6AF8D924C71546832
:10EA28005C604479E0D8F1BAB1A48FC0C3C5C7B956
:10EA3800B5F1AA829025F3ADDFD9F8F8D8F1A18114
:10EA480091F0348238F1AA2DF58A9030D9F3ADFAD5
:10EA5800D8F0AA8F9F042851791D301438BCBCBC4B
:10EA6800A2D08A9A2C50507878BC8290AAF57CF370
:10EA7800D9ADFAD8F1B8AE82C6B9A181900A81920F
:10EA880018A2D081C1F3ADFBF9F1DAA2D0DFD8A288
:10EA9800D0FAF9D1DAAA829D7E76AD8AD0315CF0BF
:10EAA800AA8D9D5478FD7FF18A92559DADD0727ED6
:10EAB800D8F47240E0D8F1B1B982A2D0C2F2A3FA78
:10EAC800F3B8A7F8F9D1DAF2E2D8BBB3E0F1B1AF05
:10EAD8008F9F3185A5D0DAC6F43316D8F1F8F9D16D
:10EAE800D9C6F5ADD08D9E7FDAF9D8F1E0F1B697A9
:10EAF800A766B793F0717160E0F001295179E0F1F0
:10EB0800C2C5C7B287B6972CFD01E0F1C2C5C7B22E
:10EB180087C1E0F1B2819766E0F03810284088E0BC
:10EB2800F02470594469386448312D5179E0F02453
:10EB3800583D4034492D51E0F187A1002C547CF018
:10EB480081A704285078FD7FF1A787965991A102E3
:10EB58000E161EE0D8F0BEBEBEBCBCBCBDBDBDB36B
:10EB6800BB8CACF475AD8DADF475AD8EAEF475ADF2
:10EB7800BCB080AFF1DEDFDFD0F2C2CBC5BCBCBC1D
:10EB8800B38FD0BDB59EF102FD0326FD0346FD03FC
:10EB9800BDBDBDF2ACC0ADC2AEC4F1A9FAF9D1D9C0
:10EBA800F433D6D8F1A9FAF43574D8F0B78C9CBAF6
:10EBB800F47580F1C1B38D9DBAF47580F11CB38EE4
:10EBC8009EBAF47580F11CB38FD7FD3EF28DC18ECD
:10EBD800C1F18FD5FD30D4D0FD70F1D02AD2F0002C
:10EBE800D2A9DE8FB597AFF540D9F2A9F8D897AF7B
:10EBF800F548D9F3A9F8D8F2AFDEF8D4FD0CB78FF1
:10EC08009DF604DAF43451D8F2B597DEF8D037FD22
:10EC18000E3FFD0E8DB79FF2D005D9A9F8D8AF0DDC
:10EC2800D9A9F4F8D8D8F2AFDEF9D4FD0C8E9F013B
:10EC3800DAF43470D8F2B1879E41D9A9F8D8AF6117
:10EC4800D9F3A9F8D8F1B38CAFDEF2C08FF0D4FDB8
:10EC580030B79FF500B18804D9A9F2F8D8F5AF24E8
:10EC6800D9A9F3F8D8F0AFB389C4C78FD0D4FD4081
:10EC7800D5FD40B188D0F544D9A9F2F8D8AFF56CE4
:10EC8800D9A9F3F8D8B38FB599F5AF60D9AAF8DA4E
:10EC9800AADED8AF68D9AAFADAAADFD8F18AAFD43F
:10ECA800FD00D5FD408FD0F514A9D0D9DEDAF8D80B
:10ECB800AF3CA9D0D9DFDAFAD8F18AAFD6FD00D7B0
:10ECC800FD408F9AD0F504A9D9F2F8D8AFF52CA950
:10ECD800D9F3F8D88CAFF2C0F18FD4FD30B79F02CA
:10ECE800FD1ED010B18AD059DAF4352BD8F18B51EA
:10ECF800DAF4352BD8F1B59BB38F41D9A9F2F8D8FE
:10ED0800F1AFB79FB18A79DAF4354AD8F18B71DA65
:10ED1800F4354AD8F1B59BB38F49D9A9F3F8D8F09F
:10ED2800A9F2F9F9F9F9F9F9F9AAD0F0DADEF5E278
:10ED3800F0D9F8D8A9F3F9F9F9F9F9F9F9AAD0F05D
:10ED4800DADFF6E2F0D9FAD8D8F0BCB080BDB490DA
:10ED5800BEB8A0E0F0AFF2113DF3153DF2B28FD08E
:10ED6800CDCFF3DFDFDFDFF1D4FD70D5FD70D6FD49
:10ED780070D7FD70B69F0C1018F500BBAFD0B79FC9
:10ED8800E0F0D0F3CFF2CCD0F3CDF2CAD0F3CBF28F
:10ED9800C8D0F3C9E0000000000000000000000037
:10EDA800000000000000000000000000000000005B
:10EDB800000000000000000000000000000000004B
:10EDC800000000000000000000000000000000003B
:10EDD800000000000000000000000000000000002B
:10EDE800000000000000000000000000000000001B
:10EDF800000000000000000000000000000000000B
:10EE080000000000000000000000000000000000FA
:10EE180000000000000000000000000000000000EA
:10EE280000000000000000000000000000000000DA
:10EE380000000000000000000000000000000000CA
:10EE480000000000000000000000000000000000BA
:10EE580000000000000000000000000000000000AA
:10EE6800000000000000000000000000000000009A
:10EE7800000000000000000000000000000000008A
:10EE8800000000000000000000000000000000007A
:10EE9800000000000000000000000000000000006A
:10EEA800000000000000000000000000000000005A
:10EEB800000000000000000000000000000000004A
:10EEC800000000000000000000000000000000003A
:10EED800000000000000000000000000000000002A
:10EEE800000000000000000000000000000000001A
:10EEF800000000000000000000000000000000000A
:10EF080000000000000000000000000000000000F9
:10EF180000000000000000000000000000000000E9
:10EF280000000000000000000000000000000000D9
:10EF380000000000000000000000000000000000C9
:10EF480000000000000000000000000000000000B9
:10EF580000000000000000000000000000000000A9
:10EF68000000000000000000000000000000000099
:10EF78000000000000000000000000000000000089
:10EF88000000000000000000000000000000000079
:10EF98000000000000000000000000000000000069
:10EFA8000000000000000000000000000000000059
:10EFB8000000000000000000000000000000000049
:10EFC8000000000000000000000000000000000039
:10EFD8000000000000000000000000000000000029
:10EFE8000000000000000000000000000000000019
:10EFF8000000000000000000000000000000000009
:10F008000000000000000000000000000000250CC7
:10F0180000000000FFFF088028000804484008108E
:10F028008800FFFFFFFF080808880804FFFFFFFFAC
:10F038000820080808400000180010000801FFFF19
:10F04800FFFF0880280008044840081088000808C6
:10F0580008880804FFFFFFFF082008080840180078
:10F0680010000801FFFF0000010017141407271AF9
:10F07800120C130C251F261F111F292009100F1011
:10F088000A101D2123211E2103110B1119221F22F1
:10F0980010012415040A1A1D09050F050A051D1873
:10F0A80023181E1803060B0619191F190E0322161A
:10F0B800020B181E141203130B13272319241F24E1
:10F0C80006091C1C010017140A101E211407271A10
:10F0D800120C130C251F261F111F000029200000E9
:10F0E80010012415040A1A1D040A1A1D09050F0522
:10F0F8000A051D1823181E1803060B0619191F19CF
:10F108000E032216020B181E06091C1C3C0A560A7E
:10F11800700A8B0AA60AC10ADD0AF80A150B310B18
:10F128004E0B6B0B880BA50BC30BE10B000C1E0CD5
:10F138003D0C5D0C7C0C9C0CBD0CDD0CFE0C1F0DFD
:10F14800410D630D850DA80DCB0DEE0D120E360E7B
:10F158005A0E7F0EA40ECA0EEF0E160F3C0F630F49
:10F168008B0FB30FDB0F03102C1056108010AA1052
:10F17800D41000112B1157118311B011DE110B128D
:10F18800391268129712C712F712271359138A13E4
:10F19800BC13EF13221455148914BE14F314291543
:10F1A8005F159515CD1504163D167616AF16E9169A
:10F1B80024175F179B17D817151852189118CF18CE
:10F1C8000F194F199019D119131A561A9A1ADE1ACB
:10F1D800221B681BAE1BF51B3D1C851CCE1C181D75
:10F1E800621DAD1DF91D461E941EE21E311F811FB2
:10F1F800D11F23207520C8201C217121C7211D2261
:10F208007422CD2226238023DA2336249324F12462
:10F218004F25AF250F267126D32636279B27002892
:10F228006728CE283629A0290B2A762AE32A512BCB
:10F23800C02B302CA12C132D862DFB2D712EE82EE2
:10F24800602FD92F5330CF304C31CA314A32CA32AD
:10F258004C33D0335434DA346235EA3574360037F7
:10F268008D371B38AA383C39CE39623AF83A8F3B89
:10F27800273CC13C5D3DFA3D983E383FDA3F7E4031
:10F288002341CA4172421C43C84376442545D645AA
:10F2980089463D47F447AC486649224ADF4A9F4BB6
:10F2A800614C244DEA4DB14E7B4F46501451E35109
:10F2B800B55289535E5436551156ED56CB57AC5856
:10F2C8008F59745A5C5B465C325D215E125F056043
:10F2D800FB60F361EE62EB63EB64ED65F266FA677F
:10F2E8000469116A206B336C486D5F6E7A6F977092
:10F2F800B871DB7201742A7556768577B778EC7920
:10F30800247B5F7C9D7DDF7E248000009CFF9CFF2A
:10F3180018FC000064006400D4FE0000CEFFCEFF9D
:10F328000CFE0000320032009CFF000038FF38FF5E
:10F3380080F30000C800C800E0FC0000E2FFE2FF24
:10F3480070FE00001E001E00CEFF000038FF38FFD0
:10F35800C0F90000C800C80070FE000038FF38FF80
:10F3680018FC0000C800C80038FF00000CB60208EE
:10F3780024B602080200000008000000E40000248F
:10F38800855C01089F5C01083CB6020850B602087B
:10F398000400000020000000680100244F5D0108FF
:10F3A800695D010868B602087CB60208030000001F
:10F3B8001800000064020024DF5D0108F95D0108FF
:10F3C80014B7020828B7020807000000400100002F
:10F3D80024030024115F01082B5F010860B70208AD
:10F3E80074B702080300000078000000D404002469
:10F3F8003D6201085762010898B70208A8B70208D9
:10F40800020000001400000094050024E5630108D0
:10F41800FF63010800000000000000000000000079
:10F4280000000000000000000000000000000000D4
:10F4380000000000000000000000000000000000C4
:10F4480000000000000000000000000000000000B4
:10F4580000000000000000000000000000000000A4
:10F468000000000000000000000000000000000094
:10F478000000000000000000000000000000000084
:10F488000000000000000000000000000000000074
:10F498000000000000000000000000000000000064
:10F4A8000000000000000000010000000A00000049
:10F4B8000102000000000000000000000000000041
:10F4C8000000000000000000000000000000000034
:10F4D8000000000000000000000000000000000024
:10F4E8000000000000000000000000000000000014
:10F4F8000000000000000000524F535F4C4F434192
:10F508004C484F53545F4F4E4C5900002E0000009A
:10F518002F0000002F2573002573257300000000BD
:10F5280025732F2573000000000000000000000074
:10F538000000000000000000010000000A000000B8
:10F5480001020000000000000000000000000000B0
:10F5580000000000000000000000000000000000A3
:10F568000000000000000000000000000000000093
:10F578000000000000000000000000000000000083
:10F588000000000000000000524F535F53454355F0
:10F59800524954595F454E41424C45007472756555
:10F5A80000000000524F535F534543555249545988
:10F5B8005F5354524154454759000000456E666FE9
:10F5C80072636500656E636C6176657300000000A8
:10F5D800524F535F53454355524954595F4B455910
:10F5E80053544F5245000000524F535F5345435503
:10F5F800524954595F454E434C4156455F4F564515
:10F6080052524944450000000000000072636C5FDC
:10F6180076616C69646174655F656E636C6176655B
:10F628005F6E616D655F776974685F73697A652875
:10F63800293A20756E6B6E6F776E20726D775F76E4
:10F64800616C69646174655F6E616D657370616337
:10F65800655F776974685F73697A652829207265C0
:10F6680073756C74202725642700000000000000D3
:10F678000000000000000000000000000000000082
:10F688000000000000000000000000000000000072
:10F698000000000000000000000000000000000062
:10F6A8000000000000000000000000000000000052
:10F6B80000000000617267756D656E7420656E7676
:10F6C8005F6E616D65206973206E756C6C0000005B
:10F6D800617267756D656E7420656E765F76616CB4
:10F6E8007565206973206E756C6C000065000000FC
:10F6F800726F7369646C5F74797065737570706F1D
:10F7080072745F6D6963726F787263656464735F46
:10F71800630000003A3A00002573257325732573AA
:10F7280025732573257300005F000000646473006F
:10F7380072740000726D775F76616C6964617465DC
:10F748005F6E616D65737061636528293A20756E17
:10F758006B6E6F776E20726D775F76616C6964612E
:10F7680074655F66756C6C5F746F7069635F6E61FA
:10F778006D65282920726573756C742027256427A8
:10F7880000000000756E6B6E6F776E207265737582
:10F798006C7420636F646520666F7220726D7720C9
:10F7A8006E616D6573706163652076616C69646113
:10F7B80074696F6E000000006E616D65737061633F
:10F7C80065206D757374206E6F7420626520656D99
:10F7D800707479006E616D657370616365206D7515
:10F7E8007374206265206162736F6C7574652C2078
:10F7F8006974206D757374206C6561642077697411
:10F8080068206120272F27006E616D657370616322
:10F8180065206D757374206E6F7420656E64207733
:10F82800697468206120272F272C20756E6C6573FA
:10F8380073206F6E6C79206120272F27000000004D
:10F848006E616D657370616365206D757374206E8C
:10F858006F7420636F6E7461696E20636861726192
:10F868006374657273206F74686572207468616E62
:10F8780020616C7068616E756D65726963732C20A8
:10F88800275F272C206F7220272F27006E616D6558
:10F898007370616365206D757374206E6F74206377
:10F8A8006F6E7461696E207265706561746564203D
:10F8B800272F27006E616D657370616365206D7514
:10F8C8007374206E6F742068617665206120746F90
:10F8D8006B656E2074686174207374617274732030
:10F8E800776974682061206E756D6265720000002A
:10F8F8006E616D6573706163652073686F756C64A4
:10F90800206E6F74206578636565642027524D57B3
:10F918005F4E414D4553504143455F4D41585F4E01
:10F92800414D455F4C454E475448270000000000B4
:10F93800C0F70208DCF7020810F8020848F80208C5
:10F9480094F80208BCF80208F8F80208756E6B6EA5
:10F958006F776E20726573756C7420636F646520B1
:10F96800666F7220726D77206E6F6465206E616DB0
:10F97800652076616C69646174696F6E00000000CF
:10F988006E6F6465206E616D65206D757374206E91
:10F998006F7420626520656D707479006E6F6465A0
:10F9A800206E616D65206D757374206E6F742063B1
:10F9B8006F6E7461696E20636861726163746572E9
:10F9C80073206F74686572207468616E20616C7052
:10F9D80068616E756D6572696373206F7220275F49
:10F9E800270000006E6F6465206E616D65206D757F
:10F9F8007374206E6F7420737461727420776974E5
:10FA0800682061206E756D62657200006E6F6465B6
:10FA1800206E616D65206C656E6774682073686F11
:10FA2800756C64206E6F7420657863656564202743
:10FA380032353527000000000000000088F9020870
:10FA4800A4F90208ECF9020814FA0208556E657860
:10FA580070656374656420636F6E646974696F6E42
:10FA68003A20737472696E672063617061636974A8
:10FA78007920776173207A65726F20666F722061D2
:10FA88006C6C6F63617465642064617461212045E6
:10FA9800786974696E672E0A00000000556E6578F3
:10FAA80070656374656420636F6E646974696F6EF2
:10FAB8003A20737472696E672073697A652077617A
:10FAC80073206E6F6E2D7A65726F20666F72206478
:10FAD80065616C6C6F636174656420646174612135
:10FAE8002045786974696E672E0A0000556E65783E
:10FAF800706563746564206265686176696F723ADF
:10FB080020737472696E67206361706163697479C8
:10FB180020776173206E6F6E2D7A65726F20666F25
:10FB280072206465616C6C6F6361746564206461E4
:10FB38007461212045786974696E672E0A00000097
:10FB4800726F7369646C5F74797065737570706FC8
:10FB580072745F696E74726F7370656374696F6EC7
:10FB68005F63000073656E736F725F6D7367730018
:10FB7800726F7369646C5F74797065737570706F98
:10FB880072745F696E74726F7370656374696F6E97
:10FB98005F635F5F6765745F6D6573736167655FFA
:10FBA800747970655F737570706F72745F68616E79
:10FBB800646C655F5F73656E736F725F6D73677397
:10FBC8005F5F6D73675F5F496D750000726F736982
:10FBD800646C5F74797065737570706F72745F6D43
:10FBE8006963726F787263656464735F635F5F678C
:10FBF80065745F6D6573736167655F747970655F60
:10FC0800737570706F72745F68616E646C655F5F46
:10FC180073656E736F725F6D7367735F5F6D736724
:10FC28005F5F496D7500000048FB0208F8F602089E
:10FC3800020000006CFB020830FC02084CFC0208C1
:10FC48003406002478FB0208D4FB0208726F73693B
:10FC5800646C5F74797065737570706F72745F69C6
:10FC68006E74726F7370656374696F6E5F635F5FE4
:10FC78006765745F6D6573736167655F74797065D7
:10FC88005F737570706F72745F68616E646C655FC6
:10FC98005F73656E736F725F6D7367735F5F6D73AC
:10FCA800675F5F4D61676E657469634669656C641B
:10FCB80000000000726F7369646C5F74797065731B
:10FCC8007570706F72745F6D6963726F7872636557
:10FCD8006464735F635F5F6765745F6D65737361A9
:10FCE80067655F747970655F737570706F72745F44
:10FCF80068616E646C655F5F73656E736F725F6D6C
:10FD08007367735F5F6D73675F5F4D61676E65747F
:10FD180069634669656C640048FB0208F8F60208E6
:10FD2800020000006CFB020820FD02083CFD0208EE
:10FD38004806002454FC0208BCFC020873656E7374
:10FD48006F725F6D7367733A3A6D736700000000F6
:10FD5800496D75004D61676E657469634669656CC8
:10FD6800640000007374645F6D7367733A3A6D736F
:10FD78006700000048656164657200006275696C1F
:10FD880074696E5F696E74657266616365733A3A29
:10FD98006D73670054696D650000000067656F6DDD
:10FDA800657472795F6D7367733A3A6D73670000B3
:10FDB8005175617465726E696F6E00005665637483
:10FDC8006F7233000000C1C081C1400101C3C0038C
:10FDD800800241C201C6C006800741C70005C1C5EF
:10FDE80081C4400401CCC00C800D41CD000FC1CFAF
:10FDF80081CE400E000AC1CA81CB400B01C9C0099F
:10FE0800800841C801D8C018801941D9001BC1DB3E
:10FE180081DA401A001EC1DE81DF401F01DDC01DEE
:10FE2800801C41DC0014C1D481D5401501D7C0170E
:10FE3800801641D601D2C012801341D30011C1D11E
:10FE480081D0401001F0C030803141F10033C1F35E
:10FE580081F240320036C1F681F7403701F5C035EE
:10FE6800803441F4003CC1FC81FD403D01FFC03FAE
:10FE7800803E41FE01FAC03A803B41FB0039C1F99E
:10FE880081F840380028C1E881E9402901EBC02BFE
:10FE9800802A41EA01EEC02E802F41EF002DC1EDEE
:10FEA80081EC402C01E4C024802541E50027C1E70E
:10FEB80081E640260022C1E281E3402301E1C0211E
:10FEC800802041E001A0C060806141A10063C1A31E
:10FED80081A240620066C1A681A7406701A5C065EE
:10FEE800806441A4006CC1AC81AD406D01AFC06FAE
:10FEF800806E41AE01AAC06A806B41AB0069C1A99E
:10FF080081A840680078C1B881B9407901BBC07B3D
:10FF1800807A41BA01BEC07E807F41BF007DC1BDED
:10FF280081BC407C01B4C074807541B50077C1B70D
:10FF380081B640760072C1B281B3407301B1C0711D
:10FF4800807041B00050C190819140510193C053DD
:10FF5800805241920196C056805741970055C195ED
:10FF680081944054019CC05C805D419D005FC19FAD
:10FF7800819E405E005AC19A819B405B0199C0599D
:10FF8800805841980188C04880494189004BC18BFD
:10FF9800818A404A004EC18E818F404F018DC04DED
:10FFA800804C418C0044C184818540450187C0470D
:10FFB800804641860182C042804341830041C1811D
:10FFC80081804040000000000000000000000000A8
:10FFD8000000000000000000995002089D5002082F
:10FFE8000000000000000000000000000000000009
:08FFF8009D500208A15002080F
:020000040803EF
:10000000A5500208000000000000000000000000F1
:10001000A1500208A5500208A950020800000000E3
:1000200000000000000000000000000000000000D0
:1000300000000000000000000000000000000000C0
:1000400000000000000000000000000000000000B0
:1000500000000000000000000000000000000000A0
:100060000000000000000000000000000000000090
:10007000000000000000000000000000524F535F2D
:10008000444F4D41494E5F494400000025732F25E0
:10009000732573007B6E6F64657D00007B6E737DDE
:1000A000000000007B6E616D6573706163657D00AB
:1000B000000000000000000063647200726D775F52
:1000C0006D6963726F787263656464730000000029
:1000D000BC000308726F7369646C5F747970657338
:1000E0007570706F72745F63002C2066756E637438
:1000F000696F6E3A2000617373657274696F6E2068
:1001000022257322206661696C65643A2066696CF9
:100110006520222573222C206C696E6520256425BC
:100120007325730A005245454E54206D616C6C6F07
:100130006320737563636565646564002F62756928
:100140006C642F676E752D746F6F6C732D666F7294
:100150002D73746D33325F31322E332E72656C31F4
:100160002E32303234303631322D313331352F7337
:1001700072632F6E65776C69622F6E65776C69624A
:100180002F6C6962632F7374646C69622F72616E85
:10019000642E6300002020202020202020202828FA
:1001A0002828282020202020202020202020202037
:1001B0002020202020881010101010101010101077
:1001C00010101010100404040404040404040410A7
:1001D0001010101010104141414141410101010135
:1001E00001010101010101010101010101010101FF
:1001F000101010101010424242424242020202020B
:1002000002020202020202020202020202020202CE
:10021000101010102000000000000000000000007E
:1002200000000000000000000000000000000000CE
:1002300000000000000000000000000000000000BE
:1002400000000000000000000000000000000000AE
:10025000000000000000000000000000000000009E
:10026000000000000000000000000000000000008E
:10027000000000000000000000000000000000007E
:10028000000000000000000000000000000000006E
:100290000000000000494E4600696E66004E414E67
:1002A000006E616E0030003031323334353637380D
:1002B00039414243444546003031323334353637D4
:1002C000383961626364656600496E66696E697497
:1002D00079004E614E002F6275696C642F676E75F0
:1002E0002D746F6F6C732D666F722D73746D333256
:1002F0005F31322E332E72656C312E323032343013
:100300003631322D313331352F7372632F6E65776D
:100310006C69622F6E65776C69622F6C6962632FFE
:100320007374646C69622F64746F612E6300426140
:100330006C6C6F6320737563636565646564002F1F
:100340006275696C642F676E752D746F6F6C732D99
:10035000666F722D73746D33325F31322E332E72AD
:10036000656C312E32303234303631322D3133310A
:10037000352F7372632F6E65776C69622F6E6577A8
:100380006C69622F6C6962632F7374646C69622F8D
:100390006D707265632E6300050000001900000097
:1003A0007D000000000000000080E03779C3414379
:1003B000176E05B5B5B89346F5F93FE9034F384DCB
:1003C000321D30F94877825A3CBF737FDD4F157577
:1003D000000000000000F03F00000000000024408A
:1003E00000000000000059400000000000408F4065
:1003F000000000000088C34000000000006AF840D0
:100400000000000080842E4100000000D0126341F3
:100410000000000084D797410000000065CDCD4169
:10042000000000205FA00242000000E8764837424A
:10043000000000A2941A6D42000040E59C30A242E8
:100440000000901EC4BCD64200003426F56B0C435D
:100450000080E03779C3414300A0D8855734764304
:1004600000C84E676DC1AB43003D9160E458E14365
:10047000408CB5781DAF154450EFE2D6E41A4B44DA
:1004800092D54D06CFF08044F64AE1C7022DB5441F
:10049000B49DD9794378EA44232D302B2000686C31
:1004A0004C00656667454647004300504F53495826
:1004B000002E000000000000E2652F227F2B7A3C16
:1004C000075C143326A6813CBDCBF07A8807703CCC
:1004D000075C143326A6913C4FBB610567ACDD3F3A
:1004E000182D4454FB21E93F9BF681D20B73EF3F5B
:1004F000182D4454FB21F93FA2000000F9A200008E
:1005000083F9A2006E83F9A24E6E83F9444E6E8386
:1005100015444E6E2915444EFC29154427FC291517
:100520005727FC29D15727FCF5D1572734F5D15748
:10053000DD34F5D1C0DD34F5DBC0DD3462DBC0DD98
:100540009562DBC0999562DB3C999562433C999535
:1005500090433C994190433C000000000000F03F74
:10056000000000000000F0BF000000000000F0BF2D
:10057000000000000000F03F83C8C96D305F644197
:10058000182D4454FB21F93F000000000000F03F0B
:100590001C620CFDFFFFDFBF198F06E15355A53F1D
:1005A0009D359AE887C056BFC3F87B024393F93E56
:1005B00003A695595455C5BFC40B23057610813F3A
:1005C00024CF7437EB9429BF000000000000F03FF7
:1005D000000000000000F0BF000000000000F0BFBD
:1005E000000000000000F03F83C8C96D305F644127
:1005F000182D4454FB21F93F000000000000F0BF1B
:100600001C620CFDFFFFDF3F198F06E15355A5BFAC
:100610009D359AE887C0563FC3F87B024393F9BEE5
:1006200003A695595455C5BFC40B23057610813FC9
:1006300024CF7437EB9429BF000000000000008035
:10064000182D4454FB210940182D4454FB2109C0A6
:10065000182D4454FB21E9BFD221337F7CD90240BD
:08066000D221337F7CD902C0D6
:0806680078FCFC7F010000009A
:0C067000C5020008D9ED010809EE0108E0
:04067C00A1020008CF
:100680001E000000D40C00240090D0030090D00382
:1006900010000000010000000000A0400100000068
:1006A000FF000000FF00000000FF0001000000004C
:1006B00001000000000000400000000000000000F9
:1006C00000000000000000400000000000000000EA
:1006D0000000000000000040FFFFFFFFFFFFFFFFE2
:1006E000FFFFFFFFFFFFFFFFFFFFFFFFC800C80086
:1006F000C800C800C800C800C800C800C800C800BA
:10070000C800C800C800C800C800C800C800C800A9
:10071000C800C800C800C800C800C800C800C80099
:10072000C800C800C800C800C800C800C800C80089
:10073000C800C800C800010001000101000000401D
:1007400000000000000000000000000001FF7E002B
:10075000E47F0000F9D6FFFF8F1200001AFBFFFFB5
:100760002092010000B602080D0000000000000009
:100770000000000000000000000000000000000079
:100780000000000000000000000000000000000069
:100790000000000000000000000000000000000059
:1007A00004B602080C000000000000000000000079
:1007B0000000000000000000000000000400000035
:1007C0000000000000000000000000000000000029
:1007D0000000000000000000000000000000000019
:1007E00074F30208EDEC01082CB6020802000000C8
:1007F00000000000000000000000000000000000F9
:1008000000000000000000000000000000000000E8
:1008100000000000000000000000000000000000D8
:100820000000000030B602080200000000000000D6
:1008300000000000000000000000000000000000B8
:1008400008000000000000000000000000000000A0
:100850000000000000000000000000000000000098
:1008600034B6020802000000000000000000000092
:100870000000000000000000000000001000000068
:100880000000000000000000000000000000000068
:1008900000000000000000000000000038B6020860
:1008A0000200000000000000000000000000000046
:1008B0000000000000000000180000000000000020
:1008C0000000000000000000000000000000000028
:1008D00000000000000000000000000090F302088B
:1008E000EDEC01085CB60208020000000000000008
:1008F00000000000000000000000000000000000F8
:1009000000000000000000000000000000000000E7
:1009100000000000000000000000000000000000D7
:1009200060B60208020000000000000000000000A5
:1009300000000000000000000000000008000000AF
:1009400000000000000000000000000000000000A7
:1009500000000000000000000000000064B6020873
:100960000200000000000000000000000000000085
:100970000000000000000000100000000000000067
:100980000000000000000000000000000000000067
:10099000000000000000000000000000ACF30208AE
:1009A000EDEC010884B6020812000000000000000F
:1009B0000000000000000000000000000000000037
:1009C0000000000000000000000000000000000027
:1009D0000000000000000000000000000000000017
:1009E0008CB60208120000000000000000000000A9
:1009F00000000000000000000000000018000000DF
:100A000000000000000000000000000000000000E6
:100A100000000000000000000000000098B602087E
:100A200002000000000000000000000001000000C3
:100A30000900000000000000380000000000000075
:100A4000415F0108575F0108795F01089B5F01085A
:100A5000C95F010800000000B0B6020812000000E3
:100A60000000000000000000000000000000000086
:100A700000000000800000000000000000000000F6
:100A80000000000000000000000000000000000066
:100A900000000000C4B602080200000000000000D0
:100AA000000000000100000009000000000000003C
:100AB0009800000000000000F75F01080D600108C9
:100AC0002F600108516001087F60010800000000EC
:100AD000E0B6020812000000000000000000000064
:100AE000000000000000000000000000E000000026
:100AF00000000000000000000000000000000000F6
:100B0000000000000000000000000000F4B6020831
:100B100002000000000000000000000001000000D2
:100B20000900000000000000F800000000000000C4
:100B3000AD600108C3600108E560010807610108B4
:100B4000356101080000000000000000C8F3020841
:100B5000EDEC01082CB702081200000000000000B4
:100B60000000000000000000000000000000000085
:100B70000000000000000000000000000000000075
:100B80000000000000000000000000000000000065
:100B900034B702081200000000000000000000004E
:100BA000000000000000000000000000180000002D
:100BB0000000000000000000000000000000000035
:100BC00000000000000000000000000044B7020820
:100BD0000200000000000000000000000100000012
:100BE00009000000000000003000000000000000CC
:100BF0006D62010883620108A5620108C7620108ED
:100C0000F56201080000000000000000E4F30208A3
:100C1000EDEC010884B7020812000000000000009B
:100C200000000000000000000000000000000000C4
:100C300000000000000000000000000000000000B4
:100C400000000000000000000000000000000000A4
:100C50008CB7020810000000000000000000000037
:100C6000000000000000000000000000080000007C
:100C70000000000000000000000000000000000074
:100C80000000000000000000000000000000000064
:100C900000F40208EDEC0108AAAAAAAA2DC60108D0
:100CA00029C6010825C6010821C601080000000068
:100CB00048FB02086561010805F00108000000001A
:100CC00038FC0208D55D02082563010819F1010806
:100CD0000000000028FD0208D55D0208F8F60208B1
:100CE00068060024EDEC010844FD020858FD0208E6
:100CF00011EF010895EE010889EE010881EE010867
:100D0000F1EF0108F8F6020890060024EDEC010866
:100D100044FD02085CFD02087DF001083DF0010879
:100D2000B9F001080DF00108E5F00108F8F6020835
:100D3000B8060024EDEC01086CFD02087CFD0208F9
:100D4000C9F1010861F1010811F201083DF1010842
:100D500021F10108F8F60208E0060024EDEC010894
:100D600084FD02089CFD020891F2010875F2010859
:100D7000B1F201084DF20108D1F20108F8F60208BB
:100D800008070024EDEC0108A4FD0208B8FD0208E4
:100D900091F301085DF30108C9F301081DF301088F
:100DA00001F40108F8F6020830070024EDEC010810
:100DB000A4FD0208C4FD0208D9F40108B1F4010839
:100DC00005F501087DF4010831F50108D400030898
:100DD0000000000003000000400C02246007002413
:100DE00000000000400C0224A80C0224100D022474
:100DF00000000000000000000000000000000000F3
:100E000000000000000000000000000000000000E2
:100E100000000000000000000000000000000000D2
:100E2000000000000000000000000000430000007F
:100E300000000000000000000000000000000000B2
:100E4000000000000000000000000000430000005F
:100E50000000000000000000000000000000000092
:100E6000000000000000000000000000430000003F
:100E70000000000000000000000000000000000072
:100E8000000000000000000000000000430000001F
:100E90000000000000000000000000000000000052
:100EA00000000000000000000000000043000000FF
:100EB0000000000000000000000000000000000032
:100EC00000000000000000000000000043000000DF
:100ED0000000000000000000000000000000000012
:100EE00000000000000000000000000043000000BF
:100EF00000000000000000000000000000000000F2
:100F0000000000000000000000000000C59A020878
:100F1000A19A02080000000094010308B10403082C
:100F20002401030824010308240103082401030801
:100F300024010308240103082401030824010308F1
:100F400024010308FFFFFFFFFFFFFFFFFFFFFFFF7D
:100F5000FFFF000001004153434949000000000029
:100F60000000000000000000000000000000000081
:100F70000000000000004153434949000000000008
:100F80000000000000000000000000000000000061
:080F9000000000000000000059
:040000050800216D61
:00000001FF
