:020000040800F2
:1000000000000824112300084D15000855150008AC
:100010005D150008651500086D150008000000005A
:10002000000000000000000000000000751500083E
:100030008315000800000000911500089F150008B6
:100040006123000861230008612300086123000880
:100050006123000861230008612300086123000870
:100060006123000861230008612300086123000860
:100070006123000861230008612300086123000850
:100080006123000861230008612300086123000840
:100090006123000861230008612300086123000830
:1000A0006123000861230008612300086123000820
:1000B0006123000861230008612300086123000810
:1000C0006123000861230008612300086123000800
:1000D00061230008612300086123000861230008F0
:1000E000612300086123000800000000612300086C
:1000F00061230008612300086123000861230008D0
:1001000061230008612300086123000861230008BF
:1001100061230008612300086123000861230008AF
:10012000612300086123000861230008612300089F
:10013000612300086123000861230008612300088F
:1001400000000000000000000000000000000000AF
:10015000612300086123000861230008612300086F
:10016000612300086123000861230008612300085F
:1001700061230008612300086123000800000000DB
:10018000612300086123000861230008612300083F
:10019000612300086123000861230008612300082F
:1001A000612300086123000861230008612300081F
:1001B000612300086123000861230008612300080F
:1001C00061230008612300086123000861230008FF
:1001D00061230008612300086123000861230008EF
:1001E00061230008612300086123000861230008DF
:1001F00061230008612300086123000861230008CF
:1002000061230008612300086123000861230008BE
:1002100061230008612300086123000861230008AE
:10022000612300086123000861230008000000002A
:10023000612300086123000800000000612300081A
:10024000612300086123000861230008612300087E
:10025000612300086123000861230008612300086E
:10026000612300086123000861230008612300085E
:1002700061230008612300086123000800000000DA
:1002800061230008612300086123000800000000CA
:080290000000000061230008DA
:1002A00010B5054C237833B9044B13B10448AFF3B0
:1002B00000800123237010BDD8010024000000003D
:1002C00060A5000808B5034B1BB103490348AFF311
:1002D000008008BD00000000DC01002460A50008CB
:1002E00001F0FF01102A2BDB10F0070F08D010F8E7
:1002F000013B013A8B422DD010F0070F42B3F6D1EB
:10030000F0B441EA012141EA014122F007047FF003
:1003100000070023F0E80256083C85EA010586EA5A
:10032000010685FA47F5A3FA87F586FA47F6A5FA96
:1003300087F68EB9EED1F0BC01F0FF0102F00702A2
:1003400032B110F8013B013A83EA010313B1F8D14D
:100350000020704701387047002D06BF354603382E
:10036000073815F0010F07D1013015F4807F02BF67
:10037000013015F4C03F0130F0BC0138704700BFB8
:10038000034613F8012B002AFBD1181A01387047D5
:1003900053B94AB9002908BF00281CBF4FF0FF31EC
:1003A0004FF0FF3000F06AB9ADF1080C6DE904CEF2
:1003B00000F006F8DDF804E0DDE9022304B0704740
:1003C0002DE9F047089D0C46002B4ED194468C45F4
:1003D0008646B2FA82F262D94AB1C2F12003914054
:1003E00020FA03F30CFA02FC194300FA02FE4FEA6A
:1003F0001C471FFA8CF6B1FBF7F44FEA1E4307FBCC
:10040000141143EA014304FB06F199420AD91CEB9B
:10041000030304F1FF3080F01281994240F20F8112
:10042000023C6344591A1FFA8EF3B1FBF7F007FB45
:10043000101143EA014300FB06F69E420AD91CEB69
:10044000030300F1FF3180F0FC809E4240F2F9800E
:10045000634402389B1B40EA044000211DB1D34095
:100460000022C5E90032BDE8F0878B4205D90DB105
:10047000C5E9000100210846F5E7B3FA83F1002938
:1004800046D1A34202D39042C0F0F080861A64EBBA
:1004900003030120002DE6D0C5E90063E3E7002A4D
:1004A00040F09080A1EB0C044FEA1C481FFA8CF737
:1004B0000121B4FBF8F64FEA1E4308FB164443EA59
:1004C000044307FB06F0984208D91CEB030306F12E
:1004D000FF3402D2984200F2CD8026461C1A1FFA41
:1004E0008EF3B4FBF8F008FB104443EA044300FB2E
:1004F00007F79F4208D91CEB030300F1FF3402D237
:100500009F4200F2B0802046DB1B40EA0640A5E790
:10051000C1F120068B4022FA06F71F4320FA06FCA1
:1005200004FA01F343EA0C03F44000FA01F8380C32
:100530004FEA1349B4FBF0FE1FFA87FC00FB1E4490
:1005400049EA04440EFB0CF9A14502FA01F20AD96A
:100550003C190EF1FF3A80F08480A14540F2818081
:10056000AEF1020E3C44A4EB09041FFA83F9B4FB7C
:10057000F0F300FB134449EA044403FB0CFCA445DC
:1005800007D93C1903F1FF3067D2A44565D9023B76
:100590003C4443EA0E40A0FB0293A4EB0C049C42B3
:1005A000CE469C4651D34ED055B1B8EB0E0364EB0A
:1005B0000C0404FA06F6CB401E43CC40C5E90064A7
:1005C000002150E7C2F1200320FA03F10CFA02FCEB
:1005D00024FA03F394400C434FEA1C4800FA02FE4D
:1005E0001FFA8CF7B3FBF8F008FB1031230C43EA39
:1005F000014300FB07F1994208D91CEB030300F10A
:10060000FF362CD299422AD9023863445B1AA4B22D
:10061000B3FBF8F108FB113344EA034401FB07F391
:10062000A34208D91CEB040401F1FF3613D2A34204
:1006300011D902396444E41A41EA004139E7044619
:10064000F0E6084606E7C845AED2B9EB020E63EB0A
:10065000070C0138A8E73146EDE7034699E7304635
:10066000D4E7D6467FE7634402384DE70646234683
:1006700008460FE7023E634430E700BF704700BF03
:1006800080B500AF094B1B780133DAB2074B1A7003
:10069000064B1B78142B07D9044B00221A704FF419
:1006A0000051034802F045FA00BF80BDF401002468
:1006B0000008025880B500AF00F02CFB00F0B8F83D
:1006C00000F044FC4FF47A7001F0DEFE4FF49673B4
:1006D0004FF496724FF496714FF4967000F026F92D
:1006E000FFF7CEFF00F06AFA0A2001F0CDFE00BF4E
:1006F000F6E7000080B485B000AF0346FB7100232D
:10070000FB81FB79032B29D801A252F823F000BF0B
:10071000210700082F070008410700084F070008BD
:10072000134B5B6AFB81124B00225A6217E04FF0B9
:1007300080435B6AFB814FF0804300225A620EE0E7
:100740000C4B5B6AFB810B4B00225A6207E00A4BA1
:100750005B6AFB81084B00225A6200E000BFB7F9D8
:100760000E3018461437BD465DF8047B704700BF55
:1007700000040040000C00400008004080B483B03A
:1007800000AF78600C4B1A687B681A607B68043392
:100790000A4A12681A607B680833094A12681A60AC
:1007A0007B680C33074A12681A6000BF0C37BD46DD
:1007B0005DF8047B704700BFF8010024FC010024B1
:1007C000000200240402002480B500AF0020FFF7DF
:1007D00091FF03461A46124B1B681344104A1360DC
:1007E0000120FFF787FF03461A460E4B1B68134490
:1007F0000C4A13600220FFF77DFF03461A460A4B9E
:100800001B689B1A084A13600320FFF773FF034617
:100810001A46064B1B689B1A044A136000BF80BD32
:10082000F8010024FC01002400020024040200243A
:1008300080B500AF0421084805F0EEF9042107480F
:1008400005F0EAF90421064805F0E6F90421054817
:1008500005F0E2F900BF80BD500300249C03002492
:10086000E80300243404002490B585B000AF0446AA
:10087000084611461A462346FB800346BB800B46BA
:100880007B8013463B804FF47A73FB81B7F90620D7
:10089000B7F90E305B429A420BDBB7F90620B7F985
:1008A0000E309A4205DCB7F906301946002000F0F8
:1008B00059FAB7F90420B7F90E305B429A420BDBC4
:1008C000B7F90420B7F90E309A4205DCB7F90430C5
:1008D0001946012000F046FAB7F90220B7F90E30A8
:1008E0005B429A420BDBB7F90220B7F90E309A420D
:1008F00005DCB7F902301946022000F033FAB7F9E7
:100900000020B7F90E305B429A420BDBB7F90020AA
:10091000B7F90E309A4205DCB7F9003019460320CA
:1009200000F020FA00BF1437BD4690BD90B585B0E9
:1009300000AF0446084611461A462346FB8003468C
:10094000BB800B467B8013463B80174B01221A70FD
:10095000164AFB881384154ABB885384134A7B8844
:100960009384124A3B88D3840023FB7313E0FB7B00
:100970000E4A103332F9133007EE903AB8EEE77BA7
:10098000F7EEC77BFB7BB0EE670A184600F002FC6F
:10099000FB7B0133FB73FB7B032BE8D900BF00BF5C
:1009A0001437BD4690BD00BF380200244402002425
:1009B00080B588B000AF786000F0CEF800F0BEF8E7
:1009C00087ED070A584B1B68642202FB03F307EE0E
:1009D000903AB8EEE77AD7ED077A27EE277ADFED7F
:1009E000536AC7EE267AC7ED067A4F4B5B686422DE
:1009F00002FB03F307EE903AB8EEE77AD7ED077AF9
:100A000027EE277ADFED496AC7EE267AC7ED057A29
:100A1000454B9B68642202FB03F307EE903AB8EE65
:100A2000E77AD7ED077A27EE277ADFED406AC7EE3F
:100A3000267AC7ED047A3C4BDB68642202FB03F3A1
:100A400007EE903AB8EEE77AD7ED077A27EE277AE5
:100A5000DFED366AC7EE267AC7ED037AD7ED067A60
:100A60009FED337A67EE877AFDEEE77A17EE903ADC
:100A70001AB27B681A80D7ED057A9FED2D7A67EE62
:100A8000877A7B680233FDEEE77A17EE902A12B27E
:100A90001A80D7ED047A9FED267A67EE877A7B6815
:100AA0000433FDEEE77A17EE902A12B21A80D7EDE2
:100AB000037A9FED1F7A67EE877A7B680633FDEE37
:100AC000E77A17EE902A12B21A801A4B1B78002B85
:100AD00026D0D7ED067A9FED167A67EE877A164B09
:100AE000C3ED007AD7ED057A9FED117A67EE877A2C
:100AF000114BC3ED017AD7ED047A9FED0D7A67EEC5
:100B0000877A0D4BC3ED027AD7ED037A9FED087A11
:100B100067EE877A084BC3ED037A074800F00AFBBB
:100B200000BF2037BD4680BD2802002400001A45C2
:100B300000007A44380200244402002480B400AF4C
:100B4000044B07EE903AB0EE670ABD465DF8047BB1
:100B5000704700BF65AA803E80B582B000AFFFF746
:100B600033FE1348FFF70AFE0023FB7117E0FB7901
:100B70000F4A52F82310FB790E4A52F82320FB79D2
:100B80008A1A0D4941F82320FA79FB79084951F86E
:100B90002220084941F82320FB790133FB71FB79BE
:100BA000032BE4D900BF00BF0837BD4680BD00BF9E
:100BB00008020024180200242802002480B582B014
:100BC00002AF2648FFF7F4FE254B1B680133244A89
:100BD0001360234B1B681D2B16DD214B00221A606E
:100BE0001E4BB3F9003019461C4BB3F902301A46BC
:100BF0001A4BB3F904301846184BB3F9063000937A
:100C00000346184807F0A2FD174B1B78002B21D094
:100C1000164BD3ED047AFDEEE77A17EE903A18B250
:100C2000124BD3ED057AFDEEE77A17EE903A19B242
:100C30000E4BD3ED067AFDEEE77A17EE903A1AB234
:100C40000A4BD3ED077AFDEEE77A17EE903A1BB226
:100C5000FFF70AFE00BFBD4680BD00BF3C02002476
:100C60006C02002478A50008380200244402002405
:100C700080B483B000AF0346FB80B7F90630002B89
:100C800005DDFB8803F57A739BB21BB20AE0B7F966
:100C90000630002B05DAFB88A3F57A739BB21BB2F2
:100CA00000E0002318460C37BD465DF8047B704712
:100CB00080B483B000AF0346FB80B7F90630B3F5CC
:100CC000FA6F02DB4FF4FA6308E0B7F9063013F568
:100CD000FA6F01DC044B01E0B7F9063018460C3717
:100CE000BD465DF8047B704730F8FFFF80B483B0E9
:100CF00000AF0346FB80B7F90630002B03DAFB8810
:100D00005B429BB200E0FB8818460C37BD465DF89D
:100D1000047B704780B500AF0021104804F0C8FD87
:100D200004210E4804F0C4FD08210C4804F0C0FD65
:100D30000C210A4804F0BCFD0021094805F0B0FC74
:100D40000421074805F0ACFC0821054804F0B0FD7B
:100D50000C21034804F0ACFD00BF80BD0403002457
:100D60008004002480B584B000AF03460A46FB71BE
:100D70001346BB80B7F904301846FFF779FF0346E6
:100D8000FB81B7F90E301846FFF792FF0346FB814F
:100D9000FB79042B00F2D08001A252F823F000BFAF
:100DA000B50D0008E70D0008190E0008430E0008F5
:100DB0006D0E0008FB895B429BB2FB81B7F90E30D8
:100DC000002B07DB5F4AB7F90E30D3635D4B00227F
:100DD0001A64B2E05B4B0022DA63B7F90E305A4274
:100DE000584B1A64A9E0FB895B429BB2FB81B7F9BF
:100DF0000E30002B07DB534AB7F90E305363514BCB
:100E000000229A6399E04F4B00225A63B7F90E30E3
:100E10005A424C4B9A6390E0B7F90E30002B07DB37
:100E2000494AB7F90E305363474B00229A6384E076
:100E3000454B00225A63B7F90E305A42424B9A632F
:100E40007BE0B7F90E30002B07DB3F4AB7F90E30D5
:100E5000D3633D4B00221A646FE03B4B0022DA6300
:100E6000B7F90E305A42384B1A6466E0B7F90E30C3
:100E7000002B30DB334B0022DA63B7F90E30184613
:100E8000FFF734FF03461A462E4B1A642D4B0022FF
:100E90005A63B7F90E301846FFF728FF03461A4683
:100EA000284B9A63B7F90E301846FFF71FFF034629
:100EB0001A46254B5A63244B00229A63B7F90E3029
:100EC0001846FFF713FF03461A461F4BDA631E4B03
:100ED00000221A6431E0B7F90E301846FFF706FF1A
:100EE00003461A46174BDA63164B00221A64B7F909
:100EF0000E301846FFF7FAFE03461A46114B5A63A6
:100F0000104B00229A63104B00225A63B7F90E303F
:100F10001846FFF7EBFE03461A460B4B9A630A4B43
:100F20000022DA63B7F90E301846FFF7DFFE0346FA
:100F30001A46054B1A6400E000BF00BF1037BD46DB
:100F400080BD00BF000001400004014080B483B0B8
:100F500000AF00237B6062E036497A681346DB000D
:100F600013449B000B444FF000021A6031497A6829
:100F70001346DB0013449B000B4404334FF0000284
:100F80001A602C497A681346DB0013449B000B441B
:100F900014334FF000021A6026497A681346DB00CA
:100FA00013449B000B4418334FF000021A60214990
:100FB0007A681346DB0013449B000B441C334FF04C
:100FC00000021A601B497A681346DB0013449B0039
:100FD0000B4420334FF000021A6016497A6813461A
:100FE000DB0013449B000B440833134A1A60114979
:100FF0007A681346DB0013449B000B440C330F4A02
:101000001A600C497A681346DB0013449B000B44BA
:1010100010334FF07C521A607B6801337B607B6831
:10102000032B99DD00BF00BF0C37BD465DF8047B84
:10103000704700BF70020024CDCC4C3F8FC2753D7D
:1010400080B483B000AF786087ED000A7B6893EDD1
:10105000007AD7ED007A77EE677A7B68C3ED057A80
:101060007B6893ED017A7B68D3ED026A7B6893ED30
:10107000056A7B68D3ED077A76EE677A66EEA76A33
:101080007B6893ED036A7B68D3ED057A66EE277A79
:1010900076EEA76A7B6893ED046A7B68D3ED055A08
:1010A0007B68D3ED077A77EEA77A75EEE75A7B680F
:1010B000D3ED067A75EEA77A66EE277A76EEA77AF2
:1010C00077EE277A7B68C3ED017A7B68DA697B6803
:1010D0009A617B685A697B68DA617B68D3ED017A33
:1010E0009FED107AF4EEC77AF1EE10FA02DD7B681C
:1010F0000D4A5A607B68D3ED017A9FED0C7AF4EECD
:10110000C77AF1EE10FA02D57B68094A5A607B680B
:101110005B6807EE903AB0EE670A0C37BD465DF8A3
:10112000047B704700007A4400007A4400007AC4CF
:1011300000007AC480B584B000AF78600023FB6003
:101140001DE0FA681346DB0013449B00104A99180F
:101150007A68FB689B001344D3ED007AB0EE670A0F
:101160000846FFF76DFFF0EE407A7A68FB680433BB
:101170009B001344C3ED007AFB680133FB60FB68FE
:10118000032BDEDD00BF00BF1037BD4680BD00BFB2
:101190007002002480B485B000AF034687ED000ADA
:1011A000FB71FB79042B1FD8FB79042B12D1002390
:1011B000FB600BE00F49FA681346DB0013449B0009
:1011C0000B443A681A60FB680133FB60FB68032B31
:1011D000F0DD0AE0FA7907491346DB0013449B006F
:1011E0000B443A681A6000E000BF1437BD465DF852
:1011F000047B70477002002480B58CB000AF07F10B
:101200001C0300221A605A609A60DA601A61394B36
:10121000D3F8E030374A43F00403C2F8E030354BEE
:10122000D3F8E03003F00403BB61BB69314BD3F862
:10123000E030304A43F08003C2F8E0302D4BD3F861
:10124000E03003F080037B617B692A4BD3F8E03008
:10125000284A43F00103C2F8E030264BD3F8E030CF
:1012600003F001033B613B69224BD3F8E030214A94
:1012700043F00203C2F8E0301E4BD3F8E03003F035
:101280000203FB60FB681B4BD3F8E030194A43F0C4
:101290001003C2F8E030174BD3F8E03003F010032E
:1012A000BB60BB68134BD3F8E030124A43F008032D
:1012B000C2F8E0300F4BD3F8E03003F008037B6056
:1012C0007B6800224FF400510B4801F019FC4FF4E9
:1012D0000053FB6101233B6200237B620023BB625E
:1012E00007F11C031946044801F05AFA00BF3037D1
:1012F000BD4680BD004402580008025880B500AFCA
:1013000000F0D8F801F02EF800F014F8FFF774FFA1
:1013100000F04EFB00F0A0FB00F0F4FB00F048FCF6
:1013200000F092FA00F09AFC00F03CFFFFF7C2F9DF
:1013300000BFFDE780B59EB000AF07F12C034C2243
:101340000021184607F057FA07F10C03202200216C
:10135000184607F050FA022001F006FC0023BB609B
:10136000484BDB6A474A23F00103D362454BDB6AF3
:1013700003F00103BB60444B9B69434A43F4404381
:101380009361414B9B6903F44043BB60BB6800BF62
:101390003D4B9B6903F40053B3F5005FF8D13B4B21
:1013A000D3F8F430394A43F00203C2F8F430374B33
:1013B000D3F8F43003F002037B607B6800233B60CA
:1013C000314B9B69304A43F4404393612E4B9B69F8
:1013D00003F440433B602B4BDB6A2A4A43F0010392
:1013E000D362284BDB6A03F001033B603B6800BF1C
:1013F000254B9B6903F40053B3F5005FF8D101233B
:10140000FB624FF480333B6302233B6502237B6521
:101410000523BB65C023FB6502233B6605237B6672
:101420000223BB660823FB6600233B6700237B6720
:1014300007F12C03184601F0D1FB0346002B01D025
:1014400000F064F83F23FB6003233B6100237B61D2
:101450000823BB614023FB6140233B624FF4806360
:101460007B624023BB6207F10C030421184602F0A3
:101470000FF80346002B01D000F048F800BF783782
:10148000BD4680BD00040058004802580044025880
:1014900080B582B000AF7860391D4FF6FF7301222E
:1014A000034805F040FB7B6818460837BD4680BD01
:1014B000CC04002480B584B000AF3B4600221A6003
:1014C0005A609A60DA6001F0F3F801233B70002360
:1014D0007B7000237B601F233B7287237B7200237A
:1014E000BB720023FB7201233B7301237B73002338
:1014F000BB730023FB733B46184601F011F904202F
:1015000001F0EEF800BF1037BD4680BD80B400AFDB
:1015100072B600BF00BFFDE780B483B000AF0A4BD6
:10152000D3F8F430084A43F00203C2F8F430064B13
:10153000D3F8F43003F002037B607B6800BF0C3704
:10154000BD465DF8047B70470044025880B400AF8C
:1015500000BFFDE780B400AF00BFFDE780B400AF7F
:1015600000BFFDE780B400AF00BFFDE780B400AF6F
:1015700000BFFDE780B400AF00BFBD465DF8047B4F
:10158000704780B400AF00BFBD465DF8047B704774
:1015900080B400AF00BFBD465DF8047B704780B5E6
:1015A00000AF00F051FF00BF80BD80B400AF012349
:1015B0001846BD465DF8047B704780B582B000AF29
:1015C0007860396007F06AF9034616221A604FF016
:1015D000FF3318460837BD4680BD80B582B000AFE6
:1015E00078604FF0FF317868FFF7E7FF00BFFDE755
:1015F00080B586B000AFF860B9607A6000237B6187
:101600000AE0AFF300800146BB685A1CBA60CAB258
:101610001A707B6901337B617A697B689A42F0DBDF
:101620007B6818461837BD4680BD80B586B000AFD0
:10163000F860B9607A6000237B6109E0BB685A1CDE
:10164000BA601B781846FFF723FF7B6901337B6183
:101650007A697B689A42F1DB7B6818461837BD4689
:1016600080BD80B483B000AF78604FF0FF33184680
:101670000C37BD465DF8047B704780B483B000AF83
:10168000786039603B684FF400525A600023184676
:101690000C37BD465DF8047B704780B483B000AF63
:1016A0007860012318460C37BD465DF8047B70470F
:1016B00080B485B000AFF860B9607A600023184646
:1016C0001437BD465DF8047B7047000080B586B0D6
:1016D00000AF7860144A154BD31A7B617B693B617C
:1016E000134B1B68002B02D1114B124A1A60104B8E
:1016F0001A687B6813443A699A4207D207F0CEF819
:1017000003460C221A604FF0FF3309E0084B1B68B8
:10171000FB60074B1A687B681344054A1360FB683B
:1017200018461837BD4680BD00000824000400009C
:1017300000030024B006002480B400AF374BD3F878
:101740008830364A43F47003C2F88830344B1B6843
:1017500003F00F03062B07D8314B1B6823F00F0350
:101760002F4A43F0070313602E4B1B682D4A43F0AA
:10177000010313602B4B00221A612A4B1A68294976
:10178000294B13400B60264B1B6803F00803002B0A
:1017900007D0234B1B6823F00F03214A43F00703B4
:1017A0001360204B00229A611E4B0022DA611D4B10
:1017B00000221A621B4B1D4A9A621A4B1C4ADA62BB
:1017C000184B1C4A1A63174B00225A63154B194ACF
:1017D0009A63144B0022DA63124B164A1A64114BB7
:1017E00000225A640F4B1B680E4A23F480231360B7
:1017F0000C4B00221A66104B1A68104B1340B3F1C1
:10180000005F02D20E4B01221A600E4B43F2D2024D
:101810001A6000BFBD465DF8047B704700ED00E034
:1018200000200052004402587FEDF6EA0002020256
:101830000000FF01800201010010005C0000FFFFBA
:10184000088100510040005280B596B000AF07F10A
:101850004C0300221A605A609A6007F1300300229C
:101860001A605A609A60DA601A615A619A613B1D87
:101870002C220021184606F0BEFF4B4B4B4A1A6043
:10188000494B04225A60484B00229A60464B4FF461
:10189000FA62DA60444B00221A61434B00225A611B
:1018A000414B80229A61404803F0AAFF0346002B77
:1018B00001D0FFF72BFE0023FB6400233B650023D0
:1018C0007B6507F14C031946374804F0ABFF03462C
:1018D000002B01D0FFF71AFE60233B6300237B63DC
:1018E0000023BB630023FB6300233B6400237B6472
:1018F0000023BB6407F13003002219462A4804F094
:1019000019FA0346002B01D0FFF700FE07F1300360
:1019100004221946244804F00DFA0346002B01D096
:10192000FFF7F4FD07F13003082219461E4804F0C2
:1019300001FA0346002B01D0FFF7E8FD07F1300361
:101940000C221946184804F0F5F90346002B01D083
:10195000FFF7DCFD00237B600023BB600023FB60FE
:1019600000233B6100237B614FF40053BB610023E4
:10197000FB6100233B624FF000737B620023BB627C
:101980000023FB623B1D1946074804F0D9FF0346BC
:10199000002B01D0FFF7BAFD034800F05BFB00BF4E
:1019A0005837BD4680BD00BF04030024000001403D
:1019B00080B58CB000AF07F10C032422002118463B
:1019C00006F019FF3B4600221A605A609A60214BCC
:1019D0004FF080421A601F4B00225A601D4B0022BC
:1019E0009A601C4B4FF6FF72DA601A4B00221A61A4
:1019F000184B00229A610323FB6000233B61012303
:101A00007B610023BB610023FB6100233B62012358
:101A10007B620023BB620023FB6207F10C031946C3
:101A20000C4804F053F80346002B01D0FFF76EFD7D
:101A300000233B600023BB603B461946054804F089
:101A4000F1FE0346002B01D0FFF760FD00BF3037E9
:101A5000BD4680BD5003002480B58CB000AF07F1B7
:101A60000C0324220021184606F0C5FE3B46002246
:101A70001A605A609A60214B214A1A601F4B00225B
:101A80005A601E4B00229A601C4B4FF6FF72DA60C0
:101A90001A4B00221A61194B00229A610323FB6042
:101AA00000233B6101237B610023BB610023FB61B9
:101AB00000233B6201237B620023BB620023FB62A5
:101AC00007F10C0319460D4804F000F80346002BFB
:101AD00001D0FFF71BFD00233B600023BB603B46AA
:101AE0001946064804F09EFE0346002B01D0FFF77E
:101AF0000DFD00BF3037BD4680BD00BF9C030024F4
:101B00000004004080B58CB000AF07F10C03242224
:101B10000021184606F06FFE3B4600221A605A600C
:101B20009A60214B214A1A601F4B00225A601E4BBB
:101B300000229A601C4B4FF6FF72DA601A4B0022AB
:101B40001A61194B00229A610323FB6000233B6159
:101B500001237B610023BB610023FB6100233B6207
:101B600001237B620023BB620023FB6207F10C03AD
:101B700019460D4803F0AAFF0346002B01D0FFF7DA
:101B8000C5FC00233B600023BB603B46194606486A
:101B900004F048FE0346002B01D0FFF7B7FC00BF5E
:101BA0003037BD4680BD00BFE80300240008004078
:101BB00080B58CB000AF07F10C0324220021184639
:101BC00006F019FE3B4600221A605A609A60214BCB
:101BD000214A1A601F4B00225A601E4B00229A6055
:101BE0001C4B4FF6FF72DA601A4B00221A61194B38
:101BF00000229A610323FB6000233B6101237B6188
:101C00000023BB610023FB6100233B6201237B6255
:101C10000023BB620023FB6207F10C0319460D4849
:101C200003F054FF0346002B01D0FFF76FFC0023A5
:101C30003B600023BB603B461946064804F0F2FDBA
:101C40000346002B01D0FFF761FC00BF3037BD46D3
:101C500080BD00BF34040024000C004080B596B065
:101C600000AF07F14C0300221A605A609A6007F136
:101C7000300300221A605A609A60DA601A615A6171
:101C80009A613B1D2C220021184606F0B4FD4B4BF7
:101C90004B4A1A60494B04225A60484B00229A6012
:101CA000464B4FF4FA62DA60444B00221A61434B10
:101CB00000225A61414B80229A61404803F0A0FD06
:101CC0000346002B01D0FFF721FC0023FB64002317
:101CD0003B6500237B6507F14C031946374804F048
:101CE000A1FD0346002B01D0FFF710FC60233B63EE
:101CF00000237B630023BB630023FB6300233B645F
:101D000000237B640023BB6407F1300300221946E3
:101D10002A4804F00FF80346002B01D0FFF7F6FB2A
:101D200007F1300304221946244804F003F803465F
:101D3000002B01D0FFF7EAFB07F130030822194618
:101D40001E4803F0F7FF0346002B01D0FFF7DEFB30
:101D500007F130030C221946184803F0EBFF034645
:101D6000002B01D0FFF7D2FB00237B600023BB6078
:101D70000023FB6000233B6100237B614FF4005391
:101D8000BB610023FB6100233B624FF000737B6269
:101D90000023BB620023FB623B1D1946074804F089
:101DA000CFFD0346002B01D0FFF7B0FB034800F046
:101DB00051F900BF5837BD4680BD00BF80040024E4
:101DC0000004014080B485B000AF78607B681B6878
:101DD000164A93420FD1164BD3F8F030144A43F011
:101DE0000103C2F8F030124BD3F8F03003F00103D6
:101DF000FB60FB6813E07B681B680E4A93420ED1C0
:101E00000B4BD3F8F0300A4A43F00203C2F8F0302B
:101E1000074BD3F8F03003F00203BB60BB6800BF90
:101E20001437BD465DF8047B704700BF00000140D9
:101E3000004402580004014080B590B000AF7860C3
:101E400007F12C0300221A605A609A60DA601A6166
:101E50007B681B68B3F1804F4ED1774BD3F8E830E5
:101E6000754A43F00103C2F8E830734BD3F8E83009
:101E700003F00103BB62BB6A6F4BD3F8E0306E4ADC
:101E800043F00103C2F8E0306B4BD3F8E03003F0CD
:101E900001037B627B6A684BD3F8E030664A43F00B
:101EA0000203C2F8E030644BD3F8E03003F00203E1
:101EB0003B623B6A4FF40043FB6202233B63002317
:101EC0007B630023BB630123FB6307F12C031946EB
:101ED0005A4800F065FC0823FB6202233B630023A1
:101EE0007B630023BB630123FB6307F12C031946CB
:101EF000534800F055FC9BE07B681B68514A9342B5
:101F00002ED14D4BD3F8E8304B4A43F00203C2F8D0
:101F1000E830494BD3F8E83003F00203FB61FB697A
:101F2000454BD3F8E030444A43F00203C2F8E030B6
:101F3000414BD3F8E03003F00203BB61BB693023AF
:101F4000FB6202233B6300237B630023BB6302230A
:101F5000FB6307F12C031946394800F021FC67E0C8
:101F60007B681B68384A93422FD1334BD3F8E83053
:101F7000314A43F00403C2F8E8302F4BD3F8E8307D
:101F800003F004037B617B692B4BD3F8E0302A4AD2
:101F900043F00803C2F8E030274BD3F8E03003F0F9
:101FA00008033B613B694FF44053FB6202233B63F0
:101FB00000237B630023BB630223FB6307F12C0335
:101FC0001946224800F0ECFB32E07B681B68204A8F
:101FD00093422DD1184BD3F8E830174A43F0080349
:101FE000C2F8E830144BD3F8E83003F00803FB6084
:101FF000FB68114BD3F8E0300F4A43F00103C2F8FD
:10200000E0300D4BD3F8E03003F00103BB60BB6858
:102010000323FB6202233B6300237B630023BB6338
:102020000223FB6307F12C031946044800F0B8FBB8
:1020300000BF4037BD4680BD004402580000025832
:10204000000402580004004000080040000C025840
:10205000000C004080B58CB000AF786007F11C0325
:1020600000221A605A609A60DA601A617B681B6805
:10207000454A934220D1454BD3F8E030434A43F0E0
:102080001003C2F8E030414BD3F8E03003F0100306
:10209000BB61BB694FF4D443FB6102233B62002365
:1020A0007B620023BB620123FB6207F11C0319461C
:1020B000374800F075FB62E07B681B68354A934245
:1020C0005DD1324BD3F8E030304A43F00103C2F81F
:1020D000E0302E4BD3F8E03003F001037B617B69E5
:1020E0002A4BD3F8E030294A43F00203C2F8E0302B
:1020F000264BD3F8E03003F002033B613B69234BEE
:10210000D3F8E030214A43F00403C2F8E0301F4B1B
:10211000D3F8E03003F00403FB60FB682023FB618D
:1021200002233B6200237B620023BB620323FB622A
:1021300007F11C031946184800F032FB0123FB612C
:1021400002233B6200237B620023BB620323FB620A
:1021500007F11C031946114800F022FB4FF44073AD
:10216000FB6102233B6200237B620023BB620323EB
:10217000FB6207F11C031946094800F011FB00BF80
:102180003037BD4680BD00BF00000140004402580A
:1021900000100258000401400000025800040258D8
:1021A0000008025880B500AF224B234A1A60214B29
:1021B0004FF4E1325A601F4B00229A601D4B0022FF
:1021C000DA601C4B00221A611A4B0C225A61194B1F
:1021D00000229A61174B00221A62164B00225A62A3
:1021E000144B00229A62134B00225A66114804F0E5
:1021F0004AFC0346002B01D0FFF788F900210D4867
:1022000005F0E1FC0346002B01D0FFF77FF9002128
:10221000084805F016FD0346002B01D0FFF776F9BC
:10222000044805F097FC0346002B01D0FFF76EF938
:1022300000BF80BDCC040024000C005880B5BAB0AB
:1022400000AF786007F1D40300221A605A609A60E8
:10225000DA601A6107F11003C0220021184606F067
:10226000CAFA7B681B68274A934246D14FF00402A2
:102270004FF00003C7E904230023C7F8A43007F197
:102280001003184601F090FC0346002B01D0FFF725
:102290003DF91D4BD3F8F4301B4A43F00803C2F854
:1022A000F430194BD3F8F43003F00803FB60FB68FB
:1022B000154BD3F8E030144A43F00103C2F8E03084
:1022C000114BD3F8E03003F00103BB60BB684FF45F
:1022D000C063C7F8D4300223C7F8D8300023C7F84A
:1022E000DC300023C7F8E0300323C7F8E43007F1FF
:1022F000D4031946054800F053FA00BFE837BD463D
:1023000080BD00BF000C0058004402580000025875
:10231000DFF834D0FFF710FA0C480D490D4A0023BE
:1023200002E0D458C4500433C4188C42F9D30A4A8A
:102330000A4C002301E013600432A242FBD306F0F2
:10234000B3FAFEF7DBFF704700000824000000240A
:10235000D801002450A90008D8010024B0060024A8
:10236000FEE7000080B582B000AF032000F06EF9F8
:1023700001F044FA0246154B9B691B0A03F00F0358
:102380001349CB5C03F01F0322FA03F37B600F4B6E
:102390009B6903F00F030E4AD35C03F01F037A68B6
:1023A00022FA03F30B4A13600B4A7B6813600F2079
:1023B00000F014F80346002B01D0012302E0FFF7E0
:1023C000ABF8002318460837BD4680BD00440258CC
:1023D00094A50008040000240000002480B582B009
:1023E00000AF7860154B1B78002B01D1012321E051
:1023F000134B1A68114B1B7819464FF47A73B3FBD1
:10240000F1F3B2FBF3F3184600F045F90346002B55
:1024100001D001230EE07B680F2B0AD800227968D7
:102420004FF0FF3000F01DF9064A7B68136000236F
:1024300000E0012318460837BD4680BD0C0000248B
:10244000000000240800002480B400AF064B1B7875
:102450001A46064B1B681344044A136000BFBD466E
:102460005DF8047B704700BF0C0000246005002469
:1024700080B400AF034B1B681846BD465DF8047B73
:10248000704700BF6005002480B584B000AF78605D
:10249000FFF7EEFFB8607B68FB60FB68B3F1FF3FBE
:1024A00005D00A4B1B781A46FB681344FB6000BF3B
:1024B000FFF7DEFF0246BB68D31AFA689A42F7D8E4
:1024C00000BF00BF1037BD4680BD00BF0C00002418
:1024D00080B400AF034B1B681B0C1846BD465DF86B
:1024E000047B70470010005C80B485B000AF78605A
:1024F0007B6803F00703FB600B4BDB68BB60BA68CB
:102500004FF6FF031340BB60FB681A02BB681A4317
:10251000064B1343BB60044ABB68D36000BF14374B
:10252000BD465DF8047B704700ED00E00000FA0551
:1025300080B400AF044BDB681B0A03F007031846A6
:10254000BD465DF8047B704700ED00E080B483B0C9
:1025500000AF03463960FB80B7F90630002B0ADB79
:102560003B68DAB20C49B7F906301201D2B20B441B
:1025700083F800230AE03B68DAB20849FB8803F0DD
:102580000F03043B1201D2B20B441A7600BF0C3782
:10259000BD465DF8047B704700E100E000ED00E01F
:1025A00080B489B000AFF860B9607A60FB6803F06E
:1025B0000703FB61FB69C3F10703042B28BF042356
:1025C000BB61FB690433062B02D9FB69033B00E0C6
:1025D00000237B614FF0FF32BB6902FA03F3DA4359
:1025E000BB681A407B699A404FF0FF317B6901FA62
:1025F00003F3D9437B680B40134318462437BD4689
:102600005DF8047B7047000080B582B000AF786051
:102610007B68013BB3F1807F01D301230FE00A4ABD
:102620007B68013B53600F214FF0FF30FFF78EFFB7
:10263000054B00229A60044B07221A6000231846BB
:102640000837BD4680BD00BF10E000E080B582B015
:1026500000AF78607868FFF747FF00BF0837BD46D6
:1026600080BD80B586B000AF0346B9607A60FB815B
:10267000FFF75EFF78617A68B9687869FFF790FFC5
:102680000246B7F90E3011461846FFF75FFF00BF4C
:102690001837BD4680BD80B582B000AF78607868DD
:1026A000FFF7B2FF034618460837BD4680BD00005D
:1026B00080B400AFBFF35F8F00BF074B5B6A064A71
:1026C00023F480335362054B00225A6000BFBD469D
:1026D0005DF8047B704700BF00ED00E090ED00E086
:1026E00080B483B000AF78600B4A7B6843F001038D
:1026F00053600A4B5B6A094A43F480335362BFF369
:102700004F8F00BFBFF36F8F00BF00BF0C37BD46B8
:102710005DF8047B704700BF90ED00E000ED00E045
:1027200080B483B000AF78607B685A781B4B9A60A6
:102730001A4B1B69194A23F001031361174A7B687E
:102740005B68D3607B681B7B1A077B68DB7A1B06A0
:102750001A437B689B7ADB041A437B685B7B9B0490
:102760001A437B689B7B5B041A437B68DB7B1B04FF
:102770001A437B685B7A1B021A437B681B7A5B00F7
:1027800013437A6812781146044A0B43136100BF61
:102790000C37BD465DF8047B704700BF90ED00E04C
:1027A00080B489B000AF786039600023FB61894B49
:1027B0007B6194E13B681A680121FB6901FA03F32C
:1027C00013403B613B69002B00F086813B685B68EE
:1027D00003F00303012B05D03B685B6803F00303A0
:1027E000022B30D17B689B68BB61FB695B000322D5
:1027F00002FA03F3DB43BA691340BB613B68DA6852
:10280000FB695B0002FA03F3BA691343BB617B689F
:10281000BA699A607B685B68BB610122FB6902FA56
:1028200003F3DB43BA691340BB613B685B681B0978
:1028300003F00102FB6902FA03F3BA691343BB61B7
:102840007B68BA695A603B685B6803F00303032B3B
:1028500017D07B68DB68BB61FB695B00032202FA6F
:1028600003F3DB43BA691340BB613B689A68FB69B9
:102870005B0002FA03F3BA691343BB617B68BA6970
:10288000DA603B685B6803F00303022B23D1FB692A
:10289000DA087B68083253F82230BB61FB6903F029
:1028A00007039B000F2202FA03F3DB43BA691340CC
:1028B000BB613B681A69FB6903F007039B0002FADE
:1028C00003F3BA691343BB61FB69DA087B6808321A
:1028D000B96943F822107B681B68BB61FB695B0028
:1028E000032202FA03F3DB43BA691340BB613B687E
:1028F0005B6803F00302FB695B0002FA03F3BA6949
:102900001343BB617B68BA691A603B685B6803F478
:102910004033002B00F0E0802F4BD3F8F4302E4AE8
:1029200043F00203C2F8F4302B4BD3F8F43003F039
:102930000203FB60FB68294AFB699B08023352F8DB
:102940002330BB61FB6903F003039B000F2202FAF3
:1029500003F3DB43BA691340BB617B68204A9342AF
:1029600052D07B681F4A934231D07B681E4A934203
:102970002BD07B681D4A934225D07B681C4A93422A
:102980001FD07B681B4A934219D07B681A4A934236
:1029900013D07B68194A93420DD07B68184A934242
:1029A00007D07B68174A934201D109232DE00A23FF
:1029B0002BE0082329E0072327E0062325E0052351
:1029C00023E0042321E003231FE002231DE0012371
:1029D0001BE000BF8000005800440258000400586B
:1029E000000002580004025800080258000C025867
:1029F000001002580014025800180258001C025817
:102A000000200258002402580023FA6902F0030251
:102A100092009340BA691343BB613849FB699B0834
:102A20000233BA6941F823204FF0B0431B68BB6101
:102A30003B69DB43BA691340BB613B685B6803F4E5
:102A40008013002B03D0BA693B691343BB614FF07D
:102A5000B042BB6913604FF0B0435B68BB613B6938
:102A6000DB43BA691340BB613B685B6803F4001346
:102A7000002B03D0BA693B691343BB614FF0B042EE
:102A8000BB6953607B695B68BB613B69DB43BA69C7
:102A90001340BB613B685B6803F40033002B03D039
:102AA000BA693B691343BB617B69BA695A607B6948
:102AB0001B68BB613B69DB43BA691340BB613B6880
:102AC0005B6803F48033002B03D0BA693B6913437E
:102AD000BB617B69BA691A60FB690133FB613B68C2
:102AE0001A68FB6922FA03F3002B7FF463AE00BF80
:102AF00000BF2437BD465DF8047B704700040058D2
:102B000080B483B000AF78600B467B8013467B7047
:102B10007B78002B03D07A887B689A6103E07B88FE
:102B20001A047B689A6100BF0C37BD465DF8047BD0
:102B3000704780B485B000AF78600B467B807B68BF
:102B40005B69FB607A88FB6813401A04FB68D94311
:102B50007B880B401A437B689A6100BF1437BD46DF
:102B60005DF8047B7047000080B584B000AF7860EA
:102B7000194BDB6803F00403042B0AD0164BDB6807
:102B800003F007037A689A4201D001231FE0002373
:102B90001DE0114BDB6823F007020F497B681343EC
:102BA000CB60FFF765FCF86009E0FFF761FC0246C7
:102BB000FB68D31AB3F57A7F01D9012307E0064BEE
:102BC0005B6803F40053B3F5005FEED100231846B1
:102BD0001037BD4680BD00BF0048025880B58CB09C
:102BE00000AF78607B68002B02D1012300F048BC65
:102BF0007B681B6803F00103002B00F08880994B71
:102C00001B6903F03803FB62964B9B6ABB62FB6A4D
:102C1000102B07D0FB6A182B11D1BB6A03F00303FA
:102C2000022B0CD18F4B1B6803F40033002B6DD0AB
:102C30007B685B68002B69D1012300F021BC7B68B5
:102C40005B68B3F5803F06D1864B1B68854A43F429
:102C5000803313602EE07B685B68002B0CD1814BC6
:102C60001B68804A23F4803313607E4B1B687D4AC7
:102C700023F4802313601DE07B685B68B3F5A02F0D
:102C80000CD1784B1B68774A43F480231360754B53
:102C90001B68744A43F4803313600BE0714B1B686C
:102CA000704A23F4803313606E4B1B686D4A23F423
:102CB000802313607B685B68002B13D0FFF7D8FB81
:102CC000786208E0FFF7D4FB02467B6AD31A642BD4
:102CD00001D90323D4E3634B1B6803F40033002BB7
:102CE000F0D014E0FFF7C4FB786208E0FFF7C0FB08
:102CF00002467B6AD31A642B01D90323C0E3594BE4
:102D00001B6803F40033002BF0D100E000BF7B68A8
:102D10001B6803F00203002B00F0CA80514B1B69B3
:102D200003F038033B624F4B9B6AFB613B6A002B0D
:102D300007D03B6A182B56D1FB6903F00303002B25
:102D400051D1484B1B6803F00403002B05D07B686E
:102D5000DB68002B01D1012392E3424B1B6823F077
:102D600019027B68DB683F4913430B60FFF780FB68
:102D7000786208E0FFF77CFB02467B6AD31A022BDD
:102D800001D903237CE3374B1B6803F00403002BBA
:102D9000F0D0FFF79DFB034641F20302934217D8A0
:102DA0007B681B69402B08D12E4B5B6823F47C3376
:102DB0002C4A43F4003353607AE02A4B5B6823F4D7
:102DC0007C327B681B691B03264913434B606FE011
:102DD000244B5B6823F0FE427B681B691B0621497C
:102DE00013434B6064E07B68DB68002B47D01D4BCE
:102DF0001B6823F019027B68DB681A4913430B60D8
:102E0000FFF736FB786208E0FFF732FB02467B6A89
:102E1000D31A022B01D9032332E3124B1B6803F0B0
:102E20000403002BF0D0FFF753FB034641F20302EB
:102E3000934219D87B681B69402B08D1094B5B680A
:102E400023F47C33074A43F40033536030E0054BEE
:102E50005B6823F47C327B681B691B0301491343C5
:102E60004B6025E0004402589A4B5B6823F0FE4219
:102E70007B681B691B06974913434B6018E0954B11
:102E80001B68944A23F001031360FFF7F1FA78629C
:102E900008E0FFF7EDFA02467B6AD31A022B01D94C
:102EA0000323EDE28B4B1B6803F00403002BF0D1EE
:102EB0007B681B6803F01003002B00F0A980854B92
:102EC0001B6903F03803BB61824B9B6A7B61BB6962
:102ED000082B07D0BB69182B3AD17B6903F0030399
:102EE000012B35D17B4B1B6803F48073002B05D07D
:102EF0007B68DB69802B01D00123C1E2FFF7E8FA90
:102F0000034641F20302934217D87B681B6A202BC9
:102F100008D1704B5B6823F0F8436E4A43F080435E
:102F2000536075E06B4B5B6823F0F8427B681B6A6B
:102F30009B06684913434B606AE0664BDB6823F0ED
:102F40007C527B681B6A1B0662491343CB605FE0BF
:102F50007B68DB69002B42D05E4B1B685D4A43F007
:102F600080031360FFF784FA786208E0FFF780FAC5
:102F700002467B6AD31A022B01D9032380E2554B08
:102F80001B6803F48073002BF0D0FFF7A1FA03460F
:102F900041F20302934217D87B681B6A202B08D1A9
:102FA0004C4B5B6823F0F8434A4A43F0804353603C
:102FB0002EE0484B5B6823F0F8427B681B6A9B0657
:102FC000444913434B6023E0424BDB6823F07C52BF
:102FD0007B681B6A1B063F491343CB6018E03D4BDF
:102FE0001B683C4A23F080031360FFF741FA7862C4
:102FF00008E0FFF73DFA02467B6AD31A022B01D99B
:1030000003233DE2334B1B6803F48073002BF0D1A4
:103010007B681B6803F00803002B36D07B685B6974
:10302000002B19D02B4B5B6F2A4A43F001035367E7
:10303000FFF71EFA786208E0FFF71AFA02467B6A89
:10304000D31A022B01D903231AE2224B5B6F03F040
:103050000203002BF0D018E01E4B5B6F1D4A23F0DB
:1030600001035367FFF704FA786208E0FFF700FAFC
:1030700002467B6AD31A022B01D9032300E2154BC7
:103080005B6F03F00203002BF0D17B681B6803F039
:103090002003002B39D07B689B69002B1CD00D4B83
:1030A0001B680C4A43F480531360FFF7E1F9786220
:1030B00008E0FFF7DDF902467B6AD31A022B01D93B
:1030C0000323DDE1034B1B6803F40053002BF0D016
:1030D0001BE000BF004402589B4B1B689A4A23F434
:1030E00080531360FFF7C4F9786208E0FFF7C0F976
:1030F00002467B6AD31A022B01D90323C0E1924B0B
:103100001B6803F40053002BF0D17B681B6803F0AD
:103110000403002B00F081808C4B1B688B4A43F426
:1031200080731360FFF7A4F9786208E0FFF7A0F955
:1031300002467B6AD31A642B01D90323A0E1834B97
:103140001B6803F48073002BF0D07B689B68012B15
:1031500006D17D4B1B6F7C4A43F0010313672DE0C2
:103160007B689B68002B0CD1774B1B6F764A23F052
:1031700001031367744B1B6F734A23F00403136737
:103180001CE07B689B68052B0CD16F4B1B6F6E4A54
:1031900043F0040313676C4B1B6F6B4A43F001034E
:1031A00013670BE0684B1B6F674A23F0010313673B
:1031B000654B1B6F644A23F0040313677B689B68AD
:1031C000002B15D0FFF754F978620AE0FFF750F9A9
:1031D00002467B6AD31A41F28832934201D9032313
:1031E0004EE1594B1B6F03F00203002BEED014E0AD
:1031F000FFF73EF978620AE0FFF73AF902467B6A88
:10320000D31A41F28832934201D9032338E14E4B5D
:103210001B6F03F00203002BEED17B685B6A002B6F
:1032200000F02D81484B1B6903F03803182B00F088
:10323000BD807B685B6A022B40F09E80424B1B681E
:10324000414A23F080731360FFF712F9786208E0B7
:10325000FFF70EF902467B6AD31A022B01D903232A
:103260000EE1394B1B6803F00073002BF0D1364B95
:103270009A6A374B13407A68916A7A68D26A120167
:103280000A43314913438B627B681B6B013BC3F3D9
:1032900008027B685B6B013B5B029BB21A437B6855
:1032A0009B6B013B1B0403F4FE031A437B68DB6B3F
:1032B000013B1B0603F0FE43234913430B63224BE0
:1032C000DB6A214A23F00103D3621F4B5A6B214B67
:1032D00013407A68926CD2001B4913434B631A4B1C
:1032E000DB6A23F00C027B681B6C17491343CB622B
:1032F000154BDB6A23F002027B685B6C12491343B7
:10330000CB62114BDB6A104A43F48033D3620E4B1D
:10331000DB6A0D4A43F40033D3620B4BDB6A0A4A83
:1033200043F48023D362084BDB6A074A43F001036E
:10333000D362054B1B68044A43F080731360FFF7A8
:1033400097F8786211E000BF004402580048025824
:103350000CFCFFFF0700FFFFFFF78AF802467B6ABD
:10336000D31A022B01D903238AE0474B1B6803F0D1
:103370000073002BF0D082E0434B1B68424A23F0DD
:1033800080731360FFF774F8786208E0FFF770F855
:1033900002467B6AD31A022B01D9032370E03A4B11
:1033A0001B6803F00073002BF0D168E0364B9B6A7A
:1033B0003B61354B1B6BFB607B685B6A012B31D03B
:1033C0003B6903F003027B689B6A9A422AD13B69FE
:1033D0001B0903F03F027B68DB6A9A4222D1FB683B
:1033E000C3F308027B681B6B013B9A421AD1FB684E
:1033F0005B0A03F07F027B685B6B013B9A4211D151
:10340000FB681B0C03F07F027B689B6B013B9A42BD
:1034100008D1FB681B0E03F07F027B68DB6B013B6E
:103420009A4201D001232BE0174B5B6BDB08C3F3FF
:103430000C033B617B689B6C3A699A421FD0124B2C
:10344000DB6A114A23F00103D362FFF711F87862B7
:1034500000BFFFF70DF802467B6A9342F9D00A4B92
:103460005A6B0A4B13407A68926CD2000649134398
:103470004B63054BDB6A044A43F00103D36200232C
:1034800018463037BD4680BD004402580700FFFF94
:1034900080B586B000AF786039607B68002B01D1C1
:1034A00001239CE18A4B1B6803F00F033A689A42A0
:1034B00010D9874B1B6823F00F0285493B681343E3
:1034C0000B60834B1B6803F00F033A689A4201D0EC
:1034D000012384E17B681B6803F00403002B10D0F8
:1034E0007B681A697B4B9B6903F070039A4208D989
:1034F000784B9B6923F070027B681B697549134305
:103500008B617B681B6803F00803002B10D07B687D
:103510005A69704BDB6903F070039A4208D96D4B0E
:10352000DB6923F070027B685B696A491343CB61F6
:103530007B681B6803F01003002B10D07B689A692E
:10354000644BDB6903F4E0639A4208D9614BDB69A1
:1035500023F4E0627B689B695E491343CB617B681F
:103560001B6803F02003002B10D07B68DA69594BED
:103570001B6A03F070039A4208D9564B1B6A23F06A
:1035800070027B68DB69534913430B627B681B68DD
:1035900003F00203002B10D07B68DA684D4B9B6967
:1035A00003F00F039A4208D94A4B9B6923F00F029C
:1035B0007B68DB68474913438B617B681B6803F0BA
:1035C0000103002B55D0434B9B6923F470627B6849
:1035D0009B68404913438B617B685B68022B07D172
:1035E0003C4B1B6803F40033002B21D10123F6E090
:1035F0007B685B68032B07D1364B1B6803F00073B5
:10360000002B15D10123EAE07B685B68012B07D111
:10361000304B1B6803F48073002B09D10123DEE0DB
:103620002C4B1B6803F00403002B01D10123D6E0CF
:10363000284B1B6923F007027B685B68254913430D
:103640000B61FEF715FF78610AE0FEF711FF0246F5
:103650007B69D31A41F28832934201D90323BEE039
:103660001C4B1B6903F038027B685B68DB009A42E5
:10367000EBD17B681B6803F00203002B10D07B6842
:10368000DA68144B9B6903F00F039A4208D2114B7E
:103690009B6923F00F027B68DB680E4913438B6143
:1036A0000B4B1B6803F00F033A689A4214D2084B85
:1036B0001B6823F00F0206493B6813430B60044B61
:1036C0001B6803F00F033A689A4205D0012386E095
:1036D00000200052004402587B681B6803F004037A
:1036E000002B10D07B681A693F4B9B6903F0700375
:1036F0009A4208D23C4B9B6923F070027B681B699D
:10370000394913438B617B681B6803F00803002B66
:1037100010D07B685A69344BDB6903F070039A421E
:1037200008D2314BDB6923F070027B685B692E495C
:103730001343CB617B681B6803F01003002B10D090
:103740007B689A69284BDB6903F4E0639A4208D2EC
:10375000254BDB6923F4E0627B689B6922491343B4
:10376000CB617B681B6803F02003002B10D07B68C3
:10377000DA691D4B1B6A03F070039A4208D21A4B98
:103780001B6A23F070027B68DB69174913430B62E5
:1037900000F034F80246144B9B691B0A03F00F0338
:1037A0001249CB5C03F01F0322FA03F33B610E4B7B
:1037B0009B6903F00F030D4AD35C03F01F033A69C2
:1037C00022FA03F30A4A13600A4A3B6913600A4B60
:1037D0001B681846FEF702FE0346FB73FB7B184688
:1037E0001837BD4680BD00BF0044025894A50008AC
:1037F00004000024000000240800002480B489B0E4
:1038000000AFB34B1B6903F03803182B00F255814E
:1038100001A252F823F000BF7D380008BB3A00082F
:10382000BB3A0008BB3A0008BB3A0008BB3A0008A4
:10383000BB3A0008BB3A0008A3380008BB3A0008AE
:10384000BB3A0008BB3A0008BB3A0008BB3A000884
:10385000BB3A0008BB3A0008A9380008BB3A000888
:10386000BB3A0008BB3A0008BB3A0008BB3A000864
:10387000BB3A0008BB3A0008AF380008944B1B68FD
:1038800003F02003002B09D0914B1B68DB0803F0E9
:103890000303904A22FA03F3BB6111E18D4BBB6134
:1038A0000EE18D4BBB610BE18C4BBB6108E1884B9A
:1038B0009B6A03F003037B61854B9B6A1B0903F042
:1038C0003F033B61824BDB6A03F00103FB60804BEB
:1038D0005B6BDB08C3F30C03FA6802FB03F307EE30
:1038E000903AF8EE677AC7ED027A3B69002B00F058
:1038F000E1807B69022B00F083807B69022B00F260
:10390000A1807B69002B03D07B69012B56D099E005
:103910006F4B1B6803F02003002B2DD06C4B1B68F2
:10392000DB0803F003036B4A22FA03F37B607B6836
:1039300007EE903AF8EE676A3B6907EE903AF8EEC8
:10394000677A86EEA77A624B1B6BC3F3080307EE18
:10395000903AF8EE676A97ED026ADFED615AC6EEBB
:10396000257A76EEA77AF7EE006A77EEA67A67EE0A
:10397000277AC7ED077A87E03B6907EE903AF8EEC1
:10398000677ADFED586A86EEA77A514B1B6BC3F35B
:10399000080307EE903AF8EE676A97ED026ADFEDEA
:1039A000505AC6EE257A76EEA77AF7EE006A77EEE1
:1039B000A67A67EE277AC7ED077A65E03B6907EEDE
:1039C000903AF8EE677ADFED486A86EEA77A404BC8
:1039D0001B6BC3F3080307EE903AF8EE676A97EDA6
:1039E000026ADFED3F5AC6EE257A76EEA77AF7EE49
:1039F000006A77EEA67A67EE277AC7ED077A43E08A
:103A00003B6907EE903AF8EE677ADFED386A86EEAA
:103A1000A77A2F4B1B6BC3F3080307EE903AF8EE1F
:103A2000676A97ED026ADFED2E5AC6EE257A76EECA
:103A3000A77AF7EE006A77EEA67A67EE277AC7EDE7
:103A4000077A21E03B6907EE903AF8EE677ADFEDFE
:103A5000266A86EEA77A1E4B1B6BC3F3080307EE9C
:103A6000903AF8EE676A97ED026ADFED1D5AC6EEEE
:103A7000257A76EEA77AF7EE006A77EEA67A67EEF9
:103A8000277AC7ED077A00BF114B1B6B5B0A03F067
:103A90007F0301333B603B6807EE903AB8EE677AEC
:103AA000D7ED076AC6EE877AFCEEE77A17EE903A12
:103AB000BB6105E00023BB6102E0074BBB6100BFB7
:103AC000BB6918462437BD465DF8047B704700BFCC
:103AD000004402580090D00300093D0040787D0169
:103AE000000000460024744C0024744A20BCBE4BE5
:103AF00080B582B000AFFFF781FE0246104B9B6994
:103B00001B0A03F00F030F49CB5C03F01F0322FADB
:103B100003F37B600A4B9B6903F00F03094AD35CF4
:103B200003F01F037A6822FA03F3074A1360074A77
:103B30007B681360044B1B6818460837BD4680BD80
:103B40000044025894A5000804000024000000244A
:103B500080B500AFFFF7CCFF0246064BDB691B09BF
:103B600003F007030449CB5C03F01F0322FA03F3BD
:103B7000184680BD0044025894A5000880B500AFE7
:103B8000FFF7B6FF0246064BDB691B0A03F007038B
:103B90000449CB5C03F01F0322FA03F3184680BDEF
:103BA0000044025894A500082DE9B04FCAB000AFF8
:103BB000C7F81401002387F82731002387F826313E
:103BC000D7F81431D3E9002302F00064002554EA49
:103BD000050349D0D7F814319B6EB3F5401F2FD0A1
:103BE000B3F5401F28D8B3F5001F1AD0B3F5001F56
:103BF00022D8002B03D0B3F5801F07D01CE0B84BB0
:103C0000DB6AB74A43F40033D3621AE0D7F81431C1
:103C100008330221184601F08FFC034687F827314C
:103C20000FE0D7F8143128330221184601F036FD91
:103C3000034687F8273104E0012387F8273100E0A5
:103C400000BF97F82731002B0AD1A54B1B6D23F439
:103C50004011D7F814319B6EA14A0B43136503E062
:103C600097F8273187F82631D7F81431D3E90023A4
:103C700002F480784FF0000958EA090347D0D7F8DA
:103C800014319B6D042B2AD801A252F823F000BFF7
:103C9000A53C0008B33C0008C93C0008E73C00080C
:103CA000E73C00088E4BDB6A8D4A43F40033D36255
:103CB0001AE0D7F8143108330021184601F03CFC13
:103CC000034687F827310FE0D7F814312833002155
:103CD000184601F0E3FC034687F8273104E001238E
:103CE00087F8273100E000BF97F82731002B0AD171
:103CF0007B4B1B6D23F00701D7F814319B6D784A7D
:103D00000B43136503E097F8273187F82631D7F87E
:103D10001431D3E9002302F4007A4FF0000B5AEA81
:103D20000B034CD0D7F81431DB6DB3F5807F30D066
:103D3000B3F5807F29D8C02B2DD0C02B25D8802B60
:103D400018D0802B21D8002B02D0402B07D01CE0AC
:103D5000634BDB6A624A43F40033D3621CE0D7F85A
:103D6000143108330021184601F0E6FB034687F8BA
:103D7000273111E0D7F8143128330021184601F01B
:103D80008DFC034687F8273106E0012387F82731A9
:103D900002E000BF00E000BF97F82731002B0AD1F6
:103DA0004F4B1B6D23F4E071D7F81431DB6D4C4A97
:103DB0000B43136503E097F8273187F82631D7F8CE
:103DC0001431D3E9002302F48063C7F808310023DB
:103DD000C7F80C31D7E942120B46134353D0D7F83A
:103DE0001431D3F8A830B3F5000F35D0B3F5000F78
:103DF0002ED8B3F5C00F31D0B3F5C00F28D8B3F526
:103E0000800F1AD0B3F5800F22D8002B03D0B3F562
:103E1000001F07D01CE0324BDB6A314A43F4003309
:103E2000D3621CE0D7F8143108330021184601F0A2
:103E300083FB034687F8273111E0D7F81431283384
:103E40000021184601F02AFC034687F8273106E0D6
:103E5000012387F8273102E000BF00E000BF97F898
:103E60002731002B0BD11E4B9B6D23F46001D7F83B
:103E70001431D3F8A8301A4A0B43936503E097F83E
:103E8000273187F82631D7F81431D3E9002302F41B
:103E90000063C7F800310023C7F80431D7E94012A6
:103EA0000B46134356D0D7F81431D3F8AC30B3F1E6
:103EB000806F38D0B3F1806F31D8B3F1407F34D008
:103EC000B3F1407F2BD8B3F1007F1DD0B3F1007F59
:103ED00025D8002B06D0B3F1807F0AD01FE000BFA9
:103EE00000440258A24BDB6AA14A43F40033D36278
:103EF0001CE0D7F8143108330021184601F01CFBF0
:103F0000034687F8273111E0D7F814312833002110
:103F1000184601F0C3FB034687F8273106E001236A
:103F200087F8273102E000BF00E000BF97F8273193
:103F3000002B0BD18E4B9B6D23F0E061D7F8143131
:103F4000D3F8AC308A4A0B43936503E097F82731E6
:103F500087F82631D7F81431D3E9002302F0007333
:103F6000C7F8F8300023C7F8FC30D7E93E120B46FB
:103F700013433AD0D7F81431DB6C302B1FD0302BE1
:103F800019D8202B0CD0202B15D8002B19D0102B92
:103F900011D1774BDB6A764A43F40033D36211E0E8
:103FA000D7F8143108330221184601F0C5FA034648
:103FB00087F8273106E0012387F8273102E000BFA8
:103FC00000E000BF97F82731002B0AD1684BDB6C6B
:103FD00023F03001D7F81431DB6C654A0B43D3640E
:103FE00003E097F8273187F82631D7F81431D3E961
:103FF000002302F48053C7F8F0300023C7F8F430F0
:10400000D7E93C120B46134351D0D7F814311B6E3D
:10401000B3F5804F35D0B3F5804F2ED8B3F5405F60
:1040200031D0B3F5405F28D8B3F5005F1AD0B3F5AF
:10403000005F22D8002B03D0B3F5805F07D01CE0CF
:104040004B4BDB6A4A4A43F40033D3621CE0D7F897
:10405000143108330021184601F06EFA034687F840
:10406000273111E0D7F8143128330021184601F028
:1040700015FB034687F8273106E0012387F827312F
:1040800002E000BF00E000BF97F82731002B0AD103
:10409000374B1B6D23F4E041D7F814311B6E344AC3
:1040A0000B43136503E097F8273187F82631D7F8DB
:1040B0001431D3E9002302F40053C7F8E830002399
:1040C000C7F8EC30D7E93A120B46134356D0D7F86D
:1040D00014315B6EB3F5A02F33D0B3F5A02F2CD8DD
:1040E000B3F5802F2FD0B3F5802F26D8B3F5403FFE
:1040F0002BD0B3F5403F20D8B3F5003F12D0B3F535
:10410000003F1AD8002B22D0B3F5803F15D1D7F845
:10411000143108330121184601F00EFA034687F8DE
:10412000273115E0D7F8143128330121184601F062
:10413000B5FA034687F827310AE0012387F82731CB
:1041400006E000BF04E000BF02E000BF00E000BFE7
:1041500097F82731002B0DD1054B1B6D23F4E0217F
:10416000D7F814315B6E024A0B43136506E000BFBB
:104170000044025897F8273187F82631D7F81431D0
:10418000D3E9002302F48043C7F8E0300023C7F8E6
:10419000E430D7E938120B46134355D0D7F8143121
:1041A000D3F8B030B3F1A04F33D0B3F1A04F2CD837
:1041B000B3F1804F2FD0B3F1804F26D8B3F1405FD9
:1041C0002BD0B3F1405F20D8B3F1005F12D0B3F130
:1041D000005F1AD8002B22D0B3F1805F15D1D7F839
:1041E000143108330121184601F0A6F9034687F877
:1041F000273115E0D7F8143128330121184601F092
:104200004DFA034687F827310AE0012387F8273162
:1042100006E000BF04E000BF02E000BF00E000BF16
:1042200097F82731002B0BD1A34B9B6D23F0E04176
:10423000D7F81431D3F8B0309F4A0B43936503E0AD
:1042400097F8273187F82631D7F81431D3E90023BE
:1042500002F40043C7F8D8300023C7F8DC30D7E9B0
:1042600036120B46134337D0D7F814311B6FB3F116
:10427000005F0ED0B3F1005F16D8002B18D0B3F159
:10428000805F11D18C4BDB6A8B4A43F40033D362DD
:104290000FE0D7F8143108330121184601F04CF92A
:1042A000034687F8273104E0012387F8273100E02F
:1042B00000BF97F82731002B0AD17F4B1B6D23F0ED
:1042C0004051D7F814311B6F7B4A0B43136503E051
:1042D00097F8273187F82631D7F81431D3E900232E
:1042E00002F08073C7F8D0300023C7F8D430D7E984
:1042F00034120B46134339D0D7F814319B6C032B7F
:104300001CD801A252F823F04543000819430008C5
:104310002743000845430008674BDB6A664A43F4BD
:104320000033D3620FE0D7F8143108330221184666
:1043300001F002F9034687F8273104E0012387F8EA
:10434000273100E000BF97F82731002B0AD15A4BE4
:10435000DB6C23F00301D7F814319B6C564A0B43F6
:10436000D36403E097F8273187F82631D7F8143162
:10437000D3E9002302F48003C7F8C8300023C7F84C
:10438000CC30D7E932120B46134300F09F804B4BE1
:104390001B684A4A43F480731360FEF769F8C7F854
:1043A00020010BE0FEF764F80246D7F82031D31A5B
:1043B000642B03D9032387F8273105E03F4B1B68A3
:1043C00003F48073002BEDD097F82731002B79D1BF
:1043D000394B1A6FD7F81431D3F8B430534003F483
:1043E0004073002B15D0344B1B6F23F44073C7F878
:1043F0001C31314B1B6F304A43F4803313672E4B13
:104400001B6F2D4A23F4803313672B4AD7F81C31D6
:104410001367D7F81431D3F8B430B3F5807F18D1CF
:10442000FEF726F8C7F820010DE0FEF721F8024656
:10443000D7F82031D21A41F288339A4203D90323A4
:1044400087F8273105E01C4B1B6F03F00203002B9C
:10445000EBD097F82731002B29D1D7F81431D3F8B6
:10446000B43003F44073B3F5407F0ED1124B1B6997
:1044700023F47C51D7F81431D3F8B4301A09104B17
:1044800013400D4A0B43136105E00B4B1B690A4AAD
:1044900023F47C531361084B196FD7F81431D3F808
:1044A000B430C3F30B03044A0B4313670EE097F8D1
:1044B000273187F8263109E00044025800480258A5
:1044C000CFFFFF0097F8273187F82631D7F814314E
:1044D000D3E9002302F00103C7F8C0300023C7F876
:1044E000C430D7E930120B46134300F08980D7F867
:1044F0001431DB6F282B6BD801A252F823F000BFD8
:10450000D9450008D1450008D1450008D14500082B
:10451000D1450008D1450008D1450008D145000823
:10452000A5450008D1450008D1450008D14500083F
:10453000D1450008D1450008D1450008D145000803
:10454000BB450008D1450008D1450008D145000809
:10455000D1450008D1450008D1450008D1450008E3
:10456000D9450008D1450008D1450008D1450008CB
:10457000D1450008D1450008D1450008D1450008C3
:10458000D9450008D1450008D1450008D1450008AB
:10459000D1450008D1450008D1450008D1450008A3
:1045A000D9450008D7F8143108330121184600F026
:1045B000C3FF034687F827310FE0D7F814312833BB
:1045C0000121184601F06AF8034687F8273104E014
:1045D000012387F8273100E000BF97F82731002B2F
:1045E0000AD1BF4B5B6D23F03801D7F81431DB6F74
:1045F000BB4A0B43536503E097F8273187F8263110
:10460000D7F81431D3E9002302F00203C7F8B83019
:104610000023C7F8BC30D7E92E120B46134341D014
:10462000D7F814319B6F052B24D801A252F823F040
:104630007D460008494600085F4600087D460008A0
:104640007D4600087D460008D7F814310833012163
:10465000184600F071FF034687F827310FE0D7F8BE
:10466000143128330121184601F018F8034687F861
:10467000273104E0012387F8273100E000BF97F8D5
:104680002731002B0AD1964B5B6D23F00701D7F839
:1046900014319B6F924A0B43536503E097F827311F
:1046A00087F82631D7F81431D3E9002302F0040348
:1046B000C7F8B0300023C7F8B430D7E92C120B4646
:1046C000134344D0D7F81431D3F89430052B25D8B0
:1046D00001A252F823F000BF25470008F146000868
:1046E0000747000825470008254700082547000818
:1046F000D7F8143108330121184600F01DFF034696
:1047000087F827310FE0D7F81431283301211846F4
:1047100000F0C4FF034687F8273104E0012387F83F
:10472000273100E000BF97F82731002B0BD16C4BED
:104730009B6D23F00701D7F81431D3F89430684A01
:104740000B43936503E097F8273187F82631D7F8B4
:104750001431D3E9002302F02003C7F8A830002366
:10476000C7F8AC30D7E92A120B46134355D0D7F817
:104770001431D3F89030B3F1A04F33D0B3F1A04F40
:104780002CD8B3F1804F2FD0B3F1804F26D8B3F19E
:10479000405F2BD0B3F1405F20D8B3F1005F12D05F
:1047A000B3F1005F1AD8002B22D0B3F1805F15D18E
:1047B000D7F8143108330021184600F0BDFE034637
:1047C00087F8273115E0D7F814312833022118462D
:1047D00000F064FF034687F827310AE0012387F8D9
:1047E000273106E000BF04E000BF02E000BF00E0A8
:1047F00000BF97F82731002B0BD1394B5B6D23F0AD
:10480000E041D7F81431D3F89030354A0B43536563
:1048100003E097F8273187F82631D7F81431D3E928
:10482000002302F04003C7F8A0300023C7F8A430EB
:10483000D7E928120B46134358D0D7F81431D3F8D0
:104840009C30B3F5A05F33D0B3F5A05F2CD8B3F59F
:10485000805F2FD0B3F5805F26D8B3F5406F2BD0A3
:10486000B3F5406F20D8B3F5006F12D0B3F5006FE9
:104870001AD8002B22D0B3F5806F15D1D7F8143198
:1048800008330021184600F057FE034687F8273109
:1048900015E0D7F8143128330221184600F0FEFE47
:1048A000034687F827310AE0012387F8273106E01D
:1048B00000BF04E000BF02E000BF00E000BF97F8C7
:1048C0002731002B0ED1064B9B6D23F4E051D7F816
:1048D0001431D3F89C30024A0B43936506E000BFC5
:1048E0000044025897F8273187F82631D7F8143159
:1048F000D3E9002302F08003C7F898300023C7F8FB
:104900009C30D7E926120B46134355D0D7F8143103
:10491000D3F8A030B3F5204F33D0B3F5204F2CD8C7
:10492000B3F5004F2FD0B3F5004F26D8B3F5C04FE5
:104930002BD0B3F5C04F20D8B3F5804F12D0B3F5CC
:10494000804F1AD8002B22D0B3F5005F15D1D7F8CD
:10495000143108330021184600F0EEFD034687F8B5
:10496000273115E0D7F8143128330221184600F01A
:1049700095FE034687F827310AE0012387F827319F
:1049800006E000BF04E000BF02E000BF00E000BF9F
:1049900097F82731002B0BD1A14B9B6D23F460417D
:1049A000D7F81431D3F8A0309D4A0B43936503E048
:1049B00097F8273187F82631D7F81431D3E9002347
:1049C00002F00803C7F890300023C7F89430D7E905
:1049D00024120B4613431ED0D7F81431D3F8843079
:1049E000B3F5805F0CD1D7F8143128330221184673
:1049F00000F054FE0346002B02D0012387F8263135
:104A0000874B5B6D23F44051D7F81431D3F88430D1
:104A1000834A0B435365D7F81431D3E9002302F0DE
:104A20001003C7F888300023C7F88C30D7E922126A
:104A30000B4613431ED0D7F81431D3F89830B3F592
:104A4000807F0CD1D7F8143128330221184600F0AA
:104A500025FE0346002B02D0012387F82631704B38
:104A60009B6D23F44071D7F81431D3F898306C4A19
:104A70000B439365D7F81431D3E9002302F40023E4
:104A8000C7F880300023C7F88430D7E920120B46DE
:104A900013433ED0D7F81431D3F8A430B3F5003F18
:104AA00022D0B3F5003F1BD8002B03D0B3F5803FD5
:104AB0000BD015E0D7F8143108330021184600F068
:104AC0003BFD034687F827310FE0D7F81431283330
:104AD0000221184600F0E2FD034687F8273104E082
:104AE000012387F8273100E000BF97F82731002B1A
:104AF0000BD14B4B9B6D23F44031D7F81431D3F8D5
:104B0000A430474A0B43936503E097F8273187F8B1
:104B10002631D7F81431D3E9002302F48023BB6790
:104B20000023FB67D7E91E120B4613433BD0D7F88F
:104B30001431D3F88830B3F5401F1FD0B3F5401FB0
:104B400018D8B3F5801F03D0B3F5001F07D011E0CC
:104B5000334BDB6A324A43F40033D3620FE0D7F8B9
:104B6000143128330121184600F098FD034687F8D8
:104B7000273104E0012387F8273100E000BF97F8D0
:104B80002731002B0BD1264B5B6D23F44011D7F856
:104B90001431D3F88830224A0B43536503E097F869
:104BA000273187F82631D7F81431D3E9002302F4EE
:104BB00080333B6700237B67D7E91C120B46134306
:104BC00034D0D7F814311B6D002B03D0B3F5803FE0
:104BD00007D011E0124BDB6A114A43F40033D36271
:104BE0000EE0D7F8143108330221184600F0A4FC77
:104BF000034687F8273103E0012387F8273100BFF8
:104C000097F82731002B0DD1054BDB6C23F4803155
:104C1000D7F814311B6D024A0B43D36406E000BF82
:104C20000044025897F8273187F82631D7F8143115
:104C3000D3E9002302F00053BB660023FB66D7E9EB
:104C40001A120B4613430CD0D7F814312833022123
:104C5000184600F023FD0346002B02D0012387F8FD
:104C60002631D7F81431D3E9002302F400333B6630
:104C700000237B66D7E918120B46134338D0D7F8C8
:104C80001431D3F88030B3F5407F18D0B3F5407FAE
:104C900011D8B3F5007F14D0B3F5007F0BD8002BEB
:104CA00011D0B3F5807F06D1C34BDB6AC24A43F40F
:104CB0000033D36208E0012387F8273104E000BF06
:104CC00002E000BF00E000BF97F82731002B0BD1B6
:104CD000B94B5B6D23F44071D7F81431D3F88030B1
:104CE000B54A0B43536503E097F8273187F826311F
:104CF000D7F81431D3E9002302F48013BB650023F5
:104D0000FB65D7E916120B46134309D0AA4B1B6D5E
:104D100023F00041D7F814315B6FA74A0B431365AA
:104D2000D7F81431D3E9002302F080533B65002308
:104D30007B65D7E914120B4613430AD09E4B1B69BF
:104D400023F48041D7F81431D3F8B8309A4A0B4392
:104D50001361D7F81431D3E9002302F40013BB64C4
:104D60000023FB64D7E912120B46134309D0924B80
:104D70001B6D23F08071D7F81431DB6E8E4A0B4324
:104D80001365D7F81431D3E9002302F080433B6464
:104D900000237B64D7E910120B4613430ED0864BD9
:104DA0001B69854A23F400431361834B1969D7F8C3
:104DB0001431D3F8BC30804A0B431361D7F8143157
:104DC000D3E9002302F00043BB630023FB63D7E970
:104DD0000E120B46134309D0774BDB6C23F0405186
:104DE000D7F814315B6D744A0B43D364D7F8143190
:104DF000D3E9002302F400033B6300237B63D7E97C
:104E00000C120B4613430AD06B4B5B6D23F440012D
:104E1000D7F81431D3F88C30674A0B435365D7F871
:104E20001431D3E900230021B96203F00103FB62CE
:104E3000D7E90A120B46134311D0D7F814310833BF
:104E40000021184600F078FB034687F8273197F8D1
:104E50002731002B03D097F8273187F82631D7F870
:104E60001431D3E900230021396203F002037B628D
:104E7000D7E908120B46134311D0D7F81431083381
:104E80000121184600F058FB034687F8273197F8B0
:104E90002731002B03D097F8273187F82631D7F830
:104EA0001431D3E900230021B96103F00403FB614D
:104EB000D7E906120B46134311D0D7F81431083343
:104EC0000221184600F038FB034687F8273197F88F
:104ED0002731002B03D097F8273187F82631D7F8F0
:104EE0001431D3E900230021396103F008037B6109
:104EF000D7E904120B46134311D0D7F814312833E5
:104F00000021184600F0CAFB034687F8273197F8BE
:104F10002731002B03D097F8273187F82631D7F8AF
:104F20001431D3E900230021B96003F01003FB60C2
:104F3000D7E902120B46134311D0D7F814312833A6
:104F40000121184600F0AAFB034687F8273197F89D
:104F50002731002B03D097F8273187F82631D7F86F
:104F60001431D3E900230021396003F020037B6072
:104F7000D7E900120B46134311D0D7F81431283368
:104F80000221184600F08AFB034687F8273197F87C
:104F90002731002B03D097F8273187F8263197F86F
:104FA0002631002B01D1002300E00123184607F52C
:104FB0009477BD46BDE8B08F0044025880B500AF7D
:104FC000FEF796FD0246064B1B6A1B0903F007031A
:104FD0000449CB5C03F01F0322FA03F3184680BD9B
:104FE0000044025894A5000880B489B000AF7860EE
:104FF000A14B9B6A03F00303BB619F4B9B6A1B0B96
:1050000003F03F037B619C4BDB6A1B0903F0010348
:105010003B61994BDB6BDB08C3F30C033A6902FB82
:1050200003F307EE903AF8EE677AC7ED037A7B69EF
:10503000002B00F01181BB69022B00F08380BB695B
:10504000022B00F2A180BB69002B03D0BB69012BAE
:1050500056D099E0884B1B6803F02003002B2DD01D
:10506000854B1B68DB0803F00303844A22FA03F331
:10507000BB60BB6807EE903AF8EE676A7B6907EEA3
:10508000903AF8EE677A86EEA77A7B4B9B6BC3F378
:10509000080307EE903AF8EE676A97ED036ADFEDD2
:1050A000785AC6EE257A76EEA77AF7EE006A77EEA2
:1050B000A67A67EE277AC7ED077A87E07B6907EE65
:1050C000903AF8EE677ADFED6F6A86EEA77A6A4B60
:1050D0009B6BC3F3080307EE903AF8EE676A97ED0F
:1050E000036ADFED675AC6EE257A76EEA77AF7EE09
:1050F000006A77EEA67A67EE277AC7ED077A65E051
:105100007B6907EE903AF8EE677ADFED5F6A86EE2C
:10511000A77A594B9B6BC3F3080307EE903AF8EE5E
:10512000676A97ED036ADFED565AC6EE257A76EE8A
:10513000A77AF7EE006A77EEA67A67EE277AC7EDD0
:10514000077A43E07B6907EE903AF8EE677ADFED85
:105150004F6A86EEA77A484B9B6BC3F3080307EEB2
:10516000903AF8EE676A97ED036ADFED455AC6EEAE
:10517000257A76EEA77AF7EE006A77EEA67A67EEE2
:10518000277AC7ED077A21E07B6907EE903AF8EEBF
:10519000677ADFED3D6A86EEA77A374B9B6BC3F3E8
:1051A000080307EE903AF8EE676A97ED036ADFEDC1
:1051B000345AC6EE257A76EEA77AF7EE006A77EED5
:1051C000A67A67EE277AC7ED077A00BF2A4B9B6B5A
:1051D0005B0A03F07F0307EE903AF8EE677AB7EECA
:1051E000007A37EE877AD7ED076AC6EE877AFCEE4B
:1051F000E77A17EE902A7B681A601F4B9B6B1B0C9B
:1052000003F07F0307EE903AF8EE677AB7EE007A84
:1052100037EE877AD7ED076AC6EE877AFCEEE77A33
:1052200017EE902A7B685A60134B9B6B1B0E03F0A2
:105230007F0307EE903AF8EE677AB7EE007A37EE22
:10524000877AD7ED076AC6EE877AFCEEE77A17EE23
:10525000902A7B689A6008E07B6800221A607B686D
:1052600000225A607B6800229A6000BF2437BD4646
:105270005DF8047B704700BF004402580090D003E3
:10528000000000460024744C0024744A20BCBE4B2D
:1052900080B489B000AF7860A14B9B6A03F0030330
:1052A000BB619F4B9B6A1B0D03F03F037B619C4BD3
:1052B000DB6A1B0A03F001033B61994B5B6CDB0863
:1052C000C3F30C033A6902FB03F307EE903AF8EEDE
:1052D000677AC7ED037A7B69002B00F01181BB6907
:1052E000022B00F08380BB69022B00F2A180BB6916
:1052F000002B03D0BB69012B56D099E0884B1B686B
:1053000003F02003002B2DD0854B1B68DB0803F036
:105310000303844A22FA03F3BB60BB6807EE903AAA
:10532000F8EE676A7B6907EE903AF8EE677A86EEE8
:10533000A77A7B4B1B6CC3F3080307EE903AF8EE99
:10534000676A97ED036ADFED785AC6EE257A76EE46
:10535000A77AF7EE006A77EEA67A67EE277AC7EDAE
:10536000077A87E07B6907EE903AF8EE677ADFED1F
:105370006F6A86EEA77A6A4B1B6CC3F3080307EECD
:10538000903AF8EE676A97ED036ADFED675AC6EE6A
:10539000257A76EEA77AF7EE006A77EEA67A67EEC0
:1053A000277AC7ED077A65E07B6907EE903AF8EE59
:1053B000677ADFED5F6A86EEA77A594B1B6CC3F301
:1053C000080307EE903AF8EE676A97ED036ADFED9F
:1053D000565AC6EE257A76EEA77AF7EE006A77EE91
:1053E000A67A67EE277AC7ED077A43E07B6907EE76
:1053F000903AF8EE677ADFED4F6A86EEA77A484B6F
:105400001B6CC3F3080307EE903AF8EE676A97ED5A
:10541000036ADFED455AC6EE257A76EEA77AF7EEF7
:10542000006A77EEA67A67EE277AC7ED077A21E061
:105430007B6907EE903AF8EE677ADFED3D6A86EE1B
:10544000A77A374B1B6CC3F3080307EE903AF8EECC
:10545000676A97ED036ADFED345AC6EE257A76EE79
:10546000A77AF7EE006A77EEA67A67EE277AC7ED9D
:10547000077A00BF2A4B1B6C5B0A03F07F0307EE21
:10548000903AF8EE677AB7EE007A37EE877AD7ED82
:10549000076AC6EE877AFCEEE77A17EE902A7B68F9
:1054A0001A601F4B1B6C1B0C03F07F0307EE903A36
:1054B000F8EE677AB7EE007A37EE877AD7ED076AAB
:1054C000C6EE877AFCEEE77A17EE902A7B685A6080
:1054D000134B1B6C1B0E03F07F0307EE903AF8EEA4
:1054E000677AB7EE007A37EE877AD7ED076AC6EEAD
:1054F000877AFCEEE77A17EE902A7B689A6008E0DC
:105500007B6800221A607B6800225A607B68002258
:105510009A6000BF2437BD465DF8047B704700BF2A
:10552000004402580090D003000000460024744C50
:105530000024744A20BCBE4B80B584B000AF7860B4
:1055400039600023FB73534B9B6A03F00303032B67
:1055500001D1012399E04F4B1B684E4A23F0806331
:105560001360FCF785FFB86008E0FCF781FF024696
:10557000BB68D31A022B01D9032386E0454B1B6875
:1055800003F00063002BF0D1424B9B6A23F47C3282
:105590007B681B681B033F4913438B627B685B6816
:1055A000013BC3F308027B689B68013B5B029BB233
:1055B0001A437B68DB68013B1B0403F4FE031A43B8
:1055C0007B681B69013B1B0603F0FE433149134313
:1055D0008B63304BDB6A23F0C0027B685B692D492B
:1055E0001343CB622B4BDB6A23F020027B689B6961
:1055F00028491343CB62274BDB6A264A23F010036A
:10560000D362244BDA6B244B13407A68D269D20000
:1056100020491343CB631F4BDB6A1E4A43F0100340
:10562000D3623B68002B06D11A4BDB6A194A43F45C
:105630000023D3620FE03B68012B06D1154BDB6AD8
:10564000144A43F48013D36205E0124BDB6A114A1B
:1056500043F40013D3620F4B1B680E4A43F0806380
:105660001360FCF705FFB86008E0FCF701FF024695
:10567000BB68D31A022B01D9032306E0054B1B6834
:1056800003F00063002BF0D0FB7B18461037BD46BB
:1056900080BD00BF004402580700FFFF80B584B002
:1056A00000AF786039600023FB73534B9B6A03F0B3
:1056B0000303032B01D1012399E04F4B1B684E4A92
:1056C00023F080531360FCF7D3FEB86008E0FCF7CA
:1056D000CFFE0246BB68D31A022B01D9032386E012
:1056E000454B1B6803F00053002BF0D1424B9B6AE3
:1056F00023F07C727B681B681B053F4913438B6258
:105700007B685B68013BC3F308027B689B68013BD5
:105710005B029BB21A437B68DB68013B1B0403F40A
:10572000FE031A437B681B69013B1B0603F0FE4323
:10573000314913430B64304BDB6A23F440627B68CE
:105740005B692D491343CB622B4BDB6A23F4007258
:105750007B689B6928491343CB62274BDB6A264A47
:1057600023F48073D362244B5A6C244B13407A6821
:10577000D269D200204913434B641F4BDB6A1E4A97
:1057800043F48073D3623B68002B06D11A4BDB6A6B
:10579000194A43F48003D3620FE03B68012B06D122
:1057A000154BDB6A144A43F40003D36205E0124B45
:1057B000DB6A114A43F08073D3620F4B1B680E4AB9
:1057C00043F080531360FCF753FEB86008E0FCF729
:1057D0004FFE0246BB68D31A022B01D9032306E011
:1057E000054B1B6803F00053002BF0D0FB7B1846E1
:1057F0001037BD4680BD00BF004402580700FFFFC0
:1058000080B582B000AF78607B68002B01D10123A6
:1058100049E07B6893F83D30DBB2002B06D17B6812
:10582000002283F83C207868FCF7CCFA7B680222DF
:1058300083F83D207B681A687B680433194610465C
:1058400000F08CFB7B68012283F848207B680122F2
:1058500083F83E207B68012283F83F207B68012289
:1058600083F840207B68012283F841207B68012275
:1058700083F842207B68012283F843207B68012261
:1058800083F844207B68012283F845207B6801224D
:1058900083F846207B68012283F847207B68012239
:1058A00083F83D20002318460837BD4680BD000020
:1058B00080B584B000AF786039603B68002B09D1B7
:1058C0007B6893F83E30DBB2012B14BF0123002329
:1058D000DBB23CE03B68042B09D17B6893F83F3096
:1058E000DBB2012B14BF01230023DBB22FE03B68A6
:1058F000082B09D17B6893F84030DBB2012B14BF31
:1059000001230023DBB222E03B680C2B09D17B682A
:1059100093F84130DBB2012B14BF01230023DBB22B
:1059200015E03B68102B09D17B6893F84230DBB25D
:10593000012B14BF01230023DBB208E07B6893F83E
:105940004330DBB2012B14BF01230023DBB2002B59
:1059500001D00123A1E03B68002B04D17B68022227
:1059600083F83E2023E03B68042B04D17B680222AD
:1059700083F83F201BE03B68082B04D17B680222A0
:1059800083F8402013E03B680C2B04D17B68022293
:1059900083F841200BE03B68102B04D17B68022286
:1059A00083F8422003E07B68022283F843207B686F
:1059B0001B6801223968184600F04CFE7B681B68A2
:1059C000384A934213D07B681B68374A93420ED003
:1059D0007B681B68354A934209D07B681B68344A50
:1059E000934204D07B681B68324A934201D1012361
:1059F00000E00023002B07D07B681B685A6C7B6893
:105A00001B6842F400425A647B681B68254A934233
:105A100022D07B681B68B3F1804F1DD07B681B6868
:105A2000254A934218D07B681B68244A934213D0BE
:105A30007B681B68224A93420ED07B681B681A4A17
:105A4000934209D07B681B681E4A934204D07B684E
:105A50001B68164A934215D17B681B689A681A4BDB
:105A60001340FB60FB68062B15D0FB68B3F5803F45
:105A700011D07B681B681A687B681B6842F00102C2
:105A80001A6008E07B681B681A687B681B6842F034
:105A900001021A6000E000BF002318461037BD461F
:105AA00080BD00BF000001400004014000400140F3
:105AB000004401400048014000040040000800404C
:105AC000000C0040001800400700010080B586B0BF
:105AD00000AF786039607B68002B01D101238FE033
:105AE0007B6893F83D30DBB2002B06D17B68002247
:105AF00083F83C207868FCF79FF97B68022283F8E2
:105B00003D207B681B6899687B681A683E4B0B4098
:105B100093607B681A687B6804331946104600F06E
:105B20001DFA7B681B689B687B617B681B689B69AF
:105B30003B617B681B681B6AFB603B681B687A697A
:105B400013437B613A69314B13403B613B689A6870
:105B50003B689B691B0213433A6913433B613A69F3
:105B60002B4B13403B613A692A4B13403B613B6826
:105B7000DA683B68DB691B0213433A6913433B61F4
:105B80003B681B691A013B681B6A1B0313433A6994
:105B900013433B61FB6823F02203FB60FB6823F0A7
:105BA0008803FB603B685A683B685B691B011343D1
:105BB000FA681343FB607B681B687A699A607B68AC
:105BC0001B683A699A617B681B68FA681A627B688D
:105BD000012283F848207B68012283F83E207B68FD
:105BE000012283F83F207B68012283F844207B68F0
:105BF000012283F845207B68012283F83D200023A1
:105C000018461837BD4680BDF8BFFEFFFCFCFFFFFD
:105C1000F3F3FFFF0F0FFFFF80B584B000AF786094
:105C200039607B6893F83E30FB737B6893F83F30B4
:105C3000BB737B6893F844307B737B6893F8453083
:105C40003B733B68002B10D1FB7B012B02D17B7B8C
:105C5000012B01D0012369E07B68022283F83E20FA
:105C60007B68022283F8442031E03B68042B10D18A
:105C7000BB7B012B02D13B7B012B01D0012355E0E3
:105C80007B68022283F83F207B68022283F845204C
:105C90001DE0FB7B012B08D1BB7B012B05D17B7B5E
:105CA000012B02D13B7B012B01D001233EE07B681D
:105CB000022283F83E207B68022283F83F207B6823
:105CC000022283F844207B68022283F845203B6847
:105CD000002B03D03B68042B08D00FE07B681B68C7
:105CE00001220021184600F0B5FC16E07B681B6815
:105CF00001220421184600F0ADFC0EE07B681B6811
:105D000001220021184600F0A5FC7B681B680122D7
:105D10000421184600F09EFC00BF7B681B681A68CF
:105D20007B681B6842F001021A6000231846103796
:105D3000BD4680BD80B586B000AFF860B9607A60BE
:105D40000023FB75FB6893F83C30012B01D1022343
:105D5000FFE0FB68012283F83C207B68142B00F2F3
:105D6000F08001A252F823F0BD5D0008435F0008F7
:105D7000435F0008435F0008FD5D0008435F0008C3
:105D8000435F0008435F00083F5E0008435F000870
:105D9000435F0008435F00087F5E0008435F000820
:105DA000435F0008435F0008C15E0008435F0008CE
:105DB000435F0008435F0008015F0008FB681B6841
:105DC000B968184600F070F9FB681B689A69FB68AF
:105DD0001B6842F008029A61FB681B689A69FB68BD
:105DE0001B6822F004029A61FB681B689969BB6812
:105DF0001A69FB681B680A439A61A5E0FB681B6887
:105E0000B968184600F0E0F9FB681B689A69FB68FE
:105E10001B6842F400629A61FB681B689A69FB6820
:105E20001B6822F480629A61FB681B689969BB68F1
:105E30001B691A02FB681B680A439A6184E0FB68CD
:105E40001B68B968184600F049FAFB681B68DA69F4
:105E5000FB681B6842F00802DA61FB681B68DA69BC
:105E6000FB681B6822F00402DA61FB681B68D969D1
:105E7000BB681A69FB681B680A43DA6164E0FB6867
:105E80001B68B968184600F0B1FAFB681B68DA694C
:105E9000FB681B6842F40062DA61FB681B68DA6920
:105EA000FB681B6822F48062DA61FB681B68D969B1
:105EB000BB681B691A02FB681B680A43DA6143E08E
:105EC000FB681B68B968184600F0FAFAFB681B68A3
:105ED0005A6DFB681B6842F008025A65FB681B6834
:105EE0005A6DFB681B6822F004025A65FB681B6848
:105EF000596DBB681A69FB681B680A435A6523E041
:105F0000FB681B68B968184600F03EFBFB681B681D
:105F10005A6DFB681B6842F400625A65FB681B6897
:105F20005A6DFB681B6822F480625A65FB681B6827
:105F3000596DBB681B691A02FB681B680A435A65E6
:105F400002E00123FB7500BFFB68002283F83C20C0
:105F5000FB7D18461837BD4680BD00BF80B485B0B4
:105F600000AF786039607B681B68FB607B68464ADD
:105F7000934213D07B68B3F1804F0FD07B68434AC4
:105F800093420BD07B68424A934207D07B68414AD8
:105F9000934203D07B68404A934208D1FB6823F0C8
:105FA0007003FB603B685B68FA681343FB607B68C7
:105FB000354A93421FD07B68B3F1804F1BD07B687A
:105FC000324A934217D07B68314A934213D07B68A0
:105FD000304A93420FD07B682F4A93420BD07B68A4
:105FE0002E4A934207D07B682D4A934203D07B68A8
:105FF0002C4A934208D1FB6823F44073FB603B6852
:10600000DB68FA681343FB60FB6823F080023B689F
:106010005B691343FB607B68FA681A603B689A68A7
:106020007B68DA623B681A687B689A627B68164A0A
:1060300093420FD07B68184A93420BD07B68174A73
:10604000934207D07B68164A934203D07B68154A77
:10605000934203D13B681A697B681A637B6801220B
:106060005A617B681B6903F00103012B05D17B6832
:106070001B6923F001027B681A6100BF1437BD461B
:106080005DF8047B704700BF000001400004004041
:1060900000080040000C00400004014000400140A6
:1060A000004401400048014080B487B000AF7860F0
:1060B00039607B681B6A7B617B681B6A23F0010285
:1060C0007B681A627B685B683B617B689B69FB60ED
:1060D000FA68374B1340FB60FB6823F00303FB6057
:1060E0003B681B68FA681343FB607B6923F002037B
:1060F0007B613B689B687A6913437B617B682D4AAF
:1061000093420FD07B682C4A93420BD07B682B4A7A
:10611000934207D07B682A4A934203D07B68294A7E
:1061200093420CD17B6923F008037B613B68DB68F9
:106130007A6913437B617B6923F004037B617B688D
:106140001C4A93420FD07B681B4A93420BD07B685A
:106150001A4A934207D07B68194A934203D07B685E
:10616000184A934211D13B6923F480733B613B6928
:1061700023F400733B613B685B693A6913433B61FD
:106180003B689B693A6913433B617B683A695A6093
:106190007B68FA689A613B685A687B685A637B68D7
:1061A0007A691A6200BF1C37BD465DF8047B7047F0
:1061B0008FFFFEFF0000014000040140004001404D
:1061C000004401400048014080B487B000AF7860CF
:1061D00039607B681B6A7B617B681B6A23F0100255
:1061E0007B681A627B685B683B617B689B69FB60CC
:1061F000FA68344B1340FB60FB6823F44073FB6088
:106200003B681B681B02FA681343FB607B6923F041
:1062100020037B613B689B681B017A6913437B61A8
:106220007B68294A934203D07B68284A93420DD168
:106230007B6923F080037B613B68DB681B017A6923
:1062400013437B617B6923F040037B617B681E4ABB
:1062500093420FD07B681D4A93420BD07B681C4A47
:10626000934207D07B681B4A934203D07B681A4A4B
:10627000934213D13B6923F480633B613B6923F470
:1062800000633B613B685B699B003A6913433B6178
:106290003B689B699B003A6913433B617B683A69A1
:1062A0005A607B68FA689A613B685A687B689A63AF
:1062B0007B687A691A6200BF1C37BD465DF8047BB3
:1062C000704700BFFF8FFFFE000001400004014047
:1062D00000400140004401400048014080B487B0C4
:1062E00000AF786039607B681B6A7B617B681B6AE2
:1062F00023F480727B681A627B685B683B617B6811
:10630000DB69FB60FA68334B1340FB60FB6823F0EA
:106310000303FB603B681B68FA681343FB607B69FF
:1063200023F400737B613B689B681B027A6913430B
:106330007B617B68284A934203D07B68274A93425B
:106340000DD17B6923F400637B613B68DB681B0232
:106350007A6913437B617B6923F480637B617B688B
:106360001D4A93420FD07B681C4A93420BD07B6836
:106370001B4A934207D07B681A4A934203D07B683A
:10638000194A934213D13B6923F480533B613B6923
:1063900023F400533B613B685B691B013A6913437B
:1063A0003B613B689B691B013A6913433B617B6816
:1063B0003A695A607B68FA68DA613B685A687B68B8
:1063C000DA637B687A691A6200BF1C37BD465DF8E4
:1063D000047B70478FFFFEFF000001400004014076
:1063E00000400140004401400048014080B487B0B3
:1063F00000AF786039607B681B6A3B617B681B6A11
:1064000023F480527B681A627B685B687B617B68DF
:10641000DB69FB60FA68244B1340FB60FB6823F4E4
:106420004073FB603B681B681B02FA681343FB6008
:106430003B6923F400533B613B689B681B033A694B
:1064400013433B617B68194A93420FD07B68184A1B
:1064500093420BD07B68174A934207D07B68164A59
:10646000934203D07B68154A934209D17B6923F498
:1064700080437B613B685B699B017A6913437B6165
:106480007B687A695A607B68FA68DA613B685A68A7
:106490007B681A647B683A691A6200BF1C37BD4684
:1064A0005DF8047B704700BFFF8FFFFE00000140D6
:1064B0000004014000400140004401400048014008
:1064C00080B487B000AF786039607B681B6A3B613D
:1064D0007B681B6A23F480327B681A627B685B6886
:1064E0007B617B685B6DFB60FA68214B1340FB604E
:1064F0003B681B68FA681343FB603B6923F4003375
:106500003B613B689B681B043A6913433B617B68B2
:10651000184A93420FD07B68174A93420BD07B688E
:10652000164A934207D07B68154A934203D07B6892
:10653000144A934209D17B6923F480337B613B6821
:106540005B691B027A6913437B617B687A695A60D5
:106550007B68FA685A653B685A687B689A657B680D
:106560003A691A6200BF1C37BD465DF8047B70476C
:106570008FFFFEFF00000140000401400040014089
:10658000004401400048014080B487B000AF78600B
:1065900039607B681B6A3B617B681B6A23F480124D
:1065A0007B681A627B685B687B617B685B6DFB6004
:1065B000FA68224B1340FB603B681B681B02FA68B9
:1065C0001343FB603B6923F400133B613B689B680A
:1065D0001B053A6913433B617B68194A93420FD00C
:1065E0007B68184A93420BD07B68174A934207D0C6
:1065F0007B68164A934203D07B68154A934209D1BF
:106600007B6923F480237B613B685B699B027A6929
:1066100013437B617B687A695A607B68FA685A65C4
:106620003B685A687B68DA657B683A691A6200BF22
:106630001C37BD465DF8047B704700BFFF8FFFFE2F
:1066400000000140000401400040014000440140BE
:106650000048014080B487B000AFF860B9607A604C
:10666000BB6803F01F03012202FA03F37B61FB689E
:106670001A6A7B69DB431A40FB681A62FB681A6A74
:10668000BB6803F01F03796801FA03F31A43FB6840
:106690001A6200BF1C37BD465DF8047B70470000DE
:1066A00080B584B000AF786039603B68002B09D1B9
:1066B0007B6893F84430DBB2012B14BF0123002325
:1066C000DBB222E03B68042B09D17B6893F84530AC
:1066D000DBB2012B14BF01230023DBB215E03B68C2
:1066E000082B09D17B6893F84630DBB2012B14BF2D
:1066F00001230023DBB208E07B6893F84730DBB26C
:10670000012B14BF01230023DBB2002B01D0012396
:1067100073E03B68002B04D17B68022283F844209D
:1067200013E03B68042B04D17B68022283F84520E8
:106730000BE03B68082B04D17B68022283F84620DB
:1067400003E07B68022283F847207B681B680422F1
:106750003968184600F072F97B681B685A6C7B68D0
:106760001B6842F400425A647B681B68254A9342C6
:1067700022D07B681B68B3F1804F1DD07B681B68FB
:10678000214A934218D07B681B68204A934213D059
:106790007B681B681E4A93420ED07B681B681D4AAB
:1067A000934209D07B681B681B4A934204D07B68E4
:1067B0001B681A4A934215D17B681B689A68184B6C
:1067C0001340FB60FB68062B15D0FB68B3F5803FD8
:1067D00011D07B681B681A687B681B6842F0010255
:1067E0001A6008E07B681B681A687B681B6842F0C7
:1067F00001021A6000E000BF002318461037BD46B2
:1068000080BD00BF000001400004004000080040BF
:10681000000C00400004014000180040004001400E
:106820000700010080B485B000AF786039607B68F4
:1068300093F83C30012B01D102236DE07B680122EB
:1068400083F83C207B68022283F83D207B681B682C
:106850005B68FB607B681B689B68BB607B681B6830
:10686000304A934204D07B681B682F4A934208D178
:10687000FB6823F47003FB603B685B68FA681343B2
:10688000FB60FB6823F07003FB603B681B68FA68E1
:106890001343FB607B681B68FA685A607B681B685F
:1068A000204A934222D07B681B68B3F1804F1DD0F1
:1068B0007B681B681D4A934218D07B681B681C4A82
:1068C000934213D07B681B681A4A93420ED07B68B0
:1068D0001B68154A934209D07B681B68164A93428D
:1068E00004D07B681B68154A93420CD1BB6823F027
:1068F0008003BB603B689B68BA681343BB607B68DE
:106900001B68BA689A607B68012283F83D207B6827
:10691000002283F83C20002318461437BD465DF85A
:10692000047B704700000140000401400004004067
:1069300000080040000C00400018004000400140EA
:1069400080B485B000AF786039600023FB607B685D
:1069500093F83C30012B01D1022365E07B680122D2
:1069600083F83C20FB6823F0FF023B68DB6813439D
:10697000FB60FB6823F440723B689B681343FB6039
:10698000FB6823F480623B685B681343FB60FB6831
:1069900023F400623B681B681343FB60FB6823F42D
:1069A00080523B681B691343FB60FB6823F4005271
:1069B0003B685B691343FB60FB6823F480423B68E0
:1069C0009B6A1343FB60FB6823F470223B689B695E
:1069D0001B041343FB607B681B68164A934204D078
:1069E0007B681B68144A934215D1FB6823F470023C
:1069F0003B685B6A1B051343FB60FB6823F08072F6
:106A00003B68DB691343FB60FB6823F000723B6863
:106A10001B6A1343FB607B681B68FA685A647B68D7
:106A2000002283F83C20002318461437BD465DF849
:106A3000047B7047000001400004014080B487B02F
:106A400000AFF860B9607A60BB6803F00F030422FE
:106A500002FA03F37B61FB681A6A7B69DB431A4025
:106A6000FB681A62FB681A6ABB6803F00F03796857
:106A700001FA03F31A43FB681A6200BF1C37BD46D4
:106A80005DF8047B704780B582B000AF78607B68AA
:106A9000002B01D1012342E07B68D3F88830002B22
:106AA00006D17B68002283F884207868FBF7C6FB58
:106AB0007B682422C3F888207B681B681A687B687F
:106AC0001B6822F001021A607B689B6A002B02D0CF
:106AD000786800F01FFE786800F0B4F80346012BD8
:106AE00001D101231BE07B681B685A687B681B6827
:106AF00022F490425A607B681B689A687B681B6826
:106B000022F02A029A607B681B681A687B681B68FF
:106B100042F001021A60786800F09EFE03461846B3
:106B20000837BD4680BD80B58AB002AFF860B96055
:106B30003B601346FB80FB68D3F88830202B7BD169
:106B4000BB68002B02D0FB88002B01D1012374E02D
:106B5000FB680022C3F89020FB682122C3F888203C
:106B6000FBF786FC7861FB68FA88A3F85420FB6881
:106B7000FA88A3F85620FB689B68B3F5805F08D1BC
:106B8000FB681B69002B04D10023FB61BB68BB6160
:106B900003E0BB68FB610023BB6130E03B6800930E
:106BA0007B6900228021F86800F000FF0346002B7B
:106BB00005D0FB682022C3F8882003233DE0FB6951
:106BC000002B0BD1BB691B881A46FB681B68C2F3FC
:106BD00008029A62BB690233BB6107E0FB691A785D
:106BE000FB681B689A62FB690133FB61FB68B3F8C1
:106BF00056309BB2013B9AB2FB68A3F85620FB6863
:106C0000B3F856309BB2002BC8D13B6800937B6928
:106C100000224021F86800F0C9FE0346002B05D091
:106C2000FB682022C3F88820032306E0FB682022AB
:106C3000C3F88820002300E0022318462037BD4611
:106C400080BD00002DE9B04F92B000AF7861002305
:106C500087F842307B699A687B691B691A437B69B4
:106C60005B691A437B69DB6913437B647B691B683F
:106C70001A68BE4B13407A691268796C0B43136033
:106C80007B691B685B6823F440517B69DA687B6928
:106C90001B680A435A607B699B697B647B691B683C
:106CA000B34A934204D07B691B6A7A6C13437B64BA
:106CB0007B691B689A68AF4B13407A691268796CDC
:106CC0000B4393607B691B68DB6A23F00F017B69D0
:106CD0005A6A7B691B680A43DA627B691B68A64AA9
:106CE000934277D1A54B5B6D03F03803282B6DD809
:106CF00001A252F823F000BF9D6D0008CD6D000881
:106D0000CD6D0008CD6D0008CD6D0008CD6D00087B
:106D1000CD6D0008CD6D0008A56D0008CD6D000893
:106D2000CD6D0008CD6D0008CD6D0008CD6D00085B
:106D3000CD6D0008CD6D0008AD6D0008CD6D00086B
:106D4000CD6D0008CD6D0008CD6D0008CD6D00083B
:106D5000CD6D0008CD6D0008B56D0008CD6D000843
:106D6000CD6D0008CD6D0008CD6D0008CD6D00081B
:106D7000CD6D0008CD6D0008BD6D0008CD6D00081B
:106D8000CD6D0008CD6D0008CD6D0008CD6D0008FB
:106D9000CD6D0008CD6D0008C56D0008012387F892
:106DA000433022E2042387F843301EE2082387F8A9
:106DB00043301AE2102387F8433016E2202387F885
:106DC000433012E2402387F843300EE2802387F8F5
:106DD00043300AE27B691B68694A934230D1674BB2
:106DE0005B6D03F00703052B26D801A252F823F0B0
:106DF000096E0008116E0008196E0008216E000867
:106E0000296E0008316E0008002387F84330ECE15A
:106E1000042387F84330E8E1082387F84330E4E1AE
:106E2000102387F84330E0E1202387F84330DCE18A
:106E3000402387F84330D8E1802387F84330D4E1FA
:106E40007B691B684F4A934230D14C4B5B6D03F01A
:106E50000703052B26D801A252F823F0756E00080F
:106E60007D6E0008856E00088D6E0008956E000826
:106E70009D6E0008002387F84330B6E1042387F8AD
:106E80004330B2E1082387F84330AEE1102387F89E
:106E90004330AAE1202387F84330A6E1402387F856
:106EA0004330A2E1802387F843309EE17B691B6871
:106EB000354A934230D1314B5B6D03F00703052B0C
:106EC00026D801A252F823F0E16E0008E96E00080E
:106ED000F16E0008F96E0008016F0008096F0008E4
:106EE000002387F8433080E1042387F843307CE1B6
:106EF000082387F8433078E1102387F8433074E1A2
:106F0000202387F8433070E1402387F843306CE159
:106F1000802387F8433068E17B691B681B4A9342F2
:106F200042D1164B5B6D03F00703052B38D801A245
:106F300052F823F04D6F0008556F00085D6F000890
:106F4000656F0008916F0008996F0008002387F8AB
:106F500043304AE1042387F8433046E1082387F8A9
:106F6000433042E1102387F843303EE1F369FFCF1D
:106F7000000C0058FFF4FF110010014000440258BB
:106F80000044004000480040004C004000500040D9
:106F9000202387F8433028E1402387F8433024E159
:106FA000802387F8433020E17B691B68CB4A9342FA
:106FB00076D1CB4B5B6D03F03803282B6CD801A244
:106FC00052F823F069700008997000089970000861
:106FD000997000089970000899700008997000086D
:106FE0009970000871700008997000089970000885
:106FF000997000089970000899700008997000084D
:10700000997000087970000899700008997000085C
:10701000997000089970000899700008997000082C
:107020009970000881700008997000089970000834
:10703000997000089970000899700008997000080C
:10704000997000088970000899700008997000080C
:1070500099700008997000089970000899700008EC
:107060009970000891700008012387F84330BCE054
:10707000042387F84330B8E0082387F84330B4E0AE
:10708000102387F84330B0E0202387F84330ACE08A
:10709000402387F84330A8E0802387F84330A4E0FA
:1070A0007B691B688F4A934230D18D4B5B6D03F037
:1070B0000703052B26D801A252F823F0D57000084B
:1070C000DD700008E5700008ED700008F57000083C
:1070D000FD700008002387F8433086E0042387F81A
:1070E000433082E0082387F843307EE0102387F89E
:1070F00043307AE0202387F8433076E0402387F856
:10710000433072E0802387F843306EE07B691B6870
:10711000754A934230D1724B5B6D03F00703052B28
:1071200026D801A252F823F04171000849710008E5
:1071300051710008597100086171000869710008F7
:10714000002387F8433050E0042387F843304CE0B5
:10715000082387F8433048E0102387F8433044E0A1
:10716000202387F8433040E0402387F843303CE059
:10717000802387F8433038E07B691B685B4A934281
:1071800030D1574B9B6D03F00703052B26D801A286
:1071900052F823F0AD710008B5710008BD71000808
:1071A000C5710008CD710008D5710008022387F869
:1071B00043301AE0042387F8433016E0082387F8A9
:1071C000433012E0102387F843300EE0202387F885
:1071D00043300AE0402387F8433006E0802387F8F5
:1071E000433002E0802387F843307B691B683F4AC5
:1071F000934240F0F88097F84330202B46DC022B76
:10720000C0F28280023B1E2B7ED801A252F823F0EE
:1072100093720008097300089B7200080973000844
:107220000973000809730008AB72000809730008AD
:10723000097300080973000809730008097300083E
:107240000973000809730008BB720008097300087D
:10725000097300080973000809730008097300081E
:10726000097300080973000809730008097300080E
:1072700009730008097300080973000809730008FE
:107280000973000809730008FB720008402B37D00F
:107290003AE0FDF793FEF8633CE007F1240318465B
:1072A000FDF7A2FEBB6AFB6334E007F11803184642
:1072B000FDF7EEFFFB69FB632CE0094B1B6803F055
:1072C0002003002B16D0064B1B68DB0803F00303DA
:1072D000074A22FA03F3FB631CE000BF00140140DD
:1072E0000044025800780040007C0040000C005828
:1072F0000090D0039D4BFB630CE09D4BFB6309E0CA
:107300004FF40043FB6305E00023FB63012387F890
:10731000423000BFFB6B002B00F0DE817B695B6AB3
:10732000944A32F813301A46FB6BB3FBF2F33B631B
:107330007B695A6813465B0013443A6B9A4205D343
:107340007B695B681B033A6B9A4203D9012387F878
:107350004230C1E1FB6B0022BB60FA607B695B6A73
:10736000844A32F813309BB200223B607A60D7E93E
:107370000023D7E90201F9F70BF802460B46104645
:1073800019464FF000024FF000030B0243EA10636E
:10739000020279694968490800200C46054612EB4B
:1073A000040843EB05097B695B6800229A46934613
:1073B00052465B4640464946F8F7EAFF02460B460E
:1073C0001346BB63BB6BB3F5407F08D3BB6BB3F510
:1073D000801F04D27B691B68BA6BDA607CE10123F1
:1073E00087F8423078E17B69DB69B3F5004F40F004
:1073F000C58097F84330202B48DC002B7BDB202B0B
:1074000079D801A252F823F0937400089B74000805
:10741000F7740008F7740008A3740008F7740008F4
:10742000F7740008F7740008B3740008F7740008D4
:10743000F7740008F7740008F7740008F774000880
:10744000F7740008F7740008C3740008F7740008A4
:10745000F7740008F7740008F7740008F774000860
:10746000F7740008F7740008F7740008F774000850
:10747000F7740008F7740008F7740008F774000840
:10748000F7740008F7740008E9740008402B2ED048
:1074900031E0FCF75DFBF86333E0FCF76FFBF8636A
:1074A0002FE007F124031846FDF79EFDBB6AFB633E
:1074B00027E007F118031846FDF7EAFEFB69FB63B6
:1074C0001FE02D4B1B6803F02003002B09D02A4B33
:1074D0001B68DB0803F00303244A22FA03F3FB636F
:1074E0000FE0224BFB630CE0214BFB6309E04FF400
:1074F0000043FB6305E00023FB63012387F8423070
:1075000000BFFB6B002B00F0E7807B695B6A194AC8
:1075100032F813301A46FB6BB3FBF2F35A007B6967
:107520005B685B081A447B695B68B2FBF3F3BB637F
:10753000BB6B0F2B16D9BB6BB3F5803F12D2BB6B65
:107540009BB223F00F03FB86BB6B5B089BB203F07F
:1075500007039AB2FB8E1343FB867B691B68FA8E86
:10756000DA60B9E0012387F84230B5E00090D0033B
:1075700000093D00A4A500080044025897F84330D4
:10758000202B49DC002B7CDB202B7AD801A252F87F
:1075900023F000BF1F7600082776000883760008D6
:1075A000837600082F76000883760008837600082B
:1075B000837600083F76000883760008837600080B
:1075C00083760008837600088376000883760008B7
:1075D000837600084F7600088376000883760008DB
:1075E0008376000883760008837600088376000897
:1075F0008376000883760008837600088376000887
:107600008376000883760008837600088376000876
:107610008376000875760008402B2ED031E0FCF709
:1076200097FAF86333E0FCF7A9FAF8632FE007F163
:1076300024031846FDF7D8FCBB6AFB6327E007F17B
:1076400018031846FDF724FEFB69FB631FE02D4B72
:107650001B6803F02003002B09D02A4B1B68DB08B2
:1076600003F00303284A22FA03F3FB630FE0264BDF
:10767000FB630CE0254BFB6309E04FF40043FB6325
:1076800005E00023FB63012387F8423000BFFB6B5A
:10769000002B21D07B695B6A1D4A32F813301A46F1
:1076A000FB6BB3FBF2F27B695B685B081A447B6996
:1076B0005B68B2FBF3F3BB63BB6B0F2B09D9BB6BEE
:1076C000B3F5803F05D2BB6B9AB27B691B68DA6069
:1076D00002E0012387F842307B690122A3F86A2087
:1076E0007B690122A3F868207B6900225A677B69C5
:1076F00000229A6797F8423018464837BD46BDE8E1
:10770000B08F00BF004402580090D00300093D0034
:10771000A4A5000880B483B000AF78607B689B6A42
:1077200003F00803002B0AD07B681B685B6823F416
:1077300000417B689A6B7B681B680A435A607B68D0
:107740009B6A03F00103002B0AD07B681B685B680F
:1077500023F400317B68DA6A7B681B680A435A604D
:107760007B689B6A03F00203002B0AD07B681B68CE
:107770005B6823F480317B681A6B7B681B680A4363
:107780005A607B689B6A03F00403002B0AD07B6875
:107790001B685B6823F480217B685A6B7B681B68DD
:1077A0000A435A607B689B6A03F01003002B0AD0DF
:1077B0007B681B689B6823F480517B68DA6B7B686D
:1077C0001B680A439A607B689B6A03F02003002BC6
:1077D0000AD07B681B689B6823F400517B681A6C95
:1077E0007B681B680A439A607B689B6A03F04003CE
:1077F000002B1AD07B681B685B6823F480117B68C0
:107800005A6C7B681B680A435A607B685B6CB3F5F3
:10781000801F0AD17B681B685B6823F4C0017B680A
:107820009A6C7B681B680A435A607B689B6A03F00A
:107830008003002B0AD07B681B685B6823F400215F
:107840007B68DA6C7B681B680A435A6000BF0C37A0
:10785000BD465DF8047B704780B598B002AF786094
:107860007B680022C3F89020FAF702FE78657B68F7
:107870001B681B6803F00803082B2FD16FF07E43B1
:1078800000937B6D00224FF40011786800F08EF8B1
:107890000346002B22D07B681B68BB63BB6B53E89D
:1078A000003F7B637B6B23F080033B657B681B6839
:1078B0001A463B6D7B643A64396C7A6C41E800236C
:1078C000FB63FB6B002BE6D17B682022C3F888208A
:1078D0007B68002283F88420032363E07B681B68B5
:1078E0001B6803F00403042B49D16FF07E4300931F
:1078F0007B6D00224FF48001786800F057F8034652
:10790000002B3CD07B681B687B627B6A53E8003F9E
:107910003B623B6A23F49073FB647B681B681A46E6
:10792000FB6C3B63FA62F96A3A6B41E80023BB6285
:10793000BB6A002BE6D17B681B6808333B613B695F
:1079400053E8003FFB60FB6823F00103BB647B68E6
:107950001B680833BA6CFA61BB61B969FA6941E81E
:1079600000237B617B69002BE5D17B682022C3F873
:107970008C207B68002283F88420032312E07B683C
:107980002022C3F888207B682022C3F88C207B68E3
:107990000022DA667B6800221A677B68002283F87F
:1079A0008420002318465837BD4680BD80B584B07A
:1079B00000AFF860B9603B601346FB714FE0BB69F4
:1079C000B3F1FF3F4BD0FAF753FD02463B68D31AA1
:1079D000BA699A4202D3BB69002B01D103234EE05E
:1079E000FB681B681B6803F00403002B37D0BB68DF
:1079F000802B34D0BB68402B31D0FB681B68DB691F
:107A000003F00803082B10D1FB681B6808221A62D8
:107A1000F86800F039F8FB680822C3F89020FB688A
:107A2000002283F88420012329E0FB681B68DB69BE
:107A300003F40063B3F5006F11D1FB681B684FF4CA
:107A400000621A62F86800F01FF8FB682022C3F891
:107A50009020FB68002283F8842003230FE0FB685A
:107A60001B68DA69BB681340BA689A420CBF0123ED
:107A70000023DBB21A46FB799A42A0D000231846B5
:107A80001037BD4680BD000080B495B000AF78606F
:107A90007B681B687B637B6B53E8003F3B633B6BFE
:107AA00023F49073FB647B681B681A46FB6C3B6491
:107AB000FA63F96B3A6C41E80023BB63BB6B002BA4
:107AC000E6D17B681B6808333B623B6A53E8003FA2
:107AD000FB61FA691E4B1340BB647B681B6808336B
:107AE000BA6CFA62BB62B96AFA6A41E800237B6247
:107AF0007B6A002BE5D17B68DB6E012B18D17B689C
:107B00001B68FB60FB6853E8003FBB60BB6823F069
:107B100010037B647B681B681A467B6CBB617A61CF
:107B20007969BA6941E800233B613B69002BE6D1E2
:107B30007B682022C3F88C207B680022DA667B6891
:107B400000225A6700BF5437BD465DF8047B70477A
:107B5000FEFFFFEF80B485B000AF78607B6893F8DC
:107B60008430012B01D1022327E07B68012283F8B6
:107B700084207B682422C3F888207B681B681B68EC
:107B8000FB607B681B681A687B681B6822F0010237
:107B90001A60FB6823F00053FB607B6800225A6682
:107BA0007B681B68FA681A607B682022C3F888200B
:107BB0007B68002283F88420002318461437BD46D2
:107BC0005DF8047B704780B584B000AF78603960A1
:107BD0007B6893F88430012B01D102232DE07B6870
:107BE000012283F884207B682422C3F888207B68E4
:107BF0001B681B68FB607B681B681A687B681B68D6
:107C000022F001021A607B681B689B6823F06041C8
:107C10007B681B683A680A439A60786800F050F8FD
:107C20007B681B68FA681A607B682022C3F888208A
:107C30007B68002283F88420002318461037BD4655
:107C400080BD80B584B000AF786039607B6893F800
:107C50008430012B01D102232DE07B68012283F8BF
:107C600084207B682422C3F888207B681B681B68FB
:107C7000FB607B681B681A687B681B6822F0010246
:107C80001A607B681B689B6823F060617B681B68D7
:107C90003A680A439A60786800F012F87B681B68BB
:107CA000FA681A607B682022C3F888207B6800226B
:107CB00083F88420002318461037BD4680BD00009D
:107CC00080B485B000AF78607B685B6E002B08D114
:107CD0007B680122A3F86A207B680122A3F8682050
:107CE00031E01023FB731023BB737B681B689B6818
:107CF0005B0EDBB203F007037B737B681B689B683A
:107D00005B0FDBB203F007033B73BB7B3A7B11498C
:107D10008A5C02FB03F33A7B0F498A5C93FBF2F324
:107D20009AB27B68A3F86A20FB7B7A7B09498A5C5C
:107D300002FB03F37A7B08498A5C93FBF2F39AB265
:107D40007B68A3F8682000BF1437BD465DF8047B4C
:107D5000704700BFBCA50008C4A50008F0B52DED14
:107D6000028BB0EE408B85B017460D9D0C9E18EE31
:107D7000902A25F02005002AB6BF2D220022B1EE60
:107D8000408B462D0C461A7004D0452D00D101348D
:107D9000022100E0032103AB019302AB00932246D2
:107DA0003346B0EE480B00F02FFE472D14D1FB07F1
:107DB0000AD50219B5EE408BF1EE10FA08BF039216
:107DC0003021039B934219D3039B0E9A1B1A136015
:107DD00005B0BDEC028BF0BD462D00EB0402E9D1ED
:107DE0000378302B07D1B5EE408BF1EE10FA1CBFB3
:107DF000C4F10104346033681A44DBE75C1C03946B
:107E00001970DEE7F7B50029BABF49422D232B23AD
:107E100009290270437029DD0DF107031D460A2769
:107E20001A46B1FBF7F607FB1614303402F8014C82
:107E30000C46632C03F1FF333146F1DC3031941EE4
:107E400003F8011C411C2346AB420AD30DF1090380
:107E50009B1AAC4288BF002302330344181A03B0B4
:107E6000F0BD13F8016B01F8016FEDE730233031FD
:107E70008370C170031DF1E72DE9F04F8DB00C4602
:107E8000DDF8588016461F46054600F0BDFCD0F8C8
:107E900000B05846F8F774FA00230A93D8F8003077
:107EA00094F8189022680590073323F0070303F134
:107EB0000801C8F8001093ED000B9FED976BB0EE32
:107EC000C07BB4EE467BF1EE10FA84ED120B24DD9C
:107ED000B5EEC00BF1EE10FA02D52D2384F8433035
:107EE0008F49904BB9F1470F94BF8846984622F0CE
:107EF00004020323236122604FF0000A00973346F7
:107F00000BAA2146284600F0D1F9013040F08980C3
:107F10004FF0FF300DB0BDE8F08FB4EE400BF1EE46
:107F200010FA09D710EE903A002BBCBF2D2384F82D
:107F300043307D497D4BD5E76368591C09F0DF0A62
:107F400039D10623636042F48062002322600393E8
:107F50000AABCDE9019309AB009361680DF12303EE
:107F60002846FFF7FBFEBAF1470F0999804629D151
:107F7000C81C02DB6368994241DDA9F102095FFA7E
:107F800089F901394A4604F150000991FFF73AFF97
:107F90000A9A1318012A8246236102DC2268D2075A
:107FA00001D5013323619DF82330002BA6D02D236A
:107FB00084F84330A2E7BAF1470FC4D1002BC2D1F5
:107FC0000123BFE7B9F1650FDBD9B9F1660F18D10D
:107FD000002963680BDD216113B92268D00702D53F
:107FE00001330B442361A1654FF0000ADBE713B9AD
:107FF0002268D20701D50233F4E70123F2E74FF0FC
:1080000067090A9B994205DB23682161D807EAD5F5
:108010004B1CE7E70029D4BFC1F10202012213443F
:10802000E0E723685A0507D42369424631462846CB
:10803000B84701302AD16BE7B9F1650F40F2E08013
:1080400094ED127BB5EE407BF1EE10FA33D1384A55
:10805000012331462846B84701303FF459AFDDE9E6
:108060000938434502DB2368D8070FD5059B5A46DC
:1080700031462846B84701303FF44AAF4FF0000977
:1080800008F1FF3804F11A0AC84509DC23689B0788
:1080900000F10781E0680B9B9842B8BF184639E7AA
:1080A0000123524631462846B84701303FF430AFED
:1080B00009F10109E8E7099B002B3BDC1C4A01237D
:1080C00031462846B84701303FF422AFDDE909398F
:1080D00059EA030302D12368D907D7D5059B5A462D
:1080E00031462846B84701303FF412AF4FF0000A3E
:1080F00004F11A0B099B5B42534501DC4B4694E7A4
:1081000001235A4631462846B84701303FF400AFB4
:108110000AF1010AEEE700BFFFFFFFFFFFFFEF7F5D
:10812000CCA50008D0A50008D4A50008D8A5000853
:10813000DCA50008A36DDDF828A05345A8BF534671
:10814000002B994637DC0023079329EAE97904F1EB
:108150001A02A36D07990693A3EB09038B4231DC46
:10816000099B9A453BDC2368DA0738D4099BAAEBC4
:108170000309069BAAEB03039945A8BF9946B9F1E9
:10818000000F34DC4FF0000829EAE97904F11A0BFA
:10819000099BAAEB0303A3EB090343457FF776AFE3
:1081A00001235A4631462846B84701303FF4B0AE65
:1081B00008F10108ECE7424631462846B84701304D
:1081C000C1D1A5E60123314628460692B8470130C1
:1081D0003FF49EAE079B069A01330793B9E7059BD0
:1081E0005A4631462846B8470130BFD190E6069A34
:1081F0004B46424431462846B8470130C2D187E653
:10820000DDF82890B9F1010F01DCDB0736D5012339
:10821000424631462846B84701303FF479AE059BC7
:108220005A4631462846B84701303FF471AE94EDC6
:10823000127BB5EE407BF1EE10FA09F1FF3918D050
:108240004B4608F1010231462846B84701300CD1AF
:108250005EE601235A4631462846B84701303FF4CE
:1082600057AE08F10108C845F3DB534604F150024C
:10827000DCE64FF0000804F11A0BF4E70123424654
:10828000E1E701234A4631462846B84701303FF42A
:108290003FAE08F10108E3680B995B1A4345F0DC37
:1082A000F8E64FF0000804F11909F4E72DE9F0476A
:1082B000164698468A680B69DDF820909342B8BF4D
:1082C0001346336091F8432007460C460AB1013348
:1082D00033602368990642BF3368023333602568F0
:1082E00015F0060506D104F1190AE36832689B1AF5
:1082F000AB4226DC94F843302268003B18BF0123D0
:1083000092062BD404F1430241463846C847013057
:108310001ED02368226903F00603042B02BFE56820
:108320003368ED1AA3680CBF25EAE5750025934272
:10833000C4BF9B1AED1800261A34B5421AD100208A
:1083400008E00123524641463846C847013003D170
:108350004FF0FF30BDE8F0870135C6E7E1185A1C41
:10836000302081F84300224494F8451082F84310ED
:108370000233C7E70123224641463846C847013049
:10838000E6D00136D9E700002DE9FF470F7E0C9EAD
:10839000782F914680460C469A4601F1430207D851
:1083A000622F0AD8002F00F0D280582F00F0B98039
:1083B00004F1420684F842703AE0A7F16303152BFA
:1083C000F6D801A151F823F0218400083584000873
:1083D000B1830008B1830008B1830008B1830008AD
:1083E00035840008B1830008B1830008B183000818
:1083F000B1830008358500085F840008EF84000819
:10840000B1830008B183000857850008B1830008D4
:108410005F840008B1830008B1830008F784000876
:1084200033681A1D1B68326004F1420684F842303A
:1084300001239DE033682068191D3160060601D5CF
:108440001D6803E04506FBD5B3F90050002D03DAA3
:108450002D236D4284F8433059480A2311E02168E6
:108460003368080653F8045B02D4490648BFADB22E
:108470006F2F5348336014BF0A230823002184F868
:1084800043106668A660002EA2BF216821F0040197
:1084900021600DB9002E4BD01646B5FBF3F103FB5E
:1084A0001157C75D06F8017D2F46BB420D46F4D932
:1084B000082B0BD12368DF0708D52369616899422F
:1084C000DEBF302306F8013C06F1FF36921B226125
:1084D000CDF800A04B4603AA21464046FFF7E6FE32
:1084E00001304AD14FF0FF3004B0BDE8F087236877
:1084F00043F0200323603348782784F845702368CD
:1085000031681F0651F8045B02D45F0648BFADB264
:108510003160D90744BF43F0200323601DB110230D
:10852000ACE72748E9E7236823F020032360F6E758
:108530001646BDE7336825686169181D30602E0650
:108540001B6801D5196002E06806FBD5198000237D
:1085500023611646BCE733681A1D32601E686268E4
:1085600000213046F7F7BCFE08B1801B60606368ED
:108570002361002384F84330AAE723693246494641
:108580004046D0470130ADD023689B0713D4E06844
:10859000039B9842B8BF1846A6E7012332464946D6
:1085A0004046D04701309DD00135E36803995B1AFE
:1085B000AB42F2DCEBE7002504F11906F5E700BF5A
:1085C000DEA50008EFA50008002310B50446C0E9A9
:1085D0000033C0E90433836081814366C2818361D3
:1085E000194608225C3000F006F90D4B63620D4B12
:1085F000A3620D4BE3620D4B23630D4B24629C423F
:1086000006D003F16802944202D0D0339C4205D1D7
:1086100004F15800BDE8104000F06AB910BD00BF79
:108620007187000893870008CB870008EF87000850
:1086300064050024024A0349034800F069B800BFFA
:108640001000002445A100082000002441680C4BC4
:10865000994210B5044601D001F074FDA168094BA0
:10866000994202D0204601F06DFDE168064B994227
:1086700004D02046BDE8104001F064BD10BD00BF2D
:1086800064050024CC0500243406002410B50B4BEF
:108690000B4C0C4A1A60204600220421FFF794FF7D
:1086A00004F1680001220921FFF78EFF04F1D000D8
:1086B0000222BDE810401221FFF786BF9C0600246D
:1086C0006405002435860008014800F012B900BF97
:1086D000A5060024014800F00DB900BFA50600243E
:1086E00010B50446FFF7F0FF236A1BB1BDE8104048
:1086F000FFF7F0BF044B2362044B1B68002BF5D13E
:10870000FFF7C4FFF2E700BF4D8600089C06002477
:108710002DE9F8430746884614460026D4E901951A
:10872000B9F1010905D52468002CF7D13046BDE820
:10873000F883AB89012B07D9B5F90E30013303D08B
:1087400029463846C04706436835E9E70FB407B500
:10875000064904AB086853F8042B8168019301F0C3
:1087600055FB03B05DF804EB04B070471C00002417
:1087700010B50C46B1F90E1000F06CF80028ABBF34
:10878000636DA3891B1823F48053ACBF6365A38179
:1087900010BD2DE9F0411F468B89DB0505460C46CF
:1087A000164605D5B1F90E100223002200F040F85C
:1087B000A389B4F90E1023F48053A38132463B46BB
:1087C0002846BDE8F04100F057B810B50C46B1F9A5
:1087D0000E1000F02DF8431CA38915BF606523F42B
:1087E000805343F48053A38118BFA38110BDB1F916
:1087F0000E1000F00DB802440346934200D17047BA
:1088000003F8011BF9E70000004870475C010024F1
:1088100038B5064D0023044608462B60F8F721FFC3
:10882000431C02D12B6803B1236038BDA00600248D
:1088300038B5074D04460846114600222A601A46FC
:10884000F8F736FF431C02D12B6803B1236038BD13
:10885000A006002438B5074D0446084611460022FC
:108860002A601A46F8F7C4FE431C02D12B6803B1F4
:10887000236038BDA006002438B5074D04460846DD
:10888000114600222A601A46F8F7CFFE431C02D197
:108890002B6803B1236038BDA0060024014B186883
:1088A000704700BF1C00002470B50D4D0D4C641BBB
:1088B000A4100026A64209D10B4D0C4C01F050FE2D
:1088C000641BA4100026A64205D170BD55F8043BD8
:1088D00098470136EEE755F8043B98470136F2E732
:1088E00048A9000848A9000848A900084CA90008A0
:1088F0007047704770472DE9F74F03690C69A34231
:1089000007467EDB013C01F11408A30000F11405C9
:10891000009305EB8403019358F8243055F8242084
:1089200001339A4208EB8409B2FBF3F62ED34FF0E1
:10893000000AC446AE46D3465CF8043B98B206FB38
:1089400000A0020C1B0C06FB0323DEF8002080B203
:1089500092B2121A5A44DEF800004FEA134A9BB250
:10896000C3EB224303EB104392B242EA0342E145D8
:108970004EF8042B4FEA234BDED2009BEB582BB969
:10898000019B043B9D421A462FD33C61384601F0BF
:108990000BF9002825DB2946002058F8042BD1F8D4
:1089A00000C01FFA82FE1FFA8CF3A3EB0E030344F0
:1089B000120CC2EB234202EB1C429BB243EA02437D
:1089C000C14541F8043B4FEA2240E6D255F8242045
:1089D00005EB840322B9043B9D421A460BD33C614C
:1089E0000136304603B0BDE8F08F1268043B002A20
:1089F000CBD1013CC6E71268043B002AEFD1013C11
:108A0000EAE70020EEE700002DE9F04F2DED028BA4
:108A1000C76991B08DED020B55EC104B1C9E079170
:108A2000814609920D937FB9102000F08DFD02461A
:108A3000C9F81C0020B9A04BEF21A04801F05CFC54
:108A4000C0E901770760C760D9F81C30196859B1CF
:108A50005A684A60012393408B60484600F06AFEE2
:108A6000D9F81C3000221A602B1EBBBF23F0004334
:108A7000039300230122ACBF33603260904B039E0E
:108A8000B34310D10D9A42F20F731360C6F3130370
:108A9000234300F0DE841D9B8A4F002B00F0E0840E
:108AA000FB1C00F0DBBC9DED028BB5EE408BF1EEC4
:108AB00010FA0AD10D9A012313601D9B13B11D9A60
:108AC000814B1360814F00F0CBBC0EAA0FA9484622
:108AD000B0EE480B01F018F9C6F30A530E9A019054
:108AE000002B45D0B0EE487B18EE901AC1F313016D
:108AF00041F07F5141F44011A3F2FF33002507EE0E
:108B0000901AB7EE086B9FED665B37EE467B9FEDE4
:108B1000666BA7EE056B9FED665B07EE903AB8EECD
:108B2000E74BB0EE467BA4EE057BFDEEC76BB5EEE2
:108B3000C07BF1EE10FA16EE908A08D5B8EEE66B1F
:108B4000B4EE476BF1EE10FA18BF08F1FF38B8F138
:108B5000160F2BD85E4901EBC80191ED007BB4EEF6
:108B6000C78BF1EE10FA01D508F1FF3800211EE0A5
:108B70000F9B134403F232412029C1BFC1F14001D0
:108B80008E4003F2124124FA01F1D6BFC1F1200157
:108B9000314304FA01F107EE901AB8EE677B013B0E
:108BA00017EE901A0125A1F1F871A8E70121D21A58
:108BB000531E069345BFC2F1010305930023002312
:108BC0004CBF06930593B8F1000F0C9118DB069B80
:108BD000CDF82880434406930023079A092A49D8F0
:108BE000052AC4BF043A0792079AA2F10202CCBF39
:108BF00000240124032A48D8DFE802F00B2E2C3A87
:108C0000059B0022A3EB080305930A92C8F1000319
:108C1000E3E700220892099A002A39DC4FF0010BA1
:108C2000DA465A46CDF824B0D9F81C700021042049
:108C300000F11406964230D979604846049300F05A
:108C400039FD049B0746002846D1224B024640F2DC
:108C5000AF11F2E60122DDE700220892099A08EB43
:108C6000020B0BF1010A5246012AB8BF0122DBE7D1
:108C70000122F2E701240022CDE907244FF0FF3B57
:108C80000021DA4612220991CEE701220892F5E787
:108C9000DDF824B0DA465A46C6E701314000C7E79E
:108CA00061436F63A787D23FB3C8608B288AC63FF2
:108CB000FB799F501344D33F0DA6000824A600085B
:108CC0000000F07F09A60008DDA50008DCA500086B
:108CD00020A700087CA60008D9F81C20BAF10E0FC6
:108CE00010606FD8002C6DD0B8F1000F40F3C28037
:108CF000CA4A08F00F0102EBC10218F4807F92ED1E
:108D0000007B4FEA281100F0A980C54A92ED086B5C
:108D100088EE066B8DED026B01F00F010322C04857
:108D2000002940F09D809DED026B86EE077B8DED66
:108D3000027B0C999DED027B002900F0C180B7EE0B
:108D4000006BB4EEC67BF1EE10FA40F1B980BAF1D7
:108D5000000F00F0B580BBF1000F31DDB2EE046B07
:108D600027EE067B8DED027B08F1FF310491013285
:108D70005C469DED026BB1EE0C5B07EE902AB8EEFF
:108D8000E77BA7EE065B15EE902A51EC150BA2F1DE
:108D90005071002C40F09880B1EE047B36EE476BAA
:108DA00041EC170BB4EEC76BF1EE10FA00F36182E1
:108DB000B1EE477BB4EEC76BF1EE10FA00F1F5802F
:108DC0008DED028B0F9A002AC0F22C81B8F10E0FA4
:108DD00000F32881914B03EBC80393ED006B099BD3
:108DE000002B03DABAF1000F40F3D280B2EE044B4D
:108DF0009DED027B3E4687EE065BBDEEC55B15EE44
:108E0000103A303306F8013BF31B9A45B8EEC53BE8
:108E1000A3EE467B40F0F88037EE077BB4EEC67BCE
:108E2000F1EE10FA00F3DD80B4EE467BF1EE10FABD
:108E300004D115EE103ADB0700F1D38001994846C2
:108E400000F078FC00230D9A337008F101031360E1
:108E50001D9B002B00F004831E6001E302225EE7ED
:108E6000CC0704D590ED006B013227EE067B49104C
:108E7000083055E722D0C8F10001684A01F00F0020
:108E800002EBC00292ED007B28EE077B8DED027BAA
:108E9000634809110024022229B9002C3FF449AF8C
:108EA0008DED027B45E7CE0705D590ED006B0132D5
:108EB000012427EE067B49100830EDE7022238E74F
:108EC000CDF81080544654E7544A02EBC40212ED28
:108ED000024B089A41EC170B3C444AB3B6EE003BF8
:108EE000B7EE002B3E4683EE045BB2EE043B35EE5C
:108EF000477BFDEEC64B14EE902AB8EEE45B3032B1
:108F000036EE456BB4EEC76BF1EE10FA06F8012BA6
:108F100038D432EE465BB4EEC75BF1EE10FA62D4A1
:108F2000A6423FF44DAF27EE037B26EE036BE0E74E
:108F300021463E4627EE047BB2EE043BFDEEC64BD7
:108F400014EE902A303206F8012BA642B8EEE45B0C
:108F500036EE456B19D1B6EE005B37EE054BB4EE3D
:108F6000C46BF1EE10FA3EDC35EE475BB4EEC56B38
:108F7000F1EE10FA7FF524AF0E46013916F8013CE8
:108F8000302BF9D0DDF8108058E726EE036BD5E7DB
:108F90000BD1B1EE047B26EE076B9DED027BB4EEA8
:108FA000C76BF1EE10FAC0F2618100242546099BDF
:108FB000DB4304933E464FF000082146484600F04C
:108FC000B9FB002DDED0B8F1000F05D0A84503D0C5
:108FD0004146484600F0AEFB2946484600F0AAFB51
:108FE000D0E7CDF8108033461E4613F8012D392AFC
:108FF00006D19F42F8D1049A0132049230223A708D
:109000001A7801321A70BDE727EE047BB5EE407B7B
:10901000F1EE10FA7FF4EFAE10E700BF20A70008D2
:10902000F8A600080899002900F0E38007990129B3
:1090300000F3C880002D00F0C18002F23342059E8B
:109040001C460493059B13440593069B012113447E
:109050004846069300F022FC049B054666B1069A3A
:10906000002A09DDB2420599A8BF3246891A059146
:109070000699B61A8A1A0692FBB1089A002A00F0DD
:10908000BC809CB12946224648460B9300F0C6FCA2
:10909000019A01460546484600F016FC01990490E5
:1090A000484600F047FB049A0B9B01921A1B04D020
:1090B0000199484600F0B2FC01900121484600F0B9
:1090C000EDFB0A9B0446002B00F0D0811A460146B6
:1090D000484600F0A3FC079B012B044600F3958053
:1090E000029B002B40F08B80039BC3F31302002AEA
:1090F00040F0878023F00042120D1205002A00F094
:109100008280059B01330593069B0133069301235F
:109110000B930A9B002B00F0AF81226904EB8202C3
:10912000106900F06FFBC0F12000069B184410F09E
:109130001F0076D0C0F12002042A69DD059BC0F132
:109140001C0003440593069B064403440693059BB9
:10915000002B05DD01991A46484600F0B9FC019044
:10916000069B002B05DD21461A46484600F0B0FC60
:1091700004460C9B002B56D00198214600F014FDAC
:10918000002850DA08F1FF330493019900230A22E2
:10919000484600F0F1FA089B0190002B00F06E8128
:1091A000294600230A22484600F0E6FABBF1000FE8
:1091B000054664DC079B022B3EDC60E00E9AC2F1A0
:1091C00036023CE70AF1FF34A342BFBFE21A0A9B12
:1091D0009B180A93AEBF1C1B23460024BAF1000F54
:1091E000B5BF059A059EA2EB0A065246B8BF0022FB
:1091F00027E7059E089D1C4630E71A4658E70023DE
:1092000086E7029B84E70B9283E700230B9384E7B6
:109210009DD0059B1C3213440593069B16441344B2
:1092200094E70246F5E7BAF1000FCDF81080D34677
:1092300021DC079B022B1EDDBBF1000F7FF4B7AED4
:1092400021465B460522484600F096FA0146044650
:10925000019800F0A9FC00287FF7A9AE3E46312313
:1092600006F8013B049B01330493A4E6CDF810807B
:1092700054462546F2E7089B002B00F00381002EA0
:1092800005DD29463246484600F022FC05460B9B88
:10929000002B58D06968484600F00CFA064628B9F9
:1092A000824B024640F2EF21FFF7C7BB2A69023228
:1092B000920005F10C010C3001F010F8012231464A
:1092C000484600F005FC7B1C059307EB0B03099354
:1092D000029B03F00103A84608930546059B0198ED
:1092E000214603F1FF3BFFF706FB4146029000F1E8
:1092F000300A019800F058FC2A460690214648465C
:1093000000F06EFCC2680646FAB90146019800F00A
:109310004BFC0246314648460A9200F00BFA079B86
:109320000A9A059E43EA0201089B19430FD1BAF13C
:10933000390F28D0069B002B02DD029B03F1310A76
:109340008BF800A039E62846BDE70122E2E7069B3C
:10935000002B04DB07990B4308990B4320D1002A0B
:10936000EEDD01990122484600F0B2FB2146019052
:1093700000F01AFC002803DCE2D11AF0010FDFD064
:10938000BAF1390FD9D139238BF8003033461E4654
:10939000013B16F8012C392A53D001321A700CE621
:1093A000002A07DDBAF1390FEDD00AF101038BF87D
:1093B000003002E6059B059A03F801AC099B934235
:1093C00029D0019900230A22484600F0D5F9A84582
:1093D00001904FF000034FF00A024146484607D182
:1093E00000F0CAF980460546059B0133059375E7F1
:1093F00000F0C2F92946804600230A22484600F0C0
:10940000BBF90546F0E7BBF1000FCCBF5E46012675
:109410003E444FF0000801990122484600F058FBF5
:109420002146019000F0C0FB0028AFDC02D11AF009
:10943000010FABD133461E4613F8012D302AFAD066
:10944000BBE59F42A3D1049B0133049331233B70BE
:10945000B3E51D9B164F1BB107F108031D9A13605E
:10946000384611B0BDEC028BBDE8F08F079B012B95
:109470007FF736AE0A9B0B93012056E6BBF1000F37
:109480007FF7D7AE3E4601982146FFF734FA00F148
:10949000300A06F801ABF21B9345B4DD01990023B5
:1094A0000A22484600F068F90190ECE77CA6000823
:1094B00000A6000838B50546002941D051F8043C03
:1094C0000C1F002BB8BFE41800F0E8F81D4A136821
:1094D00033B9636014602846BDE8384000F0E4B852
:1094E000A34208D9206821188B4201BF19685B6824
:1094F00009182160EDE71A465B680BB1A342FAD95F
:1095000011685018A0420BD12068014450188342C2
:109510001160E0D118685B68536008441060DAE7B6
:1095200002D90C232B60D6E7206821188B4204BF98
:1095300019685B68636004BF091821605460CAE75A
:1095400038BD00BFAC060024024B0146186800F08D
:1095500025B800BF1C00002470B50F4E0C463168C2
:10956000054611B900F0AAFE30602146284600F0F9
:10957000A5FE431C03D14FF0FF34204670BDC41C30
:1095800024F00304A042F8D0211A284600F096FEE9
:109590000130F2D1EFE700BFA80600242DE9F8431F
:1095A000CD1C25F0030508350C2D38BF0C25002DEA
:1095B000064601DBA94204D90C2333600020BDE834
:1095C000F883DFF8D48000F069F8D8F800301C4642
:1095D00044BB29463046FFF7BFFF431C044658D121
:1095E000D8F800402746002F43D1002C4BD02368E9
:1095F0003946304604EB030900F060FE814542D154
:1096000021686D1A29463046FFF7A6FF01303AD08F
:1096100023682B442360D8F800305A6862BBC8F82E
:1096200000700FE02268521B20D40B2A17D9611951
:10963000A342256018BF5960636808BFC8F80010CE
:1096400062514B60304600F02FF804F10B00231DEF
:1096500020F00700C21A1CBF1B1AA350AFE76268B4
:10966000A3420CBFC8F800205A60EBE723466468A9
:10967000AEE73C467F68B6E71A465B68A342FBD17B
:1096800000235360DEE70C233360304600F00CF813
:1096900094E70560D6E700BFAC0600240148FFF759
:1096A00028B900BFA40600240148FFF723B900BF72
:1096B000A406002470B5C66904460D4676B910208C
:1096C000FFF742FF0246E06120B9184B18486B21B2
:1096D00000F012FEC0E901660660C660E669F36844
:1096E00083B1E369DB6853F82500B8B9012101FAB9
:1096F00005F6721D9200204600F01CFE60B1C0E924
:1097000001560EE021220421204600F013FEE369F9
:10971000F060DB68002BE4D1002070BD026843F8E4
:1097200025200023C0E90333F7E700BF0DA600089A
:109730008DA6000870B5C66905460C4676B910209E
:10974000FFF702FF0246E86120B9094B09488F2163
:1097500000F0D2FDC0E901660660C6603CB1EB696D
:109760006268DB6853F82210216043F8224070BD24
:109770000DA600088DA600082DE9F0410D690746E9
:109780000C461E4601F1140C0020DCF8003099B2A2
:1097900002FB01611E0C0B0C02FB063389B2013087
:1097A00001EB034185424CF8041B4FEA1346ECDC05
:1097B0000EB3A368AB4219DC616838460131FFF78C
:1097C00079FF804628B902460C4B0D48BA2100F0BB
:1097D00093FD2269023204F10C0192000C3000F07A
:1097E0007DFD21463846FFF7A5FF444604EB85037F
:1097F00001355E6125612046BDE8F0817CA6000848
:109800008DA60008B0F5803F034636BF0304002054
:109810001020B3F1807F3CBF1B020830B3F1805FA2
:109820003CBF1B010430B3F1804F3CBF9B000230B2
:10983000002B05DB13F0804F00F1010008BF202052
:1098400070470368024613F007000BD0D90721D4F4
:10985000980749BF5B089B08012013605CBF136039
:109860000220704799B209B91B0C1020D9B209B96E
:1098700008301B0A190704BF1B090430990704BFED
:109880009B080230D90703D45B0800F1010003D024
:1098900013607047002070472020704710B50C46B9
:1098A0000121FFF707FF024628B9054B054840F2A2
:1098B000451100F021FD01234461036110BD00BF8B
:1098C0007CA600088DA600082DE9F04F14460A6911
:1098D00023699A42A8BF23460F46A4BF0C461F46E1
:1098E000D4F810A0D7F81090A36861680AEB0906B5
:1098F000B34285B0B8BF0131FFF7DCFE30B9024694
:10990000444B45484FF4B17100F0F6FC00F11405EA
:1099100005EB86082B460022434521D307F11401AD
:1099200004F1140202EB8A0201EB89030293131B78
:10993000153B23F00303043304F11507BA4238BF83
:1099400004230193029B03918B420CD8002E03DD6C
:1099500058F8043D002B5BD0066105B0BDE8F08FE0
:1099600043F8042BD8E7B1F800A0BAF1000F24D0D7
:1099700004F1140EA9464FF0000C5EF8047BD9F8F0
:1099800000301FFA87FB9BB20AFB0B334FEA174BE1
:10999000D9F8007063444FEA174C0AFB0BC707EB7A
:1099A00013479BB243EA0743724549F8043B4FEA29
:1099B000174CE2D8019B45F803C0039BB3F8029013
:1099C0000431B9F1000F21D02B6804F1140CAE461C
:1099D0004FF0000ABCF800B0BEF8027009FB0B772C
:1099E00057449BB243EA07434EF8043B5CF8043B00
:1099F0004FEA134ABEF8003009FB0A3303EB174362
:109A000062454FEA134AE5D8019FEB51043599E7C7
:109A1000013E9BE77CA600088DA600082DE9F843CF
:109A2000154612F0030207460E4607D0254C013AB0
:109A3000002354F82220FFF79FFE0646AD103DD0CC
:109A4000FC697CB91020FFF77FFD0246F86128B958
:109A50001D4B1E4840F2B31100F04EFCC0E901441A
:109A60000460C460D7F81C80D8F808404CB940F2B4
:109A700071213846FFF712FF0023C8F8080004469A
:109A800003604FF00009EB070AD5314622463846FD
:109A9000FFF71AFF314680463846FFF74BFE464631
:109AA0006D100BD0206838B9224621463846FFF7A2
:109AB0000BFF2060C0F800900446E4E73046BDE8A4
:109AC000F88300BFE8A600080DA600088DA60008D0
:109AD0002DE9F0470C464968236903EB6218A36837
:109AE000074691464FEA621A08F10106B3420BDBC2
:109AF0003846FFF7DFFD054648B90246284B29489E
:109B00004FF4EF7100F0F8FB01315B00EEE700234A
:109B100000F1140100F110021846534533DB2069AF
:109B20002AEAEA7A04F1140319F01F0901EB8A0109
:109B300003EB800C2BD0C9F1200E8A460022186856
:109B400000FA09F010434AF8040B53F8042B9C4523
:109B500022FA0EF2F3D8ACEB0403153B23F0030317
:109B6000043304F11500844538BF0423CA500AB1F8
:109B700008F10206013E38462E612146FFF7DAFD64
:109B80002846BDE8F08742F8040F0133C5E70439E1
:109B900053F8042B41F8042F9C45F9D8EAE700BF9D
:109BA0007CA600088DA600080A6903460069801A91
:109BB00030B50ED11433143103EB820401EB820172
:109BC00054F8045D51F8042D954203D005D24FF0AE
:109BD000FF3030BDA342F3D3FBE70120F9E70000DB
:109BE0002DE9F74F89460646114648461446FFF7C9
:109BF000DBFF051E12D129463046FFF75BFD02460A
:109C000028B93F4B40F237213E4800F075FB012355
:109C1000C0E90435104603B0BDE8F08FBCBF4B4629
:109C2000A1463046D9F80410BABF1C4601250025CC
:109C3000FFF740FD024618B9314B40F24521E3E7FA
:109C4000D9F810702669C56009F1100309F11405EF
:109C500004F1140E00F1140B05EB87080EEB8606D9
:109C60000193D9464FF0000C019B5EF8040B53F8AA
:109C700004AF01931FFA8AF3194683B2CB1A000C82
:109C80006344C0EB1A4000EB23409BB243EA00431D
:109C9000764549F8043B4FEA204CE5D8331B153B89
:109CA00023F0030315340433A64238BF04231D44B4
:109CB0005B441E462C4644450ED308F10301491B64
:109CC00021F00301033DA84538BF00210B4453F8A0
:109CD000041D91B117619DE754F8041BE646080C7A
:109CE0001CFA81FC714400EB2C4089B241EA00412E
:109CF00046F8041B4FEA204CDDE7013FE7E700BFD1
:109D00007CA600088DA600082DE9F7430F46012127
:109D100059EC108B1646FFF7CDFC044630B90246CD
:109D2000234B244840F20F3100F0E6FAC9F30A55FC
:109D3000C9F313030DB143F480130193B8F1000389
:109D400023D068460093FFF77CFDDDE90012D0B117
:109D5000C0F1200302FA03F30B43C2406361019296
:109D6000019BA361002B0CBF012202222261A5B13D
:109D7000A5F2334505443D60C0F135003060204612
:109D800003B0BDE8F0836161EAE701A8FFF759FD80
:109D9000019B636120300122E8E704EB8203A0F21B
:109DA000324038601869FFF72DFDC0EB4210E5E73F
:109DB0007CA600088DA600089368013B002B10B418
:109DC000936008DA9469A34201DB0A2903D15DF8A4
:109DD000044B00F0DFB91368581C10601970084676
:109DE0005DF8044B7047F8B506460F461446D51883
:109DF000AC4201D1002007E014F8011B3A4630467E
:109E0000FFF7DAFF431CF3D1F8BD00002DE9F04F56
:109E10000D469DB014469846064618B1036A0BB924
:109E2000FEF75EFC6B6ED90705D4AB899A0502D4A8
:109E3000A86DFEF75EFDAB891B0701D52B699BB9A9
:109E40002946304600F0E4F970B16B6EDC0704D5AA
:109E50004FF0FF301DB0BDE8F08FAB899805F7D407
:109E6000A86DFEF747FDF3E70023099320238DF843
:109E70002930CDF80C803023DFF8AC818DF82A3002
:109E80004FF0010923469A4613F8012B0AB1252AFF
:109E9000F9D1BAEB040B0BD05B462246294630467B
:109EA000FFF7A1FF013000F0A780099A5A440992F8
:109EB0009AF80030002B00F09F8000234FF0FF3213
:109EC000CDE905230AF1010A049307938DF8533075
:109ED0001A935446052214F8011B5348F6F700FA6A
:109EE000049AD8B9D10644BF20238DF85330130704
:109EF00044BF2B238DF853309AF800302A2B15D00D
:109F0000079A544600204FF00A0C214611F8013BF5
:109F1000303B092B4BD9B0B1079214E0A0EB0803FA
:109F200009FA03F313430493A246D2E7039B191DD6
:109F30001B680391002BBBBF5B4242F002020793F8
:109F40000793B8BF049223782E2B0AD163782A2B6B
:109F500032D1039B1A1D1B68039243EAE373023458
:109F60000593DFF8D4A0217803225046F6F7B8F91C
:109F700038B1049BA0EB0A00402282401343013415
:109F8000049314F8011B29488DF828100622F6F7CF
:109F9000A7F900283FD0264B1BBB039B073323F0B8
:109FA000070308330393099B3B4409936AE70CFBBF
:109FB00002320C460120A8E700230134059319461C
:109FC0004FF00A0C204610F8012B303A092A03D929
:109FD000002BC6D00591C4E70CFB012104460123E8
:109FE000F0E703AB00932A46124B04A93046FDF775
:109FF00043FF0746781CD6D16B6ED90705D4AB89D1
:10A000009A0502D4A86DFEF775FCAB895B063FF597
:10A010001FAF09981EE703AB00932A46054B04A91E
:10A020003046FEF7B1F9E4E7E8A70008F2A7000818
:10A03000797E0008E79D0008EEA70008B1F90C2022
:10A040002DE9F041160705460C4654D44B68002B09
:10A0500002DC0B6C002B48DDE66A002E45D00023A5
:10A0600012F480522F68216A2B6030D0626DA38970
:10A07000590705D56368D21A636B0BB1236CD21AEA
:10A080000023E66A216A2846B047431CA38906D10B
:10A0900029681D292BD82A4A0A41D60727D400222D
:10A0A0006260D9042269226004D5421C01D12B6868
:10A0B00003B96065616B2F60B9B104F14403994243
:10A0C00002D02846FFF7F6F9002363630DE0012371
:10A0D0002846B0470246501CC9D12B68002BC6D079
:10A0E0001D2B01D0162B1ED12F60002022E043F043
:10A0F00040031BB21BE00F69002FF6D093070E68D8
:10A1000008BF4B690F6018BF0023A6EB07088B60E0
:10A11000B8F1000FE9DD216AA66A43463A462846AF
:10A12000B047002808DCB4F90C3043F04003A381A9
:10A130004FF0FF30BDE8F0810744A8EB0008E7E7E7
:10A14000FEFFBFDF38B50B6905460C4613B9002585
:10A15000284638BD18B1036A0BB9FEF7C1FAB4F945
:10A160000C30002BF3D0626ED00704D4990502D4D2
:10A17000A06DFEF7BEFB28462146FFF75FFF636E2A
:10A18000DA070546E4D4A3899B05E1D4A06DFEF768
:10A19000B1FBDDE7F8B50E461446054618B1036A73
:10A1A0000BB9FEF79DFAA369A360A3891A0701D52D
:10A1B000236943B92146284600F02AF818B14FF028
:10A1C000FF373846F8BD23682269981A6369F6B2EA
:10A1D0008342374605DC21462846FFF7B3FF0028B7
:10A1E000EDD1A368013BA36023685A1C22601E7056
:10A1F0006269431C9A4204D0A389DB07E1D50A2E89
:10A20000DFD121462846FFF79DFF0028D9D0D6E7A9
:10A2100038B5294B054618680C4618B1036A0BB9C6
:10A22000FEF75EFAB4F90C30190722D4DA0607D427
:10A2300009222A6043F04003A3814FF0FF3033E04E
:10A24000580712D5616B41B104F14403994202D021
:10A250002846FFF72FF900236363A38923F0240323
:10A26000A3810023636023692360A38943F008036B
:10A27000A38123694BB9A38903F42073B3F5007F4D
:10A2800003D02146284600F0C1F8B4F90C3013F091
:10A2900001020AD00022A26062695242A2612269D0
:10A2A00042B913F08000C5D138BD990758BF626923
:10A2B000A260F4E70020F7E71C00002438B5064D43
:10A2C0000023044608462B60F7F700FA431C02D12E
:10A2D0002B6803B1236038BDA00600240A449142D4
:10A2E00000F1FF3300D1704710B511F8014B03F8AE
:10A2F000014F9142F9D110BD1FB514461A46094BC2
:10A300001B680546D86854B9074B1C46CDE9013493
:10A3100000912B46054900F041F800F0D5F8044BB8
:10A32000F4E700BF1C0000243EA8000810A80008A5
:10A3300003A8000870B5A1FB02543CB92946FFF7F9
:10A340002DF9064628B90026304670BD0C22026061
:10A35000F9E72A462146FEF74EFAF5E782B001B941
:10A3600001A942B14BB113780B601278101E18BFCF
:10A37000012002B070471046FBE76FF00100F8E7DC
:10A380000346084641B1FF2A04D98A221A604FF0D9
:10A39000FF3070470A700120704700000EB403B50B
:10A3A000014603AB054853F8042B00680193FFF7FF
:10A3B0002DFD02B05DF804EB03B070471C000024D3
:10A3C00070B50C46B1F90E10002996B015461E4620
:10A3D0000DDAA38913F0800F4FF0000114BF402362
:10A3E0004FF48063002031602B6016B070BD6A4668
:10A3F00000F048F80028ECDB019901F47041A1F568
:10A400000053594259414FF48063EBE78B89F7B50C
:10A410009D0706460C4607D504F1470323602361D8
:10A420000123636103B0F0BD01AB6A46FFF7C8FFCB
:10A43000009F054639463046FFF7B0F848B9B4F9F1
:10A440000C309A05EED423F0030343F00203A381FA
:10A45000E2E7A389206043F08003A381019BC4E964
:10A4600004075BB1B4F90E10304600F01DF828B1B6
:10A47000A38923F0030343F00103A381A3891D43B0
:10A48000A581CFE738B5074D00230446084611469D
:10A490002B60F7F7F2F8431C02D12B6803B123605D
:10A4A00038BD00BFA006002438B5064D0023044681
:10A4B00008462B60F7F7F1F8431C02D12B6803B173
:10A4C000236038BDA006002408B5062000F02CF853
:10A4D0000120F7F782F81F2938B505460C4604D944
:10A4E000162303604FF0FF3038BDC26B12B152F833
:10A4F00021304BB9284600F031F822460146284663
:10A50000BDE8384000F018B8012B0AD0591C03D11F
:10A51000162303600120E7E7002142F824102046BB
:10A5200098470020E0E70000024B01461868FFF75B
:10A53000D2BF00BF1C00002438B5074D00230446DD
:10A54000084611462B60F7F738F8431C02D12B68F8
:10A5500003B1236038BD00BFA0060024F7F725B87B
:10A56000F8B500BFF8BC08BC9E467047F8B500BF00
:08A57000F8BC08BC9E467047D0
:10A578006D6F746F722073706565643A25642C2062
:10A5880025642C2025642C2025640A000000000086
:10A59800010203040102030406070809010002007E
:10A5A8000400060008000A000C001000200040000B
:10A5B80080000001010101030701000008040204F2
:10A5C80008010101494E4600696E66004E414E0081
:10A5D8006E616E00300030313233343536373839F9
:10A5E80041424344454600303132333435363738FA
:10A5F8003961626364656600496E66696E6974797B
:10A60800004E614E005245454E54206D616C6C6F92
:10A618006320737563636565646564002F6275699B
:10A628006C642F676E752D746F6F6C732D666F7207
:10A638002D73746D33325F31322E332E72656C3167
:10A648002E32303234303631322D313331352F73AA
:10A6580072632F6E65776C69622F6E65776C6962BD
:10A668002F6C6962632F7374646C69622F64746FF2
:10A67800612E630042616C6C6F6320737563636560
:10A6880065646564002F6275696C642F676E752D4B
:10A69800746F6F6C732D666F722D73746D33325FC8
:10A6A80031322E332E72656C312E323032343036E0
:10A6B80031322D313331352F7372632F6E65776CDC
:10A6C80069622F6E65776C69622F6C6962632F739C
:10A6D80074646C69622F6D707265632E630000008C
:10A6E80005000000190000007D00000000000000C7
:10A6F8000080E03779C34143176E05B5B5B8934676
:10A70800F5F93FE9034F384D321D30F94877825A41
:10A718003CBF737FDD4F1575000000000000F03F5F
:10A728000000000000002440000000000000594024
:10A738000000000000408F40000000000088C34077
:10A7480000000000006AF8400000000080842E41EC
:10A7580000000000D01263410000000084D7974138
:10A768000000000065CDCD41000000205FA002423E
:10A77800000000E876483742000000A2941A6D42B3
:10A78800000040E59C30A2420000901EC4BCD642A6
:10A7980000003426F56B0C430080E03779C3414351
:10A7A80000A0D8855734764300C84E676DC1AB43C7
:10A7B800003D9160E458E143408CB5781DAF1544E5
:10A7C80050EFE2D6E41A4B4492D54D06CFF08044C0
:10A7D800F64AE1C7022DB544B49DD9794378EA44D5
:10A7E800232D302B2000686C4C0065666745464772
:10A7F800004300504F534958002E002C2066756EB8
:10A808006374696F6E3A2000617373657274696F5F
:10A818006E2022257322206661696C65643A206681
:10A82800696C6520222573222C206C696E652025B1
:10A8380064257325730A0000202020202020202072
:10A8480020282828282820202020202020202020D8
:10A8580020202020202020208810101010101010F8
:10A868001010101010101010040404040404040440
:10A8780004041010101010101041414141414101D1
:10A8880001010101010101010101010101010101B0
:10A8980001010110101010101042424242424202BF
:10A8A8000202020202020202020202020202020280
:10A8B800020202101010102000000000000000002A
:10A8C8000000000000000000000000000000000080
:10A8D8000000000000000000000000000000000070
:10A8E8000000000000000000000000000000000060
:10A8F8000000000000000000000000000000000050
:10A90800000000000000000000000000000000003F
:10A91800000000000000000000000000000000002F
:10A92800000000000000000000000000000000001F
:08A93800000000000000000017
:08A94000A059FF7F0100000097
:04A94800C50200083C
:04A94C00A10200085C
:10A950000090D0030090D003100000000100000020
:10A960000000000003000000640500242000002413
:10A970000000000064050024CC05002434060024F7
:10A9800000000000000000000000000000000000C7
:10A9900000000000000000000000000000000000B7
:10A9A00000000000000000000000000000000000A7
:10A9B0000000000000000000000000004300000054
:10A9C0000000000000000000000000000000000087
:10A9D0000000000000000000000000004300000034
:10A9E0000000000000000000000000000000000067
:10A9F0000000000000000000000000004300000014
:10AA00000000000000000000000000000000000046
:10AA100000000000000000000000000043000000F3
:10AA20000000000000000000000000000000000026
:10AA300000000000000000000000000043000000D3
:10AA40000000000000000000000000000000000006
:10AA500000000000000000000000000043000000B3
:10AA600000000000000000000000000000000000E6
:10AA70000000000000000000000000004300000093
:10AA800000000000000000000000000000000000C6
:10AA900000000000000000000000000081A300088A
:10AAA0005DA30008000000003FA8000801A80008FE
:10AAB0003EA800083EA800083EA800083EA80008DE
:10AAC0003EA800083EA800083EA800083EA80008CE
:10AAD0003EA80008FFFFFFFFFFFFFFFFFFFFFFFF94
:10AAE000FFFF0000010041534349490000000000FE
:10AAF0000000000000000000000000000000000056
:10AB000000000000000041534349490000000000DC
:10AB10000000000000000000000000000000000035
:08AB200000000000000000002D
:0400000508002311BB
:00000001FF
